date_string,time_string,player_name,pokemon,trainer_name,trainer_id,location,total_pokemon,real_time_total,real_time_hmmss,real_time_file_label,resets,blackouts,failures,level,game_time,battle_duration,move1,move2,move3,move4,move1pp,move2pp,move3pp,move4pp,move1ppUp,move2ppUp,move3ppUp,move4ppUp,saves,steps,bonks,trainerBattles,wildBattles,battleTurns,playerTurns,enemyTurns,itemsInBag,money,rivalTeam,statusCondition,type1,type2,experience,ROM,Species,Trainer,Start Time,Real Time,Game Time,Level,Resets,RTHours,RTMinutes,RTSeconds,RTMilliseconds,Move 1,Move 2,Move 3,Move 4,Hp,Max HP,Attack,Defense,Sp. Attack,Sp. Defense,Speed,Attack DV,Defense DV,Speed DV,Special DV,StatExp HP,StatExp Attack,StatExp Def,StatExp Sp. Attack,StatExp Sp. Defense,StatExp Speed,Attack Stage,Defense Stage,Sp. Attack Stage,Sp. Defense Stage,Speed Stage,Accuracy Stage,Evasion Stage,Battle Attack,Battle Defense,Battle Sp. Attack,Battle Sp. Defense,Battle Speed,Frame Count,Overworld Frame Count,Battle Frame Count,Menu Frame Count,Intro Frame Count,Save Count,Reload Count,Clock Reset Count,Steps Count,Steps Count Walk,Steps Count Bike,Steps Count Surf,Bonks,Battles,Trainer Battles,Wild Battles,Battles Fled,Failed Runs,Total Damage Dealt,Actual Damage Dealt,Total Damage Taken,Actual Damage Taken,Own Moves Hit,Own Moves Missed,Enemy Moves Hit,Enemy Moves Missed,Own Moves Super Effective,Own Moves Not Very Effective,Enemy Moves Super Effective,Enemy Moves Not Very Effective,Criticals Dealt,OHKOs Dealt,Criticals Taken,OHKOs Taken,Was Confused,Enemy Became Confused,Was Paralyzed,Enemy Was Paralyzed,Was Burned,Enemy Was Burned,Was Frozen,Enemy Was Frozen,Was Poisoned,Enemy Was Poisoned,Was Badly Poisoned,Enemy Was Badly Poisoned,Fell Asleep,Enemy Fell Asleep,Player Turns Confused,Player Turns Confused Hit Self,Player Turns Paralyzed,Player Turns Paralyzed Fully,Enemy Turns Confused,Enemy Turns Confused Hit Self,Enemy Turns Paralyzed,Enemy Turns Paralyzed Fully, Player Turns Asleep, Enemy Turns Asleep,Player HP Healed,Enemy HP Healed,Player Pokemon Fainted,Enemy Pokemon Fainted,Experience Gained,Switchouts,Money Made,Money Spent,Money Lost,Items Picked Up,Items Bought,Items Sold,Balls Thrown,Pokemon Caught In Balls,Moves Learnt,Blackouts,Attempt Number,Failures, Rival's Team
12-11,12:26:55,NINTEN,Weedle,Rival1-Lab,1,Pallet Town - Oak's Lab,1,51.52,51,0h0m51s,0,0,0,6,0:02,12.478,POISON STING,STRING SHOT,,,0,71,2,1,1,7,7,7,0,3000,Jolteon, ,Bug,Poison,222,Weedle1,Weedle,Rival (Lab),00:00:39.05,00:00:51.52,00:02:50.53,6,0,0,0,51,52,POISON STING,STRING SHOT,,,28,40,0,0,0,0,0,0,4,22,11,10,9,9,12,55,55,50,65,65,55,15,15,15,15,0,-3,0,0,0,0,0,11,4,9,9,12,12211,6037,4188,0,1986,0,0,0,71,71,0,0,2,2,1,1,0,0,22,21,18,18,7,1,6,0,0,0,0,0,1,0,0,0,0,0,0,0,0,0,0,0,0,0,0,0,0,0,0,0,0,0,0,0,0,0,0,0,0,0,0,1,97,0,0,0,0,0,0,0,0,0,0,0,1,0,Jolteon
12-11,12:31:33,NINTEN,Weedle,Bug Catcher,1,Viridian Forest,2,5:29.28,5:29,0h5m29s,0,0,0,9,0:21,16.755,POISON STING,STRING SHOT,,,0,924,42,2,23,62,60,51,3,275,Flareon, ,Bug,Poison,813,Weedle1,Weedle,,00:05:12.52,00:05:29.28,00:21:06.15,9,0,0,5,29,28,POISON STING,STRING SHOT,,,29,40,0,0,0,0,0,0,23,29,14,13,11,11,17,740,490,640,395,395,696,15,15,15,15,0,0,0,0,-4,0,0,14,13,11,11,5,77933,34235,41178,534,1986,0,0,0,924,924,0,0,42,25,2,23,8,1,378,336,84,84,54,9,40,0,0,0,0,0,6,0,1,0,0,0,0,0,0,0,0,0,5,0,0,0,0,0,0,0,0,0,0,0,0,0,0,0,0,0,0,16,688,0,0,0,0,0,11,0,0,0,0,0,1,0,Flareon
12-11,12:32:00,NINTEN,Weedle,Bug Catcher,2,Viridian Forest,3,5:56.22,5:56,0h5m56s,0,0,0,10,0:22,21.48,POISON STING,STRING SHOT,,,0,942,43,3,23,73,71,61,3,345,Flareon, ,Bug,Poison,1062,Weedle1,Weedle,,00:05:34.74,00:05:56.22,00:22:52.48,10,0,0,5,56,22,POISON STING,STRING SHOT,,,18,40,0,0,0,0,0,0,25,31,15,14,12,12,18,885,560,785,465,465,801,15,15,15,15,0,0,0,0,-2,0,0,15,14,12,12,9,84326,34711,47095,534,1986,0,0,0,942,942,0,0,43,26,3,23,8,1,450,402,84,84,65,9,42,0,0,0,0,0,6,0,1,0,0,0,0,0,0,0,0,0,5,0,0,0,0,0,0,0,0,0,0,0,0,0,0,0,0,0,0,19,937,0,0,0,0,0,11,0,0,0,0,0,1,0,Flareon
12-11,12:32:44,NINTEN,Weedle,Bug Catcher,15,Viridian Forest,2,6:40.50,6:40,0h6m40s,0,0,0,11,0:25,12.959,POISON STING,STRING SHOT,,,0,985,45,4,26,87,84,71,3,405,Flareon, ,Bug,Poison,1366,Weedle1,Weedle,,00:06:27.54,00:06:40.50,00:25:47.32,11,0,0,6,40,50,POISON STING,STRING SHOT,,,5,40,0,0,0,0,0,0,22,33,16,15,13,13,20,1075,660,965,555,555,951,15,15,15,15,0,0,0,0,-1,0,0,16,15,13,13,13,94810,35990,56300,534,1986,0,0,0,985,985,0,0,45,30,4,26,9,1,570,508,101,101,78,9,49,0,0,0,0,0,8,0,2,0,0,0,0,0,0,0,0,0,6,0,0,0,0,0,0,0,0,0,0,0,0,0,0,0,0,0,0,23,1241,0,0,0,0,1,11,0,0,0,0,0,1,0,Flareon
12-11,12:35:32,NINTEN,Weedle,Bug Catcher,3,Viridian Forest,1,9:28.58,9:28,0h9m28s,0,1,1,12,0:36,6.179,POISON STING,STRING SHOT,,,0,1489,85,6,40,137,134,107,3,242,Flareon, ,Bug,Poison,1944,Weedle1,Weedle,,00:09:22.40,00:09:28.58,00:36:50.45,12,0,0,9,28,58,POISON STING,STRING SHOT,,,16,40,0,0,0,0,0,0,35,36,17,16,14,14,21,1725,1077,1512,865,865,1547,15,15,15,15,0,0,0,0,0,0,0,17,16,14,14,21,134603,47207,84876,534,1986,0,0,0,1489,1489,0,0,85,46,6,40,11,1,897,784,135,135,128,18,73,0,0,0,0,0,11,0,3,0,0,0,0,0,0,0,0,0,9,0,0,0,0,0,0,0,0,0,0,0,0,0,0,0,0,0,1,37,1819,0,0,0,0,2,11,0,0,0,0,1,1,1,Flareon
12-11,13:08:17,NINTEN,Weedle,Jr Trainer M,1,Pewter City - Gym,2,42:13.59,42:13,0h42m13s,0,4,4,23,2:45,21.228,POISON STING,STRING SHOT,,,2,7074,226,9,323,607,601,306,2,85,Flareon, ,Bug,Poison,12695,Weedle1,Weedle,,00:41:52.36,00:42:13.59,02:45:41.42,23,0,0,42,13,59,POISON STING,STRING SHOT,,,26,40,0,0,0,0,0,0,40,64,33,32,26,26,41,13945,9617,13002,7765,7765,13439,15,15,15,15,0,0,0,0,0,0,0,33,32,26,26,41,598460,168096,426662,1716,1986,2,0,0,7074,7074,0,0,226,332,9,323,25,2,8747,6001,602,594,563,61,231,0,0,0,0,0,45,0,20,0,0,0,0,0,0,0,0,0,47,0,0,0,0,0,0,0,0,0,0,0,0,0,0,0,0,0,6,309,12570,0,0,0,0,3,11,0,1,1,0,4,1,4,Flareon
12-11,13:09:32,NINTEN,Weedle,Lass,19,Viridian Forest,2,43:28.62,43:28,0h43m28s,0,4,4,23,2:50,15.045,POISON STING,STRING SHOT,,,2,7320,234,10,331,626,620,315,2,265,Flareon, ,Bug,Poison,13152,Weedle1,Weedle,,00:43:13.58,00:43:28.62,02:50:37.08,23,0,0,43,28,62,POISON STING,STRING SHOT,,,16,40,0,0,0,0,0,0,56,64,33,32,26,26,41,14386,10021,13394,8065,8065,13934,15,15,15,15,-1,-1,0,0,0,0,0,21,21,26,26,41,616186,173649,438835,1716,1986,2,0,0,7320,7320,0,0,234,341,10,331,25,2,9114,6201,610,602,582,62,239,0,0,0,0,0,47,0,20,0,0,0,0,0,0,0,0,0,47,0,0,0,0,0,0,0,0,0,0,0,0,0,0,0,0,0,6,319,13027,0,0,0,0,3,11,0,1,1,0,4,1,4,Flareon
12-11,13:38:40,NINTEN,Weedle,Brock,1,Pewter City - Gym,2,1:12:36.19,1:12:36,1h12m36s,3,4,7,28,4:28,80.179,POISON STING,STRING SHOT,,,4,11419,378,11,585,957,947,395,2,355,Flareon, ,Bug,Poison,22165,Weedle1,Weedle,Brock,01:11:16.02,01:12:36.19,04:28:00.20,28,3,1,12,36,19,POISON STING,STRING SHOT,,,0,0,0,0,0,0,0,0,0,79,41,40,32,32,52,24425,17131,22839,13845,13845,23729,15,15,15,15,0,-4,0,0,0,0,0,41,13,32,32,52,966788,260138,701990,2307,2353,4,2,0,11419,11419,0,0,378,596,11,585,58,2,18449,10488,756,748,902,74,281,0,0,0,0,0,67,0,23,0,0,0,0,0,0,0,0,0,60,0,0,0,0,0,0,0,0,0,0,0,0,0,0,0,0,0,6,542,22040,0,0,0,0,3,11,0,1,1,0,4,1,7,Flareon
12-11,13:41:36,NINTEN,Weedle,Brock,1,Pewter City - Gym,2,1:15:32.55,1:15:32,1h15m32s,5,4,9,28,4:29,74.299,POISON STING,STRING SHOT,,,5,11604,382,11,586,954,947,408,2,355,Flareon, ,Bug,Poison,22442,Weedle1,Weedle,Brock,01:14:18.25,01:15:32.55,04:29:18.22,28,5,1,15,32,55,POISON STING,STRING SHOT,,,0,0,0,0,0,0,0,0,5,79,41,40,32,32,52,24460,17176,22999,13875,13875,23799,15,15,15,15,0,-6,0,0,0,0,0,41,10,32,32,52,971475,263667,702735,2566,2507,5,3,0,11604,11604,0,0,382,597,11,586,59,2,18450,10488,750,742,904,82,284,0,0,0,0,0,69,0,21,0,0,0,0,0,0,0,0,0,57,0,0,0,0,0,0,0,0,0,0,0,0,0,0,0,0,0,6,542,22317,0,0,0,0,3,11,0,1,1,0,4,1,9,Flareon
12-11,13:42:13,NINTEN,Weedle,Bug Catcher,4,Route 3,3,1:16:04.33,1:16:04,1h16m4s,5,4,9,28,4:31,10.381,POISON STING,STRING SHOT,,,5,11715,387,12,586,958,951,409,3,1543,Flareon, ,Bug,Poison,22777,Weedle1,Weedle,,01:15:53.95,01:16:04.33,04:31:23.57,28,5,1,16,4,33,POISON STING,STRING SHOT,,,31,40,0,0,0,0,0,0,79,79,41,40,32,32,52,24590,17271,23099,13935,13935,23939,15,15,15,15,0,0,0,0,-1,0,0,51,40,32,32,34,979010,267750,706187,2566,2507,5,3,0,11715,11715,0,0,387,598,12,586,59,2,18613,10577,750,742,908,82,285,0,0,0,0,0,71,0,21,0,0,0,0,0,0,0,0,0,57,0,0,0,0,0,0,0,0,0,0,0,0,0,0,0,0,0,6,545,22652,0,0,0,0,3,11,0,1,1,0,4,1,9,Flareon
12-11,13:42:25,NINTEN,Weedle,Lass,1,Route 3,2,1:16:16.46,1:16:16,1h16m16s,5,4,9,28,4:32,8.403,POISON STING,STRING SHOT,,,5,11722,392,13,586,962,955,411,3,1643,Flareon, ,Bug,Poison,22987,Weedle1,Weedle,,01:16:08.05,01:16:16.46,04:32:11.41,28,5,1,16,16,46,POISON STING,STRING SHOT,,,27,40,0,0,0,0,0,0,71,79,41,40,32,32,52,24670,17361,23179,14005,14005,24051,15,15,15,15,0,0,0,0,0,0,0,46,40,32,32,52,981874,268127,708674,2566,2507,5,3,0,11722,11722,0,0,392,599,13,586,59,2,18692,10631,758,750,912,82,287,0,0,0,0,0,71,0,22,0,0,0,0,0,0,0,0,0,57,0,0,0,0,0,0,0,0,0,0,0,0,0,0,0,0,0,6,547,22862,0,0,0,0,3,11,0,1,1,0,4,1,9,Flareon
12-11,13:42:40,NINTEN,Weedle,Youngster Ben,1,Route 3,2,1:16:31.46,1:16:31,1h16m31s,5,4,9,28,4:33,10.69,POISON STING,STRING SHOT,,,5,11734,394,14,586,967,960,414,3,1778,Flareon, ,Bug,Poison,23265,Weedle1,Weedle,,01:16:20.77,01:16:31.46,04:33:10.55,28,5,1,16,31,46,POISON STING,STRING SHOT,,,22,40,0,0,0,0,0,0,68,79,41,40,32,32,52,24735,17477,23258,14070,14070,24178,15,15,15,15,0,-2,0,0,0,0,0,57,20,32,32,52,985428,268677,711678,2566,2507,5,3,0,11734,11734,0,0,394,600,14,586,59,2,18762,10690,761,753,917,82,290,0,0,0,0,0,72,0,22,0,0,0,0,0,0,0,0,0,57,0,0,0,0,0,0,0,0,0,0,0,0,0,0,0,0,0,6,549,23140,0,0,0,0,3,11,0,1,1,0,4,1,9,Flareon
12-11,13:42:57,NINTEN,Weedle,Bug Catcher,5,Route 3,4,1:16:48.23,1:16:48,1h16m48s,5,4,9,28,4:34,13.62,POISON STING,STRING SHOT,,,5,11739,394,15,586,973,966,416,3,1943,Flareon, ,Bug,Poison,23740,Weedle1,Weedle,,01:16:34.61,01:16:48.23,04:34:17.00,28,5,1,16,48,23,POISON STING,STRING SHOT,,,16,40,0,0,0,0,0,0,68,79,41,40,32,32,52,24915,17587,23428,14160,14160,24338,15,15,15,15,0,0,0,0,0,0,0,46,40,32,32,52,989393,268915,715405,2566,2507,5,3,0,11739,11739,0,0,394,601,15,586,59,2,18911,10802,761,753,923,83,290,0,0,0,0,0,72,0,22,0,0,0,0,0,0,0,0,0,57,0,0,0,0,0,0,0,0,0,0,0,0,0,0,0,0,0,6,553,23615,0,0,0,0,3,11,0,1,1,0,4,1,9,Flareon
12-11,13:43:09,NINTEN,Weedle,Bug Catcher,6,Route 3,2,1:17:00.26,1:17:00,1h17m0s,5,4,9,28,4:35,7.754,POISON STING,STRING SHOT,,,5,11747,395,16,586,976,969,417,3,2033,Flareon, ,Bug,Poison,24033,Weedle1,Weedle,,01:16:52.50,01:17:00.26,04:35:04.24,28,5,1,17,0,26,POISON STING,STRING SHOT,,,13,40,0,0,0,0,0,0,68,79,41,40,32,32,52,25010,17637,23518,14205,14205,24413,15,15,15,15,0,0,0,0,0,0,0,46,40,32,32,52,992237,269376,717788,2566,2507,5,3,0,11747,11747,0,0,395,602,16,586,59,2,19028,10867,761,753,926,83,290,0,0,0,0,0,73,0,22,0,0,0,0,0,0,0,0,0,57,0,0,0,0,0,0,0,0,0,0,0,0,0,0,0,0,0,6,555,23908,0,0,0,0,3,11,0,1,1,0,4,1,9,Flareon
12-11,13:43:25,NINTEN,Weedle,Lass,2,Route 3,2,1:17:16.31,1:17:16,1h17m16s,5,4,9,28,4:36,13.133,POISON STING,STRING SHOT,,,5,11748,397,17,586,983,976,422,3,2143,Flareon, ,Bug,Poison,24281,Weedle1,Weedle,,01:17:03.18,01:17:16.31,04:36:07.50,28,5,1,17,16,31,POISON STING,STRING SHOT,,,6,40,0,0,0,0,0,0,52,79,41,40,32,32,52,25086,17750,23593,14270,14270,24535,15,15,15,15,0,-1,0,0,0,0,0,51,26,32,32,52,996043,269556,721414,2566,2507,5,3,0,11748,11748,0,0,397,603,17,586,59,2,19105,10924,777,769,932,84,295,0,0,0,0,0,73,0,23,0,0,0,0,0,0,0,0,0,57,0,0,0,0,0,0,0,0,0,0,0,0,0,0,0,0,0,6,557,24156,0,0,0,0,3,11,0,1,1,0,4,1,9,Flareon
12-11,13:44:00,NINTEN,Weedle,Lass,3,Route 3,1,1:17:51.14,1:17:51,1h17m51s,5,4,9,29,4:38,15.837,POISON STING,STRING SHOT,,,5,11902,420,18,586,989,982,428,3,2293,Flareon, ,Bug,Poison,24509,Weedle1,Weedle,,01:17:35.30,01:17:51.14,04:38:25.47,29,5,1,17,51,14,POISON STING,STRING SHOT,,,33,36,0,0,0,0,0,0,67,82,43,42,34,34,54,25201,17795,23613,14295,14295,24555,15,15,15,15,0,0,0,0,0,0,0,48,42,34,34,54,1004320,273594,725653,2566,2507,5,3,0,11902,11902,0,0,420,604,18,586,59,2,19164,10983,792,784,938,84,299,0,0,0,0,0,73,0,23,0,0,0,0,0,0,0,0,0,58,0,0,0,0,0,0,0,0,0,0,0,0,0,0,0,0,0,6,558,24384,0,0,0,0,3,11,0,1,1,0,4,1,9,Flareon
12-11,13:44:25,NINTEN,Weedle,Bug Catcher,7,Mt Moon - 1,2,1:18:16.46,1:18:16,1h18m16s,5,4,9,29,4:40,9.096,POISON STING,STRING SHOT,,,5,12003,431,19,586,993,986,430,3,2503,Flareon, ,Bug,Poison,24796,Weedle1,Weedle,,01:18:07.36,01:18:16.46,04:40:05.37,29,5,1,18,16,46,POISON STING,STRING SHOT,,,31,40,0,0,0,0,0,0,82,82,43,42,34,34,54,25286,17855,23693,14340,14340,24640,15,15,15,15,0,0,0,0,0,0,0,48,42,34,34,54,1010310,276661,728576,2566,2507,5,3,0,12003,12003,0,0,431,605,19,586,59,2,19233,11046,792,784,942,84,299,0,0,0,0,0,74,0,23,0,0,0,0,0,0,0,0,0,58,0,0,0,0,0,0,0,0,0,0,0,0,0,0,0,0,0,6,560,24671,0,0,0,0,3,11,0,1,1,0,4,1,9,Flareon
12-11,13:45:03,NINTEN,Weedle,Lass,6,Mt Moon - 1,1,1:18:54.87,1:18:54,1h18m54s,5,4,9,29,4:42,25.22,POISON STING,STRING SHOT,,,5,12044,431,20,588,1014,993,450,4,2613,Flareon, ,Bug,Poison,25000,Weedle1,Weedle,,01:18:29.66,01:18:54.87,04:42:37.43,29,5,1,18,54,87,POISON STING,STRING SHOT,,,24,40,0,0,0,0,0,0,49,82,43,42,34,34,54,25356,17900,23741,14400,14400,24675,15,15,15,15,-6,0,0,0,0,0,0,11,42,34,34,54,1019436,277949,736414,2566,2507,5,3,0,12044,12044,0,0,431,608,20,588,61,2,19281,11091,825,817,949,86,316,0,0,0,0,0,74,0,24,0,0,0,0,0,0,0,0,0,58,0,0,0,0,0,0,0,0,0,0,0,0,0,11,0,0,0,6,561,24875,0,0,0,0,5,11,0,1,1,0,4,1,9,Flareon
12-11,13:46:05,NINTEN,Weedle,Rocket,2,Mt Moon - 3,3,1:19:56.53,1:19:56,1h19m56s,5,4,9,29,4:46,25.761,POISON STING,STRING SHOT,,,6,12183,450,21,592,1026,1005,460,5,2823,Flareon, ,Bug,Poison,25478,Weedle1,Weedle,,01:19:30.76,01:19:56.53,04:46:40.56,29,5,1,19,56,53,POISON STING,STRING SHOT,,,23,40,0,0,0,0,0,0,52,82,43,42,34,34,54,25476,18076,23896,14495,14495,24842,15,15,15,15,0,-1,0,0,0,-2,0,67,27,34,34,54,1034029,282556,745783,3183,2507,6,3,0,12183,12183,0,0,450,613,21,592,65,2,19412,11189,855,847,958,90,325,0,0,0,0,0,75,0,25,0,0,0,0,0,0,0,0,0,59,0,0,0,0,0,0,0,0,0,0,0,0,0,11,0,0,0,6,564,25353,0,0,0,0,6,11,0,1,1,0,4,1,9,Flareon
12-11,13:46:32,NINTEN,Weedle,Super Nerd,1,Mt Moon - 1,2,1:20:23.05,1:20:23,1h20m23s,5,4,9,29,4:48,10.326,POISON STING,STRING SHOT,,,6,12231,459,22,595,1031,1010,463,5,3153,Flareon, ,Bug,Poison,25927,Weedle1,Weedle,,01:20:12.72,01:20:23.05,04:48:25.08,29,5,1,20,23,5,POISON STING,STRING SHOT,,,18,40,0,0,0,0,0,0,45,82,43,42,34,34,54,25541,18141,24016,14645,14645,24987,15,15,15,15,0,0,0,0,0,0,0,48,42,34,34,54,1040281,283769,750822,3183,2507,6,3,0,12231,12231,0,0,459,617,22,595,68,2,19499,11248,862,854,963,90,328,0,0,0,0,0,76,0,26,0,0,0,0,0,0,0,0,0,59,0,0,0,0,0,0,0,0,0,0,0,0,0,11,0,0,0,6,566,25802,0,0,0,0,6,11,0,1,1,0,4,1,9,Flareon
12-11,13:46:53,NINTEN,Weedle,Bug Catcher,8,Mt Moon - 1,3,1:20:44.55,1:20:44,1h20m44s,5,4,9,29,4:49,8.834,POISON STING,STRING SHOT,,,6,12263,468,23,597,1034,1013,463,6,3428,Flareon, ,Bug,Poison,26304,Weedle1,Weedle,,01:20:35.72,01:20:44.55,04:49:49.37,29,5,1,20,44,55,POISON STING,STRING SHOT,,,15,40,0,0,0,0,0,0,45,82,43,42,34,34,54,25681,18221,24141,14710,14710,25107,15,15,15,15,0,0,0,0,0,0,0,48,42,34,34,54,1045350,284947,754713,3183,2507,6,3,0,12263,12263,0,0,468,620,23,597,70,2,19642,11339,862,854,966,90,328,0,0,0,0,0,77,0,26,0,0,0,0,0,0,0,0,0,59,0,0,0,0,0,0,0,0,0,0,0,0,0,11,0,0,0,6,569,26179,0,0,0,0,8,11,0,1,1,0,4,1,9,Flareon
12-11,13:47:15,NINTEN,Weedle,Lass,5,Mt Moon - 1,2,1:21:06.33,1:21:06,1h21m6s,5,4,9,29,4:51,9.623,POISON STING,STRING SHOT,,,6,12294,469,24,599,1038,1017,465,7,3528,Flareon, ,Bug,Poison,26685,Weedle1,Weedle,,01:20:56.71,01:21:06.33,04:51:15.16,29,5,1,21,6,33,POISON STING,STRING SHOT,,,11,40,0,0,0,0,0,0,44,82,43,42,34,34,54,25776,18346,24231,14855,14855,25177,15,15,15,15,0,0,0,0,0,0,0,48,42,34,34,54,1050489,286013,758786,3183,2507,6,3,0,12294,12294,0,0,469,623,24,599,72,2,19716,11405,863,855,970,90,329,0,0,0,0,0,77,0,26,0,0,0,0,0,0,0,0,0,59,0,0,0,0,0,0,0,0,0,0,0,0,0,11,0,0,0,6,571,26560,0,0,0,0,9,11,0,1,1,0,4,1,9,Flareon
12-11,13:48:00,NINTEN,Weedle,Rocket,3,Mt Moon - 3,2,1:21:51.20,1:21:51,1h21m51s,5,4,9,29,4:54,14.64,POISON STING,STRING SHOT,,,6,12399,478,25,602,1045,1024,470,7,3693,Flareon, ,Bug,Poison,26982,Weedle1,Weedle,,01:21:36.55,01:21:51.20,04:54:12.00,29,5,1,21,51,20,POISON STING,STRING SHOT,,,28,40,0,0,0,0,0,0,73,82,43,42,34,34,54,25851,18451,24310,14935,14935,25287,15,15,15,15,0,-1,0,0,0,0,0,54,27,34,34,54,1061093,289979,764827,3780,2507,6,3,0,12399,12399,0,0,478,627,25,602,75,2,19783,11471,872,864,977,91,333,0,0,0,0,0,78,0,26,0,0,0,0,0,0,0,0,0,59,0,0,0,0,0,0,0,0,0,0,0,0,0,11,0,0,0,6,573,26857,0,0,0,0,10,11,0,1,1,0,4,1,9,Flareon
12-11,13:48:30,NINTEN,Weedle,Youngster,3,Mt Moon - 1,3,1:22:21.29,1:22:21,1h22m21s,5,4,9,30,4:56,17.574,POISON STING,STRING SHOT,,,6,12432,478,26,604,1052,1031,475,8,4053,Flareon, ,Bug,Poison,27339,Weedle1,Weedle,,01:22:03.72,01:22:21.29,04:56:10.33,30,5,1,22,21,29,POISON STING,STRING SHOT,,,21,40,0,0,0,0,0,0,60,85,45,43,35,35,56,25951,18608,24415,15025,15025,25486,15,15,15,15,0,-1,0,0,0,0,0,56,28,35,35,56,1068206,291084,770835,3780,2507,6,3,0,12432,12432,0,0,478,630,26,604,77,2,19918,11556,888,880,984,92,337,0,0,0,0,0,78,0,26,0,0,0,0,0,0,0,0,0,61,0,0,0,0,0,0,0,0,0,0,0,0,0,11,0,0,0,6,576,27214,0,0,0,0,11,11,0,1,1,0,4,1,9,Flareon
12-11,13:48:54,NINTEN,Weedle,Rocket,1,Mt Moon - 3,2,1:22:45.22,1:22:45,1h22m45s,5,4,9,30,4:57,11.212,POISON STING,STRING SHOT,,,6,12496,480,27,605,1057,1036,478,8,4203,Flareon, ,Bug,Poison,27646,Weedle1,Weedle,,01:22:34.02,01:22:45.22,04:57:44.46,30,5,1,22,45,22,POISON STING,STRING SHOT,,,16,40,0,0,0,0,0,0,53,85,45,43,35,35,56,26021,18709,24485,15090,15090,25613,15,15,15,15,0,0,0,0,0,0,0,50,43,35,35,56,1073859,292576,774996,3780,2507,6,3,0,12496,12496,0,0,480,632,27,605,78,2,20000,11623,895,887,989,93,340,0,0,0,0,0,80,0,27,0,0,1,0,0,0,0,0,0,61,0,0,0,0,0,2,0,0,0,0,0,0,0,11,0,0,0,6,578,27521,0,0,0,0,11,11,0,1,1,0,4,1,9,Flareon
12-11,13:51:08,NINTEN,Weedle,Fossil Nerd,2,Mt Moon - 3,3,1:24:59.34,1:24:59,1h24m59s,5,4,9,30,5:06,24.555,POISON STING,STRING SHOT,,,7,12871,485,28,618,1086,1064,502,8,4593,Flareon, ,Bug,Poison,28699,Weedle1,Weedle,,01:24:34.79,01:24:59.34,05:06:33.16,30,5,1,24,59,34,POISON STING,STRING SHOT,,,21,40,0,0,0,0,0,0,70,85,45,43,35,35,56,26311,19049,24835,15355,15355,25923,15,15,15,15,0,0,0,0,0,0,0,50,43,35,35,56,1105569,301060,796328,5674,2507,7,3,0,12871,12871,0,0,485,646,28,618,88,2,20245,11837,942,934,1015,103,360,0,0,0,0,0,81,0,29,0,0,2,0,0,0,0,0,0,62,0,0,0,0,0,3,1,0,0,0,0,0,0,11,0,0,0,6,584,28574,0,0,0,0,11,11,0,1,1,0,4,1,9,Flareon
12-11,13:51:52,NINTEN,Weedle,Rocket,42,Mt Moon - 3,3,1:25:43.40,1:25:43,1h25m43s,5,4,9,30,5:09,29.686,POISON STING,STRING SHOT,,,8,12887,490,29,619,1107,1080,514,9,4893,Flareon, ,Bug,Poison,29521,Weedle1,Weedle,,01:25:13.71,01:25:43.40,05:09:27.46,30,5,1,25,43,40,POISON STING,STRING SHOT,,,5,40,0,0,0,0,0,0,34,85,45,43,35,35,56,26496,19264,25057,15555,15555,26138,15,15,15,15,0,0,0,0,0,0,0,50,43,35,35,56,1116039,302557,804741,6234,2507,8,3,0,12887,12887,0,0,490,648,29,619,88,2,20405,11978,978,970,1031,106,369,0,0,0,0,0,83,0,29,0,0,2,0,0,0,0,0,0,62,0,0,0,0,0,3,1,0,0,0,0,0,0,11,0,0,0,6,588,29396,0,0,0,0,11,11,0,1,1,0,4,1,9,Flareon
12-11,13:52:29,NINTEN,Weedle,Swimmer,1,Cerulean City - Gym,2,1:26:20.29,1:26:20,1h26m20s,5,4,9,31,5:11,17.587,POISON STING,STRING SHOT,,,8,13025,493,30,619,1116,1089,521,9,5313,Flareon, ,Bug,Poison,30135,Weedle1,Weedle,,01:26:02.71,01:26:20.29,05:11:53.33,31,5,1,26,20,29,POISON STING,STRING SHOT,,,26,40,0,0,0,0,0,0,61,87,46,44,36,36,57,26556,19369,25227,15670,15670,26238,15,15,15,15,0,0,0,0,0,0,0,51,44,36,36,57,1124786,306646,809399,6234,2507,8,3,0,13025,13025,0,0,493,649,30,619,88,2,20494,12054,1004,996,1040,107,374,0,0,0,0,0,83,0,30,0,0,2,0,0,0,0,0,0,63,0,0,0,0,0,3,1,0,0,0,0,0,0,11,0,0,0,6,590,30010,0,0,0,0,11,11,0,1,1,0,4,1,9,Flareon
12-11,13:52:44,NINTEN,Weedle,Pecking Lass,1,Cerulean City - Gym,1,1:26:35.96,1:26:35,1h26m35s,5,4,9,31,5:12,10.054,POISON STING,STRING SHOT,,,8,13033,495,31,619,1121,1093,525,9,5393,Flareon, ,Bug,Poison,30586,Weedle1,Weedle,,01:26:25.91,01:26:35.96,05:12:55.23,31,5,1,26,35,96,POISON STING,STRING SHOT,,,22,40,0,0,0,0,0,0,14,87,46,44,36,36,57,26601,19436,25287,15720,15720,26301,15,15,15,15,0,-1,0,0,0,0,0,57,29,36,36,57,1128496,307097,812658,6234,2507,8,3,0,13033,13033,0,0,495,650,31,619,88,2,20544,12103,1051,1043,1044,107,378,0,0,0,0,0,84,0,30,0,0,3,0,0,0,0,0,0,63,0,0,0,0,0,4,2,0,0,0,0,0,0,11,0,0,0,6,591,30461,0,0,0,0,11,11,0,1,1,0,4,1,9,Flareon
12-11,13:53:40,NINTEN,Weedle,Rival2-Nugget Bridge,3,Cerulean City,4,1:27:31.54,1:27:31,1h27m31s,5,4,9,31,5:16,33.721,POISON STING,STRING SHOT,,,9,13138,502,32,619,1137,1109,539,9,5773,Flareon, ,Bug,Poison,31624,Weedle1,Weedle,Rival (Nugget Bridge),01:26:57.82,01:27:31.54,05:16:35.04,31,5,1,27,31,54,POISON STING,STRING SHOT,,,19,40,0,0,0,0,0,0,47,87,46,44,36,36,57,26776,19682,25487,15871,15871,26538,15,15,15,15,-2,-1,0,0,0,-2,0,25,29,36,36,57,1141677,311184,821191,6795,2507,9,3,0,13138,13138,0,0,502,651,32,619,88,2,20733,12274,1091,1083,1058,112,389,0,0,0,0,0,85,0,30,0,0,3,0,0,0,0,0,0,66,0,0,0,0,0,4,2,0,0,0,0,0,0,11,0,0,0,6,595,31499,0,0,0,0,12,11,0,1,1,0,4,1,9,Flareon
12-11,13:54:06,NINTEN,Weedle,Bug Catcher,9,Route 24,2,1:27:57.15,1:27:57,1h27m57s,5,4,9,31,5:18,9.463,POISON STING,STRING SHOT,,,9,13211,504,33,619,1141,1113,541,9,6368,Flareon, ,Bug,Poison,31939,Weedle1,Weedle,,01:27:47.68,01:27:57.15,05:18:16.15,31,5,1,27,57,15,POISON STING,STRING SHOT,,,31,40,0,0,0,0,0,0,84,87,46,44,36,36,57,26861,19747,25552,15911,15911,26633,15,15,15,15,0,0,0,0,0,0,0,51,44,36,36,57,1147748,314482,823964,6795,2507,9,3,0,13211,13211,0,0,504,652,33,619,88,2,20853,12349,1094,1086,1062,112,391,0,0,0,0,0,85,0,30,0,0,3,0,0,0,0,0,0,66,0,0,0,0,0,4,2,0,0,0,0,0,0,11,0,0,0,6,597,31814,0,0,0,0,12,11,0,1,1,0,4,1,9,Flareon
12-11,13:54:40,NINTEN,Weedle,Lass,8,Route 24,2,1:28:31.03,1:28:31,1h28m31s,5,4,9,31,5:20,31.091,POISON STING,STRING SHOT,,,9,13213,504,34,619,1162,1134,561,9,6508,Flareon, ,Bug,Poison,32281,Weedle1,Weedle,,01:27:59.94,01:28:31.03,05:20:30.37,31,5,1,28,31,3,POISON STING,STRING SHOT,,,10,40,0,0,0,0,0,0,42,87,46,44,36,36,57,26956,19839,25644,15986,15986,26730,15,15,15,15,-3,0,0,0,0,-1,0,20,44,36,36,57,1155810,314623,831885,6795,2507,9,3,0,13213,13213,0,0,504,653,34,619,88,2,20933,12427,1136,1128,1075,125,410,0,0,0,0,0,85,0,31,0,0,3,0,0,0,0,0,0,66,0,0,0,0,0,4,2,0,0,0,0,0,0,11,0,0,0,6,599,32156,0,0,0,0,12,11,0,1,1,0,4,1,9,Flareon
12-11,13:55:18,NINTEN,Weedle,Youngster,4,Route 24,3,1:29:09.25,1:29:09,1h29m9s,5,4,9,32,5:23,24.79,POISON STING,STRING SHOT,,,9,13307,506,35,619,1177,1144,568,9,6718,Flareon, ,Bug,Poison,32800,Weedle1,Weedle,,01:28:44.46,01:29:09.25,05:23:01.50,32,5,1,29,9,25,POISON STING,STRING SHOT,,,25,40,0,0,0,0,0,0,69,90,48,46,37,37,59,27061,20000,25758,16091,16091,26912,15,15,15,15,0,-1,0,0,0,0,0,54,30,37,37,59,1164883,317317,838264,6795,2507,9,3,0,13307,13307,0,0,506,654,35,619,88,2,21061,12536,1157,1149,1085,126,416,0,0,0,0,0,88,0,31,0,0,4,0,0,0,0,0,0,66,0,0,0,0,0,5,2,0,0,0,0,0,0,11,0,0,0,6,602,32675,0,0,0,0,12,11,0,1,1,0,4,1,9,Flareon
12-11,13:55:39,NINTEN,Weedle,Lass,7,Route 24,2,1:29:30.40,1:29:30,1h29m30s,5,4,9,32,5:24,16.681,POISON STING,STRING SHOT,,,9,13309,517,36,619,1186,1153,575,9,6928,Flareon, ,Bug,Poison,33188,Weedle1,Weedle,,01:29:13.72,01:29:30.40,05:24:25.25,32,5,1,29,30,40,POISON STING,STRING SHOT,,,16,40,0,0,0,0,0,0,49,90,48,46,37,37,59,27156,20092,25850,16166,16166,27009,15,15,15,15,0,0,0,0,0,0,0,54,46,37,37,59,1169898,317486,843110,6795,2507,9,3,0,13309,13309,0,0,517,655,36,619,88,2,21158,12623,1177,1169,1094,128,421,0,0,0,0,0,89,0,31,0,0,4,0,0,0,0,0,0,66,0,0,0,0,0,5,2,0,0,0,0,0,0,11,0,0,0,6,604,33063,0,0,0,0,12,11,0,1,1,0,4,1,9,Flareon
12-11,13:55:51,NINTEN,Weedle,Jr Trainer M,3,Route 24,1,1:29:42.85,1:29:42,1h29m42s,5,4,9,32,5:25,7.622,POISON STING,STRING SHOT,,,9,13313,518,37,619,1189,1156,577,9,7168,Flareon, ,Bug,Poison,33473,Weedle1,Weedle,,01:29:35.23,01:29:42.85,05:25:14.23,32,5,1,29,42,85,POISON STING,STRING SHOT,,,13,40,0,0,0,0,0,0,56,90,48,46,37,37,59,27196,20172,25885,16201,16201,27079,15,15,15,15,0,-1,0,0,0,0,0,60,30,37,37,59,1172836,317717,845391,7221,2507,9,3,0,13313,13313,0,0,518,656,37,619,88,2,21214,12668,1190,1182,1097,128,423,0,0,0,0,0,89,0,32,0,0,4,0,0,0,0,0,0,67,0,0,0,0,0,5,2,0,0,0,0,0,0,11,0,0,0,6,605,33348,0,0,0,0,12,11,0,1,1,0,4,1,9,Flareon
12-11,13:56:33,NINTEN,Weedle,Rocket,6,Route 24,2,1:30:24.05,1:30:24,1h30m24s,5,4,9,32,5:27,21.84,POISON STING,STRING SHOT,,,9,13435,533,38,619,1203,1165,584,10,7528,Flareon, ,Bug,Poison,33843,Weedle1,Weedle,,01:30:02.21,01:30:24.05,05:27:57.36,32,5,1,30,24,5,POISON STING,STRING SHOT,,,26,40,0,0,0,0,0,0,67,90,48,46,37,37,59,27271,20277,25964,16281,16281,27189,15,15,15,15,0,-1,0,0,0,0,0,60,30,37,37,59,1182629,321817,851084,7221,2507,9,3,0,13435,13435,0,0,533,657,38,619,88,2,21299,12744,1213,1205,1106,129,429,0,0,0,0,0,90,0,32,0,0,5,0,0,0,0,0,0,67,0,0,0,0,0,7,2,0,0,0,0,0,0,11,0,0,0,6,607,33718,0,0,0,0,12,11,0,1,1,0,4,1,9,Flareon
12-11,13:56:57,NINTEN,Weedle,Jr Trainer M,2,Route 24,2,1:30:48.46,1:30:48,1h30m48s,5,4,9,32,5:29,13.999,POISON STING,STRING SHOT,,,9,13470,539,39,619,1210,1172,589,11,7978,Flareon, ,Bug,Poison,34200,Weedle1,Weedle,,01:30:34.46,01:30:48.46,05:29:34.16,32,5,1,30,48,46,POISON STING,STRING SHOT,,,19,40,0,0,0,0,0,0,49,90,48,46,37,37,59,27336,20393,26043,16346,16346,27316,15,15,15,15,0,0,0,0,0,0,0,54,46,37,37,59,1188429,323787,854914,7221,2507,9,3,0,13470,13470,0,0,539,658,39,619,88,2,21392,12814,1231,1223,1113,130,433,0,0,0,0,0,91,0,32,0,0,5,0,0,0,0,0,0,67,0,0,0,0,0,7,2,0,0,0,0,0,0,11,0,0,0,6,609,34075,0,0,0,0,13,11,0,1,1,0,4,1,9,Flareon
12-11,13:57:49,NINTEN,Weedle,Hiker,2,Route 25,2,1:31:39.99,1:31:39,1h31m39s,5,4,9,32,5:32,32.428,POISON STING,STRING SHOT,,,9,13633,548,40,619,1225,1187,603,11,8258,Flareon, ,Bug,Poison,34758,Weedle1,Weedle,,01:31:07.55,01:31:39.99,05:32:58.31,32,5,1,31,39,99,POISON STING,STRING SHOT,,,21,39,0,0,0,0,0,0,44,90,48,46,37,37,59,27446,20553,26193,16411,16411,27371,15,15,15,15,0,0,0,0,0,0,0,54,46,37,37,59,1200684,327819,863137,7221,2507,9,3,0,13633,13633,0,0,548,659,40,619,88,2,21482,12902,1277,1269,1128,130,442,0,0,0,0,0,93,0,34,0,0,5,0,0,0,0,0,0,68,0,0,0,0,0,7,2,0,0,0,0,0,0,11,0,0,0,6,611,34633,0,0,0,0,13,11,0,1,1,0,4,1,9,Flareon
12-11,13:58:07,NINTEN,Weedle,Youngster,5,Route 25,2,1:31:58.55,1:31:58,1h31m58s,5,4,9,32,5:34,10.11,POISON STING,STRING SHOT,,,9,13643,549,41,619,1229,1191,605,12,8783,Flareon, ,Bug,Poison,35127,Weedle1,Weedle,,01:31:48.44,01:31:58.55,05:34:11.28,32,5,1,31,58,55,POISON STING,STRING SHOT,,,17,39,0,0,0,0,0,0,70,90,48,46,37,37,59,27516,20669,26258,16467,16467,27513,15,15,15,15,0,0,0,0,0,0,0,54,46,37,37,59,1205061,328656,866021,7877,2507,9,3,0,13643,13643,0,0,549,660,41,619,88,2,21566,12977,1291,1283,1132,130,444,0,0,0,0,0,93,0,34,0,0,5,0,0,0,0,0,0,68,0,0,0,0,0,7,2,0,0,0,0,0,0,11,0,0,0,6,613,35002,0,0,0,0,14,11,0,1,1,0,4,1,9,Flareon
12-11,13:58:40,NINTEN,Weedle,Lass,9,Route 25,2,1:32:31.88,1:32:31,1h32m31s,5,4,9,32,5:36,26.591,POISON STING,STRING SHOT,,,10,13653,550,42,619,1240,1202,614,12,9008,Flareon, ,Bug,Poison,35508,Weedle1,Weedle,,01:32:05.29,01:32:31.88,05:36:23.40,32,5,1,32,31,88,POISON STING,STRING SHOT,,,6,39,0,0,0,0,0,0,46,90,48,46,37,37,59,27617,20773,26350,16547,16547,27604,15,15,15,15,0,-1,0,0,0,0,0,60,30,37,37,59,1212993,329200,872839,8447,2507,10,3,0,13653,13653,0,0,550,661,42,619,88,2,21665,13061,1315,1307,1143,130,453,0,0,0,0,0,95,0,34,0,0,5,0,0,0,0,0,0,68,0,0,0,0,0,7,2,0,0,0,0,0,0,11,0,0,0,6,615,35383,0,0,0,0,14,11,0,1,1,0,4,1,9,Flareon
12-11,13:59:20,NINTEN,Weedle,Youngster,6,Route 25,1,1:33:11.71,1:33:11,1h33m11s,5,4,9,32,5:39,12.03,POISON STING,STRING SHOT,,,11,13864,569,43,619,1245,1207,618,12,9233,Flareon, ,Bug,Poison,35868,Weedle1,Weedle,,01:32:59.68,01:33:11.71,05:39:01.26,32,5,1,33,11,71,POISON STING,STRING SHOT,,,30,40,0,0,0,0,0,0,26,90,48,46,37,37,59,27707,20838,26415,16587,16587,27619,15,15,15,15,0,0,0,0,0,0,0,54,46,37,37,59,1222459,334765,876180,9007,2507,11,3,0,13864,13864,0,0,569,662,43,619,88,2,21731,13121,1379,1371,1148,130,457,0,0,0,0,0,95,0,34,0,0,5,0,0,0,0,0,0,69,0,0,0,0,0,7,2,0,0,0,0,0,0,11,0,0,0,6,616,35743,0,0,0,0,14,11,0,1,1,0,4,1,9,Flareon
12-11,13:59:42,NINTEN,Weedle,Jr Trainer M,2,Route 25,2,1:33:33.26,1:33:33,1h33m33s,5,4,9,33,5:40,12.825,POISON STING,STRING SHOT,,,11,13879,573,44,619,1251,1213,622,12,9488,Flareon, ,Bug,Poison,36225,Weedle1,Weedle,,01:33:20.44,01:33:33.26,05:40:26.04,33,5,1,33,33,26,POISON STING,STRING SHOT,,,24,40,0,0,0,0,0,0,80,92,49,47,38,38,61,27772,20954,26494,16652,16652,27746,15,15,15,15,0,-1,0,0,0,0,0,61,31,38,38,61,1227537,335443,879713,9874,2507,11,3,0,13879,13879,0,0,573,663,44,619,88,2,21813,13191,1387,1379,1154,131,460,0,0,0,0,0,95,0,34,0,0,5,0,0,0,0,0,0,69,0,0,0,0,0,7,2,0,0,0,0,0,0,11,0,0,0,6,618,36100,0,0,0,0,14,11,0,1,1,0,4,1,9,Flareon
12-11,14:00:07,NINTEN,Weedle,Oddish Lass,10,Route 25,3,1:33:58.74,1:33:58,1h33m58s,5,4,9,33,5:42,19.182,POISON STING,STRING SHOT,,,11,13896,576,45,619,1260,1222,629,12,9768,Flareon, ,Bug,Poison,36810,Weedle1,Weedle,Oddish Lass,01:33:39.55,01:33:58.74,05:42:06.41,33,5,1,33,58,74,POISON STING,STRING SHOT,,,15,40,0,0,0,0,0,0,61,92,49,47,38,38,61,27902,21099,26644,16837,16837,27862,15,15,15,15,0,0,0,0,0,0,0,55,47,38,38,61,1233574,336047,885146,9874,2507,11,3,0,13896,13896,0,0,576,664,45,619,88,2,21971,13302,1406,1398,1162,132,467,0,0,0,0,0,96,0,34,0,0,5,0,0,0,0,0,0,69,0,0,0,0,0,7,2,0,0,0,0,0,0,11,0,0,0,6,621,36685,0,0,0,0,14,11,0,1,1,0,4,1,9,Flareon
12-11,14:00:36,NINTEN,Weedle,Youngster,7,Route 25,2,1:34:27.01,1:34:27,1h34m27s,5,4,9,33,5:43,20.473,POISON STING,STRING SHOT,,,12,13908,578,46,619,1270,1232,637,12,9963,Flareon, ,Bug,Poison,37275,Weedle1,Weedle,,01:34:06.53,01:34:27.01,05:43:58.43,33,5,1,34,27,1,POISON STING,STRING SHOT,,,5,40,0,0,0,0,0,0,34,92,49,47,38,38,61,27987,21234,26773,16907,16907,27957,15,15,15,15,0,-1,0,0,0,-1,0,68,31,38,38,61,1240296,336866,890507,10416,2507,12,3,0,13908,13908,0,0,578,665,46,619,88,2,22052,13378,1433,1425,1171,134,474,0,0,0,0,0,96,0,35,0,0,5,0,0,0,0,0,0,70,0,0,0,0,0,7,2,0,0,0,0,0,0,11,0,0,0,6,623,37150,0,0,0,0,15,11,0,1,1,0,4,1,9,Flareon
12-11,14:01:59,NINTEN,Weedle,Misty,1,Cerulean City - Gym,2,1:35:50.12,1:35:50,1h35m50s,6,4,10,33,5:47,20.126,POISON STING,STRING SHOT,,,13,14095,612,47,619,1281,1243,645,13,10173,Flareon, ,Bug,Poison,38614,Weedle1,Weedle,Misty,01:35:29.99,01:35:50.12,05:47:46.40,33,6,1,35,50,12,POISON STING,STRING SHOT,,,24,40,0,0,0,0,0,0,13,92,49,47,38,38,61,28077,21354,26913,17077,17077,28157,15,15,15,15,0,0,0,0,0,0,0,55,47,38,38,61,1253978,344833,895791,10692,2662,13,4,0,14095,14095,0,0,612,666,47,619,88,2,22157,13478,1512,1504,1182,134,480,0,0,0,0,0,97,0,36,0,0,5,0,0,0,0,0,0,72,0,0,0,0,0,7,2,0,0,0,0,0,0,11,0,0,0,6,625,38489,0,0,0,0,15,11,0,1,1,0,4,1,10,Flareon
12-11,14:03:18,NINTEN,Weedle,Cerulean Rocket,5,Cerulean City,2,1:37:09.54,1:37:09,1h37m9s,7,4,11,33,5:50,26.801,POISON STING,STRING SHOT,,,14,14182,614,48,619,1294,1256,656,14,12252,Flareon, ,Bug,Poison,39303,Weedle1,Weedle,Rocket,01:36:42.74,01:37:09.54,05:50:47.34,33,7,1,37,9,54,POISON STING,STRING SHOT,,,28,34,0,0,0,0,0,0,19,92,49,47,38,38,61,28207,21482,27008,17202,17202,28234,15,15,15,15,0,0,0,0,0,0,0,55,47,38,38,61,1264838,348271,902779,10971,2817,14,5,0,14182,14182,0,0,614,667,48,619,88,2,22279,13581,1585,1577,1194,137,487,0,0,0,0,0,98,0,37,0,0,5,0,0,0,0,0,0,72,0,0,0,0,0,7,2,0,0,0,0,0,0,11,0,0,0,6,627,39178,0,0,0,0,15,11,0,1,1,0,4,1,11,Flareon
12-11,14:04:11,NINTEN,Weedle,Bug Catcher,11,Route 6,1,1:38:02.05,1:38:02,1h38m2s,7,4,11,34,5:54,10.255,POISON STING,STRING SHOT,,,15,14421,621,49,620,1303,1260,664,16,12762,Flareon, ,Bug,Poison,40118,Weedle1,Weedle,,01:37:51.80,01:38:02.05,05:54:14.56,34,7,1,38,2,5,POISON STING,STRING SHOT,,,31,40,0,0,0,0,0,0,80,95,51,49,40,40,63,28297,21583,27093,17307,17307,28376,15,15,15,15,0,0,0,0,0,0,0,57,49,40,40,63,1277280,354864,908088,11511,2817,15,5,0,14421,14421,0,0,621,669,49,620,88,2,22377,13676,1600,1592,1198,141,493,0,0,0,0,0,98,0,37,0,0,6,0,0,0,0,0,0,73,0,0,0,0,0,8,2,0,0,0,0,0,0,15,0,0,0,6,629,39993,0,0,0,0,16,11,0,1,1,0,4,1,11,Flareon
12-11,14:04:28,NINTEN,Weedle,Bug Catcher,10,Route 6,3,1:38:19.10,1:38:19,1h38m19s,7,4,11,34,5:55,11.685,POISON STING,STRING SHOT,,,15,14445,621,50,620,1308,1265,666,16,12962,Flareon, ,Bug,Poison,40653,Weedle1,Weedle,,01:38:07.41,01:38:19.10,05:55:22.11,34,7,1,38,19,10,POISON STING,STRING SHOT,,,26,40,0,0,0,0,0,0,80,95,51,49,40,40,63,28422,21683,27188,17367,17367,28521,15,15,15,15,0,0,0,0,-2,0,0,72,49,40,40,31,1281315,355628,911359,11511,2817,15,5,0,14445,14445,0,0,621,670,50,620,88,2,22521,13800,1600,1592,1203,141,495,0,0,0,0,0,98,0,37,0,0,6,0,0,0,0,0,0,73,0,0,0,0,0,8,2,0,0,0,0,0,0,15,0,0,0,6,632,40528,0,0,0,0,16,11,0,1,1,0,4,1,11,Flareon
12-11,14:04:51,NINTEN,Weedle,Sandy,3,Route 6,3,1:38:42.21,1:38:42,1h38m42s,7,4,11,34,5:56,15.53,POISON STING,STRING SHOT,,,16,14476,622,51,620,1317,1274,672,16,13122,Flareon, ,Bug,Poison,41214,Weedle1,Weedle,,01:38:26.68,01:38:42.21,05:56:53.32,34,7,1,38,42,21,POISON STING,STRING SHOT,,,17,40,0,0,0,0,0,0,51,95,51,49,40,40,63,28542,21818,27308,17472,17472,28689,15,15,15,15,0,0,0,0,0,-1,0,64,49,40,40,63,1286796,356319,915535,12125,2817,16,5,0,14476,14476,0,0,622,671,51,620,88,2,22663,13923,1629,1621,1209,144,501,0,0,0,0,0,99,0,38,0,0,6,0,0,0,0,0,0,73,0,0,0,0,0,8,2,0,0,0,0,0,0,15,0,0,0,6,635,41089,0,0,0,0,16,11,0,1,1,0,4,1,11,Flareon
12-11,14:05:15,NINTEN,Weedle,Jr Trainer M,5,Route 6,2,1:39:06.24,1:39:06,1h39m6s,7,4,11,34,5:58,13.94,POISON STING,STRING SHOT,,,17,14479,622,52,620,1323,1280,676,15,13442,Flareon, ,Bug,Poison,41809,Weedle1,Weedle,,01:38:52.30,01:39:06.24,05:58:27.59,34,7,1,39,6,24,POISON STING,STRING SHOT,,,11,40,0,0,0,0,0,0,46,95,51,49,40,40,63,28637,21959,27398,17553,17553,28856,15,15,15,15,0,0,0,0,0,0,0,57,49,40,40,63,1292463,356775,919343,13528,2817,17,5,0,14479,14479,0,0,622,672,52,620,88,2,22782,14010,1678,1670,1215,144,505,0,0,0,0,0,100,0,39,0,0,6,0,0,0,0,0,0,75,0,0,0,0,0,8,2,0,0,0,0,0,0,15,0,0,0,6,637,41684,0,0,0,0,16,11,0,1,1,0,4,1,11,Flareon
12-11,14:05:59,NINTEN,Weedle,Gambler,1,Route 11,2,1:39:50.77,1:39:50,1h39m50s,7,4,11,34,6:01,15.632,POISON STING,STRING SHOT,,,18,14609,626,53,621,1332,1289,683,15,13762,Flareon, ,Bug,Poison,42621,Weedle1,Weedle,,01:39:35.14,01:39:50.77,06:01:23.49,34,7,1,39,50,77,POISON STING,STRING SHOT,,,26,40,0,0,0,0,0,0,57,95,51,49,40,40,63,28717,22104,27533,17708,17708,29101,15,15,15,15,0,0,0,0,-1,0,0,64,49,40,40,41,1303013,360790,925319,14087,2817,18,5,0,14609,14609,0,0,626,674,53,621,88,2,22916,14128,1716,1708,1224,144,512,0,0,0,0,0,100,0,42,0,0,6,0,0,0,0,0,0,77,0,0,0,0,0,8,2,0,0,0,0,0,0,15,0,0,0,6,640,42496,0,0,0,0,16,11,0,1,1,0,4,1,11,Flareon
12-11,14:06:44,NINTEN,Weedle,Youngster,9,Route 11,1,1:40:35.79,1:40:35,1h40m35s,7,4,11,35,6:04,16.334,POISON STING,STRING SHOT,,,19,14742,652,54,621,1341,1296,689,15,15022,Flareon, ,Bug,Poison,42900,Weedle1,Weedle,,01:40:19.45,01:40:35.79,06:04:22.07,35,7,1,40,35,79,POISON STING,STRING SHOT,,,28,40,0,0,0,0,0,0,57,98,52,50,41,41,65,28752,22164,27577,17748,17748,29156,15,15,15,15,0,0,0,0,0,0,0,58,50,41,41,65,1313711,366157,929720,15017,2817,19,5,0,14742,14742,0,0,652,675,54,621,88,2,22965,14177,1757,1749,1231,144,518,0,0,0,0,0,100,0,42,0,0,6,0,0,0,0,0,0,77,0,0,0,0,0,8,2,0,0,0,0,0,0,15,0,0,0,6,641,42775,0,0,0,0,16,11,0,1,1,0,4,1,11,Flareon
12-11,14:08:51,NINTEN,Weedle,Youngster,12,Route 11,2,1:42:42.02,1:42:42,1h42m42s,8,5,13,35,6:10,25.591,POISON STING,STRING SHOT,,,20,14915,660,56,621,1371,1321,715,15,7668,Flareon, ,Bug,Poison,43963,Weedle1,Weedle,,01:42:16.43,01:42:42.02,06:10:34.41,35,8,1,42,42,2,POISON STING,STRING SHOT,,,21,40,0,0,0,0,0,0,35,98,52,50,41,41,65,28909,22368,27759,17873,17873,29311,15,15,15,15,0,0,0,0,0,0,0,58,50,41,41,65,1336071,371112,946618,15299,3042,20,6,0,14915,14915,0,0,660,677,56,621,88,2,23160,14361,1932,1917,1256,147,542,0,0,0,0,0,101,0,44,0,0,8,0,0,0,0,0,0,78,0,0,0,0,0,13,5,0,0,0,0,0,0,15,0,0,0,9,644,43838,0,0,0,0,16,11,0,1,1,0,5,1,13,Flareon
12-11,14:09:30,NINTEN,Weedle,Gambler,2,Route 11,2,1:43:21.83,1:43:21,1h43m21s,8,5,13,35,6:13,16.341,POISON STING,STRING SHOT,,,21,15074,666,57,621,1381,1328,720,15,7938,Flareon, ,Bug,Poison,44587,Weedle1,Weedle,,01:43:05.49,01:43:21.83,06:13:12.21,35,8,1,43,21,83,POISON STING,STRING SHOT,,,28,40,0,0,0,0,0,0,89,98,52,50,41,41,65,29004,22493,27849,18018,18018,29381,15,15,15,15,0,0,0,0,0,0,0,58,50,41,41,65,1345531,375623,951007,15859,3042,21,6,0,15074,15074,0,0,666,678,57,621,88,2,23282,14457,1941,1926,1263,147,544,0,0,0,0,0,101,0,45,0,0,8,0,0,0,0,0,0,78,0,0,0,0,0,13,5,0,0,0,0,0,0,15,0,0,0,9,646,44462,0,0,0,0,16,11,0,1,1,0,5,1,13,Flareon
12-11,14:09:49,NINTEN,Weedle,Engineer,2,Route 11,1,1:43:40.17,1:43:40,1h43m40s,8,5,13,35,6:14,9.623,POISON STING,STRING SHOT,,,22,15090,666,58,621,1385,1332,723,15,9198,Flareon, ,Bug,Poison,44987,Weedle1,Weedle,,01:43:30.55,01:43:40.17,06:14:24.59,35,8,1,43,40,17,POISON STING,STRING SHOT,,,24,40,0,0,0,0,0,0,45,98,52,50,41,41,65,29029,22528,27919,18113,18113,29426,15,15,15,15,0,0,0,0,0,0,0,58,50,41,41,65,1349889,376626,953798,16423,3042,22,6,0,15090,15090,0,0,666,679,58,621,88,2,23332,14501,1985,1970,1267,147,547,0,0,0,0,0,101,0,45,0,0,8,0,0,0,0,0,0,79,0,0,0,0,0,13,5,0,0,0,0,0,0,15,0,0,0,9,647,44862,0,0,0,0,16,11,0,1,1,0,5,1,13,Flareon
12-11,14:10:54,NINTEN,Weedle,Engineer,3,Route 11,3,1:44:45.67,1:44:45,1h44m45s,8,5,13,35,6:18,19.99,POISON STING,STRING SHOT,,,23,15326,685,59,622,1398,1345,732,15,10248,Flareon, ,Bug,Poison,46414,Weedle1,Weedle,,01:44:25.67,01:44:45.67,06:18:44.04,35,8,1,44,45,67,POISON STING,STRING SHOT,,,22,40,0,0,0,0,0,0,50,98,52,50,41,41,65,29159,22714,28189,18448,18448,29658,15,15,15,15,0,0,0,0,0,0,0,58,50,41,41,65,1365434,383767,960508,18117,3042,23,6,0,15326,15326,0,0,685,681,59,622,88,2,23519,14662,2033,2018,1280,148,555,0,0,0,0,0,101,0,45,0,0,8,0,0,0,0,0,0,80,0,0,0,0,0,13,5,0,0,0,0,0,0,15,0,0,0,9,651,46289,0,0,0,0,16,11,0,1,1,0,5,1,13,Flareon
12-11,14:11:15,NINTEN,Weedle,Gambler,3,Route 11,2,1:45:06.82,1:45:06,1h45m6s,8,5,13,36,6:20,13.953,POISON STING,STRING SHOT,,,24,15339,685,60,622,1404,1351,736,15,11148,Flareon, ,Bug,Poison,47152,Weedle1,Weedle,,01:44:52.86,01:45:06.82,06:20:07.43,36,8,1,45,6,82,POISON STING,STRING SHOT,,,16,40,0,0,0,0,0,0,37,100,54,52,42,42,67,29224,22779,28309,18598,18598,29803,15,15,15,15,0,-2,0,0,0,0,0,60,26,42,42,67,1370453,384407,964328,18676,3042,24,6,0,15339,15339,0,0,685,682,60,622,88,2,23619,14746,2048,2033,1286,148,559,0,0,0,0,0,101,0,46,0,0,8,0,0,0,0,0,0,81,0,0,0,0,0,13,5,0,0,0,0,0,0,15,0,0,0,9,653,47027,0,0,0,0,16,11,0,1,1,0,5,1,13,Flareon
12-11,14:11:59,NINTEN,Weedle,Gambler,4,Route 11,2,1:45:50.47,1:45:50,1h45m50s,8,5,13,36,6:23,11.129,POISON STING,STRING SHOT,,,25,15560,696,61,622,1409,1356,739,15,12408,Flareon, ,Bug,Poison,47746,Weedle1,Weedle,,01:45:39.34,01:45:50.47,06:23:00.35,36,8,1,45,50,47,POISON STING,STRING SHOT,,,30,40,0,0,0,0,0,0,83,100,54,52,42,42,67,29317,22890,28394,18713,18713,29928,15,15,15,15,0,-1,0,0,0,0,0,67,34,42,42,67,1380825,390623,967841,19319,3042,25,6,0,15560,15560,0,0,696,683,61,622,88,2,23720,14840,2065,2050,1291,148,561,0,0,0,0,0,101,0,46,0,0,8,0,0,0,0,0,0,82,0,0,0,0,0,13,5,0,0,0,0,0,0,15,0,0,0,9,655,47621,0,0,0,0,16,11,0,1,1,0,5,1,13,Flareon
12-11,14:12:18,NINTEN,Weedle,Youngster,11,Route 11,3,1:46:09.05,1:46:09,1h46m9s,8,5,13,36,6:24,14.269,POISON STING,STRING SHOT,,,25,15573,696,62,622,1415,1362,743,15,13668,Flareon, ,Bug,Poison,48581,Weedle1,Weedle,,01:45:54.79,01:46:09.05,06:24:13.56,36,8,1,46,9,5,POISON STING,STRING SHOT,,,24,40,0,0,0,0,0,0,54,100,54,52,42,42,67,29432,23083,28524,18813,18813,30169,15,15,15,15,0,0,0,0,0,0,0,60,52,42,42,67,1385226,391142,971723,19319,3042,25,6,0,15573,15573,0,0,696,684,62,622,88,2,23858,14966,2094,2079,1297,149,564,0,0,0,0,0,102,0,47,0,0,8,0,0,0,0,0,0,83,0,0,0,0,0,13,5,0,0,0,0,0,0,15,0,0,0,9,658,48456,0,0,0,0,16,11,0,1,1,0,5,1,13,Flareon
12-11,14:13:07,NINTEN,Weedle,Sailor,4,SS Anne,3,1:46:58.63,1:46:58,1h46m58s,8,5,13,36,6:27,19.159,POISON STING,STRING SHOT,,,26,15803,708,63,622,1426,1373,751,16,13923,Flareon, ,Bug,Poison,49616,Weedle1,Weedle,,01:46:39.48,01:46:58.63,06:27:29.51,36,8,1,46,58,63,POISON STING,STRING SHOT,,,24,40,0,0,0,0,0,0,82,100,54,52,42,42,67,29532,23228,28729,19028,19028,30339,15,15,15,15,0,0,0,0,-1,0,0,67,52,42,42,44,1396981,397294,976723,19922,3042,26,6,0,15803,15803,0,0,708,685,63,622,88,2,24007,15087,2112,2097,1308,152,568,0,0,0,0,0,104,0,47,0,0,8,0,0,0,0,0,0,83,0,0,0,0,0,13,5,0,0,0,0,0,0,15,0,0,0,9,661,49491,0,0,0,0,17,11,0,1,1,0,5,1,13,Flareon
12-11,14:13:24,NINTEN,Weedle,Sailor,3,SS Anne,1,1:47:15.88,1:47:15,1h47m15s,8,5,13,36,6:28,14.582,POISON STING,STRING SHOT,,,26,15805,708,64,622,1433,1380,757,16,14433,Flareon, ,Bug,Poison,50052,Weedle1,Weedle,,01:47:01.30,01:47:15.88,06:28:38.10,36,8,1,47,15,88,POISON STING,STRING SHOT,,,17,40,0,0,0,0,0,0,77,100,54,52,42,42,67,29562,23293,28829,19073,19073,30379,15,15,15,15,0,0,0,0,0,0,0,60,52,42,42,67,1401080,397514,980602,19922,3042,26,6,0,15805,15805,0,0,708,686,64,622,88,2,24057,15133,2117,2102,1315,153,571,0,0,0,0,0,104,0,47,0,0,9,0,0,0,0,0,0,84,0,0,0,0,0,14,5,0,0,0,0,0,0,15,0,0,0,9,662,49927,0,0,0,0,17,11,0,1,1,0,5,1,13,Flareon
12-11,14:13:56,NINTEN,Weedle,Sailor,6,SS Anne,3,1:47:47.02,1:47:47,1h47m47s,8,5,13,37,6:30,20.147,POISON STING,STRING SHOT,,,27,15824,709,65,622,1442,1389,765,16,15063,Flareon, ,Bug,Poison,50955,Weedle1,Weedle,,01:47:26.87,01:47:47.02,06:30:41.18,37,8,1,47,47,2,POISON STING,STRING SHOT,,,8,40,0,0,0,0,0,0,40,103,56,53,43,43,69,29652,23413,29039,19283,19283,30559,15,15,15,15,0,0,0,0,-6,0,0,78,53,43,43,17,1408468,398868,985797,20761,3042,27,6,0,15824,15824,0,0,709,687,65,622,88,2,24210,15250,2157,2142,1324,153,579,0,0,0,0,0,104,0,47,0,0,9,0,0,0,0,0,0,85,0,0,0,0,0,14,5,0,0,0,0,0,0,15,0,0,0,9,665,50830,0,0,0,0,18,11,0,1,1,0,5,1,13,Flareon
12-11,14:14:44,NINTEN,Weedle,Sailor,5,SS Anne,2,1:48:35.60,1:48:35,1h48m35s,8,5,13,37,6:33,18.222,POISON STING,STRING SHOT,,,28,16042,725,66,622,1453,1395,771,16,15573,Flareon, ,Bug,Poison,51768,Weedle1,Weedle,,01:48:17.38,01:48:35.60,06:33:53.04,37,8,1,48,35,60,POISON STING,STRING SHOT,,,29,40,0,0,0,0,0,0,51,103,56,53,43,43,69,29722,23498,29129,19453,19453,30714,15,15,15,15,0,0,0,0,0,0,0,63,53,43,43,69,1419974,404694,990903,21335,3042,28,6,0,16042,16042,0,0,725,688,66,622,88,2,24301,15336,2209,2194,1330,155,583,0,0,0,0,0,106,0,48,0,0,10,0,0,0,0,0,0,85,0,0,0,0,0,16,7,0,0,0,0,0,0,15,0,0,0,9,667,51643,0,0,0,0,18,11,0,1,1,0,5,1,13,Flareon
12-11,14:15:18,NINTEN,Weedle,Fisher,2,SS Anne,3,1:49:09.41,1:49:09,1h49m9s,8,5,13,37,6:36,25.25,POISON STING,STRING SHOT,,,29,16058,728,67,622,1468,1405,779,17,16113,Flareon, ,Bug,Poison,52887,Weedle1,Weedle,,01:48:44.16,01:49:09.41,06:36:06.47,37,8,1,49,9,41,POISON STING,STRING SHOT,,,19,40,0,0,0,0,0,0,15,103,56,53,43,43,69,29822,23648,29319,19668,19668,30909,15,15,15,15,0,0,0,0,0,0,0,63,53,43,43,69,1427997,405700,997314,21941,3042,29,6,0,16058,16058,0,0,728,689,67,622,88,2,24438,15457,2245,2230,1340,156,590,0,0,0,0,0,108,0,49,0,0,11,0,0,0,0,0,0,86,0,0,0,0,0,20,8,0,0,0,0,0,0,15,0,0,0,9,670,52762,0,0,0,0,19,11,0,1,1,0,5,1,13,Flareon
12-11,14:15:59,NINTEN,Weedle,Sailor,7,SS Anne,1,1:49:50.88,1:49:50,1h49m50s,8,5,13,37,6:38,9.785,POISON STING,STRING SHOT,,,30,16305,743,68,622,1472,1409,782,17,16708,Flareon, ,Bug,Poison,53263,Weedle1,Weedle,,01:49:41.09,01:49:50.88,06:38:50.28,37,8,1,49,50,88,POISON STING,STRING SHOT,,,31,40,0,0,0,0,0,0,71,103,56,53,43,43,69,29892,23728,29369,19703,19703,30944,15,15,15,15,0,0,0,0,0,0,0,63,53,43,43,69,1437818,412192,1000083,22501,3042,30,6,0,16305,16305,0,0,743,690,68,622,88,2,24511,15518,2277,2262,1344,156,593,0,0,0,0,0,108,0,51,0,0,11,0,0,0,0,0,0,87,0,0,0,0,0,20,8,0,0,0,0,0,0,15,0,0,0,9,671,53138,0,0,0,0,19,11,0,1,1,0,5,1,13,Flareon
12-11,14:16:25,NINTEN,Weedle,Youngster,8,SS Anne,1,1:50:16.02,1:50:16,1h50m16s,8,5,13,37,6:40,12.105,POISON STING,STRING SHOT,,,30,16377,747,69,622,1478,1415,787,17,17308,Flareon, ,Bug,Poison,53533,Weedle1,Weedle,,01:50:03.91,01:50:16.02,06:40:29.38,37,8,1,50,16,2,POISON STING,STRING SHOT,,,25,40,0,0,0,0,0,0,43,103,56,53,43,43,69,29938,23785,29409,19743,19743,30994,15,15,15,15,0,0,0,0,0,0,0,63,53,43,43,69,1443768,414500,1003368,22858,3042,30,6,0,16377,16377,0,0,747,691,69,622,88,2,24564,15571,2305,2290,1350,156,598,0,0,0,0,0,108,0,52,0,0,11,0,0,0,0,0,0,87,0,0,0,0,0,20,8,0,0,0,0,0,0,15,0,0,0,9,672,53408,0,0,0,0,19,11,0,1,1,0,5,1,13,Flareon
12-11,14:16:55,NINTEN,Weedle,Lass,11,SS Anne,2,1:50:46.14,1:50:46,1h50m46s,8,5,13,37,6:42,21.878,POISON STING,STRING SHOT,,,30,16385,751,70,622,1489,1426,797,17,17623,Flareon, ,Bug,Poison,53970,Weedle1,Weedle,,01:50:24.26,01:50:46.14,06:42:28.53,37,8,1,50,46,14,POISON STING,STRING SHOT,,,14,40,0,0,0,0,0,0,68,103,56,53,43,43,69,30033,23877,29501,19818,19818,31091,15,15,15,15,0,0,0,0,0,-1,0,70,53,43,43,69,1450923,415096,1008992,23793,3042,30,6,0,16385,16385,0,0,751,692,70,622,88,2,24670,15666,2340,2325,1358,159,608,0,0,0,0,0,109,0,53,0,0,11,0,0,0,0,0,0,87,0,0,0,0,0,20,8,0,0,0,0,0,0,15,0,0,0,9,674,53845,0,0,0,0,20,11,0,1,1,0,5,1,13,Flareon
12-11,14:17:39,NINTEN,Weedle,Gentleman,1,SS Anne,2,1:51:30.05,1:51:30,1h51m30s,8,5,13,37,6:45,16.928,POISON STING,STRING SHOT,,,31,16563,767,71,622,1496,1433,802,17,17893,Flareon,Burned,Bug,Poison,54672,Weedle1,Weedle,,01:51:13.12,01:51:30.05,06:45:22.17,37,8,1,51,30,5,POISON STING,STRING SHOT,,,28,40,0,0,0,0,0,0,30,103,56,53,43,43,69,30143,24017,29591,19918,19918,31211,15,15,15,15,0,0,0,0,0,0,0,31,53,43,43,69,1461327,420438,1013437,24410,3042,31,6,0,16563,16563,0,0,767,693,71,622,88,2,24784,15766,2413,2398,1365,159,613,0,0,0,0,0,109,0,53,0,0,11,0,0,0,1,0,0,88,0,0,0,0,0,20,8,0,0,0,0,0,0,15,0,0,0,9,676,54547,0,0,0,0,20,11,0,1,1,0,5,1,13,Flareon
12-11,14:19:20,NINTEN,Weedle,Gentleman,2,SS Anne,2,1:53:11.75,1:53:11,1h53m11s,8,6,14,38,6:52,23.166,POISON STING,STRING SHOT,,,32,16899,799,72,624,1509,1445,813,18,17153,Flareon, ,Bug,Poison,55155,Weedle1,Weedle,,01:52:48.59,01:53:11.75,06:52:03.43,38,8,1,53,11,75,POISON STING,STRING SHOT,,,23,40,0,0,0,0,0,0,69,106,57,55,44,44,71,30244,24121,29683,19998,19998,31302,15,15,15,15,0,0,0,0,0,0,0,64,55,44,44,71,1485413,431718,1025684,24969,3042,32,6,0,16899,16899,0,0,799,696,72,624,88,2,24900,15867,2450,2435,1377,160,622,0,0,0,0,0,110,0,53,0,0,11,0,0,0,1,0,0,88,0,0,0,0,0,20,8,0,0,0,0,0,0,15,0,0,0,9,678,55030,0,0,0,0,20,21,0,3,2,0,6,1,14,Flareon
12-11,14:19:52,NINTEN,Weedle,Sailor,2,SS Anne,2,1:53:43.19,1:53:43,1h53m43s,8,6,14,38,6:54,17.813,POISON STING,STRING SHOT,,,33,16958,807,73,624,1520,1452,819,18,18483,Flareon, ,Bug,Poison,55856,Weedle1,Weedle,,01:53:25.37,01:53:43.19,06:54:07.48,38,8,1,53,43,19,POISON STING,STRING SHOT,,,16,40,0,0,0,0,0,0,25,106,57,55,44,44,71,30354,24241,29768,20133,20133,31407,15,15,15,15,0,0,0,0,0,0,0,64,55,44,44,71,1492858,433573,1030709,25534,3042,33,6,0,16958,16958,0,0,807,697,73,624,88,2,25009,15963,2494,2479,1384,161,628,0,0,0,0,0,110,0,56,0,0,12,0,0,0,1,0,0,88,0,0,0,0,0,21,9,0,0,0,0,0,0,15,0,0,0,9,680,55731,0,0,0,0,20,21,0,3,2,0,6,1,14,Flareon
12-11,14:20:40,NINTEN,Weedle,Sailor,1,SS Anne,2,1:54:31.34,1:54:31,1h54m31s,8,6,14,38,6:57,13.761,POISON STING,STRING SHOT,,,33,17186,823,74,624,1527,1459,824,18,18993,Flareon, ,Bug,Poison,56568,Weedle1,Weedle,,01:54:17.57,01:54:31.34,06:57:17.29,38,8,1,54,31,34,POISON STING,STRING SHOT,,,28,40,0,0,0,0,0,0,84,106,57,55,44,44,71,30454,24386,29918,20213,20213,31482,15,15,15,15,0,0,0,0,0,0,0,64,55,44,44,71,1504239,440650,1034393,26154,3042,33,6,0,17186,17186,0,0,823,698,74,624,88,2,25115,16060,2516,2501,1391,161,632,0,0,0,0,0,110,0,56,0,0,12,0,0,0,1,0,0,89,0,0,0,0,0,21,9,0,0,0,0,0,0,15,0,0,0,9,682,56443,0,0,0,0,20,21,0,3,2,0,6,1,14,Flareon
12-11,14:21:11,NINTEN,Weedle,Fisher,1,SS Anne,3,1:55:01.98,1:55:01,1h55m1s,8,6,14,38,6:59,20.588,POISON STING,STRING SHOT,,,34,17231,825,75,624,1537,1468,830,18,19533,Flareon, ,Bug,Poison,57756,Weedle1,Weedle,,01:54:41.39,01:55:01.98,06:59:18.21,38,8,1,55,1,98,POISON STING,STRING SHOT,,,19,40,0,0,0,0,0,0,39,106,57,55,44,44,71,30584,24560,30073,20413,20413,31678,15,15,15,15,0,0,0,0,0,0,0,64,55,44,44,71,1511491,442021,1039692,26736,3042,34,6,0,17231,17231,0,0,825,699,75,624,88,2,25268,16193,2561,2546,1400,162,637,0,0,0,0,0,111,0,59,0,0,12,0,0,0,1,0,0,91,0,0,0,0,0,21,9,0,0,0,0,0,0,15,0,0,0,9,685,57631,0,0,0,0,20,21,0,3,2,0,6,1,14,Flareon
12-11,14:22:14,NINTEN,Weedle,Gentleman,3,SS Anne,2,1:56:05.97,1:56:05,1h56m5s,9,6,15,38,7:02,12.874,POISON STING,STRING SHOT,,,36,17427,845,76,624,1544,1475,835,18,20128,Flareon, ,Bug,Poison,58658,Weedle1,Weedle,,01:55:53.10,01:56:05.97,07:02:39.53,38,9,1,56,5,97,POISON STING,STRING SHOT,,,28,40,0,0,0,0,0,0,85,106,57,55,44,44,71,30649,24625,30193,20563,20563,31823,15,15,15,15,0,-2,0,0,0,0,0,72,27,44,44,71,1523588,448590,1043149,28653,3196,36,7,0,17427,17427,0,0,845,700,76,624,88,2,25393,16292,2582,2567,1407,163,641,0,0,0,0,0,113,0,59,0,0,12,0,0,0,1,0,0,91,0,0,0,0,0,21,9,0,0,0,0,0,0,15,0,0,0,9,687,58533,0,0,0,0,20,21,0,3,2,0,6,1,15,Flareon
12-11,14:22:38,NINTEN,Weedle,Gentleman,5,SS Anne,2,1:56:29.38,1:56:29,1h56m29s,9,6,15,39,7:04,12.93,POISON STING,STRING SHOT,,,37,17449,853,77,624,1550,1481,839,19,21668,Flareon, ,Bug,Poison,59542,Weedle1,Weedle,,01:56:16.44,01:56:29.38,07:04:12.07,39,9,1,56,29,38,POISON STING,STRING SHOT,,,22,40,0,0,0,0,0,0,44,109,59,56,46,46,72,30754,24780,30293,20678,20678,31973,15,15,15,15,0,0,0,0,0,0,0,66,56,46,46,72,1529122,450022,1046655,29249,3196,37,7,0,17449,17449,0,0,853,701,77,624,88,2,25516,16386,2626,2611,1413,163,645,0,0,0,0,0,113,0,59,0,0,12,0,0,0,1,0,0,91,0,0,0,0,0,21,9,0,0,0,0,0,0,15,0,0,0,9,689,59417,0,0,0,0,21,21,0,3,2,0,6,1,15,Flareon
12-11,14:22:53,NINTEN,Weedle,Lass,12,SS Anne,1,1:56:44.17,1:56:44,1h56m44s,9,6,15,39,7:05,6.425,POISON STING,STRING SHOT,,,38,17454,854,78,624,1553,1484,841,19,22858,Flareon, ,Bug,Poison,59867,Weedle1,Weedle,,01:56:37.74,01:56:44.17,07:05:10.31,39,9,1,56,44,17,POISON STING,STRING SHOT,,,19,40,0,0,0,0,0,0,44,109,59,56,46,46,72,30869,24825,30313,20703,20703,31993,15,15,15,15,0,0,0,0,0,0,0,66,56,46,46,72,1532626,450650,1048963,29817,3196,38,7,0,17454,17454,0,0,854,702,78,624,88,2,25611,16465,2626,2611,1416,164,646,0,0,0,0,0,113,0,59,0,0,12,0,0,0,1,0,0,91,0,0,0,0,0,21,9,0,0,0,0,0,0,15,0,0,0,9,690,59742,0,0,0,0,22,21,0,3,2,0,6,1,15,Flareon
12-11,14:24:05,NINTEN,Weedle,Rival3-SS Anne,1,SS Anne,4,1:57:56.74,1:57:56,1h57m56s,9,6,15,39,7:09,31.002,POISON STING,STRING SHOT,,,39,17681,870,79,624,1570,1501,855,19,23158,Flareon, ,Bug,Poison,61048,Weedle1,Weedle,Rival (SS Anne),01:57:25.74,01:57:56.74,07:09:56.15,39,9,1,57,56,74,POISON STING,STRING SHOT,,,18,40,0,0,0,0,0,0,47,109,59,56,46,46,72,31044,25071,30513,20854,20854,32230,15,15,15,15,-1,-1,0,0,0,-2,0,42,36,46,46,72,1549770,458224,1056730,31620,3196,39,7,0,17681,17681,0,0,870,703,79,624,88,2,25827,16653,2688,2673,1429,170,658,0,0,0,0,0,113,0,60,0,0,12,0,0,0,1,0,0,93,0,0,0,0,0,21,9,0,0,0,0,0,0,15,0,0,0,9,694,60923,0,0,0,0,22,21,0,3,2,0,6,1,15,Flareon
12-11,14:25:19,NINTEN,Weedle,Gentleman,3,Vermilion City - Gym,2,1:59:10.19,1:59:10,1h59m10s,9,6,15,39,7:14,11.672,POISON STING,STRING SHOT,,,40,17890,886,80,624,1576,1507,859,19,24458,Flareon, ,Bug,Poison,61950,Weedle1,Weedle,,01:58:58.51,01:59:10.19,07:14:46.25,39,9,1,59,10,19,POISON STING,STRING SHOT,,,29,40,0,0,0,0,0,0,96,109,59,56,46,46,72,31109,25136,30633,21004,21004,32375,15,15,15,15,0,-2,0,0,0,0,0,74,28,46,46,72,1567180,468536,1060046,35402,3196,40,7,0,17890,17890,0,0,886,704,80,624,88,2,25933,16752,2701,2686,1435,171,661,0,0,0,0,0,114,0,60,0,0,12,0,0,0,1,0,0,93,0,0,0,0,0,21,9,0,0,0,0,0,0,15,0,0,0,9,696,61825,0,0,0,0,22,21,0,3,2,2,6,1,15,Flareon
12-11,14:25:40,NINTEN,Weedle,Rocker,1,Vermilion City - Gym,3,1:59:31.79,1:59:31,1h59m31s,9,6,15,39,7:16,17.053,POISON STING,STRING SHOT,,,40,17898,887,81,624,1585,1516,865,19,25998,Flareon, ,Bug,Poison,63273,Weedle1,Weedle,,01:59:14.74,01:59:31.79,07:16:11.46,39,9,1,59,31,79,POISON STING,STRING SHOT,,,20,40,0,0,0,0,0,0,90,109,59,56,46,46,72,31229,25226,30783,21169,21169,32675,15,15,15,15,0,-4,0,0,0,0,0,83,18,46,46,72,1572301,469104,1064599,35402,3196,40,7,0,17898,17898,0,0,887,705,81,624,88,2,26117,16899,2707,2692,1444,174,664,0,0,0,0,0,114,0,60,0,0,12,0,0,0,1,0,0,94,0,0,0,0,0,21,9,0,0,0,0,0,0,15,0,0,0,9,699,63148,0,0,0,0,22,21,0,3,2,2,6,1,15,Flareon
12-11,14:25:53,NINTEN,Weedle,Sailor,8,Vermilion City - Gym,1,1:59:44.27,1:59:44,1h59m44s,9,6,15,39,7:17,7.745,POISON STING,STRING SHOT,,,40,17913,897,82,624,1588,1519,867,19,26498,Flareon, ,Bug,Poison,63730,Weedle1,Weedle,,01:59:36.53,01:59:44.27,07:17:01.01,39,9,1,59,44,27,POISON STING,STRING SHOT,,,17,40,0,0,0,0,0,0,66,109,59,56,46,46,72,31254,25261,30853,21264,21264,32720,15,15,15,15,0,0,0,0,0,0,0,66,56,46,46,72,1575256,469738,1066920,35402,3196,40,7,0,17913,17913,0,0,897,706,82,624,88,2,26166,16948,2731,2716,1447,174,666,0,0,0,0,0,115,0,60,0,0,12,0,0,0,1,0,0,95,0,0,0,0,0,21,9,0,0,0,0,0,0,15,0,0,0,9,700,63605,0,0,0,0,22,21,0,3,2,2,6,1,15,Flareon
12-11,14:26:46,NINTEN,Weedle,Surge,1,Vermilion City - Gym,1,2:00:37.69,2:00:37,2h0m37s,10,6,16,40,7:19,12.66,POISON STING,STRING SHOT,,,41,18022,908,83,624,1593,1523,871,19,27218,Flareon, ,Bug,Poison,64462,Weedle1,Weedle,Lt. Surge,02:00:25.03,02:00:37.69,07:19:20.35,40,10,2,0,37,69,POISON STING,STRING SHOT,,,31,40,0,0,0,0,0,0,38,111,61,58,47,47,75,31314,25351,30908,21354,21354,32820,15,15,15,15,0,0,0,0,0,0,0,68,58,47,47,75,1583635,473447,1070436,36399,3353,41,8,0,18022,18022,0,0,908,707,83,624,88,2,26243,17025,2804,2789,1451,175,669,0,0,0,0,0,116,0,60,0,0,12,0,0,0,1,0,0,96,0,0,0,0,0,21,9,0,0,0,0,0,0,15,0,0,0,9,701,64337,0,0,0,0,22,21,0,3,2,2,6,1,16,Flareon
12-11,14:29:25,NINTEN,Weedle,Wrapping Lass,5,Route 9,4,2:03:16.43,2:03:16,2h3m16s,10,6,16,40,7:29,23.494,POISON STING,STRING SHOT,,,42,18759,985,84,626,1613,1537,881,17,37890,Flareon, ,Bug,Poison,66137,Weedle1,Weedle,RTG1 - Wrapping Lass,02:02:52.94,02:03:16.43,07:29:47.04,40,10,2,3,16,43,POISON STING,STRING SHOT,,,27,40,0,0,0,0,0,0,103,111,61,58,47,47,75,31524,25711,31138,21734,21734,33150,15,15,15,15,0,0,0,0,0,0,0,68,65,47,47,75,1621224,496933,1080646,40292,3353,42,8,0,18759,18759,0,0,985,710,84,626,88,2,26552,17279,2822,2807,1464,176,674,0,0,0,0,0,120,0,60,0,0,12,0,0,0,1,0,0,97,0,0,0,0,0,21,9,0,0,0,0,0,0,20,0,0,0,9,707,66012,0,0,0,0,22,21,4,3,2,2,6,1,16,Flareon
12-11,14:29:51,NINTEN,Weedle,Youngster,14,Route 9,1,2:03:42.94,2:03:42,2h3m42s,10,6,16,40,7:31,18.58,POISON STING,STRING SHOT,,,43,18787,990,85,626,1624,1548,891,17,38250,Flareon, ,Bug,Poison,66614,Weedle1,Weedle,,02:03:24.36,02:03:42.94,07:31:32.12,40,10,2,3,42,94,POISON STING,STRING SHOT,,,16,40,0,0,0,0,0,0,59,111,61,58,47,47,75,31574,25786,31223,21764,21764,33190,15,15,15,15,0,0,0,0,0,-1,0,76,73,47,47,75,1627532,497772,1085573,40834,3353,43,8,0,18787,18787,0,0,990,711,85,626,88,2,26613,17340,2866,2851,1475,176,679,0,0,0,0,0,120,0,61,0,0,12,0,0,0,1,0,0,98,0,0,0,0,0,21,9,0,0,0,0,0,0,20,0,0,0,9,708,66489,0,0,0,0,22,21,4,3,2,2,6,1,16,Flareon
12-11,14:30:44,NINTEN,Weedle,Bug Catcher,13,Route 9,2,2:04:35.48,2:04:35,2h4m35s,10,6,16,40,7:34,14.413,POISON STING,STRING SHOT,,,44,18962,1014,86,626,1629,1553,894,17,38610,Flareon, ,Bug,Poison,67906,Weedle1,Weedle,,02:04:21.07,02:04:35.48,07:34:59.37,40,10,2,4,35,48,POISON STING,STRING SHOT,,,30,40,0,0,0,0,0,0,97,111,61,58,47,47,75,31704,25946,31303,21854,21854,33340,15,15,15,15,0,0,0,0,0,0,0,68,65,47,47,75,1639977,503486,1089480,43658,3353,44,8,0,18962,18962,0,0,1014,712,86,626,88,2,26757,17452,2880,2865,1480,176,681,0,0,0,0,0,122,0,61,0,0,12,0,0,0,1,0,0,98,0,0,0,0,0,21,9,0,0,0,0,0,0,20,0,0,0,9,710,67781,0,0,0,0,22,21,4,3,2,2,6,1,16,Flareon
12-11,14:31:06,NINTEN,Weedle,Bug Catcher,14,Route 9,3,2:04:57.38,2:04:57,2h4m57s,10,6,16,40,7:36,15.552,POISON STING,STRING SHOT,,,44,18994,1025,87,626,1636,1559,898,17,38800,Flareon, ,Bug,Poison,68675,Weedle1,Weedle,,02:04:41.83,02:04:57.38,07:36:26.08,40,10,2,4,57,38,POISON STING,STRING SHOT,,,24,40,0,0,0,0,0,0,52,111,61,58,47,47,75,31849,26066,31418,21934,21934,33480,15,15,15,15,0,0,0,0,0,0,0,68,65,47,47,75,1645168,504440,1093717,43658,3353,44,8,0,18994,18994,0,0,1025,713,87,626,88,2,26953,17609,2925,2910,1486,176,685,0,0,0,0,0,123,0,61,0,0,13,0,0,0,1,0,0,98,0,0,0,0,0,22,10,0,0,0,0,0,0,20,0,0,0,9,713,68550,0,0,0,0,22,21,4,3,2,2,6,1,16,Flareon
12-11,14:31:30,NINTEN,Weedle,Jr Trainer F,6,Route 9,1,2:05:21.79,2:05:21,2h5m21s,10,6,16,41,7:38,7.3,POISON STING,STRING SHOT,,,44,19110,1039,88,626,1639,1562,900,17,39000,Flareon, ,Bug,Poison,69014,Weedle1,Weedle,,02:05:14.49,02:05:21.79,07:38:02.37,41,10,2,5,21,79,POISON STING,STRING SHOT,,,32,40,0,0,0,0,0,0,108,114,62,59,48,48,77,31889,26111,31453,21974,21974,33570,15,15,15,15,0,0,0,0,0,0,0,69,66,48,48,77,1650957,508003,1095943,43658,3353,44,8,0,19110,19110,0,0,1039,714,88,626,88,2,27019,17664,2931,2916,1489,177,686,0,0,0,0,0,123,0,61,0,0,13,0,0,0,1,0,0,98,0,0,0,0,0,22,10,0,0,0,0,0,0,20,0,0,0,9,714,68889,0,0,0,0,22,21,4,3,2,2,6,1,16,Flareon
12-11,14:31:51,NINTEN,Weedle,Jr Trainer F,7,Route 10,2,2:05:42.76,2:05:42,2h5m42s,10,6,16,41,7:39,11.902,POISON STING,STRING SHOT,,,44,19162,1042,89,626,1645,1568,904,17,39506,Flareon, ,Bug,Poison,69630,Weedle1,Weedle,,02:05:30.85,02:05:42.76,07:39:25.14,41,10,2,5,42,76,POISON STING,STRING SHOT,,,26,40,0,0,0,0,0,0,92,114,62,59,48,48,77,32074,26201,31521,22059,22059,33625,15,15,15,15,-1,0,0,0,0,0,0,45,74,48,48,77,1655914,509206,1099697,43658,3353,44,8,0,19162,19162,0,0,1042,715,89,626,88,2,27184,17804,2947,2932,1495,177,689,0,0,0,0,0,124,0,62,0,0,13,0,0,0,1,0,0,98,0,0,0,0,0,22,10,0,0,0,0,0,0,20,0,0,0,9,716,69505,0,0,0,0,22,21,4,3,2,2,6,1,16,Flareon
12-11,14:43:01,NINTEN,Weedle,Slowbone,7,Rock Tunnel - 1,2,2:16:52.85,2:16:52,2h16m52s,12,6,18,43,8:17,26.439,POISON STING,STRING SHOT,,,46,20706,1145,90,678,1797,1720,1009,18,38856,Flareon, ,Bug,Poison,80434,Weedle1,Weedle,,02:16:26.41,02:16:52.85,08:17:57.50,43,12,2,16,52,85,POISON STING,STRING SHOT,,,24,40,0,0,0,0,0,0,20,120,66,63,51,51,81,34082,28978,34342,24969,24969,36628,15,15,15,15,-2,-1,0,0,0,0,0,41,46,51,51,81,1794675,549056,1192618,49491,3510,46,9,0,20706,20706,0,0,1145,768,90,678,88,2,30200,20180,3442,3427,1646,187,789,0,0,0,0,0,146,0,69,0,0,13,0,0,0,1,0,0,112,0,0,0,0,0,22,10,0,0,0,0,0,0,20,0,0,0,9,770,80309,0,0,0,0,23,24,4,3,2,2,6,1,18,Flareon
12-11,14:43:55,NINTEN,Weedle,Pokemaniac,5,Rock Tunnel,1,2:17:46.07,2:17:46,2h17m46s,12,6,18,43,8:21,12.429,POISON STING,STRING SHOT,,,47,20825,1162,91,681,1803,1726,1014,19,40006,Flareon, ,Bug,Poison,80963,Weedle1,Weedle,,02:17:33.64,02:17:46.07,08:21:27.23,43,12,2,17,46,7,POISON STING,STRING SHOT,,,29,40,0,0,0,0,0,0,15,120,66,63,51,51,81,34172,29043,34407,25009,25009,36643,15,15,15,15,0,0,0,0,0,0,0,74,70,51,51,81,1807248,554376,1198008,51354,3510,47,9,0,20825,20825,0,0,1162,772,91,681,91,2,30294,20264,3547,3532,1652,187,794,0,0,0,0,0,146,0,69,0,0,14,0,0,0,1,0,0,112,0,0,0,0,0,23,10,0,0,0,0,0,0,20,0,0,0,9,771,80838,0,0,0,0,24,24,4,3,2,2,6,1,18,Flareon
12-11,14:44:28,NINTEN,Weedle,Status-Condition-Jr-Trainer,10,Rock Tunnel,2,2:18:19.06,2:18:19,2h18m19s,12,6,18,43,8:23,12.614,POISON STING,STRING SHOT,,,47,20926,1166,92,681,1809,1732,1018,19,41256,Flareon, ,Bug,Poison,81631,Weedle1,Weedle,RTG4 - Status Jr Trainer,02:18:06.44,02:18:19.06,08:23:36.38,43,12,2,18,19,6,POISON STING,STRING SHOT,,,29,40,0,0,0,0,0,0,119,120,66,63,51,51,81,34262,29142,34511,25149,25149,36718,15,15,15,15,-1,0,0,0,0,0,0,48,78,51,51,81,1815003,557983,1201398,52112,3510,47,9,0,20926,20926,0,0,1166,773,92,681,91,2,30419,20375,3548,3533,1658,187,797,0,0,0,0,0,147,0,69,0,0,14,0,0,0,1,0,0,112,0,0,0,0,0,23,10,0,0,0,0,0,0,20,0,0,0,9,773,81506,0,0,0,0,24,24,4,3,2,2,6,1,18,Flareon
12-11,14:45:58,NINTEN,Weedle,Selfdestructing Hiker,9,Rock Tunnel,3,2:19:49.14,2:19:49,2h19m49s,13,6,19,43,8:27,19.346,POISON STING,STRING SHOT,,,48,21040,1188,93,687,1816,1739,1025,19,41696,Flareon, ,Bug,Poison,83008,Weedle1,Weedle,,02:19:29.79,02:19:49.14,08:27:27.44,43,13,2,19,49,14,POISON STING,STRING SHOT,,,22,40,0,0,0,0,0,0,14,120,66,63,51,51,81,34397,29397,34826,25254,25254,36793,15,15,15,15,0,0,0,0,0,0,0,74,70,51,51,81,1828874,561605,1210817,52785,3667,48,10,0,21040,21040,0,0,1188,780,93,687,97,2,30434,20390,3653,3638,1665,187,802,0,0,0,0,0,147,0,69,0,0,14,0,0,0,1,0,0,114,0,0,0,0,0,23,10,0,0,0,0,0,0,20,0,0,0,9,776,82883,0,0,0,0,24,24,4,3,2,2,6,1,19,Flareon
12-11,14:46:38,NINTEN,Weedle,Finisher,18,Rock Tunnel - 1,3,2:20:29.93,2:20:29,2h20m29s,13,6,19,43,8:30,20.656,POISON STING,STRING SHOT,,,49,21094,1203,94,687,1828,1748,1035,17,42431,Flareon,Paralyzed,Bug,Poison,83871,Weedle1,Weedle,RTG6 - Finisher,02:20:09.28,02:20:29.93,08:30:09.11,43,13,2,20,29,93,POISON STING,STRING SHOT,,,13,40,0,0,0,0,0,0,102,120,66,63,51,51,81,34522,29537,34956,25404,25404,36969,15,15,15,15,-1,0,0,0,0,0,0,48,78,51,51,20,1838561,563719,1216110,55065,3667,49,10,0,21094,21094,0,0,1203,781,94,687,97,2,30589,20542,3671,3656,1674,189,810,0,0,0,0,0,147,0,69,0,0,14,0,1,0,1,0,0,114,0,0,0,0,0,23,10,9,3,0,0,0,0,20,0,0,0,9,779,83746,0,0,0,0,24,24,4,3,2,2,6,1,19,Flareon
12-11,14:47:24,NINTEN,Weedle,Gambler,7,Route 8,2,2:21:15.01,2:21:15,2h21m15s,13,6,19,43,8:33,14.361,POISON STING,STRING SHOT,,,50,21295,1218,95,687,1835,1755,1040,18,42831,Flareon, ,Bug,Poison,84663,Weedle1,Weedle,,02:21:00.65,02:21:15.01,08:33:07.19,43,13,2,21,15,1,POISON STING,STRING SHOT,,,28,40,0,0,0,0,0,0,92,120,66,63,51,51,81,34615,29648,35041,25519,25519,37094,15,15,15,15,0,-1,0,0,0,0,0,83,46,51,51,81,1849249,569939,1220001,55642,3667,50,10,0,21295,21295,0,0,1218,782,95,687,97,2,30736,20662,3699,3684,1680,190,813,0,0,0,0,0,147,0,69,0,0,14,0,1,0,1,0,0,116,0,0,0,0,0,23,10,9,3,0,0,0,0,20,0,0,0,9,781,84538,0,0,0,0,25,24,4,3,2,2,6,1,19,Flareon
12-11,14:47:50,NINTEN,Weedle,Lass,16,Route 8,2,2:21:41.88,2:21:41,2h21m41s,13,6,19,44,8:34,21.439,POISON STING,STRING SHOT,,,51,21299,1219,96,687,1844,1764,1047,18,44511,Flareon, ,Bug,Poison,85301,Weedle1,Weedle,,02:21:20.44,02:21:41.88,08:34:53.43,44,13,2,21,41,88,POISON STING,STRING SHOT,,,19,40,0,0,0,0,0,0,58,122,67,65,53,53,83,34755,29738,35137,25639,25639,37164,15,15,15,15,-2,0,0,0,0,0,0,37,73,53,53,83,1855633,570194,1225590,56182,3667,51,10,0,21299,21299,0,0,1219,783,96,687,97,2,30881,20794,3735,3720,1689,191,819,0,0,0,0,0,147,0,70,0,0,14,0,1,0,1,0,0,117,0,0,0,0,0,23,10,9,3,0,0,0,0,20,0,0,0,9,783,85176,0,0,0,0,25,24,4,3,2,2,6,1,19,Flareon
12-11,14:49:06,NINTEN,Weedle,Rocket,7,Celadon City - Game Corner,2,2:22:57.65,2:22:57,2h22m57s,13,6,19,44,8:39,15.23,POISON STING,STRING SHOT,,,52,21615,1246,97,687,1851,1771,1052,16,44841,Flareon, ,Bug,Poison,86028,Weedle1,Weedle,,02:22:42.42,02:22:57.65,08:39:53.27,44,13,2,22,57,65,POISON STING,STRING SHOT,,,28,40,0,0,0,0,0,0,73,122,67,65,53,53,83,34850,29864,35232,25729,25729,37316,15,15,15,15,0,0,0,0,0,0,0,75,73,53,53,83,1873617,582705,1230130,57115,3667,52,10,0,21615,21615,0,0,1246,784,97,687,97,2,31000,20898,3784,3769,1696,191,824,0,0,0,0,0,147,0,71,0,0,14,0,1,0,1,0,0,118,0,0,0,0,0,23,10,9,3,0,0,0,0,20,0,0,0,9,785,85903,0,0,0,0,28,24,4,3,2,2,6,1,19,Flareon
12-11,14:49:49,NINTEN,Weedle,Rocket,15,Rocket Hideout 3,2,2:23:40.54,2:23:40,2h23m40s,13,6,19,44,8:42,13.067,POISON STING,STRING SHOT,,,53,21783,1265,98,687,1857,1777,1056,17,45441,Flareon, ,Bug,Poison,86820,Weedle1,Weedle,,02:23:27.48,02:23:40.54,08:42:43.17,44,13,2,23,40,54,POISON STING,STRING SHOT,,,22,40,0,0,0,0,0,0,43,122,67,65,53,53,83,34990,30024,35332,25799,25799,37386,15,15,15,15,0,0,0,0,0,0,0,75,73,53,53,83,1883807,588765,1233711,57664,3667,53,10,0,21783,21783,0,0,1265,785,98,687,97,2,31137,21024,3814,3799,1702,191,828,0,0,0,0,0,147,0,73,0,0,14,0,1,0,1,0,0,119,0,0,0,0,0,23,10,9,3,0,0,0,0,20,0,0,0,9,787,86695,0,0,0,0,31,24,4,3,2,2,6,1,19,Flareon
12-11,14:52:18,NINTEN,Weedle,Lass,17,Celadon City - Gym,2,2:26:09.07,2:26:09,2h26m9s,13,6,19,44,8:52,18.128,POISON STING,STRING SHOT,,,54,22335,1330,99,687,1869,1784,1064,9,80571,Flareon,Paralyzed,Bug,Poison,87978,Weedle1,Weedle,,02:25:50.94,02:26:09.07,08:52:30.33,44,13,2,26,9,7,POISON STING,STRING SHOT,,,42,40,0,0,2,0,0,0,107,122,67,65,53,53,83,35105,30189,35417,25954,25954,37481,15,15,15,15,0,0,0,0,0,0,0,75,73,53,53,20,1919043,614730,1238527,62119,3667,54,10,0,22335,22335,0,0,1330,786,99,687,97,2,31291,21149,3829,3814,1709,192,831,0,0,0,0,0,147,0,73,0,0,14,0,2,0,1,0,0,119,0,0,0,0,0,23,10,10,3,0,0,0,0,20,0,0,0,9,789,87853,0,0,0,0,36,27,26,3,2,3,6,1,19,Flareon
12-11,14:52:45,NINTEN,Weedle,Beauty,2,Celadon City - Gym,2,2:26:36.61,2:26:36,2h26m36s,13,6,19,44,8:54,16.534,POISON STING,STRING SHOT,,,55,22342,1334,100,687,1880,1790,1068,9,80916,Flareon, ,Bug,Poison,88842,Weedle1,Weedle,,02:26:20.07,02:26:36.61,08:54:19.30,44,13,2,26,36,61,POISON STING,STRING SHOT,,,36,40,0,0,2,0,0,0,83,122,67,65,53,53,83,35205,30339,35487,26094,26094,37561,15,15,15,15,0,0,0,0,0,0,0,75,73,53,53,83,1925580,615305,1242943,63665,3667,55,10,0,22342,22342,0,0,1334,787,100,687,97,2,31450,21271,3853,3838,1715,193,834,0,0,0,0,0,147,0,73,0,0,14,0,2,0,1,0,0,119,0,0,0,0,0,23,10,10,3,0,0,0,0,20,0,0,0,9,791,88717,0,0,0,0,36,27,26,3,2,3,6,1,19,Flareon
12-11,14:53:24,NINTEN,Weedle,Beauty,1,Celadon City - Gym,4,2:27:15.02,2:27:15,2h27m15s,13,6,19,44,8:56,27.161,POISON STING,STRING SHOT,,,56,22355,1336,101,687,1897,1801,1075,8,82596,Flareon, ,Bug,Poison,90300,Weedle1,Weedle,,02:26:47.86,02:27:15.02,08:56:51.31,44,13,2,27,15,2,POISON STING,STRING SHOT,,,25,40,0,0,2,0,0,0,102,122,67,65,53,53,83,35395,30589,35667,26384,26384,37701,15,15,15,15,0,0,0,0,0,0,0,75,73,53,53,83,1934701,616014,1249876,65144,3667,56,10,0,22355,22355,0,0,1336,788,101,687,97,2,31719,21489,3873,3858,1726,193,839,0,0,0,0,0,148,0,73,0,0,14,0,2,0,1,0,0,119,0,0,0,0,0,23,10,10,3,0,0,0,0,20,0,0,0,9,795,90175,0,0,0,0,36,27,26,3,2,3,6,1,19,Flareon
12-11,14:53:53,NINTEN,Weedle,Jr Trainer F,11,Celadon City - Gym,2,2:27:44.04,2:27:44,2h27m44s,13,6,19,45,8:58,22.758,POISON STING,STRING SHOT,,,57,22362,1337,102,687,1907,1811,1083,8,84066,Flareon, ,Bug,Poison,91352,Weedle1,Weedle,,02:27:21.28,02:27:44.04,08:58:46.22,45,13,2,27,44,4,POISON STING,STRING SHOT,,,15,40,0,0,2,0,0,0,51,125,69,66,54,54,85,35500,30700,35779,26529,26529,37806,15,15,15,15,0,0,0,0,0,0,0,77,74,54,54,85,1941592,616427,1255772,65726,3667,57,10,0,22362,22362,0,0,1337,789,102,687,97,2,31902,21663,3927,3912,1736,194,844,0,0,0,0,0,149,0,73,0,0,14,0,2,0,1,0,0,119,0,0,0,0,0,23,10,10,3,0,0,0,0,20,0,0,0,9,797,91227,0,0,0,0,36,27,26,3,2,3,6,1,19,Flareon
12-11,14:55:37,NINTEN,Weedle,Beauty,3,Celadon City - Gym,1,2:29:28.27,2:29:28,2h29m28s,14,6,20,45,9:01,8.908,POISON STING,STRING SHOT,,,58,22516,1356,103,687,1910,1814,1086,8,84546,Flareon, ,Bug,Poison,91898,Weedle1,Weedle,,02:29:19.36,02:29:28.27,09:01:43.37,45,14,2,29,28,27,POISON STING,STRING SHOT,,,46,40,0,0,2,0,0,0,125,125,69,66,54,54,85,35560,30740,35859,26589,26589,37846,15,15,15,15,0,0,0,0,0,0,0,77,74,54,54,85,1952233,621822,1258773,67816,3822,58,11,0,22516,22516,0,0,1356,790,103,687,97,2,31973,21734,3927,3912,1739,196,845,0,0,0,0,0,149,0,73,0,0,14,0,2,0,1,0,0,120,0,0,0,0,0,23,10,10,3,0,0,0,0,20,0,0,0,9,798,91773,0,0,0,0,36,27,26,3,2,3,6,1,20,Flareon
12-11,14:57:05,NINTEN,Weedle,Blackbelt,5,Saffron City - Fighting Dojo,3,2:30:56.93,2:30:56,2h30m56s,15,6,21,45,9:05,29.105,POISON STING,STRING SHOT,,,59,22623,1361,104,687,1927,1831,1099,7,86366,Flareon, ,Bug,Poison,93959,Weedle1,Weedle,,02:30:27.82,02:30:56.93,09:05:34.08,45,15,2,30,56,93,POISON STING,STRING SHOT,,,29,40,0,0,2,0,0,0,14,125,69,66,54,54,85,35735,31005,36004,26719,26719,38046,15,15,15,15,0,0,0,0,0,0,0,77,74,54,54,85,1966069,625936,1266187,69957,3989,59,12,0,22623,22623,0,0,1361,791,104,687,97,2,32262,21979,4038,4023,1756,197,856,0,0,0,0,0,149,0,73,0,0,14,0,2,0,1,0,0,120,0,0,0,0,0,23,10,10,3,0,0,0,0,20,0,0,0,9,801,93834,0,0,0,0,36,27,26,3,2,3,6,1,21,Flareon
12-11,14:57:49,NINTEN,Weedle,Blackbelt,3,Saffron City - Fighting Dojo,2,2:31:40.46,2:31:40,2h31m40s,15,6,21,45,9:08,23.406,POISON STING,STRING SHOT,,,60,22699,1363,105,687,1938,1842,1108,7,87141,Flareon, ,Bug,Poison,95562,Weedle1,Weedle,,02:31:17.06,02:31:40.46,09:08:26.11,45,15,2,31,40,46,POISON STING,STRING SHOT,,,38,40,0,0,2,0,0,0,43,125,69,66,54,54,85,35885,31185,36124,26804,26804,38126,15,15,15,15,0,-1,0,0,0,0,0,86,48,54,54,85,1976392,629082,1272258,71063,3989,60,12,0,22699,22699,0,0,1363,792,105,687,97,2,32463,22171,4120,4105,1767,197,864,0,0,0,0,0,149,0,75,0,0,14,0,2,0,1,0,0,122,0,0,0,0,0,23,10,10,3,0,0,0,0,20,0,0,0,9,803,95437,0,0,0,0,36,27,26,3,2,3,6,1,21,Flareon
12-11,14:58:25,NINTEN,Weedle,Blackbelt,4,Saffron City - Fighting Dojo,1,2:32:16.01,2:32:16,2h32m16s,15,6,21,45,9:10,14.619,POISON STING,STRING SHOT,,,61,22787,1366,106,687,1944,1848,1113,7,87941,Flareon, ,Bug,Poison,96711,Weedle1,Weedle,,02:32:01.39,02:32:16.01,09:10:46.35,45,15,2,32,16,1,POISON STING,STRING SHOT,,,43,40,0,0,2,0,0,0,75,125,69,66,54,54,85,35950,31290,36184,26864,26864,38221,15,15,15,15,0,0,0,0,0,0,0,77,74,54,54,85,1984816,632520,1276231,72076,3989,61,12,0,22787,22787,0,0,1366,793,106,687,97,2,32574,22269,4170,4155,1773,197,868,0,0,0,0,0,149,0,75,0,0,14,0,2,0,1,0,0,123,0,0,0,0,0,23,10,10,3,0,0,0,0,20,0,0,0,9,804,96586,0,0,0,0,36,27,26,3,2,3,6,1,21,Flareon
12-11,14:58:56,NINTEN,Weedle,Blackbelt,2,Saffron City - Fighting Dojo,3,2:32:47.19,2:32:47,2h32m47s,15,6,21,46,9:12,25.297,POISON STING,STRING SHOT,,,62,22788,1366,107,687,1956,1860,1120,7,88841,Flareon, ,Bug,Poison,98679,Weedle1,Weedle,,02:32:21.90,02:32:47.19,09:12:50.07,46,15,2,32,47,19,POISON STING,STRING SHOT,,,31,40,0,0,2,0,0,0,30,128,71,68,56,56,87,36095,31555,36314,26994,26994,38456,15,15,15,15,0,0,0,0,0,0,0,79,76,56,56,87,1992228,632865,1282742,72632,3989,62,12,0,22788,22788,0,0,1366,794,107,687,97,2,32834,22495,4218,4203,1785,198,873,0,0,0,0,0,150,0,75,0,0,14,0,2,0,1,0,0,125,0,0,0,0,0,23,10,10,3,0,0,0,0,20,0,0,0,9,807,98554,0,0,0,0,36,27,26,3,2,3,6,1,21,Flareon
12-11,15:00:05,NINTEN,Weedle,Rival4-Pkmn Tower,3,Pokemon Tower - 2F,5,2:33:56.15,2:33:56,2h33m56s,15,6,21,46,9:17,41.126,POISON STING,STRING SHOT,,,63,22841,1371,108,687,1977,1881,1139,7,89616,Flareon, ,Bug,Poison,101329,Weedle1,Weedle,Rival (Pokemon Tower),02:33:15.02,02:33:56.15,09:17:22.26,46,15,2,33,56,15,POISON STING,STRING SHOT,,,28,40,0,0,2,0,0,0,68,128,71,68,56,56,87,36320,31875,36684,27290,27290,38736,15,15,15,15,-3,0,0,0,0,0,0,31,106,56,56,87,2008567,635973,1293302,75303,3989,63,12,0,22841,22841,0,0,1371,795,108,687,97,2,33179,22781,4278,4263,1806,201,886,0,0,0,0,0,153,0,75,0,0,14,0,2,0,1,0,0,128,0,0,0,0,0,23,10,10,3,0,0,0,0,20,0,0,0,9,812,101204,0,0,0,0,36,27,26,3,2,3,6,1,21,Flareon
12-11,15:02:35,NINTEN,Weedle,Cooltrainer F,1,Celadon City - Gym,3,2:36:26.68,2:36:26,2h36m26s,17,6,23,46,9:24,45.934,POISON STING,STRING SHOT,,,65,23073,1380,109,689,2003,1897,1157,7,91241,Flareon,Paralyzed,Bug,Poison,103506,Weedle1,Weedle,,02:35:40.74,02:36:26.68,09:24:10.00,46,17,2,36,26,68,POISON STING,STRING SHOT,,,33,40,0,0,2,0,0,0,6,128,71,68,56,56,87,36505,32092,36867,27540,27540,38891,15,15,15,15,-1,0,0,0,0,0,0,51,85,56,56,5,2033027,643991,1306162,78726,4148,65,13,0,23073,23073,0,0,1380,798,109,689,99,2,33481,23057,4400,4385,1822,202,902,0,0,0,0,0,156,0,77,0,0,14,0,3,0,1,0,0,128,0,0,0,0,0,23,10,27,8,0,0,0,0,20,0,0,0,9,815,103381,0,0,0,0,36,27,26,3,2,3,6,1,23,Flareon
12-11,15:03:48,NINTEN,Weedle,Lass,18,Celadon City - Gym,2,2:37:39.46,2:37:39,2h37m39s,17,6,23,47,9:28,38.295,POISON STING,STRING SHOT,,,66,23204,1388,110,689,2026,1904,1178,7,92081,Flareon, ,Bug,Poison,104539,Weedle1,Weedle,,02:37:01.16,02:37:39.46,09:28:57.42,47,17,2,37,39,46,POISON STING,STRING SHOT,,,42,40,0,0,2,0,0,0,113,131,73,69,57,57,89,36610,32207,36992,27700,27700,38961,15,15,15,15,0,0,0,0,0,0,0,82,77,57,57,89,2050289,649121,1315781,81239,4148,66,13,0,23204,23204,0,0,1388,799,110,689,99,2,33639,23196,4418,4403,1829,202,923,0,0,0,0,0,157,0,77,0,0,14,0,3,0,1,0,0,128,0,0,0,0,0,23,10,27,8,0,0,0,0,33,0,0,0,9,817,104414,0,0,0,0,36,27,26,3,2,3,6,1,23,Flareon
12-11,15:06:13,NINTEN,Weedle,Erika,1,Celadon City - Gym,3,2:40:04.08,2:40:04,2h40m4s,20,6,26,47,9:31,32.152,POISON STING,STRING SHOT,,,67,23206,1390,111,689,2042,1919,1190,7,92426,Flareon,Paralyzed,Bug,Poison,107544,Weedle1,Weedle,Erika,02:39:31.93,02:40:04.08,09:31:42.35,47,20,2,40,4,8,POISON STING,STRING SHOT,,,27,40,0,0,2,0,0,0,2,131,73,69,57,57,89,36800,32417,37227,27970,27970,39116,15,15,15,15,0,0,0,0,0,0,0,82,77,57,57,22,2060188,650101,1324263,81522,4302,67,14,0,23206,23206,0,0,1390,800,111,689,99,2,33930,23452,4529,4514,1844,203,936,0,0,0,0,0,159,0,80,0,0,14,0,4,0,1,0,0,128,0,0,0,0,0,23,10,36,8,2,1,0,0,33,0,0,0,9,820,107419,0,0,0,0,36,27,26,3,2,3,6,1,26,Flareon
12-11,15:23:23,NINTEN,Weedle,Youngster,10,Route 11,2,2:57:14.11,2:57:14,2h57m14s,29,7,36,50,10:23,18.413,POISON STING,STRING SHOT,,,69,24947,1557,112,768,2225,2102,1284,9,85594,Flareon, ,Bug,Poison,125678,Weedle1,Weedle,,02:56:55.70,02:57:14.11,10:23:33.11,50,29,2,57,14,11,POISON STING,STRING SHOT,,,41,40,0,0,2,0,0,0,115,139,79,74,62,62,97,37745,36902,39372,31625,31625,46696,15,15,15,15,0,0,0,0,0,-3,0,124,117,62,62,97,2246835,698256,1451022,92934,4623,69,16,0,24947,24947,0,0,1557,880,112,768,100,2,37680,26272,4919,4904,2013,225,1022,0,0,0,0,0,176,0,92,0,0,14,0,4,0,1,0,0,140,0,0,0,0,0,23,10,36,8,2,1,0,0,33,0,0,0,9,900,125553,0,0,0,0,36,47,26,3,2,3,7,1,36,Flareon
12-11,15:26:18,NINTEN,Weedle,Fisher,3,Route 12,3,3:00:09.35,3:00:09,3h0m9s,29,7,36,50,10:35,19.618,POISON STING,STRING SHOT,,,69,25293,1592,113,787,2274,2148,1308,9,85879,Flareon, ,Bug,Poison,131170,Weedle1,Weedle,,02:59:49.74,03:00:09.35,10:35:03.48,50,29,3,0,9,35,POISON STING,STRING SHOT,,,42,40,0,0,2,0,0,0,98,139,79,74,62,62,97,38065,38131,40007,32620,32620,48717,15,15,15,15,0,0,0,0,0,0,0,88,83,62,62,97,2288272,706876,1482700,94073,4623,69,16,0,25293,25293,0,0,1592,900,113,787,100,2,38851,27092,5006,4991,2055,233,1042,0,0,0,0,0,183,0,94,0,0,14,0,4,0,1,0,0,142,0,0,0,0,0,23,10,36,8,2,1,0,0,35,0,0,0,9,922,131045,0,0,0,0,36,47,26,3,2,3,7,1,36,Flareon
12-11,15:26:40,NINTEN,Weedle,Fisher,4,Route 12,2,3:00:31.68,3:00:31,3h0m31s,29,7,36,50,10:36,17.443,POISON STING,STRING SHOT,,,69,25307,1604,114,787,2285,2155,1313,9,86649,Flareon, ,Bug,Poison,132280,Weedle1,Weedle,,03:00:14.24,03:00:31.68,10:36:32.08,50,29,3,0,31,68,POISON STING,STRING SHOT,,,35,40,0,0,2,0,0,0,70,139,79,74,62,62,97,38150,38238,40102,32770,32770,48850,15,15,15,15,0,0,0,0,0,0,0,88,83,62,62,97,2293572,707526,1487350,94073,4623,69,16,0,25307,25307,0,0,1604,901,114,787,100,2,38985,27208,5034,5019,2062,235,1045,0,0,0,0,0,183,0,94,0,0,14,0,4,0,1,0,0,143,0,0,0,0,0,23,10,36,8,2,1,0,0,35,0,0,0,9,924,132155,0,0,0,0,36,47,26,3,2,3,7,1,36,Flareon
12-11,15:27:08,NINTEN,Weedle,Fisher,5,Route 12,1,3:00:59.20,3:00:59,3h0m59s,29,7,36,51,10:38,7.708,POISON STING,STRING SHOT,,,69,25410,1608,115,787,2288,2158,1315,9,87489,Flareon, ,Bug,Poison,132922,Weedle1,Weedle,,03:00:51.49,03:00:59.20,10:38:20.33,51,29,3,0,59,20,POISON STING,STRING SHOT,,,46,40,0,0,2,0,0,0,121,142,80,76,63,63,99,38195,38305,40162,32820,32820,48913,15,15,15,15,0,0,0,0,0,0,0,90,85,63,63,99,2300077,711083,1489681,94690,4623,69,16,0,25410,25410,0,0,1608,902,115,787,100,2,39053,27273,5055,5040,2065,235,1047,0,0,0,0,0,183,0,94,0,0,14,0,4,0,1,0,0,143,0,0,0,0,0,23,10,36,8,2,1,0,0,35,0,0,0,9,925,132797,0,0,0,0,36,47,26,3,2,3,7,1,36,Flareon
12-11,15:27:35,NINTEN,Weedle,Fisher,6,Route 12,4,3:01:26.43,3:01:26,3h1m26s,29,7,36,51,10:40,20.371,POISON STING,STRING SHOT,,,69,25428,1609,116,787,2299,2169,1322,9,88434,Flareon, ,Bug,Poison,134576,Weedle1,Weedle,,03:01:06.05,03:01:26.43,10:40:08.01,51,29,3,1,26,43,POISON STING,STRING SHOT,,,35,40,0,0,2,0,0,0,103,142,80,76,63,63,99,38340,38527,40432,33025,33025,49166,15,15,15,15,0,0,0,0,-1,0,0,101,95,63,63,65,2306525,711819,1495393,94690,4623,69,16,0,25428,25428,0,0,1609,903,116,787,100,2,39300,27469,5073,5058,2076,235,1050,0,0,0,0,0,184,0,95,0,0,14,0,4,0,1,0,0,144,0,0,0,0,0,23,10,36,8,2,1,0,0,35,0,0,0,9,929,134451,0,0,0,0,36,47,26,3,2,3,7,1,36,Flareon
12-11,15:28:07,NINTEN,Weedle,Pokemaniac,2,Route 10,2,3:01:58.82,3:01:58,3h1m58s,29,7,36,51,10:42,17.719,POISON STING,STRING SHOT,,,69,25496,1621,117,787,2307,2177,1328,9,89169,Flareon, ,Bug,Poison,135371,Weedle1,Weedle,RTG3 - Pokemaniac 2,03:01:41.09,03:01:58.82,10:42:16.07,51,29,3,1,58,82,POISON STING,STRING SHOT,,,27,40,0,0,2,0,0,0,59,142,80,76,63,63,99,38480,38642,40592,33105,33105,49216,15,15,15,15,-1,-1,0,0,0,0,0,65,56,63,63,99,2314211,713713,1500108,95767,4623,69,16,0,25496,25496,0,0,1621,904,117,787,100,2,39429,27591,5117,5102,2084,235,1056,0,0,0,0,0,186,0,95,0,0,14,0,4,0,1,0,0,145,0,0,0,0,0,23,10,36,8,2,1,0,0,35,0,0,0,9,931,135246,0,0,0,0,36,47,26,3,2,3,7,1,36,Flareon
12-11,15:28:30,NINTEN,Weedle,Jr Trainer F,8,Route 10,2,3:02:21.85,3:02:21,3h2m21s,29,7,36,51,10:43,9.086,POISON STING,STRING SHOT,,,69,25581,1643,118,787,2311,2181,1330,9,90169,Flareon, ,Bug,Poison,136126,Weedle1,Weedle,,03:02:12.76,03:02:21.85,10:43:47.00,51,29,3,2,21,85,POISON STING,STRING SHOT,,,45,40,0,0,2,0,0,0,137,142,80,76,63,63,99,38583,38747,40687,33190,33190,49343,15,15,15,15,0,0,0,0,0,0,0,90,85,63,63,99,2319664,716513,1502761,95767,4623,69,16,0,25581,25581,0,0,1643,905,118,787,100,2,39565,27702,5122,5107,2088,235,1057,0,0,0,0,0,187,0,95,0,0,14,0,4,0,1,0,0,146,0,0,0,0,0,23,10,36,8,2,1,0,0,35,0,0,0,9,933,136001,0,0,0,0,36,47,26,3,2,3,7,1,36,Flareon
12-11,15:33:39,NINTEN,Weedle,Agatha Jr,10,Pokemon Tower - 4F,2,3:07:30.17,3:07:30,3h7m30s,32,7,39,52,10:58,21.371,POISON STING,STRING SHOT,,,70,26035,1695,119,807,2369,2239,1361,9,90589,Flareon,Paralyzed,Bug,Poison,141655,Weedle1,Weedle,,03:07:08.80,03:07:30.17,10:58:50.07,52,32,3,7,30,17,POISON STING,STRING SHOT,,,39,40,0,0,2,0,0,0,100,144,83,78,65,65,101,38868,39942,41272,34315,34315,51428,15,15,15,15,0,0,0,0,0,0,0,93,87,65,65,25,2373856,730514,1539918,98646,4779,70,17,0,26035,26035,0,0,1695,926,119,807,100,2,40622,28513,5322,5307,2137,246,1087,0,0,0,0,0,190,0,99,0,0,15,0,5,0,1,0,0,148,0,0,0,0,0,25,10,39,8,2,1,0,0,35,0,0,0,9,955,141530,0,0,0,0,36,47,26,3,2,3,7,1,39,Flareon
12-11,15:35:06,NINTEN,Weedle,Channeler,21,Pokemon Tower - 6F,1,3:08:57.80,3:08:57,3h8m57s,34,7,41,52,11:01,14.415,POISON STING,STRING SHOT,,,71,26131,1720,120,808,2376,2245,1367,10,91279,Flareon, ,Bug,Poison,142142,Weedle1,Weedle,,03:08:43.39,03:08:57.80,11:01:33.51,52,34,3,8,57,80,POISON STING,STRING SHOT,,,43,40,0,0,2,0,0,0,97,144,83,78,65,65,101,38898,39977,41302,34415,34415,51508,15,15,15,15,0,0,0,0,0,0,0,93,87,65,65,101,2383685,735068,1544444,99240,4934,71,18,0,26131,26131,0,0,1720,928,120,808,101,2,40674,28565,5369,5354,2143,248,1093,0,0,0,0,0,190,0,99,0,0,17,0,5,0,1,0,0,148,0,0,0,0,0,29,11,39,8,2,1,0,0,35,0,0,0,9,956,142017,0,0,0,0,39,47,26,3,2,3,7,1,41,Flareon
12-11,15:35:28,NINTEN,Weedle,Channeler,20,Pokemon Tower - 6F,1,3:09:19.26,3:09:19,3h9m19s,34,7,41,52,11:02,15.54,POISON STING,STRING SHOT,,,72,26140,1721,121,808,2384,2252,1374,10,91999,Flareon, ,Bug,Poison,142629,Weedle1,Weedle,,03:09:03.72,03:09:19.26,11:02:58.56,52,34,3,9,19,26,POISON STING,STRING SHOT,,,36,40,0,0,2,0,0,0,53,144,83,78,65,65,101,38928,40012,41332,34515,34515,51588,15,15,15,15,0,0,0,0,0,0,0,93,87,65,65,101,2388790,735517,1548535,99805,4934,72,18,0,26140,26140,0,0,1721,929,121,808,101,2,40734,28617,5413,5398,2150,252,1099,0,0,0,0,0,190,0,99,0,0,19,0,5,0,1,0,0,148,0,0,0,0,0,33,12,39,8,2,1,0,0,35,0,0,0,9,957,142504,0,0,0,0,39,47,26,3,2,3,7,1,41,Flareon
12-11,17:56:27,NINTEN,Weedle,Jr Trainer F,25,Route 6,1,3:28:30.27,3:28:30,3h28m30s,40,7,47,55,12:04,9.061,POISON STING,STRING SHOT,,,75,28269,1889,122,907,2617,2485,1495,11,92719,Flareon, ,Bug,Poison,168211,Weedle1,Weedle,,03:28:21.21,03:28:30.27,12:04:15.25,55,40,3,28,30,27,POISON STING,STRING SHOT,,,45,40,0,0,2,0,0,0,137,153,89,83,70,70,110,40238,45642,44127,39175,39175,61043,15,15,15,15,0,-1,0,0,0,0,0,112,60,70,70,110,2609389,789679,1709010,105453,5248,75,20,0,28269,28269,0,0,1889,1029,122,907,103,2,45732,32277,6003,5988,2363,285,1207,0,0,0,0,0,209,0,115,0,0,19,0,5,0,1,0,0,170,0,0,0,0,0,33,12,39,8,2,1,0,0,35,0,0,0,9,1054,168086,0,0,0,0,41,47,26,3,2,3,7,1,47,Flareon
12-11,17:56:35,NINTEN,Weedle,Jr Trainer M,10,Route 6,1,3:28:38.54,3:28:38,3h28m38s,40,7,47,55,12:04,5.524,POISON STING,STRING SHOT,,,75,28270,1890,123,907,2619,2487,1496,11,93119,Flareon, ,Bug,Poison,168728,Weedle1,Weedle,,03:28:33.01,03:28:38.54,12:04:47.57,55,40,3,28,38,54,POISON STING,STRING SHOT,,,43,40,0,0,2,0,0,0,137,153,89,83,70,70,110,40303,45732,44177,39260,39260,61098,15,15,15,15,0,0,0,0,0,0,0,100,93,70,70,110,2611341,789815,1710826,105453,5248,75,20,0,28270,28270,0,0,1890,1030,123,907,103,2,45820,32326,6003,5988,2365,285,1207,0,0,0,0,0,209,0,115,0,0,19,0,5,0,1,0,0,170,0,0,0,0,0,33,12,39,8,2,1,0,0,35,0,0,0,9,1055,168603,0,0,0,0,41,47,26,3,2,3,7,1,47,Flareon
12-11,17:57:19,NINTEN,Weedle,Lass,15,Route 8,5,3:29:21.93,3:29:21,3h29m21s,40,7,47,55,12:07,20.279,POISON STING,STRING SHOT,,,75,28359,1892,124,907,2629,2497,1501,11,93439,Flareon, ,Bug,Poison,169945,Weedle1,Weedle,,03:29:01.65,03:29:21.93,12:07:39.34,55,40,3,29,21,93,POISON STING,STRING SHOT,,,33,40,0,0,2,0,0,0,127,153,89,83,70,70,110,40514,45982,44379,39440,39440,61407,15,15,15,15,0,0,0,0,0,0,0,100,93,70,70,110,2621638,792156,1716130,108105,5248,75,20,0,28359,28359,0,0,1892,1031,124,907,103,2,46143,32564,6013,5998,2375,286,1211,0,0,0,0,0,210,0,115,0,0,19,0,5,0,1,0,0,170,0,0,0,0,0,33,12,39,8,2,1,0,0,35,0,0,0,9,1060,169820,0,0,0,0,41,47,26,3,2,3,7,1,47,Flareon
12-11,17:57:34,NINTEN,Weedle,Lass,14,Route 8,3,3:29:36.98,3:29:36,3h29m36s,40,7,47,55,12:08,12.175,POISON STING,STRING SHOT,,,75,28361,1892,125,907,2634,2502,1503,11,93762,Flareon, ,Bug,Poison,171007,Weedle1,Weedle,,03:29:24.80,03:29:36.98,12:08:38.52,55,40,3,29,36,98,POISON STING,STRING SHOT,,,28,40,0,0,2,0,0,0,101,153,89,83,70,70,110,40634,46117,44484,39560,39560,61677,15,15,15,15,0,0,0,0,0,0,0,100,93,70,70,110,2625196,792309,1719535,108105,5248,75,20,0,28361,28361,0,0,1892,1032,125,907,103,2,46383,32735,6039,6024,2380,286,1213,0,0,0,0,0,211,0,117,0,0,19,0,5,0,1,0,0,171,0,0,0,0,0,33,12,39,8,2,1,0,0,35,0,0,0,9,1063,170882,0,0,0,0,41,47,26,3,2,3,7,1,47,Flareon
12-11,17:57:48,NINTEN,Weedle,Super Nerd,5,Route 8,1,3:29:51.71,3:29:51,3h29m51s,40,7,47,55,12:09,11.804,POISON STING,STRING SHOT,,,75,28362,1892,126,907,2640,2508,1508,11,94170,Flareon, ,Bug,Poison,171641,Weedle1,Weedle,,03:29:39.90,03:29:51.71,12:09:37.04,55,40,3,29,51,71,POISON STING,STRING SHOT,,,22,40,0,0,2,0,0,0,83,153,89,83,70,70,110,40674,46182,44579,39620,39620,61712,15,15,15,15,0,0,0,0,0,0,0,100,93,70,70,110,2628688,792496,1722840,108105,5248,75,20,0,28362,28362,0,0,1892,1033,126,907,103,2,46448,32795,6057,6042,2386,287,1217,0,0,0,0,0,213,0,117,0,0,19,0,5,0,1,0,0,171,0,0,0,0,0,33,12,39,8,2,1,0,0,35,0,0,0,9,1064,171516,0,0,0,0,41,47,26,3,2,3,7,1,47,Flareon
12-11,17:58:09,NINTEN,Weedle,Lass,13,Route 8,2,3:30:12.71,3:30:12,3h30m12s,40,7,47,55,12:11,18.267,POISON STING,STRING SHOT,,,75,28363,1898,127,907,2649,2517,1515,11,94820,Flareon, ,Bug,Poison,172506,Weedle1,Weedle,,03:29:54.44,03:30:12.71,12:11:00.08,55,40,3,30,12,71,POISON STING,STRING SHOT,,,13,40,0,0,2,0,0,0,54,153,89,83,70,70,110,40799,46291,44698,39715,39715,61809,15,15,15,15,0,-1,0,0,0,0,0,112,60,70,70,110,2633672,792631,1727689,108105,5248,75,20,0,28363,28363,0,0,1898,1034,127,907,103,2,46599,32924,6086,6071,2395,287,1224,0,0,0,0,0,215,0,118,0,0,19,0,5,0,1,0,0,171,0,0,0,0,0,33,12,39,8,2,1,0,0,35,0,0,0,9,1066,172381,0,0,0,0,41,47,26,3,2,3,7,1,47,Flareon
12-11,17:58:48,NINTEN,Weedle,Super Nerd,3,Route 8,4,3:30:50.91,3:30:50,3h30m50s,40,7,47,55,12:13,19.535,POISON STING,STRING SHOT,,,75,28509,1916,128,907,2659,2527,1521,11,95165,Flareon, ,Bug,Poison,174256,Weedle1,Weedle,,03:30:31.38,03:30:50.91,12:13:31.12,55,40,3,30,50,91,POISON STING,STRING SHOT,,,39,40,0,0,2,0,0,0,140,153,89,83,70,70,110,40944,46451,44963,39980,39980,62089,15,15,15,15,0,0,0,0,0,0,0,100,93,70,70,110,2642736,796571,1732813,108105,5248,75,20,0,28509,28509,0,0,1916,1035,128,907,103,2,46850,33114,6099,6084,2405,288,1229,0,0,0,0,0,216,0,118,0,0,19,0,5,0,1,0,0,171,0,0,0,0,0,33,12,39,8,2,1,0,0,35,0,0,0,9,1070,174131,0,0,0,0,41,47,26,3,2,3,7,1,47,Flareon
12-11,17:59:05,NINTEN,Weedle,Gambler,5,Route 8,3,3:31:08.65,3:31:08,3h31m8s,40,7,47,55,12:14,14.113,POISON STING,STRING SHOT,,,75,28514,1916,129,907,2665,2533,1525,11,95665,Flareon, ,Bug,Poison,175598,Weedle1,Weedle,,03:30:54.53,03:31:08.65,12:14:41.09,55,40,3,31,8,65,POISON STING,STRING SHOT,,,33,40,0,0,2,0,0,0,122,153,89,83,70,70,110,41089,46616,45108,40110,40110,62359,15,15,15,15,0,0,0,0,0,0,0,100,93,70,70,110,2646933,796917,1736664,108105,5248,75,20,0,28514,28514,0,0,1916,1036,129,907,103,2,47108,33287,6117,6102,2411,288,1232,0,0,0,0,0,217,0,118,0,0,19,0,5,0,1,0,0,172,0,0,0,0,0,33,12,39,8,2,1,0,0,35,0,0,0,9,1073,175473,0,0,0,0,41,47,26,3,2,3,7,1,47,Flareon
12-11,18:00:18,NINTEN,Weedle,Blackbelt,1,Saffron City - Fighting Dojo,2,3:32:21.69,3:32:21,3h32m21s,40,7,47,56,12:19,18.715,POISON STING,STRING SHOT,,,76,28762,1939,130,910,2676,2544,1530,11,97205,Flareon, ,Bug,Poison,178137,Weedle1,Weedle,,03:32:02.98,03:32:21.69,12:19:29.26,56,40,3,32,21,69,POISON STING,STRING SHOT,,,41,40,0,0,2,0,0,0,128,155,91,85,72,72,112,41254,46906,45295,40320,40320,62668,15,15,15,15,0,0,0,0,0,0,0,102,95,72,72,112,2664230,803783,1745132,110068,5248,76,20,0,28762,28762,0,0,1939,1040,130,910,103,2,47512,33589,6144,6129,2422,289,1233,0,0,0,0,0,220,0,118,0,0,19,0,5,0,1,0,0,174,0,0,0,0,0,33,12,39,8,2,1,0,0,35,0,0,0,9,1077,178012,0,0,0,0,41,47,26,3,2,3,7,1,47,Flareon
12-11,18:11:22,NINTEN,Weedle,Rocket,44,Pokemon Tower - 7F,3,3:43:25.68,3:43:25,3h43m25s,40,7,47,58,13:03,30.581,POISON STING,STRING SHOT,,,77,30258,2026,131,985,2832,2700,1604,11,98130,Flareon, ,Bug,Poison,197675,Weedle1,Weedle,,03:42:55.10,03:43:25.68,13:03:07.56,58,40,3,43,25,68,POISON STING,STRING SHOT,,,33,40,0,0,2,0,0,0,80,161,95,88,75,75,116,42259,51296,47469,43940,43940,65535,15,15,15,15,0,0,0,0,0,0,0,106,99,75,75,116,2821340,841356,1858208,116529,5248,77,20,0,30258,30258,0,0,2026,1116,131,985,104,2,51513,36450,6470,6455,2568,308,1298,0,0,0,0,0,236,0,124,0,0,19,0,5,0,1,0,0,186,0,0,0,0,0,33,12,39,8,2,1,0,0,35,0,0,0,9,1154,197550,0,0,0,0,41,47,26,3,2,3,7,1,47,Flareon
12-11,18:12:10,NINTEN,Weedle,Rocker,2,Route 12,2,3:44:13.45,3:44:13,3h44m13s,40,7,47,58,13:06,9.63,POISON STING,STRING SHOT,,,77,30458,2043,132,986,2835,2703,1606,12,98940,Flareon, ,Bug,Poison,199245,Weedle1,Weedle,,03:44:03.82,03:44:13.45,13:06:16.41,58,40,3,44,13,45,POISON STING,STRING SHOT,,,46,40,0,0,2,0,0,0,105,161,95,88,75,75,116,42359,51376,47589,44075,44075,65535,15,15,15,15,0,0,0,0,0,0,0,106,99,75,75,116,2832665,848104,1861744,117570,5248,77,20,0,30458,30458,0,0,2043,1118,132,986,105,2,51622,36539,6526,6511,2571,308,1300,0,0,0,0,0,237,0,125,0,0,19,0,5,0,1,0,0,187,0,0,0,0,0,33,12,39,8,2,1,0,0,35,0,0,0,9,1156,199120,0,0,0,0,41,47,26,3,2,3,7,1,47,Flareon
12-11,18:12:28,NINTEN,Weedle,Fisher,11,Route 12,2,3:44:31.64,3:44:31,3h44m31s,40,7,47,58,13:07,10.068,POISON STING,STRING SHOT,,,77,30495,2051,133,986,2839,2707,1608,12,99665,Flareon, ,Bug,Poison,199449,Weedle1,Weedle,,03:44:21.57,03:44:31.64,13:07:28.25,58,40,3,44,31,64,POISON STING,STRING SHOT,,,42,40,0,0,2,0,0,0,105,161,95,88,75,75,116,42399,51396,47699,44115,44115,65535,15,15,15,15,0,0,0,0,0,0,0,106,99,75,75,116,2836969,849122,1864620,117980,5248,77,20,0,30495,30495,0,0,2051,1119,133,986,105,2,51754,36633,6526,6511,2575,308,1300,0,0,0,0,0,237,0,125,0,0,19,0,5,0,1,0,0,189,0,0,0,0,0,33,12,39,8,2,1,0,0,35,0,0,0,9,1158,199324,0,0,0,0,41,47,26,3,2,3,7,1,47,Flareon
12-11,18:12:55,NINTEN,Weedle,Jr Trainer M,9,Route 12,2,3:44:58.87,3:44:58,3h44m58s,40,7,47,58,13:09,20.684,POISON STING,STRING SHOT,,,77,30505,2058,134,986,2849,2717,1616,13,100505,Flareon, ,Bug,Poison,200553,Weedle1,Weedle,,03:44:38.18,03:44:58.87,13:09:16.04,58,40,3,44,58,87,POISON STING,STRING SHOT,,,32,40,0,0,2,0,0,0,68,161,95,88,75,75,116,42506,51525,47796,44210,44210,65535,15,15,15,15,0,0,0,0,0,0,0,106,99,75,75,116,2843428,849824,1870031,118326,5248,77,20,0,30505,30505,0,0,2058,1120,134,986,105,2,51928,36782,6563,6548,2585,308,1307,0,0,0,0,0,239,0,126,0,0,19,0,5,0,1,0,0,189,0,0,0,0,0,33,12,39,8,2,1,0,0,35,0,0,0,9,1160,200428,0,0,0,0,42,47,26,3,2,3,7,1,47,Flareon
12-11,18:13:38,NINTEN,Weedle,Jr Trainer F,15,Route 13,3,3:45:41.34,3:45:41,3h45m41s,40,7,47,58,13:12,12.835,POISON STING,STRING SHOT,,,77,30731,2094,135,986,2855,2723,1619,13,101085,Flareon, ,Bug,Poison,202179,Weedle1,Weedle,,03:45:28.50,03:45:41.34,13:12:03.46,58,40,3,45,41,34,POISON STING,STRING SHOT,,,43,40,0,0,2,0,0,0,142,161,95,88,75,75,116,42621,51682,47966,44370,44370,65535,15,15,15,15,0,-1,0,0,0,0,0,119,65,75,75,116,2853490,855816,1873566,118861,5248,77,20,0,30731,30731,0,0,2094,1121,135,986,105,2,52162,36972,6582,6567,2591,308,1310,0,0,0,0,0,242,0,127,0,0,19,0,5,0,1,0,0,189,0,0,0,0,0,33,12,39,8,2,1,0,0,35,0,0,0,9,1163,202054,0,0,0,0,42,47,26,3,2,3,7,1,47,Flareon
12-11,18:13:54,NINTEN,Weedle,Bird Keeper,1,Route 13,2,3:45:56.96,3:45:56,3h45m56s,40,7,47,58,13:13,12.176,POISON STING,STRING SHOT,,,77,30738,2094,136,986,2860,2728,1623,13,101645,Flareon, ,Bug,Poison,203221,Weedle1,Weedle,,03:45:44.78,03:45:56.96,13:13:05.26,58,40,3,45,56,96,POISON STING,STRING SHOT,,,38,40,0,0,2,0,0,0,110,161,95,88,75,75,116,42724,51787,48061,44455,44455,65535,15,15,15,15,0,0,0,0,0,-1,0,119,111,75,75,116,2857190,856128,1876954,118861,5248,77,20,0,30738,30738,0,0,2094,1122,136,986,105,2,52326,37118,6614,6599,2596,308,1313,0,0,0,0,0,242,0,128,0,0,19,0,5,0,1,0,0,190,0,0,0,0,0,33,12,39,8,2,1,0,0,35,0,0,0,9,1165,203096,0,0,0,0,42,47,26,3,2,3,7,1,47,Flareon
12-11,18:14:16,NINTEN,Weedle,Jr Trainer F,12,Route 13,5,3:46:19.24,3:46:19,3h46m19s,40,7,47,58,13:14,19.1,POISON STING,STRING SHOT,,,77,30742,2094,137,986,2870,2738,1629,13,102370,Flareon, ,Bug,Poison,204785,Weedle1,Weedle,,03:46:00.14,03:46:19.24,13:14:33.16,58,40,3,46,19,24,POISON STING,STRING SHOT,,,28,40,0,0,2,0,0,0,100,161,95,88,75,75,116,42914,52023,48246,44630,44630,65535,15,15,15,15,0,0,0,0,0,0,0,106,99,75,75,116,2862460,856373,1881979,118861,5248,77,20,0,30742,30742,0,0,2094,1123,137,986,105,2,52757,37398,6624,6609,2606,309,1315,0,0,0,0,0,242,0,128,0,0,19,0,5,0,1,0,0,190,0,0,0,0,0,33,12,39,8,2,1,0,0,35,0,0,0,9,1170,204660,0,0,0,0,42,47,26,3,2,3,7,1,47,Flareon
12-11,18:14:34,NINTEN,Weedle,Beauty,4,Route 13,3,3:46:37.39,3:46:37,3h46m37s,40,7,47,59,13:15,12.824,POISON STING,STRING SHOT,,,77,30759,2095,138,986,2875,2743,1632,13,102898,Flareon, ,Bug,Poison,205805,Weedle1,Weedle,,03:46:24.56,03:46:37.39,13:15:44.51,59,40,3,46,37,39,POISON STING,STRING SHOT,,,23,40,0,0,2,0,0,0,80,164,97,90,77,77,118,43012,52176,48356,44745,44745,65535,15,15,15,15,0,0,0,0,0,0,0,109,101,77,77,118,2866755,857099,1885548,118861,5248,77,20,0,30759,30759,0,0,2095,1124,138,986,105,2,52982,37573,6647,6632,2611,309,1317,0,0,0,0,0,243,0,128,0,0,19,0,5,0,1,0,0,190,0,0,0,0,0,33,12,39,8,2,1,0,0,35,0,0,0,9,1173,205680,0,0,0,0,42,47,26,3,2,3,7,1,47,Flareon
12-11,18:15:07,NINTEN,Weedle,Beauty,5,Route 13,2,3:47:10.71,3:47:10,3h47m10s,40,7,47,59,13:17,28.555,POISON STING,STRING SHOT,,,77,30761,2095,139,986,2888,2751,1644,13,104788,Flareon, ,Bug,Poison,206653,Weedle1,Weedle,,03:46:42.15,03:47:10.71,13:17:56.49,59,40,3,47,10,71,POISON STING,STRING SHOT,,,15,40,0,0,2,0,0,0,7,164,97,90,77,77,118,43122,52266,48439,44845,44845,65535,15,15,15,15,-2,-2,0,0,0,0,0,60,50,77,77,118,2874673,857341,1893224,118861,5248,77,20,0,30761,30761,0,0,2095,1125,139,986,105,2,53135,37724,6720,6705,2618,311,1327,0,0,0,0,0,243,0,129,0,0,19,0,5,0,1,0,0,191,0,0,0,0,0,33,12,39,8,2,1,0,0,39,0,0,0,9,1175,206528,0,0,0,0,42,47,26,3,2,3,7,1,47,Flareon
12-11,18:15:54,NINTEN,Weedle,Jr Trainer F,13,Route 13,2,3:47:57.31,3:47:57,3h47m57s,40,7,47,59,13:21,8.558,POISON STING,STRING SHOT,,,78,31019,2113,140,986,2892,2755,1646,13,106876,Flareon, ,Bug,Poison,207643,Weedle1,Weedle,,03:47:48.76,03:47:57.31,13:21:00.53,59,40,3,47,57,31,POISON STING,STRING SHOT,,,45,40,0,0,2,0,0,0,159,164,97,90,77,77,118,43202,52366,48519,44925,44925,65535,15,15,15,15,0,0,0,0,0,0,0,109,101,77,77,118,2885717,864032,1895772,120666,5248,78,20,0,31019,31019,0,0,2113,1126,140,986,105,2,53282,37860,6725,6710,2622,311,1328,0,0,0,0,0,243,0,129,0,0,19,0,5,0,1,0,0,191,0,0,0,0,0,33,12,39,8,2,1,0,0,39,0,0,0,9,1177,207518,0,0,0,0,42,47,26,3,2,3,7,1,47,Flareon
12-11,18:16:15,NINTEN,Weedle,Jr Trainer F,14,Route 13,4,3:48:18.11,3:48:18,3h48m18s,40,7,47,59,13:22,17.153,POISON STING,STRING SHOT,,,78,31026,2115,141,986,2901,2764,1651,13,107476,Flareon, ,Bug,Poison,209330,Weedle1,Weedle,,03:48:00.95,03:48:18.11,13:22:22.52,59,40,3,48,18,11,POISON STING,STRING SHOT,,,36,40,0,0,2,0,0,0,142,164,97,90,77,77,118,43385,52561,48689,45085,45085,65535,15,15,15,15,0,-2,0,0,0,-1,0,137,56,77,77,118,2890636,864389,1900334,120666,5248,78,20,0,31026,31026,0,0,2115,1127,141,986,105,2,53668,38121,6742,6727,2631,311,1332,0,0,0,0,0,244,0,129,0,0,19,0,5,0,1,0,0,191,0,0,0,0,0,33,12,39,8,2,1,0,0,39,0,0,0,9,1181,209205,0,0,0,0,42,47,26,3,2,3,7,1,47,Flareon
12-11,18:16:44,NINTEN,Weedle,Bird Keeper,3,Route 13,4,3:48:47.07,3:48:47,3h48m47s,40,7,47,59,13:24,20.798,POISON STING,STRING SHOT,,,78,31061,2134,142,986,2910,2773,1658,14,108016,Flareon, ,Bug,Poison,211487,Weedle1,Weedle,,03:48:26.27,03:48:47.07,13:24:17.26,59,40,3,48,47,7,POISON STING,STRING SHOT,,,27,40,0,0,2,0,0,0,114,164,97,90,77,77,118,43593,52816,48879,45262,45262,65535,15,15,15,15,0,0,0,0,0,-2,0,137,127,77,77,118,2897510,865823,1905774,120666,5248,78,20,0,31061,31061,0,0,2134,1128,142,986,105,2,53999,38386,6770,6755,2638,313,1338,0,0,0,0,0,246,0,130,0,0,19,0,5,0,1,0,0,191,0,0,0,0,0,33,12,39,8,2,1,0,0,39,0,0,0,9,1185,211362,0,0,0,0,43,47,26,3,2,3,7,1,47,Flareon
12-11,18:17:19,NINTEN,Weedle,Bird Keeper,2,Route 13,5,3:49:22.76,3:49:22,3h49m22s,40,7,47,59,13:26,21.294,POISON STING,STRING SHOT,,,78,31122,2150,143,986,2920,2783,1664,14,108666,Flareon, ,Bug,Poison,213005,Weedle1,Weedle,,03:49:01.46,03:49:22.76,13:26:38.29,59,40,3,49,22,76,POISON STING,STRING SHOT,,,24,40,0,0,3,0,0,0,87,164,97,90,77,77,118,43793,53086,49049,45425,45425,65535,15,15,15,15,-1,0,0,0,0,0,0,72,113,77,77,118,2905973,867714,1911325,121687,5248,78,20,0,31122,31122,0,0,2150,1129,143,986,105,2,54455,38681,6797,6782,2648,314,1343,0,0,0,0,0,247,0,130,0,0,19,0,5,0,1,0,0,191,0,0,0,0,0,33,12,39,8,2,1,0,0,39,0,0,0,9,1190,212880,0,0,0,0,44,47,26,3,2,3,7,1,47,Flareon
12-11,18:17:55,NINTEN,Weedle,Biker,15,Route 14,2,3:49:58.40,3:49:58,3h49m58s,40,7,47,59,13:28,27.654,POISON STING,STRING SHOT,,,78,31171,2154,144,986,2937,2800,1679,14,109291,Flareon, ,Bug,Poison,214688,Weedle1,Weedle,,03:49:30.74,03:49:58.40,13:28:59.46,59,40,3,49,58,40,POISON STING,STRING SHOT,,,7,40,0,0,3,0,0,0,25,164,97,90,77,77,118,43938,53256,49219,45550,45550,65535,15,15,15,15,0,0,0,0,0,0,0,109,101,77,77,118,2914450,869092,1918424,121687,5248,78,20,0,31171,31171,0,0,2154,1130,144,986,105,2,54640,38851,6859,6844,2665,317,1352,0,0,0,0,0,249,0,131,0,0,19,0,5,0,1,0,0,191,0,0,0,0,0,33,12,39,8,2,1,0,0,39,0,0,0,9,1192,214563,0,0,0,0,44,47,26,3,2,3,7,1,47,Flareon
12-11,18:20:17,NINTEN,Weedle,Jr Trainer F,23,Route 15,3,3:52:20.08,3:52:20,3h52m20s,40,7,47,60,13:38,27.828,POISON STING,STRING SHOT,,,78,31886,2197,145,986,2950,2807,1688,18,132571,Flareon,Paralyzed,Bug,Poison,216724,Weedle1,Weedle,,03:51:52.26,03:52:20.08,13:38:20.28,60,40,3,52,20,8,POISON STING,STRING SHOT,,,49,40,0,0,3,0,0,0,101,167,99,92,78,78,120,44098,53436,49424,45795,45795,65535,15,15,15,15,0,-1,0,0,0,0,0,111,67,78,78,30,2948092,892000,1925534,125311,5248,78,20,0,31886,31886,0,0,2197,1131,145,986,105,2,54930,39073,6925,6910,2672,317,1361,0,0,0,0,0,250,0,132,0,0,19,0,6,0,1,0,0,192,0,0,0,0,0,33,12,46,9,2,1,0,0,39,0,0,0,9,1195,216599,0,0,0,0,53,47,32,3,2,4,7,1,47,Flareon
12-11,18:20:44,NINTEN,Weedle,Bird Keeper,6,Route 15,4,3:52:47.51,3:52:47,3h52m47s,40,7,47,60,13:40,19.466,POISON STING,STRING SHOT,,,78,31901,2197,146,986,2961,2818,1695,18,133151,Flareon, ,Bug,Poison,218715,Weedle1,Weedle,,03:52:28.04,03:52:47.51,13:40:08.32,60,40,3,52,47,51,POISON STING,STRING SHOT,,,38,40,0,0,3,0,0,0,78,167,99,92,78,78,120,44288,53691,49619,45973,45973,65535,15,15,15,15,-1,0,0,0,0,0,0,73,115,78,78,120,2954576,892539,1931048,125742,5248,78,20,0,31901,31901,0,0,2197,1132,146,986,105,2,55280,39330,6948,6933,2683,318,1365,0,0,0,0,0,250,0,133,0,0,19,0,6,0,1,0,0,192,0,0,0,0,0,33,12,46,9,2,1,0,0,39,0,0,0,9,1199,218590,0,0,0,0,53,47,32,3,2,4,7,1,47,Flareon
12-11,18:21:18,NINTEN,Weedle,Bird Keeper,7,Route 15,3,3:53:21.34,3:53:21,3h53m21s,40,7,47,60,13:42,16.922,POISON STING,STRING SHOT,,,78,31984,2199,147,986,2969,2826,1700,18,133801,Flareon, ,Bug,Poison,220815,Weedle1,Weedle,,03:53:04.43,03:53:21.34,13:42:21.56,60,40,3,53,21,34,POISON STING,STRING SHOT,,,48,40,0,0,3,0,0,0,128,167,99,92,78,78,120,44418,53971,49779,46103,46103,65535,15,15,15,15,-1,0,0,0,0,0,0,73,115,78,78,120,2962580,895701,1935573,126059,5248,78,20,0,31984,31984,0,0,2199,1133,147,986,105,2,55520,39530,6987,6972,2691,319,1369,0,0,0,0,0,251,0,133,0,0,19,0,6,0,1,0,0,192,0,0,0,0,0,33,12,46,9,2,1,0,0,39,0,0,0,9,1202,220690,0,0,0,0,53,47,32,3,2,4,7,1,47,Flareon
12-11,18:21:41,NINTEN,Weedle,Jr Trainer F,20,Route 15,3,3:53:44.55,3:53:44,3h53m44s,40,7,47,60,13:43,19.665,POISON STING,STRING SHOT,,,78,31990,2199,148,986,2977,2833,1708,18,134501,Flareon,Paralyzed,Bug,Poison,222543,Weedle1,Weedle,,03:53:24.88,03:53:44.55,13:43:53.39,60,40,3,53,44,55,POISON STING,STRING SHOT,,,41,40,0,0,3,0,0,0,74,167,99,92,78,78,120,44568,54136,49959,46338,46338,65535,15,15,15,15,0,-2,0,0,0,0,0,139,51,78,78,1,2968083,896028,1940749,126059,5248,78,20,0,31990,31990,0,0,2199,1134,148,986,105,2,55748,39740,7041,7026,2698,319,1377,0,0,0,0,0,251,0,133,0,0,19,0,7,0,1,0,0,192,0,0,0,0,0,33,12,53,10,2,1,0,0,39,0,0,0,9,1205,222418,0,0,0,0,53,47,32,3,2,4,7,1,47,Flareon
12-11,18:22:17,NINTEN,Weedle,Beauty,10,Route 15,2,3:54:20.33,3:54:20,3h54m20s,40,7,47,60,13:46,17.049,POISON STING,STRING SHOT,,,78,32080,2204,149,986,2986,2842,1715,18,135061,Flareon, ,Bug,Poison,223816,Weedle1,Weedle,,03:54:03.28,03:54:20.33,13:46:14.49,60,40,3,54,20,33,POISON STING,STRING SHOT,,,47,40,0,0,3,0,0,0,161,167,99,92,78,78,120,44673,54247,50071,46483,46483,65535,15,15,15,15,-2,0,0,0,0,0,0,55,129,78,78,120,2976553,899619,1945311,126376,5248,78,20,0,32080,32080,0,0,2204,1135,149,986,105,2,55936,39887,7047,7032,2706,320,1384,0,0,0,0,0,251,0,133,0,0,19,0,7,0,1,0,0,192,0,0,0,0,0,33,12,53,10,2,1,0,0,39,0,0,0,9,1207,223691,0,0,0,0,53,47,32,3,2,4,7,1,47,Flareon
12-11,18:23:02,NINTEN,Weedle,Biker,4,Route 15,3,3:55:05.22,3:55:05,3h55m5s,40,7,47,60,13:49,37.848,POISON STING,STRING SHOT,,,79,32085,2204,150,986,3008,2864,1734,18,137091,Flareon, ,Bug,Poison,226078,Weedle1,Weedle,,03:54:27.37,03:55:05.22,13:49:12.53,60,40,3,55,5,22,POISON STING,STRING SHOT,,,25,40,0,0,3,0,0,0,69,167,99,92,78,78,120,44858,54482,50336,46668,46668,65535,15,15,15,15,0,0,0,0,0,0,0,111,103,78,78,120,2987237,900226,1954829,126935,5248,79,20,0,32085,32085,0,0,2204,1136,150,986,105,2,56180,40116,7139,7124,2728,325,1398,0,0,0,0,0,253,0,134,0,0,19,0,7,0,1,0,0,192,0,0,0,0,0,33,12,53,10,2,1,0,0,39,0,0,0,9,1210,225953,0,0,0,0,53,47,32,3,2,4,7,1,47,Flareon
12-11,18:27:50,NINTEN,Weedle,Biker,5,Route 16,2,3:59:53.49,3:59:53,3h59m53s,40,7,47,61,14:08,13.194,POISON STING,STRING SHOT,,,80,32436,2231,151,990,3056,2912,1777,18,71251,Flareon, ,Bug,Poison,227446,Weedle1,Weedle,,03:59:40.29,03:59:53.49,14:08:16.01,61,40,3,59,53,49,POISON STING,STRING SHOT,,,51,0,0,0,3,0,0,0,105,170,101,94,80,80,122,45113,54722,50611,46848,46848,65535,15,15,15,15,0,0,0,0,0,0,0,113,105,80,80,122,3055825,947338,1970934,132306,5248,80,20,0,32436,32435,1,0,2231,1141,151,990,106,2,56895,40325,7204,7189,2776,326,1400,0,0,0,0,0,254,0,134,0,0,19,0,7,0,1,0,0,192,0,0,0,0,0,33,12,53,10,2,1,0,0,39,0,0,0,9,1215,227321,0,0,0,0,53,248,37,3,2,4,7,1,47,Flareon
12-11,18:28:15,NINTEN,Weedle,Cue Ball,1,Route 16,3,4:00:17.95,4:00:17,4h0m17s,40,7,47,61,14:09,13.505,POISON STING,STRING SHOT,,,80,32440,2232,152,990,3062,2918,1780,18,71831,Flareon, ,Bug,Poison,228946,Weedle1,Weedle,,04:00:04.44,04:00:17.95,14:09:52.27,61,40,4,0,17,95,POISON STING,STRING SHOT,,,45,0,0,0,3,0,0,0,139,170,101,94,80,80,122,45293,54962,50746,46953,46953,65535,15,15,15,15,0,0,0,0,0,0,0,113,105,80,80,122,3061611,947572,1975018,133774,5248,80,20,0,32440,32435,5,0,2232,1142,152,990,106,2,57171,40551,7220,7205,2782,327,1402,0,0,0,0,0,256,0,135,0,0,19,0,7,0,1,0,0,193,0,0,0,0,0,33,12,53,10,2,1,0,0,39,0,0,0,9,1218,228821,0,0,0,0,53,248,37,3,2,4,7,1,47,Flareon
12-11,18:28:27,NINTEN,Weedle,Cue Ball,2,Route 16,2,4:00:30.79,4:00:30,4h0m30s,40,7,47,61,14:10,10.215,POISON STING,STRING SHOT,,,80,32442,2234,153,990,3067,2923,1783,18,72531,Flareon, ,Bug,Poison,229951,Weedle1,Weedle,,04:00:20.58,04:00:30.79,14:10:43.07,61,40,4,0,30,79,POISON STING,STRING SHOT,,,40,0,0,0,3,0,0,0,124,170,101,94,80,80,122,45403,55122,50831,47023,47023,65535,15,15,15,15,0,-1,0,0,0,0,0,127,69,80,80,122,3064651,947689,1977941,133774,5248,80,20,0,32442,32435,7,0,2234,1143,153,990,106,2,57411,40701,7235,7220,2787,328,1404,0,0,0,0,0,258,0,136,0,0,19,0,7,0,1,0,0,193,0,0,0,0,0,33,12,53,10,2,1,0,0,39,0,0,0,9,1220,229826,0,0,0,0,53,248,37,3,2,4,7,1,47,Flareon
12-11,18:28:55,NINTEN,Weedle,Biker,6,Route 16,1,4:00:58.37,4:00:58,4h0m58s,40,7,47,61,14:12,23.274,POISON STING,STRING SHOT,,,80,32451,2235,154,990,3081,2937,1796,18,73256,Flareon, ,Bug,Poison,231173,Weedle1,Weedle,,04:00:35.10,04:00:58.37,14:12:32.29,61,40,4,0,58,37,POISON STING,STRING SHOT,,,26,0,0,0,3,0,0,0,2,170,101,94,80,80,122,45468,55212,50951,47108,47108,65535,15,15,15,15,0,0,0,0,0,0,0,113,105,80,80,122,3071213,948209,1983983,133774,5248,80,20,0,32451,32435,16,0,2235,1144,154,990,106,2,57504,40792,7357,7342,2800,330,1416,0,0,0,0,0,259,0,137,0,0,19,0,7,0,1,0,0,193,0,0,0,0,0,33,12,53,10,2,1,0,0,39,0,0,0,9,1221,231048,0,0,0,0,53,248,37,3,2,4,7,1,47,Flareon
12-11,18:29:12,NINTEN,Weedle,Cue Ball,3,Route 16,1,4:01:15.10,4:01:15,4h1m15s,40,7,47,61,14:13,8.262,POISON STING,STRING SHOT,,,80,32454,2236,155,990,3085,2941,1799,18,73916,Flareon, ,Bug,Poison,231794,Weedle1,Weedle,,04:01:06.84,04:01:15.10,14:13:37.48,61,40,4,1,15,10,POISON STING,STRING SHOT,,,22,0,0,0,3,0,0,0,148,170,101,94,80,80,122,45538,55292,51001,47143,47143,65535,15,15,15,15,0,-1,0,0,0,0,0,127,69,80,80,122,3075132,948497,1986421,134967,5248,80,20,0,32454,32435,19,0,2236,1145,155,990,106,2,57630,40886,7379,7364,2804,330,1419,0,0,0,0,0,259,0,138,0,0,19,0,7,0,1,0,0,193,0,0,0,0,0,33,12,53,10,2,1,0,0,39,0,0,0,9,1222,231669,0,0,0,0,53,248,37,3,2,4,7,1,47,Flareon
12-11,18:29:42,NINTEN,Weedle,Biker,7,Route 16,4,4:01:44.91,4:01:44,4h1m44s,40,7,47,61,14:15,26.272,POISON STING,STRING SHOT,,,80,32458,2236,156,990,3097,2953,1807,18,74741,Flareon, ,Bug,Poison,233798,Weedle1,Weedle,,04:01:18.64,04:01:44.91,14:15:35.43,61,40,4,1,44,91,POISON STING,STRING SHOT,,,14,0,0,0,3,0,0,0,35,170,101,94,80,80,122,45858,55612,51201,47303,47303,65535,15,15,15,15,0,0,0,0,0,0,0,113,105,80,80,122,3082207,948826,1993167,134967,5248,80,20,0,32458,32435,23,0,2236,1146,156,990,106,2,58160,41210,7492,7477,2816,330,1427,0,0,0,0,0,262,0,139,0,0,19,0,7,0,1,0,0,193,0,0,0,0,0,33,12,53,10,2,1,0,0,39,0,0,0,9,1226,233673,0,0,0,0,53,248,37,3,2,4,7,1,47,Flareon
12-11,18:30:01,NINTEN,Weedle,Cue Ball,5,Route 17,2,4:02:04.74,4:02:04,4h2m4s,40,7,47,61,14:16,11.91,POISON STING,STRING SHOT,,,80,32484,2238,157,990,3103,2959,1811,18,75261,Flareon, ,Bug,Poison,235250,Weedle1,Weedle,,04:01:52.83,04:02:04.74,14:16:53.27,61,40,4,2,4,74,POISON STING,STRING SHOT,,,8,0,0,0,3,0,0,0,170,170,101,94,80,80,122,46008,55792,51321,47388,47388,65535,15,15,15,15,0,-2,0,0,0,0,0,142,52,80,80,122,3086871,949267,1996501,135856,5248,80,20,0,32484,32435,49,0,2238,1147,157,990,106,2,58380,41384,7492,7477,2822,332,1429,0,0,0,0,0,263,0,139,0,0,19,0,7,0,1,0,0,194,0,0,0,0,0,33,12,53,10,2,1,0,0,39,0,0,0,9,1228,235125,0,0,0,0,53,248,37,3,2,4,7,1,47,Flareon
12-11,18:30:27,NINTEN,Weedle,Cue Ball,4,Route 17,2,4:02:29.95,4:02:29,4h2m29s,40,7,47,61,14:18,11.157,POISON STING,STRING SHOT,,,81,32488,2252,158,991,3111,2967,1816,18,75986,Flareon, ,Bug,Poison,237305,Weedle1,Weedle,,04:02:18.80,04:02:29.95,14:18:32.58,61,40,4,2,29,95,POISON STING,STRING SHOT,,,0,0,0,0,3,0,0,0,133,170,101,94,80,80,122,46178,56067,51481,47544,47544,65535,15,15,15,15,0,0,0,0,0,0,0,113,105,80,80,122,3092842,949585,2001565,136445,5248,81,20,0,32488,32435,53,0,2252,1149,158,991,106,2,58659,41612,7529,7514,2830,334,1432,0,0,0,0,0,264,0,141,0,0,19,0,7,0,1,0,0,195,0,0,0,0,0,33,12,53,10,2,1,0,0,39,0,0,0,9,1231,237180,0,0,0,0,53,248,37,3,2,4,7,1,47,Flareon
12-11,18:30:43,NINTEN,Weedle,Biker,10,Route 17,2,4:02:46.39,4:02:46,4h2m46s,40,7,47,62,14:19,8.671,POISON STING,STRING SHOT,,,82,32505,2261,159,991,3113,2969,1816,18,76711,Flareon, ,Bug,Poison,238583,Weedle1,Weedle,,04:02:37.72,04:02:46.39,14:19:37.44,62,40,4,2,46,39,POISON STING,STRING SHOT,,,0,0,0,0,3,0,0,0,107,173,103,96,81,81,124,46258,56127,51581,47654,47654,65535,15,15,15,15,0,0,0,0,0,0,0,115,108,81,81,124,3096728,950017,2004123,137341,5248,82,20,0,32505,32435,70,0,2261,1150,159,991,106,2,58795,41744,7595,7580,2832,334,1432,0,0,0,0,0,264,0,141,0,0,19,0,7,0,1,0,0,195,0,0,0,0,0,33,12,53,10,2,1,0,0,39,0,0,0,9,1233,238458,0,0,0,0,53,248,37,3,2,4,7,1,47,Flareon
12-11,18:31:00,NINTEN,Weedle,Cue Ball,6,Route 17,1,4:03:03.86,4:03:03,4h3m3s,40,7,47,62,14:20,6.863,POISON STING,STRING SHOT,,,83,32532,2272,160,991,3115,2971,1817,18,77291,Flareon, ,Bug,Poison,239615,Weedle1,Weedle,,04:02:57.00,04:03:03.86,14:20:46.20,62,40,4,3,3,86,POISON STING,STRING SHOT,,,0,0,0,0,3,0,0,0,101,173,103,96,81,81,124,46338,56227,51651,47704,47704,65535,15,15,15,15,0,0,0,0,0,0,0,115,108,81,81,124,3100844,950475,2006642,138480,5248,83,20,0,32532,32435,97,0,2272,1151,160,991,106,2,58939,41845,7667,7652,2834,334,1433,0,0,0,0,0,265,0,142,0,0,19,0,7,0,1,0,0,195,0,0,0,0,0,33,12,53,10,2,1,0,0,39,0,0,0,9,1234,239490,0,0,0,0,53,248,37,3,2,4,7,1,47,Flareon
12-11,18:31:24,NINTEN,Weedle,Cue Ball,8,Route 17,2,4:03:27.15,4:03:27,4h3m27s,40,7,47,62,14:22,13.603,POISON STING,STRING SHOT,,,84,32575,2275,161,991,3119,2975,1819,18,78116,Flareon, ,Bug,Poison,241446,Weedle1,Weedle,,04:03:13.55,04:03:27.15,14:22:18.04,62,40,4,3,27,15,POISON STING,STRING SHOT,,,0,0,0,0,3,0,0,0,72,173,103,96,81,81,124,46483,56432,51781,47814,47814,65535,15,15,15,15,0,-1,0,0,0,0,0,129,70,81,81,124,3106348,951066,2010363,139672,5248,84,20,0,32575,32435,140,0,2275,1152,161,991,106,2,59181,42016,7768,7753,2838,334,1435,0,0,0,0,0,265,0,142,0,0,19,0,7,0,1,0,0,195,0,0,0,0,0,33,12,53,10,2,1,0,0,39,0,0,0,9,1236,241321,0,0,0,0,53,248,37,3,2,4,7,1,47,Flareon
12-11,18:31:51,NINTEN,Weedle,Biker,11,Route 17,2,4:03:54.26,4:03:54,4h3m54s,40,7,47,62,14:24,13.226,POISON STING,STRING SHOT,,,85,32656,2287,162,991,3124,2980,1822,18,78841,Flareon, ,Bug,Poison,243495,Weedle1,Weedle,,04:03:41.03,04:03:54.26,14:24:04.44,62,40,4,3,54,26,POISON STING,STRING SHOT,,,0,0,0,0,3,0,0,0,52,173,103,96,81,81,124,46653,56627,51976,47964,47964,65535,15,15,15,15,0,0,0,0,0,0,0,115,108,81,81,124,3112748,952457,2013993,141051,5248,85,20,0,32656,32435,221,0,2287,1153,162,991,106,2,59399,42201,7889,7874,2843,336,1437,0,0,0,0,0,265,0,143,0,0,19,0,7,0,1,0,0,195,0,0,0,0,0,33,12,53,10,2,1,0,0,39,0,0,0,9,1238,243370,0,0,0,0,53,248,37,3,2,4,7,1,47,Flareon
12-11,18:32:18,NINTEN,Weedle,Cue Ball,7,Route 17,4,4:04:20.88,4:04:20,4h4m20s,40,7,47,62,14:25,13.811,POISON STING,STRING SHOT,,,86,32699,2291,163,991,3128,2984,1822,18,79421,Flareon, ,Bug,Poison,245619,Weedle1,Weedle,,04:04:07.07,04:04:20.88,14:25:49.19,62,40,4,4,20,88,POISON STING,STRING SHOT,,,0,0,0,0,3,0,0,0,35,173,103,96,81,81,124,46883,56967,52166,48119,48119,65535,15,15,15,15,0,0,0,0,0,0,0,115,108,81,81,124,3119023,953440,2017744,142592,5248,86,20,0,32699,32435,264,0,2291,1154,163,991,106,2,59854,42478,8027,8012,2847,336,1437,0,0,0,0,0,267,0,143,0,0,19,0,7,0,1,0,0,195,0,0,0,0,0,33,12,53,10,2,1,0,0,39,0,0,0,9,1242,245494,0,0,0,0,53,248,37,3,2,4,7,1,47,Flareon
12-11,18:32:38,NINTEN,Weedle,Biker,9,Route 17,1,4:04:41.29,4:04:41,4h4m41s,40,7,47,62,14:27,9.491,POISON STING,STRING SHOT,,,86,32739,2291,164,991,3132,2988,1825,18,80071,Flareon, ,Bug,Poison,246729,Weedle1,Weedle,,04:04:31.81,04:04:41.29,14:27:09.34,62,40,4,4,41,29,POISON STING,STRING SHOT,,,0,0,0,0,3,0,0,0,115,173,103,96,81,81,124,46988,57072,52241,48184,48184,65535,15,15,15,15,0,0,0,0,0,0,0,115,108,81,81,124,3123838,954407,2020512,143672,5248,86,20,0,32739,32435,304,0,2291,1155,164,991,106,2,60001,42595,8085,8070,2850,337,1437,0,0,0,0,0,267,0,143,0,0,19,0,7,0,1,0,0,195,0,0,0,0,0,33,12,53,10,2,1,0,0,39,0,0,0,9,1243,246604,0,0,0,0,53,248,37,3,2,4,7,1,47,Flareon
12-11,18:33:07,NINTEN,Weedle,Biker,8,Route 17,3,4:05:10.24,4:05:10,4h5m10s,40,7,47,62,14:29,19.886,POISON STING,STRING SHOT,,,87,32757,2291,165,991,3140,2996,1830,18,80731,Flareon, ,Bug,Poison,249489,Weedle1,Weedle,,04:04:50.35,04:05:10.24,14:29:03.51,62,40,4,5,10,24,POISON STING,STRING SHOT,,,0,0,0,0,3,0,0,0,19,173,103,96,81,81,124,47158,57317,52576,48414,48414,65535,15,15,15,15,0,0,0,0,0,0,0,115,108,81,81,124,3130695,954912,2025722,144814,5248,87,20,0,32757,32435,322,0,2291,1156,165,991,106,2,60319,42815,8231,8216,2858,339,1440,0,0,0,0,0,267,0,144,0,0,19,0,7,0,1,0,0,195,0,0,0,0,0,33,12,53,10,2,1,0,0,39,0,0,0,9,1246,249364,0,0,0,0,53,248,37,3,2,4,7,1,47,Flareon
12-11,18:34:04,NINTEN,Weedle,Juggler,8,Fuchsia City - Gym,2,4:06:07.57,4:06:07,4h6m7s,41,7,48,63,14:31,13.148,POISON STING,STRING SHOT,,,88,32810,2322,166,991,3144,3000,1832,18,81291,Flareon, ,Bug,Poison,251287,Weedle1,Weedle,,04:05:54.42,04:06:07.57,14:31:20.01,63,41,4,6,7,57,POISON STING,STRING SHOT,,,0,0,0,0,3,0,0,0,14,176,105,97,83,83,126,47258,57400,52651,48624,48624,65535,15,15,15,15,0,0,0,0,0,0,0,118,109,83,83,126,3138871,956978,2029332,147160,5402,88,21,0,32810,32488,322,0,2322,1157,166,991,106,2,60547,42981,8393,8378,2861,340,1442,0,0,0,0,0,267,0,144,0,0,19,0,7,0,1,0,0,195,0,0,0,0,0,33,12,53,10,2,1,0,0,39,0,0,0,9,1248,251162,0,0,0,0,53,248,37,3,2,4,7,1,48,Flareon
12-11,18:34:50,NINTEN,Weedle,Biker,3,Route 15,5,4:06:53.49,4:06:53,4h6m53s,41,7,48,63,14:34,23.781,POISON STING,STRING SHOT,,,89,32920,2328,167,991,3153,3009,1836,18,82481,Flareon, ,Bug,Poison,254042,Weedle1,Weedle,,04:06:29.71,04:06:53.49,14:34:20.42,63,41,4,6,53,49,POISON STING,STRING SHOT,,,0,0,0,0,3,0,0,0,0,176,105,97,83,83,126,47443,57685,53056,48889,48889,65535,15,15,15,15,0,0,0,0,0,0,0,118,109,83,83,126,3149712,959638,2035861,148812,5402,89,21,0,32920,32598,322,0,2328,1158,167,991,106,2,61066,43308,8576,8561,2870,340,1446,0,0,0,0,0,268,0,146,0,0,19,0,7,0,1,0,0,195,0,0,0,0,0,33,12,53,10,2,1,0,0,39,0,0,0,9,1253,253917,0,0,0,0,53,248,37,3,2,4,7,1,48,Flareon
12-11,18:35:08,NINTEN,Weedle,Jr Trainer F,21,Route 15,2,4:07:11.33,4:07:11,4h7m11s,42,7,49,63,14:33,9.16,POISON STING,STRING SHOT,,,89,32925,2328,167,991,3147,3003,1833,18,82481,Flareon, ,Bug,Poison,252329,Weedle1,Weedle,,04:07:02.17,04:07:11.33,14:33:32.12,63,42,4,7,11,33,POISON STING,STRING SHOT,,,0,0,0,0,3,0,0,0,103,176,105,97,83,83,126,47361,57505,52746,48709,48709,65535,15,15,15,15,0,0,0,0,0,0,0,118,109,83,83,126,3146808,960332,2032389,148531,5557,89,22,0,32925,32603,322,0,2328,1158,167,991,106,2,60789,43127,8466,8451,2864,340,1442,0,0,0,0,0,267,0,144,0,0,19,0,7,0,1,0,0,195,0,0,0,0,0,33,12,53,10,2,1,0,0,39,0,0,0,9,1250,252204,0,0,0,0,53,248,37,3,2,4,7,1,49,Flareon
12-11,18:35:24,NINTEN,Weedle,Beauty,9,Route 15,2,4:07:27.88,4:07:27,4h7m27s,42,7,49,63,14:34,10.889,POISON STING,STRING SHOT,,,89,32928,2328,168,991,3151,3007,1835,18,83061,Flareon, ,Bug,Poison,253707,Weedle1,Weedle,,04:07:16.99,04:07:27.88,14:34:37.06,63,42,4,7,27,88,POISON STING,STRING SHOT,,,0,0,0,0,3,0,0,0,76,176,105,97,83,83,126,47564,57635,52846,48809,48809,65535,15,15,15,15,0,0,0,0,0,0,0,118,109,83,83,126,3150702,960544,2035458,149144,5557,89,22,0,32928,32606,322,0,2328,1159,168,991,106,2,61112,43331,8566,8551,2868,341,1442,0,0,0,0,0,267,0,144,0,0,19,0,7,0,1,0,0,195,0,0,0,0,0,33,12,53,10,2,1,0,0,39,0,0,0,9,1252,253582,0,0,0,0,53,248,37,3,2,4,7,1,49,Flareon
12-11,18:35:45,NINTEN,Weedle,Bird Keeper,5,Route 14,2,4:07:48.20,4:07:48,4h7m48s,42,7,49,63,14:35,9.618,POISON STING,STRING SHOT,,,90,32945,2328,169,991,3154,3010,1836,18,85091,Flareon, ,Bug,Poison,255073,Weedle1,Weedle,,04:07:38.58,04:07:48.20,14:35:57.06,63,42,4,7,48,20,POISON STING,STRING SHOT,,,0,0,0,0,3,0,0,0,103,176,105,97,83,83,126,47669,57785,52941,48901,48901,65535,15,15,15,15,-1,0,0,0,0,0,0,77,122,83,83,126,3155502,961299,2038237,150410,5557,90,22,0,32945,32623,322,0,2328,1160,169,991,106,2,61332,43478,8639,8624,2871,341,1443,0,0,0,0,0,267,0,144,0,0,19,0,7,0,1,0,0,195,0,0,0,0,0,33,12,53,10,2,1,0,0,39,0,0,0,9,1254,254948,0,0,0,0,53,248,37,3,2,4,7,1,49,Flareon
12-11,18:36:00,NINTEN,Weedle,Bird Keeper,4,Route 14,1,4:08:02.90,4:08:02,4h8m2s,42,7,49,63,14:36,6.536,POISON STING,STRING SHOT,,,90,32970,2328,170,991,3156,3012,1837,18,85816,Flareon, ,Bug,Poison,255737,Weedle1,Weedle,,04:07:56.36,04:08:02.90,14:36:54.47,63,42,4,8,2,90,POISON STING,STRING SHOT,,,0,0,0,0,3,0,0,0,135,176,105,97,83,83,126,47721,57850,52996,48959,48959,65535,15,15,15,15,0,-1,0,0,0,0,0,132,72,83,83,126,3158963,961982,2040294,151131,5557,90,22,0,32970,32648,322,0,2328,1161,170,991,106,2,61478,43560,8680,8665,2873,341,1444,0,0,0,0,0,267,0,144,0,0,19,0,7,0,1,0,0,195,0,0,0,0,0,33,12,53,10,2,1,0,0,39,0,0,0,9,1255,255612,0,0,0,0,53,248,37,3,2,4,7,1,49,Flareon
12-11,18:36:22,NINTEN,Weedle,Bird Keeper,17,Route 14,3,4:08:25.55,4:08:25,4h8m25s,42,7,49,63,14:38,13.186,POISON STING,STRING SHOT,,,91,32989,2329,171,991,3160,3016,1839,18,86641,Flareon, ,Bug,Poison,257633,Weedle1,Weedle,,04:08:12.36,04:08:25.55,14:38:24.11,63,42,4,8,25,55,POISON STING,STRING SHOT,,,0,0,0,0,3,0,0,0,66,176,105,97,83,83,126,47861,58085,53136,49086,49086,65535,15,15,15,15,0,0,0,0,0,0,0,118,109,83,83,126,3164327,962647,2043930,152194,5557,91,22,0,32989,32667,322,0,2329,1162,171,991,106,2,61818,43764,8790,8775,2877,341,1445,0,0,0,0,0,267,0,144,0,0,19,0,7,0,1,0,0,195,0,0,0,0,0,33,12,53,10,2,1,0,0,39,0,0,0,9,1258,257508,0,0,0,0,53,248,37,3,2,4,7,1,49,Flareon
12-11,18:36:41,NINTEN,Weedle,Bird Keeper,16,Route 14,2,4:08:44.45,4:08:44,4h8m44s,42,7,49,63,14:39,11.602,POISON STING,STRING SHOT,,,91,32993,2330,172,991,3164,3020,1841,18,87341,Flareon, ,Bug,Poison,259341,Weedle1,Weedle,,04:08:32.85,04:08:44.45,14:39:38.16,63,42,4,8,44,45,POISON STING,STRING SHOT,,,0,0,0,0,3,0,0,0,89,176,105,97,83,83,126,47989,58235,53256,49197,49197,65535,15,15,15,15,0,-1,0,0,0,0,0,132,72,83,83,126,3168772,962935,2047195,153086,5557,91,22,0,32993,32671,322,0,2330,1163,172,991,106,2,62096,43925,8877,8862,2881,341,1447,0,0,0,0,0,267,0,144,0,0,19,0,7,0,1,0,0,195,0,0,0,0,0,33,12,53,10,2,1,0,0,39,0,0,0,9,1260,259216,0,0,0,0,53,248,37,3,2,4,7,1,49,Flareon
12-11,18:37:07,NINTEN,Weedle,Biker,2,Route 14,2,4:09:09.89,4:09:09,4h9m9s,42,7,49,63,14:41,11.487,POISON STING,STRING SHOT,,,92,33023,2334,173,991,3168,3024,1843,18,88066,Flareon, ,Bug,Poison,260607,Weedle1,Weedle,,04:08:58.41,04:09:09.89,14:41:18.25,63,42,4,9,9,89,POISON STING,STRING SHOT,,,0,0,0,0,3,0,0,0,87,176,105,97,83,83,126,48109,58380,53401,49297,49297,65535,15,15,15,15,0,0,0,0,0,0,0,118,109,83,83,126,3174781,963927,2050430,154868,5557,92,22,0,33023,32701,322,0,2334,1164,173,991,106,2,62346,44081,8966,8951,2885,341,1449,0,0,0,0,0,267,0,145,0,0,19,0,7,0,1,0,0,195,0,0,0,0,0,33,12,53,10,2,1,0,0,39,0,0,0,9,1262,260482,0,0,0,0,53,248,37,3,2,4,7,1,49,Flareon
12-11,18:37:32,NINTEN,Weedle,Biker,14,Route 14,3,4:09:35.24,4:09:35,4h9m35s,42,7,49,64,14:42,16.469,POISON STING,STRING SHOT,,,93,33026,2334,174,991,3174,3030,1846,18,88646,Flareon, ,Bug,Poison,262371,Weedle1,Weedle,,04:09:18.77,04:09:35.24,14:42:58.15,64,42,4,9,35,24,POISON STING,STRING SHOT,,,0,0,0,0,3,0,0,0,51,179,107,99,85,85,128,48309,58605,53596,49437,49437,65535,15,15,15,15,0,0,0,0,0,0,0,120,111,85,85,128,3180771,964341,2054825,156049,5557,93,22,0,33026,32704,322,0,2334,1165,174,991,106,2,62755,44319,9094,9079,2891,342,1452,0,0,0,0,0,267,0,145,0,0,19,0,7,0,1,0,0,195,0,0,0,0,0,33,12,53,10,2,1,0,0,39,0,0,0,9,1265,262246,0,0,0,0,53,248,37,3,2,4,7,1,49,Flareon
12-11,18:38:03,NINTEN,Weedle,Biker,13,Route 14,4,4:10:06.03,4:10:06,4h10m6s,42,7,49,64,14:44,19.127,POISON STING,STRING SHOT,,,94,33034,2336,175,991,3181,3037,1849,18,89206,Flareon, ,Bug,Poison,264774,Weedle1,Weedle,,04:09:46.90,04:10:06.03,14:44:59.21,64,42,4,10,6,3,POISON STING,STRING SHOT,,,0,0,0,0,3,0,0,0,36,179,107,99,85,85,128,48509,58880,53931,49657,49657,65535,15,15,15,15,0,0,0,0,0,0,0,120,111,85,85,128,3188037,964699,2060234,157548,5557,94,22,0,33034,32712,322,0,2336,1166,175,991,106,2,63156,44580,9237,9222,2898,342,1455,0,0,0,0,0,267,0,146,0,0,19,0,7,0,1,0,0,195,0,0,0,0,0,33,12,53,10,2,1,0,0,39,0,0,0,9,1269,264649,0,0,0,0,53,248,37,3,2,4,7,1,49,Flareon
12-11,18:38:25,NINTEN,Weedle,Jr Trainer F,22,Route 15,1,4:10:28.72,4:10:28,4h10m28s,42,7,49,64,14:46,7.218,POISON STING,STRING SHOT,,,95,33068,2341,176,991,3183,3039,1850,18,89726,Flareon, ,Bug,Poison,265254,Weedle1,Weedle,,04:10:21.50,04:10:28.72,14:46:28.19,64,42,4,10,28,72,POISON STING,STRING SHOT,,,0,0,0,0,3,0,0,0,126,179,107,99,85,85,128,48579,58925,53979,49717,49717,65535,15,15,15,15,0,0,0,0,0,0,0,120,111,85,85,128,3193375,965645,2062455,159719,5557,95,22,0,33068,32746,322,0,2341,1167,176,991,106,2,63312,44674,9290,9275,2900,342,1456,0,0,0,0,0,267,0,146,0,0,19,0,7,0,1,0,0,195,0,0,0,0,0,33,12,53,10,2,1,0,0,39,0,0,0,9,1270,265129,0,0,0,0,53,248,37,3,2,4,7,1,49,Flareon
12-11,18:39:01,NINTEN,Weedle,Bird Keeper,10,Route 18,4,4:11:04.06,4:11:04,4h11m4s,42,7,49,64,14:48,15.551,POISON STING,STRING SHOT,,,96,33116,2347,177,991,3188,3044,1851,18,90386,Flareon, ,Bug,Poison,267121,Weedle1,Weedle,,04:10:48.51,04:11:04.06,14:48:47.45,64,42,4,11,4,6,POISON STING,STRING SHOT,,,0,0,0,0,3,0,0,0,50,179,107,99,85,85,128,48764,59195,54134,49871,49871,65535,15,15,15,15,0,-1,0,0,0,0,0,135,73,85,85,128,3201741,967200,2066625,162360,5557,96,22,0,33116,32794,322,0,2347,1168,177,991,106,2,63873,44927,9416,9401,2905,342,1457,0,0,0,0,0,267,0,146,0,0,19,0,7,0,1,0,0,195,0,0,0,0,0,33,12,53,10,2,1,0,0,39,0,0,0,9,1274,266996,0,0,0,0,53,248,37,3,2,4,7,1,49,Flareon
12-11,18:39:20,NINTEN,Weedle,Bird Keeper,8,Route 18,2,4:11:23.82,4:11:23,4h11m23s,42,7,49,64,14:50,9.269,POISON STING,STRING SHOT,,,97,33120,2347,178,991,3191,3047,1852,18,91036,Flareon, ,Bug,Poison,268487,Weedle1,Weedle,,04:11:14.55,04:11:23.82,14:50:05.19,64,42,4,11,23,82,POISON STING,STRING SHOT,,,0,0,0,0,3,0,0,0,106,179,107,99,85,85,128,48869,59345,54229,49963,49963,65535,15,15,15,15,0,0,0,0,0,0,0,120,111,85,85,128,3206395,967708,2069323,163808,5557,97,22,0,33120,32798,322,0,2347,1169,178,991,106,2,64114,45074,9489,9474,2908,343,1457,0,0,0,0,0,267,0,146,0,0,19,0,7,0,1,0,0,195,0,0,0,0,0,33,12,53,10,2,1,0,0,39,0,0,0,9,1276,268362,0,0,0,0,53,248,37,3,2,4,7,1,49,Flareon
12-11,18:39:36,NINTEN,Weedle,Bird Keeper,9,Route 18,1,4:11:38.90,4:11:38,4h11m38s,42,7,49,64,14:51,6.666,POISON STING,STRING SHOT,,,98,33124,2347,179,991,3193,3049,1853,18,91761,Flareon, ,Bug,Poison,269637,Weedle1,Weedle,,04:11:32.23,04:11:38.90,14:51:04.28,64,42,4,11,38,90,POISON STING,STRING SHOT,,,0,0,0,0,3,0,0,0,135,179,107,99,85,85,128,48929,59455,54299,50023,50023,65535,15,15,15,15,-1,0,0,0,0,0,0,78,124,85,85,128,3209944,967979,2071393,165016,5557,98,22,0,33124,32802,322,0,2347,1170,179,991,106,2,64204,45164,9533,9518,2910,343,1458,0,0,0,0,0,267,0,146,0,0,19,0,7,0,1,0,0,195,0,0,0,0,0,33,12,53,10,2,1,0,0,39,0,0,0,9,1277,269512,0,0,0,0,53,248,37,3,2,4,7,1,49,Flareon
12-11,18:41:45,NINTEN,Weedle,Juggler,7,Fuchsia City - Gym,1,4:13:48.29,4:13:48,4h13m48s,43,7,50,64,14:58,9.469,POISON STING,STRING SHOT,,,99,33308,2362,180,991,3196,3052,1855,18,82211,Flareon, ,Bug,Poison,270979,Weedle1,Weedle,,04:13:38.82,04:13:48.29,14:58:03.48,64,43,4,13,48,29,POISON STING,STRING SHOT,,,0,0,0,0,3,0,0,0,51,179,107,99,85,85,128,49014,59528,54369,50138,50138,65535,15,15,15,15,0,0,0,0,0,0,0,120,111,85,85,128,3235110,986309,2074156,168925,5721,99,23,0,33308,32986,322,0,2362,1171,180,991,106,2,64346,45282,9661,9646,2913,343,1460,0,0,0,0,0,267,0,146,0,0,19,0,7,0,1,0,0,195,0,0,0,0,0,33,12,53,10,2,1,0,0,39,0,0,0,9,1278,270854,0,0,0,0,53,300,37,3,2,4,7,1,50,Flareon
12-11,18:42:16,NINTEN,Weedle,Rocket,39,Silph Co - 10F,1,4:14:19.21,4:14:19,4h14m19s,43,7,50,64,15:00,6.347,POISON STING,STRING SHOT,,,99,33403,2372,181,991,3198,3054,1856,18,83541,Flareon, ,Bug,Poison,272011,Weedle1,Weedle,,04:14:12.87,04:14:19.21,15:00:05.10,64,43,4,14,19,21,POISON STING,STRING SHOT,,,0,0,0,0,3,0,0,0,129,179,107,99,85,85,128,49094,59628,54439,50188,50188,65535,15,15,15,15,0,0,0,0,0,0,0,120,111,85,85,128,3242392,989954,2076166,170552,5721,99,23,0,33403,33081,322,0,2372,1172,181,991,106,2,64458,45383,9711,9696,2915,344,1460,0,0,0,0,0,267,0,146,0,0,19,0,7,0,1,0,0,195,0,0,0,0,0,33,12,53,10,2,1,0,0,39,0,0,0,9,1279,271886,0,0,0,0,53,300,37,3,2,4,7,1,50,Flareon
12-11,18:42:35,NINTEN,Weedle,Scientist,11,Silph Co - 10F,2,4:14:38.65,4:14:38,4h14m38s,43,7,50,64,15:01,9.479,POISON STING,STRING SHOT,,,99,33456,2377,182,991,3201,3057,1857,20,84531,Flareon, ,Bug,Poison,273271,Weedle1,Weedle,,04:14:29.17,04:14:38.65,15:01:21.50,64,43,4,14,38,65,POISON STING,STRING SHOT,,,0,0,0,0,3,0,0,0,114,179,107,99,85,85,128,49159,59728,54604,50343,50343,65535,15,15,15,15,0,0,0,0,0,0,0,120,111,85,85,128,3246992,991444,2078899,170929,5721,99,23,0,33456,33134,322,0,2377,1173,182,991,106,2,64619,45507,9776,9761,2918,344,1461,0,0,0,0,0,267,0,146,0,0,19,0,7,0,1,0,0,195,0,0,0,0,0,33,12,53,10,2,1,0,0,39,0,0,0,9,1281,273146,0,0,0,0,56,300,37,3,2,4,7,1,50,Flareon
12-11,18:43:03,NINTEN,Weedle,Rocket,40,Silph Co - 11F,5,4:15:06.53,4:15:06,4h15m6s,43,7,50,65,15:03,17.025,POISON STING,STRING SHOT,,,100,33477,2380,183,991,3206,3062,1857,20,85981,Flareon, ,Bug,Poison,274802,Weedle1,Weedle,,04:14:49.51,04:15:06.53,15:03:11.32,65,43,4,15,6,53,POISON STING,STRING SHOT,,,0,0,0,0,3,0,0,0,44,182,109,101,86,86,130,49324,60001,54788,50498,50498,65535,15,15,15,15,0,0,0,0,0,0,0,122,113,86,86,130,3253574,992280,2083435,172139,5721,100,23,0,33477,33155,322,0,2380,1174,183,991,106,2,65175,45784,9914,9899,2923,344,1461,0,0,0,0,0,267,0,146,0,0,19,0,7,0,1,0,0,195,0,0,0,0,0,33,12,53,10,2,1,0,0,39,0,0,0,9,1286,274677,0,0,0,0,56,300,37,3,2,4,7,1,50,Flareon
12-11,18:43:40,NINTEN,Weedle,Rocket,35,Silph Co - 8F,4,4:15:43.87,4:15:43,4h15m43s,43,7,50,65,15:05,18.473,POISON STING,STRING SHOT,,,101,33535,2387,184,991,3212,3067,1860,20,86731,Flareon, ,Bug,Poison,277015,Weedle1,Weedle,,04:15:25.40,04:15:43.87,15:05:38.21,65,43,4,15,43,87,POISON STING,STRING SHOT,,,0,0,0,0,3,0,0,0,10,182,109,101,86,86,130,49524,60263,54988,50688,50688,65535,15,15,15,15,0,0,0,0,0,0,0,122,113,86,86,130,3262383,994199,2088619,173845,5721,101,23,0,33535,33213,322,0,2387,1175,184,991,106,2,65617,46046,10086,10071,2928,344,1464,0,0,0,0,0,267,0,147,0,0,20,0,7,0,1,0,0,195,0,0,0,0,0,35,13,53,10,2,1,0,0,39,0,0,0,9,1290,276890,0,0,0,0,56,300,37,3,2,4,7,1,50,Flareon
12-11,18:44:04,NINTEN,Weedle,Rocket,33,Silph Co - 7F,2,4:16:07.33,4:16:07,4h16m7s,43,7,50,65,15:07,11.502,POISON STING,STRING SHOT,,,102,33546,2388,185,991,3216,3071,1862,20,87511,Flareon, ,Bug,Poison,278095,Weedle1,Weedle,,04:15:55.83,04:16:07.33,15:07:10.08,65,43,4,16,7,33,POISON STING,STRING SHOT,,,0,0,0,0,3,0,0,0,99,182,109,101,86,86,130,49624,60363,55178,50768,50768,65535,15,15,15,15,0,-1,0,0,0,0,0,137,74,86,86,130,3267890,994835,2091756,175579,5721,102,23,0,33546,33224,322,0,2388,1176,185,991,106,2,65867,46190,10169,10154,2932,344,1466,0,0,0,0,0,268,0,147,0,0,20,0,7,0,1,0,0,195,0,0,0,0,0,35,13,53,10,2,1,0,0,39,0,0,0,9,1292,277970,0,0,0,0,56,300,37,3,2,4,7,1,50,Flareon
12-11,18:44:31,NINTEN,Weedle,Rocket,32,Silph Co - 7F,4,4:16:34.23,4:16:34,4h16m34s,43,7,50,65,15:08,17.335,POISON STING,STRING SHOT,,,103,33556,2390,186,991,3222,3077,1864,20,88381,Flareon, ,Bug,Poison,281145,Weedle1,Weedle,,04:16:16.89,04:16:34.23,15:08:56.03,65,43,4,16,34,23,POISON STING,STRING SHOT,,,0,0,0,0,3,0,0,0,41,182,109,101,86,86,130,49854,60674,55472,51018,51018,65535,15,15,15,15,0,0,0,0,0,0,0,122,113,86,86,130,3274245,995400,2096279,176846,5721,103,23,0,33556,33234,322,0,2390,1177,186,991,106,2,66341,46468,10310,10295,2938,345,1467,0,0,0,0,0,269,0,147,0,0,20,0,7,0,1,0,0,195,0,0,0,0,0,35,13,53,10,2,1,0,0,39,0,0,0,9,1296,281020,0,0,0,0,56,300,37,3,2,4,7,1,50,Flareon
12-11,18:45:03,NINTEN,Weedle,Scientist,8,Silph Co - 7F,2,4:17:06.65,4:17:06,4h17m6s,43,7,50,65,15:11,11.713,POISON STING,STRING SHOT,,,104,33597,2394,187,991,3226,3081,1866,20,89161,Flareon, ,Bug,Poison,283051,Weedle1,Weedle,,04:16:54.94,04:17:06.65,15:11:03.38,65,43,4,17,6,65,POISON STING,STRING SHOT,,,0,0,0,0,3,0,0,0,66,182,109,101,86,86,130,50019,60829,55617,51163,51163,65535,15,15,15,15,0,0,0,0,0,0,0,122,113,86,86,130,3281900,996839,2099454,179887,5721,104,23,0,33597,33275,322,0,2394,1178,187,991,106,2,66583,46650,10426,10411,2942,345,1469,0,0,0,0,0,269,0,147,0,0,20,0,7,0,1,0,0,195,0,0,0,0,0,35,13,53,10,2,1,0,0,39,0,0,0,9,1298,282926,0,0,0,0,56,300,37,3,2,4,7,1,50,Flareon
12-11,18:45:29,NINTEN,Weedle,Rocket,30,Silph Co - 6F,2,4:17:32.26,4:17:32,4h17m32s,43,7,50,65,15:12,11.143,POISON STING,STRING SHOT,,,105,33646,2399,188,991,3230,3085,1868,20,90611,Flareon, ,Bug,Poison,284503,Weedle1,Weedle,,04:17:21.11,04:17:32.26,15:12:44.40,65,43,4,17,32,26,POISON STING,STRING SHOT,,,0,0,0,0,3,0,0,0,82,182,109,101,86,86,130,50169,61009,55737,51248,51248,65535,15,15,15,15,0,0,0,0,0,0,0,122,113,86,86,130,3287962,998426,2102509,181307,5721,105,23,0,33646,33324,322,0,2399,1179,188,991,106,2,66882,46824,10526,10511,2946,346,1470,0,0,0,0,0,269,0,148,0,0,20,0,7,0,1,0,0,195,0,0,0,0,0,35,13,53,10,2,1,0,0,39,0,0,0,9,1300,284378,0,0,0,0,57,300,37,3,2,4,7,1,50,Flareon
12-11,18:45:59,NINTEN,Weedle,Scientist,7,Silph Co - 6F,5,4:18:02.41,4:18:02,4h18m2s,43,7,50,66,15:14,20.867,POISON STING,STRING SHOT,,,106,33659,2400,189,991,3237,3092,1870,20,91481,Flareon, ,Bug,Poison,287610,Weedle1,Weedle,,04:17:41.54,04:18:02.41,15:14:43.31,66,43,4,18,2,41,POISON STING,STRING SHOT,,,0,0,0,0,3,0,0,0,16,185,111,103,88,88,132,50364,61264,56142,51638,51638,65535,15,15,15,15,0,0,0,0,0,0,0,124,115,88,88,132,3295093,998879,2107859,182635,5721,106,23,0,33659,33337,322,0,2400,1180,189,991,106,2,67341,47116,10695,10680,2953,346,1472,0,0,0,0,0,269,0,148,0,0,20,0,7,0,1,0,0,195,0,0,0,0,0,35,13,53,10,2,1,0,0,39,0,0,0,9,1305,287485,0,0,0,0,57,300,37,3,2,4,7,1,50,Flareon
12-11,18:46:22,NINTEN,Weedle,Rocket,29,Silph Co - 5F,1,4:18:25.65,4:18:25,4h18m25s,43,7,50,66,15:16,6.88,POISON STING,STRING SHOT,,,107,33697,2401,190,991,3239,3094,1871,20,92731,Flareon, ,Bug,Poison,288775,Weedle1,Weedle,,04:18:18.77,04:18:25.65,15:16:14.36,66,43,4,18,25,65,POISON STING,STRING SHOT,,,0,0,0,0,3,0,0,0,123,185,111,103,88,88,132,50449,61337,56212,51753,51753,65535,15,15,15,15,0,0,0,0,0,0,0,124,115,88,88,132,3300558,1000261,2110275,184302,5721,107,23,0,33697,33375,322,0,2401,1181,190,991,106,2,67452,47220,10757,10742,2955,346,1473,0,0,0,0,0,269,0,148,0,0,20,0,7,0,1,0,0,195,0,0,0,0,0,35,13,53,10,2,1,0,0,39,0,0,0,9,1306,288650,0,0,0,0,57,300,37,3,2,4,7,1,50,Flareon
12-11,18:46:41,NINTEN,Weedle,Rocket,28,Silph Co - 5F,1,4:18:44.08,4:18:44,4h18m44s,43,7,50,66,15:17,6.807,POISON STING,STRING SHOT,,,108,33730,2402,191,991,3241,3096,1872,20,93721,Flareon, ,Bug,Poison,289814,Weedle1,Weedle,,04:18:37.28,04:18:44.08,15:17:27.07,66,43,4,18,44,8,POISON STING,STRING SHOT,,,0,0,0,0,3,0,0,0,137,185,111,103,88,88,132,50509,61422,56281,51818,51818,65535,15,15,15,15,0,0,0,0,0,0,0,124,115,88,88,132,3304909,1001417,2112289,185483,5721,108,23,0,33730,33408,322,0,2402,1182,191,991,106,2,67568,47307,10805,10790,2957,346,1474,0,0,0,0,0,269,0,148,0,0,20,0,7,0,1,0,0,195,0,0,0,0,0,35,13,53,10,2,1,0,0,39,0,0,0,9,1307,289689,0,0,0,0,58,300,37,3,2,4,7,1,50,Flareon
12-11,18:47:19,NINTEN,Weedle,Scientist,6,Silph Co - 5F,4,4:19:22.83,4:19:22,4h19m22s,43,7,50,66,15:19,19.385,POISON STING,STRING SHOT,,,109,33771,2406,192,991,3248,3103,1875,20,94711,Flareon, ,Bug,Poison,292803,Weedle1,Weedle,,04:19:03.45,04:19:22.83,15:19:59.43,66,43,4,19,22,83,POISON STING,STRING SHOT,,,0,0,0,0,3,0,0,0,52,185,111,103,88,88,132,50689,61672,56661,52178,52178,65535,15,15,15,15,0,0,0,0,0,0,0,124,115,88,88,132,3314065,1003309,2117287,187749,5721,109,23,0,33771,33449,322,0,2406,1183,192,991,106,2,67983,47559,10938,10923,2964,347,1476,0,0,0,0,0,270,0,149,0,0,20,0,7,0,1,0,0,195,0,0,0,0,0,35,13,53,10,2,1,0,0,39,0,0,0,9,1311,292678,0,0,0,0,59,300,37,3,2,4,7,1,50,Flareon
12-11,18:47:47,NINTEN,Weedle,Rocket,25,Silph Co - 3F,3,4:19:50.61,4:19:50,4h19m50s,43,7,50,66,15:21,14.244,POISON STING,STRING SHOT,,,110,33813,2408,193,991,3253,3108,1877,20,96011,Flareon, ,Bug,Poison,295185,Weedle1,Weedle,,04:19:36.36,04:19:50.61,15:21:48.50,66,43,4,19,50,61,POISON STING,STRING SHOT,,,0,0,0,0,3,0,0,0,60,185,111,103,88,88,132,50884,61907,56851,52393,52393,65535,15,15,15,15,0,0,0,0,0,0,0,124,115,88,88,132,3320612,1004570,2121085,189237,5721,110,23,0,33813,33491,322,0,2408,1184,193,991,106,2,68342,47795,11063,11048,2969,347,1477,0,0,0,0,0,270,0,149,0,0,20,0,7,0,1,0,0,195,0,0,0,0,0,35,13,53,10,2,1,0,0,39,0,0,0,9,1314,295060,0,0,0,0,59,300,37,3,2,4,7,1,50,Flareon
12-11,18:48:13,NINTEN,Weedle,Scientist,4,Silph Co - 3F,2,4:20:16.14,4:20:16,4h20m16s,43,7,50,66,15:23,11.942,POISON STING,STRING SHOT,,,111,33836,2412,194,991,3257,3112,1879,20,96851,Flareon, ,Bug,Poison,297190,Weedle1,Weedle,,04:20:04.20,04:20:16.14,15:23:29.10,66,43,4,20,16,14,POISON STING,STRING SHOT,,,0,0,0,0,3,0,0,0,72,185,111,103,88,88,132,51009,62047,57041,52558,52558,65535,15,15,15,15,0,0,0,0,0,0,0,124,115,88,88,132,3326632,1005906,2124320,190686,5721,111,23,0,33836,33514,322,0,2412,1185,194,991,106,2,68549,47954,11176,11161,2973,347,1479,0,0,0,0,0,270,0,149,0,0,20,0,7,0,1,0,0,195,0,0,0,0,0,35,13,53,10,2,1,0,0,39,0,0,0,9,1316,297065,0,0,0,0,59,300,37,3,2,4,7,1,50,Flareon
12-11,18:48:38,NINTEN,Weedle,Rocket,27,Silph Co - 4F,3,4:20:41.19,4:20:41,4h20m41s,43,7,50,66,15:25,12.349,POISON STING,STRING SHOT,,,112,33875,2419,195,991,3261,3116,1880,20,98301,Flareon, ,Bug,Poison,298408,Weedle1,Weedle,,04:20:28.84,04:20:41.19,15:25:07.48,66,43,4,20,41,19,POISON STING,STRING SHOT,,,0,0,0,0,3,0,0,0,67,185,111,103,88,88,132,51134,62202,57215,52678,52678,65535,15,15,15,15,0,0,0,0,0,0,0,124,115,88,88,132,3332550,1007239,2127661,191930,5721,112,23,0,33875,33553,322,0,2419,1186,195,991,106,2,68862,48150,11281,11266,2977,347,1480,0,0,0,0,0,270,0,149,0,0,20,0,7,0,1,0,0,195,0,0,0,0,0,35,13,53,10,2,1,0,0,39,0,0,0,9,1319,298283,0,0,0,0,59,300,37,3,2,4,7,1,50,Flareon
12-11,18:48:58,NINTEN,Weedle,Rocket,26,Silph Co - 4F,2,4:21:00.89,4:21:00,4h21m0s,43,7,50,66,15:26,7.859,POISON STING,STRING SHOT,,,113,33905,2420,196,991,3263,3118,1880,20,99141,Flareon, ,Bug,Poison,299587,Weedle1,Weedle,,04:20:53.03,04:21:00.89,15:26:25.06,66,43,4,21,0,89,POISON STING,STRING SHOT,,,0,0,0,0,3,0,0,0,104,185,111,103,88,88,132,51264,62330,57310,52803,52803,65535,15,15,15,15,0,0,0,0,0,0,0,124,115,88,88,132,3337188,1008164,2129924,193380,5721,113,23,0,33905,33583,322,0,2420,1187,196,991,106,2,69050,48312,11362,11347,2979,347,1480,0,0,0,0,0,270,0,149,0,0,20,0,7,0,1,0,0,195,0,0,0,0,0,35,13,53,10,2,1,0,0,39,0,0,0,9,1321,299462,0,0,0,0,59,300,37,3,2,4,7,1,50,Flareon
12-11,18:49:13,NINTEN,Weedle,Scientist,5,Silph Co - 4F,1,4:21:16.32,4:21:16,4h21m16s,43,7,50,66,15:27,5.927,POISON STING,STRING SHOT,,,114,33916,2422,197,991,3264,3119,1881,20,100011,Flareon, ,Bug,Poison,300647,Weedle1,Weedle,,04:21:10.39,04:21:16.32,15:27:25.34,66,43,4,21,16,32,POISON STING,STRING SHOT,,,0,0,0,0,3,0,0,0,129,185,111,103,88,88,132,51324,62380,57380,52883,52883,65535,15,15,15,15,0,0,0,0,0,0,0,124,115,88,88,132,3340816,1008823,2131738,194535,5721,114,23,0,33916,33594,322,0,2422,1188,197,991,106,2,69109,48371,11418,11403,2980,347,1481,0,0,0,0,0,270,0,149,0,0,20,0,7,0,1,0,0,195,0,0,0,0,0,35,13,53,10,2,1,0,0,39,0,0,0,9,1322,300522,0,0,0,0,59,300,37,3,2,4,7,1,50,Flareon
12-11,18:49:49,NINTEN,Weedle,Rocket,31,Silph Co - 6F,3,4:21:51.97,4:21:51,4h21m51s,43,7,50,67,15:29,13.397,POISON STING,STRING SHOT,,,115,34051,2427,198,991,3268,3123,1882,20,101661,Flareon, ,Bug,Poison,302321,Weedle1,Weedle,,04:21:38.57,04:21:51.97,15:29:46.16,67,43,4,21,51,97,POISON STING,STRING SHOT,,,0,0,0,0,3,0,0,0,77,188,113,105,90,90,134,51479,62550,57520,53038,53038,65535,15,15,15,15,0,0,0,0,0,0,0,127,118,90,90,134,3349258,1012660,2135340,195538,5721,115,23,0,34051,33729,322,0,2427,1189,198,991,106,2,69601,48583,11523,11508,2984,348,1481,0,0,0,0,0,272,0,149,0,0,20,0,7,0,1,0,0,195,0,0,0,0,0,35,13,53,10,2,1,0,0,39,0,0,0,9,1325,302196,0,0,0,0,59,300,37,3,2,4,7,1,50,Flareon
12-11,18:51:14,NINTEN,Weedle,Rocket,24,Silph Co - 2F,5,4:23:17.12,4:23:17,4h23m17s,44,7,51,67,15:34,19.132,POISON STING,STRING SHOT,,,117,34256,2436,199,991,3274,3129,1883,17,114301,Flareon, ,Bug,Poison,304721,Weedle1,Weedle,,04:22:57.99,04:23:17.12,15:34:41.49,67,44,4,23,17,12,POISON STING,STRING SHOT,,,0,0,0,0,3,0,0,0,19,188,113,105,90,90,134,51729,62846,57755,53283,53283,65535,15,15,15,15,0,0,0,0,0,0,0,127,118,90,90,134,3366996,1021113,2140653,199356,5875,117,24,0,34256,33934,322,0,2436,1190,199,991,106,2,70131,48902,11681,11666,2989,349,1482,0,0,0,0,0,272,0,149,0,0,21,0,7,0,1,0,0,195,0,0,0,0,0,38,13,53,10,2,1,0,0,39,0,0,0,9,1330,304596,0,0,0,0,59,300,40,3,2,4,7,1,51,Flareon
12-11,18:51:39,NINTEN,Weedle,Scientist,3,Silph Co - 2F,3,4:23:42.14,4:23:42,4h23m42s,44,7,51,67,15:36,12.921,POISON STING,STRING SHOT,,,118,34274,2438,200,991,3278,3133,1884,17,115051,Flareon, ,Bug,Poison,306839,Weedle1,Weedle,,04:23:29.22,04:23:42.14,15:36:19.52,67,44,4,23,42,14,POISON STING,STRING SHOT,,,0,0,0,0,3,0,0,0,74,188,113,105,90,90,134,51844,62971,57970,53553,53553,65535,15,15,15,15,0,0,0,0,0,0,0,127,118,90,90,134,3372879,1021859,2144114,201032,5875,118,24,0,34274,33952,322,0,2438,1191,200,991,106,2,70408,49092,11795,11780,2993,349,1483,0,0,0,0,0,272,0,149,0,0,21,0,7,0,1,0,0,195,0,0,0,0,0,38,13,53,10,2,1,0,0,39,0,0,0,9,1333,306714,0,0,0,0,59,300,40,3,2,4,7,1,51,Flareon
12-11,18:51:57,NINTEN,Weedle,Rocket,23,Silph Co - 2F,2,4:24:00.29,4:24:00,4h24m0s,44,7,51,67,15:37,9.027,POISON STING,STRING SHOT,,,119,34288,2440,201,991,3281,3136,1885,17,116451,Flareon, ,Bug,Poison,307713,Weedle1,Weedle,,04:23:51.26,04:24:00.29,15:37:31.10,67,44,4,24,0,29,POISON STING,STRING SHOT,,,0,0,0,0,3,0,0,0,105,188,113,105,90,90,134,51934,63066,58100,53633,53633,65535,15,15,15,15,0,0,0,0,0,0,0,127,118,90,90,134,3377157,1022367,2146663,202253,5875,119,24,0,34288,33966,322,0,2440,1192,201,991,106,2,70640,49230,11864,11849,2996,350,1483,0,0,0,0,0,272,0,149,0,0,21,0,7,0,1,0,0,195,0,0,0,0,0,38,13,53,10,2,1,0,0,39,0,0,0,9,1335,307588,0,0,0,0,59,300,40,3,2,4,7,1,51,Flareon
12-11,18:54:33,NINTEN,Weedle,Juggler,3,Fuchsia City - Gym,4,4:26:36.09,4:26:36,4h26m36s,44,7,51,67,15:47,14.426,POISON STING,STRING SHOT,,,120,34481,2462,202,991,3285,3140,1885,18,98721,Flareon, ,Bug,Poison,310704,Weedle1,Weedle,,04:26:21.67,04:26:36.09,15:47:48.05,67,44,4,26,36,9,POISON STING,STRING SHOT,,,0,0,0,0,3,0,0,0,30,188,113,105,90,90,134,52154,63245,58265,54023,54023,65535,15,15,15,15,0,0,0,0,0,0,0,127,118,90,90,134,3414172,1051514,2150564,206220,5875,120,24,0,34481,34159,322,0,2462,1193,202,991,106,2,71030,49549,12022,12007,3000,350,1483,0,0,0,0,0,272,0,149,0,0,21,0,7,0,1,0,0,195,0,0,0,0,0,38,13,53,10,2,1,0,0,39,0,0,0,9,1339,310579,0,0,0,0,59,391,40,3,2,4,7,1,51,Flareon
12-11,18:55:02,NINTEN,Weedle,Tamer,2,Fuchsia City - Gym,3,4:27:05.77,4:27:05,4h27m5s,44,7,51,67,15:49,18.246,POISON STING,STRING SHOT,,,121,34488,2466,203,991,3292,3147,1889,18,99806,Flareon, ,Bug,Poison,313934,Weedle1,Weedle,,04:26:47.52,04:27:05.77,15:49:44.46,67,44,4,27,5,77,POISON STING,STRING SHOT,,,0,0,0,0,3,0,0,0,9,188,113,105,90,90,134,52349,63515,58513,54208,54208,65535,15,15,15,15,0,0,0,0,0,0,0,127,118,90,90,134,3421173,1051996,2155389,207914,5875,121,24,0,34488,34166,322,0,2466,1194,203,991,106,2,71472,49820,12201,12186,3007,350,1486,0,0,0,0,0,274,0,150,0,0,21,0,7,0,1,0,0,195,0,0,0,0,0,38,13,53,10,2,1,0,0,39,0,0,0,9,1342,313809,0,0,0,0,59,391,40,3,2,4,7,1,51,Flareon
12-11,18:55:28,NINTEN,Weedle,Tamer,1,Fuchsia City - Gym,2,4:27:31.02,4:27:31,4h27m31s,44,7,51,68,15:51,12.681,POISON STING,STRING SHOT,,,122,34504,2471,204,991,3296,3151,1891,18,101126,Flareon, ,Bug,Poison,316191,Weedle1,Weedle,,04:27:18.34,04:27:31.02,15:51:24.00,68,44,4,27,31,2,POISON STING,STRING SHOT,,,0,0,0,0,3,0,0,0,89,191,115,107,92,92,136,52484,63700,58692,54328,54328,65535,15,15,15,15,0,-1,0,0,0,0,0,145,78,92,92,136,3427127,1052753,2158882,209618,5875,122,24,0,34504,34182,322,0,2471,1195,204,991,106,2,71718,50010,12303,12288,3011,350,1488,0,0,0,0,0,275,0,150,0,0,21,0,7,0,1,0,0,195,0,0,0,0,0,38,13,53,10,2,1,0,0,39,0,0,0,9,1344,316066,0,0,0,0,59,391,40,3,2,4,7,1,51,Flareon
12-11,18:55:52,NINTEN,Weedle,Juggler,4,Fuchsia City - Gym,2,4:27:55.38,4:27:55,4h27m55s,44,7,51,68,15:52,12.686,POISON STING,STRING SHOT,,,123,34507,2471,205,991,3300,3155,1893,18,102486,Flareon, ,Bug,Poison,318134,Weedle1,Weedle,,04:27:42.69,04:27:55.38,15:52:59.56,68,44,4,27,55,38,POISON STING,STRING SHOT,,,0,0,0,0,3,0,0,0,31,191,115,107,92,92,136,52629,63821,58807,54533,54533,65535,15,15,15,15,0,0,0,0,0,0,0,129,120,92,92,136,3432883,1053359,2162764,210886,5875,123,24,0,34507,34185,322,0,2471,1196,205,991,106,2,72067,50207,12461,12446,3015,350,1490,0,0,0,0,0,276,0,151,0,0,21,0,7,0,1,0,0,195,0,0,0,0,0,38,13,53,10,2,1,0,0,39,0,0,0,9,1346,318009,0,0,0,0,59,391,40,3,2,4,7,1,51,Flareon
12-11,18:57:02,NINTEN,Weedle,Biker,3,Route 15,5,4:29:05.42,4:29:05,4h29m5s,45,7,52,68,15:56,18.938,POISON STING,STRING SHOT,,,125,34655,2480,206,991,3306,3161,1894,18,103676,Flareon, ,Bug,Poison,321370,Weedle1,Weedle,,04:28:46.48,04:29:05.42,15:56:11.42,68,45,4,29,5,42,POISON STING,STRING SHOT,,,0,0,0,0,3,0,0,0,20,191,115,107,92,92,136,52894,64186,59262,54838,54838,65535,15,15,15,15,0,0,0,0,0,0,0,129,120,92,92,136,3444395,1057292,2167761,213295,6048,125,25,0,34655,34333,322,0,2480,1197,206,991,106,2,72512,50534,12632,12617,3021,350,1491,0,0,0,0,0,277,0,151,0,0,21,0,7,0,1,0,0,195,0,0,0,0,0,38,13,53,10,2,1,0,0,39,0,0,0,9,1351,321245,0,0,0,0,59,391,40,3,2,4,7,1,52,Flareon
12-11,19:49:18,NINTEN,Weedle,Swimmer,2,Route 19,2,5:21:21.26,5:21:21,5h21m21s,48,7,55,75,19:15,7.605,POISON STING,STRING SHOT,,,127,40887,2958,207,1429,3746,3601,1894,18,82576,Flareon, ,Bug,Poison,423267,Weedle1,Weedle,,05:21:13.65,05:21:21.26,19:15:14.49,75,48,5,21,21,26,POISON STING,STRING SHOT,,,0,0,0,0,3,0,0,0,147,212,127,119,104,104,149,57869,65535,65535,65535,65535,65535,15,15,15,15,0,0,0,0,0,0,0,142,133,104,104,149,4160994,1206508,2675289,272830,6368,127,27,0,40887,40565,322,0,2958,1636,207,1429,106,2,179275,66244,20372,20357,3461,350,1491,0,0,0,0,0,313,0,151,0,0,21,0,7,0,1,0,0,195,0,0,0,0,0,38,13,53,10,2,1,0,0,39,0,0,0,9,1791,423142,0,0,0,0,59,499,40,3,2,4,7,1,55,Flareon
12-11,19:49:31,NINTEN,Weedle,Swimmer,3,Route 19,3,5:21:34.85,5:21:34,5h21m34s,48,7,55,75,19:16,10.618,POISON STING,STRING SHOT,,,127,40892,2958,208,1429,3749,3604,1894,18,82726,Flareon, ,Bug,Poison,425127,Weedle1,Weedle,,05:21:24.23,05:21:34.85,19:16:08.21,75,48,5,21,34,85,POISON STING,STRING SHOT,,,0,0,0,0,3,0,0,0,53,212,127,119,104,104,149,57974,65535,65535,65535,65535,65535,15,15,15,15,0,0,0,0,0,0,0,142,133,104,104,149,4164206,1206711,2678298,272830,6368,127,27,0,40892,40570,322,0,2958,1637,208,1429,106,2,179634,66435,20466,20451,3464,350,1491,0,0,0,0,0,314,0,151,0,0,21,0,7,0,1,0,0,195,0,0,0,0,0,38,13,53,10,2,1,0,0,39,0,0,0,9,1794,425002,0,0,0,0,59,499,40,3,2,4,7,1,55,Flareon
12-11,19:51:49,NINTEN,Weedle,Hiker,11,Route 9,2,5:23:52.43,5:23:52,5h23m52s,48,7,55,75,19:25,9.795,POISON STING,STRING SHOT,,,127,41082,2985,209,1429,3752,3607,1895,18,67471,Flareon, ,Bug,Poison,425965,Weedle1,Weedle,,05:23:42.64,05:23:52.43,19:25:12.44,75,48,5,23,52,43,POISON STING,STRING SHOT,,,0,0,0,0,3,0,0,0,143,212,127,119,104,104,149,58079,65535,65535,65535,65535,65535,15,15,15,15,0,0,0,0,0,0,0,142,133,104,104,149,4196869,1230705,2681122,278675,6368,127,27,0,41082,40760,322,0,2985,1638,209,1429,106,2,179847,66543,20526,20511,3467,350,1492,0,0,0,0,0,314,0,151,0,0,21,0,7,0,1,0,0,195,0,0,0,0,0,38,13,53,10,2,1,0,0,39,0,0,0,9,1796,425840,0,0,0,0,59,576,40,3,2,4,7,1,55,Flareon
12-11,19:52:08,NINTEN,Weedle,Hiker,5,Route 9,2,5:24:11.70,5:24:11,5h24m11s,48,7,55,75,19:26,13.578,POISON STING,STRING SHOT,,,127,41119,2987,210,1429,3758,3611,1897,18,68171,Flareon, ,Bug,Poison,426838,Weedle1,Weedle,,05:23:58.13,05:24:11.70,19:26:28.54,75,48,5,24,11,70,POISON STING,STRING SHOT,,,0,0,0,0,3,0,0,0,91,212,127,119,104,104,149,58154,65535,65535,65535,65535,65535,15,15,15,15,0,0,0,0,0,0,0,142,133,104,104,149,4201439,1231495,2684902,278675,6368,127,27,0,41119,40797,322,0,2987,1639,210,1429,106,2,179992,66643,20578,20563,3471,350,1493,0,0,0,0,0,315,0,151,0,0,21,0,7,0,1,0,0,195,0,0,0,0,0,38,13,53,10,2,1,0,0,39,0,0,0,9,1798,426713,0,0,0,0,59,576,40,3,2,4,7,1,55,Flareon
12-11,19:52:31,NINTEN,Weedle,Jr Trainer M,8,Route 9,4,5:24:34.53,5:24:34,5h24m34s,48,7,55,75,19:27,13.33,POISON STING,STRING SHOT,,,127,41161,2987,211,1429,3762,3615,1897,18,68906,Flareon, ,Bug,Poison,428027,Weedle1,Weedle,,05:24:21.19,05:24:34.53,19:27:58.37,75,48,5,24,34,53,POISON STING,STRING SHOT,,,0,0,0,0,3,0,0,0,106,212,127,119,104,104,149,58279,65535,65535,65535,65535,65535,15,15,15,15,0,0,0,0,0,0,0,142,133,104,104,149,4206822,1232499,2688562,279394,6368,127,27,0,41161,40839,322,0,2987,1640,211,1429,106,2,180886,66817,20663,20648,3475,350,1493,0,0,0,0,0,316,0,151,0,0,21,0,7,0,1,0,0,195,0,0,0,0,0,38,13,53,10,2,1,0,0,39,0,0,0,9,1802,427902,0,0,0,0,59,576,40,3,2,4,7,1,55,Flareon
12-11,19:52:53,NINTEN,Weedle,Hiker,6,Route 9,3,5:24:56.71,5:24:56,5h24m56s,48,7,55,75,19:29,14.861,POISON STING,STRING SHOT,,,127,41175,2988,212,1429,3767,3620,1899,18,69286,Flareon, ,Bug,Poison,429137,Weedle1,Weedle,,05:24:41.85,05:24:56.71,19:29:25.56,75,48,5,24,56,71,POISON STING,STRING SHOT,,,0,0,0,0,3,0,0,0,120,212,127,119,104,104,149,58429,65535,65535,65535,65535,65535,15,15,15,15,0,0,0,0,0,0,0,142,133,104,104,149,4212061,1233040,2692591,280063,6368,127,27,0,41175,40853,322,0,2988,1641,212,1429,106,2,181253,66976,20749,20734,3480,350,1495,0,0,0,0,0,317,0,152,0,0,21,0,7,0,1,0,0,195,0,0,0,0,0,38,13,53,10,2,1,0,0,39,0,0,0,9,1805,429012,0,0,0,0,59,576,40,3,2,4,7,1,55,Flareon
12-11,19:53:21,NINTEN,Weedle,Pokemaniac,4,Rock Tunnel,2,5:25:24.85,5:25:24,5h25m24s,48,7,55,75,19:31,7.584,POISON STING,STRING SHOT,,,127,41335,3001,213,1429,3769,3622,1899,18,69986,Flareon, ,Bug,Poison,429852,Weedle1,Weedle,,05:25:17.27,05:25:24.85,19:31:17.01,75,48,5,25,24,85,POISON STING,STRING SHOT,,,0,0,0,0,3,0,0,0,116,212,127,119,104,104,149,58518,65535,65535,65535,65535,65535,15,15,15,15,0,0,0,0,0,0,0,142,133,104,104,149,4218726,1236600,2694783,280976,6368,127,27,0,41335,41013,322,0,3001,1642,213,1429,106,2,181483,67085,20803,20788,3482,350,1495,0,0,0,0,0,317,0,152,0,0,21,0,7,0,1,0,0,195,0,0,0,0,0,38,13,53,10,2,1,0,0,39,0,0,0,9,1807,429727,0,0,0,0,59,576,40,3,2,4,7,1,55,Flareon
12-11,19:53:37,NINTEN,Weedle,Hiker,10,Rock Tunnel,1,5:25:40.66,5:25:40,5h25m40s,48,7,55,75,19:32,5.961,POISON STING,STRING SHOT,,,128,41357,3002,214,1429,3770,3623,1900,18,71086,Flareon, ,Bug,Poison,430312,Weedle1,Weedle,RTG5 - Self-destructing Hiker,05:25:34.70,05:25:40.66,19:32:19.10,75,48,5,25,40,66,POISON STING,STRING SHOT,,,0,0,0,0,3,0,0,0,172,212,127,119,104,104,149,58558,65535,65535,65535,65535,65535,15,15,15,15,0,0,0,0,0,0,0,142,133,104,104,149,4222455,1237348,2696596,282144,6368,128,27,0,41357,41035,322,0,3002,1643,214,1429,106,2,181517,67119,20843,20828,3483,350,1496,0,0,0,0,0,317,0,152,0,0,21,0,7,0,1,0,0,195,0,0,0,0,0,38,13,53,10,2,1,0,0,39,0,0,0,9,1808,430187,0,0,0,0,59,576,40,3,2,4,7,1,55,Flareon
12-11,19:53:58,NINTEN,Weedle,Hiker,11,Rock Tunnel,2,5:26:01.35,5:26:01,5h26m1s,48,7,55,75,19:33,12.925,POISON STING,STRING SHOT,,,128,41402,3008,215,1429,3777,3626,1901,18,71961,Flareon, ,Bug,Poison,431150,Weedle1,Weedle,,05:25:48.42,05:26:01.35,19:33:41.02,75,48,5,26,1,35,POISON STING,STRING SHOT,,,0,0,0,0,3,0,0,0,114,212,127,119,104,104,149,58663,65535,65535,65535,65535,65535,15,15,15,15,0,0,0,0,0,0,0,142,133,104,104,149,4227367,1238733,2700123,282144,6368,128,27,0,41402,41080,322,0,3008,1644,215,1429,106,2,181717,67227,20901,20886,3486,350,1497,0,0,0,0,0,317,0,152,0,0,21,0,7,0,1,0,0,195,0,0,0,0,0,38,13,53,10,2,1,0,0,39,0,0,0,9,1810,431025,0,0,0,0,59,576,40,3,2,4,7,1,55,Flareon
12-11,19:54:22,NINTEN,Weedle,Hiker,12,Rock Tunnel - 1,4,5:26:25.14,5:26:25,5h26m25s,48,7,55,75,19:35,16.188,POISON STING,STRING SHOT,,,128,41416,3008,216,1429,3782,3631,1902,18,72661,Flareon, ,Bug,Poison,432554,Weedle1,Weedle,,05:26:08.95,05:26:25.14,19:35:14.37,75,48,5,26,25,14,POISON STING,STRING SHOT,,,0,0,0,0,3,0,0,0,112,212,127,119,104,104,149,58853,65535,65535,65535,65535,65535,15,15,15,15,0,0,0,0,0,0,0,142,133,104,104,149,4232982,1239455,2704345,282815,6368,128,27,0,41416,41094,322,0,3008,1645,216,1429,106,2,182102,67426,21001,20986,3491,350,1498,0,0,0,0,0,318,0,152,0,0,21,0,7,0,1,0,0,195,0,0,0,0,0,38,13,53,10,2,1,0,0,39,0,0,0,9,1814,432429,0,0,0,0,59,576,40,3,2,4,7,1,55,Flareon
12-11,19:54:46,NINTEN,Weedle,Hiker,13,Rock Tunnel - 1,3,5:26:48.92,5:26:48,5h26m48s,48,7,55,75,19:36,15.415,POISON STING,STRING SHOT,,,129,41427,3010,217,1429,3787,3636,1904,18,73326,Flareon, ,Bug,Poison,433845,Weedle1,Weedle,,05:26:33.51,05:26:48.92,19:36:48.19,75,48,5,26,48,92,POISON STING,STRING SHOT,,,0,0,0,0,3,0,0,0,131,212,127,119,104,104,149,58963,65535,65535,65535,65535,65535,15,15,15,15,0,0,0,0,0,0,0,142,133,104,104,149,4238604,1239811,2708384,284042,6368,129,27,0,41427,41105,322,0,3010,1646,217,1429,106,2,182295,67569,21082,21067,3496,350,1500,0,0,0,0,0,319,0,152,0,0,21,0,7,0,1,0,0,195,0,0,0,0,0,38,13,53,10,2,1,0,0,39,0,0,0,9,1817,433720,0,0,0,0,59,576,40,3,2,4,7,1,55,Flareon
12-11,19:55:06,NINTEN,Weedle,Hiker,14,Rock Tunnel - 1,2,5:27:09.21,5:27:09,5h27m9s,48,7,55,75,19:38,12.22,POISON STING,STRING SHOT,,,129,41447,3019,218,1429,3791,3640,1906,18,74026,Flareon, ,Bug,Poison,434835,Weedle1,Weedle,,05:26:56.99,05:27:09.21,19:38:08.11,75,48,5,27,9,21,POISON STING,STRING SHOT,,,0,0,0,0,3,0,0,0,147,212,127,119,104,104,149,59058,65535,65535,65535,65535,65535,15,15,15,15,0,0,0,0,0,0,0,142,133,104,104,149,4243396,1240625,2711711,284693,6368,129,27,0,41447,41125,322,0,3019,1647,218,1429,106,2,182436,67677,21147,21132,3500,350,1501,0,0,0,0,0,319,0,152,0,0,21,0,7,0,1,0,0,195,0,0,0,0,0,38,13,53,10,2,1,0,0,39,0,0,0,9,1819,434710,0,0,0,0,59,576,40,3,2,4,7,1,55,Flareon
12-11,19:55:25,NINTEN,Weedle,Jr Trainer F,9,Rock Tunnel,3,5:27:28.19,5:27:28,5h27m28s,48,7,55,75,19:39,10.256,POISON STING,STRING SHOT,,,129,41469,3021,219,1429,3794,3643,1906,18,74761,Flareon, ,Bug,Poison,435734,Weedle1,Weedle,,05:27:17.93,05:27:28.19,19:39:22.49,75,48,5,27,28,19,POISON STING,STRING SHOT,,,0,0,0,0,3,0,0,0,106,212,127,119,104,104,149,59253,65535,65535,65535,65535,65535,15,15,15,15,0,0,0,0,0,0,0,142,133,104,104,149,4247874,1241568,2714516,285423,6368,129,27,0,41469,41147,322,0,3021,1648,219,1429,106,2,183022,67861,21238,21223,3503,350,1501,0,0,0,0,0,319,0,152,0,0,21,0,7,0,1,0,0,195,0,0,0,0,0,38,13,53,10,2,1,0,0,39,0,0,0,9,1822,435609,0,0,0,0,59,576,40,3,2,4,7,1,55,Flareon
12-11,19:55:45,NINTEN,Weedle,Pokemaniac,3,Rock Tunnel,3,5:27:48.81,5:27:48,5h27m48s,48,7,55,75,19:40,10.542,POISON STING,STRING SHOT,,,130,41488,3025,220,1429,3797,3646,1906,18,75181,Flareon, ,Bug,Poison,437003,Weedle1,Weedle,,05:27:38.26,05:27:48.81,19:40:43.58,75,48,5,27,48,81,POISON STING,STRING SHOT,,,0,0,0,0,3,0,0,0,104,212,127,119,104,104,149,59523,65535,65535,65535,65535,65535,15,15,15,15,0,0,0,0,0,0,0,142,133,104,104,149,4252743,1242343,2717419,286614,6368,130,27,0,41488,41166,322,0,3025,1649,220,1429,106,2,183485,68068,21340,21325,3506,350,1501,0,0,0,0,0,320,0,152,0,0,21,0,7,0,1,0,0,195,0,0,0,0,0,38,13,53,10,2,1,0,0,39,0,0,0,9,1825,436878,0,0,0,0,59,576,40,3,2,4,7,1,55,Flareon
12-11,19:55:59,NINTEN,Weedle,Jr Trainer F,17,Rock Tunnel - 1,2,5:28:02.21,5:28:02,5h28m2s,48,7,55,75,19:41,7.412,POISON STING,STRING SHOT,,,130,41494,3027,221,1429,3799,3648,1906,18,76181,Flareon, ,Bug,Poison,437718,Weedle1,Weedle,,05:27:54.80,05:28:02.21,19:41:36.23,75,48,5,28,2,21,POISON STING,STRING SHOT,,,0,0,0,0,3,0,0,0,143,212,127,119,104,104,149,59643,65535,65535,65535,65535,65535,15,15,15,15,0,0,0,0,0,0,0,142,133,104,104,149,4255888,1242685,2719569,287267,6368,130,27,0,41494,41172,322,0,3027,1650,221,1429,106,2,183811,68191,21401,21386,3508,350,1501,0,0,0,0,0,320,0,152,0,0,21,0,7,0,1,0,0,195,0,0,0,0,0,38,13,53,10,2,1,0,0,39,0,0,0,9,1827,437593,0,0,0,0,59,576,40,3,2,4,7,1,55,Flareon
12-11,19:56:15,NINTEN,Weedle,Jr Trainer F,19,Rock Tunnel - 1,4,5:28:18.11,5:28:18,5h28m18s,48,7,55,75,19:42,12.877,POISON STING,STRING SHOT,,,130,41501,3027,222,1429,3803,3652,1906,18,76621,Flareon, ,Bug,Poison,438745,Weedle1,Weedle,,05:28:05.24,05:28:18.11,19:42:39.02,75,48,5,28,18,11,POISON STING,STRING SHOT,,,0,0,0,0,3,0,0,0,53,212,127,119,104,104,149,59793,65535,65535,65535,65535,65535,15,15,15,15,0,0,0,0,0,0,0,142,133,104,104,149,4259647,1243003,2723010,287267,6368,130,27,0,41501,41179,322,0,3027,1651,222,1429,106,2,184589,68375,21491,21476,3512,350,1501,0,0,0,0,0,320,0,152,0,0,21,0,7,0,1,0,0,195,0,0,0,0,0,38,13,53,10,2,1,0,0,39,0,0,0,9,1831,438620,0,0,0,0,59,576,40,3,2,4,7,1,55,Flareon
12-11,19:56:38,NINTEN,Weedle,Hiker,7,Route 10,2,5:28:41.72,5:28:41,5h28m41s,48,7,55,76,19:44,11.037,POISON STING,STRING SHOT,,,131,41541,3028,223,1429,3806,3655,1907,18,77001,Flareon, ,Bug,Poison,439618,Weedle1,Weedle,,05:28:30.68,05:28:41.72,19:44:11.48,76,48,5,28,41,72,POISON STING,STRING SHOT,,,0,0,0,0,3,0,0,0,154,215,128,121,106,106,151,59868,65535,65535,65535,65535,65535,15,15,15,15,0,0,0,0,0,0,0,144,136,106,106,151,4265213,1244063,2726110,288673,6368,131,27,0,41541,41219,322,0,3028,1652,223,1429,106,2,184722,68475,21543,21528,3515,350,1502,0,0,0,0,0,321,0,152,0,0,21,0,7,0,1,0,0,195,0,0,0,0,0,38,13,53,10,2,1,0,0,39,0,0,0,9,1833,439493,0,0,0,0,59,576,40,3,2,4,7,1,55,Flareon
12-11,19:56:57,NINTEN,Weedle,Hiker,8,Route 10,2,5:28:59.89,5:28:59,5h28m59s,48,7,55,76,19:45,12.201,POISON STING,STRING SHOT,,,131,41551,3040,224,1429,3810,3659,1909,18,77736,Flareon, ,Bug,Poison,440601,Weedle1,Weedle,,05:28:47.69,05:28:59.89,19:45:23.31,76,48,5,28,59,89,POISON STING,STRING SHOT,,,0,0,0,0,3,0,0,0,94,215,128,121,106,106,151,59958,65535,65535,65535,65535,65535,15,15,15,15,0,0,0,0,0,0,0,144,136,106,106,151,4269516,1244521,2729955,288673,6368,131,27,0,41551,41229,322,0,3040,1653,224,1429,106,2,184869,68572,21603,21588,3519,350,1504,0,0,0,0,0,321,0,152,0,0,21,0,7,0,1,0,0,195,0,0,0,0,0,38,13,53,10,2,1,0,0,39,0,0,0,9,1835,440476,0,0,0,0,59,576,40,3,2,4,7,1,55,Flareon
12-11,19:57:24,NINTEN,Weedle,Hiker,4,Route 25,1,5:29:27.64,5:29:27,5h29m27s,48,7,55,76,19:47,6.687,POISON STING,STRING SHOT,,,131,41653,3053,225,1429,3812,3661,1910,18,78401,Flareon, ,Bug,Poison,440994,Weedle1,Weedle,,05:29:20.96,05:29:27.64,19:47:12.39,76,48,5,29,27,64,POISON STING,STRING SHOT,,,0,0,0,0,3,0,0,0,173,215,128,121,106,106,151,59993,65535,65535,65535,65535,65535,15,15,15,15,0,0,0,0,0,0,0,144,136,106,106,151,4276064,1247045,2732053,290599,6368,131,27,0,41653,41331,322,0,3053,1654,225,1429,106,2,184939,68613,21624,21609,3521,350,1505,0,0,0,0,0,321,0,152,0,0,21,0,7,0,1,0,0,195,0,0,0,0,0,38,13,53,10,2,1,0,0,39,0,0,0,9,1836,440869,0,0,0,0,59,576,40,3,2,4,7,1,55,Flareon
12-11,19:57:46,NINTEN,Weedle,Hiker,3,Route 25,4,5:29:49.28,5:29:49,5h29m49s,48,7,55,76,19:48,13.88,POISON STING,STRING SHOT,,,131,41669,3056,226,1429,3816,3665,1910,18,78996,Flareon, ,Bug,Poison,441952,Weedle1,Weedle,,05:29:35.40,05:29:49.28,19:48:37.56,76,48,5,29,49,28,POISON STING,STRING SHOT,,,0,0,0,0,3,0,0,0,143,215,128,121,106,106,151,60183,65535,65535,65535,65535,65535,15,15,15,15,0,0,0,0,0,0,0,144,136,106,106,151,4281181,1247959,2735834,291021,6368,131,27,0,41669,41347,322,0,3056,1655,226,1429,106,2,185331,68761,21696,21681,3525,350,1505,0,0,0,0,0,321,0,152,0,0,21,0,7,0,1,0,0,195,0,0,0,0,0,38,13,53,10,2,1,0,0,39,0,0,0,9,1840,441827,0,0,0,0,59,576,40,3,2,4,7,1,55,Flareon
12-11,19:58:30,NINTEN,Weedle,Hiker,1,Mt Moon - 1,3,5:30:33.61,5:30:33,5h30m33s,48,7,55,76,19:51,11.186,POISON STING,STRING SHOT,,,131,41906,3061,227,1429,3819,3668,1910,18,79451,Flareon, ,Bug,Poison,442549,Weedle1,Weedle,,05:30:22.42,05:30:33.61,19:51:32.54,76,48,5,30,33,61,POISON STING,STRING SHOT,,,0,0,0,0,3,0,0,0,151,215,128,121,106,106,151,60298,65535,65535,65535,65535,65535,15,15,15,15,0,0,0,0,0,0,0,144,136,106,106,151,4291679,1253020,2738882,293410,6368,131,27,0,41906,41584,322,0,3061,1656,227,1429,106,2,185610,68847,21738,21723,3528,350,1505,0,0,0,0,0,322,0,152,0,0,21,0,7,0,1,0,0,195,0,0,0,0,0,38,13,53,10,2,1,0,0,39,0,0,0,9,1843,442424,0,0,0,0,59,576,40,3,2,4,7,1,55,Flareon
12-11,19:59:28,NINTEN,Weedle,Biker,12,Route 17,5,5:31:31.66,5:31:31,5h31m31s,48,7,55,76,19:55,20.961,POISON STING,STRING SHOT,,,132,42119,3082,228,1429,3826,3675,1912,18,79801,Flareon, ,Bug,Poison,446229,Weedle1,Weedle,,05:31:10.70,05:31:31.66,19:55:21.55,76,48,5,31,31,66,POISON STING,STRING SHOT,,,0,0,0,0,3,0,0,0,44,215,128,121,106,106,151,60548,65535,65535,65535,65535,65535,15,15,15,15,0,0,0,0,0,0,0,144,136,106,106,151,4305420,1257650,2744349,297054,6368,132,27,0,42119,41723,396,0,3082,1657,228,1429,106,2,186110,69166,21909,21894,3535,350,1507,0,0,0,0,0,322,0,152,0,0,21,0,7,0,1,0,0,195,0,0,0,0,0,38,13,53,10,2,1,0,0,39,0,0,0,9,1848,446104,0,0,0,0,59,576,40,3,2,4,7,1,55,Flareon
12-11,20:00:45,NINTEN,Weedle,Rocket,37,Silph Co - 9F,3,5:32:48.47,5:32:48,5h32m48s,49,7,56,76,19:58,10.786,POISON STING,STRING SHOT,,,133,42275,3103,229,1429,3829,3678,1912,19,80301,Flareon, ,Bug,Poison,447909,Weedle1,Weedle,,05:32:37.69,05:32:48.47,19:58:42.05,76,49,5,32,48,47,POISON STING,STRING SHOT,,,0,0,0,0,3,0,0,0,94,215,128,121,106,106,151,60758,65535,65535,65535,65535,65535,15,15,15,15,0,0,0,0,0,0,0,144,136,106,106,151,4317435,1262399,2747403,301106,6528,133,28,0,42275,41857,418,0,3103,1658,229,1429,106,2,186484,69410,22030,22015,3538,350,1507,0,0,0,0,0,322,0,152,0,0,21,0,7,0,1,0,0,195,0,0,0,0,0,38,13,53,10,2,1,0,0,39,0,0,0,9,1851,447784,0,0,0,0,60,576,40,3,2,4,7,1,56,Flareon
12-11,20:01:11,NINTEN,Weedle,Hypno Rocket,38,Silph Co - 9F,3,5:33:14.42,5:33:14,5h33m14s,49,7,56,76,20:00,13.289,POISON STING,STRING SHOT,,,134,42298,3106,230,1429,3833,3682,1913,19,81141,Flareon, ,Bug,Poison,450537,Weedle1,Weedle,,05:33:01.13,05:33:14.42,20:00:24.06,76,49,5,33,14,42,POISON STING,STRING SHOT,,,0,0,0,0,3,0,0,0,41,215,128,121,106,106,151,60978,65535,65535,65535,65535,65535,15,15,15,15,0,0,0,0,0,0,0,144,136,106,106,151,4323556,1263683,2751050,302296,6528,134,28,0,42298,41880,418,0,3106,1659,230,1429,106,2,186963,69660,22183,22168,3542,350,1508,0,0,0,0,0,323,0,152,0,0,21,0,7,0,1,0,0,195,0,0,0,0,0,38,13,53,10,2,1,0,0,39,0,0,0,9,1854,450412,0,0,0,0,60,576,40,3,2,4,7,1,56,Flareon
12-11,20:01:36,NINTEN,Weedle,Scientist,10,Silph Co - 9F,3,5:33:39.88,5:33:39,5h33m39s,49,7,56,76,20:02,12.967,POISON STING,STRING SHOT,,,135,42335,3110,231,1429,3837,3686,1914,19,81981,Flareon, ,Bug,Poison,452805,Weedle1,Weedle,,05:33:26.91,05:33:39.88,20:02:04.15,76,49,5,33,39,88,POISON STING,STRING SHOT,,,0,0,0,0,3,0,0,0,81,215,128,121,106,106,151,61108,65535,65535,65535,65535,65535,15,15,15,15,0,0,0,0,0,0,0,144,136,106,106,151,4329565,1264742,2754633,303663,6528,135,28,0,42335,41917,418,0,3110,1660,231,1429,106,2,187341,69858,22293,22278,3546,350,1509,0,0,0,0,0,324,0,152,0,0,21,0,7,0,1,0,0,195,0,0,0,0,0,38,13,53,10,2,1,0,0,39,0,0,0,9,1857,452680,0,0,0,0,60,576,40,3,2,4,7,1,56,Flareon
12-11,20:02:12,NINTEN,Weedle,Rocket,34,Silph Co - 7F,2,5:34:15.55,5:34:15,5h34m15s,49,7,56,76,20:04,7.8,POISON STING,STRING SHOT,,,136,42454,3123,232,1429,3839,3688,1914,20,83381,Flareon, ,Bug,Poison,454394,Weedle1,Weedle,,05:34:07.75,05:34:15.55,20:04:24.02,76,49,5,34,15,55,POISON STING,STRING SHOT,,,0,0,0,0,3,0,0,0,102,215,128,121,106,106,151,61233,65535,65535,65535,65535,65535,15,15,15,15,0,0,0,0,0,0,0,144,136,106,106,151,4337952,1269707,2756903,304815,6528,136,28,0,42454,42036,418,0,3123,1661,232,1429,106,2,187523,70017,22372,22357,3548,350,1509,0,0,0,0,0,325,0,152,0,0,21,0,7,0,1,0,0,195,0,0,0,0,0,38,13,53,10,2,1,0,0,39,0,0,0,9,1859,454269,0,0,0,0,61,576,40,3,2,4,7,1,56,Flareon
12-11,20:03:05,NINTEN,Weedle,Rocket,8,Rocket Hideout 1,2,5:35:08.19,5:35:08,5h35m8s,49,7,56,76,20:07,7.709,POISON STING,STRING SHOT,,,136,42745,3153,233,1429,3841,3690,1914,20,84251,Flareon, ,Bug,Poison,455249,Weedle1,Weedle,,05:35:00.48,05:35:08.19,20:07:51.15,76,49,5,35,8,19,POISON STING,STRING SHOT,,,0,0,0,0,3,0,0,0,142,215,128,121,106,106,151,61363,65535,65535,65535,65535,65535,15,15,15,15,0,0,0,0,0,0,0,144,136,106,106,151,4350385,1278147,2759229,306482,6528,136,28,0,42745,42327,418,0,3153,1662,233,1429,106,2,187822,70139,22432,22417,3550,350,1509,0,0,0,0,0,325,0,152,0,0,21,0,7,0,1,0,0,195,0,0,0,0,0,38,13,53,10,2,1,0,0,39,0,0,0,9,1861,455124,0,0,0,0,61,576,40,3,2,4,7,1,56,Flareon
12-11,20:03:19,NINTEN,Weedle,Rocket,9,Rocket Hideout 1,2,5:35:22.44,5:35:22,5h35m22s,49,7,56,76,20:08,8.308,POISON STING,STRING SHOT,,,136,42763,3154,234,1429,3843,3692,1915,20,84881,Flareon, ,Bug,Poison,456293,Weedle1,Weedle,,05:35:14.12,05:35:22.44,20:08:47.21,76,49,5,35,22,44,POISON STING,STRING SHOT,,,0,0,0,0,3,0,0,0,131,215,128,121,106,106,151,61473,65535,65535,65535,65535,65535,15,15,15,15,0,0,0,0,0,0,0,144,136,106,106,151,4353751,1278609,2761690,306925,6528,136,28,0,42763,42345,418,0,3154,1663,234,1429,106,2,188165,70253,22493,22478,3552,350,1510,0,0,0,0,0,326,0,152,0,0,21,0,7,0,1,0,0,195,0,0,0,0,0,38,13,53,10,2,1,0,0,39,0,0,0,9,1863,456168,0,0,0,0,61,576,40,3,2,4,7,1,56,Flareon
12-11,20:03:48,NINTEN,Weedle,Rocket,13,Rocket Hideout 2,5,5:35:51.13,5:35:51,5h35m51s,49,7,56,77,20:10,17.868,POISON STING,STRING SHOT,,,137,42795,3155,235,1429,3848,3697,1916,20,85511,Flareon, ,Bug,Poison,457847,Weedle1,Weedle,,05:35:33.27,05:35:51.13,20:10:40.35,77,49,5,35,51,13,POISON STING,STRING SHOT,,,0,0,0,0,3,0,0,0,64,219,130,122,107,107,153,61728,65535,65535,65535,65535,65535,15,15,15,15,0,0,0,0,0,0,0,146,137,107,107,153,4360545,1279526,2766405,308087,6528,137,28,0,42795,42377,418,0,3155,1664,235,1429,106,2,189080,70486,22614,22599,3557,350,1511,0,0,0,0,0,326,0,153,0,0,21,0,7,0,1,0,0,195,0,0,0,0,0,38,13,53,10,2,1,0,0,39,0,0,0,9,1868,457722,0,0,0,0,61,576,40,3,2,4,7,1,56,Flareon
12-11,20:04:22,NINTEN,Weedle,Rocket,14,Rocket Hideout 3,3,5:36:25.16,5:36:25,5h36m25s,49,7,56,77,20:12,10.541,POISON STING,STRING SHOT,,,137,42878,3159,236,1429,3851,3700,1916,20,86021,Flareon, ,Bug,Poison,459022,Weedle1,Weedle,,05:36:14.62,05:36:25.16,20:12:54.45,77,49,5,36,25,16,POISON STING,STRING SHOT,,,0,0,0,0,3,0,0,0,137,219,130,122,107,107,153,61873,65535,65535,65535,65535,65535,15,15,15,15,0,0,0,0,0,0,0,146,137,107,107,153,4368595,1283178,2769773,309117,6528,137,28,0,42878,42460,418,0,3159,1665,236,1429,106,2,189691,70643,22691,22676,3560,350,1511,0,0,0,0,0,327,0,153,0,0,21,0,7,0,1,0,0,195,0,0,0,0,0,38,13,53,10,2,1,0,0,39,0,0,0,9,1871,458897,0,0,0,0,61,576,40,3,2,4,7,1,56,Flareon
12-11,20:04:40,NINTEN,Weedle,Rocket,18,Rocket Hideout 4,2,5:36:43.14,5:36:43,5h36m43s,49,7,56,77,20:14,7.586,POISON STING,STRING SHOT,,,137,42940,3163,237,1429,3853,3702,1916,20,86621,Flareon, ,Bug,Poison,459778,Weedle1,Weedle,,05:36:35.55,05:36:43.14,20:14:05.35,77,49,5,36,43,14,POISON STING,STRING SHOT,,,0,0,0,0,3,0,0,0,137,219,130,122,107,107,153,61953,65535,65535,65535,65535,65535,15,15,15,15,0,0,0,0,0,0,0,146,137,107,107,153,4372845,1284628,2772068,309622,6528,137,28,0,42940,42522,418,0,3163,1666,237,1429,106,2,189963,70745,22741,22726,3562,350,1511,0,0,0,0,0,327,0,153,0,0,21,0,7,0,1,0,0,195,0,0,0,0,0,38,13,53,10,2,1,0,0,39,0,0,0,9,1873,459653,0,0,0,0,61,576,40,3,2,4,7,1,56,Flareon
12-11,20:05:20,NINTEN,Weedle,Rocket,11,Rocket Hideout 1,4,5:37:23.34,5:37:23,5h37m23s,49,7,56,77,20:16,13.021,POISON STING,STRING SHOT,,,137,43085,3169,238,1429,3857,3706,1916,20,87251,Flareon, ,Bug,Poison,461182,Weedle1,Weedle,,05:37:10.32,05:37:23.34,20:16:44.29,77,49,5,37,23,34,POISON STING,STRING SHOT,,,0,0,0,0,3,0,0,0,93,219,130,122,107,107,153,62123,65535,65535,65535,65535,65535,15,15,15,15,0,0,0,0,0,0,0,146,137,107,107,153,4382379,1290072,2775648,310132,6528,137,28,0,43085,42667,418,0,3169,1667,238,1429,106,2,190697,70935,22835,22820,3566,350,1511,0,0,0,0,0,327,0,153,0,0,21,0,7,0,1,0,0,195,0,0,0,0,0,38,13,53,10,2,1,0,0,39,0,0,0,9,1877,461057,0,0,0,0,61,576,40,3,2,4,7,1,56,Flareon
12-11,20:05:38,NINTEN,Weedle,Rocket,10,Rocket Hideout 1,3,5:37:41.15,5:37:41,5h37m41s,49,7,56,77,20:17,10.608,POISON STING,STRING SHOT,,,137,43091,3169,239,1429,3860,3709,1916,20,87821,Flareon, ,Bug,Poison,462541,Weedle1,Weedle,,05:37:30.55,05:37:41.15,20:17:54.18,77,49,5,37,41,15,POISON STING,STRING SHOT,,,0,0,0,0,3,0,0,0,139,219,130,122,107,107,153,62283,65535,65535,65535,65535,65535,15,15,15,15,0,0,0,0,0,0,0,146,137,107,107,153,4386568,1290356,2778657,311028,6528,137,28,0,43091,42673,418,0,3169,1668,239,1429,106,2,191116,71098,22915,22900,3569,350,1511,0,0,0,0,0,328,0,153,0,0,21,0,7,0,1,0,0,195,0,0,0,0,0,38,13,53,10,2,1,0,0,39,0,0,0,9,1880,462416,0,0,0,0,61,576,40,3,2,4,7,1,56,Flareon
12-11,20:53:12,NINTEN,Weedle,Koga,1,Fuchsia City - Gym,4,6:25:15.28,6:25:15,6h25m15s,50,86,136,84,23:24,26.449,POISON STING,STRING SHOT,,,31744,20923,32598,357,47616,890,30505,62217,20,0,Flareon, ,Bug,Poison,609607,Weedle1,Weedle,Koga,06:24:48.84,06:25:15.28,23:24:01.22,84,50,6,25,15,28,POISON STING,STRING SHOT,,,44,40,0,0,3,0,0,0,34,239,141,133,116,116,167,65535,65535,65535,65535,65535,65535,15,15,15,15,0,0,0,0,0,0,0,158,149,116,116,167,640686,-1828509100,487005933,1889,0,31744,768,0,20923,1073757113,67170053,-1794173938,32598,47973,357,47616,22785,21248,314062,84043662,1728528455,313994,793,5,2306,1,0,0,0,0,69,9728,45,512,3328,261,13568,0,2560,0,9984,0,2311,22528,6,0,0,0,11,5,0,0,0,0,0,0,0,0,0,0,79,200,149626,0,2000000,70000200,7145000,746,36031,90,59137,24064,33536,86,1,136,Flareon
12-11,20:55:06,NINTEN,Weedle,Pokemaniac,1,Route 10,2,6:27:09.41,6:27:09,6h27m9s,50,86,136,84,23:31,29.79,POISON STING,STRING SHOT,,,6,17118729,22560,1,0,91,212,11,20,4950,Flareon, ,Bug,Poison,611290,Weedle1,Weedle,RTG2 - Pokemaniac 1,06:26:39.61,06:27:09.41,23:31:32.53,84,50,6,27,9,41,POISON STING,STRING SHOT,,,47,37,0,0,3,0,0,0,148,239,141,133,116,116,167,65535,65535,65535,65535,65535,65535,15,15,15,15,0,0,0,0,0,0,0,158,149,116,116,187,33754877,7285,7375,2963710,33557760,6,0,0,17118729,2798,9984,2338,22560,1,1,0,0,0,202,194,91,91,12,0,10,0,0,0,0,0,1,0,3,0,0,0,0,0,0,0,0,0,2,0,0,0,0,0,0,0,0,0,0,0,0,0,0,0,0,0,0,2,1683,0,0,110000,50000,1,0,0,18768,0,1,86,1,136,Flareon
12-11,20:55:59,NINTEN,Weedle,Fisher,7,Route 21,4,6:28:02.27,6:28:02,6h28m2s,50,86,136,85,23:35,18.803,POISON STING,STRING SHOT,,,6,17118911,22580,2,0,99,220,15,20,6450,Flareon, ,Bug,Poison,615016,Weedle1,Weedle,,06:27:43.47,06:28:02.27,23:35:01.26,85,50,6,28,2,27,POISON STING,STRING SHOT,,,48,40,0,0,3,0,0,0,209,242,143,135,118,118,169,65535,65535,65535,65535,65535,65535,15,15,15,15,0,0,0,0,0,0,0,160,151,118,118,190,33767390,12654,12341,2965888,33557760,6,0,0,17118911,2951,9984,2367,22580,2,2,0,0,0,639,522,124,124,20,0,14,0,0,0,0,0,1,0,3,0,0,0,0,0,0,0,0,0,3,0,0,0,0,0,0,0,0,0,0,0,0,0,0,0,0,0,0,6,5409,0,0,110000,50000,2,0,0,18768,0,1,86,1,136,Flareon
12-11,20:56:22,NINTEN,Weedle,Swimmer,12,Route 21,2,6:28:25.53,6:28:25,6h28m25s,50,86,136,85,23:36,17.687,POISON STING,STRING SHOT,,,6,17118921,22580,3,0,109,229,22,20,7430,Flareon, ,Bug,Poison,617560,Weedle1,Weedle,,06:28:07.85,06:28:25.53,23:36:33.27,85,50,6,28,25,53,POISON STING,STRING SHOT,,,39,40,0,0,3,0,0,0,171,242,143,135,118,118,169,65535,65535,65535,65535,65535,65535,15,15,15,15,0,0,0,0,-2,-1,0,227,213,118,118,94,33772911,13096,17420,2965888,33557760,6,0,0,17118921,2951,9984,2377,22580,3,3,0,0,0,875,707,162,162,27,2,21,0,0,0,0,0,1,0,4,0,0,0,0,0,0,0,0,0,3,0,0,0,0,0,0,0,0,0,0,0,0,0,0,0,0,0,0,8,7953,0,0,110000,50000,2,0,0,18768,0,1,86,1,136,Flareon
12-11,20:56:45,NINTEN,Weedle,Cue Ball,9,Route 21,3,6:28:48.63,6:28:48,6h28m48s,50,86,136,85,23:38,19.868,POISON STING,STRING SHOT,,,6,17118927,22580,4,0,120,237,27,20,7595,Flareon, ,Bug,Poison,620314,Weedle1,Weedle,,06:28:28.76,06:28:48.63,23:38:04.44,85,50,6,28,48,63,POISON STING,STRING SHOT,,,31,40,0,0,3,0,0,0,147,242,143,135,118,118,169,65535,65535,65535,65535,65535,65535,15,15,15,15,0,0,0,0,0,0,0,160,151,118,118,190,33778388,13362,22631,2965888,33557760,6,0,0,17118927,2951,9984,2383,22580,4,4,0,0,0,1145,942,186,186,35,2,26,0,0,0,0,0,2,0,4,0,0,0,0,0,0,0,0,0,3,0,0,0,0,0,0,0,0,0,0,0,0,0,0,0,0,0,0,11,10707,0,0,110000,50000,2,0,0,18768,0,1,86,1,136,Flareon
12-11,20:57:07,NINTEN,Weedle,Fisher,8,Route 21,2,6:29:10.59,6:29:10,6h29m10s,50,86,136,85,23:39,16.731,POISON STING,STRING SHOT,,,6,17118959,22582,5,0,130,245,33,20,8370,Flareon, ,Bug,Poison,622305,Weedle1,Weedle,,06:28:53.86,06:29:10.59,23:39:31.39,85,50,6,29,10,59,POISON STING,STRING SHOT,,,23,40,0,0,3,0,0,0,104,242,143,135,118,118,169,65535,65535,65535,65535,65535,65535,15,15,15,15,-1,0,0,0,0,0,0,105,169,118,118,213,33783603,14104,27104,2965888,33557760,6,0,0,17118959,2951,9984,2415,22582,5,5,0,0,0,1330,1082,229,229,43,5,29,0,0,0,0,0,3,0,4,0,0,0,0,0,0,0,0,0,4,0,0,0,0,0,0,0,0,0,0,0,0,0,0,0,0,0,0,13,12698,0,0,110000,50000,2,0,0,18768,0,1,86,1,136,Flareon
12-11,20:57:23,NINTEN,Weedle,Fisher,10,Route 21,2,6:29:26.79,6:29:26,6h29m26s,50,86,136,85,23:40,9.364,POISON STING,STRING SHOT,,,6,17118965,22584,6,0,134,249,35,20,9455,Flareon, ,Bug,Poison,624290,Weedle1,Weedle,,06:29:17.43,06:29:26.79,23:40:35.13,85,50,6,29,26,79,POISON STING,STRING SHOT,,,19,40,0,0,3,0,0,0,204,242,143,135,118,118,169,65535,65535,65535,65535,65535,65535,15,15,15,15,0,0,0,0,0,0,0,160,151,118,118,190,33787417,14423,29876,2966611,33557760,6,0,0,17118965,2951,9984,2421,22584,6,6,0,0,0,1558,1260,229,229,47,6,31,0,0,0,0,0,4,0,4,0,0,1,0,0,0,0,0,0,4,0,0,0,0,0,1,0,0,0,0,0,0,0,0,0,0,0,0,15,14683,0,0,110000,50000,2,0,0,18768,0,1,86,1,136,Flareon
12-11,20:57:34,NINTEN,Weedle,Swimmer,13,Route 21,1,6:29:37.83,6:29:37,6h29m37s,50,86,136,85,23:41,6.684,POISON STING,STRING SHOT,,,6,17118984,22585,7,0,137,252,37,20,10610,Flareon, ,Bug,Poison,625931,Weedle1,Weedle,,06:29:31.15,06:29:37.83,23:41:18.45,85,50,6,29,37,83,POISON STING,STRING SHOT,,,16,40,0,0,3,0,0,0,186,242,143,135,118,118,169,65535,65535,65535,65535,65535,65535,15,15,15,15,0,0,0,0,0,0,0,160,151,118,118,190,33790029,14942,31969,2966611,33557760,6,0,0,17118984,2951,9984,2440,22585,7,7,0,0,0,1663,1357,247,247,50,6,33,0,0,0,0,0,4,0,4,0,0,1,0,0,0,0,0,0,4,0,0,0,0,0,1,0,0,0,0,0,0,0,0,0,0,0,0,16,16324,0,0,110000,50000,2,0,0,18768,0,1,86,1,136,Flareon
12-11,20:57:57,NINTEN,Weedle,Swimmer,14,Route 21,2,6:30:00.41,6:30:00,6h30m0s,50,86,136,85,23:42,12.046,POISON STING,STRING SHOT,,,6,17119087,22585,8,0,141,256,40,20,10795,Flareon, ,Bug,Poison,627690,Weedle1,Weedle,,06:29:48.36,06:30:00.41,23:42:48.07,85,50,6,30,0,41,POISON STING,STRING SHOT,,,12,40,0,0,3,0,0,0,175,242,143,135,118,118,169,65535,65535,65535,65535,65535,65535,15,15,15,15,0,0,0,0,0,0,0,160,151,118,118,190,33795391,16944,35329,2966611,33557760,6,0,0,17119087,2951,9984,2543,22585,8,8,0,0,0,1843,1512,258,258,54,6,35,0,0,0,0,0,4,0,4,0,0,1,0,0,0,0,0,0,6,0,0,0,0,0,1,0,0,0,0,0,0,0,0,0,0,0,0,18,18083,0,0,110000,50000,2,0,0,18768,0,1,86,1,136,Flareon
12-11,20:58:19,NINTEN,Weedle,Swimmer,15,Route 21,3,6:30:22.44,6:30:22,6h30m22s,50,86,136,85,23:44,15.225,POISON STING,STRING SHOT,,,6,17119109,22585,9,0,148,263,44,20,10960,Flareon, ,Bug,Poison,630369,Weedle1,Weedle,,06:30:07.22,06:30:22.44,23:44:15.10,85,50,6,30,22,44,POISON STING,STRING SHOT,,,5,40,0,0,3,0,0,0,158,242,143,135,118,118,169,65535,65535,65535,65535,65535,65535,15,15,15,15,0,0,0,0,-1,0,0,180,169,118,118,124,33800614,17711,39425,2966971,33557760,6,0,0,17119109,2951,9984,2565,22585,9,9,0,0,0,2101,1754,275,275,60,7,38,0,0,0,0,0,4,0,4,0,0,1,0,0,0,0,0,0,7,0,0,0,0,0,1,0,0,0,0,0,0,0,0,0,0,0,0,21,20762,0,0,110000,50000,2,0,0,18768,0,1,86,1,136,Flareon
12-11,20:59:19,NINTEN,Weedle,Burglar,7,Cinnabar Mansion,2,6:31:22.04,6:31:22,6h31m22s,50,86,136,85,23:48,10.569,POISON STING,STRING SHOT,,,7,17119368,22629,10,0,152,267,46,20,670,Flareon, ,Bug,Poison,631874,Weedle1,Weedle,,06:31:11.47,06:31:22.04,23:48:10.55,85,50,6,31,22,4,POISON STING,STRING SHOT,,,52,40,0,0,3,0,0,0,195,242,143,135,118,118,169,65535,65535,65535,65535,65535,65535,15,15,15,15,0,0,0,0,0,0,0,160,151,118,118,190,33814759,27465,42336,2968451,33557760,7,0,0,17119368,3179,9984,2596,22629,10,10,0,0,0,2344,1917,322,322,64,7,40,0,0,0,0,0,4,0,5,0,0,1,0,0,0,0,0,0,8,0,0,0,0,0,1,0,0,0,0,0,0,0,0,0,0,0,0,23,22267,0,0,110000,50000,2,16,3,18768,0,1,86,1,136,Flareon
12-11,20:59:48,NINTEN,Weedle,Scientist,12,Cinnabar Mansion,3,6:31:51.18,6:31:51,6h31m51s,50,86,136,85,23:50,17.916,POISON STING,STRING SHOT,,,8,17119420,22635,11,0,160,273,51,20,3730,Flareon, ,Bug,Poison,634367,Weedle1,Weedle,,06:31:33.27,06:31:51.18,23:50:06.05,85,50,6,31,51,18,POISON STING,STRING SHOT,,,46,40,0,0,3,0,0,0,107,242,143,135,118,118,169,65535,65535,65535,65535,65535,65535,15,15,15,15,0,0,0,0,0,0,0,160,151,118,118,190,33821669,29148,47001,2969013,33557760,8,0,0,17119420,3231,9984,2596,22635,11,11,0,0,0,2632,2136,410,410,70,9,43,0,0,0,0,0,4,0,5,0,0,2,0,0,0,0,0,0,9,0,0,0,0,0,3,2,0,0,0,0,0,0,0,0,0,0,0,26,24760,0,0,110000,50000,2,16,3,18768,0,1,86,1,136,Flareon
12-11,21:00:16,NINTEN,Weedle,Scientist,4,Cinnabar Mansion,2,6:32:19.22,6:32:19,6h32m19s,50,86,136,86,23:51,18.561,POISON STING,STRING SHOT,,,9,17119428,22635,12,0,168,281,58,20,5380,Flareon, ,Bug,Poison,636372,Weedle1,Weedle,,06:32:00.66,06:32:19.22,23:51:56.35,86,50,6,32,19,22,POISON STING,STRING SHOT,,,38,40,0,0,3,0,0,0,134,244,145,136,119,119,170,65535,65535,65535,65535,65535,65535,15,15,15,15,0,0,0,0,0,0,0,163,153,119,119,191,33828299,29691,51914,2970187,33557760,9,0,0,17119428,3239,9984,2596,22635,12,12,0,0,0,2778,2269,485,485,77,10,50,0,0,0,0,0,4,0,6,0,0,2,0,0,0,0,0,0,9,0,0,0,0,0,3,2,0,0,0,0,0,0,0,0,0,0,0,28,26765,0,0,110000,50000,2,16,3,18768,0,1,86,1,136,Flareon
12-11,21:00:40,NINTEN,Weedle,Burglar,9,Cinnabar Mansion,2,6:32:43.01,6:32:43,6h32m43s,50,86,136,86,23:53,8.151,POISON STING,STRING SHOT,,,10,17119474,22639,13,0,171,284,59,20,6830,Flareon, ,Bug,Poison,638142,Weedle1,Weedle,,06:32:34.87,06:32:43.01,23:53:30.04,86,50,6,32,43,1,POISON STING,STRING SHOT,,,35,40,0,0,3,0,0,0,200,244,145,136,119,119,170,65535,65535,65535,65535,65535,65535,15,15,15,15,0,0,0,0,0,0,0,163,153,119,119,191,33833908,31065,54624,2971712,33557760,10,0,0,17119474,3285,9984,2596,22639,13,13,0,0,0,2995,2438,519,519,80,10,51,0,0,0,0,0,5,0,7,0,0,2,0,0,0,0,0,0,9,0,0,0,0,0,3,2,0,0,0,0,0,0,0,0,0,0,0,30,28535,0,0,110000,50000,2,16,3,18768,0,1,86,1,136,Flareon
12-11,21:01:04,NINTEN,Weedle,Scientist,13,Cinnabar Mansion,2,6:33:07.22,6:33:07,6h33m7s,50,86,136,86,23:55,9.51,POISON STING,STRING SHOT,,,11,17119555,22645,14,0,175,288,61,20,9890,Flareon, ,Bug,Poison,639882,Weedle1,Weedle,,06:32:57.71,06:33:07.22,23:55:05.51,86,50,6,33,7,22,POISON STING,STRING SHOT,,,31,40,0,0,3,0,0,0,180,244,145,136,119,119,170,65535,65535,65535,65535,65535,65535,15,15,15,15,0,-2,0,0,0,0,0,183,76,119,119,214,33839655,33619,57271,2972258,33557760,11,0,0,17119555,3366,9984,2596,22645,14,14,0,0,0,3172,2594,539,539,84,10,53,0,0,0,0,0,5,0,7,0,0,2,0,0,0,0,0,0,9,0,0,0,0,0,3,2,0,0,0,0,0,0,0,0,0,0,0,32,30275,0,0,110000,50000,2,16,3,18768,0,1,86,1,136,Flareon
12-11,21:02:16,NINTEN,Weedle,Burglar,4,Cinnabar Island - Gym,3,6:34:18.98,6:34:18,6h34m18s,50,86,136,86,23:59,16.895,POISON STING,STRING SHOT,,,12,17119674,22665,15,0,182,295,65,19,1590,Flareon, ,Bug,Poison,642442,Weedle1,Weedle,,06:34:02.09,06:34:18.98,23:59:49.38,86,50,6,34,18,98,POISON STING,STRING SHOT,,,49,40,0,0,3,0,0,0,126,244,145,136,119,119,170,65535,65535,65535,65535,65535,65535,15,15,15,15,0,0,0,0,0,0,0,163,153,119,119,191,33856682,42874,61787,2975514,33557760,12,0,0,17119674,3485,9984,2596,22665,15,15,0,0,0,3547,2868,657,657,91,10,57,0,0,0,0,0,5,0,7,0,0,2,0,0,0,0,0,0,10,0,0,0,0,0,3,2,0,0,0,0,0,0,0,0,0,0,0,35,32835,0,0,110000,50000,5,31,4,18768,0,1,86,1,136,Flareon
12-11,21:02:55,NINTEN,Weedle,Super Nerd,9,Cinnabar Island - Gym,3,6:34:58.21,6:34:58,6h34m58s,50,86,136,86,24:02,21.821,POISON STING,STRING SHOT,,,13,17119750,22670,16,0,191,300,72,19,4830,Flareon, ,Bug,Poison,644786,Weedle1,Weedle,,06:34:36.39,06:34:58.21,24:02:24.37,86,50,6,34,58,21,POISON STING,STRING SHOT,,,51,40,0,0,3,0,0,0,25,244,145,136,119,119,170,65535,65535,65535,65535,65535,65535,15,15,15,15,0,0,0,0,0,0,0,163,153,119,119,191,33865981,45745,67465,2976264,33557760,13,0,0,17119750,3561,9984,2596,22670,16,16,0,0,0,3857,3130,876,876,96,11,63,0,0,0,0,0,6,0,9,0,0,3,0,0,0,0,0,0,12,0,0,0,0,0,6,5,0,0,0,0,0,0,0,0,0,0,0,38,35179,0,0,110000,50000,5,31,4,18768,0,1,86,1,136,Flareon
12-11,21:03:37,NINTEN,Weedle,Super Nerd,10,Cinnabar Island - Gym,4,6:35:40.15,6:35:40,6h35m40s,50,86,136,86,24:05,22.115,POISON STING,STRING SHOT,,,14,17119848,22684,17,0,201,308,78,19,5730,Flareon, ,Bug,Poison,647487,Weedle1,Weedle,,06:35:18.03,06:35:40.15,24:05:10.15,86,50,6,35,40,15,POISON STING,STRING SHOT,,,48,40,0,0,3,0,0,0,99,244,145,136,119,119,170,65535,65535,65535,65535,65535,65535,15,15,15,15,0,-1,0,0,0,0,0,183,100,119,119,214,33875919,49388,73218,2976806,33557760,14,0,0,17119848,3659,9984,2596,22684,17,17,0,0,0,4413,3449,1021,1021,104,13,67,0,0,0,0,0,6,0,10,0,0,4,0,0,0,0,0,0,13,0,0,0,0,0,10,7,0,0,0,0,0,0,0,0,0,0,0,42,37880,0,0,110000,50000,5,31,4,18768,0,1,86,1,136,Flareon
12-11,21:04:09,NINTEN,Weedle,Burglar,5,Cinnabar Island - Gym,1,6:36:12.49,6:36:12,6h36m12s,50,86,136,86,24:07,11.392,POISON STING,STRING SHOT,,,15,17119964,22696,18,0,209,311,80,19,6580,Flareon, ,Bug,Poison,648822,Weedle1,Weedle,,06:36:01.10,06:36:12.49,24:07:18.08,86,50,6,36,12,49,POISON STING,STRING SHOT,,,53,40,0,0,3,0,0,0,174,244,145,136,119,119,170,65535,65535,65535,65535,65535,65535,15,15,15,15,0,0,0,0,0,0,0,163,153,119,119,191,33883592,53287,76432,2977366,33557760,15,0,0,17119964,3775,9984,2596,22696,18,18,0,0,0,4551,3547,1091,1091,107,13,69,0,0,0,0,0,6,0,10,0,0,4,0,0,0,0,0,0,13,0,0,0,0,0,10,7,0,0,0,0,0,0,0,0,0,0,0,43,39215,0,0,110000,50000,5,31,4,18768,0,1,86,1,136,Flareon
12-11,21:04:27,NINTEN,Weedle,Super Nerd,11,Cinnabar Island - Gym,1,6:36:30.30,6:36:30,6h36m30s,50,86,136,86,24:08,9.755,POISON STING,STRING SHOT,,,16,17119978,22702,19,0,213,314,82,19,10270,Flareon, ,Bug,Poison,650508,Weedle1,Weedle,,06:36:20.54,06:36:30.30,24:08:28.35,86,50,6,36,30,30,POISON STING,STRING SHOT,,,50,40,0,0,3,0,0,0,150,244,145,136,119,119,170,65535,65535,65535,65535,65535,65535,15,15,15,15,-1,0,0,0,0,0,0,106,172,119,119,214,33887819,54166,79247,2977899,33557760,16,0,0,17119978,3789,9984,2596,22702,19,19,0,0,0,4667,3657,1115,1115,110,13,71,0,0,0,0,0,6,0,10,0,0,4,0,0,0,0,0,0,14,0,0,0,0,0,10,7,0,0,0,0,0,0,0,0,0,0,0,44,40901,0,0,110000,50000,5,31,4,18768,0,1,86,1,136,Flareon
12-11,21:04:50,NINTEN,Weedle,Burglar,6,Cinnabar Island - Gym,2,6:36:53.04,6:36:53,6h36m53s,50,86,136,86,24:09,9.868,POISON STING,STRING SHOT,,,17,17119990,22702,20,0,217,318,84,19,11295,Flareon, ,Bug,Poison,651728,Weedle1,Weedle,,06:36:43.18,06:36:53.04,24:09:58.08,86,50,6,36,53,4,POISON STING,STRING SHOT,,,46,40,0,0,3,0,0,0,177,244,145,136,119,119,170,65535,65535,65535,65535,65535,65535,15,15,15,15,0,0,0,0,0,0,0,163,153,119,119,191,33893192,55497,82070,2979118,33557760,17,0,0,17119990,3801,9984,2596,22702,20,20,0,0,0,4964,3831,1182,1182,114,13,73,0,0,0,0,0,7,0,10,0,0,4,0,0,0,0,0,0,14,0,0,0,0,0,10,7,0,0,0,0,0,0,0,0,0,0,0,46,42121,0,0,110000,50000,5,31,4,18768,0,1,86,1,136,Flareon
12-11,21:05:06,NINTEN,Weedle,Super Nerd,12,Cinnabar Island - Gym,2,6:37:09.64,6:37:09,6h37m9s,50,86,136,86,24:11,7.276,POISON STING,STRING SHOT,,,18,17120006,22704,21,0,219,320,85,19,14625,Flareon, ,Bug,Poison,652948,Weedle1,Weedle,,06:37:02.36,06:37:09.64,24:11:03.31,86,50,6,37,9,64,POISON STING,STRING SHOT,,,44,40,0,0,3,0,0,0,223,244,145,136,119,119,170,65535,65535,65535,65535,65535,65535,15,15,15,15,0,0,0,0,0,0,0,163,153,119,119,191,33897115,56184,84293,2980131,33557760,18,0,0,17120006,3817,9984,2596,22704,21,21,0,0,0,5179,4005,1186,1186,116,13,74,0,0,0,0,0,9,0,10,0,0,4,0,0,0,0,0,0,14,0,0,0,0,0,10,7,0,0,0,0,0,0,0,0,0,0,0,48,43341,0,0,110000,50000,5,31,4,18768,0,1,86,1,136,Flareon
12-11,21:20:44,NINTEN,Weedle,Blaine,1,Cinnabar Island - Gym,3,6:52:47.58,6:52:47,6h52m47s,56,107,163,100,25:00,33.375,POISON STING,STRING SHOT,,,1,786522,5,1,0,35,89,10,18,0,Flareon, ,Bug,Poison,1000000,Weedle1,Weedle,Blaine,06:52:14.20,06:52:47.58,25:00:19.41,100,56,6,52,47,58,POISON STING,STRING SHOT,,,43,40,0,0,3,0,0,0,76,283,168,158,138,138,198,65535,65535,65535,65535,65535,65535,15,15,15,15,-1,0,0,0,0,0,0,123,199,138,138,249,10299939,2253,8178,2097378,158,1,1,0,786522,90,0,40,5,1,1,0,0,0,455,437,207,207,13,2,8,0,0,0,0,0,1,0,0,0,0,0,0,0,0,0,0,0,1,0,0,0,0,0,0,0,0,0,0,0,0,0,0,0,0,0,0,3,6350,0,0,180000,140000,0,0,0,0,0,0,107,1,163,Flareon
12-11,21:23:39,NINTEN,Weedle,Rival5-Silph,6,Silph Co - 7F,5,6:55:29.99,6:55:29,6h55m29s,57,107,164,100,25:07,48.258,POISON STING,STRING SHOT,,,2,786639,7,2,0,49,103,20,19,5346,Flareon, ,Bug,Poison,1000000,Weedle1,Weedle,Rival (Silph Co.),06:54:54.62,06:55:29.99,25:07:26.14,100,57,6,55,29,99,POISON STING,STRING SHOT,,,42,40,0,0,3,0,0,0,126,283,168,158,138,138,198,65535,65535,65535,65535,65535,65535,15,15,15,15,0,0,0,0,0,0,0,189,177,155,155,222,10325537,13421,17053,2099217,3874,2,2,0,786639,207,0,40,7,2,2,0,0,0,1003,910,364,364,27,4,13,0,0,0,0,0,2,0,3,0,0,0,0,0,0,0,0,0,4,0,0,0,0,0,0,0,0,0,0,0,0,0,0,0,0,0,0,8,13257,0,0,180000,140000,0,0,0,0,0,0,107,1,164,Flareon
12-11,21:24:19,NINTEN,Weedle,Rocket,45,Silph Co - 11F,3,6:56:09.57,6:56:09,6h56m9s,57,107,164,100,25:10,16.966,POISON STING,STRING SHOT,,,3,786731,14,3,0,57,111,25,19,7946,Flareon, ,Bug,Poison,1000000,Weedle1,Weedle,,06:55:52.60,06:56:09.57,25:10:02.27,100,57,6,56,9,57,POISON STING,STRING SHOT,,,48,40,0,0,3,0,0,0,257,283,168,158,138,138,198,65535,65535,65535,65535,65535,65535,15,15,15,15,0,-1,0,0,0,0,0,212,117,174,174,249,10334910,17266,21610,2100188,3874,3,2,0,786731,299,0,40,14,3,3,0,0,0,1311,1149,390,390,35,4,18,0,0,0,0,0,3,0,4,0,0,0,0,0,0,0,0,0,4,0,0,0,0,0,0,0,0,0,0,0,0,0,0,0,0,0,0,11,15839,0,0,180000,140000,0,0,0,0,0,0,107,1,164,Flareon
12-11,21:26:30,NINTEN,Weedle,Giovanni-Silph,2,Silph Co - 11F,4,6:58:20.13,6:58:20,6h58m20s,58,107,165,100,25:14,46.783,POISON STING,STRING SHOT,,,4,786862,39,4,0,80,134,41,19,8876,Flareon,Paralyzed,Bug,Poison,1000000,Weedle1,Weedle,Giovanni (Silph),06:57:33.35,06:58:20.13,25:14:40.56,100,58,6,58,20,13,POISON STING,STRING SHOT,,,33,40,0,0,3,0,0,0,86,283,168,158,138,138,198,65535,65535,65535,65535,65535,65535,15,15,15,15,0,-3,0,0,0,0,0,267,70,219,219,78,10351624,21893,33248,2100482,4029,4,3,0,786862,430,0,40,39,4,4,0,0,0,1827,1586,587,587,58,5,33,0,0,0,0,0,4,0,4,0,0,0,0,1,0,0,0,0,5,0,0,0,0,0,0,0,4,0,0,0,0,0,0,0,0,0,0,15,20656,0,0,180000,140000,0,0,0,0,0,0,107,1,165,Flareon
12-11,21:27:14,NINTEN,Weedle,Sabrina,1,Saffron City - Gym,3,6:59:04.58,6:59:04,6h59m4s,58,107,165,100,25:17,13.982,POISON STING,STRING SHOT,,,5,786955,39,5,0,85,139,43,19,12935,Flareon, ,Bug,Poison,1000000,Weedle1,Weedle,Sabrina,06:58:50.60,06:59:04.58,25:17:35.54,100,58,6,59,4,58,POISON STING,STRING SHOT,,,51,40,0,0,3,0,0,0,170,283,168,158,138,138,198,65535,65535,65535,65535,65535,65535,15,15,15,15,0,0,0,0,0,0,0,189,177,155,155,222,10362122,26776,37049,2102296,4029,5,3,0,786955,523,0,40,39,5,5,0,0,0,2351,1910,700,700,63,5,35,0,0,0,0,0,6,0,4,0,0,0,0,1,0,0,0,0,6,0,0,0,0,0,0,0,4,0,0,0,0,0,0,0,0,0,0,18,24981,0,0,180000,140000,0,0,0,0,0,0,107,1,165,Flareon
12-11,21:28:02,NINTEN,Weedle,Cooltrainer M,10,Viridian City - Gym,1,6:59:52.22,6:59:52,6h59m52s,58,107,165,100,25:20,18.869,POISON STING,STRING SHOT,,,6,787034,40,6,0,92,146,49,20,17885,Flareon, ,Bug,Poison,1000000,Weedle1,Weedle,,06:59:33.35,06:59:52.22,25:20:44.15,100,58,6,59,52,22,POISON STING,STRING SHOT,,,49,40,0,0,3,0,0,0,227,283,168,158,138,138,198,65535,65535,65535,65535,65535,65535,15,15,15,15,0,-2,0,0,0,0,0,238,88,195,195,280,10373423,31338,42201,2103883,4029,6,3,0,787034,602,0,40,40,6,6,0,0,0,2479,2038,756,756,70,6,40,0,0,0,0,0,7,0,5,0,0,0,0,1,0,0,0,0,7,0,0,0,0,0,0,0,4,0,0,0,0,0,0,0,0,0,0,19,26224,0,0,180000,140000,0,0,0,0,0,0,107,1,165,Flareon
12-11,21:28:23,NINTEN,Weedle,Blackbelt,8,Viridian City - Gym,3,7:00:13.23,7:00:13,7h0m13s,58,107,165,100,25:22,16.861,POISON STING,STRING SHOT,,,6,787042,42,7,0,100,154,53,20,19390,Flareon, ,Bug,Poison,1000000,Weedle1,Weedle,,06:59:56.37,07:00:13.23,25:22:07.20,100,58,7,0,13,23,POISON STING,STRING SHOT,,,41,40,0,0,3,0,0,0,211,283,168,158,138,138,198,65535,65535,65535,65535,65535,65535,15,15,15,15,0,0,0,0,0,0,0,189,177,155,155,222,10378408,31822,46702,2103883,4029,6,3,0,787042,610,0,40,42,7,7,0,0,0,2961,2373,772,772,78,6,42,0,0,0,0,0,7,0,5,0,0,0,0,1,0,0,0,0,9,0,0,0,0,0,0,0,4,0,0,0,0,0,0,0,0,0,0,22,29315,0,0,180000,140000,0,0,0,0,0,0,107,1,165,Flareon
12-11,21:45:48,NINTEN,Weedle,Giovanni,3,Viridian City - Gym,5,7:05:21.73,7:05:21,7h5m21s,61,107,168,100,25:29,75.483,POISON STING,STRING SHOT,,,7,787212,65,8,0,134,174,78,20,20340,Flareon, ,Bug,Poison,1000000,Weedle1,Weedle,Giovanni,07:04:06.25,07:05:21.73,25:29:05.03,100,61,7,5,21,73,POISON STING,STRING SHOT,,,36,40,0,0,3,0,0,0,11,283,168,158,138,138,198,65535,65535,65535,65535,65535,65535,15,15,15,15,6,2,0,0,0,0,0,999,355,999,999,999,10403476,37701,65175,2104439,4189,7,4,0,787212,780,0,40,65,8,8,0,0,0,3884,3133,1044,1044,97,15,58,0,0,0,0,0,10,0,6,0,0,0,0,1,0,0,0,0,11,0,0,0,0,0,0,0,4,0,0,0,0,0,0,0,0,0,0,27,39536,0,0,180000,140000,0,0,0,0,0,0,107,1,168,Flareon
12-11,21:47:02,NINTEN,Weedle,Rival6-Route 22,9,Route 22,6,7:06:35.87,7:06:35,7h6m35s,61,107,168,100,25:33,44.301,POISON STING,STRING SHOT,,,8,787360,80,9,1,152,182,90,20,25785,Flareon, ,Bug,Poison,1000000,Weedle1,Weedle,Rival (Final),07:05:51.57,07:06:35.87,25:33:58.44,100,61,7,6,35,87,POISON STING,STRING SHOT,,,48,40,0,0,3,0,0,0,103,283,168,158,138,138,198,65535,65535,65535,65535,65535,65535,15,15,15,15,6,0,3,3,0,0,0,999,504,388,388,634,10421097,42720,77198,2105018,4189,8,4,0,787360,928,0,40,80,10,9,1,1,0,5446,3853,1224,1224,105,18,64,0,0,0,0,0,11,0,10,0,0,0,0,1,0,0,0,0,13,0,0,0,0,0,0,0,4,0,0,0,0,0,0,0,0,0,0,33,49500,0,0,180000,140000,0,0,0,0,0,0,107,1,168,Flareon
12-11,21:51:21,NINTEN,Weedle,Lorelei,1,Lorelei's Room,5,7:10:55.45,7:10:55,7h10m55s,61,107,168,100,25:51,47.398,POISON STING,STRING SHOT,,,9,788084,222,10,3,214,233,143,20,13730,Flareon, ,Bug,Poison,1000000,Weedle1,Weedle,Lorelei,07:10:08.06,07:10:55.45,25:51:06.27,100,61,7,10,55,45,POISON STING,STRING SHOT,,,45,0,0,0,3,0,0,0,49,283,168,158,138,138,198,65535,65535,65535,65535,65535,65535,15,15,15,15,6,0,3,3,0,0,0,999,504,388,388,634,10482760,74689,99082,2112828,4189,9,4,0,788084,1616,0,76,222,13,10,3,3,0,6929,4859,1458,1458,155,24,69,0,0,0,0,0,12,0,11,0,0,2,0,1,0,0,0,0,14,0,0,0,0,0,6,2,4,0,0,0,0,0,0,2,0,0,0,38,60009,0,0,180000,140000,0,6,1,0,0,0,107,1,168,Flareon
12-11,21:52:59,NINTEN,Weedle,Bruno,1,Bruno's Room,5,7:12:33.31,7:12:33,7h12m33s,61,107,168,100,25:57,75.431,POISON STING,STRING SHOT,,,10,788097,224,11,3,254,253,173,20,19274,Flareon, ,Bug,Poison,1000000,Weedle1,Weedle,Bruno,07:11:17.88,07:12:33.31,25:57:34.44,100,61,7,12,33,31,POISON STING,STRING SHOT,,,35,0,0,0,3,0,0,0,18,283,168,158,138,138,198,65535,65535,65535,65535,65535,65535,15,15,15,15,2,4,0,0,0,0,0,999,533,999,999,999,10506057,76011,117556,2116329,4189,10,4,0,788097,1629,0,76,224,14,11,3,3,0,7763,5518,1723,1723,173,32,93,0,0,0,0,0,12,0,13,0,0,2,0,1,0,0,0,0,16,0,0,0,0,0,6,2,4,0,0,0,0,0,0,2,0,0,0,43,68216,0,0,180000,140000,0,6,1,0,0,0,107,1,168,Flareon
12-11,22:04:44,NINTEN,Weedle,Agatha,1,Agatha's Room,5,7:24:17.80,7:24:17,7h24m17s,70,107,177,100,26:03,64.735,POISON STING,STRING SHOT,,,12,788108,226,12,3,287,266,200,20,25016,Flareon, ,Bug,Poison,1000000,Weedle1,Weedle,Agatha,07:23:13.07,07:24:17.80,26:03:59.00,100,70,7,24,17,80,POISON STING,STRING SHOT,,,43,0,0,0,3,0,0,0,21,283,168,158,138,138,198,65535,65535,65535,65535,65535,65535,15,15,15,15,6,0,3,3,6,0,0,999,999,388,388,999,10529118,76992,133462,2122346,4346,12,5,0,788108,1640,0,76,226,15,12,3,3,0,8633,6239,1985,1985,186,40,109,0,0,0,0,0,13,0,15,0,0,4,0,1,0,0,0,0,16,0,0,0,0,0,11,5,4,0,0,0,0,0,0,2,0,0,0,48,78302,0,0,180000,140000,0,6,1,0,0,0,107,1,177,Flareon
12-11,22:05:52,NINTEN,Weedle,Lance,1,Lance's Room,5,7:25:26.10,7:25:26,7h25m26s,70,107,177,100,26:08,46.178,POISON STING,STRING SHOT,,,13,788158,227,13,3,310,277,212,20,30956,Flareon, ,Bug,Poison,1000000,Weedle1,Weedle,Lance,07:24:39.92,07:25:26.10,26:08:29.36,100,70,7,25,26,10,POISON STING,STRING SHOT,,,42,0,0,0,3,0,0,0,6,283,168,158,138,138,198,65535,65535,65535,65535,65535,65535,15,15,15,15,0,6,4,4,0,0,0,967,999,465,465,999,10545354,79194,144889,2124953,4346,13,5,0,788158,1690,0,76,227,16,13,3,3,0,9853,7081,2262,2262,195,42,121,0,0,0,0,0,14,0,15,0,0,4,0,1,0,0,0,0,16,0,0,0,0,0,11,5,4,0,0,0,0,0,0,2,0,0,0,53,89908,0,0,180000,140000,0,6,1,0,0,0,107,1,177,Flareon
12-11,22:07:40,NINTEN,Weedle,Champion,2,Champions Room,6,7:27:13.89,7:27:13,7h27m13s,71,107,178,100,26:13,53.969,POISON STING,STRING SHOT,,,14,788166,227,14,3,329,290,225,19,37094,Flareon, ,Bug,Poison,1000000,Weedle1,Weedle,Champion,07:26:19.91,07:27:13.89,26:13:20.15,100,71,7,27,13,89,POISON STING,STRING SHOT,,,43,0,0,0,3,0,0,0,35,283,168,158,138,138,198,65535,65535,65535,65535,65535,65535,15,15,15,15,6,-2,0,0,0,0,0,850,88,348,348,502,10562798,80883,158286,2127155,4502,14,6,0,788166,1698,0,76,227,17,14,3,3,0,11117,8048,2510,2510,208,44,132,0,0,0,0,0,15,0,17,0,0,4,0,1,0,0,0,0,18,0,0,0,0,0,11,5,4,0,0,0,0,0,0,2,0,0,0,59,104759,0,0,180000,140000,0,6,1,0,0,0,107,1,178,Flareon
12-11,22:08:04,NINTEN,Weedle,Champion,2,Hall of Fame,6,7:27:13.89,7:27:13,7h27m13s,71,107,178,100,26:14,78.212,POISON STING,STRING SHOT,,,14,788175,228,14,3,329,290,225,19,43529,Flareon, ,Bug,Poison,1000000,Weedle1,Weedle,Champion,07:26:19.91,07:27:13.89,26:14:56.20,100,71,7,27,13,89,POISON STING,STRING SHOT,,,43,0,0,0,3,0,0,0,35,283,168,158,138,138,198,65535,65535,65535,65535,65535,65535,15,15,15,15,6,-2,0,0,0,0,0,850,88,348,348,502,10568563,86184,158750,2127155,4502,14,6,0,788175,1707,0,76,228,17,14,3,3,0,11117,8048,2510,2510,208,44,132,0,0,0,0,0,15,0,17,0,0,4,0,1,0,0,0,0,18,0,0,0,0,0,11,5,4,0,0,0,0,0,0,2,0,0,0,59,104759,0,0,180000,140000,0,6,1,0,0,0,107,1,178,Flareon
