date_string,time_string,player_name,pokemon,trainer_name,trainer_id,location,total_pokemon,real_time_total,real_time_hmmss,real_time_file_label,resets,blackouts,failures,level,game_time,battle_duration,move1,move2,move3,move4,move1pp,move2pp,move3pp,move4pp,move1ppUp,move2ppUp,move3ppUp,move4ppUp,saves,steps,bonks,trainerBattles,wildBattles,battleTurns,playerTurns,enemyTurns,itemsInBag,money,rivalTeam,statusCondition,type1,type2,experience,ROM,Species,Trainer,Start Time,Real Time,Game Time,Level,Resets,RTHours,RTMinutes,RTSeconds,RTMilliseconds,Move 1,Move 2,Move 3,Move 4,Hp,Max HP,Attack,Defense,Sp. Attack,Sp. Defense,Speed,Attack DV,Defense DV,Speed DV,Special DV,StatExp HP,StatExp Attack,StatExp Def,StatExp Sp. Attack,StatExp Sp. Defense,StatExp Speed,Attack Stage,Defense Stage,Sp. Attack Stage,Sp. Defense Stage,Speed Stage,Accuracy Stage,Evasion Stage,Battle Attack,Battle Defense,Battle Sp. Attack,Battle Sp. Defense,Battle Speed,Frame Count,Overworld Frame Count,Battle Frame Count,Menu Frame Count,Intro Frame Count,Save Count,Reload Count,Clock Reset Count,Steps Count,Steps Count Walk,Steps Count Bike,Steps Count Surf,Bonks,Battles,Trainer Battles,Wild Battles,Battles Fled,Failed Runs,Total Damage Dealt,Actual Damage Dealt,Total Damage Taken,Actual Damage Taken,Own Moves Hit,Own Moves Missed,Enemy Moves Hit,Enemy Moves Missed,Own Moves Super Effective,Own Moves Not Very Effective,Enemy Moves Super Effective,Enemy Moves Not Very Effective,Criticals Dealt,OHKOs Dealt,Criticals Taken,OHKOs Taken,Was Confused,Enemy Became Confused,Was Paralyzed,Enemy Was Paralyzed,Was Burned,Enemy Was Burned,Was Frozen,Enemy Was Frozen,Was Poisoned,Enemy Was Poisoned,Was Badly Poisoned,Enemy Was Badly Poisoned,Fell Asleep,Enemy Fell Asleep,Player Turns Confused,Player Turns Confused Hit Self,Player Turns Paralyzed,Player Turns Paralyzed Fully,Enemy Turns Confused,Enemy Turns Confused Hit Self,Enemy Turns Paralyzed,Enemy Turns Paralyzed Fully, Player Turns Asleep, Enemy Turns Asleep,Player HP Healed,Enemy HP Healed,Player Pokemon Fainted,Enemy Pokemon Fainted,Experience Gained,Switchouts,Money Made,Money Spent,Money Lost,Items Picked Up,Items Bought,Items Sold,Balls Thrown,Pokemon Caught In Balls,Moves Learnt,Blackouts,Attempt Number,Failures, Rival's Team
4-29,11:04:16,NINTEN,Sandslash,Rival1-Lab,1,Pallet Town - Oak's Lab,1,49.04,49,0h0m49s,0,0,0,6,0:02,9.155,SCRATCH,SAND-ATTACK,,,0,71,3,1,1,4,4,3,0,3000,Jolteon, ,Ground,Ground,222,Sandslash5,Sandslash,Rival (Lab),00:00:39.87,00:00:49.04,00:02:40.55,6,0,0,0,49,4,SCRATCH,SAND-ATTACK,,,31,15,0,0,0,0,0,0,17,26,18,20,13,13,14,55,55,50,65,65,55,15,15,15,15,0,0,0,0,0,0,0,18,20,13,13,14,11622,6217,3410,0,1995,0,0,0,71,71,0,0,3,2,1,1,0,0,23,21,9,9,4,1,2,0,0,0,0,0,0,0,1,0,0,0,0,0,0,0,0,0,0,0,0,0,0,0,0,0,0,0,0,0,0,0,0,0,0,0,0,1,97,0,0,0,0,0,0,0,0,0,0,0,5,0,Jolteon
4-29,11:06:03,NINTEN,Sandslash,Bug Catcher,1,Viridian Forest,2,2:35.36,2:35,0h2m35s,0,0,0,7,0:09,16.163,SCRATCH,SAND-ATTACK,,,0,521,28,2,5,19,19,15,4,75,Flareon, ,Ground,Ground,466,Sandslash5,Sandslash,,00:02:19.19,00:02:35.36,00:09:40.43,7,0,0,2,35,36,SCRATCH,SAND-ATTACK,,,20,15,0,0,0,0,0,0,11,29,21,22,15,15,16,255,261,235,200,200,329,15,15,15,15,0,0,0,0,-3,0,0,21,22,15,15,6,36810,21478,13337,0,1995,0,0,0,521,521,0,0,28,7,2,5,0,0,133,119,27,27,19,3,12,0,0,0,0,0,1,0,4,0,0,0,0,0,0,0,0,0,0,0,0,0,0,0,0,0,0,0,0,0,0,0,0,0,0,0,0,6,341,0,0,0,0,0,13,0,0,0,0,0,5,0,Flareon
4-29,11:06:38,NINTEN,Sandslash,Bug Catcher,2,Viridian Forest,3,3:10.64,3:10,0h3m10s,0,0,0,8,0:12,28.147,SCRATCH,SAND-ATTACK,,,0,539,29,3,5,35,35,28,4,145,Flareon, ,Ground,Ground,715,Sandslash5,Sandslash,,00:02:42.49,00:03:10.64,00:12:00.22,8,0,0,3,10,64,SCRATCH,SAND-ATTACK,,,4,15,0,0,0,0,0,0,30,32,23,25,16,16,18,400,331,380,270,270,434,15,15,15,15,0,0,0,0,-1,0,0,23,25,16,16,11,45189,22041,20459,694,1995,0,0,0,539,539,0,0,29,8,3,5,0,0,209,185,29,29,35,3,14,0,0,0,0,0,1,0,4,0,0,0,0,0,0,0,0,0,0,0,0,0,0,0,0,0,0,0,0,0,0,0,0,0,0,0,0,9,499,0,0,0,0,0,13,0,0,0,0,0,5,0,Flareon
4-29,11:07:30,NINTEN,Sandslash,Lass,19,Viridian Forest,2,4:02.93,4:02,0h4m2s,0,0,0,9,0:15,11.166,SCRATCH,SAND-ATTACK,,,0,783,38,4,7,43,43,33,3,205,Flareon, ,Ground,Ground,888,Sandslash5,Sandslash,,00:03:51.76,00:04:02.93,00:15:26.43,9,0,0,4,2,93,SCRATCH,SAND-ATTACK,,,30,15,0,0,0,0,0,0,33,35,26,27,17,17,19,546,465,507,370,370,570,15,15,15,15,-1,-1,0,0,0,0,0,17,17,17,17,19,57570,27985,26896,694,1995,0,0,0,783,783,0,0,38,11,4,7,0,0,302,256,33,33,43,3,19,0,0,0,0,0,3,0,4,0,0,0,0,0,0,0,0,0,0,0,0,0,0,0,0,0,0,0,0,0,0,0,0,0,0,0,0,12,763,0,0,0,0,0,13,0,1,1,0,0,5,0,Flareon
4-29,11:07:59,NINTEN,Sandslash,Bug Catcher,15,Viridian Forest,2,4:31.73,4:31,0h4m31s,0,0,0,10,0:17,14.083,SCRATCH,SAND-ATTACK,,,0,864,42,5,8,52,52,39,3,295,Flareon, ,Ground,Ground,1142,Sandslash5,Sandslash,,00:04:17.64,00:04:31.73,00:17:20.38,10,0,0,4,31,73,SCRATCH,SAND-ATTACK,,,21,15,0,0,0,0,0,0,34,38,28,30,19,19,21,691,535,652,440,440,675,15,15,15,15,0,0,0,0,0,0,0,28,30,19,19,21,64405,29760,31956,694,1995,0,0,0,864,864,0,0,42,13,5,8,0,0,389,327,35,35,52,5,20,0,0,0,0,0,5,0,4,0,0,0,0,0,0,0,0,0,0,0,0,0,0,0,0,0,0,0,0,0,0,0,0,0,0,0,0,15,1017,0,0,0,0,1,13,0,1,1,0,0,5,0,Flareon
4-29,11:08:21,NINTEN,Sandslash,Bug Catcher,3,Viridian Forest,1,4:53.66,4:53,0h4m53s,0,0,0,10,0:18,7.129,SCRATCH,SAND-ATTACK,,,0,936,46,6,9,57,57,42,3,375,Flareon, ,Ground,Ground,1284,Sandslash5,Sandslash,,00:04:46.53,00:04:53.66,00:18:47.20,10,0,0,4,53,66,SCRATCH,SAND-ATTACK,,,16,15,0,0,0,0,0,0,29,38,28,30,19,19,21,781,595,722,480,480,765,15,15,15,15,0,0,0,0,0,0,0,28,30,19,19,21,69607,31563,35355,694,1995,0,0,0,936,936,0,0,46,15,6,9,0,0,460,375,40,40,57,5,23,0,0,0,0,0,6,0,4,0,0,0,0,0,0,0,0,0,0,0,0,0,0,0,0,0,0,0,0,0,0,0,0,0,0,0,0,17,1159,0,0,0,0,3,13,0,1,1,0,0,5,0,Flareon
4-29,11:09:47,NINTEN,Sandslash,Jr Trainer M,1,Pewter City - Gym,2,6:19.60,6:19,0h6m19s,0,0,0,12,0:24,11.117,SCRATCH,SAND-ATTACK,,,0,1176,58,7,19,76,76,50,3,475,Flareon, ,Ground,Ground,1937,Sandslash5,Sandslash,,00:06:08.48,00:06:19.60,00:24:25.46,12,0,0,6,19,60,SCRATCH,SAND-ATTACK,,,31,15,0,0,0,0,0,0,36,44,33,35,22,22,25,1296,1025,1252,800,800,1327,15,15,15,15,0,0,0,0,0,0,0,33,35,22,22,25,89913,37333,49891,694,1995,0,0,0,1176,1176,0,0,58,26,7,19,0,0,757,599,51,51,76,5,29,0,0,0,0,0,9,0,4,0,0,0,0,0,0,0,0,0,0,0,0,0,0,0,0,0,0,0,0,0,0,0,0,0,0,0,0,29,1812,0,0,0,0,3,13,0,1,1,0,0,5,0,Flareon
4-29,11:11:50,NINTEN,Sandslash,Brock,1,Pewter City - Gym,2,8:22.77,8:22,0h8m22s,0,0,0,13,0:32,54.854,SCRATCH,SAND-ATTACK,,,1,1426,60,8,27,121,121,79,3,655,Flareon, ,Ground,Ground,2667,Sandslash5,Sandslash,Brock,00:07:27.92,00:08:22.77,00:32:32.50,13,0,0,8,22,77,SCRATCH,SAND-ATTACK,,,10,6,0,0,0,0,0,0,42,47,36,38,24,24,27,1677,1544,1822,1125,1125,1891,15,15,15,15,0,-2,0,0,0,0,0,36,19,24,24,27,119137,43196,72715,1231,1995,1,0,0,1426,1426,0,0,60,35,8,27,0,0,1021,803,58,58,121,29,34,0,0,0,0,0,13,0,4,0,0,0,0,0,0,0,0,0,0,0,0,0,0,0,0,0,0,0,0,0,0,0,0,0,0,0,0,39,2542,0,0,0,0,3,13,0,1,1,0,0,5,0,Flareon
4-29,11:12:26,NINTEN,Sandslash,Bug Catcher,4,Route 3,3,8:58.40,8:58,0h8m58s,0,0,0,14,0:34,15.896,SCRATCH,SAND-ATTACK,,,1,1539,61,9,27,127,127,84,4,1843,Flareon, ,Ground,Ground,3002,Sandslash5,Sandslash,,00:08:42.50,00:08:58.40,00:34:53.40,14,0,0,8,58,40,SCRATCH,SAND-ATTACK,,,29,15,0,0,0,0,0,0,47,50,38,41,25,25,28,1807,1639,1922,1185,1185,2031,15,15,15,15,0,0,0,0,-3,0,0,52,41,25,25,11,127587,46869,77492,1231,1995,1,0,0,1539,1539,0,0,61,36,9,27,0,0,1141,892,61,61,127,29,39,0,0,0,0,0,13,0,4,0,0,0,0,0,0,0,0,0,0,0,0,0,0,0,0,0,0,0,0,0,0,0,0,0,0,0,0,42,2877,0,0,0,0,3,13,0,1,1,0,0,5,0,Flareon
4-29,11:12:39,NINTEN,Sandslash,Youngster Ben,1,Route 3,2,9:11.67,9:11,0h9m11s,0,0,0,14,0:35,9.901,SCRATCH,SAND-ATTACK,,,1,1543,61,10,27,131,131,86,4,1943,Flareon, ,Ground,Ground,3280,Sandslash5,Sandslash,,00:09:01.77,00:09:11.67,00:35:45.58,14,0,0,9,11,67,SCRATCH,SAND-ATTACK,,,25,15,0,0,0,0,0,0,43,50,38,41,25,25,28,1872,1755,2001,1250,1250,2158,15,15,15,15,0,0,0,0,0,0,0,42,41,25,25,28,130725,47165,80334,1231,1995,1,0,0,1543,1543,0,0,61,37,10,27,0,0,1209,951,65,65,131,29,41,0,0,0,0,0,14,0,4,0,0,0,0,0,0,0,0,0,0,0,0,0,0,0,0,0,0,0,0,0,0,0,0,0,0,0,0,44,3155,0,0,0,0,3,13,0,1,1,0,0,5,0,Flareon
4-29,11:13:00,NINTEN,Sandslash,Bug Catcher,5,Route 3,4,9:32.42,9:32,0h9m32s,0,0,0,15,0:37,17.97,SCRATCH,SAND-ATTACK,,,1,1547,62,11,27,139,139,90,4,2108,Flareon, ,Ground,Ground,3755,Sandslash5,Sandslash,,00:09:14.45,00:09:32.42,00:37:07.52,15,0,0,9,32,42,SCRATCH,SAND-ATTACK,,,17,15,0,0,0,0,0,0,45,53,41,44,27,27,30,2052,1865,2171,1340,1340,2318,15,15,15,15,0,0,0,0,0,0,0,46,44,27,27,30,135639,47333,85080,1231,1995,1,0,0,1547,1547,0,0,62,38,11,27,0,0,1358,1063,66,66,139,30,42,0,0,0,0,0,14,0,4,0,0,0,0,0,0,0,0,0,0,0,0,0,0,0,0,0,0,0,0,0,0,0,0,0,0,0,0,48,3630,0,0,0,0,3,13,0,1,1,0,0,5,0,Flareon
4-29,11:13:15,NINTEN,Sandslash,Lass,2,Route 3,2,9:47.27,9:47,0h9m47s,0,0,0,15,0:38,9.584,SCRATCH,SAND-ATTACK,,,1,1554,63,12,27,143,143,92,4,2198,Flareon, ,Ground,Ground,4003,Sandslash5,Sandslash,,00:09:37.69,00:09:47.27,00:38:06.28,15,0,0,9,47,27,SCRATCH,SAND-ATTACK,,,13,15,0,0,0,0,0,0,45,53,41,44,27,27,30,2128,1978,2246,1405,1405,2440,15,15,15,15,0,-2,0,0,0,0,0,57,22,27,27,30,139155,48060,87869,1231,1995,1,0,0,1554,1554,0,0,63,39,12,27,0,0,1450,1120,66,66,143,30,44,0,0,0,0,0,14,0,4,0,0,0,0,0,0,0,0,0,0,0,0,0,0,0,0,0,0,0,0,0,0,0,0,0,0,0,0,50,3878,0,0,0,0,3,13,0,1,1,0,0,5,0,Flareon
4-29,11:13:29,NINTEN,Sandslash,Bug Catcher,6,Route 3,2,10:01.62,10:01,0h10m1s,0,0,0,16,0:39,11.81,SCRATCH,SAND-ATTACK,,,1,1555,65,13,27,148,148,95,4,2348,Flareon, ,Ground,Ground,4296,Sandslash5,Sandslash,,00:09:49.82,00:10:01.62,00:39:03.05,16,0,0,10,1,62,SCRATCH,SAND-ATTACK,,,8,15,0,0,0,0,0,0,48,56,43,46,28,28,32,2223,2028,2336,1450,1450,2515,15,15,15,15,0,0,0,0,-1,0,0,48,46,28,28,21,142552,48192,91134,1231,1995,1,0,0,1555,1555,0,0,65,40,13,27,0,0,1543,1185,66,66,148,30,45,0,0,0,0,0,15,0,4,0,0,0,0,0,0,0,0,0,0,0,0,0,0,0,0,0,0,0,0,0,0,0,0,0,0,0,0,52,4171,0,0,0,0,3,13,0,1,1,0,0,5,0,Flareon
4-29,11:14:03,NINTEN,Sandslash,Super Nerd,1,Mt Moon - 1,2,10:35.91,10:35,0h10m35s,0,0,0,16,0:41,11.199,SCRATCH,SAND-ATTACK,,,1,1698,70,14,29,153,153,98,4,2458,Flareon, ,Ground,Ground,4745,Sandslash5,Sandslash,,00:10:24.71,00:10:35.91,00:41:18.11,16,0,0,10,35,91,SCRATCH,SAND-ATTACK,,,30,15,0,0,0,0,0,0,50,56,43,46,28,28,32,2288,2093,2456,1600,1600,2660,15,15,15,15,0,0,0,0,0,0,0,48,46,28,28,32,150658,51721,95711,1231,1995,1,0,0,1698,1698,0,0,70,43,14,29,2,0,1618,1244,72,72,153,30,48,0,0,0,0,0,15,0,4,0,0,0,0,0,0,0,0,0,0,0,0,0,0,0,0,0,0,0,0,0,0,0,0,0,0,0,0,54,4620,0,0,0,0,3,13,0,1,1,0,0,5,0,Flareon
4-29,11:14:32,NINTEN,Sandslash,Bug Catcher,8,Mt Moon - 1,3,11:04.14,11:04,0h11m4s,0,0,0,17,0:43,14.446,SLASH,SAND-ATTACK,SCRATCH,,1,1718,73,15,32,158,158,100,5,2733,Flareon, ,Ground,Ground,5122,Sandslash5,Sandslash,,00:10:49.69,00:11:04.14,00:43:09.18,17,0,0,11,4,14,SLASH,SAND-ATTACK,SCRATCH,,19,15,26,0,0,0,0,0,53,59,45,49,30,30,34,2428,2173,2581,1665,1665,2780,15,15,15,15,0,0,0,0,-1,0,0,50,49,30,30,22,157325,52447,101652,1231,1995,1,0,0,1718,1718,0,0,73,47,15,32,5,0,1774,1335,72,72,158,30,49,0,0,0,0,0,17,0,4,0,0,0,0,0,0,0,0,0,0,0,0,0,0,0,0,0,0,0,0,0,0,0,0,0,0,0,0,57,4997,0,0,0,0,4,13,0,1,1,1,0,5,0,Flareon
4-29,11:15:29,NINTEN,Sandslash,Fossil Nerd,2,Mt Moon - 3,3,12:01.51,12:01,0h12m1s,0,0,0,18,0:46,10.109,SLASH,SAND-ATTACK,SCRATCH,,1,1917,77,16,41,161,161,100,5,2833,Flareon, ,Ground,Ground,5909,Sandslash5,Sandslash,,00:11:51.39,00:12:01.51,00:46:54.51,18,0,0,12,1,51,SLASH,SAND-ATTACK,SCRATCH,,16,15,26,0,0,0,0,0,56,62,48,52,32,32,36,2588,2348,2776,1820,1820,2940,15,15,15,15,0,0,0,0,0,0,0,54,52,32,32,36,170858,56834,110798,1231,1995,1,0,0,1917,1917,0,0,77,57,16,41,14,0,1908,1444,72,72,161,30,49,0,0,0,0,0,20,0,4,0,0,0,0,0,0,0,0,0,0,0,0,0,0,0,0,0,0,0,0,0,0,0,0,0,0,0,0,60,5784,0,0,0,0,4,13,0,1,1,1,0,5,0,Flareon
4-29,11:15:48,NINTEN,Sandslash,Rocket,42,Mt Moon - 3,3,12:20.79,12:20,0h12m20s,0,0,0,18,0:48,10.929,SLASH,SAND-ATTACK,SCRATCH,,1,1937,79,17,41,165,165,101,6,3133,Flareon, ,Ground,Ground,6644,Sandslash5,Sandslash,,00:12:09.86,00:12:20.79,00:48:11.03,18,0,0,12,20,79,SLASH,SAND-ATTACK,SCRATCH,,12,15,26,0,0,0,0,0,55,62,48,52,32,32,36,2703,2518,2950,1960,1960,3120,15,15,15,15,0,0,0,0,0,0,0,54,52,32,32,36,175430,58414,113790,1231,1995,1,0,0,1937,1937,0,0,79,58,17,41,14,0,2090,1554,73,73,165,30,50,0,0,0,0,0,24,0,4,0,0,0,0,0,0,0,0,0,0,0,0,0,0,0,0,0,0,0,0,0,0,0,0,0,0,0,0,63,6519,0,0,0,0,4,13,0,1,1,1,0,5,0,Flareon
4-29,11:16:33,NINTEN,Sandslash,Rival2-Nugget Bridge,3,Cerulean City,4,13:05.93,13:05,0h13m5s,0,0,0,19,0:51,18.244,SLASH,SAND-ATTACK,SCRATCH,,2,2115,82,18,41,174,174,106,6,3553,Flareon, ,Ground,Ground,7682,Sandslash5,Sandslash,Rival (Nugget Bridge),00:12:47.69,00:13:05.93,00:51:09.13,19,0,0,13,5,93,SLASH,SAND-ATTACK,SCRATCH,,11,15,35,0,0,0,0,0,61,65,50,54,33,33,38,2878,2764,3150,2111,2111,3357,15,15,15,15,0,-1,0,0,0,-2,0,78,35,33,33,38,186120,63728,118612,1785,1995,2,0,0,2115,2115,0,0,82,59,18,41,14,0,2325,1725,77,77,170,35,54,0,0,0,0,0,29,0,4,0,0,0,0,0,0,0,0,0,0,0,0,0,0,0,0,0,0,0,0,0,0,0,0,0,0,0,0,67,7557,0,0,0,0,5,13,0,1,1,1,0,5,0,Flareon
4-29,11:16:56,NINTEN,Sandslash,Bug Catcher,9,Route 24,2,13:28.78,13:28,0h13m28s,0,0,0,19,0:52,6.603,SLASH,SAND-ATTACK,SCRATCH,,2,2188,88,19,41,176,176,106,6,4148,Flareon, ,Ground,Ground,7997,Sandslash5,Sandslash,,00:13:22.18,00:13:28.78,00:52:39.28,19,0,0,13,28,78,SLASH,SAND-ATTACK,SCRATCH,,18,15,35,0,0,0,0,0,65,65,50,54,33,33,38,2963,2829,3215,2151,2151,3452,15,15,15,15,0,0,0,0,0,0,0,56,54,33,33,38,191535,67078,120677,1785,1995,2,0,0,2188,2188,0,0,88,60,19,41,14,0,2470,1800,77,77,172,35,54,0,0,0,0,0,31,0,4,0,0,0,0,0,0,0,0,0,0,0,0,0,0,0,0,0,0,0,0,0,0,0,0,0,0,0,0,69,7872,0,0,0,0,5,13,0,1,1,1,0,5,0,Flareon
4-29,11:17:06,NINTEN,Sandslash,Lass,8,Route 24,2,13:38.58,13:38,0h13m38s,0,0,0,20,0:53,7.134,SLASH,SAND-ATTACK,SCRATCH,,2,2190,91,20,41,178,178,106,6,4288,Flareon, ,Ground,Ground,8339,Sandslash5,Sandslash,,00:13:31.44,00:13:38.58,00:53:18.02,20,0,0,13,38,58,SLASH,SAND-ATTACK,SCRATCH,,16,15,35,0,0,0,0,0,68,68,53,57,35,35,40,3058,2921,3307,2226,2226,3549,15,15,15,15,0,0,0,0,0,0,0,59,57,35,35,40,193849,67206,122863,1785,1995,2,0,0,2190,2190,0,0,91,61,20,41,14,0,2590,1878,77,77,174,35,54,0,0,0,0,0,33,0,4,0,0,0,0,0,0,0,0,0,0,0,0,0,0,0,0,0,0,0,0,0,0,0,0,0,0,0,0,71,8214,0,0,0,0,5,13,0,1,1,1,0,5,0,Flareon
4-29,11:17:19,NINTEN,Sandslash,Youngster,4,Route 24,3,13:51.93,13:51,0h13m51s,0,0,0,20,0:54,9.803,SLASH,SAND-ATTACK,SCRATCH,,2,2194,106,21,41,181,181,107,6,4498,Flareon, ,Ground,Ground,8858,Sandslash5,Sandslash,,00:13:42.13,00:13:51.93,00:54:10.37,20,0,0,13,51,93,SLASH,SAND-ATTACK,SCRATCH,,13,15,35,0,0,0,0,0,63,68,53,57,35,35,40,3163,3082,3421,2331,2331,3731,15,15,15,15,0,0,0,0,0,0,0,59,57,35,35,40,197004,67568,125656,1785,1995,2,0,0,2194,2194,0,0,106,62,21,41,14,0,2797,1985,82,82,177,35,55,0,0,0,0,0,36,0,4,0,0,0,0,0,0,0,0,0,0,0,0,0,0,0,0,0,0,0,0,0,0,0,0,0,0,0,0,74,8733,0,0,0,0,5,13,0,1,1,1,0,5,0,Flareon
4-29,11:17:29,NINTEN,Sandslash,Lass,7,Route 24,2,14:01.96,14:01,0h14m1s,0,0,0,20,0:54,7.134,SLASH,SAND-ATTACK,SCRATCH,,2,2198,108,22,41,183,183,108,6,4708,Flareon, ,Ground,Ground,9246,Sandslash5,Sandslash,,00:13:54.83,00:14:01.96,00:54:50.07,20,0,0,14,1,96,SLASH,SAND-ATTACK,SCRATCH,,11,15,35,0,0,0,0,0,58,68,53,57,35,35,40,3258,3174,3513,2406,2406,3828,15,15,15,15,0,0,0,0,0,0,0,59,57,35,35,40,199374,67762,127832,1785,1995,2,0,0,2198,2198,0,0,108,63,22,41,14,0,2902,2072,87,87,179,35,56,0,0,0,0,0,38,0,4,0,0,0,0,0,0,0,0,0,0,0,0,0,0,0,0,0,0,0,0,0,0,0,0,0,0,0,0,76,9121,0,0,0,0,5,13,0,1,1,1,0,5,0,Flareon
4-29,11:17:37,NINTEN,Sandslash,Jr Trainer M,3,Route 24,1,14:09.71,14:09,0h14m9s,0,0,0,21,0:55,4.986,SLASH,SAND-ATTACK,SCRATCH,,2,2202,111,23,41,184,184,108,6,4948,Flareon, ,Ground,Ground,9531,Sandslash5,Sandslash,,00:14:04.73,00:14:09.71,00:55:20.38,21,0,0,14,9,71,SLASH,SAND-ATTACK,SCRATCH,,10,15,35,0,0,0,0,0,61,71,56,60,36,36,41,3298,3254,3548,2441,2441,3898,15,15,15,15,0,0,0,0,0,0,0,63,60,36,36,41,201205,67942,129483,1785,1995,2,0,0,2202,2202,0,0,111,64,23,41,14,0,2964,2117,87,87,180,35,56,0,0,0,0,0,39,0,4,0,0,0,0,0,0,0,0,0,0,0,0,0,0,0,0,0,0,0,0,0,0,0,0,0,0,0,0,77,9406,0,0,0,0,5,13,0,1,1,1,0,5,0,Flareon
4-29,11:17:50,NINTEN,Sandslash,Rocket,6,Route 24,2,14:22.68,14:22,0h14m22s,0,0,0,21,0:56,6.73,SLASH,SAND-ATTACK,SCRATCH,,2,2208,114,24,41,186,186,108,7,5308,Flareon, ,Ground,Ground,9901,Sandslash5,Sandslash,,00:14:15.95,00:14:22.68,00:56:11.47,21,0,0,14,22,68,SLASH,SAND-ATTACK,SCRATCH,,8,15,35,0,0,0,0,0,61,71,56,60,36,36,41,3373,3359,3627,2521,2521,4008,15,15,15,15,0,0,0,0,0,0,0,63,60,36,36,41,204274,68922,131572,1785,1995,2,0,0,2208,2208,0,0,114,65,24,41,14,0,3112,2193,87,87,182,35,56,0,0,0,0,0,41,0,4,0,0,0,0,0,0,0,0,0,0,0,0,0,0,0,0,0,0,0,0,0,0,0,0,0,0,0,0,79,9776,0,0,0,0,5,13,0,1,1,1,0,5,0,Flareon
4-29,11:18:10,NINTEN,Sandslash,Hiker,2,Route 25,2,14:42.63,14:42,0h14m42s,0,0,0,21,0:57,11.11,SLASH,SAND-ATTACK,SCRATCH,,2,2250,117,25,41,190,190,110,7,5758,Flareon, ,Ground,Ground,10459,Sandslash5,Sandslash,,00:14:31.51,00:14:42.63,00:57:30.42,21,0,0,14,42,63,SLASH,SAND-ATTACK,SCRATCH,,5,15,34,0,0,0,0,0,55,71,56,60,36,36,41,3483,3519,3777,2586,2586,4063,15,15,15,15,0,0,0,0,0,0,0,63,60,36,36,41,209009,70524,134705,1785,1995,2,0,0,2250,2250,0,0,117,66,25,41,14,0,3210,2280,93,93,186,35,57,0,0,0,0,0,44,0,5,0,0,0,0,0,0,0,0,0,0,0,0,0,0,0,0,0,0,0,0,0,0,0,0,0,0,0,0,81,10334,0,0,0,0,5,13,0,1,1,1,0,5,0,Flareon
4-29,11:18:24,NINTEN,Sandslash,Lass,9,Route 25,2,14:56.45,14:56,0h14m56s,0,0,0,22,0:58,7.296,SLASH,SAND-ATTACK,SCRATCH,,2,2270,120,26,41,192,192,110,8,6283,Flareon, ,Ground,Ground,10840,Sandslash5,Sandslash,,00:14:49.16,00:14:56.45,00:58:25.18,22,0,0,14,56,45,SLASH,SAND-ATTACK,SCRATCH,,3,15,34,0,0,0,0,0,58,74,58,63,38,38,43,3584,3623,3869,2666,2666,4154,15,15,15,15,0,0,0,0,0,0,0,65,63,38,38,43,212286,71588,136918,1785,1995,2,0,0,2270,2270,0,0,120,67,26,41,14,0,3341,2364,93,93,188,35,57,0,0,0,0,0,46,0,5,0,0,0,0,0,0,0,0,0,0,0,0,0,0,0,0,0,0,0,0,0,0,0,0,0,0,0,0,83,10715,0,0,0,0,6,13,0,1,1,1,0,5,0,Flareon
4-29,11:18:37,NINTEN,Sandslash,Jr Trainer M,2,Route 25,2,15:10.10,15:10,0h15m10s,0,0,0,22,0:59,6.667,SLASH,SAND-ATTACK,SCRATCH,,2,2282,124,27,41,194,194,110,7,6508,Flareon, ,Ground,Ground,11197,Sandslash5,Sandslash,,00:15:03.43,00:15:10.10,00:59:18.49,22,0,0,15,10,10,SLASH,SAND-ATTACK,SCRATCH,,11,15,35,0,0,0,0,0,74,74,58,63,38,38,43,3649,3739,3948,2731,2731,4281,15,15,15,15,0,0,0,0,0,0,0,65,63,38,38,43,215496,72064,138964,2473,1995,2,0,0,2282,2282,0,0,124,68,27,41,14,0,3511,2434,93,93,190,35,57,0,0,0,0,0,48,0,5,0,0,0,0,0,0,0,0,0,0,0,0,0,0,0,0,0,0,0,0,0,0,0,0,0,0,0,0,85,11072,0,0,0,0,6,13,0,1,1,1,0,5,0,Flareon
4-29,11:18:51,NINTEN,Sandslash,Oddish Lass,10,Route 25,3,15:23.13,15:23,0h15m23s,0,0,0,22,1:00,8.827,SLASH,SAND-ATTACK,SCRATCH,,2,2297,124,28,41,197,197,110,7,6788,Flareon, ,Ground,Ground,11782,Sandslash5,Sandslash,Oddish Lass,00:15:14.30,00:15:23.13,01:00:10.07,22,0,0,15,23,13,SLASH,SAND-ATTACK,SCRATCH,,8,15,35,0,0,0,0,0,74,74,58,63,38,38,43,3779,3884,4098,2916,2916,4397,15,15,15,15,0,0,0,0,0,0,0,65,63,38,38,43,218574,72570,141536,2473,1995,2,0,0,2297,2297,0,0,124,69,28,41,14,0,3736,2541,93,93,193,35,57,0,0,0,0,0,51,0,5,0,0,0,0,0,0,0,0,0,0,0,0,0,0,0,0,0,0,0,0,0,0,0,0,0,0,0,0,88,11657,0,0,0,0,6,13,0,1,1,1,0,5,0,Flareon
4-29,11:19:23,NINTEN,Sandslash,Cerulean Rocket,5,Cerulean City,2,15:55.83,15:55,0h15m55s,0,0,0,23,1:02,7.558,SLASH,SAND-ATTACK,SCRATCH,,2,2435,127,29,41,199,199,110,9,6983,Flareon, ,Ground,Ground,12471,Sandslash5,Sandslash,Rocket,00:15:48.28,00:15:55.83,01:02:19.23,23,0,0,15,55,83,SLASH,SAND-ATTACK,SCRATCH,,6,15,35,0,0,0,0,0,77,77,61,66,40,40,45,3909,4012,4193,3041,3041,4474,15,15,15,15,0,0,0,0,0,0,0,68,66,40,40,45,226330,78056,143806,2473,1995,2,0,0,2435,2435,0,0,127,70,29,41,14,0,3860,2644,93,93,195,35,57,0,0,0,0,0,53,0,5,0,0,0,0,0,0,0,0,0,0,0,0,0,0,0,0,0,0,0,0,0,0,0,0,0,0,0,0,90,12346,0,0,0,0,7,13,0,1,1,1,0,5,0,Flareon
4-29,11:19:35,NINTEN,Sandslash,Pecking Lass,1,Cerulean City - Gym,1,16:07.88,16:07,0h16m7s,0,0,0,23,1:03,4.232,SLASH,SAND-ATTACK,SCRATCH,,2,2474,128,30,41,200,200,110,10,7493,Flareon, ,Ground,Ground,12922,Sandslash5,Sandslash,,00:16:03.65,00:16:07.88,01:03:06.54,23,0,0,16,7,88,SLASH,SAND-ATTACK,SCRATCH,,5,15,35,0,0,0,0,0,77,77,61,66,40,40,45,3954,4079,4253,3091,3091,4537,15,15,15,15,0,0,0,0,0,0,0,68,66,40,40,45,229181,79385,145328,2473,1995,2,0,0,2474,2474,0,0,128,71,30,41,14,0,3910,2693,93,93,196,35,57,0,0,0,0,0,54,0,5,0,0,0,0,0,0,0,0,0,0,0,0,0,0,0,0,0,0,0,0,0,0,0,0,0,0,0,0,91,12797,0,0,0,0,7,13,0,1,1,1,0,5,0,Flareon
4-29,11:19:52,NINTEN,Sandslash,Misty,1,Cerulean City - Gym,2,16:24.27,16:24,0h16m24s,0,0,0,24,1:04,9.989,SLASH,SAND-ATTACK,SCRATCH,,3,2475,129,31,41,203,203,112,10,7873,Flareon, ,Ground,Ground,14261,Sandslash5,Sandslash,Misty,00:16:14.28,00:16:24.27,01:04:11.35,24,0,0,16,24,27,SLASH,SAND-ATTACK,SCRATCH,,2,15,35,0,0,0,0,0,15,81,64,68,41,41,47,4044,4199,4393,3261,3261,4737,15,15,15,15,0,0,0,0,0,0,0,72,68,41,41,47,233062,79880,148189,2998,1995,3,0,0,2475,2475,0,0,129,72,31,41,14,0,4041,2793,159,159,199,35,59,0,0,0,0,0,57,0,5,0,0,0,0,0,0,0,0,0,0,0,0,0,0,0,0,0,0,0,0,0,0,0,0,0,0,0,0,93,14136,0,0,0,0,7,13,0,1,1,1,0,5,0,Flareon
4-29,11:20:36,NINTEN,Sandslash,Jr Trainer M,5,Route 6,2,17:08.98,17:08,0h17m8s,0,0,0,24,1:07,7.521,SLASH,SAND-ATTACK,SCRATCH,DIG,3,2711,137,32,41,205,205,113,11,9952,Flareon, ,Ground,Ground,14856,Sandslash5,Sandslash,,00:17:01.47,00:17:08.98,01:07:08.02,24,0,0,17,8,98,SLASH,SAND-ATTACK,SCRATCH,DIG,18,15,35,10,0,0,0,0,75,81,64,68,41,41,47,4139,4340,4483,3342,3342,4904,15,15,15,15,0,0,0,0,0,0,0,72,68,41,41,47,243649,86529,150580,4545,1995,3,0,0,2711,2711,0,0,137,73,32,41,14,0,4211,2880,165,165,201,35,60,0,0,0,0,0,59,0,5,0,0,0,0,0,0,0,0,0,0,0,0,0,0,0,0,0,0,0,0,0,0,0,0,0,0,0,0,95,14731,0,0,0,0,8,13,0,1,1,2,0,5,0,Flareon
4-29,11:20:49,NINTEN,Sandslash,Sandy,3,Route 6,3,17:21.20,17:21,0h17m21s,0,0,0,24,1:07,9.57,SLASH,SAND-ATTACK,SCRATCH,DIG,3,2712,139,33,41,208,208,114,11,10272,Flareon, ,Ground,Ground,15417,Sandslash5,Sandslash,,00:17:11.63,00:17:21.20,01:07:56.05,24,0,0,17,21,20,SLASH,SAND-ATTACK,SCRATCH,DIG,15,15,35,10,0,0,0,0,70,81,64,68,41,41,47,4259,4475,4603,3447,3447,5072,15,15,15,15,0,0,0,0,0,0,0,72,68,41,41,47,246532,86659,153333,4545,1995,3,0,0,2712,2712,0,0,139,74,33,41,14,0,4485,3003,170,170,204,35,61,0,0,0,0,0,62,0,5,0,0,0,0,0,0,0,0,0,0,0,0,0,0,0,0,0,0,0,0,0,0,0,0,0,0,0,0,98,15292,0,0,0,0,8,13,0,1,1,2,0,5,0,Flareon
4-29,11:21:16,NINTEN,Sandslash,Sailor,5,SS Anne,2,17:48.89,17:48,0h17m48s,0,0,0,25,1:09,7.483,SLASH,SAND-ATTACK,SCRATCH,DIG,3,2852,159,34,41,210,210,114,13,9542,Flareon, ,Ground,Ground,16230,Sandslash5,Sandslash,,00:17:41.40,00:17:48.89,01:09:44.47,25,0,0,17,48,89,SLASH,SAND-ATTACK,SCRATCH,DIG,13,15,35,10,0,0,0,0,73,84,66,71,43,43,49,4329,4560,4693,3617,3617,5227,15,15,15,15,0,0,0,0,0,0,0,74,71,43,43,49,253055,91005,155510,4545,1995,3,0,0,2852,2852,0,0,159,75,34,41,14,0,4646,3089,170,170,206,35,61,0,0,0,0,0,64,0,5,0,0,0,0,0,0,0,0,0,0,0,0,0,0,0,0,0,0,0,0,0,0,0,0,0,0,0,0,100,16105,0,0,0,0,10,16,0,1,1,2,0,5,0,Flareon
4-29,11:21:29,NINTEN,Sandslash,Youngster,8,SS Anne,1,18:02.09,18:02,0h18m2s,0,0,0,25,1:10,4.176,SLASH,SAND-ATTACK,SCRATCH,DIG,3,2917,168,35,41,211,211,114,14,10082,Flareon, ,Ground,Ground,16500,Sandslash5,Sandslash,,00:17:57.92,00:18:02.09,01:10:36.45,25,0,0,18,2,9,SLASH,SAND-ATTACK,SCRATCH,DIG,12,15,35,10,0,0,0,0,73,84,66,71,43,43,49,4375,4617,4733,3657,3657,5277,15,15,15,15,0,0,0,0,0,0,0,74,71,43,43,49,256172,92738,156894,4545,1995,3,0,0,2917,2917,0,0,168,76,35,41,14,0,4720,3142,170,170,207,35,61,0,0,0,0,0,65,0,5,0,0,0,0,0,0,0,0,0,0,0,0,0,0,0,0,0,0,0,0,0,0,0,0,0,0,0,0,101,16375,0,0,0,0,11,16,0,1,1,2,0,5,0,Flareon
4-29,11:21:53,NINTEN,Sandslash,Gentleman,5,SS Anne,2,18:26.10,18:26,0h18m26s,0,0,0,25,1:12,8.188,SLASH,SAND-ATTACK,BODY SLAM,DIG,3,2971,171,36,41,215,213,116,14,10397,Flareon, ,Ground,Ground,17384,Sandslash5,Sandslash,,00:18:17.92,00:18:26.10,01:12:11.28,25,0,0,18,26,10,SLASH,SAND-ATTACK,BODY SLAM,DIG,12,15,15,8,0,0,0,0,73,84,66,71,43,43,49,4480,4772,4833,3772,3772,5427,15,15,15,15,0,0,0,0,0,0,0,74,71,43,43,49,261855,94381,159241,6238,1995,3,0,0,2971,2971,0,0,171,77,36,41,14,0,5143,3236,170,170,209,36,61,0,0,0,0,0,65,0,5,0,0,0,0,0,0,0,0,0,0,0,0,0,0,0,0,0,0,0,0,0,0,0,0,0,0,0,0,103,17259,0,0,0,0,12,16,0,1,1,3,0,5,0,Flareon
4-29,11:22:15,NINTEN,Sandslash,Rival3-SS Anne,1,SS Anne,4,18:47.20,18:47,0h18m47s,0,0,0,26,1:13,13.468,SLASH,SAND-ATTACK,BODY SLAM,DIG,3,2999,175,37,41,220,217,117,14,11587,Flareon, ,Ground,Ground,18565,Sandslash5,Sandslash,Rival (SS Anne),00:18:33.74,00:18:47.20,01:13:34.44,26,0,0,18,47,20,SLASH,SAND-ATTACK,BODY SLAM,DIG,9,15,15,7,0,0,0,0,76,87,69,74,45,45,51,4655,5018,5033,3923,3923,5664,15,15,15,15,0,0,0,0,0,0,0,77,74,45,45,51,266851,95785,162833,6238,1995,3,0,0,2999,2999,0,0,175,78,37,41,14,0,5545,3424,170,170,213,37,61,0,0,0,0,0,69,0,5,0,0,0,0,0,0,0,0,0,0,0,0,0,0,0,0,0,0,0,0,0,0,0,0,0,0,0,0,107,18440,0,0,0,0,13,16,0,1,1,3,0,5,0,Flareon
4-29,11:23:04,NINTEN,Sandslash,Surge,1,Vermilion City - Gym,1,19:36.27,19:36,0h19m36s,0,0,0,26,1:16,5.792,SLASH,SAND-ATTACK,BODY SLAM,DIG,4,3178,183,38,41,222,218,119,15,12887,Flareon, ,Ground,Ground,19297,Sandslash5,Sandslash,Lt. Surge,00:19:30.47,00:19:36.27,01:16:48.34,26,0,0,19,36,27,SLASH,SAND-ATTACK,BODY SLAM,DIG,9,15,15,6,0,0,0,0,87,87,69,74,45,45,51,4715,5108,5088,4013,4013,5764,15,15,15,15,0,0,0,0,0,0,0,77,74,45,45,51,278481,102539,164760,9187,1995,4,0,0,3178,3178,0,0,183,79,38,41,14,0,5755,3500,170,170,214,37,62,0,0,0,0,0,70,0,5,0,0,0,0,0,0,0,0,0,0,0,0,0,0,0,0,0,0,0,0,0,0,0,0,0,0,0,0,108,19172,0,0,0,0,13,16,0,1,1,4,0,5,0,Flareon
4-29,11:24:04,NINTEN,Sandslash,Wrapping Lass,5,Route 9,4,20:36.87,20:36,0h20m36s,0,0,0,27,1:20,14.773,SLASH,SAND-ATTACK,BODY SLAM,DIG,4,3369,196,39,41,226,222,119,17,15659,Flareon, ,Ground,Ground,20545,Sandslash5,Sandslash,RTG1 - Wrapping Lass,00:20:22.11,00:20:36.87,01:20:47.22,27,0,0,20,36,87,SLASH,SAND-ATTACK,BODY SLAM,DIG,16,15,15,10,0,0,0,0,90,90,71,77,47,47,53,4905,5358,5268,4303,4303,5904,15,15,15,15,0,0,0,0,0,0,0,79,86,47,47,53,292809,110718,168858,11238,1995,4,0,0,3369,3318,51,0,196,80,39,41,14,0,6111,3690,170,170,218,37,62,0,0,0,0,0,74,0,5,0,0,0,0,0,0,0,0,0,0,0,0,0,0,0,0,0,0,0,0,0,0,0,0,0,0,0,0,112,20420,0,0,0,0,13,16,0,1,1,4,0,5,0,Flareon
4-29,11:24:18,NINTEN,Sandslash,Bug Catcher,14,Route 9,3,20:50.91,20:50,0h20m50s,0,0,0,27,1:21,9.199,SLASH,SAND-ATTACK,BODY SLAM,DIG,4,3409,198,40,41,229,225,119,17,16019,Flareon, ,Ground,Ground,21314,Sandslash5,Sandslash,,00:20:41.71,00:20:50.91,01:21:42.40,27,0,0,20,50,91,SLASH,SAND-ATTACK,BODY SLAM,DIG,13,15,15,10,0,0,0,0,90,90,71,77,47,47,53,5050,5478,5383,4383,4383,6044,15,15,15,15,0,0,0,0,0,0,0,79,86,47,47,53,296127,111370,171524,11238,1995,4,0,0,3409,3318,91,0,198,81,40,41,14,0,6392,3847,170,170,221,37,62,0,0,0,0,0,77,0,5,0,0,0,0,0,0,0,0,0,0,0,0,0,0,0,0,0,0,0,0,0,0,0,0,0,0,0,0,115,21189,0,0,0,0,13,16,0,1,1,4,0,5,0,Flareon
4-29,11:24:42,NINTEN,Sandslash,Slowbone,7,Rock Tunnel - 1,2,21:15.11,21:15,0h21m15s,0,0,0,28,1:23,11.917,SLASH,SAND-ATTACK,BODY SLAM,DIG,4,3516,207,41,41,234,229,122,17,16219,Flareon, ,Ground,Ground,22228,Sandslash5,Sandslash,,00:21:03.19,00:21:15.11,01:23:18.23,28,0,0,21,15,11,SLASH,SAND-ATTACK,BODY SLAM,DIG,11,15,14,9,0,0,0,0,82,93,74,80,48,48,55,5190,5593,5543,4463,4463,6094,15,15,15,15,0,-1,0,0,0,0,0,83,58,48,48,55,301870,112842,174755,12278,1995,4,0,0,3516,3318,198,0,207,82,41,41,14,0,6596,3984,181,181,225,38,64,0,0,0,0,0,79,0,5,0,0,0,0,0,0,0,0,0,0,0,0,0,0,0,0,0,0,0,0,0,0,0,0,0,0,0,0,117,22103,0,0,0,0,13,16,0,1,1,4,0,5,0,Flareon
4-29,11:24:53,NINTEN,Sandslash,Pokemaniac,5,Rock Tunnel,1,21:25.59,21:25,0h21m25s,0,0,0,28,1:23,6.414,SLASH,SAND-ATTACK,BODY SLAM,DIG,4,3554,208,42,41,236,231,123,17,17369,Flareon, ,Ground,Ground,22757,Sandslash5,Sandslash,,00:21:19.18,00:21:25.59,01:23:59.38,28,0,0,21,25,59,SLASH,SAND-ATTACK,BODY SLAM,DIG,9,15,14,9,0,0,0,0,70,93,74,80,48,48,55,5280,5658,5608,4503,4503,6109,15,15,15,15,0,0,0,0,0,0,0,83,90,48,48,55,304346,113415,176657,12278,1995,4,0,0,3554,3318,236,0,208,83,42,41,14,0,6708,4068,193,193,227,38,65,0,0,0,0,0,81,0,5,0,0,1,0,0,0,0,0,0,0,0,0,0,0,0,1,0,0,0,0,0,0,0,0,0,0,0,0,118,22632,0,0,0,0,13,16,0,1,1,4,0,5,0,Flareon
4-29,11:25:03,NINTEN,Sandslash,Status-Condition-Jr-Trainer,10,Rock Tunnel,2,21:35.43,21:35,0h21m35s,0,0,0,28,1:24,6.737,SLASH,SAND-ATTACK,BODY SLAM,DIG,4,3568,214,43,41,238,233,123,17,18619,Flareon, ,Ground,Ground,23425,Sandslash5,Sandslash,RTG4 - Status Jr Trainer,00:21:28.69,00:21:35.43,01:24:38.22,28,0,0,21,35,43,SLASH,SAND-ATTACK,BODY SLAM,DIG,7,15,14,9,0,0,0,0,70,93,74,80,48,48,55,5370,5757,5712,4643,4643,6184,15,15,15,15,0,0,0,0,0,0,0,83,90,48,48,55,306669,113760,178636,12278,1995,4,0,0,3568,3318,250,0,214,84,43,41,14,0,6852,4178,193,193,229,38,65,0,0,0,0,0,83,0,5,0,0,1,0,0,0,0,0,0,0,0,0,0,0,0,1,0,0,0,0,0,0,0,0,0,0,0,0,120,23300,0,0,0,0,13,16,0,1,1,4,0,5,0,Flareon
4-29,11:25:28,NINTEN,Sandslash,Selfdestructing Hiker,9,Rock Tunnel,3,22:00.91,22:00,0h22m0s,0,0,0,29,1:26,10.571,SLASH,SAND-ATTACK,BODY SLAM,DIG,4,3682,229,44,41,242,235,125,17,19059,Flareon, ,Ground,Ground,24802,Sandslash5,Sandslash,,00:21:50.34,00:22:00.91,01:26:19.03,29,0,0,22,0,91,SLASH,SAND-ATTACK,BODY SLAM,DIG,7,15,14,7,0,0,0,0,73,96,77,83,50,50,57,5505,6012,6027,4748,4748,6259,15,15,15,15,0,0,0,0,0,0,0,86,93,50,50,57,312710,116596,181518,12601,1995,4,0,0,3682,3318,364,0,229,85,44,41,14,0,7086,4286,193,193,231,40,65,0,0,0,0,0,83,0,5,0,0,1,0,0,0,0,0,0,0,0,0,0,0,0,1,0,0,0,0,0,0,0,0,0,0,0,0,123,24677,0,0,0,0,13,16,0,1,1,4,0,5,0,Flareon
4-29,11:25:47,NINTEN,Sandslash,Finisher,18,Rock Tunnel - 1,3,22:19.93,22:19,0h22m19s,0,0,0,29,1:27,9.77,SLASH,SAND-ATTACK,BODY SLAM,DIG,4,3737,243,45,41,245,238,126,16,19794,Flareon, ,Ground,Ground,25665,Sandslash5,Sandslash,RTG6 - Finisher,00:22:10.16,00:22:19.93,01:27:34.05,29,0,0,22,19,93,SLASH,SAND-ATTACK,BODY SLAM,DIG,4,15,14,7,0,0,0,0,68,96,77,83,50,50,57,5630,6152,6157,4898,4898,6435,15,15,15,15,0,0,0,0,0,0,0,86,93,50,50,57,317212,118062,184204,12951,1995,4,0,0,3737,3318,419,0,243,86,45,41,14,0,7381,4435,198,198,234,40,66,0,0,0,0,0,86,0,5,0,0,1,0,0,0,0,0,0,0,0,0,0,0,0,1,0,0,0,0,0,0,0,0,0,0,0,0,126,25540,0,0,0,0,13,16,0,1,1,4,0,5,0,Flareon
4-29,11:26:06,NINTEN,Sandslash,Gambler,7,Route 8,2,22:38.71,22:38,0h22m38s,0,0,0,29,1:28,8.165,SLASH,SAND-ATTACK,BODY SLAM,DIG,4,3832,253,46,41,249,240,128,17,20194,Flareon, ,Ground,Ground,26457,Sandslash5,Sandslash,,00:22:30.54,00:22:38.71,01:28:48.13,29,0,0,22,38,71,SLASH,SAND-ATTACK,BODY SLAM,DIG,4,15,14,5,0,0,0,0,68,96,77,83,50,50,57,5723,6263,6242,5013,5013,6560,15,15,15,15,0,0,0,0,0,0,0,86,93,50,50,57,321660,120110,186604,12951,1995,4,0,0,3832,3318,514,0,253,87,46,41,14,0,7843,4555,198,198,236,42,66,0,0,0,0,0,86,0,5,0,0,1,0,0,0,0,0,0,0,0,0,0,0,0,1,0,0,0,0,0,0,0,0,0,0,0,0,128,26332,0,0,0,0,14,16,0,1,1,4,0,5,0,Flareon
4-29,11:26:22,NINTEN,Sandslash,Super Nerd,4,Route 8,3,22:54.31,22:54,0h22m54s,0,0,0,30,1:29,11.773,SLASH,SAND-ATTACK,BODY SLAM,DIG,4,3845,254,47,41,255,243,131,17,21874,Flareon, ,Ground,Ground,28042,Sandslash5,Sandslash,,00:22:42.55,00:22:54.31,01:29:49.49,30,0,0,22,54,31,SLASH,SAND-ATTACK,BODY SLAM,DIG,4,15,14,2,0,0,0,0,71,99,80,86,52,52,59,5988,6528,6417,5158,5158,6660,15,15,15,15,0,0,0,0,0,0,0,90,96,52,52,59,325356,120522,189888,12951,1995,4,0,0,3845,3318,527,0,254,88,47,41,14,0,8415,4776,198,198,239,45,66,0,0,0,0,0,86,0,5,0,0,1,0,0,0,0,0,0,0,0,0,0,0,0,1,0,0,0,0,0,0,0,0,0,0,0,0,131,27917,0,0,0,0,14,16,0,1,1,4,0,5,0,Flareon
4-29,11:26:37,NINTEN,Sandslash,Gambler,5,Route 8,3,23:09.95,23:09,0h23m9s,0,0,0,30,1:30,8.979,SLASH,SAND-ATTACK,BODY SLAM,DIG,4,3883,262,48,41,258,246,131,17,22424,Flareon, ,Ground,Ground,29384,Sandslash5,Sandslash,,00:23:00.96,00:23:09.95,01:30:51.29,30,0,0,23,9,95,SLASH,SAND-ATTACK,BODY SLAM,DIG,1,15,14,2,0,0,0,0,71,99,80,86,52,52,59,6133,6693,6562,5288,5288,6930,15,15,15,15,0,0,0,0,0,0,0,90,96,52,52,59,329056,121604,192506,12951,1995,4,0,0,3883,3318,565,0,262,89,48,41,14,0,8692,4946,198,198,242,45,66,0,0,0,0,0,89,0,5,0,0,1,0,0,0,0,0,0,0,0,0,0,0,0,1,0,0,0,0,0,0,0,0,0,0,0,0,134,29259,0,0,0,0,14,16,0,1,1,4,0,5,0,Flareon
4-29,11:27:23,NINTEN,Sandslash,Rocket,7,Celadon City - Game Corner,2,23:55.60,23:55,0h23m55s,0,0,0,31,1:33,7.472,SLASH,SAND-ATTACK,BODY SLAM,DIG,4,4090,272,49,41,260,248,131,16,23964,Flareon, ,Ground,Ground,30111,Sandslash5,Sandslash,,00:23:48.13,00:23:55.60,01:33:51.47,31,0,0,23,55,60,SLASH,SAND-ATTACK,BODY SLAM,DIG,18,15,15,10,0,0,0,0,102,102,82,88,53,53,61,6228,6819,6657,5378,5378,7082,15,15,15,15,0,0,0,0,0,0,0,92,99,53,53,61,339874,129891,194767,13221,1995,4,0,0,4090,3518,572,0,272,90,49,41,14,0,8909,5050,198,198,244,45,66,0,0,0,0,0,91,0,5,0,0,1,0,0,0,0,0,0,0,0,0,0,0,0,1,0,0,0,0,0,0,0,0,0,0,0,0,136,29986,0,0,0,0,17,16,0,1,1,4,0,5,0,Flareon
4-29,11:28:01,NINTEN,Sandslash,Rocket,15,Rocket Hideout 3,2,24:33.18,24:33,0h24m33s,0,0,0,31,1:36,6.649,SLASH,SAND-ATTACK,BODY SLAM,DIG,4,4288,284,50,41,262,250,131,17,24564,Flareon, ,Ground,Ground,30903,Sandslash5,Sandslash,,00:24:26.53,00:24:33.18,01:36:20.36,31,0,0,24,33,18,SLASH,SAND-ATTACK,BODY SLAM,DIG,16,15,15,10,0,0,0,0,102,102,82,88,53,53,61,6368,6979,6757,5448,5448,7152,15,15,15,15,0,0,0,0,0,0,0,92,99,53,53,61,348803,136771,196816,13221,1995,4,0,0,4288,3716,572,0,284,91,50,41,14,0,9105,5176,198,198,246,45,66,0,0,0,0,0,93,0,5,0,0,1,0,0,0,0,0,0,0,0,0,0,0,0,1,0,0,0,0,0,0,0,0,0,0,0,0,138,30778,0,0,0,0,20,16,0,1,1,4,0,5,0,Flareon
4-29,11:30:14,NINTEN,Sandslash,Rival4-Pkmn Tower,3,Pokemon Tower - 2F,5,26:46.74,26:46,0h26m46s,0,0,0,32,1:45,20.382,SLASH,ROCK SLIDE,BODY SLAM,DIG,4,4731,325,51,41,271,256,135,16,1594,Flareon, ,Ground,Ground,33553,Sandslash5,Sandslash,Rival (Pokemon Tower),00:26:26.35,00:26:46.74,01:45:08.08,32,0,0,26,46,74,SLASH,ROCK SLIDE,BODY SLAM,DIG,14,9,15,7,0,0,0,0,105,106,86,91,55,55,66,6593,9859,7127,5744,5744,17672,15,15,15,15,0,0,0,0,0,0,0,96,102,55,55,66,380455,157918,202050,18492,1995,4,0,0,4731,4159,572,0,325,92,51,41,14,0,9660,5462,198,198,252,47,66,0,0,0,0,0,95,0,5,0,0,1,0,0,0,0,0,0,0,0,0,0,0,0,1,0,0,0,0,0,0,0,0,0,0,0,0,143,33428,0,0,0,0,25,35,12,1,1,6,0,5,0,Flareon
4-29,11:30:38,NINTEN,Sandslash,Agatha Jr,10,Pokemon Tower - 4F,2,27:10.60,27:10,0h27m10s,0,0,0,32,1:46,8.384,SLASH,ROCK SLIDE,BODY SLAM,DIG,4,4779,326,52,41,275,258,137,16,3219,Flareon, ,Ground,Ground,34489,Sandslash5,Sandslash,,00:27:02.22,00:27:10.60,01:46:42.30,32,0,0,27,10,60,SLASH,ROCK SLIDE,BODY SLAM,DIG,14,9,15,5,0,0,0,0,105,106,86,91,55,55,66,6653,9929,7187,5944,5944,17832,15,15,15,15,0,0,0,0,0,0,0,96,102,55,55,66,386117,159971,204486,19665,1995,4,0,0,4779,4207,572,0,326,93,52,41,14,0,10384,5562,198,198,254,49,66,0,0,0,0,0,95,0,5,0,0,1,0,0,0,0,0,0,0,0,0,0,0,0,1,0,0,0,0,0,0,0,0,0,0,0,0,145,34364,0,0,0,0,25,35,12,1,1,6,0,5,0,Flareon
4-29,11:30:57,NINTEN,Sandslash,Channeler,21,Pokemon Tower - 6F,1,27:29.64,27:29,0h27m29s,0,0,0,32,1:47,5.795,SLASH,ROCK SLIDE,BODY SLAM,DIG,4,4855,342,53,41,277,259,138,16,3909,Flareon, ,Ground,Ground,34976,Sandslash5,Sandslash,,00:27:23.84,00:27:29.64,01:47:57.47,32,0,0,27,29,64,SLASH,ROCK SLIDE,BODY SLAM,DIG,20,10,15,9,0,0,0,0,106,106,86,91,55,55,66,6683,9964,7217,6044,6044,17912,15,15,15,15,0,0,0,0,0,0,0,96,102,55,55,66,390634,162717,206257,19665,1995,4,0,0,4855,4283,572,0,342,94,53,41,14,0,10722,5614,198,198,255,50,66,0,0,0,0,0,95,0,5,0,0,1,0,0,0,0,0,0,0,0,0,0,0,0,1,0,0,0,0,0,0,0,0,0,0,0,0,146,34851,0,0,0,0,27,35,12,1,1,6,0,5,0,Flareon
4-29,11:31:05,NINTEN,Sandslash,Channeler,20,Pokemon Tower - 6F,1,27:37.97,27:37,0h27m37s,0,0,0,32,1:48,5.131,SLASH,ROCK SLIDE,BODY SLAM,DIG,4,4866,343,54,41,279,260,139,16,4629,Flareon, ,Ground,Ground,35463,Sandslash5,Sandslash,,00:27:32.85,00:27:37.97,01:48:30.41,32,0,0,27,37,97,SLASH,ROCK SLIDE,BODY SLAM,DIG,20,10,15,8,0,0,0,0,106,106,86,91,55,55,66,6713,9999,7247,6144,6144,17992,15,15,15,15,0,0,0,0,0,0,0,96,102,55,55,66,392608,163083,207865,19665,1995,4,0,0,4866,4294,572,0,343,95,54,41,14,0,11070,5666,198,198,256,51,66,0,0,0,0,0,95,0,5,0,0,1,0,0,0,0,0,0,0,0,0,0,0,0,1,0,0,0,0,0,0,0,0,0,0,0,0,147,35338,0,0,0,0,27,35,12,1,1,6,0,5,0,Flareon
4-29,11:31:29,NINTEN,Sandslash,Rocket,44,Pokemon Tower - 7F,3,28:01.70,28:01,0h28m1s,0,0,0,33,1:50,11.6,SLASH,ROCK SLIDE,BODY SLAM,DIG,4,4889,351,55,42,284,263,141,16,5349,Flareon, ,Ground,Ground,37712,Sandslash5,Sandslash,,00:27:50.10,00:28:01.70,01:50:04.18,33,0,0,28,1,70,SLASH,ROCK SLIDE,BODY SLAM,DIG,19,10,15,6,0,0,0,0,109,109,89,94,57,57,68,6878,10219,7471,6334,6334,18222,15,15,15,15,0,0,0,0,0,0,0,100,105,57,57,68,398225,164688,211877,19665,1995,4,0,0,4889,4317,572,0,351,97,55,42,14,0,11536,5877,198,198,259,52,66,0,0,0,0,0,97,0,5,0,0,1,0,0,0,0,0,0,0,0,0,0,0,0,1,0,0,0,0,0,0,0,0,0,0,0,0,150,37587,0,0,0,0,28,35,12,1,1,6,0,5,0,Flareon
4-29,11:32:12,NINTEN,Sandslash,Biker,7,Route 16,4,28:44.84,28:44,0h28m44s,0,0,0,34,1:52,12.281,SLASH,ROCK SLIDE,BODY SLAM,DIG,4,5000,352,56,43,288,267,141,17,6159,Flareon, ,Ground,Ground,39716,Sandslash5,Sandslash,,00:28:32.56,00:28:44.84,01:52:54.20,34,0,0,28,44,84,SLASH,ROCK SLIDE,BODY SLAM,DIG,15,10,15,6,0,0,0,0,112,112,91,97,59,59,70,7198,10539,7671,6494,6494,18322,15,15,15,15,0,0,0,0,0,0,0,102,109,59,59,70,408427,169041,216036,21355,1995,4,0,0,5000,4411,589,0,352,99,56,43,15,0,11894,6201,198,198,263,52,66,0,0,0,0,0,101,0,5,0,0,1,0,0,0,0,0,0,0,0,0,0,0,0,1,0,0,0,0,0,0,0,0,0,0,0,0,154,39591,0,0,0,0,28,35,12,1,1,6,0,5,0,Flareon
4-29,11:32:28,NINTEN,Sandslash,Biker,8,Route 17,3,29:00.27,29:00,0h29m0s,0,0,0,34,1:53,11.559,SLASH,ROCK SLIDE,BODY SLAM,DIG,4,5021,352,57,43,294,270,144,17,6679,Flareon, ,Ground,Ground,42476,Sandslash5,Sandslash,,00:28:48.71,00:29:00.27,01:53:55.12,34,0,0,29,0,27,SLASH,ROCK SLIDE,BODY SLAM,DIG,15,10,15,3,0,0,0,0,112,112,91,97,59,59,70,7368,10784,8006,6724,6724,18477,15,15,15,15,0,0,0,0,0,0,0,102,109,59,59,70,412079,169460,219269,21355,1995,4,0,0,5021,4411,610,0,352,100,57,43,15,0,12276,6421,198,198,266,55,66,0,0,0,0,0,101,0,5,0,0,1,0,0,0,0,0,0,0,0,0,0,0,0,1,0,0,0,0,0,0,0,0,0,0,0,0,157,42351,0,0,0,0,28,35,12,1,1,6,0,5,0,Flareon
4-29,11:32:50,NINTEN,Sandslash,Cue Ball,8,Route 17,2,29:22.51,29:22,0h29m22s,0,0,0,35,1:55,11.283,SLASH,ROCK SLIDE,BODY SLAM,DIG,4,5125,368,58,43,298,274,146,17,7239,Flareon, ,Ground,Ground,44307,Sandslash5,Sandslash,,00:29:11.22,00:29:22.51,01:55:23.17,35,0,0,29,22,51,SLASH,ROCK SLIDE,BODY SLAM,DIG,11,10,15,3,0,0,0,0,81,115,94,100,61,61,72,7513,10989,8136,6834,6834,18617,15,15,15,15,0,0,0,0,0,0,0,105,112,61,61,72,417364,171585,222429,21355,1995,4,0,0,5125,4411,714,0,368,101,58,43,15,0,12582,6592,232,232,270,55,68,0,0,0,0,0,105,0,7,0,0,1,0,0,0,0,0,0,0,0,0,0,0,0,1,0,0,0,0,0,0,0,0,0,0,0,0,159,44182,0,0,0,0,30,35,12,1,1,6,0,5,0,Flareon
4-29,11:33:26,NINTEN,Sandslash,Biker,12,Route 17,5,29:59.11,29:59,0h29m59s,0,0,0,36,1:57,24.349,SLASH,ROCK SLIDE,BODY SLAM,DIG,4,5157,383,59,43,308,279,151,17,7964,Flareon, ,Ground,Ground,47987,Sandslash5,Sandslash,,00:29:34.76,00:29:59.11,01:57:47.57,36,0,0,29,59,11,SLASH,ROCK SLIDE,BODY SLAM,DIG,11,10,15,5,0,0,0,0,84,118,97,103,62,62,74,7763,11364,8661,7184,7184,18842,15,15,15,15,0,0,0,0,0,0,0,109,115,62,62,74,426044,172339,228701,23009,1995,4,0,0,5157,4411,746,0,383,102,59,43,15,0,13444,6911,232,232,275,60,68,0,0,0,0,0,106,0,7,0,0,1,0,0,0,0,0,0,0,0,0,0,0,0,1,0,0,0,0,0,0,0,0,0,0,0,0,164,47862,0,0,0,0,30,35,12,1,1,6,0,5,0,Flareon
4-29,11:35:15,NINTEN,Sandslash,Rocket,39,Silph Co - 10F,1,31:47.76,31:47,0h31m47s,0,0,0,36,2:04,6.098,SLASH,ROCK SLIDE,BODY SLAM,DIG,4,5896,431,60,43,310,281,152,18,7964,Flareon, ,Ground,Ground,49019,Sandslash5,Sandslash,,00:31:41.66,00:31:47.76,02:04:56.53,36,0,0,31,47,76,SLASH,ROCK SLIDE,BODY SLAM,DIG,18,10,15,10,0,0,0,0,104,118,98,103,62,62,75,7843,14024,8731,7234,7234,21447,15,15,15,15,0,0,0,0,0,0,0,110,115,62,62,75,451780,191466,230640,27679,1995,4,0,0,5896,4773,1123,0,431,103,60,43,15,0,13580,7012,246,246,277,60,69,0,0,0,0,0,108,0,7,0,0,1,0,0,0,0,0,0,0,0,0,0,0,0,1,0,0,0,0,0,0,0,0,0,0,0,0,165,48894,0,0,0,0,34,35,12,1,1,7,0,5,0,Flareon
4-29,11:35:41,NINTEN,Sandslash,Rocket,35,Silph Co - 8F,4,32:13.90,32:13,0h32m13s,0,0,0,37,2:06,12.616,SLASH,ROCK SLIDE,BODY SLAM,DIG,4,5960,446,61,43,314,285,152,19,8954,Flareon, ,Ground,Ground,51232,Sandslash5,Sandslash,,00:32:01.28,00:32:13.90,02:06:39.53,37,0,0,32,13,90,SLASH,ROCK SLIDE,BODY SLAM,DIG,14,10,15,10,0,0,0,0,107,121,101,106,64,64,78,8043,14286,8931,7424,7424,24321,15,15,15,15,0,0,0,0,0,0,0,113,119,64,64,78,457960,193581,234024,28360,1995,4,0,0,5960,4837,1123,0,446,104,61,43,15,0,14058,7274,246,246,281,60,69,0,0,0,0,0,112,0,7,0,0,1,0,0,0,0,0,0,0,0,0,0,0,0,1,0,0,0,0,0,0,0,0,0,0,0,0,169,51107,0,0,0,0,37,35,12,1,1,7,0,5,0,Flareon
4-29,11:36:01,NINTEN,Sandslash,Rocket,32,Silph Co - 7F,4,32:33.90,32:33,0h32m33s,0,0,0,37,2:07,15.506,SLASH,ROCK SLIDE,BODY SLAM,DIG,4,5981,449,62,43,320,289,154,19,9734,Flareon, ,Ground,Ground,54282,Sandslash5,Sandslash,,00:32:18.38,00:32:33.90,02:07:58.44,37,0,0,32,33,90,SLASH,ROCK SLIDE,BODY SLAM,DIG,13,9,15,8,0,0,0,0,107,121,101,106,64,64,78,8273,14597,9225,7674,7674,24623,15,15,15,15,0,0,0,0,0,0,0,113,119,64,64,78,462691,194235,238101,28360,1995,4,0,0,5981,4858,1123,0,449,105,62,43,15,0,14671,7552,246,246,285,62,69,0,0,0,0,0,113,0,7,0,0,1,0,0,0,0,0,0,0,0,0,0,0,0,1,0,0,0,0,0,0,0,0,0,0,0,0,173,54157,0,0,0,0,37,35,12,1,1,7,0,5,0,Flareon
4-29,11:36:24,NINTEN,Sandslash,Scientist,7,Silph Co - 6F,5,32:56.50,32:56,0h32m56s,0,0,0,38,2:09,16.732,SLASH,ROCK SLIDE,BODY SLAM,DIG,4,6010,452,63,43,326,294,155,19,10514,Flareon, ,Ground,Ground,57389,Sandslash5,Sandslash,,00:32:39.76,00:32:56.50,02:09:27.48,38,0,0,32,56,50,SLASH,ROCK SLIDE,BODY SLAM,DIG,9,9,15,7,0,0,0,0,111,125,103,109,66,66,80,8468,14852,9630,8064,8064,24908,15,15,15,15,0,0,0,0,0,0,0,115,122,66,66,80,468035,195220,242460,28360,1995,4,0,0,6010,4887,1123,0,452,106,63,43,15,0,15339,7844,246,246,290,63,69,0,0,0,0,0,117,0,7,0,0,1,0,0,0,0,0,0,0,0,0,0,0,0,1,0,0,0,0,0,0,0,0,0,0,0,0,178,57264,0,0,0,0,37,35,12,1,1,7,0,5,0,Flareon
4-29,11:36:45,NINTEN,Sandslash,Scientist,6,Silph Co - 5F,4,33:17.93,33:17,0h33m17s,0,0,0,39,2:10,15.294,SLASH,ROCK SLIDE,BODY SLAM,DIG,4,6044,454,64,43,332,298,157,19,11764,Flareon, ,Ground,Ground,60378,Sandslash5,Sandslash,,00:33:02.65,00:33:17.93,02:10:52.25,39,0,0,33,17,93,SLASH,ROCK SLIDE,BODY SLAM,DIG,7,9,15,5,0,0,0,0,114,128,106,112,68,68,82,8648,15102,10010,8424,8424,25118,15,15,15,15,0,0,0,0,0,0,0,119,126,68,68,82,473112,196276,246481,28360,1995,4,0,0,6044,4921,1123,0,454,107,64,43,15,0,15978,8096,246,246,294,64,69,0,0,0,0,0,120,0,7,0,0,1,0,0,0,0,0,0,0,0,0,0,0,0,1,0,0,0,0,0,0,0,0,0,0,0,0,182,60253,0,0,0,0,38,35,12,1,1,7,0,5,0,Flareon
4-29,11:36:53,NINTEN,Sandslash,Rocket,28,Silph Co - 5F,1,33:26.12,33:26,0h33m26s,0,0,0,39,2:11,5.177,SLASH,ROCK SLIDE,BODY SLAM,DIG,4,6055,455,65,43,334,299,158,19,13064,Flareon, ,Ground,Ground,61417,Sandslash5,Sandslash,,00:33:20.93,00:33:26.12,02:11:24.35,39,0,0,33,26,12,SLASH,ROCK SLIDE,BODY SLAM,DIG,7,9,15,4,0,0,0,0,114,128,106,112,68,68,82,8708,15187,10079,8489,8489,25198,15,15,15,15,0,0,0,0,0,0,0,119,126,68,68,82,475042,196577,248110,28360,1995,4,0,0,6055,4932,1123,0,455,108,65,43,15,0,16180,8183,246,246,295,65,69,0,0,0,0,0,120,0,7,0,0,1,0,0,0,0,0,0,0,0,0,0,0,0,1,0,0,0,0,0,0,0,0,0,0,0,0,183,61292,0,0,0,0,38,35,12,1,1,7,0,5,0,Flareon
4-29,11:37:31,NINTEN,Sandslash,Scientist,10,Silph Co - 9F,3,34:03.27,34:03,0h34m3s,0,0,0,39,2:13,10.38,SLASH,ROCK SLIDE,BODY SLAM,DIG,4,6121,463,66,43,338,302,159,18,14054,Flareon, ,Ground,Ground,63685,Sandslash5,Sandslash,,00:33:52.88,00:34:03.27,02:13:50.50,39,0,0,34,3,27,SLASH,ROCK SLIDE,BODY SLAM,DIG,5,9,15,3,0,0,0,0,114,128,107,112,68,68,82,8838,17902,10319,8724,8724,25403,15,15,15,15,0,0,0,0,0,0,0,120,126,68,68,82,483817,199392,251046,31384,1995,4,0,0,6121,4998,1123,0,463,109,66,43,15,0,16593,8381,246,246,298,66,69,0,0,0,0,0,122,0,7,0,0,1,0,0,0,0,0,0,0,0,0,0,0,0,1,0,0,0,0,0,0,0,0,0,0,0,0,186,63560,0,0,0,0,40,35,12,1,1,7,0,5,0,Flareon
4-29,11:37:52,NINTEN,Sandslash,Hypno Rocket,38,Silph Co - 9F,3,34:24.33,34:24,0h34m24s,0,0,0,40,2:15,15.113,SLASH,ROCK SLIDE,BODY SLAM,DIG,4,6158,465,67,43,344,306,162,18,15454,Flareon, ,Ground,Ground,66313,Sandslash5,Sandslash,,00:34:09.22,00:34:24.33,02:15:14.02,40,0,0,34,24,33,SLASH,ROCK SLIDE,BODY SLAM,DIG,4,7,15,2,0,0,0,0,90,131,110,115,70,70,85,9058,18103,10504,9004,9004,25602,15,15,15,15,0,0,0,0,0,0,0,123,129,70,70,85,488809,200300,255130,31384,1995,4,0,0,6158,5035,1123,0,465,110,67,43,15,0,16977,8631,273,273,301,68,71,0,0,0,0,0,123,0,8,0,0,2,0,0,0,0,0,0,0,0,0,0,0,0,2,1,0,0,0,0,0,0,0,0,0,0,0,189,66188,0,0,0,0,40,35,12,1,1,7,0,5,0,Flareon
4-29,11:38:10,NINTEN,Sandslash,Rocket,37,Silph Co - 9F,3,34:42.88,34:42,0h34m42s,0,0,0,40,2:16,9.456,SLASH,ROCK SLIDE,BODY SLAM,DIG,4,6189,471,68,43,347,309,162,18,16294,Flareon, ,Ground,Ground,67993,Sandslash5,Sandslash,,00:34:33.42,00:34:42.88,02:16:27.03,40,0,0,34,42,88,SLASH,ROCK SLIDE,BODY SLAM,DIG,17,10,15,10,0,0,0,0,131,131,110,115,70,70,85,9268,18311,10649,9169,9169,25704,15,15,15,15,0,0,0,0,0,0,0,123,129,70,70,85,493190,201945,257866,31384,1995,4,0,0,6189,5066,1123,0,471,111,68,43,15,0,17372,8875,273,273,304,68,71,0,0,0,0,0,126,0,8,0,0,2,0,0,0,0,0,0,0,0,0,0,0,0,2,1,0,0,0,0,0,0,0,0,0,0,0,192,67868,0,0,0,0,41,35,12,1,1,7,0,5,0,Flareon
4-29,11:38:25,NINTEN,Sandslash,Scientist,4,Silph Co - 3F,2,34:57.13,34:57,0h34m57s,0,0,0,41,2:17,10.316,SLASH,ROCK SLIDE,BODY SLAM,DIG,4,6205,472,69,43,351,311,165,18,17134,Flareon, ,Ground,Ground,69998,Sandslash5,Sandslash,,00:34:46.82,00:34:57.13,02:17:23.08,41,0,0,34,57,13,SLASH,ROCK SLIDE,BODY SLAM,DIG,17,10,15,8,0,0,0,0,114,134,113,118,72,72,87,9393,18451,10839,9334,9334,25904,15,15,15,15,0,0,0,0,0,0,0,127,132,72,72,87,496555,202474,260702,31384,1995,4,0,0,6205,5082,1123,0,472,112,69,43,15,0,17956,9034,293,293,306,70,72,0,0,0,0,0,127,0,8,0,0,2,0,0,0,0,0,0,0,0,0,0,0,0,2,1,0,0,0,0,0,0,0,0,0,0,0,194,69873,0,0,0,0,41,35,12,1,1,7,0,5,0,Flareon
4-29,11:38:43,NINTEN,Sandslash,Rocket,25,Silph Co - 3F,3,35:15.97,35:15,0h35m15s,0,0,0,41,2:18,11.954,SLASH,ROCK SLIDE,BODY SLAM,DIG,4,6226,478,70,43,355,314,168,19,18584,Flareon, ,Ground,Ground,72380,Sandslash5,Sandslash,,00:35:04.02,00:35:15.97,02:18:37.24,41,0,0,35,15,97,SLASH,ROCK SLIDE,BODY SLAM,DIG,15,10,15,7,0,0,0,0,98,134,113,118,72,72,87,9588,18686,11029,9549,9549,26165,15,15,15,15,0,0,0,0,0,0,0,127,132,72,72,87,501011,203688,263944,31384,1995,4,0,0,6226,5103,1123,0,478,113,70,43,15,0,18326,9270,309,309,309,71,74,0,0,0,0,0,129,0,8,0,0,2,0,0,0,0,0,0,0,0,0,0,0,0,2,1,0,0,0,0,0,0,0,0,0,0,0,197,72255,0,0,0,0,42,35,12,1,1,7,0,5,0,Flareon
4-29,11:39:46,NINTEN,Sandslash,Rival5-Silph,6,Silph Co - 7F,5,36:18.19,36:18,0h36m18s,0,0,0,42,2:22,23.073,SWORDS DANCE,ROCK SLIDE,BODY SLAM,DIG,5,6349,481,71,43,366,321,174,18,19424,Flareon, ,Ground,Ground,79287,Sandslash5,Sandslash,Rival (Silph Co.),00:35:55.12,00:36:18.19,02:22:42.44,42,0,0,36,18,19,SWORDS DANCE,ROCK SLIDE,BODY SLAM,DIG,29,10,13,3,0,0,0,0,107,137,115,120,73,73,89,9868,19106,11504,10039,10039,26540,15,15,15,15,2,0,0,0,0,0,0,258,135,73,73,89,515731,208356,269807,35573,1995,5,0,0,6349,5226,1123,0,481,114,71,43,15,0,19603,9741,339,339,315,75,75,0,0,0,0,0,131,0,9,0,0,2,0,0,0,0,0,0,0,0,0,0,0,0,2,1,0,0,0,0,0,0,0,0,0,0,0,202,79162,0,0,0,0,43,35,12,1,1,8,0,5,0,Flareon
4-29,11:40:16,NINTEN,Sandslash,Rocket,45,Silph Co - 11F,3,36:48.32,36:48,0h36m48s,0,0,0,43,2:24,12.085,SWORDS DANCE,ROCK SLIDE,BODY SLAM,DIG,5,6357,481,72,43,372,324,177,17,22024,Flareon, ,Ground,Ground,81869,Sandslash5,Sandslash,,00:36:36.22,00:36:48.32,02:24:41.34,43,0,0,36,48,32,SWORDS DANCE,ROCK SLIDE,BODY SLAM,DIG,29,10,13,7,0,0,0,0,141,141,118,124,75,75,91,10033,19326,11728,10229,10229,26770,15,15,15,15,0,0,0,0,0,0,0,132,139,75,75,91,522861,209764,273191,37911,1995,5,0,0,6357,5234,1123,0,481,115,72,43,15,0,20220,9980,339,339,318,78,75,0,0,0,0,0,131,0,9,0,0,2,0,0,0,0,0,0,0,0,0,0,0,0,2,1,0,0,0,0,0,0,0,0,0,0,0,205,81744,0,0,0,0,43,35,12,1,1,8,0,5,0,Flareon
4-29,11:40:40,NINTEN,Sandslash,Giovanni-Silph,2,Silph Co - 11F,4,37:12.84,37:12,0h37m12s,0,0,0,44,2:26,17.627,SWORDS DANCE,ROCK SLIDE,BODY SLAM,DIG,5,6372,482,73,43,381,329,180,17,22954,Flareon, ,Ground,Ground,86686,Sandslash5,Sandslash,Giovanni (Silph),00:36:55.22,00:37:12.84,02:26:18.34,44,0,0,37,12,84,SWORDS DANCE,ROCK SLIDE,BODY SLAM,DIG,28,10,13,3,0,0,0,0,144,144,121,126,77,77,93,10329,19635,12027,10454,10454,27051,15,15,15,15,2,0,0,0,0,0,0,272,141,77,77,93,528681,210921,277854,37911,1995,5,0,0,6372,5249,1123,0,482,116,73,43,15,0,21649,10417,339,339,322,80,75,0,0,0,0,0,133,0,9,0,0,2,0,0,0,0,0,0,0,0,0,0,0,0,2,1,0,0,0,0,0,0,0,0,0,0,0,209,86561,0,0,0,0,43,35,12,1,1,8,0,5,0,Flareon
4-29,11:41:12,NINTEN,Sandslash,Juggler,3,Fuchsia City - Gym,4,37:44.87,37:44,0h37m44s,0,0,0,44,2:28,11.786,SWORDS DANCE,ROCK SLIDE,BODY SLAM,DIG,5,6412,483,74,43,385,333,180,17,27013,Flareon, ,Ground,Ground,89677,Sandslash5,Sandslash,,00:37:33.09,00:37:44.87,02:28:24.26,44,0,0,37,44,87,SWORDS DANCE,ROCK SLIDE,BODY SLAM,DIG,30,10,11,10,0,0,0,0,144,144,121,126,77,77,93,10549,19814,12192,10844,10844,27282,15,15,15,15,0,0,0,0,0,0,0,136,141,77,77,93,536233,213989,281146,39103,1995,5,0,0,6412,5289,1123,0,483,117,74,43,15,0,22112,10736,339,339,326,80,75,0,0,0,0,0,133,0,9,0,0,2,0,0,0,0,0,0,0,0,0,0,0,0,2,1,0,0,0,0,0,0,0,0,0,0,0,213,89552,0,0,0,0,43,35,12,1,1,8,0,5,0,Flareon
4-29,11:41:29,NINTEN,Sandslash,Tamer,2,Fuchsia City - Gym,3,38:01.87,38:01,0h38m1s,0,0,0,45,2:29,13.483,SWORDS DANCE,ROCK SLIDE,BODY SLAM,DIG,5,6419,492,75,43,391,337,182,17,28098,Flareon, ,Ground,Ground,92907,Sandslash5,Sandslash,,00:37:48.39,00:38:01.87,02:29:31.36,45,0,0,38,1,87,SWORDS DANCE,ROCK SLIDE,BODY SLAM,DIG,30,10,9,8,0,0,0,0,147,147,124,130,79,79,95,10744,20084,12440,11029,11029,27507,15,15,15,15,0,0,0,0,0,0,0,139,146,79,79,95,540263,214335,284830,39103,1995,5,0,0,6419,5296,1123,0,492,118,75,43,15,0,22788,11007,339,339,330,82,75,0,0,0,0,0,134,0,9,0,0,2,1,0,0,0,0,0,0,0,0,0,0,0,2,1,0,0,0,0,1,1,0,0,0,0,0,216,92782,0,0,0,0,43,35,12,1,1,8,0,5,0,Flareon
4-29,11:41:45,NINTEN,Sandslash,Tamer,1,Fuchsia City - Gym,2,38:17.52,38:17,0h38m17s,0,0,0,45,2:30,11.628,SWORDS DANCE,ROCK SLIDE,BODY SLAM,DIG,5,6435,499,76,43,396,341,185,17,29418,Flareon, ,Ground,Ground,95164,Sandslash5,Sandslash,,00:38:05.91,00:38:17.52,02:30:33.28,45,0,0,38,17,52,SWORDS DANCE,ROCK SLIDE,BODY SLAM,DIG,30,10,6,7,0,0,0,0,102,147,124,130,79,79,95,10879,20269,12619,11149,11149,27652,15,15,15,15,0,0,0,0,0,0,0,139,146,79,79,95,543975,214817,288060,39103,1995,5,0,0,6435,5312,1123,0,499,119,76,43,15,0,23235,11197,384,384,334,83,77,0,0,0,0,0,135,0,11,0,0,2,2,0,0,0,0,0,0,0,0,0,0,0,2,1,0,0,0,0,2,1,0,0,0,0,0,218,95039,0,0,0,0,43,35,12,1,1,8,0,5,0,Flareon
4-29,11:41:57,NINTEN,Sandslash,Juggler,4,Fuchsia City - Gym,2,38:29.76,38:29,0h38m29s,0,0,0,45,2:31,8.949,SWORDS DANCE,ROCK SLIDE,BODY SLAM,DIG,5,6438,499,77,43,400,343,187,17,30778,Flareon, ,Ground,Ground,97107,Sandslash5,Sandslash,,00:38:20.81,00:38:29.76,02:31:21.44,45,0,0,38,29,76,SWORDS DANCE,ROCK SLIDE,BODY SLAM,DIG,30,10,6,5,0,0,0,0,102,147,124,130,79,79,95,11024,20390,12734,11354,11354,27761,15,15,15,15,0,0,0,0,0,0,0,139,146,79,79,95,546871,215095,290678,39103,1995,5,0,0,6438,5315,1123,0,499,120,77,43,15,0,23681,11394,384,384,336,84,77,0,0,0,0,0,136,0,11,0,0,2,2,0,0,0,0,0,0,0,0,0,0,0,2,1,0,0,0,0,2,1,0,0,0,0,0,220,96982,0,0,0,0,43,35,12,1,1,8,0,5,0,Flareon
4-29,11:42:34,NINTEN,Sandslash,Koga,1,Fuchsia City - Gym,4,39:06.53,39:06,0h39m6s,0,0,0,46,2:33,24.139,SWORDS DANCE,ROCK SLIDE,BODY SLAM,DIG,6,6445,500,78,43,412,348,195,16,31968,Flareon, ,Ground,Ground,100799,Sandslash5,Sandslash,Koga,00:38:42.39,00:39:06.53,02:33:47.16,46,0,0,39,6,53,SWORDS DANCE,ROCK SLIDE,BODY SLAM,DIG,29,10,6,1,0,0,0,0,82,150,126,132,81,81,97,11274,20620,12944,11564,11564,27986,15,15,15,15,2,0,0,0,0,0,0,283,148,81,81,97,555603,215852,296876,40880,1995,6,0,0,6445,5322,1123,0,500,121,78,43,15,0,24770,11886,452,452,340,85,82,0,0,0,0,0,136,0,12,0,0,2,2,0,0,0,0,0,0,0,0,0,0,0,2,1,0,0,0,0,2,1,2,0,0,0,0,224,100674,0,0,0,0,43,35,12,1,1,8,0,5,0,Flareon
4-29,11:43:15,NINTEN,Sandslash,Fisher,7,Route 21,4,39:47.39,39:47,0h39m47s,0,0,0,47,2:36,18.073,SWORDS DANCE,ROCK SLIDE,BODY SLAM,DIG,6,6544,512,79,43,417,352,196,17,36918,Flareon, ,Ground,Ground,104525,Sandslash5,Sandslash,,00:39:29.33,00:39:47.39,02:36:28.30,47,0,0,39,47,39,SWORDS DANCE,ROCK SLIDE,BODY SLAM,DIG,30,10,12,9,0,0,0,0,154,154,130,135,83,83,99,11559,20963,13199,11854,11854,28253,15,15,15,15,0,0,0,0,0,0,0,146,151,83,83,111,565277,219426,301738,42118,1995,6,0,0,6544,5392,1123,29,512,122,79,43,15,0,25220,12214,452,452,344,86,82,0,0,0,0,0,136,0,12,0,0,2,2,0,0,0,0,0,0,0,0,0,0,0,2,1,0,0,0,0,2,1,2,0,0,0,0,228,104400,0,0,0,0,43,35,12,1,1,8,0,5,0,Flareon
4-29,11:44:45,NINTEN,Sandslash,Blaine,1,Cinnabar Island - Gym,3,41:17.55,41:17,0h41m17s,0,0,0,48,2:42,15.782,SWORDS DANCE,ROCK SLIDE,BODY SLAM,DIG,7,6950,544,80,43,424,356,200,19,37898,Flareon, ,Ground,Ground,110875,Sandslash5,Sandslash,Blaine,00:41:01.76,00:41:17.55,02:42:24.36,48,0,0,41,17,55,SWORDS DANCE,ROCK SLIDE,BODY SLAM,DIG,29,10,12,6,0,0,0,0,89,157,132,138,85,85,101,11787,21249,13424,12114,12114,28553,15,15,15,15,2,0,0,0,0,0,0,297,155,85,85,113,586643,233014,305933,45701,1995,7,0,0,6950,5724,1123,103,544,123,80,43,15,0,26285,12651,520,520,347,89,83,0,0,0,0,0,136,0,12,0,0,2,2,0,0,0,0,0,0,0,0,0,0,0,2,1,0,0,0,0,2,1,2,0,0,0,0,231,110750,0,0,0,0,47,35,12,1,1,8,0,5,0,Flareon
4-29,11:45:39,NINTEN,Sandslash,Sabrina,1,Saffron City - Gym,3,42:11.42,42:11,0h42m11s,0,0,0,48,2:45,14.202,SWORDS DANCE,ROCK SLIDE,BODY SLAM,DIG,8,7076,552,81,43,429,360,203,19,43244,Flareon, ,Ground,Ground,115200,Sandslash5,Sandslash,Sabrina,00:41:57.21,00:42:11.42,02:45:56.49,48,0,0,42,11,42,SWORDS DANCE,ROCK SLIDE,BODY SLAM,DIG,29,10,13,9,0,0,0,0,114,157,132,138,85,85,101,11907,21354,13514,12474,12474,28868,15,15,15,15,2,0,0,0,0,0,0,297,174,106,106,127,599376,239887,309857,47637,1995,8,0,0,7076,5850,1123,103,552,124,81,43,15,0,27003,12975,563,563,350,91,84,0,0,0,0,0,136,0,12,0,0,2,2,0,0,0,0,0,0,0,0,0,0,0,2,1,0,0,0,0,2,1,2,0,0,0,0,234,115075,0,0,0,0,47,35,12,1,1,8,0,5,0,Flareon
4-29,11:46:27,NINTEN,Sandslash,Cooltrainer F,1,Celadon City - Gym,3,42:59.25,42:59,0h42m59s,0,0,0,48,2:49,9.3,SWORDS DANCE,ROCK SLIDE,BODY SLAM,DIG,8,7249,557,82,43,432,363,203,20,48194,Flareon, ,Ground,Ground,117377,Sandslash5,Sandslash,,00:42:49.95,00:42:59.25,02:49:05.07,48,0,0,42,59,25,SWORDS DANCE,ROCK SLIDE,BODY SLAM,DIG,30,10,12,10,0,0,0,0,157,157,132,138,85,85,101,12092,21571,13697,12724,12724,29023,15,15,15,15,0,0,0,0,0,0,0,148,155,95,95,113,610674,246243,312736,49700,1995,8,0,0,7249,6023,1123,103,557,125,82,43,15,0,27394,13176,563,563,353,91,84,0,0,0,0,0,136,0,12,0,0,2,2,0,0,0,0,0,0,0,0,0,0,0,2,1,0,0,0,0,2,1,2,0,0,0,0,237,117252,0,0,0,0,47,35,12,1,1,8,0,5,0,Flareon
4-29,11:46:46,NINTEN,Sandslash,Erika,1,Celadon City - Gym,3,43:18.77,43:18,0h43m18s,0,0,0,49,2:50,11.481,SWORDS DANCE,ROCK SLIDE,BODY SLAM,DIG,9,7252,557,83,43,436,367,204,20,49034,Flareon, ,Ground,Ground,120382,Sandslash5,Sandslash,Erika,00:43:07.28,00:43:18.77,02:50:22.18,49,0,0,43,18,77,SWORDS DANCE,ROCK SLIDE,BODY SLAM,DIG,29,10,9,10,0,0,0,0,139,160,135,141,87,87,103,12282,21781,13932,12994,12994,29178,15,15,15,15,2,0,0,0,0,0,0,303,158,97,97,115,615305,247129,315950,50231,1995,9,0,0,7252,6026,1123,103,557,126,83,43,15,0,27967,13432,584,584,356,91,85,0,0,0,0,0,136,0,12,0,0,2,2,0,0,0,0,0,0,0,0,0,0,0,2,1,0,0,0,0,2,1,2,0,0,0,0,240,120257,0,0,0,0,47,35,12,1,1,8,0,5,0,Flareon
4-29,11:47:14,NINTEN,Sandslash,Cooltrainer M,10,Viridian City - Gym,1,43:46.90,43:46,0h43m46s,0,0,0,49,2:52,5.359,SWORDS DANCE,ROCK SLIDE,BODY SLAM,DIG,9,7346,567,84,43,438,368,205,20,52202,Flareon, ,Ground,Ground,121625,Sandslash5,Sandslash,,00:43:41.55,00:43:46.90,02:52:13.05,49,0,0,43,46,90,SWORDS DANCE,ROCK SLIDE,BODY SLAM,DIG,30,10,15,9,0,0,0,0,160,160,135,141,87,87,103,12362,21866,14027,13024,13024,29203,15,15,15,15,0,0,0,0,0,0,0,151,158,97,97,115,621952,251260,317817,50880,1995,9,0,0,7346,6120,1123,103,567,127,84,43,15,0,28151,13560,584,584,357,92,85,0,0,0,0,0,136,0,12,0,0,2,2,0,0,0,0,0,0,0,0,0,0,0,2,1,0,0,0,0,2,1,2,0,0,0,0,241,121500,0,0,0,0,47,35,12,1,1,8,0,5,0,Flareon
4-29,11:47:30,NINTEN,Sandslash,Blackbelt,8,Viridian City - Gym,3,44:02.45,44:02,0h44m2s,0,0,0,49,2:53,10.827,SWORDS DANCE,ROCK SLIDE,BODY SLAM,DIG,9,7354,583,85,43,442,372,206,20,53707,Flareon, ,Ground,Ground,124716,Sandslash5,Sandslash,,00:43:51.62,00:44:02.45,02:53:14.26,49,0,0,44,2,45,SWORDS DANCE,ROCK SLIDE,BODY SLAM,DIG,29,10,12,9,0,0,0,0,160,160,135,141,87,87,103,12592,22146,14217,13159,13159,29328,15,15,15,15,2,-1,0,0,0,0,0,340,104,122,122,145,625633,251875,320883,50880,1995,9,0,0,7354,6128,1123,103,583,128,85,43,15,0,28687,13895,584,584,360,92,86,0,0,0,0,0,137,0,12,0,0,2,2,0,0,0,0,0,0,0,0,0,0,0,2,1,0,0,0,0,2,1,2,0,0,0,0,244,124591,0,0,0,0,47,35,12,1,1,8,0,5,0,Flareon
4-29,11:48:13,NINTEN,Sandslash,Giovanni,3,Viridian City - Gym,5,44:45.90,44:45,0h44m45s,0,0,0,51,2:56,27.611,SWORDS DANCE,ROCK SLIDE,BODY SLAM,DIG,10,7426,602,86,43,454,381,212,20,54657,Flareon, ,Ground,Ground,134937,Sandslash5,Sandslash,Giovanni,00:44:18.30,00:44:45.90,02:56:06.20,51,0,0,44,45,90,SWORDS DANCE,ROCK SLIDE,BODY SLAM,DIG,27,10,8,6,0,0,0,0,80,167,141,147,91,91,108,12968,22600,14611,13489,13489,29764,15,15,15,15,4,0,0,0,0,0,0,475,165,102,102,121,635947,254440,327896,51616,1995,10,0,0,7426,6200,1123,103,602,129,86,43,15,0,30770,14655,671,671,366,96,88,0,0,0,0,0,138,0,13,0,0,2,2,0,0,0,0,0,0,0,0,0,0,0,2,1,0,0,0,0,2,1,2,0,0,0,0,249,134812,0,0,0,0,47,35,12,1,1,8,0,5,0,Flareon
4-29,11:49:05,NINTEN,Sandslash,Rival6-Route 22,9,Route 22,6,45:37.40,45:37,0h45m37s,0,0,0,52,2:59,23.737,SWORDS DANCE,ROCK SLIDE,BODY SLAM,DIG,11,7564,614,87,43,464,389,216,20,60102,Flareon, ,Ground,Ground,144901,Sandslash5,Sandslash,Rival (Final),00:45:13.67,00:45:37.40,02:59:30.05,52,0,0,45,37,40,SWORDS DANCE,ROCK SLIDE,BODY SLAM,DIG,28,10,11,8,0,0,0,0,122,170,144,150,92,92,110,13308,23060,15166,14039,14039,30179,15,15,15,15,4,0,0,0,0,0,0,486,168,103,103,123,648172,259258,334242,52677,1995,11,0,0,7564,6338,1123,103,614,130,87,43,15,0,32495,15372,719,719,372,98,88,0,0,0,0,0,138,0,14,0,0,2,2,0,0,0,0,0,0,0,0,0,0,0,2,1,0,0,0,0,2,1,2,0,0,0,0,255,144776,0,0,0,0,47,35,12,1,1,8,0,5,0,Flareon
4-29,11:51:14,NINTEN,Sandslash,Cooltrainer F,5,Victory Road,2,47:46.79,47:46,0h47m46s,0,0,0,52,3:08,9.146,SWORDS DANCE,ROCK SLIDE,BODY SLAM,DIG,11,8185,703,88,44,468,391,219,20,63547,Flareon, ,Ground,Ground,147973,Sandslash5,Sandslash,,00:47:37.65,00:47:46.79,03:08:01.40,52,0,0,47,46,79,SWORDS DANCE,ROCK SLIDE,BODY SLAM,DIG,28,10,11,6,0,0,0,0,122,170,144,150,92,92,110,13446,23206,15301,14204,14204,30394,15,15,15,15,0,0,0,0,0,0,0,162,168,103,103,123,678867,279570,337567,59735,1995,11,0,0,8185,6748,1259,178,703,132,88,44,16,0,33011,15615,719,719,374,101,88,0,0,0,0,0,139,0,14,0,0,2,2,0,0,0,0,0,0,0,0,0,0,0,2,1,0,0,0,0,2,1,2,0,0,0,0,257,147848,0,0,0,0,49,35,12,1,1,9,0,5,0,Flareon
4-29,11:55:30,NINTEN,Sandslash,Lorelei,1,Lorelei's Room,5,52:02.77,52:02,0h52m2s,0,1,1,61,3:24,26.549,SWORDS DANCE,ROCK SLIDE,BODY SLAM,DIG,12,9123,925,90,45,497,405,240,20,14743,Flareon, ,Ground,Ground,237490,Sandslash5,Sandslash,Lorelei,00:51:36.22,00:52:02.77,03:24:53.57,61,0,0,52,2,77,SWORDS DANCE,ROCK SLIDE,BODY SLAM,DIG,29,10,15,3,0,0,0,0,129,198,168,176,108,108,128,13991,23746,15871,14809,14809,30814,15,15,15,15,2,0,0,0,0,0,0,378,222,136,136,162,739604,313320,353762,70527,1995,12,0,0,9123,7025,1883,215,925,135,90,45,17,0,34971,16723,1700,991,386,110,96,0,0,0,0,0,142,0,16,0,0,2,2,0,0,0,0,0,0,1,0,0,0,0,2,1,0,0,0,0,2,1,4,0,0,0,4,264,160521,0,0,0,0,49,44,12,1,1,9,1,5,1,Flareon
4-29,11:56:09,NINTEN,Sandslash,Bruno,1,Bruno's Room,5,52:41.62,52:41,0h52m41s,0,1,1,62,3:27,26.394,SWORDS DANCE,ROCK SLIDE,BODY SLAM,DIG,13,9134,926,91,45,512,413,247,20,20287,Flareon, ,Ground,Ground,245697,Sandslash5,Sandslash,Bruno,00:52:15.23,00:52:41.62,03:27:27.29,62,0,0,52,41,62,SWORDS DANCE,ROCK SLIDE,BODY SLAM,DIG,29,10,15,3,0,0,0,0,180,201,171,179,110,110,131,14251,24191,16403,15004,15004,31172,15,15,15,15,2,0,0,0,0,0,0,384,201,123,123,147,748816,314230,360521,72070,1995,13,0,0,9134,7036,1883,215,926,136,91,45,17,0,36201,17382,1721,1012,391,114,98,0,0,0,0,0,142,0,16,0,0,2,2,0,0,0,0,0,0,1,0,0,0,0,2,1,0,0,0,0,2,1,4,0,0,0,4,269,168728,0,0,0,0,49,44,12,1,1,9,1,5,1,Flareon
4-29,11:56:43,NINTEN,Sandslash,Agatha,1,Agatha's Room,5,53:16.05,53:16,0h53m16s,0,1,1,63,3:29,22.011,SWORDS DANCE,ROCK SLIDE,BODY SLAM,DIG,14,9145,927,92,45,522,419,252,20,26029,Flareon, ,Ground,Ground,255783,Sandslash5,Sandslash,Agatha,00:52:54.04,00:53:16.05,03:29:43.21,63,0,0,53,16,5,SWORDS DANCE,ROCK SLIDE,BODY SLAM,DIG,29,10,14,6,0,0,0,0,161,205,174,182,112,112,133,14551,24536,16707,15519,15519,31657,15,15,15,15,2,0,0,0,0,0,0,391,204,126,126,149,756968,315147,366247,73579,1995,14,0,0,9145,7047,1883,215,927,137,92,45,17,0,39031,18102,1765,1056,396,118,99,0,0,0,0,0,144,0,16,0,0,2,2,0,0,0,0,0,0,1,0,0,0,0,2,1,0,0,0,0,2,1,4,0,0,0,4,274,178814,0,0,0,0,49,44,12,1,1,9,1,5,1,Flareon
4-29,11:58:18,NINTEN,Sandslash,Lance,1,Lance's Room,5,54:51.07,54:51,0h54m51s,2,1,3,64,3:32,24.069,SWORDS DANCE,ROCK SLIDE,BODY SLAM,DIG,15,9195,929,93,45,530,426,255,20,31969,Flareon, ,Ground,Ground,267389,Sandslash5,Sandslash,Lance,00:54:27.00,00:54:51.07,03:32:17.07,64,2,0,54,51,7,SWORDS DANCE,ROCK SLIDE,BODY SLAM,DIG,28,6,15,9,0,0,0,0,19,208,177,185,114,114,135,14939,25068,17076,15919,15919,32088,15,15,15,15,4,0,0,0,0,0,0,597,208,128,128,151,766199,316924,372396,74727,2152,15,1,0,9195,7097,1883,215,929,138,93,45,17,0,40888,18944,1954,1245,401,119,101,0,0,0,0,0,144,0,16,0,0,2,2,0,0,0,0,0,0,1,0,0,0,0,2,1,0,0,0,0,2,1,4,0,0,0,4,279,190420,0,0,0,0,49,44,12,1,1,9,1,5,3,Flareon
4-29,11:59:32,NINTEN,Sandslash,Champion,2,Champions Room,6,56:04.69,56:04,0h56m4s,2,1,3,68,3:37,36.847,SWORDS DANCE,ROCK SLIDE,BODY SLAM,EARTHQUAKE,16,9203,929,94,45,541,436,259,17,38107,Flareon, ,Ground,Ground,315614,Sandslash5,Sandslash,Champion,00:55:27.84,00:56:04.69,03:37:08.15,68,2,0,56,4,69,SWORDS DANCE,ROCK SLIDE,BODY SLAM,EARTHQUAKE,24,6,14,9,0,0,0,2,86,221,188,197,121,121,144,15329,25598,17651,16549,16549,32533,15,15,15,15,6,0,0,0,0,0,0,846,221,136,136,162,783667,318547,381731,81237,2152,16,1,0,9203,7105,1883,215,929,139,94,45,17,0,45454,19911,2089,1380,407,120,104,0,0,0,0,0,144,0,17,0,0,2,2,0,0,0,0,0,0,1,0,0,0,0,2,1,0,0,0,0,2,1,4,0,0,0,4,285,205271,0,0,0,0,49,44,12,1,1,10,1,5,3,Flareon
4-29,11:59:54,NINTEN,Sandslash,Champion,2,Hall of Fame,6,56:04.70,56:04,0h56m4s,2,1,3,68,3:38,59.021,SWORDS DANCE,ROCK SLIDE,BODY SLAM,EARTHQUAKE,16,9212,930,94,45,541,436,259,17,44542,Flareon, ,Ground,Ground,315614,Sandslash5,Sandslash,Champion,00:55:27.84,00:56:04.70,03:38:36.07,68,2,0,56,4,70,SWORDS DANCE,ROCK SLIDE,BODY SLAM,EARTHQUAKE,24,6,14,9,0,0,0,2,86,221,188,197,121,121,144,15329,25598,17651,16549,16549,32533,15,15,15,15,6,0,0,0,0,0,0,846,221,136,136,162,788939,323353,382197,81237,2152,16,1,0,9212,7114,1883,215,930,139,94,45,17,0,45454,19911,2089,1380,407,120,104,0,0,0,0,0,144,0,17,0,0,2,2,0,0,0,0,0,0,1,0,0,0,0,2,1,0,0,0,0,2,1,4,0,0,0,4,285,205271,0,0,0,0,49,44,12,1,1,10,1,5,3,Flareon
5-07,16:30:13,NINTEN,Sandslash,Rival1-Lab,1,Pallet Town - Oak's Lab,1,1.40,1,0h0m1s,0,0,0,6,0:02,0.139,SCRATCH,SAND-ATTACK,,,0,71,2,1,1,4,4,3,0,3000,Jolteon, ,Ground,Ground,222,Sandslash12,Sandslash,Rival (Lab),00:00:01.26,00:00:01.40,00:02:13.58,6,0,0,0,1,40,SCRATCH,SAND-ATTACK,,,31,15,0,0,0,0,0,0,15,26,18,20,13,13,14,55,55,50,65,65,55,15,15,15,15,0,0,0,0,0,0,0,16,17,12,12,13,9962,4813,3197,0,1952,0,0,0,71,71,0,0,2,2,1,1,0,0,24,21,11,11,4,0,3,0,0,0,0,0,0,0,1,0,0,0,0,0,0,0,0,0,0,0,0,0,0,0,0,0,0,0,0,0,0,0,0,0,0,0,0,0,0,0,0,0,0,0,0,0,0,0,0,0,12,0,Jolteon
5-07,16:30:14,NINTEN,Sandslash,Bug Catcher,1,Viridian Forest,2,2.79,2,0h0m2s,0,0,0,7,0:07,0.265,SCRATCH,SAND-ATTACK,,,0,514,15,2,2,12,12,11,4,75,Flareon, ,Ground,Ground,380,Sandslash12,Sandslash,,00:00:02.52,00:00:02.79,00:07:48.21,7,0,0,0,2,79,SCRATCH,SAND-ATTACK,,,27,15,0,0,0,0,0,0,20,29,21,22,14,14,16,145,115,120,105,105,145,15,15,15,15,0,0,0,0,-3,0,0,18,20,13,13,5,30025,19510,8563,0,1952,0,0,0,514,514,0,0,15,4,2,2,0,0,69,63,20,20,12,1,10,0,0,0,0,0,1,0,2,0,0,0,0,0,0,0,0,0,0,0,0,0,0,0,0,0,0,0,0,0,0,0,0,0,0,0,0,2,176,0,0,0,0,0,13,0,0,0,0,0,12,0,Flareon
5-07,16:30:16,NINTEN,Sandslash,Lass,19,Viridian Forest,2,3.87,3,0h0m3s,0,0,0,9,0:12,0.256,SCRATCH,SAND-ATTACK,,,0,588,29,4,3,39,39,35,3,205,Flareon, ,Ground,Ground,780,Sandslash12,Sandslash,,00:00:03.62,00:00:03.87,00:12:11.02,9,0,0,0,3,87,SCRATCH,SAND-ATTACK,,,0,15,0,0,0,0,0,0,17,35,26,27,17,17,19,391,289,357,255,255,341,15,15,15,15,-3,-1,0,0,0,0,0,9,16,16,16,18,45786,21189,22645,0,1952,0,0,0,588,588,0,0,29,7,4,3,0,0,207,188,29,29,38,3,21,0,0,0,0,0,3,0,2,0,0,0,0,0,0,0,0,0,0,0,0,0,0,0,0,0,0,0,0,0,0,0,0,0,0,0,0,7,579,0,0,0,0,0,13,0,1,1,0,0,12,0,Flareon
5-07,16:30:16,NINTEN,Sandslash,Bug Catcher,15,Viridian Forest,2,4.54,4,0h0m4s,0,0,0,9,0:14,0.191,SCRATCH,SAND-ATTACK,,,0,857,42,5,3,45,45,39,3,295,Flareon, ,Ground,Ground,993,Sandslash12,Sandslash,,00:00:04.34,00:00:04.54,00:14:50.30,9,0,0,0,4,54,SCRATCH,SAND-ATTACK,,,29,15,0,0,0,0,0,0,29,35,26,27,17,17,19,486,339,447,300,300,416,15,15,15,15,0,0,0,0,-1,0,0,26,27,17,17,12,55354,27330,26072,0,1952,0,0,0,857,857,0,0,42,8,5,3,0,0,261,238,35,35,44,3,25,0,0,0,0,0,4,0,2,0,0,0,0,0,0,0,0,0,0,0,0,0,0,0,0,0,0,0,0,0,0,0,0,0,0,0,0,9,745,0,0,0,0,1,13,0,1,1,0,0,12,0,Flareon
5-07,16:30:16,NINTEN,Sandslash,Bug Catcher,3,Viridian Forest,1,4.77,4,0h0m4s,0,0,0,10,0:15,0.125,SCRATCH,SAND-ATTACK,,,0,907,42,6,3,48,48,42,3,375,Flareon, ,Ground,Ground,1105,Sandslash12,Sandslash,,00:00:04.64,00:00:04.77,00:15:46.12,10,0,0,0,4,77,SCRATCH,SAND-ATTACK,,,26,15,0,0,0,0,0,0,30,38,28,30,19,19,21,531,369,482,320,320,461,15,15,15,15,0,0,0,0,-1,0,0,26,27,17,17,12,58696,28336,28408,0,1952,0,0,0,907,907,0,0,42,9,6,3,0,0,303,274,37,37,47,4,27,0,0,0,0,0,5,0,2,0,0,0,0,0,0,0,0,0,0,0,0,0,0,0,0,0,0,0,0,0,0,0,0,0,0,0,0,10,868,0,0,0,0,1,13,0,1,1,0,0,12,0,Flareon
5-07,16:30:17,NINTEN,Sandslash,Jr Trainer M,1,Pewter City - Gym,2,5.20,5,0h0m5s,0,0,0,11,0:17,0.235,SCRATCH,SAND-ATTACK,,,0,1001,49,7,3,55,55,48,3,475,Flareon, ,Ground,Ground,1439,Sandslash12,Sandslash,,00:00:04.97,00:00:05.20,00:17:29.51,11,0,0,0,5,20,SCRATCH,SAND-ATTACK,,,19,15,0,0,0,0,0,0,14,41,30,33,20,20,23,591,499,592,395,395,596,15,15,15,15,0,0,0,0,0,0,0,28,30,19,19,21,64915,30497,32466,0,1952,0,0,0,1001,1001,0,0,49,10,7,3,0,0,359,324,56,56,54,4,33,0,0,0,0,0,6,0,3,0,0,0,0,0,0,0,0,0,0,0,0,0,0,0,0,0,0,0,0,0,0,0,0,0,0,0,0,12,1136,0,0,0,0,1,13,0,1,1,0,0,12,0,Flareon
5-07,16:39:25,NINTEN,Sandslash,Rival1-Lab,1,Pallet Town - Oak's Lab,1,43.87,43,0h0m43s,0,0,0,6,0:02,9.233,SCRATCH,SAND-ATTACK,,,0,79,4,1,1,4,4,3,0,3000,Jolteon, ,Ground,Ground,222,Sandslash12,Sandslash,Rival (Lab),00:00:34.64,00:00:43.87,00:02:20.32,6,0,0,0,43,87,SCRATCH,SAND-ATTACK,,,31,15,0,0,0,0,0,0,15,26,18,20,13,13,14,55,55,50,65,65,55,15,15,15,15,0,0,0,0,0,0,0,18,20,13,13,14,10380,4971,3433,0,1976,0,0,0,79,79,0,0,4,2,1,1,0,0,23,21,11,11,4,0,3,0,0,0,0,0,0,0,1,0,0,0,0,0,0,0,0,0,0,0,0,0,0,0,0,0,0,0,0,0,0,0,0,0,0,0,0,1,97,0,0,0,0,0,0,0,0,0,0,0,12,0,Jolteon
5-07,16:42:09,NINTEN,Sandslash,Rival1-Lab,1,Pallet Town - Oak's Lab,1,43.86,43,0h0m43s,0,0,0,6,0:02,9.222,SCRATCH,SAND-ATTACK,,,0,79,4,1,1,4,4,3,0,3000,Jolteon, ,Ground,Ground,222,Sandslash12,Sandslash,Rival (Lab),00:00:34.64,00:00:43.86,00:02:20.30,6,0,0,0,43,86,SCRATCH,SAND-ATTACK,,,31,15,0,0,0,0,0,0,15,26,18,20,13,13,14,55,55,50,65,65,55,15,15,15,15,0,0,0,0,0,0,0,18,20,13,13,14,10378,4971,3431,0,1976,0,0,0,79,79,0,0,4,2,1,1,0,0,23,21,11,11,4,0,3,0,0,0,0,0,0,0,1,0,0,0,0,0,0,0,0,0,0,0,0,0,0,0,0,0,0,0,0,0,0,0,0,0,0,0,0,1,97,0,0,0,0,0,0,0,0,0,0,0,12,0,Jolteon
5-07,16:43:37,NINTEN,Sandslash,Bug Catcher,1,Viridian Forest,2,2:12.00,2:12,0h2m12s,0,0,0,7,0:08,18.692,SCRATCH,SAND-ATTACK,,,0,528,26,2,2,13,13,12,4,75,Flareon, ,Ground,Ground,380,Sandslash12,Sandslash,,00:01:53.30,00:02:12.00,00:08:08.50,7,0,0,2,12,0,SCRATCH,SAND-ATTACK,,,26,15,0,0,0,0,0,0,21,29,21,22,14,14,16,145,115,120,105,105,145,15,15,15,15,0,0,0,0,-4,0,0,21,22,14,14,5,31278,20033,9269,0,1976,0,0,0,528,528,0,0,26,4,2,2,0,0,78,69,19,19,13,1,11,0,0,0,0,0,1,0,1,0,0,0,0,0,0,0,0,0,0,0,0,0,0,0,0,0,0,0,0,0,0,0,0,0,0,0,0,3,255,0,0,0,0,0,13,0,0,0,0,0,12,0,Flareon
5-07,16:44:14,NINTEN,Sandslash,Bug Catcher,15,Viridian Forest,2,2:49.65,2:49,0h2m49s,0,0,0,8,0:10,21.193,SCRATCH,SAND-ATTACK,,,0,587,34,3,3,25,25,24,3,145,Flareon, ,Ground,Ground,593,Sandslash12,Sandslash,,00:02:28.46,00:02:49.65,00:10:37.53,8,0,0,2,49,65,SCRATCH,SAND-ATTACK,,,14,15,0,0,0,0,0,0,14,32,23,25,16,16,18,240,165,210,150,150,220,15,15,15,15,0,0,0,0,-4,0,0,23,25,16,16,5,40221,21637,16608,0,1976,0,0,0,587,587,0,0,34,6,3,3,0,0,144,131,29,29,25,3,20,0,0,0,0,0,1,0,1,0,0,0,0,0,0,0,0,0,0,0,0,0,0,0,0,0,0,0,0,0,0,0,0,0,0,0,0,5,468,0,0,0,0,1,13,0,1,1,0,0,12,0,Flareon
5-07,16:44:30,NINTEN,Sandslash,Bug Catcher,3,Viridian Forest,1,3:05.18,3:05,0h3m5s,0,0,0,8,0:11,9.266,SCRATCH,SAND-ATTACK,,,0,639,34,4,3,29,29,28,3,225,Flareon, ,Ground,Ground,705,Sandslash12,Sandslash,,00:02:55.92,00:03:05.18,00:11:39.17,8,0,0,3,5,18,SCRATCH,SAND-ATTACK,,,10,15,0,0,0,0,0,0,4,32,23,25,16,16,18,285,195,245,170,170,265,15,15,15,15,0,0,0,0,-1,0,0,23,25,16,16,11,43905,22703,19226,0,1976,0,0,0,639,639,0,0,34,7,4,3,0,0,179,161,39,39,29,3,24,0,0,0,0,0,2,0,2,0,0,0,0,0,0,0,0,0,0,0,0,0,0,0,0,0,0,0,0,0,0,0,0,0,0,0,0,6,468,0,0,0,0,1,13,0,1,1,0,0,12,0,Flareon
5-07,16:45:55,NINTEN,Sandslash,Jr Trainer M,1,Pewter City - Gym,2,4:30.05,4:30,0h4m30s,0,1,1,10,0:17,34.143,SCRATCH,SAND-ATTACK,,,0,829,36,6,3,62,62,60,3,162,Flareon, ,Ground,Ground,1195,Sandslash12,Sandslash,,00:03:55.91,00:04:30.05,00:17:15.20,10,0,0,4,30,5,SCRATCH,SAND-ATTACK,,,27,0,0,0,0,0,0,0,2,38,28,30,19,19,21,355,380,380,290,290,495,15,15,15,15,0,0,0,0,0,0,0,28,30,19,19,21,64068,28633,33459,0,1976,0,0,0,829,829,0,0,36,9,6,3,0,0,300,259,110,110,62,14,45,0,0,0,0,0,2,0,5,0,0,0,0,0,0,0,0,0,0,0,0,0,0,0,0,0,0,0,0,0,0,0,0,0,0,0,1,9,1070,0,0,0,0,1,13,0,1,1,0,1,12,1,Flareon
5-07,16:48:06,NINTEN,Sandslash,Brock,1,Pewter City - Gym,2,6:41.41,6:41,0h6m41s,0,1,1,12,0:25,80.615,SCRATCH,SAND-ATTACK,,,0,999,42,7,8,128,124,105,3,342,Flareon, ,Ground,Ground,1816,Sandslash12,Sandslash,Brock,00:05:20.79,00:06:41.41,00:25:55.22,12,0,0,6,41,41,SCRATCH,SAND-ATTACK,,,0,0,0,0,0,0,0,0,24,44,33,35,22,22,25,640,756,854,515,515,867,15,15,15,15,0,0,0,0,0,0,0,33,35,22,22,25,95270,33208,59706,380,1976,0,0,0,999,999,0,0,42,15,7,8,0,0,487,407,133,133,123,50,52,0,0,0,0,0,8,0,5,0,0,0,0,0,0,0,0,0,0,0,0,0,0,0,0,0,0,0,0,0,0,0,0,0,0,0,1,16,1691,0,0,0,0,1,13,0,1,1,0,1,12,1,Flareon
5-07,16:48:42,NINTEN,Sandslash,Bug Catcher,4,Route 3,3,7:16.92,7:16,0h7m16s,0,1,1,12,0:28,14.806,SCRATCH,SAND-ATTACK,,,0,1112,52,8,8,135,131,109,4,1530,Flareon, ,Ground,Ground,2151,Sandslash12,Sandslash,,00:07:02.11,00:07:16.92,00:28:15.43,12,0,0,7,16,92,SCRATCH,SAND-ATTACK,,,28,15,0,0,0,0,0,0,39,44,33,35,22,22,25,770,851,954,575,575,1007,15,15,15,15,0,0,0,0,0,0,0,37,35,22,22,25,103691,37105,64230,380,1976,0,0,0,1112,1112,0,0,52,16,8,8,0,0,591,496,138,138,130,51,55,0,0,0,0,0,9,0,5,0,0,0,0,0,0,0,0,0,0,0,0,0,0,0,0,0,0,0,0,0,0,0,0,0,0,0,1,19,2026,0,0,0,0,1,13,0,1,1,0,1,12,1,Flareon
5-07,16:49:02,NINTEN,Sandslash,Youngster Ben,1,Route 3,2,7:37.49,7:37,0h7m37s,0,1,1,13,0:29,17.19,SCRATCH,SAND-ATTACK,,,0,1116,52,9,8,145,137,114,4,1630,Flareon, ,Ground,Ground,2429,Sandslash12,Sandslash,,00:07:20.30,00:07:37.49,00:29:37.08,13,0,0,7,37,49,SCRATCH,SAND-ATTACK,,,22,15,0,0,0,0,0,0,21,47,35,38,23,23,26,835,967,1033,640,640,1134,15,15,15,15,0,0,0,0,0,0,0,39,38,23,23,26,108576,37394,68826,380,1976,0,0,0,1116,1116,0,0,52,17,9,8,0,0,666,555,159,159,136,51,60,0,0,0,0,0,9,0,5,0,0,0,0,0,0,0,0,0,0,0,0,0,0,0,0,0,0,0,0,0,0,0,0,0,0,0,1,21,2304,0,0,0,0,1,13,0,1,1,0,1,12,1,Flareon
5-07,16:49:28,NINTEN,Sandslash,Bug Catcher,5,Route 3,4,8:03.01,8:03,0h8m3s,0,1,1,14,0:31,20.682,SCRATCH,SAND-ATTACK,,,0,1120,52,10,8,155,147,120,4,1795,Flareon, ,Ground,Ground,2904,Sandslash12,Sandslash,,00:07:42.33,00:08:03.01,00:31:17.43,14,0,0,8,3,1,SCRATCH,SAND-ATTACK,,,12,15,0,0,0,0,0,0,43,50,38,41,25,25,28,1015,1077,1203,730,730,1294,15,15,15,15,0,0,0,0,-1,0,0,42,41,25,25,18,114611,37584,74228,823,1976,0,0,0,1120,1120,0,0,52,18,10,8,0,0,802,667,160,160,146,51,62,0,0,0,0,0,9,0,5,0,0,0,0,0,0,0,0,0,0,0,0,0,0,0,0,0,0,0,0,0,0,0,0,0,0,0,1,25,2779,0,0,0,0,1,13,0,1,1,0,1,12,1,Flareon
5-07,16:49:42,NINTEN,Sandslash,Lass,2,Route 3,2,8:17.19,8:17,0h8m17s,0,1,1,14,0:32,9.618,SCRATCH,SAND-ATTACK,,,0,1127,53,11,8,159,151,123,4,1885,Flareon, ,Ground,Ground,3152,Sandslash12,Sandslash,,00:08:07.57,00:08:17.19,00:32:13.37,14,0,0,8,17,19,SCRATCH,SAND-ATTACK,,,8,15,0,0,0,0,0,0,33,50,38,41,25,25,28,1091,1190,1278,795,795,1416,15,15,15,15,0,0,0,0,0,0,0,42,41,25,25,28,117965,38112,77054,823,1976,0,0,0,1127,1127,0,0,53,19,11,8,0,0,870,724,170,170,150,52,64,0,0,0,0,0,9,0,5,0,0,0,0,0,0,0,0,0,0,0,0,0,0,0,0,0,0,0,0,0,0,0,0,0,0,0,1,27,3027,0,0,0,0,1,13,0,1,1,0,1,12,1,Flareon
5-07,16:49:58,NINTEN,Sandslash,Bug Catcher,6,Route 3,2,8:33.45,8:33,0h8m33s,0,1,1,15,0:33,12.923,SCRATCH,SAND-ATTACK,,,0,1132,53,12,8,165,157,127,4,2035,Flareon, ,Ground,Ground,3445,Sandslash12,Sandslash,,00:08:20.52,00:08:33.45,00:33:17.49,15,0,0,8,33,45,SCRATCH,SAND-ATTACK,,,2,15,0,0,0,0,0,0,36,53,40,43,27,27,30,1186,1240,1368,840,840,1491,15,15,15,15,0,0,0,0,-1,0,0,45,43,27,27,19,121817,38420,80598,823,1976,0,0,0,1132,1132,0,0,53,20,12,8,0,0,942,789,170,170,156,52,65,0,0,0,0,0,9,0,5,0,0,0,0,0,0,0,0,0,0,0,0,0,0,0,0,0,0,0,0,0,0,0,0,0,0,0,1,29,3320,0,0,0,0,1,13,0,1,1,0,1,12,1,Flareon
5-07,16:50:27,NINTEN,Sandslash,Super Nerd,1,Mt Moon - 1,2,9:02.21,9:02,0h9m2s,0,1,1,15,0:35,11.166,SCRATCH,SAND-ATTACK,,,0,1275,82,13,8,170,162,130,4,2145,Flareon, ,Ground,Ground,3894,Sandslash12,Sandslash,,00:08:51.04,00:09:02.21,00:35:11.29,15,0,0,9,2,21,SCRATCH,SAND-ATTACK,,,30,15,0,0,0,0,0,0,49,53,40,43,27,27,30,1251,1305,1488,990,990,1636,15,15,15,15,0,-2,0,0,0,0,0,50,21,27,27,30,128637,42171,83667,823,1976,0,0,0,1275,1275,0,0,82,21,13,8,0,0,1012,848,174,174,161,52,68,0,0,0,0,0,9,0,5,0,0,0,0,0,0,0,0,0,0,0,0,0,0,0,0,0,0,0,0,0,0,0,0,0,0,0,1,31,3769,0,0,0,0,1,13,0,1,1,0,1,12,1,Flareon
5-07,16:51:17,NINTEN,Sandslash,Fossil Nerd,2,Mt Moon - 3,3,9:52.21,9:52,0h9m52s,0,1,1,16,0:38,23.235,SCRATCH,SAND-ATTACK,,,0,1538,90,14,8,180,172,137,6,2420,Flareon, ,Ground,Ground,4681,Sandslash12,Sandslash,,00:09:28.98,00:09:52.21,00:38:29.18,16,0,0,9,52,21,SCRATCH,SAND-ATTACK,,,21,14,0,0,0,0,0,0,37,56,43,46,28,28,32,1411,1480,1683,1145,1145,1796,15,15,15,15,0,-2,0,0,0,0,0,54,23,28,28,32,140506,48095,89612,823,1976,0,0,0,1538,1538,0,0,90,22,14,8,0,0,1153,957,189,189,171,52,75,0,0,0,0,0,10,0,5,0,0,0,0,0,0,0,0,0,0,0,0,0,0,0,0,0,0,0,0,0,0,0,0,0,0,0,1,34,4556,0,0,0,0,3,13,0,1,1,0,1,12,1,Flareon
5-07,16:51:48,NINTEN,Sandslash,Rocket,42,Mt Moon - 3,3,10:23.12,10:23,0h10m23s,0,1,1,17,0:40,23.072,SLASH,SAND-ATTACK,SCRATCH,,0,1554,93,15,8,189,181,144,7,2720,Flareon,Poisoned,Ground,Ground,5416,Sandslash12,Sandslash,,00:10:00.05,00:10:23.12,00:40:31.43,17,0,0,10,23,12,SLASH,SAND-ATTACK,SCRATCH,,18,14,14,0,0,0,0,0,19,59,45,49,30,30,34,1526,1650,1857,1285,1285,1976,15,15,15,15,-2,-2,0,0,0,0,0,24,24,30,30,34,147851,49543,95509,823,1976,0,0,0,1554,1554,0,0,93,23,15,8,0,0,1329,1067,210,210,180,52,82,0,0,0,0,0,13,0,5,0,0,0,0,0,0,0,0,0,0,1,0,0,0,0,0,0,0,0,0,0,0,0,0,0,0,0,1,37,5291,0,0,0,0,3,13,0,1,1,1,1,12,1,Flareon
5-07,16:52:30,NINTEN,Sandslash,Rival2-Nugget Bridge,3,Cerulean City,4,11:05.78,11:05,0h11m5s,0,1,1,18,0:43,15.182,SLASH,SAND-ATTACK,SCRATCH,,0,1734,99,16,8,195,187,146,7,3140,Flareon, ,Ground,Ground,6454,Sandslash12,Sandslash,Rival (Nugget Bridge),00:10:50.60,00:11:05.78,00:43:19.44,18,0,0,11,5,78,SLASH,SAND-ATTACK,SCRATCH,,15,15,34,0,0,0,0,0,57,62,48,51,31,31,35,1701,1896,2057,1436,1436,2213,15,15,15,15,0,0,0,0,0,0,0,54,51,31,31,35,157932,54973,99605,1378,1976,0,0,0,1734,1734,0,0,99,24,16,8,0,0,1560,1238,215,215,186,53,83,0,0,0,0,0,19,0,5,0,0,0,0,0,0,0,0,0,0,1,0,0,0,0,0,0,0,0,0,0,0,0,0,0,0,0,1,41,6329,0,0,0,0,4,13,0,1,1,1,1,12,1,Flareon
5-07,16:52:45,NINTEN,Sandslash,Bug Catcher,9,Route 24,2,11:20.30,11:20,0h11m20s,0,1,1,18,0:44,6.575,SLASH,SAND-ATTACK,SCRATCH,,0,1745,99,17,8,197,189,146,7,3735,Flareon, ,Ground,Ground,6769,Sandslash12,Sandslash,,00:11:13.73,00:11:20.30,00:44:17.04,18,0,0,11,20,30,SLASH,SAND-ATTACK,SCRATCH,,13,15,34,0,0,0,0,0,57,62,48,51,31,31,35,1786,1961,2122,1476,1476,2308,15,15,15,15,0,0,0,0,0,0,0,54,51,31,31,35,161372,56327,101691,1378,1976,0,0,0,1745,1745,0,0,99,25,17,8,0,0,1689,1313,215,215,188,53,83,0,0,0,0,0,21,0,5,0,0,0,0,0,0,0,0,0,0,1,0,0,0,0,0,0,0,0,0,0,0,0,0,0,0,0,1,43,6644,0,0,0,0,4,13,0,1,1,1,1,12,1,Flareon
5-07,16:52:55,NINTEN,Sandslash,Lass,8,Route 24,2,11:30.27,11:30,0h11m30s,0,1,1,19,0:44,7.223,SLASH,SAND-ATTACK,SCRATCH,,0,1747,99,18,8,199,191,146,7,3875,Flareon, ,Ground,Ground,7111,Sandslash12,Sandslash,,00:11:23.05,00:11:30.27,00:44:56.19,19,0,0,11,30,27,SLASH,SAND-ATTACK,SCRATCH,,11,15,34,0,0,0,0,0,60,65,50,54,33,33,37,1881,2053,2214,1551,1551,2405,15,15,15,15,0,0,0,0,0,0,0,56,54,33,33,37,163727,56457,103916,1378,1976,0,0,0,1747,1747,0,0,99,26,18,8,0,0,1794,1391,215,215,190,53,83,0,0,0,0,0,23,0,5,0,0,0,0,0,0,0,0,0,0,1,0,0,0,0,0,0,0,0,0,0,0,0,0,0,0,0,1,45,6986,0,0,0,0,4,13,0,1,1,1,1,12,1,Flareon
5-07,16:53:07,NINTEN,Sandslash,Youngster,4,Route 24,3,11:42.19,11:42,0h11m42s,0,1,1,19,0:45,9.036,SLASH,SAND-ATTACK,SCRATCH,,0,1751,101,19,8,202,194,146,7,4085,Flareon, ,Ground,Ground,7630,Sandslash12,Sandslash,,00:11:33.16,00:11:42.19,00:45:43.14,19,0,0,11,42,19,SLASH,SAND-ATTACK,SCRATCH,,8,15,34,0,0,0,0,0,60,65,50,54,33,33,37,1986,2214,2328,1656,1656,2587,15,15,15,15,0,0,0,0,0,0,0,56,54,33,33,37,166542,56651,106537,1378,1976,0,0,0,1751,1751,0,0,101,27,19,8,0,0,1989,1498,215,215,193,53,83,0,0,0,0,0,26,0,5,0,0,0,0,0,0,0,0,0,0,1,0,0,0,0,0,0,0,0,0,0,0,0,0,0,0,0,1,48,7505,0,0,0,0,4,13,0,1,1,1,1,12,1,Flareon
5-07,16:53:18,NINTEN,Sandslash,Lass,7,Route 24,2,11:52.89,11:52,0h11m52s,0,1,1,20,0:46,7.836,SLASH,SAND-ATTACK,SCRATCH,,0,1755,104,20,8,204,196,147,7,4295,Flareon, ,Ground,Ground,8018,Sandslash12,Sandslash,,00:11:45.05,00:11:52.89,00:46:25.22,20,0,0,11,52,89,SLASH,SAND-ATTACK,SCRATCH,,6,15,34,0,0,0,0,0,56,68,53,57,35,35,39,2081,2306,2420,1731,1731,2684,15,15,15,15,0,0,0,0,0,0,0,59,57,35,35,39,169070,56828,108888,1378,1976,0,0,0,1755,1755,0,0,104,28,20,8,0,0,2094,1585,222,222,195,53,84,0,0,0,0,0,28,0,6,0,0,0,0,0,0,0,0,0,0,1,0,0,0,0,0,0,0,0,0,0,0,0,0,0,0,0,1,50,7893,0,0,0,0,4,13,0,1,1,1,1,12,1,Flareon
5-07,16:53:25,NINTEN,Sandslash,Jr Trainer M,3,Route 24,1,11:59.97,11:59,0h11m59s,0,1,1,20,0:46,4.262,SLASH,SAND-ATTACK,SCRATCH,,0,1759,106,21,8,205,197,147,7,4535,Flareon, ,Ground,Ground,8303,Sandslash12,Sandslash,,00:11:55.71,00:11:59.97,00:46:53.12,20,0,0,11,59,97,SLASH,SAND-ATTACK,SCRATCH,,5,15,34,0,0,0,0,0,56,68,53,57,35,35,39,2121,2386,2455,1766,1766,2754,15,15,15,15,0,0,0,0,0,0,0,59,57,35,35,39,170740,57013,110373,1378,1976,0,0,0,1759,1759,0,0,106,29,21,8,0,0,2156,1630,222,222,196,53,84,0,0,0,0,0,29,0,6,0,0,0,0,0,0,0,0,0,0,1,0,0,0,0,0,0,0,0,0,0,0,0,0,0,0,0,1,51,8178,0,0,0,0,4,13,0,1,1,1,1,12,1,Flareon
5-07,16:53:38,NINTEN,Sandslash,Rocket,6,Route 24,2,12:13.19,12:13,0h12m13s,0,1,1,20,0:47,6.83,SLASH,SAND-ATTACK,SCRATCH,,0,1765,112,22,8,207,199,147,8,4895,Flareon, ,Ground,Ground,8673,Sandslash12,Sandslash,,00:12:06.36,00:12:13.19,00:47:45.24,20,0,0,12,13,19,SLASH,SAND-ATTACK,SCRATCH,,3,15,34,0,0,0,0,0,56,68,53,57,35,35,39,2196,2491,2534,1846,1846,2864,15,15,15,15,0,0,0,0,0,0,0,59,57,35,35,39,173872,58020,112498,1378,1976,0,0,0,1765,1765,0,0,112,30,22,8,0,0,2285,1706,222,222,198,53,84,0,0,0,0,0,31,0,6,0,0,0,0,0,0,0,0,0,0,1,0,0,0,0,0,0,0,0,0,0,0,0,0,0,0,0,1,53,8548,0,0,0,0,4,13,0,1,1,1,1,12,1,Flareon
5-07,16:53:58,NINTEN,Sandslash,Hiker,2,Route 25,2,12:33.10,12:33,0h12m33s,0,1,1,20,0:49,10.489,SLASH,SAND-ATTACK,SCRATCH,,0,1807,113,23,8,211,203,149,8,5345,Flareon, ,Ground,Ground,9231,Sandslash12,Sandslash,,00:12:22.62,00:12:33.10,00:49:04.11,20,0,0,12,33,10,SLASH,SAND-ATTACK,SCRATCH,,0,15,33,0,0,0,0,0,52,68,53,57,35,35,39,2306,2651,2684,1911,1911,2919,15,15,15,15,0,0,0,0,0,0,0,59,57,35,35,39,178599,59737,115508,1378,1976,0,0,0,1807,1807,0,0,113,31,23,8,0,0,2381,1793,226,226,202,53,85,0,0,0,0,0,35,0,6,0,0,0,0,0,0,0,0,0,0,1,0,0,0,0,0,0,0,0,0,0,0,0,0,0,0,0,1,55,9106,0,0,0,0,4,13,0,1,1,1,1,12,1,Flareon
5-07,16:54:15,NINTEN,Sandslash,Lass,9,Route 25,2,12:50.42,12:50,0h12m50s,0,1,1,21,0:50,7.135,SLASH,SAND-ATTACK,SCRATCH,,0,1827,116,24,8,213,205,149,8,5870,Flareon, ,Ground,Ground,9612,Sandslash12,Sandslash,,00:12:43.29,00:12:50.42,00:50:12.20,21,0,0,12,50,42,SLASH,SAND-ATTACK,SCRATCH,,8,15,35,0,0,0,0,0,71,71,56,60,36,36,41,2407,2755,2776,1991,1991,3010,15,15,15,15,0,0,0,0,0,0,0,63,60,36,36,41,182688,60897,117694,2121,1976,0,0,0,1827,1827,0,0,116,32,24,8,0,0,2499,1877,226,226,204,53,85,0,0,0,0,0,37,0,6,0,0,0,0,0,0,0,0,0,0,1,0,0,0,0,0,0,0,0,0,0,0,0,0,0,0,0,1,57,9487,0,0,0,0,5,13,0,1,1,1,1,12,1,Flareon
5-07,16:54:26,NINTEN,Sandslash,Jr Trainer M,2,Route 25,2,13:01.73,13:01,0h13m1s,0,1,1,21,0:50,7.284,SLASH,SAND-ATTACK,SCRATCH,,0,1839,118,25,8,215,207,150,8,6095,Flareon, ,Ground,Ground,9969,Sandslash12,Sandslash,,00:12:54.45,00:13:01.73,00:50:56.53,21,0,0,13,1,73,SLASH,SAND-ATTACK,SCRATCH,,6,15,35,0,0,0,0,0,65,71,56,60,36,36,41,2472,2871,2855,2056,2056,3137,15,15,15,15,0,0,0,0,0,0,0,63,60,36,36,41,185361,61359,119905,2121,1976,0,0,0,1839,1839,0,0,118,33,25,8,0,0,2652,1947,232,232,206,53,86,0,0,0,0,0,39,0,6,0,0,0,0,0,0,0,0,0,0,1,0,0,0,0,0,0,0,0,0,0,0,0,0,0,0,0,1,59,9844,0,0,0,0,5,13,0,1,1,1,1,12,1,Flareon
5-07,16:54:40,NINTEN,Sandslash,Oddish Lass,10,Route 25,3,13:14.81,13:14,0h13m14s,0,1,1,21,0:51,8.856,SLASH,SAND-ATTACK,SCRATCH,,0,1854,118,26,8,218,210,150,8,6375,Flareon, ,Ground,Ground,10554,Sandslash12,Sandslash,Oddish Lass,00:13:05.95,00:13:14.81,00:51:48.24,21,0,0,13,14,81,SLASH,SAND-ATTACK,SCRATCH,,3,15,35,0,0,0,0,0,65,71,56,60,36,36,41,2602,3016,3005,2241,2241,3253,15,15,15,15,0,0,0,0,0,0,0,63,60,36,36,41,188452,61859,122496,2121,1976,0,0,0,1854,1854,0,0,118,34,26,8,0,0,2858,2054,232,232,209,53,86,0,0,0,0,0,42,0,6,0,0,0,0,0,0,0,0,0,0,1,0,0,0,0,0,0,0,0,0,0,0,0,0,0,0,0,1,62,10429,0,0,0,0,5,13,0,1,1,1,1,12,1,Flareon
5-07,16:55:15,NINTEN,Sandslash,Cerulean Rocket,5,Cerulean City,2,13:49.99,13:49,0h13m49s,0,1,1,22,0:54,9.798,SLASH,SAND-ATTACK,SCRATCH,,0,1992,127,27,8,221,213,151,10,6570,Flareon, ,Ground,Ground,11243,Sandslash12,Sandslash,Rocket,00:13:40.19,00:13:49.99,00:54:07.31,22,0,0,13,49,99,SLASH,SAND-ATTACK,SCRATCH,,1,15,34,0,0,0,0,0,60,74,58,63,38,38,43,2732,3144,3100,2366,2366,3330,15,15,15,15,0,0,0,0,0,0,0,65,63,38,38,43,196799,67390,125312,2121,1976,0,0,0,1992,1992,0,0,127,35,27,8,0,0,2993,2157,240,240,212,53,87,0,0,0,0,0,44,0,7,0,0,0,0,0,0,0,0,0,0,1,0,0,0,0,0,0,0,0,0,0,0,0,0,0,0,0,1,64,11118,0,0,0,0,6,13,0,1,1,1,1,12,1,Flareon
5-07,16:55:34,NINTEN,Sandslash,Swimmer,1,Cerulean City - Gym,2,14:09.53,14:09,0h14m9s,0,1,1,22,0:55,8.027,SLASH,SAND-ATTACK,SCRATCH,,0,2021,138,28,8,224,216,152,10,7080,Flareon, ,Ground,Ground,11857,Sandslash12,Sandslash,,00:14:01.51,00:14:09.53,00:55:24.38,22,0,0,14,9,53,SLASH,SAND-ATTACK,SCRATCH,,8,15,34,0,0,0,0,0,60,74,58,63,38,38,43,2792,3249,3270,2481,2481,3430,15,15,15,15,0,0,0,0,0,0,0,65,63,38,38,43,201426,68726,127749,2975,1976,0,0,0,2021,2021,0,0,138,36,28,8,0,0,3121,2233,240,240,215,53,87,0,0,0,0,0,47,0,7,0,0,0,0,0,0,0,0,0,0,1,0,0,0,0,0,0,0,0,0,0,0,0,0,0,0,0,1,66,11732,0,0,0,0,6,13,0,1,1,1,1,12,1,Flareon
5-07,16:55:43,NINTEN,Sandslash,Pecking Lass,1,Cerulean City - Gym,1,14:18.35,14:18,0h14m18s,0,1,1,23,0:55,4.883,SLASH,SAND-ATTACK,SCRATCH,,0,2029,138,29,8,225,217,152,10,7160,Flareon, ,Ground,Ground,12308,Sandslash12,Sandslash,,00:14:13.46,00:14:18.35,00:55:59.25,23,0,0,14,18,35,SLASH,SAND-ATTACK,SCRATCH,,7,15,34,0,0,0,0,0,63,77,61,65,39,39,45,2837,3316,3330,2531,2531,3493,15,15,15,15,0,0,0,0,0,0,0,68,65,39,39,45,203513,69167,129395,2975,1976,0,0,0,2029,2029,0,0,138,37,29,8,0,0,3172,2282,240,240,216,53,87,0,0,0,0,0,48,0,7,0,0,0,0,0,0,0,0,0,0,1,0,0,0,0,0,0,0,0,0,0,0,0,0,0,0,0,1,67,12183,0,0,0,0,6,13,0,1,1,1,1,12,1,Flareon
5-07,16:56:07,NINTEN,Sandslash,Misty,1,Cerulean City - Gym,2,14:42.42,14:42,0h14m42s,0,1,1,25,0:57,8.487,SLASH,SAND-ATTACK,SCRATCH,DIG,1,2030,139,30,8,228,219,154,8,7540,Flareon, ,Ground,Ground,16964,Sandslash12,Sandslash,Misty,00:14:33.93,00:14:42.42,00:57:34.12,25,0,0,14,42,42,SLASH,SAND-ATTACK,SCRATCH,DIG,6,15,34,9,0,0,0,0,56,83,66,71,43,43,48,2927,3436,3470,2701,2701,3693,15,15,15,15,0,0,0,0,0,0,0,74,71,43,43,48,209200,69811,131918,5495,1976,1,0,0,2030,2030,0,0,139,38,30,8,0,0,3298,2382,267,267,218,54,88,0,0,0,0,0,49,0,7,0,0,0,0,0,0,0,0,0,0,1,0,0,0,0,0,0,0,0,0,0,0,0,0,0,0,0,1,69,13522,0,0,0,0,6,13,0,1,1,2,1,12,1,Flareon
5-07,16:56:45,NINTEN,Sandslash,Sandy,3,Route 6,3,15:20.78,15:20,0h15m20s,0,1,1,25,1:00,8.668,SLASH,SAND-ATTACK,SCRATCH,DIG,1,2267,147,31,8,231,222,154,10,9619,Flareon, ,Ground,Ground,17525,Sandslash12,Sandslash,,00:15:12.11,00:15:20.78,01:00:05.21,25,0,0,15,20,78,SLASH,SAND-ATTACK,SCRATCH,DIG,17,15,35,10,0,0,0,0,83,83,66,71,43,43,48,3047,3571,3590,2806,2806,3861,15,15,15,15,0,0,0,0,0,0,0,74,71,43,43,48,218269,76216,134582,5495,1976,1,0,0,2267,2267,0,0,147,39,31,8,0,0,3545,2505,267,267,221,54,88,0,0,0,0,0,51,0,7,0,0,0,0,0,0,0,0,0,0,1,0,0,0,0,0,0,0,0,0,0,0,0,0,0,0,0,1,72,14083,0,0,0,0,7,13,0,1,1,2,1,12,1,Flareon
5-07,16:56:57,NINTEN,Sandslash,Jr Trainer M,5,Route 6,2,15:31.88,15:31,0h15m31s,0,1,1,26,1:00,8.173,SLASH,SAND-ATTACK,SCRATCH,DIG,1,2268,147,32,8,233,224,155,10,9939,Flareon, ,Ground,Ground,18120,Sandslash12,Sandslash,,00:15:23.70,00:15:31.88,01:00:49.06,26,0,0,15,31,88,SLASH,SAND-ATTACK,SCRATCH,DIG,15,15,35,10,0,0,0,0,80,86,68,73,44,44,50,3142,3712,3680,2887,2887,4028,15,15,15,15,0,0,0,0,0,0,0,76,73,44,44,50,220894,76399,137024,5495,1976,1,0,0,2268,2268,0,0,147,40,32,8,0,0,3744,2592,273,273,223,54,89,0,0,0,0,0,53,0,7,0,0,0,0,0,0,0,0,0,0,1,0,0,0,0,0,0,0,0,0,0,0,0,0,0,0,0,1,74,14678,0,0,0,0,7,13,0,1,1,2,1,12,1,Flareon
5-07,16:57:21,NINTEN,Sandslash,Gentleman,5,SS Anne,2,15:56.12,15:56,0h15m56s,0,1,1,26,1:02,6.77,SLASH,SAND-ATTACK,SCRATCH,DIG,1,2403,157,33,8,235,226,155,11,9209,Flareon, ,Ground,Ground,19004,Sandslash12,Sandslash,,00:15:49.35,00:15:56.12,01:02:24.29,26,0,0,15,56,12,SLASH,SAND-ATTACK,SCRATCH,DIG,13,15,35,10,0,0,0,0,80,86,68,73,44,44,50,3247,3867,3780,3002,3002,4178,15,15,15,15,0,0,0,0,0,0,0,76,73,44,44,50,226617,80097,139049,5495,1976,1,0,0,2403,2403,0,0,157,41,33,8,0,0,3908,2686,273,273,225,54,89,0,0,0,0,0,55,0,7,0,0,0,0,0,0,0,0,0,0,1,0,0,0,0,0,0,0,0,0,0,0,0,0,0,0,0,1,76,15562,0,0,0,0,7,16,0,1,1,2,1,12,1,Flareon
5-07,16:57:43,NINTEN,Sandslash,Rival3-SS Anne,1,SS Anne,4,16:17.97,16:17,0h16m17s,0,1,1,27,1:03,14.306,SLASH,SAND-ATTACK,SCRATCH,DIG,1,2433,161,34,8,239,230,155,12,10399,Flareon, ,Ground,Ground,20185,Sandslash12,Sandslash,Rival (SS Anne),00:16:03.66,00:16:17.97,01:03:50.44,27,0,0,16,17,97,SLASH,SAND-ATTACK,SCRATCH,DIG,9,15,35,10,0,0,0,0,83,89,71,76,46,46,52,3422,4113,3980,3153,3153,4415,15,15,15,15,0,0,0,0,0,0,0,79,76,46,46,52,231792,81454,142867,5495,1976,1,0,0,2433,2433,0,0,161,42,34,8,0,0,4239,2874,273,273,229,54,89,0,0,0,0,0,59,0,7,0,0,0,0,0,0,0,0,0,0,1,0,0,0,0,0,0,0,0,0,0,0,0,0,0,0,0,1,80,16743,0,0,0,0,8,16,0,1,1,2,1,12,1,Flareon
5-07,16:58:25,NINTEN,Sandslash,Surge,1,Vermilion City - Gym,1,17:00.30,17:00,0h17m0s,0,1,1,27,1:06,5.805,SLASH,SAND-ATTACK,SCRATCH,DIG,1,2614,165,35,8,241,231,156,13,11699,Flareon, ,Ground,Ground,20917,Sandslash12,Sandslash,Lt. Surge,00:16:54.51,00:17:00.30,01:06:37.49,27,0,0,17,0,30,SLASH,SAND-ATTACK,SCRATCH,DIG,9,15,35,9,0,0,0,0,83,89,71,76,46,46,52,3482,4203,4035,3243,3243,4515,15,15,15,15,0,0,0,0,0,0,0,79,76,46,46,52,241817,88324,144830,6687,1976,1,0,0,2614,2614,0,0,165,43,35,8,0,0,4379,2950,273,273,230,55,89,0,0,0,0,0,59,0,7,0,0,0,0,0,0,0,0,0,0,1,0,0,0,0,0,0,0,0,0,0,0,0,0,0,0,0,1,81,17475,0,0,0,0,8,16,0,1,1,3,1,12,1,Flareon
5-07,16:59:25,NINTEN,Sandslash,Wrapping Lass,5,Route 9,4,18:00.40,18:00,0h18m0s,0,1,1,28,1:10,12.179,SLASH,SAND-ATTACK,SCRATCH,DIG,1,2802,189,36,8,245,235,156,15,14471,Flareon, ,Ground,Ground,22165,Sandslash12,Sandslash,RTG1 - Wrapping Lass,00:17:48.22,00:18:00.40,01:10:34.28,28,0,0,18,0,40,SLASH,SAND-ATTACK,SCRATCH,DIG,16,15,35,10,0,0,0,0,92,92,73,79,48,48,54,3672,4453,4215,3533,3533,4655,15,15,15,15,0,0,0,0,0,0,0,82,88,48,48,54,256016,96444,148316,9280,1976,1,0,0,2802,2751,51,0,189,44,36,8,0,0,4739,3140,273,273,234,55,89,0,0,0,0,0,63,0,7,0,0,0,0,0,0,0,0,0,0,1,0,0,0,0,0,0,0,0,0,0,0,0,0,0,0,0,1,85,18723,0,0,0,0,8,16,0,1,1,3,1,12,1,Flareon
5-07,16:59:39,NINTEN,Sandslash,Bug Catcher,14,Route 9,3,18:14.25,18:14,0h18m14s,0,1,1,28,1:11,9.11,SLASH,SAND-ATTACK,SCRATCH,DIG,1,2840,191,37,8,248,238,156,15,14831,Flareon, ,Ground,Ground,22934,Sandslash12,Sandslash,,00:18:05.15,00:18:14.25,01:11:29.06,28,0,0,18,14,25,SLASH,SAND-ATTACK,SCRATCH,DIG,13,15,35,10,0,0,0,0,92,92,73,79,48,48,54,3817,4573,4330,3613,3613,4795,15,15,15,15,0,0,0,0,0,0,0,82,88,48,48,54,259294,97060,150978,9280,1976,1,0,0,2840,2751,89,0,191,45,37,8,0,0,5046,3297,273,273,237,55,89,0,0,0,0,0,66,0,7,0,0,0,0,0,0,0,0,0,0,1,0,0,0,0,0,0,0,0,0,0,0,0,0,0,0,0,1,88,19492,0,0,0,0,8,16,0,1,1,3,1,12,1,Flareon
5-07,17:00:01,NINTEN,Sandslash,Slowbone,7,Rock Tunnel - 1,2,18:35.82,18:35,0h18m35s,0,1,1,28,1:12,10.063,SLASH,SAND-ATTACK,SCRATCH,DIG,1,2948,204,38,8,253,241,159,15,15031,Flareon, ,Ground,Ground,23848,Sandslash12,Sandslash,,00:18:25.75,00:18:35.82,01:12:54.18,28,0,0,18,35,82,SLASH,SAND-ATTACK,SCRATCH,DIG,13,15,34,8,0,0,0,0,92,92,73,79,48,48,54,3957,4688,4490,3693,3693,4845,15,15,15,15,0,-1,0,0,0,0,0,92,58,48,48,54,264406,98780,153773,9877,1976,1,0,0,2948,2751,197,0,204,46,38,8,0,0,5208,3434,273,273,240,57,90,0,0,0,0,0,66,0,7,0,0,0,0,0,0,0,0,0,0,1,0,0,0,0,0,0,0,0,0,0,0,0,0,0,0,0,1,90,20406,0,0,0,0,8,16,0,1,1,3,1,12,1,Flareon
5-07,17:00:12,NINTEN,Sandslash,Pokemaniac,5,Rock Tunnel,1,18:47.71,18:47,0h18m47s,0,1,1,28,1:13,7.272,SLASH,SAND-ATTACK,SCRATCH,DIG,1,2986,204,39,8,255,243,160,15,16181,Flareon, ,Ground,Ground,24377,Sandslash12,Sandslash,,00:18:40.44,00:18:47.71,01:13:41.12,28,0,0,18,47,71,SLASH,SAND-ATTACK,SCRATCH,DIG,12,15,33,8,0,0,0,0,72,92,73,79,48,48,54,4047,4753,4555,3733,3733,4860,15,15,15,15,0,0,0,0,0,0,0,82,88,48,48,54,267220,99488,155879,9877,1976,1,0,0,2986,2751,235,0,204,47,39,8,0,0,5294,3518,293,293,242,57,91,0,0,0,0,0,68,0,8,0,0,0,0,0,0,0,0,0,0,1,0,0,0,0,0,0,0,0,0,0,0,0,0,0,0,0,1,91,20935,0,0,0,0,8,16,0,1,1,3,1,12,1,Flareon
5-07,17:00:23,NINTEN,Sandslash,Status-Condition-Jr-Trainer,10,Rock Tunnel,2,18:58.74,18:58,0h18m58s,0,1,1,29,1:14,7.77,SLASH,SAND-ATTACK,SCRATCH,DIG,1,3000,205,40,8,257,245,160,15,17431,Flareon, ,Ground,Ground,25045,Sandslash12,Sandslash,RTG4 - Status Jr Trainer,00:18:50.96,00:18:58.74,01:14:24.40,29,0,0,18,58,74,SLASH,SAND-ATTACK,SCRATCH,DIG,10,15,33,8,0,0,0,0,75,95,76,82,49,49,56,4137,4852,4659,3873,3873,4935,15,15,15,15,0,0,0,0,0,0,0,85,92,49,49,56,269828,99873,158102,9877,1976,1,0,0,3000,2751,249,0,205,48,40,8,0,0,5440,3628,293,293,244,57,91,0,0,0,0,0,70,0,8,0,0,0,0,0,0,0,0,0,0,1,0,0,0,0,0,0,0,0,0,0,0,0,0,0,0,0,1,93,21603,0,0,0,0,8,16,0,1,1,3,1,12,1,Flareon
5-07,17:00:46,NINTEN,Sandslash,Selfdestructing Hiker,9,Rock Tunnel,3,19:21.69,19:21,0h19m21s,0,1,1,29,1:15,9.91,SLASH,SAND-ATTACK,SCRATCH,DIG,1,3113,214,41,8,261,247,162,15,17871,Flareon, ,Ground,Ground,26422,Sandslash12,Sandslash,,00:19:11.78,00:19:21.69,01:15:55.19,29,0,0,19,21,69,SLASH,SAND-ATTACK,SCRATCH,DIG,10,15,33,6,0,0,0,0,75,95,76,82,49,49,56,4272,5107,4974,3978,3978,5010,15,15,15,15,0,0,0,0,0,0,0,85,92,49,49,56,275267,102284,160828,10179,1976,1,0,0,3113,2751,362,0,214,49,41,8,0,0,5674,3736,293,293,246,59,91,0,0,0,0,0,70,0,8,0,0,0,0,0,0,0,0,0,0,1,0,0,0,0,0,0,0,0,0,0,0,0,0,0,0,0,1,96,22980,0,0,0,0,8,16,0,1,1,3,1,12,1,Flareon
5-07,17:01:06,NINTEN,Sandslash,Finisher,18,Rock Tunnel - 1,3,19:41.55,19:41,0h19m41s,0,1,1,30,1:17,9.622,SLASH,SAND-ATTACK,SCRATCH,DIG,1,3169,226,42,8,264,250,162,14,18606,Flareon, ,Ground,Ground,27285,Sandslash12,Sandslash,RTG6 - Finisher,00:19:31.93,00:19:41.55,01:17:13.43,30,0,0,19,41,55,SLASH,SAND-ATTACK,SCRATCH,DIG,7,15,33,6,0,0,0,0,78,98,79,85,51,51,58,4397,5247,5104,4128,4128,5186,15,15,15,15,0,0,0,0,0,0,0,88,95,51,51,58,279971,103950,163483,10562,1976,1,0,0,3169,2751,418,0,226,50,42,8,0,0,5967,3885,293,293,249,59,91,0,0,0,0,0,73,0,8,0,0,0,0,0,0,0,0,0,0,1,0,0,0,0,0,0,0,0,0,0,0,0,0,0,0,0,1,99,23843,0,0,0,0,8,16,0,1,1,3,1,12,1,Flareon
5-07,17:01:23,NINTEN,Sandslash,Gambler,7,Route 8,2,19:58.28,19:58,0h19m58s,0,1,1,30,1:18,6.672,SLASH,SAND-ATTACK,SCRATCH,DIG,1,3255,236,43,8,266,252,162,15,19006,Flareon, ,Ground,Ground,28077,Sandslash12,Sandslash,,00:19:51.61,00:19:58.28,01:18:19.40,30,0,0,19,58,28,SLASH,SAND-ATTACK,SCRATCH,DIG,5,15,33,6,0,0,0,0,78,98,79,85,51,51,58,4490,5358,5189,4243,4243,5311,15,15,15,15,0,0,0,0,0,0,0,88,95,51,51,58,283929,105841,165550,10562,1976,1,0,0,3255,2751,504,0,236,51,43,8,0,0,6165,4005,293,293,251,59,91,0,0,0,0,0,75,0,8,0,0,0,0,0,0,0,0,0,0,1,0,0,0,0,0,0,0,0,0,0,0,0,0,0,0,0,1,101,24635,0,0,0,0,9,16,0,1,1,3,1,12,1,Flareon
5-07,17:03:42,NINTEN,Sandslash,Rival4-Pkmn Tower,3,Pokemon Tower - 2F,5,22:17.68,22:17,0h22m17s,0,1,1,31,1:27,17.626,SLASH,ROCK SLIDE,SCRATCH,DIG,41472,2962,64526,16,42240,6,9477,64257,14,836,Flareon, ,Ground,Ground,30727,Sandslash12,Sandslash,Rival (Pokemon Tower),00:22:00.05,00:22:17.68,01:27:29.58,31,0,0,22,17,68,SLASH,ROCK SLIDE,SCRATCH,DIG,16,9,35,10,0,0,0,0,85,102,81,88,56,56,60,4715,5678,5559,12219,12219,5591,15,15,15,15,0,0,0,0,0,0,0,91,99,56,56,60,10590,100667954,4298,1889,0,41472,256,0,2962,570428562,67119872,134285824,64526,42256,16,42240,8448,5376,343,33554974,687910416,16,5,0,17921,0,0,0,0,0,4,0,1,0,0,0,0,0,0,0,0,0,256,25856,660,0,0,0,0,0,0,0,0,0,0,0,0,0,0,0,0,5,2650,0,1000000,0,604100,24,5376,1,23296,15104,9473,1,12,1,Flareon
5-07,17:04:05,NINTEN,Sandslash,Agatha Jr,10,Pokemon Tower - 4F,2,22:40.10,22:40,0h22m40s,0,1,1,31,1:28,7.094,SLASH,ROCK SLIDE,SCRATCH,DIG,41472,3010,64527,17,42240,8,9479,64257,14,2461,Flareon, ,Ground,Ground,31663,Sandslash12,Sandslash,,00:22:33.00,00:22:40.10,01:28:58.35,31,0,0,22,40,10,SLASH,ROCK SLIDE,SCRATCH,DIG,16,7,35,10,0,0,0,0,85,102,81,88,56,56,60,4775,5748,5619,12419,12419,5751,15,15,15,15,0,0,0,0,0,0,0,91,99,56,56,60,15907,100670040,6448,2970,0,41472,256,0,3010,570428610,67119872,134285824,64527,42257,17,42240,8448,5376,506,33555074,687910416,16,7,0,17921,0,0,0,0,0,4,0,1,0,0,0,0,0,0,0,0,0,256,25856,660,0,0,0,0,0,0,0,0,0,0,0,0,0,0,0,0,7,3586,0,1000000,0,604100,24,5376,1,23296,15104,9473,1,12,1,Flareon
5-07,17:04:21,NINTEN,Sandslash,Channeler,21,Pokemon Tower - 6F,1,22:56.34,22:56,0h22m56s,0,1,1,31,1:30,4.369,SLASH,ROCK SLIDE,SCRATCH,DIG,41472,3080,64535,18,42240,9,9480,64257,14,3151,Flareon, ,Ground,Ground,32150,Sandslash12,Sandslash,,00:22:51.97,00:22:56.34,01:30:02.43,31,0,0,22,56,34,SLASH,ROCK SLIDE,SCRATCH,DIG,20,9,35,10,0,0,0,0,102,102,81,88,56,56,60,4805,5783,5649,12519,12519,5831,15,15,15,15,0,0,0,0,0,0,0,91,99,56,56,60,19755,100672451,7885,2970,0,41472,256,0,3080,570428680,67119872,134285824,64535,42258,18,42240,8448,5376,590,33555126,687910416,16,8,0,17921,0,0,0,0,0,4,0,1,0,0,0,0,0,0,0,0,0,256,25856,660,0,0,0,0,0,0,0,0,0,0,0,0,0,0,0,0,8,4073,0,1000000,0,604100,26,5376,1,23296,15104,9473,1,12,1,Flareon
5-07,17:04:29,NINTEN,Sandslash,Channeler,20,Pokemon Tower - 6F,1,23:03.87,23:03,0h23m3s,0,1,1,31,1:30,4.44,SLASH,ROCK SLIDE,SCRATCH,DIG,41472,3091,64535,19,42240,10,9481,64257,14,3871,Flareon, ,Ground,Ground,32637,Sandslash12,Sandslash,,00:22:59.43,00:23:03.87,01:30:32.23,31,0,0,23,3,87,SLASH,ROCK SLIDE,SCRATCH,DIG,20,8,35,10,0,0,0,0,102,102,81,88,56,56,60,4835,5818,5679,12619,12619,5911,15,15,15,15,0,0,0,0,0,0,0,91,99,56,56,60,21535,100672772,9344,2970,0,41472,256,0,3091,570428691,67119872,134285824,64535,42259,19,42240,8448,5376,669,33555178,687910416,16,9,0,17921,0,0,0,0,0,4,0,1,0,0,0,0,0,0,0,0,0,256,25856,660,0,0,0,0,0,0,0,0,0,0,0,0,0,0,0,0,9,4560,0,1000000,0,604100,26,5376,1,23296,15104,9473,1,12,1,Flareon
5-07,17:04:53,NINTEN,Sandslash,Rocket,44,Pokemon Tower - 7F,3,23:27.93,23:27,0h23m27s,0,1,1,32,1:32,11.659,SLASH,ROCK SLIDE,SCRATCH,DIG,41472,3116,64539,20,42241,15,9484,64259,14,4591,Flareon, ,Ground,Ground,34886,Sandslash12,Sandslash,,00:23:16.27,00:23:27.93,01:32:07.21,32,0,0,23,27,93,SLASH,ROCK SLIDE,SCRATCH,DIG,19,8,35,8,0,0,0,0,105,105,84,91,58,58,62,5000,6038,5903,12809,12809,6141,15,15,15,15,0,0,0,0,0,0,0,94,102,58,58,62,27233,100674431,13383,2970,0,41472,256,0,3116,570428716,67119872,134285824,64539,42261,20,42241,8448,5376,1030,33555389,687910416,16,12,2,17921,0,0,0,0,0,5,0,1,0,0,0,0,0,0,0,0,0,256,25856,660,0,0,0,0,0,0,0,0,0,0,0,0,0,0,0,0,12,6809,0,1000000,0,604100,27,5376,1,23296,15104,9473,1,12,1,Flareon
5-07,17:06:54,NINTEN,Sandslash,Rocket,39,Silph Co - 10F,1,25:29.49,25:29,0h25m29s,0,1,1,32,1:40,5.896,SLASH,ROCK SLIDE,SCRATCH,DIG,41472,3953,64594,21,42243,17,9486,64260,16,4901,Flareon, ,Ground,Ground,35918,Sandslash12,Sandslash,,00:25:23.60,00:25:29.49,01:40:07.14,32,0,0,25,29,49,SLASH,ROCK SLIDE,SCRATCH,DIG,17,8,35,8,0,0,0,0,105,105,85,91,58,58,63,5080,8698,5973,12859,12859,8746,15,15,15,15,0,-1,0,0,0,0,0,106,67,58,58,63,56026,100694771,16611,8195,0,41472,256,0,3953,570429022,67120403,134285824,64594,42264,21,42243,8450,5376,1136,33555490,687910416,16,14,2,17922,0,0,0,0,0,7,0,1,0,0,0,0,0,0,0,0,0,256,25856,660,0,0,0,0,0,0,0,0,0,0,0,0,0,0,0,0,13,7841,0,1000000,0,604100,32,5376,1,23296,15104,9474,1,12,1,Flareon
5-07,17:07:17,NINTEN,Sandslash,Rocket,28,Silph Co - 5F,1,25:52.56,25:52,0h25m52s,0,1,1,33,1:41,8.499,SLASH,ROCK SLIDE,SCRATCH,DIG,41472,4060,64599,22,42243,19,9488,64262,18,5891,Flareon, ,Ground,Ground,36957,Sandslash12,Sandslash,,00:25:44.06,00:25:52.56,01:41:38.00,33,0,0,25,52,56,SLASH,ROCK SLIDE,SCRATCH,DIG,15,8,35,8,0,0,0,0,99,108,88,93,60,60,65,5140,8783,6042,12924,12924,8826,15,15,15,15,0,0,0,0,0,0,0,99,104,60,60,65,61472,100697796,19032,8195,0,41472,256,0,4060,570429129,67120403,134285824,64599,42265,22,42243,8450,5376,1241,33555577,687910425,25,16,2,17924,0,0,0,0,0,9,0,2,0,0,0,0,0,0,0,0,0,256,25856,660,0,0,0,0,0,0,0,0,0,0,0,0,0,0,0,0,14,8880,0,1000000,0,604100,36,5376,1,23296,15104,9474,1,12,1,Flareon
5-07,17:08:37,NINTEN,Sandslash,Rival5-Silph,6,Silph Co - 7F,5,27:12.32,27:12,0h27m12s,0,1,1,35,1:46,20.859,EARTHQUAKE,ROCK SLIDE,SWORDS DANCE,DIG,41473,4314,64627,23,42243,26,9495,64265,18,6881,Flareon, ,Ground,Ground,43864,Sandslash12,Sandslash,Rival (Silph Co.),00:26:51.45,00:27:12.32,01:46:52.27,35,0,0,27,12,32,EARTHQUAKE,ROCK SLIDE,SWORDS DANCE,DIG,5,8,28,8,0,0,0,0,89,114,93,99,64,64,70,5420,9203,6517,13414,13414,11761,15,15,15,15,4,0,0,0,0,0,0,313,111,64,64,70,80339,100706498,24379,13013,0,41473,256,0,4314,570429383,67120403,134285824,64627,42266,23,42243,8450,5376,2520,33556048,687910441,41,21,4,17924,0,0,0,0,0,10,0,2,0,0,0,0,0,0,0,0,0,256,25856,660,0,0,0,0,0,0,0,0,0,0,0,0,0,0,0,0,19,15787,0,1000000,0,604100,39,5376,1,23296,15104,9476,1,12,1,Flareon
5-07,17:08:54,NINTEN,Sandslash,Rocket,45,Silph Co - 11F,3,27:29.71,27:29,0h27m29s,0,1,1,35,1:48,9.428,EARTHQUAKE,ROCK SLIDE,SWORDS DANCE,DIG,41473,4322,64627,24,42243,29,9498,64265,18,9481,Flareon, ,Ground,Ground,46446,Sandslash12,Sandslash,,00:27:20.28,00:27:29.71,01:48:01.00,35,0,0,27,29,71,EARTHQUAKE,ROCK SLIDE,SWORDS DANCE,DIG,2,8,28,8,0,0,0,0,89,114,93,99,64,64,70,5585,9423,6741,13604,13604,11991,15,15,15,15,0,0,0,0,0,0,0,104,111,64,64,70,84452,100707836,27154,13013,0,41473,256,0,4322,570429391,67120403,134285824,64627,42267,24,42243,8450,5376,3114,33556287,687910441,41,24,4,17924,0,0,0,0,0,11,0,2,0,0,0,0,0,0,0,0,0,256,25856,660,0,0,0,0,0,0,0,0,0,0,0,0,0,0,0,0,22,18369,0,1000000,0,604100,39,5376,1,23296,15104,9476,1,12,1,Flareon
5-07,17:09:27,NINTEN,Sandslash,Giovanni-Silph,2,Silph Co - 11F,4,28:01.93,28:01,0h28m1s,0,1,1,37,1:50,24.724,EARTHQUAKE,ROCK SLIDE,SWORDS DANCE,DIG,41473,4341,64632,25,42243,36,9503,64270,18,10411,Flareon, ,Ground,Ground,51263,Sandslash12,Sandslash,Giovanni (Silph),00:27:37.21,00:28:01.93,01:50:08.33,37,0,0,28,1,93,EARTHQUAKE,ROCK SLIDE,SWORDS DANCE,DIG,0,8,27,6,0,0,0,0,60,120,98,105,67,67,74,5881,9732,7040,13829,13829,12272,15,15,15,15,2,0,0,0,0,0,0,220,118,67,67,74,92105,100709152,33491,13013,0,41473,256,0,4341,570429410,67120403,134285824,64632,42268,25,42243,8450,5376,4143,33556724,687910476,76,28,8,17925,0,0,0,0,0,12,0,3,0,0,0,0,0,0,0,0,0,256,25856,660,0,0,0,0,0,0,0,0,0,0,0,0,0,0,0,0,26,23186,0,1000000,0,604100,39,5376,1,23296,15104,9476,1,12,1,Flareon
5-07,17:10:03,NINTEN,Sandslash,Cooltrainer F,1,Celadon City - Gym,3,28:38.02,28:38,0h28m38s,0,1,1,37,1:52,9.499,EARTHQUAKE,ROCK SLIDE,SWORDS DANCE,DIG,41473,4463,64636,26,42243,39,9506,64270,18,14470,Flareon, ,Ground,Ground,53440,Sandslash12,Sandslash,,00:28:28.52,00:28:38.02,01:52:30.44,37,0,0,28,38,2,EARTHQUAKE,ROCK SLIDE,SWORDS DANCE,DIG,7,10,30,10,0,0,0,0,120,120,98,105,67,67,74,6066,9949,7223,14079,14079,12427,15,15,15,15,0,0,0,0,0,0,0,110,118,67,67,74,100636,100713788,36253,14146,0,41473,256,0,4463,570429532,67120403,134285824,64636,42269,26,42243,8450,5376,4519,33556925,687910476,76,31,8,17925,0,0,0,0,0,12,0,3,0,0,0,0,0,0,0,0,0,256,25856,660,0,0,0,0,0,0,0,0,0,0,0,0,0,0,0,0,29,25363,0,1000000,0,604100,39,5376,1,23296,15104,9476,1,12,1,Flareon
5-07,17:10:26,NINTEN,Sandslash,Erika,1,Celadon City - Gym,3,29:01.43,29:01,0h29m1s,0,1,1,38,1:54,15.174,EARTHQUAKE,ROCK SLIDE,SWORDS DANCE,DIG,41474,4466,64636,27,42243,44,9511,64272,18,15310,Flareon, ,Ground,Ground,56445,Sandslash12,Sandslash,Erika,00:28:46.25,00:29:01.43,01:54:03.20,38,0,0,29,1,43,EARTHQUAKE,ROCK SLIDE,SWORDS DANCE,DIG,3,10,29,10,0,0,0,0,55,123,101,107,69,69,76,6256,10159,7458,14349,14349,12582,15,15,15,15,2,0,0,0,0,0,0,227,120,69,69,76,106192,100714694,40356,14693,0,41474,256,0,4466,570429535,67120403,134285824,64636,42270,27,42243,8450,5376,5075,33557181,687910544,144,35,8,17927,0,0,0,0,0,12,0,3,0,0,0,0,0,0,0,0,0,256,25856,660,0,0,0,0,0,0,0,0,0,0,0,0,0,0,0,0,32,28368,0,1000000,0,604100,39,5376,1,23296,15104,9476,1,12,1,Flareon
5-07,17:10:59,NINTEN,Sandslash,Juggler,3,Fuchsia City - Gym,4,29:34.60,29:34,0h29m34s,0,1,1,39,1:56,12.951,EARTHQUAKE,ROCK SLIDE,SWORDS DANCE,DIG,41474,4521,64640,28,42243,48,9515,64272,19,18478,Flareon, ,Ground,Ground,59436,Sandslash12,Sandslash,,00:29:21.65,00:29:34.60,01:56:13.50,39,0,0,29,34,60,EARTHQUAKE,ROCK SLIDE,SWORDS DANCE,DIG,6,10,30,10,0,0,0,0,127,127,104,111,71,71,78,6476,10338,7623,14739,14739,12813,15,15,15,15,0,0,0,0,0,0,0,117,124,71,71,78,114022,100717972,44034,15567,0,41474,256,0,4521,570429590,67120403,134285824,64640,42271,28,42243,8450,5376,5775,33557500,687910544,144,39,8,17927,0,0,0,0,0,13,0,3,0,0,0,0,0,0,0,0,0,256,25856,660,0,0,0,0,0,0,0,0,0,0,0,0,0,0,0,0,36,31359,0,1000000,0,604100,39,5376,1,23296,15104,9476,1,12,1,Flareon
5-07,17:11:20,NINTEN,Sandslash,Juggler,4,Fuchsia City - Gym,2,29:55.41,29:55,0h29m55s,0,1,1,43,1:57,8.286,EARTHQUAKE,ROCK SLIDE,SWORDS DANCE,DIG,41474,4547,64651,29,42243,52,9517,64274,18,19563,Flareon, ,Ground,Ground,81450,Sandslash12,Sandslash,,00:29:47.12,00:29:55.41,01:57:35.42,43,0,0,29,55,41,EARTHQUAKE,ROCK SLIDE,SWORDS DANCE,DIG,6,10,30,8,0,0,0,0,139,139,114,121,78,78,85,6621,10459,7738,14944,14944,12922,15,15,15,15,0,0,0,0,0,0,0,128,136,78,78,85,118934,100719065,46501,16919,0,41474,256,0,4547,570429616,67120403,134285824,64651,42272,29,42243,8450,5376,6054,33557697,687910544,144,41,10,17927,0,0,0,0,0,13,0,3,0,0,0,0,0,0,0,0,0,256,25856,660,0,0,0,0,0,0,0,0,0,0,0,0,0,0,0,0,38,33302,0,1000000,0,604100,39,5376,1,23296,15104,9476,1,12,1,Flareon
5-07,17:11:43,NINTEN,Sandslash,Koga,1,Fuchsia City - Gym,4,30:18.76,30:18,0h30m18s,0,1,1,43,1:59,16.13,EARTHQUAKE,ROCK SLIDE,SWORDS DANCE,DIG,41475,4554,64654,30,42243,57,9522,64276,18,20753,Flareon, ,Ground,Ground,85142,Sandslash12,Sandslash,Koga,00:30:02.63,00:30:18.76,01:59:08.02,43,0,0,30,18,76,EARTHQUAKE,ROCK SLIDE,SWORDS DANCE,DIG,2,10,29,8,0,0,0,0,115,139,114,121,78,78,85,6871,10689,7948,15154,15154,13147,15,15,15,15,2,0,0,0,0,0,0,256,153,78,78,85,124474,100719765,50813,17447,0,41475,256,0,4554,570429623,67120403,134285824,64654,42273,30,42243,8450,5376,6856,33558189,687910568,168,45,10,17929,0,0,0,0,0,13,0,3,0,0,0,0,0,0,0,0,0,256,25856,660,0,0,0,0,0,0,0,0,0,0,0,0,0,0,0,0,42,36994,0,1000000,0,604100,39,5376,1,23296,15104,9476,1,12,1,Flareon
5-07,17:13:58,NINTEN,Sandslash,Blaine,1,Cinnabar Island - Gym,3,32:33.38,32:33,0h32m33s,0,1,1,45,2:08,17.304,EARTHQUAKE,ROCK SLIDE,SWORDS DANCE,DIG,41476,5157,64699,31,42243,62,9527,64279,20,25703,Flareon, ,Ground,Ground,91492,Sandslash12,Sandslash,Blaine,00:32:16.07,00:32:33.38,02:08:00.02,45,0,0,32,33,38,EARTHQUAKE,ROCK SLIDE,SWORDS DANCE,DIG,7,10,28,10,0,0,0,0,16,145,120,127,82,82,90,7099,10975,8173,17974,17974,16007,15,15,15,15,4,0,0,0,0,0,0,405,142,82,82,101,156394,100740619,55471,23855,0,41476,256,0,5157,570430125,67120403,134285925,64699,42274,31,42243,8450,5376,7993,33558626,687910697,297,48,10,17932,0,0,0,0,0,13,0,3,0,0,0,0,0,0,0,0,0,256,25856,660,0,0,0,0,0,0,0,0,0,0,0,0,0,0,0,0,45,43344,0,1000000,0,604100,45,5376,1,23296,15104,9477,1,12,1,Flareon
5-07,17:14:47,NINTEN,Sandslash,Sabrina,1,Saffron City - Gym,3,33:22.02,33:22,0h33m22s,0,1,1,47,2:11,10.939,EARTHQUAKE,ROCK SLIDE,SWORDS DANCE,DIG,41477,5250,64700,32,42243,65,9530,64281,20,31049,Flareon, ,Ground,Ground,108148,Sandslash12,Sandslash,Sabrina,00:33:11.08,00:33:22.02,02:11:11.22,47,0,0,33,22,2,EARTHQUAKE,ROCK SLIDE,SWORDS DANCE,DIG,7,10,30,10,0,0,0,0,139,151,125,132,86,86,94,7219,11080,8263,18334,18334,16322,15,15,15,15,0,0,0,0,0,0,0,140,148,96,96,105,167874,100745228,58575,27622,0,41477,256,0,5250,570430218,67120403,134285925,64700,42275,32,42243,8450,5376,8594,33558950,687910709,309,51,11,17933,0,0,0,0,0,13,0,3,0,0,0,0,0,0,0,0,0,256,25856,660,0,0,0,0,0,0,0,0,0,0,0,0,0,0,0,0,48,47669,0,1000000,0,604100,45,5376,1,23296,15104,9477,1,12,1,Flareon
5-07,17:15:09,NINTEN,Sandslash,Cooltrainer M,10,Viridian City - Gym,1,33:44.20,33:44,0h33m44s,0,1,1,47,2:12,4.563,EARTHQUAKE,ROCK SLIDE,SWORDS DANCE,DIG,41477,5319,64700,33,42243,66,9531,64281,20,35999,Flareon, ,Ground,Ground,109391,Sandslash12,Sandslash,,00:33:39.63,00:33:44.20,02:12:38.40,47,0,0,33,44,20,EARTHQUAKE,ROCK SLIDE,SWORDS DANCE,DIG,6,10,30,10,0,0,0,0,139,151,125,132,86,86,94,7299,11165,8358,18364,18364,16347,15,15,15,15,0,0,0,0,0,0,0,140,148,96,96,105,173112,100748082,60349,28232,0,41477,256,0,5319,570430287,67120403,134285925,64700,42276,33,42243,8450,5376,8761,33559078,687910709,309,52,11,17933,0,0,0,0,0,13,0,3,0,0,0,0,0,0,0,0,0,256,25856,660,0,0,0,0,0,0,0,0,0,0,0,0,0,0,0,0,49,48912,0,1000000,0,604100,45,5376,1,23296,15104,9477,1,12,1,Flareon
5-07,17:15:24,NINTEN,Sandslash,Blackbelt,8,Viridian City - Gym,3,33:58.93,33:58,0h33m58s,0,1,1,48,2:13,10.263,EARTHQUAKE,ROCK SLIDE,SWORDS DANCE,DIG,41477,5329,64711,34,42243,69,9534,64281,20,37504,Flareon, ,Ground,Ground,112482,Sandslash12,Sandslash,,00:33:48.67,00:33:58.93,02:13:36.48,48,0,0,33,58,93,EARTHQUAKE,ROCK SLIDE,SWORDS DANCE,DIG,3,10,30,10,0,0,0,0,142,154,127,136,88,88,97,7529,11445,8548,18499,18499,16472,15,15,15,15,0,0,0,0,0,0,0,142,153,99,99,109,176600,100748609,63310,28232,0,41477,256,0,5329,570430297,67120403,134285925,64711,42277,34,42243,8450,5376,9177,33559413,687910709,309,55,11,17933,0,0,0,0,0,13,0,3,0,0,0,0,0,0,0,0,0,256,25856,660,0,0,0,0,0,0,0,0,0,0,0,0,0,0,0,0,52,52003,0,1000000,0,604100,45,5376,1,23296,15104,9477,1,12,1,Flareon
5-07,17:16:03,NINTEN,Sandslash,Giovanni,3,Viridian City - Gym,5,34:38.49,34:38,0h34m38s,0,1,1,49,2:16,22.79,EARTHQUAKE,ROCK SLIDE,SWORDS DANCE,DIG,41478,5397,64723,35,42243,75,9540,64284,19,38454,Flareon, ,Ground,Ground,122703,Sandslash12,Sandslash,Giovanni,00:34:15.70,00:34:38.49,02:16:13.09,49,0,0,34,38,49,EARTHQUAKE,ROCK SLIDE,SWORDS DANCE,DIG,5,10,29,10,0,0,0,0,39,157,130,138,90,90,99,7905,11899,8942,18829,18829,16908,15,15,15,15,2,0,0,0,0,0,0,292,155,101,101,111,185981,100750842,69181,29509,0,41478,256,0,5397,570430365,67120403,134285925,64723,42278,35,42243,8450,5376,10594,33560173,687910815,415,60,11,17936,0,0,0,0,0,13,0,4,0,0,0,0,0,0,0,0,0,256,25856,660,0,0,0,0,0,0,0,0,0,0,0,0,0,0,0,0,57,62224,0,1000000,0,604100,45,5376,1,23296,15104,9477,1,12,1,Flareon
5-07,17:17:01,NINTEN,Sandslash,Rival6-Route 22,9,Route 22,6,35:36.36,35:36,0h35m36s,0,1,1,51,2:20,30.567,EARTHQUAKE,ROCK SLIDE,SWORDS DANCE,DIG,41479,5537,64729,36,42243,84,9549,64287,20,43899,Flareon, ,Ground,Ground,132667,Sandslash12,Sandslash,Rival (Final),00:35:05.78,00:35:36.36,02:20:02.16,51,0,0,35,36,36,EARTHQUAKE,ROCK SLIDE,SWORDS DANCE,DIG,4,10,27,10,0,0,0,0,105,164,136,144,94,94,103,8245,12359,9497,19379,19379,17323,15,15,15,15,6,0,0,0,0,0,0,612,162,105,105,115,199728,100755805,77129,30345,0,41479,256,0,5537,570430505,67120403,134285925,64729,42279,36,42243,8450,5376,13210,33560890,687910874,474,66,11,17938,0,0,0,0,0,14,0,5,0,0,0,0,0,0,0,0,0,256,25856,660,0,0,0,0,0,0,0,0,0,0,0,0,0,0,0,0,63,72188,0,1000000,0,604100,45,5376,1,23296,15104,9477,1,12,1,Flareon
5-07,17:20:42,NINTEN,Sandslash,Lorelei,1,Lorelei's Room,5,39:17.58,39:17,0h39m17s,4,1,5,54,2:30,23.363,EARTHQUAKE,ROCK SLIDE,SWORDS DANCE,DIG,41481,6221,64869,37,42243,93,9557,64289,18,35344,Flareon, ,Ground,Ground,159386,Sandslash12,Sandslash,Lorelei,00:38:54.22,00:39:17.58,02:30:35.23,54,4,0,39,17,58,EARTHQUAKE,ROCK SLIDE,SWORDS DANCE,DIG,5,10,28,9,0,0,0,0,173,173,144,153,99,99,109,8675,12734,9982,19829,19829,17648,15,15,15,15,4,0,0,0,0,0,0,486,172,111,111,122,237725,100780770,83177,36860,469,41481,258,0,6221,570430703,67120853,134285961,64869,42280,37,42243,8450,5376,14879,33561832,687910874,474,72,12,17938,0,0,0,0,0,14,0,5,0,0,0,0,0,0,0,0,0,256,25856,660,0,0,0,0,0,0,0,0,0,0,0,0,1,0,0,0,68,82697,0,1000000,0,604100,46,5380,1,23296,15104,9477,1,12,5,Flareon
5-07,17:21:07,NINTEN,Sandslash,Bruno,1,Bruno's Room,5,39:42.45,39:42,0h39m42s,4,1,5,55,2:32,18.559,EARTHQUAKE,ROCK SLIDE,SWORDS DANCE,DIG,41481,6234,64870,38,42243,99,9563,64290,18,40888,Flareon, ,Ground,Ground,167593,Sandslash12,Sandslash,Bruno,00:39:23.90,00:39:42.45,02:32:13.30,55,4,0,39,42,45,EARTHQUAKE,ROCK SLIDE,SWORDS DANCE,DIG,0,10,27,9,0,0,0,0,168,176,146,156,101,101,111,8935,13179,10514,20024,20024,18006,15,15,15,15,2,0,0,0,0,0,0,328,175,113,113,124,243612,100781780,88054,36860,469,41481,258,0,6234,570430716,67120853,134285961,64870,42281,38,42243,8450,5376,16008,33562491,687910882,482,77,12,17939,0,0,0,0,0,15,0,5,0,0,0,0,0,0,0,0,0,256,25856,660,0,0,0,0,0,0,0,0,0,0,0,0,1,0,0,0,73,90904,0,1000000,0,604100,46,5380,1,23296,15104,9477,1,12,5,Flareon
5-07,17:21:41,NINTEN,Sandslash,Agatha,1,Agatha's Room,5,40:16.22,40:16,0h40m16s,4,1,5,56,2:34,22.247,EARTHQUAKE,ROCK SLIDE,SWORDS DANCE,DIG,41482,6245,64872,39,42243,106,9570,64293,18,46630,Flareon, ,Ground,Ground,177679,Sandslash12,Sandslash,Agatha,00:39:53.97,00:40:16.22,02:34:26.45,56,4,0,40,16,22,EARTHQUAKE,ROCK SLIDE,SWORDS DANCE,DIG,6,8,29,10,0,0,0,0,124,180,150,159,103,103,113,9235,13524,10818,20539,20539,18491,15,15,15,15,2,0,0,0,0,0,0,337,178,115,115,127,251607,100782756,93816,38117,469,41482,258,0,6245,570430727,67120853,134285961,64872,42282,39,42243,8450,5376,18285,33563211,687910938,538,82,14,17941,0,0,0,0,0,16,0,5,0,0,0,0,0,0,0,0,0,256,25856,660,0,0,0,0,0,0,0,0,0,0,0,0,1,0,0,0,78,100990,0,1000000,0,604100,46,5380,1,23296,15104,9477,1,12,5,Flareon
5-07,17:22:25,NINTEN,Sandslash,Lance,1,Lance's Room,5,41:00.31,41:00,0h41m0s,4,1,5,57,2:37,28.991,EARTHQUAKE,ROCK SLIDE,SWORDS DANCE,DIG,41483,6295,64874,40,42243,116,9580,64296,18,52570,Flareon, ,Ground,Ground,189285,Sandslash12,Sandslash,Lance,00:40:31.32,00:41:00.31,02:37:21.01,57,4,0,41,0,31,EARTHQUAKE,ROCK SLIDE,SWORDS DANCE,DIG,8,5,27,10,0,0,0,0,11,183,152,162,105,105,115,9623,14056,11187,20939,20939,18922,15,15,15,15,6,0,0,0,0,0,0,684,182,118,118,129,262063,100784521,101157,39467,469,41483,258,0,6295,570430777,67120853,134285961,64874,42283,40,42243,8450,5376,20505,33564215,687911110,710,88,16,17943,0,0,0,0,0,17,0,5,0,0,0,0,0,0,0,0,0,256,25856,660,0,0,0,0,0,0,0,0,0,0,0,0,1,0,0,0,83,112596,0,1000000,0,604100,46,5380,1,23296,15104,9477,1,12,5,Flareon
5-07,17:23:40,NINTEN,Sandslash,Champion,2,Champions Room,6,42:15.31,42:15,0h42m15s,5,1,6,58,2:40,36.235,EARTHQUAKE,ROCK SLIDE,SWORDS DANCE,DIG,41484,6303,64874,41,42243,126,9590,64300,18,58708,Flareon, ,Ground,Ground,204136,Sandslash12,Sandslash,Champion,00:41:39.07,00:42:15.31,02:40:44.58,58,5,0,42,15,31,EARTHQUAKE,ROCK SLIDE,SWORDS DANCE,DIG,3,10,27,10,0,0,0,0,122,186,155,165,107,107,117,10013,14586,11762,21569,21569,19367,15,15,15,15,6,0,0,0,0,0,0,697,185,120,120,131,274305,100786166,110340,40725,625,41484,259,0,6303,570430785,67120853,134285961,64874,42284,41,42243,8450,5376,23927,33565182,687911174,774,95,17,17946,0,0,0,0,0,17,0,6,0,0,0,0,0,0,0,0,0,256,25856,660,0,0,0,0,0,0,0,0,0,0,0,0,1,0,0,0,89,127447,0,1000000,0,604100,46,5380,1,23296,15104,9477,1,12,6,Flareon
5-07,17:24:02,NINTEN,Sandslash,Champion,2,Hall of Fame,6,42:15.31,42:15,0h42m15s,5,1,6,58,2:42,58.588,EARTHQUAKE,ROCK SLIDE,SWORDS DANCE,DIG,41484,6312,64875,41,42243,126,9590,64300,18,65143,Flareon, ,Ground,Ground,204136,Sandslash12,Sandslash,Champion,00:41:39.07,00:42:15.31,02:42:13.35,58,5,0,42,15,31,EARTHQUAKE,ROCK SLIDE,SWORDS DANCE,DIG,3,10,27,10,0,0,0,0,122,186,155,165,107,107,117,10013,14586,11762,21569,21569,19367,15,15,15,15,6,0,0,0,0,0,0,697,185,120,120,131,279622,100791016,110807,40725,625,41484,259,0,6312,570430794,67120853,134285961,64875,42284,41,42243,8450,5376,23927,33565182,687911174,774,95,17,17946,0,0,0,0,0,17,0,6,0,0,0,0,0,0,0,0,0,256,25856,660,0,0,0,0,0,0,0,0,0,0,0,0,1,0,0,0,89,127447,0,1000000,0,604100,46,5380,1,23296,15104,9477,1,12,6,Flareon
