date_string,time_string,player_name,pokemon,trainer_name,trainer_id,location,total_pokemon,real_time_total,real_time_hmmss,real_time_file_label,resets,blackouts,failures,level,game_time,battle_duration,move1,move2,move3,move4,move1pp,move2pp,move3pp,move4pp,move1ppUp,move2ppUp,move3ppUp,move4ppUp,saves,steps,bonks,trainerBattles,wildBattles,battleTurns,playerTurns,enemyTurns,itemsInBag,money,rivalTeam,statusCondition,type1,type2,experience,ROM,Species,Trainer,Start Time,Real Time,Game Time,Level,Resets,RTHours,RTMinutes,RTSeconds,RTMilliseconds,Move 1,Move 2,Move 3,Move 4,Hp,Max HP,Attack,Defense,Sp. Attack,Sp. Defense,Speed,Attack DV,Defense DV,Speed DV,Special DV,StatExp HP,StatExp Attack,StatExp Def,StatExp Sp. Attack,StatExp Sp. Defense,StatExp Speed,Attack Stage,Defense Stage,Sp. Attack Stage,Sp. Defense Stage,Speed Stage,Accuracy Stage,Evasion Stage,Battle Attack,Battle Defense,Battle Sp. Attack,Battle Sp. Defense,Battle Speed,Frame Count,Overworld Frame Count,Battle Frame Count,Menu Frame Count,Intro Frame Count,Save Count,Reload Count,Clock Reset Count,Steps Count,Steps Count Walk,Steps Count Bike,Steps Count Surf,Bonks,Battles,Trainer Battles,Wild Battles,Battles Fled,Failed Runs,Total Damage Dealt,Actual Damage Dealt,Total Damage Taken,Actual Damage Taken,Own Moves Hit,Own Moves Missed,Enemy Moves Hit,Enemy Moves Missed,Own Moves Super Effective,Own Moves Not Very Effective,Enemy Moves Super Effective,Enemy Moves Not Very Effective,Criticals Dealt,OHKOs Dealt,Criticals Taken,OHKOs Taken,Was Confused,Enemy Became Confused,Was Paralyzed,Enemy Was Paralyzed,Was Burned,Enemy Was Burned,Was Frozen,Enemy Was Frozen,Was Poisoned,Enemy Was Poisoned,Was Badly Poisoned,Enemy Was Badly Poisoned,Fell Asleep,Enemy Fell Asleep,Player Turns Confused,Player Turns Confused Hit Self,Player Turns Paralyzed,Player Turns Paralyzed Fully,Enemy Turns Confused,Enemy Turns Confused Hit Self,Enemy Turns Paralyzed,Enemy Turns Paralyzed Fully, Player Turns Asleep, Enemy Turns Asleep,Player HP Healed,Enemy HP Healed,Player Pokemon Fainted,Enemy Pokemon Fainted,Experience Gained,Switchouts,Money Made,Money Spent,Money Lost,Items Picked Up,Items Bought,Items Sold,Balls Thrown,Pokemon Caught In Balls,Moves Learnt,Blackouts,Attempt Number,Failures, Rival's Team
11-08,14:27:29,NINTEN,Pikachu,Rival1-Lab,1,Pallet Town - Oak's Lab,1,43.13,43,0h0m43s,0,0,0,6,0:02,9.542,THUNDERSHOCK,GROWL,TAIL WHIP,,0,71,1,1,1,5,5,4,0,3000,Jolteon, ,Electric,Electric,222,Pikachu7,Pikachu,Rival (Lab),00:00:33.59,00:00:43.13,00:02:17.07,6,0,0,0,43,13,THUNDERSHOCK,GROWL,TAIL WHIP,,25,40,30,0,0,0,0,0,16,22,13,10,12,12,17,55,55,50,65,65,55,15,15,15,15,0,-1,0,0,0,0,0,13,6,12,12,17,10169,4745,3454,0,1970,0,0,0,71,71,0,0,1,2,1,1,0,0,25,21,6,6,5,2,2,0,0,0,0,0,0,0,0,0,0,0,0,0,0,0,0,0,0,0,0,0,0,0,0,0,0,0,0,0,0,0,0,0,0,0,0,1,97,0,0,0,0,0,0,0,0,0,0,0,7,0,Jolteon
11-08,14:29:16,NINTEN,Pikachu,Rival1a-Route 22,2,Route 22,2,2:29.88,2:29,0h2m29s,0,0,0,8,0:09,13.67,THUNDERSHOCK,GROWL,TAIL WHIP,THUNDER WAVE,0,475,25,2,7,20,20,12,4,75,Flareon, ,Electric,Electric,645,Pikachu7,Pikachu,Rival (Optional),00:02:16.21,00:02:29.88,00:09:13.47,8,0,0,2,29,88,THUNDERSHOCK,GROWL,TAIL WHIP,THUNDER WAVE,23,40,30,20,0,0,0,0,3,26,16,12,15,15,22,380,451,365,361,361,532,15,15,15,15,0,-1,0,0,0,0,0,16,7,15,15,22,35169,19882,13317,0,1970,0,0,0,475,475,0,0,25,9,2,7,0,0,233,171,35,35,20,3,9,0,0,0,0,0,4,0,0,0,0,0,1,0,0,0,0,0,0,0,0,0,0,0,0,0,0,0,0,0,1,0,0,0,0,0,0,9,520,0,0,0,0,0,13,0,0,0,1,0,7,0,Flareon
11-08,14:30:01,NINTEN,Pikachu,Lass,19,Viridian Forest,2,3:14.84,3:14,0h3m14s,0,0,0,9,0:12,11.499,THUNDERSHOCK,GROWL,TAIL WHIP,THUNDER WAVE,0,642,35,3,9,27,27,16,4,355,Jolteon, ,Electric,Electric,818,Pikachu7,Pikachu,,00:03:03.34,00:03:14.84,00:12:10.07,9,0,0,3,14,84,THUNDERSHOCK,GROWL,TAIL WHIP,THUNDER WAVE,23,40,30,20,0,0,0,0,25,28,18,13,17,17,24,526,585,492,461,461,668,15,15,15,15,-2,-1,0,0,0,0,0,9,8,17,17,24,45749,25660,18119,0,1970,0,0,0,642,642,0,0,35,12,3,9,0,0,318,231,38,38,26,4,13,0,0,0,0,0,6,0,0,0,0,0,1,0,0,0,0,0,0,0,0,0,0,0,0,0,0,0,0,0,1,0,0,0,0,0,0,12,693,0,0,0,0,0,13,0,0,0,2,0,7,0,Jolteon
11-08,14:30:20,NINTEN,Pikachu,Bug Catcher,1,Viridian Forest,2,3:34.07,3:34,0h3m34s,0,0,0,10,0:13,9.107,THUNDERSHOCK,GROWL,TAIL WHIP,THUNDER WAVE,0,679,36,4,10,33,33,19,4,445,Jolteon, ,Electric,Electric,1021,Pikachu7,Pikachu,,00:03:24.96,00:03:34.07,00:13:24.43,10,0,0,3,34,7,THUNDERSHOCK,GROWL,TAIL WHIP,THUNDER WAVE,17,40,30,20,0,0,0,0,24,30,19,14,18,18,26,661,675,597,521,521,803,15,15,15,15,0,0,0,0,-1,0,0,19,14,18,18,17,50225,26610,21645,0,1970,0,0,0,679,679,0,0,36,14,4,10,0,0,399,301,41,41,32,5,15,0,0,0,0,0,6,0,0,0,0,0,1,0,0,0,0,0,0,0,0,0,0,0,0,0,0,0,0,0,1,0,0,0,0,0,0,15,896,0,0,0,0,0,13,0,0,0,2,0,7,0,Jolteon
11-08,14:30:35,NINTEN,Pikachu,Bug Catcher,2,Viridian Forest,3,3:48.83,3:48,0h3m48s,0,0,0,10,0:14,10.796,THUNDERSHOCK,GROWL,TAIL WHIP,THUNDER WAVE,0,694,37,5,10,38,38,21,4,515,Jolteon, ,Electric,Electric,1270,Pikachu7,Pikachu,,00:03:38.03,00:03:48.83,00:14:22.17,10,0,0,3,48,83,THUNDERSHOCK,GROWL,TAIL WHIP,THUNDER WAVE,12,40,30,20,0,0,0,0,21,30,19,14,18,18,26,806,745,742,591,591,908,15,15,15,15,0,0,0,0,0,0,0,19,14,18,18,26,53679,27124,24585,0,1970,0,0,0,694,694,0,0,37,15,5,10,0,0,492,367,44,44,37,5,16,0,0,0,0,0,7,0,1,0,0,0,1,0,0,0,0,0,0,0,0,0,0,0,0,0,0,0,0,0,1,0,0,0,0,0,0,18,1145,0,0,0,0,0,13,0,0,0,2,0,7,0,Jolteon
11-08,14:30:56,NINTEN,Pikachu,Bug Catcher,15,Viridian Forest,2,4:09.54,4:09,0h4m9s,0,0,0,11,0:15,15.181,THUNDERSHOCK,GROWL,TAIL WHIP,QUICK ATTACK,0,725,40,6,10,43,43,24,4,575,Jolteon, ,Electric,Electric,1483,Pikachu7,Pikachu,,00:03:54.36,00:04:09.54,00:15:43.39,11,0,0,4,9,54,THUNDERSHOCK,GROWL,TAIL WHIP,QUICK ATTACK,8,39,30,30,0,0,0,0,20,32,21,15,19,19,28,901,795,832,636,636,983,15,15,15,15,0,0,0,0,-2,0,0,21,15,19,19,14,58561,27997,28594,0,1970,0,0,0,725,725,0,0,40,16,6,10,0,0,548,420,47,47,42,5,19,0,0,0,0,0,7,0,1,0,0,0,2,0,0,0,0,0,0,0,0,0,0,0,0,0,0,0,0,0,2,0,0,0,0,0,0,20,1358,0,0,0,0,1,13,0,0,0,3,0,7,0,Jolteon
11-08,14:31:24,NINTEN,Pikachu,Bug Catcher,3,Viridian Forest,1,4:38.46,4:38,0h4m38s,0,0,0,12,0:17,8.218,THUNDERSHOCK,GROWL,TAIL WHIP,QUICK ATTACK,0,797,42,7,12,51,51,29,4,655,Jolteon, ,Electric,Electric,1787,Pikachu7,Pikachu,,00:04:30.25,00:04:38.46,00:17:36.03,12,0,0,4,38,46,THUNDERSHOCK,GROWL,TAIL WHIP,QUICK ATTACK,2,39,30,28,0,0,0,0,18,34,22,16,21,21,31,1049,930,962,741,741,1155,15,15,15,15,0,0,0,0,-1,0,0,22,16,21,21,20,65305,29839,33496,0,1970,0,0,0,797,797,0,0,42,19,7,12,0,0,670,504,51,51,48,7,24,0,0,0,0,0,8,0,1,0,0,0,2,0,0,0,0,0,0,0,0,0,0,0,0,0,0,0,0,0,2,0,0,0,0,0,0,23,1662,0,0,0,0,3,13,0,0,0,3,0,7,0,Jolteon
11-08,14:35:05,NINTEN,Pikachu,Jr Trainer M,1,Pewter City - Gym,2,8:19.24,8:19,0h8m19s,0,0,0,15,0:31,12.93,THUNDERSHOCK,GROWL,TAIL WHIP,QUICK ATTACK,0,1452,59,8,49,95,95,34,4,755,Jolteon, ,Electric,Electric,3598,Pikachu7,Pikachu,,00:08:06.31,00:08:19.24,00:31:36.29,15,0,0,8,19,24,THUNDERSHOCK,GROWL,TAIL WHIP,QUICK ATTACK,30,40,30,26,0,0,0,0,30,41,27,20,26,26,38,2792,2236,2647,1766,1766,2931,15,15,15,15,0,0,0,0,0,0,0,27,20,26,26,38,115731,44844,68917,0,1970,0,0,0,1452,1452,0,0,59,57,8,49,0,0,2007,1252,66,66,92,7,28,0,0,0,0,0,20,0,1,0,0,0,2,0,0,0,0,0,0,0,0,0,0,0,0,0,0,0,0,0,2,0,0,0,0,0,0,62,3473,0,0,0,0,3,13,0,0,0,3,0,7,0,Jolteon
11-08,14:36:05,NINTEN,Pikachu,Brock,1,Pewter City - Gym,2,9:19.14,9:19,0h9m19s,0,0,0,15,0:35,50.576,THUNDERSHOCK,GROWL,TAIL WHIP,QUICK ATTACK,1,1456,60,9,49,126,126,51,4,935,Jolteon, ,Electric,Electric,4058,Pikachu7,Pikachu,Brock,00:08:28.56,00:09:19.14,00:35:33.34,15,0,0,9,19,14,THUNDERSHOCK,GROWL,TAIL WHIP,QUICK ATTACK,30,31,20,14,0,0,0,0,8,41,27,20,26,26,38,2867,2361,2907,1826,1826,3021,15,15,15,15,0,-2,0,0,0,0,0,27,10,26,26,38,129956,45428,81585,973,1970,1,0,0,1456,1456,0,0,60,58,9,49,0,0,2073,1313,99,99,123,12,39,0,0,0,0,0,24,0,3,0,0,0,2,0,0,0,0,0,0,0,0,0,0,0,0,0,0,0,0,0,2,0,0,0,0,0,0,64,3933,0,0,0,0,3,13,0,0,0,3,0,7,0,Jolteon
11-08,14:36:34,NINTEN,Pikachu,Bug Catcher,4,Route 3,3,9:47.67,9:47,0h9m47s,0,0,0,16,0:37,12.395,THUNDERSHOCK,GROWL,TAIL WHIP,QUICK ATTACK,1,1531,60,10,49,131,131,53,5,2123,Jolteon, ,Electric,Electric,4393,Pikachu7,Pikachu,,00:09:35.28,00:09:47.67,00:37:25.37,16,0,0,9,47,67,THUNDERSHOCK,GROWL,TAIL WHIP,QUICK ATTACK,27,31,20,12,0,0,0,0,25,44,29,21,27,27,40,2997,2456,3007,1886,1886,3161,15,15,15,15,0,0,0,0,0,0,0,32,21,27,27,40,136679,47630,85490,1589,1970,1,0,0,1531,1531,0,0,60,59,10,49,0,0,2198,1402,105,105,128,12,41,0,0,0,0,0,25,0,3,0,0,0,2,0,0,0,0,0,0,0,0,0,0,0,0,0,0,0,0,0,2,0,0,0,0,0,0,67,4268,0,0,0,0,3,13,0,0,0,3,0,7,0,Jolteon
11-08,14:36:50,NINTEN,Pikachu,Youngster Ben,1,Route 3,2,10:03.74,10:03,0h10m3s,0,0,0,16,0:38,10.204,THUNDERSHOCK,GROWL,TAIL WHIP,QUICK ATTACK,1,1535,60,11,49,136,135,56,5,2223,Jolteon, ,Electric,Electric,4671,Pikachu7,Pikachu,,00:09:53.53,00:10:03.74,00:38:28.13,16,0,0,10,3,74,THUNDERSHOCK,GROWL,TAIL WHIP,QUICK ATTACK,23,31,20,12,0,0,0,0,20,44,29,21,27,27,40,3062,2572,3086,1951,1951,3288,15,15,15,15,0,0,0,0,0,0,0,32,21,27,27,40,140435,48042,88370,2053,1970,1,0,0,1535,1535,0,0,60,60,11,49,0,0,2273,1461,129,129,132,12,44,0,0,0,0,0,25,0,4,0,0,0,2,0,0,0,0,0,0,0,0,0,0,0,0,0,0,0,0,0,2,0,0,0,0,0,0,69,4546,0,0,0,0,3,13,0,0,0,3,0,7,0,Jolteon
11-08,14:36:59,NINTEN,Pikachu,Lass,1,Route 3,2,10:12.63,10:12,0h10m12s,0,0,0,16,0:39,5.756,THUNDERSHOCK,GROWL,TAIL WHIP,QUICK ATTACK,1,1540,61,12,49,138,137,56,5,2388,Jolteon, ,Electric,Electric,4881,Pikachu7,Pikachu,,00:10:06.88,00:10:12.63,00:39:02.33,16,0,0,10,12,63,THUNDERSHOCK,GROWL,TAIL WHIP,QUICK ATTACK,21,31,20,12,0,0,0,0,20,44,29,21,27,27,40,3142,2662,3166,2021,2021,3400,15,15,15,15,0,0,0,0,0,0,0,32,21,27,27,40,142495,48291,90181,2053,1970,1,0,0,1540,1540,0,0,61,61,12,49,0,0,2361,1515,129,129,134,12,44,0,0,0,0,0,25,0,4,0,0,0,2,0,0,0,0,0,0,0,0,0,0,0,0,0,0,0,0,0,2,0,0,0,0,0,0,71,4756,0,0,0,0,3,13,0,0,0,3,0,7,0,Jolteon
11-08,14:37:24,NINTEN,Pikachu,Bug Catcher,5,Route 3,4,10:38.16,10:38,0h10m38s,0,0,0,17,0:40,16.926,THUNDERSHOCK,GROWL,TAIL WHIP,QUICK ATTACK,1,1559,71,13,49,145,144,59,5,2523,Jolteon,Poisoned,Electric,Electric,5356,Pikachu7,Pikachu,,00:10:21.24,00:10:38.16,00:40:42.41,17,0,0,10,38,16,THUNDERSHOCK,GROWL,TAIL WHIP,QUICK ATTACK,15,31,20,11,0,0,0,0,36,46,31,22,28,28,43,3322,2772,3336,2111,2111,3560,15,15,15,15,0,0,0,0,-1,0,0,38,22,28,28,28,148503,49157,94627,2749,1970,1,0,0,1559,1559,0,0,71,62,13,49,0,0,2548,1627,135,135,141,12,46,0,0,0,0,0,26,0,4,0,0,0,2,0,0,0,0,0,0,1,0,0,0,0,0,0,0,0,0,0,2,0,0,0,0,0,0,75,5231,0,0,0,0,3,13,0,0,0,3,0,7,0,Jolteon
11-08,14:37:32,NINTEN,Pikachu,Youngster,2,Route 3,1,10:45.72,10:45,0h10m45s,0,0,0,17,0:41,3.758,THUNDERSHOCK,GROWL,TAIL WHIP,QUICK ATTACK,1,1566,84,14,49,146,145,59,5,2613,Jolteon,Poisoned,Electric,Electric,5530,Pikachu7,Pikachu,,00:10:41.96,00:10:45.72,00:41:11.48,17,0,0,10,45,72,THUNDERSHOCK,GROWL,TAIL WHIP,QUICK ATTACK,14,31,20,11,0,0,0,0,35,46,31,22,28,28,43,3362,2832,3366,2142,2142,3630,15,15,15,15,0,0,0,0,0,0,0,34,22,28,28,43,150250,49519,96012,2749,1970,1,0,0,1566,1566,0,0,84,63,14,49,0,0,2585,1664,135,135,142,12,46,0,0,0,0,0,26,0,4,0,0,0,2,0,0,0,0,0,0,1,0,0,0,0,0,0,0,0,0,0,2,0,0,0,0,0,0,76,5405,0,0,0,0,3,13,0,0,0,3,0,7,0,Jolteon
11-08,14:37:49,NINTEN,Pikachu,Lass,2,Route 3,2,11:02.81,11:02,0h11m2s,0,0,0,17,0:42,8.351,THUNDERSHOCK,GROWL,TAIL WHIP,QUICK ATTACK,1,1604,87,15,49,150,149,61,5,2823,Jolteon, ,Electric,Electric,5778,Pikachu7,Pikachu,,00:10:54.46,00:11:02.81,00:42:18.34,17,0,0,11,2,81,THUNDERSHOCK,GROWL,TAIL WHIP,QUICK ATTACK,10,31,20,11,0,0,0,0,35,46,31,22,28,28,43,3438,2945,3441,2207,2207,3752,15,15,15,15,0,-2,0,0,0,0,0,42,11,28,28,43,154256,50646,98437,3203,1970,1,0,0,1604,1604,0,0,87,64,15,49,0,0,2670,1721,135,135,146,12,48,0,0,0,0,0,26,0,4,0,0,0,2,0,0,0,0,0,0,1,0,0,0,0,0,0,0,0,0,0,2,0,0,0,0,0,0,78,5653,0,0,0,0,3,13,0,0,0,3,0,7,0,Jolteon
11-08,14:38:00,NINTEN,Pikachu,Bug Catcher,6,Route 3,2,11:14.50,11:14,0h11m14s,0,0,0,18,0:43,9.159,THUNDERSHOCK,GROWL,TAIL WHIP,QUICK ATTACK,1,1605,89,16,49,154,153,63,5,2973,Jolteon, ,Electric,Electric,6071,Pikachu7,Pikachu,,00:11:05.34,00:11:14.50,00:43:03.58,18,0,0,11,14,50,THUNDERSHOCK,GROWL,TAIL WHIP,QUICK ATTACK,6,31,20,11,0,0,0,0,34,48,32,23,30,30,45,3533,2995,3531,2252,2252,3827,15,15,15,15,0,0,0,0,0,0,0,36,23,30,30,45,156980,50778,101029,3203,1970,1,0,0,1605,1605,0,0,89,65,16,49,0,0,2768,1786,138,138,150,12,49,0,0,0,0,0,26,0,4,0,0,0,2,0,0,0,0,0,0,1,0,0,0,0,0,0,0,0,0,0,2,0,0,0,0,0,0,80,5946,0,0,0,0,3,13,0,0,0,3,0,7,0,Jolteon
11-08,14:38:12,NINTEN,Pikachu,Lass,3,Route 3,1,11:26.03,11:26,0h11m26s,0,0,0,18,0:43,7.826,THUNDERSHOCK,GROWL,TAIL WHIP,QUICK ATTACK,1,1618,89,17,49,158,157,66,5,3083,Jolteon, ,Electric,Electric,6299,Pikachu7,Pikachu,,00:11:18.21,00:11:26.03,00:43:48.56,18,0,0,11,26,3,THUNDERSHOCK,GROWL,TAIL WHIP,QUICK ATTACK,3,30,20,11,0,0,0,0,22,48,32,23,30,30,45,3648,3040,3551,2277,2277,3847,15,15,15,15,0,0,0,0,0,0,0,36,23,30,30,45,159678,51160,103345,3203,1970,1,0,0,1618,1618,0,0,89,66,17,49,0,0,2837,1844,150,150,154,12,51,0,0,0,0,0,26,0,4,0,0,0,2,0,0,0,0,0,0,1,0,0,0,0,0,0,0,0,0,0,2,0,0,0,0,0,0,81,6174,0,0,0,0,3,13,0,0,0,3,0,7,0,Jolteon
11-08,14:38:36,NINTEN,Pikachu,Bug Catcher,7,Mt Moon - 1,2,11:49.54,11:49,0h11m49s,0,0,0,18,0:45,8.601,THUNDERSHOCK,GROWL,TAIL WHIP,QUICK ATTACK,1,1717,94,18,49,161,160,67,5,3293,Jolteon, ,Electric,Electric,6586,Pikachu7,Pikachu,,00:11:40.93,00:11:49.54,00:45:21.03,18,0,0,11,49,54,THUNDERSHOCK,GROWL,TAIL WHIP,QUICK ATTACK,28,40,30,29,0,0,0,0,45,48,32,23,30,30,45,3733,3100,3631,2322,2322,3932,15,15,15,15,0,0,0,0,0,0,0,36,23,30,30,45,165205,54300,105732,3203,1970,1,0,0,1717,1717,0,0,94,67,18,49,0,0,2934,1907,153,153,157,12,52,0,0,0,0,0,27,0,4,0,0,0,2,0,0,0,0,0,0,1,0,0,0,0,0,0,0,0,0,0,2,0,0,0,0,0,0,83,6461,0,0,0,0,3,13,0,0,0,3,0,7,0,Jolteon
11-08,14:38:47,NINTEN,Pikachu,Lass,6,Mt Moon - 1,1,12:01.28,12:01,0h12m1s,0,0,0,18,0:46,8.617,THUNDERSHOCK,GROWL,TAIL WHIP,QUICK ATTACK,1,1728,95,19,49,165,164,70,5,3403,Jolteon, ,Electric,Electric,6790,Pikachu7,Pikachu,,00:11:52.66,00:12:01.28,00:46:06.51,18,0,0,12,1,28,THUNDERSHOCK,GROWL,TAIL WHIP,QUICK ATTACK,25,39,30,29,0,0,0,0,33,48,32,23,30,30,45,3803,3145,3679,2382,2382,3967,15,15,15,15,-1,0,0,0,0,0,0,23,23,30,30,45,167953,54642,108138,3203,1970,1,0,0,1728,1728,0,0,95,68,19,49,0,0,2988,1952,165,165,161,12,55,0,0,0,0,0,28,0,4,0,0,0,3,0,0,0,0,0,0,1,0,0,0,0,0,0,0,0,0,0,4,0,0,0,0,0,0,84,6665,0,0,0,0,3,13,0,0,0,3,0,7,0,Jolteon
11-08,14:39:04,NINTEN,Pikachu,Super Nerd,1,Mt Moon - 1,2,12:18.29,12:18,0h12m18s,0,0,0,19,0:47,12.601,THUNDERSHOCK,GROWL,TAIL WHIP,QUICK ATTACK,1,1760,96,20,49,170,169,73,5,3613,Jolteon, ,Electric,Electric,7239,Pikachu7,Pikachu,,00:12:05.69,00:12:18.29,00:47:13.29,19,0,0,12,18,29,THUNDERSHOCK,GROWL,TAIL WHIP,QUICK ATTACK,25,39,30,24,0,0,0,0,27,50,34,24,31,31,47,3868,3210,3799,2532,2532,4112,15,15,15,15,0,-2,0,0,0,0,0,42,12,31,31,47,171951,55307,111471,3203,1970,1,0,0,1760,1760,0,0,96,69,20,49,0,0,3066,2011,173,173,166,12,58,0,0,0,0,0,29,0,5,0,0,0,3,0,0,0,0,0,0,1,0,0,0,0,0,0,0,0,0,0,4,0,0,0,0,0,0,86,7114,0,0,0,0,3,13,0,0,0,3,0,7,0,Jolteon
11-08,14:39:19,NINTEN,Pikachu,Bug Catcher,8,Mt Moon - 1,3,12:33.23,12:33,0h12m33s,0,0,0,19,0:48,7.975,THUNDERSHOCK,GROWL,TAIL WHIP,QUICK ATTACK,1,1780,98,21,49,173,172,73,6,3888,Jolteon, ,Electric,Electric,7616,Pikachu7,Pikachu,,00:12:25.25,00:12:33.23,00:48:11.36,19,0,0,12,33,23,THUNDERSHOCK,GROWL,TAIL WHIP,QUICK ATTACK,22,39,30,24,0,0,0,0,47,50,34,24,31,31,47,4008,3290,3924,2597,2597,4232,15,15,15,15,0,0,0,0,0,0,0,38,24,31,31,47,175438,56094,113725,3649,1970,1,0,0,1780,1780,0,0,98,70,21,49,0,0,3162,2102,173,173,169,12,58,0,0,0,0,0,29,0,5,0,0,0,3,0,0,0,0,0,0,1,0,0,0,0,0,0,0,0,0,0,4,0,0,0,0,0,0,89,7491,0,0,0,0,4,13,0,0,0,3,0,7,0,Jolteon
11-08,14:39:35,NINTEN,Pikachu,Lass,5,Mt Moon - 1,2,12:48.90,12:48,0h12m48s,0,0,0,19,0:49,11.398,THUNDERSHOCK,GROWL,TAIL WHIP,QUICK ATTACK,1,1801,98,22,49,178,177,76,6,3988,Jolteon, ,Electric,Electric,7997,Pikachu7,Pikachu,,00:12:37.50,00:12:48.90,00:49:12.52,19,0,0,12,48,90,THUNDERSHOCK,GROWL,TAIL WHIP,QUICK ATTACK,22,39,30,19,0,0,0,0,41,50,34,24,31,31,47,4103,3415,4014,2742,2742,4302,15,15,15,15,0,0,0,0,0,0,0,38,24,31,31,47,179114,56707,116788,3649,1970,1,0,0,1801,1801,0,0,98,71,22,49,0,0,3245,2169,179,179,174,12,60,0,0,0,0,0,29,0,5,0,0,0,3,0,0,0,0,0,0,1,0,0,0,0,0,0,0,0,0,0,4,0,0,0,0,0,0,91,7872,0,0,0,0,4,13,0,0,0,3,0,7,0,Jolteon
11-08,14:39:56,NINTEN,Pikachu,Rocket,3,Mt Moon - 3,2,13:09.94,13:09,0h13m9s,0,0,0,20,0:50,13.643,THUNDERSHOCK,GROWL,TAIL WHIP,QUICK ATTACK,1,1832,98,23,49,185,180,77,6,4153,Jolteon, ,Electric,Electric,8294,Pikachu7,Pikachu,,00:12:56.30,00:13:09.94,00:50:35.12,20,0,0,13,9,94,THUNDERSHOCK,GROWL,TAIL WHIP,QUICK ATTACK,19,39,30,19,0,0,0,0,43,53,35,26,33,33,50,4178,3520,4093,2822,2822,4412,15,15,15,15,0,0,0,0,0,0,0,39,26,33,33,50,184054,57635,120381,4068,1970,1,0,0,1832,1832,0,0,98,72,23,49,0,0,3334,2234,189,189,177,12,61,0,0,0,0,0,29,0,5,0,0,0,3,0,0,0,0,0,0,1,0,0,0,0,0,0,0,0,0,0,4,0,0,0,0,0,0,93,8169,0,0,0,0,4,13,0,0,0,3,0,7,0,Jolteon
11-08,14:40:23,NINTEN,Pikachu,Youngster,3,Mt Moon - 1,3,13:37.11,13:37,0h13m37s,0,0,0,20,0:52,11.848,THUNDERSHOCK,MEGA PUNCH,TAIL WHIP,QUICK ATTACK,1,1869,103,24,49,190,185,80,7,4513,Jolteon, ,Electric,Electric,8651,Pikachu7,Pikachu,,00:13:25.26,00:13:37.11,00:52:21.51,20,0,0,13,37,11,THUNDERSHOCK,MEGA PUNCH,TAIL WHIP,QUICK ATTACK,18,16,30,19,0,0,0,0,27,53,35,26,33,33,50,4278,3677,4198,2912,2912,4611,15,15,15,15,0,0,0,0,0,0,0,39,26,33,33,50,190453,59102,123552,5829,1970,1,0,0,1869,1869,0,0,103,73,24,49,0,0,3478,2317,205,205,180,14,64,0,0,0,0,0,29,0,5,0,0,0,3,0,0,0,0,0,0,1,0,0,0,0,0,0,0,0,0,0,4,0,0,0,0,0,0,96,8526,0,0,0,0,6,13,0,0,0,4,0,7,0,Jolteon
11-08,14:40:39,NINTEN,Pikachu,Rocket,1,Mt Moon - 3,2,13:53.18,13:53,0h13m53s,0,0,0,20,0:53,5.894,THUNDERSHOCK,MEGA PUNCH,TAIL WHIP,QUICK ATTACK,1,1929,106,25,49,192,187,80,7,4663,Jolteon, ,Electric,Electric,8958,Pikachu7,Pikachu,,00:13:47.28,00:13:53.18,00:53:24.22,20,0,0,13,53,18,THUNDERSHOCK,MEGA PUNCH,TAIL WHIP,QUICK ATTACK,16,16,30,19,0,0,0,0,47,53,35,26,33,33,50,4348,3778,4268,2977,2977,4738,15,15,15,15,0,0,0,0,0,0,0,39,26,33,33,50,194204,60651,125311,6272,1970,1,0,0,1929,1929,0,0,106,74,25,49,0,0,3576,2384,205,205,182,14,64,0,0,0,0,0,30,0,5,0,0,0,3,0,0,0,0,0,0,1,0,0,0,0,0,0,0,0,0,0,4,0,0,0,0,0,0,98,8833,0,0,0,0,6,13,0,0,0,4,0,7,0,Jolteon
11-08,14:41:00,NINTEN,Pikachu,Fossil Nerd,2,Mt Moon - 3,3,14:14.32,14:14,0h14m14s,0,0,0,21,0:54,13.395,THUNDERSHOCK,MEGA PUNCH,TAIL WHIP,QUICK ATTACK,1,2005,106,26,49,198,193,83,7,5053,Jolteon, ,Electric,Electric,9745,Pikachu7,Pikachu,,00:14:00.93,00:14:14.32,00:54:47.22,21,0,0,14,14,32,THUNDERSHOCK,MEGA PUNCH,TAIL WHIP,QUICK ATTACK,14,12,30,19,0,0,0,0,36,55,37,27,35,35,52,4508,3953,4463,3132,3132,4898,15,15,15,15,0,0,0,0,0,0,0,41,27,35,35,52,199184,62104,128838,6272,1970,1,0,0,2005,2005,0,0,106,75,26,49,0,0,3701,2493,218,218,187,15,67,0,0,0,0,0,30,0,5,0,0,0,3,0,0,0,0,0,0,1,0,0,0,0,0,0,0,0,0,0,4,0,0,0,0,0,0,101,9620,0,0,0,0,6,13,0,0,0,4,0,7,0,Jolteon
11-08,14:41:22,NINTEN,Pikachu,Rocket,42,Mt Moon - 3,3,14:35.96,14:35,0h14m35s,0,0,0,21,0:56,13.697,THUNDERSHOCK,MEGA PUNCH,TAIL WHIP,QUICK ATTACK,1,2021,107,27,49,205,200,86,8,5353,Jolteon, ,Electric,Electric,10480,Pikachu7,Pikachu,,00:14:22.27,00:14:35.96,00:56:12.16,21,0,0,14,35,96,THUNDERSHOCK,MEGA PUNCH,TAIL WHIP,QUICK ATTACK,7,12,30,19,0,0,0,0,21,55,37,27,35,35,52,4623,4123,4637,3272,3272,5078,15,15,15,15,0,-1,0,0,0,0,0,46,17,35,35,52,204278,63591,132445,6272,1970,1,0,0,2021,2021,0,0,107,76,27,49,0,0,3864,2603,233,233,194,15,70,0,0,0,0,0,31,0,5,0,0,0,4,0,0,0,0,0,0,1,0,0,0,0,0,0,0,0,0,0,5,1,0,0,0,0,0,104,10355,0,0,0,0,6,13,0,0,0,4,0,7,0,Jolteon
11-08,14:41:51,NINTEN,Pikachu,Swimmer,1,Cerulean City - Gym,2,15:05.38,15:05,0h15m5s,0,0,0,22,0:58,8.931,THUNDERSHOCK,MEGA PUNCH,TAIL WHIP,QUICK ATTACK,1,2163,119,28,49,208,203,87,8,5773,Jolteon, ,Electric,Electric,11094,Pikachu7,Pikachu,,00:14:56.44,00:15:05.38,00:58:07.44,22,0,0,15,5,38,THUNDERSHOCK,MEGA PUNCH,TAIL WHIP,QUICK ATTACK,28,20,30,29,0,0,0,0,57,57,39,28,36,36,55,4683,4228,4807,3387,3387,5178,15,15,15,15,0,0,0,0,0,0,0,43,28,36,36,55,211206,67942,135022,6272,1970,1,0,0,2163,2163,0,0,119,77,28,49,0,0,3965,2679,233,233,197,15,70,0,0,0,0,0,33,0,5,0,0,0,4,0,0,0,0,0,0,1,0,0,0,0,0,0,0,0,0,0,5,1,0,0,0,0,0,106,10969,0,0,0,0,6,13,0,0,0,4,0,7,0,Jolteon
11-08,14:42:01,NINTEN,Pikachu,Pecking Lass,1,Cerulean City - Gym,1,15:14.65,15:14,0h15m14s,0,0,0,22,0:58,5.445,THUNDERSHOCK,MEGA PUNCH,TAIL WHIP,QUICK ATTACK,1,2171,120,29,49,210,205,88,8,5853,Jolteon, ,Electric,Electric,11545,Pikachu7,Pikachu,,00:15:09.21,00:15:14.65,00:58:43.43,22,0,0,15,14,65,THUNDERSHOCK,MEGA PUNCH,TAIL WHIP,QUICK ATTACK,26,20,30,29,0,0,0,0,50,57,39,28,36,36,55,4728,4295,4867,3437,3437,5241,15,15,15,15,0,0,0,0,0,0,0,43,28,36,36,55,213365,68362,136761,6272,1970,1,0,0,2171,2171,0,0,120,78,29,49,0,0,4033,2728,240,240,199,15,71,0,0,0,0,0,33,0,6,0,0,0,4,0,0,0,0,0,0,1,0,0,0,0,0,0,0,0,0,0,5,1,0,0,0,0,0,107,11420,0,0,0,0,6,13,0,0,0,4,0,7,0,Jolteon
11-08,14:42:35,NINTEN,Pikachu,Misty,1,Cerulean City - Gym,2,15:49.01,15:49,0h15m49s,0,1,1,23,1:00,10.214,THUNDERSHOCK,MEGA PUNCH,TAIL WHIP,QUICK ATTACK,1,2206,135,31,49,220,214,94,8,3116,Jolteon, ,Electric,Electric,13292,Pikachu7,Pikachu,Misty,00:15:38.80,00:15:49.01,01:00:56.44,23,0,0,15,49,1,THUNDERSHOCK,MEGA PUNCH,TAIL WHIP,QUICK ATTACK,26,20,30,30,0,0,0,0,33,59,40,29,38,38,57,4848,4460,5062,3677,3677,5526,15,15,15,15,0,0,0,0,0,0,0,45,29,38,38,57,221346,70150,142954,6272,1970,1,0,0,2206,2206,0,0,135,80,31,49,0,0,4301,2921,351,316,208,16,76,0,0,0,0,0,36,0,8,0,0,0,4,0,0,0,0,0,0,1,0,0,0,0,0,0,0,0,0,0,5,1,0,0,0,0,1,110,13167,0,0,0,0,6,13,0,0,0,4,1,7,1,Jolteon
11-08,14:43:19,NINTEN,Pikachu,Rival2-Nugget Bridge,3,Cerulean City,4,16:32.90,16:32,0h16m32s,0,1,1,24,1:03,21.787,THUNDERSHOCK,MEGA PUNCH,TAIL WHIP,QUICK ATTACK,1,2308,138,32,49,232,226,102,9,5195,Jolteon, ,Electric,Electric,14330,Pikachu7,Pikachu,Rival (Nugget Bridge),00:16:11.11,00:16:32.90,01:03:49.21,24,0,0,16,32,90,THUNDERSHOCK,MEGA PUNCH,TAIL WHIP,QUICK ATTACK,29,9,30,30,0,0,0,0,55,62,42,30,39,39,59,5023,4706,5262,3828,3828,5763,15,15,15,15,-1,-1,0,0,0,-4,0,41,19,39,39,59,231703,74754,148707,6272,1970,1,0,0,2308,2308,0,0,138,81,32,49,0,0,4539,3092,358,323,214,23,83,0,0,0,0,0,38,0,8,0,0,0,4,0,0,0,0,0,0,1,0,0,0,0,0,0,0,0,0,0,5,1,0,0,0,0,1,114,14205,0,0,0,0,7,13,0,0,0,4,1,7,1,Jolteon
11-08,14:43:32,NINTEN,Pikachu,Bug Catcher,9,Route 24,2,16:46.45,16:46,0h16m46s,0,1,1,24,1:04,5.829,THUNDERSHOCK,MEGA PUNCH,TAIL WHIP,QUICK ATTACK,1,2319,138,33,49,234,228,102,9,5790,Jolteon, ,Electric,Electric,14645,Pikachu7,Pikachu,,00:16:40.62,00:16:46.45,01:04:42.13,24,0,0,16,46,45,THUNDERSHOCK,MEGA PUNCH,TAIL WHIP,QUICK ATTACK,27,9,30,30,0,0,0,0,55,62,42,30,39,39,59,5108,4771,5327,3868,3868,5858,15,15,15,15,0,0,0,0,0,0,0,47,30,39,39,59,234875,76080,150553,6272,1970,1,0,0,2319,2319,0,0,138,82,33,49,0,0,4621,3167,358,323,216,23,83,0,0,0,0,0,38,0,8,0,0,0,4,0,0,0,0,0,0,1,0,0,0,0,0,0,0,0,0,0,5,1,0,0,0,0,1,116,14520,0,0,0,0,7,13,0,0,0,4,1,7,1,Jolteon
11-08,14:43:42,NINTEN,Pikachu,Lass,8,Route 24,2,16:55.63,16:55,0h16m55s,0,1,1,24,1:05,6.506,THUNDERSHOCK,MEGA PUNCH,TAIL WHIP,QUICK ATTACK,1,2321,143,34,49,236,230,103,9,5930,Jolteon, ,Electric,Electric,14987,Pikachu7,Pikachu,,00:16:49.13,00:16:55.63,01:05:17.44,24,0,0,16,55,63,THUNDERSHOCK,MEGA PUNCH,TAIL WHIP,QUICK ATTACK,25,9,30,30,0,0,0,0,49,62,42,30,39,39,59,5203,4863,5419,3943,3943,5955,15,15,15,15,0,0,0,0,0,0,0,47,30,39,39,59,237006,76220,152544,6272,1970,1,0,0,2321,2321,0,0,143,83,34,49,0,0,4739,3245,364,329,218,23,84,0,0,0,0,0,39,0,8,0,0,0,4,0,0,0,0,0,0,1,0,0,0,0,0,0,0,0,0,0,5,1,0,0,0,0,1,118,14862,0,0,0,0,7,13,0,0,0,4,1,7,1,Jolteon
11-08,14:43:56,NINTEN,Pikachu,Youngster,4,Route 24,3,17:10.06,17:10,0h17m10s,0,1,1,24,1:06,11.688,THUNDERSHOCK,MEGA PUNCH,TAIL WHIP,QUICK ATTACK,1,2325,144,35,49,242,235,105,9,6140,Jolteon, ,Electric,Electric,15506,Pikachu7,Pikachu,,00:16:58.37,00:17:10.06,01:06:14.02,24,0,0,17,10,6,THUNDERSHOCK,MEGA PUNCH,TAIL WHIP,QUICK ATTACK,20,9,30,30,0,0,0,0,38,62,42,30,39,39,59,5308,5024,5533,4048,4048,6137,15,15,15,15,0,0,0,0,0,0,0,47,30,39,39,59,240384,76387,155755,6272,1970,1,0,0,2325,2325,0,0,144,84,35,49,0,0,4970,3352,375,340,223,23,86,0,0,0,0,0,41,0,8,0,0,0,4,0,0,0,0,0,0,1,0,0,0,0,0,0,0,0,0,0,5,1,0,0,0,0,1,121,15381,0,0,0,0,7,13,0,0,0,4,1,7,1,Jolteon
11-08,14:44:07,NINTEN,Pikachu,Lass,7,Route 24,2,17:20.64,17:20,0h17m20s,0,1,1,25,1:06,7.775,THUNDERSHOCK,MEGA PUNCH,TAIL WHIP,QUICK ATTACK,1,2329,145,36,49,245,238,106,9,6350,Jolteon, ,Electric,Electric,15894,Pikachu7,Pikachu,,00:17:12.87,00:17:20.64,01:06:54.59,25,0,0,17,20,64,THUNDERSHOCK,MEGA PUNCH,TAIL WHIP,QUICK ATTACK,17,9,30,30,0,0,0,0,40,64,44,32,41,41,62,5403,5116,5625,4123,4123,6234,15,15,15,15,-1,0,0,0,0,0,0,32,32,41,41,62,242841,76562,158037,6272,1970,1,0,0,2329,2329,0,0,145,85,36,49,0,0,5092,3439,375,340,226,23,87,0,0,0,0,0,41,0,8,0,0,0,4,0,0,0,0,0,0,1,0,0,0,0,0,0,0,0,0,0,5,1,0,0,0,0,1,123,15769,0,0,0,0,7,13,0,0,0,4,1,7,1,Jolteon
11-08,14:44:14,NINTEN,Pikachu,Jr Trainer M,3,Route 24,1,17:28.48,17:28,0h17m28s,0,1,1,25,1:07,5.024,THUNDERSHOCK,MEGA PUNCH,TAIL WHIP,QUICK ATTACK,1,2333,147,37,49,247,240,107,9,6590,Jolteon, ,Electric,Electric,16179,Pikachu7,Pikachu,,00:17:23.45,00:17:28.48,01:07:25.12,25,0,0,17,28,48,THUNDERSHOCK,MEGA PUNCH,TAIL WHIP,QUICK ATTACK,15,9,30,30,0,0,0,0,40,64,44,32,41,41,62,5443,5196,5660,4158,4158,6304,15,15,15,15,0,-1,0,0,0,0,0,55,21,41,41,62,244654,76757,159655,6272,1970,1,0,0,2333,2333,0,0,147,86,37,49,0,0,5145,3484,375,340,228,23,88,0,0,0,0,0,41,0,8,0,0,0,4,0,0,0,0,0,0,1,0,0,0,0,0,0,0,0,0,0,5,1,0,0,0,0,1,124,16054,0,0,0,0,7,13,0,0,0,4,1,7,1,Jolteon
11-08,14:44:28,NINTEN,Pikachu,Rocket,6,Route 24,2,17:41.87,17:41,0h17m41s,0,1,1,25,1:08,7.311,THUNDERSHOCK,MEGA PUNCH,TAIL WHIP,QUICK ATTACK,1,2339,147,38,49,250,243,108,10,6950,Jolteon, ,Electric,Electric,16549,Pikachu7,Pikachu,,00:17:34.56,00:17:41.87,01:08:17.30,25,0,0,17,41,87,THUNDERSHOCK,MEGA PUNCH,TAIL WHIP,QUICK ATTACK,12,9,30,30,0,0,0,0,37,64,44,32,41,41,62,5518,5301,5739,4238,4238,6414,15,15,15,15,0,0,0,0,0,0,0,49,32,41,41,62,247792,77710,161840,6272,1970,1,0,0,2339,2339,0,0,147,87,38,49,0,0,5264,3560,378,343,231,23,89,0,0,0,0,0,41,0,8,0,0,0,4,0,0,0,0,0,0,1,0,0,0,0,0,0,0,0,0,0,5,1,0,0,0,0,1,126,16424,0,0,0,0,7,13,0,0,0,4,1,7,1,Jolteon
11-08,14:45:08,NINTEN,Pikachu,Hiker,2,Route 25,2,18:21.74,18:21,0h18m21s,0,1,1,25,1:10,17.241,THUNDERSHOCK,MEGA PUNCH,TAIL WHIP,QUICK ATTACK,1,2505,157,39,49,259,252,115,10,7400,Jolteon, ,Electric,Electric,17107,Pikachu7,Pikachu,,00:18:04.51,00:18:21.74,01:10:54.46,25,0,0,18,21,74,THUNDERSHOCK,MEGA PUNCH,TAIL WHIP,QUICK ATTACK,28,17,27,29,0,0,0,0,35,64,44,32,41,41,62,5628,5461,5889,4303,4303,6469,15,15,15,15,0,0,0,0,0,0,0,49,32,41,41,62,257228,82592,166394,6272,1970,1,0,0,2505,2505,0,0,157,88,39,49,0,0,5375,3647,407,372,239,25,93,0,0,0,0,0,42,0,9,0,0,0,4,0,0,0,0,0,0,1,0,0,0,0,0,0,0,0,0,0,5,1,0,0,0,0,1,128,16982,0,0,0,0,7,13,0,0,0,4,1,7,1,Jolteon
11-08,14:45:20,NINTEN,Pikachu,Youngster,5,Route 25,2,18:34.13,18:34,0h18m34s,0,1,1,25,1:11,6.82,THUNDERSHOCK,MEGA PUNCH,TAIL WHIP,QUICK ATTACK,1,2514,158,40,49,261,254,116,11,7925,Jolteon, ,Electric,Electric,17476,Pikachu7,Pikachu,,00:18:27.31,00:18:34.13,01:11:42.58,25,0,0,18,34,13,THUNDERSHOCK,MEGA PUNCH,TAIL WHIP,QUICK ATTACK,26,17,27,29,0,0,0,0,28,64,44,32,41,41,62,5698,5577,5954,4359,4359,6611,15,15,15,15,0,0,0,0,0,0,0,49,32,41,41,62,260120,83429,168449,6272,1970,1,0,0,2514,2514,0,0,158,89,40,49,0,0,5572,3722,414,379,241,25,94,0,0,0,0,0,44,0,9,0,0,0,4,0,0,0,0,0,0,1,0,0,0,0,0,0,0,0,0,0,5,1,0,0,0,0,1,130,17351,0,0,0,0,8,13,0,0,0,4,1,7,1,Jolteon
11-08,14:45:34,NINTEN,Pikachu,Youngster,6,Route 25,1,18:47.90,18:47,0h18m47s,0,1,1,26,1:12,10.179,THUNDERSHOCK,MEGA PUNCH,THUNDERBOLT,QUICK ATTACK,1,2518,158,41,49,263,256,117,11,8150,Jolteon, ,Electric,Electric,17836,Pikachu7,Pikachu,,00:18:37.72,00:18:47.90,01:12:36.51,26,0,0,18,47,90,THUNDERSHOCK,MEGA PUNCH,THUNDERBOLT,QUICK ATTACK,24,17,15,29,0,0,0,0,22,66,46,33,42,42,64,5788,5642,6019,4399,4399,6626,15,15,15,15,0,0,0,0,0,0,0,51,33,42,42,64,263353,83796,171315,6272,1970,1,0,0,2518,2518,0,0,158,90,41,49,0,0,5683,3782,422,387,243,25,95,0,0,0,0,0,44,0,9,0,0,0,4,0,0,0,0,0,0,1,0,0,0,0,0,0,0,0,0,0,5,1,0,0,0,0,1,131,17711,0,0,0,0,8,13,0,0,0,4,1,7,1,Jolteon
11-08,14:45:47,NINTEN,Pikachu,Lass,9,Route 25,2,19:01.26,19:01,0h19m1s,0,1,1,26,1:13,6.538,THUNDERBOLT,MEGA PUNCH,THUNDERSHOCK,QUICK ATTACK,1,2524,158,42,49,265,258,117,11,8405,Jolteon, ,Electric,Electric,18217,Pikachu7,Pikachu,,00:18:54.72,00:19:01.26,01:13:28.32,26,0,0,19,1,26,THUNDERBOLT,MEGA PUNCH,THUNDERSHOCK,QUICK ATTACK,13,17,24,29,0,0,0,0,62,66,46,33,42,42,64,5889,5746,6111,4479,4479,6717,15,15,15,15,0,0,0,0,0,0,0,51,33,42,42,64,266454,84179,173298,7007,1970,1,0,0,2524,2524,0,0,158,91,42,49,0,0,5817,3866,422,387,245,25,95,0,0,0,0,0,44,0,9,0,0,0,4,0,0,0,0,0,0,1,0,0,0,0,0,0,0,0,0,0,5,1,0,0,0,0,1,133,18092,0,0,0,0,8,13,0,0,0,5,1,7,1,Jolteon
11-08,14:46:17,NINTEN,Pikachu,Hiker,3,Route 25,4,19:30.64,19:30,0h19m30s,0,1,1,26,1:15,26.514,THUNDERBOLT,MEGA PUNCH,THUNDERSHOCK,QUICK ATTACK,1,2527,161,43,49,278,271,126,11,8630,Jolteon, ,Electric,Electric,19175,Pikachu7,Pikachu,,00:19:04.12,00:19:30.64,01:15:24.10,26,0,0,19,30,64,THUNDERBOLT,MEGA PUNCH,THUNDERSHOCK,QUICK ATTACK,13,5,24,28,0,0,0,0,38,66,46,33,42,42,64,6079,6066,6461,4604,4604,6812,15,15,15,15,0,0,0,0,0,0,0,51,33,42,42,64,273392,84377,180038,7007,1970,1,0,0,2527,2527,0,0,161,92,43,49,0,0,5988,4014,446,411,255,28,99,0,0,0,0,0,46,0,11,0,0,0,4,0,0,0,0,0,0,1,0,0,0,0,0,0,0,0,0,0,5,1,0,0,0,0,1,137,19050,0,0,0,0,8,13,0,0,0,5,1,7,1,Jolteon
11-08,14:46:27,NINTEN,Pikachu,Jr Trainer M,2,Route 25,2,19:41.09,19:41,0h19m41s,0,1,1,26,1:16,6.519,THUNDERBOLT,MEGA PUNCH,THUNDERSHOCK,QUICK ATTACK,1,2531,161,44,49,280,273,127,11,9085,Jolteon, ,Electric,Electric,19532,Pikachu7,Pikachu,,00:19:34.57,00:19:41.09,01:16:04.43,26,0,0,19,41,9,THUNDERBOLT,MEGA PUNCH,THUNDERSHOCK,QUICK ATTACK,11,5,24,28,0,0,0,0,32,66,46,33,42,42,64,6144,6182,6540,4669,4669,6939,15,15,15,15,0,0,0,0,0,0,0,51,33,42,42,64,275825,84832,182016,7007,1970,1,0,0,2531,2531,0,0,161,93,44,49,0,0,6173,4084,452,417,257,28,100,0,0,0,0,0,46,0,11,0,0,0,4,0,0,0,0,0,0,1,0,0,0,0,0,0,0,0,0,0,5,1,0,0,0,0,1,139,19407,0,0,0,0,8,13,0,0,0,5,1,7,1,Jolteon
11-08,14:46:55,NINTEN,Pikachu,Oddish Lass,10,Route 25,3,20:09.14,20:09,0h20m9s,0,1,1,27,1:17,13.897,THUNDERBOLT,SEISMIC TOSS,THUNDERSHOCK,QUICK ATTACK,1,2566,171,45,49,285,278,129,11,9365,Jolteon, ,Electric,Electric,20117,Pikachu7,Pikachu,Oddish Lass,00:19:55.24,00:20:09.14,01:17:55.01,27,0,0,20,9,14,THUNDERBOLT,SEISMIC TOSS,THUNDERSHOCK,QUICK ATTACK,10,18,23,27,0,0,0,0,29,69,47,34,44,44,67,6274,6327,6690,4854,4854,7055,15,15,15,15,0,0,0,0,0,0,0,52,34,44,44,67,282443,86160,185752,8561,1970,1,0,0,2566,2566,0,0,171,94,45,49,0,0,6411,4193,458,423,262,28,102,0,0,0,0,0,47,0,11,0,0,0,4,0,0,0,0,0,0,1,0,0,0,0,0,0,0,0,0,0,5,1,0,0,0,0,1,142,19992,0,0,0,0,9,13,0,0,0,6,1,7,1,Jolteon
11-08,14:47:35,NINTEN,Pikachu,Cerulean Rocket,5,Cerulean City,2,20:48.97,20:48,0h20m48s,0,1,1,27,1:20,8.007,THUNDERBOLT,SEISMIC TOSS,THUNDERSHOCK,QUICK ATTACK,1,2713,190,46,49,288,281,129,12,9560,Jolteon, ,Electric,Electric,20806,Pikachu7,Pikachu,Rocket,00:20:40.96,00:20:48.97,01:20:27.34,27,0,0,20,48,97,THUNDERBOLT,SEISMIC TOSS,THUNDERSHOCK,QUICK ATTACK,8,17,23,27,0,0,0,0,29,69,47,34,44,44,67,6404,6455,6785,4979,4979,7132,15,15,15,15,0,0,0,0,0,0,0,52,34,44,44,67,291596,92971,188094,8561,1970,1,0,0,2713,2713,0,0,190,95,46,49,0,0,6606,4296,458,423,265,28,102,0,0,0,0,0,48,0,11,0,0,0,5,0,0,0,0,0,0,1,0,0,0,0,0,0,0,0,0,0,6,2,0,0,0,0,1,144,20681,0,0,0,0,10,13,0,0,0,6,1,7,1,Jolteon
11-08,14:48:04,NINTEN,Pikachu,Sandy,3,Route 6,3,21:17.90,21:17,0h21m17s,0,1,1,27,1:22,9.419,THUNDERBOLT,SEISMIC TOSS,THUNDERSHOCK,QUICK ATTACK,1,2857,191,47,49,291,284,130,13,10070,Jolteon, ,Electric,Electric,21367,Pikachu7,Pikachu,,00:21:08.49,00:21:17.90,01:22:20.43,27,0,0,21,17,90,THUNDERBOLT,SEISMIC TOSS,THUNDERSHOCK,QUICK ATTACK,8,17,20,27,0,0,0,0,61,69,47,34,44,44,67,6524,6590,6905,5084,5084,7300,15,15,15,15,0,0,0,0,0,0,0,52,34,44,44,67,298385,96382,190801,9232,1970,1,0,0,2857,2857,0,0,191,96,47,49,0,0,6870,4419,466,431,268,28,103,0,0,0,0,0,49,0,11,0,0,0,5,0,0,0,0,0,0,1,0,0,0,0,0,0,0,0,0,0,6,2,0,0,0,0,1,147,21242,0,0,0,0,11,13,0,0,0,6,1,7,1,Jolteon
11-08,14:48:15,NINTEN,Pikachu,Jr Trainer M,5,Route 6,2,21:28.86,21:28,0h21m28s,0,1,1,28,1:23,7.976,THUNDERBOLT,SEISMIC TOSS,THUNDERSHOCK,QUICK ATTACK,1,2860,191,48,49,293,286,130,13,10390,Jolteon, ,Electric,Electric,21962,Pikachu7,Pikachu,,00:21:20.89,00:21:28.86,01:23:03.18,28,0,0,21,28,86,THUNDERBOLT,SEISMIC TOSS,THUNDERSHOCK,QUICK ATTACK,7,17,19,27,0,0,0,0,63,71,49,36,46,46,69,6619,6731,6995,5165,5165,7467,15,15,15,15,0,0,0,0,0,0,0,55,36,46,46,69,300940,96589,193149,9232,1970,1,0,0,2860,2860,0,0,191,97,48,49,0,0,7061,4506,466,431,270,28,103,0,0,0,0,0,50,0,11,0,0,0,5,0,0,0,0,0,0,1,0,0,0,0,0,0,0,0,0,0,6,2,0,0,0,0,1,149,21837,0,0,0,0,11,13,0,0,0,6,1,7,1,Jolteon
11-08,14:48:47,NINTEN,Pikachu,Sailor,4,SS Anne,3,22:00.79,22:00,0h22m0s,0,1,1,28,1:25,8.344,THUNDERBOLT,SEISMIC TOSS,THUNDERSHOCK,QUICK ATTACK,1,2981,210,49,49,296,289,130,16,2660,Jolteon, ,Electric,Electric,22997,Pikachu7,Pikachu,,00:21:52.45,00:22:00.79,01:25:08.26,28,0,0,22,0,79,THUNDERBOLT,SEISMIC TOSS,THUNDERSHOCK,QUICK ATTACK,4,17,19,27,0,0,0,0,63,71,49,36,46,46,69,6719,6876,7200,5380,5380,7637,15,15,15,15,0,0,0,0,0,0,0,55,36,46,46,69,308448,101755,195491,9232,1970,1,0,0,2981,2981,0,0,210,98,49,49,0,0,7503,4627,466,431,273,28,103,0,0,0,0,0,51,0,11,0,0,0,5,0,0,0,0,0,0,1,0,0,0,0,0,0,0,0,0,0,6,2,0,0,0,0,1,152,22872,0,0,0,0,12,26,0,0,0,6,1,7,1,Jolteon
11-08,14:48:54,NINTEN,Pikachu,Sailor,3,SS Anne,1,22:07.60,22:07,0h22m7s,0,1,1,28,1:25,4.22,THUNDERBOLT,SEISMIC TOSS,THUNDERSHOCK,QUICK ATTACK,1,2983,210,50,49,297,290,130,16,3170,Jolteon, ,Electric,Electric,23433,Pikachu7,Pikachu,,00:22:03.38,00:22:07.60,01:25:34.35,28,0,0,22,7,60,THUNDERBOLT,SEISMIC TOSS,THUNDERSHOCK,QUICK ATTACK,4,17,18,27,0,0,0,0,63,71,49,36,46,46,69,6749,6941,7300,5425,5425,7677,15,15,15,15,0,0,0,0,0,0,0,55,36,46,46,69,310017,101969,196846,9232,1970,1,0,0,2983,2983,0,0,210,99,50,49,0,0,7553,4673,466,431,274,28,103,0,0,0,0,0,51,0,11,0,0,0,5,0,0,0,0,0,0,1,0,0,0,0,0,0,0,0,0,0,6,2,0,0,0,0,1,153,23308,0,0,0,0,12,26,0,0,0,6,1,7,1,Jolteon
11-08,14:49:05,NINTEN,Pikachu,Sailor,6,SS Anne,3,22:19.41,22:19,0h22m19s,0,1,1,28,1:26,8.105,THUNDERBOLT,SEISMIC TOSS,THUNDERSHOCK,QUICK ATTACK,1,2993,210,51,49,300,293,130,16,3800,Jolteon, ,Electric,Electric,24336,Pikachu7,Pikachu,,00:22:11.31,00:22:19.41,01:26:20.16,28,0,0,22,19,41,THUNDERBOLT,SEISMIC TOSS,THUNDERSHOCK,QUICK ATTACK,1,17,18,27,0,0,0,0,63,71,49,36,46,46,69,6839,7061,7510,5635,5635,7857,15,15,15,15,0,0,0,0,0,0,0,55,36,46,46,69,312758,102433,199123,9232,1970,1,0,0,2993,2993,0,0,210,100,51,49,0,0,7942,4790,466,431,277,28,103,0,0,0,0,0,52,0,11,0,0,0,5,0,0,0,0,0,0,1,0,0,0,0,0,0,0,0,0,0,6,2,0,0,0,0,1,156,24211,0,0,0,0,12,26,0,0,0,6,1,7,1,Jolteon
11-08,14:49:21,NINTEN,Pikachu,Sailor,5,SS Anne,2,22:34.91,22:34,0h22m34s,0,1,1,29,1:27,7.429,THUNDERBOLT,SEISMIC TOSS,THUNDERSHOCK,QUICK ATTACK,1,3007,213,52,49,302,295,130,16,4310,Jolteon, ,Electric,Electric,25149,Pikachu7,Pikachu,,00:22:27.48,00:22:34.91,01:27:20.35,29,0,0,22,34,91,THUNDERBOLT,SEISMIC TOSS,THUNDERSHOCK,QUICK ATTACK,10,17,17,27,0,0,0,0,65,73,51,37,48,48,72,6909,7146,7600,5805,5805,8012,15,15,15,15,0,0,0,0,0,0,0,57,37,48,48,72,316377,103116,201242,10049,1970,1,0,0,3007,3007,0,0,213,101,52,49,0,0,8130,4876,466,431,279,28,103,0,0,0,0,0,53,0,11,0,0,0,5,0,0,0,0,0,0,1,0,0,0,0,0,0,0,0,0,0,6,2,0,0,0,0,1,158,25024,0,0,0,0,13,26,0,0,0,6,1,7,1,Jolteon
11-08,14:49:35,NINTEN,Pikachu,Fisher,2,SS Anne,3,22:48.82,22:48,0h22m48s,0,1,1,29,1:28,9.053,THUNDERBOLT,SEISMIC TOSS,THUNDERSHOCK,QUICK ATTACK,1,3021,215,53,49,305,298,130,17,4850,Jolteon, ,Electric,Electric,26268,Pikachu7,Pikachu,,00:22:39.77,00:22:48.82,01:28:14.39,29,0,0,22,48,82,THUNDERBOLT,SEISMIC TOSS,THUNDERSHOCK,QUICK ATTACK,9,17,15,27,0,0,0,0,65,73,51,37,48,48,72,7009,7296,7790,6020,6020,8207,15,15,15,15,0,0,0,0,0,0,0,57,37,48,48,72,319621,103860,203742,10049,1970,1,0,0,3021,3021,0,0,215,102,53,49,0,0,8409,4997,466,431,282,28,103,0,0,0,0,0,54,0,11,0,0,0,5,0,0,0,0,0,0,1,0,0,0,0,0,0,0,0,0,0,6,2,0,0,0,0,1,161,26143,0,0,0,0,14,26,0,0,0,6,1,7,1,Jolteon
11-08,14:49:41,NINTEN,Pikachu,Sailor,7,SS Anne,1,22:55.39,22:55,0h22m55s,0,1,1,29,1:28,3.7,THUNDERBOLT,SEISMIC TOSS,THUNDERSHOCK,QUICK ATTACK,1,3023,215,54,49,306,299,130,17,5445,Jolteon, ,Electric,Electric,26644,Pikachu7,Pikachu,,00:22:51.69,00:22:55.39,01:28:39.53,29,0,0,22,55,39,THUNDERBOLT,SEISMIC TOSS,THUNDERSHOCK,QUICK ATTACK,8,17,15,27,0,0,0,0,65,73,51,37,48,48,72,7079,7376,7840,6055,6055,8242,15,15,15,15,0,0,0,0,0,0,0,57,37,48,48,72,321135,104105,205011,10049,1970,1,0,0,3023,3023,0,0,215,103,54,49,0,0,8490,5058,466,431,283,28,103,0,0,0,0,0,54,0,11,0,0,0,5,0,0,0,0,0,0,1,0,0,0,0,0,0,0,0,0,0,6,2,0,0,0,0,1,162,26519,0,0,0,0,14,26,0,0,0,6,1,7,1,Jolteon
11-08,14:49:53,NINTEN,Pikachu,Youngster,8,SS Anne,1,23:06.71,23:06,0h23m6s,0,1,1,29,1:29,3.625,THUNDERBOLT,SEISMIC TOSS,THUNDERSHOCK,QUICK ATTACK,1,3086,215,55,49,307,300,130,17,6045,Jolteon, ,Electric,Electric,26914,Pikachu7,Pikachu,,00:23:03.09,00:23:06.71,01:29:23.43,29,0,0,23,6,71,THUNDERBOLT,SEISMIC TOSS,THUNDERSHOCK,QUICK ATTACK,7,17,15,27,0,0,0,0,65,73,51,37,48,48,72,7125,7433,7880,6095,6095,8292,15,15,15,15,0,0,0,0,0,0,0,57,37,48,48,72,323765,105519,206227,10049,1970,1,0,0,3086,3086,0,0,215,104,55,49,0,0,8552,5111,466,431,284,28,103,0,0,0,0,0,54,0,11,0,0,0,5,0,0,0,0,0,0,1,0,0,0,0,0,0,0,0,0,0,6,2,0,0,0,0,1,163,26789,0,0,0,0,14,26,0,0,0,6,1,7,1,Jolteon
11-08,14:50:15,NINTEN,Pikachu,Gentleman,5,SS Anne,2,23:29.45,23:29,0h23m29s,0,1,1,30,1:30,6.607,THUNDERBOLT,SEISMIC TOSS,THUNDERSHOCK,BODY SLAM,1,3140,225,56,49,309,302,130,17,6360,Jolteon, ,Electric,Electric,27798,Pikachu7,Pikachu,,00:23:22.85,00:23:29.45,01:30:52.45,30,0,0,23,29,45,THUNDERBOLT,SEISMIC TOSS,THUNDERSHOCK,BODY SLAM,5,17,15,15,0,0,0,0,68,76,53,38,49,49,74,7230,7588,7980,6210,6210,8442,15,15,15,15,0,0,0,0,0,0,0,59,38,49,49,74,329107,107289,208156,11692,1970,1,0,0,3140,3140,0,0,225,105,56,49,0,0,8691,5205,466,431,286,28,103,0,0,0,0,0,54,0,11,0,0,0,5,0,0,0,0,0,0,1,0,0,0,0,0,0,0,0,0,0,6,2,0,0,0,0,1,165,27673,0,0,0,0,15,26,0,0,0,7,1,7,1,Jolteon
11-08,14:50:37,NINTEN,Pikachu,Rival3-SS Anne,1,SS Anne,4,23:51.08,23:51,0h23m51s,0,1,1,30,1:32,13.043,THUNDERBOLT,SEISMIC TOSS,THUNDERSHOCK,BODY SLAM,1,3170,235,57,49,314,307,132,17,7550,Jolteon, ,Electric,Electric,28979,Pikachu7,Pikachu,Rival (SS Anne),00:23:38.04,00:23:51.08,01:32:17.30,30,0,0,23,51,8,THUNDERBOLT,SEISMIC TOSS,THUNDERSHOCK,BODY SLAM,4,17,15,11,0,0,0,0,54,76,53,38,49,49,74,7405,7834,8180,6361,6361,8679,15,15,15,15,0,0,0,0,0,0,0,59,38,49,49,74,334192,108925,211605,11692,1970,1,0,0,3170,3170,0,0,235,106,57,49,0,0,9105,5393,480,445,291,28,105,0,0,0,0,0,55,0,11,0,0,0,6,0,0,0,0,0,0,1,0,0,0,0,0,0,0,0,0,0,7,2,0,0,0,0,1,169,28854,0,0,0,0,16,26,0,0,0,7,1,7,1,Jolteon
11-08,14:51:42,NINTEN,Pikachu,Surge,1,Vermilion City - Gym,1,24:56.00,24:56,0h24m56s,1,1,2,30,1:35,6.726,THUNDERBOLT,SEISMIC TOSS,THUNDERSHOCK,BODY SLAM,2,3347,252,58,49,316,309,133,16,8850,Jolteon, ,Electric,Electric,29711,Pikachu7,Pikachu,Lt. Surge,00:24:49.27,00:24:56.00,01:35:42.45,30,1,0,24,56,0,THUNDERBOLT,SEISMIC TOSS,THUNDERSHOCK,BODY SLAM,4,17,15,9,0,0,0,0,46,76,53,38,49,49,74,7465,7924,8235,6451,6451,8779,15,15,15,15,0,0,0,0,0,0,0,59,38,49,49,74,346513,115458,213720,15207,2128,2,1,0,3347,3347,0,0,252,107,58,49,0,0,9192,5469,510,475,293,28,106,0,0,0,0,0,56,0,11,0,0,0,7,0,0,0,0,0,0,1,0,0,0,0,0,0,0,0,0,0,8,2,0,0,0,0,1,170,29586,0,0,0,0,16,26,0,0,0,9,1,7,2,Jolteon
11-08,14:52:39,NINTEN,Pikachu,Wrapping Lass,5,Route 9,4,25:53.26,25:53,0h25m53s,1,1,2,31,1:39,11.083,THUNDERBOLT,SEISMIC TOSS,THUNDERSHOCK,BODY SLAM,2,3537,268,59,49,320,313,133,18,11622,Jolteon, ,Electric,Electric,30959,Pikachu7,Pikachu,RTG1 - Wrapping Lass,00:25:42.17,00:25:53.26,01:39:26.09,31,1,0,25,53,26,THUNDERBOLT,SEISMIC TOSS,THUNDERSHOCK,BODY SLAM,15,20,30,11,0,0,0,0,78,78,55,40,51,51,77,7655,8174,8415,6741,6741,8919,15,15,15,15,0,0,0,0,0,0,0,61,45,51,51,77,359917,123863,216909,17017,2128,2,1,0,3537,3485,52,0,268,108,59,49,0,0,9472,5659,510,475,297,28,106,0,0,0,0,0,57,0,11,0,0,0,7,0,0,0,0,0,0,1,0,0,0,0,0,0,0,0,0,0,8,2,0,0,0,0,1,174,30834,0,0,0,0,16,26,0,0,0,9,1,7,2,Jolteon
11-08,14:52:54,NINTEN,Pikachu,Bug Catcher,14,Route 9,3,26:07.69,26:07,0h26m7s,1,1,2,31,1:40,8.634,THUNDERBOLT,SEISMIC TOSS,THUNDERSHOCK,BODY SLAM,2,3580,278,60,49,323,316,133,18,11982,Jolteon, ,Electric,Electric,31728,Pikachu7,Pikachu,,00:25:59.06,00:26:07.69,01:40:22.27,31,1,0,26,7,69,THUNDERBOLT,SEISMIC TOSS,THUNDERSHOCK,BODY SLAM,14,20,30,9,0,0,0,0,78,78,55,40,51,51,77,7800,8294,8530,6821,6821,9059,15,15,15,15,0,0,0,0,0,0,0,61,45,51,51,77,363295,124750,219400,17017,2128,2,1,0,3580,3485,95,0,278,109,60,49,0,0,9682,5816,510,475,300,28,106,0,0,0,0,0,57,0,11,0,0,0,7,0,0,0,0,0,0,1,0,0,0,0,0,0,0,0,0,0,8,2,0,0,0,0,1,177,31603,0,0,0,0,16,26,0,0,0,9,1,7,2,Jolteon
11-08,14:53:16,NINTEN,Pikachu,Slowbone,7,Rock Tunnel - 1,2,26:30.32,26:30,0h26m30s,1,1,2,31,1:41,8.374,THUNDERBOLT,SEISMIC TOSS,THUNDERSHOCK,BODY SLAM,3,3686,290,61,49,326,319,134,18,12182,Jolteon, ,Electric,Electric,32642,Pikachu7,Pikachu,,00:26:21.94,00:26:30.32,01:41:51.18,31,1,0,26,30,32,THUNDERBOLT,SEISMIC TOSS,THUNDERSHOCK,BODY SLAM,13,18,30,9,0,0,0,0,45,78,55,40,51,51,77,7940,8409,8690,6901,6901,9109,15,15,15,15,0,0,0,0,0,0,0,61,45,51,51,77,368626,126246,221750,18502,2128,3,1,0,3686,3485,201,0,290,110,61,49,0,0,10019,5953,543,508,303,28,107,0,0,0,0,0,58,0,11,0,0,0,7,0,0,0,0,0,0,1,0,0,0,0,0,0,0,0,0,0,8,2,0,0,0,0,1,179,32517,0,0,0,0,16,26,0,0,0,9,1,7,2,Jolteon
11-08,14:53:26,NINTEN,Pikachu,Pokemaniac,5,Rock Tunnel,1,26:39.63,26:39,0h26m39s,1,1,2,32,1:42,4.527,THUNDERBOLT,SEISMIC TOSS,THUNDERSHOCK,BODY SLAM,3,3725,294,62,49,327,320,134,18,13332,Jolteon, ,Electric,Electric,33171,Pikachu7,Pikachu,,00:26:35.10,00:26:39.63,01:42:27.19,32,1,0,26,39,63,THUNDERBOLT,SEISMIC TOSS,THUNDERSHOCK,BODY SLAM,12,18,30,9,0,0,0,0,48,81,57,41,53,53,79,8030,8474,8755,6941,6941,9124,15,15,15,15,0,0,0,0,0,0,0,64,46,53,53,79,370787,126991,223166,18502,2128,3,1,0,3725,3485,240,0,294,111,62,49,0,0,10157,6037,543,508,304,28,107,0,0,0,0,0,58,0,11,0,0,0,7,0,0,0,0,0,0,1,0,0,0,0,0,0,0,0,0,0,8,2,0,0,0,0,1,180,33046,0,0,0,0,16,26,0,0,0,9,1,7,2,Jolteon
11-08,14:53:47,NINTEN,Pikachu,Status-Condition-Jr-Trainer,10,Rock Tunnel,2,27:00.93,27:00,0h27m0s,1,1,2,32,1:43,13.906,THUNDERBOLT,SEISMIC TOSS,THUNDERSHOCK,BODY SLAM,3,3738,295,63,49,333,324,139,18,14582,Jolteon,Paralyzed,Electric,Electric,33839,Pikachu7,Pikachu,RTG4 - Status Jr Trainer,00:26:47.03,00:27:00.93,01:43:50.47,32,1,0,27,0,93,THUNDERBOLT,SEISMIC TOSS,THUNDERSHOCK,BODY SLAM,12,18,30,5,0,0,0,0,47,81,57,41,53,53,79,8120,8573,8859,7081,7081,9199,15,15,15,15,-1,0,0,0,0,0,0,41,51,53,53,4,375795,127426,226817,19424,2128,3,1,0,3738,3485,253,0,295,112,63,49,0,0,10356,6160,577,542,308,28,112,0,0,0,0,0,59,0,12,0,0,0,8,1,0,0,0,0,0,1,0,0,0,0,0,0,5,2,0,0,10,3,0,0,0,0,1,182,33714,0,0,0,0,16,26,0,0,0,9,1,7,2,Jolteon
11-08,14:54:27,NINTEN,Pikachu,Selfdestructing Hiker,9,Rock Tunnel,3,27:40.88,27:40,0h27m40s,1,1,2,32,1:46,12.887,THUNDERBOLT,SEISMIC TOSS,REST,BODY SLAM,4,3851,307,64,49,339,330,142,16,15022,Jolteon, ,Electric,Electric,35216,Pikachu7,Pikachu,,00:27:27.99,00:27:40.88,01:46:28.01,32,1,0,27,40,88,THUNDERBOLT,SEISMIC TOSS,REST,BODY SLAM,12,12,10,5,0,0,0,0,36,81,57,41,53,53,79,8255,8828,9174,7186,7186,9274,15,15,15,15,0,0,0,0,0,0,0,64,46,53,53,79,385229,129963,230204,22934,2128,4,1,0,3851,3485,366,0,307,113,64,49,0,0,10548,6319,622,587,314,28,115,0,0,0,0,0,59,0,12,0,0,0,8,1,0,0,0,0,0,1,0,0,0,0,0,0,5,2,0,0,10,3,0,0,0,0,1,185,35091,0,0,0,0,16,26,0,0,0,10,1,7,2,Jolteon
11-08,14:54:55,NINTEN,Pikachu,Finisher,18,Rock Tunnel - 1,3,28:09.33,28:09,0h28m9s,1,1,2,33,1:48,11.289,THUNDERBOLT,SEISMIC TOSS,REST,BODY SLAM,4,3905,321,65,50,342,333,142,15,15757,Jolteon, ,Electric,Electric,36079,Pikachu7,Pikachu,RTG6 - Finisher,00:27:58.04,00:28:09.33,01:48:18.57,33,1,0,28,9,33,THUNDERBOLT,SEISMIC TOSS,REST,BODY SLAM,10,12,10,4,0,0,0,0,83,83,58,42,54,54,82,8380,8968,9304,7336,7336,9450,15,15,15,15,0,0,0,0,0,0,0,65,47,54,54,82,391885,131601,233879,24277,2128,4,1,0,3905,3485,420,0,321,115,65,50,1,0,10899,6468,622,587,317,28,115,0,0,0,0,0,60,0,12,0,0,0,8,1,0,0,0,0,0,1,0,0,0,0,0,0,5,2,0,0,10,3,0,0,0,0,1,188,35954,0,0,0,0,16,26,0,0,0,10,1,7,2,Jolteon
11-08,14:55:12,NINTEN,Pikachu,Gambler,7,Route 8,2,28:25.64,28:25,0h28m25s,1,1,2,33,1:49,6.046,THUNDERBOLT,SEISMIC TOSS,REST,BODY SLAM,4,3997,332,66,50,344,335,142,16,16157,Jolteon, ,Electric,Electric,36871,Pikachu7,Pikachu,,00:28:19.59,00:28:25.64,01:49:22.38,33,1,0,28,25,64,THUNDERBOLT,SEISMIC TOSS,REST,BODY SLAM,8,12,10,4,0,0,0,0,83,83,58,42,54,54,82,8473,9079,9389,7451,7451,9575,15,15,15,15,0,0,0,0,0,0,0,65,47,54,54,82,395706,133562,235739,24277,2128,4,1,0,3997,3485,512,0,332,116,66,50,1,0,11059,6588,622,587,319,28,115,0,0,0,0,0,61,0,12,0,0,0,8,1,0,0,0,0,0,1,0,0,0,0,0,0,5,2,0,0,10,3,0,0,0,0,1,190,36746,0,0,0,0,17,26,0,0,0,10,1,7,2,Jolteon
11-08,14:55:23,NINTEN,Pikachu,Super Nerd,4,Route 8,3,28:36.87,28:36,0h28m36s,1,1,2,33,1:50,8.254,THUNDERBOLT,SEISMIC TOSS,REST,BODY SLAM,4,4008,332,67,50,347,338,142,16,17837,Jolteon, ,Electric,Electric,38456,Pikachu7,Pikachu,,00:28:28.62,00:28:36.87,01:50:06.14,33,1,0,28,36,87,THUNDERBOLT,SEISMIC TOSS,REST,BODY SLAM,5,12,10,4,0,0,0,0,83,83,58,42,54,54,82,8738,9344,9564,7596,7596,9675,15,15,15,15,0,0,0,0,0,0,0,65,47,54,54,82,398322,133771,238146,24277,2128,4,1,0,4008,3485,523,0,332,117,67,50,1,0,11498,6809,622,587,322,28,115,0,0,0,0,0,64,0,12,0,0,0,8,1,0,0,0,0,0,1,0,0,0,0,0,0,5,2,0,0,10,3,0,0,0,0,1,193,38331,0,0,0,0,17,26,0,0,0,10,1,7,2,Jolteon
11-08,14:55:39,NINTEN,Pikachu,Gambler,5,Route 8,3,28:52.97,28:52,0h28m52s,1,1,2,34,1:51,9.02,THUNDERBOLT,SEISMIC TOSS,REST,BODY SLAM,4,4056,336,68,50,350,341,142,16,18387,Jolteon, ,Electric,Electric,39798,Pikachu7,Pikachu,,00:28:43.95,00:28:52.97,01:51:09.10,34,1,0,28,52,97,THUNDERBOLT,SEISMIC TOSS,REST,BODY SLAM,2,12,10,4,0,0,0,0,85,85,60,43,56,56,84,8883,9509,9709,7726,7726,9945,15,15,15,15,0,0,0,0,0,0,0,67,48,56,56,84,402098,134961,240732,24277,2128,4,1,0,4056,3485,571,0,336,118,68,50,1,0,12101,6979,622,587,325,28,115,0,0,0,0,0,65,0,12,0,0,0,8,1,0,0,0,0,0,1,0,0,0,0,0,0,5,2,0,0,10,3,0,0,0,0,1,196,39673,0,0,0,0,17,26,0,0,0,10,1,7,2,Jolteon
11-08,14:56:24,NINTEN,Pikachu,Rocket,7,Celadon City - Game Corner,2,29:38.18,29:38,0h29m38s,1,1,2,34,1:54,6.053,THUNDERBOLT,SEISMIC TOSS,REST,BODY SLAM,4,4267,364,69,50,352,343,142,14,19927,Jolteon, ,Electric,Electric,40525,Pikachu7,Pikachu,,00:29:32.12,00:29:38.18,01:54:07.03,34,1,0,29,38,18,THUNDERBOLT,SEISMIC TOSS,REST,BODY SLAM,13,20,10,15,0,0,0,0,85,85,60,43,56,56,84,8978,9635,9804,7816,7816,10097,15,15,15,15,0,0,0,0,0,0,0,67,48,56,56,84,412771,143416,242620,24607,2128,4,1,0,4267,3685,582,0,364,119,69,50,1,0,12432,7083,622,587,327,28,115,0,0,0,0,0,66,0,12,0,0,0,8,1,0,0,0,0,0,1,0,0,0,0,0,0,5,2,0,0,10,3,0,0,0,0,1,198,40400,0,0,0,0,20,26,0,0,0,10,1,7,2,Jolteon
11-08,14:56:59,NINTEN,Pikachu,Rocket,15,Rocket Hideout 3,2,30:12.64,30:12,0h30m12s,1,1,2,34,1:56,5.731,THUNDERBOLT,SEISMIC TOSS,REST,BODY SLAM,4,4439,390,70,50,354,345,142,15,20527,Jolteon, ,Electric,Electric,41317,Pikachu7,Pikachu,,00:30:06.91,00:30:12.64,01:56:22.51,34,1,0,30,12,64,THUNDERBOLT,SEISMIC TOSS,REST,BODY SLAM,11,20,10,15,0,0,0,0,85,85,60,43,56,56,84,9118,9795,9904,7886,7886,10167,15,15,15,15,0,0,0,0,0,0,0,67,48,56,56,84,420919,149771,244413,24607,2128,4,1,0,4439,3857,582,0,390,120,70,50,1,0,12634,7209,622,587,329,28,115,0,0,0,0,0,66,0,12,0,0,0,8,1,0,0,0,0,0,1,0,0,0,0,0,0,5,2,0,0,10,3,0,0,0,0,1,200,41192,0,0,0,0,23,26,0,0,0,10,1,7,2,Jolteon
11-08,15:00:01,NINTEN,Pikachu,Rival4-Pkmn Tower,2,Pokemon Tower - 2F,5,33:15.53,33:15,0h33m15s,1,1,2,35,2:08,18.322,THUNDERBOLT,SEISMIC TOSS,REST,BODY SLAM,4,5013,474,71,51,362,353,146,14,307,Jolteon, ,Electric,Electric,43847,Pikachu7,Pikachu,Rival (Pokemon Tower),00:32:57.21,00:33:15.53,02:08:23.02,35,1,0,33,15,53,THUNDERBOLT,SEISMIC TOSS,REST,BODY SLAM,7,18,10,13,0,0,0,0,50,88,66,45,58,58,87,9356,22921,10244,8152,8152,10467,15,15,15,15,0,0,0,0,0,0,0,74,50,58,58,87,464130,181008,251298,29696,2128,4,1,0,5013,4431,582,0,474,122,71,51,1,0,13525,7535,659,624,337,29,118,0,0,0,0,0,69,0,13,0,0,0,8,1,0,0,0,0,0,1,0,0,0,0,0,0,5,2,0,0,10,3,0,0,0,0,1,205,43722,0,0,0,0,28,51,15,1,1,11,1,7,2,Jolteon
11-08,15:03:11,NINTEN,Pikachu,Agatha Jr,10,Pokemon Tower - 4F,2,33:51.12,33:51,0h33m51s,1,1,2,35,2:10,7.406,THUNDERBOLT,SEISMIC TOSS,REST,BODY SLAM,5,5063,477,72,51,365,356,147,14,1932,Jolteon, ,Electric,Electric,44783,Pikachu7,Pikachu,,00:33:43.71,00:33:51.12,02:10:43.04,35,1,0,33,51,12,THUNDERBOLT,SEISMIC TOSS,REST,BODY SLAM,4,18,10,13,0,0,0,0,83,88,66,45,58,58,87,9416,22991,10304,8352,8352,10627,15,15,15,15,0,0,0,0,0,0,0,74,50,58,58,87,472532,183593,253470,33341,2128,5,1,0,5063,4481,582,0,477,123,72,51,1,0,13705,7635,664,629,340,29,119,0,0,0,0,0,70,0,13,0,0,0,8,1,0,0,0,0,0,1,0,0,0,0,0,0,5,2,0,0,10,3,0,0,0,0,1,207,44658,0,0,0,0,28,51,15,1,1,11,1,7,2,Jolteon
11-08,15:03:41,NINTEN,Pikachu,Channeler,21,Pokemon Tower - 6F,1,34:21.31,34:21,0h34m21s,1,1,2,35,2:12,7.279,THUNDERBOLT,SEISMIC TOSS,REST,BODY SLAM,6,5147,501,73,51,368,358,149,14,2622,Jolteon,Paralyzed,Electric,Electric,45270,Pikachu7,Pikachu,,00:34:14.03,00:34:21.31,02:12:42.05,35,1,0,34,21,31,THUNDERBOLT,SEISMIC TOSS,REST,BODY SLAM,13,20,10,15,0,0,0,0,59,89,67,45,58,58,87,12006,23026,10334,8452,8452,10707,15,15,15,15,0,0,0,0,0,0,0,75,50,58,58,21,479673,187489,255559,34497,2128,6,1,0,5147,4565,582,0,501,124,73,51,1,0,13792,7687,693,658,342,29,121,0,0,0,0,0,70,0,13,0,0,0,9,2,0,0,0,0,0,1,0,0,0,0,0,0,7,3,0,0,12,3,0,0,0,0,1,208,45145,0,0,0,0,31,51,15,1,1,11,1,7,2,Jolteon
11-08,15:03:54,NINTEN,Pikachu,Channeler,20,Pokemon Tower - 6F,1,34:34.99,34:34,0h34m34s,1,1,2,35,2:13,5.271,THUNDERBOLT,SEISMIC TOSS,REST,BODY SLAM,6,5156,502,74,51,370,360,150,13,3342,Jolteon, ,Electric,Electric,45757,Pikachu7,Pikachu,,00:34:29.72,00:34:34.99,02:13:35.05,35,1,0,34,34,99,THUNDERBOLT,SEISMIC TOSS,REST,BODY SLAM,11,20,10,15,0,0,0,0,65,89,67,45,58,58,87,12036,23061,10364,8552,8552,10787,15,15,15,15,0,0,0,0,0,0,0,75,50,58,58,87,482853,187791,257173,35761,2128,6,1,0,5156,4574,582,0,502,125,74,51,1,0,13879,7739,717,682,344,29,122,0,0,0,0,0,70,0,13,0,0,0,9,2,0,0,0,0,0,1,0,0,0,0,0,0,7,3,0,0,12,3,0,0,0,0,1,209,45632,0,0,0,0,31,51,15,1,1,11,1,7,2,Jolteon
11-08,15:04:23,NINTEN,Pikachu,Rocket,44,Pokemon Tower - 7F,3,35:03.46,35:03,0h35m3s,1,1,2,36,2:15,14.401,THUNDERBOLT,SEISMIC TOSS,REST,BODY SLAM,6,5181,503,75,52,376,365,155,13,4062,Jolteon,Paralyzed,Electric,Electric,48006,Pikachu7,Pikachu,,00:34:49.06,00:35:03.46,02:15:26.08,36,1,0,35,3,46,THUNDERBOLT,SEISMIC TOSS,REST,BODY SLAM,6,20,10,15,0,0,0,0,21,91,69,46,60,60,89,12201,23281,10588,8742,8742,11017,15,15,15,15,0,-1,0,0,0,0,0,77,33,60,60,22,489516,189355,261745,36288,2128,6,1,0,5181,4599,582,0,503,127,75,52,1,0,14304,7950,787,752,349,30,126,0,0,0,0,0,72,0,14,0,0,0,9,3,0,0,0,0,0,1,0,0,0,0,0,0,11,4,0,0,12,3,0,0,0,0,1,212,47881,0,0,0,0,32,51,15,1,1,11,1,7,2,Jolteon
11-08,15:05:05,NINTEN,Pikachu,Biker,5,Route 16,2,35:45.72,35:45,0h35m45s,1,1,2,36,2:18,7.199,THUNDERBOLT,SEISMIC TOSS,REST,BODY SLAM,6,5286,508,76,53,379,368,156,14,4872,Jolteon, ,Electric,Electric,49272,Pikachu7,Pikachu,,00:35:38.52,00:35:45.72,02:18:11.26,36,1,0,35,45,72,THUNDERBOLT,SEISMIC TOSS,REST,BODY SLAM,12,20,10,15,0,0,0,0,80,91,69,46,60,60,89,12321,23426,10733,8842,8842,11077,15,15,15,15,0,0,0,0,0,0,0,77,51,60,60,89,499434,194688,264617,38001,2128,6,1,0,5286,4703,583,0,508,129,76,53,2,0,14591,8106,798,763,352,30,127,0,0,0,0,0,73,0,14,0,0,0,9,3,0,0,0,0,0,1,0,0,0,0,0,0,11,4,0,0,12,3,0,0,0,0,1,214,49147,0,0,0,0,32,51,15,1,1,11,1,7,2,Jolteon
11-08,15:05:17,NINTEN,Pikachu,Cue Ball,1,Route 16,3,35:57.27,35:57,0h35m57s,1,1,2,37,2:18,8.858,THUNDERBOLT,SEISMIC TOSS,REST,BODY SLAM,6,5290,508,77,53,382,371,156,14,5452,Jolteon, ,Electric,Electric,50772,Pikachu7,Pikachu,,00:35:48.41,00:35:57.27,02:18:56.16,37,1,0,35,57,27,THUNDERBOLT,SEISMIC TOSS,REST,BODY SLAM,9,20,10,15,0,0,0,0,83,94,70,47,61,61,92,12501,23666,10868,8947,8947,11217,15,15,15,15,0,0,0,0,0,0,0,78,52,61,61,92,502124,194827,267168,38001,2128,6,1,0,5290,4703,587,0,508,130,77,53,2,0,14938,8332,798,763,355,30,127,0,0,0,0,0,74,0,14,0,0,0,9,3,0,0,0,0,0,1,0,0,0,0,0,0,11,4,0,0,12,3,0,0,0,0,1,217,50647,0,0,0,0,32,51,15,1,1,11,1,7,2,Jolteon
11-08,15:05:25,NINTEN,Pikachu,Cue Ball,2,Route 16,2,36:05.68,36:05,0h36m5s,1,1,2,37,2:19,5.839,THUNDERBOLT,SEISMIC TOSS,REST,BODY SLAM,6,5292,510,78,53,384,373,156,14,6152,Jolteon, ,Electric,Electric,51777,Pikachu7,Pikachu,,00:35:59.84,00:36:05.68,02:19:28.40,37,1,0,36,5,68,THUNDERBOLT,SEISMIC TOSS,REST,BODY SLAM,7,20,10,15,0,0,0,0,83,94,70,47,61,61,92,12611,23826,10953,9017,9017,11322,15,15,15,15,0,0,0,0,0,0,0,78,52,61,61,92,504068,194943,268996,38001,2128,6,1,0,5292,4703,589,0,510,131,78,53,2,0,15122,8482,798,763,357,30,127,0,0,0,0,0,74,0,14,0,0,0,9,3,0,0,0,0,0,1,0,0,0,0,0,0,11,4,0,0,12,3,0,0,0,0,1,219,51652,0,0,0,0,32,51,15,1,1,11,1,7,2,Jolteon
11-08,15:05:34,NINTEN,Pikachu,Cue Ball,3,Route 16,1,36:14.37,36:14,0h36m14s,1,1,2,37,2:20,5.529,THUNDERBOLT,SEISMIC TOSS,REST,BODY SLAM,6,5298,510,79,53,386,375,157,14,6877,Jolteon, ,Electric,Electric,52398,Pikachu7,Pikachu,,00:36:08.84,00:36:14.37,02:20:02.20,37,1,0,36,14,37,THUNDERBOLT,SEISMIC TOSS,REST,BODY SLAM,6,19,10,15,0,0,0,0,55,94,70,47,61,61,92,12681,23906,11003,9052,9052,11357,15,15,15,15,0,0,0,0,0,0,0,78,52,61,61,92,506088,195198,270761,38001,2128,6,1,0,5298,4703,595,0,510,132,79,53,2,0,15235,8576,826,791,359,30,128,0,0,0,0,0,74,0,14,0,0,0,9,3,0,0,0,0,0,1,0,0,0,0,0,0,11,4,0,0,12,3,0,0,0,0,1,220,52273,0,0,0,0,32,51,15,1,1,11,1,7,2,Jolteon
11-08,15:05:46,NINTEN,Pikachu,Biker,6,Route 16,1,36:26.86,36:26,0h36m26s,1,1,2,37,2:20,6.554,THUNDERBOLT,SEISMIC TOSS,REST,BODY SLAM,6,5299,510,80,53,388,377,158,14,7702,Jolteon,Poisoned,Electric,Electric,53620,Pikachu7,Pikachu,,00:36:20.30,00:36:26.86,02:20:50.52,37,1,0,36,26,86,THUNDERBOLT,SEISMIC TOSS,REST,BODY SLAM,5,18,10,15,0,0,0,0,68,94,70,47,61,61,92,12746,23996,11123,9137,9137,11417,15,15,15,15,0,0,0,0,0,0,0,78,52,61,61,92,509000,195399,272768,38705,2128,6,1,0,5299,4703,596,0,510,133,80,53,2,0,15354,8667,852,817,361,30,129,0,0,0,0,0,75,0,15,0,0,0,9,3,0,0,0,0,0,2,0,0,0,0,0,0,11,4,0,0,12,3,0,0,0,0,1,221,53495,0,0,0,0,32,51,15,1,1,11,1,7,2,Jolteon
11-08,15:06:06,NINTEN,Pikachu,Biker,7,Route 16,4,36:46.37,36:46,0h36m46s,1,1,2,38,2:22,10.654,THUNDERBOLT,SEISMIC TOSS,REST,BODY SLAM,6,5304,510,81,53,392,381,158,14,8362,Jolteon, ,Electric,Electric,55624,Pikachu7,Pikachu,,00:36:35.72,00:36:46.37,02:22:07.07,38,1,0,36,46,37,THUNDERBOLT,SEISMIC TOSS,REST,BODY SLAM,1,18,10,15,0,0,0,0,70,96,73,49,63,63,95,13066,24316,11323,9297,9297,11517,15,15,15,15,0,0,0,0,0,0,0,82,55,63,63,95,513575,195702,275725,40020,2128,6,1,0,5304,4703,601,0,510,134,81,53,2,0,15714,8991,852,817,365,30,129,0,0,0,0,0,75,0,15,0,0,0,9,3,0,0,0,0,0,2,0,0,0,0,0,0,11,4,0,0,12,3,0,0,0,0,1,225,55499,0,0,0,0,32,51,15,1,1,11,1,7,2,Jolteon
11-08,15:06:35,NINTEN,Pikachu,Biker,8,Route 17,3,37:15.47,37:15,0h37m15s,1,1,2,38,2:24,18.008,THUNDERBOLT,SEISMIC TOSS,REST,BODY SLAM,6,5325,510,82,53,400,387,163,14,8882,Jolteon,Poisoned,Electric,Electric,58384,Pikachu7,Pikachu,,00:36:57.47,00:37:15.47,02:24:01.30,38,1,0,37,15,47,THUNDERBOLT,SEISMIC TOSS,REST,BODY SLAM,6,18,9,15,0,0,0,0,63,96,73,49,63,63,95,13236,24561,11658,9527,9527,11672,15,15,15,15,0,0,0,0,0,0,0,82,55,63,63,95,520438,196191,280451,41668,2128,6,1,0,5325,4703,622,0,510,135,82,53,2,0,16027,9211,910,875,370,32,132,0,0,0,0,0,76,0,15,0,0,0,9,3,0,0,0,0,0,4,0,0,0,0,0,0,11,4,0,0,12,3,1,0,0,0,1,228,58259,0,0,0,0,32,51,15,1,1,11,1,7,2,Jolteon
11-08,15:06:53,NINTEN,Pikachu,Cue Ball,5,Route 17,2,37:34.09,37:34,0h37m34s,1,1,2,39,2:25,8.399,THUNDERBOLT,SEISMIC TOSS,REST,BODY SLAM,6,5342,519,83,53,403,390,163,13,9442,Jolteon, ,Electric,Electric,59836,Pikachu7,Pikachu,,00:37:25.69,00:37:34.09,02:25:14.07,39,1,0,37,34,9,THUNDERBOLT,SEISMIC TOSS,REST,BODY SLAM,4,18,9,14,0,0,0,0,99,99,74,50,65,65,97,13386,24741,11778,9612,9612,11752,15,15,15,15,0,0,0,0,0,0,0,83,56,65,65,97,524795,197203,282891,42573,2128,6,1,0,5342,4703,639,0,519,136,83,53,2,0,16343,9385,910,875,373,32,132,0,0,0,0,0,77,0,15,0,0,0,10,3,0,0,0,0,0,4,0,0,0,0,0,0,11,4,0,0,13,4,1,0,0,0,1,230,59711,0,0,0,0,33,51,15,1,1,11,1,7,2,Jolteon
11-08,15:07:04,NINTEN,Pikachu,Cue Ball,4,Route 17,2,37:45.09,37:45,0h37m45s,1,1,2,39,2:25,7.878,THUNDERBOLT,SEISMIC TOSS,REST,BODY SLAM,6,5347,520,84,53,406,393,164,13,10167,Jolteon, ,Electric,Electric,61220,Pikachu7,Pikachu,,00:37:37.21,00:37:45.09,02:25:56.49,39,1,0,37,45,9,THUNDERBOLT,SEISMIC TOSS,REST,BODY SLAM,2,18,9,13,0,0,0,0,67,99,74,50,65,65,97,13491,24926,11873,9707,9707,11917,15,15,15,15,0,0,0,0,0,0,0,83,56,65,65,97,527357,197453,285203,42573,2128,6,1,0,5347,4703,644,0,520,137,84,53,2,0,16560,9532,942,907,376,32,133,0,0,0,0,0,77,0,16,0,0,0,10,3,0,0,0,0,0,4,0,0,0,0,0,0,11,4,0,0,13,4,1,0,0,0,1,232,61095,0,0,0,0,33,51,15,1,1,11,1,7,2,Jolteon
11-08,15:07:20,NINTEN,Pikachu,Biker,10,Route 17,2,38:00.64,38:00,0h38m0s,1,1,2,39,2:26,8.897,THUNDERBOLT,SEISMIC TOSS,REST,BODY SLAM,6,5365,521,85,53,409,396,165,13,10892,Jolteon, ,Electric,Electric,62498,Pikachu7,Pikachu,,00:37:51.75,00:38:00.64,02:26:57.28,39,1,0,38,0,64,THUNDERBOLT,SEISMIC TOSS,REST,BODY SLAM,2,18,9,10,0,0,0,0,65,99,74,50,65,65,97,13571,24986,11973,9817,9817,12117,15,15,15,15,0,0,0,0,0,0,0,83,56,65,65,97,530996,197793,287762,43313,2128,6,1,0,5365,4703,662,0,521,138,85,53,2,0,16746,9663,976,941,379,32,134,0,0,0,0,0,77,0,16,0,0,0,11,3,0,0,0,0,0,4,0,0,0,0,0,0,11,4,0,0,14,5,1,0,0,0,1,234,62373,0,0,0,0,33,51,15,1,1,11,1,7,2,Jolteon
11-08,15:07:30,NINTEN,Pikachu,Cue Ball,6,Route 17,1,38:11.09,38:11,0h38m11s,1,1,2,39,2:27,6.572,THUNDERBOLT,SEISMIC TOSS,REST,BODY SLAM,6,5394,526,86,53,411,398,166,13,11472,Jolteon, ,Electric,Electric,63530,Pikachu7,Pikachu,,00:38:04.52,00:38:11.09,02:27:38.03,39,1,0,38,11,9,THUNDERBOLT,SEISMIC TOSS,REST,BODY SLAM,1,18,9,9,0,0,0,0,23,99,74,50,65,65,97,13651,25086,12043,9867,9867,12162,15,15,15,15,0,0,0,0,0,0,0,83,56,65,65,97,533431,198225,289765,43313,2128,6,1,0,5394,4703,691,0,526,139,86,53,2,0,16859,9764,1018,983,381,32,135,0,0,0,0,0,77,0,17,0,0,0,12,3,0,0,0,0,0,4,0,0,0,0,0,0,11,4,0,0,15,5,1,0,0,0,1,235,63405,0,0,0,0,33,51,15,1,1,11,1,7,2,Jolteon
11-08,15:07:51,NINTEN,Pikachu,Cue Ball,8,Route 17,2,38:31.48,38:31,0h38m31s,1,1,2,40,2:28,8.724,THUNDERBOLT,SEISMIC TOSS,REST,BODY SLAM,6,5437,536,87,53,414,401,167,11,12297,Jolteon, ,Electric,Electric,65361,Pikachu7,Pikachu,,00:38:22.76,00:38:31.48,02:28:57.35,40,1,0,38,31,48,THUNDERBOLT,SEISMIC TOSS,REST,BODY SLAM,13,17,9,9,0,0,0,0,101,101,76,51,67,67,99,13796,25291,12173,9977,9977,12302,15,15,15,15,0,0,0,0,0,0,0,85,57,67,67,99,538203,198882,292280,44913,2128,6,1,0,5437,4703,734,0,536,140,87,53,2,0,17122,9935,1018,983,384,32,135,0,0,0,0,0,78,0,17,0,0,0,12,3,0,0,0,0,0,4,0,0,0,0,0,0,11,4,0,0,15,5,1,0,0,0,1,237,65236,0,0,0,0,33,51,15,1,1,11,1,7,2,Jolteon
11-08,15:08:16,NINTEN,Pikachu,Biker,12,Route 17,5,38:56.10,38:56,0h38m56s,1,1,2,41,2:30,20.48,THUNDERBOLT,SEISMIC TOSS,REST,BODY SLAM,6,5463,540,88,53,421,408,169,11,13022,Jolteon,Poisoned,Electric,Electric,69041,Pikachu7,Pikachu,,00:38:35.62,00:38:56.10,02:30:34.12,41,1,0,38,56,10,THUNDERBOLT,SEISMIC TOSS,REST,BODY SLAM,8,15,9,9,0,0,0,0,58,103,78,53,68,68,102,14046,25666,12698,10327,10327,12527,15,15,15,15,0,0,0,0,0,0,0,87,59,68,68,102,544000,199375,297584,44913,2128,6,1,0,5463,4703,760,0,540,141,88,53,2,0,17641,10254,1063,1028,391,32,137,0,0,0,0,0,79,0,17,0,0,0,12,3,0,0,0,0,0,5,0,0,0,0,0,0,11,4,0,0,15,5,1,0,0,0,1,242,68916,0,0,0,0,33,51,15,1,1,11,1,7,2,Jolteon
11-08,15:09:02,NINTEN,Pikachu,Biker,9,Route 17,1,39:42.40,39:42,0h39m42s,1,1,2,41,2:33,5.255,THUNDERBOLT,SEISMIC TOSS,REST,BODY SLAM,6,5667,560,89,53,423,410,170,13,6222,Jolteon, ,Electric,Electric,70151,Pikachu7,Pikachu,,00:39:37.15,00:39:42.40,02:33:36.18,41,1,0,39,42,40,THUNDERBOLT,SEISMIC TOSS,REST,BODY SLAM,13,20,10,15,0,0,0,0,103,103,78,53,68,68,102,14151,25771,12773,10392,10392,12577,15,15,15,15,0,0,0,0,0,0,0,87,59,68,68,102,554926,206736,299280,46782,2128,6,1,0,5667,4833,834,0,560,142,89,53,2,0,17765,10371,1063,1028,393,33,137,0,0,0,0,0,79,0,17,0,0,0,13,3,0,0,0,0,0,5,0,0,0,0,0,0,11,4,0,0,16,5,1,0,0,0,1,243,70026,0,0,0,0,33,64,15,1,1,11,1,7,2,Jolteon
11-08,15:09:16,NINTEN,Pikachu,Cue Ball,7,Route 17,4,39:56.90,39:56,0h39m56s,1,1,2,41,2:34,10.321,THUNDERBOLT,SEISMIC TOSS,REST,BODY SLAM,6,5704,560,90,53,427,414,170,13,6882,Jolteon, ,Electric,Electric,72275,Pikachu7,Pikachu,,00:39:46.58,00:39:56.90,02:34:32.44,41,1,0,39,56,90,THUNDERBOLT,SEISMIC TOSS,REST,BODY SLAM,9,20,10,15,0,0,0,0,103,103,78,53,68,68,102,14381,26111,12963,10547,10547,12797,15,15,15,15,0,0,0,0,0,0,0,87,59,68,68,102,558312,207245,302157,46782,2128,6,1,0,5704,4833,871,0,560,143,90,53,2,0,18214,10648,1063,1028,397,33,137,0,0,0,0,0,79,0,17,0,0,0,13,3,0,0,0,0,0,5,0,0,0,0,0,0,11,4,0,0,16,5,1,0,0,0,1,247,72150,0,0,0,0,33,64,15,1,1,11,1,7,2,Jolteon
11-08,15:09:35,NINTEN,Pikachu,Biker,11,Route 17,2,40:15.54,40:15,0h40m15s,1,1,2,42,2:35,10.406,THUNDERBOLT,SEISMIC TOSS,REST,BODY SLAM,6,5809,565,91,53,431,418,172,13,7532,Jolteon, ,Electric,Electric,74324,Pikachu7,Pikachu,,00:40:05.13,00:40:15.54,02:35:45.50,42,1,0,40,15,54,THUNDERBOLT,SEISMIC TOSS,REST,BODY SLAM,7,18,10,15,0,0,0,0,72,106,80,54,70,70,104,14551,26306,13158,10697,10697,12907,15,15,15,15,0,0,0,0,0,0,0,90,60,70,70,104,562698,208704,305084,46782,2128,6,1,0,5809,4833,976,0,565,144,91,53,2,0,18428,10833,1097,1062,401,33,139,0,0,0,0,0,79,0,18,0,0,0,13,3,0,0,0,0,0,5,0,0,0,0,0,0,11,4,0,0,16,5,1,0,0,0,1,249,74199,0,0,0,0,33,64,15,1,1,11,1,7,2,Jolteon
11-08,15:09:56,NINTEN,Pikachu,Bird Keeper,10,Route 18,4,40:36.13,40:36,0h40m36s,1,1,2,42,2:37,11.417,THUNDERBOLT,SEISMIC TOSS,REST,BODY SLAM,6,5913,582,92,53,435,422,172,13,8112,Jolteon, ,Electric,Electric,76191,Pikachu7,Pikachu,,00:40:24.71,00:40:36.13,02:37:06.17,42,1,0,40,36,13,THUNDERBOLT,SEISMIC TOSS,REST,BODY SLAM,4,18,10,14,0,0,0,0,72,106,80,54,70,70,104,14736,26576,13313,10851,10851,13217,15,15,15,15,0,0,0,0,0,0,0,90,60,70,70,104,567525,210388,308227,46782,2128,6,1,0,5913,4852,1061,0,582,145,92,53,2,0,19609,11086,1097,1062,405,33,139,0,0,0,0,0,81,0,18,0,0,0,13,3,0,0,0,0,0,5,0,0,0,0,0,0,11,4,0,0,16,5,1,0,0,0,1,253,76066,0,0,0,0,33,64,15,1,1,11,1,7,2,Jolteon
11-08,15:10:05,NINTEN,Pikachu,Bird Keeper,8,Route 18,2,40:46.01,40:46,0h40m46s,1,1,2,42,2:37,6.278,THUNDERBOLT,SEISMIC TOSS,REST,BODY SLAM,6,5917,589,93,53,437,424,172,13,8762,Jolteon, ,Electric,Electric,77557,Pikachu7,Pikachu,,00:40:39.73,00:40:46.01,02:37:44.34,42,1,0,40,46,1,THUNDERBOLT,SEISMIC TOSS,REST,BODY SLAM,2,18,10,14,0,0,0,0,72,106,80,54,70,70,104,14841,26726,13408,10943,10943,13387,15,15,15,15,0,0,0,0,0,0,0,90,60,70,70,104,569822,210746,310166,46782,2128,6,1,0,5917,4856,1061,0,589,146,93,53,2,0,20003,11233,1097,1062,407,33,139,0,0,0,0,0,81,0,18,0,0,0,13,3,0,0,0,0,0,5,0,0,0,0,0,0,11,4,0,0,16,5,1,0,0,0,1,255,77432,0,0,0,0,33,64,15,1,1,11,1,7,2,Jolteon
11-08,15:10:13,NINTEN,Pikachu,Bird Keeper,9,Route 18,1,40:53.16,40:53,0h40m53s,1,1,2,42,2:38,3.899,THUNDERBOLT,SEISMIC TOSS,REST,BODY SLAM,6,5921,596,94,53,438,425,172,13,9487,Jolteon, ,Electric,Electric,78707,Pikachu7,Pikachu,,00:40:49.25,00:40:53.16,02:38:12.04,42,1,0,40,53,16,THUNDERBOLT,SEISMIC TOSS,REST,BODY SLAM,1,18,10,14,0,0,0,0,72,106,80,54,70,70,104,14901,26836,13478,11003,11003,13487,15,15,15,15,0,0,0,0,0,0,0,90,60,70,70,104,571472,211021,311541,46782,2128,6,1,0,5921,4860,1061,0,596,147,94,53,2,0,20127,11323,1097,1062,408,33,139,0,0,0,0,0,81,0,18,0,0,0,13,3,0,0,0,0,0,5,0,0,0,0,0,0,11,4,0,0,16,5,1,0,0,0,1,256,78582,0,0,0,0,33,64,15,1,1,11,1,7,2,Jolteon
11-08,15:11:51,NINTEN,Pikachu,Blackbelt,5,Saffron City - Fighting Dojo,3,42:31.60,42:31,0h42m31s,1,1,2,43,2:44,10.75,THUNDERBOLT,SEISMIC TOSS,REST,BODY SLAM,6,6475,639,95,53,442,429,173,15,9837,Jolteon, ,Electric,Electric,80768,Pikachu7,Pikachu,,00:42:20.85,00:42:31.60,02:44:39.55,43,1,0,42,31,60,THUNDERBOLT,SEISMIC TOSS,REST,BODY SLAM,12,20,10,14,0,0,0,0,108,108,82,56,72,72,109,15076,27101,13623,11133,11133,16247,15,15,15,15,0,0,0,0,0,0,0,92,63,72,72,109,594743,225552,314548,52515,2128,6,1,0,6475,5086,1389,0,639,148,95,53,2,0,20591,11568,1097,1062,412,33,139,0,0,0,0,0,82,0,18,0,0,0,13,3,0,0,0,0,0,5,0,0,0,0,0,0,11,4,0,0,16,5,1,0,0,0,1,259,80643,0,0,0,0,37,64,15,1,1,12,1,7,2,Jolteon
11-08,15:12:02,NINTEN,Pikachu,Blackbelt,3,Saffron City - Fighting Dojo,2,42:42.49,42:42,0h42m42s,1,1,2,43,2:45,8.112,THUNDERBOLT,SEISMIC TOSS,REST,BODY SLAM,6,6476,639,96,53,445,432,174,15,10612,Jolteon, ,Electric,Electric,82371,Pikachu7,Pikachu,,00:42:34.38,00:42:42.49,02:45:22.17,43,1,0,42,42,49,THUNDERBOLT,SEISMIC TOSS,REST,BODY SLAM,10,19,10,14,0,0,0,0,75,108,82,56,72,72,109,15226,27281,13743,11218,11218,16327,15,15,15,15,0,0,0,0,0,0,0,92,63,72,72,109,597285,225709,316933,52515,2128,6,1,0,6476,5087,1389,0,639,149,96,53,2,0,20830,11757,1130,1095,415,33,140,0,0,0,0,0,82,0,19,0,0,0,13,3,0,0,0,0,0,5,0,0,0,0,0,0,11,4,0,0,16,5,1,0,0,0,1,261,82246,0,0,0,0,37,64,15,1,1,12,1,7,2,Jolteon
11-08,15:12:09,NINTEN,Pikachu,Blackbelt,4,Saffron City - Fighting Dojo,1,42:49.38,42:49,0h42m49s,1,1,2,43,2:45,3.894,THUNDERBOLT,SEISMIC TOSS,REST,BODY SLAM,6,6477,639,97,53,446,433,174,15,11412,Jolteon, ,Electric,Electric,83520,Pikachu7,Pikachu,,00:42:45.49,00:42:49.38,02:45:48.48,43,1,0,42,49,38,THUNDERBOLT,SEISMIC TOSS,REST,BODY SLAM,9,19,10,14,0,0,0,0,75,108,82,56,72,72,109,15291,27386,13803,11278,11278,16422,15,15,15,15,0,0,0,0,0,0,0,92,63,72,72,109,598876,225925,318308,52515,2128,6,1,0,6477,5088,1389,0,639,150,97,53,2,0,20963,11855,1130,1095,416,33,140,0,0,0,0,0,83,0,19,0,0,0,13,3,0,0,0,0,0,5,0,0,0,0,0,0,11,4,0,0,16,5,1,0,0,0,1,262,83395,0,0,0,0,37,64,15,1,1,12,1,7,2,Jolteon
11-08,15:12:22,NINTEN,Pikachu,Blackbelt,2,Saffron City - Fighting Dojo,3,43:03.08,43:03,0h43m3s,1,1,2,44,2:46,10.896,THUNDERBOLT,SEISMIC TOSS,REST,BODY SLAM,6,6478,639,98,53,450,437,175,15,12312,Jolteon, ,Electric,Electric,85488,Pikachu7,Pikachu,,00:42:52.19,00:43:03.08,02:46:42.11,44,1,0,43,3,8,THUNDERBOLT,SEISMIC TOSS,REST,BODY SLAM,6,18,10,14,0,0,0,0,46,111,84,57,73,73,111,15436,27651,13933,11408,11408,16657,15,15,15,15,0,0,0,0,0,0,0,94,64,73,73,111,602079,226087,321349,52515,2128,6,1,0,6478,5089,1389,0,639,151,98,53,2,0,21327,12081,1162,1127,420,33,141,0,0,0,0,0,83,0,20,0,0,0,13,3,0,0,0,0,0,5,0,0,0,0,0,0,11,4,0,0,16,5,1,0,0,0,1,265,85363,0,0,0,0,37,64,15,1,1,12,1,7,2,Jolteon
11-08,15:12:35,NINTEN,Pikachu,Blackbelt,1,Saffron City - Fighting Dojo,2,43:16.04,43:16,0h43m16s,1,1,2,44,2:47,6.177,THUNDERBOLT,SEISMIC TOSS,REST,BODY SLAM,6,6479,639,99,53,452,439,175,15,13087,Jolteon, ,Electric,Electric,87699,Pikachu7,Pikachu,,00:43:09.86,00:43:16.04,02:47:32.33,44,1,0,43,16,4,THUNDERBOLT,SEISMIC TOSS,REST,BODY SLAM,4,18,10,14,0,0,0,0,96,111,84,57,73,73,111,15536,27876,14065,11478,11478,16820,15,15,15,15,0,0,0,0,0,0,0,94,64,73,73,111,605101,226424,323262,53287,2128,6,1,0,6479,5090,1389,0,639,152,99,53,2,0,21530,12259,1162,1127,422,33,141,0,0,0,0,0,83,0,20,0,0,0,13,3,0,0,0,0,0,5,0,0,0,0,0,0,11,4,0,0,16,5,1,0,0,0,1,267,87574,0,0,0,0,37,64,15,1,1,12,1,7,2,Jolteon
11-08,15:13:15,NINTEN,Pikachu,Rocket,40,Silph Co - 11F,5,43:55.57,43:55,0h43m55s,1,1,2,44,2:50,13.2,THUNDERBOLT,SEISMIC TOSS,REST,BODY SLAM,6,6592,651,100,53,457,444,176,15,14012,Jolteon, ,Electric,Electric,89230,Pikachu7,Pikachu,,00:43:42.37,00:43:55.57,02:50:07.19,44,1,0,43,55,57,THUNDERBOLT,SEISMIC TOSS,REST,BODY SLAM,15,20,10,10,0,0,0,0,103,111,84,57,73,73,111,15701,28149,14249,11633,11633,17146,15,15,15,15,0,0,0,0,0,0,0,94,64,73,73,111,614387,231639,326842,53778,2128,6,1,0,6592,5203,1389,0,651,153,100,53,2,0,22134,12536,1170,1135,427,33,142,0,0,0,0,0,84,0,20,0,0,0,13,3,0,0,0,0,0,5,0,0,0,0,0,0,11,4,0,0,16,5,1,0,0,0,1,272,89105,0,0,0,0,37,64,15,1,1,12,1,7,2,Jolteon
11-08,15:13:34,NINTEN,Pikachu,Scientist,11,Silph Co - 10F,2,44:14.85,44:14,0h44m14s,1,1,2,44,2:51,14.892,THUNDERBOLT,SEISMIC TOSS,REST,BODY SLAM,6,6607,651,101,53,463,447,180,15,14762,Jolteon,Poisoned,Electric,Electric,90490,Pikachu7,Pikachu,,00:43:59.96,00:44:14.85,02:51:22.49,44,1,0,44,14,85,THUNDERBOLT,SEISMIC TOSS,REST,BODY SLAM,13,20,10,9,0,0,0,0,13,111,84,57,73,73,111,15766,28249,14414,11788,11788,17226,15,15,15,15,0,0,0,0,0,0,0,94,64,73,73,111,618917,232172,330839,53778,2128,6,1,0,6607,5218,1389,0,651,154,101,53,2,0,22304,12660,1260,1225,430,34,146,0,0,0,0,0,84,0,20,0,0,1,13,3,0,0,0,0,0,6,0,0,0,0,4,3,11,4,0,0,16,5,1,0,0,0,1,274,90365,0,0,0,0,37,64,15,1,1,12,1,7,2,Jolteon
11-08,15:13:50,NINTEN,Pikachu,Rocket,39,Silph Co - 10F,1,44:30.22,44:30,0h44m30s,1,1,2,45,2:52,6.041,THUNDERBOLT,SEISMIC TOSS,REST,BODY SLAM,6,6622,651,102,53,465,449,181,14,16212,Jolteon, ,Electric,Electric,91522,Pikachu7,Pikachu,,00:44:24.19,00:44:30.22,02:52:22.54,45,1,0,44,30,22,THUNDERBOLT,SEISMIC TOSS,REST,BODY SLAM,11,20,10,9,0,0,0,0,88,113,86,59,75,75,114,15846,28349,14484,11838,11838,17271,15,15,15,15,0,0,0,0,0,0,0,96,66,75,75,114,622522,232706,332739,54949,2128,6,1,0,6622,5233,1389,0,651,155,102,53,2,0,22469,12761,1285,1250,432,34,147,0,0,0,0,0,84,0,20,0,0,1,13,3,0,0,0,0,0,6,0,0,0,0,4,3,11,4,0,0,16,5,1,0,0,0,1,275,91397,0,0,0,0,37,64,15,1,1,12,1,7,2,Jolteon
11-08,15:14:11,NINTEN,Pikachu,Hypno Rocket,38,Silph Co - 9F,3,44:52.03,44:52,0h44m52s,1,1,2,45,2:53,11.226,THUNDERBOLT,SEISMIC TOSS,REST,BODY SLAM,6,6683,656,103,53,469,453,182,15,17202,Jolteon, ,Electric,Electric,94150,Pikachu7,Pikachu,,00:44:40.81,00:44:52.03,02:53:48.22,45,1,0,44,52,3,THUNDERBOLT,SEISMIC TOSS,REST,BODY SLAM,10,20,10,6,0,0,0,0,88,113,86,59,75,75,114,16066,28550,14669,12118,12118,17470,15,15,15,15,0,0,0,0,0,0,0,96,66,75,75,114,627650,234738,335835,54949,2128,6,1,0,6683,5294,1389,0,656,156,103,53,2,0,22881,13011,1285,1250,436,34,148,0,0,0,0,0,85,0,20,0,0,1,14,3,0,0,0,0,0,6,0,0,0,0,4,3,11,4,0,0,17,5,1,0,0,0,1,278,94025,0,0,0,0,39,64,15,1,1,12,1,7,2,Jolteon
11-08,15:14:27,NINTEN,Pikachu,Rocket,35,Silph Co - 8F,4,45:07.31,45:07,0h45m7s,1,1,2,45,2:54,11,THUNDERBOLT,SEISMIC TOSS,REST,BODY SLAM,6,6702,657,104,53,473,457,182,15,18042,Jolteon, ,Electric,Electric,96363,Pikachu7,Pikachu,,00:44:56.31,00:45:07.31,02:54:47.40,45,1,0,45,7,31,THUNDERBOLT,SEISMIC TOSS,REST,BODY SLAM,7,20,10,5,0,0,0,0,88,113,86,59,75,75,114,16266,28812,14869,12308,12308,17784,15,15,15,15,0,0,0,0,0,0,0,96,66,75,75,114,631208,235332,338799,54949,2128,6,1,0,6702,5313,1389,0,657,157,104,53,2,0,23690,13273,1285,1250,440,34,148,0,0,0,0,0,86,0,20,0,0,1,14,3,0,0,0,0,0,6,0,0,0,0,4,3,11,4,0,0,17,5,1,0,0,0,1,282,96238,0,0,0,0,39,64,15,1,1,12,1,7,2,Jolteon
11-08,15:14:46,NINTEN,Pikachu,Rocket,36,Silph Co - 8F,3,45:26.65,45:26,0h45m26s,1,1,2,46,2:56,11.352,THUNDERBOLT,SEISMIC TOSS,REST,BODY SLAM,6,6724,661,105,53,477,461,183,15,18822,Jolteon, ,Electric,Electric,99111,Pikachu7,Pikachu,,00:45:15.29,00:45:26.65,02:56:03.21,46,1,0,45,26,65,THUNDERBOLT,SEISMIC TOSS,REST,BODY SLAM,4,19,10,5,0,0,0,0,93,116,88,60,77,77,116,16446,29047,15154,12528,12528,17969,15,15,15,15,0,0,0,0,0,0,0,99,67,77,77,116,635749,236099,341853,55669,2128,6,1,0,6724,5335,1389,0,661,158,105,53,2,0,24054,13499,1308,1273,444,34,149,0,0,0,0,0,86,0,20,0,0,1,14,3,0,0,0,0,0,6,0,0,0,0,4,3,11,4,0,0,17,5,1,0,0,0,1,285,98986,0,0,0,0,39,64,15,1,1,12,1,7,2,Jolteon
11-08,15:14:57,NINTEN,Pikachu,Scientist,9,Silph Co - 8F,2,45:37.33,45:37,0h45m37s,1,1,2,46,2:56,7.47,THUNDERBOLT,SEISMIC TOSS,REST,BODY SLAM,6,6739,662,106,53,480,464,184,15,19662,Jolteon, ,Electric,Electric,100600,Pikachu7,Pikachu,,00:45:29.86,00:45:37.33,02:56:44.52,46,1,0,45,37,33,THUNDERBOLT,SEISMIC TOSS,REST,BODY SLAM,3,19,10,3,0,0,0,0,93,116,88,60,77,77,116,16586,29177,15274,12648,12648,18134,15,15,15,15,0,0,0,0,0,0,0,99,67,77,77,116,638240,236459,343984,55669,2128,6,1,0,6739,5350,1389,0,662,159,106,53,2,0,24319,13667,1308,1273,447,34,150,0,0,0,0,0,86,0,20,0,0,1,14,3,0,0,0,0,0,6,0,0,0,0,4,3,11,4,0,0,17,5,1,0,0,0,1,287,100475,0,0,0,0,39,64,15,1,1,12,1,7,2,Jolteon
11-08,15:15:14,NINTEN,Pikachu,Rocket,33,Silph Co - 7F,2,45:55.01,45:55,0h45m55s,1,1,2,46,2:57,10.923,THUNDERBOLT,SEISMIC TOSS,REST,BODY SLAM,6,6779,669,107,53,485,469,187,15,21112,Jolteon, ,Electric,Electric,101680,Pikachu7,Pikachu,,00:45:44.08,00:45:55.01,02:57:53.59,46,1,0,45,55,1,THUNDERBOLT,SEISMIC TOSS,REST,BODY SLAM,2,15,10,3,0,0,0,0,51,116,88,60,77,77,116,16686,29277,15464,12728,12728,18204,15,15,15,15,0,-1,0,0,0,0,0,111,43,77,77,116,642387,237652,346938,55669,2128,6,1,0,6779,5390,1389,0,669,160,107,53,2,0,24503,13811,1350,1315,452,34,153,0,0,0,0,0,86,0,20,0,0,1,14,3,0,0,0,0,0,6,0,0,0,0,4,3,11,4,0,0,17,5,1,0,0,0,1,289,101555,0,0,0,0,39,64,15,1,1,12,1,7,2,Jolteon
11-08,15:15:43,NINTEN,Pikachu,Rocket,32,Silph Co - 7F,4,46:23.74,46:23,0h46m23s,1,1,2,47,2:59,12.309,THUNDERBOLT,SEISMIC TOSS,REST,BODY SLAM,6,6787,671,108,53,489,473,188,13,21982,Jolteon, ,Electric,Electric,104730,Pikachu7,Pikachu,,00:46:11.43,00:46:23.74,02:59:46.32,47,1,0,46,23,74,THUNDERBOLT,SEISMIC TOSS,REST,BODY SLAM,8,15,10,3,0,0,0,0,93,119,91,61,79,79,120,16916,29588,15758,12978,12978,21066,15,15,15,15,0,0,0,0,0,0,0,102,68,79,79,120,649140,238097,350211,58704,2128,6,1,0,6787,5398,1389,0,671,161,108,53,2,0,25105,14089,1361,1326,456,34,154,0,0,0,0,0,87,0,20,0,0,1,14,3,0,0,0,0,0,6,0,0,0,0,4,3,11,4,0,0,17,5,1,0,0,0,1,293,104605,0,0,0,0,39,64,15,1,1,12,1,7,2,Jolteon
11-08,15:15:58,NINTEN,Pikachu,Scientist,8,Silph Co - 7F,2,46:38.36,46:38,0h46m38s,1,1,2,47,3:00,8.442,THUNDERBOLT,SEISMIC TOSS,REST,BODY SLAM,6,6830,682,109,53,492,476,189,13,22762,Jolteon, ,Electric,Electric,106636,Pikachu7,Pikachu,,00:46:29.91,00:46:38.36,03:00:43.38,47,1,0,46,38,36,THUNDERBOLT,SEISMIC TOSS,REST,BODY SLAM,7,14,10,2,0,0,0,0,83,119,91,61,79,79,120,17081,29743,15903,13123,13123,21256,15,15,15,15,0,0,0,0,0,0,0,102,68,79,79,120,652566,239165,352569,58704,2128,6,1,0,6830,5441,1389,0,682,162,109,53,2,0,25354,14271,1371,1336,459,34,155,0,0,0,0,0,88,0,20,0,0,1,14,3,0,0,0,0,0,6,0,0,0,0,4,3,11,4,0,0,17,5,1,0,0,0,1,295,106511,0,0,0,0,39,64,15,1,1,12,1,7,2,Jolteon
11-08,15:16:17,NINTEN,Pikachu,Rocket,30,Silph Co - 6F,2,46:57.68,46:57,0h46m57s,1,1,2,47,3:01,5.9,THUNDERBOLT,SEISMIC TOSS,REST,BODY SLAM,6,6887,688,110,53,494,478,189,13,24212,Jolteon, ,Electric,Electric,108088,Pikachu7,Pikachu,,00:46:51.78,00:46:57.68,03:01:58.05,47,1,0,46,57,68,THUNDERBOLT,SEISMIC TOSS,REST,BODY SLAM,5,14,10,2,0,0,0,0,83,119,91,61,80,80,120,17231,29923,16023,15768,15768,21336,15,15,15,15,0,0,0,0,0,0,0,102,68,80,80,120,657033,241293,354319,59293,2128,6,1,0,6887,5498,1389,0,688,163,110,53,2,0,25618,14445,1371,1336,461,34,155,0,0,0,0,0,88,0,20,0,0,1,14,3,0,0,0,0,0,6,0,0,0,0,4,3,11,4,0,0,17,5,1,0,0,0,1,297,107963,0,0,0,0,40,64,15,1,1,12,1,7,2,Jolteon
11-08,15:16:40,NINTEN,Pikachu,Scientist,7,Silph Co - 6F,5,47:20.66,47:20,0h47m20s,1,1,2,48,3:03,19.527,THUNDERBOLT,SEISMIC TOSS,REST,BODY SLAM,6,6902,689,111,53,502,486,192,13,25082,Jolteon, ,Electric,Electric,111195,Pikachu7,Pikachu,,00:47:01.13,00:47:20.66,03:03:28.14,48,1,0,47,20,66,THUNDERBOLT,SEISMIC TOSS,REST,BODY SLAM,3,9,10,1,0,0,0,0,72,121,92,63,82,82,123,17426,30178,16428,16158,16158,21621,15,15,15,15,0,0,0,0,0,0,0,103,70,82,82,123,662442,241719,359302,59293,2128,6,1,0,6902,5513,1389,0,689,164,111,53,2,0,26135,14737,1384,1349,469,34,158,0,0,0,0,0,88,0,20,0,0,1,14,3,0,0,0,0,0,6,0,0,0,0,4,3,11,4,0,0,17,5,1,0,0,0,1,302,111070,0,0,0,0,40,64,15,1,1,12,1,7,2,Jolteon
11-08,15:16:51,NINTEN,Pikachu,Rocket,28,Silph Co - 5F,1,47:31.65,47:31,0h47m31s,1,1,2,48,3:04,3.792,THUNDERBOLT,SEISMIC TOSS,REST,BODY SLAM,6,6947,691,112,53,503,487,192,13,26332,Jolteon, ,Electric,Electric,112234,Pikachu7,Pikachu,,00:47:27.85,00:47:31.65,03:04:10.55,48,1,0,47,31,65,THUNDERBOLT,SEISMIC TOSS,REST,BODY SLAM,2,9,10,1,0,0,0,0,72,121,92,63,82,82,123,17486,30263,16497,16223,16223,21701,15,15,15,15,0,0,0,0,0,0,0,103,70,82,82,123,665003,243019,360563,59293,2128,6,1,0,6947,5558,1389,0,691,165,112,53,2,0,26222,14824,1384,1349,470,34,158,0,0,0,0,0,88,0,20,0,0,1,14,3,0,0,0,0,0,6,0,0,0,0,4,3,11,4,0,0,17,5,1,0,0,0,1,303,112109,0,0,0,0,41,64,15,1,1,12,1,7,2,Jolteon
11-08,15:17:26,NINTEN,Pikachu,Rocket,24,Silph Co - 2F,5,48:06.60,48:06,0h48m6s,1,1,2,48,3:06,13.617,THUNDERBOLT,SEISMIC TOSS,REST,BODY SLAM,6,7045,695,113,53,508,492,192,14,27322,Jolteon, ,Electric,Electric,114634,Pikachu7,Pikachu,,00:47:52.98,00:48:06.60,03:06:27.32,48,1,0,48,6,60,THUNDERBOLT,SEISMIC TOSS,REST,BODY SLAM,13,20,10,12,0,0,0,0,121,121,92,63,82,82,123,17736,30559,16732,16468,16468,22053,15,15,15,15,0,0,0,0,0,0,0,103,70,82,82,123,673200,247224,364133,59715,2128,6,1,0,7045,5656,1389,0,695,166,113,53,2,0,27085,15143,1384,1349,475,34,158,0,0,0,0,0,89,0,20,0,0,1,14,3,0,0,0,0,0,6,0,0,0,0,4,3,11,4,0,0,17,5,1,0,0,0,1,308,114509,0,0,0,0,42,64,15,1,1,12,1,7,2,Jolteon
11-08,15:17:38,NINTEN,Pikachu,Rocket,23,Silph Co - 2F,2,48:18.24,48:18,0h48m18s,1,1,2,48,3:07,8.361,THUNDERBOLT,SEISMIC TOSS,REST,BODY SLAM,6,7061,696,114,53,511,495,193,14,28072,Jolteon, ,Electric,Electric,115508,Pikachu7,Pikachu,,00:48:09.88,00:48:18.24,03:07:12.46,48,1,0,48,18,24,THUNDERBOLT,SEISMIC TOSS,REST,BODY SLAM,12,20,10,10,0,0,0,0,121,121,92,63,82,82,123,17826,30654,16862,16548,16548,22143,15,15,15,15,0,-1,0,0,0,0,0,115,46,82,82,123,675914,247606,366465,59715,2128,6,1,0,7061,5672,1389,0,696,167,114,53,2,0,27466,15281,1384,1349,478,34,159,0,0,0,0,0,89,0,20,0,0,1,15,3,0,0,0,0,0,6,0,0,0,0,4,3,11,4,0,0,18,5,1,0,0,0,1,310,115383,0,0,0,0,42,64,15,1,1,12,1,7,2,Jolteon
11-08,15:17:52,NINTEN,Pikachu,Scientist,3,Silph Co - 2F,3,48:32.86,48:32,0h48m32s,1,1,2,48,3:08,10.763,THUNDERBOLT,SEISMIC TOSS,REST,BODY SLAM,6,7073,700,115,53,515,499,194,14,28942,Jolteon, ,Electric,Electric,117626,Pikachu7,Pikachu,,00:48:22.11,00:48:32.86,03:08:09.48,48,1,0,48,32,86,THUNDERBOLT,SEISMIC TOSS,REST,BODY SLAM,12,20,10,6,0,0,0,0,114,121,92,63,82,82,123,17941,30779,17077,16818,16818,22358,15,15,15,15,0,0,0,0,0,0,0,103,70,82,82,123,679336,248131,369362,59715,2128,6,1,0,7073,5684,1389,0,700,168,115,53,2,0,27750,15471,1391,1356,482,34,160,0,0,0,0,0,89,0,20,0,0,1,16,3,0,0,0,0,0,6,0,0,0,0,4,3,11,4,0,0,19,5,1,0,0,0,1,313,117501,0,0,0,0,42,64,15,1,1,12,1,7,2,Jolteon
11-08,15:18:09,NINTEN,Pikachu,Rocket,25,Silph Co - 3F,3,48:49.18,48:49,0h48m49s,1,1,2,49,3:09,10.849,THUNDERBOLT,SEISMIC TOSS,REST,BODY SLAM,6,7105,705,116,53,519,503,196,14,30342,Jolteon, ,Electric,Electric,120008,Pikachu7,Pikachu,,00:48:38.33,00:48:49.18,03:09:13.26,49,1,0,48,49,18,THUNDERBOLT,SEISMIC TOSS,REST,BODY SLAM,8,20,10,6,0,0,0,0,103,124,95,64,84,84,126,18136,31014,17267,17033,17033,22619,15,15,15,15,0,0,0,0,0,0,0,106,72,84,84,126,683154,249021,372290,59715,2128,6,1,0,7105,5716,1389,0,705,169,116,53,2,0,28117,15707,1405,1370,486,34,161,0,0,0,0,0,89,0,20,0,0,1,16,3,0,0,0,0,0,6,0,0,0,0,4,3,11,4,0,0,19,5,1,0,0,0,1,316,119883,0,0,0,0,42,64,15,1,1,12,1,7,2,Jolteon
11-08,15:18:24,NINTEN,Pikachu,Rocket,27,Silph Co - 4F,3,49:04.12,49:04,0h49m4s,1,1,2,49,3:10,9.852,THUNDERBOLT,SEISMIC TOSS,REST,BODY SLAM,6,7123,707,117,53,523,507,197,14,31182,Jolteon, ,Electric,Electric,121226,Pikachu7,Pikachu,,00:48:54.27,00:49:04.12,03:10:11.32,49,1,0,49,4,12,THUNDERBOLT,SEISMIC TOSS,REST,BODY SLAM,6,18,10,6,0,0,0,0,103,124,95,64,84,84,126,18261,31169,17441,17153,17153,22764,15,15,15,15,0,-1,0,0,0,0,0,119,47,84,84,126,686640,249817,374980,59715,2128,6,1,0,7123,5734,1389,0,707,170,117,53,2,0,28672,15903,1405,1370,490,34,162,0,0,0,0,0,89,0,20,0,0,1,16,3,0,0,0,0,0,6,0,0,0,0,4,3,11,4,0,0,19,5,1,0,0,0,1,319,121101,0,0,0,0,42,64,15,1,1,12,1,7,2,Jolteon
11-08,15:18:36,NINTEN,Pikachu,Rocket,26,Silph Co - 4F,2,49:16.21,49:16,0h49m16s,1,1,2,49,3:10,7.575,THUNDERBOLT,SEISMIC TOSS,REST,BODY SLAM,6,7153,708,118,53,526,510,198,14,32022,Jolteon, ,Electric,Electric,122405,Pikachu7,Pikachu,,00:49:08.63,00:49:16.21,03:10:58.32,49,1,0,49,16,21,THUNDERBOLT,SEISMIC TOSS,REST,BODY SLAM,4,17,10,6,0,0,0,0,103,124,95,64,84,84,126,18391,31297,17536,17278,17278,22841,15,15,15,15,0,0,0,0,0,0,0,106,72,84,84,126,689460,250478,377139,59715,2128,6,1,0,7153,5764,1389,0,708,171,118,53,2,0,28964,16065,1405,1370,493,34,162,0,0,0,0,0,89,0,20,0,0,1,16,3,0,0,0,0,0,6,0,0,0,0,4,3,11,4,0,0,19,5,1,0,0,0,1,321,122280,0,0,0,0,42,64,15,1,1,12,1,7,2,Jolteon
11-08,15:18:45,NINTEN,Pikachu,Scientist,5,Silph Co - 4F,1,49:25.71,49:25,0h49m25s,1,1,2,49,3:11,5.16,THUNDERBOLT,SEISMIC TOSS,REST,BODY SLAM,6,7164,711,119,53,528,512,199,14,32892,Jolteon, ,Electric,Electric,123465,Pikachu7,Pikachu,,00:49:20.55,00:49:25.71,03:11:35.11,49,1,0,49,25,71,THUNDERBOLT,SEISMIC TOSS,REST,BODY SLAM,4,17,10,4,0,0,0,0,103,124,95,64,84,84,126,18451,31347,17606,17358,17358,22981,15,15,15,15,0,0,0,0,0,0,0,106,72,84,84,126,691659,251105,378711,59715,2128,6,1,0,7164,5775,1389,0,711,172,119,53,2,0,29089,16152,1405,1370,495,35,162,0,0,0,0,0,89,0,20,0,0,1,16,3,0,0,0,0,0,6,0,0,0,0,4,3,11,4,0,0,19,5,1,0,0,0,1,322,123340,0,0,0,0,42,64,15,1,1,12,1,7,2,Jolteon
11-08,15:19:16,NINTEN,Pikachu,Rocket,37,Silph Co - 9F,3,49:56.28,49:56,0h49m56s,1,1,2,50,3:13,11.48,THUNDERBOLT,SEISMIC TOSS,REST,BODY SLAM,6,7282,722,120,53,531,515,199,15,34542,Jolteon, ,Electric,Electric,125145,Pikachu7,Pikachu,,00:49:44.80,00:49:56.28,03:13:35.01,50,1,0,49,56,28,THUNDERBOLT,SEISMIC TOSS,REST,BODY SLAM,1,17,10,4,0,0,0,0,106,127,97,66,86,86,129,18661,31555,17751,17523,17523,23083,15,15,15,15,0,0,0,0,0,0,0,109,74,86,86,129,698849,255104,381902,59715,2128,6,1,0,7282,5893,1389,0,722,173,120,53,2,0,29625,16396,1405,1370,498,35,162,0,0,0,0,0,90,0,20,0,0,1,16,3,0,0,0,0,0,6,0,0,0,0,4,3,11,4,0,0,19,5,1,0,0,0,1,325,125020,0,0,0,0,43,64,15,1,1,12,1,7,2,Jolteon
11-08,15:19:33,NINTEN,Pikachu,Scientist,4,Silph Co - 3F,2,50:14.01,50:14,0h50m14s,1,1,2,50,3:14,6.719,THUNDERBOLT,SEISMIC TOSS,REST,BODY SLAM,6,7339,735,121,53,533,517,199,16,35382,Jolteon, ,Electric,Electric,127150,Pikachu7,Pikachu,,00:50:07.28,00:50:14.01,03:14:44.16,50,1,0,50,14,1,THUNDERBOLT,SEISMIC TOSS,REST,BODY SLAM,14,20,10,14,0,0,0,0,127,127,97,66,86,86,129,18786,31695,17941,17688,17688,23283,15,15,15,15,0,0,0,0,0,0,0,109,74,86,86,129,703004,257317,383844,59715,2128,6,1,0,7339,5950,1389,0,735,174,121,53,2,0,29880,16555,1405,1370,500,35,162,0,0,0,0,0,91,0,20,0,0,1,16,3,0,0,0,0,0,6,0,0,0,0,4,3,11,4,0,0,19,5,1,0,0,0,1,327,127025,0,0,0,0,44,64,15,1,1,12,1,7,2,Jolteon
11-08,15:20:06,NINTEN,Pikachu,Rival5-Silph,5,Silph Co - 7F,5,50:46.99,50:46,0h50m46s,1,1,2,51,3:16,26.184,THUNDERBOLT,SEISMIC TOSS,REST,BODY SLAM,6,7349,754,122,53,546,530,206,16,36832,Jolteon, ,Electric,Electric,134194,Pikachu7,Pikachu,Rival (Silph Co.),00:50:20.81,00:50:46.99,03:16:53.58,51,1,0,50,46,99,THUNDERBOLT,SEISMIC TOSS,REST,BODY SLAM,11,20,10,4,0,0,0,0,27,129,99,68,88,88,131,19089,32066,18396,18158,18158,23753,15,15,15,15,0,0,0,0,0,-1,0,111,76,88,88,131,710786,258518,390425,59715,2128,6,1,0,7349,5960,1389,0,754,175,122,53,2,0,30669,17062,1507,1472,509,41,167,0,0,0,0,0,93,0,22,0,0,1,16,3,0,0,0,0,0,6,0,0,0,0,4,3,11,4,0,0,19,5,1,0,0,0,1,332,134069,0,0,0,0,44,64,15,1,1,12,1,7,2,Jolteon
11-08,15:20:30,NINTEN,Pikachu,Rocket,45,Silph Co - 11F,3,51:10.74,51:10,0h51m10s,1,1,2,51,3:18,10.744,THUNDERBOLT,SEISMIC TOSS,REST,BODY SLAM,6,7356,754,123,53,550,534,207,16,39432,Jolteon, ,Electric,Electric,136776,Pikachu7,Pikachu,,00:50:59.99,00:51:10.74,03:18:26.45,51,1,0,51,10,74,THUNDERBOLT,SEISMIC TOSS,REST,BODY SLAM,8,19,10,4,0,0,0,0,105,129,99,68,88,88,131,19254,32286,18620,18348,18348,23983,15,15,15,15,0,0,0,0,0,0,0,111,76,88,88,131,716353,260089,393460,60676,2128,6,1,0,7356,5967,1389,0,754,176,123,53,2,0,31040,17301,1529,1494,513,41,168,0,0,0,0,0,93,0,22,0,0,1,16,3,0,0,0,0,0,6,0,0,0,0,4,3,11,4,0,0,19,5,1,0,0,0,1,335,136651,0,0,0,0,44,64,15,1,1,12,1,7,2,Jolteon
11-08,15:21:07,NINTEN,Pikachu,Giovanni-Silph,2,Silph Co - 11F,4,51:47.83,51:47,0h51m47s,1,1,2,52,3:20,22.359,THUNDERBOLT,SEISMIC TOSS,REST,BODY SLAM,7,7373,755,124,53,559,543,210,16,40362,Jolteon,Poisoned,Electric,Electric,141593,Pikachu7,Pikachu,Giovanni (Silph),00:51:25.47,00:51:47.83,03:20:52.44,52,1,0,51,47,83,THUNDERBOLT,SEISMIC TOSS,REST,BODY SLAM,6,15,10,1,0,0,0,0,43,132,101,69,90,90,134,19550,32595,18919,18573,18573,24264,15,15,15,15,0,0,0,0,0,0,0,113,77,90,90,134,725112,261363,399214,62407,2128,7,1,0,7373,5984,1389,0,755,177,124,53,2,0,31693,17738,1618,1583,522,41,171,0,0,0,0,0,95,0,22,0,0,1,17,3,0,0,0,0,0,7,0,0,0,0,4,3,11,4,0,0,20,5,1,0,0,0,1,339,141468,0,0,0,0,44,64,15,1,1,12,1,7,2,Jolteon
11-08,15:21:44,NINTEN,Pikachu,Psychic,3,Saffron City - Gym,3,52:24.69,52:24,0h52m24s,1,1,2,52,3:23,8.484,THUNDERBOLT,SEISMIC TOSS,REST,BODY SLAM,7,7488,775,125,53,562,546,210,16,44421,Jolteon, ,Electric,Electric,144150,Pikachu7,Pikachu,,00:52:16.21,00:52:24.69,03:23:17.11,52,1,0,52,24,69,THUNDERBOLT,SEISMIC TOSS,REST,BODY SLAM,12,20,10,15,0,0,0,0,132,132,101,69,90,90,134,19825,32800,19159,18733,18733,24324,15,15,15,15,0,0,0,0,0,0,0,113,77,90,90,134,733779,267119,401676,62856,2128,7,1,0,7488,6099,1389,0,775,178,125,53,2,0,32471,18062,1618,1583,525,41,171,0,0,0,0,0,95,0,22,0,0,1,17,3,0,0,0,0,0,7,0,0,0,0,4,3,11,4,0,0,20,5,1,0,0,0,1,342,144025,0,0,0,0,44,64,15,1,1,12,1,7,2,Jolteon
11-08,15:21:53,NINTEN,Pikachu,Psychic,4,Saffron City - Gym,1,52:33.81,52:33,0h52m33s,1,1,2,52,3:23,3.959,THUNDERBOLT,SEISMIC TOSS,REST,BODY SLAM,7,7502,780,126,53,563,547,210,16,44751,Jolteon, ,Electric,Electric,145485,Pikachu7,Pikachu,,00:52:29.85,00:52:33.81,03:23:52.10,52,1,0,52,33,81,THUNDERBOLT,SEISMIC TOSS,REST,BODY SLAM,11,20,10,15,0,0,0,0,132,132,101,69,90,90,134,19920,32875,19269,18813,18813,24354,15,15,15,15,0,0,0,0,0,0,0,113,77,90,90,134,735878,267823,403071,62856,2128,7,1,0,7502,6113,1389,0,780,179,126,53,2,0,32619,18188,1618,1583,526,41,171,0,0,0,0,0,95,0,22,0,0,1,17,3,0,0,0,0,0,7,0,0,0,0,4,3,11,4,0,0,20,5,1,0,0,0,1,343,145360,0,0,0,0,44,64,15,1,1,12,1,7,2,Jolteon
11-08,15:22:19,NINTEN,Pikachu,Sabrina,1,Saffron City - Gym,3,52:59.20,52:59,0h52m59s,1,1,2,53,3:25,17.175,THUNDERBOLT,SEISMIC TOSS,REST,BODY SLAM,8,7511,781,127,53,571,555,214,16,45131,Jolteon, ,Electric,Electric,149810,Pikachu7,Pikachu,Sabrina,00:52:42.03,00:52:59.20,03:25:31.54,53,1,0,52,59,20,THUNDERBOLT,SEISMIC TOSS,REST,BODY SLAM,10,20,10,8,0,0,0,0,49,134,103,71,91,91,136,20040,32980,19359,19173,19173,24669,15,15,15,15,0,0,-1,-1,0,0,0,115,79,60,60,136,741862,268657,407580,63497,2128,8,1,0,7511,6122,1389,0,781,180,127,53,2,0,33129,18573,1703,1668,534,42,173,0,0,0,0,0,95,0,22,0,0,1,17,3,0,0,0,0,0,7,0,0,0,0,4,3,11,4,0,0,20,5,1,0,0,0,1,346,149685,0,0,0,0,44,64,15,1,1,12,1,7,2,Jolteon
11-08,15:22:54,NINTEN,Pikachu,Lass,17,Celadon City - Gym,2,53:34.23,53:34,0h53m34s,1,1,2,53,3:27,6.102,THUNDERBOLT,SEISMIC TOSS,REST,BODY SLAM,8,7624,786,128,53,573,557,214,17,50081,Jolteon, ,Electric,Electric,150968,Pikachu7,Pikachu,,00:53:28.13,00:53:34.23,03:27:49.13,53,1,0,53,34,23,THUNDERBOLT,SEISMIC TOSS,REST,BODY SLAM,15,20,10,13,0,0,0,0,134,134,103,71,91,91,136,20155,33145,19444,19328,19328,24764,15,15,15,15,0,0,0,0,0,0,0,115,79,91,91,136,750101,273480,409644,64849,2128,8,1,0,7624,6235,1389,0,786,181,128,53,2,0,33458,18698,1703,1668,536,42,173,0,0,0,0,0,95,0,22,0,0,1,17,3,0,0,0,0,0,7,0,0,0,0,4,3,11,4,0,0,20,5,1,0,0,0,1,348,150843,0,0,0,0,44,64,15,1,1,12,1,7,2,Jolteon
11-08,15:23:07,NINTEN,Pikachu,Beauty,1,Celadon City - Gym,4,53:48.03,53:48,0h53m48s,1,1,2,53,3:28,10.331,THUNDERBOLT,SEISMIC TOSS,REST,BODY SLAM,8,7629,786,129,53,577,561,214,17,50426,Jolteon, ,Electric,Electric,152426,Pikachu7,Pikachu,,00:53:37.70,00:53:48.03,03:28:42.57,53,1,0,53,48,3,THUNDERBOLT,SEISMIC TOSS,REST,BODY SLAM,15,20,10,9,0,0,0,0,134,134,103,71,91,91,136,20345,33395,19624,19618,19618,24904,15,15,15,15,0,0,0,0,0,0,0,115,79,91,91,136,753325,273820,412528,64849,2128,8,1,0,7629,6240,1389,0,786,182,129,53,2,0,34320,18914,1703,1668,540,42,173,0,0,0,0,0,97,0,22,0,0,1,17,3,0,0,0,0,0,7,0,0,0,0,4,3,11,4,0,0,20,5,1,0,0,0,1,352,152301,0,0,0,0,44,64,15,1,1,12,1,7,2,Jolteon
11-08,15:23:22,NINTEN,Pikachu,Cooltrainer F,1,Celadon City - Gym,3,54:02.16,54:02,0h54m2s,1,1,2,53,3:29,8.623,THUNDERBOLT,SEISMIC TOSS,REST,BODY SLAM,8,7633,786,130,53,580,564,214,17,51896,Jolteon, ,Electric,Electric,154603,Pikachu7,Pikachu,,00:53:53.54,00:54:02.16,03:29:37.55,53,1,0,54,2,16,THUNDERBOLT,SEISMIC TOSS,REST,BODY SLAM,15,20,10,6,0,0,0,0,134,134,103,71,91,91,136,20530,33612,19807,19868,19868,25059,15,15,15,15,0,0,0,0,0,0,0,115,79,91,91,136,756623,274236,415014,65245,2128,8,1,0,7633,6244,1389,0,786,183,130,53,2,0,34661,19115,1703,1668,543,42,173,0,0,0,0,0,97,0,22,0,0,1,17,3,0,0,0,0,0,7,0,0,0,0,4,3,11,4,0,0,20,5,1,0,0,0,1,355,154478,0,0,0,0,44,64,15,1,1,12,1,7,2,Jolteon
11-08,15:23:31,NINTEN,Pikachu,Lass,18,Celadon City - Gym,2,54:11.61,54:11,0h54m11s,1,1,2,53,3:30,6.182,THUNDERBOLT,SEISMIC TOSS,REST,BODY SLAM,8,7635,793,131,53,582,566,214,17,52736,Jolteon, ,Electric,Electric,155636,Pikachu7,Pikachu,,00:54:05.43,00:54:11.61,03:30:14.32,53,1,0,54,11,61,THUNDERBOLT,SEISMIC TOSS,REST,BODY SLAM,15,20,10,4,0,0,0,0,134,134,103,71,91,91,136,20635,33727,19932,20028,20028,25129,15,15,15,15,0,0,0,0,0,0,0,115,79,91,91,136,758820,274515,416932,65245,2128,8,1,0,7635,6246,1389,0,793,184,131,53,2,0,34962,19236,1703,1668,545,42,173,0,0,0,0,0,98,0,22,0,0,1,17,3,0,0,0,0,0,7,0,0,0,0,4,3,11,4,0,0,20,5,1,0,0,0,1,357,155511,0,0,0,0,44,64,15,1,1,12,1,7,2,Jolteon
11-08,15:23:52,NINTEN,Pikachu,Erika,1,Celadon City - Gym,3,54:32.78,54:32,0h54m32s,1,1,2,54,3:31,15.847,THUNDERBOLT,SEISMIC TOSS,REST,BODY SLAM,8,7640,796,132,53,589,572,217,17,53081,Jolteon, ,Electric,Electric,158641,Pikachu7,Pikachu,Erika,00:54:16.94,00:54:32.78,03:31:37.39,54,1,0,54,32,78,THUNDERBOLT,SEISMIC TOSS,REST,BODY SLAM,11,20,10,2,0,0,0,0,99,137,105,72,94,94,139,20825,33937,20167,20298,20298,25284,15,15,15,15,0,0,0,0,0,0,0,118,81,94,94,139,763807,275313,421121,65245,2128,8,1,0,7640,6251,1389,0,796,185,132,53,2,0,35356,19492,1741,1706,551,42,176,0,0,0,0,0,99,0,22,0,0,1,17,3,0,0,0,0,0,7,0,0,0,0,4,3,11,4,0,0,20,5,1,0,0,0,1,360,158516,0,0,0,0,44,64,15,1,1,12,1,7,2,Jolteon
11-08,15:24:26,NINTEN,Pikachu,Jr Trainer F,23,Route 15,3,55:06.30,55:06,0h55m6s,1,1,2,54,3:33,9.951,THUNDERBOLT,SEISMIC TOSS,REST,BODY SLAM,8,7719,801,133,53,593,576,218,18,56249,Jolteon, ,Electric,Electric,160677,Pikachu7,Pikachu,,00:54:56.35,00:55:06.30,03:33:48.49,54,1,0,55,6,30,THUNDERBOLT,SEISMIC TOSS,REST,BODY SLAM,15,20,10,11,0,0,0,0,126,137,105,72,94,94,139,20985,34117,20372,20543,20543,25414,15,15,15,15,0,0,0,0,0,0,0,118,81,94,94,139,771677,279205,424041,66303,2128,8,1,0,7719,6330,1389,0,801,186,133,53,2,0,35755,19714,1752,1717,555,42,177,0,0,0,0,0,100,0,22,0,0,1,17,3,0,0,0,0,0,7,0,0,0,0,4,3,11,4,0,0,20,5,1,0,0,0,1,363,160552,0,0,0,0,44,64,15,1,1,12,1,7,2,Jolteon
11-08,15:24:41,NINTEN,Pikachu,Bird Keeper,6,Route 15,4,55:21.38,55:21,0h55m21s,1,1,2,54,3:34,11.058,THUNDERBOLT,SEISMIC TOSS,REST,BODY SLAM,8,7734,801,134,53,597,580,218,18,56829,Jolteon, ,Electric,Electric,162668,Pikachu7,Pikachu,,00:55:10.33,00:55:21.38,03:34:47.38,54,1,0,55,21,38,THUNDERBOLT,SEISMIC TOSS,REST,BODY SLAM,11,20,10,11,0,0,0,0,126,137,105,72,94,94,139,21175,34372,20567,20721,20721,25676,15,15,15,15,0,0,0,0,0,0,0,118,81,94,94,139,775206,279658,427117,66303,2128,8,1,0,7734,6345,1389,0,801,187,134,53,2,0,37767,19971,1752,1717,559,42,177,0,0,0,0,0,102,0,22,0,0,1,17,3,0,0,0,0,0,7,0,0,0,0,4,3,11,4,0,0,20,5,1,0,0,0,1,367,162543,0,0,0,0,44,64,15,1,1,12,1,7,2,Jolteon
11-08,15:24:53,NINTEN,Pikachu,Bird Keeper,7,Route 15,3,55:33.70,55:33,0h55m33s,1,1,2,54,3:35,8.737,THUNDERBOLT,SEISMIC TOSS,REST,BODY SLAM,8,7739,801,135,53,600,583,218,18,57479,Jolteon, ,Electric,Electric,164768,Pikachu7,Pikachu,,00:55:24.97,00:55:33.70,03:35:35.30,54,1,0,55,33,70,THUNDERBOLT,SEISMIC TOSS,REST,BODY SLAM,8,20,10,11,0,0,0,0,126,137,105,72,94,94,139,21305,34652,20727,20851,20851,25926,15,15,15,15,0,0,0,0,0,0,0,118,81,94,94,139,778078,280003,429644,66303,2128,8,1,0,7739,6350,1389,0,801,188,135,53,2,0,38847,20171,1752,1717,562,42,177,0,0,0,0,0,102,0,22,0,0,1,17,3,0,0,0,0,0,7,0,0,0,0,4,3,11,4,0,0,20,5,1,0,0,0,1,370,164643,0,0,0,0,44,64,15,1,1,12,1,7,2,Jolteon
11-08,15:25:12,NINTEN,Pikachu,Jr Trainer F,20,Route 15,3,55:52.75,55:52,0h55m52s,1,1,2,55,3:36,9.226,THUNDERBOLT,SEISMIC TOSS,REST,BODY SLAM,8,7744,802,136,53,603,586,218,17,58179,Jolteon, ,Electric,Electric,166496,Pikachu7,Pikachu,,00:55:43.52,00:55:52.75,03:36:49.53,55,1,0,55,52,75,THUNDERBOLT,SEISMIC TOSS,REST,BODY SLAM,8,20,10,14,0,0,0,2,128,139,107,74,96,96,142,21455,34817,20907,21086,21086,26026,15,15,15,15,0,0,0,0,0,0,0,120,83,96,96,142,782541,280306,432289,67818,2128,8,1,0,7744,6355,1389,0,802,189,136,53,2,0,39228,20381,1752,1717,565,42,177,0,0,0,0,0,103,0,22,0,0,1,17,3,0,0,0,0,0,7,0,0,0,0,4,3,11,4,0,0,20,5,1,0,0,0,1,373,166371,0,0,0,0,44,64,15,1,1,12,1,7,2,Jolteon
11-08,15:25:22,NINTEN,Pikachu,Beauty,10,Route 15,2,56:02.79,56:02,0h56m2s,1,1,2,55,3:37,6.331,THUNDERBOLT,SEISMIC TOSS,REST,BODY SLAM,8,7751,802,137,53,605,588,218,17,58739,Jolteon, ,Electric,Electric,167769,Pikachu7,Pikachu,,00:55:56.46,00:56:02.79,03:37:28.47,55,1,0,56,2,79,THUNDERBOLT,SEISMIC TOSS,REST,BODY SLAM,8,20,10,12,0,0,0,2,128,139,107,74,96,96,142,21560,34928,21019,21231,21231,26131,15,15,15,15,0,0,0,0,0,0,0,120,83,96,96,142,784875,280684,434245,67818,2128,8,1,0,7751,6362,1389,0,802,190,137,53,2,0,39445,20528,1752,1717,567,42,177,0,0,0,0,0,103,0,22,0,0,1,17,3,0,0,0,0,0,7,0,0,0,0,4,3,11,4,0,0,20,5,1,0,0,0,1,375,167644,0,0,0,0,44,64,15,1,1,12,1,7,2,Jolteon
11-08,15:25:33,NINTEN,Pikachu,Biker,4,Route 15,3,56:13.77,56:13,0h56m13s,1,1,2,55,3:38,8.236,THUNDERBOLT,SEISMIC TOSS,REST,BODY SLAM,8,7752,806,138,53,608,591,218,17,60769,Jolteon, ,Electric,Electric,170031,Pikachu7,Pikachu,,00:56:05.54,00:56:13.77,03:38:11.22,55,1,0,56,13,77,THUNDERBOLT,SEISMIC TOSS,REST,BODY SLAM,5,20,10,12,0,0,0,2,128,139,107,74,96,96,142,21745,35163,21284,21416,21416,26251,15,15,15,15,0,0,0,0,0,0,0,120,83,96,96,142,787430,280839,436645,67818,2128,8,1,0,7752,6363,1389,0,806,191,138,53,2,0,39869,20757,1752,1717,570,42,177,0,0,0,0,0,103,0,22,0,0,1,17,3,0,0,0,0,0,7,0,0,0,0,4,3,11,4,0,0,20,5,1,0,0,0,1,378,169906,0,0,0,0,44,64,15,1,1,12,1,7,2,Jolteon
11-08,15:25:49,NINTEN,Pikachu,Biker,3,Route 15,5,56:30.00,56:30,0h56m30s,1,1,2,55,3:39,13.031,THUNDERBOLT,SEISMIC TOSS,REST,BODY SLAM,8,7756,806,139,53,613,596,218,17,61329,Jolteon, ,Electric,Electric,173267,Pikachu7,Pikachu,,00:56:16.96,00:56:30.00,03:39:14.37,55,1,0,56,30,0,THUNDERBOLT,SEISMIC TOSS,REST,BODY SLAM,0,20,10,12,0,0,0,2,128,139,107,74,96,96,142,22010,35528,21739,21721,21721,26441,15,15,15,15,0,0,0,0,0,0,0,120,83,96,96,142,791225,281101,440178,67818,2128,8,1,0,7756,6367,1389,0,806,192,139,53,2,0,40647,21084,1752,1717,575,42,177,0,0,0,0,0,103,0,22,0,0,1,17,3,0,0,0,0,0,7,0,0,0,0,4,3,11,4,0,0,20,5,1,0,0,0,1,383,173142,0,0,0,0,44,64,15,1,1,12,1,7,2,Jolteon
11-08,15:26:05,NINTEN,Pikachu,Beauty,9,Route 15,2,56:45.16,56:45,0h56m45s,1,1,2,55,3:40,6.965,THUNDERBOLT,SEISMIC TOSS,REST,BODY SLAM,8,7762,806,140,53,615,598,219,17,61829,Jolteon, ,Electric,Electric,174645,Pikachu7,Pikachu,,00:56:38.19,00:56:45.16,03:40:13.56,55,1,0,56,45,16,THUNDERBOLT,SEISMIC TOSS,REST,BODY SLAM,0,20,10,10,0,0,0,2,120,139,107,74,96,96,142,22213,35658,21839,21821,21821,26557,15,15,15,15,0,0,0,0,0,0,0,120,83,96,96,142,794784,281534,442261,68861,2128,8,1,0,7762,6373,1389,0,806,193,140,53,2,0,40878,21288,1760,1725,577,42,178,0,0,0,0,0,103,0,22,0,0,1,17,3,0,0,0,0,0,7,0,0,0,0,4,3,11,4,0,0,20,5,1,0,0,0,1,385,174520,0,0,0,0,44,64,15,1,1,12,1,7,2,Jolteon
11-08,15:26:17,NINTEN,Pikachu,Jr Trainer F,21,Route 15,2,56:57.30,56:57,0h56m57s,1,1,2,56,3:41,7.101,THUNDERBOLT,SEISMIC TOSS,REST,BODY SLAM,8,7765,814,141,53,617,600,219,17,63859,Jolteon, ,Electric,Electric,175687,Pikachu7,Pikachu,,00:56:50.20,00:56:57.30,03:41:01.13,56,1,0,56,57,30,THUNDERBOLT,SEISMIC TOSS,REST,BODY SLAM,0,20,10,8,0,0,0,2,123,142,109,76,98,98,145,22316,35763,21934,21906,21906,26684,15,15,15,15,0,0,0,0,0,0,0,122,85,98,98,145,797621,282234,444398,68861,2128,8,1,0,7765,6376,1389,0,814,194,141,53,2,0,41231,21434,1760,1725,579,42,178,0,0,0,0,0,104,0,22,0,0,1,17,3,0,0,0,0,0,7,0,0,0,0,4,3,11,4,0,0,20,5,1,0,0,0,1,387,175562,0,0,0,0,44,64,15,1,1,12,1,7,2,Jolteon
11-08,15:26:27,NINTEN,Pikachu,Bird Keeper,5,Route 14,2,57:07.53,57:07,0h57m7s,1,1,2,56,3:41,6.293,THUNDERBOLT,SEISMIC TOSS,REST,BODY SLAM,8,7777,814,142,53,619,602,219,17,64439,Jolteon, ,Electric,Electric,177053,Pikachu7,Pikachu,,00:57:01.24,00:57:07.53,03:41:40.53,56,1,0,57,7,53,THUNDERBOLT,SEISMIC TOSS,REST,BODY SLAM,0,20,10,6,0,0,0,2,123,142,109,76,98,98,145,22421,35913,22029,21998,21998,26854,15,15,15,15,0,0,0,0,0,0,0,122,85,98,98,145,800001,282681,446331,68861,2128,8,1,0,7777,6388,1389,0,814,195,142,53,2,0,41504,21581,1760,1725,581,42,178,0,0,0,0,0,104,0,22,0,0,1,17,3,0,0,0,0,0,7,0,0,0,0,4,3,11,4,0,0,20,5,1,0,0,0,1,389,176928,0,0,0,0,44,64,15,1,1,12,1,7,2,Jolteon
11-08,15:26:41,NINTEN,Pikachu,Biker,13,Route 14,4,57:21.41,57:21,0h57m21s,1,1,2,56,3:42,10.724,THUNDERBOLT,SEISMIC TOSS,REST,BODY SLAM,8,7784,815,143,53,623,606,219,17,65164,Jolteon, ,Electric,Electric,179456,Pikachu7,Pikachu,,00:57:10.69,00:57:21.41,03:42:34.53,56,1,0,57,21,41,THUNDERBOLT,SEISMIC TOSS,REST,BODY SLAM,0,20,10,2,0,0,0,2,123,142,109,76,98,98,145,22621,36188,22364,22218,22218,26984,15,15,15,15,0,0,0,0,0,0,0,122,85,98,98,145,803241,282933,449319,68861,2128,8,1,0,7784,6395,1389,0,815,196,143,53,2,0,41938,21842,1760,1725,585,42,178,0,0,0,0,0,105,0,22,0,0,1,17,3,0,0,0,0,0,7,0,0,0,0,4,3,11,4,0,0,20,5,1,0,0,0,1,393,179331,0,0,0,0,44,64,15,1,1,12,1,7,2,Jolteon
11-08,15:27:07,NINTEN,Pikachu,Juggler,3,Fuchsia City - Gym,4,57:47.74,57:47,0h57m47s,1,1,2,56,3:44,11.326,THUNDERBOLT,SEISMIC TOSS,REST,BODY SLAM,8,7824,823,144,53,627,610,219,17,65684,Jolteon, ,Electric,Electric,182447,Pikachu7,Pikachu,,00:57:36.42,00:57:47.74,03:44:17.49,56,1,0,57,47,74,THUNDERBOLT,SEISMIC TOSS,REST,BODY SLAM,15,20,10,17,0,0,0,2,142,142,109,76,98,98,145,22841,36367,22529,22608,22608,27215,15,15,15,15,0,0,0,0,0,0,0,122,85,98,98,145,809417,285434,452454,69401,2128,8,1,0,7824,6435,1389,0,823,197,144,53,2,0,42489,22161,1760,1725,589,42,178,0,0,0,0,0,105,0,22,0,0,1,17,3,0,0,0,0,0,7,0,0,0,0,4,3,11,4,0,0,20,5,1,0,0,0,1,397,182322,0,0,0,0,44,64,15,1,1,12,1,7,2,Jolteon
11-08,15:27:22,NINTEN,Pikachu,Tamer,2,Fuchsia City - Gym,3,58:02.37,58:02,0h58m2s,1,1,2,57,3:45,11.106,THUNDERBOLT,SEISMIC TOSS,REST,BODY SLAM,8,7831,825,145,53,631,614,220,17,66769,Jolteon, ,Electric,Electric,185677,Pikachu7,Pikachu,,00:57:51.26,00:58:02.37,03:45:14.54,57,1,0,58,2,37,THUNDERBOLT,SEISMIC TOSS,REST,BODY SLAM,13,20,10,15,0,0,0,2,108,145,112,77,100,100,148,23036,36637,22777,22793,22793,27440,15,15,15,15,0,0,0,0,0,0,0,126,86,100,100,148,812842,285785,455528,69401,2128,8,1,0,7831,6442,1389,0,825,198,145,53,2,0,42843,22432,1797,1762,593,42,179,0,0,0,0,0,105,0,23,0,0,1,17,3,0,0,0,0,0,7,0,0,0,0,4,3,11,4,0,0,20,5,1,0,0,0,1,400,185552,0,0,0,0,44,64,15,1,1,12,1,7,2,Jolteon
11-08,15:27:34,NINTEN,Pikachu,Tamer,1,Fuchsia City - Gym,2,58:14.56,58:14,0h58m14s,1,1,2,57,3:46,8.128,THUNDERBOLT,SEISMIC TOSS,REST,BODY SLAM,8,7847,834,146,53,634,617,221,17,68089,Jolteon, ,Electric,Electric,187934,Pikachu7,Pikachu,,00:58:06.44,00:58:14.56,03:46:02.23,57,1,0,58,14,56,THUNDERBOLT,SEISMIC TOSS,REST,BODY SLAM,12,18,10,15,0,0,0,2,103,145,112,77,100,100,148,23171,36822,22956,22913,22913,27585,15,15,15,15,0,0,0,0,0,0,0,126,86,100,100,148,815691,286272,457890,69401,2128,8,1,0,7847,6458,1389,0,834,199,146,53,2,0,43072,22622,1802,1767,596,42,180,0,0,0,0,0,105,0,23,0,0,1,17,3,0,0,0,0,0,7,0,0,0,0,4,3,11,4,0,0,20,5,1,0,0,0,1,402,187809,0,0,0,0,44,64,15,1,1,12,1,7,2,Jolteon
11-08,15:27:47,NINTEN,Pikachu,Juggler,4,Fuchsia City - Gym,2,58:27.58,58:27,0h58m27s,1,1,2,57,3:46,9.698,THUNDERBOLT,SEISMIC TOSS,REST,BODY SLAM,8,7850,834,147,53,638,621,223,17,69449,Jolteon, ,Electric,Electric,189877,Pikachu7,Pikachu,,00:58:17.87,00:58:27.58,03:46:53.08,57,1,0,58,27,58,THUNDERBOLT,SEISMIC TOSS,REST,BODY SLAM,11,18,10,12,0,0,0,2,57,145,112,77,100,100,148,23316,36943,23071,23118,23118,27694,15,15,15,15,0,0,0,0,0,0,0,126,86,100,100,148,818736,286561,460646,69401,2128,8,1,0,7850,6461,1389,0,834,200,147,53,2,0,43438,22819,1848,1813,600,42,182,0,0,0,0,0,105,0,23,0,0,1,17,3,0,0,0,0,0,7,0,0,0,0,4,3,11,4,0,0,20,5,1,0,0,0,1,404,189752,0,0,0,0,44,64,15,1,1,12,1,7,2,Jolteon
11-08,15:28:37,NINTEN,Pikachu,Koga,1,Fuchsia City - Gym,4,59:18.09,59:18,0h59m18s,2,1,3,57,3:48,14.558,THUNDERBOLT,SEISMIC TOSS,REST,BODY SLAM,9,7855,835,148,53,644,627,225,17,70639,Jolteon, ,Electric,Electric,193569,Pikachu7,Pikachu,Koga,00:59:03.54,00:59:18.09,03:48:29.53,57,2,0,59,18,9,THUNDERBOLT,SEISMIC TOSS,REST,BODY SLAM,5,18,10,12,0,0,0,2,44,145,112,77,100,100,148,23566,37173,23281,23328,23328,27919,15,15,15,15,0,0,-1,-1,0,0,0,141,96,66,66,148,824546,287171,464553,70536,2286,9,2,0,7855,6466,1389,0,835,201,148,53,2,0,44198,23311,1949,1914,606,42,184,0,0,0,0,0,107,0,23,0,0,1,17,3,0,0,0,0,0,7,0,0,0,0,4,3,11,4,0,0,20,5,1,0,0,0,1,408,193444,0,0,0,0,44,64,15,1,1,12,1,7,3,Jolteon
11-08,15:29:31,NINTEN,Pikachu,Fisher,7,Route 21,4,1:00:12.08,1:00:12,1h0m12s,2,1,3,58,3:52,12.065,THUNDERBOLT,SEISMIC TOSS,REST,BODY SLAM,9,8012,857,149,53,648,631,225,17,75589,Jolteon, ,Electric,Electric,197295,Pikachu7,Pikachu,,01:00:00.02,01:00:12.08,03:52:01.06,58,2,1,0,12,8,THUNDERBOLT,SEISMIC TOSS,REST,BODY SLAM,11,20,10,21,0,0,0,2,148,148,114,79,102,102,151,23851,37516,23536,23618,23618,28186,15,15,15,15,0,0,0,0,0,0,0,128,88,102,102,169,837219,293082,467950,73901,2286,9,2,0,8012,6594,1389,29,857,202,149,53,2,0,45274,23639,1949,1914,610,42,184,0,0,0,0,0,107,0,23,0,0,1,17,3,0,0,0,0,0,7,0,0,0,0,4,3,11,4,0,0,20,5,1,0,0,0,1,412,197170,0,0,0,0,45,64,15,1,1,13,1,7,3,Jolteon
11-08,15:29:46,NINTEN,Pikachu,Swimmer,14,Route 21,2,1:00:26.34,1:00:26,1h0m26s,2,1,3,58,3:52,7.493,THUNDERBOLT,SEISMIC TOSS,REST,BODY SLAM,9,8066,857,150,53,651,634,226,17,76569,Jolteon, ,Electric,Electric,199054,Pikachu7,Pikachu,,01:00:18.85,01:00:26.34,03:52:56.49,58,2,1,0,26,34,THUNDERBOLT,SEISMIC TOSS,REST,BODY SLAM,8,20,10,21,0,0,0,2,138,148,114,79,102,102,151,23940,37624,23671,23753,23753,28329,15,15,15,15,0,0,0,0,0,0,0,128,88,102,102,169,840562,294206,470169,73901,2286,9,2,0,8066,6594,1389,83,857,203,150,53,2,0,45760,23794,1959,1924,612,43,185,0,0,0,0,0,107,0,23,0,0,1,17,3,0,0,0,0,0,7,0,0,0,0,4,3,11,4,0,0,20,5,1,0,0,0,1,414,198929,0,0,0,0,45,64,15,1,1,13,1,7,3,Jolteon
11-08,15:31:09,NINTEN,Pikachu,Burglar,4,Cinnabar Island - Gym,3,1:01:49.32,1:01:49,1h1m49s,2,1,3,58,3:58,11.35,THUNDERBOLT,SEISMIC TOSS,REST,BODY SLAM,9,8449,897,151,53,655,638,228,18,76734,Jolteon, ,Electric,Electric,201614,Pikachu7,Pikachu,,01:01:37.97,01:01:49.32,03:58:23.51,58,2,1,1,49,32,THUNDERBOLT,SEISMIC TOSS,REST,BODY SLAM,12,20,10,20,0,0,0,2,142,148,114,80,103,103,151,24106,37811,26391,26528,26528,28554,15,15,15,15,0,-1,0,0,0,0,0,144,58,103,103,190,860184,306506,473310,78082,2286,9,2,0,8449,6950,1389,110,897,204,151,53,2,0,46186,24068,1965,1930,616,43,187,0,0,0,0,0,107,0,23,0,0,1,18,3,0,0,0,0,0,7,0,0,0,0,4,3,11,4,0,0,21,5,1,0,0,0,1,417,201489,0,0,0,0,50,64,15,1,1,13,1,7,3,Jolteon
11-08,15:31:23,NINTEN,Pikachu,Super Nerd,9,Cinnabar Island - Gym,3,1:02:03.70,1:02:03,1h2m3s,2,1,3,58,3:59,10.915,THUNDERBOLT,SEISMIC TOSS,REST,BODY SLAM,9,8457,906,152,53,659,642,229,18,79974,Jolteon,Burned,Electric,Electric,203958,Pikachu7,Pikachu,,01:01:52.79,01:02:03.70,03:59:19.55,58,2,1,2,3,70,THUNDERBOLT,SEISMIC TOSS,REST,BODY SLAM,10,20,10,18,0,0,0,2,125,148,114,80,103,103,151,24255,37969,26546,26758,26758,28784,15,15,15,15,0,0,0,0,0,0,0,64,90,103,103,169,863548,306846,476334,78082,2286,9,2,0,8457,6958,1389,110,906,205,152,53,2,0,46751,24330,1982,1947,620,43,188,0,0,0,0,0,109,0,23,0,0,1,18,3,0,1,0,0,0,7,0,0,0,0,4,3,11,4,0,0,21,5,1,0,0,0,1,420,203833,0,0,0,0,50,64,15,1,1,13,1,7,3,Jolteon
11-08,15:31:53,NINTEN,Pikachu,Super Nerd,11,Cinnabar Island - Gym,1,1:02:33.96,1:02:33,1h2m33s,2,1,3,59,4:01,6.335,THUNDERBOLT,SEISMIC TOSS,REST,BODY SLAM,9,8583,933,153,53,661,644,230,18,80874,Jolteon, ,Electric,Electric,205644,Pikachu7,Pikachu,,01:02:27.63,01:02:33.96,04:01:18.42,59,2,1,2,33,96,THUNDERBOLT,SEISMIC TOSS,REST,BODY SLAM,14,19,10,21,0,0,0,2,151,151,116,82,105,105,153,24320,38069,26616,26838,26838,28889,15,15,15,15,-1,0,0,0,0,0,0,85,92,105,105,172,870675,312011,478296,78082,2286,9,2,0,8583,7084,1389,110,933,206,153,53,2,0,46904,24440,1982,1947,622,43,189,0,0,0,0,0,109,0,23,0,0,1,18,3,0,1,0,0,0,7,0,0,0,0,4,3,11,4,0,0,21,5,1,0,0,0,1,421,205519,0,0,0,0,50,64,15,1,1,13,1,7,3,Jolteon
11-08,15:32:07,NINTEN,Pikachu,Burglar,6,Cinnabar Island - Gym,2,1:02:47.70,1:02:47,1h2m47s,2,1,3,59,4:02,6.102,THUNDERBOLT,SEISMIC TOSS,REST,BODY SLAM,9,8599,938,154,53,663,646,230,18,81899,Jolteon, ,Electric,Electric,206864,Pikachu7,Pikachu,,01:02:41.60,01:02:47.70,04:02:12.10,59,2,1,2,47,70,THUNDERBOLT,SEISMIC TOSS,REST,BODY SLAM,12,19,10,21,0,0,0,2,151,151,116,82,105,105,153,24413,38180,26701,26953,26953,29014,15,15,15,15,0,0,0,0,0,0,0,130,92,105,105,172,873883,313330,480185,78082,2286,9,2,0,8599,7100,1389,110,938,207,154,53,2,0,47186,24614,1982,1947,624,43,189,0,0,0,0,0,109,0,23,0,0,1,18,3,0,1,0,0,0,7,0,0,0,0,4,3,11,4,0,0,21,5,1,0,0,0,1,423,206739,0,0,0,0,50,64,15,1,1,13,1,7,3,Jolteon
11-08,15:32:19,NINTEN,Pikachu,Super Nerd,12,Cinnabar Island - Gym,2,1:02:59.14,1:02:59,1h2m59s,2,1,3,59,4:02,6.066,THUNDERBOLT,SEISMIC TOSS,REST,BODY SLAM,9,8613,943,155,53,665,648,230,18,85229,Jolteon, ,Electric,Electric,208084,Pikachu7,Pikachu,,01:02:53.08,01:02:59.14,04:02:56.33,59,2,1,2,59,14,THUNDERBOLT,SEISMIC TOSS,REST,BODY SLAM,10,19,10,21,0,0,0,2,151,151,116,82,105,105,153,24506,38291,26786,27068,27068,29139,15,15,15,15,0,0,0,0,0,0,0,130,92,105,105,172,876546,314110,482068,78082,2286,9,2,0,8613,7114,1389,110,943,208,155,53,2,0,47456,24788,1982,1947,626,43,189,0,0,0,0,0,109,0,23,0,0,1,18,3,0,1,0,0,0,7,0,0,0,0,4,3,11,4,0,0,21,5,1,0,0,0,1,425,207959,0,0,0,0,50,64,15,1,1,13,1,7,3,Jolteon
11-08,15:33:10,NINTEN,Pikachu,Blaine,1,Cinnabar Island - Gym,3,1:03:50.73,1:03:50,1h3m50s,3,1,4,59,4:04,16.202,THUNDERBOLT,SEISMIC TOSS,REST,BODY SLAM,10,8620,953,156,53,673,654,233,18,86154,Jolteon, ,Electric,Electric,214434,Pikachu7,Pikachu,Blaine,01:03:34.53,01:03:50.73,04:04:24.37,59,3,1,3,50,73,THUNDERBOLT,SEISMIC TOSS,REST,BODY SLAM,4,19,10,21,0,0,0,2,6,151,116,82,105,105,153,24734,38577,27011,27328,27328,29439,15,15,15,15,0,0,0,0,0,0,0,130,92,105,105,172,881836,314669,486363,78360,2444,10,3,0,8620,7121,1389,110,953,209,156,53,2,0,47955,25225,2127,2092,632,43,192,0,0,0,0,0,110,0,23,0,0,1,18,3,0,1,0,0,0,7,0,0,0,0,4,3,11,4,0,0,21,5,1,0,0,0,1,428,214309,0,0,0,0,50,64,15,1,1,13,1,7,4,Jolteon
11-08,15:33:40,NINTEN,Pikachu,Blackbelt,6,Viridian City - Gym,2,1:04:21.07,1:04:21,1h4m21s,3,1,4,60,4:06,6.977,THUNDERBOLT,SEISMIC TOSS,REST,BODY SLAM,10,8698,968,157,53,675,656,233,19,91500,Jolteon, ,Electric,Electric,216438,Pikachu7,Pikachu,,01:04:14.09,01:04:21.07,04:06:23.26,60,3,1,4,21,7,THUNDERBOLT,SEISMIC TOSS,REST,BODY SLAM,13,20,10,21,0,0,0,2,153,153,118,83,107,107,156,24884,38757,27131,27413,27413,29519,15,15,15,15,0,0,0,0,0,0,0,132,93,120,120,175,888965,318898,488533,79090,2444,10,3,0,8698,7199,1389,110,968,210,157,53,2,0,48303,25457,2127,2092,634,43,192,0,0,0,0,0,110,0,23,0,0,1,18,3,0,1,0,0,0,7,0,0,0,0,4,3,11,4,0,0,21,5,1,0,0,0,1,430,216313,0,0,0,0,50,64,15,1,1,13,1,7,4,Jolteon
11-08,15:33:53,NINTEN,Pikachu,Cooltrainer M,9,Viridian City - Gym,2,1:04:33.41,1:04:33,1h4m33s,3,1,4,60,4:07,8.887,THUNDERBOLT,SEISMIC TOSS,REST,BODY SLAM,10,8699,970,158,53,678,659,233,19,92500,Jolteon, ,Electric,Electric,219078,Pikachu7,Pikachu,,01:04:24.52,01:04:33.41,04:07:11.29,60,3,1,4,33,41,THUNDERBOLT,SEISMIC TOSS,REST,BODY SLAM,13,19,10,19,0,0,0,2,153,153,118,83,107,107,156,24994,38937,27291,27538,27538,29704,15,15,15,15,0,0,0,0,0,0,0,132,93,120,120,175,891848,319231,491083,79090,2444,10,3,0,8699,7200,1389,110,970,211,158,53,2,0,48535,25652,2127,2092,637,43,192,0,0,0,0,0,110,0,23,0,0,1,18,3,0,1,0,0,0,7,0,0,0,0,4,3,11,4,0,0,21,5,1,0,0,0,1,432,218953,0,0,0,0,50,64,15,1,1,13,1,7,4,Jolteon
11-08,15:34:08,NINTEN,Pikachu,Tamer,3,Viridian City - Gym,1,1:04:48.64,1:04:48,1h4m48s,3,1,4,60,4:08,12.19,THUNDERBOLT,SEISMIC TOSS,REST,BODY SLAM,10,8703,972,159,53,681,662,235,19,93865,Jolteon, ,Electric,Electric,220321,Pikachu7,Pikachu,,01:04:36.45,01:04:48.64,04:08:11.06,60,3,1,4,48,64,THUNDERBOLT,SEISMIC TOSS,REST,BODY SLAM,13,16,10,19,0,0,0,2,49,153,118,83,107,107,156,25074,39022,27386,27568,27568,29729,15,15,15,15,0,0,0,0,0,0,0,132,93,120,120,175,895425,319444,494447,79090,2444,10,3,0,8703,7204,1389,110,972,212,159,53,2,0,48715,25780,2231,2196,640,43,194,0,0,0,0,0,110,0,25,0,0,1,18,3,0,1,0,0,0,7,0,0,0,0,4,3,11,4,0,0,21,5,1,0,0,0,1,433,220196,0,0,0,0,50,64,15,1,1,13,1,7,4,Jolteon
11-08,15:34:25,NINTEN,Pikachu,Cooltrainer M,10,Viridian City - Gym,1,1:05:05.48,1:05:05,1h5m5s,3,1,4,60,4:09,13.352,THUNDERBOLT,SEISMIC TOSS,REST,BODY SLAM,10,8709,972,160,53,687,666,238,19,95585,Jolteon, ,Electric,Electric,221564,Pikachu7,Pikachu,,01:04:52.12,01:05:05.48,04:09:17.05,60,3,1,5,5,48,THUNDERBOLT,SEISMIC TOSS,REST,BODY SLAM,13,13,9,19,0,0,0,2,79,153,118,83,107,107,156,25154,39107,27481,27598,27598,29754,15,15,15,15,0,-1,0,0,0,0,0,148,60,135,135,196,899384,319774,498076,79090,2444,10,3,0,8709,7210,1389,110,972,213,160,53,2,0,48895,25908,2305,2270,643,43,197,0,0,0,0,0,110,0,25,0,0,1,18,3,0,1,0,0,0,7,0,0,0,0,4,3,11,4,0,0,21,5,2,0,0,0,1,434,221439,0,0,0,0,50,64,15,1,1,13,1,7,4,Jolteon
11-08,15:34:41,NINTEN,Pikachu,Blackbelt,8,Viridian City - Gym,3,1:05:22.00,1:05:22,1h5m22s,3,1,4,60,4:10,8.485,THUNDERBOLT,SEISMIC TOSS,REST,BODY SLAM,10,8719,978,161,53,690,669,238,19,97090,Jolteon, ,Electric,Electric,224655,Pikachu7,Pikachu,,01:05:13.51,01:05:22.00,04:10:21.31,60,3,1,5,22,0,THUNDERBOLT,SEISMIC TOSS,REST,BODY SLAM,10,13,9,19,0,0,0,2,129,153,118,83,107,107,156,25384,39387,27671,27733,27733,29879,15,15,15,15,0,0,0,0,0,0,0,132,93,120,120,175,903250,320547,500547,79712,2444,10,3,0,8719,7220,1389,110,978,214,161,53,2,0,49434,26243,2305,2270,646,43,197,0,0,0,0,0,110,0,25,0,0,1,18,3,0,1,0,0,0,7,0,0,0,0,4,3,11,4,0,0,21,5,2,0,0,0,1,437,224530,0,0,0,0,50,64,15,1,1,13,1,7,4,Jolteon
11-08,15:35:35,NINTEN,Pikachu,Pokemaniac,1,Route 10,2,1:06:15.72,1:06:15,1h6m15s,3,1,4,60,4:13,8.177,THUNDERBOLT,SEISMIC TOSS,REST,BODY SLAM,10,9010,1011,162,53,693,672,239,19,98040,Jolteon, ,Electric,Electric,226338,Pikachu7,Pikachu,RTG2 - Pokemaniac 1,01:06:07.55,01:06:15.72,04:13:53.03,60,3,1,6,15,72,THUNDERBOLT,SEISMIC TOSS,REST,BODY SLAM,14,18,10,21,0,0,0,2,131,153,118,83,107,107,156,25554,39527,27841,27823,27823,29934,15,15,15,15,0,0,0,0,0,0,0,132,93,120,120,175,915942,328542,502926,82030,2444,10,3,0,9010,7481,1389,140,1011,215,162,53,2,0,49745,26433,2327,2292,649,43,198,0,0,0,0,0,110,0,26,0,0,1,18,3,0,1,0,0,0,7,0,0,0,0,4,3,11,4,0,0,21,5,2,0,0,0,1,439,226213,0,0,0,0,50,64,15,1,1,13,1,7,4,Jolteon
11-08,15:36:42,NINTEN,Pikachu,Beauty,8,Route 20,2,1:07:22.26,1:07:22,1h7m22s,3,1,4,61,4:18,6.274,THUNDERBOLT,SEISMIC TOSS,REST,BODY SLAM,10,9241,1048,163,56,698,677,239,20,97440,Jolteon, ,Electric,Electric,229248,Pikachu7,Pikachu,,01:07:15.99,01:07:22.26,04:18:13.10,61,3,1,7,22,26,THUNDERBOLT,SEISMIC TOSS,REST,BODY SLAM,12,18,10,21,0,0,0,3,134,156,120,85,109,109,159,25749,39774,28156,28228,28228,30227,15,15,15,15,0,0,0,0,0,0,0,135,95,122,122,178,931549,335917,507982,85206,2444,10,3,0,9241,7691,1389,161,1048,219,163,56,2,0,50838,26789,2327,2292,654,43,198,0,0,0,0,0,111,0,26,0,0,1,18,3,0,1,0,0,0,7,0,0,0,0,4,3,11,4,0,0,21,5,2,0,0,0,1,444,229123,0,0,0,0,52,67,15,1,1,13,1,7,4,Jolteon
11-08,15:36:52,NINTEN,Pikachu,Jr Trainer F,16,Route 20,2,1:07:32.33,1:07:32,1h7m32s,3,1,4,61,4:18,6.33,THUNDERBOLT,SEISMIC TOSS,REST,BODY SLAM,10,9258,1049,164,56,700,679,239,20,99610,Jolteon, ,Electric,Electric,231112,Pikachu7,Pikachu,,01:07:26.00,01:07:32.33,04:18:52.12,61,3,1,7,32,33,THUNDERBOLT,SEISMIC TOSS,REST,BODY SLAM,10,18,10,21,0,0,0,3,134,156,120,85,109,109,159,25874,39933,28281,28358,28358,30358,15,15,15,15,0,0,0,0,0,0,0,135,95,122,122,178,933891,336330,509911,85206,2444,10,3,0,9258,7691,1389,178,1049,220,164,56,2,0,51545,26957,2327,2292,656,43,198,0,0,0,0,0,111,0,26,0,0,1,18,3,0,1,0,0,0,7,0,0,0,0,4,3,11,4,0,0,21,5,2,0,0,0,1,446,230987,0,0,0,0,52,67,15,1,1,13,1,7,4,Jolteon
11-08,15:37:03,NINTEN,Pikachu,Beauty,7,Route 20,3,1:07:44.09,1:07:44,1h7m44s,3,1,4,61,4:19,8.685,THUNDERBOLT,SEISMIC TOSS,REST,BODY SLAM,10,9264,1051,165,56,703,682,239,20,100230,Jolteon, ,Electric,Electric,233661,Pikachu7,Pikachu,,01:07:35.41,01:07:44.09,04:19:37.52,61,3,1,7,44,9,THUNDERBOLT,SEISMIC TOSS,REST,BODY SLAM,7,18,10,21,0,0,0,3,134,156,120,85,109,109,159,25984,40158,28661,28533,28533,30508,15,15,15,15,0,0,0,0,0,0,0,135,95,122,122,178,936631,336563,512418,85206,2444,10,3,0,9264,7691,1389,184,1051,221,165,56,2,0,52723,27155,2327,2292,659,43,198,0,0,0,0,0,111,0,26,0,0,1,18,3,0,1,0,0,0,7,0,0,0,0,4,3,11,4,0,0,21,5,2,0,0,0,1,449,233536,0,0,0,0,52,67,15,1,1,13,1,7,4,Jolteon
11-08,15:37:17,NINTEN,Pikachu,Bird Keeper,11,Route 20,3,1:07:58.01,1:07:58,1h7m58s,3,1,4,61,4:20,9.9,THUNDERBOLT,SEISMIC TOSS,REST,BODY SLAM,10,9279,1052,166,56,706,685,240,20,102330,Jolteon, ,Electric,Electric,236469,Pikachu7,Pikachu,,01:07:48.10,01:07:58.01,04:20:32.06,61,3,1,7,58,1,THUNDERBOLT,SEISMIC TOSS,REST,BODY SLAM,5,18,10,20,0,0,0,3,118,156,120,85,109,109,159,26177,40398,28846,28705,28705,30779,15,15,15,15,0,0,0,0,0,0,0,135,95,122,122,178,939885,337019,515216,85206,2444,10,3,0,9279,7691,1389,199,1052,222,166,56,2,0,53597,27403,2343,2308,662,43,199,0,0,0,0,0,111,0,27,0,0,1,18,3,0,1,0,0,0,7,0,0,0,0,4,3,11,4,0,0,21,5,2,0,0,0,1,452,236344,0,0,0,0,52,67,15,1,1,13,1,7,4,Jolteon
11-08,15:37:24,NINTEN,Pikachu,Swimmer,10,Route 20,1,1:08:04.94,1:08:04,1h8m4s,3,1,4,61,4:20,4.016,THUNDERBOLT,SEISMIC TOSS,REST,BODY SLAM,10,9285,1052,167,56,707,686,240,20,103080,Jolteon, ,Electric,Electric,237264,Pikachu7,Pikachu,,01:08:00.93,01:08:04.94,04:20:58.46,61,3,1,8,4,94,THUNDERBOLT,SEISMIC TOSS,REST,BODY SLAM,4,18,10,20,0,0,0,3,118,156,120,85,109,109,159,26207,40443,28901,28775,28775,30864,15,15,15,15,0,0,0,0,0,0,0,135,95,122,122,178,941485,337217,516618,85206,2444,10,3,0,9285,7691,1389,205,1052,223,167,56,2,0,54068,27474,2343,2308,663,43,199,0,0,0,0,0,112,0,27,0,0,1,18,3,0,1,0,0,0,7,0,0,0,0,4,3,11,4,0,0,21,5,2,0,0,0,1,453,237139,0,0,0,0,52,67,15,1,1,13,1,7,4,Jolteon
11-08,15:37:53,NINTEN,Pikachu,Swimmer,15,Route 21,3,1:08:33.17,1:08:33,1h8m33s,3,1,4,62,4:22,9.244,THUNDERBOLT,SEISMIC TOSS,REST,BODY SLAM,10,9358,1055,168,56,710,689,240,20,103255,Jolteon, ,Electric,Electric,239943,Pikachu7,Pikachu,,01:08:23.92,01:08:33.17,04:22:49.17,62,3,1,8,33,17,THUNDERBOLT,SEISMIC TOSS,REST,BODY SLAM,12,20,10,24,0,0,0,3,158,158,122,86,111,111,162,26367,40613,29096,29020,29020,31109,15,15,15,15,0,0,0,0,0,0,0,137,96,124,124,182,948116,340269,519242,86161,2444,10,3,0,9358,7729,1389,240,1055,224,168,56,2,0,54936,27716,2343,2308,666,43,199,0,0,0,0,0,112,0,27,0,0,1,18,3,0,1,0,0,0,7,0,0,0,0,4,3,11,4,0,0,21,5,2,0,0,0,1,456,239818,0,0,0,0,52,67,15,1,1,13,1,7,4,Jolteon
11-08,15:38:00,NINTEN,Pikachu,Swimmer,13,Route 21,1,1:08:40.22,1:08:40,1h8m40s,3,1,4,62,4:23,3.943,THUNDERBOLT,SEISMIC TOSS,REST,BODY SLAM,10,9367,1055,169,56,711,690,240,20,103415,Jolteon, ,Electric,Electric,241584,Pikachu7,Pikachu,,01:08:36.28,01:08:40.22,04:23:16.26,62,3,1,8,40,22,THUNDERBOLT,SEISMIC TOSS,REST,BODY SLAM,11,20,10,24,0,0,0,3,158,158,122,86,111,111,162,26427,40688,29181,29120,29120,31224,15,15,15,15,0,0,0,0,0,0,0,137,96,124,124,182,949745,340526,520614,86161,2444,10,3,0,9367,7729,1389,249,1055,225,169,56,2,0,55148,27813,2343,2308,667,43,199,0,0,0,0,0,112,0,27,0,0,1,18,3,0,1,0,0,0,7,0,0,0,0,4,3,11,4,0,0,21,5,2,0,0,0,1,457,241459,0,0,0,0,52,67,15,1,1,13,1,7,4,Jolteon
11-08,15:38:09,NINTEN,Pikachu,Fisher,8,Route 21,2,1:08:49.76,1:08:49,1h8m49s,3,1,4,62,4:23,6.361,THUNDERBOLT,SEISMIC TOSS,REST,BODY SLAM,10,9374,1055,170,56,713,692,240,20,103600,Jolteon, ,Electric,Electric,243575,Pikachu7,Pikachu,,01:08:43.40,01:08:49.76,04:23:53.21,62,3,1,8,49,76,THUNDERBOLT,SEISMIC TOSS,REST,BODY SLAM,9,20,10,24,0,0,0,3,158,158,122,86,111,111,162,26507,40848,29461,29250,29250,31334,15,15,15,15,0,0,0,0,0,0,0,137,96,124,124,182,951960,340784,522571,86161,2444,10,3,0,9374,7730,1389,255,1055,226,170,56,2,0,55889,27953,2343,2308,669,43,199,0,0,0,0,0,112,0,27,0,0,1,18,3,0,1,0,0,0,7,0,0,0,0,4,3,11,4,0,0,21,5,2,0,0,0,1,459,243450,0,0,0,0,52,67,15,1,1,13,1,7,4,Jolteon
11-08,15:38:18,NINTEN,Pikachu,Fisher,10,Route 21,2,1:08:58.81,1:08:58,1h8m58s,3,1,4,62,4:24,6.374,THUNDERBOLT,SEISMIC TOSS,REST,BODY SLAM,10,9376,1055,171,56,715,694,240,20,104685,Jolteon, ,Electric,Electric,245560,Pikachu7,Pikachu,,01:08:52.44,01:08:58.81,04:24:27.58,62,3,1,8,58,81,THUNDERBOLT,SEISMIC TOSS,REST,BODY SLAM,7,20,10,24,0,0,0,3,158,158,122,86,111,111,162,26632,41007,29586,29380,29380,31465,15,15,15,15,0,0,0,0,0,0,0,137,96,124,124,182,954037,340912,524520,86161,2444,10,3,0,9376,7732,1389,255,1055,227,171,56,2,0,56547,28131,2343,2308,671,43,199,0,0,0,0,0,112,0,27,0,0,1,18,3,0,1,0,0,0,7,0,0,0,0,4,3,11,4,0,0,21,5,2,0,0,0,1,461,245435,0,0,0,0,52,67,15,1,1,13,1,7,4,Jolteon
11-08,15:38:33,NINTEN,Pikachu,Swimmer,12,Route 21,2,1:09:13.52,1:09:13,1h9m13s,3,1,4,62,4:25,6.29,THUNDERBOLT,SEISMIC TOSS,REST,BODY SLAM,10,9417,1056,172,56,717,696,240,20,105840,Jolteon, ,Electric,Electric,248104,Pikachu7,Pikachu,,01:09:07.23,01:09:13.52,04:25:25.20,62,3,1,9,13,52,THUNDERBOLT,SEISMIC TOSS,REST,BODY SLAM,5,20,10,24,0,0,0,3,158,158,122,86,111,111,162,26767,41142,29746,29595,29595,31650,15,15,15,15,0,0,0,0,0,0,0,137,96,124,124,182,957479,342005,526471,86559,2444,10,3,0,9417,7733,1389,295,1056,228,172,56,2,0,56975,28316,2343,2308,673,43,199,0,0,0,0,0,112,0,27,0,0,1,18,3,0,1,0,0,0,7,0,0,0,0,4,3,11,4,0,0,21,5,2,0,0,0,1,463,247979,0,0,0,0,52,67,15,1,1,13,1,7,4,Jolteon
11-08,15:38:46,NINTEN,Pikachu,Cue Ball,9,Route 21,3,1:09:26.15,1:09:26,1h9m26s,3,1,4,63,4:26,9.542,THUNDERBOLT,SEISMIC TOSS,REST,BODY SLAM,10,9418,1057,173,56,720,699,240,20,106005,Jolteon, ,Electric,Electric,250858,Pikachu7,Pikachu,,01:09:16.61,01:09:26.15,04:26:14.26,63,3,1,9,26,15,THUNDERBOLT,SEISMIC TOSS,REST,BODY SLAM,2,20,10,24,0,0,0,3,161,161,125,88,113,113,165,26927,41292,29881,29915,29915,31890,15,15,15,15,0,0,0,0,0,0,0,140,99,127,127,185,960425,342249,529173,86559,2444,10,3,0,9418,7733,1389,296,1057,229,173,56,2,0,57666,28551,2343,2308,676,43,199,0,0,0,0,0,112,0,27,0,0,1,18,3,0,1,0,0,0,7,0,0,0,0,4,3,11,4,0,0,21,5,2,0,0,0,1,466,250733,0,0,0,0,52,67,15,1,1,13,1,7,4,Jolteon
11-08,15:40:08,NINTEN,Pikachu,Giovanni,3,Viridian City - Gym,5,1:10:49.02,1:10:49,1h10m49s,3,1,4,63,4:31,49.627,THUNDERBOLT,MIMIC,REST,BODY SLAM,11,9519,1080,174,56,749,722,257,19,106780,Jolteon, ,Electric,Electric,261079,Pikachu7,Pikachu,Giovanni,01:09:59.39,01:10:49.02,04:31:41.54,63,3,1,10,49,2,THUNDERBOLT,MIMIC,REST,BODY SLAM,14,3,7,12,0,0,0,3,161,161,125,88,113,113,165,27303,41746,30275,30245,30245,32326,15,15,15,15,0,0,0,0,0,0,6,280,196,253,253,372,980073,346614,541427,89588,2444,11,3,0,9519,7834,1389,296,1080,230,174,56,2,0,58749,29311,2617,2582,689,55,202,0,0,0,0,0,112,0,27,0,0,1,20,3,0,1,0,0,0,7,0,0,0,0,4,3,11,4,0,0,26,9,5,0,0,0,1,471,260954,0,0,0,0,52,67,15,1,1,14,1,7,4,Jolteon
11-08,15:41:02,NINTEN,Pikachu,Rival6-Route 22,8,Route 22,6,1:11:42.87,1:11:42,1h11m42s,3,1,4,64,4:35,25.049,THUNDERBOLT,MIMIC,REST,BODY SLAM,12,9661,1102,175,56,759,732,260,20,112225,Jolteon, ,Electric,Electric,271213,Pikachu7,Pikachu,Rival (Final),01:11:17.82,01:11:42.87,04:35:14.20,64,3,1,11,42,87,THUNDERBOLT,MIMIC,REST,BODY SLAM,13,10,10,16,0,0,0,3,80,164,127,90,115,115,168,27666,42157,30810,30775,30775,32836,15,15,15,15,0,0,0,0,0,0,0,142,101,129,129,189,992819,352179,548054,90142,2444,12,3,0,9661,7976,1389,296,1102,231,175,56,2,0,60095,30048,2701,2666,699,55,204,0,0,0,0,0,117,0,29,0,0,1,20,3,0,1,0,0,0,7,0,0,0,0,4,3,11,4,0,0,26,9,5,0,0,0,1,477,271088,0,0,0,0,52,67,15,1,1,14,1,7,4,Jolteon
11-08,15:42:15,NINTEN,Pikachu,Cooltrainer F,5,Victory Road,2,1:12:56.03,1:12:56,1h12m56s,3,1,4,64,4:40,8.835,THUNDERBOLT,MIMIC,REST,BODY SLAM,12,9980,1159,176,56,762,735,262,19,115670,Jolteon, ,Electric,Electric,274285,Pikachu7,Pikachu,,01:12:47.20,01:12:56.03,04:40:03.43,64,3,1,12,56,3,THUNDERBOLT,MIMIC,REST,BODY SLAM,12,10,10,14,0,0,0,3,145,164,127,90,115,115,168,27804,42303,30945,30940,30940,33051,15,15,15,15,0,-1,0,0,0,0,0,159,66,145,145,212,1010182,364203,550547,92988,2444,12,3,0,9980,8133,1515,332,1159,232,176,56,2,0,60395,30291,2720,2685,702,55,206,0,0,0,0,0,117,0,29,0,0,1,20,3,0,1,0,0,0,7,0,0,0,0,4,3,11,4,0,0,26,9,5,0,0,0,1,479,274160,0,0,0,0,53,67,15,1,1,14,1,7,4,Jolteon
11-08,15:42:32,NINTEN,Pikachu,Cooltrainer M,5,Victory Road,4,1:13:12.87,1:13:12,1h13m12s,3,1,4,65,4:41,12.793,THUNDERBOLT,MIMIC,REST,BODY SLAM,12,9993,1164,177,56,766,739,262,19,117210,Jolteon, ,Electric,Electric,280000,Pikachu7,Pikachu,,01:13:00.07,01:13:12.87,04:41:09.29,65,3,1,13,12,87,THUNDERBOLT,MIMIC,REST,BODY SLAM,9,10,10,13,0,0,0,3,147,166,129,92,118,118,170,28059,42576,31224,31235,31235,33349,15,15,15,15,0,0,0,0,0,0,0,145,103,132,132,191,1014128,364748,553948,92988,2444,12,3,0,9993,8133,1528,332,1164,233,177,56,2,0,61223,30739,2720,2685,706,55,206,0,0,0,0,0,118,0,29,0,0,1,20,3,0,1,0,0,0,7,0,0,0,0,4,3,11,4,0,0,26,9,5,0,0,0,1,483,279875,0,0,0,0,53,67,15,1,1,14,1,7,4,Jolteon
11-08,15:42:59,NINTEN,Pikachu,Blackbelt,9,Victory Road,3,1:13:39.20,1:13:39,1h13m39s,3,1,4,65,4:42,8.661,THUNDERBOLT,MIMIC,REST,BODY SLAM,12,10031,1180,178,56,769,742,262,19,118680,Jolteon, ,Electric,Electric,283498,Pikachu7,Pikachu,,01:13:30.54,01:13:39.20,04:42:52.53,65,3,1,13,39,20,THUNDERBOLT,MIMIC,REST,BODY SLAM,6,10,10,13,0,0,0,3,147,166,129,92,118,118,170,28289,42856,31414,31370,31370,33474,15,15,15,15,0,0,0,0,0,0,0,145,103,132,132,191,1020332,366667,556461,94760,2444,12,3,0,10031,8133,1566,332,1180,234,178,56,2,0,61843,31115,2720,2685,709,55,206,0,0,0,0,0,118,0,29,0,0,1,20,3,0,1,0,0,0,7,0,0,0,0,4,3,11,4,0,0,26,9,5,0,0,0,1,486,283373,0,0,0,0,53,67,15,1,1,14,1,7,4,Jolteon
11-08,15:43:17,NINTEN,Pikachu,Juggler,2,Victory Road,4,1:13:57.48,1:13:57,1h13m57s,3,1,4,66,4:44,14.085,THUNDERBOLT,MIMIC,REST,BODY SLAM,12,10046,1181,179,56,774,747,263,19,119755,Jolteon, ,Electric,Electric,288388,Pikachu7,Pikachu,,01:13:43.40,01:13:57.48,04:44:04.16,66,3,1,13,57,48,THUNDERBOLT,MIMIC,REST,BODY SLAM,6,10,10,8,0,0,0,3,106,169,131,93,119,119,173,28514,43047,31589,31815,31815,33793,15,15,15,15,0,0,0,0,0,0,0,147,104,133,133,194,1024615,367160,560251,94760,2444,12,3,0,10046,8133,1581,332,1181,235,179,56,2,0,62640,31528,2764,2729,714,55,207,0,0,0,0,0,119,0,30,0,0,1,20,3,0,1,0,0,0,7,0,0,0,0,4,3,11,4,0,0,26,9,5,0,0,0,1,490,288263,0,0,0,0,53,67,15,1,1,14,1,7,4,Jolteon
11-08,15:43:32,NINTEN,Pikachu,Tamer,5,Victory Road,2,1:14:12.77,1:14:12,1h14m12s,3,1,4,66,4:45,6.481,THUNDERBOLT,MIMIC,REST,BODY SLAM,12,10073,1184,180,56,776,749,263,18,121190,Jolteon, ,Electric,Electric,291422,Pikachu7,Pikachu,,01:14:06.29,01:14:12.77,04:45:03.52,66,3,1,14,12,77,THUNDERBOLT,MIMIC,REST,BODY SLAM,4,10,10,8,0,0,0,3,156,169,131,93,119,119,173,28659,43199,31727,31960,31960,33993,15,15,15,15,0,0,0,0,0,0,0,147,104,133,133,194,1028191,367871,562232,95644,2444,12,3,0,10073,8133,1608,332,1184,236,180,56,2,0,63010,31777,2764,2729,716,55,207,0,0,0,0,0,119,0,30,0,0,1,20,3,0,1,0,0,0,7,0,0,0,0,4,3,11,4,0,0,26,9,5,0,0,0,1,492,291297,0,0,0,0,53,67,15,1,1,14,1,7,4,Jolteon
11-08,15:43:54,NINTEN,Pikachu,Cooltrainer M,2,Victory Road,3,1:14:34.28,1:14:34,1h14m34s,3,1,4,66,4:46,12.532,THUNDERBOLT,MIMIC,REST,BODY SLAM,12,10093,1191,181,56,781,754,264,18,122950,Jolteon, ,Electric,Electric,297207,Pikachu7,Pikachu,,01:14:21.75,01:14:34.28,04:46:28.02,66,3,1,14,34,28,THUNDERBOLT,MIMIC,REST,BODY SLAM,2,10,10,5,0,0,0,3,156,169,131,93,119,119,173,28894,43499,32072,32250,32250,34213,15,15,15,15,0,0,0,0,0,0,0,147,104,133,133,194,1033241,368958,565652,96187,2444,12,3,0,10093,8133,1628,332,1191,237,181,56,2,0,63602,32157,2764,2729,721,56,207,0,0,0,0,0,119,0,30,0,0,1,20,3,0,1,0,0,0,7,0,0,0,0,4,3,11,4,0,0,26,9,5,0,0,0,1,495,297082,0,0,0,0,53,67,15,1,1,14,1,7,4,Jolteon
11-08,15:44:31,NINTEN,Pikachu,Cooltrainer F,3,Victory Road,3,1:15:11.70,1:15:11,1h15m11s,3,1,4,67,4:48,14.246,THUNDERBOLT,MIMIC,REST,BODY SLAM,12,10180,1225,182,56,785,758,267,17,124455,Jolteon,Paralyzed,Electric,Electric,302356,Pikachu7,Pikachu,,01:14:57.45,01:15:11.70,04:48:55.41,67,3,1,15,11,70,THUNDERBOLT,MIMIC,REST,BODY SLAM,11,10,10,12,0,0,0,3,142,172,133,95,122,122,176,29294,43669,32237,32530,32530,34363,15,15,15,15,0,0,0,0,0,0,0,149,106,137,137,49,1042100,373071,569505,97080,2444,12,3,0,10180,8133,1715,332,1225,238,182,56,2,0,64390,32679,2781,2746,725,56,209,0,0,0,0,0,119,0,30,0,0,1,21,4,0,1,0,0,0,7,0,0,0,0,4,3,14,4,0,0,27,9,5,0,0,0,1,498,302231,0,0,0,0,53,67,15,1,1,14,1,7,4,Jolteon
11-08,15:45:43,NINTEN,Pikachu,Lorelei,1,Lorelei's Room,5,1:16:23.18,1:16:23,1h16m23s,3,1,4,67,4:53,18.386,THUNDERBOLT,MIMIC,REST,BODY SLAM,12,10401,1262,183,56,791,764,268,18,110960,Jolteon, ,Electric,Electric,312865,Pikachu7,Pikachu,Lorelei,01:16:04.79,01:16:23.18,04:53:38.00,67,3,1,16,23,18,THUNDERBOLT,MIMIC,REST,BODY SLAM,11,10,10,22,0,0,0,3,76,172,133,95,122,122,176,29724,44044,32722,32980,32980,34688,15,15,15,15,0,0,0,0,0,0,0,149,106,137,137,198,1059039,383239,574327,99029,2444,12,3,0,10401,8301,1768,332,1262,239,183,56,2,0,65575,33514,2877,2842,731,56,210,0,0,0,0,0,121,0,31,0,0,1,22,4,0,1,0,0,0,7,0,0,0,0,4,3,14,4,0,0,28,9,5,0,0,0,1,503,312740,0,0,0,0,53,72,15,1,1,14,1,7,4,Jolteon
11-08,15:46:25,NINTEN,Pikachu,Bruno,1,Bruno's Room,5,1:17:05.63,1:17:05,1h17m5s,3,1,4,68,4:56,25.914,THUNDERBOLT,MIMIC,REST,BODY SLAM,13,10412,1263,184,56,804,773,274,18,116504,Jolteon, ,Electric,Electric,321072,Pikachu7,Pikachu,Bruno,01:16:39.72,01:17:05.63,04:56:25.15,68,3,1,17,5,63,THUNDERBOLT,MIMIC,REST,BODY SLAM,7,5,10,22,0,0,0,3,101,175,135,96,124,124,179,29984,44489,33254,33175,33175,35046,15,15,15,15,0,0,0,0,0,0,0,151,108,139,139,201,1069074,384364,580929,101337,2444,13,3,0,10412,8312,1768,332,1263,240,184,56,2,0,66509,34173,2951,2916,740,61,211,0,0,0,0,0,121,0,32,0,0,1,22,4,0,1,0,0,0,7,0,0,0,0,4,3,14,4,0,0,28,9,5,0,0,0,1,508,320947,0,0,0,0,53,72,15,1,1,14,1,7,4,Jolteon
11-08,15:47:42,NINTEN,Pikachu,Agatha,1,Agatha's Room,5,1:18:22.39,1:18:22,1h18m22s,3,1,4,80,5:01,27.391,THUNDERBOLT,MIMIC,REST,BODY SLAM,14,10425,1268,185,56,814,783,278,16,122246,Jolteon, ,Electric,Electric,522086,Pikachu7,Pikachu,Agatha,01:17:55.00,01:18:22.39,05:01:26.59,80,3,1,18,22,39,THUNDERBOLT,MIMIC,REST,BODY SLAM,7,8,10,24,0,0,0,3,153,204,158,113,145,145,210,30284,44834,33558,33690,33690,35531,15,15,15,15,0,0,0,0,0,0,0,177,127,163,163,236,1087178,386798,587877,110059,2444,14,3,0,10425,8325,1768,332,1268,241,185,56,2,0,67554,34901,3023,2916,749,61,215,0,0,0,0,0,121,0,32,0,0,2,22,4,0,1,0,0,0,7,0,0,0,0,6,3,14,4,0,0,28,9,5,0,0,0,1,513,331033,0,0,0,0,53,72,15,1,1,14,1,7,4,Jolteon
11-08,15:48:24,NINTEN,Pikachu,Lance,1,Lance's Room,5,1:19:04.90,1:19:04,1h19m4s,3,1,4,81,5:04,25.914,THUNDERBOLT,MIMIC,REST,BODY SLAM,15,10475,1270,186,56,823,792,280,16,128186,Jolteon, ,Electric,Electric,533692,Pikachu7,Pikachu,Lance,01:18:38.98,01:19:04.90,05:04:14.15,81,3,1,19,4,90,THUNDERBOLT,MIMIC,REST,BODY SLAM,13,7,10,20,0,0,0,3,176,207,161,115,147,147,213,30672,45366,33927,34090,34090,35962,15,15,15,15,0,0,0,0,0,0,0,181,129,165,165,239,1097214,388593,594431,111746,2444,15,3,0,10475,8375,1768,332,1270,242,186,56,2,0,69867,35977,3054,2947,758,62,216,0,0,0,0,0,123,0,32,0,0,2,23,4,0,1,0,0,0,7,0,0,0,0,6,3,14,4,0,0,29,9,5,0,0,0,1,518,342639,0,0,0,0,53,72,15,1,1,14,1,7,4,Jolteon
11-08,15:51:54,NINTEN,Pikachu,Champion,1,Champions Room,6,1:22:34.25,1:22:34,1h22m34s,7,1,8,81,5:10,66.382,THUNDERBOLT,REFLECT,REST,BODY SLAM,16,10483,1270,187,56,844,807,294,15,134324,Jolteon, ,Electric,Electric,548741,Pikachu7,Pikachu,Champion,01:21:27.87,01:22:34.25,05:10:22.40,81,7,1,22,34,25,THUNDERBOLT,REFLECT,REST,BODY SLAM,13,19,8,14,0,0,0,3,94,207,161,115,147,147,213,31085,45847,34482,34700,34700,36502,15,15,15,15,0,0,0,0,0,0,0,181,129,165,165,239,1119324,390277,610759,115687,2601,16,4,0,10483,8383,1768,332,1270,243,187,56,2,0,71251,37021,3521,3414,771,63,228,0,0,0,0,0,124,0,33,0,0,3,26,4,0,1,0,0,0,7,0,0,0,0,10,5,14,4,0,0,32,10,7,0,0,0,1,524,357688,0,0,0,0,53,72,15,1,1,15,1,7,8,Jolteon
