date_string,time_string,player_name,pokemon,trainer_name,trainer_id,location,total_pokemon,real_time_total,real_time_hmmss,real_time_file_label,resets,blackouts,failures,level,game_time,battle_duration,move1,move2,move3,move4,move1pp,move2pp,move3pp,move4pp,move1ppUp,move2ppUp,move3ppUp,move4ppUp,saves,steps,bonks,trainerBattles,wildBattles,battleTurns,playerTurns,enemyTurns,itemsInBag,money,rivalTeam,statusCondition,type1,type2,experience,ROM,Species,Trainer,Start Time,Real Time,Game Time,Level,Resets,RTHours,RTMinutes,RTSeconds,RTMilliseconds,Move 1,Move 2,Move 3,Move 4,Hp,Max HP,Attack,Defense,Sp. Attack,Sp. Defense,Speed,Attack DV,Defense DV,Speed DV,Special DV,StatExp HP,StatExp Attack,StatExp Def,StatExp Sp. Attack,StatExp Sp. Defense,StatExp Speed,Attack Stage,Defense Stage,Sp. Attack Stage,Sp. Defense Stage,Speed Stage,Accuracy Stage,Evasion Stage,Battle Attack,Battle Defense,Battle Sp. Attack,Battle Sp. Defense,Battle Speed,Frame Count,Overworld Frame Count,Battle Frame Count,Menu Frame Count,Intro Frame Count,Save Count,Reload Count,Clock Reset Count,Steps Count,Steps Count Walk,Steps Count Bike,Steps Count Surf,Bonks,Battles,Trainer Battles,Wild Battles,Battles Fled,Failed Runs,Total Damage Dealt,Actual Damage Dealt,Total Damage Taken,Actual Damage Taken,Own Moves Hit,Own Moves Missed,Enemy Moves Hit,Enemy Moves Missed,Own Moves Super Effective,Own Moves Not Very Effective,Enemy Moves Super Effective,Enemy Moves Not Very Effective,Criticals Dealt,OHKOs Dealt,Criticals Taken,OHKOs Taken,Was Confused,Enemy Became Confused,Was Paralyzed,Enemy Was Paralyzed,Was Burned,Enemy Was Burned,Was Frozen,Enemy Was Frozen,Was Poisoned,Enemy Was Poisoned,Was Badly Poisoned,Enemy Was Badly Poisoned,Fell Asleep,Enemy Fell Asleep,Player Turns Confused,Player Turns Confused Hit Self,Player Turns Paralyzed,Player Turns Paralyzed Fully,Enemy Turns Confused,Enemy Turns Confused Hit Self,Enemy Turns Paralyzed,Enemy Turns Paralyzed Fully, Player Turns Asleep, Enemy Turns Asleep,Player HP Healed,Enemy HP Healed,Player Pokemon Fainted,Enemy Pokemon Fainted,Experience Gained,Switchouts,Money Made,Money Spent,Money Lost,Items Picked Up,Items Bought,Items Sold,Balls Thrown,Pokemon Caught In Balls,Moves Learnt,Blackouts,Attempt Number,Failures, Rival's Team
2-27,13:48:29,NINTEN,Zubat,Rival1-Lab,1,Pallet Town - Oak's Lab,1,43.33,43,0h0m43s,0,0,0,5,0:02,16.506,LEECH LIFE,,,,0,57,2,1,0,10,10,9,0,3000,No Team Selected, ,Poison,Flying,195,Zubat5,Zubat,Rival (Lab),00:00:26.82,00:00:43.33,00:02:20.06,5,0,0,0,43,33,LEECH LIFE,,,,5,0,0,0,0,0,0,0,2,20,11,10,10,10,12,44,48,65,50,50,43,15,15,15,15,0,-1,0,0,0,0,0,11,6,10,10,12,1942,4231,4150,0,1942,0,0,0,57,57,0,0,2,1,1,0,0,0,20,20,27,27,10,1,8,0,0,0,0,0,0,0,0,0,0,0,0,0,0,0,0,0,0,0,0,0,0,0,0,0,0,0,0,0,0,0,0,0,0,0,0,1,0,0,0,0,0,0,0,0,0,0,0,0,5,0,No Team Selected
2-27,13:49:48,NINTEN,Zubat,Bug Catcher,1,Viridian Forest,2,2:01.95,2:01,0h2m1s,0,0,0,6,0:07,26.501,LEECH LIFE,,,,0,492,26,2,0,24,24,23,1,3175,No Team Selected, ,Poison,Flying,328,Zubat5,Zubat,,00:01:35.45,00:02:01.95,00:07:32.24,6,0,0,2,1,95,LEECH LIFE,,,,1,0,0,0,0,0,0,0,19,22,12,11,11,11,13,129,113,130,90,90,138,15,15,15,15,0,0,0,0,-5,0,0,12,11,11,11,3,1942,16195,10924,0,1942,0,0,0,492,492,0,0,26,2,2,0,0,0,64,63,42,42,24,3,20,0,0,0,0,0,3,0,0,0,0,0,0,0,0,0,0,0,0,0,0,0,0,0,0,0,0,0,0,0,0,0,0,0,0,0,0,3,203,0,0,0,0,1,0,0,0,0,0,0,5,0,No Team Selected
2-27,13:50:14,NINTEN,Zubat,Bug Catcher,3,Viridian Forest,1,2:28.64,2:28,0h2m28s,0,0,0,7,0:09,13.059,LEECH LIFE,,,,0,617,28,3,0,29,29,28,1,3235,No Team Selected, ,Poison,Flying,427,Zubat5,Zubat,,00:02:15.58,00:02:28.64,00:09:18.32,7,0,0,2,28,64,LEECH LIFE,,,,0,0,0,0,0,0,0,0,10,24,13,12,12,12,15,169,148,160,110,110,188,15,15,15,15,0,0,0,0,-2,0,0,13,12,12,12,7,1942,19021,14466,0,1942,0,0,0,617,617,0,0,28,3,3,0,0,0,91,90,55,55,29,3,25,0,0,0,0,0,4,0,1,0,0,0,0,0,0,0,0,0,0,0,0,0,0,0,0,0,0,0,0,0,0,0,0,0,0,0,0,4,302,0,0,0,0,3,0,0,0,0,0,0,5,0,No Team Selected
2-27,14:01:51,NINTEN,Zubat,Jr Trainer M,1,Pewter City - Gym,2,13:57.03,13:57,0h13m57s,5,12,17,15,0:48,17.95,LEECH LIFE,SUPERSONIC,BITE,,3,1659,57,16,23,234,232,198,1,0,No Team Selected, ,Poison,Flying,3717,Zubat5,Zubat,,00:13:39.08,00:13:57.03,00:48:49.02,15,5,0,13,57,3,LEECH LIFE,SUPERSONIC,BITE,,11,20,20,0,0,0,0,0,19,42,24,21,22,22,27,1139,2007,1385,1375,1375,2827,15,15,15,15,0,0,0,0,0,-2,0,24,21,22,22,27,2386,44579,124966,5743,2386,3,3,0,1659,1659,0,0,57,39,16,23,1,0,1099,958,939,920,191,56,183,0,0,0,0,0,19,0,16,0,0,11,0,0,0,0,0,0,0,0,0,0,0,0,0,0,0,0,24,12,0,0,0,0,0,0,12,40,3592,0,0,0,0,3,11,0,0,0,2,12,5,17,No Team Selected
2-27,14:02:55,NINTEN,Zubat,Brock,1,Pewter City - Gym,2,15:00.70,15:00,0h15m0s,5,12,17,16,0:53,46.289,LEECH LIFE,SUPERSONIC,BITE,,4,1769,59,17,23,255,253,208,1,220,No Team Selected, ,Poison,Flying,4261,Zubat5,Zubat,Brock,00:14:14.41,00:15:00.70,00:53:02.05,16,5,0,15,0,70,LEECH LIFE,SUPERSONIC,BITE,,7,13,19,0,0,0,0,0,29,44,25,22,24,24,29,1214,2132,1645,1435,1435,2917,15,15,15,15,0,-6,0,0,0,0,0,25,5,24,24,29,2386,47672,136562,6237,2386,4,3,0,1769,1769,0,0,59,40,17,23,1,0,1172,1027,962,943,210,59,190,0,0,0,0,0,20,0,16,0,0,16,0,0,0,0,0,0,0,0,0,0,0,0,0,0,0,0,41,23,0,0,0,0,0,0,12,42,4136,0,0,0,0,3,11,0,0,0,2,12,5,17,No Team Selected
2-27,14:03:40,NINTEN,Zubat,Bug Catcher,4,Route 3,3,15:45.56,15:45,0h15m45s,5,12,17,16,0:56,10.748,BITE,SUPERSONIC,LEECH LIFE,,4,1888,67,18,23,261,259,209,3,6,No Team Selected, ,Poison,Flying,4596,Zubat5,Zubat,,00:15:34.81,00:15:45.56,00:56:00.04,16,5,0,15,45,56,BITE,SUPERSONIC,LEECH LIFE,,19,20,15,0,0,0,0,0,41,44,25,22,24,24,29,1344,2227,1745,1495,1495,3057,15,15,15,15,0,0,0,0,0,0,0,28,22,24,24,29,2386,54752,140161,6237,2386,4,3,0,1888,1888,0,0,67,41,18,23,1,0,1295,1116,965,946,216,59,191,0,0,0,0,0,20,0,16,0,0,16,0,0,0,0,0,0,0,0,0,0,0,0,0,0,0,0,41,23,0,0,0,0,0,0,12,45,4471,0,0,0,0,3,22,1,0,0,2,12,5,17,No Team Selected
2-27,14:04:01,NINTEN,Zubat,Youngster Ben,1,Route 3,2,15:59.42,15:59,0h15m59s,5,12,17,16,0:56,8.417,BITE,SUPERSONIC,LEECH LIFE,,4,1894,68,19,23,265,263,211,3,106,No Team Selected, ,Poison,Flying,4874,Zubat5,Zubat,,00:15:51.00,00:15:59.42,00:56:55.02,16,5,0,15,59,42,BITE,SUPERSONIC,LEECH LIFE,,15,20,15,0,0,0,0,0,35,44,25,22,24,24,29,1409,2343,1824,1560,1560,3184,15,15,15,15,0,-1,0,0,0,0,0,31,14,24,24,29,2386,55524,142687,6237,2386,4,3,0,1894,1894,0,0,68,42,19,23,1,0,1375,1175,971,952,220,59,193,0,0,0,0,0,21,0,16,0,0,16,0,0,0,0,0,0,0,0,0,0,0,0,0,0,0,0,41,23,0,0,0,0,0,0,12,47,4749,0,0,0,0,3,22,1,0,0,2,12,5,17,No Team Selected
2-27,14:04:19,NINTEN,Zubat,Bug Catcher,5,Route 3,4,16:17.37,16:17,0h16m17s,5,12,17,17,0:58,15.172,BITE,SUPERSONIC,LEECH LIFE,,4,1898,68,20,23,273,271,215,3,271,No Team Selected, ,Poison,Flying,5349,Zubat5,Zubat,,00:16:02.20,00:16:17.37,00:58:06.24,17,5,0,16,17,37,BITE,SUPERSONIC,LEECH LIFE,,7,20,15,0,0,0,0,0,38,47,27,23,25,25,31,1589,2453,1994,1650,1650,3344,15,15,15,15,0,0,0,0,-2,0,0,33,23,25,25,15,2386,55690,146803,6237,2386,4,3,0,1898,1898,0,0,68,43,20,23,1,0,1541,1287,971,952,228,59,195,0,0,0,0,0,21,0,16,0,0,16,0,0,0,0,0,0,0,0,0,0,0,0,0,0,0,0,41,23,0,0,0,0,0,0,12,51,5224,0,0,0,0,3,22,1,0,0,2,12,5,17,No Team Selected
2-27,14:04:31,NINTEN,Zubat,Lass,2,Route 3,2,16:29.63,16:29,0h16m29s,5,12,17,17,0:58,7.965,BITE,SUPERSONIC,LEECH LIFE,,4,1905,69,21,23,277,275,217,3,361,No Team Selected, ,Poison,Flying,5597,Zubat5,Zubat,,00:16:21.67,00:16:29.63,00:58:55.02,17,5,0,16,29,63,BITE,SUPERSONIC,LEECH LIFE,,3,20,15,0,0,0,0,0,28,47,27,23,25,25,31,1665,2566,2069,1715,1715,3466,15,15,15,15,0,-1,0,0,0,0,0,33,15,25,25,31,2386,56189,149222,6237,2386,4,3,0,1905,1905,0,0,69,44,21,23,1,0,1629,1344,981,962,232,59,197,0,0,0,0,0,21,0,16,0,0,16,0,0,0,0,0,0,0,0,0,0,0,0,0,0,0,0,41,23,0,0,0,0,0,0,12,53,5472,0,0,0,0,3,22,1,0,0,2,12,5,17,No Team Selected
2-27,14:04:49,NINTEN,Zubat,Bug Catcher,6,Route 3,2,16:47.82,16:47,0h16m47s,5,12,17,18,1:00,15.68,BITE,SUPERSONIC,LEECH LIFE,,4,1906,74,22,23,285,283,222,3,511,No Team Selected, ,Poison,Flying,5890,Zubat5,Zubat,,00:16:32.14,00:16:47.82,01:00:07.19,18,5,0,16,47,82,BITE,SUPERSONIC,LEECH LIFE,,0,20,10,0,0,0,0,0,35,49,28,24,26,26,32,1760,2616,2159,1760,1760,3541,15,15,15,15,0,0,0,0,0,0,0,31,24,26,26,32,2386,56317,153431,6237,2386,4,3,0,1906,1906,0,0,74,45,22,23,1,0,1703,1409,984,965,240,59,198,0,0,0,0,0,21,0,16,0,0,16,0,0,0,0,0,0,0,0,0,0,0,0,0,0,0,0,41,23,0,0,0,0,0,0,12,55,5765,0,0,0,0,3,22,1,0,0,2,12,5,17,No Team Selected
2-27,14:05:26,NINTEN,Zubat,Super Nerd,1,Mt Moon - 1,2,17:24.48,17:24,0h17m24s,5,12,17,18,1:02,8.181,BITE,SUPERSONIC,LEECH LIFE,,4,2055,89,23,24,291,289,226,3,621,No Team Selected, ,Poison,Flying,6339,Zubat5,Zubat,,00:17:16.29,00:17:24.48,01:02:32.34,18,5,0,17,24,48,BITE,SUPERSONIC,LEECH LIFE,,21,20,15,0,0,0,0,0,42,49,28,24,26,26,32,1825,2681,2279,1910,1910,3686,15,15,15,15,0,0,0,0,0,0,0,31,24,26,26,32,2386,60090,158373,6237,2386,4,3,0,2055,2055,0,0,89,47,23,24,1,0,1784,1481,994,975,246,59,202,0,0,0,0,0,21,0,16,0,0,16,0,0,0,0,0,0,0,0,0,0,0,0,0,0,0,0,41,23,0,0,0,0,0,0,12,57,6214,0,0,0,0,3,22,1,1,1,2,12,5,17,No Team Selected
2-27,14:05:53,NINTEN,Zubat,Bug Catcher,8,Mt Moon - 1,3,17:51.55,17:51,0h17m51s,5,12,17,18,1:04,10.87,BITE,SUPERSONIC,LEECH LIFE,,4,2085,91,24,25,298,296,229,5,896,No Team Selected, ,Poison,Flying,6716,Zubat5,Zubat,,00:17:40.67,00:17:51.55,01:04:20.07,18,5,0,17,51,55,BITE,SUPERSONIC,LEECH LIFE,,15,20,14,0,0,0,0,0,46,49,28,24,26,26,32,1965,2761,2404,1975,1975,3806,15,15,15,15,0,0,0,0,-2,0,0,38,24,26,26,16,2386,61351,163565,6237,2386,4,3,0,2085,2085,0,0,91,49,24,25,1,0,1944,1587,997,978,253,59,205,0,0,0,0,0,21,0,16,0,0,16,0,0,0,0,0,0,0,0,0,0,0,0,0,0,0,0,41,23,0,0,0,0,0,0,12,60,6591,0,0,0,0,5,22,1,2,2,2,12,5,17,No Team Selected
2-27,14:06:06,NINTEN,Zubat,Lass,5,Mt Moon - 1,2,18:04.80,18:04,0h18m4s,5,12,17,19,1:05,9.223,BITE,SUPERSONIC,LEECH LIFE,,4,2108,91,25,25,301,299,230,5,996,No Team Selected, ,Poison,Flying,7097,Zubat5,Zubat,,00:17:55.58,00:18:04.80,01:05:12.46,19,5,0,18,4,80,BITE,SUPERSONIC,LEECH LIFE,,15,20,11,0,0,0,0,0,51,51,30,26,27,27,34,2060,2886,2494,2120,2120,3876,15,15,15,15,0,0,0,0,0,0,0,33,26,27,27,34,2386,61918,166157,6237,2386,4,3,0,2108,2108,0,0,91,50,25,25,1,0,2041,1653,998,979,256,59,206,0,0,0,0,0,21,0,16,0,0,16,0,0,0,0,0,0,0,0,0,0,0,0,0,0,0,0,41,23,0,0,0,0,0,0,12,62,6972,0,0,0,0,5,22,1,2,2,2,12,5,17,No Team Selected
2-27,14:06:20,NINTEN,Zubat,Rocket,3,Mt Moon - 3,2,18:18.65,18:18,0h18m18s,5,12,17,19,1:06,8.71,BITE,SUPERSONIC,LEECH LIFE,,4,2142,92,26,25,306,303,232,5,1161,No Team Selected, ,Poison,Flying,7394,Zubat5,Zubat,,00:18:09.94,00:18:18.65,01:06:07.39,19,5,0,18,18,65,BITE,SUPERSONIC,LEECH LIFE,,11,20,11,0,0,0,0,0,47,51,30,26,27,27,34,2135,2991,2573,2200,2200,3986,15,15,15,15,0,0,0,0,0,0,0,33,26,27,27,34,2386,62745,168623,6237,2386,4,3,0,2142,2142,0,0,92,51,26,25,1,0,2144,1718,1002,983,260,60,207,0,0,0,0,0,22,0,16,0,0,16,0,0,0,0,0,0,0,0,0,0,0,0,0,0,0,0,41,23,0,0,0,0,0,0,12,64,7269,0,0,0,0,5,22,1,2,2,2,12,5,17,No Team Selected
2-27,14:06:39,NINTEN,Zubat,Youngster,3,Mt Moon - 1,3,18:37.53,18:37,0h18m37s,5,12,17,19,1:07,11.717,BITE,SUPERSONIC,LEECH LIFE,,4,2184,93,27,25,311,308,236,6,1521,No Team Selected, ,Poison,Flying,7751,Zubat5,Zubat,,00:18:25.81,00:18:37.53,01:07:22.33,19,5,0,18,37,53,BITE,SUPERSONIC,LEECH LIFE,,6,20,11,0,0,0,0,0,30,51,30,26,27,27,34,2235,3148,2678,2290,2290,4185,15,15,15,15,0,0,0,0,0,0,0,33,26,27,27,34,2386,64043,171819,6237,2386,4,3,0,2184,2184,0,0,93,52,27,25,1,0,2293,1802,1019,1000,265,60,211,0,0,0,0,0,23,0,16,0,0,16,0,0,0,0,0,0,0,0,0,0,0,0,0,0,0,0,41,23,0,0,0,0,0,0,12,67,7626,0,0,0,0,6,22,1,2,2,2,12,5,17,No Team Selected
2-27,14:07:11,NINTEN,Zubat,Rocket,1,Mt Moon - 3,2,19:09.26,19:09,0h19m9s,5,12,17,20,1:09,10,BITE,SUPERSONIC,LEECH LIFE,,4,2313,99,28,25,315,312,239,4,1671,No Team Selected, ,Poison,Flying,8058,Zubat5,Zubat,,00:18:59.26,00:19:09.26,01:09:28.31,20,5,0,19,9,26,BITE,SUPERSONIC,LEECH LIFE,,12,20,11,0,0,0,0,0,32,54,31,27,29,29,36,2305,3249,2748,2355,2355,4312,15,15,15,15,0,0,0,0,0,0,0,34,27,29,29,36,2386,67001,174601,8055,2386,4,3,0,2313,2313,0,0,99,53,28,25,1,0,2384,1870,1040,1021,269,60,214,0,0,0,0,0,23,0,18,0,0,16,0,0,0,0,0,0,0,0,0,0,0,0,0,0,0,0,41,23,0,0,0,0,0,0,12,69,7933,0,0,0,0,6,22,1,2,2,2,12,5,17,No Team Selected
2-27,14:07:27,NINTEN,Zubat,Fossil Nerd,2,Mt Moon - 3,3,19:25.56,19:25,0h19m25s,5,12,17,20,1:10,11.178,BITE,SUPERSONIC,LEECH LIFE,,4,2324,100,29,25,321,318,242,4,2061,No Team Selected, ,Poison,Flying,8845,Zubat5,Zubat,,00:19:14.37,00:19:25.56,01:10:33.13,20,5,0,19,25,56,BITE,SUPERSONIC,LEECH LIFE,,6,20,11,0,0,0,0,0,44,54,31,27,29,29,36,2465,3424,2943,2510,2510,4472,15,15,15,15,0,0,0,0,0,0,0,34,27,29,29,36,2386,67436,177674,8429,2386,4,3,0,2324,2324,0,0,100,54,29,25,1,0,2506,1979,1048,1029,275,61,216,0,0,0,0,0,24,0,18,0,0,16,0,0,0,0,0,0,0,0,0,0,0,0,0,0,0,0,41,23,0,0,0,0,0,0,12,72,8720,0,0,0,0,6,22,1,2,2,2,12,5,17,No Team Selected
2-27,14:08:00,NINTEN,Zubat,Swimmer,1,Cerulean City - Gym,2,19:58.86,19:58,0h19m58s,5,12,17,21,1:12,11.231,BITE,SUPERSONIC,LEECH LIFE,CONFUSE RAY,4,2488,109,30,25,327,324,245,5,2361,No Team Selected, ,Poison,Flying,9459,Zubat5,Zubat,,00:19:47.63,00:19:58.86,01:12:45.14,21,5,0,19,58,86,BITE,SUPERSONIC,LEECH LIFE,CONFUSE RAY,19,20,15,10,0,0,0,0,39,56,33,28,30,30,37,2525,3529,3113,2625,2625,4572,15,15,15,15,0,0,0,0,0,0,0,37,28,30,30,37,2386,72179,180852,8429,2386,4,3,0,2488,2488,0,0,109,55,30,25,1,0,2586,2055,1065,1046,281,61,219,0,0,0,0,0,25,0,18,0,0,16,0,0,0,0,0,0,0,0,0,0,0,0,0,0,0,0,41,23,0,0,0,0,0,0,12,74,9334,0,0,0,0,6,22,1,2,2,2,12,5,17,No Team Selected
2-27,14:08:16,NINTEN,Zubat,Pecking Lass,1,Cerulean City - Gym,1,20:15.06,20:15,0h20m15s,5,12,17,21,1:13,8.545,BITE,SUPERSONIC,LEECH LIFE,CONFUSE RAY,5,2496,111,31,25,331,328,246,5,2441,No Team Selected, ,Poison,Flying,9910,Zubat5,Zubat,,00:20:06.52,00:20:15.06,01:13:49.33,21,5,0,20,15,6,BITE,SUPERSONIC,LEECH LIFE,CONFUSE RAY,16,20,15,9,0,0,0,0,48,56,33,28,30,30,37,2570,3596,3173,2675,2675,4635,15,15,15,15,0,0,0,0,0,0,0,37,28,30,30,37,2386,72667,183389,9263,2386,5,3,0,2496,2496,0,0,111,56,31,25,1,0,2645,2104,1073,1054,285,61,220,0,0,0,0,0,25,0,18,0,0,17,0,0,0,0,0,0,0,0,0,0,0,0,0,0,0,0,44,25,0,0,0,0,0,0,12,75,9785,0,0,0,0,6,22,1,2,2,3,12,5,17,No Team Selected
2-27,14:09:10,NINTEN,Zubat,Rival2-Nugget Bridge,7,Cerulean City,4,21:08.23,21:08,0h21m8s,5,12,17,22,1:17,31.743,BITE,SUPERSONIC,LEECH LIFE,CONFUSE RAY,6,2597,123,32,25,344,341,254,5,2821,No Team Selected, ,Poison,Flying,11002,Zubat5,Zubat,Rival (Nugget Bridge),00:20:36.49,00:21:08.23,01:17:20.22,22,5,0,21,8,23,BITE,SUPERSONIC,LEECH LIFE,CONFUSE RAY,18,20,11,8,0,0,0,0,10,59,34,30,32,32,39,2732,3780,3343,2905,2905,4911,15,15,15,15,0,0,0,0,0,0,0,38,30,32,32,39,2386,76548,191468,9952,2386,6,3,0,2597,2597,0,0,123,57,32,25,1,0,2849,2271,1148,1129,298,61,228,0,0,0,0,0,26,0,18,0,0,19,0,0,0,0,0,0,0,0,0,0,0,0,0,0,0,0,50,27,0,0,0,0,0,0,12,79,10877,0,0,0,0,7,22,1,2,2,3,12,5,17,No Team Selected
2-27,14:09:34,NINTEN,Zubat,Bug Catcher,9,Route 24,2,21:32.42,21:32,0h21m32s,5,12,17,22,1:18,7.134,BITE,SUPERSONIC,LEECH LIFE,CONFUSE RAY,6,2670,126,33,25,347,344,255,5,3416,No Team Selected, ,Poison,Flying,11317,Zubat5,Zubat,,00:21:25.29,00:21:32.42,01:18:56.19,22,5,0,21,32,42,BITE,SUPERSONIC,LEECH LIFE,CONFUSE RAY,22,20,15,10,0,0,0,0,58,59,34,30,32,32,39,2817,3845,3408,2945,2945,5006,15,15,15,15,0,0,0,0,0,0,0,38,30,32,32,39,2386,79705,194068,9952,2386,6,3,0,2670,2670,0,0,126,58,33,25,1,0,2945,2346,1149,1130,301,61,229,0,0,0,0,0,27,0,18,0,0,19,0,0,0,0,0,0,0,0,0,0,0,0,0,0,0,0,50,27,0,0,0,0,0,0,12,81,11192,0,0,0,0,7,22,1,2,2,3,12,5,17,No Team Selected
2-27,14:09:44,NINTEN,Zubat,Lass,8,Route 24,2,21:42.61,21:42,0h21m42s,5,12,17,22,1:19,7.534,BITE,SUPERSONIC,LEECH LIFE,CONFUSE RAY,6,2672,128,34,25,351,348,257,5,3556,No Team Selected, ,Poison,Flying,11659,Zubat5,Zubat,,00:21:35.07,00:21:42.61,01:19:36.45,22,5,0,21,42,61,BITE,SUPERSONIC,LEECH LIFE,CONFUSE RAY,18,20,15,10,0,0,0,0,54,59,34,30,32,32,39,2912,3937,3500,3020,3020,5103,15,15,15,15,0,0,0,0,0,0,0,38,30,32,32,39,2386,79837,196362,9952,2386,6,3,0,2672,2672,0,0,128,59,34,25,1,0,3037,2424,1153,1134,305,62,230,0,0,0,0,0,27,0,18,0,0,19,0,0,0,0,0,0,0,0,0,0,0,0,0,0,0,0,50,27,0,0,0,0,0,0,12,83,11534,0,0,0,0,7,22,1,2,2,3,12,5,17,No Team Selected
2-27,14:09:59,NINTEN,Zubat,Youngster,4,Route 24,3,21:57.44,21:57,0h21m57s,5,12,17,23,1:20,12.083,BITE,SUPERSONIC,LEECH LIFE,CONFUSE RAY,6,2676,130,35,25,357,354,260,5,3766,No Team Selected, ,Poison,Flying,12178,Zubat5,Zubat,,00:21:45.37,00:21:57.44,01:20:35.40,23,5,0,21,57,44,BITE,SUPERSONIC,LEECH LIFE,CONFUSE RAY,12,20,15,10,0,0,0,0,51,61,36,31,33,33,41,3017,4098,3614,3125,3125,5285,15,15,15,15,0,0,0,0,0,0,0,40,31,33,33,41,2386,80017,199717,9952,2386,6,3,0,2676,2676,0,0,130,60,35,25,1,0,3198,2531,1158,1139,311,63,232,0,0,0,0,0,28,0,18,0,1,19,0,0,0,0,0,0,0,0,0,0,0,0,1,0,0,0,50,27,0,0,0,0,0,0,12,86,12053,0,0,0,0,7,22,1,2,2,3,12,5,17,No Team Selected
2-27,14:10:11,NINTEN,Zubat,Lass,7,Route 24,2,22:09.36,22:09,0h22m9s,5,12,17,23,1:21,7.394,BITE,SUPERSONIC,LEECH LIFE,CONFUSE RAY,6,2680,131,36,25,361,358,261,5,3976,No Team Selected, ,Poison,Flying,12566,Zubat5,Zubat,,00:22:01.97,00:22:09.36,01:21:22.57,23,5,0,22,9,36,BITE,SUPERSONIC,LEECH LIFE,CONFUSE RAY,8,20,15,10,0,0,0,0,46,61,36,31,33,33,41,3112,4190,3706,3200,3200,5382,15,15,15,15,0,0,0,0,0,0,0,40,31,33,33,41,2386,80198,202373,9952,2386,6,3,0,2680,2680,0,0,131,61,36,25,1,0,3306,2618,1163,1144,315,63,233,0,0,0,0,0,29,0,18,0,1,19,0,0,0,0,0,0,0,0,0,0,0,0,1,0,0,0,50,27,0,0,0,0,0,0,12,88,12441,0,0,0,0,7,22,1,2,2,3,12,5,17,No Team Selected
2-27,14:10:18,NINTEN,Zubat,Jr Trainer M,3,Route 24,1,22:16.45,22:16,0h22m16s,5,12,17,23,1:21,4.319,BITE,SUPERSONIC,LEECH LIFE,CONFUSE RAY,6,2684,139,37,25,363,360,261,5,4216,No Team Selected, ,Poison,Flying,12851,Zubat5,Zubat,,00:22:12.13,00:22:16.45,01:21:51.02,23,5,0,22,16,45,BITE,SUPERSONIC,LEECH LIFE,CONFUSE RAY,6,20,15,10,0,0,0,0,46,61,36,31,33,33,41,3152,4270,3741,3235,3235,5452,15,15,15,15,0,0,0,0,0,0,0,40,31,33,33,41,2386,80383,203873,9952,2386,6,3,0,2684,2684,0,0,139,62,37,25,1,0,3357,2663,1163,1144,317,63,233,0,0,0,0,0,29,0,18,0,1,19,0,0,0,0,0,0,0,0,0,0,0,0,1,0,0,0,50,27,0,0,0,0,0,0,12,89,12726,0,0,0,0,7,22,1,2,2,3,12,5,17,No Team Selected
2-27,14:10:31,NINTEN,Zubat,Rocket,6,Route 24,2,22:29.72,22:29,0h22m29s,5,12,17,23,1:22,7.17,BITE,SUPERSONIC,LEECH LIFE,CONFUSE RAY,6,2690,139,38,25,366,363,262,6,4576,No Team Selected, ,Poison,Flying,13221,Zubat5,Zubat,,00:22:22.55,00:22:29.72,01:22:43.42,23,5,0,22,29,72,BITE,SUPERSONIC,LEECH LIFE,CONFUSE RAY,3,20,15,10,0,0,0,0,45,61,36,31,33,33,41,3227,4375,3820,3315,3315,5562,15,15,15,15,0,0,0,0,0,0,0,40,31,33,33,41,2386,81335,206081,9952,2386,6,3,0,2690,2690,0,0,139,63,38,25,1,0,3452,2739,1164,1145,320,63,234,0,0,0,0,0,30,0,18,0,1,19,0,0,0,0,0,0,0,0,0,0,0,0,1,0,0,0,50,27,0,0,0,0,0,0,12,91,13096,0,0,0,0,7,22,1,2,2,3,12,5,17,No Team Selected
2-27,14:11:22,NINTEN,Zubat,Hiker,2,Route 25,2,23:20.28,23:20,0h23m20s,5,12,17,23,1:26,30.657,BITE,SUPERSONIC,LEECH LIFE,CONFUSE RAY,6,2856,155,39,25,382,379,273,6,5026,No Team Selected, ,Poison,Flying,13779,Zubat5,Zubat,,00:22:49.62,00:23:20.28,01:26:04.40,23,5,0,23,20,28,BITE,SUPERSONIC,LEECH LIFE,CONFUSE RAY,21,20,7,6,0,0,0,0,7,61,36,31,33,33,41,3337,4535,3970,3380,3380,5617,15,15,15,15,0,0,0,0,0,0,0,40,31,33,33,41,2386,85582,213892,9952,2386,6,3,0,2856,2856,0,0,155,64,39,25,1,0,3563,2826,1227,1208,336,63,243,0,0,0,0,0,30,0,19,0,1,23,0,0,0,0,0,0,0,0,0,0,0,0,1,0,0,0,57,30,0,0,0,0,0,0,12,93,13654,0,0,0,0,7,22,1,2,2,3,12,5,17,No Team Selected
2-27,14:11:49,NINTEN,Zubat,Lass,9,Route 25,2,23:47.57,23:47,0h23m47s,5,12,17,24,1:27,15.619,BITE,SUPERSONIC,LEECH LIFE,CONFUSE RAY,6,2876,158,40,25,388,385,277,6,5551,No Team Selected, ,Poison,Flying,14160,Zubat5,Zubat,,00:23:31.95,00:23:47.57,01:27:52.57,24,5,0,23,47,57,BITE,SUPERSONIC,LEECH LIFE,CONFUSE RAY,19,20,3,6,0,0,0,0,59,63,37,32,34,34,43,3438,4639,4062,3460,3460,5708,15,15,15,15,0,0,0,0,0,0,0,41,32,34,34,43,2386,86986,218103,10834,2386,6,3,0,2876,2876,0,0,158,65,40,25,1,0,3686,2910,1242,1223,342,63,247,0,0,0,0,0,30,0,19,0,1,23,0,0,0,0,0,0,0,0,0,0,0,0,1,0,0,0,57,30,0,0,0,0,0,0,12,95,14035,0,0,0,0,8,22,1,2,2,3,12,5,17,No Team Selected
2-27,14:12:03,NINTEN,Zubat,Jr Trainer M,2,Route 25,2,24:01.83,24:01,0h24m1s,5,12,17,24,1:28,8.252,BITE,SUPERSONIC,LEECH LIFE,CONFUSE RAY,6,2888,161,41,25,392,389,279,6,5776,No Team Selected, ,Poison,Flying,14517,Zubat5,Zubat,,00:23:53.58,00:24:01.83,01:28:49.34,24,5,0,24,1,83,BITE,SUPERSONIC,LEECH LIFE,CONFUSE RAY,15,20,3,6,0,0,0,0,57,63,37,32,34,34,43,3503,4755,4141,3525,3525,5835,15,15,15,15,0,-1,0,0,0,0,0,46,21,34,34,43,2386,87542,220944,10834,2386,6,3,0,2888,2888,0,0,161,66,41,25,1,0,3808,2980,1244,1225,346,63,249,0,0,0,0,0,30,0,19,0,1,23,0,0,0,0,0,0,0,0,0,0,0,0,1,0,0,0,57,30,0,0,0,0,0,0,12,97,14392,0,0,0,0,8,22,1,2,2,3,12,5,17,No Team Selected
2-27,14:12:21,NINTEN,Zubat,Oddish Lass,10,Route 25,3,24:19.47,24:19,0h24m19s,5,12,17,24,1:29,13.113,BITE,SUPERSONIC,LEECH LIFE,CONFUSE RAY,6,2907,162,42,25,397,394,281,6,6056,No Team Selected, ,Poison,Flying,15102,Zubat5,Zubat,Oddish Lass,00:24:06.36,00:24:19.47,01:29:59.40,24,5,0,24,19,47,BITE,SUPERSONIC,LEECH LIFE,CONFUSE RAY,12,20,1,6,0,0,0,0,63,63,37,32,34,34,43,3633,4900,4291,3710,3710,5951,15,15,15,15,0,0,0,0,0,0,0,41,32,34,34,43,2386,88128,224564,10834,2386,6,3,0,2907,2907,0,0,162,67,42,25,1,0,3966,3088,1251,1232,351,63,251,0,0,0,0,0,30,0,19,0,1,23,0,0,0,0,0,0,0,0,0,0,0,0,1,0,0,0,57,30,0,0,0,0,0,0,12,100,14977,0,0,0,0,8,22,1,2,2,3,12,5,17,No Team Selected
2-27,14:14:08,NINTEN,Zubat,Cerulean Rocket,5,Cerulean City,2,26:06.81,26:06,0h26m6s,7,13,20,25,1:34,11.029,BITE,SUPERSONIC,LEECH LIFE,CONFUSE RAY,7,3039,170,44,25,412,404,291,7,3125,No Team Selected, ,Poison,Flying,16110,Zubat5,Zubat,Rocket,00:25:55.78,00:26:06.81,01:34:43.19,25,7,0,26,6,81,BITE,SUPERSONIC,LEECH LIFE,CONFUSE RAY,21,20,15,9,0,0,0,0,57,66,39,34,36,36,44,3833,5108,4436,3870,3870,6063,15,15,15,15,0,0,0,0,0,0,0,43,34,36,36,44,2537,95374,233494,11531,2537,7,4,0,3039,3039,0,0,170,69,44,25,1,0,4190,3263,1421,1355,361,63,261,0,0,0,0,0,32,0,21,0,1,24,0,0,0,0,0,0,0,0,0,0,0,0,1,0,0,0,59,32,0,0,2,0,0,0,15,103,15985,0,0,0,0,9,22,1,2,2,3,13,5,20,No Team Selected
2-27,14:14:40,NINTEN,Zubat,Sandy,3,Route 6,3,26:38.18,26:38,0h26m38s,7,13,20,25,1:36,11.027,BITE,SUPERSONIC,LEECH LIFE,CONFUSE RAY,8,3183,172,45,25,417,409,294,9,3635,No Team Selected, ,Poison,Flying,16671,Zubat5,Zubat,,00:26:27.15,00:26:38.18,01:36:47.46,25,7,0,26,38,18,BITE,SUPERSONIC,LEECH LIFE,CONFUSE RAY,16,20,15,9,0,0,0,0,29,66,39,34,36,36,44,3953,5243,4556,3975,3975,6231,15,15,15,15,0,0,0,0,0,0,0,43,34,36,36,44,2537,98818,237024,12024,2537,8,4,0,3183,3183,0,0,172,70,45,25,1,0,4355,3386,1449,1383,366,63,264,0,0,0,0,0,33,0,22,0,1,24,0,0,0,0,0,0,0,0,0,0,0,0,1,0,0,0,59,32,0,0,2,0,0,0,15,106,16546,0,0,0,0,10,22,1,2,2,3,13,5,20,No Team Selected
2-27,14:15:30,NINTEN,Zubat,Jr Trainer M,5,Route 6,2,27:28.31,27:28,0h27m28s,9,13,22,25,1:37,9.609,BITE,SUPERSONIC,LEECH LIFE,CONFUSE RAY,9,3186,172,46,25,422,414,295,9,3955,No Team Selected, ,Poison,Flying,17266,Zubat5,Zubat,,00:27:18.70,00:27:28.31,01:37:59.27,25,9,0,27,28,31,BITE,SUPERSONIC,LEECH LIFE,CONFUSE RAY,12,20,15,8,0,0,0,0,29,66,39,34,36,36,44,4048,5384,4646,4056,4056,6398,15,15,15,15,0,-1,0,0,0,0,0,48,22,36,36,44,2685,99386,239811,12827,2685,9,5,0,3186,3186,0,0,172,71,46,25,1,0,4491,3473,1449,1383,371,63,265,0,0,0,0,0,33,0,22,0,1,25,0,0,0,0,0,0,0,0,0,0,0,0,1,0,0,0,60,33,0,0,2,0,0,0,15,108,17141,0,0,0,0,10,22,1,2,2,3,13,5,22,No Team Selected
2-27,14:16:11,NINTEN,Zubat,Sailor,5,SS Anne,2,28:09.17,28:09,0h28m9s,9,13,22,26,1:40,8.783,BITE,SUPERSONIC,LEECH LIFE,CONFUSE RAY,10,3320,189,47,25,426,418,297,11,525,No Team Selected, ,Poison,Flying,18079,Zubat5,Zubat,,00:28:00.39,00:28:09.17,01:40:41.12,26,9,0,28,9,17,BITE,SUPERSONIC,LEECH LIFE,CONFUSE RAY,8,20,15,8,0,0,0,0,26,68,40,35,37,37,46,4118,5469,4736,4226,4226,6553,15,15,15,15,0,0,0,0,0,0,0,45,35,37,37,46,2685,106098,242310,13321,2685,10,5,0,3320,3320,0,0,189,72,47,25,1,0,4593,3559,1454,1388,375,64,266,0,0,0,0,0,33,0,22,0,1,25,0,0,0,0,0,0,0,0,0,0,0,0,1,0,0,0,60,33,0,0,2,0,0,0,15,110,17954,0,0,0,0,12,36,2,2,2,3,13,5,22,No Team Selected
2-27,14:16:41,NINTEN,Zubat,Gentleman,5,SS Anne,2,28:39.74,28:39,0h28m39s,9,13,22,26,1:42,9.368,BITE,SUPERSONIC,LEECH LIFE,CONFUSE RAY,11,3425,198,48,25,430,422,299,11,1065,No Team Selected, ,Poison,Flying,18963,Zubat5,Zubat,,00:28:30.37,00:28:39.74,01:42:42.12,26,9,0,28,39,74,BITE,SUPERSONIC,LEECH LIFE,CONFUSE RAY,4,20,15,8,0,0,0,0,50,68,40,35,37,37,46,4223,5624,4836,4341,4341,6703,15,15,15,15,0,0,0,0,0,0,0,45,35,37,37,46,2685,109101,245343,14545,2685,11,5,0,3425,3425,0,0,198,73,48,25,1,0,4729,3653,1472,1406,379,64,268,0,0,0,0,0,35,0,22,0,1,25,0,0,0,0,0,0,0,0,0,0,0,0,1,0,0,0,60,33,0,0,2,0,0,0,15,112,18838,0,0,0,0,13,36,2,2,2,3,13,5,22,No Team Selected
2-27,14:17:19,NINTEN,Zubat,Rival3-SS Anne,1,SS Anne,4,29:17.73,29:17,0h29m17s,9,13,22,27,1:45,22.634,BITE,SUPERSONIC,LEECH LIFE,CONFUSE RAY,12,3453,202,49,25,441,433,303,11,2255,No Team Selected, ,Poison,Flying,20989,Zubat5,Zubat,Rival (SS Anne),00:28:55.10,00:29:17.73,01:45:13.11,27,9,0,29,17,73,BITE,SUPERSONIC,LEECH LIFE,CONFUSE RAY,5,20,15,6,0,0,0,0,42,71,42,36,39,39,48,4440,5863,5061,4626,4626,7034,15,15,15,15,0,0,0,0,0,0,0,47,36,39,39,48,2685,110506,251147,16395,2685,12,5,0,3453,3453,0,0,202,74,49,25,1,0,4997,3855,1501,1435,390,65,271,0,0,0,0,0,37,0,22,0,1,27,0,0,0,0,0,0,0,0,0,0,0,0,1,0,0,0,64,35,0,0,2,0,0,0,15,116,20864,0,0,0,0,14,36,2,2,2,3,13,5,22,No Team Selected
2-27,14:18:05,NINTEN,Zubat,Fisher,1,SS Anne,3,30:03.50,30:03,0h30m3s,9,13,22,28,1:48,24.281,BITE,WING ATTACK,LEECH LIFE,CONFUSE RAY,12,3519,205,50,25,453,441,308,12,3555,No Team Selected, ,Poison,Flying,22177,Zubat5,Zubat,,00:29:39.22,00:30:03.50,01:48:14.47,28,9,0,30,3,50,BITE,WING ATTACK,LEECH LIFE,CONFUSE RAY,0,35,12,6,0,0,0,0,50,73,43,38,40,40,50,4570,6037,5216,4826,4826,7230,15,15,15,15,0,0,0,0,0,0,0,48,38,40,40,50,2685,113848,257795,17301,2685,12,5,0,3519,3519,0,0,205,75,50,25,1,0,5161,3988,1534,1468,398,66,275,0,0,0,0,0,37,0,24,0,1,27,0,0,0,0,0,0,0,0,0,0,0,0,1,0,0,0,64,35,0,0,2,0,0,0,15,119,22052,0,0,0,0,14,36,2,2,2,3,13,5,22,No Team Selected
2-27,14:19:28,NINTEN,Zubat,Misty,1,Cerulean City - Gym,2,31:26.61,31:26,0h31m26s,10,13,23,28,1:52,12.69,BITE,WING ATTACK,LEECH LIFE,CONFUSE RAY,13,3686,217,51,25,459,447,311,12,4150,No Team Selected, ,Poison,Flying,23516,Zubat5,Zubat,Misty,00:31:13.92,00:31:26.61,01:52:19.18,28,10,0,31,26,61,BITE,WING ATTACK,LEECH LIFE,CONFUSE RAY,20,35,15,9,0,0,0,0,17,73,43,38,40,40,50,4660,6157,5356,4996,4996,7430,15,15,15,15,0,0,0,0,0,0,0,48,38,40,40,50,2834,121512,261698,20260,2834,13,6,0,3686,3686,0,0,217,76,51,25,1,0,5274,4088,1590,1524,404,66,278,0,0,0,0,0,37,0,25,0,1,28,0,0,0,0,0,0,0,0,0,0,0,0,1,0,0,0,67,36,0,0,2,0,0,0,15,121,23391,0,0,0,0,14,36,2,2,2,6,13,5,23,No Team Selected
2-27,14:20:08,NINTEN,Zubat,Wrapping Lass,5,Route 9,4,32:06.49,32:06,0h32m6s,10,13,23,29,1:54,12.305,BITE,WING ATTACK,LEECH LIFE,CONFUSE RAY,13,3814,227,52,25,463,451,311,13,6229,No Team Selected, ,Poison,Flying,24764,Zubat5,Zubat,RTG1 - Wrapping Lass,00:31:54.18,00:32:06.49,01:54:57.13,29,10,0,32,6,49,BITE,WING ATTACK,LEECH LIFE,CONFUSE RAY,25,31,15,10,0,0,0,0,75,75,45,39,42,42,51,4850,6407,5536,5286,5286,7570,15,15,15,15,0,0,0,0,0,0,0,50,39,42,42,51,2834,125866,265255,21825,2834,13,6,0,3814,3761,53,0,227,77,52,25,1,0,5548,4278,1590,1524,408,66,278,0,0,0,0,0,38,0,25,0,1,28,0,0,0,0,0,0,0,0,0,0,0,0,1,0,0,0,67,36,0,0,2,0,0,0,15,125,24639,0,0,0,0,14,36,2,2,2,6,13,5,23,No Team Selected
2-27,14:20:25,NINTEN,Zubat,Bug Catcher,14,Route 9,3,32:23.60,32:23,0h32m23s,10,13,23,29,1:56,10.607,BITE,WING ATTACK,LEECH LIFE,CONFUSE RAY,13,3854,229,53,25,467,455,312,13,6589,No Team Selected, ,Poison,Flying,25533,Zubat5,Zubat,,00:32:12.99,00:32:23.60,01:56:05.12,29,10,0,32,23,60,BITE,WING ATTACK,LEECH LIFE,CONFUSE RAY,25,27,15,10,0,0,0,0,75,75,45,39,42,42,51,4995,6527,5651,5366,5366,7710,15,15,15,15,0,0,0,0,0,0,0,50,39,42,42,51,2834,126522,268677,21825,2834,13,6,0,3854,3761,93,0,229,78,53,25,1,0,5802,4435,1590,1524,412,67,278,0,0,0,0,0,39,0,25,0,1,28,0,0,0,0,0,0,0,0,0,0,0,0,1,0,0,0,67,36,0,0,2,0,0,0,15,128,25408,0,0,0,0,14,36,2,2,2,6,13,5,23,No Team Selected
2-27,14:21:07,NINTEN,Zubat,Slowbone,7,Rock Tunnel - 1,2,33:05.60,33:05,0h33m5s,10,13,23,29,1:58,21.877,BITE,WING ATTACK,LEECH LIFE,CONFUSE RAY,14,3974,243,54,26,478,466,317,13,6789,No Team Selected, ,Poison,Flying,26447,Zubat5,Zubat,,00:32:43.72,00:33:05.60,01:58:51.53,29,10,0,33,5,60,BITE,WING ATTACK,LEECH LIFE,CONFUSE RAY,16,35,15,8,0,0,0,0,8,75,45,39,42,42,51,5135,6642,5811,5446,5446,7760,15,15,15,15,-1,0,0,0,0,0,0,32,39,42,42,51,2834,129215,274978,22832,2834,14,6,0,3974,3770,204,0,243,80,54,26,2,0,5956,4572,1657,1591,423,68,282,0,0,0,0,0,39,0,25,0,1,30,0,0,0,0,0,0,0,0,0,0,0,0,1,0,0,0,74,40,0,0,2,0,0,0,15,130,26322,0,0,0,0,14,36,2,2,2,6,13,5,23,No Team Selected
2-27,14:21:47,NINTEN,Zubat,Pokemaniac,5,Rock Tunnel,1,33:45.26,33:45,0h33m45s,10,13,23,30,2:01,12.295,BITE,WING ATTACK,LEECH LIFE,CONFUSE RAY,15,4011,245,55,29,484,472,319,13,7939,No Team Selected, ,Poison,Flying,27189,Zubat5,Zubat,,00:33:32.96,00:33:45.26,02:01:29.00,30,10,0,33,45,26,BITE,WING ATTACK,LEECH LIFE,CONFUSE RAY,13,33,15,7,0,0,0,0,50,78,47,40,43,43,53,5295,6787,5926,5521,5521,7810,15,15,15,15,0,0,0,0,0,0,0,52,40,43,43,53,2834,130566,280987,24899,2834,15,6,0,4011,3770,241,0,245,84,55,29,4,0,6148,4710,1698,1632,429,68,284,0,0,0,0,0,39,0,26,0,1,31,0,0,0,0,0,0,0,0,0,0,0,0,1,0,0,0,78,43,0,0,2,0,0,0,15,132,27064,0,0,0,0,14,36,2,2,2,6,13,5,23,No Team Selected
2-27,14:22:19,NINTEN,Zubat,Status-Condition-Jr-Trainer,10,Rock Tunnel,2,34:17.21,34:17,0h34m17s,10,13,23,30,2:03,16.608,BITE,WING ATTACK,LEECH LIFE,CONFUSE RAY,15,4024,246,56,30,493,476,326,13,9189,No Team Selected, ,Poison,Flying,27857,Zubat5,Zubat,RTG4 - Status Jr Trainer,00:34:00.59,00:34:17.21,02:03:35.53,30,10,0,34,17,21,BITE,WING ATTACK,LEECH LIFE,CONFUSE RAY,13,29,15,7,0,0,0,0,73,78,47,40,43,43,53,5385,6886,6030,5661,5661,7885,15,15,15,15,0,0,0,0,0,0,0,52,40,43,43,53,2834,131109,286398,26558,2834,15,6,0,4024,3770,254,0,246,86,56,30,5,0,6335,4825,1703,1637,433,68,291,0,0,0,0,0,39,0,26,0,1,31,0,0,0,0,0,0,0,0,0,0,0,0,1,0,0,0,78,43,0,0,6,0,0,0,15,134,27732,0,0,0,0,14,36,2,2,2,6,13,5,23,No Team Selected
2-27,14:23:39,NINTEN,Zubat,Selfdestructing Hiker,9,Rock Tunnel,3,35:37.27,35:37,0h35m37s,11,13,24,30,2:06,23.721,BITE,WING ATTACK,REST,CONFUSE RAY,16,4137,258,57,30,502,483,331,12,9629,No Team Selected, ,Poison,Flying,29234,Zubat5,Zubat,,00:35:13.55,00:35:37.27,02:06:55.38,30,11,0,35,37,27,BITE,WING ATTACK,REST,CONFUSE RAY,9,29,9,5,0,0,0,0,6,78,47,40,43,43,53,5520,7141,6345,5766,5766,7960,15,15,15,15,0,0,0,0,0,0,0,52,40,43,43,53,2984,133641,292455,29809,2984,16,7,0,4137,3770,367,0,258,87,57,30,5,0,6393,4881,1822,1756,439,68,294,0,0,0,0,0,40,0,26,0,1,33,0,0,0,0,0,0,0,0,0,0,0,0,1,0,0,0,83,46,0,0,7,0,0,0,15,137,29109,0,0,0,0,14,36,2,2,2,7,13,5,24,No Team Selected
2-27,14:24:06,NINTEN,Zubat,Finisher,18,Rock Tunnel - 1,3,36:04.73,36:04,0h36m4s,11,13,24,31,2:08,11.957,BITE,WING ATTACK,REST,CONFUSE RAY,16,4191,270,58,31,507,488,333,11,10364,No Team Selected, ,Poison,Flying,30097,Zubat5,Zubat,RTG6 - Finisher,00:35:52.77,00:36:04.73,02:08:44.30,31,11,0,36,4,73,BITE,WING ATTACK,REST,CONFUSE RAY,6,27,9,5,0,0,0,0,80,80,48,42,44,44,55,5645,7281,6475,5916,5916,8136,15,15,15,15,0,0,0,0,0,0,0,54,42,44,44,55,2984,135072,296328,31037,2984,16,7,0,4191,3770,421,0,270,89,58,31,6,0,6658,5030,1822,1756,444,68,294,0,0,0,0,0,42,0,26,0,1,33,0,0,0,0,0,0,0,0,0,0,0,0,1,0,0,0,83,46,0,0,7,0,0,0,15,140,29972,0,0,0,0,14,36,2,2,2,7,13,5,24,No Team Selected
2-27,14:24:36,NINTEN,Zubat,Gambler,7,Route 8,2,36:34.91,36:34,0h36m34s,11,13,24,31,2:10,9.129,BITE,WING ATTACK,REST,CONFUSE RAY,16,4385,292,59,31,511,492,336,13,10764,No Team Selected, ,Poison,Flying,30889,Zubat5,Zubat,,00:36:25.79,00:36:34.91,02:10:43.58,31,11,0,36,34,91,BITE,WING ATTACK,REST,CONFUSE RAY,2,27,9,5,0,0,0,0,58,80,48,42,44,44,55,5738,7392,6560,6031,6031,8261,15,15,15,15,0,0,0,0,0,0,0,54,42,44,44,55,2984,138986,299373,31246,2984,16,7,0,4385,3804,581,0,292,90,59,31,6,0,6798,5150,1844,1778,448,68,297,0,0,0,0,0,43,0,26,0,1,33,0,0,0,0,0,0,0,0,0,0,0,0,1,0,0,0,83,46,0,0,7,0,0,0,15,142,30764,0,0,0,0,15,36,2,2,2,7,13,5,24,No Team Selected
2-27,14:25:00,NINTEN,Zubat,Super Nerd,4,Route 8,3,36:58.32,36:58,0h36m58s,11,13,24,31,2:12,20.033,BITE,WING ATTACK,REST,CONFUSE RAY,16,4396,293,60,31,522,503,344,13,12444,No Team Selected, ,Poison,Flying,32474,Zubat5,Zubat,,00:36:38.29,00:36:58.32,02:12:17.00,31,11,0,36,58,32,BITE,WING ATTACK,REST,CONFUSE RAY,2,16,9,5,0,0,0,0,12,80,48,42,44,44,55,6003,7657,6735,6176,6176,8361,15,15,15,15,0,0,0,0,0,0,0,54,42,44,44,55,2984,139287,304654,31246,2984,16,7,0,4396,3804,592,0,293,91,60,31,6,0,7043,5371,1890,1824,459,69,304,0,0,0,0,0,43,0,26,0,1,33,0,0,0,0,0,0,0,0,0,0,0,0,1,0,0,0,83,46,0,0,7,0,0,0,15,145,32349,0,0,0,0,15,36,2,2,2,7,13,5,24,No Team Selected
2-27,14:25:51,NINTEN,Zubat,Rocket,7,Celadon City - Game Corner,2,37:49.53,37:49,0h37m49s,11,13,24,32,2:15,10.943,BITE,WING ATTACK,REST,CONFUSE RAY,16,4637,304,61,31,527,507,347,12,12994,No Team Selected, ,Poison,Flying,33201,Zubat5,Zubat,,00:37:38.58,00:37:49.53,02:15:39.57,32,11,0,37,49,53,BITE,WING ATTACK,REST,CONFUSE RAY,21,35,10,10,0,0,0,0,47,83,50,43,46,46,57,6098,7783,6830,6266,6266,8513,15,15,15,15,0,-1,0,0,0,0,0,56,28,46,46,57,2984,148081,307754,31529,2984,16,7,0,4637,4000,637,0,304,92,61,31,6,0,7212,5475,1926,1860,463,69,307,0,0,0,0,0,44,0,26,0,2,33,0,0,0,0,0,0,0,0,0,0,0,0,3,1,0,0,83,46,0,0,7,0,0,0,15,147,33076,0,0,0,0,18,36,2,2,2,7,13,5,24,No Team Selected
2-27,14:26:33,NINTEN,Zubat,Rocket,15,Rocket Hideout 3,2,38:31.27,38:31,0h38m31s,11,13,24,32,2:18,10.55,BITE,WING ATTACK,REST,CONFUSE RAY,16,4797,312,62,31,532,512,350,13,13594,No Team Selected, ,Poison,Flying,33993,Zubat5,Zubat,,00:38:20.72,00:38:31.27,02:18:25.44,32,11,0,38,31,27,BITE,WING ATTACK,REST,CONFUSE RAY,17,34,10,10,0,0,0,0,61,83,50,43,46,46,57,6238,7943,6930,6336,6336,8583,15,15,15,15,0,0,0,0,0,0,0,56,43,46,46,57,2984,153846,311140,32325,2984,16,7,0,4797,4160,637,0,312,93,62,31,6,0,7388,5601,1948,1882,468,69,310,0,0,0,0,0,44,0,27,0,2,33,0,0,0,0,0,0,0,0,0,0,0,0,3,1,0,0,83,46,0,0,7,0,0,0,15,149,33868,0,0,0,0,21,36,2,2,2,7,13,5,24,No Team Selected
2-27,14:28:46,NINTEN,Zubat,Lass,17,Celadon City - Gym,2,40:44.46,40:44,0h40m44s,11,13,24,32,2:27,10.452,BITE,WING ATTACK,REST,CONFUSE RAY,17,5424,370,63,31,537,515,351,15,524,No Team Selected, ,Poison,Flying,35151,Zubat5,Zubat,,00:40:34.01,00:40:44.46,02:27:13.10,32,11,0,40,44,46,BITE,WING ATTACK,REST,CONFUSE RAY,25,32,10,10,0,0,0,0,71,83,53,43,46,46,57,6353,15788,7015,6491,6491,8678,15,15,15,15,0,0,0,0,0,0,0,59,43,46,46,57,2984,176407,314111,38439,2984,17,7,0,5424,4787,637,0,370,94,63,31,6,0,7607,5726,1960,1894,471,69,311,0,0,0,0,0,45,0,27,0,2,33,0,0,0,0,0,0,0,0,0,0,0,0,3,1,0,0,83,46,0,0,7,0,0,0,15,151,35026,0,0,0,0,26,52,9,2,2,8,13,5,24,No Team Selected
2-27,14:29:04,NINTEN,Zubat,Beauty,1,Celadon City - Gym,4,41:02.95,41:02,0h41m2s,11,13,24,33,2:28,12.488,BITE,WING ATTACK,REST,CONFUSE RAY,18,5432,372,64,31,541,519,351,15,869,No Team Selected, ,Poison,Flying,36609,Zubat5,Zubat,,00:40:50.45,00:41:02.95,02:28:26.39,33,11,0,41,2,95,BITE,WING ATTACK,REST,CONFUSE RAY,25,28,10,10,0,0,0,0,73,85,54,44,47,47,58,6543,16038,7195,6781,6781,8818,15,15,15,15,0,0,0,0,0,0,0,60,44,47,47,58,2984,176858,317580,38928,2984,18,7,0,5432,4795,637,0,372,95,64,31,6,0,7866,5942,1960,1894,475,69,311,0,0,0,0,0,45,0,27,0,2,33,0,0,0,0,0,0,0,0,0,0,0,0,3,1,0,0,83,46,0,0,7,0,0,0,15,155,36484,0,0,0,0,26,52,9,2,2,8,13,5,24,No Team Selected
2-27,14:29:21,NINTEN,Zubat,Jr Trainer F,11,Celadon City - Gym,2,41:19.37,41:19,0h41m19s,11,13,24,33,2:29,11.648,BITE,WING ATTACK,REST,CONFUSE RAY,18,5439,373,65,31,546,524,354,15,2339,No Team Selected, ,Poison,Flying,37661,Zubat5,Zubat,,00:41:07.71,00:41:19.37,02:29:31.54,33,11,0,41,19,37,BITE,WING ATTACK,REST,CONFUSE RAY,25,23,10,10,0,0,0,0,73,85,54,44,47,47,58,6648,16149,7307,6926,6926,8923,15,15,15,15,-1,0,0,0,0,0,0,39,44,47,47,58,2984,177125,321228,38928,2984,18,7,0,5439,4802,637,0,373,96,65,31,6,0,8057,6067,1960,1894,480,69,312,0,0,0,0,0,45,0,27,0,2,33,0,0,0,0,0,0,0,0,0,0,0,0,3,1,0,0,83,46,0,0,7,0,0,0,15,157,37536,0,0,0,0,26,52,9,2,2,8,13,5,24,No Team Selected
2-27,14:29:42,NINTEN,Zubat,Lass,18,Celadon City - Gym,2,41:40.25,41:40,0h41m40s,11,13,24,33,2:30,13.644,BITE,WING ATTACK,REST,CONFUSE RAY,19,5441,382,66,31,553,527,359,15,2819,No Team Selected, ,Poison,Flying,38694,Zubat5,Zubat,,00:41:26.61,00:41:40.25,02:30:54.55,33,11,0,41,40,25,BITE,WING ATTACK,REST,CONFUSE RAY,25,20,10,10,0,0,0,0,69,85,54,44,47,47,58,6753,16264,7432,7086,7086,8993,15,15,15,15,0,0,0,0,0,0,0,60,44,47,47,58,2984,177585,324977,39700,2984,19,7,0,5441,4804,637,0,382,97,66,31,6,0,8210,6192,1964,1898,483,69,317,0,0,0,0,0,45,0,27,0,2,33,0,0,0,0,0,0,0,0,0,0,0,0,3,1,0,0,83,46,0,0,10,0,0,0,15,159,38569,0,0,0,0,26,52,9,2,2,8,13,5,24,No Team Selected
2-27,14:30:03,NINTEN,Zubat,Cooltrainer F,1,Celadon City - Gym,3,42:01.64,42:01,0h42m1s,11,13,24,34,2:32,16.083,BITE,WING ATTACK,REST,CONFUSE RAY,20,5442,382,67,31,559,533,361,15,3164,No Team Selected, ,Poison,Flying,40871,Zubat5,Zubat,,00:41:45.56,00:42:01.64,02:32:19.59,34,11,0,42,1,64,BITE,WING ATTACK,REST,CONFUSE RAY,25,14,10,10,0,0,0,0,71,88,56,46,49,49,60,6938,16481,7615,7336,7336,9148,15,15,15,15,-1,0,0,0,0,0,0,40,46,49,49,60,2984,177898,329289,40179,2984,20,7,0,5442,4805,637,0,382,98,67,31,6,0,8587,6394,1965,1899,489,69,319,0,0,0,0,0,47,0,27,0,2,33,0,0,0,0,0,0,0,0,0,0,0,0,3,1,0,0,83,46,0,0,10,0,0,0,15,162,40746,0,0,0,0,26,52,9,2,2,8,13,5,24,No Team Selected
2-27,14:30:15,NINTEN,Zubat,Beauty,3,Celadon City - Gym,1,42:13.93,42:13,0h42m13s,11,13,24,34,2:33,5.811,BITE,WING ATTACK,REST,CONFUSE RAY,20,5445,383,68,31,561,535,362,15,4004,No Team Selected, ,Poison,Flying,41417,Zubat5,Zubat,,00:42:08.12,00:42:13.93,02:33:08.45,34,11,0,42,13,93,BITE,WING ATTACK,REST,CONFUSE RAY,25,12,10,10,0,0,0,0,71,88,56,46,49,49,60,6998,16521,7695,7396,7396,9188,15,15,15,15,0,0,0,0,0,0,0,63,46,49,49,60,2984,178379,331553,40361,2984,20,7,0,5445,4808,637,0,383,99,68,31,6,0,8662,6465,1965,1899,491,69,319,0,0,0,0,0,47,0,27,0,2,33,0,0,0,0,0,0,0,0,0,0,0,0,3,1,0,0,83,46,0,0,10,0,0,0,15,163,41292,0,0,0,0,26,52,9,2,2,8,13,5,24,No Team Selected
2-27,14:30:50,NINTEN,Zubat,Erika,1,Celadon City - Gym,3,42:48.28,42:48,0h42m48s,11,13,24,35,2:35,23.164,BITE,WING ATTACK,REST,CONFUSE RAY,21,5446,385,69,31,570,544,364,14,5824,No Team Selected, ,Poison,Flying,44599,Zubat5,Zubat,Erika,00:42:25.12,00:42:48.28,02:35:25.22,35,11,0,42,48,28,BITE,WING ATTACK,REST,CONFUSE RAY,25,4,10,9,0,0,0,0,65,90,58,47,51,51,62,7218,16761,7960,7696,7696,9368,15,15,15,15,0,0,0,0,-1,0,0,65,47,51,51,40,2984,179098,337562,41829,2984,21,7,0,5446,4809,637,0,385,100,69,31,6,0,8989,6761,1990,1924,499,70,323,0,0,0,0,0,48,0,27,0,2,34,0,0,0,0,0,0,0,0,0,0,0,0,3,1,0,0,85,48,0,0,10,0,0,0,15,166,44474,0,0,0,0,26,52,9,2,2,8,13,5,24,No Team Selected
2-27,14:32:11,NINTEN,Zubat,Surge,1,Vermilion City - Gym,3,44:09.81,44:09,0h44m9s,12,13,25,35,2:39,11.055,BITE,WING ATTACK,REST,CONFUSE RAY,22,5723,421,70,31,575,549,366,14,8695,No Team Selected, ,Poison,Flying,46004,Zubat5,Zubat,Lt. Surge,00:43:58.75,00:44:09.81,02:39:34.33,35,12,0,44,9,81,BITE,WING ATTACK,REST,CONFUSE RAY,20,35,10,10,0,0,0,0,29,90,58,47,51,51,62,7353,16936,8095,7891,7891,9658,15,15,15,15,0,0,0,0,0,0,0,65,47,51,51,62,3133,187627,341195,44475,3133,22,8,0,5723,5086,637,0,421,101,70,31,6,0,9205,6921,2051,1985,504,71,324,0,0,0,0,0,48,0,27,0,2,34,0,0,0,0,0,0,0,0,0,0,0,0,3,1,0,0,85,48,0,0,10,0,0,0,15,169,45879,0,0,0,0,26,52,9,2,2,8,13,5,25,No Team Selected
2-27,14:32:55,NINTEN,Zubat,Rival4-Pkmn Tower,4,Pokemon Tower - 2F,5,44:53.61,44:53,0h44m53s,12,13,25,36,2:42,22.106,BITE,WING ATTACK,REST,CONFUSE RAY,23,5790,426,71,31,585,559,370,15,11071,No Team Selected, ,Poison,Flying,48904,Zubat5,Zubat,Rival (Pokemon Tower),00:44:31.51,00:44:53.61,02:42:28.08,36,12,0,44,53,61,BITE,WING ATTACK,REST,CONFUSE RAY,17,33,10,10,0,0,0,0,53,93,59,48,52,52,64,7630,17204,8385,8236,8236,9992,15,15,15,15,0,0,0,0,-1,0,0,74,60,52,52,42,3133,190975,346960,45777,3133,23,8,0,5790,5153,637,0,426,102,71,31,6,0,9650,7230,2091,2025,514,71,327,0,0,0,0,0,49,0,28,0,2,34,0,0,0,0,0,0,0,0,0,0,0,0,3,1,0,0,85,48,0,0,10,0,0,0,15,174,48779,0,0,0,0,26,52,9,2,2,8,13,5,25,No Team Selected
2-27,14:33:46,NINTEN,Zubat,Agatha Jr,10,Pokemon Tower - 4F,2,45:44.52,45:44,0h45m44s,12,13,25,36,2:45,11.095,BITE,WING ATTACK,REST,CONFUSE RAY,24,5957,459,72,31,589,563,373,16,5696,No Team Selected,Paralyzed,Poison,Flying,49840,Zubat5,Zubat,,00:45:33.43,00:45:44.52,02:45:49.48,36,12,0,45,44,52,BITE,WING ATTACK,REST,CONFUSE RAY,25,31,10,10,0,0,0,0,83,93,59,48,52,52,64,7690,17274,8445,8436,8436,10152,15,15,15,15,0,0,0,0,0,0,0,66,54,52,52,16,3133,197735,350440,47637,3133,24,8,0,5957,5320,637,0,459,103,72,31,6,0,9837,7330,2101,2035,518,71,330,0,0,0,0,0,49,0,28,0,3,34,1,0,0,0,0,0,0,0,0,0,0,0,4,1,1,0,85,48,0,0,10,0,0,0,15,176,49715,0,0,0,0,26,62,9,2,2,8,13,5,25,No Team Selected
2-27,14:34:13,NINTEN,Zubat,Channeler,21,Pokemon Tower - 6F,1,46:11.55,46:11,0h46m11s,12,13,25,36,2:47,7.448,BITE,WING ATTACK,REST,CONFUSE RAY,24,6061,479,73,31,592,565,375,17,6386,No Team Selected, ,Poison,Flying,50327,Zubat5,Zubat,,00:46:04.10,00:46:11.55,02:47:37.00,36,12,0,46,11,55,BITE,WING ATTACK,REST,CONFUSE RAY,25,33,10,10,0,0,0,0,76,93,59,48,52,52,64,7720,17309,8475,8536,8536,10232,15,15,15,15,0,0,0,0,0,0,0,66,54,52,52,64,3133,201805,352612,47827,3133,24,8,0,6061,5424,637,0,479,104,73,31,6,0,9933,7382,2118,2052,520,72,332,0,0,0,0,0,49,0,28,0,4,34,1,0,0,0,0,0,0,0,0,0,0,0,6,2,1,0,85,48,0,0,10,0,0,0,15,177,50202,0,0,0,0,29,62,9,2,2,8,13,5,25,No Team Selected
2-27,14:34:23,NINTEN,Zubat,Channeler,20,Pokemon Tower - 6F,1,46:21.22,46:21,0h46m21s,12,13,25,37,2:48,6.846,BITE,WING ATTACK,REST,CONFUSE RAY,24,6070,481,74,31,594,567,376,17,7106,No Team Selected, ,Poison,Flying,50814,Zubat5,Zubat,,00:46:14.37,00:46:21.22,02:48:15.25,37,12,0,46,21,22,BITE,WING ATTACK,REST,CONFUSE RAY,25,31,10,10,0,0,0,0,54,95,61,50,54,54,66,7750,17344,8505,8636,8636,10312,15,15,15,15,0,0,0,0,0,0,0,68,56,54,54,66,3133,202076,354646,47827,3133,24,8,0,6070,5433,637,0,481,105,74,31,6,0,10027,7434,2142,2076,522,72,333,0,0,0,0,0,49,0,28,0,4,34,1,0,0,0,0,0,0,0,0,0,0,0,6,2,1,0,85,48,0,0,10,0,0,0,15,178,50689,0,0,0,0,29,62,9,2,2,8,13,5,25,No Team Selected
2-27,14:34:55,NINTEN,Zubat,Rocket,19,Pokemon Tower - 7F,3,46:53.65,46:53,0h46m53s,12,13,25,37,2:50,12.844,BITE,WING ATTACK,REST,CONFUSE RAY,24,6102,486,75,32,601,574,379,17,7826,No Team Selected, ,Poison,Flying,52305,Zubat5,Zubat,,00:46:40.81,00:46:53.65,02:50:24.12,37,12,0,46,53,65,BITE,WING ATTACK,REST,CONFUSE RAY,18,31,10,10,0,0,0,0,91,95,61,50,54,54,66,7905,17514,8645,8791,8791,10512,15,15,15,15,0,0,0,0,0,0,0,68,56,54,54,66,3133,203639,359772,48865,3133,24,8,0,6102,5465,637,0,486,107,75,32,6,0,10295,7630,2146,2080,529,74,334,0,0,0,0,0,49,0,28,0,4,34,1,0,0,0,0,0,0,0,0,0,0,0,6,2,1,0,85,48,0,0,10,0,0,0,15,181,52180,0,0,0,0,30,62,9,2,2,8,13,5,25,No Team Selected
2-27,14:35:09,NINTEN,Zubat,Rocket,20,Pokemon Tower - 7F,2,47:07.73,47:07,0h47m7s,12,13,25,37,2:51,10.004,BITE,WING ATTACK,REST,CONFUSE RAY,24,6105,486,76,32,606,579,382,17,8576,No Team Selected, ,Poison,Flying,53506,Zubat5,Zubat,,00:46:57.72,00:47:07.73,02:51:20.07,37,12,0,47,7,73,BITE,WING ATTACK,REST,CONFUSE RAY,13,31,10,10,0,0,0,0,54,95,61,50,54,54,66,8005,17627,8785,8941,8941,10589,15,15,15,15,0,0,0,0,0,0,0,68,56,54,54,66,3133,204217,362549,48865,3133,24,8,0,6105,5468,637,0,486,108,76,32,6,0,10465,7761,2183,2117,534,75,336,0,0,0,0,0,50,0,28,0,4,34,1,0,0,0,0,0,0,0,0,0,0,0,6,2,1,0,85,48,0,0,10,0,0,0,15,183,53381,0,0,0,0,30,62,9,2,2,8,13,5,25,No Team Selected
2-27,14:35:28,NINTEN,Zubat,Rocket,21,Pokemon Tower - 7F,4,47:26.85,47:26,0h47m26s,12,13,25,38,2:52,14.847,BITE,WING ATTACK,REST,CONFUSE RAY,24,6110,486,77,32,613,586,385,17,9356,No Team Selected, ,Poison,Flying,54887,Zubat5,Zubat,,00:47:12.00,00:47:26.85,02:52:36.09,38,12,0,47,26,85,BITE,WING ATTACK,REST,CONFUSE RAY,6,31,10,10,0,0,0,0,40,98,63,51,55,55,68,8170,17854,8950,9096,9096,10868,15,15,15,15,0,0,0,0,0,0,0,70,57,55,55,68,3133,204836,366492,48865,3133,24,8,0,6110,5473,637,0,486,109,77,32,6,0,10792,7982,2200,2134,541,75,339,0,0,0,0,0,50,0,28,0,5,34,1,0,0,0,0,0,0,0,0,0,0,0,7,2,1,0,85,48,0,0,10,0,0,0,15,187,54762,0,0,0,0,30,62,9,2,2,8,13,5,25,No Team Selected
2-27,14:36:30,NINTEN,Zubat,Blackbelt,5,Saffron City - Fighting Dojo,3,48:28.68,48:28,0h48m28s,12,13,25,38,2:56,14.129,BITE,WING ATTACK,REST,CONFUSE RAY,25,6263,499,78,32,618,591,388,18,10046,No Team Selected, ,Poison,Flying,56948,Zubat5,Zubat,,00:48:14.54,00:48:28.68,02:56:41.19,38,12,0,48,28,68,BITE,WING ATTACK,REST,CONFUSE RAY,25,30,10,10,0,0,0,0,77,98,63,51,55,55,68,8345,18119,9095,9226,9226,11068,15,15,15,15,0,0,0,0,0,0,0,70,57,55,55,68,3133,210853,370757,53293,3133,25,8,0,6263,5569,694,0,499,110,78,32,6,0,11123,8227,2221,2155,546,76,340,0,0,0,0,0,51,0,28,0,5,34,1,0,0,0,0,0,0,0,0,0,0,0,7,2,1,0,85,48,0,0,10,0,0,0,15,190,56823,0,0,0,0,30,62,9,2,2,8,13,5,25,No Team Selected
2-27,14:36:45,NINTEN,Zubat,Blackbelt,3,Saffron City - Fighting Dojo,2,48:43.15,48:43,0h48m43s,12,13,25,38,2:57,11.749,BITE,WING ATTACK,REST,CONFUSE RAY,25,6264,499,79,32,623,596,390,18,10821,No Team Selected, ,Poison,Flying,58551,Zubat5,Zubat,,00:48:31.40,00:48:43.15,02:57:38.50,38,12,0,48,43,15,BITE,WING ATTACK,REST,CONFUSE RAY,25,25,10,10,0,0,0,0,55,98,63,51,55,55,68,8495,18299,9215,9311,9311,11148,15,15,15,15,0,0,0,0,0,0,0,70,57,55,55,68,3133,211000,374061,53293,3133,25,8,0,6264,5570,694,0,499,111,79,32,6,0,11370,8416,2243,2177,551,76,342,0,0,0,0,0,51,0,28,0,5,34,1,0,0,0,0,0,0,0,0,0,0,0,7,2,1,0,85,48,0,0,10,0,0,0,15,192,58426,0,0,0,0,30,62,9,2,2,8,13,5,25,No Team Selected
2-27,14:36:58,NINTEN,Zubat,Blackbelt,4,Saffron City - Fighting Dojo,1,48:56.62,48:56,0h48m56s,12,13,25,39,2:58,7.385,BITE,WING ATTACK,REST,CONFUSE RAY,25,6265,499,80,32,625,598,392,18,11621,No Team Selected, ,Poison,Flying,59700,Zubat5,Zubat,,00:48:49.23,00:48:56.62,02:58:32.18,39,12,0,48,56,62,BITE,WING ATTACK,REST,CONFUSE RAY,25,23,10,10,0,0,0,0,100,100,65,53,57,57,69,8560,18404,9275,9371,9371,11243,15,15,15,15,0,0,0,0,0,0,0,73,59,57,57,69,3133,211237,376327,53998,3133,25,8,0,6265,5571,694,0,499,112,80,32,6,0,11514,8514,2243,2177,553,77,342,0,0,0,0,0,53,0,28,0,5,34,1,0,0,0,0,0,0,0,0,0,0,0,7,2,1,0,85,48,0,0,10,0,0,0,15,193,59575,0,0,0,0,30,62,9,2,2,8,13,5,25,No Team Selected
2-27,14:37:14,NINTEN,Zubat,Blackbelt,2,Saffron City - Fighting Dojo,3,49:12.61,49:12,0h49m12s,12,13,25,39,2:59,11.278,BITE,WING ATTACK,REST,CONFUSE RAY,25,6266,499,81,32,629,602,393,18,12521,No Team Selected, ,Poison,Flying,61668,Zubat5,Zubat,,00:49:01.33,00:49:12.61,02:59:35.51,39,12,0,49,12,61,BITE,WING ATTACK,REST,CONFUSE RAY,25,19,10,10,0,0,0,0,100,100,65,53,57,57,69,8705,18669,9405,9501,9501,11478,15,15,15,15,0,-1,0,0,0,0,0,82,38,57,57,69,3133,211460,379917,53998,3133,25,8,0,6266,5572,694,0,499,113,81,32,6,0,11798,8740,2243,2177,557,77,343,0,0,0,0,0,53,0,28,0,5,34,1,0,0,0,0,0,0,0,0,0,0,0,7,2,1,0,85,48,0,0,10,0,0,0,15,196,61543,0,0,0,0,30,62,9,2,2,8,13,5,25,No Team Selected
2-27,14:37:35,NINTEN,Zubat,Blackbelt,1,Saffron City - Fighting Dojo,2,49:33.92,49:33,0h49m33s,12,13,25,39,3:01,14.219,BITE,WING ATTACK,REST,CONFUSE RAY,26,6267,499,82,32,634,607,397,18,13296,No Team Selected, ,Poison,Flying,63879,Zubat5,Zubat,,00:49:19.70,00:49:33.92,03:01:00.35,39,12,0,49,33,92,BITE,WING ATTACK,REST,CONFUSE RAY,25,14,10,10,0,0,0,0,47,100,65,53,57,57,69,8805,18894,9537,9571,9571,11641,15,15,15,15,0,0,0,0,0,0,0,73,59,57,57,69,3133,211813,383794,54852,3133,26,8,0,6267,5573,694,0,499,114,82,32,6,0,12010,8918,2296,2230,562,77,346,0,0,0,0,0,53,0,28,0,5,34,1,0,0,0,0,0,0,0,0,0,0,0,7,2,1,0,85,48,0,0,10,0,0,0,15,198,63754,0,0,0,0,30,62,9,2,2,8,13,5,25,No Team Selected
2-27,14:38:09,NINTEN,Zubat,Scientist,11,Silph Co - 10F,2,50:07.61,50:07,0h50m7s,12,13,25,40,3:03,11.194,BITE,WING ATTACK,REST,CONFUSE RAY,26,6360,507,83,32,640,613,400,18,14221,No Team Selected, ,Poison,Flying,65139,Zubat5,Zubat,,00:49:56.41,00:50:07.61,03:03:13.53,40,12,0,50,7,61,BITE,WING ATTACK,REST,CONFUSE RAY,19,35,10,10,0,0,0,0,80,103,66,54,58,58,71,8870,18994,9702,9726,9726,11721,15,15,15,15,0,0,0,0,0,0,0,74,60,58,58,71,3133,216197,386950,55310,3133,26,8,0,6360,5666,694,0,507,115,83,32,6,0,12177,9042,2319,2253,568,78,348,0,0,0,0,0,54,0,28,0,5,34,1,0,0,0,0,0,0,0,0,0,0,0,7,2,1,0,85,48,0,0,10,0,0,0,15,200,65014,0,0,0,0,30,62,9,2,2,8,13,5,25,No Team Selected
2-27,14:38:21,NINTEN,Zubat,Rocket,39,Silph Co - 10F,1,50:19.75,50:19,0h50m19s,12,13,25,40,3:04,6.143,BITE,WING ATTACK,REST,CONFUSE RAY,26,6377,509,84,32,642,615,401,18,15671,No Team Selected, ,Poison,Flying,66171,Zubat5,Zubat,,00:50:13.61,00:50:19.75,03:04:02.06,40,12,0,50,19,75,BITE,WING ATTACK,REST,CONFUSE RAY,19,33,10,10,0,0,0,0,80,103,66,54,58,58,71,8950,19094,9772,9776,9776,11766,15,15,15,15,0,-1,0,0,0,0,0,83,39,58,58,71,3133,216737,389303,55310,3133,26,8,0,6377,5683,694,0,509,116,84,32,6,0,12312,9143,2319,2253,570,78,349,0,0,0,0,0,55,0,28,0,5,34,1,0,0,0,0,0,0,0,0,0,0,0,7,2,1,0,85,48,0,0,10,0,0,0,15,201,66046,0,0,0,0,30,62,9,2,2,8,13,5,25,No Team Selected
2-27,14:39:30,NINTEN,Zubat,Rocket,35,Silph Co - 8F,4,51:28.11,51:28,0h51m28s,12,14,26,41,3:08,15.373,BITE,WING ATTACK,REST,CONFUSE RAY,26,6504,523,86,32,665,635,417,19,8330,No Team Selected, ,Poison,Flying,70281,Zubat5,Zubat,,00:51:12.74,00:51:28.11,03:08:33.39,41,12,0,51,28,11,BITE,WING ATTACK,REST,CONFUSE RAY,17,35,10,10,0,0,0,0,88,105,68,56,60,60,73,9320,19562,10137,10131,10131,12322,15,15,15,15,0,0,0,0,0,0,0,76,63,60,60,73,3133,220683,401650,55310,3133,26,8,0,6504,5810,694,0,523,118,86,32,6,0,12946,9623,2493,2394,590,84,358,0,0,0,0,0,55,0,30,0,5,34,1,0,0,0,0,0,0,0,0,0,0,0,7,2,1,0,85,48,0,0,10,0,0,0,18,208,70156,0,0,0,0,32,62,9,2,2,8,14,5,26,No Team Selected
2-27,14:41:05,NINTEN,Zubat,Rocket,32,Silph Co - 7F,4,53:03.99,53:03,0h53m3s,12,15,27,42,3:14,26.63,BITE,WING ATTACK,REST,CONFUSE RAY,26,6604,540,88,32,701,660,446,19,4555,No Team Selected, ,Poison,Flying,75429,Zubat5,Zubat,,00:52:37.36,00:53:03.99,03:14:54.41,42,12,0,53,3,99,BITE,WING ATTACK,REST,CONFUSE RAY,14,35,9,10,0,0,0,0,61,108,70,57,61,61,75,9705,20104,10655,10556,10556,12836,15,15,15,15,0,0,0,0,0,0,0,78,64,61,61,75,3133,224290,420905,55310,3133,26,8,0,6604,5910,694,0,540,120,88,32,6,0,13620,10177,2918,2631,614,93,383,0,0,0,0,0,56,0,33,0,9,34,1,0,0,0,0,0,0,0,0,0,0,0,15,8,1,0,85,48,0,0,11,0,0,0,21,215,75304,0,0,0,0,32,62,9,2,2,8,15,5,27,No Team Selected
2-27,14:41:35,NINTEN,Zubat,Scientist,8,Silph Co - 7F,2,53:33.84,53:33,0h53m33s,12,15,27,42,3:16,11.011,BITE,WING ATTACK,REST,CONFUSE RAY,27,6645,540,89,32,707,666,450,18,5335,No Team Selected, ,Poison,Flying,77335,Zubat5,Zubat,,00:53:22.83,00:53:33.84,03:16:53.13,42,12,0,53,33,84,BITE,WING ATTACK,REST,CONFUSE RAY,8,35,9,10,0,0,0,0,88,108,70,57,62,62,76,9870,20259,10800,13261,13261,15586,15,15,15,15,0,-2,0,0,0,0,0,87,31,62,62,76,3133,225619,424314,57684,3133,27,8,0,6645,5951,694,0,540,121,89,32,6,0,13862,10359,2938,2651,620,94,385,0,0,0,0,0,58,0,33,0,9,34,1,0,0,0,0,0,0,0,0,0,0,0,15,8,1,0,85,48,0,0,11,0,0,0,21,217,77210,0,0,0,0,33,62,9,2,2,8,15,5,27,No Team Selected
2-27,14:41:51,NINTEN,Zubat,Rocket,30,Silph Co - 6F,2,53:49.95,53:49,0h53m49s,12,15,27,42,3:17,8.522,BITE,WING ATTACK,REST,CONFUSE RAY,27,6694,544,90,32,710,669,451,18,6785,No Team Selected, ,Poison,Flying,78787,Zubat5,Zubat,,00:53:41.43,00:53:49.95,03:17:57.09,42,12,0,53,49,95,BITE,WING ATTACK,REST,CONFUSE RAY,8,32,9,10,0,0,0,0,77,108,70,57,62,62,76,10020,20439,10920,13346,13346,15666,15,15,15,15,0,0,0,0,0,0,0,78,64,62,62,76,3133,227014,426755,57684,3133,27,8,0,6694,6000,694,0,544,122,90,32,6,0,14111,10533,2949,2662,623,94,386,0,0,0,0,0,59,0,33,0,9,34,1,0,0,0,0,0,0,0,0,0,0,0,15,8,1,0,85,48,0,0,11,0,0,0,21,219,78662,0,0,0,0,33,62,9,2,2,8,15,5,27,No Team Selected
2-27,14:42:33,NINTEN,Zubat,Scientist,7,Silph Co - 6F,5,54:31.33,54:31,0h54m31s,12,15,27,43,3:20,35.242,BITE,WING ATTACK,REST,CONFUSE RAY,27,6707,547,91,32,727,684,463,18,7655,No Team Selected, ,Poison,Flying,81894,Zubat5,Zubat,,00:53:56.09,00:54:31.33,03:20:41.43,43,12,0,54,31,33,BITE,WING ATTACK,REST,CONFUSE RAY,0,26,8,10,0,0,0,0,71,111,72,59,64,64,78,10215,20694,11325,13736,13736,15951,15,15,15,15,0,0,0,0,0,0,0,81,66,64,64,78,3133,227508,435564,58255,3133,27,8,0,6707,6013,694,0,547,123,91,32,6,0,14519,10825,3085,2798,636,95,398,0,0,0,0,0,59,0,35,0,9,34,1,0,0,0,0,0,0,0,0,0,0,0,15,8,1,0,85,48,0,0,12,0,0,0,21,224,81769,0,0,0,0,33,62,9,2,2,8,15,5,27,No Team Selected
2-27,14:43:11,NINTEN,Zubat,Rocket,31,Silph Co - 6F,3,55:09.37,55:09,0h55m9s,12,15,27,43,3:23,12.391,BITE,WING ATTACK,REST,CONFUSE RAY,27,6848,553,92,32,733,690,466,18,8905,No Team Selected, ,Poison,Flying,83568,Zubat5,Zubat,,00:54:56.98,00:55:09.37,03:23:12.03,43,12,0,55,9,37,BITE,WING ATTACK,REST,CONFUSE RAY,19,35,10,10,0,0,0,0,95,111,72,59,64,64,78,10370,20864,11465,13891,13891,16151,15,15,15,15,0,0,0,0,0,0,0,81,66,64,64,78,3133,231927,439314,59106,3133,27,8,0,6848,6154,694,0,553,124,92,32,6,0,14866,11037,3101,2814,642,95,401,0,0,0,0,0,60,0,35,0,10,34,1,0,0,0,0,0,0,0,0,0,0,0,16,8,1,0,85,48,0,0,12,0,0,0,21,227,83443,0,0,0,0,33,62,9,2,2,8,15,5,27,No Team Selected
2-27,14:44:07,NINTEN,Zubat,Rocket,27,Silph Co - 4F,3,56:06.00,56:06,0h56m6s,12,16,28,44,3:26,12.126,BITE,WING ATTACK,REST,CONFUSE RAY,27,7005,571,94,32,746,700,474,18,4872,No Team Selected, ,Poison,Flying,85683,Zubat5,Zubat,,00:55:53.87,00:56:06.00,03:26:56.41,44,12,0,56,6,0,BITE,WING ATTACK,REST,CONFUSE RAY,18,35,10,10,0,0,0,0,106,113,73,60,66,66,80,10545,21079,11734,14131,14131,16366,15,15,15,15,0,0,0,0,0,0,0,82,67,66,66,80,3133,236798,447921,59106,3133,27,8,0,7005,6311,694,0,571,126,94,32,6,0,15312,11299,3267,2960,652,96,408,0,0,0,0,0,62,0,36,0,10,34,2,0,0,0,0,0,0,0,0,0,0,0,16,8,2,0,85,48,0,0,12,0,0,0,24,231,85558,0,0,0,0,34,62,9,2,2,8,16,5,28,No Team Selected
2-27,14:44:40,NINTEN,Zubat,Rocket,25,Silph Co - 3F,3,56:38.36,56:38,0h56m38s,12,16,28,44,3:29,19.175,BITE,WING ATTACK,REST,CONFUSE RAY,28,7025,573,95,32,755,707,482,18,5712,No Team Selected, ,Poison,Flying,88065,Zubat5,Zubat,,00:56:19.18,00:56:38.36,03:29:05.19,44,12,0,56,38,36,BITE,WING ATTACK,REST,CONFUSE RAY,12,35,9,10,0,0,0,0,84,113,73,60,66,66,80,10740,21314,11924,14346,14346,16627,15,15,15,15,0,0,0,0,0,0,0,82,67,66,66,80,3133,238680,453289,59574,3133,28,8,0,7025,6331,694,0,573,127,95,32,6,0,15583,11535,3380,3073,658,98,413,0,0,0,0,0,63,0,37,0,10,34,2,0,0,0,0,0,0,0,0,0,0,0,16,8,2,0,85,48,0,0,13,0,0,0,24,234,87940,0,0,0,0,34,62,9,2,2,8,16,5,28,No Team Selected
2-27,14:45:13,NINTEN,Zubat,Scientist,6,Silph Co - 5F,4,57:11.63,57:11,0h57m11s,12,16,28,44,3:31,19.158,BITE,WING ATTACK,REST,CONFUSE RAY,29,7069,578,96,32,765,717,489,18,6552,No Team Selected,Paralyzed,Poison,Flying,91054,Zubat5,Zubat,,00:56:52.47,00:57:11.63,03:31:17.26,44,12,0,57,11,63,BITE,WING ATTACK,REST,CONFUSE RAY,2,35,9,10,0,0,0,0,23,113,73,60,66,66,80,10920,21564,12304,14706,14706,16837,15,15,15,15,0,0,0,0,0,0,0,82,67,66,66,20,3133,240430,458248,60792,3133,29,8,0,7069,6375,694,0,578,128,96,32,6,0,15919,11787,3470,3163,668,98,420,0,0,0,0,0,64,0,37,0,10,34,3,0,0,0,0,0,0,0,0,0,0,0,16,8,3,0,85,48,0,0,13,0,0,0,24,238,90929,0,0,0,0,34,62,9,2,2,8,16,5,28,No Team Selected
2-27,14:45:29,NINTEN,Zubat,Rocket,28,Silph Co - 5F,1,57:27.32,57:27,0h57m27s,12,16,28,45,3:32,9.58,BITE,WING ATTACK,REST,CONFUSE RAY,29,7080,579,97,32,769,720,493,17,7852,No Team Selected,Paralyzed,Poison,Flying,92093,Zubat5,Zubat,,00:57:17.73,00:57:27.32,03:32:19.42,45,12,0,57,27,32,BITE,WING ATTACK,REST,CONFUSE RAY,0,34,9,10,0,0,0,0,109,116,75,62,68,68,82,10980,21649,12373,14771,14771,16917,15,15,15,15,0,-2,0,0,0,0,0,84,34,68,68,20,3133,240755,460929,61522,3133,29,8,0,7080,6386,694,0,579,129,97,32,6,0,16023,11874,3477,3170,671,98,424,0,0,0,0,0,64,0,37,0,10,34,4,0,0,0,0,0,0,0,0,0,0,0,16,8,5,1,85,48,0,0,13,0,0,0,24,239,91968,0,0,0,0,34,62,9,2,2,8,16,5,28,No Team Selected
2-27,14:47:45,NINTEN,Zubat,Biker,5,Route 16,2,59:43.99,59:43,0h59m43s,12,16,28,45,3:41,9.014,BITE,WING ATTACK,REST,CONFUSE RAY,29,7950,662,98,34,774,725,496,20,8342,No Team Selected, ,Poison,Flying,93359,Zubat5,Zubat,,00:59:34.98,00:59:43.99,03:41:20.53,45,12,0,59,43,99,BITE,WING ATTACK,REST,CONFUSE RAY,20,35,10,10,0,0,0,0,114,116,77,62,68,68,83,11100,26914,12518,14871,14871,19537,15,15,15,15,0,0,0,0,0,0,0,86,69,68,68,83,3133,261661,465234,68782,3133,29,8,0,7950,6708,1242,0,662,132,98,34,8,0,16213,12030,3479,3172,676,100,425,0,0,0,0,0,64,0,37,0,10,34,4,0,0,0,0,0,0,0,0,0,0,0,16,8,5,1,85,48,0,0,13,0,0,0,24,241,93234,0,0,0,0,42,62,9,2,2,8,16,5,28,No Team Selected
2-27,14:47:58,NINTEN,Zubat,Cue Ball,1,Route 16,3,59:56.42,59:56,0h59m56s,12,16,28,45,3:42,9.6,BITE,WING ATTACK,REST,CONFUSE RAY,29,7954,663,99,34,777,728,496,20,8922,No Team Selected, ,Poison,Flying,94859,Zubat5,Zubat,,00:59:46.82,00:59:56.42,03:42:10.14,45,12,0,59,56,42,BITE,WING ATTACK,REST,CONFUSE RAY,20,32,10,10,0,0,0,0,114,116,77,62,68,68,83,11280,27154,12653,14976,14976,19677,15,15,15,15,0,0,0,0,0,0,0,86,69,68,68,83,3133,261832,468025,68782,3133,29,8,0,7954,6708,1246,0,663,133,99,34,8,0,16503,12256,3479,3172,679,100,425,0,0,0,0,0,64,0,37,0,10,34,4,0,0,0,0,0,0,0,0,0,0,0,16,8,5,1,85,48,0,0,13,0,0,0,24,244,94734,0,0,0,0,42,62,9,2,2,8,16,5,28,No Team Selected
2-27,14:48:07,NINTEN,Zubat,Cue Ball,2,Route 16,2,1:00:05.88,1:00:05,1h0m5s,12,16,28,45,3:42,6.749,BITE,WING ATTACK,REST,CONFUSE RAY,29,7956,667,100,34,779,730,496,20,9622,No Team Selected, ,Poison,Flying,95864,Zubat5,Zubat,,00:59:59.14,01:00:05.88,03:42:47.46,45,12,1,0,5,88,BITE,WING ATTACK,REST,CONFUSE RAY,20,30,10,10,0,0,0,0,114,116,77,62,68,68,83,11390,27314,12738,15046,15046,19782,15,15,15,15,0,0,0,0,0,0,0,86,69,68,68,83,3133,261985,470123,68782,3133,29,8,0,7956,6708,1248,0,667,134,100,34,8,0,16713,12406,3479,3172,681,100,425,0,0,0,0,0,64,0,37,0,10,34,4,0,0,0,0,0,0,0,0,0,0,0,16,8,5,1,85,48,0,0,13,0,0,0,24,246,95739,0,0,0,0,42,62,9,2,2,8,16,5,28,No Team Selected
2-27,14:48:21,NINTEN,Zubat,Biker,6,Route 16,1,1:00:20.02,1:00:20,1h0m20s,12,16,28,45,3:43,10.668,BITE,WING ATTACK,REST,CONFUSE RAY,29,7963,668,101,34,784,735,500,20,10347,No Team Selected, ,Poison,Flying,97086,Zubat5,Zubat,,01:00:09.35,01:00:20.02,03:43:43.54,45,12,1,0,20,2,BITE,WING ATTACK,REST,CONFUSE RAY,19,26,10,10,0,0,0,0,50,116,77,62,68,68,83,11455,27404,12858,15131,15131,19842,15,15,15,15,0,0,0,0,0,0,0,86,69,68,68,83,3133,262314,473162,68782,3133,29,8,0,7963,6708,1255,0,668,135,101,34,8,0,16816,12497,3543,3236,686,100,429,0,0,0,0,0,64,0,38,0,10,34,4,0,0,0,0,0,0,0,0,0,0,0,16,8,5,1,85,48,0,0,13,0,0,0,24,247,96961,0,0,0,0,42,62,9,2,2,8,16,5,28,No Team Selected
2-27,14:48:43,NINTEN,Zubat,Biker,7,Route 16,4,1:00:41.56,1:00:41,1h0m41s,12,16,28,46,3:45,15.177,BITE,WING ATTACK,REST,CONFUSE RAY,29,7970,669,102,34,792,743,504,20,11007,No Team Selected, ,Poison,Flying,99090,Zubat5,Zubat,,01:00:26.39,01:00:41.56,03:45:09.24,46,12,1,0,41,56,BITE,WING ATTACK,REST,CONFUSE RAY,11,26,10,10,0,0,0,0,91,119,79,63,69,69,85,11775,27724,13058,15291,15291,19942,15,15,15,15,0,0,0,0,0,0,0,88,70,69,69,85,3133,262737,477265,69386,3133,29,8,0,7970,6708,1262,0,669,136,102,34,8,0,17263,12821,3555,3248,694,101,432,0,0,0,0,0,64,0,38,0,10,34,4,0,0,0,0,0,0,0,0,0,0,0,16,8,5,1,85,48,0,0,13,0,0,0,24,251,98965,0,0,0,0,42,62,9,2,2,8,16,5,28,No Team Selected
2-27,14:49:07,NINTEN,Zubat,Biker,8,Route 17,3,1:01:05.36,1:01:05,1h1m5s,12,16,28,46,3:46,15.13,BITE,WING ATTACK,REST,CONFUSE RAY,29,7993,670,103,34,800,751,509,20,11527,No Team Selected, ,Poison,Flying,101850,Zubat5,Zubat,,01:00:50.23,01:01:05.36,03:46:43.54,46,12,1,1,5,36,BITE,WING ATTACK,REST,CONFUSE RAY,3,26,10,10,0,0,0,0,99,119,79,63,69,69,85,11945,27969,13393,15521,15521,20097,15,15,15,15,0,0,0,0,0,0,0,88,70,69,69,85,3133,263387,481748,69923,3133,29,8,0,7993,6708,1285,0,670,137,103,34,8,0,17509,13041,3575,3268,702,102,436,0,0,0,0,0,65,0,39,0,10,34,4,0,0,0,0,0,0,0,0,0,0,0,16,8,5,1,85,48,0,0,13,0,0,0,24,254,101725,0,0,0,0,42,62,9,2,2,8,16,5,28,No Team Selected
2-27,14:49:19,NINTEN,Zubat,Cue Ball,5,Route 17,2,1:01:17.92,1:01:17,1h1m17s,12,16,28,46,3:47,8.936,BITE,WING ATTACK,REST,CONFUSE RAY,29,8000,683,104,34,803,754,510,20,12087,No Team Selected, ,Poison,Flying,103302,Zubat5,Zubat,,01:01:08.99,01:01:17.92,03:47:33.45,46,12,1,1,17,92,BITE,WING ATTACK,REST,CONFUSE RAY,3,23,10,10,0,0,0,0,91,119,79,63,69,69,85,12095,28149,13513,15606,15606,20177,15,15,15,15,0,0,0,0,0,0,0,88,70,69,69,85,3133,263768,484358,69923,3133,29,8,0,8000,6708,1292,0,683,138,104,34,8,0,17753,13215,3583,3276,705,102,437,0,0,0,0,0,65,0,40,0,10,34,4,0,0,0,0,0,0,0,0,0,0,0,16,8,5,1,85,48,0,0,13,0,0,0,24,256,103177,0,0,0,0,42,62,9,2,2,8,16,5,28,No Team Selected
2-27,14:49:36,NINTEN,Zubat,Cue Ball,4,Route 17,2,1:01:34.16,1:01:34,1h1m34s,12,16,28,47,3:48,9.083,BITE,WING ATTACK,REST,CONFUSE RAY,29,8010,695,105,35,806,757,511,20,12812,No Team Selected, ,Poison,Flying,104686,Zubat5,Zubat,,01:01:25.08,01:01:34.16,03:48:38.06,47,12,1,1,34,16,BITE,WING ATTACK,REST,CONFUSE RAY,3,20,10,10,0,0,0,0,93,121,81,65,71,71,87,12200,28334,13608,15701,15701,20342,15,15,15,15,0,0,0,0,0,0,0,91,73,71,71,87,3133,264250,487737,69923,3133,29,8,0,8010,6708,1302,0,695,140,105,35,9,0,18043,13362,3583,3276,708,102,437,0,0,0,0,0,65,0,40,0,10,34,4,0,0,0,0,0,0,0,0,0,0,0,16,8,5,1,85,48,0,0,13,0,0,0,24,258,104561,0,0,0,0,42,62,9,2,2,8,16,5,28,No Team Selected
2-27,14:49:51,NINTEN,Zubat,Biker,10,Route 17,2,1:01:49.83,1:01:49,1h1m49s,12,16,28,47,3:49,10.074,BITE,WING ATTACK,REST,CONFUSE RAY,29,8029,701,106,35,810,761,513,20,13537,No Team Selected, ,Poison,Flying,105964,Zubat5,Zubat,,01:01:39.76,01:01:49.83,03:49:40.18,47,12,1,1,49,83,BITE,WING ATTACK,REST,CONFUSE RAY,0,19,10,10,0,0,0,0,93,121,81,65,71,71,87,12280,28394,13708,15811,15811,20542,15,15,15,15,0,-2,0,0,0,0,0,102,36,71,71,87,3133,264683,491036,69923,3133,29,8,0,8029,6708,1321,0,701,141,106,35,9,0,18277,13494,3583,3276,712,103,438,0,0,0,0,0,67,0,40,0,10,34,4,0,0,0,0,0,0,0,0,0,0,0,16,8,5,1,85,48,0,0,13,0,0,0,24,260,105839,0,0,0,0,42,62,9,2,2,8,16,5,28,No Team Selected
2-27,14:50:03,NINTEN,Zubat,Cue Ball,6,Route 17,1,1:02:01.58,1:02:01,1h2m1s,12,16,28,47,3:50,4.529,BITE,WING ATTACK,REST,CONFUSE RAY,29,8054,702,107,35,811,762,513,19,14117,No Team Selected, ,Poison,Flying,106996,Zubat5,Zubat,,01:01:57.04,01:02:01.58,03:50:26.51,47,12,1,2,1,58,BITE,WING ATTACK,REST,CONFUSE RAY,25,18,10,10,0,0,0,0,93,121,81,65,71,71,87,12360,28494,13778,15861,15861,20587,15,15,15,15,0,0,0,0,0,0,0,91,73,71,71,87,3133,265080,492607,70748,3133,29,8,0,8054,6708,1346,0,702,142,107,35,9,0,18395,13595,3583,3276,713,103,438,0,0,0,0,0,68,0,40,0,10,34,4,0,0,0,0,0,0,0,0,0,0,0,16,8,5,1,85,48,0,0,13,0,0,0,24,261,106871,0,0,0,0,42,62,9,2,2,8,16,5,28,No Team Selected
2-27,14:50:15,NINTEN,Zubat,Cue Ball,8,Route 17,2,1:02:13.11,1:02:13,1h2m13s,12,16,28,47,3:51,7.121,BITE,WING ATTACK,REST,CONFUSE RAY,29,8097,704,108,35,813,764,513,19,14942,No Team Selected, ,Poison,Flying,108827,Zubat5,Zubat,,01:02:06.00,01:02:13.11,03:51:12.39,47,12,1,2,13,11,BITE,WING ATTACK,REST,CONFUSE RAY,25,16,10,10,0,0,0,0,93,121,81,65,71,71,87,12505,28699,13908,15971,15971,20727,15,15,15,15,0,0,0,0,0,0,0,91,73,71,71,87,3133,265642,494793,70748,3133,29,8,0,8097,6708,1389,0,704,143,108,35,9,0,18615,13766,3583,3276,715,103,438,0,0,0,0,0,69,0,40,0,10,34,4,0,0,0,0,0,0,0,0,0,0,0,16,8,5,1,85,48,0,0,13,0,0,0,24,263,108702,0,0,0,0,42,62,9,2,2,8,16,5,28,No Team Selected
2-27,14:50:44,NINTEN,Zubat,Biker,12,Route 17,5,1:02:42.14,1:02:42,1h2m42s,12,16,28,48,3:53,24.988,BITE,WING ATTACK,REST,CONFUSE RAY,29,8123,706,109,35,824,775,519,19,15667,No Team Selected, ,Poison,Flying,112507,Zubat5,Zubat,,01:02:17.16,01:02:42.14,03:53:08.05,48,12,1,2,42,14,BITE,WING ATTACK,REST,CONFUSE RAY,25,5,10,10,0,0,0,0,51,124,82,67,73,73,89,12755,29074,14433,16321,16321,20952,15,15,15,15,0,0,0,0,0,0,0,92,75,73,73,89,3133,266120,501241,70748,3133,29,8,0,8123,6708,1415,0,706,144,109,35,9,0,18975,14085,3628,3321,726,103,444,0,0,0,0,0,70,0,42,0,10,34,4,0,0,0,0,0,0,0,0,0,0,0,16,8,5,1,85,48,0,0,13,0,0,0,24,268,112382,0,0,0,0,42,62,9,2,2,8,16,5,28,No Team Selected
2-27,14:51:06,NINTEN,Zubat,Biker,11,Route 17,2,1:03:04.38,1:03:04,1h3m4s,12,16,28,48,3:54,10.857,BITE,WING ATTACK,REST,CONFUSE RAY,29,8160,707,110,35,830,781,523,19,16167,No Team Selected, ,Poison,Flying,114556,Zubat5,Zubat,,01:02:53.52,01:03:04.38,03:54:36.12,48,12,1,3,4,38,BITE,WING ATTACK,REST,CONFUSE RAY,19,5,10,10,0,0,0,0,98,124,82,67,73,73,89,12925,29269,14628,16471,16471,21062,15,15,15,15,0,0,0,0,0,0,0,92,75,73,73,89,3133,266918,504720,71758,3133,29,8,0,8160,6708,1452,0,707,145,110,35,9,0,19185,14270,3654,3347,732,103,447,0,0,0,0,0,70,0,42,0,10,34,4,0,0,0,0,0,0,0,0,0,0,0,16,8,5,1,85,48,0,0,13,0,0,0,24,270,114431,0,0,0,0,42,62,9,2,2,8,16,5,28,No Team Selected
2-27,14:51:22,NINTEN,Zubat,Cue Ball,7,Route 17,4,1:03:20.33,1:03:20,1h3m20s,12,16,28,48,3:55,10.848,BITE,WING ATTACK,REST,CONFUSE RAY,29,8193,710,111,35,835,786,523,19,16747,No Team Selected, ,Poison,Flying,116680,Zubat5,Zubat,,01:03:09.47,01:03:20.33,03:55:39.32,48,12,1,3,20,33,BITE,WING ATTACK,REST,CONFUSE RAY,14,5,10,10,0,0,0,0,98,124,82,67,73,73,89,13155,29609,14818,16626,16626,21282,15,15,15,15,0,0,0,0,0,0,0,92,75,73,73,89,3133,267655,507783,71758,3133,29,8,0,8193,6708,1485,0,710,146,111,35,9,0,19548,14547,3654,3347,737,103,447,0,0,0,0,0,71,0,42,0,10,34,4,0,0,0,0,0,0,0,0,0,0,0,16,8,5,1,85,48,0,0,13,0,0,0,24,274,116555,0,0,0,0,42,62,9,2,2,8,16,5,28,No Team Selected
2-27,14:51:37,NINTEN,Zubat,Biker,9,Route 17,1,1:03:35.99,1:03:35,1h3m35s,12,16,28,49,3:56,6.965,BITE,WING ATTACK,REST,CONFUSE RAY,29,8286,718,112,35,838,789,525,19,17397,No Team Selected, ,Poison,Flying,117790,Zubat5,Zubat,,01:03:29.02,01:03:35.99,03:56:41.45,49,12,1,3,35,99,BITE,WING ATTACK,REST,CONFUSE RAY,11,5,10,10,0,0,0,0,75,127,84,68,74,74,91,13260,29714,14893,16691,16691,21332,15,15,15,15,0,0,0,0,0,0,0,94,76,74,74,91,3133,269230,509941,71758,3133,29,8,0,8286,6708,1578,0,718,147,112,35,9,0,19668,14664,3680,3373,740,103,449,0,0,0,0,0,71,0,42,0,10,34,4,0,0,0,0,0,0,0,0,0,0,0,16,8,5,1,85,48,0,0,13,0,0,0,24,275,117665,0,0,0,0,42,62,9,2,2,8,16,5,28,No Team Selected
2-27,14:52:10,NINTEN,Zubat,Juggler,3,Fuchsia City - Gym,4,1:04:08.76,1:04:08,1h4m8s,12,16,28,49,3:58,14.841,BITE,WING ATTACK,REST,CONFUSE RAY,30,8328,722,113,35,845,796,527,19,18057,No Team Selected, ,Poison,Flying,120781,Zubat5,Zubat,,01:03:53.92,01:04:08.76,03:58:51.34,49,12,1,4,8,76,BITE,WING ATTACK,REST,CONFUSE RAY,18,35,10,10,0,0,0,0,116,127,84,68,74,74,91,13480,29893,15058,17081,17081,21563,15,15,15,15,0,0,0,0,0,0,0,94,76,74,74,91,3133,271682,514348,72688,3133,30,8,0,8328,6748,1580,0,722,148,113,35,9,0,20106,14983,3691,3384,747,103,451,0,0,0,0,0,71,0,42,0,10,34,4,0,0,0,0,0,0,0,0,0,0,0,16,8,5,1,85,48,0,0,13,0,0,0,24,279,120656,0,0,0,0,42,62,9,2,2,8,16,5,28,No Team Selected
2-27,14:52:31,NINTEN,Zubat,Tamer,2,Fuchsia City - Gym,3,1:04:29.76,1:04:29,1h4m29s,12,16,28,49,4:00,15.037,BITE,WING ATTACK,REST,CONFUSE RAY,31,8335,724,114,35,854,805,532,19,19142,No Team Selected, ,Poison,Flying,124011,Zubat5,Zubat,,01:04:14.71,01:04:29.76,04:00:15.02,49,12,1,4,29,76,BITE,WING ATTACK,REST,CONFUSE RAY,9,35,10,10,0,0,0,0,84,127,84,68,74,74,91,13675,30163,15306,17266,17266,21788,15,15,15,15,0,-2,0,0,0,-1,0,132,38,74,74,91,3133,272125,518441,73160,3133,31,8,0,8335,6755,1580,0,724,149,114,35,9,0,20465,15254,3723,3416,756,103,456,0,0,0,0,0,71,0,42,0,10,34,4,0,0,0,0,0,0,0,0,0,0,0,16,8,5,1,85,48,0,0,13,0,0,0,24,282,123886,0,0,0,0,42,62,9,2,2,8,16,5,28,No Team Selected
2-27,14:52:54,NINTEN,Zubat,Tamer,1,Fuchsia City - Gym,2,1:04:52.44,1:04:52,1h4m52s,12,16,28,50,4:01,13.128,BITE,WING ATTACK,REST,CONFUSE RAY,32,8351,727,115,35,861,812,537,18,20462,No Team Selected, ,Poison,Flying,126268,Zubat5,Zubat,,01:04:39.32,01:04:52.44,04:01:45.11,50,12,1,4,52,44,BITE,WING ATTACK,REST,CONFUSE RAY,2,35,10,10,0,0,0,0,62,129,86,70,76,76,93,13810,30348,15485,17386,17386,21933,15,15,15,15,0,-1,0,0,0,-1,0,108,51,76,76,93,3133,272809,522048,74278,3133,32,8,0,8351,6771,1580,0,727,150,115,35,9,0,20681,15444,3790,3483,762,104,461,0,0,0,0,0,72,0,43,0,10,34,4,0,0,0,0,0,0,0,0,0,0,0,16,8,5,1,85,48,0,0,13,0,0,0,24,284,126143,0,0,0,0,42,62,9,2,2,8,16,5,28,No Team Selected
2-27,14:53:24,NINTEN,Zubat,Juggler,4,Fuchsia City - Gym,2,1:05:22.92,1:05:22,1h5m22s,12,16,28,50,4:03,12.537,BITE,WING ATTACK,REST,CONFUSE RAY,32,8466,735,116,35,867,817,541,18,21822,No Team Selected, ,Poison,Flying,128211,Zubat5,Zubat,,01:05:10.38,01:05:22.92,04:03:46.00,50,12,1,5,22,92,BITE,WING ATTACK,REST,CONFUSE RAY,20,35,10,10,0,0,0,0,24,129,86,70,76,76,93,13955,30469,15600,17591,17591,22042,15,15,15,15,0,0,0,0,0,0,0,96,78,76,76,93,3133,276183,525923,74278,3133,32,8,0,8466,6886,1580,0,735,151,116,35,9,0,20930,15641,3895,3588,767,104,464,0,0,0,0,0,72,0,43,0,11,34,4,0,0,0,0,0,0,0,0,0,0,0,19,9,5,1,85,48,0,0,13,0,0,0,24,286,128086,0,0,0,0,42,62,9,2,2,8,16,5,28,No Team Selected
2-27,14:54:16,NINTEN,Zubat,Koga,1,Fuchsia City - Gym,4,1:06:14.55,1:06:14,1h6m14s,12,16,28,51,4:07,29.154,SWIFT,WING ATTACK,REST,CONFUSE RAY,33,8471,737,117,35,882,830,549,16,23012,No Team Selected, ,Poison,Flying,132921,Zubat5,Zubat,Koga,01:05:45.39,01:06:14.55,04:07:11.22,51,12,1,6,14,55,SWIFT,WING ATTACK,REST,CONFUSE RAY,9,35,9,9,0,0,0,0,20,132,88,71,77,77,95,14205,30794,15985,17861,17861,22222,15,15,15,15,0,0,0,0,0,-1,0,99,79,77,77,95,3133,277635,533376,77695,3133,33,8,0,8471,6891,1580,0,737,152,117,35,9,0,21308,15977,4033,3726,768,105,469,0,0,0,0,0,73,0,43,0,11,35,4,0,0,0,0,0,0,0,0,0,0,0,19,9,5,1,86,49,0,0,14,0,0,0,24,290,132796,0,0,0,0,42,62,9,2,2,9,16,5,28,No Team Selected
2-27,14:55:11,NINTEN,Zubat,Scientist,4,Silph Co - 3F,2,1:07:09.61,1:07:09,1h7m9s,12,16,28,51,4:10,8.579,SWIFT,WING ATTACK,REST,CONFUSE RAY,33,8696,752,118,35,886,834,551,18,27269,No Team Selected, ,Poison,Flying,134926,Zubat5,Zubat,,01:07:01.02,01:07:09.61,04:10:49.09,51,12,1,7,9,61,SWIFT,WING ATTACK,REST,CONFUSE RAY,16,35,10,10,0,0,0,0,124,132,88,71,77,77,95,14330,30934,16175,18026,18026,22422,15,15,15,15,0,0,0,0,0,0,0,99,79,77,77,106,3133,285272,536434,80067,3133,33,8,0,8696,7116,1580,0,752,153,118,35,9,0,21491,16136,4041,3734,768,105,471,0,0,0,0,0,74,0,43,0,11,35,4,0,0,0,0,0,0,0,0,0,0,0,19,9,5,1,86,49,0,0,14,0,0,0,24,292,134801,0,0,0,0,43,62,9,2,2,9,16,5,28,No Team Selected
2-27,14:55:26,NINTEN,Zubat,Rocket,37,Silph Co - 9F,3,1:07:24.19,1:07:24,1h7m24s,12,16,28,51,4:11,10.424,SWIFT,WING ATTACK,REST,CONFUSE RAY,33,8708,752,119,35,891,839,553,18,28719,No Team Selected, ,Poison,Flying,136606,Zubat5,Zubat,,01:07:13.76,01:07:24.19,04:11:47.00,51,12,1,7,24,19,SWIFT,WING ATTACK,REST,CONFUSE RAY,11,35,10,10,0,0,0,0,104,132,88,71,77,77,95,14540,31142,16320,18191,18191,22524,15,15,15,15,0,0,0,0,0,0,0,99,79,77,77,106,3133,285771,539406,80067,3133,33,8,0,8708,7128,1580,0,752,154,119,35,9,0,21866,16380,4061,3754,768,106,472,0,0,0,0,0,75,0,44,0,11,35,4,0,0,0,0,0,0,0,0,0,0,0,19,9,5,1,86,49,0,0,14,0,0,0,24,295,136481,0,0,0,0,43,62,9,2,2,9,16,5,28,No Team Selected
2-27,14:55:49,NINTEN,Zubat,Hypno Rocket,38,Silph Co - 9F,3,1:07:47.41,1:07:47,1h7m47s,12,16,28,51,4:13,11.399,SWIFT,WING ATTACK,REST,CONFUSE RAY,34,8743,759,120,35,896,844,555,19,29559,No Team Selected, ,Poison,Flying,139234,Zubat5,Zubat,,01:07:36.01,01:07:47.41,04:13:19.21,51,12,1,7,47,41,SWIFT,WING ATTACK,REST,CONFUSE RAY,15,35,10,10,0,0,0,0,84,132,88,71,77,77,95,14760,31343,16505,18471,18471,22723,15,15,15,15,0,0,0,0,0,0,0,99,79,77,77,106,3133,287636,542606,80543,3133,34,8,0,8743,7163,1580,0,759,155,120,35,9,0,22202,16630,4109,3802,768,106,474,0,0,0,0,0,76,0,44,0,11,35,4,0,0,0,0,0,0,0,0,0,0,0,19,9,5,1,86,49,0,0,14,0,0,0,24,298,139109,0,0,0,0,44,62,9,2,2,9,16,5,28,No Team Selected
2-27,14:57:26,NINTEN,Zubat,Rival5-Silph,7,Silph Co - 7F,5,1:09:24.67,1:09:24,1h9m24s,12,16,28,52,4:19,71.221,SWIFT,WING ATTACK,REST,CONFUSE RAY,35,8802,767,121,35,932,869,583,19,30399,No Team Selected, ,Poison,Flying,145268,Zubat5,Zubat,Rival (Silph Co.),01:08:13.45,01:09:24.67,04:19:45.47,52,12,1,9,24,67,SWIFT,WING ATTACK,REST,CONFUSE RAY,4,35,7,4,0,0,0,0,24,134,90,73,79,79,97,15092,31666,16850,18871,18871,23112,15,15,15,15,0,0,0,0,-3,-1,0,142,115,79,79,42,3133,289977,559992,84002,3133,35,8,0,8802,7222,1580,0,767,156,121,35,9,0,22838,17139,4543,4236,772,113,492,0,0,0,0,0,78,0,50,0,11,39,4,0,0,0,0,0,0,0,0,0,0,0,19,9,5,1,96,54,0,0,20,0,0,0,24,303,145143,0,0,0,0,44,62,9,2,2,9,16,5,28,No Team Selected
2-27,14:58:51,NINTEN,Zubat,Rocket,41,Silph Co - 11F,3,1:10:30.52,1:10:30,1h10m30s,12,16,28,52,4:24,16.311,SWIFT,WING ATTACK,MEGA DRAIN,CONFUSE RAY,36,8828,767,122,35,938,875,586,16,32999,No Team Selected, ,Poison,Flying,147411,Zubat5,Zubat,,01:10:14.21,01:10:30.52,04:24:07.28,52,12,1,10,30,52,SWIFT,WING ATTACK,MEGA DRAIN,CONFUSE RAY,12,34,7,4,0,0,0,0,134,134,90,73,79,79,97,15262,31844,17100,19051,19051,23234,15,15,15,15,-1,-1,0,0,0,0,0,74,54,79,79,137,3133,292440,564780,92452,3133,36,8,0,8828,7248,1580,0,767,157,122,35,9,0,23155,17388,4543,4236,776,114,494,0,0,0,0,0,78,0,50,0,11,39,4,0,0,0,0,0,0,0,0,0,0,0,19,9,5,1,96,54,0,0,20,0,0,0,24,306,147286,0,0,0,0,44,62,9,2,2,10,16,5,28,No Team Selected
2-27,14:59:24,NINTEN,Zubat,Giovanni-Silph,2,Silph Co - 11F,4,1:11:03.24,1:11:03,1h11m3s,12,16,28,53,4:26,27.297,SWIFT,WING ATTACK,MEGA DRAIN,CONFUSE RAY,36,8835,767,123,35,950,887,592,16,33959,No Team Selected, ,Poison,Flying,152430,Zubat5,Zubat,Giovanni (Silph),01:10:35.95,01:11:03.24,04:26:17.38,53,12,1,11,3,24,SWIFT,WING ATTACK,MEGA DRAIN,CONFUSE RAY,2,34,6,3,0,0,0,0,123,137,91,75,81,81,99,15598,32178,17419,19251,19251,23490,15,15,15,15,0,-1,0,0,0,0,0,114,55,81,81,124,3133,293253,571777,92452,3133,36,8,0,8835,7255,1580,0,767,158,123,35,9,0,23745,17853,4598,4291,778,114,499,0,0,0,0,0,78,0,51,0,11,40,4,0,0,0,0,0,0,0,0,0,0,0,19,9,5,1,98,55,0,0,20,0,0,0,24,310,152305,0,0,0,0,44,62,9,2,2,10,16,5,28,No Team Selected
2-27,15:00:05,NINTEN,Zubat,Fisher,7,Route 21,4,1:11:44.78,1:11:44,1h11m44s,12,16,28,53,4:29,14.048,SWIFT,WING ATTACK,MEGA DRAIN,CONFUSE RAY,36,8888,774,124,35,957,894,595,16,38018,No Team Selected, ,Poison,Flying,156156,Zubat5,Zubat,,01:11:30.73,01:11:44.78,04:29:02.07,53,12,1,11,44,78,SWIFT,WING ATTACK,MEGA DRAIN,CONFUSE RAY,13,35,10,10,0,0,0,0,116,137,91,75,81,81,99,15883,32521,17674,19541,19541,23757,15,15,15,15,0,0,0,0,0,0,0,102,84,81,81,111,3133,296154,576013,95184,3133,36,8,0,8888,7279,1580,0,774,159,124,35,9,0,24199,18181,4619,4312,778,114,502,0,0,0,0,0,79,0,51,0,11,40,4,0,0,0,0,0,0,0,0,0,0,0,19,9,5,1,98,55,0,0,20,0,0,0,24,314,156031,0,0,0,0,44,62,9,2,2,11,16,5,28,No Team Selected
2-27,15:00:21,NINTEN,Zubat,Swimmer,12,Route 21,2,1:12:00.04,1:12:00,1h12m0s,12,16,28,54,4:30,11.396,SWIFT,WING ATTACK,MEGA DRAIN,CONFUSE RAY,36,8901,774,125,35,963,900,599,16,38998,No Team Selected, ,Poison,Flying,158700,Zubat5,Zubat,,01:11:48.64,01:12:00.04,04:30:02.43,54,12,1,12,0,4,SWIFT,WING ATTACK,MEGA DRAIN,CONFUSE RAY,7,35,10,10,0,0,0,0,22,140,94,76,83,83,101,16018,32656,17834,19756,19756,23942,15,15,15,15,0,0,0,0,0,0,0,105,85,83,83,113,3133,296594,579209,95184,3133,36,8,0,8901,7279,1580,0,774,160,125,35,9,0,24464,18366,4716,4409,778,115,505,0,0,0,0,0,79,0,54,0,11,40,4,0,0,0,0,0,0,0,0,0,0,0,19,9,5,1,98,55,0,0,20,0,0,0,24,316,158575,0,0,0,0,44,62,9,2,2,11,16,5,28,No Team Selected
2-27,15:00:40,NINTEN,Zubat,Cue Ball,9,Route 21,3,1:12:19.50,1:12:19,1h12m19s,12,16,28,54,4:31,9.321,SWIFT,WING ATTACK,MEGA DRAIN,CONFUSE RAY,36,8902,774,126,35,967,904,600,15,39163,No Team Selected, ,Poison,Flying,161454,Zubat5,Zubat,,01:12:10.18,01:12:19.50,04:31:19.55,54,12,1,12,19,50,SWIFT,WING ATTACK,MEGA DRAIN,CONFUSE RAY,3,35,10,10,0,0,0,0,138,140,94,76,83,83,101,16178,32806,17969,20076,20076,24182,15,15,15,15,0,0,0,0,0,0,0,105,85,83,83,113,3133,296885,582443,96291,3133,36,8,0,8902,7279,1580,0,774,161,126,35,9,0,24733,18601,4718,4411,778,115,506,0,0,0,0,0,79,0,54,0,11,40,4,0,0,0,0,0,0,0,0,0,0,0,19,9,5,1,98,55,0,0,20,0,0,0,24,319,161329,0,0,0,0,44,62,9,2,2,11,16,5,28,No Team Selected
2-27,15:00:57,NINTEN,Zubat,Fisher,8,Route 21,2,1:12:36.59,1:12:36,1h12m36s,12,16,28,54,4:32,11.466,SWIFT,WING ATTACK,MEGA DRAIN,CONFUSE RAY,36,8932,775,127,35,971,908,602,15,39938,No Team Selected, ,Poison,Flying,163445,Zubat5,Zubat,,01:12:25.12,01:12:36.59,04:32:27.50,54,12,1,12,36,59,SWIFT,WING ATTACK,MEGA DRAIN,CONFUSE RAY,3,35,7,9,0,0,0,0,114,140,94,76,83,83,101,16258,32966,18249,20206,20206,24292,15,15,15,15,0,0,0,0,0,0,0,105,85,83,83,113,3133,297724,585679,96291,3133,36,8,0,8932,7280,1580,0,775,162,127,35,9,0,24969,18741,4776,4469,782,115,508,0,0,0,0,0,80,0,54,0,11,41,4,0,0,0,0,0,0,0,0,0,0,0,19,9,5,1,99,55,0,0,20,0,0,0,24,321,163320,0,0,0,0,44,62,9,2,2,11,16,5,28,No Team Selected
2-27,15:01:11,NINTEN,Zubat,Fisher,10,Route 21,2,1:12:50.65,1:12:50,1h12m50s,12,16,28,54,4:33,11.103,SWIFT,WING ATTACK,MEGA DRAIN,CONFUSE RAY,36,8934,777,128,35,975,912,604,15,41023,No Team Selected, ,Poison,Flying,165430,Zubat5,Zubat,,01:12:39.54,01:12:50.65,04:33:23.36,54,12,1,12,50,65,SWIFT,WING ATTACK,MEGA DRAIN,CONFUSE RAY,1,35,5,9,0,0,0,0,136,140,94,76,83,83,101,16383,33125,18374,20336,20336,24423,15,15,15,15,0,0,0,0,0,0,0,105,85,83,83,113,3133,297914,588835,96291,3133,36,8,0,8934,7282,1580,0,777,163,128,35,9,0,25211,18919,4792,4485,784,116,509,0,0,0,0,0,80,0,54,0,11,41,4,0,0,0,0,0,0,0,0,0,0,0,19,9,5,1,99,55,0,0,20,0,0,0,24,323,165305,0,0,0,0,44,62,9,2,2,11,16,5,28,No Team Selected
2-27,15:01:27,NINTEN,Zubat,Swimmer,13,Route 21,1,1:13:06.05,1:13:06,1h13m6s,12,16,28,55,4:34,9.124,SWIFT,WING ATTACK,MEGA DRAIN,CONFUSE RAY,36,8939,781,129,35,978,915,606,15,42178,No Team Selected, ,Poison,Flying,167071,Zubat5,Zubat,,01:12:56.92,01:13:06.05,04:34:24.43,55,12,1,13,6,5,SWIFT,WING ATTACK,MEGA DRAIN,CONFUSE RAY,1,32,5,9,0,0,0,0,111,143,95,78,84,84,103,16443,33200,18459,20436,20436,24538,15,15,15,15,0,0,0,0,0,0,0,106,87,84,84,115,3133,298364,591521,96822,3133,36,8,0,8939,7282,1580,0,781,164,129,35,9,0,25308,19016,4820,4513,787,116,511,0,0,0,0,0,80,0,54,0,11,41,4,0,0,0,0,0,0,0,0,0,0,0,19,9,5,1,99,55,0,0,20,0,0,0,24,324,166946,0,0,0,0,44,62,9,2,2,11,16,5,28,No Team Selected
2-27,15:01:45,NINTEN,Zubat,Swimmer,14,Route 21,2,1:13:24.66,1:13:24,1h13m24s,12,16,28,55,4:35,12.155,SWIFT,WING ATTACK,MEGA DRAIN,CONFUSE RAY,36,8964,781,130,35,983,920,609,15,42363,No Team Selected, ,Poison,Flying,168830,Zubat5,Zubat,,01:13:12.50,01:13:24.66,04:35:38.39,55,12,1,13,24,66,SWIFT,WING ATTACK,MEGA DRAIN,CONFUSE RAY,1,27,5,9,0,0,0,0,78,143,95,78,84,84,103,16532,33308,18594,20571,20571,24681,15,15,15,15,0,0,0,0,0,0,0,106,87,84,84,115,3133,299024,595297,96822,3133,36,8,0,8964,7282,1580,0,781,165,130,35,9,0,25571,19205,4853,4546,792,116,513,0,0,0,0,0,81,0,55,0,11,41,4,0,0,0,0,0,0,0,0,0,0,0,19,9,5,1,99,55,0,0,20,0,0,0,24,326,168705,0,0,0,0,44,62,9,2,2,11,16,5,28,No Team Selected
2-27,15:02:11,NINTEN,Zubat,Swimmer,15,Route 21,3,1:13:50.98,1:13:50,1h13m50s,12,16,28,55,4:37,22.341,SWIFT,WING ATTACK,MEGA DRAIN,CONFUSE RAY,36,8984,782,131,35,993,926,616,15,42528,No Team Selected, ,Poison,Flying,171509,Zubat5,Zubat,,01:13:28.64,01:13:50.98,04:37:23.19,55,12,1,13,50,98,SWIFT,WING ATTACK,MEGA DRAIN,CONFUSE RAY,1,24,2,9,0,0,0,0,99,143,95,78,84,84,103,16692,33478,18789,20816,20816,24926,15,15,15,15,0,-1,0,0,-2,0,0,149,57,84,84,64,3133,299469,601132,96822,3133,36,8,0,8984,7282,1580,0,782,166,131,35,9,0,25942,19447,4886,4579,798,116,520,0,0,0,0,0,81,0,55,0,11,41,4,0,0,0,0,0,0,0,0,0,0,0,19,9,5,1,99,55,0,0,23,0,0,0,24,329,171384,0,0,0,0,44,62,9,2,2,11,16,5,28,No Team Selected
2-27,15:03:24,NINTEN,Zubat,Beauty,8,Route 20,2,1:15:03.63,1:15:03,1h15m3s,12,16,28,55,4:42,9.483,SWIFT,WING ATTACK,MEGA DRAIN,CONFUSE RAY,36,9386,809,132,35,996,929,617,16,42688,No Team Selected, ,Poison,Flying,173148,Zubat5,Zubat,,01:14:54.14,01:15:03.63,04:42:11.23,55,12,1,15,3,63,SWIFT,WING ATTACK,MEGA DRAIN,CONFUSE RAY,17,35,10,10,0,0,0,0,123,143,95,78,86,86,104,16812,33620,18894,23496,23496,27644,15,15,15,15,0,0,0,0,0,0,0,106,87,86,86,117,3133,311525,603871,99311,3133,36,8,0,9386,7636,1580,0,809,167,132,35,9,0,26152,19612,4906,4599,798,116,521,0,0,0,0,0,81,0,55,0,11,41,4,0,0,0,0,0,0,0,0,0,0,0,19,9,5,1,99,55,0,0,23,0,0,0,24,331,173023,0,0,0,0,49,62,9,2,2,11,16,5,28,No Team Selected
2-27,15:03:36,NINTEN,Zubat,Jr Trainer F,16,Route 20,2,1:15:15.54,1:15:15,1h15m15s,12,16,28,55,4:42,7.542,SWIFT,WING ATTACK,MEGA DRAIN,CONFUSE RAY,36,9402,810,133,35,998,931,617,16,44858,No Team Selected, ,Poison,Flying,175012,Zubat5,Zubat,,01:15:08.00,01:15:15.54,04:42:58.39,55,12,1,15,15,54,SWIFT,WING ATTACK,MEGA DRAIN,CONFUSE RAY,16,35,9,10,0,0,0,0,143,143,95,78,86,86,104,16937,33779,19019,23626,23626,27775,15,15,15,15,0,0,0,0,0,0,0,106,87,86,86,117,3133,312090,606142,99311,3133,36,8,0,9402,7636,1580,0,810,168,133,35,9,0,26327,19780,4906,4599,799,116,521,0,0,0,0,0,82,0,55,0,11,41,4,0,0,0,0,0,0,0,0,0,0,0,19,9,5,1,99,55,0,0,23,0,0,0,24,333,174887,0,0,0,0,49,62,9,2,2,11,16,5,28,No Team Selected
2-27,15:03:50,NINTEN,Zubat,Beauty,7,Route 20,3,1:15:29.65,1:15:29,1h15m29s,12,16,28,56,4:43,10.535,SWIFT,WING ATTACK,MEGA DRAIN,CONFUSE RAY,36,9412,810,134,35,1001,934,617,16,45478,No Team Selected, ,Poison,Flying,177561,Zubat5,Zubat,,01:15:19.11,01:15:29.65,04:43:54.42,56,12,1,15,29,65,SWIFT,WING ATTACK,MEGA DRAIN,CONFUSE RAY,16,35,6,10,0,0,0,0,145,145,97,80,87,87,106,17047,34004,19399,23801,23801,27925,15,15,15,15,0,0,0,0,0,0,0,109,90,87,87,119,3133,312440,609155,99311,3133,36,8,0,9412,7636,1580,0,810,169,134,35,9,0,26595,19978,4906,4599,802,116,521,0,0,0,0,0,83,0,55,0,11,41,4,0,0,0,0,0,0,0,0,0,0,0,19,9,5,1,99,55,0,0,23,0,0,0,24,336,177436,0,0,0,0,49,62,9,2,2,11,16,5,28,No Team Selected
2-27,15:04:07,NINTEN,Zubat,Bird Keeper,11,Route 20,3,1:15:46.16,1:15:46,1h15m46s,12,16,28,56,4:45,11.086,SWIFT,WING ATTACK,MEGA DRAIN,CONFUSE RAY,36,9423,812,135,35,1006,939,620,16,47578,No Team Selected, ,Poison,Flying,180369,Zubat5,Zubat,,01:15:35.08,01:15:46.16,04:45:00.15,56,12,1,15,46,16,SWIFT,WING ATTACK,MEGA DRAIN,CONFUSE RAY,11,35,6,10,0,0,0,0,129,145,97,80,87,87,106,17240,34244,19584,23973,23973,28196,15,15,15,15,0,0,0,0,0,0,0,109,90,87,87,119,3133,312842,612686,99311,3133,36,8,0,9423,7636,1580,0,812,170,135,35,9,0,26967,20226,4922,4615,802,117,523,0,0,0,0,0,84,0,55,0,11,41,4,0,0,0,0,0,0,0,0,0,0,0,19,9,5,1,99,55,0,0,23,0,0,0,24,339,180244,0,0,0,0,49,62,9,2,2,11,16,5,28,No Team Selected
2-27,15:04:15,NINTEN,Zubat,Swimmer,10,Route 20,1,1:15:54.55,1:15:54,1h15m54s,12,16,28,56,4:45,5.046,SWIFT,WING ATTACK,MEGA DRAIN,CONFUSE RAY,36,9429,813,136,35,1008,941,621,16,48328,No Team Selected, ,Poison,Flying,181164,Zubat5,Zubat,,01:15:49.50,01:15:54.55,04:45:33.28,56,12,1,15,54,55,SWIFT,WING ATTACK,MEGA DRAIN,CONFUSE RAY,9,35,6,10,0,0,0,0,120,145,97,80,87,87,106,17270,34289,19639,24043,24043,28281,15,15,15,15,0,0,0,0,0,0,0,109,90,87,87,119,3133,313152,614369,99311,3133,36,8,0,9429,7636,1580,0,813,171,136,35,9,0,27088,20297,4931,4624,802,117,523,0,0,0,0,0,84,0,55,0,11,41,4,0,0,0,0,0,0,0,0,0,0,0,19,9,5,1,99,55,0,0,23,0,0,0,24,340,181039,0,0,0,0,49,62,9,2,2,11,16,5,28,No Team Selected
2-27,15:05:05,NINTEN,Zubat,Burglar,4,Cinnabar Island - Gym,3,1:16:44.71,1:16:44,1h16m44s,12,16,28,56,4:48,12.177,SWIFT,WING ATTACK,MEGA DRAIN,CONFUSE RAY,36,9519,837,137,35,1014,947,624,17,45703,No Team Selected, ,Poison,Flying,183724,Zubat5,Zubat,,01:16:32.54,01:16:44.71,04:48:51.55,56,12,1,16,44,71,SWIFT,WING ATTACK,MEGA DRAIN,CONFUSE RAY,14,35,10,10,0,0,0,0,124,145,97,80,87,87,106,17436,34476,19799,24258,24258,28506,15,15,15,15,0,0,0,0,0,0,0,109,90,87,87,119,3133,318744,617747,102248,3133,36,8,0,9519,7726,1580,0,837,172,137,35,9,0,27474,20571,4952,4645,802,117,524,0,0,0,0,0,85,0,55,0,11,41,4,0,0,0,0,0,0,0,0,0,0,0,19,9,5,1,99,55,0,0,23,0,0,0,24,343,183599,0,0,0,0,50,66,9,2,2,12,16,5,28,No Team Selected
2-27,15:05:24,NINTEN,Zubat,Super Nerd,9,Cinnabar Island - Gym,3,1:17:03.26,1:17:03,1h17m3s,12,16,28,57,4:50,14.952,SWIFT,WING ATTACK,MEGA DRAIN,CONFUSE RAY,36,9527,838,138,35,1021,954,630,17,48943,No Team Selected, ,Poison,Flying,186068,Zubat5,Zubat,,01:16:48.31,01:17:03.26,04:50:05.39,57,12,1,17,3,26,SWIFT,WING ATTACK,MEGA DRAIN,CONFUSE RAY,7,35,10,10,0,0,0,0,109,148,99,81,89,89,108,17585,34634,19954,24488,24488,28736,15,15,15,15,0,-1,0,0,0,0,0,111,59,89,89,121,3133,319111,621804,102248,3133,36,8,0,9527,7734,1580,0,838,173,138,35,9,0,27931,20833,4970,4663,802,117,528,0,0,0,0,0,85,0,55,0,11,41,4,0,0,0,0,0,0,0,0,0,0,0,19,9,5,1,99,55,0,0,23,0,0,0,24,346,185943,0,0,0,0,50,66,9,2,2,12,16,5,28,No Team Selected
2-27,15:05:46,NINTEN,Zubat,Super Nerd,10,Cinnabar Island - Gym,4,1:17:25.27,1:17:25,1h17m25s,12,16,28,57,4:51,11.896,SWIFT,WING ATTACK,MEGA DRAIN,CONFUSE RAY,36,9545,842,139,35,1026,959,631,17,49843,No Team Selected, ,Poison,Flying,188769,Zubat5,Zubat,,01:17:13.38,01:17:25.27,04:51:33.11,57,12,1,17,25,27,SWIFT,WING ATTACK,MEGA DRAIN,CONFUSE RAY,2,35,10,10,0,0,0,0,92,148,99,81,89,89,108,17767,34882,20137,24718,24718,29016,15,15,15,15,0,0,0,0,0,0,0,111,91,89,89,121,3133,320627,625540,102248,3133,36,8,0,9545,7752,1580,0,842,174,139,35,9,0,28363,21152,4987,4680,802,117,529,0,0,0,0,0,86,0,55,0,11,41,4,0,0,0,0,0,0,0,0,0,0,0,19,9,5,1,99,55,0,0,23,0,0,0,24,350,188644,0,0,0,0,50,66,9,2,2,12,16,5,28,No Team Selected
2-27,15:05:58,NINTEN,Zubat,Burglar,5,Cinnabar Island - Gym,1,1:17:37.22,1:17:37,1h17m37s,12,16,28,57,4:52,8.608,SWIFT,WING ATTACK,MEGA DRAIN,CONFUSE RAY,36,9549,848,140,35,1031,962,633,17,50693,No Team Selected, ,Poison,Flying,190104,Zubat5,Zubat,,01:17:28.61,01:17:37.22,04:52:20.38,57,12,1,17,37,22,SWIFT,WING ATTACK,MEGA DRAIN,CONFUSE RAY,2,32,10,10,0,0,0,0,77,148,99,81,89,89,108,17817,34967,20192,24783,24783,29106,15,15,15,15,0,0,0,0,0,0,0,111,91,89,89,121,3133,320934,628080,102248,3133,36,8,0,9549,7756,1580,0,848,175,140,35,9,0,28507,21250,5002,4695,805,118,530,0,0,0,0,0,86,0,55,0,11,41,4,0,0,0,0,0,0,0,0,0,0,0,19,9,5,1,99,55,0,0,23,0,0,0,24,351,189979,0,0,0,0,50,66,9,2,2,12,16,5,28,No Team Selected
2-27,15:06:10,NINTEN,Zubat,Super Nerd,11,Cinnabar Island - Gym,1,1:17:49.88,1:17:49,1h17m49s,12,16,28,57,4:53,8.9,SWIFT,WING ATTACK,MEGA DRAIN,CONFUSE RAY,36,9555,851,141,35,1035,966,636,17,54383,No Team Selected, ,Poison,Flying,191790,Zubat5,Zubat,,01:17:40.99,01:17:49.88,04:53:10.57,57,12,1,17,49,88,SWIFT,WING ATTACK,MEGA DRAIN,CONFUSE RAY,1,29,10,10,0,0,0,0,77,148,99,81,89,89,108,17882,35067,20262,24863,24863,29211,15,15,15,15,-2,-1,0,0,0,0,0,55,66,89,89,172,3133,321335,630698,102248,3133,36,8,0,9555,7762,1580,0,851,176,141,35,9,0,28627,21360,5002,4695,808,118,533,0,0,0,0,0,86,0,55,0,11,41,4,0,0,0,0,0,0,0,0,0,0,0,19,9,5,1,99,55,0,0,23,0,0,0,24,352,191665,0,0,0,0,50,66,9,2,2,12,16,5,28,No Team Selected
2-27,15:06:26,NINTEN,Zubat,Burglar,6,Cinnabar Island - Gym,2,1:18:05.70,1:18:05,1h18m5s,12,16,28,57,4:54,11.172,SWIFT,WING ATTACK,MEGA DRAIN,CONFUSE RAY,36,9569,853,142,35,1039,970,638,17,55408,No Team Selected, ,Poison,Flying,193010,Zubat5,Zubat,,01:17:54.53,01:18:05.70,04:54:13.48,57,12,1,18,5,70,SWIFT,WING ATTACK,MEGA DRAIN,CONFUSE RAY,1,25,10,10,0,0,0,0,71,148,99,81,89,89,108,17975,35178,20347,24978,24978,29336,15,15,15,15,0,-1,0,0,0,0,0,124,59,89,89,136,3133,321961,633844,102248,3133,36,8,0,9569,7776,1580,0,853,177,142,35,9,0,28892,21534,5008,4701,812,118,535,0,0,0,0,0,86,0,55,0,11,41,4,0,0,0,0,0,0,0,0,0,0,0,19,9,5,1,99,55,0,0,23,0,0,0,24,354,192885,0,0,0,0,50,66,9,2,2,12,16,5,28,No Team Selected
2-27,15:06:40,NINTEN,Zubat,Super Nerd,12,Cinnabar Island - Gym,2,1:18:19.30,1:18:19,1h18m19s,12,16,28,57,4:55,10.391,SWIFT,WING ATTACK,MEGA DRAIN,CONFUSE RAY,36,9577,854,143,35,1043,974,640,17,58738,No Team Selected, ,Poison,Flying,194230,Zubat5,Zubat,,01:18:08.91,01:18:19.30,04:55:07.51,57,12,1,18,19,30,SWIFT,WING ATTACK,MEGA DRAIN,CONFUSE RAY,1,21,10,10,0,0,0,0,39,148,99,81,89,89,108,18068,35289,20432,25093,25093,29461,15,15,15,15,0,0,0,0,0,0,0,111,91,89,89,121,3133,322231,636816,102248,3133,36,8,0,9577,7784,1580,0,854,178,143,35,9,0,29147,21708,5040,4733,816,119,536,0,0,0,0,0,86,0,55,0,11,41,4,0,0,0,0,0,0,0,0,0,0,0,19,9,5,1,99,55,0,0,23,0,0,0,24,356,194105,0,0,0,0,50,66,9,2,2,12,16,5,28,No Team Selected
2-27,15:07:38,NINTEN,Zubat,Blaine,1,Cinnabar Island - Gym,4,1:19:17.18,1:19:17,1h19m17s,12,16,28,58,4:58,29.533,DOUBLE-EDGE,WING ATTACK,MEGA DRAIN,CONFUSE RAY,37,9665,862,144,35,1054,985,646,16,59663,No Team Selected,,Poison,Flying,198079,Zubat5,Zubat,Blaine,01:18:47.64,01:19:17.18,04:58:57.44,58,12,1,19,17,18,DOUBLE-EDGE,WING ATTACK,MEGA DRAIN,CONFUSE RAY,10,30,10,9,0,0,0,0,0,150,101,83,91,91,111,18238,35544,20602,25288,25288,29716,15,15,15,15,-2,0,0,0,0,0,0,28,104,91,91,139,3133,326197,644357,104534,3133,37,8,0,9665,7872,1580,0,862,179,144,35,9,0,29766,22220,5209,4902,827,119,540,0,0,0,0,0,88,0,55,0,11,42,4,0,1,0,0,0,0,0,0,0,0,0,19,9,5,1,100,56,0,0,23,0,0,0,24,360,197954,0,0,0,0,50,66,9,2,2,13,16,5,28,No Team Selected
2-27,15:08:17,NINTEN,Zubat,Blaine,1,Cinnabar Island - Gym,4,1:19:56.38,1:19:56,1h19m56s,13,16,29,58,4:59,31.322,DOUBLE-EDGE,WING ATTACK,MEGA DRAIN,CONFUSE RAY,37,9665,862,144,35,1056,986,646,16,59663,No Team Selected, ,Poison,Flying,200224,Zubat5,Zubat,Blaine,01:19:25.06,01:19:56.38,04:59:03.34,58,13,1,19,56,38,DOUBLE-EDGE,WING ATTACK,MEGA DRAIN,CONFUSE RAY,10,30,10,8,0,0,0,0,60,150,101,83,91,91,111,18328,35654,20682,25368,25368,29811,15,15,15,15,0,-2,0,0,0,0,0,127,46,91,91,139,3286,326208,644783,104299,3286,37,9,0,9665,7872,1580,0,862,179,144,35,9,0,29824,22320,5130,4823,828,120,539,0,0,0,0,0,86,0,55,0,11,43,4,0,0,0,0,0,0,0,0,0,0,0,19,9,5,1,104,57,0,0,23,0,0,0,24,360,200099,0,0,0,0,50,66,9,2,2,13,16,5,29,No Team Selected
2-27,15:09:04,NINTEN,Zubat,Psychic,3,Saffron City - Gym,3,1:20:43.88,1:20:43,1h20m43s,13,16,29,58,5:02,14.676,DOUBLE-EDGE,WING ATTACK,MEGA DRAIN,CONFUSE RAY,37,9790,874,145,35,1061,991,648,17,64316,No Team Selected, ,Poison,Flying,202781,Zubat5,Zubat,,01:20:29.20,01:20:43.88,05:02:11.27,58,13,1,20,43,88,DOUBLE-EDGE,WING ATTACK,MEGA DRAIN,CONFUSE RAY,13,34,8,10,0,0,0,0,123,150,101,83,91,91,111,18603,35859,20922,25528,25528,29871,15,15,15,15,0,0,0,0,0,0,0,113,93,102,102,124,3286,332308,649213,105042,3286,37,9,0,9790,7997,1580,0,874,180,145,35,9,0,30221,22644,5165,4858,833,121,540,0,0,0,0,0,86,0,55,0,11,43,4,0,0,0,0,0,0,0,0,0,0,0,19,9,5,1,104,57,0,0,23,0,0,0,24,363,202656,0,0,0,0,50,66,9,2,2,13,16,5,29,No Team Selected
2-27,15:09:26,NINTEN,Zubat,Psychic,4,Saffron City - Gym,1,1:21:00.20,1:21:00,1h21m0s,13,16,29,58,5:03,8.561,DOUBLE-EDGE,WING ATTACK,MEGA DRAIN,CONFUSE RAY,37,9800,875,146,35,1064,994,650,17,64646,No Team Selected, ,Poison,Flying,204116,Zubat5,Zubat,,01:20:51.64,01:21:00.20,05:03:16.00,58,13,1,21,0,20,DOUBLE-EDGE,WING ATTACK,MEGA DRAIN,CONFUSE RAY,13,34,5,10,0,0,0,0,150,150,101,83,91,91,111,18698,35934,21032,25608,25608,29901,15,15,15,15,0,0,0,0,0,0,0,113,93,102,102,124,3286,333647,651747,105042,3286,37,9,0,9800,8007,1580,0,875,181,146,35,9,0,30388,22770,5180,4873,836,121,541,0,0,0,0,0,86,0,55,0,11,43,4,0,0,0,0,0,0,0,0,0,0,0,19,9,5,1,104,57,0,0,23,0,0,0,24,364,203991,0,0,0,0,50,66,9,2,2,13,16,5,29,No Team Selected
2-27,15:09:54,NINTEN,Zubat,Sabrina,1,Saffron City - Gym,4,1:21:27.64,1:21:27,1h21m27s,13,16,29,59,5:05,19.586,DOUBLE-EDGE,WING ATTACK,MEGA DRAIN,CONFUSE RAY,38,9807,876,147,35,1070,1000,651,17,65026,No Team Selected, ,Poison,Flying,209209,Zubat5,Zubat,Sabrina,01:21:08.06,01:21:27.64,05:05:05.02,59,13,1,21,27,64,DOUBLE-EDGE,WING ATTACK,MEGA DRAIN,CONFUSE RAY,10,32,5,9,0,0,0,0,56,153,103,85,93,93,112,18903,36129,21232,26053,26053,30306,15,15,15,15,0,0,0,0,0,0,0,115,95,104,104,126,3286,334524,656889,105565,3286,38,9,0,9807,8014,1580,0,876,182,147,35,9,0,31020,23150,5277,4970,842,121,542,0,0,0,0,0,87,0,55,0,11,44,4,0,0,0,0,0,0,0,0,0,0,0,19,9,5,1,105,58,0,0,23,0,0,0,24,368,209084,0,0,0,0,50,66,9,2,2,13,16,5,29,No Team Selected
2-27,15:10:29,NINTEN,Zubat,Cooltrainer M,9,Viridian City - Gym,2,1:22:02.47,1:22:02,1h22m2s,13,16,29,59,5:07,10.099,DOUBLE-EDGE,WING ATTACK,MEGA DRAIN,CONFUSE RAY,38,9884,879,148,35,1073,1003,652,18,69283,No Team Selected, ,Poison,Flying,211849,Zubat5,Zubat,,01:21:52.36,01:22:02.47,05:07:22.42,59,13,1,22,2,47,DOUBLE-EDGE,WING ATTACK,MEGA DRAIN,CONFUSE RAY,14,35,8,10,0,0,0,0,105,153,103,85,93,93,112,19013,36309,21392,26178,26178,30491,15,15,15,15,0,0,0,0,0,0,0,115,95,104,104,126,3286,338633,660347,106258,3286,38,9,0,9884,8091,1580,0,879,183,148,35,9,0,31279,23345,5345,5038,845,121,543,0,0,0,0,0,87,0,56,0,11,44,4,0,0,0,0,0,0,0,0,0,0,0,19,9,5,1,105,58,0,0,23,0,0,0,24,370,211724,0,0,0,0,50,66,9,2,2,13,16,5,29,No Team Selected
2-27,15:10:37,NINTEN,Zubat,Cooltrainer M,10,Viridian City - Gym,1,1:22:11.01,1:22:11,1h22m11s,13,16,29,59,5:07,5.222,DOUBLE-EDGE,WING ATTACK,MEGA DRAIN,CONFUSE RAY,38,9888,879,149,35,1074,1004,652,18,70648,No Team Selected, ,Poison,Flying,213092,Zubat5,Zubat,,01:22:05.79,01:22:11.01,05:07:56.36,59,13,1,22,11,1,DOUBLE-EDGE,WING ATTACK,MEGA DRAIN,CONFUSE RAY,14,35,7,10,0,0,0,0,153,153,103,85,93,93,112,19093,36394,21487,26208,26208,30516,15,15,15,15,0,0,0,0,0,0,0,115,95,104,104,126,3286,338924,662090,106258,3286,38,9,0,9888,8095,1580,0,879,184,149,35,9,0,31480,23473,5345,5038,846,121,543,0,0,0,0,0,87,0,56,0,11,44,4,0,0,0,0,0,0,0,0,0,0,0,19,9,5,1,105,58,0,0,23,0,0,0,24,371,212967,0,0,0,0,50,66,9,2,2,13,16,5,29,No Team Selected
2-27,15:10:54,NINTEN,Zubat,Blackbelt,8,Viridian City - Gym,3,1:22:27.65,1:22:27,1h22m27s,13,16,29,60,5:09,12.537,DOUBLE-EDGE,WING ATTACK,MEGA DRAIN,CONFUSE RAY,38,9896,882,150,35,1078,1008,653,18,72153,No Team Selected, ,Poison,Flying,216183,Zubat5,Zubat,,01:22:15.12,01:22:27.65,05:09:02.45,60,13,1,22,27,65,DOUBLE-EDGE,WING ATTACK,MEGA DRAIN,CONFUSE RAY,14,31,7,10,0,0,0,0,127,157,105,87,95,95,115,19323,36674,21677,26343,26343,30641,15,15,15,15,0,0,0,0,0,0,0,118,97,106,106,129,3286,339388,665595,106258,3286,38,9,0,9896,8103,1580,0,882,185,150,35,9,0,31938,23808,5375,5068,850,121,544,0,0,0,0,0,88,0,57,0,11,44,4,0,0,0,0,0,0,0,0,0,0,0,19,9,5,1,105,58,0,0,23,0,0,0,24,374,216058,0,0,0,0,50,66,9,2,2,13,16,5,29,No Team Selected
2-27,15:11:09,NINTEN,Zubat,Blackbelt,6,Viridian City - Gym,2,1:22:42.51,1:22:42,1h22m42s,13,16,29,60,5:09,8.799,DOUBLE-EDGE,WING ATTACK,MEGA DRAIN,CONFUSE RAY,38,9913,885,151,35,1081,1011,653,18,73103,No Team Selected, ,Poison,Flying,218187,Zubat5,Zubat,,01:22:33.71,01:22:42.51,05:09:01.46,60,13,1,22,42,51,DOUBLE-EDGE,WING ATTACK,MEGA DRAIN,CONFUSE RAY,14,28,7,10,0,0,0,0,127,157,105,87,95,95,115,19473,36854,21797,26428,26428,30721,15,15,15,15,0,0,0,0,0,0,0,118,97,106,106,129,3286,339947,668577,106258,3286,38,9,0,9913,8120,1580,0,885,186,151,35,9,0,32342,24040,5375,5068,853,121,544,0,0,0,0,0,89,0,57,0,11,44,4,0,0,0,0,0,0,0,0,0,0,0,19,9,5,1,105,58,0,0,23,0,0,0,24,376,218062,0,0,0,0,50,66,9,2,2,13,16,5,29,No Team Selected
2-27,15:11:17,NINTEN,Zubat,Tamer,3,Viridian City - Gym,1,1:22:50.90,1:22:50,1h22m50s,13,16,29,60,5:09,5.115,DOUBLE-EDGE,WING ATTACK,MEGA DRAIN,CONFUSE RAY,38,9918,886,152,35,1082,1012,653,18,74103,No Team Selected, ,Poison,Flying,219430,Zubat5,Zubat,,01:22:45.78,01:22:50.90,05:09:35.02,60,13,1,22,50,90,DOUBLE-EDGE,WING ATTACK,MEGA DRAIN,CONFUSE RAY,14,28,6,10,0,0,0,0,157,157,105,87,95,95,115,19553,36939,21892,26458,26458,30746,15,15,15,15,0,0,0,0,0,0,0,118,97,106,106,129,3286,340228,670292,106258,3286,38,9,0,9918,8125,1580,0,886,187,152,35,9,0,32559,24168,5375,5068,854,121,544,0,0,0,0,0,89,0,57,0,11,44,4,0,0,0,0,0,0,0,0,0,0,0,19,9,5,1,105,58,0,0,23,0,0,0,24,377,219305,0,0,0,0,50,66,9,2,2,13,16,5,29,No Team Selected
2-27,15:12:26,NINTEN,Zubat,Giovanni,3,Viridian City - Gym,5,1:23:59.65,1:23:59,1h23m59s,13,16,29,61,5:15,35.629,DOUBLE-EDGE,WING ATTACK,MEGA DRAIN,MIMIC,39,10074,907,153,35,1092,1020,656,17,75823,No Team Selected, ,Poison,Flying,227999,Zubat5,Zubat,Giovanni,01:23:24.01,01:23:59.65,05:15:08.11,61,13,1,23,59,65,DOUBLE-EDGE,WING ATTACK,MEGA DRAIN,MIMIC,14,34,7,7,0,0,0,0,159,159,107,88,97,97,117,19944,37408,22321,26753,26753,31092,15,15,15,15,0,-1,0,0,0,0,0,120,65,109,109,131,3286,344764,679301,109102,3286,39,9,0,10074,8281,1580,0,907,188,153,35,9,0,33500,24838,5397,5090,862,122,545,0,0,0,0,0,89,0,57,0,11,44,4,0,0,0,0,0,0,0,0,0,0,0,19,9,5,1,105,58,0,0,23,0,0,0,24,382,227874,0,0,0,0,50,66,9,2,2,14,16,5,29,No Team Selected
2-27,15:13:36,NINTEN,Zubat,Rival6-Route 22,10,Route 22,6,1:25:09.39,1:25:09,1h25m9s,13,16,29,61,5:19,40.133,DOUBLE-EDGE,WING ATTACK,MEGA DRAIN,MIMIC,40,10224,939,154,35,1107,1035,666,18,80773,No Team Selected, ,Poison,Flying,237271,Zubat5,Zubat,Rival (Final),01:24:29.26,01:25:09.39,05:19:45.23,61,13,1,25,9,39,DOUBLE-EDGE,WING ATTACK,MEGA DRAIN,MIMIC,11,31,7,6,0,0,0,0,130,159,107,88,97,97,117,20356,37816,22761,27183,27183,31506,15,15,15,15,0,0,0,0,6,0,0,169,139,154,154,526,3286,349945,689994,109860,3286,40,9,0,10224,8431,1580,0,939,189,154,35,9,0,34718,25641,5515,5208,874,122,547,0,0,0,0,0,90,0,57,0,11,44,4,0,0,0,0,0,0,0,0,0,0,0,19,9,5,1,105,58,0,0,23,0,0,0,24,388,237146,0,0,0,0,50,66,9,2,2,14,16,5,29,No Team Selected
2-27,15:14:59,NINTEN,Zubat,Cooltrainer F,5,Victory Road,2,1:26:32.93,1:26:32,1h26m32s,13,16,29,62,5:25,19.291,DOUBLE-EDGE,WING ATTACK,MEGA DRAIN,MIMIC,41,10543,995,155,35,1113,1041,669,18,84218,No Team Selected, ,Poison,Flying,240343,Zubat5,Zubat,,01:26:13.64,01:26:32.93,05:25:17.25,62,13,1,26,32,93,DOUBLE-EDGE,WING ATTACK,MEGA DRAIN,MIMIC,11,25,7,6,0,0,0,0,80,161,109,90,98,98,119,20494,37962,22896,27348,27348,31721,15,15,15,15,0,-1,0,0,0,0,0,122,66,110,110,133,3286,362315,695027,112379,3286,41,9,0,10543,8589,1704,0,995,190,155,35,9,0,34993,25884,5567,5260,880,122,550,0,0,0,0,0,90,0,58,0,11,44,4,0,0,0,0,0,0,0,0,0,0,0,19,9,5,1,105,58,0,0,23,0,0,0,24,390,240218,0,0,0,0,51,66,9,2,2,14,16,5,29,No Team Selected
2-27,15:15:39,NINTEN,Zubat,Blackbelt,9,Victory Road,3,1:27:12.44,1:27:12,1h27m12s,13,16,29,62,5:27,14.339,DOUBLE-EDGE,WING ATTACK,MEGA DRAIN,MIMIC,41,10600,1016,156,35,1118,1046,671,18,85758,No Team Selected, ,Poison,Flying,243841,Zubat5,Zubat,,01:26:58.10,01:27:12.44,05:27:54.28,62,13,1,27,12,44,DOUBLE-EDGE,WING ATTACK,MEGA DRAIN,MIMIC,11,20,7,6,0,0,0,0,24,161,109,90,98,98,119,20724,38242,23086,27483,27483,31846,15,15,15,15,0,0,0,0,0,0,0,122,101,110,110,133,3286,364884,699339,114921,3286,41,9,0,10600,8589,1761,0,1016,191,156,35,9,0,35534,26260,5623,5316,885,122,552,0,0,0,0,0,91,0,59,0,11,44,4,0,0,0,0,0,0,0,0,0,0,0,19,9,5,1,105,58,0,0,23,0,0,0,24,393,243716,0,0,0,0,51,66,9,2,2,14,16,5,29,No Team Selected
2-27,15:17:58,NINTEN,Zubat,Cooltrainer F,2,Victory Road,3,1:29:32.06,1:29:32,1h29m32s,13,16,29,62,5:37,17.767,DOUBLE-EDGE,WING ATTACK,MEGA DRAIN,MIMIC,41,11344,1147,157,36,1126,1052,673,18,56833,No Team Selected, ,Poison,Flying,247764,Zubat5,Zubat,,01:29:14.29,01:29:32.06,05:37:08.06,62,13,1,29,32,6,DOUBLE-EDGE,WING ATTACK,MEGA DRAIN,MIMIC,15,29,10,10,0,0,0,0,131,161,109,90,98,98,119,20919,38512,23236,27738,27738,32011,15,15,15,15,0,0,0,0,0,0,0,122,101,110,110,133,3286,386404,704850,121108,3286,41,9,0,11344,8884,2183,0,1147,193,157,36,10,0,36226,26717,5653,5346,891,122,554,0,0,0,0,0,91,0,60,0,11,44,4,0,0,0,0,0,0,0,0,0,0,0,19,9,5,1,105,58,0,0,23,0,0,0,24,396,247639,0,0,0,0,52,76,9,2,2,14,16,5,29,No Team Selected
2-27,15:18:20,NINTEN,Zubat,Cooltrainer M,3,Victory Road,3,1:29:53.74,1:29:53,1h29m53s,13,16,29,63,5:38,19.103,DOUBLE-EDGE,WING ATTACK,MEGA DRAIN,MIMIC,41,11344,1155,158,36,1133,1059,675,18,58338,No Team Selected, ,Poison,Flying,253484,Zubat5,Zubat,,01:29:34.64,01:29:53.74,05:38:34.22,63,13,1,29,53,74,DOUBLE-EDGE,WING ATTACK,MEGA DRAIN,MIMIC,13,29,5,10,0,0,0,0,144,164,111,91,100,100,121,21133,38795,23516,27993,27993,32264,15,15,15,15,0,0,0,0,0,0,0,124,102,112,112,136,3286,386537,709893,121108,3286,41,9,0,11344,8884,2183,0,1155,194,158,36,10,0,36723,27079,5736,5429,898,122,556,0,0,0,0,0,91,0,61,0,11,44,4,0,0,0,0,0,0,0,0,0,0,0,19,9,5,1,105,58,0,0,23,0,0,0,24,399,253359,0,0,0,0,52,76,9,2,2,14,16,5,29,No Team Selected
2-27,15:18:50,NINTEN,Zubat,Cooltrainer F,3,Victory Road,3,1:30:24.30,1:30:24,1h30m24s,13,16,29,63,5:40,13.322,DOUBLE-EDGE,WING ATTACK,MEGA DRAIN,MIMIC,42,11374,1163,159,36,1137,1063,676,18,59843,No Team Selected, ,Poison,Flying,258633,Zubat5,Zubat,,01:30:10.98,01:30:24.30,05:40:35.50,63,13,1,30,24,30,DOUBLE-EDGE,WING ATTACK,MEGA DRAIN,MIMIC,10,28,5,10,0,0,0,0,5,164,111,91,100,100,121,21533,38965,23681,28273,28273,32414,15,15,15,15,0,0,0,0,0,0,0,124,102,112,112,136,3286,387824,713978,123024,3286,42,9,0,11374,8914,2183,0,1163,195,159,36,10,0,37447,27601,5895,5588,902,122,557,0,0,0,0,0,91,0,61,0,11,44,4,0,0,0,0,0,0,0,0,0,0,0,19,9,5,1,105,58,0,0,23,0,0,0,24,402,258508,0,0,0,0,52,76,9,2,2,14,16,5,29,No Team Selected
2-27,15:19:25,NINTEN,Zubat,Cooltrainer M,2,Victory Road,3,1:30:58.91,1:30:58,1h30m58s,13,16,29,64,5:42,24.126,DOUBLE-EDGE,WING ATTACK,MEGA DRAIN,MIMIC,43,11399,1166,160,36,1145,1070,680,18,61348,No Team Selected, ,Poison,Flying,264418,Zubat5,Zubat,,01:30:34.78,01:30:58.91,05:42:53.27,64,13,1,30,58,91,DOUBLE-EDGE,WING ATTACK,MEGA DRAIN,MIMIC,9,24,3,10,0,0,0,0,56,168,113,93,102,102,123,21768,39265,24026,28563,28563,32634,15,15,15,15,0,-1,0,0,0,0,0,142,68,128,128,155,3286,388641,720240,124202,3286,43,9,0,11399,8939,2183,0,1166,196,160,36,10,0,37900,27981,6053,5746,909,122,561,0,0,0,0,0,91,0,62,0,11,44,4,0,0,0,0,0,0,0,0,0,0,0,19,9,5,1,105,58,0,0,23,0,0,0,24,405,264293,0,0,0,0,52,76,9,2,2,14,16,5,29,No Team Selected
2-27,15:20:00,NINTEN,Zubat,Pokemaniac,6,Victory Road,3,1:31:33.54,1:31:33,1h31m33s,13,16,29,64,5:45,15.402,DOUBLE-EDGE,WING ATTACK,MEGA DRAIN,MIMIC,43,11438,1167,161,36,1151,1076,683,18,62853,No Team Selected, ,Poison,Flying,268597,Zubat5,Zubat,,01:31:18.13,01:31:33.54,05:45:11.04,64,13,1,31,33,54,DOUBLE-EDGE,WING ATTACK,MEGA DRAIN,MIMIC,6,21,3,10,0,0,0,0,106,168,113,93,102,102,123,22046,39469,24239,28783,28783,32804,15,15,15,15,0,-3,0,0,0,0,0,159,41,144,144,174,3286,389907,724804,126629,3286,43,9,0,11438,8978,2183,0,1167,197,161,36,10,0,38364,28371,6115,5808,915,122,563,0,0,0,0,0,91,0,62,0,11,44,4,0,0,0,0,0,0,0,0,0,0,0,19,9,5,1,105,58,0,0,23,0,0,0,24,408,268472,0,0,0,0,52,76,9,2,2,14,16,5,29,No Team Selected
2-27,15:20:27,NINTEN,Zubat,Cooltrainer M,5,Victory Road,4,1:32:01.00,1:32:01,1h32m1s,13,16,29,64,5:47,19.089,DOUBLE-EDGE,WING ATTACK,MEGA DRAIN,MIMIC,43,11453,1186,162,36,1158,1083,686,18,64853,No Team Selected, ,Poison,Flying,274312,Zubat5,Zubat,,01:31:41.91,01:32:01.00,05:47:00.09,64,13,1,32,1,0,DOUBLE-EDGE,WING ATTACK,MEGA DRAIN,MIMIC,4,18,1,10,0,0,0,0,89,168,113,93,102,102,123,22301,39742,24518,29078,29078,33102,15,15,15,15,0,0,0,0,0,0,0,127,104,114,114,138,3286,390949,729781,127155,3286,43,9,0,11453,8993,2183,0,1186,198,162,36,10,0,39009,28819,6186,5879,922,122,566,0,0,0,0,0,93,0,63,0,11,44,4,0,0,0,0,0,0,0,0,0,0,0,19,9,5,1,105,58,0,0,23,0,0,0,24,412,274187,0,0,0,0,52,76,9,2,2,14,16,5,29,No Team Selected
2-27,15:21:26,NINTEN,Zubat,Swimmer,2,Route 19,2,1:33:00.03,1:33:00,1h33m0s,13,16,29,65,5:50,6.465,DOUBLE-EDGE,WING ATTACK,MEGA DRAIN,MIMIC,43,11739,1211,163,37,1161,1086,686,18,54323,No Team Selected, ,Poison,Flying,276257,Zubat5,Zubat,,01:32:53.56,01:33:00.03,05:50:54.15,65,13,1,33,0,3,DOUBLE-EDGE,WING ATTACK,MEGA DRAIN,MIMIC,13,35,10,10,0,0,0,0,138,170,115,95,103,103,125,22406,39892,24813,29253,29253,33282,15,15,15,15,0,0,0,0,0,0,0,129,106,115,115,140,3286,399844,733645,128442,3286,43,9,0,11739,9279,2183,0,1211,200,163,37,10,0,39652,29037,6218,5911,925,122,566,0,0,0,0,0,93,0,63,0,11,44,4,0,0,0,0,0,0,0,0,0,0,0,19,9,5,1,105,58,0,0,23,0,0,0,24,415,276132,0,0,0,0,52,80,9,2,2,14,16,5,29,No Team Selected
2-27,15:21:39,NINTEN,Zubat,Swimmer,3,Route 19,3,1:33:13.05,1:33:13,1h33m13s,13,16,29,65,5:51,10.127,DOUBLE-EDGE,WING ATTACK,MEGA DRAIN,MIMIC,43,11744,1212,164,37,1164,1089,686,18,54473,No Team Selected, ,Poison,Flying,278117,Zubat5,Zubat,,01:33:02.92,01:33:13.05,05:51:45.57,65,13,1,33,13,5,DOUBLE-EDGE,WING ATTACK,MEGA DRAIN,MIMIC,13,35,7,10,0,0,0,0,170,170,115,95,103,103,125,22511,40044,24998,29443,29443,33490,15,15,15,15,0,0,0,0,0,0,0,129,106,115,115,140,3286,400034,736557,128442,3286,43,9,0,11744,9284,2183,0,1212,201,164,37,10,0,40047,29228,6218,5911,928,122,566,0,0,0,0,0,94,0,63,0,11,44,4,0,0,0,0,0,0,0,0,0,0,0,19,9,5,1,105,58,0,0,23,0,0,0,24,418,277992,0,0,0,0,52,80,9,2,2,14,16,5,29,No Team Selected
2-27,15:23:05,NINTEN,Zubat,Lorelei,1,Lorelei's Room,5,1:34:38.95,1:34:38,1h34m38s,13,16,29,66,5:57,47.78,DOUBLE-EDGE,WING ATTACK,MEGA DRAIN,MIMIC,44,11776,1214,165,37,1183,1108,697,17,54618,No Team Selected, ,Poison,Flying,288626,Zubat5,Zubat,Lorelei,01:33:51.17,01:34:38.95,05:57:27.13,66,13,1,34,38,95,DOUBLE-EDGE,WING ATTACK,MEGA DRAIN,MIMIC,11,32,4,10,0,0,1,2,150,173,117,97,105,105,127,22941,40419,25483,29893,29893,33815,15,15,15,15,0,0,6,6,0,0,0,131,109,472,472,142,3286,403072,748455,133982,3286,44,9,0,11776,9316,2183,0,1214,202,165,37,10,0,41196,30193,6504,6197,944,122,569,0,0,0,0,0,95,0,63,0,11,44,4,0,0,0,0,0,0,0,0,0,0,0,19,9,5,1,105,58,0,0,23,1,0,0,24,423,288501,0,0,0,0,52,80,9,2,2,14,16,5,29,No Team Selected
2-27,15:23:49,NINTEN,Zubat,Bruno,1,Bruno's Room,5,1:35:23.29,1:35:23,1h35m23s,13,16,29,66,6:00,27.476,DOUBLE-EDGE,WING ATTACK,MEGA DRAIN,MIMIC,45,11787,1215,166,37,1193,1118,700,16,60162,No Team Selected, ,Poison,Flying,296833,Zubat5,Zubat,Bruno,01:34:55.81,01:35:23.29,06:00:23.29,66,13,1,35,23,29,DOUBLE-EDGE,WING ATTACK,MEGA DRAIN,MIMIC,15,27,10,14,0,0,1,2,173,173,117,97,105,105,127,23201,40864,26015,30088,30088,34173,15,15,15,15,0,0,0,0,0,0,0,131,109,118,118,142,3286,403955,755890,136240,3286,45,9,0,11787,9327,2183,0,1215,203,166,37,10,0,42230,30852,6538,6231,954,123,570,0,0,0,0,0,96,0,63,0,11,44,4,0,0,0,0,0,0,0,0,0,0,0,19,9,5,1,105,58,0,0,23,1,0,0,24,428,296708,0,0,0,0,52,80,9,2,2,14,16,5,29,No Team Selected
2-27,15:27:10,NINTEN,Zubat,Lorelei,1,Lorelei's Room,5,1:37:29.54,1:37:29,1h37m29s,13,17,30,67,6:08,55.087,DOUBLE-EDGE,WING ATTACK,MEGA DRAIN,MIMIC,46,11832,1224,168,37,1242,1157,736,16,32952,No Team Selected, ,Poison,Flying,309622,Zubat5,Zubat,Lorelei,01:36:34.45,01:37:29.54,06:08:45.35,67,13,1,37,29,54,DOUBLE-EDGE,WING ATTACK,MEGA DRAIN,MIMIC,11,30,3,10,0,0,1,2,114,176,118,98,107,107,129,23691,41304,26560,30668,30668,34608,15,15,15,15,-1,0,6,6,0,0,0,121,174,481,481,230,3286,407838,781416,136957,3286,46,9,0,11832,9372,2183,0,1224,205,168,37,10,0,43764,32097,7283,6822,990,132,591,0,0,0,0,0,100,0,63,0,16,44,4,0,0,0,0,0,0,0,0,0,0,0,30,15,5,1,105,58,0,0,24,2,0,0,28,434,309497,0,0,0,0,52,80,9,2,2,14,17,5,30,No Team Selected
2-27,15:27:53,NINTEN,Zubat,Bruno,1,Bruno's Room,5,1:38:13.04,1:38:13,1h38m13s,13,17,30,68,6:11,26.773,DOUBLE-EDGE,WING ATTACK,MEGA DRAIN,MIMIC,47,11845,1227,169,37,1251,1166,739,16,38496,No Team Selected, ,Poison,Flying,317829,Zubat5,Zubat,Bruno,01:37:46.27,01:38:13.04,06:11:38.29,68,13,1,38,13,4,DOUBLE-EDGE,WING ATTACK,MEGA DRAIN,MIMIC,15,28,10,14,0,0,1,2,136,178,121,100,109,109,131,23951,41749,27092,30863,30863,34966,15,15,15,15,0,-1,0,0,0,0,0,153,74,137,137,165,3286,408900,788685,139000,3286,47,9,0,11845,9385,2183,0,1227,206,169,37,10,0,44843,32756,7357,6896,999,132,594,0,0,0,0,0,101,0,64,0,16,44,4,0,0,0,0,0,0,0,0,0,0,0,30,15,5,1,105,58,0,0,24,2,0,0,28,439,317704,0,0,0,0,52,80,9,2,2,14,17,5,30,No Team Selected
2-27,15:30:33,NINTEN,Zubat,Agatha,1,Agatha's Room,5,1:40:52.87,1:40:52,1h40m52s,16,17,33,80,6:16,30.312,DOUBLE-EDGE,WING ATTACK,MEGA DRAIN,MIMIC,48,11856,1243,170,37,1265,1177,748,15,44238,No Team Selected, ,Poison,Flying,522086,Zubat5,Zubat,Agatha,01:40:22.55,01:40:52.87,06:16:50.45,80,16,1,40,52,87,DOUBLE-EDGE,WING ATTACK,MEGA DRAIN,MIMIC,15,35,12,3,0,0,1,2,94,208,141,117,128,128,153,24251,42094,27396,31378,31378,35451,15,15,15,15,0,0,0,0,0,0,0,158,131,144,144,172,3433,409884,796809,148486,3433,48,10,0,11856,9396,2183,0,1243,207,170,37,10,0,45643,33476,7471,7010,1010,137,598,0,0,0,0,0,101,0,64,0,18,44,4,0,0,0,0,0,0,0,0,0,0,0,33,18,5,1,105,58,0,0,24,2,0,0,28,444,327790,0,0,0,0,52,80,9,2,2,14,17,5,33,No Team Selected
2-27,15:31:39,NINTEN,Zubat,Lance,1,Lance's Room,5,1:41:58.29,1:41:58,1h41m58s,16,17,33,81,6:21,51.042,DOUBLE-EDGE,WING ATTACK,MEGA DRAIN,MIMIC,49,11906,1244,171,37,1286,1198,764,15,50178,No Team Selected, ,Poison,Flying,533692,Zubat5,Zubat,Lance,01:41:07.25,01:41:58.29,06:21:11.01,81,16,1,41,58,29,DOUBLE-EDGE,WING ATTACK,MEGA DRAIN,MIMIC,10,34,1,9,0,0,1,2,156,211,143,119,129,129,156,24639,42626,27765,31778,31778,35882,15,15,15,15,0,0,0,0,6,0,0,160,133,145,145,702,3433,411617,809437,149741,3433,49,10,0,11906,9446,2183,0,1244,208,171,37,10,0,46569,34318,7664,7203,1028,137,601,0,0,0,0,0,103,0,64,0,18,44,4,0,0,0,0,0,0,0,0,0,0,0,33,18,5,1,105,58,0,0,24,2,0,0,28,449,339396,0,0,0,0,52,80,9,2,2,14,17,5,33,No Team Selected
2-27,15:32:43,NINTEN,Zubat,Champion,1,Champions Room,6,1:43:02.97,1:43:02,1h43m2s,16,17,33,81,6:25,44.61,DOUBLE-EDGE,WING ATTACK,MEGA DRAIN,MIMIC,50,11914,1244,172,37,1301,1213,768,14,56316,No Team Selected, ,Poison,Flying,549525,Zubat5,Zubat,Champion,01:42:18.36,01:43:02.97,06:25:28.15,81,16,1,43,2,97,DOUBLE-EDGE,WING ATTACK,MEGA DRAIN,MIMIC,10,32,7,11,0,0,1,2,211,211,143,119,129,129,156,25146,43174,28270,32318,32318,36361,15,15,15,15,0,-2,0,0,0,0,0,202,66,183,183,220,3433,413334,821045,151850,3433,50,10,0,11914,9454,2183,0,1244,209,172,37,10,0,47893,35431,7809,7348,1043,137,604,0,0,0,0,0,104,0,64,0,18,44,4,0,0,0,0,0,0,0,0,0,0,0,33,18,5,1,105,58,0,0,24,7,0,0,28,455,355229,0,0,0,0,52,80,9,2,2,14,17,5,33,No Team Selected
