date_string,time_string,player_name,pokemon,trainer_name,trainer_id,location,total_pokemon,real_time_total,real_time_hmmss,real_time_file_label,resets,blackouts,failures,level,game_time,battle_duration,move1,move2,move3,move4,move1pp,move2pp,move3pp,move4pp,move1ppUp,move2ppUp,move3ppUp,move4ppUp,saves,steps,bonks,trainerBattles,wildBattles,battleTurns,playerTurns,enemyTurns,itemsInBag,money,rivalTeam,statusCondition,type1,type2,experience,ROM,Species,Trainer,Start Time,Real Time,Game Time,Level,Resets,RTHours,RTMinutes,RTSeconds,RTMilliseconds,Move 1,Move 2,Move 3,Move 4,Hp,Max HP,Attack,Defense,Sp. Attack,Sp. Defense,Speed,Attack DV,Defense DV,Speed DV,Special DV,StatExp HP,StatExp Attack,StatExp Def,StatExp Sp. Attack,StatExp Sp. Defense,StatExp Speed,Attack Stage,Defense Stage,Sp. Attack Stage,Sp. Defense Stage,Speed Stage,Accuracy Stage,Evasion Stage,Battle Attack,Battle Defense,Battle Sp. Attack,Battle Sp. Defense,Battle Speed,Frame Count,Overworld Frame Count,Battle Frame Count,Menu Frame Count,Intro Frame Count,Save Count,Reload Count,Clock Reset Count,Steps Count,Steps Count Walk,Steps Count Bike,Steps Count Surf,Bonks,Battles,Trainer Battles,Wild Battles,Battles Fled,Failed Runs,Total Damage Dealt,Actual Damage Dealt,Total Damage Taken,Actual Damage Taken,Own Moves Hit,Own Moves Missed,Enemy Moves Hit,Enemy Moves Missed,Own Moves Super Effective,Own Moves Not Very Effective,Enemy Moves Super Effective,Enemy Moves Not Very Effective,Criticals Dealt,OHKOs Dealt,Criticals Taken,OHKOs Taken,Was Confused,Enemy Became Confused,Was Paralyzed,Enemy Was Paralyzed,Was Burned,Enemy Was Burned,Was Frozen,Enemy Was Frozen,Was Poisoned,Enemy Was Poisoned,Was Badly Poisoned,Enemy Was Badly Poisoned,Fell Asleep,Enemy Fell Asleep,Player Turns Confused,Player Turns Confused Hit Self,Player Turns Paralyzed,Player Turns Paralyzed Fully,Enemy Turns Confused,Enemy Turns Confused Hit Self,Enemy Turns Paralyzed,Enemy Turns Paralyzed Fully, Player Turns Asleep, Enemy Turns Asleep,Player HP Healed,Enemy HP Healed,Player Pokemon Fainted,Enemy Pokemon Fainted,Experience Gained,Switchouts,Money Made,Money Spent,Money Lost,Items Picked Up,Items Bought,Items Sold,Balls Thrown,Pokemon Caught In Balls,Moves Learnt,Blackouts,Attempt Number,Failures, Rival's Team
1-08,11:15:38,NINTEN,Pidgey,Rival1-Lab,1,Pallet Town - Oak's Lab,1,54.08,54,0h0m54s,0,0,0,6,0:03,8.905,GUST,SAND-ATTACK,,,0,77,3,1,1,4,4,3,1,3000,Jolteon, ,Normal,Flying,232,Pidgey1,Pidgey,Rival (Lab),00:00:45.17,00:00:54.08,00:03:01.11,6,0,0,0,54,8,GUST,SAND-ATTACK,,,31,15,0,0,0,0,0,0,16,22,12,11,11,11,13,55,55,50,65,65,55,15,15,15,15,0,-1,0,0,0,0,0,12,7,11,11,13,12823,7505,3338,0,1980,0,0,0,77,77,0,0,3,2,1,1,0,0,23,21,6,6,4,1,2,0,0,0,0,0,0,0,0,0,0,0,0,0,0,0,0,0,0,0,0,0,0,0,0,0,0,0,0,0,0,0,0,0,0,0,0,1,97,0,0,0,0,0,0,0,0,0,0,0,1,0,Jolteon
1-08,11:17:28,NINTEN,Pidgey,Bug Catcher,1,Viridian Forest,2,2:43.96,2:43,0h2m43s,0,0,0,9,0:10,17.189,GUST,SAND-ATTACK,,,0,550,42,2,5,18,18,13,4,75,Flareon, ,Normal,Flying,460,Pidgey1,Pidgey,,00:02:26.77,00:02:43.96,00:10:15.08,9,0,0,2,43,96,GUST,SAND-ATTACK,,,21,15,0,0,0,0,0,0,8,29,16,15,14,14,18,255,261,235,200,200,329,15,15,15,15,0,0,0,0,-1,0,0,16,15,14,14,11,38860,24064,12816,0,1980,0,0,0,550,550,0,0,42,7,2,5,0,0,132,114,27,27,18,3,10,0,0,0,0,0,0,0,0,0,0,0,0,0,0,0,0,0,0,0,0,0,0,0,0,0,0,0,0,0,0,0,0,0,0,0,0,6,325,0,0,0,0,2,13,0,0,0,0,0,1,0,Flareon
1-08,11:17:57,NINTEN,Pidgey,Bug Catcher,2,Viridian Forest,3,3:12.48,3:12,0h3m12s,0,0,0,10,0:12,21.129,GUST,SAND-ATTACK,,,0,570,49,3,5,28,28,22,4,145,Flareon, ,Normal,Flying,709,Pidgey1,Pidgey,,00:02:51.35,00:03:12.48,00:12:07.51,10,0,0,3,12,48,GUST,SAND-ATTACK,,,11,15,0,0,0,0,0,0,28,31,17,16,15,15,19,400,331,380,270,270,434,15,15,15,15,0,0,0,0,-2,0,0,17,16,15,15,9,45623,24953,18258,432,1980,0,0,0,570,570,0,0,49,8,3,5,0,0,222,180,29,29,28,3,13,0,0,0,0,0,2,0,0,0,0,0,0,0,0,0,0,0,0,0,0,0,0,0,0,0,0,0,0,0,0,0,0,0,0,0,0,9,574,0,0,0,0,2,13,0,0,0,0,0,1,0,Flareon
1-08,11:19:19,NINTEN,Pidgey,Rival1a-Route 22,2,Route 22,2,4:34.60,4:34,0h4m34s,0,0,0,12,0:17,13.237,QUICK ATTACK,SAND-ATTACK,GUST,,1,822,65,4,12,46,46,31,4,205,Flareon, ,Normal,Flying,1218,Pidgey1,Pidgey,Rival (Optional),00:04:21.36,00:04:34.60,00:17:31.48,12,0,0,4,34,60,QUICK ATTACK,SAND-ATTACK,GUST,,27,15,31,0,0,0,0,0,18,36,20,18,17,17,22,816,678,755,551,551,860,15,15,15,15,0,-1,0,0,0,0,0,20,11,17,17,22,65060,31486,30582,1012,1980,1,0,0,822,822,0,0,65,16,4,12,0,0,464,360,53,53,46,3,19,0,0,0,0,0,3,0,1,0,0,0,0,0,0,0,0,0,0,0,0,0,0,0,0,0,0,0,0,0,0,0,0,0,0,0,0,18,1083,0,0,0,0,3,13,0,0,0,1,0,1,0,Flareon
1-08,11:20:02,NINTEN,Pidgey,Lass,19,Viridian Forest,2,5:17.53,5:17,0h5m17s,0,0,0,13,0:20,9.455,QUICK ATTACK,SAND-ATTACK,GUST,,1,1006,76,5,15,54,54,34,4,485,Jolteon, ,Normal,Flying,1474,Pidgey1,Pidgey,,00:05:08.07,00:05:17.53,00:20:21.01,13,0,0,5,17,53,QUICK ATTACK,SAND-ATTACK,GUST,,19,15,31,0,0,0,0,0,18,38,21,20,18,18,24,1047,922,952,706,706,1111,15,15,15,15,-1,-1,0,0,0,0,0,13,13,18,18,24,75213,35631,36590,1012,1980,1,0,0,1006,1006,0,0,76,20,5,15,0,0,587,460,55,55,54,3,22,0,0,0,0,0,3,0,1,0,0,0,0,0,0,0,0,0,0,0,0,0,0,0,0,0,0,0,0,0,0,0,0,0,0,0,0,23,1339,0,0,0,0,3,13,0,0,0,1,0,1,0,Jolteon
1-08,11:20:44,NINTEN,Pidgey,Bug Catcher,15,Viridian Forest,2,5:59.44,5:59,0h5m59s,0,0,0,14,0:23,9.349,QUICK ATTACK,SAND-ATTACK,GUST,,1,1083,82,6,20,64,64,37,4,575,Jolteon, ,Normal,Flying,1842,Pidgey1,Pidgey,,00:05:50.09,00:05:59.44,00:23:05.41,14,0,0,5,59,44,QUICK ATTACK,SAND-ATTACK,GUST,,9,15,31,0,0,0,0,0,40,40,22,21,19,19,26,1362,1142,1247,886,886,1418,15,15,15,15,0,0,0,0,0,0,0,22,21,19,19,26,85093,37432,44252,1429,1980,1,0,0,1083,1083,0,0,82,26,6,20,0,0,781,601,55,55,64,4,22,0,0,0,0,0,5,0,1,0,0,0,0,0,0,0,0,0,0,0,0,0,0,0,0,0,0,0,0,0,0,0,0,0,0,0,0,30,1707,0,0,0,0,3,13,0,0,0,1,0,1,0,Jolteon
1-08,11:21:08,NINTEN,Pidgey,Bug Catcher,3,Viridian Forest,1,6:23.78,6:23,0h6m23s,0,0,0,14,0:24,7.103,QUICK ATTACK,SAND-ATTACK,GUST,,1,1153,83,7,22,70,70,40,4,655,Jolteon, ,Normal,Flying,2017,Pidgey1,Pidgey,,00:06:16.67,00:06:23.78,00:24:41.43,14,0,0,6,23,78,QUICK ATTACK,SAND-ATTACK,GUST,,3,15,31,0,0,0,0,0,37,40,22,21,19,19,26,1502,1222,1372,951,951,1538,15,15,15,15,0,0,0,0,-1,0,0,22,21,19,19,17,90855,38911,48535,1429,1980,1,0,0,1153,1153,0,0,83,29,7,22,0,0,879,666,58,58,70,4,24,0,0,0,0,0,5,0,1,0,0,0,0,0,0,0,0,0,0,0,0,0,0,0,0,0,0,0,0,0,0,0,0,0,0,0,0,33,1882,0,0,0,0,4,13,0,0,0,1,0,1,0,Jolteon
1-08,11:21:43,NINTEN,Pidgey,Jr Trainer M,1,Pewter City - Gym,2,6:58.49,6:58,0h6m58s,0,0,0,15,0:26,10.99,QUICK ATTACK,SAND-ATTACK,GUST,,1,1273,85,8,23,77,77,44,4,755,Jolteon, ,Normal,Flying,2396,Pidgey1,Pidgey,,00:06:47.50,00:06:58.49,00:26:58.36,15,0,0,6,58,49,QUICK ATTACK,SAND-ATTACK,GUST,,25,15,35,0,0,0,0,0,32,43,24,22,21,21,27,1607,1382,1517,1046,1046,1718,15,15,15,15,0,0,0,0,0,0,0,24,22,21,21,27,99068,42521,53138,1429,1980,1,0,0,1273,1273,0,0,85,31,8,23,0,0,991,739,72,72,77,4,28,0,0,0,0,0,5,0,2,0,0,0,0,0,0,0,0,0,0,0,0,0,0,0,0,0,0,0,0,0,0,0,0,0,0,0,0,36,2261,0,0,0,0,5,13,0,0,0,1,0,1,0,Jolteon
1-08,11:22:44,NINTEN,Pidgey,Brock,1,Pewter City - Gym,2,7:59.41,7:59,0h7m59s,0,0,0,16,0:31,51.957,QUICK ATTACK,SAND-ATTACK,GUST,,2,1277,85,9,23,108,108,68,4,935,Jolteon, ,Normal,Flying,2856,Pidgey1,Pidgey,Brock,00:07:07.45,00:07:59.41,00:31:00.26,16,0,0,7,59,41,QUICK ATTACK,SAND-ATTACK,GUST,,6,3,35,0,0,0,0,0,14,45,25,24,22,22,29,1682,1507,1777,1106,1106,1808,15,15,15,15,0,0,0,0,0,0,0,25,24,22,22,29,113579,43153,66093,2353,1980,2,0,0,1277,1277,0,0,85,32,9,23,0,0,1057,800,103,103,108,21,35,0,0,0,0,0,10,0,2,0,0,0,0,0,0,0,0,0,0,0,0,0,0,0,0,0,0,0,0,0,0,0,0,0,0,0,0,38,2721,0,0,0,0,5,13,0,0,0,1,0,1,0,Jolteon
1-08,11:23:18,NINTEN,Pidgey,Bug Catcher,4,Route 3,3,8:33.35,8:33,0h8m33s,0,0,0,17,0:33,14.331,QUICK ATTACK,SAND-ATTACK,GUST,,2,1390,87,10,23,114,114,71,5,2123,Jolteon, ,Normal,Flying,3191,Pidgey1,Pidgey,,00:08:19.02,00:08:33.35,00:33:14.33,17,0,0,8,33,35,QUICK ATTACK,SAND-ATTACK,GUST,,24,15,35,0,0,0,0,0,38,47,27,25,23,23,31,1812,1602,1877,1166,1166,1948,15,15,15,15,0,0,0,0,0,0,0,30,25,23,23,31,121625,46791,70501,2353,1980,2,0,0,1390,1390,0,0,87,33,10,23,0,0,1192,889,112,112,114,21,38,0,0,0,0,0,11,0,3,0,0,0,0,0,0,0,0,0,0,0,0,0,0,0,0,0,0,0,0,0,0,0,0,0,0,0,0,41,3056,0,0,0,0,5,13,0,0,0,1,0,1,0,Jolteon
1-08,11:23:29,NINTEN,Pidgey,Youngster,1,Route 3,2,8:45.15,8:45,0h8m45s,0,0,0,17,0:34,8.076,QUICK ATTACK,SAND-ATTACK,GUST,,2,1396,89,11,23,117,117,72,5,2223,Jolteon, ,Normal,Flying,3469,Pidgey1,Pidgey,,00:08:37.07,00:08:45.15,00:34:00.55,17,0,0,8,45,15,QUICK ATTACK,SAND-ATTACK,GUST,,21,15,35,0,0,0,0,0,38,47,27,25,23,23,31,1877,1718,1956,1231,1231,2075,15,15,15,15,0,-1,0,0,0,0,0,33,16,23,23,31,124407,47171,72903,2353,1980,2,0,0,1396,1396,0,0,89,34,11,23,0,0,1266,948,112,112,117,21,39,0,0,0,0,0,12,0,3,0,0,0,0,0,0,0,0,0,0,0,0,0,0,0,0,0,0,0,0,0,0,0,0,0,0,0,0,43,3334,0,0,0,0,5,13,0,0,0,1,0,1,0,Jolteon
1-08,11:23:50,NINTEN,Pidgey,Bug Catcher,5,Route 3,4,9:05.29,9:05,0h9m5s,0,0,0,18,0:35,16.762,QUICK ATTACK,SAND-ATTACK,GUST,,2,1402,89,12,23,124,124,75,5,2388,Jolteon, ,Normal,Flying,3944,Pidgey1,Pidgey,,00:08:48.53,00:09:05.29,00:35:20.26,18,0,0,9,5,29,QUICK ATTACK,SAND-ATTACK,GUST,,14,15,35,0,0,0,0,0,40,49,28,26,24,24,32,2057,1828,2126,1321,1321,2235,15,15,15,15,0,0,0,0,-1,0,0,31,26,24,24,21,129178,47483,77362,2353,1980,2,0,0,1402,1402,0,0,89,35,12,23,0,0,1437,1060,112,112,124,21,40,0,0,0,0,0,14,0,3,0,0,0,0,0,0,0,0,0,0,0,0,0,0,0,0,0,0,0,0,0,0,0,0,0,0,0,0,47,3809,0,0,0,0,5,13,0,0,0,1,0,1,0,Jolteon
1-08,11:24:09,NINTEN,Pidgey,Lass,2,Route 3,2,9:24.41,9:24,0h9m24s,0,0,0,18,0:36,9.376,QUICK ATTACK,SAND-ATTACK,GUST,,2,1434,92,13,23,128,128,77,5,2478,Jolteon, ,Normal,Flying,4192,Pidgey1,Pidgey,,00:09:15.03,00:09:24.41,00:36:35.57,18,0,0,9,24,41,QUICK ATTACK,SAND-ATTACK,GUST,,10,15,35,0,0,0,0,0,34,49,28,26,24,24,32,2133,1941,2201,1386,1386,2357,15,15,15,15,0,-1,0,0,0,0,0,34,17,24,24,32,133709,48957,80419,2353,1980,2,0,0,1434,1434,0,0,92,36,13,23,0,0,1536,1117,118,118,128,21,42,0,0,0,0,0,14,0,3,0,0,0,0,0,0,0,0,0,0,0,0,0,0,0,0,0,0,0,0,0,0,0,0,0,0,0,0,49,4057,0,0,0,0,5,13,0,0,0,1,0,1,0,Jolteon
1-08,11:24:22,NINTEN,Pidgey,Bug Catcher,6,Route 3,2,9:38.08,9:38,0h9m38s,0,0,0,18,0:37,9.523,QUICK ATTACK,SAND-ATTACK,GUST,,2,1444,93,14,23,132,132,79,5,2628,Jolteon, ,Normal,Flying,4485,Pidgey1,Pidgey,,00:09:28.56,00:09:38.08,00:37:29.53,18,0,0,9,38,8,QUICK ATTACK,SAND-ATTACK,GUST,,6,15,35,0,0,0,0,0,34,49,28,26,24,24,32,2228,1991,2291,1431,1431,2432,15,15,15,15,0,0,0,0,0,0,0,31,26,24,24,32,136945,49473,83139,2353,1980,2,0,0,1444,1444,0,0,93,37,14,23,0,0,1612,1182,118,118,132,21,42,0,0,0,0,0,15,0,3,0,0,0,0,0,0,0,0,0,0,0,0,0,0,0,0,0,0,0,0,0,0,0,0,0,0,0,0,51,4350,0,0,0,0,5,13,0,0,0,1,0,1,0,Jolteon
1-08,11:24:33,NINTEN,Pidgey,Lass,3,Route 3,1,9:48.73,9:48,0h9m48s,0,0,0,19,0:38,6.921,QUICK ATTACK,SAND-ATTACK,GUST,WHIRLWIND,2,1456,93,15,23,134,134,80,5,2738,Jolteon, ,Normal,Flying,4713,Pidgey1,Pidgey,,00:09:41.81,00:09:48.73,00:38:11.51,19,0,0,9,48,73,QUICK ATTACK,SAND-ATTACK,GUST,WHIRLWIND,4,15,35,20,0,0,0,0,29,52,29,28,25,25,34,2343,2036,2311,1456,1456,2452,15,15,15,15,0,0,0,0,0,0,0,32,28,25,25,34,139463,49857,85273,2353,1980,2,0,0,1456,1456,0,0,93,38,15,23,0,0,1679,1240,126,126,134,21,43,0,0,0,0,0,16,0,3,0,0,0,0,0,0,0,0,0,0,0,0,0,0,0,0,0,0,0,0,0,0,0,0,0,0,0,0,52,4578,0,0,0,0,5,13,0,0,0,1,0,1,0,Jolteon
1-08,11:25:02,NINTEN,Pidgey,Bug Catcher,7,Mt Moon - 1,2,10:17.34,10:17,0h10m17s,0,0,0,19,0:40,9.492,QUICK ATTACK,SAND-ATTACK,GUST,WHIRLWIND,2,1554,96,16,24,139,139,82,5,2948,Jolteon, ,Normal,Flying,5077,Pidgey1,Pidgey,,00:10:07.85,00:10:17.34,00:40:04.32,19,0,0,10,17,34,QUICK ATTACK,SAND-ATTACK,GUST,WHIRLWIND,25,15,35,20,0,0,0,0,52,52,29,28,25,25,34,2468,2141,2426,1541,1541,2592,15,15,15,15,0,0,0,0,-1,0,0,36,28,25,25,22,146224,52748,89143,2353,1980,2,0,0,1554,1554,0,0,96,40,16,24,0,0,1801,1331,126,126,139,21,44,0,0,0,0,0,16,0,3,0,0,0,0,0,0,0,0,0,0,0,0,0,0,0,0,0,0,0,0,0,0,0,0,0,0,0,0,55,4942,0,0,0,0,5,13,0,0,0,2,0,1,0,Jolteon
1-08,11:25:27,NINTEN,Pidgey,Lass,6,Mt Moon - 1,1,10:42.94,10:42,0h10m42s,0,0,0,19,0:41,17.022,QUICK ATTACK,SAND-ATTACK,GUST,WHIRLWIND,3,1563,96,17,25,151,143,93,5,3058,Jolteon, ,Normal,Flying,5281,Pidgey1,Pidgey,,00:10:25.91,00:10:42.94,00:41:45.47,19,0,0,10,42,94,QUICK ATTACK,SAND-ATTACK,GUST,WHIRLWIND,21,15,35,20,0,0,0,0,20,52,29,28,25,25,34,2538,2186,2474,1601,1601,2627,15,15,15,15,-4,0,0,0,0,0,0,10,28,25,25,34,152299,53133,94302,2884,1980,3,0,0,1563,1563,0,0,96,42,17,25,1,0,1860,1376,158,158,143,22,54,0,0,0,0,0,17,0,3,0,0,0,0,0,0,0,0,0,0,0,0,0,0,0,0,0,0,0,0,0,0,0,6,0,0,0,0,56,5146,0,0,0,0,5,13,0,0,0,2,0,1,0,Jolteon
1-08,11:25:45,NINTEN,Pidgey,Super Nerd,1,Mt Moon - 1,2,11:00.25,11:00,0h11m0s,0,0,0,20,0:42,10.465,QUICK ATTACK,SAND-ATTACK,GUST,WHIRLWIND,3,1597,97,18,25,155,147,95,5,3268,Jolteon, ,Normal,Flying,5730,Pidgey1,Pidgey,,00:10:49.78,00:11:00.25,00:42:54.01,20,0,0,11,0,25,QUICK ATTACK,SAND-ATTACK,GUST,WHIRLWIND,17,15,35,20,0,0,0,0,35,54,31,29,27,27,36,2603,2251,2594,1751,1751,2772,15,15,15,15,0,0,0,0,0,0,0,34,29,27,27,36,156393,53887,97175,3351,1980,3,0,0,1597,1597,0,0,97,43,18,25,1,0,1946,1435,165,165,147,22,56,0,0,0,0,0,17,0,4,0,0,0,0,0,0,0,0,0,0,0,0,0,0,0,0,0,0,0,0,0,0,0,6,0,0,0,0,58,5595,0,0,0,0,5,13,0,0,0,2,0,1,0,Jolteon
1-08,11:26:03,NINTEN,Pidgey,Bug Catcher,8,Mt Moon - 1,3,11:18.34,11:18,0h11m18s,0,0,0,20,0:44,11.632,QUICK ATTACK,SAND-ATTACK,GUST,WHIRLWIND,3,1615,98,19,25,160,152,97,6,3543,Jolteon, ,Normal,Flying,6107,Pidgey1,Pidgey,,00:11:06.71,00:11:18.34,00:44:05.22,20,0,0,11,18,34,QUICK ATTACK,SAND-ATTACK,GUST,WHIRLWIND,12,15,35,20,0,0,0,0,35,54,31,29,27,27,36,2743,2331,2719,1816,1816,2892,15,15,15,15,0,0,0,0,0,0,0,34,29,27,27,36,160674,54683,100660,3351,1980,3,0,0,1615,1615,0,0,98,44,19,25,1,0,2072,1526,165,165,152,23,56,0,0,0,0,0,17,0,4,0,0,0,0,0,0,0,0,0,0,0,0,0,0,0,0,0,0,0,0,0,0,0,6,0,0,0,0,61,5972,0,0,0,0,6,13,0,0,0,2,0,1,0,Jolteon
1-08,11:26:17,NINTEN,Pidgey,Lass,5,Mt Moon - 1,2,11:33.17,11:33,0h11m33s,0,0,0,21,0:45,10.597,QUICK ATTACK,SAND-ATTACK,GUST,WHIRLWIND,3,1637,98,20,25,164,156,99,6,3643,Jolteon, ,Normal,Flying,6488,Pidgey1,Pidgey,,00:11:22.57,00:11:33.17,00:45:03.56,21,0,0,11,33,17,QUICK ATTACK,SAND-ATTACK,GUST,WHIRLWIND,8,15,35,20,0,0,0,0,33,56,32,30,28,28,37,2838,2456,2809,1961,1961,2962,15,15,15,15,0,0,0,0,0,0,0,36,30,28,28,37,164188,55283,103574,3351,1980,3,0,0,1637,1637,0,0,98,45,20,25,1,0,2177,1592,169,169,156,23,58,0,0,0,0,0,17,0,4,0,0,0,0,0,0,0,0,0,0,0,0,0,0,0,0,0,0,0,0,0,0,0,6,0,0,0,0,63,6353,0,0,0,0,6,13,0,0,0,2,0,1,0,Jolteon
1-08,11:26:51,NINTEN,Pidgey,Rocket,3,Mt Moon - 3,2,12:06.87,12:06,0h12m6s,0,0,0,21,0:47,13.428,QUICK ATTACK,SAND-ATTACK,GUST,WHIRLWIND,4,1671,100,21,28,173,161,101,6,3808,Jolteon, ,Normal,Flying,6846,Pidgey1,Pidgey,,00:11:53.44,00:12:06.87,00:47:16.34,21,0,0,12,6,87,QUICK ATTACK,SAND-ATTACK,GUST,WHIRLWIND,3,15,35,20,0,0,0,0,17,56,32,30,28,28,37,2953,2606,2923,2081,2081,3127,15,15,15,15,0,0,0,0,0,0,0,36,30,28,28,37,172146,56431,109856,3879,1980,4,0,0,1671,1671,0,0,100,49,21,28,3,0,2328,1684,185,185,161,23,60,0,0,0,0,0,18,0,5,0,0,0,0,0,0,0,0,0,0,0,0,0,0,0,0,0,0,0,0,0,0,0,6,0,0,0,0,66,6711,0,0,0,0,6,13,0,0,0,2,0,1,0,Jolteon
1-08,11:27:15,NINTEN,Pidgey,Youngster,3,Mt Moon - 1,3,12:30.30,12:30,0h12m30s,0,0,0,21,0:48,9.402,QUICK ATTACK,SAND-ATTACK,GUST,WHIRLWIND,4,1706,101,22,29,177,165,101,7,4168,Jolteon, ,Normal,Flying,7264,Pidgey1,Pidgey,,00:12:20.89,00:12:30.30,00:48:48.25,21,0,0,12,30,30,QUICK ATTACK,SAND-ATTACK,GUST,WHIRLWIND,1,15,33,20,0,0,0,0,56,56,32,30,28,28,37,3093,2808,3063,2211,2211,3381,15,15,15,15,0,0,0,0,0,0,0,36,30,28,28,37,177657,57657,113411,4609,1980,4,0,0,1706,1706,0,0,101,51,22,29,3,0,2459,1791,185,185,165,23,60,0,0,0,0,0,18,0,5,0,0,0,0,0,0,0,0,0,0,0,0,0,0,0,0,0,0,0,0,0,0,0,6,0,0,0,0,70,7129,0,0,0,0,7,13,0,0,0,2,0,1,0,Jolteon
1-08,11:27:44,NINTEN,Pidgey,Rocket,1,Mt Moon - 3,2,12:59.42,12:59,0h12m59s,0,0,0,22,0:50,10.5,GUST,SAND-ATTACK,QUICK ATTACK,WHIRLWIND,4,1766,104,23,31,184,172,104,7,4318,Jolteon, ,Normal,Flying,7727,Pidgey1,Pidgey,,00:12:48.92,00:12:59.42,00:50:43.08,22,0,0,12,59,42,GUST,SAND-ATTACK,QUICK ATTACK,WHIRLWIND,26,15,1,20,0,0,0,0,53,59,34,32,29,29,39,3273,2999,3216,2376,2376,3598,15,15,15,15,0,-1,0,0,0,0,0,38,21,29,29,39,184540,59194,118757,4609,1980,4,0,0,1766,1766,0,0,104,54,23,31,3,0,2671,1918,191,191,172,23,63,0,0,0,0,0,19,0,5,0,0,0,0,0,0,0,0,0,0,0,0,0,0,0,0,0,0,0,0,0,0,0,6,0,0,0,0,74,7592,0,0,0,0,7,13,0,0,0,2,0,1,0,Jolteon
1-08,11:28:18,NINTEN,Pidgey,Super Nerd,2,Mt Moon - 3,3,13:33.89,13:33,0h13m33s,0,0,0,22,0:52,13.794,GUST,SAND-ATTACK,QUICK ATTACK,WHIRLWIND,4,1844,104,24,34,192,180,108,7,4708,Jolteon, ,Normal,Flying,8620,Pidgey1,Pidgey,,00:13:20.09,00:13:33.89,00:52:58.51,22,0,0,13,33,89,GUST,SAND-ATTACK,QUICK ATTACK,WHIRLWIND,18,15,1,20,0,0,0,0,41,59,34,32,29,29,39,3503,3219,3459,2591,2591,3793,15,15,15,15,0,0,0,0,0,0,0,38,32,29,29,39,192683,60709,125385,4609,1980,4,0,0,1844,1844,0,0,104,58,24,34,5,0,2858,2064,203,203,180,23,67,0,0,0,0,0,19,0,6,0,0,0,0,0,0,0,0,0,0,0,0,0,0,0,0,0,0,0,0,0,0,0,6,0,0,0,0,78,8485,0,0,0,0,7,13,0,0,0,2,0,1,0,Jolteon
1-08,11:28:45,NINTEN,Pidgey,Rocket,42,Mt Moon - 3,3,14:00.69,14:00,0h14m0s,0,0,0,23,0:54,17.039,GUST,SAND-ATTACK,QUICK ATTACK,WHIRLWIND,5,1860,106,25,34,200,187,112,8,5008,Jolteon,Poisoned,Normal,Flying,9355,Pidgey1,Pidgey,,00:13:43.64,00:14:00.69,00:54:44.55,23,0,0,14,0,69,GUST,SAND-ATTACK,QUICK ATTACK,WHIRLWIND,11,15,1,20,0,0,0,0,20,61,35,33,30,30,41,3618,3389,3633,2731,2731,3973,15,15,15,15,0,0,0,0,0,0,0,39,33,30,30,41,199047,62112,129827,5128,1980,5,0,0,1860,1860,0,0,106,59,25,34,5,0,3003,2174,226,226,187,23,71,0,0,0,0,0,19,0,7,0,0,0,0,0,0,0,0,0,0,1,0,0,0,0,0,0,0,0,0,0,0,0,6,0,0,0,0,81,9220,0,0,0,0,7,13,0,0,0,2,0,1,0,Jolteon
1-08,11:29:40,NINTEN,Pidgey,Rival2-Nugget Bridge,3,Cerulean City,4,14:56.11,14:56,0h14m56s,0,0,0,24,0:58,24.36,QUICK ATTACK,SAND-ATTACK,GUST,WHIRLWIND,6,2040,115,26,34,211,198,119,8,5428,Jolteon, ,Normal,Flying,10393,Pidgey1,Pidgey,Rival (Nugget Bridge),00:14:31.75,00:14:56.11,00:58:23.35,24,0,0,14,56,11,QUICK ATTACK,SAND-ATTACK,GUST,WHIRLWIND,19,15,35,20,0,0,0,0,21,64,37,35,32,32,42,3793,3635,3833,2882,2882,4210,15,15,15,15,-1,0,0,0,0,0,0,27,35,32,32,42,212167,67716,136411,6060,1980,6,0,0,2040,2040,0,0,115,60,26,34,5,0,3227,2345,269,269,197,25,77,0,0,0,0,0,19,0,7,0,0,0,0,0,0,0,0,0,0,1,0,0,0,0,0,0,0,0,0,0,0,0,6,0,0,0,0,85,10258,0,0,0,0,8,13,0,0,0,2,0,1,0,Jolteon
1-08,11:30:06,NINTEN,Pidgey,Bug Catcher,9,Route 24,2,15:21.65,15:21,0h15m21s,0,0,0,24,1:00,8.005,QUICK ATTACK,SAND-ATTACK,GUST,WHIRLWIND,6,2115,119,27,34,214,201,120,8,6023,Jolteon, ,Normal,Flying,10708,Pidgey1,Pidgey,,00:15:13.65,00:15:21.65,01:00:04.24,24,0,0,15,21,65,QUICK ATTACK,SAND-ATTACK,GUST,WHIRLWIND,27,15,35,20,0,0,0,0,64,64,37,35,32,32,42,3878,3700,3898,2922,2922,4305,15,15,15,15,0,0,0,0,-1,0,0,46,35,32,32,27,218216,71044,139132,6060,1980,6,0,0,2115,2115,0,0,119,61,27,34,5,0,3331,2420,269,269,200,25,78,0,0,0,0,0,19,0,7,0,0,0,0,0,0,0,0,0,0,1,0,0,0,0,0,0,0,0,0,0,0,0,6,0,0,0,0,87,10573,0,0,0,0,8,13,0,0,0,2,0,1,0,Jolteon
1-08,11:30:17,NINTEN,Pidgey,Lass,8,Route 24,2,15:33.21,15:33,0h15m33s,0,0,0,24,1:00,8.913,QUICK ATTACK,SAND-ATTACK,GUST,WHIRLWIND,6,2117,122,28,34,218,205,122,8,6163,Jolteon, ,Normal,Flying,11050,Pidgey1,Pidgey,,00:15:24.30,00:15:33.21,01:00:49.57,24,0,0,15,33,21,QUICK ATTACK,SAND-ATTACK,GUST,WHIRLWIND,23,15,35,20,0,0,0,0,60,64,37,35,32,32,42,3973,3792,3990,2997,2997,4402,15,15,15,15,0,0,0,0,0,0,0,41,35,32,32,42,220949,71172,141737,6060,1980,6,0,0,2117,2117,0,0,122,62,28,34,5,0,3441,2498,273,273,204,26,79,0,0,0,0,0,19,0,7,0,0,0,0,0,0,0,0,0,0,1,0,0,0,0,0,0,0,0,0,0,0,0,6,0,0,0,0,89,10915,0,0,0,0,8,13,0,0,0,2,0,1,0,Jolteon
1-08,11:30:35,NINTEN,Pidgey,Youngster,4,Route 24,3,15:50.79,15:50,0h15m50s,0,0,0,24,1:01,14.808,QUICK ATTACK,SAND-ATTACK,GUST,WHIRLWIND,6,2121,122,29,34,226,210,124,8,6373,Jolteon, ,Normal,Flying,11569,Pidgey1,Pidgey,,00:15:35.98,00:15:50.79,01:01:59.22,24,0,0,15,50,79,QUICK ATTACK,SAND-ATTACK,GUST,WHIRLWIND,18,15,35,20,0,0,0,0,51,64,37,35,32,32,42,4078,3953,4104,3102,3102,4584,15,15,15,15,0,0,0,0,0,0,0,41,35,32,32,42,225114,71344,145730,6060,1980,6,0,0,2121,2121,0,0,122,63,29,34,5,0,3612,2606,282,282,209,26,81,0,0,0,0,0,20,0,7,0,0,0,0,0,0,0,0,0,0,1,0,0,0,0,0,0,0,0,0,0,0,0,6,0,0,0,0,92,11434,0,0,0,0,8,13,0,0,0,2,0,1,0,Jolteon
1-08,11:30:48,NINTEN,Pidgey,Lass,7,Route 24,2,16:03.92,16:03,0h16m3s,0,0,0,25,1:02,10.333,QUICK ATTACK,SAND-ATTACK,GUST,WHIRLWIND,6,2125,128,30,34,230,214,126,8,6583,Jolteon, ,Normal,Flying,11957,Pidgey1,Pidgey,,00:15:53.59,00:16:03.92,01:02:51.05,25,0,0,16,3,92,QUICK ATTACK,SAND-ATTACK,GUST,WHIRLWIND,14,15,35,20,0,0,0,0,41,66,39,36,33,33,44,4173,4045,4196,3177,3177,4681,15,15,15,15,0,0,0,0,0,0,0,43,36,33,33,44,228218,71514,148664,6060,1980,6,0,0,2125,2125,0,0,128,64,30,34,5,0,3718,2693,294,294,213,26,83,0,0,0,0,0,20,0,7,0,0,0,0,0,0,0,0,0,0,1,0,0,0,0,0,0,0,0,0,0,0,0,6,0,0,0,0,94,11822,0,0,0,0,8,13,0,0,0,2,0,1,0,Jolteon
1-08,11:30:58,NINTEN,Pidgey,Jr Trainer M,3,Route 24,1,16:13.64,16:13,0h16m13s,0,0,0,25,1:03,5.627,QUICK ATTACK,SAND-ATTACK,GUST,WHIRLWIND,6,2129,139,31,34,232,216,127,8,6823,Jolteon, ,Normal,Flying,12242,Pidgey1,Pidgey,,00:16:08.02,00:16:13.64,01:03:29.16,25,0,0,16,13,64,QUICK ATTACK,SAND-ATTACK,GUST,WHIRLWIND,12,15,35,20,0,0,0,0,33,66,39,36,33,33,44,4213,4125,4231,3212,3212,4751,15,15,15,15,0,0,0,0,0,0,0,43,36,33,33,44,230508,71695,150773,6060,1980,6,0,0,2129,2129,0,0,139,65,31,34,5,0,3779,2738,302,302,215,26,84,0,0,0,0,0,20,0,7,0,0,0,0,0,0,0,0,0,0,1,0,0,0,0,0,0,0,0,0,0,0,0,6,0,0,0,0,95,12107,0,0,0,0,8,13,0,0,0,2,0,1,0,Jolteon
1-08,11:31:14,NINTEN,Pidgey,Rocket,6,Route 24,2,16:29.93,16:29,0h16m29s,0,0,0,25,1:04,10.13,QUICK ATTACK,SAND-ATTACK,GUST,WHIRLWIND,6,2135,145,32,34,236,220,129,9,7183,Jolteon, ,Normal,Flying,12612,Pidgey1,Pidgey,,00:16:19.80,00:16:29.93,01:04:33.37,25,0,0,16,29,93,QUICK ATTACK,SAND-ATTACK,GUST,WHIRLWIND,8,15,35,20,0,0,0,0,32,66,39,36,33,33,44,4288,4230,4310,3292,3292,4861,15,15,15,15,0,-1,0,0,0,0,0,48,23,33,33,44,234369,72663,153666,6060,1980,6,0,0,2135,2135,0,0,145,66,32,34,5,0,3918,2815,303,303,219,26,86,0,0,0,0,0,20,0,7,0,0,0,0,0,0,0,0,0,0,1,0,0,0,0,0,0,0,0,0,0,0,0,6,0,0,0,0,97,12477,0,0,0,0,8,13,0,0,0,2,0,1,0,Jolteon
1-08,11:31:44,NINTEN,Pidgey,Hiker,2,Route 25,2,16:59.64,16:59,0h16m59s,0,0,0,25,1:06,14.825,QUICK ATTACK,SAND-ATTACK,GUST,WHIRLWIND,7,2177,146,33,34,243,227,134,9,7633,Jolteon, ,Normal,Flying,13170,Pidgey1,Pidgey,,00:16:44.82,00:16:59.64,01:06:30.55,25,0,0,16,59,64,QUICK ATTACK,SAND-ATTACK,GUST,WHIRLWIND,1,15,35,20,0,0,0,0,59,66,39,36,33,33,44,4398,4390,4460,3357,3357,4916,15,15,15,15,0,0,0,0,0,0,0,43,36,33,33,44,241407,74290,157678,7459,1980,7,0,0,2177,2177,0,0,146,67,33,34,5,0,4015,2902,310,310,226,26,87,0,0,0,0,0,22,0,7,0,0,0,0,0,0,0,0,0,0,1,0,0,0,0,0,0,0,0,0,0,0,0,6,0,0,0,0,99,13035,0,0,0,0,8,13,0,0,0,2,0,1,0,Jolteon
1-08,11:32:03,NINTEN,Pidgey,Lass,9,Route 25,2,17:18.55,17:18,0h17m18s,0,0,0,26,1:07,12.078,GUST,SAND-ATTACK,QUICK ATTACK,WHIRLWIND,7,2197,151,34,34,247,231,136,10,8158,Jolteon, ,Normal,Flying,13551,Pidgey1,Pidgey,,00:17:06.48,00:17:18.55,01:07:45.34,26,0,0,17,18,55,GUST,SAND-ATTACK,QUICK ATTACK,WHIRLWIND,31,15,1,20,0,0,0,0,50,69,40,38,34,34,46,4499,4494,4552,3437,3437,5007,15,15,15,15,0,0,0,0,0,0,0,45,38,34,34,46,245886,75432,161015,7459,1980,7,0,0,2197,2197,0,0,151,68,34,34,5,0,4139,2986,322,322,230,26,89,0,0,0,0,0,23,0,7,0,0,0,0,0,0,0,0,0,0,1,0,0,0,0,0,0,0,0,0,0,0,0,6,0,0,0,0,101,13416,0,0,0,0,9,13,0,0,0,2,0,1,0,Jolteon
1-08,11:32:17,NINTEN,Pidgey,Jr Trainer M,2,Route 25,2,17:32.37,17:32,0h17m32s,0,0,0,26,1:08,7.902,GUST,SAND-ATTACK,QUICK ATTACK,WHIRLWIND,7,2209,155,35,34,250,234,137,10,8383,Jolteon, ,Normal,Flying,13908,Pidgey1,Pidgey,,00:17:24.47,00:17:32.37,01:08:40.01,26,0,0,17,32,37,GUST,SAND-ATTACK,QUICK ATTACK,WHIRLWIND,28,15,1,20,0,0,0,0,50,69,40,38,34,34,46,4564,4610,4631,3502,3502,5134,15,15,15,15,0,-1,0,0,0,0,0,50,25,34,34,46,249153,76046,163668,7459,1980,7,0,0,2209,2209,0,0,155,69,35,34,5,0,4246,3056,322,322,233,26,90,0,0,0,0,0,23,0,7,0,0,0,0,0,0,0,0,0,0,1,0,0,0,0,0,0,0,0,0,0,0,0,6,0,0,0,0,103,13773,0,0,0,0,9,13,0,0,0,2,0,1,0,Jolteon
1-08,11:32:34,NINTEN,Pidgey,Lass,10,Route 25,3,17:49.38,17:49,0h17m49s,0,0,0,26,1:09,12.34,GUST,SAND-ATTACK,QUICK ATTACK,WHIRLWIND,7,2224,155,36,34,255,239,139,10,8663,Jolteon, ,Normal,Flying,14493,Pidgey1,Pidgey,Oddish Lass,00:17:37.04,00:17:49.38,01:09:47.09,26,0,0,17,49,38,GUST,SAND-ATTACK,QUICK ATTACK,WHIRLWIND,23,15,1,20,0,0,0,0,46,69,40,38,34,34,46,4694,4755,4781,3687,3687,5250,15,15,15,15,0,0,0,0,0,0,0,45,38,34,34,46,253182,76671,167071,7459,1980,7,0,0,2224,2224,0,0,155,70,36,34,5,0,4424,3165,326,326,238,26,92,0,0,0,0,0,24,0,7,0,0,0,0,0,0,0,0,0,0,1,0,0,0,0,0,0,0,0,0,0,0,0,6,0,0,0,0,106,14358,0,0,0,0,9,13,0,0,0,2,0,1,0,Jolteon
1-08,11:33:16,NINTEN,Pidgey,Cerulean Rocket,5,Cerulean City,2,18:32.00,18:32,0h18m32s,0,0,0,26,1:12,9.475,GUST,SAND-ATTACK,QUICK ATTACK,WHIRLWIND,7,2417,170,37,34,259,243,141,11,8858,Jolteon, ,Normal,Flying,15182,Pidgey1,Pidgey,Rocket,00:18:22.52,00:18:32.00,01:12:35.37,26,0,0,18,32,0,GUST,SAND-ATTACK,QUICK ATTACK,WHIRLWIND,31,15,30,20,0,0,0,0,55,69,40,38,34,34,46,4824,4883,4876,3812,3812,5327,15,15,15,15,0,0,0,0,0,0,0,45,38,34,34,46,263289,84053,169797,7459,1980,7,0,0,2417,2417,0,0,170,71,37,34,5,0,4551,3268,340,340,242,26,93,0,0,0,0,0,25,0,8,0,0,0,0,0,0,0,0,0,0,1,0,0,0,0,0,0,0,0,0,0,0,0,6,0,0,0,0,108,15047,0,0,0,0,10,13,0,0,0,2,0,1,0,Jolteon
1-08,11:33:54,NINTEN,Pidgey,Jr Trainer F,3,Route 6,3,19:09.28,19:09,0h19m9s,0,0,0,27,1:15,14.95,QUICK ATTACK,SAND-ATTACK,GUST,WHIRLWIND,8,2563,172,38,35,265,249,144,13,9368,Jolteon, ,Normal,Flying,15743,Pidgey1,Pidgey,,00:18:54.32,00:19:09.28,01:15:02.45,27,0,0,19,9,28,QUICK ATTACK,SAND-ATTACK,GUST,WHIRLWIND,24,15,31,20,0,0,0,0,45,71,41,39,36,36,48,4944,5018,4996,3917,3917,5495,15,15,15,15,0,0,0,0,0,-1,0,51,39,36,36,48,272117,87586,174571,7980,1980,8,0,0,2563,2563,0,0,172,73,38,35,6,0,4768,3391,352,352,248,26,96,0,0,0,0,0,26,0,8,0,0,0,0,0,0,0,0,0,0,1,0,0,0,0,0,0,0,0,0,0,0,0,6,0,0,0,0,111,15608,0,0,0,0,11,13,0,0,0,2,0,1,0,Jolteon
1-08,11:34:09,NINTEN,Pidgey,Jr Trainer M,5,Route 6,2,19:25.08,19:25,0h19m25s,0,0,0,27,1:16,9.563,QUICK ATTACK,SAND-ATTACK,GUST,WHIRLWIND,8,2567,172,39,35,269,253,146,13,9688,Jolteon, ,Normal,Flying,16338,Pidgey1,Pidgey,,00:19:15.52,00:19:25.08,01:16:04.51,27,0,0,19,25,8,QUICK ATTACK,SAND-ATTACK,GUST,WHIRLWIND,20,15,31,20,0,0,0,0,59,71,41,39,36,36,48,5039,5159,5086,3998,3998,5662,15,15,15,15,0,0,0,0,0,0,0,46,39,36,36,48,275843,87888,177641,8334,1980,8,0,0,2567,2567,0,0,172,74,39,35,6,0,4916,3478,358,358,252,27,97,0,0,0,0,0,27,0,8,0,0,0,0,0,0,0,0,0,0,1,0,0,0,0,0,0,0,0,0,0,0,0,6,0,0,0,0,113,16203,0,0,0,0,11,13,0,0,0,2,0,1,0,Jolteon
1-08,11:34:44,NINTEN,Pidgey,Sailor,5,SS Anne,2,20:00.00,20:00,0h20m0s,0,0,0,27,1:18,8.224,QUICK ATTACK,SAND-ATTACK,GUST,WHIRLWIND,9,2706,201,40,35,272,256,147,16,5458,Jolteon, ,Normal,Flying,17151,Pidgey1,Pidgey,,00:19:51.78,00:20:00.00,01:18:22.22,27,0,0,20,0,0,QUICK ATTACK,SAND-ATTACK,GUST,WHIRLWIND,17,15,31,20,0,0,0,0,56,71,41,39,36,36,48,5109,5244,5176,4168,4168,5817,15,15,15,15,0,0,0,0,0,0,0,46,39,36,36,48,284094,93244,179998,8872,1980,9,0,0,2706,2706,0,0,201,75,40,35,6,0,5028,3564,361,361,255,27,98,0,0,0,0,0,28,0,8,0,0,0,0,0,0,0,0,0,0,1,0,0,0,0,0,0,0,0,0,0,0,0,6,0,0,0,0,115,17016,0,0,0,0,13,21,0,0,0,2,0,1,0,Jolteon
1-08,11:35:19,NINTEN,Pidgey,Fisher,1,SS Anne,3,20:34.25,20:34,0h20m34s,0,0,0,28,1:20,23.207,QUICK ATTACK,SAND-ATTACK,GUST,WING ATTACK,9,2798,204,41,35,282,262,150,17,5998,Jolteon, ,Normal,Flying,18339,Pidgey1,Pidgey,,00:20:11.04,00:20:34.25,01:20:37.41,28,0,0,20,34,25,QUICK ATTACK,SAND-ATTACK,GUST,WING ATTACK,11,15,31,35,0,0,0,0,42,73,43,40,37,37,50,5239,5418,5331,4368,4368,6013,15,15,15,15,0,-1,0,0,0,0,0,48,26,37,37,50,292213,95446,185915,8872,1980,9,0,0,2798,2798,0,0,204,76,41,35,6,0,5227,3697,377,377,261,27,101,0,0,0,0,0,29,0,8,0,0,0,0,0,0,0,0,0,0,1,0,0,0,0,0,0,0,0,0,0,0,0,6,0,0,0,0,118,18204,0,0,0,0,14,21,0,0,0,3,0,1,0,Jolteon
1-08,11:35:35,NINTEN,Pidgey,Gentleman,5,SS Anne,2,20:50.32,20:50,0h20m50s,0,0,0,28,1:21,9.95,QUICK ATTACK,SAND-ATTACK,GUST,WING ATTACK,9,2811,206,42,35,286,266,152,17,6593,Jolteon, ,Normal,Flying,19223,Pidgey1,Pidgey,,00:20:40.38,00:20:50.32,01:21:40.49,28,0,0,20,50,32,QUICK ATTACK,SAND-ATTACK,GUST,WING ATTACK,7,15,31,35,0,0,0,0,21,73,43,40,37,37,50,5344,5573,5431,4483,4483,6163,15,15,15,15,0,0,0,0,0,0,0,48,40,37,37,50,296001,96175,188974,8872,1980,9,0,0,2811,2811,0,0,206,77,42,35,6,0,5350,3791,398,398,265,27,103,0,0,0,0,0,29,0,9,0,0,0,0,0,0,0,0,0,0,1,0,0,0,0,0,0,0,0,0,0,0,0,6,0,0,0,0,120,19088,0,0,0,0,14,21,0,0,0,3,0,1,0,Jolteon
1-08,11:36:10,NINTEN,Pidgey,Rival3-SS Anne,1,SS Anne,4,21:26.15,21:26,0h21m26s,0,0,0,29,1:24,20.658,QUICK ATTACK,SAND-ATTACK,GUST,WING ATTACK,10,2841,209,43,35,295,275,157,16,7783,Jolteon, ,Normal,Flying,20404,Pidgey1,Pidgey,Rival (SS Anne),00:21:05.50,00:21:26.15,01:24:02.03,29,0,0,21,26,15,QUICK ATTACK,SAND-ATTACK,GUST,WING ATTACK,0,15,29,35,0,0,0,0,57,76,45,42,38,38,51,5519,5819,5631,4634,4634,6400,15,15,15,15,0,-2,0,0,0,-1,0,70,21,38,38,51,304475,97659,194281,10555,1980,10,0,0,2841,2841,0,0,209,78,43,35,6,0,5612,3979,417,417,273,29,107,0,0,0,0,0,29,0,10,0,0,0,0,0,0,0,0,0,0,1,0,0,0,0,0,0,0,0,0,0,0,0,6,0,0,0,0,124,20269,0,0,0,0,15,21,0,0,0,3,0,1,0,Jolteon
1-08,11:36:55,NINTEN,Pidgey,Youngster,12,Route 11,2,22:10.83,22:10,0h22m10s,0,0,0,29,1:26,11.343,GUST,SAND-ATTACK,QUICK ATTACK,WING ATTACK,10,3018,220,44,35,299,279,159,17,9083,Jolteon, ,Normal,Flying,21089,Pidgey1,Pidgey,,00:21:59.48,00:22:10.83,01:26:58.32,29,0,0,22,10,83,GUST,SAND-ATTACK,QUICK ATTACK,WING ATTACK,25,15,0,35,0,0,0,0,62,76,45,42,38,38,51,5626,5948,5728,4729,4729,6515,15,15,15,15,0,0,0,0,0,0,0,50,42,38,38,51,315064,104142,197830,11112,1980,10,0,0,3018,3018,0,0,220,79,44,35,6,0,5732,4078,431,431,277,29,109,0,0,0,0,0,29,0,10,0,0,0,0,0,0,0,0,0,0,1,0,0,0,0,0,0,0,0,0,0,0,0,6,0,0,0,0,126,20954,0,0,0,0,15,21,0,0,0,3,0,1,0,Jolteon
1-08,11:37:23,NINTEN,Pidgey,Engineer,3,Route 11,3,22:38.24,22:38,0h22m38s,0,0,0,30,1:28,16.394,GUST,SAND-ATTACK,QUICK ATTACK,WING ATTACK,10,3055,222,45,36,306,286,163,17,9353,Jolteon, ,Normal,Flying,22394,Pidgey1,Pidgey,,00:22:21.84,00:22:38.24,01:28:46.47,30,0,0,22,38,24,GUST,SAND-ATTACK,QUICK ATTACK,WING ATTACK,18,15,0,35,0,0,0,0,27,78,46,43,40,40,53,5726,6078,5963,5039,5039,6675,15,15,15,15,0,0,0,0,0,0,0,51,43,40,40,53,321559,105527,202940,11112,1980,10,0,0,3055,3055,0,0,222,81,45,36,7,0,5896,4204,468,468,284,29,113,0,0,0,0,0,30,0,12,0,0,0,0,0,0,0,0,0,0,1,0,0,0,0,0,0,0,0,0,0,0,0,6,0,0,0,0,129,22259,0,0,0,0,15,21,0,0,0,3,0,1,0,Jolteon
1-08,11:37:42,NINTEN,Pidgey,Gambler,3,Route 11,2,22:58.03,22:58,0h22m58s,0,0,0,30,1:30,9.63,GUST,SAND-ATTACK,QUICK ATTACK,WING ATTACK,11,3066,222,46,36,310,290,165,16,10253,Jolteon, ,Normal,Flying,23132,Pidgey1,Pidgey,,00:22:48.40,00:22:58.03,01:30:04.41,30,0,0,22,58,3,GUST,SAND-ATTACK,QUICK ATTACK,WING ATTACK,14,15,0,35,0,0,0,0,41,78,46,43,40,40,53,5791,6143,6083,5189,5189,6820,15,15,15,15,0,0,0,0,0,0,0,51,43,40,40,53,326233,106202,206034,12017,1980,11,0,0,3066,3066,0,0,222,82,46,36,7,0,6031,4288,474,474,288,29,115,0,0,0,0,0,31,0,12,0,0,0,0,0,0,0,0,0,0,1,0,0,0,0,0,0,0,0,0,0,0,0,6,0,0,0,0,131,22997,0,0,0,0,15,21,0,0,0,3,0,1,0,Jolteon
1-08,11:37:56,NINTEN,Pidgey,Youngster,11,Route 11,3,23:11.70,23:11,0h23m11s,0,0,0,30,1:30,10.321,GUST,SAND-ATTACK,QUICK ATTACK,WING ATTACK,11,3072,222,47,36,314,294,166,16,11513,Jolteon, ,Normal,Flying,23967,Pidgey1,Pidgey,,00:23:01.37,00:23:11.70,01:30:58.28,30,0,0,23,11,70,GUST,SAND-ATTACK,QUICK ATTACK,WING ATTACK,10,15,0,35,0,0,0,0,26,78,46,43,40,40,53,5906,6336,6213,5289,5289,7061,15,15,15,15,0,0,0,0,0,0,0,51,43,40,40,53,329460,106510,208953,12017,1980,11,0,0,3072,3072,0,0,222,83,47,36,7,0,6179,4414,489,489,292,29,116,0,0,0,0,0,31,0,12,0,0,0,0,0,0,0,0,0,0,1,0,0,0,0,0,0,0,0,0,0,0,0,6,0,0,0,0,134,23832,0,0,0,0,15,21,0,0,0,3,0,1,0,Jolteon
1-08,11:38:17,NINTEN,Pidgey,Gambler,1,Route 11,2,23:32.25,23:32,0h23m32s,0,0,0,31,1:32,8.904,GUST,SAND-ATTACK,QUICK ATTACK,WING ATTACK,11,3126,225,48,36,317,297,167,16,11768,Jolteon, ,Normal,Flying,24583,Pidgey1,Pidgey,,00:23:23.34,00:23:32.25,01:32:19.34,31,0,0,23,32,25,GUST,SAND-ATTACK,QUICK ATTACK,WING ATTACK,7,15,0,35,0,0,0,0,70,80,48,45,41,41,55,5976,6426,6323,5399,5399,7211,15,15,15,15,0,0,0,0,-1,0,0,54,45,41,41,36,334326,107876,211599,12871,1980,11,0,0,3126,3126,0,0,225,84,48,36,7,0,6300,4500,497,497,295,29,117,0,0,0,0,0,32,0,13,0,0,0,0,0,0,0,0,0,0,1,0,0,0,0,0,0,0,0,0,0,0,0,6,0,0,0,0,136,24448,0,0,0,0,15,21,0,0,0,3,0,1,0,Jolteon
1-08,11:38:31,NINTEN,Pidgey,Youngster,9,Route 11,1,23:46.43,23:46,0h23m46s,0,0,0,31,1:33,5.578,GUST,SAND-ATTACK,QUICK ATTACK,WING ATTACK,11,3157,234,49,36,319,299,168,16,13028,Jolteon, ,Normal,Flying,24862,Pidgey1,Pidgey,,00:23:40.85,00:23:46.43,01:33:15.33,31,0,0,23,46,43,GUST,SAND-ATTACK,QUICK ATTACK,WING ATTACK,5,15,0,35,0,0,0,0,62,80,48,45,41,41,55,6011,6486,6367,5439,5439,7266,15,15,15,15,0,0,0,0,0,0,0,54,45,41,41,55,337685,109108,213726,12871,1980,11,0,0,3157,3157,0,0,234,85,49,36,7,0,6371,4549,505,505,297,29,118,0,0,0,0,0,32,0,13,0,0,0,0,0,0,0,0,0,0,1,0,0,0,0,0,0,0,0,0,0,0,0,6,0,0,0,0,137,24727,0,0,0,0,15,21,0,0,0,3,0,1,0,Jolteon
1-08,11:39:05,NINTEN,Pidgey,Swimmer,1,Cerulean City - Gym,2,24:20.88,24:20,0h24m20s,0,0,0,31,1:35,9.231,GUST,SAND-ATTACK,QUICK ATTACK,WING ATTACK,11,3206,235,50,36,323,303,170,15,13343,Jolteon, ,Normal,Flying,25476,Pidgey1,Pidgey,,00:24:11.65,00:24:20.88,01:35:31.07,31,0,0,24,20,88,GUST,SAND-ATTACK,QUICK ATTACK,WING ATTACK,31,15,30,35,0,0,0,0,75,80,48,45,41,41,55,6071,6591,6537,5554,5554,7366,15,15,15,15,0,0,0,0,0,0,0,54,45,41,41,55,345819,111661,216406,15772,1980,11,0,0,3206,3206,0,0,235,86,50,36,7,0,6472,4625,510,510,301,29,119,0,0,0,0,0,32,0,13,0,0,0,0,0,0,0,0,0,0,1,0,0,0,0,0,0,0,0,0,0,0,0,6,0,0,0,0,139,25341,0,0,0,0,15,21,0,0,0,5,0,1,0,Jolteon
1-08,11:39:14,NINTEN,Pidgey,Jr Trainer F,1,Cerulean City - Gym,1,24:30.10,24:30,0h24m30s,0,0,0,31,1:36,5.487,GUST,SAND-ATTACK,QUICK ATTACK,WING ATTACK,11,3214,236,51,36,325,305,171,15,13423,Jolteon, ,Normal,Flying,25927,Pidgey1,Pidgey,,00:24:24.62,00:24:30.10,01:36:07.28,31,0,0,24,30,10,GUST,SAND-ATTACK,QUICK ATTACK,WING ATTACK,29,15,30,35,0,0,0,0,70,80,48,45,41,41,55,6116,6658,6597,5604,5604,7429,15,15,15,15,0,0,0,0,0,0,0,54,45,41,41,55,348000,112062,218186,15772,1980,11,0,0,3214,3214,0,0,236,87,51,36,7,0,6529,4674,515,515,303,29,120,0,0,0,0,0,32,0,13,0,0,0,0,0,0,0,0,0,0,1,0,0,0,0,0,0,0,0,0,0,0,0,6,0,0,0,0,140,25792,0,0,0,0,15,21,0,0,0,5,0,1,0,Jolteon
1-08,11:39:38,NINTEN,Pidgey,Misty,1,Cerulean City - Gym,2,24:53.47,24:53,0h24m53s,0,0,0,32,1:37,13.187,QUICK ATTACK,SAND-ATTACK,GUST,WING ATTACK,12,3215,238,52,36,330,310,173,15,13803,Jolteon, ,Normal,Flying,27266,Pidgey1,Pidgey,Misty,00:24:40.29,00:24:53.47,01:37:39.47,32,0,0,24,53,47,QUICK ATTACK,SAND-ATTACK,GUST,WING ATTACK,25,15,29,35,0,0,0,0,46,83,49,46,43,43,57,6206,6778,6737,5774,5774,7629,15,15,15,15,0,0,0,0,-1,0,0,55,46,43,43,37,353539,112586,221816,17157,1980,12,0,0,3215,3215,0,0,238,88,52,36,7,0,6646,4774,552,552,308,29,122,0,0,0,0,0,32,0,13,0,0,0,0,0,0,0,0,0,0,1,0,0,0,0,0,0,0,0,0,0,0,0,6,0,0,0,0,142,27131,0,0,0,0,15,21,0,0,0,5,0,1,0,Jolteon
1-08,11:40:17,NINTEN,Pidgey,Wrapping Lass,5,Route 9,4,25:32.94,25:32,0h25m32s,0,0,0,32,1:40,12.065,QUICK ATTACK,SAND-ATTACK,GUST,WING ATTACK,13,3321,249,53,36,334,314,173,16,15882,Jolteon, ,Normal,Flying,28514,Pidgey1,Pidgey,RTG1 - Wrapping Lass,00:25:20.87,00:25:32.94,01:40:15.22,32,0,0,25,32,94,QUICK ATTACK,SAND-ATTACK,GUST,WING ATTACK,30,15,35,31,0,0,0,0,83,83,49,46,43,43,57,6396,7028,6917,6064,6064,7769,15,15,15,15,0,0,0,0,0,0,0,55,46,43,43,57,362874,116598,225599,18697,1980,13,0,0,3321,3321,0,0,249,89,53,36,7,0,6973,4964,552,552,312,29,122,0,0,0,0,0,33,0,13,0,0,0,0,0,0,0,0,0,0,1,0,0,0,0,0,0,0,0,0,0,0,0,6,0,0,0,0,146,28379,0,0,0,0,15,21,0,0,0,5,0,1,0,Jolteon
1-08,11:40:33,NINTEN,Pidgey,Bug Catcher,14,Route 9,3,25:49.04,25:49,0h25m49s,0,0,0,32,1:41,9.515,QUICK ATTACK,SAND-ATTACK,GUST,WING ATTACK,13,3358,257,54,36,337,317,173,16,16242,Jolteon, ,Normal,Flying,29283,Pidgey1,Pidgey,,00:25:39.52,00:25:49.04,01:41:18.55,32,0,0,25,49,4,QUICK ATTACK,SAND-ATTACK,GUST,WING ATTACK,30,15,35,28,0,0,0,0,83,83,49,46,43,43,57,6541,7148,7032,6144,6144,7909,15,15,15,15,0,0,0,0,0,0,0,55,46,43,43,57,366687,117670,228340,18697,1980,13,0,0,3358,3358,0,0,257,90,54,36,7,0,7176,5121,552,552,315,29,122,0,0,0,0,0,33,0,13,0,0,0,0,0,0,0,0,0,0,1,0,0,0,0,0,0,0,0,0,0,0,0,6,0,0,0,0,149,29148,0,0,0,0,15,21,0,0,0,5,0,1,0,Jolteon
1-08,11:42:16,NINTEN,Pidgey,Pokemaniac,7,Rock Tunnel - 1,2,27:31.34,27:31,0h27m31s,0,1,1,33,1:48,17.569,QUICK ATTACK,SAND-ATTACK,GUST,WING ATTACK,14,3690,274,56,36,359,338,192,16,8221,Jolteon, ,Normal,Flying,30624,Pidgey1,Pidgey,,00:27:13.77,00:27:31.34,01:48:04.08,33,0,0,27,31,34,QUICK ATTACK,SAND-ATTACK,GUST,WING ATTACK,23,14,35,35,0,0,0,0,31,85,51,48,44,44,59,6731,7313,7287,6264,6264,7994,15,15,15,15,0,-1,0,0,0,0,0,57,31,44,44,59,391000,124666,241947,22407,1980,14,0,0,3690,3690,0,0,274,92,56,36,7,0,7473,5391,726,718,335,33,138,0,0,0,0,0,34,0,14,0,0,1,0,0,0,0,0,0,0,1,0,0,0,0,3,1,0,0,0,0,0,0,6,0,0,0,2,152,30489,0,0,0,0,15,21,0,0,0,5,1,1,1,Jolteon
1-08,11:42:35,NINTEN,Pidgey,Pokemaniac,5,Rock Tunnel,1,27:50.67,27:50,0h27m50s,0,1,1,33,1:49,9.234,QUICK ATTACK,SAND-ATTACK,GUST,WING ATTACK,14,3727,279,57,36,363,342,195,16,9371,Jolteon, ,Normal,Flying,31153,Pidgey1,Pidgey,,00:27:41.43,00:27:50.67,01:49:20.18,33,0,0,27,50,67,QUICK ATTACK,SAND-ATTACK,GUST,WING ATTACK,19,14,35,35,0,0,0,0,57,85,51,48,44,44,59,6821,7378,7352,6304,6304,8009,15,15,15,15,0,0,0,0,0,0,0,57,48,44,44,59,395570,125551,244829,23210,1980,14,0,0,3727,3727,0,0,279,93,57,36,7,0,7576,5475,750,742,339,33,141,0,0,0,0,0,34,0,14,0,0,1,0,0,0,0,0,0,0,1,0,0,0,0,3,1,0,0,0,0,0,0,6,0,0,0,2,153,31018,0,0,0,0,15,21,0,0,0,5,1,1,1,Jolteon
1-08,11:43:04,NINTEN,Pidgey,Jr Trainer F,10,Rock Tunnel,2,28:20.07,28:20,0h28m20s,0,1,1,33,1:51,19.515,QUICK ATTACK,SAND-ATTACK,GUST,WING ATTACK,15,3741,280,58,36,373,345,203,16,10621,Jolteon, ,Normal,Flying,31821,Pidgey1,Pidgey,RTG4 - Status Jr Trainer,00:28:00.56,00:28:20.07,01:51:16.45,33,0,0,28,20,7,QUICK ATTACK,SAND-ATTACK,GUST,WING ATTACK,19,14,35,32,0,0,0,0,68,85,51,48,44,44,59,6911,7477,7456,6444,6444,8084,15,15,15,15,0,0,0,0,0,0,0,57,48,44,44,59,402557,126263,249859,24455,1980,15,0,0,3741,3741,0,0,280,94,58,36,7,0,7746,5593,767,759,342,33,149,0,0,0,0,0,34,0,15,0,0,1,0,0,0,0,0,0,0,1,0,0,0,0,3,1,0,0,0,0,0,0,12,0,0,0,2,155,31686,0,0,0,0,15,21,0,0,0,5,1,1,1,Jolteon
1-08,11:43:50,NINTEN,Pidgey,Selfdestructing Hiker,9,Rock Tunnel,3,29:06.21,29:06,0h29m6s,0,1,1,34,1:54,25.933,QUICK ATTACK,SAND-ATTACK,GUST,WING ATTACK,16,3855,290,59,36,386,358,216,15,11061,Jolteon, ,Normal,Flying,33198,Pidgey1,Pidgey,,00:28:40.27,00:29:06.21,01:54:19.37,34,0,0,29,6,21,QUICK ATTACK,SAND-ATTACK,GUST,WING ATTACK,13,7,35,32,0,0,0,0,71,88,53,49,45,45,60,7046,7732,7771,6549,6549,8159,15,15,15,15,0,0,0,0,0,0,0,59,49,45,45,60,413529,129774,256409,25366,1980,16,0,0,3855,3855,0,0,290,95,59,36,7,0,7776,5623,767,759,355,44,149,0,0,0,0,0,34,0,15,0,0,1,0,0,0,0,0,0,0,1,0,0,0,0,3,1,0,0,0,0,0,0,12,0,0,0,2,158,33063,0,0,0,0,15,21,0,0,0,5,1,1,1,Jolteon
1-08,11:44:24,NINTEN,Pidgey,Jr Trainer F,18,Rock Tunnel - 1,3,29:39.75,29:39,0h29m39s,0,1,1,34,1:56,12.608,QUICK ATTACK,SAND-ATTACK,GUST,WING ATTACK,16,3909,306,60,38,392,364,218,15,11796,Jolteon, ,Normal,Flying,34299,Pidgey1,Pidgey,RTG6 - Finisher,00:29:27.14,00:29:39.75,01:56:31.55,34,0,0,29,39,75,QUICK ATTACK,SAND-ATTACK,GUST,WING ATTACK,9,7,35,30,0,0,0,0,53,88,53,49,45,45,60,7241,7952,7951,6734,6734,8370,15,15,15,15,0,0,0,0,0,0,0,59,49,45,45,60,421468,131892,261795,25801,1980,16,0,0,3909,3909,0,0,306,98,60,38,8,0,8075,5830,785,777,361,44,151,0,0,0,0,0,34,0,15,0,0,1,0,0,0,0,0,0,0,1,0,0,0,0,3,1,0,0,0,0,0,0,12,0,0,0,2,162,34164,0,0,0,0,15,21,0,0,0,5,1,1,1,Jolteon
1-08,11:45:03,NINTEN,Pidgey,Gambler,7,Route 8,2,30:19.06,30:19,0h30m19s,0,1,1,34,1:59,8.19,SWIFT,SAND-ATTACK,QUICK ATTACK,WING ATTACK,16,4102,334,61,39,395,367,219,16,12196,Jolteon, ,Normal,Flying,35091,Pidgey1,Pidgey,,00:30:10.88,00:30:19.06,01:59:06.59,34,0,0,30,19,6,SWIFT,SAND-ATTACK,QUICK ATTACK,WING ATTACK,17,7,9,30,0,0,0,0,53,88,53,49,45,45,60,7334,8063,8036,6849,6849,8495,15,15,15,15,0,-1,0,0,0,0,0,66,32,45,45,60,430771,136680,264855,27256,1980,16,0,0,4102,4102,0,0,334,100,61,39,9,0,8242,5950,785,777,361,44,152,0,0,0,0,0,34,0,15,0,0,1,0,0,0,0,0,0,0,1,0,0,0,0,3,1,0,0,0,0,0,0,12,0,0,0,2,164,34956,0,0,0,0,16,21,0,0,0,6,1,1,1,Jolteon
1-08,11:45:54,NINTEN,Pidgey,Rocket,7,Celadon City - Game Corner,2,31:09.75,31:09,0h31m9s,0,1,1,34,2:02,7.477,SWIFT,SAND-ATTACK,QUICK ATTACK,WING ATTACK,16,4369,363,62,39,398,370,220,14,13876,Jolteon, ,Normal,Flying,35818,Pidgey1,Pidgey,,00:31:02.28,00:31:09.75,02:02:27.19,34,0,0,31,9,75,SWIFT,SAND-ATTACK,QUICK ATTACK,WING ATTACK,17,15,30,35,0,0,0,0,68,88,53,49,45,45,60,7429,8189,8131,6939,6939,8647,15,15,15,15,0,0,0,0,0,0,0,59,49,45,45,60,442791,146136,267122,27553,1980,16,0,0,4369,4369,0,0,363,101,62,39,9,0,8408,6054,805,797,361,44,153,0,0,0,0,0,34,0,15,0,0,1,0,0,0,0,0,0,0,1,0,0,0,0,3,1,0,0,0,0,0,0,12,0,0,0,2,166,35683,0,0,0,0,19,21,0,0,0,6,1,1,1,Jolteon
1-08,11:46:30,NINTEN,Pidgey,Rocket,15,Rocket Hideout 3,2,31:45.46,31:45,0h31m45s,0,1,1,35,2:04,9.514,SWIFT,SAND-ATTACK,QUICK ATTACK,WING ATTACK,16,4539,377,63,39,401,373,221,15,14476,Jolteon, ,Normal,Flying,36610,Pidgey1,Pidgey,,00:31:35.95,00:31:45.46,02:04:48.37,35,0,0,31,45,46,SWIFT,SAND-ATTACK,QUICK ATTACK,WING ATTACK,17,15,30,32,0,0,0,0,54,90,55,51,47,47,62,7569,8349,8231,7009,7009,8717,15,15,15,15,0,0,0,0,0,0,0,61,51,47,47,62,451269,151882,269854,27553,1980,16,0,0,4539,4539,0,0,377,102,63,39,9,0,8592,6180,821,813,364,44,154,0,0,0,0,0,34,0,16,0,0,1,0,0,0,0,0,0,0,1,0,0,0,0,3,1,0,0,0,0,0,0,12,0,0,0,2,168,36475,0,0,0,0,22,21,0,0,0,6,1,1,1,Jolteon
1-08,11:48:50,NINTEN,Pidgey,Beauty,1,Celadon City - Gym,4,34:06.19,34:06,0h34m6s,0,1,1,35,2:14,16.739,SWIFT,SAND-ATTACK,QUICK ATTACK,FLY,17,4999,437,64,39,411,378,227,16,7556,Jolteon,Poisoned,Normal,Flying,38068,Pidgey1,Pidgey,,00:33:49.45,00:34:06.19,02:14:04.54,35,0,0,34,6,19,SWIFT,SAND-ATTACK,QUICK ATTACK,FLY,17,15,30,10,0,0,0,0,49,90,57,51,47,47,62,7759,16279,8411,7299,7299,8857,15,15,15,15,0,0,0,0,0,0,0,64,51,47,47,62,484646,175081,274633,32952,1980,17,0,0,4999,4999,0,0,437,103,64,39,9,0,9285,6396,826,818,368,49,155,0,0,0,0,0,35,0,16,0,0,1,0,0,0,0,0,0,0,2,0,0,0,0,3,1,0,0,0,0,0,0,12,0,0,0,2,172,37933,0,0,0,0,25,40,11,0,0,7,1,1,1,Jolteon
1-08,11:49:29,NINTEN,Pidgey,Cooltrainer F,1,Celadon City - Gym,3,34:44.22,34:44,0h34m44s,0,1,1,36,2:16,20.729,SWIFT,AGILITY,QUICK ATTACK,FLY,17,5003,438,65,39,417,381,230,15,9026,Jolteon, ,Normal,Flying,40245,Pidgey1,Pidgey,,00:34:23.49,00:34:44.22,02:16:34.44,36,0,0,34,44,22,SWIFT,AGILITY,QUICK ATTACK,FLY,17,30,30,7,0,0,0,0,93,93,59,52,48,48,64,7944,16496,8594,7549,7549,9012,15,15,15,15,0,0,0,0,0,0,0,66,52,48,48,64,493636,175571,280016,36069,1980,17,0,0,5003,5003,0,0,438,104,65,39,9,0,9617,6597,826,818,371,52,155,0,0,0,0,0,35,0,16,0,0,1,0,0,0,0,0,0,0,2,0,0,0,0,3,1,0,0,0,0,0,0,12,0,0,0,2,175,40110,0,0,0,0,25,40,11,0,0,7,1,1,1,Jolteon
1-08,11:49:44,NINTEN,Pidgey,Lass,18,Celadon City - Gym,2,34:59.32,34:59,0h34m59s,0,1,1,36,2:17,9.966,SWIFT,AGILITY,QUICK ATTACK,FLY,17,5005,438,66,39,423,384,234,15,9866,Jolteon, ,Normal,Flying,41278,Pidgey1,Pidgey,,00:34:49.36,00:34:59.32,02:17:34.21,36,0,0,34,59,32,SWIFT,AGILITY,QUICK ATTACK,FLY,17,30,30,4,0,0,0,0,93,93,59,52,48,48,64,8049,16611,8719,7709,7709,9082,15,15,15,15,0,0,0,0,0,0,0,66,52,48,48,64,497213,175977,283187,36069,1980,17,0,0,5005,5005,0,0,438,105,66,39,9,0,9843,6718,826,818,373,54,155,0,0,0,0,0,35,0,16,0,0,1,0,0,0,0,0,0,0,2,0,0,0,0,3,1,0,0,0,0,0,0,12,0,0,0,2,177,41143,0,0,0,0,25,40,11,0,0,8,1,1,1,Jolteon
1-08,11:49:52,NINTEN,Pidgey,Beauty,3,Celadon City - Gym,1,35:07.96,35:07,0h35m7s,0,1,1,36,2:18,5.141,SWIFT,AGILITY,QUICK ATTACK,FLY,17,5010,440,67,39,425,385,235,15,10211,Jolteon, ,Normal,Flying,41824,Pidgey1,Pidgey,,00:35:02.82,00:35:07.96,02:18:08.25,36,0,0,35,7,96,SWIFT,AGILITY,QUICK ATTACK,FLY,17,30,30,3,0,0,0,0,93,93,59,52,48,48,64,8109,16651,8799,7769,7769,9122,15,15,15,15,0,0,0,0,0,0,0,66,52,48,48,64,499257,176337,284871,36069,1980,17,0,0,5010,5010,0,0,440,106,67,39,9,0,9987,6789,826,818,374,54,155,0,0,0,0,0,36,0,16,0,0,1,0,0,0,0,0,0,0,2,0,0,0,0,3,1,0,0,0,0,0,0,12,0,0,0,2,178,41689,0,0,0,0,25,40,11,0,0,8,1,1,1,Jolteon
1-08,11:50:15,NINTEN,Pidgey,Erika,1,Celadon City - Gym,3,35:30.56,35:30,0h35m30s,0,1,1,37,2:19,15.261,SWIFT,AGILITY,QUICK ATTACK,FLY,18,5012,441,68,39,433,390,240,15,12031,Jolteon, ,Normal,Flying,44829,Pidgey1,Pidgey,Erika,00:35:15.30,00:35:30.56,02:19:37.51,37,0,0,35,30,56,SWIFT,AGILITY,QUICK ATTACK,FLY,15,30,30,0,0,0,0,0,92,95,61,54,50,50,66,8299,16861,9034,8039,8039,9277,15,15,15,15,0,0,0,0,0,0,0,68,54,50,50,66,504624,177012,288977,36655,1980,18,0,0,5012,5012,0,0,441,107,68,39,9,0,10286,7045,829,821,377,58,156,0,0,0,0,0,36,0,16,0,0,1,0,0,0,0,0,0,0,2,0,0,0,0,3,1,0,0,0,0,0,0,12,0,0,0,2,181,44694,0,0,0,0,25,40,11,0,0,8,1,1,1,Jolteon
1-08,11:51:18,NINTEN,Pidgey,Surge,1,Vermilion City - Gym,1,36:33.41,36:33,0h36m33s,0,1,1,37,2:23,5.048,SWIFT,AGILITY,DOUBLE-EDGE,FLY,19,5287,460,69,39,434,391,240,14,15199,Jolteon, ,Normal,Flying,45561,Pidgey1,Pidgey,Lt. Surge,00:36:28.36,00:36:33.41,02:23:45.31,37,0,0,36,33,41,SWIFT,AGILITY,DOUBLE-EDGE,FLY,20,30,14,15,0,0,0,0,76,95,61,54,50,50,66,8359,16951,9089,8129,8129,9377,15,15,15,15,0,0,0,0,0,0,0,68,54,50,50,66,519483,185750,291093,40660,1980,19,0,0,5287,5287,0,0,460,108,69,39,9,0,10362,7121,848,840,378,58,156,0,0,0,0,0,36,0,16,0,0,1,0,0,0,0,0,0,0,2,0,0,0,0,3,1,0,0,0,0,0,0,12,0,0,0,2,182,45426,0,0,0,0,25,40,11,0,0,9,1,1,1,Jolteon
1-08,11:52:24,NINTEN,Pidgey,Rival4-Pkmn Tower,2,Pokemon Tower - 2F,5,37:39.72,37:39,0h37m39s,0,1,1,38,2:28,23.844,SWIFT,AGILITY,DOUBLE-EDGE,FLY,20,5443,482,70,39,441,398,243,16,17971,Jolteon, ,Normal,Flying,48091,Pidgey1,Pidgey,Rival (Pokemon Tower),00:37:15.87,00:37:39.72,02:28:06.50,38,0,0,37,39,72,SWIFT,AGILITY,DOUBLE-EDGE,FLY,14,30,13,15,0,0,0,0,31,98,63,55,51,51,68,8597,17277,9429,8395,8395,9677,15,15,15,15,0,0,0,0,0,0,0,70,61,51,51,68,535162,193293,297256,42633,1980,20,0,0,5443,5443,0,0,482,109,70,39,9,0,10819,7413,896,888,379,58,159,0,0,0,0,0,38,0,17,0,0,1,0,0,0,0,0,0,0,2,0,0,0,0,3,1,0,0,0,0,0,0,12,0,0,0,2,187,47956,0,0,0,0,25,40,11,0,0,9,1,1,1,Jolteon
1-08,11:52:59,NINTEN,Pidgey,Channeler,10,Pokemon Tower - 4F,2,38:15.04,38:15,0h38m15s,0,1,1,38,2:30,8.058,SWIFT,AGILITY,DOUBLE-EDGE,FLY,21,5491,484,71,40,445,400,245,15,19596,Jolteon, ,Normal,Flying,49027,Pidgey1,Pidgey,,00:38:06.98,00:38:15.04,02:30:26.16,38,0,0,38,15,4,SWIFT,AGILITY,DOUBLE-EDGE,FLY,14,30,13,13,0,0,0,0,98,98,63,55,51,51,68,8657,17347,9489,8595,8595,9837,15,15,15,15,0,0,0,0,0,0,0,70,61,51,51,68,543528,195551,300603,45394,1980,21,0,0,5491,5491,0,0,484,111,71,40,10,0,11039,7513,896,888,381,60,159,0,0,0,0,0,38,0,17,0,0,1,0,0,0,0,0,0,0,2,0,0,0,0,3,1,0,0,0,0,0,0,12,0,0,0,2,189,48892,0,0,0,0,25,40,11,0,0,9,1,1,1,Jolteon
1-08,11:53:18,NINTEN,Pidgey,Channeler,14,Pokemon Tower - 5F,1,38:33.58,38:33,0h38m33s,0,1,1,38,2:31,4.914,SWIFT,AGILITY,DOUBLE-EDGE,FLY,21,5559,511,72,40,447,401,246,16,20286,Jolteon, ,Normal,Flying,49648,Pidgey1,Pidgey,,00:38:28.67,00:38:33.58,02:31:39.41,38,0,0,38,33,58,SWIFT,AGILITY,DOUBLE-EDGE,FLY,20,30,15,14,0,0,0,0,98,98,63,55,51,51,68,8702,17397,9534,8710,8710,9932,15,15,15,15,0,0,0,0,0,0,0,70,61,51,51,68,547933,198395,302164,45394,1980,21,0,0,5559,5559,0,0,511,112,72,40,10,0,11118,7570,896,888,382,60,159,0,0,0,0,0,38,0,17,0,0,1,0,0,0,0,0,0,0,2,0,0,0,0,3,1,0,0,0,0,0,0,12,0,0,0,2,190,49513,0,0,0,0,28,40,11,0,0,9,1,1,1,Jolteon
1-08,11:53:26,NINTEN,Pidgey,Channeler,21,Pokemon Tower - 6F,1,38:42.15,38:42,0h38m42s,0,1,1,38,2:32,4.873,SWIFT,AGILITY,DOUBLE-EDGE,FLY,21,5573,512,73,40,449,402,247,16,20976,Jolteon, ,Normal,Flying,50135,Pidgey1,Pidgey,,00:38:37.27,00:38:42.15,02:32:13.23,38,0,0,38,42,15,SWIFT,AGILITY,DOUBLE-EDGE,FLY,20,30,15,13,0,0,0,0,98,98,63,55,51,51,68,8732,17432,9564,8810,8810,10012,15,15,15,15,0,0,0,0,0,0,0,70,61,51,51,68,549955,198863,303718,45394,1980,21,0,0,5573,5573,0,0,512,113,73,40,10,0,11228,7622,896,888,383,60,159,0,0,0,0,0,38,0,17,0,0,1,0,0,0,0,0,0,0,2,0,0,0,0,3,1,0,0,0,0,0,0,12,0,0,0,2,191,50000,0,0,0,0,28,40,11,0,0,9,1,1,1,Jolteon
1-08,11:53:35,NINTEN,Pidgey,Channeler,20,Pokemon Tower - 6F,1,38:50.30,38:50,0h38m50s,0,1,1,38,2:32,5.073,SWIFT,AGILITY,DOUBLE-EDGE,FLY,21,5584,512,74,40,451,403,248,16,21696,Jolteon, ,Normal,Flying,50622,Pidgey1,Pidgey,,00:38:45.23,00:38:50.30,02:32:45.31,38,0,0,38,50,30,SWIFT,AGILITY,DOUBLE-EDGE,FLY,20,30,15,12,0,0,0,0,98,98,63,55,51,51,68,8762,17467,9594,8910,8910,10092,15,15,15,15,0,0,0,0,0,0,0,70,61,51,51,68,551883,199195,305314,45394,1980,21,0,0,5584,5584,0,0,512,114,74,40,10,0,11402,7674,896,888,384,61,159,0,0,0,0,0,39,0,17,0,0,1,0,0,0,0,0,0,0,2,0,0,0,0,3,1,0,0,0,0,0,0,12,0,0,0,2,192,50487,0,0,0,0,28,40,11,0,0,9,1,1,1,Jolteon
1-08,11:54:07,NINTEN,Pidgey,Rocket,44,Pokemon Tower - 7F,3,39:22.71,39:22,0h39m22s,0,1,1,39,2:34,17.244,SWIFT,AGILITY,DOUBLE-EDGE,FLY,22,5607,513,75,41,458,409,252,16,22416,Jolteon, ,Normal,Flying,52871,Pidgey1,Pidgey,,00:39:05.47,00:39:22.71,02:34:53.42,39,0,0,39,22,71,SWIFT,AGILITY,DOUBLE-EDGE,FLY,16,30,14,11,0,0,0,0,67,100,64,57,53,53,70,8927,17687,9818,9100,9100,10322,15,15,15,15,0,0,0,0,0,0,0,72,64,53,53,70,559574,200740,310942,45912,1980,22,0,0,5607,5607,0,0,513,116,75,41,10,0,11674,7885,929,921,386,62,161,0,0,0,0,0,39,0,17,0,0,1,0,0,0,0,0,0,0,2,0,0,0,0,3,1,0,0,0,0,0,0,12,0,0,0,2,195,52736,0,0,0,0,29,40,11,0,0,9,1,1,1,Jolteon
1-08,11:55:31,NINTEN,Pidgey,Biker,5,Route 16,2,40:47.01,40:47,0h40m47s,0,1,1,39,2:40,9.288,SWIFT,AGILITY,DOUBLE-EDGE,FLY,23,5756,529,76,42,462,413,254,14,2226,Jolteon, ,Normal,Flying,54137,Pidgey1,Pidgey,,00:40:37.72,00:40:47.01,02:40:26.41,39,0,0,40,47,1,SWIFT,AGILITY,DOUBLE-EDGE,FLY,12,30,14,11,0,0,0,0,53,100,66,57,54,54,70,9047,22952,9963,11760,11760,10382,15,15,15,15,0,0,0,0,0,0,0,74,64,54,54,70,579553,213244,314715,49614,1980,23,0,0,5756,5751,5,0,529,118,76,42,11,0,11861,8041,943,935,386,62,163,0,0,0,0,0,39,0,18,0,0,1,0,0,0,0,0,0,0,2,0,0,0,0,3,1,0,0,0,0,0,0,12,0,0,0,2,197,54002,0,0,0,0,29,43,14,0,0,9,1,1,1,Jolteon
1-08,11:55:49,NINTEN,Pidgey,Cue Ball,5,Route 17,2,41:05.05,41:05,0h41m5s,0,1,1,39,2:41,7.966,SWIFT,AGILITY,DOUBLE-EDGE,FLY,23,5782,531,77,42,466,415,256,14,2806,Jolteon, ,Normal,Flying,55589,Pidgey1,Pidgey,,00:40:57.08,00:41:05.05,02:41:38.00,39,0,0,41,5,5,SWIFT,AGILITY,DOUBLE-EDGE,FLY,12,30,14,9,0,0,0,0,53,100,66,57,54,54,70,9197,23132,10083,11845,11845,10462,15,15,15,15,0,0,0,0,0,0,0,74,64,54,54,70,583832,214063,317085,50704,1980,23,0,0,5782,5751,31,0,531,119,77,42,11,0,12087,8215,943,935,388,64,163,0,0,0,0,0,39,0,18,0,0,1,0,0,0,0,0,0,0,2,0,0,0,0,3,1,0,0,0,0,0,0,12,0,0,0,2,199,55454,0,0,0,0,29,43,14,0,0,9,1,1,1,Jolteon
1-08,11:56:01,NINTEN,Pidgey,Cue Ball,4,Route 17,2,41:16.76,41:16,0h41m16s,0,1,1,40,2:42,8.966,SWIFT,AGILITY,DOUBLE-EDGE,FLY,23,5786,534,78,42,470,417,258,14,3531,Jolteon, ,Normal,Flying,56973,Pidgey1,Pidgey,,00:41:07.79,00:41:16.76,02:42:24.08,40,0,0,41,16,76,SWIFT,AGILITY,DOUBLE-EDGE,FLY,12,30,14,7,0,0,0,0,56,103,68,59,55,55,72,9302,23317,10178,11940,11940,10627,15,15,15,15,0,0,0,0,0,0,0,76,66,55,55,72,586600,214222,319694,50704,1980,23,0,0,5786,5751,35,0,534,120,78,42,11,0,12369,8362,943,935,390,66,163,0,0,0,0,0,39,0,18,0,0,1,0,0,0,0,0,0,0,2,0,0,0,0,3,1,0,0,0,0,0,0,12,0,0,0,2,201,56838,0,0,0,0,29,43,14,0,0,9,1,1,1,Jolteon
1-08,11:56:17,NINTEN,Pidgey,Cue Ball,6,Route 17,1,41:32.31,41:32,0h41m32s,0,1,1,40,2:43,5.034,SWIFT,AGILITY,DOUBLE-EDGE,FLY,23,5852,547,79,42,472,418,259,14,4256,Jolteon, ,Normal,Flying,58005,Pidgey1,Pidgey,,00:41:27.28,00:41:32.31,02:43:25.34,40,0,0,41,32,31,SWIFT,AGILITY,DOUBLE-EDGE,FLY,12,30,14,6,0,0,0,0,56,103,68,59,55,55,72,9382,23417,10248,11990,11990,10672,15,15,15,15,0,0,0,0,0,0,0,76,66,55,55,72,590286,215917,321685,50704,1980,23,0,0,5852,5751,101,0,547,121,79,42,11,0,12473,8463,943,935,391,67,163,0,0,0,0,0,39,0,18,0,0,1,0,0,0,0,0,0,0,2,0,0,0,0,3,1,0,0,0,0,0,0,12,0,0,0,2,202,57870,0,0,0,0,30,43,14,0,0,9,1,1,1,Jolteon
1-08,11:56:31,NINTEN,Pidgey,Cue Ball,8,Route 17,2,41:46.23,41:46,0h41m46s,0,1,1,40,2:44,8.223,SWIFT,AGILITY,DOUBLE-EDGE,FLY,23,5897,550,80,42,476,420,261,14,5081,Jolteon, ,Normal,Flying,59836,Pidgey1,Pidgey,,00:41:38.01,00:41:46.23,02:44:20.28,40,0,0,41,46,23,SWIFT,AGILITY,DOUBLE-EDGE,FLY,12,30,14,4,0,0,0,0,56,103,68,59,55,55,72,9527,23622,10378,12100,12100,10812,15,15,15,15,0,0,0,0,0,0,0,76,66,55,55,72,593581,216779,324118,50704,1980,23,0,0,5897,5751,146,0,550,122,80,42,11,0,12711,8634,943,935,393,69,163,0,0,0,0,0,39,0,18,0,0,1,0,0,0,0,0,0,0,2,0,0,0,0,3,1,0,0,0,0,0,0,12,0,0,0,2,204,59701,0,0,0,0,31,43,14,0,0,9,1,1,1,Jolteon
1-08,11:57:01,NINTEN,Pidgey,Cue Ball,1,Route 16,3,42:17.21,42:17,0h42m17s,0,1,1,40,2:46,11.409,SWIFT,AGILITY,DOUBLE-EDGE,FLY,23,5990,553,81,42,482,423,264,14,5806,Jolteon, ,Normal,Flying,61336,Pidgey1,Pidgey,,00:42:05.80,00:42:17.21,02:46:22.27,40,0,0,42,17,21,SWIFT,AGILITY,DOUBLE-EDGE,FLY,20,30,15,12,0,0,0,0,103,103,68,59,55,55,72,9707,23862,10513,12205,12205,10952,15,15,15,15,0,0,0,0,0,0,0,76,66,55,55,72,600899,220272,327300,51347,1980,23,0,0,5990,5833,157,0,553,123,81,42,11,0,13180,8860,943,935,396,72,163,0,0,0,0,0,39,0,18,0,0,1,0,0,0,0,0,0,0,2,0,0,0,0,3,1,0,0,0,0,0,0,12,0,0,0,2,207,61201,0,0,0,0,31,43,14,0,0,9,1,1,1,Jolteon
1-08,11:57:14,NINTEN,Pidgey,Cue Ball,2,Route 16,2,42:29.95,42:29,0h42m29s,0,1,1,41,2:47,8.793,SWIFT,AGILITY,DOUBLE-EDGE,FLY,23,5996,554,82,42,486,425,266,14,6506,Jolteon, ,Normal,Flying,62341,Pidgey1,Pidgey,,00:42:21.15,00:42:29.95,02:47:12.44,41,0,0,42,29,95,SWIFT,AGILITY,DOUBLE-EDGE,FLY,20,30,15,10,0,0,0,0,105,105,69,60,57,57,73,9817,24022,10598,12275,12275,11057,15,15,15,15,0,0,0,0,0,0,0,77,67,57,57,73,603916,220719,329870,51347,1980,23,0,0,5996,5833,163,0,554,124,82,42,11,0,13533,9010,943,935,398,74,163,0,0,0,0,0,39,0,18,0,0,1,0,0,0,0,0,0,0,2,0,0,0,0,3,1,0,0,0,0,0,0,12,0,0,0,2,209,62206,0,0,0,0,31,43,14,0,0,9,1,1,1,Jolteon
1-08,11:57:26,NINTEN,Pidgey,Biker,6,Route 16,1,42:42.22,42:42,0h42m42s,0,1,1,41,2:48,8.124,SWIFT,AGILITY,DOUBLE-EDGE,FLY,23,5999,555,83,42,489,428,268,14,7231,Jolteon, ,Normal,Flying,63563,Pidgey1,Pidgey,,00:42:34.09,00:42:42.22,02:48:01.04,41,0,0,42,42,22,SWIFT,AGILITY,DOUBLE-EDGE,FLY,18,30,14,10,0,0,0,0,66,105,69,60,57,57,73,9882,24112,10718,12360,12360,11117,15,15,15,15,0,0,0,0,0,0,0,77,67,57,57,73,606816,220890,332599,51347,1980,23,0,0,5999,5833,166,0,555,125,83,42,11,0,13627,9101,982,974,399,75,164,0,0,0,0,0,39,0,18,0,0,1,0,0,0,0,0,0,0,2,0,0,0,0,3,1,0,0,0,0,0,0,12,0,0,0,2,210,63428,0,0,0,0,31,43,14,0,0,9,1,1,1,Jolteon
1-08,11:57:46,NINTEN,Pidgey,Biker,7,Route 16,4,43:02.09,43:02,0h43m2s,0,1,1,41,2:49,16.652,SWIFT,AGILITY,DOUBLE-EDGE,FLY,23,6002,555,84,42,497,435,272,14,7891,Jolteon, ,Normal,Flying,65567,Pidgey1,Pidgey,,00:42:45.43,00:43:02.09,02:49:19.30,41,0,0,43,2,9,SWIFT,AGILITY,DOUBLE-EDGE,FLY,13,30,13,9,0,0,0,0,32,105,69,60,57,57,73,10202,24432,10918,12520,12520,11217,15,15,15,15,0,0,0,0,0,0,0,77,67,57,57,73,611522,221163,337032,51347,1980,23,0,0,6002,5833,169,0,555,126,84,42,11,0,14250,9425,1016,1008,401,77,166,0,0,0,0,0,40,0,18,0,0,1,0,0,0,0,0,0,0,2,0,0,0,0,3,1,0,0,0,0,0,0,12,0,0,0,2,214,65432,0,0,0,0,31,43,14,0,0,9,1,1,1,Jolteon
1-08,11:57:59,NINTEN,Pidgey,Cue Ball,3,Route 16,1,43:14.42,43:14,0h43m14s,0,1,1,41,2:50,4.882,SWIFT,AGILITY,DOUBLE-EDGE,FLY,24,6003,556,85,42,499,436,273,13,8411,Jolteon, ,Normal,Flying,66188,Pidgey1,Pidgey,,00:43:09.54,00:43:14.42,02:50:08.01,41,0,0,43,14,42,SWIFT,AGILITY,DOUBLE-EDGE,FLY,13,30,13,8,0,0,0,0,105,105,69,60,57,57,73,10272,24512,10968,12555,12555,11252,15,15,15,15,0,0,0,0,0,0,0,77,67,57,57,73,614433,221323,338678,52452,1980,24,0,0,6003,5833,170,0,556,127,85,42,11,0,14387,9519,1016,1008,402,78,166,0,0,0,0,0,40,0,18,0,0,1,0,0,0,0,0,0,0,2,0,0,0,0,3,1,0,0,0,0,0,0,12,0,0,0,2,215,66053,0,0,0,0,31,43,14,0,0,9,1,1,1,Jolteon
1-08,11:58:18,NINTEN,Pidgey,Biker,8,Route 17,3,43:33.46,43:33,0h43m33s,0,1,1,42,2:51,14.224,SWIFT,AGILITY,DOUBLE-EDGE,FLY,24,6027,558,86,42,504,441,275,13,9236,Jolteon, ,Normal,Flying,68948,Pidgey1,Pidgey,,00:43:19.24,00:43:33.46,02:51:23.14,42,0,0,43,33,46,SWIFT,AGILITY,DOUBLE-EDGE,FLY,11,30,10,8,0,0,0,0,61,108,71,62,58,58,75,10442,24757,11303,12785,12785,11407,15,15,15,15,0,0,0,0,0,0,0,79,69,58,58,75,618946,221976,342538,52452,1980,24,0,0,6027,5833,194,0,558,128,86,42,11,0,14621,9739,1063,1055,405,79,167,0,0,0,0,0,40,0,18,0,0,1,0,0,0,0,0,0,0,2,0,0,0,0,3,1,0,0,0,0,0,0,12,0,0,0,2,218,68813,0,0,0,0,31,43,14,0,0,9,1,1,1,Jolteon
1-08,11:59:29,NINTEN,Pidgey,Biker,12,Route 17,5,44:44.69,44:44,0h44m44s,1,1,2,43,2:54,21.152,SWIFT,AGILITY,DOUBLE-EDGE,FLY,25,6159,574,87,42,514,451,280,13,9796,Jolteon, ,Normal,Flying,72628,Pidgey1,Pidgey,,00:44:23.53,00:44:44.69,02:54:03.20,43,1,0,44,44,69,SWIFT,AGILITY,DOUBLE-EDGE,FLY,2,30,9,8,0,0,0,0,9,111,73,63,60,60,77,10692,25132,11828,13135,13135,11632,15,15,15,15,0,0,0,0,0,0,0,82,70,60,60,77,628558,223731,348361,54322,2144,25,1,0,6159,5833,326,0,574,129,87,42,11,0,15079,10058,1118,1110,406,79,172,0,0,0,0,0,41,0,20,0,0,1,0,0,0,0,0,0,0,2,0,0,0,0,3,1,0,0,0,0,0,0,12,0,0,0,2,223,72493,0,0,0,0,31,43,14,0,0,9,1,1,2,Jolteon
1-08,12:01:01,NINTEN,Pidgey,Blackbelt,5,Saffron City - Fighting Dojo,3,46:16.84,46:16,0h46m16s,1,1,2,43,3:00,11.48,SWIFT,AGILITY,DOUBLE-EDGE,FLY,25,6788,606,88,42,520,454,283,16,9796,Jolteon, ,Normal,Flying,74689,Pidgey1,Pidgey,,00:46:05.36,00:46:16.84,03:00:06.49,43,1,0,46,16,84,SWIFT,AGILITY,DOUBLE-EDGE,FLY,20,30,15,12,0,0,0,0,111,111,74,63,60,60,78,10867,27957,11973,13265,13265,14392,15,15,15,15,0,0,0,0,0,0,0,83,70,60,60,78,650367,237210,351888,59125,2144,25,1,0,6788,6071,717,0,606,130,88,42,11,0,15681,10303,1118,1110,409,82,172,0,0,0,0,0,42,0,20,0,0,1,0,0,0,0,0,0,0,2,0,0,0,0,3,1,0,0,0,0,0,0,12,0,0,0,2,226,74554,0,0,0,0,35,43,14,0,0,10,1,1,2,Jolteon
1-08,12:01:12,NINTEN,Pidgey,Blackbelt,3,Saffron City - Fighting Dojo,2,46:27.84,46:27,0h46m27s,1,1,2,43,3:00,8.148,SWIFT,AGILITY,DOUBLE-EDGE,FLY,25,6789,606,89,42,524,456,285,16,10571,Jolteon, ,Normal,Flying,76292,Pidgey1,Pidgey,,00:46:19.69,00:46:27.84,03:00:50.11,43,1,0,46,27,84,SWIFT,AGILITY,DOUBLE-EDGE,FLY,20,30,15,10,0,0,0,0,111,111,74,63,60,60,78,11017,28137,12093,13350,13350,14472,15,15,15,15,0,0,0,0,0,0,0,83,70,60,60,78,652969,237367,354333,59125,2144,25,1,0,6789,6072,717,0,606,131,89,42,11,0,15938,10492,1118,1110,411,84,172,0,0,0,0,0,42,0,20,0,0,1,0,0,0,0,0,0,0,2,0,0,0,0,3,1,0,0,0,0,0,0,12,0,0,0,2,228,76157,0,0,0,0,35,43,14,0,0,10,1,1,2,Jolteon
1-08,12:01:25,NINTEN,Pidgey,Blackbelt,4,Saffron City - Fighting Dojo,1,46:40.34,46:40,0h46m40s,1,1,2,44,3:01,9.538,SWIFT,AGILITY,DOUBLE-EDGE,FLY,25,6790,606,90,42,526,457,287,16,11371,Jolteon, ,Normal,Flying,77441,Pidgey1,Pidgey,,00:46:30.80,00:46:40.34,03:01:39.39,44,1,0,46,40,34,SWIFT,AGILITY,DOUBLE-EDGE,FLY,20,30,15,9,0,0,0,0,113,113,76,65,61,61,80,11082,28242,12153,13410,13410,14567,15,15,15,15,0,0,0,0,0,0,0,85,73,61,61,80,655937,237576,357092,59125,2144,25,1,0,6790,6073,717,0,606,132,90,42,11,0,16137,10590,1118,1110,412,85,172,0,0,0,0,0,43,0,20,0,0,1,0,0,0,0,0,0,0,2,0,0,0,0,3,1,0,0,0,0,0,0,12,0,0,0,2,229,77306,0,0,0,0,35,43,14,0,0,10,1,1,2,Jolteon
1-08,12:01:41,NINTEN,Pidgey,Blackbelt,2,Saffron City - Fighting Dojo,3,46:56.40,46:56,0h46m56s,1,1,2,44,3:02,11.917,SWIFT,AGILITY,DOUBLE-EDGE,FLY,25,6791,606,91,42,532,460,289,16,12271,Jolteon, ,Normal,Flying,79409,Pidgey1,Pidgey,,00:46:44.48,00:46:56.40,03:02:42.55,44,1,0,46,56,40,SWIFT,AGILITY,DOUBLE-EDGE,FLY,20,30,15,6,0,0,0,0,113,113,76,65,61,61,80,11227,28507,12283,13540,13540,14802,15,15,15,15,0,0,0,0,0,0,0,85,73,61,61,80,659733,237735,360729,59125,2144,25,1,0,6791,6074,717,0,606,133,91,42,11,0,16688,10816,1118,1110,415,86,172,0,0,0,0,0,43,0,20,0,0,1,0,0,0,0,0,0,0,2,0,0,0,0,3,1,0,0,0,0,0,0,12,0,0,0,2,232,79274,0,0,0,0,35,43,14,0,0,10,1,1,2,Jolteon
1-08,12:02:07,NINTEN,Pidgey,Rocket,39,Silph Co - 10F,1,47:23.10,47:23,0h47m23s,1,1,2,44,3:04,5.018,SWIFT,AGILITY,DOUBLE-EDGE,FLY,25,6895,617,92,42,534,461,290,16,13046,Jolteon, ,Normal,Flying,80441,Pidgey1,Pidgey,,00:47:18.08,00:47:23.10,03:04:27.57,44,1,0,47,23,10,SWIFT,AGILITY,DOUBLE-EDGE,FLY,20,30,15,14,0,0,0,0,113,113,76,65,61,61,80,11307,28607,12353,13590,13590,14847,15,15,15,15,0,0,0,0,0,0,0,85,73,61,61,80,666035,241990,362407,59494,2144,25,1,0,6895,6178,717,0,617,134,92,42,11,0,16798,10917,1118,1110,416,87,172,0,0,0,0,0,43,0,20,0,0,1,0,0,0,0,0,0,0,2,0,0,0,0,3,1,0,0,0,0,0,0,12,0,0,0,2,233,80306,0,0,0,0,35,43,14,0,0,10,1,1,2,Jolteon
1-08,12:02:29,NINTEN,Pidgey,Rocket,35,Silph Co - 8F,4,47:44.92,47:44,0h47m44s,1,1,2,44,3:05,13.294,SWIFT,AGILITY,DOUBLE-EDGE,FLY,25,6949,623,93,42,539,465,291,17,14036,Jolteon, ,Normal,Flying,82654,Pidgey1,Pidgey,,00:47:31.63,00:47:44.92,03:05:53.57,44,1,0,47,44,92,SWIFT,AGILITY,DOUBLE-EDGE,FLY,18,30,14,13,0,0,0,0,94,113,76,65,61,61,80,11507,28869,12553,13780,13780,15161,15,15,15,15,0,0,0,0,0,0,0,85,73,61,61,80,671195,243602,365955,59494,2144,25,1,0,6949,6232,717,0,623,135,93,42,11,0,17183,11179,1137,1129,418,88,172,0,0,0,0,0,43,0,20,0,0,1,0,0,0,0,0,0,0,2,0,0,0,0,3,1,0,0,0,0,0,0,12,0,0,0,2,237,82519,0,0,0,0,37,43,14,0,0,10,1,1,2,Jolteon
1-08,12:02:51,NINTEN,Pidgey,Rocket,32,Silph Co - 7F,4,48:06.44,48:06,0h48m6s,1,1,2,45,3:07,17.395,SWIFT,AGILITY,DOUBLE-EDGE,FLY,25,6964,626,94,42,545,470,293,17,14816,Jolteon, ,Normal,Flying,85704,Pidgey1,Pidgey,,00:47:49.05,00:48:06.44,03:07:18.49,45,1,0,48,6,44,SWIFT,AGILITY,DOUBLE-EDGE,FLY,16,30,12,12,0,0,0,0,56,116,77,67,63,63,82,11737,29180,12847,14030,14030,15463,15,15,15,15,0,0,0,0,0,0,0,86,75,63,63,82,676287,244174,370475,59494,2144,25,1,0,6964,6247,717,0,626,136,94,42,11,0,17573,11457,1178,1170,421,89,173,0,0,0,0,0,43,0,20,0,0,1,0,0,0,0,0,0,0,2,0,0,0,0,3,1,0,0,0,0,0,0,12,0,0,0,2,241,85569,0,0,0,0,37,43,14,0,0,10,1,1,2,Jolteon
1-08,12:03:21,NINTEN,Pidgey,Rocket,30,Silph Co - 6F,2,48:36.45,48:36,0h48m36s,1,1,2,45,3:09,8.114,SWIFT,AGILITY,DOUBLE-EDGE,FLY,25,7060,633,95,42,549,472,295,16,15596,Jolteon, ,Normal,Flying,87156,Pidgey1,Pidgey,,00:48:28.33,00:48:36.45,03:09:17.03,45,1,0,48,36,45,SWIFT,AGILITY,DOUBLE-EDGE,FLY,16,30,12,10,0,0,0,0,56,116,77,67,64,64,83,11887,29360,12967,16675,16675,18103,15,15,15,15,0,0,0,0,0,0,0,86,75,64,64,83,683381,247037,373107,61093,2144,25,1,0,7060,6343,717,0,633,137,95,42,11,0,18026,11631,1178,1170,423,91,173,0,0,0,0,0,44,0,20,0,0,1,0,0,0,0,0,0,0,2,0,0,0,0,3,1,0,0,0,0,0,0,12,0,0,0,2,243,87021,0,0,0,0,38,43,14,0,0,10,1,1,2,Jolteon
1-08,12:03:35,NINTEN,Pidgey,Rocket,28,Silph Co - 5F,1,48:50.38,48:50,0h48m50s,1,1,2,45,3:10,4.67,SWIFT,AGILITY,DOUBLE-EDGE,FLY,26,7096,635,96,42,550,473,295,16,16466,Jolteon, ,Normal,Flying,88195,Pidgey1,Pidgey,,00:48:45.71,00:48:50.38,03:10:12.00,45,1,0,48,50,38,SWIFT,AGILITY,DOUBLE-EDGE,FLY,16,30,11,10,0,0,0,0,35,116,77,67,64,64,83,11947,29445,13036,16740,16740,18183,15,15,15,15,0,0,0,0,0,0,0,86,75,64,64,83,686678,248309,374599,61626,2144,26,1,0,7096,6379,717,0,635,138,96,42,11,0,18121,11718,1199,1191,424,91,173,0,0,0,0,0,44,0,20,0,0,1,0,0,0,0,0,0,0,2,0,0,0,0,3,1,0,0,0,0,0,0,12,0,0,0,2,244,88060,0,0,0,0,39,43,14,0,0,10,1,1,2,Jolteon
1-08,12:04:08,NINTEN,Pidgey,Rocket,37,Silph Co - 9F,3,49:23.31,49:23,0h49m23s,1,1,2,46,3:12,11.07,SWIFT,AGILITY,DOUBLE-EDGE,FLY,27,7214,643,97,42,555,476,297,19,17456,Jolteon, ,Normal,Flying,89875,Pidgey1,Pidgey,,00:49:12.24,00:49:23.31,03:12:21.22,46,1,0,49,23,31,SWIFT,AGILITY,DOUBLE-EDGE,FLY,15,30,11,8,0,0,0,0,38,119,79,68,65,65,85,12157,29653,13181,16905,16905,18285,15,15,15,15,0,0,0,0,0,0,0,88,76,65,65,85,694440,252442,377699,62155,2144,27,1,0,7214,6497,717,0,643,139,97,42,11,0,18475,11962,1199,1191,426,93,173,0,0,0,0,0,44,0,20,0,0,1,0,0,0,0,0,0,0,2,0,0,0,0,3,1,0,0,0,0,0,0,12,0,0,0,2,247,89740,0,0,0,0,42,43,14,0,0,10,1,1,2,Jolteon
1-08,12:04:32,NINTEN,Pidgey,Rocket,38,Silph Co - 9F,3,49:47.85,49:47,0h49m47s,1,1,2,46,3:13,11.073,SWIFT,AGILITY,DOUBLE-EDGE,FLY,28,7251,649,98,42,558,479,297,20,18296,Jolteon, ,Normal,Flying,92503,Pidgey1,Pidgey,,00:49:36.78,00:49:47.85,03:13:58.09,46,1,0,49,47,85,SWIFT,AGILITY,DOUBLE-EDGE,FLY,20,30,12,15,0,0,0,0,57,119,79,68,65,65,85,12377,29854,13366,17185,17185,18484,15,15,15,15,0,0,0,0,0,0,0,88,76,65,65,85,700247,254305,381113,62685,2144,28,1,0,7251,6534,717,0,649,140,98,42,11,0,18893,12212,1261,1253,429,93,173,0,0,0,0,0,45,0,20,0,0,1,0,0,0,0,0,0,0,2,0,0,0,0,3,1,0,0,0,0,0,0,12,0,0,0,2,250,92368,0,0,0,0,43,43,14,0,0,10,1,1,2,Jolteon
1-08,12:04:55,NINTEN,Pidgey,Scientist,4,Silph Co - 3F,2,50:10.50,50:10,0h50m10s,1,1,2,46,3:15,12.962,SWIFT,AGILITY,DOUBLE-EDGE,FLY,29,7298,652,99,42,563,482,301,20,19136,Jolteon, ,Normal,Flying,94508,Pidgey1,Pidgey,,00:49:57.53,00:50:10.50,03:15:27.40,46,1,0,50,10,50,SWIFT,AGILITY,DOUBLE-EDGE,FLY,20,30,14,13,0,0,0,0,87,119,79,68,65,65,85,12502,29994,13556,17350,17350,18684,15,15,15,15,0,-2,0,0,0,0,0,99,38,65,65,85,705618,255659,384601,63214,2144,29,1,0,7298,6581,717,0,652,141,99,42,11,0,19107,12371,1293,1285,432,95,175,0,0,0,0,0,45,0,20,0,0,1,0,0,0,0,0,0,0,2,0,0,0,0,3,1,0,0,0,0,0,0,12,0,0,0,2,252,94373,0,0,0,0,43,43,14,0,0,10,1,1,2,Jolteon
1-08,12:05:14,NINTEN,Pidgey,Rocket,25,Silph Co - 3F,3,50:29.97,50:29,0h50m29s,1,1,2,47,3:16,13.081,SWIFT,AGILITY,DOUBLE-EDGE,FLY,30,7319,657,100,42,568,485,304,20,20586,Jolteon, ,Normal,Flying,96890,Pidgey1,Pidgey,,00:50:16.89,00:50:29.97,03:16:44.38,47,1,0,50,29,97,SWIFT,AGILITY,DOUBLE-EDGE,FLY,20,30,13,11,0,0,0,0,67,121,81,70,67,67,87,12697,30229,13746,17565,17565,18945,15,15,15,15,0,0,0,0,0,0,0,91,78,67,67,87,710236,256234,388114,63744,2144,30,1,0,7319,6602,717,0,657,142,100,42,11,0,19374,12607,1315,1307,435,96,175,0,0,0,0,0,45,0,20,0,0,1,0,0,0,0,0,0,0,2,0,0,0,0,3,1,0,0,0,0,0,0,12,0,0,0,2,255,96755,0,0,0,0,43,43,14,0,0,10,1,1,2,Jolteon
1-08,12:05:31,NINTEN,Pidgey,Rocket,27,Silph Co - 4F,3,50:47.12,50:47,0h50m47s,1,1,2,47,3:17,9.398,SWIFT,AGILITY,DOUBLE-EDGE,FLY,30,7347,664,101,42,572,489,305,20,21426,Jolteon, ,Normal,Flying,98108,Pidgey1,Pidgey,,00:50:37.72,00:50:47.12,03:17:51.55,47,1,0,50,47,12,SWIFT,AGILITY,DOUBLE-EDGE,FLY,16,30,13,11,0,0,0,0,67,121,81,70,67,67,87,12822,30384,13920,17685,17685,19090,15,15,15,15,0,0,0,0,0,0,0,91,78,67,67,87,714273,257332,391053,63744,2144,30,1,0,7347,6630,717,0,664,143,101,42,11,0,19714,12803,1315,1307,435,96,176,0,0,0,0,0,46,0,20,0,0,1,0,0,0,0,0,0,0,2,0,0,0,0,3,1,0,0,0,0,0,0,12,0,0,0,2,258,97973,0,0,0,0,43,43,14,0,0,10,1,1,2,Jolteon
1-08,12:06:03,NINTEN,Pidgey,Scientist,6,Silph Co - 5F,4,51:18.51,51:18,0h51m18s,1,1,2,47,3:19,16.165,SWIFT,AGILITY,DOUBLE-EDGE,FLY,31,7377,666,102,42,577,494,306,19,22266,Jolteon, ,Normal,Flying,101097,Pidgey1,Pidgey,,00:51:02.35,00:51:18.51,03:19:55.47,47,1,0,51,18,51,SWIFT,AGILITY,DOUBLE-EDGE,FLY,13,30,11,11,0,0,0,0,82,121,81,70,67,67,87,13002,30634,14300,18045,18045,19300,15,15,15,15,0,0,0,0,0,0,0,91,78,67,67,87,721705,258338,395283,65940,2144,31,1,0,7377,6660,717,0,666,144,102,42,11,0,20062,13055,1354,1346,437,96,177,0,0,0,0,0,46,0,20,0,0,1,0,0,0,0,0,0,0,2,0,0,0,0,3,1,0,0,0,0,0,0,12,0,0,0,2,262,100962,0,0,0,0,43,43,14,0,0,10,1,1,2,Jolteon
1-08,12:06:29,NINTEN,Pidgey,Scientist,7,Silph Co - 6F,5,51:44.25,51:44,0h51m44s,1,1,2,48,3:21,15.878,SWIFT,AGILITY,DOUBLE-EDGE,FLY,32,7417,669,103,42,582,499,306,19,23566,Jolteon, ,Normal,Flying,104204,Pidgey1,Pidgey,,00:51:28.37,00:51:44.25,03:21:37.24,48,1,0,51,44,25,SWIFT,AGILITY,DOUBLE-EDGE,FLY,12,30,7,11,0,0,0,0,29,124,83,72,69,69,89,13197,30889,14705,18435,18435,19585,15,15,15,15,0,0,0,0,0,0,0,93,81,69,69,89,727802,259717,399443,66498,2144,32,1,0,7417,6700,717,0,669,145,103,42,11,0,20541,13347,1410,1402,441,96,177,0,0,0,0,0,46,0,20,0,0,1,0,0,0,0,0,0,0,2,0,0,0,0,3,1,0,0,0,0,0,0,12,0,0,0,2,267,104069,0,0,0,0,43,43,14,0,0,10,1,1,2,Jolteon
1-08,12:07:47,NINTEN,Pidgey,Juggler,3,Fuchsia City - Gym,4,53:02.48,53:02,0h53m2s,2,1,3,48,3:24,11.145,SWIFT,AGILITY,DOUBLE-EDGE,FLY,34,7620,683,104,42,586,503,306,19,24816,Jolteon, ,Normal,Flying,107195,Pidgey1,Pidgey,,00:52:51.33,00:53:02.48,03:24:39.36,48,2,0,53,2,48,SWIFT,AGILITY,DOUBLE-EDGE,FLY,16,30,15,15,0,0,0,0,124,124,83,72,69,69,89,13417,31068,14870,18825,18825,19816,15,15,15,15,0,0,0,0,0,0,0,93,81,69,69,89,738740,265355,402871,68214,2300,34,2,0,7620,6903,717,0,683,146,104,42,11,0,20929,13666,1410,1402,441,96,177,0,0,0,0,0,46,0,20,0,0,1,0,0,0,0,0,0,0,2,0,0,0,0,3,1,0,0,0,0,0,0,12,0,0,0,2,271,107060,0,0,0,0,43,43,14,0,0,10,1,1,3,Jolteon
1-08,12:08:05,NINTEN,Pidgey,Tamer,2,Fuchsia City - Gym,3,53:21.02,53:21,0h53m21s,2,1,3,49,3:25,12.576,SWIFT,AGILITY,DOUBLE-EDGE,FLY,35,7627,698,105,42,590,507,307,19,25901,Jolteon, ,Normal,Flying,110425,Pidgey1,Pidgey,,00:53:08.45,00:53:21.02,03:25:52.50,49,2,0,53,21,2,SWIFT,AGILITY,DOUBLE-EDGE,FLY,16,30,11,15,0,0,0,0,62,127,85,73,70,70,91,13612,31338,15118,19010,19010,20041,15,15,15,15,0,0,0,0,0,-1,0,95,82,70,70,91,743134,265746,406340,68748,2300,35,2,0,7627,6910,717,0,698,147,105,42,11,0,21281,13937,1475,1467,445,96,178,0,0,0,0,0,46,0,20,0,0,1,0,0,0,0,0,0,0,2,0,0,0,0,3,1,0,0,0,0,0,0,12,0,0,0,2,274,110290,0,0,0,0,43,43,14,0,0,10,1,1,3,Jolteon
1-08,12:08:27,NINTEN,Pidgey,Tamer,1,Fuchsia City - Gym,2,53:42.93,53:42,0h53m42s,2,1,3,49,3:27,8.376,SWIFT,AGILITY,DOUBLE-EDGE,FLY,36,7643,703,106,42,593,510,308,18,27221,Jolteon, ,Normal,Flying,112682,Pidgey1,Pidgey,,00:53:34.55,00:53:42.93,03:27:19.17,49,2,0,53,42,93,SWIFT,AGILITY,DOUBLE-EDGE,FLY,13,30,11,15,0,0,0,0,127,127,85,73,70,70,91,13747,31523,15297,19130,19130,20186,15,15,15,15,0,0,0,0,0,-1,0,106,92,70,70,91,748321,266387,409110,70524,2300,36,2,0,7643,6926,717,0,703,148,106,42,11,0,21495,14127,1475,1467,445,96,179,0,0,0,0,0,48,0,20,0,0,1,0,0,0,0,0,0,0,2,0,0,0,0,3,1,0,0,0,0,0,0,12,0,0,0,2,276,112547,0,0,0,0,43,43,14,0,0,10,1,1,3,Jolteon
1-08,12:08:40,NINTEN,Pidgey,Juggler,4,Fuchsia City - Gym,2,53:56.07,53:56,0h53m56s,2,1,3,49,3:28,9.663,SWIFT,AGILITY,DOUBLE-EDGE,FLY,36,7646,703,107,42,596,513,309,18,28581,Jolteon, ,Normal,Flying,114625,Pidgey1,Pidgey,,00:53:46.40,00:53:56.07,03:28:11.09,49,2,0,53,56,7,SWIFT,AGILITY,DOUBLE-EDGE,FLY,13,30,8,15,0,0,0,0,79,127,85,73,70,70,91,13892,31644,15412,19335,19335,20295,15,15,15,15,0,0,0,0,0,0,0,95,82,70,70,91,751433,266719,411890,70524,2300,36,2,0,7646,6929,717,0,703,149,107,42,11,0,21897,14324,1523,1515,448,96,179,0,0,0,0,0,49,0,20,0,0,1,0,0,0,0,0,0,0,2,0,0,0,0,3,1,0,0,0,0,0,0,12,0,0,0,2,278,114490,0,0,0,0,43,43,14,0,0,10,1,1,3,Jolteon
1-08,12:09:01,NINTEN,Pidgey,Juggler,8,Fuchsia City - Gym,2,54:16.82,54:16,0h54m16s,2,1,3,49,3:29,8.393,SWIFT,AGILITY,DOUBLE-EDGE,FLY,36,7704,707,108,42,599,516,310,18,29771,Jolteon, ,Normal,Flying,116423,Pidgey1,Pidgey,,00:54:08.42,00:54:16.82,03:29:33.12,49,2,0,54,16,82,SWIFT,AGILITY,DOUBLE-EDGE,FLY,10,30,8,15,0,0,0,0,40,127,85,73,70,70,91,13992,31727,15487,19545,19545,20442,15,15,15,15,0,0,-1,-1,0,0,0,106,92,46,46,91,756356,268169,414364,71523,2300,36,2,0,7704,6987,717,0,707,150,108,42,11,0,22200,14490,1562,1554,448,96,180,0,0,0,0,0,49,0,20,0,0,1,0,0,0,0,0,0,0,2,0,0,0,0,3,1,0,0,0,0,0,0,12,0,0,0,2,280,116288,0,0,0,0,43,43,14,0,0,10,1,1,3,Jolteon
1-08,12:09:39,NINTEN,Pidgey,Koga,1,Fuchsia City - Gym,4,54:54.92,54:54,0h54m54s,2,1,3,50,3:32,19.75,SWIFT,AGILITY,DOUBLE-EDGE,FLY,37,7797,718,109,42,608,521,315,18,30961,Jolteon, ,Normal,Flying,120115,Pidgey1,Pidgey,Koga,00:54:35.17,00:54:54.92,03:32:03.44,50,2,0,54,54,92,SWIFT,AGILITY,DOUBLE-EDGE,FLY,19,30,15,11,0,0,0,0,18,129,87,75,72,72,94,14242,31957,15697,19755,19755,20667,15,15,15,15,0,0,-1,-1,0,0,0,109,94,47,47,94,765388,271478,419548,72062,2300,37,2,0,7797,7080,717,0,718,151,109,42,11,0,22781,14982,1673,1665,452,97,182,0,0,0,0,0,49,0,20,0,0,1,0,0,0,0,0,0,0,2,0,0,0,0,3,1,0,0,0,0,0,0,12,0,0,0,2,284,119980,0,0,0,0,43,43,14,0,0,10,1,1,3,Jolteon
1-08,12:10:35,NINTEN,Pidgey,Fisher,7,Route 21,4,55:50.30,55:50,0h55m50s,2,1,3,50,3:35,14.724,SWIFT,AGILITY,DOUBLE-EDGE,FLY,37,7945,735,110,42,614,525,317,18,35911,Jolteon, ,Normal,Flying,123841,Pidgey1,Pidgey,,00:55:35.58,00:55:50.30,03:35:42.09,50,2,0,55,50,30,SWIFT,AGILITY,DOUBLE-EDGE,FLY,19,30,14,13,0,0,0,0,108,129,87,75,72,72,94,14527,32300,15952,20045,20045,20934,15,15,15,15,0,0,0,0,0,0,0,97,84,72,72,105,778493,276954,423914,75325,2300,37,2,0,7945,7198,717,30,735,152,110,42,11,0,23189,15310,1694,1686,455,99,182,0,0,0,0,0,49,0,20,0,0,1,0,0,0,0,0,0,0,2,0,0,0,0,3,1,0,0,0,0,0,0,12,0,0,0,2,288,123706,0,0,0,0,44,43,14,0,0,11,1,1,3,Jolteon
1-08,12:11:14,NINTEN,Pidgey,Scientist,4,Cinnabar Mansion,2,56:30.09,56:30,0h56m30s,2,1,3,51,3:38,10.595,SWIFT,AGILITY,DOUBLE-EDGE,FLY,37,8176,754,111,42,617,528,318,19,36891,Jolteon, ,Normal,Flying,125846,Pidgey1,Pidgey,,00:56:19.50,00:56:30.09,03:38:19.19,51,2,0,56,30,9,SWIFT,AGILITY,DOUBLE-EDGE,FLY,18,30,12,13,0,0,0,0,65,132,89,77,74,74,95,14652,32440,16142,22770,22770,21134,15,15,15,15,0,0,0,0,0,0,0,100,86,74,74,106,787923,282322,426911,76390,2300,37,2,0,8176,7357,717,102,754,153,111,42,11,0,23422,15469,1739,1731,457,99,183,0,0,0,0,0,49,0,20,0,0,1,0,0,0,0,0,0,0,2,0,0,0,0,3,1,0,0,0,0,0,0,12,0,0,0,2,290,125711,0,0,0,0,46,43,14,0,0,11,1,1,3,Jolteon
1-08,12:14:21,NINTEN,Pidgey,Rocket,29,Silph Co - 5F,1,59:37.14,59:37,0h59m37s,5,1,6,51,3:42,4.97,SWIFT,AGILITY,DOUBLE-EDGE,FLY,38,8497,770,112,42,618,529,318,19,38341,Jolteon, ,Normal,Flying,127011,Pidgey1,Pidgey,,00:59:32.17,00:59:37.14,03:42:54.10,51,5,0,59,37,14,SWIFT,AGILITY,DOUBLE-EDGE,FLY,20,30,14,15,0,0,0,0,106,132,89,78,74,74,96,14737,32513,18772,22885,22885,23761,15,15,15,15,0,0,0,0,0,0,0,100,87,74,74,108,804420,293701,428805,79456,2458,38,3,0,8497,7678,717,102,770,154,112,42,11,0,23617,15573,1765,1757,458,99,183,0,0,0,0,0,50,0,20,0,0,1,0,0,0,0,0,0,0,2,0,0,0,0,3,1,0,0,0,0,0,0,12,0,0,0,2,291,126876,0,0,0,0,50,43,14,0,0,11,1,1,6,Jolteon
1-08,12:14:35,NINTEN,Pidgey,Rocket,33,Silph Co - 7F,2,59:50.92,59:50,0h59m50s,5,1,6,51,3:43,7.133,SWIFT,AGILITY,DOUBLE-EDGE,FLY,38,8525,780,113,42,620,531,318,19,39331,Jolteon, ,Normal,Flying,128091,Pidgey1,Pidgey,,00:59:43.78,00:59:50.92,03:43:48.18,51,5,0,59,50,92,SWIFT,AGILITY,DOUBLE-EDGE,FLY,20,30,12,15,0,0,0,0,70,132,89,78,74,74,96,14837,32613,18962,22965,22965,23831,15,15,15,15,0,0,0,0,0,0,0,100,87,74,74,108,807668,294853,430901,79456,2458,38,3,0,8525,7706,717,102,780,155,113,42,11,0,23807,15717,1801,1793,460,99,183,0,0,0,0,0,50,0,20,0,0,1,0,0,0,0,0,0,0,2,0,0,0,0,3,1,0,0,0,0,0,0,12,0,0,0,2,293,127956,0,0,0,0,50,43,14,0,0,11,1,1,6,Jolteon
1-08,12:15:00,NINTEN,Pidgey,Rocket,36,Silph Co - 8F,3,1:00:15.31,1:00:15,1h0m15s,5,1,6,51,3:45,18.073,SWIFT,AGILITY,DOUBLE-EDGE,FLY,38,8550,785,114,42,628,536,323,19,40201,Jolteon, ,Normal,Flying,130839,Pidgey1,Pidgey,,00:59:57.24,01:00:15.31,03:45:24.41,51,5,1,0,15,31,SWIFT,AGILITY,DOUBLE-EDGE,FLY,19,30,11,12,0,0,0,0,52,132,89,78,74,74,96,15017,32848,19247,23185,23185,24016,15,15,15,15,0,0,0,0,0,0,0,100,87,74,74,108,813451,295933,435604,79456,2458,38,3,0,8550,7731,717,102,785,156,114,42,11,0,24089,15943,1819,1811,463,104,184,0,0,0,0,0,50,0,20,0,0,2,0,0,0,0,0,0,0,2,0,0,0,0,4,1,0,0,0,0,0,0,12,0,0,0,2,296,130704,0,0,0,0,50,43,14,0,0,11,1,1,6,Jolteon
1-08,12:15:39,NINTEN,Pidgey,Burglar,4,Cinnabar Island - Gym,3,1:00:55.02,1:00:55,1h0m55s,5,1,6,52,3:48,13.887,SWIFT,AGILITY,DOUBLE-EDGE,FLY,38,8600,792,115,42,634,540,326,19,41041,Jolteon, ,Normal,Flying,133399,Pidgey1,Pidgey,,01:00:41.14,01:00:55.02,03:48:01.21,52,5,1,0,55,2,SWIFT,AGILITY,DOUBLE-EDGE,FLY,18,30,15,13,0,0,0,0,119,135,90,80,76,76,99,15183,33035,19407,23400,23400,24241,15,15,15,15,0,0,0,0,0,0,0,101,90,76,76,111,822851,299510,439388,81495,2458,38,3,0,8600,7781,717,102,792,157,115,42,11,0,24419,16217,1835,1827,465,104,186,0,0,0,0,0,50,0,20,0,0,2,0,0,0,0,0,0,0,2,0,0,0,0,4,1,0,0,0,0,0,0,12,0,0,0,2,299,133264,0,0,0,0,50,43,14,0,0,11,1,1,6,Jolteon
1-08,12:15:54,NINTEN,Pidgey,Super Nerd,9,Cinnabar Island - Gym,3,1:01:10.01,1:01:10,1h1m10s,5,1,6,52,3:49,9.243,SWIFT,AGILITY,DOUBLE-EDGE,FLY,38,8617,794,116,42,637,543,326,19,44281,Jolteon, ,Normal,Flying,135743,Pidgey1,Pidgey,,01:01:00.77,01:01:10.01,03:49:00.20,52,5,1,1,10,1,SWIFT,AGILITY,DOUBLE-EDGE,FLY,15,30,15,13,0,0,0,0,119,135,90,80,76,76,99,15332,33193,19562,23630,23630,24471,15,15,15,15,0,0,0,0,0,0,0,101,90,76,76,111,826390,300061,442376,81495,2458,38,3,0,8617,7798,717,102,794,158,116,42,11,0,24721,16479,1835,1827,465,104,186,0,0,0,0,0,51,0,20,0,0,2,0,0,0,0,0,0,0,2,0,0,0,0,4,1,0,0,0,0,0,0,12,0,0,0,2,302,135608,0,0,0,0,50,43,14,0,0,11,1,1,6,Jolteon
1-08,12:16:15,NINTEN,Pidgey,Super Nerd,10,Cinnabar Island - Gym,4,1:01:30.78,1:01:30,1h1m30s,5,1,6,52,3:50,14.958,SWIFT,AGILITY,DOUBLE-EDGE,FLY,38,8631,796,117,42,645,547,330,19,45181,Jolteon, ,Normal,Flying,138444,Pidgey1,Pidgey,,01:01:15.83,01:01:30.78,03:50:22.15,52,5,1,1,30,78,SWIFT,AGILITY,DOUBLE-EDGE,FLY,15,30,15,9,0,0,0,0,119,135,90,80,76,76,99,15514,33441,19745,23860,23860,24751,15,15,15,15,0,0,0,0,0,0,0,101,90,76,76,111,831305,300938,446414,81495,2458,38,3,0,8631,7812,717,102,796,159,117,42,11,0,25189,16798,1835,1827,469,108,186,0,0,0,0,0,52,0,20,0,0,2,0,0,0,0,0,0,0,2,0,0,0,0,4,1,0,0,0,0,0,0,12,0,0,0,2,306,138309,0,0,0,0,50,43,14,0,0,11,1,1,6,Jolteon
1-08,12:16:27,NINTEN,Pidgey,Burglar,5,Cinnabar Island - Gym,1,1:01:42.47,1:01:42,1h1m42s,5,1,6,52,3:51,6.433,SWIFT,AGILITY,DOUBLE-EDGE,FLY,38,8645,799,118,42,648,549,332,19,46031,Jolteon, ,Normal,Flying,139779,Pidgey1,Pidgey,,01:01:36.03,01:01:42.47,03:51:08.17,52,5,1,1,42,47,SWIFT,AGILITY,DOUBLE-EDGE,FLY,14,30,15,8,0,0,0,0,119,135,90,80,76,76,99,15564,33526,19800,23925,23925,24841,15,15,15,15,0,0,0,0,0,0,0,101,90,76,76,111,834067,301683,448431,81495,2458,38,3,0,8645,7826,717,102,799,160,118,42,11,0,25375,16896,1835,1827,470,110,186,0,0,0,0,0,53,0,20,0,0,2,0,0,0,0,0,0,0,2,0,0,0,0,4,1,0,0,0,0,0,0,12,0,0,0,2,307,139644,0,0,0,0,50,43,14,0,0,11,1,1,6,Jolteon
1-08,12:16:41,NINTEN,Pidgey,Super Nerd,11,Cinnabar Island - Gym,1,1:01:56.60,1:01:56,1h1m56s,5,1,6,52,3:52,8.352,SWIFT,AGILITY,DOUBLE-EDGE,FLY,38,8659,808,119,42,651,551,334,19,49721,Jolteon, ,Normal,Flying,141465,Pidgey1,Pidgey,,01:01:48.24,01:01:56.60,03:52:04.03,52,5,1,1,56,60,SWIFT,AGILITY,DOUBLE-EDGE,FLY,14,30,14,7,0,0,0,0,96,135,90,80,76,76,99,15629,33626,19870,24005,24005,24946,15,15,15,15,0,-1,0,0,0,0,0,113,58,76,76,124,837413,302557,450903,81495,2458,38,3,0,8659,7840,717,102,808,161,119,42,11,0,25538,17006,1858,1850,472,111,187,0,0,0,0,0,53,0,20,0,0,2,0,0,0,0,0,0,0,2,0,0,0,0,4,1,0,0,0,0,0,0,12,0,0,0,2,308,141330,0,0,0,0,50,43,14,0,0,11,1,1,6,Jolteon
1-08,12:16:53,NINTEN,Pidgey,Burglar,6,Cinnabar Island - Gym,2,1:02:08.81,1:02:08,1h2m8s,5,1,6,53,3:52,7.37,SWIFT,AGILITY,DOUBLE-EDGE,FLY,38,8672,809,120,42,653,553,334,19,50746,Jolteon, ,Normal,Flying,142685,Pidgey1,Pidgey,,01:02:01.44,01:02:08.81,03:52:52.13,53,5,1,2,8,81,SWIFT,AGILITY,DOUBLE-EDGE,FLY,12,30,14,7,0,0,0,0,98,137,92,81,78,78,100,15722,33737,19955,24120,24120,25071,15,15,15,15,0,0,0,0,0,0,0,103,91,78,78,112,840303,303221,453129,81495,2458,38,3,0,8672,7853,717,102,809,162,120,42,11,0,25788,17180,1858,1850,472,111,187,0,0,0,0,0,54,0,20,0,0,2,0,0,0,0,0,0,0,2,0,0,0,0,4,1,0,0,0,0,0,0,12,0,0,0,2,310,142550,0,0,0,0,50,43,14,0,0,11,1,1,6,Jolteon
1-08,12:17:08,NINTEN,Pidgey,Super Nerd,12,Cinnabar Island - Gym,2,1:02:23.64,1:02:23,1h2m23s,5,1,6,53,3:53,7.898,SWIFT,AGILITY,DOUBLE-EDGE,FLY,38,8687,812,121,42,656,556,335,19,54076,Jolteon, ,Normal,Flying,143905,Pidgey1,Pidgey,,01:02:15.74,01:02:23.64,03:53:50.35,53,5,1,2,23,64,SWIFT,AGILITY,DOUBLE-EDGE,FLY,9,30,14,7,0,0,0,0,79,137,92,81,78,78,100,15815,33848,20040,24235,24235,25196,15,15,15,15,0,0,0,0,0,0,0,103,91,78,78,112,843805,304052,455800,81495,2458,38,3,0,8687,7868,717,102,812,163,121,42,11,0,26136,17354,1877,1869,472,111,188,0,0,0,0,0,55,0,20,0,0,2,0,0,0,0,0,0,0,2,0,0,0,0,4,1,0,0,0,0,0,0,12,0,0,0,2,312,143770,0,0,0,0,50,43,14,0,0,11,1,1,6,Jolteon
1-08,12:18:43,NINTEN,Pidgey,Jr Trainer F,23,Route 15,3,1:03:58.83,1:03:58,1h3m58s,7,1,8,53,3:56,9.671,SWIFT,AGILITY,DOUBLE-EDGE,FLY,39,8750,814,122,42,660,560,336,18,55001,Jolteon, ,Normal,Flying,145941,Pidgey1,Pidgey,,01:03:49.16,01:03:58.83,03:56:33.52,53,7,1,3,58,83,SWIFT,AGILITY,DOUBLE-EDGE,FLY,15,30,14,15,0,0,0,0,132,137,92,81,78,78,100,15975,34028,20245,24480,24480,25326,15,15,15,15,0,0,0,0,0,0,0,103,91,78,78,112,853607,306554,458580,85828,2645,39,4,0,8750,7931,717,102,814,164,122,42,11,0,26582,17576,1882,1874,472,111,189,0,0,0,0,0,56,0,20,0,0,2,0,0,0,0,0,0,0,2,0,0,0,0,4,1,0,0,0,0,0,0,12,0,0,0,2,315,145806,0,0,0,0,50,43,14,0,0,11,1,1,8,Jolteon
1-08,12:18:58,NINTEN,Pidgey,Bird Keeper,6,Route 15,4,1:04:14.08,1:04:14,1h4m14s,7,1,8,53,3:57,11.285,SWIFT,AGILITY,DOUBLE-EDGE,FLY,39,8767,815,123,42,664,564,337,18,55581,Jolteon, ,Normal,Flying,147932,Pidgey1,Pidgey,,01:04:02.80,01:04:14.08,03:57:33.55,53,7,1,4,14,8,SWIFT,AGILITY,DOUBLE-EDGE,FLY,11,30,14,15,0,0,0,0,126,137,92,81,78,78,100,16165,34283,20440,24658,24658,25588,15,15,15,15,0,0,0,0,0,0,0,103,91,78,78,112,857210,306991,461746,85828,2645,39,4,0,8767,7948,717,102,815,165,123,42,11,0,27115,17833,1888,1880,472,111,190,0,0,0,0,0,57,0,20,0,0,2,0,0,0,0,0,0,0,2,0,0,0,0,4,1,0,0,0,0,0,0,12,0,0,0,2,319,147797,0,0,0,0,50,43,14,0,0,11,1,1,8,Jolteon
1-08,12:19:10,NINTEN,Pidgey,Bird Keeper,7,Route 15,3,1:04:26.02,1:04:26,1h4m26s,7,1,8,53,3:58,8.458,SWIFT,AGILITY,DOUBLE-EDGE,FLY,39,8773,815,124,42,667,567,337,18,56231,Jolteon, ,Normal,Flying,150032,Pidgey1,Pidgey,,01:04:17.56,01:04:26.02,03:58:20.53,53,7,1,4,26,2,SWIFT,AGILITY,DOUBLE-EDGE,FLY,8,30,14,15,0,0,0,0,126,137,92,81,78,78,100,16295,34563,20600,24788,24788,25838,15,15,15,15,0,0,0,0,0,0,0,103,91,78,78,112,860028,307312,464243,85828,2645,39,4,0,8773,7954,717,102,815,166,124,42,11,0,27425,18033,1888,1880,472,111,190,0,0,0,0,0,57,0,20,0,0,2,0,0,0,0,0,0,0,2,0,0,0,0,4,1,0,0,0,0,0,0,12,0,0,0,2,322,149897,0,0,0,0,50,43,14,0,0,11,1,1,8,Jolteon
1-08,12:19:23,NINTEN,Pidgey,Jr Trainer F,20,Route 15,3,1:04:38.61,1:04:38,1h4m38s,7,1,8,54,3:59,9.219,SWIFT,AGILITY,DOUBLE-EDGE,FLY,39,8779,815,125,42,670,570,337,18,56931,Jolteon, ,Normal,Flying,151760,Pidgey1,Pidgey,,01:04:29.39,01:04:38.61,03:59:10.28,54,7,1,4,38,61,SWIFT,AGILITY,DOUBLE-EDGE,FLY,5,30,14,15,0,0,0,0,129,140,94,83,80,80,103,16445,34728,20780,25023,25023,25938,15,15,15,15,0,0,0,0,0,0,0,105,93,80,80,115,863003,307611,466919,85828,2645,39,4,0,8779,7960,717,102,815,167,125,42,11,0,27792,18243,1888,1880,472,111,190,0,0,0,0,0,58,0,20,0,0,2,0,0,0,0,0,0,0,2,0,0,0,0,4,1,0,0,0,0,0,0,12,0,0,0,2,325,151625,0,0,0,0,50,43,14,0,0,11,1,1,8,Jolteon
1-08,12:19:36,NINTEN,Pidgey,Beauty,10,Route 15,2,1:04:52.10,1:04:52,1h4m52s,7,1,8,54,4:00,8.651,SWIFT,AGILITY,DOUBLE-EDGE,FLY,39,8783,822,126,42,674,572,339,18,57491,Jolteon, ,Normal,Flying,153033,Pidgey1,Pidgey,,01:04:43.46,01:04:52.10,04:00:03.39,54,7,1,4,52,10,SWIFT,AGILITY,DOUBLE-EDGE,FLY,5,30,14,13,0,0,0,0,129,140,94,83,80,80,103,16550,34839,20892,25168,25168,26043,15,15,15,15,0,0,0,0,0,0,0,105,93,80,80,115,866194,307950,469771,85828,2645,39,4,0,8783,7964,717,102,822,168,126,42,11,0,28451,18390,1888,1880,474,112,190,0,0,0,0,0,59,0,20,0,0,2,0,0,0,0,0,0,0,2,0,0,0,0,4,1,0,0,0,0,0,0,12,0,0,0,2,327,152898,0,0,0,0,50,43,14,0,0,11,1,1,8,Jolteon
1-08,12:19:51,NINTEN,Pidgey,Biker,4,Route 15,3,1:05:06.73,1:05:06,1h5m6s,7,1,8,54,4:01,11.586,SWIFT,AGILITY,DOUBLE-EDGE,FLY,39,8785,827,127,42,677,575,339,18,59521,Jolteon, ,Normal,Flying,155295,Pidgey1,Pidgey,,01:04:55.14,01:05:06.73,04:01:01.19,54,7,1,5,6,73,SWIFT,AGILITY,DOUBLE-EDGE,FLY,4,30,12,13,0,0,0,0,94,140,94,83,80,80,103,16735,35074,21157,25353,25353,26163,15,15,15,15,0,0,0,0,0,0,0,105,93,80,80,115,869654,308174,473007,85828,2645,39,4,0,8785,7966,717,102,827,169,127,42,11,0,28835,18619,1923,1915,476,112,190,0,0,0,0,0,60,0,20,0,0,2,0,0,0,0,0,0,0,2,0,0,0,0,4,1,0,0,0,0,0,0,12,0,0,0,2,330,155160,0,0,0,0,50,43,14,0,0,11,1,1,8,Jolteon
1-08,12:20:14,NINTEN,Pidgey,Biker,3,Route 15,5,1:05:29.64,1:05:29,1h5m29s,7,1,8,54,4:02,19.73,SWIFT,AGILITY,DOUBLE-EDGE,FLY,39,8789,827,128,42,683,581,340,18,60081,Jolteon,Poisoned,Normal,Flying,158531,Pidgey1,Pidgey,,01:05:09.91,01:05:29.64,04:02:31.45,54,7,1,5,29,64,SWIFT,AGILITY,DOUBLE-EDGE,FLY,0,30,10,13,0,0,0,0,56,140,94,83,80,80,103,17000,35439,21612,25658,25658,26353,15,15,15,15,0,0,0,0,0,0,0,105,93,80,80,115,875080,308432,478175,85828,2645,39,4,0,8789,7970,717,102,827,170,128,42,11,0,29429,18946,1961,1953,478,112,191,0,0,0,0,0,60,0,20,0,0,2,0,0,0,0,0,0,0,3,0,0,0,0,4,1,0,0,0,0,0,0,12,0,0,0,2,335,158396,0,0,0,0,50,43,14,0,0,11,1,1,8,Jolteon
1-08,12:22:07,NINTEN,Pidgey,Beauty,9,Route 15,2,1:07:22.35,1:07:22,1h7m22s,7,1,8,55,4:09,8.028,SWIFT,AGILITY,DOUBLE-EDGE,FLY,39,9087,859,129,42,686,584,341,19,28081,Jolteon, ,Normal,Flying,159909,Pidgey1,Pidgey,,01:07:14.32,01:07:22.35,04:09:56.43,55,7,1,7,22,35,SWIFT,AGILITY,DOUBLE-EDGE,FLY,17,30,15,15,0,0,0,0,143,143,96,88,82,82,105,17203,35569,26832,25758,25758,26469,15,15,15,15,0,0,0,0,0,0,0,108,99,82,82,118,901778,325561,480559,93013,2645,39,4,0,9087,8268,717,102,859,171,129,42,11,0,29755,19150,1961,1953,478,113,191,0,0,0,0,0,60,0,20,0,0,2,0,0,0,0,0,0,0,3,0,0,0,0,4,1,0,0,0,0,0,0,12,0,0,0,2,337,159774,0,0,0,0,50,58,17,0,0,11,1,1,8,Jolteon
1-08,12:22:18,NINTEN,Pidgey,Jr Trainer F,21,Route 15,2,1:07:33.66,1:07:33,1h7m33s,7,1,8,55,4:10,6.822,SWIFT,AGILITY,DOUBLE-EDGE,FLY,39,9090,859,130,42,688,586,342,19,30111,Jolteon, ,Normal,Flying,160951,Pidgey1,Pidgey,,01:07:26.84,01:07:33.66,04:10:41.11,55,7,1,7,33,66,SWIFT,AGILITY,DOUBLE-EDGE,FLY,15,30,15,15,0,0,0,0,129,143,96,88,82,82,105,17306,35674,26927,25843,25843,26596,15,15,15,15,0,0,0,0,0,0,0,108,99,82,82,118,904446,325805,482983,93013,2645,39,4,0,9090,8271,717,102,859,172,130,42,11,0,29989,19296,1975,1967,478,113,192,0,0,0,0,0,60,0,21,0,0,2,0,0,0,0,0,0,0,3,0,0,0,0,4,1,0,0,0,0,0,0,12,0,0,0,2,339,160816,0,0,0,0,50,58,17,0,0,11,1,1,8,Jolteon
1-08,12:22:29,NINTEN,Pidgey,Bird Keeper,5,Route 14,2,1:07:44.42,1:07:44,1h7m44s,7,1,8,55,4:11,6.209,SWIFT,AGILITY,DOUBLE-EDGE,FLY,39,9111,860,131,42,690,588,342,19,30691,Jolteon, ,Normal,Flying,162317,Pidgey1,Pidgey,,01:07:38.21,01:07:44.42,04:11:23.31,55,7,1,7,44,42,SWIFT,AGILITY,DOUBLE-EDGE,FLY,13,30,15,15,0,0,0,0,129,143,96,88,82,82,105,17411,35824,27022,25935,25935,26766,15,15,15,15,0,0,0,0,0,0,0,108,99,82,82,118,906986,326393,484935,93013,2645,39,4,0,9111,8292,717,102,860,173,131,42,11,0,30243,19443,1975,1967,478,113,192,0,0,0,0,0,60,0,21,0,0,2,0,0,0,0,0,0,0,3,0,0,0,0,4,1,0,0,0,0,0,0,12,0,0,0,2,341,162182,0,0,0,0,50,58,17,0,0,11,1,1,8,Jolteon
1-08,12:22:43,NINTEN,Pidgey,Biker,13,Route 14,4,1:07:58.46,1:07:58,1h7m58s,7,1,8,55,4:12,10.61,SWIFT,AGILITY,DOUBLE-EDGE,FLY,39,9121,861,132,42,694,592,342,19,31416,Jolteon, ,Normal,Flying,164720,Pidgey1,Pidgey,,01:07:47.85,01:07:58.46,04:12:18.47,55,7,1,7,58,46,SWIFT,AGILITY,DOUBLE-EDGE,FLY,9,30,15,15,0,0,0,0,129,143,96,88,82,82,105,17611,36099,27357,26155,26155,26896,15,15,15,15,0,0,0,0,0,0,0,108,99,82,82,118,910302,326711,487933,93013,2645,39,4,0,9121,8302,717,102,861,174,132,42,11,0,30592,19704,1975,1967,478,113,192,0,0,0,0,0,60,0,21,0,0,2,0,0,0,0,0,0,0,3,0,0,0,0,4,1,0,0,0,0,0,0,12,0,0,0,2,345,164585,0,0,0,0,50,58,17,0,0,11,1,1,8,Jolteon
1-08,12:22:52,NINTEN,Pidgey,Biker,2,Route 14,2,1:08:08.17,1:08:08,1h8m8s,7,1,8,55,4:12,6.711,SWIFT,AGILITY,DOUBLE-EDGE,FLY,39,9128,862,133,42,696,594,342,19,31936,Jolteon, ,Normal,Flying,165986,Pidgey1,Pidgey,,01:08:01.46,01:08:08.17,04:12:56.59,55,7,1,8,8,17,SWIFT,AGILITY,DOUBLE-EDGE,FLY,7,30,15,15,0,0,0,0,129,143,96,88,82,82,105,17731,36244,27502,26255,26255,26956,15,15,15,15,0,0,0,0,0,0,0,108,99,82,82,118,912594,326924,490012,93013,2645,39,4,0,9128,8309,717,102,862,175,133,42,11,0,30868,19860,1975,1967,478,113,192,0,0,0,0,0,61,0,21,0,0,2,0,0,0,0,0,0,0,3,0,0,0,0,4,1,0,0,0,0,0,0,12,0,0,0,2,347,165851,0,0,0,0,50,58,17,0,0,11,1,1,8,Jolteon
1-08,12:23:04,NINTEN,Pidgey,Biker,14,Route 14,3,1:08:19.30,1:08:19,1h8m19s,7,1,8,55,4:13,8.113,SWIFT,AGILITY,DOUBLE-EDGE,FLY,39,9131,862,134,42,699,597,342,19,32516,Jolteon, ,Normal,Flying,167750,Pidgey1,Pidgey,,01:08:11.18,01:08:19.30,04:13:40.41,55,7,1,8,19,30,SWIFT,AGILITY,DOUBLE-EDGE,FLY,4,30,15,15,0,0,0,0,129,143,96,88,82,82,105,17931,36469,27697,26395,26395,27041,15,15,15,15,0,0,0,0,0,0,0,108,99,82,82,118,915216,327156,492402,93013,2645,39,4,0,9131,8312,717,102,862,176,134,42,11,0,31195,20098,1975,1967,478,113,192,0,0,0,0,0,61,0,21,0,0,2,0,0,0,0,0,0,0,3,0,0,0,0,4,1,0,0,0,0,0,0,12,0,0,0,2,350,167615,0,0,0,0,50,58,17,0,0,11,1,1,8,Jolteon
1-08,12:23:12,NINTEN,Pidgey,Bird Keeper,4,Route 14,1,1:08:27.79,1:08:27,1h8m27s,7,1,8,55,4:14,3.831,SWIFT,AGILITY,DOUBLE-EDGE,FLY,39,9159,863,135,42,700,598,342,19,33076,Jolteon, ,Normal,Flying,168414,Pidgey1,Pidgey,,01:08:23.96,01:08:27.79,04:14:14.11,55,7,1,8,27,79,SWIFT,AGILITY,DOUBLE-EDGE,FLY,3,30,15,15,0,0,0,0,129,143,96,88,82,82,105,17983,36534,27752,26453,26453,27101,15,15,15,15,0,0,0,0,0,0,0,108,99,82,82,118,917226,327775,493793,93013,2645,39,4,0,9159,8340,717,102,863,177,135,42,11,0,31290,20180,1975,1967,478,113,192,0,0,0,0,0,61,0,21,0,0,2,0,0,0,0,0,0,0,3,0,0,0,0,4,1,0,0,0,0,0,0,12,0,0,0,2,351,168279,0,0,0,0,50,58,17,0,0,11,1,1,8,Jolteon
1-08,12:23:24,NINTEN,Pidgey,Biker,15,Route 14,2,1:08:39.27,1:08:39,1h8m39s,7,1,8,56,4:14,8.286,SWIFT,AGILITY,DOUBLE-EDGE,FLY,39,9162,863,136,42,702,600,342,19,33901,Jolteon, ,Normal,Flying,170097,Pidgey1,Pidgey,,01:08:30.98,01:08:39.27,04:14:59.26,56,7,1,8,39,27,SWIFT,AGILITY,DOUBLE-EDGE,FLY,3,30,13,15,0,0,0,0,90,146,99,90,83,83,107,18128,36704,27922,26578,26578,27186,15,15,15,15,0,0,0,0,0,0,0,111,101,83,83,120,919941,328018,496265,93013,2645,39,4,0,9162,8343,717,102,863,178,136,42,11,0,31543,20350,2017,2009,480,113,192,0,0,0,0,0,61,0,21,0,0,2,0,0,0,0,0,0,0,3,0,0,0,0,4,1,0,0,0,0,0,0,12,0,0,0,2,353,169962,0,0,0,0,50,58,17,0,0,11,1,1,8,Jolteon
1-08,12:23:45,NINTEN,Pidgey,Swimmer,2,Route 19,2,1:09:01.07,1:09:01,1h9m1s,7,1,8,56,4:16,7.956,SWIFT,AGILITY,DOUBLE-EDGE,FLY,39,9186,869,137,42,705,603,343,19,34481,Jolteon, ,Normal,Flying,171394,Pidgey1,Pidgey,,01:08:53.12,01:09:01.07,04:16:24.01,56,7,1,9,1,7,SWIFT,AGILITY,DOUBLE-EDGE,FLY,17,30,15,15,0,0,0,0,129,146,99,90,83,83,107,18198,36809,28057,26723,26723,27296,15,15,15,15,0,0,0,0,0,0,0,111,101,83,83,120,925016,329861,498887,93623,2645,39,4,0,9186,8367,717,102,869,179,137,42,11,0,31877,20480,2034,2026,480,113,193,0,0,0,0,0,62,0,21,0,0,2,0,0,0,0,0,0,0,3,0,0,0,0,4,1,0,0,0,0,0,0,12,0,0,0,2,355,171259,0,0,0,0,50,58,17,0,0,11,1,1,8,Jolteon
1-08,12:23:57,NINTEN,Pidgey,Swimmer,3,Route 19,3,1:09:12.34,1:09:12,1h9m12s,7,1,8,56,4:17,8.251,SWIFT,AGILITY,DOUBLE-EDGE,FLY,39,9191,870,138,42,708,606,343,19,34631,Jolteon, ,Normal,Flying,173254,Pidgey1,Pidgey,,01:09:04.09,01:09:12.34,04:17:08.18,56,7,1,9,12,34,SWIFT,AGILITY,DOUBLE-EDGE,FLY,14,30,15,15,0,0,0,0,129,146,99,90,83,83,107,18303,36961,28242,26913,26913,27504,15,15,15,15,0,0,0,0,0,0,0,111,101,83,83,120,927673,330076,501329,93623,2645,39,4,0,9191,8372,717,102,870,180,138,42,11,0,32282,20671,2034,2026,480,113,193,0,0,0,0,0,63,0,21,0,0,2,0,0,0,0,0,0,0,3,0,0,0,0,4,1,0,0,0,0,0,0,12,0,0,0,2,358,173119,0,0,0,0,50,58,17,0,0,11,1,1,8,Jolteon
1-08,12:24:08,NINTEN,Pidgey,Swimmer,7,Route 19,2,1:09:23.74,1:09:23,1h9m23s,7,1,8,56,4:17,5.762,SWIFT,AGILITY,DOUBLE-EDGE,FLY,39,9201,871,139,42,710,608,343,19,34776,Jolteon, ,Normal,Flying,174318,Pidgey1,Pidgey,,01:09:17.98,01:09:23.74,04:17:53.07,56,7,1,9,23,74,SWIFT,AGILITY,DOUBLE-EDGE,FLY,12,30,15,15,0,0,0,0,129,146,99,90,83,83,107,18363,37041,28382,27053,27053,27624,15,15,15,15,0,0,0,0,0,0,0,111,101,83,83,120,930362,330513,503170,94034,2645,39,4,0,9201,8377,717,107,871,181,139,42,11,0,32449,20795,2034,2026,480,113,193,0,0,0,0,0,63,0,21,0,0,2,0,0,0,0,0,0,0,3,0,0,0,0,4,1,0,0,0,0,0,0,12,0,0,0,2,360,174183,0,0,0,0,50,58,17,0,0,11,1,1,8,Jolteon
1-08,12:24:26,NINTEN,Pidgey,Swimmer,5,Route 19,4,1:09:42.16,1:09:42,1h9m42s,7,1,8,56,4:19,10.324,SWIFT,AGILITY,DOUBLE-EDGE,FLY,39,9217,871,140,43,715,613,343,19,34926,Jolteon, ,Normal,Flying,176804,Pidgey1,Pidgey,,01:09:31.83,01:09:42.16,04:19:05.29,56,7,1,9,42,16,SWIFT,AGILITY,DOUBLE-EDGE,FLY,7,30,15,15,0,0,0,0,129,146,99,90,83,83,107,18558,37268,28617,27473,27473,27957,15,15,15,15,0,0,0,0,0,0,0,111,101,83,83,120,934704,330978,507047,94034,2645,39,4,0,9217,8377,717,123,871,183,140,43,11,0,33304,21071,2034,2026,480,113,193,0,0,0,0,0,63,0,21,0,0,2,0,0,0,0,0,0,0,3,0,0,0,0,4,1,0,0,0,0,0,0,12,0,0,0,2,365,176669,0,0,0,0,50,58,17,0,0,11,1,1,8,Jolteon
1-08,12:24:36,NINTEN,Pidgey,Swimmer,4,Route 19,2,1:09:51.36,1:09:51,1h9m51s,7,1,8,56,4:19,5.9,SWIFT,AGILITY,DOUBLE-EDGE,FLY,39,9226,871,141,43,717,615,343,19,35061,Jolteon, ,Normal,Flying,178140,Pidgey1,Pidgey,,01:09:45.46,01:09:51.36,04:19:41.41,56,7,1,9,51,36,SWIFT,AGILITY,DOUBLE-EDGE,FLY,5,30,15,15,0,0,0,0,129,146,99,90,83,83,107,18663,37383,28722,27563,27563,28137,15,15,15,15,0,0,0,0,0,0,0,111,101,83,83,120,936876,331291,508906,94034,2645,39,4,0,9226,8377,717,132,871,184,141,43,11,0,33527,21222,2034,2026,480,113,193,0,0,0,0,0,63,0,21,0,0,2,0,0,0,0,0,0,0,3,0,0,0,0,4,1,0,0,0,0,0,0,12,0,0,0,2,367,178005,0,0,0,0,50,58,17,0,0,11,1,1,8,Jolteon
1-08,12:24:48,NINTEN,Pidgey,Swimmer,6,Route 19,3,1:10:04.07,1:10:04,1h10m4s,7,1,8,57,4:20,9.28,SWIFT,AGILITY,DOUBLE-EDGE,FLY,39,9237,872,142,43,720,618,343,19,35211,Jolteon, ,Normal,Flying,180485,Pidgey1,Pidgey,,01:09:54.79,01:10:04.07,04:20:31.43,57,7,1,10,4,7,SWIFT,AGILITY,DOUBLE-EDGE,FLY,2,30,15,15,0,0,0,0,132,149,100,91,85,85,109,18818,37607,28947,27738,27738,28308,15,15,15,15,0,0,0,0,0,0,0,112,102,85,85,122,939878,331614,511585,94034,2645,39,4,0,9237,8377,717,143,872,185,142,43,11,0,33793,21442,2034,2026,480,113,193,0,0,0,0,0,63,0,21,0,0,2,0,0,0,0,0,0,0,3,0,0,0,0,4,1,0,0,0,0,0,0,12,0,0,0,2,370,180350,0,0,0,0,50,58,17,0,0,11,1,1,8,Jolteon
1-08,12:25:10,NINTEN,Pidgey,Swimmer,8,Route 19,5,1:10:25.60,1:10:25,1h10m25s,7,1,8,57,4:21,16.62,SWIFT,AGILITY,DOUBLE-EDGE,FLY,39,9253,873,143,43,728,623,346,19,35356,Jolteon, ,Normal,Flying,183976,Pidgey1,Pidgey,,01:10:08.98,01:10:25.60,04:21:56.36,57,7,1,10,25,60,SWIFT,AGILITY,DOUBLE-EDGE,FLY,0,30,15,12,0,0,0,0,132,149,100,91,85,85,109,19038,37842,29207,28198,28198,28693,15,15,15,15,0,0,0,0,0,0,0,112,102,85,85,122,944971,331992,516300,94034,2645,39,4,0,9253,8377,717,159,873,186,143,43,11,0,34475,21764,2034,2026,483,116,193,0,0,0,0,0,63,0,21,0,0,2,0,0,0,0,0,0,0,3,0,0,0,0,4,1,0,0,0,0,0,0,12,0,0,0,2,375,183841,0,0,0,0,50,58,17,0,0,11,1,1,8,Jolteon
1-08,12:25:24,NINTEN,Pidgey,Beauty,14,Route 19,3,1:10:39.91,1:10:39,1h10m39s,7,1,8,57,4:22,8.549,SWIFT,AGILITY,DOUBLE-EDGE,FLY,39,9254,874,144,43,731,626,346,18,35491,Jolteon, ,Normal,Flying,185950,Pidgey1,Pidgey,,01:10:31.37,01:10:39.91,04:22:52.51,57,7,1,10,39,91,SWIFT,AGILITY,DOUBLE-EDGE,FLY,17,30,15,12,0,0,0,0,132,149,100,91,85,85,109,19128,37977,29372,28408,28408,28948,15,15,15,15,0,0,0,0,0,0,0,112,102,85,85,122,948346,332197,518800,94704,2645,39,4,0,9254,8377,717,160,874,187,144,43,11,0,34910,21947,2034,2026,483,116,193,0,0,0,0,0,64,0,21,0,0,2,0,0,0,0,0,0,0,3,0,0,0,0,4,1,0,0,0,0,0,0,12,0,0,0,2,378,185815,0,0,0,0,50,58,17,0,0,11,1,1,8,Jolteon
1-08,12:25:33,NINTEN,Pidgey,Beauty,13,Route 19,2,1:10:48.70,1:10:48,1h10m48s,7,1,8,57,4:23,6.157,SWIFT,AGILITY,DOUBLE-EDGE,FLY,39,9254,886,145,43,733,628,346,18,37521,Jolteon, ,Normal,Flying,187754,Pidgey1,Pidgey,,01:10:42.54,01:10:48.70,04:23:27.19,57,7,1,10,48,70,SWIFT,AGILITY,DOUBLE-EDGE,FLY,15,30,15,12,0,0,0,0,132,149,100,91,85,85,109,19253,38136,29497,28538,28538,29079,15,15,15,15,0,0,0,0,0,0,0,112,102,85,85,122,950415,332332,520734,94704,2645,39,4,0,9254,8377,717,160,886,188,145,43,11,0,35175,22110,2034,2026,483,116,193,0,0,0,0,0,65,0,21,0,0,2,0,0,0,0,0,0,0,3,0,0,0,0,4,1,0,0,0,0,0,0,12,0,0,0,2,380,187619,0,0,0,0,50,58,17,0,0,11,1,1,8,Jolteon
1-08,12:25:49,NINTEN,Pidgey,Beauty,12,Route 19,5,1:11:05.05,1:11:05,1h11m5s,7,1,8,58,4:24,13.502,SWIFT,AGILITY,DOUBLE-EDGE,FLY,39,9255,900,146,43,738,633,346,18,39621,Jolteon, ,Normal,Flying,190910,Pidgey1,Pidgey,,01:10:51.55,01:11:05.05,04:24:31.42,58,7,1,11,5,5,SWIFT,AGILITY,DOUBLE-EDGE,FLY,10,30,15,12,0,0,0,0,135,152,103,93,87,87,112,19503,38462,29762,28798,28798,29453,15,15,15,15,0,0,0,0,0,0,0,115,104,87,87,126,954277,332528,524400,94704,2645,39,4,0,9255,8377,717,161,900,189,146,43,11,0,35805,22448,2034,2026,483,116,193,0,0,0,0,0,65,0,21,0,0,2,0,0,0,0,0,0,0,3,0,0,0,0,4,1,0,0,0,0,0,0,12,0,0,0,2,385,190775,0,0,0,0,50,58,17,0,0,11,1,1,8,Jolteon
1-08,12:27:28,NINTEN,Pidgey,Rival5-Silph,5,Silph Co - 7F,5,1:12:43.26,1:12:43,1h12m43s,8,1,9,58,4:28,34.572,SWIFT,AGILITY,DOUBLE-EDGE,FLY,40,9383,906,147,43,753,643,356,18,41511,Jolteon, ,Normal,Flying,197954,Pidgey1,Pidgey,Rival (Silph Co.),01:12:08.69,01:12:43.26,04:28:35.51,58,8,1,12,43,26,SWIFT,AGILITY,DOUBLE-EDGE,FLY,18,27,15,10,0,0,0,0,30,152,103,93,87,87,112,19806,38833,30217,29268,29268,29923,15,15,15,15,0,-1,0,0,6,0,0,183,85,87,87,504,968931,337402,533331,95395,2803,40,5,0,9383,8505,717,161,906,190,147,43,11,0,36600,22935,2156,2148,488,121,198,0,0,0,0,0,66,0,23,0,0,2,0,0,0,0,0,0,0,3,0,0,0,0,4,1,0,0,0,0,0,0,12,0,0,0,2,390,197819,0,0,0,0,50,58,17,0,0,11,1,1,9,Jolteon
1-08,12:27:59,NINTEN,Pidgey,Rocket,45,Silph Co - 11F,3,1:13:14.57,1:13:14,1h13m14s,8,1,9,59,4:30,10.646,SWIFT,AGILITY,DOUBLE-EDGE,FLY,41,9483,909,148,43,756,646,356,18,44111,Jolteon, ,Normal,Flying,200536,Pidgey1,Pidgey,,01:13:03.92,01:13:14.57,04:30:39.13,59,8,1,13,14,57,SWIFT,AGILITY,DOUBLE-EDGE,FLY,18,30,14,15,0,0,0,0,133,154,104,95,89,89,114,19971,39053,30441,29458,29458,30153,15,15,15,15,0,0,0,0,0,0,0,117,106,89,89,128,976333,341109,536372,96049,2803,41,5,0,9483,8605,717,161,909,191,148,43,11,0,36960,23174,2177,2169,489,121,198,0,0,0,0,0,66,0,23,0,0,2,0,0,0,0,0,0,0,3,0,0,0,0,4,1,0,0,0,0,0,0,12,0,0,0,2,393,200401,0,0,0,0,50,58,17,0,0,11,1,1,9,Jolteon
1-08,12:28:32,NINTEN,Pidgey,Giovanni-Silph,2,Silph Co - 11F,4,1:13:47.46,1:13:47,1h13m47s,8,1,9,59,4:32,24.4,SWIFT,AGILITY,DOUBLE-EDGE,FLY,41,9500,910,149,43,766,655,362,18,45041,Jolteon, ,Normal,Flying,205353,Pidgey1,Pidgey,Giovanni (Silph),01:13:23.06,01:13:47.46,04:32:49.19,59,8,1,13,47,46,SWIFT,AGILITY,DOUBLE-EDGE,FLY,11,30,13,14,0,0,0,0,66,154,104,95,89,89,114,20267,39362,30740,29683,29683,30434,15,15,15,15,0,-1,0,0,0,0,0,131,69,89,89,144,984139,342315,542972,96049,2803,41,5,0,9500,8622,717,161,910,192,149,43,11,0,37549,23611,2244,2236,491,123,202,0,0,0,0,0,66,0,23,0,0,2,0,0,0,0,0,0,0,3,0,0,0,0,4,1,0,0,0,0,0,0,12,0,0,0,2,397,205218,0,0,0,0,50,58,17,0,0,11,1,1,9,Jolteon
1-08,12:29:11,NINTEN,Pidgey,Psychic,3,Saffron City - Gym,3,1:14:26.80,1:14:26,1h14m26s,8,1,9,59,4:35,12.716,SWIFT,AGILITY,DOUBLE-EDGE,FLY,41,9619,916,150,43,772,661,365,18,49100,Jolteon, ,Normal,Flying,207910,Pidgey1,Pidgey,,01:14:14.09,01:14:26.80,04:35:24.13,59,8,1,14,26,80,SWIFT,AGILITY,DOUBLE-EDGE,FLY,14,30,15,15,0,0,0,0,143,154,104,95,89,89,114,20542,39567,30980,29843,29843,30494,15,15,15,15,-2,0,0,0,0,0,0,58,133,89,89,162,993433,347842,546483,96305,2803,41,5,0,9619,8741,717,161,916,193,150,43,11,0,38042,23935,2255,2247,491,123,205,0,0,0,0,0,68,0,23,0,0,2,0,0,0,0,0,0,0,3,0,0,0,0,4,1,0,0,0,0,0,0,12,0,0,0,2,400,207775,0,0,0,0,50,58,17,0,0,11,1,1,9,Jolteon
1-08,12:29:23,NINTEN,Pidgey,Psychic,2,Saffron City - Gym,2,1:14:38.43,1:14:38,1h14m38s,8,1,9,59,4:36,6.422,SWIFT,AGILITY,DOUBLE-EDGE,FLY,41,9631,917,151,43,774,663,365,18,49430,Jolteon, ,Normal,Flying,209956,Pidgey1,Pidgey,,01:14:32.01,01:14:38.43,04:36:09.45,59,8,1,14,38,43,SWIFT,AGILITY,DOUBLE-EDGE,FLY,12,30,15,15,0,0,0,0,143,154,104,95,89,89,114,20622,39647,31075,30063,30063,30689,15,15,15,15,0,0,0,0,0,0,0,117,106,89,89,128,996165,348566,548491,96305,2803,41,5,0,9631,8753,717,161,917,194,151,43,11,0,38355,24087,2255,2247,491,123,205,0,0,0,0,0,69,0,23,0,0,2,0,0,0,0,0,0,0,3,0,0,0,0,4,1,0,0,0,0,0,0,12,0,0,0,2,402,209821,0,0,0,0,50,58,17,0,0,11,1,1,9,Jolteon
1-08,12:29:55,NINTEN,Pidgey,Psychic,4,Saffron City - Gym,1,1:15:10.41,1:15:10,1h15m10s,8,1,9,60,4:38,10.594,SWIFT,AGILITY,DOUBLE-EDGE,FLY,41,9679,933,152,43,779,667,369,18,49770,Jolteon, ,Normal,Flying,211291,Pidgey1,Pidgey,,01:14:59.81,01:15:10.41,04:38:15.21,60,8,1,15,10,41,SWIFT,AGILITY,DOUBLE-EDGE,FLY,9,30,15,14,0,0,0,0,133,157,107,97,90,90,116,20717,39722,31185,30143,30143,30719,15,15,15,15,-1,0,0,0,0,0,0,78,109,90,90,130,1003701,353092,551501,96305,2803,41,5,0,9679,8801,717,161,933,195,152,43,11,0,38573,24213,2268,2260,492,124,207,0,0,0,0,0,70,0,23,0,0,2,0,0,0,0,0,0,0,3,0,0,0,0,4,1,0,0,0,0,0,0,12,0,0,0,2,403,211156,0,0,0,0,50,58,17,0,0,11,1,1,9,Jolteon
1-08,12:30:15,NINTEN,Pidgey,Psychic,1,Saffron City - Gym,4,1:15:31.12,1:15:31,1h15m31s,8,1,9,60,4:39,13.794,SWIFT,AGILITY,DOUBLE-EDGE,FLY,41,9691,935,153,43,785,671,371,18,50150,Jolteon, ,Normal,Flying,214777,Pidgey1,Pidgey,,01:15:17.32,01:15:31.12,04:39:36.45,60,8,1,15,31,12,SWIFT,AGILITY,DOUBLE-EDGE,FLY,7,30,15,12,0,0,0,0,133,157,107,97,90,90,116,20927,39902,31375,30523,30523,31034,15,15,15,15,0,0,0,0,0,0,0,120,109,90,90,130,1008586,353918,555560,96305,2803,41,5,0,9691,8813,717,161,935,196,153,43,11,0,39273,24524,2268,2260,494,126,207,0,0,0,0,0,71,0,23,0,0,2,0,0,0,0,0,0,0,3,0,0,0,0,4,1,0,0,0,0,0,0,12,0,0,0,2,407,214642,0,0,0,0,50,58,17,0,0,11,1,1,9,Jolteon
1-08,12:30:47,NINTEN,Pidgey,Sabrina,1,Saffron City - Gym,3,1:16:02.24,1:16:02,1h16m2s,8,1,9,60,4:41,21.492,SWIFT,AGILITY,DOUBLE-EDGE,FLY,42,9704,938,154,43,798,684,380,18,50460,Jolteon, ,Normal,Flying,219102,Pidgey1,Pidgey,Sabrina,01:15:40.75,01:16:02.24,04:41:39.47,60,8,1,16,2,24,SWIFT,AGILITY,DOUBLE-EDGE,FLY,4,20,15,12,0,0,0,0,133,157,107,97,90,90,116,21047,40007,31465,30883,30883,31349,15,15,15,15,0,0,0,0,6,-6,0,338,309,90,90,938,1015967,354988,561158,97018,2803,42,5,0,9704,8826,717,161,938,197,154,43,11,0,40301,24848,2268,2260,494,128,214,0,0,0,0,0,71,0,23,0,0,2,0,0,0,0,0,0,0,3,0,0,0,0,4,1,0,0,0,0,0,0,12,0,0,0,2,410,218967,0,0,0,0,50,58,17,0,0,11,1,1,9,Jolteon
1-08,12:33:58,NINTEN,Pidgey,Pokemaniac,1,Route 10,2,1:19:13.41,1:19:13,1h19m13s,13,1,14,60,4:46,9.549,SWIFT,AGILITY,DOUBLE-EDGE,FLY,43,9998,951,155,43,802,688,382,19,55410,Jolteon, ,Normal,Flying,220785,Pidgey1,Pidgey,RTG2 - Pokemaniac 1,01:19:03.86,01:19:13.41,04:46:11.30,60,13,1,19,13,41,SWIFT,AGILITY,DOUBLE-EDGE,FLY,16,30,15,15,0,0,0,0,135,157,107,97,90,90,116,21217,40147,31635,30973,30973,31404,15,15,15,15,0,0,0,0,0,0,0,120,109,90,90,130,1032276,363866,564105,101302,3003,43,6,0,9998,9092,717,189,951,198,155,43,11,0,40593,25038,2290,2282,494,128,216,0,0,0,0,0,72,0,23,0,0,2,0,0,0,0,0,0,0,3,0,0,0,0,4,1,0,0,0,0,0,0,12,0,0,0,2,412,220650,0,0,0,0,50,58,17,0,0,11,1,1,14,Jolteon
1-08,12:35:11,NINTEN,Pidgey,Jr Trainer F,16,Route 20,2,1:20:26.58,1:20:26,1h20m26s,14,1,15,61,4:50,7.021,SWIFT,AGILITY,DOUBLE-EDGE,FLY,44,10265,987,156,45,805,691,382,19,56910,Jolteon, ,Normal,Flying,224191,Pidgey1,Pidgey,,01:20:19.56,01:20:26.58,04:50:06.10,61,14,1,20,26,58,SWIFT,AGILITY,DOUBLE-EDGE,FLY,18,30,15,15,0,0,0,0,160,160,108,98,92,92,118,21432,40396,31845,31228,31228,31635,15,15,15,15,0,0,0,0,0,0,0,121,110,92,92,132,1046362,371645,568287,103269,3161,44,7,0,10265,9327,717,221,987,201,156,45,12,0,40975,25360,2328,2320,495,128,216,0,0,0,0,0,73,0,23,0,0,2,0,0,0,0,0,0,0,3,0,0,0,0,4,1,0,0,0,0,0,0,12,0,0,0,2,415,224056,0,0,0,0,52,58,17,0,0,11,1,1,15,Jolteon
1-08,12:35:26,NINTEN,Pidgey,Beauty,7,Route 20,3,1:20:41.39,1:20:41,1h20m41s,14,1,15,61,4:51,10.293,SWIFT,AGILITY,DOUBLE-EDGE,FLY,44,10271,989,157,45,809,695,383,19,57530,Jolteon, ,Normal,Flying,226740,Pidgey1,Pidgey,,01:20:31.09,01:20:41.39,04:51:04.23,61,14,1,20,41,39,SWIFT,AGILITY,DOUBLE-EDGE,FLY,14,30,15,15,0,0,0,0,122,160,108,98,92,92,118,21542,40621,32225,31403,31403,31785,15,15,15,15,0,0,0,0,0,0,0,121,110,92,92,132,1049855,371884,571541,103269,3161,44,7,0,10271,9327,717,227,989,202,157,45,12,0,41224,25558,2366,2358,495,128,217,0,0,0,0,0,73,0,23,0,0,2,0,0,0,0,0,0,0,3,0,0,0,0,4,1,0,0,0,0,0,0,12,0,0,0,2,418,226605,0,0,0,0,52,58,17,0,0,11,1,1,15,Jolteon
1-08,12:35:37,NINTEN,Pidgey,Beauty,8,Route 20,2,1:20:52.36,1:20:52,1h20m52s,14,1,15,61,4:51,6.217,SWIFT,AGILITY,DOUBLE-EDGE,FLY,44,10290,990,158,45,811,697,383,19,59630,Jolteon, ,Normal,Flying,228379,Pidgey1,Pidgey,,01:20:46.14,01:20:52.36,04:51:47.39,61,14,1,20,52,36,SWIFT,AGILITY,DOUBLE-EDGE,FLY,12,30,15,15,0,0,0,0,122,160,108,98,92,92,118,21662,40763,32330,31523,31523,31943,15,15,15,15,0,0,0,0,0,0,0,121,110,92,92,132,1052451,372514,573507,103269,3161,44,7,0,10290,9327,717,246,990,203,158,45,12,0,41611,25723,2366,2358,495,128,217,0,0,0,0,0,74,0,23,0,0,2,0,0,0,0,0,0,0,3,0,0,0,0,4,1,0,0,0,0,0,0,12,0,0,0,2,420,228244,0,0,0,0,52,58,17,0,0,11,1,1,15,Jolteon
1-08,12:35:59,NINTEN,Pidgey,Bird Keeper,11,Route 20,3,1:21:15.14,1:21:15,1h21m15s,14,1,15,61,4:53,9.355,SWIFT,AGILITY,DOUBLE-EDGE,FLY,44,10316,992,159,47,815,701,383,19,61800,Jolteon, ,Normal,Flying,231412,Pidgey1,Pidgey,,01:21:05.79,01:21:15.14,04:53:17.15,61,14,1,21,15,14,SWIFT,AGILITY,DOUBLE-EDGE,FLY,8,30,15,15,0,0,0,0,122,160,108,98,92,92,118,21895,41043,32550,31795,31795,32284,15,15,15,15,0,0,0,0,0,0,0,121,110,92,92,132,1057827,373475,577922,103269,3161,44,7,0,10316,9327,717,272,992,206,159,47,13,0,42418,26009,2366,2358,495,128,217,0,0,0,0,0,76,0,23,0,0,2,0,0,0,0,0,0,0,3,0,0,0,0,4,1,0,0,0,0,0,0,12,0,0,0,2,424,231277,0,0,0,0,52,58,17,0,0,11,1,1,15,Jolteon
1-08,12:36:06,NINTEN,Pidgey,Swimmer,10,Route 20,1,1:21:21.98,1:21:21,1h21m21s,14,1,15,61,4:53,3.904,SWIFT,AGILITY,DOUBLE-EDGE,FLY,44,10322,993,160,47,816,702,383,19,62550,Jolteon, ,Normal,Flying,232207,Pidgey1,Pidgey,,01:21:18.07,01:21:21.98,04:53:44.05,61,14,1,21,21,98,SWIFT,AGILITY,DOUBLE-EDGE,FLY,7,30,15,15,0,0,0,0,122,160,108,98,92,92,118,21925,41088,32605,31865,31865,32369,15,15,15,15,0,0,0,0,0,0,0,121,110,92,92,132,1059437,373678,579329,103269,3161,44,7,0,10322,9327,717,278,993,207,160,47,13,0,42531,26080,2366,2358,495,128,217,0,0,0,0,0,76,0,23,0,0,2,0,0,0,0,0,0,0,3,0,0,0,0,4,1,0,0,0,0,0,0,12,0,0,0,2,425,232072,0,0,0,0,52,58,17,0,0,11,1,1,15,Jolteon
1-08,12:36:18,NINTEN,Pidgey,Jr Trainer F,24,Route 20,3,1:21:34.14,1:21:34,1h21m34s,14,1,15,61,4:54,8.21,SWIFT,AGILITY,DOUBLE-EDGE,FLY,44,10342,995,161,47,819,705,383,19,62725,Jolteon, ,Normal,Flying,234056,Pidgey1,Pidgey,,01:21:25.93,01:21:34.14,04:54:31.59,61,14,1,21,34,14,SWIFT,AGILITY,DOUBLE-EDGE,FLY,4,30,15,15,0,0,0,0,122,160,108,98,92,92,118,22060,41213,32765,32105,32105,32544,15,15,15,15,0,0,0,0,0,0,0,121,110,92,92,132,1062311,374137,581744,103269,3161,44,7,0,10342,9327,717,298,995,208,161,47,13,0,42934,26293,2366,2358,495,128,217,0,0,0,0,0,76,0,23,0,0,2,0,0,0,0,0,0,0,3,0,0,0,0,4,1,0,0,0,0,0,0,12,0,0,0,2,428,233921,0,0,0,0,52,58,17,0,0,11,1,1,15,Jolteon
1-08,12:36:50,NINTEN,Pidgey,Cue Ball,9,Route 21,3,1:22:05.49,1:22:05,1h22m5s,14,1,15,62,4:56,9.449,SWIFT,AGILITY,DOUBLE-EDGE,FLY,44,10410,999,162,47,822,708,383,18,63325,Jolteon, ,Normal,Flying,236810,Pidgey1,Pidgey,,01:21:56.04,01:22:05.49,04:56:35.30,62,14,1,22,5,49,SWIFT,AGILITY,DOUBLE-EDGE,FLY,17,30,15,15,0,0,0,0,163,163,111,101,94,94,120,22220,41363,32900,32425,32425,32784,15,15,15,15,0,0,0,0,0,0,0,124,113,94,94,135,1069722,376675,584472,105414,3161,44,7,0,10410,9353,717,340,999,209,162,47,13,0,43405,26528,2366,2358,495,128,217,0,0,0,0,0,76,0,23,0,0,2,0,0,0,0,0,0,0,3,0,0,0,0,4,1,0,0,0,0,0,0,12,0,0,0,2,431,236675,0,0,0,0,52,58,17,0,0,11,1,1,15,Jolteon
1-08,12:37:05,NINTEN,Pidgey,Fisher,8,Route 21,2,1:22:21.14,1:22:21,1h22m21s,14,1,15,62,4:57,9.363,SWIFT,AGILITY,DOUBLE-EDGE,FLY,44,10439,1002,163,47,825,711,384,18,64100,Jolteon, ,Normal,Flying,238801,Pidgey1,Pidgey,,01:22:11.78,01:22:21.14,04:57:37.14,62,14,1,22,21,14,SWIFT,AGILITY,DOUBLE-EDGE,FLY,15,30,14,15,0,0,0,0,78,163,111,101,94,94,120,22300,41523,33180,32555,32555,32894,15,15,15,15,0,0,0,0,0,0,0,124,113,94,94,135,1073426,377358,587493,105414,3161,44,7,0,10439,9357,717,365,1002,210,163,47,13,0,43598,26668,2451,2443,496,128,218,0,0,0,0,0,76,0,24,0,0,2,0,0,0,0,0,0,0,3,0,0,0,0,4,1,0,0,0,0,0,0,12,0,0,0,2,433,238666,0,0,0,0,52,58,17,0,0,11,1,1,15,Jolteon
1-08,12:37:18,NINTEN,Pidgey,Fisher,10,Route 21,2,1:22:33.43,1:22:33,1h22m33s,14,1,15,62,4:58,9.586,SWIFT,AGILITY,DOUBLE-EDGE,FLY,44,10441,1002,164,47,828,714,385,18,65185,Jolteon, ,Normal,Flying,240786,Pidgey1,Pidgey,,01:22:23.84,01:22:33.43,04:58:25.40,62,14,1,22,33,43,SWIFT,AGILITY,DOUBLE-EDGE,FLY,12,30,14,15,0,0,0,0,69,163,111,101,94,94,120,22425,41682,33305,32685,32685,33025,15,15,15,15,0,0,0,0,0,0,0,124,113,94,94,135,1076332,377487,590270,105414,3161,44,7,0,10441,9359,717,365,1002,211,164,47,13,0,43917,26846,2460,2452,496,128,219,0,0,0,0,0,76,0,24,0,0,2,0,0,0,0,0,0,0,3,0,0,0,0,4,1,0,0,0,0,0,0,12,0,0,0,2,435,240651,0,0,0,0,52,58,17,0,0,11,1,1,15,Jolteon
1-08,12:37:38,NINTEN,Pidgey,Swimmer,14,Route 21,2,1:22:53.94,1:22:53,1h22m53s,14,1,15,62,4:59,7.664,SWIFT,AGILITY,DOUBLE-EDGE,FLY,44,10463,1009,165,47,831,717,386,18,66340,Jolteon, ,Normal,Flying,242545,Pidgey1,Pidgey,,01:22:46.28,01:22:53.94,04:59:46.16,62,14,1,22,53,94,SWIFT,AGILITY,DOUBLE-EDGE,FLY,9,30,14,15,0,0,0,0,152,163,111,101,94,94,120,22514,41790,33440,32820,32820,33168,15,15,15,15,0,0,0,0,0,0,0,124,113,94,94,135,1081168,378185,592587,107235,3161,44,7,0,10463,9359,717,387,1009,212,165,47,13,0,44266,27001,2471,2463,496,128,220,0,0,0,0,0,77,0,24,0,0,2,0,0,0,0,0,0,0,3,0,0,0,0,4,1,0,0,0,0,0,0,12,0,0,0,2,437,242410,0,0,0,0,52,58,17,0,0,11,1,1,15,Jolteon
1-08,12:37:58,NINTEN,Pidgey,Swimmer,15,Route 21,3,1:23:13.38,1:23:13,1h23m13s,14,1,15,62,5:01,9.867,SWIFT,AGILITY,DOUBLE-EDGE,FLY,44,10523,1015,166,47,835,721,387,18,66505,Jolteon, ,Normal,Flying,245224,Pidgey1,Pidgey,,01:23:03.51,01:23:13.38,05:01:02.57,62,14,1,23,13,38,SWIFT,AGILITY,DOUBLE-EDGE,FLY,5,30,14,15,0,0,0,0,128,163,111,101,94,94,120,22674,41960,33635,33065,33065,33413,15,15,15,15,0,0,0,0,0,0,0,124,113,94,94,135,1085769,379536,595411,107661,3161,44,7,0,10523,9361,717,445,1015,213,166,47,13,0,44767,27243,2495,2487,496,128,221,0,0,0,0,0,78,0,25,0,0,2,0,0,0,0,0,0,0,3,0,0,0,0,4,1,0,0,0,0,0,0,12,0,0,0,2,440,245089,0,0,0,0,52,58,17,0,0,11,1,1,15,Jolteon
1-08,12:39:54,NINTEN,Pidgey,Fisher,3,Route 12,3,1:25:09.83,1:25:09,1h25m9s,16,1,17,62,5:05,8.211,SWIFT,AGILITY,DOUBLE-EDGE,FLY,45,10751,1022,167,47,838,724,387,19,64565,Jolteon, ,Normal,Flying,246631,Pidgey1,Pidgey,,01:25:01.62,01:25:09.83,05:05:01.13,62,16,1,25,9,83,SWIFT,AGILITY,DOUBLE-EDGE,FLY,17,30,15,15,0,0,0,0,163,163,111,101,94,94,120,22804,42144,33795,33205,33205,33629,15,15,15,15,0,0,0,0,0,0,0,124,113,94,94,135,1100071,387063,597839,111844,3325,45,8,0,10751,9569,717,465,1022,214,167,47,13,0,45271,27406,2495,2487,496,128,221,0,0,0,0,0,78,0,25,0,0,2,0,0,0,0,0,0,0,3,0,0,0,0,4,1,0,0,0,0,0,0,12,0,0,0,2,443,246496,0,0,0,0,52,61,17,0,0,11,1,1,17,Jolteon
1-08,12:40:08,NINTEN,Pidgey,Fisher,4,Route 12,2,1:25:23.60,1:25:23,1h25m23s,16,1,17,63,5:05,7.007,SWIFT,AGILITY,DOUBLE-EDGE,FLY,45,10765,1022,168,47,840,726,387,19,65335,Jolteon, ,Normal,Flying,247741,Pidgey1,Pidgey,,01:25:16.59,01:25:23.60,05:05:55.35,63,16,1,25,23,60,SWIFT,AGILITY,DOUBLE-EDGE,FLY,15,30,15,15,0,0,0,0,166,166,112,103,96,96,123,22889,42251,33890,33355,33355,33762,15,15,15,15,0,0,0,0,0,0,0,126,115,96,96,138,1103333,388169,599995,111844,3325,45,8,0,10765,9583,717,465,1022,215,168,47,13,0,45779,27522,2495,2487,496,128,221,0,0,0,0,0,79,0,25,0,0,2,0,0,0,0,0,0,0,3,0,0,0,0,4,1,0,0,0,0,0,0,12,0,0,0,2,445,247606,0,0,0,0,52,61,17,0,0,11,1,1,17,Jolteon
1-08,12:40:17,NINTEN,Pidgey,Fisher,5,Route 12,1,1:25:33.15,1:25:33,1h25m33s,16,1,17,63,5:06,3.796,SWIFT,AGILITY,DOUBLE-EDGE,FLY,45,10788,1029,169,47,841,727,387,19,66175,Jolteon, ,Normal,Flying,248383,Pidgey1,Pidgey,,01:25:29.36,01:25:33.15,05:06:33.08,63,16,1,25,33,15,SWIFT,AGILITY,DOUBLE-EDGE,FLY,14,30,15,15,0,0,0,0,166,166,112,103,96,96,123,22934,42318,33950,33405,33405,33825,15,15,15,15,0,0,0,0,0,0,0,126,115,96,96,138,1105586,388706,601711,111844,3325,45,8,0,10788,9606,717,465,1029,216,169,47,13,0,45912,27587,2495,2487,496,128,221,0,0,0,0,0,79,0,25,0,0,2,0,0,0,0,0,0,0,3,0,0,0,0,4,1,0,0,0,0,0,0,12,0,0,0,2,446,248248,0,0,0,0,52,61,17,0,0,11,1,1,17,Jolteon
1-08,12:40:33,NINTEN,Pidgey,Fisher,6,Route 12,4,1:25:48.55,1:25:48,1h25m48s,16,1,17,63,5:07,10.466,SWIFT,AGILITY,DOUBLE-EDGE,FLY,45,10807,1037,170,47,845,731,387,19,67120,Jolteon, ,Normal,Flying,250037,Pidgey1,Pidgey,,01:25:38.09,01:25:48.55,05:07:33.49,63,16,1,25,48,55,SWIFT,AGILITY,DOUBLE-EDGE,FLY,10,30,15,15,0,0,0,0,166,166,112,103,96,96,123,23079,42540,34220,33610,33610,34078,15,15,15,15,0,0,0,0,0,0,0,126,115,96,96,138,1109227,389387,604671,111844,3325,45,8,0,10807,9625,717,465,1037,217,170,47,13,0,46558,27783,2495,2487,496,128,221,0,0,0,0,0,79,0,25,0,0,2,0,0,0,0,0,0,0,3,0,0,0,0,4,1,0,0,0,0,0,0,12,0,0,0,2,450,249902,0,0,0,0,52,61,17,0,0,11,1,1,17,Jolteon
1-08,12:41:02,NINTEN,Pidgey,Rocker,2,Route 12,2,1:26:18.16,1:26:18,1h26m18s,16,1,17,63,5:09,6.639,SWIFT,AGILITY,DOUBLE-EDGE,FLY,45,10852,1039,171,48,850,735,389,19,67855,Jolteon, ,Normal,Flying,252267,Pidgey1,Pidgey,,01:26:11.52,01:26:18.16,05:09:30.55,63,16,1,26,18,16,SWIFT,AGILITY,DOUBLE-EDGE,FLY,7,30,15,14,0,0,0,0,144,166,112,103,96,96,123,23339,42730,34405,33810,33810,34348,15,15,15,15,0,0,0,0,0,0,0,126,115,96,96,138,1116253,390750,608702,113476,3325,45,8,0,10852,9670,717,465,1039,219,171,48,13,0,47206,28065,2517,2509,497,128,222,0,0,0,0,0,80,0,25,0,0,2,0,0,0,0,0,0,0,3,0,0,0,0,4,1,0,0,0,0,0,0,12,0,0,0,2,453,252132,0,0,0,0,52,61,17,0,0,11,1,1,17,Jolteon
1-08,12:41:14,NINTEN,Pidgey,Jr Trainer M,9,Route 12,2,1:26:30.09,1:26:30,1h26m30s,16,1,17,63,5:10,6.66,SWIFT,AGILITY,DOUBLE-EDGE,FLY,45,10887,1041,172,48,852,737,389,19,68580,Jolteon, ,Normal,Flying,253371,Pidgey1,Pidgey,,01:26:23.43,01:26:30.09,05:10:17.59,63,16,1,26,30,9,SWIFT,AGILITY,DOUBLE-EDGE,FLY,5,30,15,14,0,0,0,0,144,166,112,103,96,96,123,23446,42859,34502,33905,33905,34463,15,15,15,15,0,0,0,0,0,0,0,126,115,96,96,138,1119077,391521,610755,113476,3325,45,8,0,10887,9705,717,465,1041,220,172,48,13,0,47523,28214,2517,2509,497,128,222,0,0,0,0,0,80,0,25,0,0,2,0,0,0,0,0,0,0,3,0,0,0,0,4,1,0,0,0,0,0,0,12,0,0,0,2,455,253236,0,0,0,0,52,61,17,0,0,11,1,1,17,Jolteon
1-08,12:41:27,NINTEN,Pidgey,Jr Trainer F,15,Route 13,3,1:26:43.05,1:26:43,1h26m43s,16,1,17,63,5:11,8.208,SWIFT,AGILITY,DOUBLE-EDGE,FLY,45,10915,1045,173,48,855,740,389,19,69160,Jolteon, ,Normal,Flying,254997,Pidgey1,Pidgey,,01:26:34.84,01:26:43.05,05:11:09.01,63,16,1,26,43,5,SWIFT,AGILITY,DOUBLE-EDGE,FLY,2,30,15,14,0,0,0,0,144,166,112,103,96,96,123,23561,43016,34672,34065,34065,34676,15,15,15,15,0,0,0,0,0,0,0,126,115,96,96,138,1122139,392166,613172,113476,3325,45,8,0,10915,9733,717,465,1045,221,173,48,13,0,47969,28404,2517,2509,497,128,222,0,0,0,0,0,80,0,25,0,0,2,0,0,0,0,0,0,0,3,0,0,0,0,4,1,0,0,0,0,0,0,12,0,0,0,2,458,254862,0,0,0,0,52,61,17,0,0,11,1,1,17,Jolteon
1-08,12:41:38,NINTEN,Pidgey,Bird Keeper,1,Route 13,2,1:26:53.94,1:26:53,1h26m53s,16,1,17,63,5:11,7.283,SWIFT,AGILITY,DOUBLE-EDGE,FLY,45,10922,1045,174,48,857,742,389,19,69720,Jolteon, ,Normal,Flying,256039,Pidgey1,Pidgey,,01:26:46.66,01:26:53.94,05:11:51.54,63,16,1,26,53,94,SWIFT,AGILITY,DOUBLE-EDGE,FLY,2,30,13,14,0,0,0,0,108,166,112,103,96,96,123,23664,43121,34767,34150,34150,34803,15,15,15,15,0,0,0,0,0,0,0,126,115,96,96,138,1124712,392511,615400,113476,3325,45,8,0,10922,9740,717,465,1045,222,174,48,13,0,48490,28550,2553,2545,499,128,222,0,0,0,0,0,80,0,25,0,0,2,0,0,0,0,0,0,0,3,0,0,0,0,4,1,0,0,0,0,0,0,12,0,0,0,2,460,255904,0,0,0,0,52,61,17,0,0,11,1,1,17,Jolteon
1-08,12:42:00,NINTEN,Pidgey,Jr Trainer F,12,Route 13,5,1:27:15.26,1:27:15,1h27m15s,16,1,17,63,5:13,18.14,SWIFT,AGILITY,DOUBLE-EDGE,FLY,45,10926,1051,175,48,865,747,394,19,70445,Jolteon, ,Normal,Flying,257603,Pidgey1,Pidgey,,01:26:57.12,01:27:15.26,05:13:16.03,63,16,1,27,15,26,SWIFT,AGILITY,DOUBLE-EDGE,FLY,0,30,13,11,0,0,0,0,96,166,112,103,96,96,123,23854,43357,34952,34325,34325,35167,15,15,15,15,0,0,0,0,0,0,0,126,115,96,96,138,1129761,392763,620197,113476,3325,45,8,0,10926,9744,717,465,1051,223,175,48,13,0,49695,28830,2565,2557,502,131,224,0,0,0,0,0,80,0,26,0,0,2,0,0,0,0,0,0,0,3,0,0,0,0,4,1,0,0,0,0,0,0,12,0,0,0,2,465,257468,0,0,0,0,52,61,17,0,0,11,1,1,17,Jolteon
1-08,12:42:17,NINTEN,Pidgey,Beauty,4,Route 13,3,1:27:32.75,1:27:32,1h27m32s,16,1,17,63,5:14,13.015,SWIFT,AGILITY,DOUBLE-EDGE,FLY,45,10943,1051,176,48,871,750,399,19,70925,Jolteon, ,Normal,Flying,258623,Pidgey1,Pidgey,,01:27:19.73,01:27:32.75,05:14:25.04,63,16,1,27,32,75,SWIFT,AGILITY,DOUBLE-EDGE,FLY,0,30,13,8,0,0,0,0,90,166,112,103,96,96,123,23952,43510,35062,34440,34440,35376,15,15,15,15,0,0,0,0,0,0,0,126,115,96,96,138,1133902,393333,623768,113476,3325,45,8,0,10943,9761,717,465,1051,224,176,48,13,0,50401,29005,2571,2563,505,133,225,0,0,0,0,0,80,0,26,0,0,2,0,0,0,0,0,0,0,3,0,0,0,0,4,1,0,0,0,0,0,0,12,0,0,0,2,468,258488,0,0,0,0,52,61,17,0,0,11,1,1,17,Jolteon
1-08,12:42:29,NINTEN,Pidgey,Beauty,5,Route 13,2,1:27:45.15,1:27:45,1h27m45s,16,1,17,64,5:15,9.308,SWIFT,AGILITY,DOUBLE-EDGE,FLY,45,10945,1051,177,48,875,752,401,19,72815,Jolteon, ,Normal,Flying,259471,Pidgey1,Pidgey,,01:27:35.84,01:27:45.15,05:15:13.58,64,16,1,27,45,15,SWIFT,AGILITY,DOUBLE-EDGE,FLY,0,30,13,6,0,0,0,0,93,169,115,105,98,98,125,24062,43600,35145,34540,34540,35501,15,15,15,15,0,0,0,0,0,0,0,129,118,98,98,140,1136836,393558,626477,113476,3325,45,8,0,10945,9763,717,465,1051,225,177,48,13,0,50819,29155,2571,2563,507,135,225,0,0,0,0,0,80,0,26,0,0,2,0,0,0,0,0,0,0,3,0,0,0,0,4,1,0,0,0,0,0,0,12,0,0,0,2,470,259336,0,0,0,0,52,61,17,0,0,11,1,1,17,Jolteon
1-08,12:42:42,NINTEN,Pidgey,Jr Trainer F,13,Route 13,2,1:27:58.12,1:27:58,1h27m58s,16,1,17,64,5:16,8.189,SWIFT,AGILITY,DOUBLE-EDGE,FLY,45,10952,1052,178,48,879,754,403,19,74845,Jolteon, ,Normal,Flying,260461,Pidgey1,Pidgey,,01:27:49.93,01:27:58.12,05:16:05.00,64,16,1,27,58,12,SWIFT,AGILITY,DOUBLE-EDGE,FLY,0,30,13,4,0,0,0,0,93,169,115,105,98,98,125,24142,43700,35225,34620,34620,35681,15,15,15,15,0,0,0,0,0,0,0,129,118,98,98,140,1139898,393866,629231,113476,3325,45,8,0,10952,9770,717,465,1052,226,178,48,13,0,51227,29291,2571,2563,509,137,225,0,0,0,0,0,80,0,26,0,0,2,0,0,0,0,0,0,0,3,0,0,0,0,4,1,0,0,0,0,0,0,12,0,0,0,2,472,260326,0,0,0,0,52,61,17,0,0,11,1,1,17,Jolteon
1-08,12:43:06,NINTEN,Pidgey,Jr Trainer F,14,Route 13,4,1:28:21.41,1:28:21,1h28m21s,16,1,17,64,5:17,20.119,SWIFT,AGILITY,DOUBLE-EDGE,FLY,45,10959,1053,179,48,888,759,411,19,75445,Jolteon, ,Normal,Flying,262148,Pidgey1,Pidgey,,01:28:01.29,01:28:21.41,05:17:37.01,64,16,1,28,21,41,SWIFT,AGILITY,DOUBLE-EDGE,FLY,0,30,12,0,0,0,0,0,69,169,115,105,98,98,125,24325,43895,35395,34780,34780,35954,15,15,15,15,0,0,0,0,0,-1,0,145,132,98,98,157,1145419,394125,634493,113476,3325,45,8,0,10959,9777,717,465,1053,227,179,48,13,0,52193,29552,2595,2587,513,144,227,0,0,0,0,0,80,0,26,0,0,2,0,0,0,0,0,0,0,3,0,0,0,0,4,1,0,0,0,0,0,0,12,0,0,0,2,476,262013,0,0,0,0,52,61,17,0,0,11,1,1,17,Jolteon
1-08,12:45:29,NINTEN,Pidgey,Swimmer,9,Route 20,2,1:30:44.40,1:30:44,1h30m44s,19,1,20,64,5:22,6.915,SWIFT,AGILITY,DOUBLE-EDGE,FLY,46,11131,1077,180,48,890,761,411,19,75985,Jolteon, ,Normal,Flying,264139,Pidgey1,Pidgey,,01:30:37.49,01:30:44.40,05:22:13.41,64,19,1,30,44,40,SWIFT,AGILITY,DOUBLE-EDGE,FLY,19,30,14,15,0,0,0,0,150,169,115,105,98,98,125,24405,44055,35675,34910,34910,36064,15,15,15,15,0,0,0,0,0,0,0,129,118,98,98,140,1162025,399880,636623,122039,3483,46,9,0,11131,9893,717,521,1077,228,180,48,13,0,52363,29692,2614,2606,514,144,227,0,0,0,0,0,80,0,26,0,0,2,0,0,0,0,0,0,0,3,0,0,0,0,4,1,0,0,0,0,0,0,12,0,0,0,2,478,264004,0,0,0,0,52,61,17,0,0,11,1,1,20,Jolteon
1-08,12:45:43,NINTEN,Pidgey,Swimmer,11,Route 20,4,1:30:59.11,1:30:59,1h30m59s,19,1,20,64,5:23,10.841,SWIFT,AGILITY,DOUBLE-EDGE,FLY,46,11147,1079,181,48,894,765,411,19,76140,Jolteon, ,Normal,Flying,266563,Pidgey1,Pidgey,,01:30:48.27,01:30:59.11,05:23:11.33,64,19,1,30,59,11,SWIFT,AGILITY,DOUBLE-EDGE,FLY,15,30,14,15,0,0,0,0,150,169,115,105,98,98,125,24550,44240,35980,35215,35215,36329,15,15,15,15,0,0,0,0,0,0,0,129,118,98,98,140,1165497,400313,639662,122039,3483,46,9,0,11147,9893,717,537,1079,229,181,48,13,0,52893,29942,2614,2606,514,144,227,0,0,0,0,0,81,0,26,0,0,2,0,0,0,0,0,0,0,3,0,0,0,0,4,1,0,0,0,0,0,0,12,0,0,0,2,482,266428,0,0,0,0,52,61,17,0,0,11,1,1,20,Jolteon
1-08,12:45:56,NINTEN,Pidgey,Beauty,15,Route 20,3,1:31:11.64,1:31:11,1h31m11s,19,1,20,64,5:24,8.31,SWIFT,AGILITY,DOUBLE-EDGE,FLY,46,11168,1079,182,48,897,768,411,19,76280,Jolteon, ,Normal,Flying,269087,Pidgey1,Pidgey,,01:31:03.33,01:31:11.64,05:24:00.54,64,19,1,31,11,64,SWIFT,AGILITY,DOUBLE-EDGE,FLY,12,30,14,15,0,0,0,0,150,169,115,105,98,98,125,24690,44410,36240,35475,35475,36559,15,15,15,15,0,0,0,0,0,0,0,129,118,98,98,140,1168458,400828,642108,122039,3483,46,9,0,11168,9893,717,558,1079,230,182,48,13,0,53182,30158,2614,2606,514,144,227,0,0,0,0,0,81,0,26,0,0,2,0,0,0,0,0,0,0,3,0,0,0,0,4,1,0,0,0,0,0,0,12,0,0,0,2,485,268952,0,0,0,0,52,61,17,0,0,11,1,1,20,Jolteon
1-08,12:46:10,NINTEN,Pidgey,Beauty,6,Route 20,1,1:31:25.63,1:31:25,1h31m25s,19,1,20,64,5:24,4.847,SWIFT,AGILITY,DOUBLE-EDGE,FLY,46,11216,1090,183,48,898,769,411,19,78380,Jolteon, ,Normal,Flying,270362,Pidgey1,Pidgey,,01:31:20.78,01:31:25.63,05:24:56.06,64,19,1,31,25,63,SWIFT,AGILITY,DOUBLE-EDGE,FLY,12,30,13,15,0,0,0,0,124,169,115,105,98,98,125,24770,44502,36305,35555,35555,36627,15,15,15,15,0,0,0,0,0,0,0,129,118,98,98,140,1171770,402102,643740,122445,3483,46,9,0,11216,9917,717,582,1090,231,183,48,13,0,53354,30264,2640,2632,515,144,227,0,0,0,0,0,81,0,26,0,0,2,0,0,0,0,0,0,0,3,0,0,0,0,4,1,0,0,0,0,0,0,12,0,0,0,2,486,270227,0,0,0,0,52,61,17,0,0,11,1,1,20,Jolteon
1-08,12:46:37,NINTEN,Pidgey,Bird Keeper,10,Route 18,4,1:31:52.97,1:31:52,1h31m52s,19,1,20,64,5:26,11.133,SWIFT,AGILITY,DOUBLE-EDGE,FLY,46,11259,1093,184,48,902,773,411,19,80830,Jolteon, ,Normal,Flying,272229,Pidgey1,Pidgey,,01:31:41.84,01:31:52.97,05:26:44.01,64,19,1,31,52,97,SWIFT,AGILITY,DOUBLE-EDGE,FLY,8,30,13,15,0,0,0,0,124,169,115,105,98,98,125,24955,44772,36460,35709,35709,36937,15,15,15,15,0,0,0,0,0,0,0,129,118,98,98,140,1178245,403475,646859,124428,3483,46,9,0,11259,9960,717,582,1093,232,184,48,13,0,54219,30517,2640,2632,515,144,227,0,0,0,0,0,81,0,26,0,0,2,0,0,0,0,0,0,0,3,0,0,0,0,4,1,0,0,0,0,0,0,12,0,0,0,2,490,272094,0,0,0,0,52,61,17,0,0,11,1,1,20,Jolteon
1-08,12:46:48,NINTEN,Pidgey,Bird Keeper,8,Route 18,2,1:32:03.73,1:32:03,1h32m3s,19,1,20,65,5:27,7.153,SWIFT,AGILITY,DOUBLE-EDGE,FLY,46,11263,1093,185,48,904,775,411,19,81480,Jolteon, ,Normal,Flying,273595,Pidgey1,Pidgey,,01:31:56.58,01:32:03.73,05:27:26.23,65,19,1,32,3,73,SWIFT,AGILITY,DOUBLE-EDGE,FLY,6,30,13,15,0,0,0,0,126,171,117,107,100,100,128,25060,44922,36555,35801,35801,37107,15,15,15,15,0,0,0,0,0,0,0,131,120,100,100,144,1180787,403836,649040,124428,3483,46,9,0,11263,9964,717,582,1093,233,185,48,13,0,54548,30664,2640,2632,515,144,227,0,0,0,0,0,81,0,26,0,0,2,0,0,0,0,0,0,0,3,0,0,0,0,4,1,0,0,0,0,0,0,12,0,0,0,2,492,273460,0,0,0,0,52,61,17,0,0,11,1,1,20,Jolteon
1-08,12:47:53,NINTEN,Pidgey,Blaine,1,Cinnabar Island - Gym,3,1:33:08.54,1:33:08,1h33m8s,19,1,20,65,5:31,23.397,REFLECT,AGILITY,DOUBLE-EDGE,FLY,47,11366,1105,186,48,913,782,418,18,80805,Jolteon, ,Normal,Flying,279945,Pidgey1,Pidgey,Blaine,01:32:45.14,01:33:08.54,05:31:42.26,65,19,1,33,8,54,REFLECT,AGILITY,DOUBLE-EDGE,FLY,19,27,14,13,0,0,0,0,109,171,117,107,100,100,128,25288,45208,36780,36061,36061,37407,15,15,15,15,0,-2,0,0,6,0,0,234,59,100,100,648,1196150,408818,655400,128449,3483,47,9,0,11366,10067,717,582,1105,234,186,48,13,0,55050,31101,2702,2694,519,147,231,0,0,0,0,0,81,0,26,0,0,2,0,0,0,0,0,0,0,3,0,0,0,0,4,1,0,0,0,0,0,0,12,0,0,0,2,495,279810,0,0,0,0,52,63,17,0,0,12,1,1,20,Jolteon
1-08,12:48:33,NINTEN,Pidgey,Blackbelt,7,Viridian City - Gym,1,1:33:48.45,1:33:48,1h33m48s,19,1,20,65,5:34,5.476,REFLECT,AGILITY,DOUBLE-EDGE,FLY,47,11458,1113,187,48,915,783,419,19,86151,Jolteon, ,Normal,Flying,281289,Pidgey1,Pidgey,,01:33:42.97,01:33:48.45,05:34:20.05,65,19,1,33,48,45,REFLECT,AGILITY,DOUBLE-EDGE,FLY,20,30,15,14,0,0,0,0,171,171,117,107,100,100,128,25368,45308,36850,36111,36111,37452,15,15,15,15,0,0,0,0,0,0,0,131,120,112,112,144,1205609,415429,657268,129429,3483,47,9,0,11458,10159,717,582,1113,235,187,48,13,0,55379,31229,2702,2694,520,147,231,0,0,0,0,0,82,0,26,0,0,2,0,0,0,0,0,0,0,3,0,0,0,0,4,1,0,0,0,0,0,0,12,0,0,0,2,496,281154,0,0,0,0,52,63,17,0,0,12,1,1,20,Jolteon
1-08,12:48:50,NINTEN,Pidgey,Cooltrainer M,1,Viridian City - Gym,2,1:34:05.97,1:34:05,1h34m5s,19,1,20,65,5:35,11.523,REFLECT,AGILITY,DOUBLE-EDGE,FLY,47,11473,1114,188,48,921,786,423,19,87226,Jolteon, ,Normal,Flying,283903,Pidgey1,Pidgey,,01:33:54.45,01:34:05.97,05:35:29.23,65,19,1,34,5,97,REFLECT,AGILITY,DOUBLE-EDGE,FLY,20,30,15,11,0,0,0,0,157,171,117,107,100,100,128,25510,45472,36984,36241,36241,37602,15,15,15,15,0,0,0,0,0,0,0,131,120,112,112,144,1209767,416353,660502,129429,3483,47,9,0,11473,10174,717,582,1114,236,188,48,13,0,55721,31449,2716,2708,523,150,232,0,0,0,0,0,82,0,26,0,0,2,0,0,0,0,0,0,0,3,0,0,0,0,4,1,0,0,0,0,0,0,12,0,0,0,2,498,283768,0,0,0,0,52,63,17,0,0,12,1,1,20,Jolteon
1-08,12:49:05,NINTEN,Pidgey,Blackbelt,6,Viridian City - Gym,2,1:34:20.93,1:34:20,1h34m20s,19,1,20,65,5:36,8.893,REFLECT,AGILITY,DOUBLE-EDGE,FLY,47,11494,1116,189,48,925,788,424,19,88591,Jolteon, ,Normal,Flying,285907,Pidgey1,Pidgey,,01:34:12.04,01:34:20.93,05:36:28.31,65,19,1,34,20,93,REFLECT,AGILITY,DOUBLE-EDGE,FLY,20,30,15,9,0,0,0,0,157,171,117,107,100,100,128,25660,45652,37104,36326,36326,37682,15,15,15,15,0,0,0,0,0,0,0,131,120,112,112,144,1213315,417295,663108,129429,3483,47,9,0,11494,10195,717,582,1116,237,189,48,13,0,56224,31681,2716,2708,525,150,232,0,0,0,0,0,82,0,26,0,0,2,0,0,0,0,0,0,0,3,0,0,0,0,4,1,0,0,0,0,0,0,12,0,0,0,2,500,285772,0,0,0,0,52,63,17,0,0,12,1,1,20,Jolteon
1-08,12:49:21,NINTEN,Pidgey,Cooltrainer M,9,Viridian City - Gym,2,1:34:36.81,1:34:36,1h34m36s,19,1,20,66,5:37,11.798,REFLECT,AGILITY,DOUBLE-EDGE,FLY,47,11501,1117,190,48,930,791,427,19,89591,Jolteon, ,Normal,Flying,288547,Pidgey1,Pidgey,,01:34:25.02,01:34:36.81,05:37:31.17,66,19,1,34,36,81,REFLECT,AGILITY,DOUBLE-EDGE,FLY,20,30,14,7,0,0,0,0,121,175,119,109,102,102,130,25770,45832,37264,36451,36451,37867,15,15,15,15,0,0,0,0,0,0,0,133,122,114,114,146,1217081,417770,666399,129429,3483,47,9,0,11501,10202,717,582,1117,238,190,48,13,0,56545,31876,2756,2748,528,151,232,0,0,0,0,0,82,0,26,0,0,2,0,0,0,0,0,0,0,3,0,0,0,0,4,1,0,0,0,0,0,0,12,0,0,0,2,502,288412,0,0,0,0,52,63,17,0,0,12,1,1,20,Jolteon
1-08,12:49:42,NINTEN,Pidgey,Cooltrainer M,10,Viridian City - Gym,1,1:34:57.45,1:34:57,1h34m57s,19,1,20,66,5:38,12.945,REFLECT,AGILITY,DOUBLE-EDGE,FLY,48,11505,1119,191,48,934,795,429,19,90956,Jolteon, ,Normal,Flying,289790,Pidgey1,Pidgey,,01:34:44.51,01:34:57.45,05:38:52.59,66,19,1,34,57,45,REFLECT,AGILITY,DOUBLE-EDGE,FLY,19,30,11,7,0,0,0,0,75,175,119,109,102,102,130,25850,45917,37359,36481,36481,37892,15,15,15,15,0,0,0,0,0,0,0,133,122,114,114,146,1221983,418260,670292,129948,3483,48,9,0,11505,10206,717,582,1119,239,191,48,13,0,56715,32004,2802,2794,532,151,234,0,0,0,0,0,82,0,26,0,0,2,0,0,0,0,0,0,0,3,0,0,0,0,4,1,0,0,0,0,0,0,12,0,0,0,2,503,289655,0,0,0,0,52,63,17,0,0,12,1,1,20,Jolteon
1-08,12:49:58,NINTEN,Pidgey,Blackbelt,8,Viridian City - Gym,3,1:35:13.63,1:35:13,1h35m13s,19,1,20,66,5:39,12.251,REFLECT,AGILITY,DOUBLE-EDGE,FLY,48,11513,1126,192,48,940,798,430,19,92461,Jolteon, ,Normal,Flying,292881,Pidgey1,Pidgey,,01:35:01.38,01:35:13.63,05:39:56.49,66,19,1,35,13,63,REFLECT,AGILITY,DOUBLE-EDGE,FLY,19,30,11,4,0,0,0,0,75,175,119,109,102,102,130,26080,46197,37549,36616,36616,38017,15,15,15,15,0,0,0,0,0,0,0,133,122,114,114,146,1225814,418683,673699,129948,3483,48,9,0,11513,10214,717,582,1126,240,192,48,13,0,57485,32339,2802,2794,535,151,234,0,0,0,0,0,82,0,26,0,0,2,0,0,0,0,0,0,0,3,0,0,0,0,4,1,0,0,0,0,0,0,12,0,0,0,2,506,292746,0,0,0,0,52,63,17,0,0,12,1,1,20,Jolteon
1-08,12:51:49,NINTEN,Pidgey,Tamer,4,Viridian City - Gym,2,1:37:04.40,1:37:04,1h37m4s,20,1,21,66,5:44,10.23,MIMIC,AGILITY,DOUBLE-EDGE,FLY,50,11735,1158,193,48,946,801,434,18,93411,Jolteon, ,Normal,Flying,295871,Pidgey1,Pidgey,,01:36:54.17,01:37:04.40,05:44:40.20,66,20,1,37,4,40,MIMIC,AGILITY,DOUBLE-EDGE,FLY,16,30,15,12,3,0,0,0,175,175,119,109,102,102,130,26215,46382,37713,36751,36751,38207,15,15,15,15,0,-1,0,0,0,0,0,149,79,128,128,164,1242830,425640,676611,136904,3675,50,10,0,11735,10436,717,582,1158,241,193,48,13,0,57786,32554,2802,2794,538,153,235,0,0,0,0,0,82,0,26,0,0,2,0,0,0,0,0,0,0,3,0,0,0,0,4,1,0,0,0,0,0,0,12,0,0,0,2,508,295736,0,0,0,0,52,63,17,0,0,13,1,1,21,Jolteon
1-08,12:52:07,NINTEN,Pidgey,Tamer,3,Viridian City - Gym,1,1:37:22.70,1:37:22,1h37m22s,20,1,21,66,5:45,8.536,MIMIC,AGILITY,DOUBLE-EDGE,FLY,50,11774,1166,194,48,949,804,436,18,94971,Jolteon, ,Normal,Flying,297114,Pidgey1,Pidgey,,01:37:14.17,01:37:22.70,05:45:52.53,66,20,1,37,22,70,MIMIC,AGILITY,DOUBLE-EDGE,FLY,16,30,12,12,3,0,0,0,120,175,119,109,102,102,130,26295,46467,37808,36781,36781,38232,15,15,15,15,0,-1,0,0,0,0,0,149,79,128,128,164,1247184,427485,679120,136904,3675,50,10,0,11774,10475,717,582,1166,242,194,48,13,0,57958,32682,2857,2849,541,153,237,0,0,0,0,0,82,0,26,0,0,2,0,0,0,0,0,0,0,3,0,0,0,0,4,1,0,0,0,0,0,0,12,0,0,0,2,509,296979,0,0,0,0,52,63,17,0,0,13,1,1,21,Jolteon
1-08,12:52:40,NINTEN,Pidgey,Burglar,7,Cinnabar Mansion,2,1:37:55.29,1:37:55,1h37m55s,20,1,21,66,5:48,7.917,DOUBLE-EDGE,AGILITY,MIMIC,FLY,50,11859,1179,195,49,955,807,439,18,96691,Jolteon, ,Normal,Flying,299182,Pidgey1,Pidgey,,01:37:47.38,01:37:55.29,05:48:01.00,66,20,1,37,55,29,DOUBLE-EDGE,AGILITY,MIMIC,FLY,15,30,16,12,0,0,3,0,154,175,119,109,102,102,130,26447,46664,37969,36946,36946,38474,15,15,15,15,0,0,0,0,0,0,0,133,122,114,114,146,1254870,430727,683079,137389,3675,50,10,0,11859,10560,717,582,1179,244,195,49,13,0,58426,32933,2878,2870,544,155,238,0,0,0,0,0,82,0,27,0,0,2,0,0,0,0,0,0,0,3,0,0,0,0,4,1,0,0,0,0,0,0,12,0,0,0,2,512,299047,0,0,0,0,52,63,17,0,0,13,1,1,21,Jolteon
1-08,12:54:02,NINTEN,Pidgey,Giovanni,3,Viridian City - Gym,5,1:39:17.69,1:39:17,1h39m17s,20,1,21,67,5:53,32.691,DOUBLE-EDGE,AGILITY,MIMIC,FLY,51,12013,1197,196,52,974,824,448,18,99751,Jolteon, ,Normal,Flying,310975,Pidgey1,Pidgey,Giovanni,01:38:45.00,01:39:17.69,05:53:26.15,67,20,1,39,17,69,DOUBLE-EDGE,AGILITY,MIMIC,FLY,15,27,6,15,0,0,3,0,15,178,121,111,104,104,132,27038,47359,38523,37406,37406,39057,15,15,15,15,0,0,0,0,6,0,0,193,175,165,165,594,1274385,436407,695773,138530,3675,51,10,0,12013,10714,717,582,1197,248,196,52,13,0,60213,34016,3098,3090,555,160,244,0,0,0,0,0,84,0,28,0,0,2,0,0,0,0,0,0,0,3,0,0,0,0,4,1,0,0,0,0,0,0,12,0,0,0,2,520,310840,0,0,0,0,52,63,17,0,0,13,1,1,21,Jolteon
1-08,12:58:50,NINTEN,Pidgey,Rival6-Route 22,8,Route 22,6,1:44:05.54,1:44:05,1h44m5s,24,1,25,68,6:02,38.772,DOUBLE-EDGE,AGILITY,MIMIC,FLY,53,12401,1223,197,58,996,842,457,20,105196,Jolteon, ,Normal,Flying,323394,Pidgey1,Pidgey,Rival (Final),01:43:26.77,01:44:05.54,06:02:31.34,68,24,1,44,5,54,DOUBLE-EDGE,AGILITY,MIMIC,FLY,14,27,10,13,0,0,3,0,47,180,123,113,105,105,134,27681,48173,39323,38186,38186,39988,15,15,15,15,0,-1,0,0,6,0,0,219,93,186,186,603,1307115,448513,712170,142370,4062,53,12,0,12401,11102,717,582,1223,255,197,58,13,0,63014,35200,3303,3295,570,162,251,0,0,0,0,0,89,0,29,0,0,2,0,0,0,0,0,0,0,3,0,0,0,0,4,1,0,0,0,0,0,0,12,0,0,0,2,532,323259,0,0,0,0,53,63,17,0,0,13,1,1,25,Jolteon
1-08,13:00:25,NINTEN,Pidgey,Cooltrainer F,5,Victory Road,2,1:45:40.38,1:45:40,1h45m40s,24,1,25,68,6:08,13.798,DOUBLE-EDGE,AGILITY,MIMIC,FLY,53,12744,1311,198,59,1002,846,460,20,108641,Jolteon, ,Normal,Flying,326466,Pidgey1,Pidgey,,01:45:26.59,01:45:40.38,06:08:47.09,68,24,1,45,40,38,DOUBLE-EDGE,AGILITY,MIMIC,FLY,12,27,10,11,0,0,3,0,95,180,123,113,105,105,134,27819,48319,39458,38351,38351,40203,15,15,15,15,0,0,0,0,0,0,0,138,127,118,118,150,1329650,461825,716967,146796,4062,53,12,0,12744,11268,857,619,1311,257,198,59,14,0,63705,35560,3355,3347,574,164,252,0,0,0,0,0,90,0,29,0,0,2,0,0,0,0,0,0,0,3,0,0,0,0,4,1,0,0,0,0,0,0,12,0,0,0,2,534,326331,0,0,0,0,56,63,17,0,0,13,1,1,25,Jolteon
1-08,13:00:48,NINTEN,Pidgey,Cooltrainer M,5,Victory Road,4,1:46:04.02,1:46:04,1h46m4s,24,1,25,69,6:10,19.141,DOUBLE-EDGE,AGILITY,MIMIC,FLY,53,12759,1329,199,59,1011,851,462,20,110181,Jolteon, ,Normal,Flying,332181,Pidgey1,Pidgey,,01:45:44.88,01:46:04.02,06:10:20.39,69,24,1,46,4,2,DOUBLE-EDGE,AGILITY,MIMIC,FLY,11,27,10,7,0,0,3,0,49,183,125,115,107,107,137,28074,48592,39737,38646,38646,40501,15,15,15,15,0,0,0,0,0,0,0,140,129,120,120,154,1335260,462477,721925,146796,4062,53,12,0,12759,11268,872,619,1329,258,199,59,14,0,64466,36008,3404,3396,579,165,253,0,0,0,0,0,91,0,29,0,0,2,0,0,0,0,0,0,0,3,0,0,0,0,4,1,0,0,0,0,0,0,12,0,0,0,2,538,332046,0,0,0,0,56,63,17,0,0,13,1,1,25,Jolteon
1-08,13:03:59,NINTEN,Pidgey,Cooltrainer F,2,Victory Road,3,1:49:14.37,1:49:14,1h49m14s,25,1,26,69,6:18,14.819,DOUBLE-EDGE,AGILITY,MIMIC,FLY,54,13232,1452,200,59,1019,855,467,19,96651,Jolteon, ,Normal,Flying,336104,Pidgey1,Pidgey,,01:48:59.55,01:49:14.37,06:18:39.03,69,25,1,49,14,37,DOUBLE-EDGE,AGILITY,MIMIC,FLY,15,30,16,11,0,0,3,0,163,183,125,115,107,107,137,28269,48862,39887,38901,38901,40666,15,15,15,15,0,0,0,0,0,0,0,140,129,120,120,154,1365170,479477,726266,155207,4220,54,13,0,13232,11404,1209,619,1452,259,200,59,14,0,65395,36353,3424,3416,582,169,254,0,0,0,0,0,91,0,29,0,0,2,0,0,0,0,0,0,0,3,0,0,0,0,4,1,0,0,0,0,0,0,12,0,0,0,2,541,335969,0,0,0,0,56,68,17,0,0,13,1,1,26,Jolteon
1-08,13:04:18,NINTEN,Pidgey,Cooltrainer M,3,Victory Road,3,1:49:33.88,1:49:33,1h49m33s,25,1,26,69,6:19,15.964,DOUBLE-EDGE,AGILITY,MIMIC,FLY,54,13232,1463,201,59,1026,860,469,19,98156,Jolteon, ,Normal,Flying,341824,Pidgey1,Pidgey,,01:49:17.91,01:49:33.88,06:19:56.08,69,25,1,49,33,88,DOUBLE-EDGE,AGILITY,MIMIC,FLY,12,30,16,9,0,0,3,0,87,183,125,115,107,107,137,28483,49145,40167,39156,39156,40919,15,15,15,15,0,0,0,0,0,0,0,140,129,120,120,154,1369795,479671,730697,155207,4220,54,13,0,13232,11404,1209,619,1463,260,201,59,14,0,65936,36715,3500,3492,587,169,255,0,0,0,0,0,91,0,29,0,0,2,0,0,0,0,0,0,0,3,0,0,0,0,4,1,0,0,0,0,0,0,12,0,0,0,2,544,341689,0,0,0,0,56,68,17,0,0,13,1,1,26,Jolteon
1-08,13:04:45,NINTEN,Pidgey,Juggler,2,Victory Road,4,1:50:00.24,1:50:00,1h50m0s,25,1,26,70,6:21,20.665,DOUBLE-EDGE,AGILITY,MIMIC,FLY,54,13254,1469,202,59,1036,865,473,19,99661,Jolteon, ,Normal,Flying,346714,Pidgey1,Pidgey,,01:49:39.58,01:50:00.24,06:21:40.13,70,25,1,50,0,24,DOUBLE-EDGE,AGILITY,MIMIC,FLY,12,30,16,4,0,0,3,0,90,186,127,117,109,109,139,28708,49336,40342,39601,39601,41238,15,15,15,15,0,0,0,0,0,0,0,142,131,122,122,156,1376040,480509,736104,155207,4220,54,13,0,13254,11426,1209,619,1469,261,202,59,14,0,66795,37128,3500,3492,592,172,255,0,0,0,0,0,91,0,29,0,0,2,0,0,0,0,0,0,0,3,0,0,0,0,4,1,0,0,0,0,0,0,12,0,0,0,2,548,346579,0,0,0,0,56,68,17,0,0,13,1,1,26,Jolteon
1-08,13:05:02,NINTEN,Pidgey,Blackbelt,9,Victory Road,3,1:50:17.38,1:50:17,1h50m17s,25,1,26,70,6:22,12.153,DOUBLE-EDGE,AGILITY,MIMIC,FLY,54,13267,1470,203,59,1042,868,475,19,101096,Jolteon, ,Normal,Flying,350212,Pidgey1,Pidgey,,01:50:05.22,01:50:17.38,06:22:47.45,70,25,1,50,17,38,DOUBLE-EDGE,AGILITY,MIMIC,FLY,12,30,16,1,0,0,3,0,90,186,127,117,109,109,139,28938,49616,40532,39736,39736,41363,15,15,15,15,0,0,0,0,0,0,0,142,131,122,122,156,1380092,480881,739784,155207,4220,54,13,0,13267,11439,1209,619,1470,262,203,59,14,0,67565,37504,3500,3492,595,174,255,0,0,0,0,0,91,0,29,0,0,2,0,0,0,0,0,0,0,3,0,0,0,0,4,1,0,0,0,0,0,0,12,0,0,0,2,551,350077,0,0,0,0,56,68,17,0,0,13,1,1,26,Jolteon
1-08,13:05:15,NINTEN,Pidgey,Tamer,5,Victory Road,2,1:50:30.47,1:50:30,1h50m30s,25,1,26,70,6:23,7.334,DOUBLE-EDGE,AGILITY,MIMIC,FLY,54,13307,1475,204,59,1044,870,475,19,102171,Jolteon, ,Normal,Flying,353246,Pidgey1,Pidgey,,01:50:23.13,01:50:30.47,06:23:39.22,70,25,1,50,30,47,DOUBLE-EDGE,AGILITY,MIMIC,FLY,10,30,16,1,0,0,3,0,29,186,127,117,109,109,139,29083,49768,40670,39881,39881,41563,15,15,15,15,0,0,0,0,0,0,0,142,131,122,122,156,1383189,481758,742004,155207,4220,54,13,0,13307,11479,1209,619,1475,263,204,59,14,0,67999,37753,3561,3553,597,174,255,0,0,0,0,0,92,0,29,0,0,2,0,0,0,0,0,0,0,3,0,0,0,0,4,1,0,0,0,0,0,0,12,0,0,0,2,553,353111,0,0,0,0,56,68,17,0,0,13,1,1,26,Jolteon
1-08,13:05:35,NINTEN,Pidgey,Juggler,5,Victory Road,1,1:50:50.47,1:50:50,1h50m50s,25,1,26,70,6:24,6.967,DOUBLE-EDGE,AGILITY,MIMIC,FLY,54,13321,1477,205,59,1047,872,477,19,103931,Jolteon, ,Normal,Flying,354644,Pidgey1,Pidgey,,01:50:43.50,01:50:50.47,06:24:57.45,70,25,1,50,50,47,DOUBLE-EDGE,AGILITY,MIMIC,FLY,9,30,16,0,0,0,3,0,178,186,127,117,109,109,139,29123,49813,40735,39981,39981,41653,15,15,15,15,0,0,0,0,0,0,0,142,131,122,122,156,1387892,482396,744135,157141,4220,54,13,0,13321,11493,1209,619,1477,264,205,59,14,0,68256,37857,3562,3554,599,174,256,0,0,0,0,0,92,0,29,0,0,2,0,0,0,0,0,0,0,3,0,0,0,0,4,1,0,0,0,0,0,0,12,0,0,0,2,554,354509,0,0,0,0,56,68,17,0,0,13,1,1,26,Jolteon
1-08,13:05:58,NINTEN,Pidgey,Cooltrainer M,2,Victory Road,3,1:51:14.08,1:51:14,1h51m14s,25,1,26,70,6:26,13.824,DOUBLE-EDGE,AGILITY,MIMIC,FLY,55,13349,1477,206,59,1051,876,478,19,105611,Jolteon, ,Normal,Flying,360429,Pidgey1,Pidgey,,01:51:00.25,01:51:14.08,06:26:31.01,70,25,1,51,14,8,DOUBLE-EDGE,AGILITY,MIMIC,FLY,5,30,16,0,0,0,3,0,31,186,127,117,109,109,139,29358,50113,41080,40271,40271,41873,15,15,15,15,-1,0,0,0,0,0,0,93,147,137,137,175,1393488,483702,747892,157674,4220,55,13,0,13349,11521,1209,619,1477,265,206,59,14,0,68792,38237,3709,3701,603,174,257,0,0,0,0,0,93,0,29,0,0,2,0,0,0,0,0,0,0,3,0,0,0,0,4,1,0,0,0,0,0,0,12,0,0,0,2,557,360294,0,0,0,0,56,68,17,0,0,13,1,1,26,Jolteon
1-08,13:11:09,NINTEN,Pidgey,Lorelei,1,Lorelei's Room,5,1:56:24.62,1:56:24,1h56m24s,29,1,30,83,6:38,50.514,DOUBLE-EDGE,AGILITY,MIMIC,FLY,56,13551,1520,207,60,1074,890,492,18,107116,Jolteon, ,Normal,Flying,601478,Pidgey1,Pidgey,Lorelei,01:55:34.11,01:56:24.62,06:38:04.47,83,29,1,56,24,62,DOUBLE-EDGE,AGILITY,MIMIC,FLY,13,28,16,6,0,0,3,0,8,219,151,137,129,129,165,29828,50568,41665,40751,40751,42218,15,15,15,15,0,0,0,0,4,0,0,213,194,183,183,556,1435119,495646,762385,172655,4433,56,14,0,13551,11723,1209,619,1520,267,207,60,14,0,70378,39355,3992,3984,615,180,260,0,0,0,0,0,95,0,29,0,0,2,0,0,0,0,0,0,0,3,0,0,0,0,4,1,0,0,0,0,0,0,12,1,0,0,2,563,371245,0,0,0,0,56,68,17,0,0,13,1,1,30,Jolteon
1-08,13:11:44,NINTEN,Pidgey,Bruno,1,Bruno's Room,5,1:56:59.86,1:56:59,1h56m59s,29,1,30,83,6:40,23.866,DOUBLE-EDGE,AGILITY,MIMIC,FLY,57,13562,1522,208,60,1085,896,497,18,112660,Jolteon, ,Normal,Flying,609685,Pidgey1,Pidgey,Bruno,01:56:36.00,01:56:59.86,06:40:24.01,83,29,1,56,59,86,DOUBLE-EDGE,AGILITY,MIMIC,FLY,13,28,13,3,0,0,3,0,219,219,151,137,129,129,165,30088,51013,42197,40946,40946,42576,15,15,15,15,0,-2,0,0,0,0,0,190,76,163,163,208,1443474,496573,768540,173928,4433,57,14,0,13562,11734,1209,619,1522,268,208,60,14,0,71432,40014,3992,3984,621,183,261,0,0,0,0,0,95,0,29,0,0,2,0,0,0,0,0,0,0,3,0,0,0,0,4,1,0,0,0,0,0,0,12,1,0,0,2,568,379452,0,0,0,0,56,68,17,0,0,13,1,1,30,Jolteon
1-08,13:12:48,NINTEN,Pidgey,Agatha,1,Agatha's Room,5,1:58:03.37,1:58:03,1h58m3s,29,1,30,84,6:44,43.85,DOUBLE-EDGE,AGILITY,MIMIC,FLY,58,13573,1523,209,60,1109,906,514,16,118402,Jolteon, ,Normal,Flying,619771,Pidgey1,Pidgey,Agatha,01:57:19.52,01:58:03.37,06:44:35.12,84,29,1,58,3,37,DOUBLE-EDGE,AGILITY,MIMIC,FLY,13,28,11,8,0,0,3,1,168,222,152,140,131,131,167,30388,51358,42501,41461,41461,43061,15,15,15,15,0,0,0,0,0,0,0,171,157,147,147,187,1458544,497499,779457,177155,4433,58,14,0,13573,11745,1209,619,1523,269,209,60,14,0,72465,40752,4066,3984,629,191,267,0,0,0,0,0,96,0,30,0,0,3,0,0,0,0,0,0,0,3,0,0,0,0,6,1,0,0,0,0,0,0,17,1,0,0,2,573,389538,0,0,0,0,56,68,17,0,0,13,1,1,30,Jolteon
1-08,13:13:42,NINTEN,Pidgey,Lance,1,Lance's Room,5,1:58:58.07,1:58:58,1h58m58s,29,1,30,84,6:48,26.324,DOUBLE-EDGE,AGILITY,MIMIC,FLY,59,13623,1524,210,60,1118,915,518,16,124342,Jolteon, ,Normal,Flying,631377,Pidgey1,Pidgey,Lance,01:58:31.74,01:58:58.07,06:48:11.31,84,29,1,58,58,7,DOUBLE-EDGE,AGILITY,MIMIC,FLY,15,27,10,18,0,0,3,1,61,222,152,140,131,131,167,30776,51890,42870,41861,41861,43492,15,15,15,15,0,-2,0,0,6,0,0,307,87,263,263,751,1471523,500161,786456,180473,4433,59,14,0,13623,11795,1209,619,1524,270,210,60,14,0,74561,41594,4227,4145,635,191,271,0,0,0,0,0,98,0,30,0,0,3,0,0,0,0,0,0,0,3,0,0,0,0,6,1,0,0,0,0,0,0,17,1,0,0,2,578,401144,0,0,0,0,56,68,17,0,0,13,1,1,30,Jolteon
1-08,13:17:41,NINTEN,Pidgey,Champion,1,Champions Room,6,2:02:56.35,2:02:56,2h2m56s,32,1,33,85,6:53,70.108,DOUBLE-EDGE,AGILITY,MIMIC,FLY,60,13631,1524,211,60,1145,933,538,16,130480,Jolteon, ,Normal,Flying,646426,Pidgey1,Pidgey,Champion,02:01:46.24,02:02:56.35,06:53:58.52,85,32,2,2,56,35,DOUBLE-EDGE,AGILITY,MIMIC,FLY,12,27,11,11,0,0,3,1,141,225,155,142,133,133,169,31189,52371,43425,42471,42471,44032,15,15,15,15,0,0,0,0,6,0,0,219,200,187,187,760,1492369,501824,803736,182219,4590,60,15,0,13631,11803,1209,619,1524,271,211,60,14,0,76028,42590,4725,4643,646,200,281,0,0,0,0,0,99,0,32,0,0,3,0,0,0,0,0,0,0,3,0,0,0,0,6,1,0,0,0,0,0,0,17,1,0,0,2,584,416193,0,0,0,0,56,68,17,0,0,13,1,1,33,Jolteon
1-08,13:18:02,NINTEN,Pidgey,Champion,1,Hall of Fame,6,2:02:56.35,2:02:56,2h2m56s,32,1,33,85,6:55,91.68,DOUBLE-EDGE,AGILITY,MIMIC,FLY,60,13640,1525,211,60,1145,933,538,16,136915,Jolteon, ,Normal,Flying,646426,Pidgey1,Pidgey,Champion,02:01:46.24,02:02:56.35,06:55:24.16,85,32,2,2,56,35,DOUBLE-EDGE,AGILITY,MIMIC,FLY,12,27,11,11,0,0,3,1,141,225,155,142,133,133,169,31189,52371,43425,42471,42471,44032,15,15,15,15,0,0,0,0,6,0,0,219,200,187,187,760,1497493,506174,804510,182219,4590,60,15,0,13640,11812,1209,619,1525,271,211,60,14,0,76028,42590,4725,4643,646,200,281,0,0,0,0,0,99,0,32,0,0,3,0,0,0,0,0,0,0,3,0,0,0,0,6,1,0,0,0,0,0,0,17,1,0,0,2,584,416193,0,0,0,0,56,68,17,0,0,13,1,1,33,Jolteon
