date_string,time_string,player_name,pokemon,trainer_name,trainer_id,location,total_pokemon,real_time_total,real_time_hmmss,real_time_file_label,resets,blackouts,failures,level,game_time,battle_duration,move1,move2,move3,move4,move1pp,move2pp,move3pp,move4pp,move1ppUp,move2ppUp,move3ppUp,move4ppUp,saves,steps,bonks,trainerBattles,wildBattles,battleTurns,playerTurns,enemyTurns,itemsInBag,money,rivalTeam,statusCondition,type1,type2,experience,ROM,Species,Trainer,Start Time,Real Time,Game Time,Level,Resets,RTHours,RTMinutes,RTSeconds,RTMilliseconds,Move 1,Move 2,Move 3,Move 4,Hp,Max HP,Attack,Defense,Sp. Attack,Sp. Defense,Speed,Attack DV,Defense DV,Speed DV,Special DV,StatExp HP,StatExp Attack,StatExp Def,StatExp Sp. Attack,StatExp Sp. Defense,StatExp Speed,Attack Stage,Defense Stage,Sp. Attack Stage,Sp. Defense Stage,Speed Stage,Accuracy Stage,Evasion Stage,Battle Attack,Battle Defense,Battle Sp. Attack,Battle Sp. Defense,Battle Speed,Frame Count,Overworld Frame Count,Battle Frame Count,Menu Frame Count,Intro Frame Count,Save Count,Reload Count,Clock Reset Count,Steps Count,Steps Count Walk,Steps Count Bike,Steps Count Surf,Bonks,Battles,Trainer Battles,Wild Battles,Battles Fled,Failed Runs,Total Damage Dealt,Actual Damage Dealt,Total Damage Taken,Actual Damage Taken,Own Moves Hit,Own Moves Missed,Enemy Moves Hit,Enemy Moves Missed,Own Moves Super Effective,Own Moves Not Very Effective,Enemy Moves Super Effective,Enemy Moves Not Very Effective,Criticals Dealt,OHKOs Dealt,Criticals Taken,OHKOs Taken,Was Confused,Enemy Became Confused,Was Paralyzed,Enemy Was Paralyzed,Was Burned,Enemy Was Burned,Was Frozen,Enemy Was Frozen,Was Poisoned,Enemy Was Poisoned,Was Badly Poisoned,Enemy Was Badly Poisoned,Fell Asleep,Enemy Fell Asleep,Player Turns Confused,Player Turns Confused Hit Self,Player Turns Paralyzed,Player Turns Paralyzed Fully,Enemy Turns Confused,Enemy Turns Confused Hit Self,Enemy Turns Paralyzed,Enemy Turns Paralyzed Fully, Player Turns Asleep, Enemy Turns Asleep,Player HP Healed,Enemy HP Healed,Player Pokemon Fainted,Enemy Pokemon Fainted,Experience Gained,Switchouts,Money Made,Money Spent,Money Lost,Items Picked Up,Items Bought,Items Sold,Balls Thrown,Pokemon Caught In Balls,Moves Learnt,Blackouts,Attempt Number,Failures, Rival's Team
4-13,15:47:21,NINTEN,Pidgey,Rival1-Lab,1,Pallet Town - Oak's Lab,1,44.70,44,0h0m44s,0,0,0,6,0:02,7.706,GUST,SAND-ATTACK,,,0,77,7,1,1,3,3,2,1,3000,Jolteon, ,Normal,Flying,232,Pidgey2,Pidgey,Rival (Lab),00:00:37.00,00:00:44.70,00:02:23.23,6,0,0,0,44,70,GUST,SAND-ATTACK,,,32,15,0,0,0,0,0,0,16,22,12,11,11,11,13,55,55,50,65,65,55,15,15,15,15,0,-1,0,0,0,0,0,12,7,11,11,13,10582,5524,3051,0,2007,0,0,0,77,77,0,0,7,2,1,1,0,0,21,21,6,6,3,0,2,0,0,0,0,0,1,0,0,0,0,0,0,0,0,0,0,0,0,0,0,0,0,0,0,0,0,0,0,0,0,0,0,0,0,0,0,1,97,0,0,0,0,0,0,0,0,0,0,0,2,0,Jolteon
4-13,15:49:54,NINTEN,Pidgey,Bug Catcher,2,Viridian Forest,3,3:18.39,3:18,0h3m18s,0,0,0,10,0:12,16.658,GUST,SAND-ATTACK,,,0,581,44,2,12,30,30,16,4,75,Flareon, ,Normal,Flying,739,Pidgey2,Pidgey,,00:03:01.72,00:03:18.39,00:12:29.05,10,0,0,3,18,39,GUST,SAND-ATTACK,,,23,15,0,0,0,0,0,0,28,31,17,16,15,15,19,560,619,575,445,445,784,15,15,15,15,0,0,0,0,-1,0,0,17,16,15,15,12,46924,23541,21376,0,2007,0,0,0,581,581,0,0,44,14,2,12,0,0,305,242,24,24,30,2,10,0,0,0,0,0,3,0,0,0,0,0,0,0,0,0,0,0,0,0,0,0,0,0,0,0,0,0,0,0,0,0,0,0,0,0,0,14,604,0,0,0,0,1,13,0,0,0,0,0,2,0,Flareon
4-13,15:50:18,NINTEN,Pidgey,Bug Catcher,1,Viridian Forest,2,3:42.41,3:42,0h3m42s,0,0,0,11,0:14,10.42,GUST,SAND-ATTACK,,,0,595,44,3,14,38,38,20,4,135,Flareon, ,Normal,Flying,949,Pidgey2,Pidgey,,00:03:32.00,00:03:42.41,00:14:03.44,11,0,0,3,42,41,GUST,SAND-ATTACK,,,15,15,0,0,0,0,0,0,25,33,18,17,16,16,21,740,739,715,525,525,964,15,15,15,15,0,0,0,0,0,0,0,18,17,16,16,21,52603,24032,26564,0,2007,0,0,0,595,595,0,0,44,17,3,14,0,0,420,323,29,29,38,3,13,0,0,0,0,0,4,0,0,0,0,0,0,0,0,0,0,0,0,0,0,0,0,0,0,0,0,0,0,0,0,0,0,0,0,0,0,18,814,0,0,0,0,1,13,0,0,0,0,0,2,0,Flareon
4-13,15:50:46,NINTEN,Pidgey,Lass,19,Viridian Forest,2,4:09.83,4:09,0h4m9s,0,0,0,12,0:15,9.24,QUICK ATTACK,SAND-ATTACK,GUST,,0,631,45,4,16,46,46,24,4,205,Flareon, ,Normal,Flying,1167,Pidgey2,Pidgey,,00:04:00.59,00:04:09.83,00:15:51.50,12,0,0,4,9,83,QUICK ATTACK,SAND-ATTACK,GUST,,24,15,13,0,0,0,0,0,26,36,20,19,17,17,23,931,903,877,645,645,1145,15,15,15,15,0,-1,0,0,0,0,0,20,12,17,17,23,59089,24773,32309,0,2007,0,0,0,631,631,0,0,45,20,4,16,0,0,539,406,31,31,46,3,17,0,0,0,0,0,4,0,0,0,0,0,0,0,0,0,0,0,0,0,0,0,0,0,0,0,0,0,0,0,0,0,0,0,0,0,0,22,1032,0,0,0,0,1,13,0,0,0,1,0,2,0,Flareon
4-13,15:51:23,NINTEN,Pidgey,Rival1a-Route 22,2,Route 22,2,4:46.75,4:46,0h4m46s,0,0,0,13,0:18,11.408,QUICK ATTACK,SAND-ATTACK,GUST,,0,758,50,5,18,55,55,29,4,295,Flareon, ,Normal,Flying,1503,Pidgey2,Pidgey,Rival (Optional),00:04:35.35,00:04:46.75,00:18:17.26,13,0,0,4,46,75,QUICK ATTACK,SAND-ATTACK,GUST,,15,15,13,0,0,0,0,0,9,38,21,20,18,18,24,1111,1093,1032,796,796,1371,15,15,15,15,0,0,0,0,0,0,0,21,20,18,18,24,67825,27707,38111,0,2007,0,0,0,758,758,0,0,50,23,5,18,0,0,675,499,50,50,55,4,21,0,0,0,0,0,5,0,1,0,0,0,0,0,0,0,0,0,0,0,0,0,0,0,0,0,0,0,0,0,0,0,0,0,0,0,0,26,1368,0,0,0,0,1,13,0,0,0,1,0,2,0,Flareon
4-13,15:52:08,NINTEN,Pidgey,Bug Catcher,15,Viridian Forest,2,5:32.04,5:32,0h5m32s,0,0,0,14,0:21,9.823,QUICK ATTACK,SAND-ATTACK,GUST,,0,982,66,6,20,61,61,31,4,575,Jolteon, ,Normal,Flying,1780,Pidgey2,Pidgey,,00:05:22.22,00:05:32.04,00:21:16.09,14,0,0,5,32,4,QUICK ATTACK,SAND-ATTACK,GUST,,25,15,35,0,0,0,0,0,38,40,22,21,19,19,26,1301,1235,1214,916,916,1543,15,15,15,15,0,0,0,0,0,0,0,22,21,19,19,26,78548,33842,42699,0,2007,0,0,0,982,982,0,0,66,26,6,20,0,0,779,588,52,52,61,5,22,0,0,0,0,0,5,0,1,0,0,0,0,0,0,0,0,0,0,0,0,0,0,0,0,0,0,0,0,0,0,0,0,0,0,0,0,30,1645,0,0,0,0,2,13,0,0,0,1,0,2,0,Jolteon
4-13,15:52:49,NINTEN,Pidgey,Bug Catcher,3,Viridian Forest,1,6:12.75,6:12,0h6m12s,0,0,0,15,0:23,6.012,QUICK ATTACK,SAND-ATTACK,GUST,,0,1052,68,7,25,73,73,37,4,655,Jolteon, ,Normal,Flying,2112,Pidgey2,Pidgey,,00:06:06.71,00:06:12.75,00:23:56.32,15,0,0,6,12,75,QUICK ATTACK,SAND-ATTACK,GUST,,13,15,35,0,0,0,0,0,39,43,24,22,21,21,27,1571,1420,1449,1056,1056,1809,15,15,15,15,0,0,0,0,-1,0,0,24,22,21,21,17,88171,35363,50801,0,2007,0,0,0,1052,1052,0,0,68,32,7,25,0,0,992,721,54,54,72,8,25,0,0,0,0,0,6,0,1,0,0,0,0,0,0,0,0,0,0,0,0,0,0,0,0,0,0,0,0,0,0,0,0,0,0,0,0,36,1977,0,0,0,0,3,13,0,0,0,1,0,2,0,Jolteon
4-13,15:53:27,NINTEN,Pidgey,Jr Trainer M,1,Pewter City - Gym,2,6:50.53,6:50,0h6m50s,0,0,0,16,0:26,8.606,QUICK ATTACK,SAND-ATTACK,GUST,,0,1190,70,8,28,79,79,38,4,755,Jolteon, ,Normal,Flying,2545,Pidgey2,Pidgey,,00:06:41.92,00:06:50.53,00:26:25.08,16,0,0,6,50,53,QUICK ATTACK,SAND-ATTACK,GUST,,27,15,35,0,0,0,0,0,41,45,25,24,22,22,29,1761,1655,1669,1206,1206,2090,15,15,15,15,0,0,0,0,0,0,0,25,24,22,22,29,97087,39024,56056,0,2007,0,0,0,1190,1190,0,0,70,36,8,28,0,0,1140,828,58,58,78,8,26,0,0,0,0,0,8,0,1,0,0,0,0,0,0,0,0,0,0,0,0,0,0,0,0,0,0,0,0,0,0,0,0,0,0,0,0,41,2410,0,0,0,0,3,13,0,0,0,1,0,2,0,Jolteon
4-13,15:54:32,NINTEN,Pidgey,Brock,1,Pewter City - Gym,2,7:55.91,7:55,0h7m55s,0,0,0,16,0:30,58.963,QUICK ATTACK,SAND-ATTACK,GUST,,0,1194,70,9,28,117,117,59,4,935,Jolteon, ,Normal,Flying,3005,Pidgey2,Pidgey,Brock,00:06:56.90,00:07:55.91,00:30:44.45,16,0,0,7,55,91,QUICK ATTACK,SAND-ATTACK,GUST,,4,0,35,0,0,0,0,0,25,45,25,24,22,22,29,1836,1780,1929,1266,1266,2180,15,15,15,15,0,0,0,0,0,0,0,25,24,22,22,29,112664,39543,70703,411,2007,0,0,0,1194,1194,0,0,70,37,9,28,0,0,1205,889,78,78,115,25,28,0,0,0,0,0,9,0,1,0,0,0,0,0,0,0,0,0,0,0,0,0,0,0,0,0,0,0,0,0,0,0,0,0,0,0,0,43,2870,0,0,0,0,3,13,0,0,0,1,0,2,0,Jolteon
4-13,15:55:02,NINTEN,Pidgey,Bug Catcher,4,Route 3,3,8:25.50,8:25,0h8m25s,0,0,0,17,0:32,16.035,GUST,SAND-ATTACK,QUICK ATTACK,,0,1267,73,10,28,123,123,64,5,2123,Jolteon, ,Normal,Flying,3340,Pidgey2,Pidgey,,00:08:09.41,00:08:25.50,00:32:41.40,17,0,0,8,25,50,GUST,SAND-ATTACK,QUICK ATTACK,,29,0,4,0,0,0,0,0,24,47,27,25,23,23,31,1966,1875,2029,1326,1326,2320,15,15,15,15,0,0,0,0,-4,0,0,33,25,23,23,10,119679,41713,75548,411,2007,0,0,0,1267,1267,0,0,73,38,10,28,0,0,1349,978,81,81,121,25,33,0,0,0,0,0,9,0,1,0,0,0,0,0,0,0,0,0,0,0,0,0,0,0,0,0,0,0,0,0,0,0,0,0,0,0,0,46,3205,0,0,0,0,3,13,0,0,0,1,0,2,0,Jolteon
4-13,15:55:16,NINTEN,Pidgey,Lass,1,Route 3,2,8:39.87,8:39,0h8m39s,0,0,0,17,0:33,8.568,GUST,SAND-ATTACK,QUICK ATTACK,,0,1274,75,11,28,127,127,66,5,2223,Jolteon, ,Normal,Flying,3550,Pidgey2,Pidgey,,00:08:31.25,00:08:39.87,00:33:38.11,17,0,0,8,39,87,GUST,SAND-ATTACK,QUICK ATTACK,,25,0,4,0,0,0,0,0,34,47,27,25,23,23,31,2046,1965,2109,1396,1396,2432,15,15,15,15,0,0,0,0,0,0,0,30,25,23,23,31,123070,42046,78135,882,2007,0,0,0,1274,1274,0,0,75,39,11,28,0,0,1441,1032,91,91,125,25,35,0,0,0,0,0,9,0,1,0,0,0,0,0,0,0,0,0,0,0,0,0,0,0,0,0,0,0,0,0,0,0,0,0,0,0,0,48,3415,0,0,0,0,3,13,0,0,0,1,0,2,0,Jolteon
4-13,15:55:31,NINTEN,Pidgey,Youngster Ben,1,Route 3,2,8:55.10,8:55,0h8m55s,0,0,0,18,0:34,11.126,GUST,SAND-ATTACK,QUICK ATTACK,,0,1285,75,12,28,132,131,69,5,2358,Jolteon, ,Normal,Flying,3828,Pidgey2,Pidgey,,00:08:43.92,00:08:55.10,00:34:38.16,18,0,0,8,55,10,GUST,SAND-ATTACK,QUICK ATTACK,,21,0,4,0,0,0,0,0,26,49,28,26,24,24,32,2111,2081,2188,1461,1461,2559,15,15,15,15,0,0,0,0,0,0,0,31,26,24,24,32,126675,42474,81312,882,2007,0,0,0,1285,1285,0,0,75,40,12,28,0,0,1532,1091,101,101,129,26,37,0,0,0,0,0,10,0,1,0,0,0,0,0,0,0,0,0,0,0,0,0,0,0,0,0,0,0,0,0,0,0,0,0,0,0,0,50,3693,0,0,0,0,3,13,0,0,0,1,0,2,0,Jolteon
4-13,15:55:48,NINTEN,Pidgey,Bug Catcher,5,Route 3,4,9:12.02,9:12,0h9m12s,0,0,0,18,0:35,12.433,GUST,SAND-ATTACK,QUICK ATTACK,,0,1289,76,13,28,137,136,70,5,2523,Jolteon, ,Normal,Flying,4303,Pidgey2,Pidgey,,00:08:59.53,00:09:12.02,00:35:44.48,18,0,0,9,12,2,GUST,SAND-ATTACK,QUICK ATTACK,,16,0,4,0,0,0,0,0,26,49,28,26,24,24,32,2291,2191,2358,1551,1551,2719,15,15,15,15,0,0,0,0,0,0,0,31,26,24,24,32,130667,42644,85134,882,2007,0,0,0,1289,1289,0,0,76,41,13,28,0,0,1665,1203,101,101,134,26,37,0,0,0,0,0,11,0,1,0,0,0,0,0,0,0,0,0,0,0,0,0,0,0,0,0,0,0,0,0,0,0,0,0,0,0,0,54,4168,0,0,0,0,3,13,0,0,0,1,0,2,0,Jolteon
4-13,15:56:00,NINTEN,Pidgey,Lass,2,Route 3,2,9:23.55,9:23,0h9m23s,0,0,0,18,0:36,7.266,GUST,SAND-ATTACK,QUICK ATTACK,,0,1296,77,14,28,140,139,71,5,2613,Jolteon, ,Normal,Flying,4551,Pidgey2,Pidgey,,00:09:16.23,00:09:23.55,00:36:30.11,18,0,0,9,23,55,GUST,SAND-ATTACK,QUICK ATTACK,,13,0,4,0,0,0,0,0,20,49,28,26,24,24,32,2367,2304,2433,1616,1616,2841,15,15,15,15,0,0,0,0,0,0,0,31,26,24,24,32,133390,43006,87495,882,2007,0,0,0,1296,1296,0,0,77,42,14,28,0,0,1752,1260,107,107,137,26,38,0,0,0,0,0,12,0,1,0,0,0,0,0,0,0,0,0,0,0,0,0,0,0,0,0,0,0,0,0,0,0,0,0,0,0,0,56,4416,0,0,0,0,3,13,0,0,0,1,0,2,0,Jolteon
4-13,15:56:14,NINTEN,Pidgey,Bug Catcher,6,Route 3,2,9:38.38,9:38,0h9m38s,0,0,0,19,0:37,11.687,GUST,SAND-ATTACK,QUICK ATTACK,WHIRLWIND,0,1297,78,15,28,145,144,74,5,2763,Jolteon, ,Normal,Flying,4844,Pidgey2,Pidgey,,00:09:26.64,00:09:38.38,00:37:28.40,19,0,0,9,38,38,GUST,SAND-ATTACK,QUICK ATTACK,WHIRLWIND,8,0,4,20,0,0,0,0,23,52,30,28,25,25,34,2462,2354,2523,1661,1661,2916,15,15,15,15,0,0,0,0,-1,0,0,33,28,25,25,22,136899,43156,90854,882,2007,0,0,0,1297,1297,0,0,78,43,15,28,0,0,1865,1325,107,107,142,26,39,0,0,0,0,0,13,0,1,0,0,0,0,0,0,0,0,0,0,0,0,0,0,0,0,0,0,0,0,0,0,0,0,0,0,0,0,58,4709,0,0,0,0,3,13,0,0,0,2,0,2,0,Jolteon
4-13,15:56:31,NINTEN,Pidgey,Lass,3,Route 3,1,9:54.94,9:54,0h9m54s,0,0,0,19,0:38,10.715,GUST,SAND-ATTACK,WHIRLWIND,QUICK ATTACK,0,1309,78,16,28,151,147,79,5,2873,Jolteon, ,Normal,Flying,5072,Pidgey2,Pidgey,,00:09:44.17,00:09:54.94,00:38:34.04,19,0,0,9,54,94,GUST,SAND-ATTACK,WHIRLWIND,QUICK ATTACK,8,0,20,1,0,0,0,0,15,52,30,28,25,25,34,2577,2399,2543,1686,1686,2936,15,15,15,15,0,0,0,0,0,0,0,33,28,25,25,34,140823,43579,94355,882,2007,0,0,0,1309,1309,0,0,78,44,16,28,0,0,1949,1383,115,115,145,28,42,0,0,0,0,0,13,0,1,0,0,0,0,0,0,0,0,0,0,0,0,0,0,0,0,0,0,0,0,0,0,0,2,0,0,0,0,59,4937,0,0,0,0,3,13,0,0,0,2,0,2,0,Jolteon
4-13,15:56:53,NINTEN,Pidgey,Bug Catcher,7,Mt Moon - 1,2,10:16.52,10:16,0h10m16s,0,0,0,19,0:39,7.123,GUST,SAND-ATTACK,WHIRLWIND,QUICK ATTACK,0,1405,80,17,28,154,150,80,5,3083,Jolteon, ,Normal,Flying,5359,Pidgey2,Pidgey,,00:10:09.37,00:10:16.52,00:39:59.07,19,0,0,10,16,52,GUST,SAND-ATTACK,WHIRLWIND,QUICK ATTACK,32,15,20,30,0,0,0,0,52,52,30,28,25,25,34,2662,2459,2623,1731,1731,3021,15,15,15,15,0,0,0,0,0,0,0,33,28,25,25,34,145926,46364,96673,882,2007,0,0,0,1405,1405,0,0,80,45,17,28,0,0,2053,1446,115,115,148,28,42,0,0,0,0,0,15,0,1,0,0,0,0,0,0,0,0,0,0,0,0,0,0,0,0,0,0,0,0,0,0,0,2,0,0,0,0,61,5224,0,0,0,0,3,13,0,0,0,2,0,2,0,Jolteon
4-13,15:57:11,NINTEN,Pidgey,Lass,6,Mt Moon - 1,1,10:35.28,10:35,0h10m35s,0,0,0,20,0:41,14.515,GUST,SAND-ATTACK,WHIRLWIND,QUICK ATTACK,0,1414,80,18,28,165,154,90,5,3193,Jolteon, ,Normal,Flying,5563,Pidgey2,Pidgey,,00:10:20.75,00:10:35.28,00:41:13.29,20,0,0,10,35,28,GUST,SAND-ATTACK,WHIRLWIND,QUICK ATTACK,28,15,20,30,0,0,0,0,38,54,31,29,27,27,36,2732,2504,2671,1791,1791,3056,15,15,15,15,-4,0,0,0,0,0,0,11,29,27,27,36,150388,46698,100801,882,2007,0,0,0,1414,1414,0,0,80,46,18,28,0,0,2103,1491,131,131,152,31,49,0,0,0,0,0,15,0,1,0,0,0,0,0,0,0,0,0,0,0,0,0,0,0,0,0,0,0,0,0,0,0,8,0,0,0,0,62,5428,0,0,0,0,3,13,0,0,0,2,0,2,0,Jolteon
4-13,15:57:40,NINTEN,Pidgey,Rocket,2,Mt Moon - 3,3,11:04.33,11:04,0h11m4s,0,0,0,20,0:43,14.151,GUST,SAND-ATTACK,WHIRLWIND,QUICK ATTACK,0,1486,83,19,28,172,161,94,5,3403,Jolteon, ,Normal,Flying,6041,Pidgey2,Pidgey,,00:10:50.15,00:11:04.33,00:43:08.06,20,0,0,11,4,33,GUST,SAND-ATTACK,WHIRLWIND,QUICK ATTACK,28,15,20,23,0,0,0,0,25,55,31,29,27,27,36,5412,2680,2826,1886,1886,3223,15,15,15,15,0,0,0,0,0,0,0,34,29,27,27,36,157265,48595,105131,1532,2007,0,0,0,1486,1486,0,0,83,47,19,28,0,0,2261,1584,144,144,159,31,53,0,0,0,0,0,15,0,1,0,0,1,0,0,0,0,0,0,0,0,0,0,0,0,1,0,0,0,0,0,0,0,8,0,0,0,0,65,5906,0,0,0,0,4,13,0,0,0,2,0,2,0,Jolteon
4-13,15:57:56,NINTEN,Pidgey,Super Nerd,1,Mt Moon - 1,2,11:20.12,11:20,0h11m20s,0,0,0,21,0:44,7.899,GUST,SAND-ATTACK,WHIRLWIND,QUICK ATTACK,0,1534,88,20,28,175,164,95,5,3733,Jolteon, ,Normal,Flying,6490,Pidgey2,Pidgey,,00:11:12.20,00:11:20.12,00:44:10.16,21,0,0,11,20,12,GUST,SAND-ATTACK,WHIRLWIND,QUICK ATTACK,28,15,20,20,0,0,0,0,25,57,32,30,28,28,37,5477,2745,2946,2036,2036,3368,15,15,15,15,0,0,0,0,0,0,0,36,30,28,28,37,160995,49743,107713,1532,2007,0,0,0,1534,1534,0,0,88,48,20,28,0,0,2340,1643,146,146,162,31,54,0,0,0,0,0,16,0,1,0,0,1,0,0,0,0,0,0,0,0,0,0,0,0,1,0,0,0,0,0,0,0,8,0,0,0,0,67,6355,0,0,0,0,4,13,0,0,0,2,0,2,0,Jolteon
4-13,15:58:15,NINTEN,Pidgey,Bug Catcher,8,Mt Moon - 1,3,11:38.98,11:38,0h11m38s,0,0,0,21,0:45,7.328,GUST,SAND-ATTACK,WHIRLWIND,QUICK ATTACK,0,1564,90,21,28,178,167,95,6,4008,Jolteon, ,Normal,Flying,6867,Pidgey2,Pidgey,,00:11:31.62,00:11:38.98,00:45:24.29,21,0,0,11,38,98,GUST,SAND-ATTACK,WHIRLWIND,QUICK ATTACK,25,15,20,20,0,0,0,0,45,57,32,30,28,28,37,5617,2825,3071,2101,2101,3488,15,15,15,15,0,0,0,0,0,0,0,36,30,28,28,37,165448,50913,110495,2033,2007,0,0,0,1564,1564,0,0,90,49,21,28,0,0,2442,1734,146,146,165,31,54,0,0,0,0,0,17,0,1,0,0,1,0,0,0,0,0,0,0,0,0,0,0,0,1,0,0,0,0,0,0,0,8,0,0,0,0,70,6732,0,0,0,0,6,13,0,0,0,2,0,2,0,Jolteon
4-13,15:58:32,NINTEN,Pidgey,Lass,5,Mt Moon - 1,2,11:56.28,11:56,0h11m56s,0,0,0,21,0:46,9.726,GUST,SAND-ATTACK,WHIRLWIND,QUICK ATTACK,0,1585,90,22,29,182,171,97,6,4108,Jolteon, ,Normal,Flying,7248,Pidgey2,Pidgey,,00:11:46.56,00:11:56.28,00:46:32.40,21,0,0,11,56,28,GUST,SAND-ATTACK,WHIRLWIND,QUICK ATTACK,21,15,20,20,0,0,0,0,44,57,32,30,28,28,37,5712,2950,3161,2246,2246,3558,15,15,15,15,0,0,0,0,0,0,0,36,30,28,28,37,169539,51588,113911,2033,2007,0,0,0,1585,1585,0,0,90,51,22,29,1,0,2564,1800,147,147,169,31,55,0,0,0,0,0,18,0,1,0,0,1,0,0,0,0,0,0,0,0,0,0,0,0,1,0,0,0,0,0,0,0,8,0,0,0,0,72,7113,0,0,0,0,6,13,0,0,0,2,0,2,0,Jolteon
4-13,15:58:51,NINTEN,Pidgey,Rocket,3,Mt Moon - 3,2,12:14.70,12:14,0h12m14s,0,0,0,21,0:47,9.117,GUST,SAND-ATTACK,WHIRLWIND,QUICK ATTACK,0,1616,91,23,29,187,175,99,6,4273,Jolteon, ,Normal,Flying,7545,Pidgey2,Pidgey,,00:12:05.56,00:12:14.70,00:47:45.21,21,0,0,12,14,70,GUST,SAND-ATTACK,WHIRLWIND,QUICK ATTACK,17,15,20,20,0,0,0,0,39,57,32,30,28,28,37,5787,3055,3240,2326,2326,3668,15,15,15,15,0,0,0,0,0,0,0,36,30,28,28,37,173900,53003,116857,2033,2007,0,0,0,1616,1616,0,0,91,52,23,29,1,0,2670,1866,152,152,173,31,57,0,0,0,0,0,18,0,1,0,0,1,0,0,0,0,0,0,0,0,0,0,0,0,1,0,0,0,0,0,0,0,8,0,0,0,0,74,7410,0,0,0,0,6,13,0,0,0,2,0,2,0,Jolteon
4-13,15:59:08,NINTEN,Pidgey,Youngster,3,Mt Moon - 1,3,12:31.52,12:31,0h12m31s,0,0,0,22,0:48,7.405,GUST,SAND-ATTACK,WHIRLWIND,QUICK ATTACK,0,1655,94,24,29,190,178,99,8,4633,Jolteon, ,Normal,Flying,7902,Pidgey2,Pidgey,,00:12:24.10,00:12:31.52,00:48:51.35,22,0,0,12,31,52,GUST,SAND-ATTACK,WHIRLWIND,QUICK ATTACK,14,15,20,20,0,0,0,0,42,60,34,32,29,29,39,5887,3212,3345,2416,2416,3867,15,15,15,15,0,0,0,0,0,0,0,38,32,29,29,39,177874,54399,119435,2033,2007,0,0,0,1655,1655,0,0,94,53,24,29,1,0,2794,1949,152,152,176,31,57,0,0,0,0,0,19,0,1,0,0,1,0,0,0,0,0,0,0,0,0,0,0,0,1,0,0,0,0,0,0,0,8,0,0,0,0,77,7767,0,0,0,0,8,13,0,0,0,2,0,2,0,Jolteon
4-13,15:59:28,NINTEN,Pidgey,Rocket,1,Mt Moon - 3,2,12:52.44,12:52,0h12m52s,0,0,0,22,0:50,8.889,GUST,SAND-ATTACK,WHIRLWIND,QUICK ATTACK,0,1715,98,25,29,195,182,102,8,4783,Jolteon, ,Normal,Flying,8209,Pidgey2,Pidgey,,00:12:43.53,00:12:52.44,00:50:14.05,22,0,0,12,52,44,GUST,SAND-ATTACK,WHIRLWIND,QUICK ATTACK,10,15,20,20,0,0,0,0,24,60,34,32,29,29,39,5957,3313,3415,2481,2481,3994,15,15,15,15,0,-1,0,0,0,0,0,42,21,29,29,39,182824,56093,122691,2033,2007,0,0,0,1715,1715,0,0,98,54,25,29,1,0,2913,2016,170,170,180,32,59,0,0,0,0,0,19,0,1,0,0,2,0,0,0,0,0,0,0,0,0,0,0,0,2,1,0,0,0,0,0,0,8,0,0,0,0,79,8074,0,0,0,0,8,13,0,0,0,2,0,2,0,Jolteon
4-13,15:59:55,NINTEN,Pidgey,Fossil Nerd,2,Mt Moon - 3,3,13:19.35,13:19,0h13m19s,0,0,0,23,0:52,14.344,QUICK ATTACK,SAND-ATTACK,WHIRLWIND,GUST,0,1791,98,26,29,202,189,106,8,5173,Jolteon, ,Normal,Flying,8996,Pidgey2,Pidgey,,00:13:04.98,00:13:19.35,00:52:00.09,23,0,0,13,19,35,QUICK ATTACK,SAND-ATTACK,WHIRLWIND,GUST,13,15,20,10,0,0,0,0,53,62,36,33,30,30,41,6117,3488,3610,2636,2636,4154,15,15,15,15,0,0,0,0,0,0,0,40,33,30,30,41,189188,57613,126969,2599,2007,0,0,0,1791,1791,0,0,98,55,26,29,1,0,3074,2125,179,179,187,33,62,0,0,0,0,0,20,0,1,0,0,2,0,0,0,0,0,0,0,0,0,0,0,0,2,1,0,0,0,0,0,0,8,0,0,0,0,82,8861,0,0,0,0,8,13,0,0,0,2,0,2,0,Jolteon
4-13,16:00:21,NINTEN,Pidgey,Rocket,42,Mt Moon - 3,3,13:45.01,13:45,0h13m45s,0,0,0,23,0:53,14.482,QUICK ATTACK,SAND-ATTACK,WHIRLWIND,GUST,0,1807,99,27,29,210,197,111,9,5473,Jolteon, ,Normal,Flying,9731,Pidgey2,Pidgey,,00:13:30.50,00:13:45.01,00:53:41.34,23,0,0,13,45,1,QUICK ATTACK,SAND-ATTACK,WHIRLWIND,GUST,5,15,20,10,0,0,0,0,36,62,36,33,30,30,41,6232,3658,3784,2776,2776,4334,15,15,15,15,-1,0,0,0,0,0,0,25,33,30,30,41,195273,59045,131622,2599,2007,0,0,0,1807,1807,0,0,99,56,27,29,1,0,3216,2235,196,196,195,33,67,0,0,0,0,0,20,0,1,0,0,2,0,0,0,0,0,0,0,0,0,0,0,0,2,1,0,0,0,0,0,0,8,0,0,0,0,85,9596,0,0,0,0,8,13,0,0,0,2,0,2,0,Jolteon
4-13,16:01:18,NINTEN,Pidgey,Rival2-Nugget Bridge,3,Cerulean City,4,14:42.46,14:42,0h14m42s,0,0,0,24,0:57,28.166,QUICK ATTACK,SAND-ATTACK,WHIRLWIND,GUST,1,1985,103,28,29,227,214,124,9,5893,Jolteon, ,Normal,Flying,10769,Pidgey2,Pidgey,Rival (Nugget Bridge),00:14:14.24,00:14:42.46,00:57:28.36,24,0,0,14,42,46,QUICK ATTACK,SAND-ATTACK,WHIRLWIND,GUST,13,15,20,35,0,0,0,0,23,65,37,35,32,32,42,6407,3904,3984,2927,2927,4571,15,15,15,15,-2,-2,0,0,0,-3,0,22,17,32,32,42,208895,64475,139263,3150,2007,1,0,0,1985,1985,0,0,103,57,28,29,1,0,3412,2406,238,238,208,39,78,0,0,0,0,0,20,0,1,0,0,2,0,0,0,0,0,0,0,0,0,0,0,0,2,1,0,0,0,0,0,0,8,0,0,0,0,89,10634,0,0,0,0,9,13,0,0,0,2,0,2,0,Jolteon
4-13,16:01:39,NINTEN,Pidgey,Bug Catcher,9,Route 24,2,15:02.79,15:02,0h15m2s,0,0,0,24,0:58,5.998,QUICK ATTACK,SAND-ATTACK,WHIRLWIND,GUST,1,1996,103,29,29,230,217,125,9,6488,Jolteon, ,Normal,Flying,11084,Pidgey2,Pidgey,,00:14:56.74,00:15:02.79,00:58:48.28,24,0,0,15,2,79,QUICK ATTACK,SAND-ATTACK,WHIRLWIND,GUST,13,15,20,32,0,0,0,0,63,65,37,35,32,32,42,6492,3969,4049,2967,2967,4666,15,15,15,15,0,0,0,0,-1,0,0,46,35,32,32,27,213687,65877,141998,3805,2007,1,0,0,1996,1996,0,0,103,58,29,29,1,0,3514,2481,238,238,211,39,79,0,0,0,0,0,20,0,1,0,0,2,0,0,0,0,0,0,0,0,0,0,0,0,2,1,0,0,0,0,0,0,8,0,0,0,0,91,10949,0,0,0,0,9,13,0,0,0,2,0,2,0,Jolteon
4-13,16:01:48,NINTEN,Pidgey,Lass,8,Route 24,2,15:11.69,15:11,0h15m11s,0,0,0,24,0:59,5.646,QUICK ATTACK,SAND-ATTACK,WHIRLWIND,GUST,1,1998,105,30,29,232,219,125,9,6628,Jolteon, ,Normal,Flying,11426,Pidgey2,Pidgey,,00:15:06.01,00:15:11.69,00:59:23.26,24,0,0,15,11,69,QUICK ATTACK,SAND-ATTACK,WHIRLWIND,GUST,11,15,20,32,0,0,0,0,63,65,37,35,32,32,42,6587,4061,4141,3042,3042,4763,15,15,15,15,0,0,0,0,0,0,0,41,35,32,32,42,215785,66003,143970,3805,2007,1,0,0,1998,1998,0,0,105,59,30,29,1,0,3603,2559,238,238,213,39,79,0,0,0,0,0,22,0,1,0,0,2,0,0,0,0,0,0,0,0,0,0,0,0,2,1,0,0,0,0,0,0,8,0,0,0,0,93,11291,0,0,0,0,9,13,0,0,0,2,0,2,0,Jolteon
4-13,16:02:02,NINTEN,Pidgey,Youngster,4,Route 24,3,15:25.80,15:25,0h15m25s,0,0,0,25,1:00,10.718,QUICK ATTACK,SAND-ATTACK,WHIRLWIND,GUST,1,2002,106,31,29,236,223,126,9,6838,Jolteon, ,Normal,Flying,11945,Pidgey2,Pidgey,,00:15:15.04,00:15:25.80,01:00:19.04,25,0,0,15,25,80,QUICK ATTACK,SAND-ATTACK,WHIRLWIND,GUST,8,15,20,31,0,0,0,0,62,67,39,36,33,33,44,6692,4222,4255,3147,3147,4945,15,15,15,15,0,0,0,0,0,0,0,43,36,33,33,44,219123,66187,147124,3805,2007,1,0,0,2002,2002,0,0,106,60,31,29,1,0,3745,2666,241,241,217,39,80,0,0,0,0,0,23,0,1,0,0,2,0,0,0,0,0,0,0,0,0,0,0,0,2,1,0,0,0,0,0,0,8,0,0,0,0,96,11810,0,0,0,0,9,13,0,0,0,2,0,2,0,Jolteon
4-13,16:02:18,NINTEN,Pidgey,Lass,7,Route 24,2,15:42.08,15:42,0h15m42s,0,0,0,25,1:01,9.296,QUICK ATTACK,SAND-ATTACK,WHIRLWIND,GUST,1,2006,113,32,29,241,228,129,9,7048,Jolteon, ,Normal,Flying,12333,Pidgey2,Pidgey,,00:15:32.76,00:15:42.08,01:01:23.13,25,0,0,15,42,8,QUICK ATTACK,SAND-ATTACK,WHIRLWIND,GUST,8,15,20,26,0,0,0,0,50,67,39,36,33,33,44,6787,4314,4347,3222,3222,5042,15,15,15,15,-1,0,0,0,0,0,0,28,36,33,33,44,222972,66363,150797,3805,2007,1,0,0,2006,2006,0,0,113,61,32,29,1,0,3889,2753,253,253,222,39,83,0,0,0,0,0,24,0,1,0,0,2,0,0,0,0,0,0,0,0,0,0,0,0,2,1,0,0,0,0,0,0,8,0,0,0,0,98,12198,0,0,0,0,9,13,0,0,0,2,0,2,0,Jolteon
4-13,16:02:27,NINTEN,Pidgey,Jr Trainer M,3,Route 24,1,15:51.11,15:51,0h15m51s,0,0,0,25,1:01,5.328,QUICK ATTACK,SAND-ATTACK,WHIRLWIND,GUST,1,2010,115,33,29,243,230,130,9,7288,Jolteon, ,Normal,Flying,12618,Pidgey2,Pidgey,,00:15:45.74,00:15:51.11,01:01:58.47,25,0,0,15,51,11,QUICK ATTACK,SAND-ATTACK,WHIRLWIND,GUST,7,15,20,25,0,0,0,0,32,67,39,36,33,33,44,6827,4394,4382,3257,3257,5112,15,15,15,15,0,0,0,0,0,0,0,43,36,33,33,44,225106,66547,152747,3805,2007,1,0,0,2010,2010,0,0,115,62,33,29,1,0,3947,2798,271,271,224,39,84,0,0,0,0,0,24,0,2,0,0,2,0,0,0,0,0,0,0,0,0,0,0,0,2,1,0,0,0,0,0,0,8,0,0,0,0,99,12483,0,0,0,0,9,13,0,0,0,2,0,2,0,Jolteon
4-13,16:02:45,NINTEN,Pidgey,Rocket,6,Route 24,2,16:09.02,16:09,0h16m9s,0,0,0,25,1:03,7.003,QUICK ATTACK,SAND-ATTACK,WHIRLWIND,GUST,1,2016,116,34,29,247,234,132,10,7648,Jolteon, ,Normal,Flying,12988,Pidgey2,Pidgey,,00:16:01.96,00:16:09.02,01:03:09.24,25,0,0,16,9,2,QUICK ATTACK,SAND-ATTACK,WHIRLWIND,GUST,7,15,20,21,0,0,0,0,42,67,39,36,33,33,44,6902,4499,4461,3337,3337,5222,15,15,15,15,0,0,0,0,0,0,0,43,36,33,33,44,229343,67560,155571,4205,2007,1,0,0,2016,2016,0,0,116,63,34,29,1,0,4071,2874,281,281,228,39,86,0,0,0,0,0,24,0,2,0,0,2,0,0,0,0,0,0,0,0,0,0,0,0,2,1,0,0,0,0,0,0,8,0,0,0,0,101,12853,0,0,0,0,9,13,0,0,0,2,0,2,0,Jolteon
4-13,16:03:16,NINTEN,Pidgey,Hiker,2,Route 25,2,16:40.12,16:40,0h16m40s,0,0,0,26,1:05,16.185,QUICK ATTACK,SAND-ATTACK,WHIRLWIND,GUST,1,2058,121,35,29,255,242,138,10,8098,Jolteon, ,Normal,Flying,13546,Pidgey2,Pidgey,,00:16:23.88,00:16:40.12,01:05:12.27,26,0,0,16,40,12,QUICK ATTACK,SAND-ATTACK,WHIRLWIND,GUST,7,14,20,14,0,0,0,0,53,70,40,38,34,34,46,7012,4659,4611,3402,3402,5277,15,15,15,15,0,0,0,0,0,0,0,45,38,34,34,46,236726,69298,160625,4796,2007,1,0,0,2058,2058,0,0,121,64,35,29,1,0,4170,2961,293,293,236,40,88,0,0,0,0,0,26,0,2,0,0,2,0,0,0,0,0,0,0,0,0,0,0,0,2,1,0,0,0,0,0,0,8,0,0,0,0,103,13411,0,0,0,0,9,13,0,0,0,2,0,2,0,Jolteon
4-13,16:03:32,NINTEN,Pidgey,Youngster,5,Route 25,2,16:55.77,16:55,0h16m55s,0,0,0,26,1:06,6.086,QUICK ATTACK,SAND-ATTACK,WHIRLWIND,GUST,1,2067,122,36,29,259,246,140,11,8623,Jolteon, ,Normal,Flying,13915,Pidgey2,Pidgey,,00:16:49.63,00:16:55.77,01:06:14.12,26,0,0,16,55,77,QUICK ATTACK,SAND-ATTACK,WHIRLWIND,GUST,7,14,20,10,0,0,0,0,45,70,40,38,34,34,46,7082,4775,4676,3458,3458,5419,15,15,15,15,0,0,0,0,0,0,0,45,38,34,34,46,240431,70006,163622,4796,2007,1,0,0,2067,2067,0,0,122,65,36,29,1,0,4314,3036,301,301,240,41,89,0,0,0,0,0,26,0,2,0,0,2,0,0,0,0,0,0,0,0,0,0,0,0,2,1,0,0,0,0,0,0,8,0,0,0,0,105,13780,0,0,0,0,10,13,0,0,0,2,0,2,0,Jolteon
4-13,16:03:42,NINTEN,Pidgey,Youngster,6,Route 25,1,17:06.45,17:06,0h17m6s,0,0,0,26,1:06,6.255,QUICK ATTACK,SAND-ATTACK,WHIRLWIND,GUST,1,2071,122,37,29,262,249,142,11,8848,Jolteon, ,Normal,Flying,14275,Pidgey2,Pidgey,,00:17:00.12,00:17:06.45,01:06:56.18,26,0,0,17,6,45,QUICK ATTACK,SAND-ATTACK,WHIRLWIND,GUST,4,14,20,10,0,0,0,0,30,70,40,38,34,34,46,7172,4840,4741,3498,3498,5434,15,15,15,15,0,0,0,0,0,0,0,45,38,34,34,46,242957,70294,165860,4796,2007,1,0,0,2071,2071,0,0,122,66,37,29,1,0,4379,3096,316,316,243,41,91,0,0,0,0,0,26,0,2,0,0,2,0,0,0,0,0,0,0,0,0,0,0,0,2,1,0,0,0,0,0,0,8,0,0,0,0,106,14140,0,0,0,0,10,13,0,0,0,2,0,2,0,Jolteon
4-13,16:03:59,NINTEN,Pidgey,Lass,9,Route 25,2,17:23.26,17:23,0h17m23s,0,0,0,26,1:08,7.023,QUICK ATTACK,SAND-ATTACK,WHIRLWIND,GUST,1,2077,122,38,29,266,253,144,11,9103,Jolteon, ,Normal,Flying,14656,Pidgey2,Pidgey,,00:17:16.18,00:17:23.26,01:08:02.11,26,0,0,17,23,26,QUICK ATTACK,SAND-ATTACK,WHIRLWIND,GUST,4,14,20,6,0,0,0,0,60,70,40,38,34,34,46,7273,4944,4833,3578,3578,5525,15,15,15,15,0,0,0,0,0,0,0,45,38,34,34,46,246910,70669,168844,5390,2007,1,0,0,2077,2077,0,0,122,67,38,29,1,0,4501,3180,326,326,247,41,93,0,0,0,0,0,26,0,2,0,0,2,0,0,0,0,0,0,0,0,0,0,0,0,2,1,0,0,0,0,0,0,8,0,0,0,0,108,14521,0,0,0,0,10,13,0,0,0,2,0,2,0,Jolteon
4-13,16:04:12,NINTEN,Pidgey,Jr Trainer M,2,Route 25,2,17:36.05,17:36,0h17m36s,0,0,0,26,1:08,7.968,QUICK ATTACK,SAND-ATTACK,WHIRLWIND,GUST,1,2086,126,39,29,270,256,145,11,9328,Jolteon, ,Normal,Flying,15013,Pidgey2,Pidgey,,00:17:27.98,00:17:36.05,01:08:52.39,26,0,0,17,36,5,QUICK ATTACK,SAND-ATTACK,WHIRLWIND,GUST,3,14,20,4,0,0,0,0,56,70,40,38,34,34,46,7338,5060,4912,3643,3643,5652,15,15,15,15,0,0,0,0,0,0,0,45,38,34,34,46,249938,71022,171519,5390,2007,1,0,0,2086,2086,0,0,126,68,39,29,1,0,4600,3250,330,330,250,41,94,0,0,0,0,0,26,0,2,0,0,2,0,0,0,0,0,0,0,0,0,0,0,0,2,1,0,0,0,0,0,0,8,0,0,0,0,110,14878,0,0,0,0,10,13,0,0,0,2,0,2,0,Jolteon
4-13,16:04:28,NINTEN,Pidgey,Oddish Lass,10,Route 25,3,17:51.76,17:51,0h17m51s,0,0,0,27,1:09,10.621,QUICK ATTACK,SAND-ATTACK,WHIRLWIND,GUST,1,2101,126,40,29,274,260,146,11,9608,Jolteon, ,Normal,Flying,15598,Pidgey2,Pidgey,Oddish Lass,00:17:41.08,00:17:51.76,01:09:54.37,27,0,0,17,51,76,QUICK ATTACK,SAND-ATTACK,WHIRLWIND,GUST,3,14,20,0,0,0,0,0,56,72,42,39,36,36,48,7468,5205,5062,3828,3828,5768,15,15,15,15,0,0,0,0,0,0,0,47,39,36,36,48,253656,71515,174744,5390,2007,1,0,0,2101,2101,0,0,126,69,40,29,1,0,4776,3358,332,332,254,41,95,0,0,0,0,0,28,0,2,0,0,2,0,0,0,0,0,0,0,0,0,0,0,0,2,1,0,0,0,0,0,0,8,0,0,0,0,113,15463,0,0,0,0,10,13,0,0,0,2,0,2,0,Jolteon
4-13,16:05:22,NINTEN,Pidgey,Cerulean Rocket,5,Cerulean City,2,18:46.42,18:46,0h18m46s,0,0,0,27,1:13,19.822,QUICK ATTACK,SAND-ATTACK,WHIRLWIND,GUST,1,2242,132,41,29,285,271,155,12,9803,Jolteon, ,Normal,Flying,16287,Pidgey2,Pidgey,Rocket,00:18:26.54,00:18:46.42,01:13:30.55,27,0,0,18,46,42,QUICK ATTACK,SAND-ATTACK,WHIRLWIND,GUST,8,8,20,0,0,0,0,0,23,72,42,39,36,36,48,7598,5333,5157,3953,3953,5845,15,15,15,15,0,0,0,0,0,0,0,47,39,36,36,48,266634,77104,181246,6277,2007,1,0,0,2242,2242,0,0,132,70,41,29,1,0,4910,3461,365,365,264,45,99,0,0,0,0,0,29,0,2,0,0,2,0,0,0,0,0,0,0,0,0,0,0,0,2,1,0,0,0,0,0,0,8,0,0,0,0,115,16152,0,0,0,0,11,13,0,0,0,2,0,2,0,Jolteon
4-13,16:05:48,NINTEN,Pidgey,Swimmer,1,Cerulean City - Gym,2,19:12.09,19:12,0h19m12s,0,0,0,27,1:15,6.722,QUICK ATTACK,SAND-ATTACK,WHIRLWIND,GUST,1,2307,139,42,29,290,276,158,13,10313,Jolteon, ,Normal,Flying,16901,Pidgey2,Pidgey,,00:19:05.31,00:19:12.09,01:15:12.16,27,0,0,19,12,9,QUICK ATTACK,SAND-ATTACK,WHIRLWIND,GUST,25,15,20,35,0,0,0,0,60,72,42,39,36,36,48,7658,5438,5327,4068,4068,5945,15,15,15,15,0,0,0,0,-1,0,0,52,39,36,36,31,272715,80026,184405,6277,2007,1,0,0,2307,2307,0,0,139,71,42,29,1,0,5009,3537,377,377,269,45,101,0,0,0,0,0,29,0,3,0,0,2,0,0,0,0,0,0,0,0,0,0,0,0,2,1,0,0,0,0,0,0,8,0,0,0,0,117,16766,0,0,0,0,11,13,0,0,0,2,0,2,0,Jolteon
4-13,16:06:07,NINTEN,Pidgey,Pecking Lass,1,Cerulean City - Gym,1,19:31.17,19:31,0h19m31s,0,0,0,28,1:16,13.441,QUICK ATTACK,SAND-ATTACK,WING ATTACK,GUST,1,2315,140,43,29,292,278,159,13,10393,Jolteon, ,Normal,Flying,17352,Pidgey2,Pidgey,,00:19:17.74,00:19:31.17,01:16:08.44,28,0,0,19,31,17,QUICK ATTACK,SAND-ATTACK,WING ATTACK,GUST,23,15,35,35,0,0,0,0,56,74,43,40,37,37,50,7703,5505,5387,4118,4118,6008,15,15,15,15,0,0,0,0,0,0,0,48,40,37,37,50,276103,80461,187358,6277,2007,1,0,0,2315,2315,0,0,140,72,43,29,1,0,5064,3586,383,383,271,45,102,0,0,0,0,0,30,0,3,0,0,2,0,0,0,0,0,0,0,0,0,0,0,0,2,1,0,0,0,0,0,0,8,0,0,0,0,118,17217,0,0,0,0,11,13,0,0,0,2,0,2,0,Jolteon
4-13,16:06:29,NINTEN,Pidgey,Misty,1,Cerulean City - Gym,2,19:52.62,19:52,0h19m52s,0,0,0,28,1:17,15.139,QUICK ATTACK,SAND-ATTACK,WING ATTACK,GUST,2,2316,141,44,29,300,286,164,13,10773,Jolteon, ,Normal,Flying,18691,Pidgey2,Pidgey,Misty,00:19:37.43,00:19:52.62,01:17:52.29,28,0,0,19,52,62,QUICK ATTACK,SAND-ATTACK,WING ATTACK,GUST,16,14,35,35,0,0,0,0,23,74,43,40,37,37,50,7793,5625,5527,4288,4288,6208,15,15,15,15,0,0,0,0,0,0,0,48,40,37,37,50,282328,81017,191983,7321,2007,2,0,0,2316,2316,0,0,141,73,44,29,1,0,5179,3686,434,434,279,47,105,0,0,0,0,0,31,0,3,0,0,2,0,0,0,0,0,0,0,0,0,0,0,0,2,1,0,0,0,0,0,0,8,0,0,0,0,120,18556,0,0,0,0,11,13,0,0,0,3,0,2,0,Jolteon
4-13,16:07:11,NINTEN,Pidgey,Bug Catcher,10,Route 6,3,20:35.39,20:35,0h20m35s,0,0,0,28,1:20,10.448,QUICK ATTACK,WING ATTACK,SAND-ATTACK,GUST,2,2554,163,45,29,303,289,164,15,12852,Jolteon, ,Normal,Flying,19226,Pidgey2,Pidgey,,00:20:24.94,00:20:35.39,01:20:41.13,28,0,0,20,35,39,QUICK ATTACK,WING ATTACK,SAND-ATTACK,GUST,29,33,15,35,0,0,0,0,74,74,43,40,37,37,50,7918,5725,5622,4348,4348,6353,15,15,15,15,0,0,0,0,0,0,0,48,40,37,37,50,292452,88047,195077,7321,2007,2,0,0,2554,2554,0,0,163,74,45,29,1,0,5393,3810,434,434,282,47,105,0,0,0,0,0,32,0,3,0,0,2,0,0,0,0,0,0,0,0,0,0,0,0,2,1,0,0,0,0,0,0,8,0,0,0,0,123,19091,0,0,0,0,12,13,0,0,0,3,0,2,0,Jolteon
4-13,16:07:21,NINTEN,Pidgey,Jr Trainer M,10,Route 6,1,20:45.30,20:45,0h20m45s,0,0,0,29,1:21,5.328,QUICK ATTACK,WING ATTACK,SAND-ATTACK,GUST,2,2569,164,46,29,304,290,164,15,13012,Jolteon, ,Normal,Flying,19743,Pidgey2,Pidgey,,00:20:39.97,00:20:45.30,01:21:20.18,29,0,0,20,45,30,QUICK ATTACK,WING ATTACK,SAND-ATTACK,GUST,29,32,15,35,0,0,0,0,77,77,45,42,38,38,51,7983,5815,5672,4433,4433,6408,15,15,15,15,0,0,0,0,0,0,0,50,42,38,38,51,294797,88629,196840,7321,2007,2,0,0,2569,2569,0,0,164,75,46,29,1,0,5483,3859,434,434,283,47,105,0,0,0,0,0,33,0,3,0,0,2,0,0,0,0,0,0,0,0,0,0,0,0,2,1,0,0,0,0,0,0,8,0,0,0,0,124,19608,0,0,0,0,12,13,0,0,0,3,0,2,0,Jolteon
4-13,16:07:33,NINTEN,Pidgey,Jr Trainer F,25,Route 6,1,20:56.86,20:56,0h20m56s,0,0,0,29,1:22,7.212,QUICK ATTACK,WING ATTACK,SAND-ATTACK,GUST,2,2570,166,47,29,307,293,166,15,13332,Jolteon, ,Normal,Flying,20115,Pidgey2,Pidgey,,00:20:49.65,00:20:56.86,01:22:05.51,29,0,0,20,56,86,QUICK ATTACK,WING ATTACK,SAND-ATTACK,GUST,26,32,15,35,0,0,0,0,77,77,45,42,38,38,51,8033,5865,5767,4473,4473,6443,15,15,15,15,-1,-1,0,0,0,0,0,36,27,38,38,51,297530,88852,199350,7321,2007,2,0,0,2570,2570,0,0,166,76,47,29,1,0,5537,3912,434,434,286,47,107,0,0,0,0,0,34,0,3,0,0,2,0,0,0,0,0,0,0,0,0,0,0,0,2,1,0,0,0,0,0,0,8,0,0,0,0,125,19980,0,0,0,0,12,13,0,0,0,3,0,2,0,Jolteon
4-13,16:07:42,NINTEN,Pidgey,Bug Catcher,11,Route 6,1,21:05.63,21:05,0h21m5s,0,0,0,29,1:22,4.678,QUICK ATTACK,WING ATTACK,SAND-ATTACK,GUST,2,2581,166,48,29,308,294,166,15,13732,Jolteon, ,Normal,Flying,20800,Pidgey2,Pidgey,,00:21:00.95,00:21:05.63,01:22:40.25,29,0,0,21,5,63,QUICK ATTACK,WING ATTACK,SAND-ATTACK,GUST,26,31,15,35,0,0,0,0,77,77,45,42,38,38,51,8093,5910,5817,4553,4553,6513,15,15,15,15,0,0,0,0,0,0,0,50,42,38,38,51,299604,89311,200965,7321,2007,2,0,0,2581,2581,0,0,166,77,48,29,1,0,5622,3969,434,434,287,47,107,0,0,0,0,0,35,0,3,0,0,2,0,0,0,0,0,0,0,0,0,0,0,0,2,1,0,0,0,0,0,0,8,0,0,0,0,126,20665,0,0,0,0,12,13,0,0,0,3,0,2,0,Jolteon
4-13,16:07:56,NINTEN,Pidgey,Sandy,3,Route 6,3,21:20.23,21:20,0h21m20s,0,0,0,29,1:23,11.368,QUICK ATTACK,WING ATTACK,SAND-ATTACK,GUST,2,2589,166,49,29,313,299,168,15,13932,Jolteon, ,Normal,Flying,21361,Pidgey2,Pidgey,,00:21:08.86,00:21:20.23,01:23:37.59,29,0,0,21,20,23,QUICK ATTACK,WING ATTACK,SAND-ATTACK,GUST,21,31,15,35,0,0,0,0,65,77,45,42,38,38,51,8213,6045,5937,4658,4658,6681,15,15,15,15,0,0,0,0,0,0,0,50,42,38,38,51,303058,89579,204151,7321,2007,2,0,0,2589,2589,0,0,166,78,49,29,1,0,5822,4092,446,446,292,47,109,0,0,0,0,0,35,0,3,0,0,2,0,0,0,0,0,0,0,0,0,0,0,0,2,1,0,0,0,0,0,0,8,0,0,0,0,129,21226,0,0,0,0,12,13,0,0,0,3,0,2,0,Jolteon
4-13,16:08:09,NINTEN,Pidgey,Jr Trainer M,5,Route 6,2,21:32.72,21:32,0h21m32s,0,0,0,30,1:24,9.523,QUICK ATTACK,WING ATTACK,SAND-ATTACK,GUST,2,2592,166,50,29,316,302,169,15,14252,Jolteon, ,Normal,Flying,21956,Pidgey2,Pidgey,,00:21:23.19,00:21:32.72,01:24:27.12,30,0,0,21,32,72,QUICK ATTACK,WING ATTACK,SAND-ATTACK,GUST,19,31,15,34,0,0,0,0,59,79,46,43,40,40,53,8308,6186,6027,4739,4739,6848,15,15,15,15,0,0,0,0,0,0,0,51,43,40,40,53,306011,89785,206898,7321,2007,2,0,0,2592,2592,0,0,166,79,50,29,1,0,5942,4179,454,454,295,47,110,0,0,0,0,0,36,0,3,0,0,2,0,0,0,0,0,0,0,0,0,0,0,0,2,1,0,0,0,0,0,0,8,0,0,0,0,131,21821,0,0,0,0,12,13,0,0,0,3,0,2,0,Jolteon
4-13,16:08:39,NINTEN,Pidgey,Youngster,9,Route 11,1,22:02.75,22:02,0h22m2s,0,0,0,30,1:26,5.628,QUICK ATTACK,WING ATTACK,SAND-ATTACK,GUST,2,2687,174,51,29,318,304,170,17,3022,Jolteon, ,Normal,Flying,22235,Pidgey2,Pidgey,,00:21:57.13,00:22:02.75,01:26:26.00,30,0,0,22,2,75,QUICK ATTACK,WING ATTACK,SAND-ATTACK,GUST,17,31,15,34,0,0,0,0,54,79,46,43,40,40,53,8343,6246,6071,4779,4779,6903,15,15,15,15,0,0,0,0,0,0,0,51,43,40,40,53,313139,94780,209031,7321,2007,2,0,0,2687,2687,0,0,174,80,51,29,1,0,6006,4228,459,459,297,47,111,0,0,0,0,0,36,0,3,0,0,2,0,0,0,0,0,0,0,0,0,0,0,0,2,1,0,0,0,0,0,0,8,0,0,0,0,132,22100,0,0,0,0,12,31,0,0,0,3,0,2,0,Jolteon
4-13,16:08:55,NINTEN,Pidgey,Gambler,1,Route 11,2,22:19.43,22:19,0h22m19s,0,0,0,30,1:27,12.84,QUICK ATTACK,WING ATTACK,SAND-ATTACK,GUST,2,2700,174,52,29,324,308,174,17,3337,Jolteon, ,Normal,Flying,22851,Pidgey2,Pidgey,,00:22:06.59,00:22:19.43,01:27:31.51,30,0,0,22,19,43,QUICK ATTACK,WING ATTACK,SAND-ATTACK,GUST,16,28,15,34,0,0,0,0,43,79,46,43,40,40,53,8413,6336,6181,4889,4889,7053,15,15,15,15,0,0,0,0,0,0,0,51,43,40,40,53,317090,95187,212575,7321,2007,2,0,0,2700,2700,0,0,174,81,52,29,1,0,6124,4314,470,470,301,47,115,0,0,0,0,0,36,0,3,0,0,2,0,0,0,0,0,0,0,0,0,0,0,0,2,1,0,0,0,0,0,0,9,0,0,0,0,134,22716,0,0,0,0,12,31,0,0,0,3,0,2,0,Jolteon
4-13,16:09:08,NINTEN,Pidgey,Gambler,2,Route 11,2,22:31.97,22:31,0h22m31s,0,0,0,30,1:28,6.905,QUICK ATTACK,WING ATTACK,SAND-ATTACK,GUST,2,2733,175,53,29,326,310,174,17,4597,Jolteon, ,Normal,Flying,23475,Pidgey2,Pidgey,,00:22:25.07,00:22:31.97,01:28:21.19,30,0,0,22,31,97,QUICK ATTACK,WING ATTACK,SAND-ATTACK,GUST,16,26,15,34,0,0,0,0,43,79,46,43,40,40,53,8508,6461,6271,5034,5034,7123,15,15,15,15,0,0,0,0,0,0,0,51,43,40,40,53,320058,96031,214699,7321,2007,2,0,0,2733,2733,0,0,175,82,53,29,1,0,6245,4409,470,470,303,47,115,0,0,0,0,0,36,0,3,0,0,2,0,0,0,0,0,0,0,0,0,0,0,0,2,1,0,0,0,0,0,0,9,0,0,0,0,136,23340,0,0,0,0,12,31,0,0,0,3,0,2,0,Jolteon
4-13,16:09:23,NINTEN,Pidgey,Youngster,12,Route 11,2,22:47.21,22:47,0h22m47s,0,0,0,30,1:29,12.087,QUICK ATTACK,WING ATTACK,SAND-ATTACK,GUST,2,2737,175,54,29,330,314,176,17,5857,Jolteon, ,Normal,Flying,24160,Pidgey2,Pidgey,,00:22:35.12,00:22:47.21,01:29:21.25,30,0,0,22,47,21,QUICK ATTACK,WING ATTACK,SAND-ATTACK,GUST,14,24,15,34,0,0,0,0,28,79,46,43,40,40,53,8615,6590,6368,5129,5129,7238,15,15,15,15,0,0,0,0,0,0,0,51,43,40,40,53,323664,96293,218043,7321,2007,2,0,0,2737,2737,0,0,175,83,54,29,1,0,6387,4508,485,485,307,47,117,0,0,0,0,0,37,0,3,0,0,2,0,0,0,0,0,0,0,0,0,0,0,0,2,1,0,0,0,0,0,0,9,0,0,0,0,138,24025,0,0,0,0,12,31,0,0,0,3,0,2,0,Jolteon
4-13,16:09:38,NINTEN,Pidgey,Engineer,2,Route 11,1,23:01.49,23:01,0h23m1s,0,0,0,31,1:30,6.563,QUICK ATTACK,WING ATTACK,SAND-ATTACK,GUST,2,2757,175,55,29,332,316,177,16,6127,Jolteon, ,Normal,Flying,24560,Pidgey2,Pidgey,,00:22:54.93,00:23:01.49,01:30:17.28,31,0,0,23,1,49,QUICK ATTACK,WING ATTACK,SAND-ATTACK,GUST,12,24,15,34,0,0,0,0,51,82,48,45,41,41,55,8640,6625,6438,5224,5224,7283,15,15,15,15,0,0,0,0,0,0,0,54,45,41,41,55,327027,96939,220093,7988,2007,2,0,0,2757,2757,0,0,175,84,55,29,1,0,6432,4552,505,505,309,47,118,0,0,0,0,0,37,0,3,0,0,2,0,0,0,0,0,0,0,0,0,0,0,0,2,1,0,0,0,0,0,0,9,0,0,0,0,139,24425,0,0,0,0,12,31,0,0,0,3,0,2,0,Jolteon
4-13,16:10:04,NINTEN,Pidgey,Engineer,3,Route 11,3,23:28.00,23:28,0h23m28s,0,0,0,31,1:32,16.336,QUICK ATTACK,WING ATTACK,SAND-ATTACK,GUST,2,2769,176,56,29,339,323,181,16,7177,Jolteon, ,Normal,Flying,25865,Pidgey2,Pidgey,,00:23:11.65,00:23:28.00,01:32:01.57,31,0,0,23,28,0,QUICK ATTACK,WING ATTACK,SAND-ATTACK,GUST,12,24,15,27,0,0,0,0,20,82,48,45,41,41,55,8740,6755,6673,5534,5534,7443,15,15,15,15,0,0,0,0,0,0,0,54,45,41,41,55,333296,97337,224758,9194,2007,2,0,0,2769,2769,0,0,176,85,56,29,1,0,6606,4678,567,567,316,47,122,0,0,0,0,0,37,0,3,0,0,2,0,0,0,0,0,0,0,0,0,0,0,0,2,1,0,0,0,0,0,0,9,0,0,0,0,142,25730,0,0,0,0,12,31,0,0,0,3,0,2,0,Jolteon
4-13,16:10:20,NINTEN,Pidgey,Gambler,3,Route 11,2,23:44.28,23:44,0h23m44s,0,0,0,31,1:33,9.871,QUICK ATTACK,WING ATTACK,SAND-ATTACK,GUST,2,2782,177,57,29,343,327,183,16,8077,Jolteon, ,Normal,Flying,26603,Pidgey2,Pidgey,,00:23:34.41,00:23:44.28,01:33:06.05,31,0,0,23,44,28,QUICK ATTACK,WING ATTACK,SAND-ATTACK,GUST,8,24,15,27,0,0,0,0,64,82,48,45,41,41,55,8805,6820,6793,5684,5684,7588,15,15,15,15,0,-2,0,0,0,0,0,60,22,41,41,55,337144,97866,227601,9670,2007,2,0,0,2782,2782,0,0,177,86,57,29,1,0,6739,4762,573,573,320,47,124,0,0,0,0,0,37,0,3,0,0,2,0,0,0,0,0,0,0,0,0,0,0,0,2,1,0,0,0,0,0,0,9,0,0,0,0,144,26468,0,0,0,0,12,31,0,0,0,3,0,2,0,Jolteon
4-13,16:10:36,NINTEN,Pidgey,Youngster,11,Route 11,3,24:00.25,24:00,0h24m0s,0,0,0,32,1:34,12.975,QUICK ATTACK,WING ATTACK,SAND-ATTACK,GUST,2,2784,177,58,29,347,331,186,16,9337,Jolteon, ,Normal,Flying,27438,Pidgey2,Pidgey,,00:23:47.27,00:24:00.25,01:34:09.02,32,0,0,24,0,25,QUICK ATTACK,WING ATTACK,SAND-ATTACK,GUST,7,24,15,24,0,0,0,0,25,84,50,46,43,43,57,8920,7013,6923,5784,5784,7829,15,15,15,15,0,0,0,0,0,0,0,56,46,43,43,57,340921,98080,231164,9670,2007,2,0,0,2784,2784,0,0,177,87,58,29,1,0,6885,4888,614,614,324,47,127,0,0,0,0,0,37,0,4,0,0,2,0,0,0,0,0,0,0,0,0,0,0,0,2,1,0,0,0,0,0,0,9,0,0,0,0,147,27303,0,0,0,0,12,31,0,0,0,3,0,2,0,Jolteon
4-13,16:10:57,NINTEN,Pidgey,Gambler,4,Route 11,2,24:21.12,24:21,0h24m21s,0,0,0,32,1:35,8.192,QUICK ATTACK,WING ATTACK,SAND-ATTACK,GUST,2,2799,177,59,30,351,335,187,16,9592,Jolteon, ,Normal,Flying,28154,Pidgey2,Pidgey,,00:24:12.93,00:24:21.12,01:35:31.04,32,0,0,24,21,12,QUICK ATTACK,WING ATTACK,SAND-ATTACK,GUST,5,24,15,22,0,0,0,0,75,84,50,46,43,43,57,9043,7180,7043,5924,5924,8026,15,15,15,15,0,0,0,0,0,0,0,56,46,43,43,57,345843,98662,235022,10152,2007,2,0,0,2799,2799,0,0,177,89,59,30,1,0,7098,5019,614,614,328,47,127,0,0,0,0,0,39,0,4,0,0,2,0,0,0,0,0,0,0,0,0,0,0,0,2,1,0,0,0,0,0,0,9,0,0,0,0,150,28019,0,0,0,0,12,31,0,0,0,3,0,2,0,Jolteon
4-13,16:11:14,NINTEN,Pidgey,Youngster,10,Route 11,2,24:38.21,24:38,0h24m38s,0,0,0,32,1:36,11.135,QUICK ATTACK,WING ATTACK,SAND-ATTACK,GUST,2,2840,179,60,30,356,340,190,16,10852,Jolteon, ,Normal,Flying,28751,Pidgey2,Pidgey,,00:24:27.08,00:24:38.21,01:36:38.37,32,0,0,24,38,21,QUICK ATTACK,WING ATTACK,SAND-ATTACK,GUST,5,24,15,17,0,0,0,0,68,84,50,46,43,43,57,9133,7300,7163,5994,5994,8121,15,15,15,15,0,0,0,0,0,0,0,56,46,43,43,57,349896,99585,238152,10152,2007,2,0,0,2840,2840,0,0,179,90,60,30,1,0,7255,5118,621,621,333,48,129,0,0,0,0,0,39,0,4,0,0,2,0,0,0,0,0,0,0,0,0,0,0,0,2,1,0,0,0,0,0,0,9,0,0,0,0,152,28616,0,0,0,0,12,31,0,0,0,3,0,2,0,Jolteon
4-13,16:11:35,NINTEN,Pidgey,Gentleman,1,SS Anne,2,24:59.08,24:59,0h24m59s,0,0,0,32,1:38,8.989,QUICK ATTACK,WING ATTACK,SAND-ATTACK,GUST,2,2931,191,61,30,360,344,192,16,11137,Jolteon, ,Normal,Flying,29453,Pidgey2,Pidgey,,00:24:50.09,00:24:59.08,01:38:00.51,32,0,0,24,59,8,QUICK ATTACK,WING ATTACK,SAND-ATTACK,GUST,5,24,15,13,0,0,0,0,68,84,50,46,43,43,57,9243,7440,7253,6094,6094,8241,15,15,15,15,0,0,0,0,0,0,0,56,46,43,43,57,354830,101992,240679,10152,2007,2,0,0,2931,2931,0,0,191,91,61,30,1,0,7404,5218,621,621,337,48,129,0,0,0,0,0,39,0,4,0,0,2,0,0,0,0,0,0,0,0,0,0,0,0,2,1,0,0,0,0,0,0,9,0,0,0,0,154,29318,0,0,0,0,12,31,0,0,0,3,0,2,0,Jolteon
4-13,16:11:56,NINTEN,Pidgey,Sailor,4,SS Anne,3,25:20.45,25:20,0h25m20s,0,0,0,33,1:39,13.621,QUICK ATTACK,WING ATTACK,SAND-ATTACK,GUST,2,2968,191,62,30,366,350,195,17,12397,Jolteon, ,Normal,Flying,30488,Pidgey2,Pidgey,,00:25:06.83,00:25:20.45,01:39:24.48,33,0,0,25,20,45,QUICK ATTACK,WING ATTACK,SAND-ATTACK,GUST,5,24,15,7,0,0,0,0,62,87,51,48,44,44,59,9343,7585,7458,6309,6309,8411,15,15,15,15,0,0,0,0,0,0,0,57,48,44,44,59,359867,103397,244311,10152,2007,2,0,0,2968,2968,0,0,191,92,62,30,1,0,7555,5339,630,630,342,49,131,0,0,0,0,0,39,0,4,0,0,2,0,0,0,0,0,0,0,0,0,0,0,0,2,1,0,0,0,0,0,0,9,0,0,0,0,157,30353,0,0,0,0,13,31,0,0,0,3,0,2,0,Jolteon
4-13,16:12:08,NINTEN,Pidgey,Sailor,3,SS Anne,1,25:31.70,25:31,0h25m31s,0,0,0,33,1:40,6.878,QUICK ATTACK,WING ATTACK,SAND-ATTACK,GUST,2,2970,192,63,30,369,353,197,17,12907,Jolteon, ,Normal,Flying,30924,Pidgey2,Pidgey,,00:25:24.83,00:25:31.70,01:40:09.11,33,0,0,25,31,70,QUICK ATTACK,WING ATTACK,SAND-ATTACK,GUST,5,24,15,4,0,0,0,0,56,87,51,48,44,44,59,9373,7650,7558,6354,6354,8451,15,15,15,15,0,0,0,0,0,0,0,57,48,44,44,59,362530,103711,246660,10152,2007,2,0,0,2970,2970,0,0,192,93,63,30,1,0,7616,5385,636,636,345,50,132,0,0,0,0,0,39,0,4,0,0,2,0,0,0,0,0,0,0,0,0,0,0,0,2,1,0,0,0,0,0,0,9,0,0,0,0,158,30789,0,0,0,0,13,31,0,0,0,3,0,2,0,Jolteon
4-13,16:12:25,NINTEN,Pidgey,Sailor,6,SS Anne,3,25:48.81,25:48,0h25m48s,0,0,0,33,1:41,12.982,QUICK ATTACK,WING ATTACK,SAND-ATTACK,GUST,2,2980,193,64,30,374,358,199,17,13537,Jolteon, ,Normal,Flying,31827,Pidgey2,Pidgey,,00:25:35.83,00:25:48.81,01:41:16.32,33,0,0,25,48,81,QUICK ATTACK,WING ATTACK,SAND-ATTACK,GUST,4,24,15,0,0,0,0,0,46,87,51,48,44,44,59,9463,7770,7768,6564,6564,8631,15,15,15,15,0,0,0,0,0,0,0,57,48,44,44,59,366571,104264,250148,10152,2007,2,0,0,2980,2980,0,0,193,94,64,30,1,0,7817,5502,646,646,350,50,134,0,0,0,0,0,41,0,4,0,0,2,0,0,0,0,0,0,0,0,0,0,0,0,2,1,0,0,0,0,0,0,9,0,0,0,0,161,31692,0,0,0,0,13,31,0,0,0,3,0,2,0,Jolteon
4-13,16:12:49,NINTEN,Pidgey,Sailor,5,SS Anne,2,26:12.89,26:12,0h26m12s,0,0,0,33,1:42,8.291,QUICK ATTACK,WING ATTACK,SAND-ATTACK,GUST,2,2994,197,65,30,377,361,200,15,14047,Jolteon, ,Normal,Flying,32640,Pidgey2,Pidgey,,00:26:04.59,00:26:12.89,01:42:51.22,33,0,0,26,12,89,QUICK ATTACK,WING ATTACK,SAND-ATTACK,GUST,12,23,15,0,0,0,0,0,78,87,51,48,44,44,59,9533,7855,7858,6734,6734,8786,15,15,15,15,0,0,0,0,0,0,0,57,48,44,44,59,372261,104977,252507,12770,2007,2,0,0,2994,2994,0,0,197,95,65,30,1,0,7938,5588,655,655,353,50,135,0,0,0,0,0,41,0,4,0,0,2,0,0,0,0,0,0,0,0,0,0,0,0,2,1,0,0,0,0,0,0,9,0,0,0,0,163,32505,0,0,0,0,14,31,0,0,0,3,0,2,0,Jolteon
4-13,16:13:09,NINTEN,Pidgey,Fisher,2,SS Anne,3,26:32.59,26:32,0h26m32s,0,0,0,34,1:44,14.769,QUICK ATTACK,WING ATTACK,SAND-ATTACK,GUST,2,3008,200,66,30,382,366,202,16,14587,Jolteon, ,Normal,Flying,33759,Pidgey2,Pidgey,,00:26:17.82,00:26:32.59,01:44:09.03,34,0,0,26,32,59,QUICK ATTACK,WING ATTACK,SAND-ATTACK,GUST,10,20,15,0,0,0,0,0,70,89,53,49,46,46,61,9633,8005,8048,6949,6949,8981,15,15,15,15,0,0,0,0,0,0,0,59,49,46,46,61,376922,105728,256417,12770,2007,2,0,0,3008,3008,0,0,200,96,66,30,1,0,8144,5709,665,665,358,50,137,0,0,0,0,0,43,0,5,0,0,2,0,0,0,0,0,0,0,0,0,0,0,0,2,1,0,0,0,0,0,0,9,0,0,0,0,166,33624,0,0,0,0,15,31,0,0,0,3,0,2,0,Jolteon
4-13,16:13:17,NINTEN,Pidgey,Sailor,7,SS Anne,1,26:41.25,26:41,0h26m41s,0,0,0,34,1:44,4.462,QUICK ATTACK,WING ATTACK,SAND-ATTACK,GUST,2,3010,200,67,30,383,367,202,16,15182,Jolteon, ,Normal,Flying,34135,Pidgey2,Pidgey,,00:26:36.80,00:26:41.25,01:44:43.06,34,0,0,26,41,25,QUICK ATTACK,WING ATTACK,SAND-ATTACK,GUST,10,19,15,0,0,0,0,0,70,89,53,49,46,46,61,9703,8085,8098,6984,6984,9016,15,15,15,15,0,0,0,0,0,0,0,59,49,46,46,61,378965,105972,258216,12770,2007,2,0,0,3010,3010,0,0,200,97,67,30,1,0,8209,5770,665,665,359,50,137,0,0,0,0,0,43,0,5,0,0,2,0,0,0,0,0,0,0,0,0,0,0,0,2,1,0,0,0,0,0,0,9,0,0,0,0,167,34000,0,0,0,0,15,31,0,0,0,3,0,2,0,Jolteon
4-13,16:13:33,NINTEN,Pidgey,Gentleman,2,SS Anne,2,26:57.30,26:57,0h26m57s,0,0,0,34,1:45,8.2,QUICK ATTACK,WING ATTACK,SAND-ATTACK,GUST,2,3062,202,68,30,386,370,203,16,15782,Jolteon, ,Normal,Flying,34618,Pidgey2,Pidgey,,00:26:49.10,00:26:57.30,01:45:46.12,34,0,0,26,57,30,QUICK ATTACK,WING ATTACK,SAND-ATTACK,GUST,10,16,15,0,0,0,0,0,62,89,53,49,46,46,61,9804,8189,8190,7064,7064,9107,15,15,15,15,0,0,0,0,0,0,0,59,49,46,46,61,382751,107409,260565,12770,2007,2,0,0,3062,3062,0,0,202,98,68,30,1,0,8334,5871,673,673,362,50,138,0,0,0,0,0,44,0,5,0,0,2,0,0,0,0,0,0,0,0,0,0,0,0,2,1,0,0,0,0,0,0,9,0,0,0,0,169,34483,0,0,0,0,15,31,0,0,0,3,0,2,0,Jolteon
4-13,16:13:49,NINTEN,Pidgey,Youngster,8,SS Anne,1,27:13.01,27:13,0h27m13s,0,0,0,34,1:46,5.84,QUICK ATTACK,WING ATTACK,SAND-ATTACK,GUST,2,3099,219,69,30,388,372,204,16,17112,Jolteon, ,Normal,Flying,34888,Pidgey2,Pidgey,,00:27:07.17,00:27:13.01,01:46:47.44,34,0,0,27,13,1,QUICK ATTACK,WING ATTACK,SAND-ATTACK,GUST,9,15,15,0,0,0,0,0,53,89,53,49,46,46,61,9850,8246,8230,7104,7104,9157,15,15,15,15,0,0,0,0,0,0,0,59,49,46,46,61,386443,109295,262371,12770,2007,2,0,0,3099,3099,0,0,219,99,69,30,1,0,8412,5924,682,682,364,50,139,0,0,0,0,0,44,0,6,0,0,2,0,0,0,0,0,0,0,0,0,0,0,0,2,1,0,0,0,0,0,0,9,0,0,0,0,170,34753,0,0,0,0,15,31,0,0,0,3,0,2,0,Jolteon
4-13,16:14:01,NINTEN,Pidgey,Lass,11,SS Anne,2,27:24.83,27:24,0h27m24s,0,0,0,34,1:47,9.046,QUICK ATTACK,WING ATTACK,SAND-ATTACK,GUST,2,3101,220,70,30,391,375,205,16,17427,Jolteon, ,Normal,Flying,35325,Pidgey2,Pidgey,,00:27:15.79,00:27:24.83,01:47:34.19,34,0,0,27,24,83,QUICK ATTACK,WING ATTACK,SAND-ATTACK,GUST,7,14,15,0,0,0,0,0,49,89,53,49,46,46,61,9945,8338,8322,7179,7179,9254,15,15,15,15,0,0,0,0,0,0,0,59,49,46,46,61,389238,109545,264916,12770,2007,2,0,0,3101,3101,0,0,220,100,70,30,1,0,8529,6019,686,686,367,50,140,0,0,0,0,0,44,0,6,0,0,2,0,0,0,0,0,0,0,0,0,0,0,0,2,1,0,0,0,0,0,0,9,0,0,0,0,172,35190,0,0,0,0,15,31,0,0,0,3,0,2,0,Jolteon
4-13,16:14:21,NINTEN,Pidgey,Sailor,2,SS Anne,2,27:45.26,27:45,0h27m45s,0,0,0,34,1:48,6.874,QUICK ATTACK,WING ATTACK,SAND-ATTACK,GUST,2,3175,246,71,30,393,377,205,17,17697,Jolteon, ,Normal,Flying,36026,Pidgey2,Pidgey,,00:27:38.39,00:27:45.26,01:48:54.32,34,0,0,27,45,26,QUICK ATTACK,WING ATTACK,SAND-ATTACK,GUST,7,12,15,0,0,0,0,0,49,89,53,49,46,46,61,10055,8458,8407,7314,7314,9359,15,15,15,15,0,0,0,0,0,0,0,59,49,46,46,61,394051,112294,266980,12770,2007,2,0,0,3175,3175,0,0,246,101,71,30,1,0,8655,6115,686,686,369,50,140,0,0,0,0,0,44,0,6,0,0,2,0,0,0,0,0,0,0,0,0,0,0,0,2,1,0,0,0,0,0,0,9,0,0,0,0,174,35891,0,0,0,0,16,31,0,0,0,3,0,2,0,Jolteon
4-13,16:14:38,NINTEN,Pidgey,Sailor,1,SS Anne,2,28:01.65,28:01,0h28m1s,0,0,0,35,1:49,10.537,QUICK ATTACK,WING ATTACK,SAND-ATTACK,GUST,2,3200,255,72,30,397,381,207,17,18207,Jolteon, ,Normal,Flying,36738,Pidgey2,Pidgey,,00:27:51.11,00:28:01.65,01:49:59.16,35,0,0,28,1,65,QUICK ATTACK,WING ATTACK,SAND-ATTACK,GUST,7,8,15,0,0,0,0,0,52,92,55,51,47,47,63,10155,8603,8557,7394,7394,9434,15,15,15,15,0,0,0,0,0,0,0,61,51,47,47,63,397935,113279,269879,12770,2007,2,0,0,3200,3200,0,0,255,102,72,30,1,0,8776,6212,686,686,373,51,140,0,0,0,0,0,44,0,6,0,0,2,0,0,0,0,0,0,0,0,0,0,0,0,2,1,0,0,0,0,0,0,9,0,0,0,0,176,36603,0,0,0,0,16,31,0,0,0,3,0,2,0,Jolteon
4-13,16:15:01,NINTEN,Pidgey,Fisher,1,SS Anne,3,28:24.55,28:24,0h28m24s,0,0,0,35,1:51,11.923,QUICK ATTACK,WING ATTACK,SAND-ATTACK,GUST,2,3251,267,73,30,402,386,209,17,18747,Jolteon, ,Normal,Flying,37926,Pidgey2,Pidgey,,00:28:12.63,00:28:24.55,01:51:29.15,35,0,0,28,24,55,QUICK ATTACK,WING ATTACK,SAND-ATTACK,GUST,6,4,15,0,0,0,0,0,48,92,55,51,47,47,63,10285,8777,8712,7594,7594,9630,15,15,15,15,0,0,0,0,0,0,0,61,51,47,47,63,403334,115142,273415,12770,2007,2,0,0,3251,3251,0,0,267,103,73,30,1,0,8967,6345,690,690,378,52,141,0,0,0,0,0,44,0,6,0,0,2,0,0,0,0,0,0,0,0,0,0,0,0,2,1,0,0,0,0,0,0,9,0,0,0,0,179,37791,0,0,0,0,16,31,0,0,0,3,0,2,0,Jolteon
4-13,16:15:20,NINTEN,Pidgey,Gentleman,3,SS Anne,2,28:43.76,28:43,0h28m43s,0,0,0,35,1:52,9.635,QUICK ATTACK,WING ATTACK,SAND-ATTACK,GUST,2,3253,267,74,30,406,390,211,16,19342,Jolteon, ,Normal,Flying,38828,Pidgey2,Pidgey,,00:28:34.12,00:28:43.76,01:52:44.48,35,0,0,28,43,76,QUICK ATTACK,WING ATTACK,SAND-ATTACK,GUST,12,14,15,10,0,0,0,0,72,92,55,51,47,47,63,10350,8842,8832,7744,7744,9775,15,15,15,15,0,0,0,0,0,0,0,61,51,47,47,63,407867,115457,276094,14309,2007,2,0,0,3253,3253,0,0,267,104,74,30,1,0,9102,6444,710,710,382,53,142,0,0,0,0,0,44,0,6,0,0,2,0,0,0,0,0,0,0,0,0,0,0,0,2,1,0,0,0,0,0,0,9,0,0,0,0,181,38693,0,0,0,0,16,31,0,0,0,3,0,2,0,Jolteon
4-13,16:15:33,NINTEN,Pidgey,Gentleman,5,SS Anne,2,28:56.82,28:56,0h28m56s,0,0,0,35,1:53,6.639,QUICK ATTACK,WING ATTACK,SAND-ATTACK,GUST,2,3269,270,75,30,408,392,211,17,20882,Jolteon, ,Normal,Flying,39712,Pidgey2,Pidgey,,00:28:50.19,00:28:56.82,01:53:35.55,35,0,0,28,56,82,QUICK ATTACK,WING ATTACK,SAND-ATTACK,GUST,10,14,15,10,0,0,0,0,72,92,55,51,47,47,63,10455,8997,8932,7859,7859,9925,15,15,15,15,0,0,0,0,0,0,0,61,51,47,47,63,410934,116515,278103,14309,2007,2,0,0,3269,3269,0,0,270,105,75,30,1,0,9196,6538,710,710,384,53,142,0,0,0,0,0,44,0,6,0,0,2,0,0,0,0,0,0,0,0,0,0,0,0,2,1,0,0,0,0,0,0,9,0,0,0,0,183,39577,0,0,0,0,17,31,0,0,0,3,0,2,0,Jolteon
4-13,16:15:51,NINTEN,Pidgey,Lass,12,SS Anne,1,29:15.40,29:15,0h29m15s,0,0,0,36,1:54,15.993,QUICK ATTACK,WING ATTACK,SAND-ATTACK,AGILITY,2,3270,270,76,30,410,394,212,17,22072,Jolteon, ,Normal,Flying,40037,Pidgey2,Pidgey,,00:28:59.41,00:29:15.40,01:54:49.32,36,0,0,29,15,40,QUICK ATTACK,WING ATTACK,SAND-ATTACK,AGILITY,10,14,15,30,0,0,0,0,74,94,56,52,48,48,65,10570,9042,8952,7884,7884,9945,15,15,15,15,0,0,0,0,0,0,0,63,52,48,48,65,415351,116715,282320,14309,2007,2,0,0,3270,3270,0,0,270,106,76,30,1,0,9370,6617,710,710,386,53,143,0,0,0,0,0,45,0,6,0,0,2,0,0,0,0,0,0,0,0,0,0,0,0,2,1,0,0,0,0,0,0,9,0,0,0,0,184,39902,0,0,0,0,17,31,0,0,0,3,0,2,0,Jolteon
4-13,16:16:23,NINTEN,Pidgey,Rival3-SS Anne,1,SS Anne,4,29:47.47,29:47,0h29m47s,0,0,0,36,1:56,14.379,QUICK ATTACK,WING ATTACK,SAND-ATTACK,AGILITY,3,3299,273,77,30,416,400,214,17,22372,Jolteon, ,Normal,Flying,41218,Pidgey2,Pidgey,Rival (SS Anne),00:29:33.10,00:29:47.47,01:56:55.54,36,0,0,29,47,47,QUICK ATTACK,WING ATTACK,SAND-ATTACK,AGILITY,5,13,15,30,0,0,0,0,94,94,56,52,48,48,65,10745,9288,9152,8035,8035,10182,15,15,15,15,0,0,0,0,0,0,0,63,52,48,48,65,422933,118184,286416,16326,2007,3,0,0,3299,3299,0,0,273,107,77,30,1,0,9629,6805,710,710,392,55,143,0,0,0,0,0,45,0,6,0,0,2,0,0,0,0,0,0,0,0,0,0,0,0,2,1,0,0,0,0,0,0,9,0,0,0,0,188,41083,0,0,0,0,18,31,0,0,0,4,0,2,0,Jolteon
4-13,16:17:18,NINTEN,Pidgey,Surge,1,Vermilion City - Gym,1,30:41.77,30:41,0h30m41s,0,0,0,36,2:00,8.059,QUICK ATTACK,WING ATTACK,SAND-ATTACK,AGILITY,4,3476,282,78,30,419,403,216,17,23672,Jolteon, ,Normal,Flying,41950,Pidgey2,Pidgey,Lt. Surge,00:30:33.71,00:30:41.77,02:00:30.24,36,0,0,30,41,77,QUICK ATTACK,WING ATTACK,SAND-ATTACK,AGILITY,2,13,15,30,0,0,0,0,11,94,56,52,48,48,65,10805,9378,9207,8125,8125,10282,15,15,15,15,-1,0,0,0,0,0,0,40,52,48,48,65,435803,124754,288882,20160,2007,4,0,0,3476,3476,0,0,282,108,78,30,1,0,9705,6881,793,793,395,55,145,0,0,0,0,0,45,0,6,0,0,2,0,0,0,0,0,0,0,0,0,0,0,0,2,1,0,0,0,0,0,0,9,0,0,0,0,189,41815,0,0,0,0,18,31,0,0,0,6,0,2,0,Jolteon
4-13,16:18:18,NINTEN,Pidgey,Wrapping Lass,5,Route 9,4,31:42.24,31:42,0h31m42s,0,0,0,36,2:04,11.96,QUICK ATTACK,WING ATTACK,SAND-ATTACK,AGILITY,4,3678,307,79,30,423,407,216,19,26444,Jolteon, ,Normal,Flying,43198,Pidgey2,Pidgey,RTG1 - Wrapping Lass,00:31:30.27,00:31:42.24,02:04:28.32,36,0,0,31,42,24,QUICK ATTACK,WING ATTACK,SAND-ATTACK,AGILITY,30,31,15,30,0,0,0,0,94,94,56,52,48,48,65,10995,9628,9387,8415,8415,10422,15,15,15,15,0,0,0,0,0,0,0,63,58,48,48,65,450091,133016,292309,22759,2007,4,0,0,3678,3614,64,0,307,109,79,30,1,0,10060,7071,793,793,399,55,145,0,0,0,0,0,45,0,6,0,0,2,0,0,0,0,0,0,0,0,0,0,0,0,2,1,0,0,0,0,0,0,9,0,0,0,0,193,43063,0,0,0,0,18,31,0,0,0,6,0,2,0,Jolteon
4-13,16:18:32,NINTEN,Pidgey,Youngster,14,Route 9,1,31:55.72,31:55,0h31m55s,0,0,0,36,2:05,9.265,QUICK ATTACK,WING ATTACK,SAND-ATTACK,AGILITY,4,3706,310,80,30,428,412,220,19,26804,Jolteon, ,Normal,Flying,43675,Pidgey2,Pidgey,,00:31:46.46,00:31:55.72,02:05:21.53,36,0,0,31,55,72,QUICK ATTACK,WING ATTACK,SAND-ATTACK,AGILITY,25,31,15,30,0,0,0,0,70,94,56,52,48,48,65,11045,9703,9472,8445,8445,10462,15,15,15,15,0,0,0,0,0,-2,0,78,73,48,48,65,453292,133520,295006,22759,2007,4,0,0,3706,3614,92,0,310,110,80,30,1,0,10141,7132,817,817,402,58,148,0,0,0,0,0,45,0,7,0,0,2,0,0,0,0,0,0,0,0,0,0,0,0,2,1,0,0,0,0,0,0,9,0,0,0,0,194,43540,0,0,0,0,18,31,0,0,0,6,0,2,0,Jolteon
4-13,16:18:44,NINTEN,Pidgey,Bug Catcher,13,Route 9,2,32:07.66,32:07,0h32m7s,0,0,0,37,2:06,7.912,QUICK ATTACK,WING ATTACK,SAND-ATTACK,AGILITY,4,3723,316,81,30,430,414,220,19,27164,Jolteon, ,Normal,Flying,44967,Pidgey2,Pidgey,,00:31:59.74,00:32:07.66,02:06:08.57,37,0,0,32,7,66,QUICK ATTACK,WING ATTACK,SAND-ATTACK,AGILITY,25,29,15,30,0,0,0,0,73,97,58,54,50,50,66,11175,9863,9552,8535,8535,10612,15,15,15,15,0,0,0,0,0,0,0,65,60,50,50,66,456116,133981,297369,22759,2007,4,0,0,3723,3614,109,0,316,111,81,30,1,0,10323,7244,817,817,404,58,148,0,0,0,0,0,45,0,7,0,0,2,0,0,0,0,0,0,0,0,0,0,0,0,2,1,0,0,0,0,0,0,9,0,0,0,0,196,44832,0,0,0,0,18,31,0,0,0,6,0,2,0,Jolteon
4-13,16:19:00,NINTEN,Pidgey,Bug Catcher,14,Route 9,3,32:23.74,32:23,0h32m23s,0,0,0,37,2:07,9.457,QUICK ATTACK,WING ATTACK,SAND-ATTACK,AGILITY,4,3755,320,82,30,433,417,220,19,27354,Jolteon, ,Normal,Flying,45736,Pidgey2,Pidgey,,00:32:14.28,00:32:23.74,02:07:12.18,37,0,0,32,23,74,QUICK ATTACK,WING ATTACK,SAND-ATTACK,AGILITY,25,26,15,30,0,0,0,0,73,97,58,54,50,50,66,11320,9983,9667,8615,8615,10752,15,15,15,15,0,0,0,0,0,0,0,65,60,50,50,66,459917,134702,300449,22759,2007,4,0,0,3755,3614,141,0,320,112,82,30,1,0,10594,7401,817,817,407,58,148,0,0,0,0,0,45,0,7,0,0,2,0,0,0,0,0,0,0,0,0,0,0,0,2,1,0,0,0,0,0,0,9,0,0,0,0,199,45601,0,0,0,0,18,31,0,0,0,6,0,2,0,Jolteon
4-13,16:19:19,NINTEN,Pidgey,Jr Trainer M,8,Route 9,4,32:43.24,32:43,0h32m43s,0,0,0,37,2:08,14.934,QUICK ATTACK,WING ATTACK,SAND-ATTACK,AGILITY,4,3769,323,83,30,439,423,222,19,27554,Jolteon, ,Normal,Flying,46925,Pidgey2,Pidgey,,00:32:28.30,00:32:43.24,02:08:29.16,37,0,0,32,43,24,QUICK ATTACK,WING ATTACK,SAND-ATTACK,AGILITY,25,20,15,30,0,0,0,0,66,97,58,54,50,50,66,11445,10229,9856,8755,8755,11014,15,15,15,15,0,-1,0,0,0,0,0,73,39,50,50,66,464535,135297,304472,22759,2007,4,0,0,3769,3614,155,0,323,113,83,30,1,0,10909,7575,824,824,413,58,150,0,0,0,0,0,46,0,7,0,0,2,0,0,0,0,0,0,0,0,0,0,0,0,2,1,0,0,0,0,0,0,9,0,0,0,0,203,46790,0,0,0,0,18,31,0,0,0,6,0,2,0,Jolteon
4-13,16:19:31,NINTEN,Pidgey,Jr Trainer F,6,Route 9,1,32:54.84,32:54,0h32m54s,0,0,0,37,2:09,5.724,QUICK ATTACK,WING ATTACK,SAND-ATTACK,AGILITY,4,3806,328,84,30,441,425,223,19,27934,Jolteon, ,Normal,Flying,47264,Pidgey2,Pidgey,,00:32:49.11,00:32:54.84,02:09:15.05,37,0,0,32,54,84,QUICK ATTACK,WING ATTACK,SAND-ATTACK,AGILITY,25,18,15,30,0,0,0,0,66,97,58,54,50,50,66,11485,10274,9891,8795,8795,11104,15,15,15,15,-1,0,0,0,0,0,0,42,67,50,50,66,467284,136195,306323,22759,2007,4,0,0,3806,3614,192,0,328,114,84,30,1,0,10981,7630,824,824,415,58,151,0,0,0,0,0,46,0,7,0,0,2,0,0,0,0,0,0,0,0,0,0,0,0,2,1,0,0,0,0,0,0,9,0,0,0,0,204,47129,0,0,0,0,18,31,0,0,0,6,0,2,0,Jolteon
4-13,16:19:52,NINTEN,Pidgey,Jr Trainer F,7,Route 10,2,33:15.94,33:15,0h33m15s,0,0,0,38,2:10,9.755,QUICK ATTACK,WING ATTACK,SAND-ATTACK,AGILITY,4,3869,335,85,30,445,429,225,19,28394,Jolteon, ,Normal,Flying,47880,Pidgey2,Pidgey,,00:33:06.19,00:33:15.94,02:10:38.22,38,0,0,33,15,94,QUICK ATTACK,WING ATTACK,SAND-ATTACK,AGILITY,26,35,15,30,0,0,0,0,94,100,60,56,51,51,68,11670,10364,9959,8880,8880,11159,15,15,15,15,0,0,0,0,0,0,0,67,63,51,51,68,472281,138381,309134,22759,2007,4,0,0,3869,3633,236,0,335,115,85,30,1,0,11202,7770,830,830,419,58,152,0,0,0,0,0,46,0,7,0,0,2,0,0,0,0,0,0,0,0,0,0,0,0,2,1,0,0,0,0,0,0,9,0,0,0,0,206,47745,0,0,0,0,18,31,0,0,0,6,0,2,0,Jolteon
4-13,16:20:24,NINTEN,Pidgey,Slowbone,7,Rock Tunnel - 1,2,33:47.77,33:47,0h33m47s,0,0,0,38,2:12,17.877,QUICK ATTACK,WING ATTACK,SAND-ATTACK,AGILITY,5,3901,338,86,30,454,438,232,19,28794,Jolteon, ,Normal,Flying,48794,Pidgey2,Pidgey,,00:33:29.89,00:33:47.77,02:12:44.21,38,0,0,33,47,77,QUICK ATTACK,WING ATTACK,SAND-ATTACK,AGILITY,19,35,14,29,0,0,0,0,80,100,60,56,51,51,68,11810,10479,10119,8960,8960,11209,15,15,15,15,-1,0,0,0,2,0,0,48,78,51,51,136,479840,139088,314101,24644,2007,5,0,0,3901,3633,268,0,338,116,86,30,1,0,11373,7907,844,844,427,62,155,0,0,0,0,0,46,0,7,0,0,2,0,0,0,0,0,0,0,0,0,0,0,0,2,1,0,0,0,0,0,0,9,0,0,0,0,208,48659,0,0,0,0,18,31,0,0,0,6,0,2,0,Jolteon
4-13,16:20:35,NINTEN,Pidgey,Pokemaniac,5,Rock Tunnel,1,33:59.21,33:59,0h33m59s,0,0,0,38,2:13,6.851,QUICK ATTACK,WING ATTACK,SAND-ATTACK,AGILITY,5,3939,339,87,30,457,441,234,19,29944,Jolteon, ,Normal,Flying,49323,Pidgey2,Pidgey,,00:33:52.36,00:33:59.21,02:13:29.28,38,0,0,33,59,21,QUICK ATTACK,WING ATTACK,SAND-ATTACK,AGILITY,16,35,14,29,0,0,0,0,69,100,60,56,51,51,68,11900,10544,10184,9000,9000,11224,15,15,15,15,0,0,0,0,0,0,0,67,63,51,51,68,482547,139790,316106,24644,2007,5,0,0,3939,3633,306,0,339,117,87,30,1,0,11478,7991,855,855,430,63,156,0,0,0,0,0,46,0,7,0,0,2,0,0,0,0,0,0,0,0,0,0,0,0,2,1,0,0,0,0,0,0,9,0,0,0,0,209,49188,0,0,0,0,18,31,0,0,0,6,0,2,0,Jolteon
4-13,16:20:46,NINTEN,Pidgey,Status-Condition-Jr-Trainer,10,Rock Tunnel,2,34:09.49,34:09,0h34m9s,0,0,0,38,2:14,6.999,QUICK ATTACK,WING ATTACK,SAND-ATTACK,AGILITY,5,3953,340,88,30,459,443,234,19,31194,Jolteon, ,Normal,Flying,49991,Pidgey2,Pidgey,RTG4 - Status Jr Trainer,00:34:02.49,00:34:09.49,02:14:09.57,38,0,0,34,9,49,QUICK ATTACK,WING ATTACK,SAND-ATTACK,AGILITY,16,33,14,29,0,0,0,0,69,100,60,56,51,51,68,11990,10643,10288,9140,9140,11299,15,15,15,15,0,0,0,0,0,0,0,67,63,51,51,68,484976,140183,318142,24644,2007,5,0,0,3953,3633,320,0,340,118,88,30,1,0,11637,8101,855,855,432,63,156,0,0,0,0,0,46,0,7,0,0,2,0,0,0,0,0,0,0,0,0,0,0,0,2,1,0,0,0,0,0,0,9,0,0,0,0,211,49856,0,0,0,0,18,31,0,0,0,6,0,2,0,Jolteon
4-13,16:21:26,NINTEN,Pidgey,Selfdestructing Hiker,9,Rock Tunnel,3,34:50.16,34:50,0h34m50s,0,0,0,38,2:16,20.971,QUICK ATTACK,WING ATTACK,SAND-ATTACK,AGILITY,6,4066,355,89,30,468,452,243,19,31634,Jolteon, ,Normal,Flying,51368,Pidgey2,Pidgey,,00:34:29.20,00:34:50.16,02:16:50.36,38,0,0,34,50,16,QUICK ATTACK,WING ATTACK,SAND-ATTACK,AGILITY,16,33,5,29,0,0,0,0,5,100,60,56,51,51,68,12125,10898,10603,9245,9245,11374,15,15,15,15,0,0,0,0,0,0,0,67,63,51,51,68,494615,142815,323502,26291,2007,6,0,0,4066,3633,433,0,355,119,89,30,1,0,11637,8101,950,950,441,66,159,0,0,0,0,0,46,0,7,0,0,2,0,0,0,0,0,0,0,0,0,0,0,0,2,1,0,0,0,0,0,0,9,0,0,0,0,214,51233,0,0,0,0,18,31,0,0,0,6,0,2,0,Jolteon
4-13,16:21:52,NINTEN,Pidgey,Pokemaniac,3,Rock Tunnel,3,35:16.04,35:16,0h35m16s,0,0,0,39,2:18,17.984,QUICK ATTACK,WING ATTACK,SAND-ATTACK,AGILITY,6,4078,356,90,30,475,458,247,19,32369,Jolteon, ,Normal,Flying,52637,Pidgey2,Pidgey,,00:34:58.06,00:35:16.04,02:18:32.36,39,0,0,35,16,4,QUICK ATTACK,WING ATTACK,SAND-ATTACK,AGILITY,10,33,5,29,0,0,0,0,62,102,61,58,53,53,70,12395,11093,10798,9365,9365,11419,15,15,15,15,0,0,0,0,0,0,0,68,65,53,53,70,500735,143303,328144,27281,2007,6,0,0,4078,3633,445,0,356,120,90,30,1,0,11872,8308,990,990,447,67,162,0,0,0,0,0,46,0,7,0,0,3,0,0,0,0,0,0,0,0,0,0,0,0,6,2,0,0,0,0,0,0,9,0,0,0,0,217,52502,0,0,0,0,18,31,0,0,0,6,0,2,0,Jolteon
4-13,16:22:08,NINTEN,Pidgey,Jr Trainer F,17,Rock Tunnel - 1,2,35:31.97,35:31,0h35m31s,0,0,0,39,2:19,8.329,QUICK ATTACK,WING ATTACK,SAND-ATTACK,AGILITY,6,4084,357,91,30,478,461,248,19,33369,Jolteon, ,Normal,Flying,53352,Pidgey2,Pidgey,,00:35:23.64,00:35:31.97,02:19:35.07,39,0,0,35,31,97,QUICK ATTACK,WING ATTACK,SAND-ATTACK,AGILITY,10,30,5,29,0,0,0,0,96,102,61,58,53,53,70,12515,11213,10881,9495,9495,11494,15,15,15,15,0,0,0,0,0,0,0,68,65,53,53,70,504486,143695,330810,27974,2007,6,0,0,4084,3633,451,0,357,121,91,30,1,0,12053,8431,996,996,450,67,163,0,0,0,0,0,46,0,7,0,0,3,0,0,0,0,0,0,0,0,0,0,0,0,6,2,0,0,0,0,0,0,9,0,0,0,0,219,53217,0,0,0,0,18,31,0,0,0,6,0,2,0,Jolteon
4-13,16:22:22,NINTEN,Pidgey,Jr Trainer F,19,Rock Tunnel - 1,4,35:46.41,35:46,0h35m46s,0,0,0,39,2:20,11.573,QUICK ATTACK,WING ATTACK,SAND-ATTACK,AGILITY,6,4091,357,92,30,482,465,248,19,33809,Jolteon, ,Normal,Flying,54379,Pidgey2,Pidgey,,00:35:34.84,00:35:46.41,02:20:31.59,39,0,0,35,46,41,QUICK ATTACK,WING ATTACK,SAND-ATTACK,AGILITY,10,26,5,29,0,0,0,0,96,102,61,58,53,53,70,12665,11445,11026,9650,9650,11734,15,15,15,15,0,0,0,0,0,0,0,68,65,53,53,70,507898,143993,333924,27974,2007,6,0,0,4091,3633,458,0,357,122,92,30,1,0,12327,8615,996,996,454,67,163,0,0,0,0,0,46,0,7,0,0,3,0,0,0,0,0,0,0,0,0,0,0,0,6,2,0,0,0,0,0,0,9,0,0,0,0,223,54244,0,0,0,0,18,31,0,0,0,6,0,2,0,Jolteon
4-13,16:22:39,NINTEN,Pidgey,Finisher,18,Rock Tunnel - 1,3,36:02.58,36:02,0h36m2s,0,0,0,39,2:21,10.727,QUICK ATTACK,WING ATTACK,SAND-ATTACK,AGILITY,6,4110,361,93,30,486,469,249,18,34189,Jolteon, ,Normal,Flying,55242,Pidgey2,Pidgey,RTG6 - Finisher,00:35:51.85,00:36:02.58,02:21:35.47,39,0,0,36,2,58,QUICK ATTACK,WING ATTACK,SAND-ATTACK,AGILITY,10,22,5,29,0,0,0,0,96,102,61,58,53,53,70,12790,11585,11156,9800,9800,11910,15,15,15,15,0,0,0,0,0,-1,0,76,73,53,53,70,511727,144540,336835,28345,2007,6,0,0,4110,3633,477,0,361,123,93,30,1,0,12552,8764,996,996,458,67,164,0,0,0,0,0,46,0,7,0,0,3,0,0,0,0,0,0,0,0,0,0,0,0,6,2,0,0,0,0,0,0,9,0,0,0,0,226,55107,0,0,0,0,18,31,0,0,0,6,0,2,0,Jolteon
4-13,16:22:54,NINTEN,Pidgey,Jr Trainer F,8,Route 10,2,36:18.42,36:18,0h36m18s,0,0,0,39,2:22,9.161,QUICK ATTACK,WING ATTACK,SAND-ATTACK,AGILITY,6,4146,365,94,30,490,473,251,18,34589,Jolteon, ,Normal,Flying,55997,Pidgey2,Pidgey,,00:36:09.26,00:36:18.42,02:22:38.16,39,0,0,36,18,42,QUICK ATTACK,WING ATTACK,SAND-ATTACK,AGILITY,6,22,5,29,0,0,0,0,90,102,61,58,53,53,70,12893,11690,11251,9885,9885,12037,15,15,15,15,0,0,0,0,0,0,0,68,65,53,53,70,515475,145649,339474,28345,2007,6,0,0,4146,3633,513,0,365,124,94,30,1,0,12762,8875,1002,1002,462,68,165,0,0,0,0,0,47,0,7,0,0,3,0,0,0,0,0,0,0,0,0,0,0,0,6,2,0,0,0,0,0,0,9,0,0,0,0,228,55862,0,0,0,0,19,31,0,0,0,6,0,2,0,Jolteon
4-13,16:23:12,NINTEN,Pidgey,Pokemaniac,2,Route 10,2,36:36.29,36:36,0h36m36s,0,0,0,40,2:23,12.867,QUICK ATTACK,WING ATTACK,SAND-ATTACK,AGILITY,6,4173,369,95,30,496,479,255,18,35009,Jolteon, ,Normal,Flying,56792,Pidgey2,Pidgey,RTG3 - Pokemaniac 2,00:36:23.42,00:36:36.29,02:23:48.53,40,0,0,36,36,29,QUICK ATTACK,WING ATTACK,SAND-ATTACK,AGILITY,0,22,5,29,0,0,0,0,85,105,63,59,55,55,72,13033,11805,11411,9965,9965,12087,15,15,15,15,-1,0,0,0,0,0,0,46,66,55,55,72,519712,146338,343022,28345,2007,6,0,0,4173,3633,540,0,369,125,95,30,1,0,12912,8997,1010,1010,468,70,167,0,0,0,0,0,47,0,7,0,0,3,0,0,0,0,0,0,0,0,0,0,0,0,6,2,0,0,0,0,0,0,9,0,0,0,0,230,56657,0,0,0,0,19,31,0,0,0,6,0,2,0,Jolteon
4-13,16:23:46,NINTEN,Pidgey,Lass,16,Route 8,2,37:09.56,37:09,0h37m9s,0,0,0,40,2:26,6.477,SWIFT,WING ATTACK,QUICK ATTACK,AGILITY,6,4327,398,96,30,498,481,255,18,36009,Jolteon, ,Normal,Flying,57430,Pidgey2,Pidgey,,00:37:03.08,00:37:09.56,02:26:00.08,40,0,0,37,9,56,SWIFT,WING ATTACK,QUICK ATTACK,AGILITY,18,22,0,29,0,0,0,0,85,105,63,59,55,55,72,13173,11895,11507,10085,10085,12157,15,15,15,15,0,0,0,0,0,0,0,70,66,55,55,72,527587,150258,345362,29960,2007,6,0,0,4327,3716,611,0,398,126,96,30,1,0,13061,9129,1010,1010,468,70,167,0,0,0,0,0,47,0,7,0,0,3,0,0,0,0,0,0,0,0,0,0,0,0,6,2,0,0,0,0,0,0,9,0,0,0,0,232,57295,0,0,0,0,19,31,0,0,0,7,0,2,0,Jolteon
4-13,16:23:55,NINTEN,Pidgey,Gambler,7,Route 8,2,37:18.50,37:18,0h37m18s,0,0,0,40,2:26,5.96,SWIFT,WING ATTACK,QUICK ATTACK,AGILITY,6,4331,399,97,30,500,483,255,18,36339,Jolteon, ,Normal,Flying,58222,Pidgey2,Pidgey,,00:37:12.54,00:37:18.50,02:26:35.17,40,0,0,37,18,50,SWIFT,WING ATTACK,QUICK ATTACK,AGILITY,16,22,0,29,0,0,0,0,85,105,63,59,55,55,72,13266,12006,11592,10200,10200,12282,15,15,15,15,0,0,0,0,0,0,0,70,66,55,55,72,529696,150428,347301,29960,2007,6,0,0,4331,3720,611,0,399,127,97,30,1,0,13210,9249,1010,1010,468,70,167,0,0,0,0,0,47,0,7,0,0,3,0,0,0,0,0,0,0,0,0,0,0,0,6,2,0,0,0,0,0,0,9,0,0,0,0,234,58087,0,0,0,0,19,31,0,0,0,7,0,2,0,Jolteon
4-13,16:24:07,NINTEN,Pidgey,Super Nerd,4,Route 8,3,37:31.19,37:31,0h37m31s,0,0,0,40,2:27,9.264,SWIFT,WING ATTACK,QUICK ATTACK,AGILITY,6,4342,400,98,30,504,487,256,18,38019,Jolteon, ,Normal,Flying,59807,Pidgey2,Pidgey,,00:37:21.93,00:37:31.19,02:27:25.13,40,0,0,37,31,19,SWIFT,WING ATTACK,QUICK ATTACK,AGILITY,12,22,0,29,0,0,0,0,79,105,63,59,55,55,72,13531,12271,11767,10345,10345,12382,15,15,15,15,0,0,0,0,0,0,0,70,66,55,55,72,532692,150744,349981,29960,2007,6,0,0,4342,3731,611,0,400,128,98,30,1,0,13469,9470,1016,1016,468,70,168,0,0,0,0,0,47,0,7,0,0,3,0,0,0,0,0,0,0,0,0,0,0,0,6,2,0,0,0,0,0,0,9,0,0,0,0,237,59672,0,0,0,0,19,31,0,0,0,7,0,2,0,Jolteon
4-13,16:24:26,NINTEN,Pidgey,Lass,15,Route 8,5,37:49.61,37:49,0h37m49s,0,0,0,40,2:28,14.209,SWIFT,WING ATTACK,QUICK ATTACK,AGILITY,6,4357,400,99,30,509,492,256,18,38569,Jolteon, ,Normal,Flying,61024,Pidgey2,Pidgey,,00:37:35.40,00:37:49.61,02:28:37.49,40,0,0,37,49,61,SWIFT,WING ATTACK,QUICK ATTACK,AGILITY,10,19,0,29,0,0,0,0,79,105,63,59,55,55,72,13742,12521,11969,10525,10525,12691,15,15,15,15,0,0,0,0,0,0,0,70,66,55,55,72,537048,151248,353833,29960,2007,6,0,0,4357,3746,611,0,400,129,99,30,1,0,13870,9708,1016,1016,471,70,168,0,0,0,0,0,48,0,7,0,0,3,0,0,0,0,0,0,0,0,0,0,0,0,6,2,0,0,0,0,0,0,9,0,0,0,0,242,60889,0,0,0,0,19,31,0,0,0,7,0,2,0,Jolteon
4-13,16:24:37,NINTEN,Pidgey,Lass,14,Route 8,3,38:01.07,38:01,0h38m1s,0,0,0,41,2:29,8.737,SWIFT,WING ATTACK,QUICK ATTACK,AGILITY,6,4359,400,100,30,512,495,256,18,38854,Jolteon, ,Normal,Flying,62086,Pidgey2,Pidgey,,00:37:52.33,00:38:01.07,02:29:22.53,41,0,0,38,1,7,SWIFT,WING ATTACK,QUICK ATTACK,AGILITY,7,19,0,29,0,0,0,0,81,107,65,61,56,56,74,13862,12656,12074,10645,10645,12961,15,15,15,15,0,0,0,0,0,0,0,73,68,56,56,74,539752,151409,356376,29960,2007,6,0,0,4359,3748,611,0,400,130,100,30,1,0,14134,9879,1016,1016,471,70,168,0,0,0,0,0,48,0,7,0,0,3,0,0,0,0,0,0,0,0,0,0,0,0,6,2,0,0,0,0,0,0,9,0,0,0,0,245,61951,0,0,0,0,19,31,0,0,0,7,0,2,0,Jolteon
4-13,16:24:47,NINTEN,Pidgey,Super Nerd,5,Route 8,1,38:10.86,38:10,0h38m10s,0,0,0,41,2:30,5.641,SWIFT,WING ATTACK,QUICK ATTACK,AGILITY,6,4360,400,101,30,514,497,257,18,39214,Jolteon,Poisoned,Normal,Flying,62720,Pidgey2,Pidgey,,00:38:05.22,00:38:10.86,02:30:01.21,41,0,0,38,10,86,SWIFT,WING ATTACK,QUICK ATTACK,AGILITY,5,19,0,29,0,0,0,0,75,107,65,61,56,56,74,13902,12721,12169,10705,10705,12996,15,15,15,15,0,0,0,0,0,0,0,73,68,56,56,74,542060,151614,358479,29960,2007,6,0,0,4360,3749,611,0,400,131,101,30,1,0,14211,9939,1022,1022,471,70,169,0,0,0,0,0,48,0,7,0,0,3,0,0,0,0,0,0,0,1,0,0,0,0,6,2,0,0,0,0,0,0,9,0,0,0,0,246,62585,0,0,0,0,19,31,0,0,0,7,0,2,0,Jolteon
4-13,16:25:02,NINTEN,Pidgey,Lass,13,Route 8,2,38:26.44,38:26,0h38m26s,0,0,0,41,2:31,9.006,SWIFT,WING ATTACK,QUICK ATTACK,AGILITY,6,4361,401,102,30,517,500,258,18,39864,Jolteon, ,Normal,Flying,63585,Pidgey2,Pidgey,,00:38:17.43,00:38:26.44,02:31:02.42,41,0,0,38,26,44,SWIFT,WING ATTACK,QUICK ATTACK,AGILITY,3,18,0,29,0,0,0,0,67,107,65,61,56,56,74,14027,12830,12288,10800,10800,13093,15,15,15,15,0,0,0,0,0,0,0,73,68,56,56,74,545741,151798,361111,30825,2007,6,0,0,4361,3750,611,0,401,132,102,30,1,0,14374,10068,1030,1030,472,70,170,0,0,0,0,0,48,0,7,0,0,3,0,0,0,0,0,0,0,1,0,0,0,0,6,2,0,0,0,0,0,0,9,0,0,0,0,248,63450,0,0,0,0,19,31,0,0,0,7,0,2,0,Jolteon
4-13,16:25:18,NINTEN,Pidgey,Gambler,5,Route 8,3,38:41.97,38:41,0h38m41s,0,0,0,41,2:32,10.045,SWIFT,WING ATTACK,QUICK ATTACK,AGILITY,6,4390,402,103,30,521,504,259,18,40209,Jolteon, ,Normal,Flying,64927,Pidgey2,Pidgey,,00:38:31.92,00:38:41.97,02:32:03.59,41,0,0,38,41,97,SWIFT,WING ATTACK,QUICK ATTACK,AGILITY,1,16,0,29,0,0,0,0,67,107,65,61,56,56,74,14172,12995,12433,10930,10930,13363,15,15,15,15,0,0,0,0,0,0,0,73,68,56,56,74,549418,152616,363970,30825,2007,6,0,0,4390,3779,611,0,402,133,103,30,1,0,14636,10238,1030,1030,474,70,170,0,0,0,0,0,49,0,7,0,0,3,0,0,0,0,0,0,0,1,0,0,0,0,6,2,0,0,0,0,0,0,9,0,0,0,0,251,64792,0,0,0,0,19,31,0,0,0,7,0,2,0,Jolteon
4-13,16:26:05,NINTEN,Pidgey,Rocket,7,Celadon City - Game Corner,2,39:29.32,39:29,0h39m29s,0,0,0,41,2:35,6.155,SWIFT,WING ATTACK,QUICK ATTACK,AGILITY,6,4599,412,104,30,523,506,259,17,41749,Jolteon, ,Normal,Flying,65654,Pidgey2,Pidgey,,00:39:23.16,00:39:29.32,02:35:11.00,41,0,0,39,29,32,SWIFT,WING ATTACK,QUICK ATTACK,AGILITY,18,35,30,30,0,0,0,0,107,107,65,61,56,56,74,14267,13121,12528,11020,11020,13515,15,15,15,15,0,0,0,0,0,0,0,73,68,56,56,74,560639,161337,365918,31377,2007,6,0,0,4599,3988,611,0,412,134,104,30,1,0,14882,10342,1030,1030,474,70,170,0,0,0,0,0,50,0,7,0,0,3,0,0,0,0,0,0,0,1,0,0,0,0,6,2,0,0,0,0,0,0,9,0,0,0,0,253,65519,0,0,0,0,22,31,0,0,0,7,0,2,0,Jolteon
4-13,16:26:31,NINTEN,Pidgey,Rocket,13,Rocket Hideout 2,5,39:55.39,39:55,0h39m55s,0,0,0,42,2:36,15.18,SWIFT,WING ATTACK,QUICK ATTACK,AGILITY,6,4655,417,105,30,528,511,259,17,42349,Jolteon, ,Normal,Flying,67208,Pidgey2,Pidgey,,00:39:40.20,00:39:55.39,02:36:53.46,42,0,0,39,55,39,SWIFT,WING ATTACK,QUICK ATTACK,AGILITY,16,32,30,30,0,0,0,0,110,110,67,62,57,57,76,14522,13437,12803,11250,11250,13782,15,15,15,15,0,0,0,0,0,0,0,75,69,57,57,76,566805,163434,369987,31377,2007,6,0,0,4655,4044,611,0,417,135,105,30,1,0,15216,10575,1030,1030,477,70,170,0,0,0,0,0,50,0,7,0,0,3,0,0,0,0,0,0,0,1,0,0,0,0,6,2,0,0,0,0,0,0,9,0,0,0,0,258,67073,0,0,0,0,23,31,0,0,0,7,0,2,0,Jolteon
4-13,16:26:58,NINTEN,Pidgey,Rocket,15,Rocket Hideout 3,2,40:22.17,40:22,0h40m22s,0,0,0,42,2:38,6.877,SWIFT,WING ATTACK,QUICK ATTACK,AGILITY,6,4765,428,106,30,530,513,259,18,42859,Jolteon, ,Normal,Flying,68000,Pidgey2,Pidgey,,00:40:15.29,00:40:22.17,02:38:39.47,42,0,0,40,22,17,SWIFT,WING ATTACK,QUICK ATTACK,AGILITY,16,30,30,30,0,0,0,0,110,110,67,62,57,57,76,14662,13597,12903,11320,11320,13852,15,15,15,15,0,0,0,0,0,0,0,75,69,57,57,76,573166,167377,372405,31377,2007,6,0,0,4765,4154,611,0,428,136,106,30,1,0,15397,10701,1030,1030,479,70,170,0,0,0,0,0,50,0,7,0,0,3,0,0,0,0,0,0,0,1,0,0,0,0,6,2,0,0,0,0,0,0,9,0,0,0,0,260,67865,0,0,0,0,25,31,0,0,0,7,0,2,0,Jolteon
4-13,16:27:52,NINTEN,Pidgey,Lass,17,Celadon City - Gym,2,41:15.75,41:15,0h41m15s,0,0,0,42,2:42,7.43,WING ATTACK,SWIFT,QUICK ATTACK,AGILITY,6,5055,458,107,30,532,515,259,20,43489,Jolteon, ,Normal,Flying,69158,Pidgey2,Pidgey,,00:41:08.32,00:41:15.75,02:42:11.56,42,0,0,41,15,75,WING ATTACK,SWIFT,QUICK ATTACK,AGILITY,28,16,30,30,0,0,0,0,110,110,67,62,57,57,76,14777,13762,12988,11475,11475,13947,15,15,15,15,0,0,0,0,0,0,0,75,69,57,57,76,585895,175705,374643,33540,2007,6,0,0,5055,4444,611,0,458,137,107,30,1,0,15597,10826,1030,1030,481,70,170,0,0,0,0,0,50,0,7,0,0,3,0,0,0,0,0,0,0,1,0,0,0,0,6,2,0,0,0,0,0,0,9,0,0,0,0,262,69023,0,0,0,0,30,31,0,0,0,7,0,2,0,Jolteon
4-13,16:28:02,NINTEN,Pidgey,Beauty,2,Celadon City - Gym,2,41:26.27,41:26,0h41m26s,0,0,0,42,2:42,6.533,WING ATTACK,SWIFT,QUICK ATTACK,AGILITY,6,5061,458,108,30,534,517,259,20,43834,Jolteon, ,Normal,Flying,70022,Pidgey2,Pidgey,,00:41:19.73,00:41:26.27,02:42:53.23,42,0,0,41,26,27,WING ATTACK,SWIFT,QUICK ATTACK,AGILITY,26,16,30,30,0,0,0,0,110,110,67,62,57,57,76,14877,13912,13058,11615,11615,14027,15,15,15,15,0,0,0,0,0,0,0,75,69,57,57,76,588382,176175,376660,33540,2007,6,0,0,5061,4450,611,0,458,138,108,30,1,0,15807,10948,1030,1030,483,70,170,0,0,0,0,0,50,0,7,0,0,3,0,0,0,0,0,0,0,1,0,0,0,0,6,2,0,0,0,0,0,0,9,0,0,0,0,264,69887,0,0,0,0,30,31,0,0,0,7,0,2,0,Jolteon
4-13,16:28:18,NINTEN,Pidgey,Beauty,1,Celadon City - Gym,4,41:42.12,41:42,0h41m42s,0,0,0,42,2:43,11.508,WING ATTACK,SWIFT,QUICK ATTACK,AGILITY,6,5071,460,109,30,538,521,259,20,45514,Jolteon, ,Normal,Flying,71480,Pidgey2,Pidgey,,00:41:30.61,00:41:42.12,02:43:55.52,42,0,0,41,42,12,WING ATTACK,SWIFT,QUICK ATTACK,AGILITY,22,16,30,30,0,0,0,0,110,110,67,62,57,57,76,15067,14162,13238,11905,11905,14167,15,15,15,15,0,0,0,0,0,0,0,75,69,57,57,76,592131,176727,379857,33540,2007,6,0,0,5071,4460,611,0,460,139,109,30,1,0,16216,11164,1030,1030,487,70,170,0,0,0,0,0,50,0,7,0,0,3,0,0,0,0,0,0,0,1,0,0,0,0,6,2,0,0,0,0,0,0,9,0,0,0,0,268,71345,0,0,0,0,30,31,0,0,0,7,0,2,0,Jolteon
4-13,16:28:30,NINTEN,Pidgey,Jr Trainer F,11,Celadon City - Gym,2,41:53.58,41:53,0h41m53s,0,0,0,43,2:44,7.554,WING ATTACK,SWIFT,QUICK ATTACK,AGILITY,6,5081,465,110,30,540,523,259,20,46984,Jolteon, ,Normal,Flying,72532,Pidgey2,Pidgey,,00:41:46.02,00:41:53.58,02:44:41.03,43,0,0,41,53,58,WING ATTACK,SWIFT,QUICK ATTACK,AGILITY,20,16,30,30,0,0,0,0,113,113,69,64,59,59,78,15172,14273,13350,12050,12050,14272,15,15,15,15,0,0,0,0,0,0,0,77,72,59,59,78,594842,177168,382127,33540,2007,6,0,0,5081,4470,611,0,465,140,110,30,1,0,16374,11289,1030,1030,489,70,170,0,0,0,0,0,50,0,7,0,0,3,0,0,0,0,0,0,0,1,0,0,0,0,6,2,0,0,0,0,0,0,9,0,0,0,0,270,72397,0,0,0,0,30,31,0,0,0,7,0,2,0,Jolteon
4-13,16:28:44,NINTEN,Pidgey,Lass,18,Celadon City - Gym,2,42:07.60,42:07,0h42m7s,0,0,0,43,2:45,6.602,WING ATTACK,SWIFT,QUICK ATTACK,AGILITY,6,5083,475,111,30,542,525,259,20,47464,Jolteon, ,Normal,Flying,73565,Pidgey2,Pidgey,,00:42:01.00,00:42:07.60,02:45:36.08,43,0,0,42,7,60,WING ATTACK,SWIFT,QUICK ATTACK,AGILITY,18,16,30,30,0,0,0,0,113,113,69,64,59,59,78,15277,14388,13475,12210,12210,14342,15,15,15,15,0,0,0,0,0,0,0,77,72,59,59,78,598147,177509,384486,34145,2007,6,0,0,5083,4472,611,0,475,141,111,30,1,0,16534,11410,1030,1030,491,70,170,0,0,0,0,0,50,0,7,0,0,3,0,0,0,0,0,0,0,1,0,0,0,0,6,2,0,0,0,0,0,0,9,0,0,0,0,272,73430,0,0,0,0,30,31,0,0,0,7,0,2,0,Jolteon
4-13,16:28:56,NINTEN,Pidgey,Cooltrainer F,1,Celadon City - Gym,3,42:20.16,42:20,0h42m20s,0,0,0,43,2:46,9.423,WING ATTACK,SWIFT,QUICK ATTACK,AGILITY,6,5084,475,112,30,545,528,259,20,47809,Jolteon, ,Normal,Flying,75742,Pidgey2,Pidgey,,00:42:10.73,00:42:20.16,02:46:25.36,43,0,0,42,20,16,WING ATTACK,SWIFT,QUICK ATTACK,AGILITY,15,16,30,30,0,0,0,0,113,113,69,64,59,59,78,15462,14605,13658,12460,12460,14497,15,15,15,15,0,0,0,0,0,0,0,77,72,59,59,78,601115,177780,387183,34145,2007,6,0,0,5084,4473,611,0,475,142,112,30,1,0,16784,11611,1030,1030,494,70,170,0,0,0,0,0,50,0,7,0,0,3,0,0,0,0,0,0,0,1,0,0,0,0,6,2,0,0,0,0,0,0,9,0,0,0,0,275,75607,0,0,0,0,30,31,0,0,0,7,0,2,0,Jolteon
4-13,16:29:06,NINTEN,Pidgey,Beauty,3,Celadon City - Gym,1,42:29.49,42:29,0h42m29s,0,0,0,43,2:47,6.17,WING ATTACK,SWIFT,QUICK ATTACK,AGILITY,6,5086,475,113,30,547,530,260,20,48649,Jolteon, ,Normal,Flying,76288,Pidgey2,Pidgey,,00:42:23.32,00:42:29.49,02:47:02.27,43,0,0,42,29,49,WING ATTACK,SWIFT,QUICK ATTACK,AGILITY,14,16,29,30,0,0,0,0,113,113,69,64,59,59,78,15522,14645,13738,12520,12520,14537,15,15,15,15,0,0,0,0,0,0,0,77,72,59,59,78,603326,178029,389145,34145,2007,6,0,0,5086,4475,611,0,475,143,113,30,1,0,16857,11682,1030,1030,496,70,171,0,0,0,0,0,50,0,7,0,0,3,0,0,0,0,0,0,0,1,0,0,0,0,6,2,0,0,0,0,0,0,9,0,0,0,0,276,76153,0,0,0,0,30,31,0,0,0,7,0,2,0,Jolteon
4-13,16:29:36,NINTEN,Pidgey,Erika,1,Celadon City - Gym,3,43:00.19,43:00,0h43m0s,0,0,0,44,2:49,23.422,WING ATTACK,SWIFT,QUICK ATTACK,AGILITY,7,5088,476,114,30,557,538,265,20,50469,Jolteon, ,Normal,Flying,79293,Pidgey2,Pidgey,Erika,00:42:36.78,00:43:00.19,02:49:04.08,44,0,0,43,0,19,WING ATTACK,SWIFT,QUICK ATTACK,AGILITY,9,16,29,27,0,0,0,0,90,116,71,66,61,61,80,15712,14855,13973,12790,12790,14692,15,15,15,15,0,-1,0,0,6,0,0,88,48,61,61,320,610627,178754,395191,34675,2007,7,0,0,5088,4477,611,0,476,144,114,30,1,0,17204,11938,1056,1056,501,70,176,0,0,0,0,0,51,0,8,0,0,3,0,0,0,0,0,0,0,1,0,0,0,0,6,2,0,0,0,0,0,0,9,0,0,0,0,279,79158,0,0,0,0,30,31,0,0,0,7,0,2,0,Jolteon
4-13,16:33:04,NINTEN,Pidgey,Rival4-Pkmn Tower,2,Pokemon Tower - 2F,5,46:28.09,46:28,0h46m28s,0,0,0,44,3:02,17.152,WING ATTACK,SWIFT,FLY,AGILITY,7,5456,524,115,30,564,543,269,16,2687,Jolteon, ,Normal,Flying,81823,Pidgey2,Pidgey,Rival (Pokemon Tower),00:46:10.94,00:46:28.09,03:02:46.45,44,0,0,46,28,9,WING ATTACK,SWIFT,FLY,AGILITY,35,17,13,30,0,0,0,0,106,117,75,66,64,64,80,18510,27981,14313,20736,20736,14992,15,15,15,15,0,0,0,0,0,0,0,84,74,64,64,80,659984,214445,400077,43455,2007,7,0,0,5456,4845,611,0,524,145,115,30,1,0,17590,12230,1067,1067,503,71,178,0,0,0,0,0,51,0,8,0,0,3,0,0,0,0,0,0,0,1,0,0,0,0,6,2,0,0,0,0,0,0,9,0,0,0,0,284,81688,0,0,0,0,30,57,15,0,0,8,0,2,0,Jolteon
4-13,16:33:21,NINTEN,Pidgey,Channeler,6,Pokemon Tower - 3F,1,46:45.09,46:45,0h46m45s,0,0,0,44,3:03,4.132,WING ATTACK,SWIFT,FLY,AGILITY,7,5488,528,116,30,565,544,269,16,4312,Jolteon, ,Normal,Flying,82310,Pidgey2,Pidgey,,00:46:40.96,00:46:45.09,03:03:53.57,44,0,0,46,45,9,WING ATTACK,SWIFT,FLY,AGILITY,34,17,13,30,0,0,0,0,106,117,75,66,64,64,80,18540,28016,14343,20836,20836,15072,15,15,15,15,0,0,0,0,0,0,0,84,74,64,64,80,664016,215934,401491,44584,2007,7,0,0,5488,4877,611,0,528,146,116,30,1,0,17705,12282,1067,1067,504,71,178,0,0,0,0,0,52,0,8,0,0,3,0,0,0,0,0,0,0,1,0,0,0,0,6,2,0,0,0,0,0,0,9,0,0,0,0,285,82175,0,0,0,0,30,57,15,0,0,8,0,2,0,Jolteon
4-13,16:33:28,NINTEN,Pidgey,Channeler,8,Pokemon Tower - 3F,1,46:51.65,46:51,0h46m51s,0,0,0,44,3:04,4.054,WING ATTACK,SWIFT,FLY,AGILITY,7,5494,529,117,30,566,545,269,16,5032,Jolteon, ,Normal,Flying,82757,Pidgey2,Pidgey,,00:46:47.60,00:46:51.65,03:04:19.48,44,0,0,46,51,65,WING ATTACK,SWIFT,FLY,AGILITY,33,17,13,30,0,0,0,0,106,117,75,66,64,64,80,18570,28051,14373,20936,20936,15152,15,15,15,15,0,0,0,0,0,0,0,84,74,64,64,80,665567,216113,402863,44584,2007,7,0,0,5494,4883,611,0,529,147,117,30,1,0,17783,12330,1067,1067,505,71,178,0,0,0,0,0,52,0,8,0,0,3,0,0,0,0,0,0,0,1,0,0,0,0,6,2,0,0,0,0,0,0,9,0,0,0,0,286,82622,0,0,0,0,30,57,15,0,0,8,0,2,0,Jolteon
4-13,16:33:39,NINTEN,Pidgey,Agatha Jr,10,Pokemon Tower - 4F,2,47:03.30,47:03,0h47m3s,0,0,0,45,3:05,7.372,WING ATTACK,SWIFT,FLY,AGILITY,7,5514,529,118,30,568,547,269,16,5692,Jolteon, ,Normal,Flying,83693,Pidgey2,Pidgey,,00:46:55.92,00:47:03.30,03:05:05.38,45,0,0,47,3,30,WING ATTACK,SWIFT,FLY,AGILITY,31,17,13,30,0,0,0,0,108,119,77,68,66,66,82,18630,28121,14433,21136,21136,15312,15,15,15,15,0,0,0,0,0,0,0,86,76,66,66,82,668317,216700,405026,44584,2007,7,0,0,5514,4903,611,0,529,148,118,30,1,0,17923,12430,1067,1067,507,71,178,0,0,0,0,0,52,0,8,0,0,3,0,0,0,0,0,0,0,1,0,0,0,0,6,2,0,0,0,0,0,0,9,0,0,0,0,288,83558,0,0,0,0,30,57,15,0,0,8,0,2,0,Jolteon
4-13,16:33:48,NINTEN,Pidgey,Channeler,12,Pokemon Tower - 4F,1,47:11.51,47:11,0h47m11s,0,0,0,45,3:05,4.141,WING ATTACK,SWIFT,FLY,AGILITY,7,5519,536,119,30,569,548,269,16,6382,Jolteon, ,Normal,Flying,84140,Pidgey2,Pidgey,,00:47:07.37,00:47:11.51,03:05:37.55,45,0,0,47,11,51,WING ATTACK,SWIFT,FLY,AGILITY,30,17,13,30,0,0,0,0,108,119,77,68,66,66,82,18660,28156,14463,21236,21236,15392,15,15,15,15,0,0,0,0,0,0,0,86,76,66,66,82,670254,216951,406712,44584,2007,7,0,0,5519,4908,611,0,536,149,119,30,1,0,18006,12478,1067,1067,508,71,178,0,0,0,0,0,52,0,8,0,0,3,0,0,0,0,0,0,0,1,0,0,0,0,6,2,0,0,0,0,0,0,9,0,0,0,0,289,84005,0,0,0,0,30,57,15,0,0,8,0,2,0,Jolteon
4-13,16:34:03,NINTEN,Pidgey,Channeler,9,Pokemon Tower - 4F,1,47:27.10,47:27,0h47m27s,0,0,0,45,3:06,4.043,WING ATTACK,SWIFT,FLY,AGILITY,7,5550,557,120,30,570,549,269,16,7042,Jolteon, ,Normal,Flying,84627,Pidgey2,Pidgey,,00:47:23.05,00:47:27.10,03:06:39.32,45,0,0,47,27,10,WING ATTACK,SWIFT,FLY,AGILITY,29,17,13,30,0,0,0,0,108,120,77,68,66,66,82,21250,28191,14493,21336,21336,15472,15,15,15,15,0,0,0,0,0,0,0,86,76,66,66,82,673951,218496,408074,45374,2007,7,0,0,5550,4939,611,0,557,150,120,30,1,0,18086,12530,1067,1067,509,71,178,0,0,0,0,0,52,0,8,0,0,3,0,0,0,0,0,0,0,1,0,0,0,0,6,2,0,0,0,0,0,0,9,0,0,0,0,290,84492,0,0,0,0,32,57,15,0,0,8,0,2,0,Jolteon
4-13,16:34:13,NINTEN,Pidgey,Channeler,16,Pokemon Tower - 5F,1,47:36.87,47:36,0h47m36s,0,0,0,45,3:07,4.081,WING ATTACK,SWIFT,FLY,AGILITY,7,5572,564,121,30,571,550,269,16,7762,Jolteon, ,Normal,Flying,85074,Pidgey2,Pidgey,,00:47:32.79,00:47:36.87,03:07:18.03,45,0,0,47,36,87,WING ATTACK,SWIFT,FLY,AGILITY,28,17,13,30,0,0,0,0,108,120,77,68,66,66,82,21280,28226,14523,21436,21436,15552,15,15,15,15,0,0,0,0,0,0,0,86,76,66,66,82,676262,219432,409449,45374,2007,7,0,0,5572,4961,611,0,564,151,121,30,1,0,18162,12578,1067,1067,510,71,178,0,0,0,0,0,52,0,8,0,0,3,0,0,0,0,0,0,0,1,0,0,0,0,6,2,0,0,0,0,0,0,9,0,0,0,0,291,84939,0,0,0,0,33,57,15,0,0,8,0,2,0,Jolteon
4-13,16:34:20,NINTEN,Pidgey,Channeler,14,Pokemon Tower - 5F,1,47:44.15,47:44,0h47m44s,0,0,0,45,3:07,4.196,WING ATTACK,SWIFT,FLY,AGILITY,7,5580,564,122,30,572,551,269,16,8422,Jolteon, ,Normal,Flying,85695,Pidgey2,Pidgey,,00:47:39.96,00:47:44.15,03:07:46.43,45,0,0,47,44,15,WING ATTACK,SWIFT,FLY,AGILITY,27,17,13,30,0,0,0,0,108,120,77,68,66,66,82,21325,28276,14568,21551,21551,15647,15,15,15,15,0,0,0,0,0,0,0,86,76,66,66,82,677982,219749,410852,45374,2007,7,0,0,5580,4969,611,0,564,152,122,30,1,0,18220,12635,1067,1067,511,71,178,0,0,0,0,0,52,0,8,0,0,3,0,0,0,0,0,0,0,1,0,0,0,0,6,2,0,0,0,0,0,0,9,0,0,0,0,292,85560,0,0,0,0,33,57,15,0,0,8,0,2,0,Jolteon
4-13,16:34:29,NINTEN,Pidgey,Channeler,17,Pokemon Tower - 5F,1,47:53.28,47:53,0h47m53s,0,0,0,45,3:08,4.148,WING ATTACK,SWIFT,FLY,AGILITY,7,5594,569,123,30,573,552,269,16,9112,Jolteon, ,Normal,Flying,86182,Pidgey2,Pidgey,,00:47:49.14,00:47:53.28,03:08:22.46,45,0,0,47,53,28,WING ATTACK,SWIFT,FLY,AGILITY,34,20,15,30,0,0,0,0,120,120,77,68,66,66,82,21355,28311,14598,21651,21651,15727,15,15,15,15,0,0,0,0,0,0,0,86,76,66,66,82,680145,220541,412223,45374,2007,7,0,0,5594,4983,611,0,569,153,123,30,1,0,18349,12687,1067,1067,512,71,178,0,0,0,0,0,53,0,8,0,0,3,0,0,0,0,0,0,0,1,0,0,0,0,6,2,0,0,0,0,0,0,9,0,0,0,0,293,86047,0,0,0,0,33,57,15,0,0,8,0,2,0,Jolteon
4-13,16:34:38,NINTEN,Pidgey,Channeler,18,Pokemon Tower - 5F,1,48:01.56,48:01,0h48m1s,0,0,0,45,3:08,4.169,WING ATTACK,SWIFT,FLY,AGILITY,7,5606,571,124,30,574,553,269,17,9832,Jolteon, ,Normal,Flying,86776,Pidgey2,Pidgey,,00:47:57.38,00:48:01.56,03:08:55.22,45,0,0,48,1,56,WING ATTACK,SWIFT,FLY,AGILITY,33,20,15,30,0,0,0,0,120,120,77,68,66,66,82,21400,28361,14643,21766,21766,15822,15,15,15,15,0,0,0,0,0,0,0,86,76,66,66,82,682101,221110,413610,45374,2007,7,0,0,5606,4995,611,0,571,154,124,30,1,0,18407,12742,1067,1067,513,71,178,0,0,0,0,0,53,0,8,0,0,3,0,0,0,0,0,0,0,1,0,0,0,0,6,2,0,0,0,0,0,0,9,0,0,0,0,294,86641,0,0,0,0,34,57,15,0,0,8,0,2,0,Jolteon
4-13,16:34:46,NINTEN,Pidgey,Channeler,21,Pokemon Tower - 6F,1,48:10.38,48:10,0h48m10s,0,0,0,45,3:09,4.077,WING ATTACK,SWIFT,FLY,AGILITY,7,5634,574,125,30,575,554,269,17,10492,Jolteon, ,Normal,Flying,87263,Pidgey2,Pidgey,,00:48:06.31,00:48:10.38,03:09:30.06,45,0,0,48,10,38,WING ATTACK,SWIFT,FLY,AGILITY,32,20,15,30,0,0,0,0,120,120,77,68,66,66,82,21430,28396,14673,21866,21866,15902,15,15,15,15,0,0,0,0,0,0,0,86,76,66,66,82,684185,221840,414964,45374,2007,7,0,0,5634,5023,611,0,574,155,125,30,1,0,18483,12794,1067,1067,514,71,178,0,0,0,0,0,53,0,8,0,0,3,0,0,0,0,0,0,0,1,0,0,0,0,6,2,0,0,0,0,0,0,9,0,0,0,0,295,87128,0,0,0,0,34,57,15,0,0,8,0,2,0,Jolteon
4-13,16:34:53,NINTEN,Pidgey,Channeler,20,Pokemon Tower - 6F,1,48:17.09,48:17,0h48m17s,0,0,0,45,3:09,4.05,WING ATTACK,SWIFT,FLY,AGILITY,7,5643,575,126,30,576,555,269,17,11212,Jolteon, ,Normal,Flying,87750,Pidgey2,Pidgey,,00:48:13.04,00:48:17.09,03:09:56.30,45,0,0,48,17,9,WING ATTACK,SWIFT,FLY,AGILITY,31,20,15,30,0,0,0,0,120,120,77,68,66,66,82,21460,28431,14703,21966,21966,15982,15,15,15,15,0,0,0,0,0,0,0,86,76,66,66,82,685769,222077,416311,45374,2007,7,0,0,5643,5032,611,0,575,156,126,30,1,0,18557,12846,1067,1067,515,71,178,0,0,0,0,0,53,0,8,0,0,3,0,0,0,0,0,0,0,1,0,0,0,0,6,2,0,0,0,0,0,0,9,0,0,0,0,296,87615,0,0,0,0,34,57,15,0,0,8,0,2,0,Jolteon
4-13,16:35:21,NINTEN,Pidgey,Rocket,44,Pokemon Tower - 7F,3,48:45.11,48:45,0h48m45s,0,0,0,46,3:11,13.486,WING ATTACK,SWIFT,FLY,AGILITY,7,5668,575,127,31,581,559,271,17,11932,Jolteon,Poisoned,Normal,Flying,89999,Pidgey2,Pidgey,,00:48:31.63,00:48:45.11,03:11:47.11,46,0,0,48,45,11,WING ATTACK,SWIFT,FLY,AGILITY,31,17,14,30,0,0,0,0,105,123,79,69,68,68,85,21625,28651,14927,22156,22156,16212,15,15,15,15,0,0,0,0,0,0,0,88,77,68,68,85,692410,223691,421338,45374,2007,7,0,0,5668,5057,611,0,575,158,127,31,1,0,18804,13057,1085,1085,516,72,179,0,0,0,0,0,53,0,8,0,0,3,0,0,0,0,0,0,0,2,0,0,0,0,6,2,0,0,0,0,0,0,9,0,0,0,0,299,89864,0,0,0,0,35,57,15,0,0,8,0,2,0,Jolteon
4-13,16:36:06,NINTEN,Pidgey,Biker,5,Route 16,2,49:29.85,49:29,0h49m29s,0,0,0,46,3:14,9.275,WING ATTACK,SWIFT,FLY,AGILITY,7,5773,579,128,32,585,563,273,18,12742,Jolteon, ,Normal,Flying,91265,Pidgey2,Pidgey,,00:49:20.57,00:49:29.85,03:14:43.25,46,0,0,49,29,85,WING ATTACK,SWIFT,FLY,AGILITY,33,18,15,30,0,0,0,0,109,123,79,69,68,68,85,21745,28796,15072,22256,22256,16272,15,15,15,15,0,0,0,0,0,0,0,88,77,68,68,85,702984,228891,425109,46977,2007,7,0,0,5773,5161,612,0,579,160,128,32,2,0,18992,13213,1099,1099,518,72,181,0,0,0,0,0,53,0,8,0,0,3,0,0,0,0,0,0,0,2,0,0,0,0,6,2,0,0,0,0,0,0,9,0,0,0,0,301,91130,0,0,0,0,35,57,15,0,0,8,0,2,0,Jolteon
4-13,16:36:18,NINTEN,Pidgey,Cue Ball,1,Route 16,3,49:41.79,49:41,0h49m41s,0,0,0,46,3:15,9.246,WING ATTACK,SWIFT,FLY,AGILITY,7,5777,579,129,32,588,566,273,18,13322,Jolteon, ,Normal,Flying,92765,Pidgey2,Pidgey,,00:49:32.55,00:49:41.79,03:15:30.24,46,0,0,49,41,79,WING ATTACK,SWIFT,FLY,AGILITY,30,18,15,30,0,0,0,0,109,123,79,69,68,68,85,21925,29036,15207,22361,22361,16412,15,15,15,15,0,0,0,0,0,0,0,88,77,68,68,85,705803,229034,427785,46977,2007,7,0,0,5777,5161,616,0,579,161,129,32,2,0,19312,13439,1099,1099,521,72,181,0,0,0,0,0,53,0,8,0,0,3,0,0,0,0,0,0,0,2,0,0,0,0,6,2,0,0,0,0,0,0,9,0,0,0,0,304,92630,0,0,0,0,35,57,15,0,0,8,0,2,0,Jolteon
4-13,16:36:27,NINTEN,Pidgey,Cue Ball,2,Route 16,2,49:51.16,49:51,0h49m51s,0,0,0,46,3:16,6.63,WING ATTACK,SWIFT,FLY,AGILITY,7,5779,593,130,32,590,568,273,18,14022,Jolteon, ,Normal,Flying,93770,Pidgey2,Pidgey,,00:49:44.53,00:49:51.16,03:16:07.15,46,0,0,49,51,16,WING ATTACK,SWIFT,FLY,AGILITY,28,18,15,30,0,0,0,0,109,123,79,69,68,68,85,22035,29196,15292,22431,22431,16517,15,15,15,15,0,0,0,0,0,0,0,88,77,68,68,85,708014,229191,429839,46977,2007,7,0,0,5779,5161,618,0,593,162,130,32,2,0,19529,13589,1099,1099,523,72,181,0,0,0,0,0,53,0,8,0,0,3,0,0,0,0,0,0,0,2,0,0,0,0,6,2,0,0,0,0,0,0,9,0,0,0,0,306,93635,0,0,0,0,35,57,15,0,0,8,0,2,0,Jolteon
4-13,16:36:37,NINTEN,Pidgey,Cue Ball,3,Route 16,1,50:00.65,50:00,0h50m0s,0,0,0,46,3:16,6.243,WING ATTACK,SWIFT,FLY,AGILITY,7,5785,593,131,32,592,569,274,18,14747,Jolteon, ,Normal,Flying,94391,Pidgey2,Pidgey,,00:49:54.41,00:50:00.65,03:16:44.41,46,0,0,50,0,65,WING ATTACK,SWIFT,FLY,AGILITY,28,18,14,30,0,0,0,0,109,123,79,69,68,68,85,22105,29276,15342,22466,22466,16552,15,15,15,15,0,0,0,0,0,0,0,88,77,68,68,85,710260,229462,431814,46977,2007,7,0,0,5785,5161,624,0,593,163,131,32,2,0,19800,13683,1099,1099,524,73,181,0,0,0,0,0,54,0,8,0,0,3,0,0,0,0,0,0,0,2,0,0,0,0,6,2,0,0,0,0,0,0,9,0,0,0,0,307,94256,0,0,0,0,35,57,15,0,0,8,0,2,0,Jolteon
4-13,16:36:47,NINTEN,Pidgey,Biker,6,Route 16,1,50:10.72,50:10,0h50m10s,0,0,0,46,3:17,7.25,WING ATTACK,SWIFT,FLY,AGILITY,7,5786,593,132,32,595,572,276,18,15572,Jolteon, ,Normal,Flying,95613,Pidgey2,Pidgey,,00:50:03.47,00:50:10.72,03:17:24.22,46,0,0,50,10,72,WING ATTACK,SWIFT,FLY,AGILITY,28,15,14,30,0,0,0,0,75,123,79,69,68,68,85,22170,29366,15462,22551,22551,16612,15,15,15,15,0,0,0,0,0,0,0,88,77,68,68,85,712641,229619,434038,46977,2007,7,0,0,5786,5161,625,0,593,164,132,32,2,0,19898,13774,1133,1133,524,73,183,0,0,0,0,0,54,0,8,0,0,3,0,0,0,0,0,0,0,2,0,0,0,0,6,2,0,0,0,0,0,0,9,0,0,0,0,308,95478,0,0,0,0,35,57,15,0,0,8,0,2,0,Jolteon
4-13,16:37:05,NINTEN,Pidgey,Biker,7,Route 16,4,50:29.30,50:29,0h50m29s,0,0,0,47,3:18,12.591,WING ATTACK,SWIFT,FLY,AGILITY,7,5790,593,133,32,600,576,277,18,16232,Jolteon, ,Normal,Flying,97617,Pidgey2,Pidgey,,00:50:16.71,00:50:29.30,03:18:37.29,47,0,0,50,29,30,WING ATTACK,SWIFT,FLY,AGILITY,28,12,13,30,0,0,0,0,126,126,81,71,69,69,86,22490,29686,15662,22711,22711,16712,15,15,15,15,0,0,0,0,0,0,0,91,79,69,69,86,717028,229888,437494,47639,2007,7,0,0,5790,5161,629,0,593,165,133,32,2,0,20263,14098,1133,1133,525,74,183,0,0,0,0,0,54,0,8,0,0,3,0,0,0,0,0,0,0,2,0,0,0,0,6,2,0,0,0,0,0,0,9,0,0,0,0,312,97482,0,0,0,0,35,57,15,0,0,8,0,2,0,Jolteon
4-13,16:37:31,NINTEN,Pidgey,Biker,8,Route 17,3,50:54.55,50:54,0h50m54s,0,0,0,47,3:20,19.48,WING ATTACK,SWIFT,FLY,AGILITY,7,5814,598,134,32,611,583,285,18,16752,Jolteon,Poisoned,Normal,Flying,100377,Pidgey2,Pidgey,,00:50:35.07,00:50:54.55,03:20:17.14,47,0,0,50,54,55,WING ATTACK,SWIFT,FLY,AGILITY,28,9,9,30,0,0,0,0,79,126,81,71,69,69,86,22660,29931,15997,22941,22941,16867,15,15,15,15,0,0,0,0,0,0,0,91,79,69,69,86,723013,230445,442922,47639,2007,7,0,0,5814,5161,653,0,598,166,134,32,2,0,20542,14318,1180,1180,528,80,186,0,0,0,0,0,54,0,8,0,0,3,0,0,0,0,0,0,0,3,0,0,0,0,6,2,0,0,0,0,0,0,9,0,0,0,0,315,100242,0,0,0,0,35,57,15,0,0,8,0,2,0,Jolteon
4-13,16:37:45,NINTEN,Pidgey,Cue Ball,5,Route 17,2,51:08.98,51:08,0h51m8s,0,0,0,47,3:21,7.656,WING ATTACK,SWIFT,FLY,AGILITY,7,5821,605,135,32,614,585,286,17,17312,Jolteon, ,Normal,Flying,101829,Pidgey2,Pidgey,,00:51:01.32,00:51:08.98,03:21:13.58,47,0,0,51,8,98,WING ATTACK,SWIFT,FLY,AGILITY,27,9,8,30,0,0,0,0,126,126,81,71,69,69,86,22810,30111,16117,23026,23026,16947,15,15,15,15,0,0,0,0,0,0,0,91,79,69,69,86,726417,230922,445222,48266,2007,7,0,0,5821,5161,660,0,605,167,135,32,2,0,20786,14492,1180,1180,530,81,186,0,0,0,0,0,54,0,8,0,0,3,0,0,0,0,0,0,0,3,0,0,0,0,6,2,0,0,0,0,0,0,9,0,0,0,0,317,101694,0,0,0,0,35,57,15,0,0,8,0,2,0,Jolteon
4-13,16:37:58,NINTEN,Pidgey,Cue Ball,4,Route 17,2,51:21.88,51:21,0h51m21s,0,0,0,48,3:22,7.615,WING ATTACK,SWIFT,FLY,AGILITY,7,5831,622,136,32,616,587,286,17,18037,Jolteon, ,Normal,Flying,103213,Pidgey2,Pidgey,,00:51:14.27,00:51:21.88,03:22:04.54,48,0,0,51,21,88,WING ATTACK,SWIFT,FLY,AGILITY,25,9,8,30,0,0,0,0,129,129,83,73,71,71,88,22915,30296,16212,23121,23121,17112,15,15,15,15,0,0,0,0,0,0,0,93,82,71,71,88,729473,231697,447503,48266,2007,7,0,0,5831,5161,670,0,622,168,136,32,2,0,20991,14639,1180,1180,532,81,186,0,0,0,0,0,54,0,8,0,0,3,0,0,0,0,0,0,0,3,0,0,0,0,6,2,0,0,0,0,0,0,9,0,0,0,0,319,103078,0,0,0,0,36,57,15,0,0,8,0,2,0,Jolteon
4-13,16:38:10,NINTEN,Pidgey,Biker,10,Route 17,2,51:33.69,51:33,0h51m33s,0,0,0,48,3:22,6.476,WING ATTACK,SWIFT,FLY,AGILITY,7,5852,622,137,32,618,589,286,17,18762,Jolteon, ,Normal,Flying,104491,Pidgey2,Pidgey,,00:51:27.21,00:51:33.69,03:22:51.19,48,0,0,51,33,69,WING ATTACK,SWIFT,FLY,AGILITY,25,7,8,30,0,0,0,0,129,129,83,73,71,71,88,22995,30356,16312,23231,23231,17312,15,15,15,15,0,0,0,0,0,0,0,93,82,71,71,88,732258,232156,449829,48266,2007,7,0,0,5852,5161,691,0,622,169,137,32,2,0,21222,14771,1180,1180,532,81,186,0,0,0,0,0,55,0,8,0,0,3,0,0,0,0,0,0,0,3,0,0,0,0,6,2,0,0,0,0,0,0,9,0,0,0,0,321,104356,0,0,0,0,36,57,15,0,0,8,0,2,0,Jolteon
4-13,16:38:19,NINTEN,Pidgey,Cue Ball,6,Route 17,1,51:42.68,51:42,0h51m42s,0,0,0,48,3:23,5.573,WING ATTACK,SWIFT,FLY,AGILITY,7,5875,622,138,32,620,590,287,17,19342,Jolteon, ,Normal,Flying,105523,Pidgey2,Pidgey,,00:51:37.11,00:51:42.68,03:23:26.47,48,0,0,51,42,68,WING ATTACK,SWIFT,FLY,AGILITY,25,7,7,30,0,0,0,0,129,129,83,73,71,71,88,23075,30456,16382,23281,23281,17357,15,15,15,15,0,0,0,0,0,0,0,93,82,71,71,88,734386,232475,451638,48266,2007,7,0,0,5875,5161,714,0,622,170,138,32,2,0,21349,14872,1180,1180,533,82,186,0,0,0,0,0,55,0,8,0,0,3,0,0,0,0,0,0,0,3,0,0,0,0,6,2,0,0,0,0,0,0,9,0,0,0,0,322,105388,0,0,0,0,36,57,15,0,0,8,0,2,0,Jolteon
4-13,16:38:33,NINTEN,Pidgey,Cue Ball,8,Route 17,2,51:57.13,51:57,0h51m57s,0,0,0,48,3:24,9.918,WING ATTACK,SWIFT,FLY,AGILITY,7,5918,631,139,32,625,593,290,17,20167,Jolteon, ,Normal,Flying,107354,Pidgey2,Pidgey,,00:51:47.21,00:51:57.13,03:24:23.51,48,0,0,51,57,13,WING ATTACK,SWIFT,FLY,AGILITY,24,7,5,30,0,0,0,0,129,129,83,73,71,71,88,23220,30661,16512,23391,23391,17497,15,15,15,15,0,-1,0,0,0,0,0,104,54,71,71,88,737810,233057,454480,48266,2007,7,0,0,5918,5161,757,0,631,171,139,32,2,0,21616,15043,1180,1180,535,85,187,0,0,0,0,0,55,0,8,0,0,3,0,0,0,0,0,0,0,3,0,0,0,0,6,2,0,0,0,0,0,0,9,0,0,0,0,324,107219,0,0,0,0,36,57,15,0,0,8,0,2,0,Jolteon
4-13,16:39:08,NINTEN,Pidgey,Biker,12,Route 17,5,52:32.25,52:32,0h52m32s,0,0,0,49,3:26,22.199,WING ATTACK,SWIFT,FLY,AGILITY,8,5988,639,140,32,635,600,295,18,20892,Jolteon, ,Normal,Flying,111034,Pidgey2,Pidgey,,00:52:10.05,00:52:32.25,03:26:42.51,49,0,0,52,32,25,WING ATTACK,SWIFT,FLY,AGILITY,24,3,2,30,0,0,0,0,125,131,85,74,72,72,90,23470,31036,17037,23741,23741,17722,15,15,15,15,0,0,0,0,0,0,0,95,83,72,72,90,746150,235032,460226,48885,2007,8,0,0,5988,5161,827,0,639,172,140,32,2,0,22119,15362,1186,1186,538,89,188,0,0,0,0,0,57,0,8,0,0,3,0,0,0,0,0,0,0,3,0,0,0,0,6,2,0,0,0,0,0,0,9,0,0,0,0,329,110899,0,0,0,0,37,57,15,0,0,8,0,2,0,Jolteon
4-13,16:39:30,NINTEN,Pidgey,Bird Keeper,10,Route 18,4,52:53.55,52:53,0h52m53s,0,0,0,49,3:28,12.121,WING ATTACK,SWIFT,FLY,AGILITY,8,6073,645,141,32,639,604,295,18,21392,Jolteon, ,Normal,Flying,112901,Pidgey2,Pidgey,,00:52:41.42,00:52:53.55,03:28:06.38,49,0,0,52,53,55,WING ATTACK,SWIFT,FLY,AGILITY,21,2,2,30,0,0,0,0,125,131,85,74,72,72,90,23655,31306,17192,23895,23895,18032,15,15,15,15,0,0,0,0,0,0,0,95,83,72,72,90,751177,236394,463891,48885,2007,8,0,0,6073,5174,899,0,645,173,141,32,2,0,22558,15615,1186,1186,541,89,188,0,0,0,0,0,59,0,8,0,0,3,0,0,0,0,0,0,0,3,0,0,0,0,6,2,0,0,0,0,0,0,9,0,0,0,0,333,112766,0,0,0,0,37,57,15,0,0,8,0,2,0,Jolteon
4-13,16:39:46,NINTEN,Pidgey,Bird Keeper,8,Route 18,2,53:09.58,53:09,0h53m9s,0,0,0,49,3:29,12.345,WING ATTACK,SWIFT,FLY,AGILITY,8,6077,645,142,32,644,608,298,18,22042,Jolteon, ,Normal,Flying,114267,Pidgey2,Pidgey,,00:52:57.23,00:53:09.58,03:29:09.59,49,0,0,53,9,58,WING ATTACK,SWIFT,FLY,AGILITY,19,1,1,30,0,0,0,0,125,131,85,74,72,72,90,23760,31456,17287,23987,23987,18202,15,15,15,15,0,0,0,0,0,0,0,95,83,72,72,90,754978,236772,467314,48885,2007,8,0,0,6077,5178,899,0,645,174,142,32,2,0,22835,15762,1186,1186,543,92,188,0,0,0,0,0,60,0,8,0,0,3,0,0,0,0,0,0,0,3,0,0,0,0,6,2,0,0,0,0,0,0,9,0,0,0,0,335,114132,0,0,0,0,37,57,15,0,0,8,0,2,0,Jolteon
4-13,16:41:43,NINTEN,Pidgey,Blackbelt,5,Saffron City - Fighting Dojo,3,55:07.02,55:07,0h55m7s,0,0,0,49,3:36,10.528,WING ATTACK,SWIFT,FLY,AGILITY,8,6621,688,143,32,648,611,299,17,22267,Jolteon, ,Normal,Flying,116328,Pidgey2,Pidgey,,00:54:56.49,00:55:07.02,03:36:54.24,49,0,0,55,7,2,WING ATTACK,SWIFT,FLY,AGILITY,33,20,14,30,0,0,0,0,131,131,85,74,72,72,90,23935,31721,17432,24117,24117,18402,15,15,15,15,0,0,0,0,0,0,0,95,83,72,72,90,782843,256538,470293,54005,2007,8,0,0,6621,5722,899,0,688,175,143,32,2,0,23239,16007,1186,1186,546,93,188,0,0,0,0,0,60,0,8,0,0,3,0,0,0,0,0,0,0,3,0,0,0,0,6,2,0,0,0,0,0,0,9,0,0,0,0,338,116193,0,0,0,0,39,57,15,0,0,9,0,2,0,Jolteon
4-13,16:41:56,NINTEN,Pidgey,Blackbelt,3,Saffron City - Fighting Dojo,2,55:20.18,55:20,0h55m20s,0,0,0,50,3:37,10.378,WING ATTACK,SWIFT,FLY,AGILITY,8,6622,688,144,32,652,613,301,17,23042,Jolteon, ,Normal,Flying,117931,Pidgey2,Pidgey,,00:55:09.80,00:55:20.18,03:37:46.25,50,0,0,55,20,18,WING ATTACK,SWIFT,FLY,AGILITY,33,20,12,30,0,0,0,0,134,134,87,76,74,74,93,24085,31901,17552,24202,24202,18482,15,15,15,15,0,0,0,0,0,0,0,97,85,74,74,93,785964,256695,473257,54005,2007,8,0,0,6622,5723,899,0,688,176,144,32,2,0,23588,16196,1186,1186,548,95,188,0,0,0,0,0,60,0,8,0,0,3,0,0,0,0,0,0,0,3,0,0,0,0,6,2,0,0,0,0,0,0,9,0,0,0,0,340,117796,0,0,0,0,39,57,15,0,0,9,0,2,0,Jolteon
4-13,16:42:06,NINTEN,Pidgey,Blackbelt,4,Saffron City - Fighting Dojo,1,55:29.70,55:29,0h55m29s,0,0,0,50,3:38,5.243,WING ATTACK,SWIFT,FLY,AGILITY,8,6623,688,145,32,654,614,302,17,23842,Jolteon, ,Normal,Flying,119080,Pidgey2,Pidgey,,00:55:24.46,00:55:29.70,03:38:23.55,50,0,0,55,29,70,WING ATTACK,SWIFT,FLY,AGILITY,33,20,11,30,0,0,0,0,134,134,87,76,74,74,93,24150,32006,17612,24262,24262,18577,15,15,15,15,0,0,0,0,0,0,0,97,85,74,74,93,788214,256904,475298,54005,2007,8,0,0,6623,5724,899,0,688,177,145,32,2,0,23751,16294,1186,1186,549,96,188,0,0,0,0,0,60,0,8,0,0,3,0,0,0,0,0,0,0,3,0,0,0,0,6,2,0,0,0,0,0,0,9,0,0,0,0,341,118945,0,0,0,0,39,57,15,0,0,9,0,2,0,Jolteon
4-13,16:42:18,NINTEN,Pidgey,Blackbelt,2,Saffron City - Fighting Dojo,3,55:42.34,55:42,0h55m42s,0,0,0,50,3:39,9.816,WING ATTACK,SWIFT,FLY,AGILITY,8,6624,688,146,32,657,617,302,17,24742,Jolteon, ,Normal,Flying,121048,Pidgey2,Pidgey,,00:55:32.52,00:55:42.34,03:39:13.41,50,0,0,55,42,34,WING ATTACK,SWIFT,FLY,AGILITY,30,20,11,30,0,0,0,0,134,134,87,76,74,74,93,24295,32271,17742,24392,24392,18812,15,15,15,15,0,0,0,0,0,0,0,97,85,74,74,93,791200,257064,478124,54005,2007,8,0,0,6624,5725,899,0,688,178,146,32,2,0,24128,16520,1186,1186,552,96,188,0,0,0,0,0,60,0,8,0,0,3,0,0,0,0,0,0,0,3,0,0,0,0,6,2,0,0,0,0,0,0,9,0,0,0,0,344,120913,0,0,0,0,39,57,15,0,0,9,0,2,0,Jolteon
4-13,16:42:36,NINTEN,Pidgey,Blackbelt,1,Saffron City - Fighting Dojo,2,55:59.62,55:59,0h55m59s,0,0,0,50,3:40,14.047,WING ATTACK,SWIFT,FLY,AGILITY,8,6625,688,147,32,663,620,305,17,25517,Jolteon, ,Normal,Flying,123259,Pidgey2,Pidgey,,00:55:45.57,00:55:59.62,03:40:22.05,50,0,0,55,59,62,WING ATTACK,SWIFT,FLY,AGILITY,30,20,8,30,0,0,0,0,104,134,87,76,74,74,93,24395,32496,17874,24462,24462,18975,15,15,15,15,0,0,0,0,0,0,0,97,85,74,74,93,795304,257335,481957,54005,2007,8,0,0,6625,5726,899,0,688,179,147,32,2,0,24439,16698,1216,1216,554,99,189,0,0,0,0,0,60,0,8,0,0,3,0,0,0,0,0,0,0,3,0,0,0,0,6,2,0,0,0,0,0,0,9,0,0,0,0,346,123124,0,0,0,0,39,57,15,0,0,9,0,2,0,Jolteon
4-13,16:43:13,NINTEN,Pidgey,Rocket,40,Silph Co - 11F,5,56:37.17,56:37,0h56m37s,0,0,0,50,3:42,14.93,WING ATTACK,SWIFT,FLY,AGILITY,8,6723,691,148,32,668,625,306,17,26442,Jolteon, ,Normal,Flying,124790,Pidgey2,Pidgey,,00:56:22.24,00:56:37.17,03:42:49.54,50,0,0,56,37,17,WING ATTACK,SWIFT,FLY,AGILITY,32,18,15,30,0,0,0,0,120,134,87,76,74,74,93,24560,32769,18058,24617,24617,19301,15,15,15,15,0,0,0,0,0,0,0,97,85,74,74,93,804173,261738,485985,54443,2007,8,0,0,6723,5824,899,0,691,180,148,32,2,0,24944,16975,1230,1230,557,99,190,0,0,0,0,0,60,0,9,0,0,3,0,0,0,0,0,0,0,3,0,0,0,0,6,2,0,0,0,0,0,0,9,0,0,0,0,351,124655,0,0,0,0,39,57,15,0,0,9,0,2,0,Jolteon
4-13,16:43:26,NINTEN,Pidgey,Scientist,11,Silph Co - 10F,2,56:49.70,56:49,0h56m49s,0,0,0,51,3:43,8.796,WING ATTACK,SWIFT,FLY,AGILITY,8,6736,693,149,32,671,627,307,17,27192,Jolteon, ,Normal,Flying,126050,Pidgey2,Pidgey,,00:56:40.90,00:56:49.70,03:43:39.14,51,0,0,56,49,70,WING ATTACK,SWIFT,FLY,AGILITY,32,17,14,30,0,0,0,0,122,136,89,77,75,75,95,24625,32869,18223,24772,24772,19381,15,15,15,15,0,0,0,0,0,0,0,100,86,75,75,95,807133,262122,488561,54443,2007,8,0,0,6736,5837,899,0,693,181,149,32,2,0,25083,17099,1230,1230,558,100,190,0,0,0,0,0,60,0,9,0,0,3,0,0,0,0,0,0,0,3,0,0,0,0,6,2,0,0,0,0,0,0,9,0,0,0,0,353,125915,0,0,0,0,39,57,15,0,0,9,0,2,0,Jolteon
4-13,16:43:37,NINTEN,Pidgey,Rocket,39,Silph Co - 10F,1,57:00.67,57:00,0h57m0s,0,0,0,51,3:44,5.518,WING ATTACK,SWIFT,FLY,AGILITY,8,6751,693,150,32,673,628,308,17,28642,Jolteon, ,Normal,Flying,127082,Pidgey2,Pidgey,,00:56:55.15,00:57:00.67,03:44:22.28,51,0,0,57,0,67,WING ATTACK,SWIFT,FLY,AGILITY,32,17,13,30,0,0,0,0,122,136,89,77,75,75,95,24705,32969,18293,24822,24822,19426,15,15,15,15,0,0,0,0,0,0,0,100,86,75,75,95,809727,262604,490673,54443,2007,8,0,0,6751,5852,899,0,693,182,150,32,2,0,25237,17200,1230,1230,559,101,190,0,0,0,0,0,60,0,9,0,0,3,0,0,0,0,0,0,0,3,0,0,0,0,6,2,0,0,0,0,0,0,9,0,0,0,0,354,126947,0,0,0,0,39,57,15,0,0,9,0,2,0,Jolteon
4-13,16:44:03,NINTEN,Pidgey,Hypno Rocket,38,Silph Co - 9F,3,57:26.68,57:26,0h57m26s,0,0,0,51,3:46,13.664,WING ATTACK,SWIFT,FLY,AGILITY,8,6831,708,151,32,679,632,311,17,29632,Jolteon, ,Normal,Flying,129710,Pidgey2,Pidgey,,00:57:13.01,00:57:26.68,03:46:05.17,51,0,0,57,26,68,WING ATTACK,SWIFT,FLY,AGILITY,32,15,11,30,0,0,0,0,111,136,89,77,75,75,95,24925,33170,18478,25102,25102,19625,15,15,15,15,0,0,0,0,0,0,0,100,86,75,75,95,815896,265039,494407,54443,2007,8,0,0,6831,5932,899,0,708,183,151,32,2,0,25620,17450,1241,1241,561,103,191,0,0,0,0,0,60,0,9,0,0,3,0,0,0,0,0,0,0,3,0,0,0,0,6,2,0,0,0,0,0,0,9,0,0,0,0,357,129575,0,0,0,0,40,57,15,0,0,9,0,2,0,Jolteon
4-13,16:44:21,NINTEN,Pidgey,Rocket,35,Silph Co - 8F,4,57:44.65,57:44,0h57m44s,0,0,0,51,3:47,11.851,WING ATTACK,SWIFT,FLY,AGILITY,8,6855,711,152,32,683,636,312,17,30472,Jolteon, ,Normal,Flying,131923,Pidgey2,Pidgey,,00:57:32.80,00:57:44.65,03:47:16.00,51,0,0,57,44,65,WING ATTACK,SWIFT,FLY,AGILITY,31,12,11,30,0,0,0,0,103,136,89,77,75,75,95,25125,33432,18678,25292,25292,19939,15,15,15,15,0,0,0,0,0,0,0,100,86,75,75,95,820139,266067,497622,54443,2007,8,0,0,6855,5956,899,0,711,184,152,32,2,0,26020,17712,1249,1249,562,103,192,0,0,0,0,0,60,0,9,0,0,3,0,0,0,0,0,0,0,3,0,0,0,0,6,2,0,0,0,0,0,0,9,0,0,0,0,361,131788,0,0,0,0,40,57,15,0,0,9,0,2,0,Jolteon
4-13,16:44:35,NINTEN,Pidgey,Rocket,33,Silph Co - 7F,2,57:59.19,57:59,0h57m59s,0,0,0,51,3:48,9.942,WING ATTACK,SWIFT,FLY,AGILITY,8,6870,712,153,32,687,639,314,17,31252,Jolteon, ,Normal,Flying,133003,Pidgey2,Pidgey,,00:57:49.25,00:57:59.19,03:48:13.03,51,0,0,57,59,19,WING ATTACK,SWIFT,FLY,AGILITY,30,11,10,30,0,0,0,0,103,136,89,77,75,75,95,25225,33532,18868,25372,25372,20009,15,15,15,15,0,-1,0,0,0,0,0,112,56,75,75,95,823562,266725,500387,54443,2007,8,0,0,6870,5971,899,0,712,185,153,32,2,0,26192,17856,1249,1249,564,104,193,0,0,0,0,0,60,0,9,0,0,3,0,0,0,0,0,0,0,3,0,0,0,0,6,2,0,0,0,0,0,0,9,0,0,0,0,363,132868,0,0,0,0,40,57,15,0,0,9,0,2,0,Jolteon
4-13,16:44:51,NINTEN,Pidgey,Rocket,32,Silph Co - 7F,4,58:15.09,58:15,0h58m15s,0,0,0,52,3:49,12.363,WING ATTACK,SWIFT,FLY,AGILITY,8,6880,713,154,32,691,643,315,17,32122,Jolteon, ,Normal,Flying,136053,Pidgey2,Pidgey,,00:58:02.73,00:58:15.09,03:49:15.41,52,0,0,58,15,9,WING ATTACK,SWIFT,FLY,AGILITY,30,7,10,30,0,0,0,0,98,139,91,79,77,77,97,25455,33843,19162,25622,25622,20311,15,15,15,15,0,0,0,0,0,0,0,102,88,77,77,97,827320,267147,503723,54443,2007,8,0,0,6880,5981,899,0,713,186,154,32,2,0,26531,18134,1257,1257,564,104,194,0,0,0,0,0,60,0,9,0,0,3,0,0,0,0,0,0,0,3,0,0,0,0,6,2,0,0,0,0,0,0,9,0,0,0,0,367,135918,0,0,0,0,40,57,15,0,0,9,0,2,0,Jolteon
4-13,16:45:06,NINTEN,Pidgey,Scientist,8,Silph Co - 7F,2,58:30.10,58:30,0h58m30s,0,0,0,52,3:50,8.678,WING ATTACK,SWIFT,FLY,AGILITY,8,6912,713,155,32,695,647,317,17,32902,Jolteon, ,Normal,Flying,137959,Pidgey2,Pidgey,,00:58:21.41,00:58:30.10,03:50:14.44,52,0,0,58,30,10,WING ATTACK,SWIFT,FLY,AGILITY,30,3,10,30,0,0,0,0,90,139,91,79,77,77,97,25620,33998,19307,25767,25767,20501,15,15,15,15,0,0,0,0,0,0,0,102,88,77,77,97,830863,267935,506478,54443,2007,8,0,0,6912,6013,899,0,713,187,155,32,2,0,26823,18316,1265,1265,564,105,195,0,0,0,0,0,60,0,9,0,0,3,0,0,0,0,0,0,0,3,0,0,0,0,6,2,0,0,0,0,0,0,9,0,0,0,0,369,137824,0,0,0,0,40,57,15,0,0,9,0,2,0,Jolteon
4-13,16:45:20,NINTEN,Pidgey,Rocket,30,Silph Co - 6F,2,58:43.70,58:43,0h58m43s,0,0,0,52,3:51,6.78,WING ATTACK,SWIFT,FLY,AGILITY,8,6956,715,156,32,697,649,317,17,34352,Jolteon, ,Normal,Flying,139411,Pidgey2,Pidgey,,00:58:36.92,00:58:43.70,03:51:08.03,52,0,0,58,43,70,WING ATTACK,SWIFT,FLY,AGILITY,28,3,10,30,0,0,0,0,90,139,91,79,77,77,97,25770,34178,19427,25852,25852,20581,15,15,15,15,0,0,0,0,0,0,0,102,88,77,77,97,834062,269136,508476,54443,2007,8,0,0,6956,6057,899,0,715,188,156,32,2,0,27031,18490,1265,1265,566,105,195,0,0,0,0,0,60,0,9,0,0,3,0,0,0,0,0,0,0,3,0,0,0,0,6,2,0,0,0,0,0,0,9,0,0,0,0,371,139276,0,0,0,0,40,57,15,0,0,9,0,2,0,Jolteon
4-13,16:45:48,NINTEN,Pidgey,Scientist,7,Silph Co - 6F,5,59:11.76,59:11,0h59m11s,0,0,0,53,3:52,14.425,WING ATTACK,SWIFT,FLY,AGILITY,8,6971,716,157,32,702,654,317,16,35222,Jolteon, ,Normal,Flying,142518,Pidgey2,Pidgey,,00:58:57.33,00:59:11.76,03:52:58.41,53,0,0,59,11,76,WING ATTACK,SWIFT,FLY,AGILITY,28,8,10,30,0,0,0,0,142,142,92,81,79,79,99,25965,34433,19832,26242,26242,20866,15,15,15,15,0,0,0,0,0,0,0,103,91,79,79,99,840700,269634,512274,56785,2007,8,0,0,6971,6072,899,0,716,189,157,32,2,0,27550,18782,1265,1265,566,105,195,0,0,0,0,0,62,0,9,0,0,3,0,0,0,0,0,0,0,3,0,0,0,0,6,2,0,0,0,0,0,0,9,0,0,0,0,376,142383,0,0,0,0,40,57,15,0,0,9,0,2,0,Jolteon
4-13,16:46:02,NINTEN,Pidgey,Rocket,29,Silph Co - 5F,1,59:25.79,59:25,0h59m25s,0,0,0,53,3:53,7.143,WING ATTACK,SWIFT,FLY,AGILITY,8,7003,718,158,32,705,656,319,16,36472,Jolteon, ,Normal,Flying,143683,Pidgey2,Pidgey,,00:59:18.64,00:59:25.79,03:53:53.53,53,0,0,59,25,79,WING ATTACK,SWIFT,FLY,AGILITY,28,7,9,30,0,0,0,0,142,142,92,81,79,79,99,26050,34506,19902,26357,26357,20933,15,15,15,15,0,0,0,0,0,0,0,103,91,79,79,99,844012,270559,514661,56785,2007,8,0,0,7003,6104,899,0,718,190,158,32,2,0,27711,18886,1265,1265,567,106,196,0,0,0,0,0,62,0,9,0,0,3,0,0,0,0,0,0,0,3,0,0,0,0,6,2,0,0,0,0,0,0,9,0,0,0,0,377,143548,0,0,0,0,40,57,15,0,0,9,0,2,0,Jolteon
4-13,16:46:30,NINTEN,Pidgey,Scientist,6,Silph Co - 5F,4,59:54.28,59:54,0h59m54s,0,0,0,53,3:55,23.231,WING ATTACK,SWIFT,FLY,AGILITY,8,7025,720,159,32,715,663,326,16,37462,Jolteon,Paralyzed,Normal,Flying,146672,Pidgey2,Pidgey,,00:59:31.05,00:59:54.28,03:55:46.37,53,0,0,59,54,28,WING ATTACK,SWIFT,FLY,AGILITY,27,2,9,29,0,0,0,0,47,142,92,81,79,79,99,26230,34756,20282,26717,26717,21143,15,15,15,15,0,0,0,0,2,0,0,115,102,79,79,198,850776,271406,520578,56785,2007,8,0,0,7025,6126,899,0,720,191,159,32,2,0,28104,19138,1360,1360,568,106,203,0,0,0,0,0,62,0,10,0,0,3,0,1,0,0,0,0,0,3,0,0,0,0,6,2,9,3,0,0,0,0,9,0,0,0,0,381,146537,0,0,0,0,41,57,15,0,0,9,0,2,0,Jolteon
4-13,16:46:45,NINTEN,Pidgey,Rocket,28,Silph Co - 5F,1,1:00:08.84,1:00:08,1h0m8s,0,0,0,53,3:56,7.008,WING ATTACK,SWIFT,FLY,AGILITY,8,7036,721,160,32,718,665,328,15,38762,Jolteon, ,Normal,Flying,147711,Pidgey2,Pidgey,,01:00:01.82,01:00:08.84,03:56:43.50,53,0,1,0,8,84,WING ATTACK,SWIFT,FLY,AGILITY,27,1,8,29,0,0,0,0,142,142,92,81,79,79,99,26290,34841,20351,26782,26782,21223,15,15,15,15,0,-1,0,0,0,0,0,115,59,79,79,99,854209,271747,522648,57807,2007,8,0,0,7036,6137,899,0,721,192,160,32,2,0,28270,19225,1360,1360,569,107,204,0,0,0,0,0,62,0,10,0,0,3,0,1,0,0,0,0,0,3,0,0,0,0,6,2,9,3,0,0,0,0,9,0,0,0,0,382,147576,0,0,0,0,41,57,15,0,0,9,0,2,0,Jolteon
4-13,16:47:14,NINTEN,Pidgey,Scientist,10,Silph Co - 9F,3,1:00:38.26,1:00:38,1h0m38s,0,0,0,53,3:58,18.431,WING ATTACK,SWIFT,FLY,AGILITY,8,7080,732,161,32,725,671,332,16,39752,Jolteon, ,Normal,Flying,149979,Pidgey2,Pidgey,,01:00:19.83,01:00:38.26,03:58:39.26,53,0,1,0,38,26,WING ATTACK,SWIFT,FLY,AGILITY,23,0,7,29,0,0,0,0,96,142,92,81,79,79,99,26420,34996,20591,27017,27017,21428,15,15,15,15,0,0,0,0,0,0,0,103,91,79,79,99,861145,273818,527513,57807,2007,8,0,0,7080,6181,899,0,732,193,161,32,2,0,28522,19423,1406,1406,574,108,207,0,0,0,0,0,62,0,10,0,0,3,0,1,0,0,0,0,0,3,0,0,0,0,6,2,9,3,0,0,0,0,9,0,0,0,0,385,149844,0,0,0,0,42,57,15,0,0,9,0,2,0,Jolteon
4-13,16:47:39,NINTEN,Pidgey,Rocket,37,Silph Co - 9F,3,1:01:02.56,1:01:02,1h1m2s,0,0,0,54,4:00,13.523,WING ATTACK,SWIFT,FLY,AGILITY,8,7132,746,162,32,730,676,334,16,41152,Jolteon, ,Normal,Flying,151659,Pidgey2,Pidgey,,01:00:49.03,01:01:02.56,04:00:15.12,54,0,1,1,2,56,WING ATTACK,SWIFT,FLY,AGILITY,18,0,7,29,0,0,0,0,78,145,95,83,81,81,101,26630,35204,20736,27182,27182,21530,15,15,15,15,0,0,0,0,0,0,0,106,93,81,81,101,866891,275860,531217,57807,2007,8,0,0,7132,6233,899,0,746,194,162,32,2,0,28978,19667,1427,1427,579,108,209,0,0,0,0,0,63,0,10,0,0,3,0,1,0,0,0,0,0,3,0,0,0,0,6,2,9,3,0,0,0,0,9,0,0,0,0,388,151524,0,0,0,0,42,57,15,0,0,9,0,2,0,Jolteon
4-13,16:47:58,NINTEN,Pidgey,Scientist,4,Silph Co - 3F,2,1:01:22.03,1:01:22,1h1m22s,0,0,0,54,4:01,8.13,WING ATTACK,SWIFT,FLY,AGILITY,8,7184,755,163,32,733,679,335,17,41992,Jolteon, ,Normal,Flying,153664,Pidgey2,Pidgey,,01:01:13.90,01:01:22.03,04:01:32.01,54,0,1,1,22,3,WING ATTACK,SWIFT,FLY,AGILITY,35,17,15,30,0,0,0,0,127,145,95,83,81,81,101,26755,35344,20926,27347,27347,21730,15,15,15,15,0,0,0,0,0,0,0,106,93,81,81,101,871500,277857,533829,57807,2007,8,0,0,7184,6285,899,0,755,195,163,32,2,0,29218,19826,1445,1445,579,108,210,0,0,0,0,0,64,0,10,0,0,3,0,1,0,0,0,0,0,3,0,0,0,0,6,2,9,3,0,0,0,0,9,0,0,0,0,390,153529,0,0,0,0,43,57,15,0,0,9,0,2,0,Jolteon
4-13,16:48:16,NINTEN,Pidgey,Rocket,25,Silph Co - 3F,3,1:01:39.69,1:01:39,1h1m39s,0,0,0,54,4:02,11.084,WING ATTACK,SWIFT,FLY,AGILITY,8,7209,759,164,32,737,682,337,18,43442,Jolteon, ,Normal,Flying,156046,Pidgey2,Pidgey,,01:01:28.61,01:01:39.69,04:02:41.33,54,0,1,1,39,69,WING ATTACK,SWIFT,FLY,AGILITY,35,15,14,30,0,0,0,0,108,145,95,83,81,81,101,26950,35579,21116,27562,27562,21991,15,15,15,15,0,0,0,0,0,0,0,106,93,81,81,101,875672,278996,536862,57807,2007,8,0,0,7209,6310,899,0,759,196,164,32,2,0,29510,20062,1464,1464,580,109,211,0,0,0,0,0,64,0,11,0,0,3,0,1,0,0,0,0,0,3,0,0,0,0,6,2,9,3,0,0,0,0,9,0,0,0,0,393,155911,0,0,0,0,44,57,15,0,0,9,0,2,0,Jolteon
4-13,16:48:34,NINTEN,Pidgey,Rocket,27,Silph Co - 4F,3,1:01:58.36,1:01:58,1h1m58s,0,0,0,54,4:03,11.4,WING ATTACK,SWIFT,FLY,AGILITY,8,7243,769,165,32,741,685,338,18,44282,Jolteon, ,Normal,Flying,157264,Pidgey2,Pidgey,,01:01:46.97,01:01:58.36,04:03:55.03,54,0,1,1,58,36,WING ATTACK,SWIFT,FLY,AGILITY,35,13,13,30,0,0,0,0,108,145,95,83,81,81,101,27075,35734,21290,27682,27682,22136,15,15,15,15,0,0,0,0,0,0,0,106,93,81,81,101,880082,280312,539956,57807,2007,8,0,0,7243,6344,899,0,769,197,165,32,2,0,29894,20258,1464,1464,581,109,211,0,0,0,0,0,65,0,11,0,0,3,0,1,0,0,0,0,0,3,0,0,0,0,6,2,9,3,0,0,0,0,9,0,0,0,0,396,157129,0,0,0,0,44,57,15,0,0,9,0,2,0,Jolteon
4-13,16:48:48,NINTEN,Pidgey,Rocket,26,Silph Co - 4F,2,1:02:11.59,1:02:11,1h2m11s,0,0,0,54,4:04,8.64,WING ATTACK,SWIFT,FLY,AGILITY,8,7275,770,166,32,744,688,339,18,45122,Jolteon, ,Normal,Flying,158443,Pidgey2,Pidgey,,01:02:02.95,01:02:11.59,04:04:47.14,54,0,1,2,11,59,WING ATTACK,SWIFT,FLY,AGILITY,32,13,13,30,0,0,0,0,95,145,95,83,81,81,101,27205,35862,21385,27807,27807,22213,15,15,15,15,0,0,0,0,0,0,0,106,93,81,81,101,883213,281003,542396,57807,2007,8,0,0,7275,6376,899,0,770,198,166,32,2,0,30162,20420,1477,1477,584,109,212,0,0,0,0,0,65,0,11,0,0,3,0,1,0,0,0,0,0,3,0,0,0,0,6,2,9,3,0,0,0,0,9,0,0,0,0,398,158308,0,0,0,0,44,57,15,0,0,9,0,2,0,Jolteon
4-13,16:48:58,NINTEN,Pidgey,Scientist,5,Silph Co - 4F,1,1:02:21.73,1:02:21,1h2m21s,0,0,0,54,4:05,5.734,WING ATTACK,SWIFT,FLY,AGILITY,8,7286,773,167,32,746,690,341,18,45992,Jolteon, ,Normal,Flying,159503,Pidgey2,Pidgey,,01:02:15.99,01:02:21.73,04:05:27.01,54,0,1,2,21,73,WING ATTACK,SWIFT,FLY,AGILITY,32,11,13,30,0,0,0,0,95,145,95,83,81,81,101,27265,35912,21455,27887,27887,22353,15,15,15,15,0,0,0,0,0,0,0,106,93,81,81,101,885600,281645,544141,57807,2007,8,0,0,7286,6387,899,0,773,199,167,32,2,0,30305,20507,1477,1477,584,110,213,0,0,0,0,0,65,0,11,0,0,3,0,1,0,0,0,0,0,3,0,0,0,0,6,2,9,3,0,0,0,0,9,0,0,0,0,399,159368,0,0,0,0,44,57,15,0,0,9,0,2,0,Jolteon
4-13,16:49:19,NINTEN,Pidgey,Rocket,24,Silph Co - 2F,5,1:02:42.92,1:02:42,1h2m42s,0,0,0,55,4:06,14.635,WING ATTACK,SWIFT,FLY,AGILITY,8,7331,775,168,32,751,695,342,18,47642,Jolteon, ,Normal,Flying,161903,Pidgey2,Pidgey,,01:02:28.28,01:02:42.92,04:06:50.27,55,0,1,2,42,92,WING ATTACK,SWIFT,FLY,AGILITY,32,6,13,30,0,0,0,0,89,148,96,85,83,83,103,27515,36208,21690,28132,28132,22705,15,15,15,15,0,0,0,0,0,0,0,108,95,83,83,103,890606,282782,548010,57807,2007,8,0,0,7331,6432,899,0,775,200,168,32,2,0,31011,20826,1486,1486,584,110,214,0,0,0,0,0,65,0,11,0,0,3,0,1,0,0,0,0,0,3,0,0,0,0,6,2,9,3,0,0,0,0,9,0,0,0,0,404,161768,0,0,0,0,44,57,15,0,0,9,0,2,0,Jolteon
4-13,16:49:30,NINTEN,Pidgey,Rocket,23,Silph Co - 2F,2,1:02:54.35,1:02:54,1h2m54s,0,0,0,55,4:07,6.817,WING ATTACK,SWIFT,FLY,AGILITY,8,7345,776,169,32,753,697,342,18,48392,Jolteon, ,Normal,Flying,162777,Pidgey2,Pidgey,,01:02:47.53,01:02:54.35,04:07:35.18,55,0,1,2,54,35,WING ATTACK,SWIFT,FLY,AGILITY,32,4,13,30,0,0,0,0,89,148,96,85,83,83,103,27605,36303,21820,28212,28212,22795,15,15,15,15,0,0,0,0,0,0,0,108,95,83,83,103,893297,283153,550330,57807,2007,8,0,0,7345,6446,899,0,776,201,169,32,2,0,31228,20964,1486,1486,584,110,214,0,0,0,0,0,65,0,11,0,0,3,0,1,0,0,0,0,0,3,0,0,0,0,6,2,9,3,0,0,0,0,9,0,0,0,0,406,162642,0,0,0,0,44,57,15,0,0,9,0,2,0,Jolteon
4-13,16:49:43,NINTEN,Pidgey,Scientist,3,Silph Co - 2F,3,1:03:06.69,1:03:06,1h3m6s,0,0,0,55,4:08,8.945,WING ATTACK,SWIFT,FLY,AGILITY,8,7355,777,170,32,756,700,342,18,49262,Jolteon, ,Normal,Flying,164895,Pidgey2,Pidgey,,01:02:57.74,01:03:06.69,04:08:23.49,55,0,1,3,6,69,WING ATTACK,SWIFT,FLY,AGILITY,32,1,13,30,0,0,0,0,89,148,96,85,83,83,103,27720,36428,22035,28482,28482,23010,15,15,15,15,0,0,0,0,0,0,0,108,95,83,83,103,896208,283569,552825,57807,2007,8,0,0,7355,6456,899,0,777,202,170,32,2,0,31505,21154,1486,1486,584,110,214,0,0,0,0,0,65,0,11,0,0,3,0,1,0,0,0,0,0,3,0,0,0,0,6,2,9,3,0,0,0,0,9,0,0,0,0,409,164760,0,0,0,0,44,57,15,0,0,9,0,2,0,Jolteon
4-13,16:50:05,NINTEN,Pidgey,Juggler,7,Fuchsia City - Gym,1,1:03:29.19,1:03:29,1h3m29s,0,0,0,55,4:09,4.852,WING ATTACK,SWIFT,FLY,AGILITY,8,7391,783,171,32,757,701,342,18,50662,Jolteon, ,Normal,Flying,166237,Pidgey2,Pidgey,,01:03:24.34,01:03:29.19,04:09:52.09,55,0,1,3,29,19,WING ATTACK,SWIFT,FLY,AGILITY,35,19,15,30,0,0,0,0,148,148,96,85,83,83,103,27805,36501,22105,28597,28597,23077,15,15,15,15,0,0,0,0,0,0,0,108,95,83,83,103,901508,286344,554465,58692,2007,8,0,0,7391,6492,899,0,783,203,171,32,2,0,31629,21272,1486,1486,584,110,214,0,0,0,0,0,66,0,11,0,0,3,0,1,0,0,0,0,0,3,0,0,0,0,6,2,9,3,0,0,0,0,9,0,0,0,0,410,166102,0,0,0,0,44,57,15,0,0,9,0,2,0,Jolteon
4-13,16:50:22,NINTEN,Pidgey,Juggler,3,Fuchsia City - Gym,4,1:03:46.10,1:03:46,1h3m46s,0,0,0,56,4:10,13.706,WING ATTACK,SWIFT,FLY,AGILITY,8,7397,784,172,32,761,705,342,18,51992,Jolteon, ,Normal,Flying,169228,Pidgey2,Pidgey,,01:03:32.39,01:03:46.10,04:10:53.49,56,0,1,3,46,10,WING ATTACK,SWIFT,FLY,AGILITY,35,15,15,30,0,0,0,0,151,151,99,87,84,84,105,28025,36680,22270,28987,28987,23308,15,15,15,15,0,0,0,0,0,0,0,111,97,84,84,105,905208,286600,557909,58692,2007,8,0,0,7397,6498,899,0,784,204,172,32,2,0,32131,21591,1486,1486,584,110,214,0,0,0,0,0,66,0,11,0,0,3,0,1,0,0,0,0,0,3,0,0,0,0,6,2,9,3,0,0,0,0,9,0,0,0,0,414,169093,0,0,0,0,44,57,15,0,0,9,0,2,0,Jolteon
4-13,16:50:41,NINTEN,Pidgey,Tamer,2,Fuchsia City - Gym,3,1:04:04.72,1:04:04,1h4m4s,0,0,0,56,4:12,13.557,WING ATTACK,SWIFT,FLY,AGILITY,8,7406,787,173,32,767,710,345,18,53077,Jolteon, ,Normal,Flying,172458,Pidgey2,Pidgey,,01:03:51.16,01:04:04.72,04:12:07.17,56,0,1,4,4,72,WING ATTACK,SWIFT,FLY,AGILITY,35,11,14,30,0,0,0,0,146,151,99,87,84,84,105,28220,36950,22518,29172,29172,23533,15,15,15,15,0,0,0,0,0,-1,0,124,109,84,84,105,909616,286999,561918,58692,2007,8,0,0,7406,6507,899,0,787,205,173,32,2,0,32616,21862,1491,1491,585,111,216,0,0,0,0,0,68,0,11,0,0,3,0,1,0,0,0,0,0,3,0,0,0,0,6,2,9,3,0,0,0,0,9,0,0,0,0,417,172323,0,0,0,0,44,57,15,0,0,9,0,2,0,Jolteon
4-13,16:50:56,NINTEN,Pidgey,Tamer,1,Fuchsia City - Gym,2,1:04:19.97,1:04:19,1h4m19s,0,0,0,56,4:13,11.19,WING ATTACK,SWIFT,FLY,AGILITY,8,7422,792,174,32,772,714,348,18,54397,Jolteon, ,Normal,Flying,174715,Pidgey2,Pidgey,,01:04:08.77,01:04:19.97,04:13:07.34,56,0,1,4,19,97,WING ATTACK,SWIFT,FLY,AGILITY,34,9,13,30,0,0,0,0,138,151,99,87,84,84,105,28355,37135,22697,29292,29292,23678,15,15,15,15,0,0,0,0,0,0,0,111,97,84,84,105,913233,287484,565050,58692,2007,8,0,0,7422,6523,899,0,792,206,174,32,2,0,32912,22052,1499,1499,587,112,218,0,0,0,0,0,69,0,11,0,0,3,0,1,0,0,0,0,0,3,0,0,0,0,6,2,9,3,0,0,0,0,9,0,0,0,0,419,174580,0,0,0,0,44,57,15,0,0,9,0,2,0,Jolteon
4-13,16:51:08,NINTEN,Pidgey,Juggler,4,Fuchsia City - Gym,2,1:04:32.19,1:04:32,1h4m32s,0,0,0,56,4:13,8.429,WING ATTACK,SWIFT,FLY,AGILITY,8,7427,795,175,32,775,717,349,18,55757,Jolteon, ,Normal,Flying,176658,Pidgey2,Pidgey,,01:04:23.76,01:04:32.19,04:13:55.47,56,0,1,4,32,19,WING ATTACK,SWIFT,FLY,AGILITY,34,6,13,30,0,0,0,0,92,151,99,87,84,84,105,28500,37256,22812,29497,29497,23787,15,15,15,15,0,0,0,0,0,0,0,111,97,84,84,105,916126,287900,567527,58692,2007,8,0,0,7427,6528,899,0,795,207,175,32,2,0,33172,22249,1545,1545,587,112,219,0,0,0,0,0,69,0,12,0,0,3,0,1,0,0,0,0,0,3,0,0,0,0,6,2,9,3,0,0,0,0,9,0,0,0,0,421,176523,0,0,0,0,44,57,15,0,0,9,0,2,0,Jolteon
4-13,16:51:42,NINTEN,Pidgey,Koga,1,Fuchsia City - Gym,4,1:05:05.67,1:05:05,1h5m5s,0,0,0,57,4:16,20.6,WING ATTACK,SWIFT,FLY,AGILITY,9,7434,796,176,32,783,722,353,18,56947,Jolteon, ,Normal,Flying,180350,Pidgey2,Pidgey,Koga,01:04:45.07,01:05:05.67,04:16:08.01,57,0,1,5,5,67,WING ATTACK,SWIFT,FLY,AGILITY,32,6,10,30,0,0,0,0,64,153,100,89,86,86,107,28750,37486,23022,29707,29707,24012,15,15,15,15,0,0,-1,-1,0,0,0,112,100,56,56,107,924060,288544,572911,60598,2007,9,0,0,7434,6535,899,0,796,208,176,32,2,0,33926,22741,1634,1634,592,115,220,0,0,0,0,0,70,0,13,0,0,3,0,1,0,0,0,0,0,3,0,0,0,0,6,2,9,3,0,0,0,0,9,0,0,0,0,425,180215,0,0,0,0,44,57,15,0,0,9,0,2,0,Jolteon
4-13,16:52:35,NINTEN,Pidgey,Fisher,7,Route 21,4,1:05:59.31,1:05:59,1h5m59s,0,0,0,57,4:19,11.67,WING ATTACK,SWIFT,FLY,AGILITY,9,7586,814,177,32,787,726,353,19,61897,Jolteon, ,Normal,Flying,184076,Pidgey2,Pidgey,,01:05:47.64,01:05:59.31,04:19:39.33,57,0,1,5,59,31,WING ATTACK,SWIFT,FLY,AGILITY,35,16,15,30,0,0,0,0,153,153,100,89,86,86,107,29035,37829,23277,29997,29997,24279,15,15,15,15,0,0,0,0,0,0,0,112,100,86,86,120,936752,294248,576547,63950,2007,9,0,0,7586,6656,899,31,814,209,177,32,2,0,34314,23069,1634,1634,592,115,220,0,0,0,0,0,70,0,13,0,0,3,0,1,0,0,0,0,0,3,0,0,0,0,6,2,9,3,0,0,0,0,9,0,0,0,0,429,183941,0,0,0,0,45,57,15,0,0,10,0,2,0,Jolteon
4-13,16:52:54,NINTEN,Pidgey,Swimmer,12,Route 21,2,1:06:17.69,1:06:17,1h6m17s,0,0,0,57,4:20,11.809,WING ATTACK,SWIFT,FLY,AGILITY,9,7612,814,178,32,792,730,356,19,62877,Jolteon,Poisoned,Normal,Flying,186620,Pidgey2,Pidgey,,01:06:05.88,01:06:17.69,04:20:52.15,57,0,1,6,17,69,WING ATTACK,SWIFT,FLY,AGILITY,34,14,14,30,0,0,0,0,131,153,100,89,86,86,107,29170,37964,23437,30212,30212,24464,15,15,15,15,0,0,0,0,0,0,0,112,100,86,86,120,941114,295332,579825,63950,2007,9,0,0,7612,6656,899,57,814,210,178,32,2,0,34590,23254,1656,1656,594,116,222,0,0,0,0,0,70,0,13,0,0,3,0,1,0,0,0,0,0,4,0,0,0,0,6,2,9,3,0,0,0,0,9,0,0,0,0,431,186485,0,0,0,0,45,57,15,0,0,10,0,2,0,Jolteon
4-13,16:53:31,NINTEN,Pidgey,Cue Ball,9,Route 21,3,1:06:54.86,1:06:54,1h6m54s,0,0,0,58,4:23,11.94,WING ATTACK,SWIFT,FLY,AGILITY,9,7731,836,179,32,796,733,357,19,63042,Jolteon, ,Normal,Flying,189374,Pidgey2,Pidgey,,01:06:42.93,01:06:54.86,04:23:19.09,58,0,1,6,54,86,WING ATTACK,SWIFT,FLY,AGILITY,33,20,14,30,0,0,0,0,156,156,103,90,87,87,109,29330,38114,23572,30532,30532,24704,15,15,15,15,0,0,0,0,0,0,0,115,101,87,87,122,949928,298642,583123,66156,2007,9,0,0,7731,6696,899,136,836,211,179,32,2,0,34855,23489,1656,1656,597,117,222,0,0,0,0,0,70,0,13,0,0,3,0,1,0,0,0,0,0,4,0,0,0,0,6,2,9,3,0,0,0,0,9,0,0,0,0,434,189239,0,0,0,0,45,57,15,0,0,10,0,2,0,Jolteon
4-13,16:53:51,NINTEN,Pidgey,Fisher,8,Route 21,2,1:07:15.45,1:07:15,1h7m15s,0,0,0,58,4:24,9.734,WING ATTACK,SWIFT,FLY,AGILITY,9,7779,837,180,32,799,736,358,19,63817,Jolteon, ,Normal,Flying,191365,Pidgey2,Pidgey,,01:07:05.72,01:07:15.45,04:24:40.28,58,0,1,7,15,45,WING ATTACK,SWIFT,FLY,AGILITY,33,17,14,30,0,0,0,0,121,156,103,90,87,87,109,29410,38274,23852,30662,30662,24814,15,15,15,15,0,0,0,0,0,0,0,115,101,87,87,122,954807,299933,586225,66642,2007,9,0,0,7779,6697,899,183,837,212,180,32,2,0,35012,23629,1691,1691,597,117,223,0,0,0,0,0,70,0,13,0,0,3,0,1,0,0,0,0,0,4,0,0,0,0,6,2,9,3,0,0,0,0,9,0,0,0,0,436,191230,0,0,0,0,45,57,15,0,0,10,0,2,0,Jolteon
4-13,16:54:07,NINTEN,Pidgey,Fisher,10,Route 21,2,1:07:31.25,1:07:31,1h7m31s,0,0,0,58,4:25,13.019,WING ATTACK,SWIFT,FLY,AGILITY,9,7781,841,181,32,803,739,360,19,64902,Jolteon, ,Normal,Flying,193350,Pidgey2,Pidgey,,01:07:18.23,01:07:31.25,04:25:42.54,58,0,1,7,31,25,WING ATTACK,SWIFT,FLY,AGILITY,32,16,13,30,0,0,0,0,101,156,103,90,87,87,109,29535,38433,23977,30792,30792,24945,15,15,15,15,0,0,0,0,0,0,0,115,101,87,87,122,958553,300086,589818,66642,2007,9,0,0,7781,6699,899,183,841,213,181,32,2,0,35307,23807,1711,1711,599,118,224,0,0,0,0,0,71,0,13,0,0,3,0,1,0,0,0,0,0,4,0,0,0,0,6,2,9,3,0,0,0,0,9,0,0,0,0,438,193215,0,0,0,0,45,57,15,0,0,10,0,2,0,Jolteon
4-13,16:54:25,NINTEN,Pidgey,Swimmer,14,Route 21,2,1:07:48.97,1:07:48,1h7m48s,0,0,0,58,4:26,10.127,WING ATTACK,SWIFT,FLY,AGILITY,9,7813,846,182,32,808,742,363,19,66057,Jolteon, ,Normal,Flying,195109,Pidgey2,Pidgey,,01:07:38.85,01:07:48.97,04:26:52.49,58,0,1,7,48,97,WING ATTACK,SWIFT,FLY,AGILITY,32,15,11,30,0,0,0,0,82,156,103,90,87,87,109,29624,38541,24112,30927,30927,25088,15,15,15,15,0,0,0,0,0,0,0,115,101,87,87,122,962748,300986,592724,67031,2007,9,0,0,7813,6701,899,213,846,214,182,32,2,0,35602,23962,1730,1730,601,119,225,0,0,0,0,0,72,0,14,0,0,3,0,1,0,0,0,0,0,4,0,0,0,0,6,2,9,3,0,0,0,0,9,0,0,0,0,440,194974,0,0,0,0,45,57,15,0,0,10,0,2,0,Jolteon
4-13,16:54:47,NINTEN,Pidgey,Scientist,4,Cinnabar Mansion,2,1:08:11.12,1:08:11,1h8m11s,0,0,0,58,4:28,8.147,WING ATTACK,SWIFT,FLY,AGILITY,9,7927,850,183,32,811,745,364,19,66222,Jolteon, ,Normal,Flying,197114,Pidgey2,Pidgey,,01:08:02.97,01:08:11.12,04:28:19.50,58,0,1,8,11,12,WING ATTACK,SWIFT,FLY,AGILITY,32,12,11,30,0,0,0,0,76,156,103,90,87,87,109,29749,38681,24302,31092,31092,25288,15,15,15,15,0,0,0,0,0,0,0,115,101,87,87,122,967969,303792,595139,67031,2007,9,0,0,7927,6792,899,236,850,215,183,32,2,0,35867,24121,1736,1736,601,119,226,0,0,0,0,0,73,0,14,0,0,3,0,1,0,0,0,0,0,4,0,0,0,0,6,2,9,3,0,0,0,0,9,0,0,0,0,442,196979,0,0,0,0,45,57,15,0,0,10,0,2,0,Jolteon
4-13,16:55:07,NINTEN,Pidgey,Burglar,9,Cinnabar Mansion,2,1:08:30.58,1:08:30,1h8m30s,0,0,0,58,4:29,8.609,WING ATTACK,SWIFT,FLY,AGILITY,9,7977,859,184,32,814,748,365,19,67672,Jolteon, ,Normal,Flying,198884,Pidgey2,Pidgey,,01:08:21.97,01:08:30.58,04:29:36.31,58,0,1,8,30,58,WING ATTACK,SWIFT,FLY,AGILITY,30,11,11,30,0,0,0,0,60,156,103,90,87,87,109,29854,38836,24402,31207,31207,25438,15,15,15,15,0,0,0,0,0,0,0,115,101,87,87,122,972570,305580,597573,67410,2007,9,0,0,7977,6842,899,236,859,216,184,32,2,0,36174,24290,1752,1752,603,119,227,0,0,0,0,0,74,0,14,0,0,3,0,1,0,0,0,0,0,4,0,0,0,0,6,2,9,3,0,0,0,0,9,0,0,0,0,444,198749,0,0,0,0,45,57,15,0,0,10,0,2,0,Jolteon
4-13,16:55:25,NINTEN,Pidgey,Scientist,13,Cinnabar Mansion,2,1:08:48.90,1:08:48,1h8m48s,0,0,0,59,4:30,8.283,WING ATTACK,SWIFT,FLY,AGILITY,9,8018,860,185,32,817,751,366,18,70732,Jolteon, ,Normal,Flying,200624,Pidgey2,Pidgey,,01:08:40.61,01:08:48.90,04:30:48.33,59,0,1,8,48,90,WING ATTACK,SWIFT,FLY,AGILITY,30,8,11,30,0,0,0,0,159,159,104,92,89,89,112,29939,38921,24542,31382,31382,25623,15,15,15,15,0,0,0,0,0,0,0,117,103,89,89,126,976892,306608,599935,68342,2007,9,0,0,8018,6883,899,236,860,217,185,32,2,0,36418,24446,1752,1752,603,120,227,0,0,0,0,0,74,0,14,0,0,3,0,1,0,0,0,0,0,4,0,0,0,0,6,2,9,3,0,0,0,0,9,0,0,0,0,446,200489,0,0,0,0,45,57,15,0,0,10,0,2,0,Jolteon
4-13,16:56:21,NINTEN,Pidgey,Pokemaniac,1,Route 10,2,1:09:44.89,1:09:44,1h9m44s,0,0,0,59,4:34,11.105,WING ATTACK,SWIFT,FLY,AGILITY,9,8286,881,186,32,822,755,369,19,72432,Jolteon, ,Normal,Flying,202307,Pidgey2,Pidgey,RTG2 - Pokemaniac 1,01:09:33.79,01:09:44.89,04:34:29.14,59,0,1,9,44,89,WING ATTACK,SWIFT,FLY,AGILITY,30,5,10,30,0,0,0,0,148,159,104,92,89,89,112,30109,39061,24712,31472,31472,25678,15,15,15,15,0,0,0,0,0,0,0,117,103,89,89,126,990133,313514,603363,71249,2007,9,0,0,8286,7123,899,264,881,218,186,32,2,0,36742,24636,1763,1763,604,122,228,0,0,0,0,0,76,0,14,0,0,3,0,1,0,0,0,0,0,4,0,0,0,0,6,2,9,3,0,0,0,0,9,0,0,0,0,448,202172,0,0,0,0,48,57,15,0,0,10,0,2,0,Jolteon
4-13,16:57:05,NINTEN,Pidgey,Burglar,4,Cinnabar Island - Gym,3,1:10:29.28,1:10:29,1h10m29s,0,0,0,59,4:37,11.658,WING ATTACK,SWIFT,FLY,AGILITY,9,8450,899,187,32,827,760,371,19,73932,Jolteon, ,Normal,Flying,204867,Pidgey2,Pidgey,,01:10:17.63,01:10:29.28,04:37:24.10,59,0,1,10,29,28,WING ATTACK,SWIFT,FLY,AGILITY,33,17,15,30,0,0,0,0,148,159,104,92,89,89,112,30275,39248,24872,31687,31687,25903,15,15,15,15,0,0,0,0,0,0,0,117,103,89,89,126,1000629,319731,606614,72277,2007,9,0,0,8450,7287,899,264,899,219,187,32,2,0,37159,24910,1774,1774,606,122,229,0,0,0,0,0,76,0,14,0,0,3,0,1,0,0,0,0,0,4,0,0,0,0,6,2,9,3,0,0,0,0,9,0,0,0,0,451,204732,0,0,0,0,49,57,15,0,0,10,0,2,0,Jolteon
4-13,16:57:19,NINTEN,Pidgey,Super Nerd,9,Cinnabar Island - Gym,3,1:10:43.16,1:10:43,1h10m43s,0,0,0,59,4:38,10.563,WING ATTACK,SWIFT,FLY,AGILITY,9,8458,900,188,32,831,764,372,19,77172,Jolteon, ,Normal,Flying,207211,Pidgey2,Pidgey,,01:10:32.60,01:10:43.16,04:38:18.46,59,0,1,10,43,16,WING ATTACK,SWIFT,FLY,AGILITY,33,13,15,30,0,0,0,0,131,159,104,92,89,89,112,30424,39406,25027,31917,31917,26133,15,15,15,15,0,0,0,0,0,0,0,117,103,89,89,126,1003905,320026,609595,72277,2007,9,0,0,8458,7295,899,264,900,220,188,32,2,0,37575,25172,1791,1791,606,122,230,0,0,0,0,0,76,0,14,0,0,3,0,1,0,0,0,0,0,4,0,0,0,0,6,2,9,3,0,0,0,0,9,0,0,0,0,454,207076,0,0,0,0,49,57,15,0,0,10,0,2,0,Jolteon
4-13,16:57:37,NINTEN,Pidgey,Super Nerd,10,Cinnabar Island - Gym,4,1:11:00.52,1:11:00,1h11m0s,0,0,0,59,4:39,10.975,WING ATTACK,SWIFT,FLY,AGILITY,9,8470,917,189,32,835,768,372,19,78072,Jolteon, ,Normal,Flying,209912,Pidgey2,Pidgey,,01:10:49.54,01:11:00.52,04:39:27.08,59,0,1,11,0,52,WING ATTACK,SWIFT,FLY,AGILITY,33,9,15,30,0,0,0,0,131,159,104,92,89,89,112,30606,39654,25210,32147,32147,26413,15,15,15,15,0,0,0,0,0,0,0,117,103,89,89,126,1008007,321046,612677,72277,2007,9,0,0,8470,7307,899,264,917,221,189,32,2,0,38069,25491,1791,1791,606,122,230,0,0,0,0,0,76,0,14,0,0,3,0,1,0,0,0,0,0,4,0,0,0,0,6,2,9,3,0,0,0,0,9,0,0,0,0,458,209777,0,0,0,0,49,57,15,0,0,10,0,2,0,Jolteon
4-13,16:57:47,NINTEN,Pidgey,Burglar,5,Cinnabar Island - Gym,1,1:11:11.44,1:11:11,1h11m11s,0,0,0,60,4:40,5.977,WING ATTACK,SWIFT,FLY,AGILITY,9,8482,919,190,32,837,769,373,19,78922,Jolteon, ,Normal,Flying,211247,Pidgey2,Pidgey,,01:11:05.47,01:11:11.44,04:40:10.10,60,0,1,11,11,44,WING ATTACK,SWIFT,FLY,AGILITY,33,9,14,30,0,0,0,0,134,162,107,94,92,92,114,30656,39739,25265,32212,32212,26503,15,15,15,15,0,0,0,0,0,0,0,120,105,92,92,128,1010589,321713,614592,72277,2007,9,0,0,8482,7319,899,264,919,222,190,32,2,0,38254,25589,1791,1791,607,123,230,0,0,0,0,0,77,0,14,0,0,3,0,1,0,0,0,0,0,4,0,0,0,0,6,2,9,3,0,0,0,0,9,0,0,0,0,459,211112,0,0,0,0,49,57,15,0,0,10,0,2,0,Jolteon
4-13,16:58:02,NINTEN,Pidgey,Super Nerd,11,Cinnabar Island - Gym,1,1:11:25.62,1:11:25,1h11m25s,0,0,0,60,4:41,7.503,WING ATTACK,SWIFT,FLY,AGILITY,9,8496,920,191,32,841,771,374,19,82612,Jolteon, ,Normal,Flying,212933,Pidgey2,Pidgey,,01:11:18.12,01:11:25.62,04:41:06.00,60,0,1,11,25,62,WING ATTACK,SWIFT,FLY,AGILITY,33,7,14,30,0,0,0,0,110,162,107,94,92,92,114,30721,39839,25335,32292,32292,26608,15,15,15,15,0,0,0,0,0,0,0,120,105,92,92,128,1013939,322488,617167,72277,2007,9,0,0,8496,7333,899,264,920,223,191,32,2,0,38406,25699,1815,1815,607,123,231,0,0,0,0,0,77,0,14,0,0,3,0,1,0,0,0,0,0,4,0,0,0,0,6,2,9,3,0,0,0,0,9,0,0,0,0,460,212798,0,0,0,0,49,57,15,0,0,10,0,2,0,Jolteon
4-13,16:58:14,NINTEN,Pidgey,Burglar,6,Cinnabar Island - Gym,2,1:11:37.50,1:11:37,1h11m37s,0,0,0,60,4:41,7.071,WING ATTACK,SWIFT,FLY,AGILITY,9,8509,920,192,32,843,773,375,19,83637,Jolteon, ,Normal,Flying,214153,Pidgey2,Pidgey,,01:11:30.43,01:11:37.50,04:41:52.50,60,0,1,11,37,50,WING ATTACK,SWIFT,FLY,AGILITY,33,5,14,30,0,0,0,0,104,162,107,94,92,92,114,30814,39950,25420,32407,32407,26733,15,15,15,15,0,0,0,0,0,0,0,120,105,92,92,128,1016749,323143,619322,72277,2007,9,0,0,8509,7346,899,264,920,224,192,32,2,0,38666,25873,1821,1821,607,123,232,0,0,0,0,0,77,0,14,0,0,3,0,1,0,0,0,0,0,4,0,0,0,0,6,2,9,3,0,0,0,0,9,0,0,0,0,462,214018,0,0,0,0,49,57,15,0,0,10,0,2,0,Jolteon
4-13,16:58:26,NINTEN,Pidgey,Super Nerd,12,Cinnabar Island - Gym,2,1:11:50.21,1:11:50,1h11m50s,0,0,0,60,4:42,7.131,WING ATTACK,SWIFT,FLY,AGILITY,9,8526,923,193,32,845,775,376,19,86967,Jolteon, ,Normal,Flying,215373,Pidgey2,Pidgey,,01:11:43.08,01:11:50.21,04:42:42.51,60,0,1,11,50,21,WING ATTACK,SWIFT,FLY,AGILITY,33,3,14,30,0,0,0,0,98,162,107,94,92,92,114,30907,40061,25505,32522,32522,26858,15,15,15,15,0,0,0,0,0,0,0,120,105,92,92,128,1019750,323968,621498,72277,2007,9,0,0,8526,7363,899,264,923,225,193,32,2,0,38933,26047,1827,1827,607,123,233,0,0,0,0,0,77,0,14,0,0,3,0,1,0,0,0,0,0,4,0,0,0,0,6,2,9,3,0,0,0,0,9,0,0,0,0,464,215238,0,0,0,0,49,57,15,0,0,10,0,2,0,Jolteon
4-13,16:59:30,NINTEN,Pidgey,Rival5-Silph,5,Silph Co - 7F,5,1:12:54.03,1:12:54,1h12m54s,0,0,0,60,4:46,24.187,DOUBLE-EDGE,SWIFT,FLY,AGILITY,10,8694,928,194,32,852,782,379,18,87892,Jolteon, ,Normal,Flying,222417,Pidgey2,Pidgey,Rival (Silph Co.),01:12:29.84,01:12:54.03,04:46:54.12,60,0,1,12,54,3,DOUBLE-EDGE,SWIFT,FLY,AGILITY,11,17,15,30,0,0,0,0,24,162,107,94,92,92,114,31210,40432,25960,32992,32992,27328,15,15,15,15,0,0,0,0,0,0,0,120,105,92,92,128,1034831,329967,627636,75221,2007,10,0,0,8694,7531,899,264,928,226,194,32,2,0,39629,26534,1965,1965,611,123,236,0,0,0,0,0,77,0,14,0,0,3,0,1,0,0,0,0,0,4,0,0,0,0,6,2,9,3,0,0,0,0,9,0,0,0,0,469,222282,0,0,0,0,49,57,15,0,0,11,0,2,0,Jolteon
4-13,16:59:56,NINTEN,Pidgey,Rocket,45,Silph Co - 11F,3,1:13:20.17,1:13:20,1h13m20s,0,0,0,61,4:48,10.448,DOUBLE-EDGE,SWIFT,FLY,AGILITY,10,8704,928,195,32,855,785,379,17,90492,Jolteon, ,Normal,Flying,224999,Pidgey2,Pidgey,,01:13:09.72,01:13:20.17,04:48:37.20,61,0,1,13,20,17,DOUBLE-EDGE,SWIFT,FLY,AGILITY,10,15,15,30,0,0,0,0,143,164,108,96,93,93,116,31375,40652,26184,33182,33182,27558,15,15,15,15,0,0,0,0,0,0,0,121,108,93,93,130,1041019,331522,630629,76861,2007,10,0,0,8704,7541,899,264,928,227,195,32,2,0,40003,26773,1986,1986,612,123,236,0,0,0,0,0,77,0,14,0,0,3,0,1,0,0,0,0,0,4,0,0,0,0,6,2,9,3,0,0,0,0,9,0,0,0,0,472,224864,0,0,0,0,49,57,15,0,0,11,0,2,0,Jolteon
4-13,17:00:36,NINTEN,Pidgey,Giovanni-Silph,2,Silph Co - 11F,4,1:14:00.12,1:14:00,1h14m0s,0,0,0,61,4:51,24.95,DOUBLE-EDGE,SWIFT,FLY,AGILITY,11,8719,929,196,32,864,793,382,16,91422,Jolteon, ,Normal,Flying,229816,Pidgey2,Pidgey,Giovanni (Silph),01:13:35.17,01:14:00.12,04:51:15.23,61,0,1,14,0,12,DOUBLE-EDGE,SWIFT,FLY,AGILITY,9,9,14,30,0,0,0,0,120,164,108,96,93,93,116,31671,40961,26483,33407,33407,27839,15,15,15,15,0,-1,0,0,0,0,0,136,70,93,93,146,1050502,332746,637356,78393,2007,11,0,0,8719,7556,899,264,929,228,196,32,2,0,40658,27210,2030,2030,614,124,238,0,0,0,0,0,78,0,14,0,0,3,0,1,0,0,0,0,0,4,0,0,0,0,6,2,9,3,0,0,0,0,9,0,0,0,0,476,229681,0,0,0,0,49,57,15,0,0,11,0,2,0,Jolteon
4-13,17:01:09,NINTEN,Pidgey,Psychic,3,Saffron City - Gym,3,1:14:33.35,1:14:33,1h14m33s,0,0,0,61,4:53,12.202,DOUBLE-EDGE,SWIFT,FLY,AGILITY,11,8824,936,197,32,870,799,385,16,95481,Jolteon, ,Normal,Flying,232373,Pidgey2,Pidgey,,01:14:21.15,01:14:33.35,04:53:26.13,61,0,1,14,33,35,DOUBLE-EDGE,SWIFT,FLY,AGILITY,9,3,14,30,0,0,0,0,120,164,108,96,93,93,116,31946,41166,26723,33567,33567,27899,15,15,15,15,-2,0,0,0,0,0,0,60,136,93,93,164,1058352,336911,640745,78689,2007,11,0,0,8824,7661,899,264,936,229,197,32,2,0,41101,27534,2030,2030,614,125,240,0,0,0,0,0,79,0,14,0,0,3,0,1,0,0,0,0,0,4,0,0,0,0,6,2,9,3,0,0,0,0,9,0,0,0,0,479,232238,0,0,0,0,49,57,15,0,0,11,0,2,0,Jolteon
4-13,17:01:21,NINTEN,Pidgey,Psychic,2,Saffron City - Gym,2,1:14:44.94,1:14:44,1h14m44s,0,0,0,62,4:54,7.584,DOUBLE-EDGE,SWIFT,FLY,AGILITY,11,8830,941,198,32,872,801,385,16,95811,Jolteon, ,Normal,Flying,234419,Pidgey2,Pidgey,,01:14:37.35,01:14:44.94,04:54:11.48,62,0,1,14,44,94,DOUBLE-EDGE,SWIFT,FLY,AGILITY,9,1,14,30,0,0,0,0,123,167,111,98,95,95,119,32026,41246,26818,33787,33787,28094,15,15,15,15,0,0,0,0,0,0,0,124,110,95,95,133,1061087,337357,643034,78689,2007,11,0,0,8830,7667,899,264,941,230,198,32,2,0,41482,27686,2030,2030,614,125,240,0,0,0,0,0,80,0,14,0,0,3,0,1,0,0,0,0,0,4,0,0,0,0,6,2,9,3,0,0,0,0,9,0,0,0,0,481,234284,0,0,0,0,49,57,15,0,0,11,0,2,0,Jolteon
4-13,17:01:36,NINTEN,Pidgey,Channeler,23,Saffron City - Gym,1,1:14:59.96,1:14:59,1h14m59s,0,0,0,62,4:55,5.185,DOUBLE-EDGE,SWIFT,FLY,AGILITY,11,8844,945,199,32,874,802,386,16,96151,Jolteon, ,Normal,Flying,235445,Pidgey2,Pidgey,,01:14:54.78,01:14:59.96,04:55:10.37,62,0,1,14,59,96,DOUBLE-EDGE,SWIFT,FLY,AGILITY,9,1,13,30,0,0,0,0,123,167,111,98,95,95,119,32071,41296,26863,33902,33902,28189,15,15,15,15,0,0,0,0,0,0,0,124,110,95,95,133,1064616,338863,645057,78689,2007,11,0,0,8844,7681,899,264,945,231,199,32,2,0,41622,27774,2030,2030,615,126,240,0,0,0,0,0,80,0,14,0,0,3,0,1,0,0,0,0,0,4,0,0,0,0,6,2,9,3,0,0,0,0,9,0,0,0,0,482,235310,0,0,0,0,49,57,15,0,0,11,0,2,0,Jolteon
4-13,17:01:47,NINTEN,Pidgey,Psychic,4,Saffron City - Gym,1,1:15:10.67,1:15:10,1h15m10s,0,0,0,62,4:55,5.81,DOUBLE-EDGE,SWIFT,FLY,AGILITY,11,8852,946,200,32,876,804,387,16,97291,Jolteon, ,Normal,Flying,236780,Pidgey2,Pidgey,,01:15:04.86,01:15:10.67,04:55:52.45,62,0,1,15,10,67,DOUBLE-EDGE,SWIFT,FLY,AGILITY,7,1,13,30,0,0,0,0,92,167,111,98,95,95,119,32166,41371,26973,33982,33982,28219,15,15,15,15,-1,0,0,0,0,0,0,82,123,95,95,149,1067144,339529,646919,78689,2007,11,0,0,8852,7689,899,264,946,232,200,32,2,0,41789,27900,2061,2061,617,126,241,0,0,0,0,0,80,0,14,0,0,3,0,1,0,0,0,0,0,4,0,0,0,0,6,2,9,3,0,0,0,0,9,0,0,0,0,483,236645,0,0,0,0,49,57,15,0,0,11,0,2,0,Jolteon
4-13,17:02:07,NINTEN,Pidgey,Psychic,1,Saffron City - Gym,4,1:15:31.33,1:15:31,1h15m31s,0,0,0,62,4:57,14.74,DOUBLE-EDGE,SWIFT,FLY,AGILITY,11,8866,961,201,32,884,808,391,16,97671,Jolteon, ,Normal,Flying,240266,Pidgey2,Pidgey,,01:15:16.59,01:15:31.33,04:57:14.01,62,0,1,15,31,33,DOUBLE-EDGE,SWIFT,FLY,AGILITY,7,1,9,30,0,0,0,0,92,167,111,98,95,95,119,32376,41551,27163,34362,34362,28534,15,15,15,15,0,0,0,0,0,0,0,124,110,95,95,133,1072020,340428,650896,78689,2007,11,0,0,8866,7703,899,264,961,233,201,32,2,0,42475,28211,2061,2061,621,129,242,0,0,0,0,0,80,0,14,0,0,3,0,1,0,0,0,0,0,4,0,0,0,0,6,2,9,3,0,0,0,0,9,0,0,0,0,487,240131,0,0,0,0,49,57,15,0,0,11,0,2,0,Jolteon
4-13,17:02:46,NINTEN,Pidgey,Sabrina,1,Saffron City - Gym,3,1:16:10.36,1:16:10,1h16m10s,0,0,0,62,4:59,23.858,DOUBLE-EDGE,SWIFT,FLY,AGILITY,12,8877,962,202,32,900,824,403,15,97981,Jolteon, ,Normal,Flying,244591,Pidgey2,Pidgey,Sabrina,01:15:46.50,01:16:10.36,04:59:48.28,62,0,1,16,10,36,DOUBLE-EDGE,SWIFT,FLY,AGILITY,15,17,15,17,0,0,0,0,92,167,111,98,95,95,119,32496,41656,27253,34722,34722,28849,15,15,15,15,0,0,0,0,6,-4,0,277,246,95,95,760,1081287,341411,657062,80807,2007,12,0,0,8877,7714,899,264,962,234,202,32,2,0,43292,28535,2061,2061,621,137,246,0,0,0,0,0,80,0,14,0,0,3,0,1,0,0,0,0,0,4,0,0,0,0,6,2,9,3,0,0,0,0,9,0,0,0,0,490,244456,0,0,0,0,49,57,15,0,0,11,0,2,0,Jolteon
4-13,17:05:03,NINTEN,Pidgey,Blaine,1,Cinnabar Island - Gym,3,1:18:27.30,1:18:27,1h18m27s,0,1,1,74,5:08,13.195,DOUBLE-EDGE,SWIFT,FLY,AGILITY,13,9045,968,204,32,914,836,412,15,51465,Jolteon, ,Normal,Flying,417738,Pidgey2,Pidgey,Blaine,01:18:14.11,01:18:27.30,05:08:47.34,74,0,1,18,27,30,DOUBLE-EDGE,SWIFT,FLY,AGILITY,12,19,15,30,0,0,0,0,62,198,131,116,113,113,141,32862,42118,27623,35162,35162,29354,15,15,15,15,0,0,0,0,0,0,0,147,130,113,113,158,1113633,349891,669933,91802,2007,13,0,0,9045,7882,899,264,968,236,204,32,2,0,44413,29378,2817,2424,628,138,255,0,0,0,0,0,81,0,14,0,0,4,0,1,0,0,0,0,0,4,0,0,0,0,7,2,9,3,0,0,0,0,9,0,0,0,3,495,254692,0,0,0,0,49,57,15,0,0,11,1,2,1,Jolteon
4-13,17:05:38,NINTEN,Pidgey,Blackbelt,6,Viridian City - Gym,2,1:19:02.35,1:19:02,1h19m2s,0,1,1,74,5:11,8.562,DOUBLE-EDGE,SWIFT,FLY,AGILITY,13,9163,982,205,32,918,838,414,16,56811,Jolteon, ,Normal,Flying,419742,Pidgey2,Pidgey,,01:18:53.79,01:19:02.35,05:11:05.44,74,0,1,19,2,35,DOUBLE-EDGE,SWIFT,FLY,AGILITY,15,20,13,30,0,0,0,0,198,198,131,116,113,113,141,33012,42298,27743,35247,35247,29434,15,15,15,15,0,0,0,0,0,0,0,147,130,127,127,158,1121923,354851,672513,92552,2007,13,0,0,9163,8000,899,264,982,237,205,32,2,0,45055,29610,2817,2424,630,140,255,0,0,0,0,0,81,0,14,0,0,4,0,1,0,0,0,0,0,4,0,0,0,0,7,2,9,3,0,0,0,0,9,0,0,0,3,497,256696,0,0,0,0,49,57,15,0,0,11,1,2,1,Jolteon
4-13,17:05:49,NINTEN,Pidgey,Cooltrainer M,9,Viridian City - Gym,2,1:19:12.52,1:19:12,1h19m12s,0,1,1,74,5:11,6.952,DOUBLE-EDGE,SWIFT,FLY,AGILITY,13,9164,982,206,32,920,840,414,16,57811,Jolteon, ,Normal,Flying,422382,Pidgey2,Pidgey,,01:19:05.57,01:19:12.52,05:11:45.47,74,0,1,19,12,52,DOUBLE-EDGE,SWIFT,FLY,AGILITY,14,19,13,30,0,0,0,0,170,198,131,116,113,113,141,33122,42478,27903,35372,35372,29619,15,15,15,15,0,0,0,0,0,0,0,147,130,127,127,158,1124326,355116,674651,92552,2007,13,0,0,9164,8001,899,264,982,238,206,32,2,0,45328,29805,2845,2452,631,140,255,0,0,0,0,0,81,0,14,0,0,4,0,1,0,0,0,0,0,4,0,0,0,0,7,2,9,3,0,0,0,0,9,0,0,0,3,499,259336,0,0,0,0,49,57,15,0,0,11,1,2,1,Jolteon
4-13,17:06:00,NINTEN,Pidgey,Tamer,3,Viridian City - Gym,1,1:19:23.52,1:19:23,1h19m23s,0,1,1,74,5:12,7.941,DOUBLE-EDGE,SWIFT,FLY,AGILITY,13,9168,984,207,32,922,842,415,16,59176,Jolteon, ,Normal,Flying,423625,Pidgey2,Pidgey,,01:19:15.58,01:19:23.52,05:12:29.12,74,0,1,19,23,52,DOUBLE-EDGE,SWIFT,FLY,AGILITY,12,19,13,30,0,0,0,0,130,198,131,116,113,113,141,33202,42563,27998,35402,35402,29644,15,15,15,15,0,0,0,0,0,0,0,147,130,127,127,158,1126931,355327,677045,92552,2007,13,0,0,9168,8005,899,264,984,239,207,32,2,0,45461,29933,2885,2492,633,140,256,0,0,0,0,0,81,0,14,0,0,4,0,1,0,0,0,0,0,4,0,0,0,0,7,2,9,3,0,0,0,0,9,0,0,0,3,500,260579,0,0,0,0,49,57,15,0,0,11,1,2,1,Jolteon
4-13,17:06:09,NINTEN,Pidgey,Cooltrainer M,10,Viridian City - Gym,1,1:19:33.19,1:19:33,1h19m33s,0,1,1,74,5:13,5.968,DOUBLE-EDGE,SWIFT,FLY,AGILITY,13,9174,988,208,32,924,844,416,16,60896,Jolteon, ,Normal,Flying,424868,Pidgey2,Pidgey,,01:19:27.22,01:19:33.19,05:13:07.18,74,0,1,19,33,19,DOUBLE-EDGE,SWIFT,FLY,AGILITY,10,19,13,30,0,0,0,0,99,198,131,116,113,113,141,33282,42648,28093,35432,35432,29669,15,15,15,15,0,0,0,0,0,0,0,147,130,127,127,158,1129217,355709,678949,92552,2007,13,0,0,9174,8011,899,264,988,240,208,32,2,0,45602,30061,2916,2523,635,141,256,0,0,0,0,0,81,0,14,0,0,4,0,1,0,0,0,0,0,4,0,0,0,0,7,2,9,3,0,0,0,0,9,0,0,0,3,501,261822,0,0,0,0,49,57,15,0,0,11,1,2,1,Jolteon
4-13,17:06:26,NINTEN,Pidgey,Blackbelt,8,Viridian City - Gym,3,1:19:49.55,1:19:49,1h19m49s,0,1,1,74,5:14,12.394,DOUBLE-EDGE,SWIFT,FLY,AGILITY,13,9182,991,209,32,930,847,417,16,62401,Jolteon, ,Normal,Flying,427959,Pidgey2,Pidgey,,01:19:37.15,01:19:49.55,05:14:11.52,74,0,1,19,49,55,DOUBLE-EDGE,SWIFT,FLY,AGILITY,10,19,10,30,0,0,0,0,99,198,131,116,113,113,141,33512,42928,28283,35567,35567,29794,15,15,15,15,0,0,0,0,0,0,0,147,130,127,127,158,1133091,356143,682389,92552,2007,13,0,0,9182,8019,899,264,991,241,209,32,2,0,46494,30396,2916,2523,638,142,256,0,0,0,0,0,81,0,14,0,0,4,0,1,0,0,0,0,0,4,0,0,0,0,7,2,9,3,0,0,0,0,9,0,0,0,3,504,264913,0,0,0,0,49,57,15,0,0,11,1,2,1,Jolteon
4-13,17:06:43,NINTEN,Pidgey,Tamer,4,Viridian City - Gym,2,1:20:06.93,1:20:06,1h20m6s,0,1,1,75,5:15,8.699,DOUBLE-EDGE,SWIFT,FLY,AGILITY,13,9221,998,210,32,932,849,417,16,63351,Jolteon, ,Normal,Flying,430949,Pidgey2,Pidgey,,01:19:58.23,01:20:06.93,05:15:20.37,75,0,1,20,6,93,DOUBLE-EDGE,SWIFT,FLY,AGILITY,9,18,10,30,0,0,0,0,75,202,134,119,115,115,143,33647,43113,28447,35702,35702,29984,15,15,15,15,0,0,0,0,0,0,0,150,133,129,129,160,1137216,357732,684925,92552,2007,13,0,0,9221,8058,899,264,998,242,210,32,2,0,46768,30611,2944,2551,639,142,256,0,0,0,0,0,81,0,14,0,0,4,0,1,0,0,0,0,0,4,0,0,0,0,7,2,9,3,0,0,0,0,9,0,0,0,3,506,267903,0,0,0,0,49,57,15,0,0,11,1,2,1,Jolteon
4-13,17:06:55,NINTEN,Pidgey,Blackbelt,7,Viridian City - Gym,1,1:20:19.24,1:20:19,1h20m19s,0,1,1,75,5:16,5.505,DOUBLE-EDGE,SWIFT,FLY,AGILITY,13,9232,1000,211,32,934,850,418,16,64911,Jolteon, ,Normal,Flying,432293,Pidgey2,Pidgey,,01:20:13.74,01:20:19.24,05:16:09.08,75,0,1,20,19,24,DOUBLE-EDGE,SWIFT,FLY,AGILITY,9,18,9,30,0,0,0,0,75,202,134,119,115,115,143,33727,43213,28517,35752,35752,30029,15,15,15,15,0,0,0,0,0,0,0,150,133,129,129,160,1140127,358546,687022,92552,2007,13,0,0,9232,8069,899,264,1000,243,211,32,2,0,47026,30739,2944,2551,640,143,256,0,0,0,0,0,81,0,14,0,0,4,0,1,0,0,0,0,0,4,0,0,0,0,7,2,9,3,0,0,0,0,9,0,0,0,3,507,269247,0,0,0,0,49,57,15,0,0,11,1,2,1,Jolteon
4-13,17:08:10,NINTEN,Pidgey,Giovanni,3,Viridian City - Gym,5,1:21:33.83,1:21:33,1h21m33s,0,1,1,75,5:21,35.478,DOUBLE-EDGE,MIMIC,FLY,AGILITY,15,9399,1039,212,32,948,862,424,15,65986,Jolteon, ,Normal,Flying,442514,Pidgey2,Pidgey,Giovanni,01:20:58.35,01:21:33.83,05:21:04.41,75,0,1,21,33,83,DOUBLE-EDGE,MIMIC,FLY,AGILITY,15,3,13,27,0,0,0,0,202,202,134,119,115,115,143,34103,43667,28911,36082,36082,30465,15,15,15,15,0,0,0,0,6,-1,0,238,210,205,205,723,1157860,363883,695954,96016,2007,15,0,0,9399,8236,899,264,1039,244,212,32,2,0,48213,31499,2944,2551,646,146,258,0,0,0,0,0,81,0,14,0,0,4,0,1,0,0,0,0,0,4,0,0,0,0,7,2,9,3,0,0,0,0,9,0,0,0,3,512,279468,0,0,0,0,49,57,15,0,0,12,1,2,1,Jolteon
4-13,17:09:11,NINTEN,Pidgey,Rival6-Route 22,8,Route 22,6,1:22:35.10,1:22:35,1h22m35s,0,1,1,76,5:25,33.141,DOUBLE-EDGE,MIMIC,FLY,AGILITY,16,9536,1050,213,32,959,872,427,16,71431,Jolteon, ,Normal,Flying,452648,Pidgey2,Pidgey,Rival (Final),01:22:01.96,01:22:35.10,05:25:07.16,76,0,1,22,35,10,DOUBLE-EDGE,MIMIC,FLY,AGILITY,14,2,14,30,0,0,0,0,143,204,135,121,116,116,146,34466,44078,29446,36612,36612,30975,15,15,15,15,0,0,0,0,0,0,0,151,136,130,130,164,1172415,369294,704545,96569,2007,16,0,0,9536,8373,899,264,1050,245,213,32,2,0,49815,32276,3005,2612,656,146,260,0,0,0,0,0,87,0,14,0,0,4,0,1,0,0,0,0,0,4,0,0,0,0,7,2,9,3,0,0,0,0,9,0,0,0,3,518,289602,0,0,0,0,49,57,15,0,0,12,1,2,1,Jolteon
4-13,17:10:53,NINTEN,Pidgey,Cooltrainer F,5,Victory Road,2,1:24:17.22,1:24:17,1h24m17s,0,1,1,76,5:31,12.321,DOUBLE-EDGE,MIMIC,FLY,AGILITY,16,9995,1111,214,33,965,875,432,18,74876,Jolteon, ,Normal,Flying,455720,Pidgey2,Pidgey,,01:24:04.89,01:24:17.22,05:31:51.57,76,0,1,24,17,22,DOUBLE-EDGE,MIMIC,FLY,AGILITY,15,10,12,30,0,0,0,0,184,204,135,121,116,116,146,34604,44224,29581,36777,36777,31190,15,15,15,15,0,0,0,0,0,0,0,151,136,130,130,164,1196696,387076,708973,98640,2007,16,0,0,9995,8797,899,299,1111,247,214,33,3,0,50182,32519,3025,2632,658,151,261,0,0,0,0,0,88,0,14,0,0,4,0,1,0,0,0,0,0,4,0,0,0,0,7,2,9,3,0,0,0,0,9,0,0,0,3,520,292674,0,0,0,0,51,57,15,0,0,12,1,2,1,Jolteon
4-13,17:11:14,NINTEN,Pidgey,Cooltrainer M,5,Victory Road,4,1:24:37.65,1:24:37,1h24m37s,0,1,1,76,5:33,16.653,DOUBLE-EDGE,MIMIC,FLY,AGILITY,16,10008,1114,215,33,971,879,434,18,76416,Jolteon, ,Normal,Flying,461435,Pidgey2,Pidgey,,01:24:20.99,01:24:37.65,05:33:12.42,76,0,1,24,37,65,DOUBLE-EDGE,MIMIC,FLY,AGILITY,13,10,10,30,0,0,0,0,126,204,135,121,116,116,146,34859,44497,29860,37072,37072,31488,15,15,15,15,0,0,0,0,0,0,0,151,136,130,130,164,1201541,387557,713337,98640,2007,16,0,0,10008,8810,899,299,1114,248,215,33,3,0,51108,32967,3083,2690,662,152,261,0,0,0,0,0,89,0,14,0,0,4,0,1,0,0,0,0,0,4,0,0,0,0,7,2,9,3,0,0,0,0,9,0,0,0,3,524,298389,0,0,0,0,51,57,15,0,0,12,1,2,1,Jolteon
4-13,17:11:41,NINTEN,Pidgey,Blackbelt,9,Victory Road,3,1:25:05.09,1:25:05,1h25m5s,0,1,1,76,5:35,12.561,DOUBLE-EDGE,MIMIC,FLY,AGILITY,16,10050,1129,216,33,977,882,437,18,77886,Jolteon, ,Normal,Flying,464933,Pidgey2,Pidgey,,01:24:52.53,01:25:05.09,05:35:01.10,76,0,1,25,5,9,DOUBLE-EDGE,MIMIC,FLY,AGILITY,13,10,7,30,0,0,0,0,126,204,135,121,116,116,146,35089,44777,30050,37207,37207,31613,15,15,15,15,0,0,0,0,0,0,0,151,136,130,130,164,1208049,389548,716822,99672,2007,16,0,0,10050,8823,928,299,1129,249,216,33,3,0,52212,33343,3083,2690,665,153,261,0,0,0,0,0,90,0,14,0,0,4,0,1,0,0,0,0,0,4,0,0,0,0,7,2,9,3,0,0,0,0,9,0,0,0,3,527,301887,0,0,0,0,51,57,15,0,0,12,1,2,1,Jolteon
4-13,17:12:02,NINTEN,Pidgey,Juggler,2,Victory Road,4,1:25:26.16,1:25:26,1h25m26s,0,1,1,77,5:36,15.995,DOUBLE-EDGE,MIMIC,FLY,AGILITY,16,10067,1135,217,33,985,886,441,18,78961,Jolteon, ,Normal,Flying,469823,Pidgey2,Pidgey,,01:25:10.16,01:25:26.16,05:36:24.18,77,0,1,25,26,16,DOUBLE-EDGE,MIMIC,FLY,AGILITY,13,10,3,30,0,0,0,0,129,207,138,122,118,118,148,35314,44968,30225,37652,37652,31932,15,15,15,15,0,0,0,0,0,0,0,155,137,132,132,166,1213037,390244,721114,99672,2007,16,0,0,10067,8823,945,299,1135,250,217,33,3,0,53103,33756,3083,2690,669,156,261,0,0,0,0,0,90,0,14,0,0,4,0,1,0,0,0,0,0,4,0,0,0,0,7,2,9,3,0,0,0,0,9,0,0,0,3,531,306777,0,0,0,0,51,57,15,0,0,12,1,2,1,Jolteon
4-13,17:12:16,NINTEN,Pidgey,Tamer,5,Victory Road,2,1:25:40.46,1:25:40,1h25m40s,0,1,1,77,5:37,7.586,DOUBLE-EDGE,MIMIC,FLY,AGILITY,16,10094,1136,218,33,987,888,441,18,80396,Jolteon, ,Normal,Flying,472857,Pidgey2,Pidgey,,01:25:32.87,01:25:40.46,05:37:20.38,77,0,1,25,40,46,DOUBLE-EDGE,MIMIC,FLY,AGILITY,11,10,3,30,0,0,0,0,68,207,138,122,118,118,148,35459,45120,30363,37797,37797,32132,15,15,15,15,0,0,0,0,0,0,0,155,137,132,132,166,1216417,391037,723701,99672,2007,16,0,0,10094,8823,972,299,1136,251,218,33,3,0,53511,34005,3144,2751,671,156,261,0,0,0,0,0,90,0,14,0,0,4,0,1,0,0,0,0,0,4,0,0,0,0,7,2,9,3,0,0,0,0,9,0,0,0,3,533,309811,0,0,0,0,51,57,15,0,0,12,1,2,1,Jolteon
4-13,17:12:50,NINTEN,Pidgey,Cooltrainer M,2,Victory Road,3,1:26:13.53,1:26:13,1h26m13s,0,1,1,77,5:39,17.033,DOUBLE-EDGE,MIMIC,FLY,AGILITY,17,10114,1140,219,33,995,893,446,17,82156,Jolteon, ,Normal,Flying,478642,Pidgey2,Pidgey,,01:25:56.50,01:26:13.53,05:39:31.14,77,0,1,26,13,53,DOUBLE-EDGE,MIMIC,FLY,AGILITY,9,10,12,30,0,0,0,0,138,207,138,122,118,118,148,35694,45420,30708,38087,38087,32352,15,15,15,15,0,-1,0,0,0,0,0,174,90,148,148,186,1224253,391895,728232,102119,2007,17,0,0,10114,8823,992,299,1140,252,219,33,3,0,54187,34385,3213,2820,676,159,263,0,0,0,0,0,90,0,14,0,0,4,0,1,0,0,0,0,0,4,0,0,0,0,7,2,9,3,0,0,0,0,9,0,0,0,3,536,315596,0,0,0,0,51,57,15,0,0,12,1,2,1,Jolteon
4-13,17:13:33,NINTEN,Pidgey,Cooltrainer F,3,Victory Road,3,1:26:56.90,1:26:56,1h26m56s,0,1,1,77,5:42,14.69,DOUBLE-EDGE,MIMIC,FLY,AGILITY,18,10207,1178,220,33,1000,896,448,16,83661,Jolteon, ,Normal,Flying,483791,Pidgey2,Pidgey,,01:26:42.22,01:26:56.90,05:42:23.14,77,0,1,26,56,90,DOUBLE-EDGE,MIMIC,FLY,AGILITY,8,10,10,30,0,0,0,0,104,207,138,122,118,118,148,36094,45590,30873,38367,38367,32502,15,15,15,15,0,0,0,0,0,0,0,155,137,132,132,166,1234573,396900,732224,103442,2007,18,0,0,10207,8823,1085,299,1178,253,220,33,3,0,55910,34907,3247,2854,679,160,263,0,0,0,0,0,91,0,14,0,0,4,0,1,0,0,0,0,0,4,0,0,0,0,7,2,9,3,0,0,0,0,9,0,0,0,3,539,320745,0,0,0,0,51,57,15,0,0,12,1,2,1,Jolteon
4-13,17:13:55,NINTEN,Pidgey,Cooltrainer F,2,Victory Road,3,1:27:19.16,1:27:19,1h27m19s,0,1,1,78,5:43,14.96,DOUBLE-EDGE,MIMIC,FLY,AGILITY,19,10243,1183,221,33,1008,900,453,16,85166,Jolteon, ,Normal,Flying,487714,Pidgey2,Pidgey,,01:27:04.20,01:27:19.16,05:43:51.17,78,0,1,27,19,16,DOUBLE-EDGE,MIMIC,FLY,AGILITY,8,10,6,30,0,0,0,0,89,210,139,125,121,121,150,36289,45860,31023,38622,38622,32667,15,15,15,15,0,0,0,0,0,0,0,156,140,136,136,168,1239856,397583,736272,103994,2007,19,0,0,10243,8823,1121,299,1183,254,221,33,3,0,57040,35252,3265,2872,682,165,264,0,0,0,0,0,91,0,14,0,0,4,0,1,0,0,0,0,0,4,0,0,0,0,7,2,9,3,0,0,0,0,9,0,0,0,3,542,324668,0,0,0,0,51,57,15,0,0,12,1,2,1,Jolteon
4-13,17:14:59,NINTEN,Pidgey,Cooltrainer M,3,Victory Road,3,1:28:22.63,1:28:22,1h28m22s,0,1,1,78,5:48,10.926,DOUBLE-EDGE,MIMIC,FLY,AGILITY,19,10477,1232,222,33,1011,903,453,17,79671,Jolteon, ,Normal,Flying,493434,Pidgey2,Pidgey,,01:28:11.71,01:28:22.63,05:48:01.53,78,0,1,28,22,63,DOUBLE-EDGE,MIMIC,FLY,AGILITY,12,10,15,30,0,0,0,0,121,210,139,125,121,121,150,36503,46143,31303,38877,38877,32920,15,15,15,15,0,0,0,0,0,0,0,156,140,136,136,168,1254892,406586,739659,106640,2007,19,0,0,10477,8939,1239,299,1232,255,222,33,3,0,57648,35614,3354,2961,685,165,264,0,0,0,0,0,92,0,14,0,0,4,0,1,0,0,0,0,0,4,0,0,0,0,7,2,9,3,0,0,0,0,9,0,0,0,3,545,330388,0,0,0,0,51,67,15,0,0,12,1,2,1,Jolteon
4-13,17:15:18,NINTEN,Pidgey,Juggler,5,Victory Road,1,1:28:41.58,1:28:41,1h28m41s,0,1,1,78,5:49,5.939,DOUBLE-EDGE,MIMIC,FLY,AGILITY,19,10564,1241,223,33,1013,904,454,17,81176,Jolteon, ,Normal,Flying,494832,Pidgey2,Pidgey,,01:28:35.65,01:28:41.58,05:49:16.55,78,0,1,28,41,58,DOUBLE-EDGE,MIMIC,FLY,AGILITY,12,10,14,30,0,0,0,0,121,210,139,125,121,121,150,36543,46188,31368,38977,38977,33010,15,15,15,15,0,0,0,0,0,0,0,156,140,136,136,168,1259394,409074,741580,106733,2007,19,0,0,10564,9026,1239,299,1241,256,223,33,3,0,57875,35718,3354,2961,686,165,264,0,0,0,0,0,93,0,14,0,0,4,0,1,0,0,0,0,0,4,0,0,0,0,7,2,9,3,0,0,0,0,9,0,0,0,3,546,331786,0,0,0,0,51,67,15,0,0,12,1,2,1,Jolteon
4-13,17:15:44,NINTEN,Pidgey,Pokemaniac,6,Victory Road,3,1:29:07.92,1:29:07,1h29m7s,0,1,1,78,5:51,15.089,DOUBLE-EDGE,MIMIC,FLY,AGILITY,19,10645,1244,224,33,1020,908,458,17,82856,Jolteon, ,Normal,Flying,499011,Pidgey2,Pidgey,,01:28:52.83,01:29:07.92,05:51:00.57,78,0,1,29,7,92,DOUBLE-EDGE,MIMIC,FLY,AGILITY,11,10,11,30,0,0,0,0,81,210,139,125,121,121,150,36821,46392,31581,39197,39197,33180,15,15,15,15,0,0,0,0,0,0,0,156,140,136,136,168,1265636,411259,745637,106733,2007,19,0,0,10645,9107,1239,299,1244,257,224,33,3,0,58394,36108,3394,3001,690,167,264,0,0,0,0,0,93,0,14,0,0,4,0,1,0,0,0,0,0,4,0,0,0,0,7,2,9,3,0,0,0,0,9,0,0,0,3,549,335965,0,0,0,0,51,67,15,0,0,12,1,2,1,Jolteon
4-13,17:16:07,NINTEN,Pidgey,Swimmer,2,Route 19,2,1:29:30.97,1:29:30,1h29m30s,0,1,1,78,5:52,7.114,DOUBLE-EDGE,MIMIC,FLY,AGILITY,19,10669,1250,225,33,1022,910,458,17,84856,Jolteon, ,Normal,Flying,500308,Pidgey2,Pidgey,,01:29:23.86,01:29:30.97,05:52:31.30,78,0,1,29,30,97,DOUBLE-EDGE,MIMIC,FLY,AGILITY,13,10,15,30,0,0,0,0,178,210,139,125,121,121,150,36891,46497,31716,39342,39342,33290,15,15,15,15,0,0,0,0,0,0,0,156,140,136,136,168,1271069,413471,747823,107768,2007,19,0,0,10669,9131,1239,299,1250,258,225,33,3,0,59055,36238,3426,3033,692,167,264,0,0,0,0,0,93,0,14,0,0,4,0,1,0,0,0,0,0,4,0,0,0,0,7,2,9,3,0,0,0,0,9,0,0,0,3,551,337262,0,0,0,0,51,67,15,0,0,12,1,2,1,Jolteon
4-13,17:16:20,NINTEN,Pidgey,Swimmer,3,Route 19,3,1:29:43.75,1:29:43,1h29m43s,0,1,1,78,5:53,9.608,DOUBLE-EDGE,MIMIC,FLY,AGILITY,19,10674,1250,226,33,1025,913,458,17,85006,Jolteon, ,Normal,Flying,502168,Pidgey2,Pidgey,,01:29:34.13,01:29:43.75,05:53:21.48,78,0,1,29,43,75,DOUBLE-EDGE,MIMIC,FLY,AGILITY,10,10,15,30,0,0,0,0,131,210,139,125,121,121,150,36996,46649,31901,39532,39532,33498,15,15,15,15,0,0,0,0,0,0,0,156,140,136,136,168,1274087,413740,750572,107768,2007,19,0,0,10674,9136,1239,299,1250,259,226,33,3,0,60258,36429,3473,3080,695,167,264,0,0,0,0,0,94,0,14,0,0,4,0,1,0,0,0,0,0,4,0,0,0,0,7,2,9,3,0,0,0,0,9,0,0,0,3,554,339122,0,0,0,0,51,67,15,0,0,12,1,2,1,Jolteon
4-13,17:16:32,NINTEN,Pidgey,Swimmer,7,Route 19,2,1:29:56.45,1:29:56,1h29m56s,0,1,1,78,5:54,7.949,DOUBLE-EDGE,MIMIC,FLY,AGILITY,19,10679,1251,227,33,1029,915,460,17,85151,Jolteon, ,Normal,Flying,503232,Pidgey2,Pidgey,,01:29:48.50,01:29:56.45,05:54:11.48,78,0,1,29,56,45,DOUBLE-EDGE,MIMIC,FLY,AGILITY,10,10,13,30,0,0,0,0,131,210,139,125,121,121,150,37056,46729,32041,39672,39672,33618,15,15,15,15,0,0,0,0,0,0,0,156,140,136,136,168,1277087,413993,752943,108144,2007,19,0,0,10679,9140,1239,300,1251,260,227,33,3,0,60643,36553,3473,3080,697,169,264,0,0,0,0,0,94,0,14,0,0,4,0,1,0,0,0,0,0,4,0,0,0,0,7,2,9,3,0,0,0,0,9,0,0,0,3,556,340186,0,0,0,0,51,67,15,0,0,12,1,2,1,Jolteon
4-13,17:16:45,NINTEN,Pidgey,Swimmer,4,Route 19,2,1:30:08.90,1:30:08,1h30m8s,0,1,1,78,5:55,7.95,DOUBLE-EDGE,MIMIC,FLY,AGILITY,19,10697,1252,228,33,1033,917,462,17,85301,Jolteon, ,Normal,Flying,504568,Pidgey2,Pidgey,,01:30:00.95,01:30:08.90,05:55:00.56,78,0,1,30,8,90,DOUBLE-EDGE,MIMIC,FLY,AGILITY,10,10,11,30,0,0,0,0,131,210,139,125,121,121,150,37161,46844,32146,39762,39762,33798,15,15,15,15,0,0,0,0,0,0,0,156,140,136,136,168,1280035,414578,755306,108144,2007,19,0,0,10697,9140,1239,318,1252,261,228,33,3,0,61147,36704,3473,3080,699,171,264,0,0,0,0,0,94,0,14,0,0,4,0,1,0,0,0,0,0,4,0,0,0,0,7,2,9,3,0,0,0,0,9,0,0,0,3,558,341522,0,0,0,0,51,67,15,0,0,12,1,2,1,Jolteon
4-13,17:17:00,NINTEN,Pidgey,Swimmer,6,Route 19,3,1:30:24.43,1:30:24,1h30m24s,0,1,1,79,5:56,12.283,DOUBLE-EDGE,MIMIC,FLY,AGILITY,19,10706,1253,229,33,1039,920,465,17,85451,Jolteon, ,Normal,Flying,506913,Pidgey2,Pidgey,,01:30:12.15,01:30:24.43,05:56:02.12,79,0,1,30,24,43,DOUBLE-EDGE,MIMIC,FLY,AGILITY,10,10,8,30,0,0,0,0,134,213,142,127,123,123,153,37316,47068,32371,39937,39937,33969,15,15,15,15,0,0,0,0,0,0,0,159,142,138,138,172,1283711,414865,758695,108144,2007,19,0,0,10706,9140,1239,327,1253,262,229,33,3,0,61720,36924,3473,3080,702,174,264,0,0,0,0,0,94,0,14,0,0,4,0,1,0,0,0,0,0,4,0,0,0,0,7,2,9,3,0,0,0,0,9,0,0,0,3,561,343867,0,0,0,0,51,67,15,0,0,12,1,2,1,Jolteon
4-13,17:17:28,NINTEN,Pidgey,Beauty,12,Route 19,5,1:30:52.35,1:30:52,1h30m52s,0,1,1,79,5:57,19.179,DOUBLE-EDGE,MIMIC,FLY,AGILITY,19,10734,1254,230,33,1051,926,472,17,85596,Jolteon, ,Normal,Flying,510069,Pidgey2,Pidgey,,01:30:33.17,01:30:52.35,05:57:52.28,79,0,1,30,52,35,DOUBLE-EDGE,MIMIC,FLY,AGILITY,10,10,2,30,0,0,0,0,131,213,142,127,123,123,153,37566,47394,32636,40197,40197,34343,15,15,15,15,0,0,0,0,0,0,0,159,142,138,138,172,1290327,415744,764019,108557,2007,19,0,0,10734,9140,1239,355,1254,263,230,33,3,0,63141,37262,3476,3083,707,181,265,0,0,0,0,0,94,0,14,0,0,4,0,1,0,0,0,0,0,4,0,0,0,0,7,2,9,3,0,0,0,0,9,0,0,0,3,566,347023,0,0,0,0,51,67,15,0,0,12,1,2,1,Jolteon
4-13,17:17:57,NINTEN,Pidgey,Beauty,13,Route 19,2,1:31:21.21,1:31:21,1h31m21s,0,1,1,79,5:59,9.634,DOUBLE-EDGE,MIMIC,FLY,AGILITY,19,10798,1265,231,33,1055,928,474,17,87486,Jolteon, ,Normal,Flying,511873,Pidgey2,Pidgey,,01:31:11.58,01:31:21.21,05:59:46.12,79,0,1,31,21,21,DOUBLE-EDGE,MIMIC,FLY,AGILITY,15,10,13,30,0,0,0,0,213,213,142,127,123,123,153,37691,47553,32761,40327,40327,34474,15,15,15,15,0,0,0,0,0,0,0,159,142,138,138,172,1297151,418442,766778,109924,2007,19,0,0,10798,9171,1239,388,1265,264,231,33,3,0,63586,37425,3476,3083,709,183,265,0,0,0,0,0,94,0,14,0,0,4,0,1,0,0,0,0,0,4,0,0,0,0,7,2,9,3,0,0,0,0,9,0,0,0,3,568,348827,0,0,0,0,51,67,15,0,0,12,1,2,1,Jolteon
4-13,17:18:17,NINTEN,Pidgey,Swimmer,8,Route 19,5,1:31:41.48,1:31:41,1h31m41s,0,1,1,79,6:01,17.66,DOUBLE-EDGE,MIMIC,FLY,AGILITY,19,10799,1265,232,33,1065,933,479,17,89586,Jolteon, ,Normal,Flying,515364,Pidgey2,Pidgey,,01:31:23.82,01:31:41.48,06:01:06.10,79,0,1,31,41,48,DOUBLE-EDGE,MIMIC,FLY,AGILITY,15,10,8,30,0,0,0,0,213,213,142,127,123,123,153,37911,47788,33021,40787,40787,34859,15,15,15,15,0,0,0,0,0,0,0,159,142,138,138,172,1301949,418584,771434,109924,2007,19,0,0,10799,9171,1239,389,1265,265,232,33,3,0,65412,37747,3476,3083,714,188,265,0,0,0,0,0,96,0,14,0,0,4,0,1,0,0,0,0,0,4,0,0,0,0,7,2,9,3,0,0,0,0,9,0,0,0,3,573,352318,0,0,0,0,51,67,15,0,0,12,1,2,1,Jolteon
4-13,17:18:30,NINTEN,Pidgey,Beauty,14,Route 19,3,1:31:53.77,1:31:53,1h31m53s,0,1,1,79,6:01,9.314,DOUBLE-EDGE,MIMIC,FLY,AGILITY,19,10800,1266,233,33,1068,936,479,17,89721,Jolteon, ,Normal,Flying,517338,Pidgey2,Pidgey,,01:31:44.46,01:31:53.77,06:01:54.33,79,0,1,31,53,77,DOUBLE-EDGE,MIMIC,FLY,AGILITY,12,10,8,30,0,0,0,0,168,213,142,127,123,123,153,38001,47923,33186,40997,40997,35114,15,15,15,15,0,0,0,0,0,0,0,159,142,138,138,172,1304852,418802,774119,109924,2007,19,0,0,10800,9171,1239,390,1266,266,233,33,3,0,66456,37930,3521,3128,717,188,265,0,0,0,0,0,96,0,14,0,0,4,0,1,0,0,0,0,0,4,0,0,0,0,7,2,9,3,0,0,0,0,9,0,0,0,3,576,354292,0,0,0,0,51,67,15,0,0,12,1,2,1,Jolteon
4-13,17:18:51,NINTEN,Pidgey,Swimmer,11,Route 20,4,1:32:14.99,1:32:14,1h32m14s,0,1,1,79,6:03,15.513,DOUBLE-EDGE,MIMIC,FLY,AGILITY,19,10825,1267,234,33,1078,941,485,17,91751,Jolteon, ,Normal,Flying,519762,Pidgey2,Pidgey,,01:31:59.48,01:32:14.99,06:03:18.20,79,0,1,32,14,99,DOUBLE-EDGE,MIMIC,FLY,AGILITY,12,10,3,30,0,0,0,0,168,213,142,127,123,123,153,38146,48108,33491,41302,41302,35379,15,15,15,15,0,-1,0,0,0,0,0,178,93,155,155,193,1309879,419668,778280,109924,2007,19,0,0,10825,9171,1239,415,1267,267,234,33,3,0,67276,38180,3521,3128,721,194,266,0,0,0,0,0,96,0,14,0,0,4,0,1,0,0,0,0,0,4,0,0,0,0,7,2,9,3,0,0,0,0,9,0,0,0,3,580,356716,0,0,0,0,51,67,15,0,0,12,1,2,1,Jolteon
4-13,17:19:01,NINTEN,Pidgey,Swimmer,9,Route 20,2,1:32:24.87,1:32:24,1h32m24s,0,1,1,79,6:03,7.049,DOUBLE-EDGE,MIMIC,FLY,AGILITY,19,10825,1268,235,33,1080,943,485,17,91891,Jolteon, ,Normal,Flying,521753,Pidgey2,Pidgey,,01:32:17.82,01:32:24.87,06:03:57.14,79,0,1,32,24,87,DOUBLE-EDGE,MIMIC,FLY,AGILITY,10,10,3,30,0,0,0,0,133,213,142,127,123,123,153,38226,48268,33771,41432,41432,35489,15,15,15,15,0,0,0,0,0,0,0,159,142,138,138,172,1312213,419848,780434,109924,2007,19,0,0,10825,9171,1239,415,1268,268,235,33,3,0,67597,38320,3556,3163,723,194,266,0,0,0,0,0,96,0,14,0,0,4,0,1,0,0,0,0,0,4,0,0,0,0,7,2,9,3,0,0,0,0,9,0,0,0,3,582,358707,0,0,0,0,51,67,15,0,0,12,1,2,1,Jolteon
4-13,17:19:14,NINTEN,Pidgey,Beauty,15,Route 20,3,1:32:38.35,1:32:38,1h32m38s,0,1,1,79,6:04,9.234,DOUBLE-EDGE,MIMIC,FLY,AGILITY,19,10844,1268,236,33,1083,946,485,17,92046,Jolteon, ,Normal,Flying,524277,Pidgey2,Pidgey,,01:32:29.12,01:32:38.35,06:04:50.18,79,0,1,32,38,35,DOUBLE-EDGE,MIMIC,FLY,AGILITY,7,10,3,30,0,0,0,0,80,213,142,127,123,123,153,38366,48438,34031,41692,41692,35719,15,15,15,15,0,0,0,0,0,0,0,159,142,138,138,172,1315397,420381,783085,109924,2007,19,0,0,10844,9171,1239,434,1268,269,236,33,3,0,68502,38536,3609,3216,726,194,266,0,0,0,0,0,97,0,14,0,0,4,0,1,0,0,0,0,0,4,0,0,0,0,7,2,9,3,0,0,0,0,9,0,0,0,3,585,361231,0,0,0,0,51,67,15,0,0,12,1,2,1,Jolteon
4-13,17:19:27,NINTEN,Pidgey,Beauty,6,Route 20,1,1:32:51.14,1:32:51,1h32m51s,0,1,1,79,6:05,4.365,DOUBLE-EDGE,MIMIC,FLY,AGILITY,19,10877,1280,237,33,1084,947,485,17,94146,Jolteon, ,Normal,Flying,525552,Pidgey2,Pidgey,,01:32:46.78,01:32:51.14,06:05:40.41,79,0,1,32,51,14,DOUBLE-EDGE,MIMIC,FLY,AGILITY,6,10,3,30,0,0,0,0,54,213,142,127,123,123,153,38446,48530,34096,41772,41772,35787,15,15,15,15,0,0,0,0,0,0,0,159,142,138,138,172,1318420,421375,784592,110446,2007,19,0,0,10877,9193,1239,445,1280,270,237,33,3,0,68931,38642,3635,3242,727,194,266,0,0,0,0,0,98,0,14,0,0,4,0,1,0,0,0,0,0,4,0,0,0,0,7,2,9,3,0,0,0,0,9,0,0,0,3,586,362506,0,0,0,0,51,67,15,0,0,12,1,2,1,Jolteon
4-13,17:19:51,NINTEN,Pidgey,Beauty,8,Route 20,2,1:33:15.42,1:33:15,1h33m15s,0,1,1,80,6:07,7.545,DOUBLE-EDGE,MIMIC,FLY,AGILITY,19,10918,1280,238,33,1086,949,485,17,96596,Jolteon, ,Normal,Flying,527191,Pidgey2,Pidgey,,01:33:07.88,01:33:15.42,06:07:16.12,80,0,1,33,15,42,DOUBLE-EDGE,MIMIC,FLY,AGILITY,13,10,15,30,0,0,0,0,177,217,145,129,125,125,156,38566,48672,34201,41892,41892,35945,15,15,15,15,0,0,0,0,0,0,0,163,145,140,140,175,1324151,423596,786864,111684,2007,19,0,0,10918,9211,1239,468,1280,271,238,33,3,0,69661,38807,3675,3282,729,194,266,0,0,0,0,0,98,0,14,0,0,4,0,1,0,0,0,0,0,4,0,0,0,0,7,2,9,3,0,0,0,0,9,0,0,0,3,588,364145,0,0,0,0,51,67,15,0,0,12,1,2,1,Jolteon
4-13,17:24:45,NINTEN,Pidgey,Lorelei,1,Lorelei's Room,5,1:38:09.13,1:38:09,1h38m9s,6,1,7,80,6:13,44.861,DOUBLE-EDGE,MIMIC,FLY,AGILITY,21,11002,1288,239,33,1111,965,501,18,29766,Jolteon, ,Normal,Flying,537700,Pidgey2,Pidgey,Lorelei,01:37:24.27,01:38:09.13,06:13:43.48,80,6,1,38,9,13,DOUBLE-EDGE,MIMIC,FLY,AGILITY,14,6,6,28,0,0,0,0,37,217,145,129,125,125,156,38996,49047,34686,42342,42342,36270,15,15,15,15,0,0,6,6,4,0,0,290,258,562,562,747,1347413,431228,798302,115718,2165,21,1,0,11002,9295,1239,468,1288,272,239,33,3,0,71137,39853,3855,3462,740,203,271,0,0,0,0,0,98,0,14,0,0,4,0,1,0,0,0,0,0,4,0,0,0,0,7,2,9,3,0,0,0,0,9,1,0,0,3,593,374654,0,0,0,0,51,90,15,0,0,12,1,2,7,Jolteon
4-13,17:25:27,NINTEN,Pidgey,Bruno,1,Bruno's Room,5,1:38:50.98,1:38:50,1h38m50s,6,1,7,80,6:16,26.092,DOUBLE-EDGE,MIMIC,FLY,AGILITY,22,11013,1289,240,33,1124,972,507,18,35310,Jolteon, ,Normal,Flying,545907,Pidgey2,Pidgey,Bruno,01:38:24.88,01:38:50.98,06:16:29.11,80,6,1,38,50,98,DOUBLE-EDGE,MIMIC,FLY,AGILITY,15,7,11,30,0,0,0,0,187,217,145,129,125,125,156,39256,49492,35218,42537,42537,36628,15,15,15,15,0,-1,0,0,0,0,0,183,95,157,157,196,1357336,432259,804992,117920,2165,22,1,0,11013,9306,1239,468,1289,273,240,33,3,0,72285,40512,3885,3492,747,207,273,0,0,0,0,0,100,0,15,0,0,4,0,1,0,0,0,0,0,4,0,0,0,0,7,2,9,3,0,0,0,0,9,1,0,0,3,598,382861,0,0,0,0,51,90,15,0,0,12,1,2,7,Jolteon
4-13,17:26:22,NINTEN,Pidgey,Agatha,1,Agatha's Room,5,1:39:46.15,1:39:46,1h39m46s,6,1,7,81,6:20,43.077,DOUBLE-EDGE,MIMIC,FLY,AGILITY,23,11024,1290,241,33,1143,983,518,18,41052,Jolteon, ,Normal,Flying,555993,Pidgey2,Pidgey,Agatha,01:39:03.07,01:39:46.15,06:20:07.06,81,6,1,39,46,15,DOUBLE-EDGE,MIMIC,FLY,AGILITY,14,8,7,30,0,0,0,0,126,219,146,132,127,127,158,39556,49837,35522,43052,43052,37113,15,15,15,15,0,0,0,0,0,0,0,164,148,142,142,177,1370411,433263,815710,119273,2165,23,1,0,11024,9317,1239,468,1290,274,241,33,3,0,73527,41352,3934,3531,757,212,275,0,0,0,0,0,100,0,15,0,0,5,0,1,0,0,0,0,0,4,0,0,0,0,9,2,9,3,0,0,0,0,9,1,0,0,3,603,392947,0,0,0,0,51,90,15,0,0,12,1,2,7,Jolteon
4-13,17:27:39,NINTEN,Pidgey,Lance,1,Lance's Room,5,1:41:02.93,1:41:02,1h41m2s,7,1,8,81,6:23,29.167,DOUBLE-EDGE,MIMIC,FLY,AGILITY,24,11074,1292,242,33,1155,994,523,18,46992,Jolteon, ,Normal,Flying,567599,Pidgey2,Pidgey,Lance,01:40:33.76,01:41:02.93,06:23:09.51,81,7,1,41,2,93,DOUBLE-EDGE,MIMIC,FLY,AGILITY,15,3,14,27,0,0,0,0,44,219,146,132,127,127,158,39944,50369,35891,43452,43452,37544,15,15,15,15,0,0,0,0,6,0,0,232,209,200,200,711,1381382,435039,823374,120647,2322,24,2,0,11074,9367,1239,468,1292,275,242,33,3,0,75213,42194,4109,3706,764,215,278,0,0,0,0,0,101,0,15,0,0,5,0,1,0,0,0,0,0,4,0,0,0,0,9,2,9,3,0,0,0,0,9,1,0,0,3,608,404553,0,0,0,0,51,90,15,0,0,12,1,2,8,Jolteon
4-13,17:30:12,NINTEN,Pidgey,Champion,1,Champions Room,6,1:43:35.70,1:43:35,1h43m35s,8,1,9,82,6:30,62.333,REST,MIMIC,FLY,AGILITY,27,11082,1292,243,33,1175,1009,537,14,53130,Jolteon, ,Normal,Flying,583890,Pidgey2,Pidgey,Champion,01:42:33.37,01:43:35.70,06:30:35.02,82,8,1,43,35,70,REST,MIMIC,FLY,AGILITY,8,5,14,27,0,2,0,0,45,223,149,133,129,129,160,40357,50850,36446,44062,44062,38084,15,15,15,15,0,0,0,0,6,0,0,236,210,205,205,720,1408098,437056,838788,129775,2479,27,3,0,11082,9375,1239,468,1292,276,243,33,3,0,76705,43190,4508,4105,774,217,289,0,0,0,0,0,101,0,18,0,0,5,0,1,0,0,0,0,0,4,0,0,0,0,9,2,9,3,0,0,0,0,11,1,0,0,3,614,419602,0,0,0,0,51,90,15,0,0,13,1,2,9,Jolteon
4-13,17:30:28,NINTEN,Pidgey,Champion,1,Hall of Fame,6,1:43:35.70,1:43:35,1h43m35s,8,1,9,82,6:31,78.59,REST,MIMIC,FLY,AGILITY,27,11091,1293,243,33,1175,1009,537,14,59565,Jolteon, ,Normal,Flying,583890,Pidgey2,Pidgey,Champion,01:42:33.37,01:43:35.70,06:31:39.27,82,8,1,43,35,70,REST,MIMIC,FLY,AGILITY,8,5,14,27,0,2,0,0,45,223,149,133,129,129,160,40357,50850,36446,44062,44062,38084,15,15,15,15,0,0,0,0,6,0,0,236,210,205,205,720,1411963,440454,839255,129775,2479,27,3,0,11091,9384,1239,468,1293,276,243,33,3,0,76705,43190,4508,4105,774,217,289,0,0,0,0,0,101,0,18,0,0,5,0,1,0,0,0,0,0,4,0,0,0,0,9,2,9,3,0,0,0,0,11,1,0,0,3,614,419602,0,0,0,0,51,90,15,0,0,13,1,2,9,Jolteon
4-13,17:37:54,NINTEN,Pidgey,Prof Oak,3,Pallet Town - Blue's House,5,1:43:35.70,1:43:35,1h43m35s,10,1,11,83,6:43,57.358,REST,MIMIC,FLY,AGILITY,28,11120,1310,244,33,1201,1026,556,14,59565,Jolteon, ,Normal,Flying,599319,Pidgey2,Pidgey,,01:43:35.70,01:43:35.70,06:43:35.41,83,10,1,43,35,70,REST,MIMIC,FLY,AGILITY,8,7,10,27,0,2,0,0,99,225,151,136,131,131,163,40790,51364,36863,44522,44522,38525,15,15,15,15,0,0,0,0,6,0,0,239,217,208,208,733,1483824,497081,853120,130099,3524,28,5,0,11120,9413,1239,468,1310,277,244,33,3,0,78002,44222,4866,4463,786,222,303,0,0,0,0,0,102,0,20,0,0,5,0,1,0,0,0,0,0,4,0,0,0,0,9,2,9,3,0,0,0,0,13,1,0,0,3,619,435031,0,0,0,0,51,90,15,0,0,13,1,2,11,Jolteon
4-13,19:50:56,NINTEN,Pidgey,Rival1-Lab,1,Pallet Town - Oak's Lab,1,54.07,54,0h0m54s,0,0,0,6,0:03,8.895,GUST,SAND-ATTACK,,,0,77,3,1,1,4,4,3,1,3000,Jolteon, ,Normal,Flying,232,Pidgey2,Pidgey,Rival (Lab),00:00:45.18,00:00:54.07,00:03:01.10,6,0,0,0,54,7,GUST,SAND-ATTACK,,,31,15,0,0,0,0,0,0,16,22,12,11,11,11,13,55,55,50,65,65,55,15,15,15,15,0,-1,0,0,0,0,0,12,7,11,11,13,12822,7505,3337,0,1980,0,0,0,77,77,0,0,3,2,1,1,0,0,23,21,6,6,4,1,2,0,0,0,0,0,0,0,0,0,0,0,0,0,0,0,0,0,0,0,0,0,0,0,0,0,0,0,0,0,0,0,0,0,0,0,0,1,97,0,0,0,0,0,0,0,0,0,0,0,2,0,Jolteon
4-13,19:52:46,NINTEN,Pidgey,Bug Catcher,1,Viridian Forest,2,2:43.96,2:43,0h2m43s,0,0,0,9,0:10,17.186,GUST,SAND-ATTACK,,,0,550,42,2,5,18,18,13,4,75,Flareon, ,Normal,Flying,460,Pidgey2,Pidgey,,00:02:26.77,00:02:43.96,00:10:15.05,9,0,0,2,43,96,GUST,SAND-ATTACK,,,21,15,0,0,0,0,0,0,8,29,16,15,14,14,18,255,261,235,200,200,329,15,15,15,15,0,0,0,0,-1,0,0,16,15,14,14,11,38857,24064,12813,0,1980,0,0,0,550,550,0,0,42,7,2,5,0,0,132,114,27,27,18,3,10,0,0,0,0,0,0,0,0,0,0,0,0,0,0,0,0,0,0,0,0,0,0,0,0,0,0,0,0,0,0,0,0,0,0,0,0,6,325,0,0,0,0,2,13,0,0,0,0,0,2,0,Flareon
4-13,19:53:14,NINTEN,Pidgey,Bug Catcher,2,Viridian Forest,3,3:12.48,3:12,0h3m12s,0,0,0,10,0:12,21.122,GUST,SAND-ATTACK,,,0,570,49,3,5,28,28,22,4,145,Flareon, ,Normal,Flying,709,Pidgey2,Pidgey,,00:02:51.35,00:03:12.48,00:12:07.49,10,0,0,3,12,48,GUST,SAND-ATTACK,,,11,15,0,0,0,0,0,0,28,31,17,16,15,15,19,400,331,380,270,270,434,15,15,15,15,0,0,0,0,-2,0,0,17,16,15,15,9,45621,24953,18256,432,1980,0,0,0,570,570,0,0,49,8,3,5,0,0,222,180,29,29,28,3,13,0,0,0,0,0,2,0,0,0,0,0,0,0,0,0,0,0,0,0,0,0,0,0,0,0,0,0,0,0,0,0,0,0,0,0,0,9,574,0,0,0,0,2,13,0,0,0,0,0,2,0,Flareon
4-13,19:54:36,NINTEN,Pidgey,Rival1a-Route 22,2,Route 22,2,4:34.59,4:34,0h4m34s,0,0,0,12,0:17,13.232,QUICK ATTACK,SAND-ATTACK,GUST,,1,822,65,4,12,46,46,31,4,205,Flareon, ,Normal,Flying,1218,Pidgey2,Pidgey,Rival (Optional),00:04:21.36,00:04:34.59,00:17:31.46,12,0,0,4,34,59,QUICK ATTACK,SAND-ATTACK,GUST,,27,15,31,0,0,0,0,0,18,36,20,18,17,17,22,816,678,755,551,551,860,15,15,15,15,0,-1,0,0,0,0,0,20,11,17,17,22,65058,31486,30580,1012,1980,1,0,0,822,822,0,0,65,16,4,12,0,0,464,360,53,53,46,3,19,0,0,0,0,0,3,0,1,0,0,0,0,0,0,0,0,0,0,0,0,0,0,0,0,0,0,0,0,0,0,0,0,0,0,0,0,18,1083,0,0,0,0,3,13,0,0,0,1,0,2,0,Flareon
4-13,19:55:19,NINTEN,Pidgey,Lass,19,Viridian Forest,2,5:17.53,5:17,0h5m17s,0,0,0,13,0:20,9.461,QUICK ATTACK,SAND-ATTACK,GUST,,1,1006,76,5,15,54,54,34,4,485,Jolteon, ,Normal,Flying,1474,Pidgey2,Pidgey,,00:05:08.07,00:05:17.53,00:20:21.00,13,0,0,5,17,53,QUICK ATTACK,SAND-ATTACK,GUST,,19,15,31,0,0,0,0,0,18,38,21,20,18,18,24,1047,922,952,706,706,1111,15,15,15,15,-1,-1,0,0,0,0,0,13,13,18,18,24,75212,35631,36589,1012,1980,1,0,0,1006,1006,0,0,76,20,5,15,0,0,587,460,55,55,54,3,22,0,0,0,0,0,3,0,1,0,0,0,0,0,0,0,0,0,0,0,0,0,0,0,0,0,0,0,0,0,0,0,0,0,0,0,0,23,1339,0,0,0,0,3,13,0,0,0,1,0,2,0,Jolteon
4-13,19:56:01,NINTEN,Pidgey,Bug Catcher,15,Viridian Forest,2,5:59.43,5:59,0h5m59s,0,0,0,14,0:23,9.358,QUICK ATTACK,SAND-ATTACK,GUST,,1,1083,82,6,20,64,64,37,4,575,Jolteon, ,Normal,Flying,1842,Pidgey2,Pidgey,,00:05:50.08,00:05:59.43,00:23:05.40,14,0,0,5,59,43,QUICK ATTACK,SAND-ATTACK,GUST,,9,15,31,0,0,0,0,0,40,40,22,21,19,19,26,1362,1142,1247,886,886,1418,15,15,15,15,0,0,0,0,0,0,0,22,21,19,19,26,85092,37432,44251,1429,1980,1,0,0,1083,1083,0,0,82,26,6,20,0,0,781,601,55,55,64,4,22,0,0,0,0,0,5,0,1,0,0,0,0,0,0,0,0,0,0,0,0,0,0,0,0,0,0,0,0,0,0,0,0,0,0,0,0,30,1707,0,0,0,0,3,13,0,0,0,1,0,2,0,Jolteon
4-13,19:56:25,NINTEN,Pidgey,Bug Catcher,3,Viridian Forest,1,6:23.77,6:23,0h6m23s,0,0,0,14,0:24,7.101,QUICK ATTACK,SAND-ATTACK,GUST,,1,1153,83,7,22,70,70,40,4,655,Jolteon, ,Normal,Flying,2017,Pidgey2,Pidgey,,00:06:16.67,00:06:23.77,00:24:41.43,14,0,0,6,23,77,QUICK ATTACK,SAND-ATTACK,GUST,,3,15,31,0,0,0,0,0,37,40,22,21,19,19,26,1502,1222,1372,951,951,1538,15,15,15,15,0,0,0,0,-1,0,0,22,21,19,19,17,90855,38911,48535,1429,1980,1,0,0,1153,1153,0,0,83,29,7,22,0,0,879,666,58,58,70,4,24,0,0,0,0,0,5,0,1,0,0,0,0,0,0,0,0,0,0,0,0,0,0,0,0,0,0,0,0,0,0,0,0,0,0,0,0,33,1882,0,0,0,0,4,13,0,0,0,1,0,2,0,Jolteon
4-13,19:57:00,NINTEN,Pidgey,Jr Trainer M,1,Pewter City - Gym,2,6:58.48,6:58,0h6m58s,0,0,0,15,0:26,10.985,QUICK ATTACK,SAND-ATTACK,GUST,,1,1273,85,8,23,77,77,44,4,755,Jolteon, ,Normal,Flying,2396,Pidgey2,Pidgey,,00:06:47.50,00:06:58.48,00:26:58.35,15,0,0,6,58,48,QUICK ATTACK,SAND-ATTACK,GUST,,25,15,35,0,0,0,0,0,32,43,24,22,21,21,27,1607,1382,1517,1046,1046,1718,15,15,15,15,0,0,0,0,0,0,0,24,22,21,21,27,99067,42521,53137,1429,1980,1,0,0,1273,1273,0,0,85,31,8,23,0,0,991,739,72,72,77,4,28,0,0,0,0,0,5,0,2,0,0,0,0,0,0,0,0,0,0,0,0,0,0,0,0,0,0,0,0,0,0,0,0,0,0,0,0,36,2261,0,0,0,0,5,13,0,0,0,1,0,2,0,Jolteon
4-13,19:58:01,NINTEN,Pidgey,Brock,1,Pewter City - Gym,2,7:59.40,7:59,0h7m59s,0,0,0,16,0:31,51.954,QUICK ATTACK,SAND-ATTACK,GUST,,2,1277,85,9,23,108,108,68,4,935,Jolteon, ,Normal,Flying,2856,Pidgey2,Pidgey,Brock,00:07:07.45,00:07:59.40,00:31:00.25,16,0,0,7,59,40,QUICK ATTACK,SAND-ATTACK,GUST,,6,3,35,0,0,0,0,0,14,45,25,24,22,22,29,1682,1507,1777,1106,1106,1808,15,15,15,15,0,0,0,0,0,0,0,25,24,22,22,29,113577,43153,66091,2353,1980,2,0,0,1277,1277,0,0,85,32,9,23,0,0,1057,800,103,103,108,21,35,0,0,0,0,0,10,0,2,0,0,0,0,0,0,0,0,0,0,0,0,0,0,0,0,0,0,0,0,0,0,0,0,0,0,0,0,38,2721,0,0,0,0,5,13,0,0,0,1,0,2,0,Jolteon
4-13,19:58:35,NINTEN,Pidgey,Bug Catcher,4,Route 3,3,8:33.34,8:33,0h8m33s,0,0,0,17,0:33,14.331,QUICK ATTACK,SAND-ATTACK,GUST,,2,1390,87,10,23,114,114,71,5,2123,Jolteon, ,Normal,Flying,3191,Pidgey2,Pidgey,,00:08:19.01,00:08:33.34,00:33:14.31,17,0,0,8,33,34,QUICK ATTACK,SAND-ATTACK,GUST,,24,15,35,0,0,0,0,0,38,47,27,25,23,23,31,1812,1602,1877,1166,1166,1948,15,15,15,15,0,0,0,0,0,0,0,30,25,23,23,31,121623,46791,70499,2353,1980,2,0,0,1390,1390,0,0,87,33,10,23,0,0,1192,889,112,112,114,21,38,0,0,0,0,0,11,0,3,0,0,0,0,0,0,0,0,0,0,0,0,0,0,0,0,0,0,0,0,0,0,0,0,0,0,0,0,41,3056,0,0,0,0,5,13,0,0,0,1,0,2,0,Jolteon
4-13,19:58:47,NINTEN,Pidgey,Youngster Ben,1,Route 3,2,8:45.12,8:45,0h8m45s,0,0,0,17,0:34,8.075,QUICK ATTACK,SAND-ATTACK,GUST,,2,1396,89,11,23,117,117,72,5,2223,Jolteon, ,Normal,Flying,3469,Pidgey2,Pidgey,,00:08:37.04,00:08:45.12,00:34:00.55,17,0,0,8,45,12,QUICK ATTACK,SAND-ATTACK,GUST,,21,15,35,0,0,0,0,0,38,47,27,25,23,23,31,1877,1718,1956,1231,1231,2075,15,15,15,15,0,-1,0,0,0,0,0,33,16,23,23,31,124407,47171,72903,2353,1980,2,0,0,1396,1396,0,0,89,34,11,23,0,0,1266,948,112,112,117,21,39,0,0,0,0,0,12,0,3,0,0,0,0,0,0,0,0,0,0,0,0,0,0,0,0,0,0,0,0,0,0,0,0,0,0,0,0,43,3334,0,0,0,0,5,13,0,0,0,1,0,2,0,Jolteon
4-13,19:59:07,NINTEN,Pidgey,Bug Catcher,5,Route 3,4,9:05.26,9:05,0h9m5s,0,0,0,18,0:35,16.759,QUICK ATTACK,SAND-ATTACK,GUST,,2,1402,89,12,23,124,124,75,5,2388,Jolteon, ,Normal,Flying,3944,Pidgey2,Pidgey,,00:08:48.50,00:09:05.26,00:35:20.24,18,0,0,9,5,26,QUICK ATTACK,SAND-ATTACK,GUST,,14,15,35,0,0,0,0,0,40,49,28,26,24,24,32,2057,1828,2126,1321,1321,2235,15,15,15,15,0,0,0,0,-1,0,0,31,26,24,24,21,129176,47483,77360,2353,1980,2,0,0,1402,1402,0,0,89,35,12,23,0,0,1437,1060,112,112,124,21,40,0,0,0,0,0,14,0,3,0,0,0,0,0,0,0,0,0,0,0,0,0,0,0,0,0,0,0,0,0,0,0,0,0,0,0,0,47,3809,0,0,0,0,5,13,0,0,0,1,0,2,0,Jolteon
4-13,19:59:26,NINTEN,Pidgey,Lass,2,Route 3,2,9:24.39,9:24,0h9m24s,0,0,0,18,0:36,9.38,QUICK ATTACK,SAND-ATTACK,GUST,,2,1434,92,13,23,128,128,77,5,2478,Jolteon, ,Normal,Flying,4192,Pidgey2,Pidgey,,00:09:15.01,00:09:24.39,00:36:35.57,18,0,0,9,24,39,QUICK ATTACK,SAND-ATTACK,GUST,,10,15,35,0,0,0,0,0,34,49,28,26,24,24,32,2133,1941,2201,1386,1386,2357,15,15,15,15,0,-1,0,0,0,0,0,34,17,24,24,32,133709,48957,80419,2353,1980,2,0,0,1434,1434,0,0,92,36,13,23,0,0,1536,1117,118,118,128,21,42,0,0,0,0,0,14,0,3,0,0,0,0,0,0,0,0,0,0,0,0,0,0,0,0,0,0,0,0,0,0,0,0,0,0,0,0,49,4057,0,0,0,0,5,13,0,0,0,1,0,2,0,Jolteon
4-13,19:59:40,NINTEN,Pidgey,Bug Catcher,6,Route 3,2,9:38.05,9:38,0h9m38s,0,0,0,18,0:37,9.517,QUICK ATTACK,SAND-ATTACK,GUST,,2,1444,93,14,23,132,132,79,5,2628,Jolteon, ,Normal,Flying,4485,Pidgey2,Pidgey,,00:09:28.53,00:09:38.05,00:37:29.51,18,0,0,9,38,5,QUICK ATTACK,SAND-ATTACK,GUST,,6,15,35,0,0,0,0,0,34,49,28,26,24,24,32,2228,1991,2291,1431,1431,2432,15,15,15,15,0,0,0,0,0,0,0,31,26,24,24,32,136943,49473,83137,2353,1980,2,0,0,1444,1444,0,0,93,37,14,23,0,0,1612,1182,118,118,132,21,42,0,0,0,0,0,15,0,3,0,0,0,0,0,0,0,0,0,0,0,0,0,0,0,0,0,0,0,0,0,0,0,0,0,0,0,0,51,4350,0,0,0,0,5,13,0,0,0,1,0,2,0,Jolteon
4-13,19:59:50,NINTEN,Pidgey,Lass,3,Route 3,1,9:48.70,9:48,0h9m48s,0,0,0,19,0:38,6.92,QUICK ATTACK,SAND-ATTACK,GUST,WHIRLWIND,2,1456,93,15,23,134,134,80,5,2738,Jolteon, ,Normal,Flying,4713,Pidgey2,Pidgey,,00:09:41.78,00:09:48.70,00:38:11.50,19,0,0,9,48,70,QUICK ATTACK,SAND-ATTACK,GUST,WHIRLWIND,4,15,35,20,0,0,0,0,29,52,29,28,25,25,34,2343,2036,2311,1456,1456,2452,15,15,15,15,0,0,0,0,0,0,0,32,28,25,25,34,139462,49857,85272,2353,1980,2,0,0,1456,1456,0,0,93,38,15,23,0,0,1679,1240,126,126,134,21,43,0,0,0,0,0,16,0,3,0,0,0,0,0,0,0,0,0,0,0,0,0,0,0,0,0,0,0,0,0,0,0,0,0,0,0,0,52,4578,0,0,0,0,5,13,0,0,0,1,0,2,0,Jolteon
4-13,20:00:19,NINTEN,Pidgey,Bug Catcher,7,Mt Moon - 1,2,10:17.31,10:17,0h10m17s,0,0,0,19,0:40,9.486,QUICK ATTACK,SAND-ATTACK,GUST,WHIRLWIND,2,1554,96,16,24,139,139,82,5,2948,Jolteon, ,Normal,Flying,5077,Pidgey2,Pidgey,,00:10:07.82,00:10:17.31,00:40:04.29,19,0,0,10,17,31,QUICK ATTACK,SAND-ATTACK,GUST,WHIRLWIND,25,15,35,20,0,0,0,0,52,52,29,28,25,25,34,2468,2141,2426,1541,1541,2592,15,15,15,15,0,0,0,0,-1,0,0,36,28,25,25,22,146221,52748,89140,2353,1980,2,0,0,1554,1554,0,0,96,40,16,24,0,0,1801,1331,126,126,139,21,44,0,0,0,0,0,16,0,3,0,0,0,0,0,0,0,0,0,0,0,0,0,0,0,0,0,0,0,0,0,0,0,0,0,0,0,0,55,4942,0,0,0,0,5,13,0,0,0,2,0,2,0,Jolteon
4-13,20:00:45,NINTEN,Pidgey,Lass,6,Mt Moon - 1,1,10:42.91,10:42,0h10m42s,0,0,0,19,0:41,17.026,QUICK ATTACK,SAND-ATTACK,GUST,WHIRLWIND,3,1563,96,17,25,151,143,93,5,3058,Jolteon, ,Normal,Flying,5281,Pidgey2,Pidgey,,00:10:25.89,00:10:42.91,00:41:45.47,19,0,0,10,42,91,QUICK ATTACK,SAND-ATTACK,GUST,WHIRLWIND,21,15,35,20,0,0,0,0,20,52,29,28,25,25,34,2538,2186,2474,1601,1601,2627,15,15,15,15,-4,0,0,0,0,0,0,10,28,25,25,34,152299,53133,94302,2884,1980,3,0,0,1563,1563,0,0,96,42,17,25,1,0,1860,1376,158,158,143,22,54,0,0,0,0,0,17,0,3,0,0,0,0,0,0,0,0,0,0,0,0,0,0,0,0,0,0,0,0,0,0,0,6,0,0,0,0,56,5146,0,0,0,0,5,13,0,0,0,2,0,2,0,Jolteon
4-13,20:01:02,NINTEN,Pidgey,Super Nerd,1,Mt Moon - 1,2,11:00.22,11:00,0h11m0s,0,0,0,20,0:42,10.453,QUICK ATTACK,SAND-ATTACK,GUST,WHIRLWIND,3,1597,97,18,25,155,147,95,5,3268,Jolteon, ,Normal,Flying,5730,Pidgey2,Pidgey,,00:10:49.76,00:11:00.22,00:42:54.00,20,0,0,11,0,22,QUICK ATTACK,SAND-ATTACK,GUST,WHIRLWIND,17,15,35,20,0,0,0,0,35,54,31,29,27,27,36,2603,2251,2594,1751,1751,2772,15,15,15,15,0,0,0,0,0,0,0,34,29,27,27,36,156392,53887,97174,3351,1980,3,0,0,1597,1597,0,0,97,43,18,25,1,0,1946,1435,165,165,147,22,56,0,0,0,0,0,17,0,4,0,0,0,0,0,0,0,0,0,0,0,0,0,0,0,0,0,0,0,0,0,0,0,6,0,0,0,0,58,5595,0,0,0,0,5,13,0,0,0,2,0,2,0,Jolteon
4-13,20:01:20,NINTEN,Pidgey,Bug Catcher,8,Mt Moon - 1,3,11:18.31,11:18,0h11m18s,0,0,0,20,0:44,11.636,QUICK ATTACK,SAND-ATTACK,GUST,WHIRLWIND,3,1615,98,19,25,160,152,97,6,3543,Jolteon, ,Normal,Flying,6107,Pidgey2,Pidgey,,00:11:06.67,00:11:18.31,00:44:05.22,20,0,0,11,18,31,QUICK ATTACK,SAND-ATTACK,GUST,WHIRLWIND,12,15,35,20,0,0,0,0,35,54,31,29,27,27,36,2743,2331,2719,1816,1816,2892,15,15,15,15,0,0,0,0,0,0,0,34,29,27,27,36,160674,54683,100660,3351,1980,3,0,0,1615,1615,0,0,98,44,19,25,1,0,2072,1526,165,165,152,23,56,0,0,0,0,0,17,0,4,0,0,0,0,0,0,0,0,0,0,0,0,0,0,0,0,0,0,0,0,0,0,0,6,0,0,0,0,61,5972,0,0,0,0,6,13,0,0,0,2,0,2,0,Jolteon
4-13,20:01:35,NINTEN,Pidgey,Lass,5,Mt Moon - 1,2,11:33.14,11:33,0h11m33s,0,0,0,21,0:45,10.606,QUICK ATTACK,SAND-ATTACK,GUST,WHIRLWIND,3,1637,98,20,25,164,156,99,6,3643,Jolteon, ,Normal,Flying,6488,Pidgey2,Pidgey,,00:11:22.53,00:11:33.14,00:45:03.56,21,0,0,11,33,14,QUICK ATTACK,SAND-ATTACK,GUST,WHIRLWIND,8,15,35,20,0,0,0,0,33,56,32,30,28,28,37,2838,2456,2809,1961,1961,2962,15,15,15,15,0,0,0,0,0,0,0,36,30,28,28,37,164188,55283,103574,3351,1980,3,0,0,1637,1637,0,0,98,45,20,25,1,0,2177,1592,169,169,156,23,58,0,0,0,0,0,17,0,4,0,0,0,0,0,0,0,0,0,0,0,0,0,0,0,0,0,0,0,0,0,0,0,6,0,0,0,0,63,6353,0,0,0,0,6,13,0,0,0,2,0,2,0,Jolteon
4-13,20:02:08,NINTEN,Pidgey,Rocket,3,Mt Moon - 3,2,12:06.85,12:06,0h12m6s,0,0,0,21,0:47,13.44,QUICK ATTACK,SAND-ATTACK,GUST,WHIRLWIND,4,1671,100,21,28,173,161,101,6,3808,Jolteon, ,Normal,Flying,6846,Pidgey2,Pidgey,,00:11:53.40,00:12:06.85,00:47:16.34,21,0,0,12,6,85,QUICK ATTACK,SAND-ATTACK,GUST,WHIRLWIND,3,15,35,20,0,0,0,0,17,56,32,30,28,28,37,2953,2606,2923,2081,2081,3127,15,15,15,15,0,0,0,0,0,0,0,36,30,28,28,37,172146,56431,109856,3879,1980,4,0,0,1671,1671,0,0,100,49,21,28,3,0,2328,1684,185,185,161,23,60,0,0,0,0,0,18,0,5,0,0,0,0,0,0,0,0,0,0,0,0,0,0,0,0,0,0,0,0,0,0,0,6,0,0,0,0,66,6711,0,0,0,0,6,13,0,0,0,2,0,2,0,Jolteon
4-13,20:02:32,NINTEN,Pidgey,Youngster,3,Mt Moon - 1,3,12:30.28,12:30,0h12m30s,0,0,0,21,0:48,9.403,QUICK ATTACK,SAND-ATTACK,GUST,WHIRLWIND,4,1706,101,22,29,177,165,101,7,4168,Jolteon, ,Normal,Flying,7264,Pidgey2,Pidgey,,00:12:20.87,00:12:30.28,00:48:48.24,21,0,0,12,30,28,QUICK ATTACK,SAND-ATTACK,GUST,WHIRLWIND,1,15,33,20,0,0,0,0,56,56,32,30,28,28,37,3093,2808,3063,2211,2211,3381,15,15,15,15,0,0,0,0,0,0,0,36,30,28,28,37,177656,57657,113410,4609,1980,4,0,0,1706,1706,0,0,101,51,22,29,3,0,2459,1791,185,185,165,23,60,0,0,0,0,0,18,0,5,0,0,0,0,0,0,0,0,0,0,0,0,0,0,0,0,0,0,0,0,0,0,0,6,0,0,0,0,70,7129,0,0,0,0,7,13,0,0,0,2,0,2,0,Jolteon
4-13,20:03:01,NINTEN,Pidgey,Rocket,1,Mt Moon - 3,2,12:59.38,12:59,0h12m59s,0,0,0,22,0:50,10.497,GUST,SAND-ATTACK,QUICK ATTACK,WHIRLWIND,4,1766,104,23,31,184,172,104,7,4318,Jolteon, ,Normal,Flying,7727,Pidgey2,Pidgey,,00:12:48.88,00:12:59.38,00:50:43.05,22,0,0,12,59,38,GUST,SAND-ATTACK,QUICK ATTACK,WHIRLWIND,26,15,1,20,0,0,0,0,53,59,34,32,29,29,39,3273,2999,3216,2376,2376,3598,15,15,15,15,0,-1,0,0,0,0,0,38,21,29,29,39,184537,59194,118754,4609,1980,4,0,0,1766,1766,0,0,104,54,23,31,3,0,2671,1918,191,191,172,23,63,0,0,0,0,0,19,0,5,0,0,0,0,0,0,0,0,0,0,0,0,0,0,0,0,0,0,0,0,0,0,0,6,0,0,0,0,74,7592,0,0,0,0,7,13,0,0,0,2,0,2,0,Jolteon
4-13,20:03:35,NINTEN,Pidgey,Fossil Nerd,2,Mt Moon - 3,3,13:33.86,13:33,0h13m33s,0,0,0,22,0:52,13.792,GUST,SAND-ATTACK,QUICK ATTACK,WHIRLWIND,4,1844,104,24,34,192,180,108,7,4708,Jolteon, ,Normal,Flying,8620,Pidgey2,Pidgey,,00:13:20.06,00:13:33.86,00:52:58.50,22,0,0,13,33,86,GUST,SAND-ATTACK,QUICK ATTACK,WHIRLWIND,18,15,1,20,0,0,0,0,41,59,34,32,29,29,39,3503,3219,3459,2591,2591,3793,15,15,15,15,0,0,0,0,0,0,0,38,32,29,29,39,192682,60709,125384,4609,1980,4,0,0,1844,1844,0,0,104,58,24,34,5,0,2858,2064,203,203,180,23,67,0,0,0,0,0,19,0,6,0,0,0,0,0,0,0,0,0,0,0,0,0,0,0,0,0,0,0,0,0,0,0,6,0,0,0,0,78,8485,0,0,0,0,7,13,0,0,0,2,0,2,0,Jolteon
4-13,20:04:02,NINTEN,Pidgey,Rocket,42,Mt Moon - 3,3,14:00.65,14:00,0h14m0s,0,0,0,23,0:54,17.026,GUST,SAND-ATTACK,QUICK ATTACK,WHIRLWIND,5,1860,106,25,34,200,187,112,8,5008,Jolteon,Poisoned,Normal,Flying,9355,Pidgey2,Pidgey,,00:13:43.62,00:14:00.65,00:54:44.52,23,0,0,14,0,65,GUST,SAND-ATTACK,QUICK ATTACK,WHIRLWIND,11,15,1,20,0,0,0,0,20,61,35,33,30,30,41,3618,3389,3633,2731,2731,3973,15,15,15,15,0,0,0,0,0,0,0,39,33,30,30,41,199044,62112,129824,5128,1980,5,0,0,1860,1860,0,0,106,59,25,34,5,0,3003,2174,226,226,187,23,71,0,0,0,0,0,19,0,7,0,0,0,0,0,0,0,0,0,0,1,0,0,0,0,0,0,0,0,0,0,0,0,6,0,0,0,0,81,9220,0,0,0,0,7,13,0,0,0,2,0,2,0,Jolteon
4-13,20:04:58,NINTEN,Pidgey,Rival2-Nugget Bridge,3,Cerulean City,4,14:56.09,14:56,0h14m56s,0,0,0,24,0:58,24.362,QUICK ATTACK,SAND-ATTACK,GUST,WHIRLWIND,6,2040,115,26,34,211,198,119,8,5428,Jolteon, ,Normal,Flying,10393,Pidgey2,Pidgey,Rival (Nugget Bridge),00:14:31.73,00:14:56.09,00:58:23.35,24,0,0,14,56,9,QUICK ATTACK,SAND-ATTACK,GUST,WHIRLWIND,19,15,35,20,0,0,0,0,21,64,37,35,32,32,42,3793,3635,3833,2882,2882,4210,15,15,15,15,-1,0,0,0,0,0,0,27,35,32,32,42,212167,67716,136411,6060,1980,6,0,0,2040,2040,0,0,115,60,26,34,5,0,3227,2345,269,269,197,25,77,0,0,0,0,0,19,0,7,0,0,0,0,0,0,0,0,0,0,1,0,0,0,0,0,0,0,0,0,0,0,0,6,0,0,0,0,85,10258,0,0,0,0,8,13,0,0,0,2,0,2,0,Jolteon
4-13,20:05:23,NINTEN,Pidgey,Bug Catcher,9,Route 24,2,15:21.62,15:21,0h15m21s,0,0,0,24,1:00,8,QUICK ATTACK,SAND-ATTACK,GUST,WHIRLWIND,6,2115,119,27,34,214,201,120,8,6023,Jolteon, ,Normal,Flying,10708,Pidgey2,Pidgey,,00:15:13.62,00:15:21.62,01:00:04.24,24,0,0,15,21,62,QUICK ATTACK,SAND-ATTACK,GUST,WHIRLWIND,27,15,35,20,0,0,0,0,64,64,37,35,32,32,42,3878,3700,3898,2922,2922,4305,15,15,15,15,0,0,0,0,-1,0,0,46,35,32,32,27,218216,71044,139132,6060,1980,6,0,0,2115,2115,0,0,119,61,27,34,5,0,3331,2420,269,269,200,25,78,0,0,0,0,0,19,0,7,0,0,0,0,0,0,0,0,0,0,1,0,0,0,0,0,0,0,0,0,0,0,0,6,0,0,0,0,87,10573,0,0,0,0,8,13,0,0,0,2,0,2,0,Jolteon
4-13,20:05:35,NINTEN,Pidgey,Lass,8,Route 24,2,15:33.18,15:33,0h15m33s,0,0,0,24,1:00,8.92,QUICK ATTACK,SAND-ATTACK,GUST,WHIRLWIND,6,2117,122,28,34,218,205,122,8,6163,Jolteon, ,Normal,Flying,11050,Pidgey2,Pidgey,,00:15:24.27,00:15:33.18,01:00:49.56,24,0,0,15,33,18,QUICK ATTACK,SAND-ATTACK,GUST,WHIRLWIND,23,15,35,20,0,0,0,0,60,64,37,35,32,32,42,3973,3792,3990,2997,2997,4402,15,15,15,15,0,0,0,0,0,0,0,41,35,32,32,42,220948,71172,141736,6060,1980,6,0,0,2117,2117,0,0,122,62,28,34,5,0,3441,2498,273,273,204,26,79,0,0,0,0,0,19,0,7,0,0,0,0,0,0,0,0,0,0,1,0,0,0,0,0,0,0,0,0,0,0,0,6,0,0,0,0,89,10915,0,0,0,0,8,13,0,0,0,2,0,2,0,Jolteon
4-13,20:05:52,NINTEN,Pidgey,Youngster,4,Route 24,3,15:50.75,15:50,0h15m50s,0,0,0,24,1:01,14.804,QUICK ATTACK,SAND-ATTACK,GUST,WHIRLWIND,6,2121,122,29,34,226,210,124,8,6373,Jolteon, ,Normal,Flying,11569,Pidgey2,Pidgey,,00:15:35.95,00:15:50.75,01:01:59.20,24,0,0,15,50,75,QUICK ATTACK,SAND-ATTACK,GUST,WHIRLWIND,18,15,35,20,0,0,0,0,51,64,37,35,32,32,42,4078,3953,4104,3102,3102,4584,15,15,15,15,0,0,0,0,0,0,0,41,35,32,32,42,225112,71344,145728,6060,1980,6,0,0,2121,2121,0,0,122,63,29,34,5,0,3612,2606,282,282,209,26,81,0,0,0,0,0,20,0,7,0,0,0,0,0,0,0,0,0,0,1,0,0,0,0,0,0,0,0,0,0,0,0,6,0,0,0,0,92,11434,0,0,0,0,8,13,0,0,0,2,0,2,0,Jolteon
4-13,20:06:06,NINTEN,Pidgey,Lass,7,Route 24,2,16:03.89,16:03,0h16m3s,0,0,0,25,1:02,10.333,QUICK ATTACK,SAND-ATTACK,GUST,WHIRLWIND,6,2125,128,30,34,230,214,126,8,6583,Jolteon, ,Normal,Flying,11957,Pidgey2,Pidgey,,00:15:53.55,00:16:03.89,01:02:51.05,25,0,0,16,3,89,QUICK ATTACK,SAND-ATTACK,GUST,WHIRLWIND,14,15,35,20,0,0,0,0,41,66,39,36,33,33,44,4173,4045,4196,3177,3177,4681,15,15,15,15,0,0,0,0,0,0,0,43,36,33,33,44,228217,71514,148663,6060,1980,6,0,0,2125,2125,0,0,128,64,30,34,5,0,3718,2693,294,294,213,26,83,0,0,0,0,0,20,0,7,0,0,0,0,0,0,0,0,0,0,1,0,0,0,0,0,0,0,0,0,0,0,0,6,0,0,0,0,94,11822,0,0,0,0,8,13,0,0,0,2,0,2,0,Jolteon
4-13,20:06:15,NINTEN,Pidgey,Jr Trainer M,3,Route 24,1,16:13.61,16:13,0h16m13s,0,0,0,25,1:03,5.63,QUICK ATTACK,SAND-ATTACK,GUST,WHIRLWIND,6,2129,139,31,34,232,216,127,8,6823,Jolteon, ,Normal,Flying,12242,Pidgey2,Pidgey,,00:16:07.98,00:16:13.61,01:03:29.16,25,0,0,16,13,61,QUICK ATTACK,SAND-ATTACK,GUST,WHIRLWIND,12,15,35,20,0,0,0,0,33,66,39,36,33,33,44,4213,4125,4231,3212,3212,4751,15,15,15,15,0,0,0,0,0,0,0,43,36,33,33,44,230508,71695,150773,6060,1980,6,0,0,2129,2129,0,0,139,65,31,34,5,0,3779,2738,302,302,215,26,84,0,0,0,0,0,20,0,7,0,0,0,0,0,0,0,0,0,0,1,0,0,0,0,0,0,0,0,0,0,0,0,6,0,0,0,0,95,12107,0,0,0,0,8,13,0,0,0,2,0,2,0,Jolteon
4-13,20:06:32,NINTEN,Pidgey,Rocket,6,Route 24,2,16:29.89,16:29,0h16m29s,0,0,0,25,1:04,10.122,QUICK ATTACK,SAND-ATTACK,GUST,WHIRLWIND,6,2135,145,32,34,236,220,129,9,7183,Jolteon, ,Normal,Flying,12612,Pidgey2,Pidgey,,00:16:19.77,00:16:29.89,01:04:33.36,25,0,0,16,29,89,QUICK ATTACK,SAND-ATTACK,GUST,WHIRLWIND,8,15,35,20,0,0,0,0,32,66,39,36,33,33,44,4288,4230,4310,3292,3292,4861,15,15,15,15,0,-1,0,0,0,0,0,48,23,33,33,44,234368,72663,153665,6060,1980,6,0,0,2135,2135,0,0,145,66,32,34,5,0,3918,2815,303,303,219,26,86,0,0,0,0,0,20,0,7,0,0,0,0,0,0,0,0,0,0,1,0,0,0,0,0,0,0,0,0,0,0,0,6,0,0,0,0,97,12477,0,0,0,0,8,13,0,0,0,2,0,2,0,Jolteon
4-13,20:07:01,NINTEN,Pidgey,Hiker,2,Route 25,2,16:59.60,16:59,0h16m59s,0,0,0,25,1:06,14.822,QUICK ATTACK,SAND-ATTACK,GUST,WHIRLWIND,7,2177,146,33,34,243,227,134,9,7633,Jolteon, ,Normal,Flying,13170,Pidgey2,Pidgey,,00:16:44.78,00:16:59.60,01:06:30.55,25,0,0,16,59,60,QUICK ATTACK,SAND-ATTACK,GUST,WHIRLWIND,1,15,35,20,0,0,0,0,59,66,39,36,33,33,44,4398,4390,4460,3357,3357,4916,15,15,15,15,0,0,0,0,0,0,0,43,36,33,33,44,241407,74290,157678,7459,1980,7,0,0,2177,2177,0,0,146,67,33,34,5,0,4015,2902,310,310,226,26,87,0,0,0,0,0,22,0,7,0,0,0,0,0,0,0,0,0,0,1,0,0,0,0,0,0,0,0,0,0,0,0,6,0,0,0,0,99,13035,0,0,0,0,8,13,0,0,0,2,0,2,0,Jolteon
4-13,20:07:20,NINTEN,Pidgey,Lass,9,Route 25,2,17:18.47,17:18,0h17m18s,0,0,0,26,1:07,12.027,GUST,SAND-ATTACK,QUICK ATTACK,WHIRLWIND,7,2197,151,34,34,247,231,136,10,8158,Jolteon, ,Normal,Flying,13551,Pidgey2,Pidgey,,00:17:06.44,00:17:18.47,01:07:45.31,26,0,0,17,18,47,GUST,SAND-ATTACK,QUICK ATTACK,WHIRLWIND,31,15,1,20,0,0,0,0,50,69,40,38,34,34,46,4499,4494,4552,3437,3437,5007,15,15,15,15,0,0,0,0,0,0,0,45,38,34,34,46,245883,75432,161012,7459,1980,7,0,0,2197,2197,0,0,151,68,34,34,5,0,4139,2986,322,322,230,26,89,0,0,0,0,0,23,0,7,0,0,0,0,0,0,0,0,0,0,1,0,0,0,0,0,0,0,0,0,0,0,0,6,0,0,0,0,101,13416,0,0,0,0,9,13,0,0,0,2,0,2,0,Jolteon
4-13,20:07:34,NINTEN,Pidgey,Jr Trainer M,2,Route 25,2,17:32.29,17:32,0h17m32s,0,0,0,26,1:08,7.897,GUST,SAND-ATTACK,QUICK ATTACK,WHIRLWIND,7,2209,155,35,34,250,234,137,10,8383,Jolteon, ,Normal,Flying,13908,Pidgey2,Pidgey,,00:17:24.38,00:17:32.29,01:08:39.59,26,0,0,17,32,29,GUST,SAND-ATTACK,QUICK ATTACK,WHIRLWIND,28,15,1,20,0,0,0,0,50,69,40,38,34,34,46,4564,4610,4631,3502,3502,5134,15,15,15,15,0,-1,0,0,0,0,0,50,25,34,34,46,249151,76046,163666,7459,1980,7,0,0,2209,2209,0,0,155,69,35,34,5,0,4246,3056,322,322,233,26,90,0,0,0,0,0,23,0,7,0,0,0,0,0,0,0,0,0,0,1,0,0,0,0,0,0,0,0,0,0,0,0,6,0,0,0,0,103,13773,0,0,0,0,9,13,0,0,0,2,0,2,0,Jolteon
4-13,20:07:51,NINTEN,Pidgey,Oddish Lass,10,Route 25,3,17:49.29,17:49,0h17m49s,0,0,0,26,1:09,12.341,GUST,SAND-ATTACK,QUICK ATTACK,WHIRLWIND,7,2224,155,36,34,255,239,139,10,8663,Jolteon, ,Normal,Flying,14493,Pidgey2,Pidgey,Oddish Lass,00:17:36.95,00:17:49.29,01:09:47.07,26,0,0,17,49,29,GUST,SAND-ATTACK,QUICK ATTACK,WHIRLWIND,23,15,1,20,0,0,0,0,46,69,40,38,34,34,46,4694,4755,4781,3687,3687,5250,15,15,15,15,0,0,0,0,0,0,0,45,38,34,34,46,253179,76671,167069,7459,1980,7,0,0,2224,2224,0,0,155,70,36,34,5,0,4424,3165,326,326,238,26,92,0,0,0,0,0,24,0,7,0,0,0,0,0,0,0,0,0,0,1,0,0,0,0,0,0,0,0,0,0,0,0,6,0,0,0,0,106,14358,0,0,0,0,9,13,0,0,0,2,0,2,0,Jolteon
4-13,20:08:34,NINTEN,Pidgey,Cerulean Rocket,5,Cerulean City,2,18:31.91,18:31,0h18m31s,0,0,0,26,1:12,9.473,GUST,SAND-ATTACK,QUICK ATTACK,WHIRLWIND,7,2417,170,37,34,259,243,141,11,8858,Jolteon, ,Normal,Flying,15182,Pidgey2,Pidgey,Rocket,00:18:22.44,00:18:31.91,01:12:35.35,26,0,0,18,31,91,GUST,SAND-ATTACK,QUICK ATTACK,WHIRLWIND,31,15,30,20,0,0,0,0,55,69,40,38,34,34,46,4824,4883,4876,3812,3812,5327,15,15,15,15,0,0,0,0,0,0,0,45,38,34,34,46,263287,84053,169795,7459,1980,7,0,0,2417,2417,0,0,170,71,37,34,5,0,4551,3268,340,340,242,26,93,0,0,0,0,0,25,0,8,0,0,0,0,0,0,0,0,0,0,1,0,0,0,0,0,0,0,0,0,0,0,0,6,0,0,0,0,108,15047,0,0,0,0,10,13,0,0,0,2,0,2,0,Jolteon
4-13,20:09:11,NINTEN,Pidgey,Sandy,3,Route 6,3,19:09.19,19:09,0h19m9s,0,0,0,27,1:15,14.955,QUICK ATTACK,SAND-ATTACK,GUST,WHIRLWIND,8,2563,172,38,35,265,249,144,13,9368,Jolteon, ,Normal,Flying,15743,Pidgey2,Pidgey,,00:18:54.23,00:19:09.19,01:15:02.43,27,0,0,19,9,19,QUICK ATTACK,SAND-ATTACK,GUST,WHIRLWIND,24,15,31,20,0,0,0,0,45,71,41,39,36,36,48,4944,5018,4996,3917,3917,5495,15,15,15,15,0,0,0,0,0,-1,0,51,39,36,36,48,272115,87586,174569,7980,1980,8,0,0,2563,2563,0,0,172,73,38,35,6,0,4768,3391,352,352,248,26,96,0,0,0,0,0,26,0,8,0,0,0,0,0,0,0,0,0,0,1,0,0,0,0,0,0,0,0,0,0,0,0,6,0,0,0,0,111,15608,0,0,0,0,11,13,0,0,0,2,0,2,0,Jolteon
4-13,20:09:27,NINTEN,Pidgey,Jr Trainer M,5,Route 6,2,19:24.99,19:24,0h19m24s,0,0,0,27,1:16,9.558,QUICK ATTACK,SAND-ATTACK,GUST,WHIRLWIND,8,2567,172,39,35,269,253,146,13,9688,Jolteon, ,Normal,Flying,16338,Pidgey2,Pidgey,,00:19:15.44,00:19:24.99,01:16:04.48,27,0,0,19,24,99,QUICK ATTACK,SAND-ATTACK,GUST,WHIRLWIND,20,15,31,20,0,0,0,0,59,71,41,39,36,36,48,5039,5159,5086,3998,3998,5662,15,15,15,15,0,0,0,0,0,0,0,46,39,36,36,48,275840,87888,177638,8334,1980,8,0,0,2567,2567,0,0,172,74,39,35,6,0,4916,3478,358,358,252,27,97,0,0,0,0,0,27,0,8,0,0,0,0,0,0,0,0,0,0,1,0,0,0,0,0,0,0,0,0,0,0,0,6,0,0,0,0,113,16203,0,0,0,0,11,13,0,0,0,2,0,2,0,Jolteon
4-13,20:10:02,NINTEN,Pidgey,Sailor,5,SS Anne,2,19:59.92,19:59,0h19m59s,0,0,0,27,1:18,8.231,QUICK ATTACK,SAND-ATTACK,GUST,WHIRLWIND,9,2706,201,40,35,272,256,147,16,5458,Jolteon, ,Normal,Flying,17151,Pidgey2,Pidgey,,00:19:51.69,00:19:59.92,01:18:22.18,27,0,0,19,59,92,QUICK ATTACK,SAND-ATTACK,GUST,WHIRLWIND,17,15,31,20,0,0,0,0,56,71,41,39,36,36,48,5109,5244,5176,4168,4168,5817,15,15,15,15,0,0,0,0,0,0,0,46,39,36,36,48,284090,93244,179994,8872,1980,9,0,0,2706,2706,0,0,201,75,40,35,6,0,5028,3564,361,361,255,27,98,0,0,0,0,0,28,0,8,0,0,0,0,0,0,0,0,0,0,1,0,0,0,0,0,0,0,0,0,0,0,0,6,0,0,0,0,115,17016,0,0,0,0,13,21,0,0,0,2,0,2,0,Jolteon
4-13,20:10:36,NINTEN,Pidgey,Fisher,1,SS Anne,3,20:34.16,20:34,0h20m34s,0,0,0,28,1:20,23.206,QUICK ATTACK,SAND-ATTACK,GUST,WING ATTACK,9,2798,204,41,35,282,262,150,17,5998,Jolteon, ,Normal,Flying,18339,Pidgey2,Pidgey,,00:20:10.96,00:20:34.16,01:20:37.39,28,0,0,20,34,16,QUICK ATTACK,SAND-ATTACK,GUST,WING ATTACK,11,15,31,35,0,0,0,0,42,73,43,40,37,37,50,5239,5418,5331,4368,4368,6013,15,15,15,15,0,-1,0,0,0,0,0,48,26,37,37,50,292211,95446,185913,8872,1980,9,0,0,2798,2798,0,0,204,76,41,35,6,0,5227,3697,377,377,261,27,101,0,0,0,0,0,29,0,8,0,0,0,0,0,0,0,0,0,0,1,0,0,0,0,0,0,0,0,0,0,0,0,6,0,0,0,0,118,18204,0,0,0,0,14,21,0,0,0,3,0,2,0,Jolteon
4-13,20:10:52,NINTEN,Pidgey,Gentleman,5,SS Anne,2,20:50.25,20:50,0h20m50s,0,0,0,28,1:21,9.948,QUICK ATTACK,SAND-ATTACK,GUST,WING ATTACK,9,2811,206,42,35,286,266,152,17,6593,Jolteon, ,Normal,Flying,19223,Pidgey2,Pidgey,,00:20:40.30,00:20:50.25,01:21:40.48,28,0,0,20,50,25,QUICK ATTACK,SAND-ATTACK,GUST,WING ATTACK,7,15,31,35,0,0,0,0,21,73,43,40,37,37,50,5344,5573,5431,4483,4483,6163,15,15,15,15,0,0,0,0,0,0,0,48,40,37,37,50,296000,96175,188973,8872,1980,9,0,0,2811,2811,0,0,206,77,42,35,6,0,5350,3791,398,398,265,27,103,0,0,0,0,0,29,0,9,0,0,0,0,0,0,0,0,0,0,1,0,0,0,0,0,0,0,0,0,0,0,0,6,0,0,0,0,120,19088,0,0,0,0,14,21,0,0,0,3,0,2,0,Jolteon
4-13,20:11:28,NINTEN,Pidgey,Rival3-SS Anne,1,SS Anne,4,21:26.08,21:26,0h21m26s,0,0,0,29,1:24,20.658,QUICK ATTACK,SAND-ATTACK,GUST,WING ATTACK,10,2841,209,43,35,295,275,157,16,7783,Jolteon, ,Normal,Flying,20404,Pidgey2,Pidgey,Rival (SS Anne),00:21:05.42,00:21:26.08,01:24:02.03,29,0,0,21,26,8,QUICK ATTACK,SAND-ATTACK,GUST,WING ATTACK,0,15,29,35,0,0,0,0,57,76,45,42,38,38,51,5519,5819,5631,4634,4634,6400,15,15,15,15,0,-2,0,0,0,-1,0,70,21,38,38,51,304475,97659,194281,10555,1980,10,0,0,2841,2841,0,0,209,78,43,35,6,0,5612,3979,417,417,273,29,107,0,0,0,0,0,29,0,10,0,0,0,0,0,0,0,0,0,0,1,0,0,0,0,0,0,0,0,0,0,0,0,6,0,0,0,0,124,20269,0,0,0,0,15,21,0,0,0,3,0,2,0,Jolteon
4-13,20:12:12,NINTEN,Pidgey,Youngster,12,Route 11,2,22:10.74,22:10,0h22m10s,0,0,0,29,1:26,11.341,GUST,SAND-ATTACK,QUICK ATTACK,WING ATTACK,10,3018,220,44,35,299,279,159,17,9083,Jolteon, ,Normal,Flying,21089,Pidgey2,Pidgey,,00:21:59.40,00:22:10.74,01:26:58.31,29,0,0,22,10,74,GUST,SAND-ATTACK,QUICK ATTACK,WING ATTACK,25,15,0,35,0,0,0,0,62,76,45,42,38,38,51,5626,5948,5728,4729,4729,6515,15,15,15,15,0,0,0,0,0,0,0,50,42,38,38,51,315063,104142,197829,11112,1980,10,0,0,3018,3018,0,0,220,79,44,35,6,0,5732,4078,431,431,277,29,109,0,0,0,0,0,29,0,10,0,0,0,0,0,0,0,0,0,0,1,0,0,0,0,0,0,0,0,0,0,0,0,6,0,0,0,0,126,20954,0,0,0,0,15,21,0,0,0,3,0,2,0,Jolteon
4-13,20:12:40,NINTEN,Pidgey,Engineer,3,Route 11,3,22:38.16,22:38,0h22m38s,0,0,0,30,1:28,16.401,GUST,SAND-ATTACK,QUICK ATTACK,WING ATTACK,10,3055,222,45,36,306,286,163,17,9353,Jolteon, ,Normal,Flying,22394,Pidgey2,Pidgey,,00:22:21.76,00:22:38.16,01:28:46.46,30,0,0,22,38,16,GUST,SAND-ATTACK,QUICK ATTACK,WING ATTACK,18,15,0,35,0,0,0,0,27,78,46,43,40,40,53,5726,6078,5963,5039,5039,6675,15,15,15,15,0,0,0,0,0,0,0,51,43,40,40,53,321558,105527,202939,11112,1980,10,0,0,3055,3055,0,0,222,81,45,36,7,0,5896,4204,468,468,284,29,113,0,0,0,0,0,30,0,12,0,0,0,0,0,0,0,0,0,0,1,0,0,0,0,0,0,0,0,0,0,0,0,6,0,0,0,0,129,22259,0,0,0,0,15,21,0,0,0,3,0,2,0,Jolteon
4-13,20:13:00,NINTEN,Pidgey,Gambler,3,Route 11,2,22:57.95,22:57,0h22m57s,0,0,0,30,1:30,9.639,GUST,SAND-ATTACK,QUICK ATTACK,WING ATTACK,11,3066,222,46,36,310,290,165,16,10253,Jolteon, ,Normal,Flying,23132,Pidgey2,Pidgey,,00:22:48.31,00:22:57.95,01:30:04.40,30,0,0,22,57,95,GUST,SAND-ATTACK,QUICK ATTACK,WING ATTACK,14,15,0,35,0,0,0,0,41,78,46,43,40,40,53,5791,6143,6083,5189,5189,6820,15,15,15,15,0,0,0,0,0,0,0,51,43,40,40,53,326232,106202,206033,12017,1980,11,0,0,3066,3066,0,0,222,82,46,36,7,0,6031,4288,474,474,288,29,115,0,0,0,0,0,31,0,12,0,0,0,0,0,0,0,0,0,0,1,0,0,0,0,0,0,0,0,0,0,0,0,6,0,0,0,0,131,22997,0,0,0,0,15,21,0,0,0,3,0,2,0,Jolteon
4-13,20:13:13,NINTEN,Pidgey,Youngster,11,Route 11,3,23:11.62,23:11,0h23m11s,0,0,0,30,1:30,10.328,GUST,SAND-ATTACK,QUICK ATTACK,WING ATTACK,11,3072,222,47,36,314,294,166,16,11513,Jolteon, ,Normal,Flying,23967,Pidgey2,Pidgey,,00:23:01.30,00:23:11.62,01:30:58.28,30,0,0,23,11,62,GUST,SAND-ATTACK,QUICK ATTACK,WING ATTACK,10,15,0,35,0,0,0,0,26,78,46,43,40,40,53,5906,6336,6213,5289,5289,7061,15,15,15,15,0,0,0,0,0,0,0,51,43,40,40,53,329460,106510,208953,12017,1980,11,0,0,3072,3072,0,0,222,83,47,36,7,0,6179,4414,489,489,292,29,116,0,0,0,0,0,31,0,12,0,0,0,0,0,0,0,0,0,0,1,0,0,0,0,0,0,0,0,0,0,0,0,6,0,0,0,0,134,23832,0,0,0,0,15,21,0,0,0,3,0,2,0,Jolteon
4-13,20:13:34,NINTEN,Pidgey,Gambler,1,Route 11,2,23:32.16,23:32,0h23m32s,0,0,0,31,1:32,8.904,GUST,SAND-ATTACK,QUICK ATTACK,WING ATTACK,11,3126,225,48,36,317,297,167,16,11768,Jolteon, ,Normal,Flying,24583,Pidgey2,Pidgey,,00:23:23.26,00:23:32.16,01:32:19.32,31,0,0,23,32,16,GUST,SAND-ATTACK,QUICK ATTACK,WING ATTACK,7,15,0,35,0,0,0,0,70,80,48,45,41,41,55,5976,6426,6323,5399,5399,7211,15,15,15,15,0,0,0,0,-1,0,0,54,45,41,41,36,334324,107876,211597,12871,1980,11,0,0,3126,3126,0,0,225,84,48,36,7,0,6300,4500,497,497,295,29,117,0,0,0,0,0,32,0,13,0,0,0,0,0,0,0,0,0,0,1,0,0,0,0,0,0,0,0,0,0,0,0,6,0,0,0,0,136,24448,0,0,0,0,15,21,0,0,0,3,0,2,0,Jolteon
4-13,20:13:48,NINTEN,Pidgey,Youngster,9,Route 11,1,23:46.35,23:46,0h23m46s,0,0,0,31,1:33,5.573,GUST,SAND-ATTACK,QUICK ATTACK,WING ATTACK,11,3157,234,49,36,319,299,168,16,13028,Jolteon, ,Normal,Flying,24862,Pidgey2,Pidgey,,00:23:40.78,00:23:46.35,01:33:15.32,31,0,0,23,46,35,GUST,SAND-ATTACK,QUICK ATTACK,WING ATTACK,5,15,0,35,0,0,0,0,62,80,48,45,41,41,55,6011,6486,6367,5439,5439,7266,15,15,15,15,0,0,0,0,0,0,0,54,45,41,41,55,337684,109108,213725,12871,1980,11,0,0,3157,3157,0,0,234,85,49,36,7,0,6371,4549,505,505,297,29,118,0,0,0,0,0,32,0,13,0,0,0,0,0,0,0,0,0,0,1,0,0,0,0,0,0,0,0,0,0,0,0,6,0,0,0,0,137,24727,0,0,0,0,15,21,0,0,0,3,0,2,0,Jolteon
4-13,20:14:22,NINTEN,Pidgey,Swimmer,1,Cerulean City - Gym,2,24:20.81,24:20,0h24m20s,0,0,0,31,1:35,9.237,GUST,SAND-ATTACK,QUICK ATTACK,WING ATTACK,11,3206,235,50,36,323,303,170,15,13343,Jolteon, ,Normal,Flying,25476,Pidgey2,Pidgey,,00:24:11.57,00:24:20.81,01:35:31.07,31,0,0,24,20,81,GUST,SAND-ATTACK,QUICK ATTACK,WING ATTACK,31,15,30,35,0,0,0,0,75,80,48,45,41,41,55,6071,6591,6537,5554,5554,7366,15,15,15,15,0,0,0,0,0,0,0,54,45,41,41,55,345819,111661,216406,15772,1980,11,0,0,3206,3206,0,0,235,86,50,36,7,0,6472,4625,510,510,301,29,119,0,0,0,0,0,32,0,13,0,0,0,0,0,0,0,0,0,0,1,0,0,0,0,0,0,0,0,0,0,0,0,6,0,0,0,0,139,25341,0,0,0,0,15,21,0,0,0,5,0,2,0,Jolteon
4-13,20:14:32,NINTEN,Pidgey,Pecking Lass,1,Cerulean City - Gym,1,24:30.03,24:30,0h24m30s,0,0,0,31,1:36,5.487,GUST,SAND-ATTACK,QUICK ATTACK,WING ATTACK,11,3214,236,51,36,325,305,171,15,13423,Jolteon, ,Normal,Flying,25927,Pidgey2,Pidgey,,00:24:24.54,00:24:30.03,01:36:07.27,31,0,0,24,30,3,GUST,SAND-ATTACK,QUICK ATTACK,WING ATTACK,29,15,30,35,0,0,0,0,70,80,48,45,41,41,55,6116,6658,6597,5604,5604,7429,15,15,15,15,0,0,0,0,0,0,0,54,45,41,41,55,347999,112062,218185,15772,1980,11,0,0,3214,3214,0,0,236,87,51,36,7,0,6529,4674,515,515,303,29,120,0,0,0,0,0,32,0,13,0,0,0,0,0,0,0,0,0,0,1,0,0,0,0,0,0,0,0,0,0,0,0,6,0,0,0,0,140,25792,0,0,0,0,15,21,0,0,0,5,0,2,0,Jolteon
4-13,20:14:55,NINTEN,Pidgey,Misty,1,Cerulean City - Gym,2,24:53.39,24:53,0h24m53s,0,0,0,32,1:37,13.175,QUICK ATTACK,SAND-ATTACK,GUST,WING ATTACK,12,3215,238,52,36,330,310,173,15,13803,Jolteon, ,Normal,Flying,27266,Pidgey2,Pidgey,Misty,00:24:40.21,00:24:53.39,01:37:39.44,32,0,0,24,53,39,QUICK ATTACK,SAND-ATTACK,GUST,WING ATTACK,25,15,29,35,0,0,0,0,46,83,49,46,43,43,57,6206,6778,6737,5774,5774,7629,15,15,15,15,0,0,0,0,-1,0,0,55,46,43,43,37,353536,112586,221813,17157,1980,12,0,0,3215,3215,0,0,238,88,52,36,7,0,6646,4774,552,552,308,29,122,0,0,0,0,0,32,0,13,0,0,0,0,0,0,0,0,0,0,1,0,0,0,0,0,0,0,0,0,0,0,0,6,0,0,0,0,142,27131,0,0,0,0,15,21,0,0,0,5,0,2,0,Jolteon
4-13,20:15:34,NINTEN,Pidgey,Wrapping Lass,5,Route 9,4,25:32.85,25:32,0h25m32s,0,0,0,32,1:40,12.053,QUICK ATTACK,SAND-ATTACK,GUST,WING ATTACK,13,3321,249,53,36,334,314,173,16,15882,Jolteon, ,Normal,Flying,28514,Pidgey2,Pidgey,RTG1 - Wrapping Lass,00:25:20.79,00:25:32.85,01:40:15.18,32,0,0,25,32,85,QUICK ATTACK,SAND-ATTACK,GUST,WING ATTACK,30,15,35,31,0,0,0,0,83,83,49,46,43,43,57,6396,7028,6917,6064,6064,7769,15,15,15,15,0,0,0,0,0,0,0,55,46,43,43,57,362870,116598,225595,18697,1980,13,0,0,3321,3321,0,0,249,89,53,36,7,0,6973,4964,552,552,312,29,122,0,0,0,0,0,33,0,13,0,0,0,0,0,0,0,0,0,0,1,0,0,0,0,0,0,0,0,0,0,0,0,6,0,0,0,0,146,28379,0,0,0,0,15,21,0,0,0,5,0,2,0,Jolteon
4-13,20:15:51,NINTEN,Pidgey,Bug Catcher,14,Route 9,3,25:48.96,25:48,0h25m48s,0,0,0,32,1:41,9.521,QUICK ATTACK,SAND-ATTACK,GUST,WING ATTACK,13,3358,257,54,36,337,317,173,16,16242,Jolteon, ,Normal,Flying,29283,Pidgey2,Pidgey,,00:25:39.44,00:25:48.96,01:41:18.56,32,0,0,25,48,96,QUICK ATTACK,SAND-ATTACK,GUST,WING ATTACK,30,15,35,28,0,0,0,0,83,83,49,46,43,43,57,6541,7148,7032,6144,6144,7909,15,15,15,15,0,0,0,0,0,0,0,55,46,43,43,57,366688,117670,228341,18697,1980,13,0,0,3358,3358,0,0,257,90,54,36,7,0,7176,5121,552,552,315,29,122,0,0,0,0,0,33,0,13,0,0,0,0,0,0,0,0,0,0,1,0,0,0,0,0,0,0,0,0,0,0,0,6,0,0,0,0,149,29148,0,0,0,0,15,21,0,0,0,5,0,2,0,Jolteon
4-13,20:17:33,NINTEN,Pidgey,Slowbone,7,Rock Tunnel - 1,2,27:31.26,27:31,0h27m31s,0,1,1,33,1:48,17.558,QUICK ATTACK,SAND-ATTACK,GUST,WING ATTACK,14,3690,274,56,36,359,338,192,16,8221,Jolteon, ,Normal,Flying,30624,Pidgey2,Pidgey,,00:27:13.70,00:27:31.26,01:48:04.06,33,0,0,27,31,26,QUICK ATTACK,SAND-ATTACK,GUST,WING ATTACK,23,14,35,35,0,0,0,0,31,85,51,48,44,44,59,6731,7313,7287,6264,6264,7994,15,15,15,15,0,-1,0,0,0,0,0,57,31,44,44,59,390998,124666,241945,22407,1980,14,0,0,3690,3690,0,0,274,92,56,36,7,0,7473,5391,726,718,335,33,138,0,0,0,0,0,34,0,14,0,0,1,0,0,0,0,0,0,0,1,0,0,0,0,3,1,0,0,0,0,0,0,6,0,0,0,2,152,30489,0,0,0,0,15,21,0,0,0,5,1,2,1,Jolteon
4-13,20:17:52,NINTEN,Pidgey,Pokemaniac,5,Rock Tunnel,1,27:50.58,27:50,0h27m50s,0,1,1,33,1:49,9.238,QUICK ATTACK,SAND-ATTACK,GUST,WING ATTACK,14,3727,279,57,36,363,342,195,16,9371,Jolteon, ,Normal,Flying,31153,Pidgey2,Pidgey,,00:27:41.35,00:27:50.58,01:49:20.15,33,0,0,27,50,58,QUICK ATTACK,SAND-ATTACK,GUST,WING ATTACK,19,14,35,35,0,0,0,0,57,85,51,48,44,44,59,6821,7378,7352,6304,6304,8009,15,15,15,15,0,0,0,0,0,0,0,57,48,44,44,59,395567,125551,244826,23210,1980,14,0,0,3727,3727,0,0,279,93,57,36,7,0,7576,5475,750,742,339,33,141,0,0,0,0,0,34,0,14,0,0,1,0,0,0,0,0,0,0,1,0,0,0,0,3,1,0,0,0,0,0,0,6,0,0,0,2,153,31018,0,0,0,0,15,21,0,0,0,5,1,2,1,Jolteon
4-13,20:18:22,NINTEN,Pidgey,Status-Condition-Jr-Trainer,10,Rock Tunnel,2,28:19.99,28:19,0h28m19s,0,1,1,33,1:51,19.513,QUICK ATTACK,SAND-ATTACK,GUST,WING ATTACK,15,3741,280,58,36,373,345,203,16,10621,Jolteon, ,Normal,Flying,31821,Pidgey2,Pidgey,RTG4 - Status Jr Trainer,00:28:00.49,00:28:19.99,01:51:16.44,33,0,0,28,19,99,QUICK ATTACK,SAND-ATTACK,GUST,WING ATTACK,19,14,35,32,0,0,0,0,68,85,51,48,44,44,59,6911,7477,7456,6444,6444,8084,15,15,15,15,0,0,0,0,0,0,0,57,48,44,44,59,402556,126263,249858,24455,1980,15,0,0,3741,3741,0,0,280,94,58,36,7,0,7746,5593,767,759,342,33,149,0,0,0,0,0,34,0,15,0,0,1,0,0,0,0,0,0,0,1,0,0,0,0,3,1,0,0,0,0,0,0,12,0,0,0,2,155,31686,0,0,0,0,15,21,0,0,0,5,1,2,1,Jolteon
4-13,20:19:08,NINTEN,Pidgey,Selfdestructing Hiker,9,Rock Tunnel,3,29:06.13,29:06,0h29m6s,0,1,1,34,1:54,25.937,QUICK ATTACK,SAND-ATTACK,GUST,WING ATTACK,16,3855,290,59,36,386,358,216,15,11061,Jolteon, ,Normal,Flying,33198,Pidgey2,Pidgey,,00:28:40.20,00:29:06.13,01:54:19.38,34,0,0,29,6,13,QUICK ATTACK,SAND-ATTACK,GUST,WING ATTACK,13,7,35,32,0,0,0,0,71,88,53,49,45,45,60,7046,7732,7771,6549,6549,8159,15,15,15,15,0,0,0,0,0,0,0,59,49,45,45,60,413530,129774,256410,25366,1980,16,0,0,3855,3855,0,0,290,95,59,36,7,0,7776,5623,767,759,355,44,149,0,0,0,0,0,34,0,15,0,0,1,0,0,0,0,0,0,0,1,0,0,0,0,3,1,0,0,0,0,0,0,12,0,0,0,2,158,33063,0,0,0,0,15,21,0,0,0,5,1,2,1,Jolteon
4-13,20:19:41,NINTEN,Pidgey,Finisher,18,Rock Tunnel - 1,3,29:39.67,29:39,0h29m39s,0,1,1,34,1:56,12.609,QUICK ATTACK,SAND-ATTACK,GUST,WING ATTACK,16,3909,306,60,38,392,364,218,15,11796,Jolteon, ,Normal,Flying,34299,Pidgey2,Pidgey,RTG6 - Finisher,00:29:27.06,00:29:39.67,01:56:31.53,34,0,0,29,39,67,QUICK ATTACK,SAND-ATTACK,GUST,WING ATTACK,9,7,35,30,0,0,0,0,53,88,53,49,45,45,60,7241,7952,7951,6734,6734,8370,15,15,15,15,0,0,0,0,0,0,0,59,49,45,45,60,421465,131892,261792,25801,1980,16,0,0,3909,3909,0,0,306,98,60,38,8,0,8075,5830,785,777,361,44,151,0,0,0,0,0,34,0,15,0,0,1,0,0,0,0,0,0,0,1,0,0,0,0,3,1,0,0,0,0,0,0,12,0,0,0,2,162,34164,0,0,0,0,15,21,0,0,0,5,1,2,1,Jolteon
4-13,20:20:21,NINTEN,Pidgey,Gambler,7,Route 8,2,30:18.98,30:18,0h30m18s,0,1,1,34,1:59,8.185,SWIFT,SAND-ATTACK,QUICK ATTACK,WING ATTACK,16,4102,334,61,39,395,367,219,16,12196,Jolteon, ,Normal,Flying,35091,Pidgey2,Pidgey,,00:30:10.80,00:30:18.98,01:59:06.55,34,0,0,30,18,98,SWIFT,SAND-ATTACK,QUICK ATTACK,WING ATTACK,17,7,9,30,0,0,0,0,53,88,53,49,45,45,60,7334,8063,8036,6849,6849,8495,15,15,15,15,0,-1,0,0,0,0,0,66,32,45,45,60,430767,136680,264851,27256,1980,16,0,0,4102,4102,0,0,334,100,61,39,9,0,8242,5950,785,777,361,44,152,0,0,0,0,0,34,0,15,0,0,1,0,0,0,0,0,0,0,1,0,0,0,0,3,1,0,0,0,0,0,0,12,0,0,0,2,164,34956,0,0,0,0,16,21,0,0,0,6,1,2,1,Jolteon
4-13,20:21:11,NINTEN,Pidgey,Rocket,7,Celadon City - Game Corner,2,31:09.68,31:09,0h31m9s,0,1,1,34,2:02,7.481,SWIFT,SAND-ATTACK,QUICK ATTACK,WING ATTACK,16,4369,363,62,39,398,370,220,14,13876,Jolteon, ,Normal,Flying,35818,Pidgey2,Pidgey,,00:31:02.20,00:31:09.68,02:02:27.17,34,0,0,31,9,68,SWIFT,SAND-ATTACK,QUICK ATTACK,WING ATTACK,17,15,30,35,0,0,0,0,68,88,53,49,45,45,60,7429,8189,8131,6939,6939,8647,15,15,15,15,0,0,0,0,0,0,0,59,49,45,45,60,442789,146136,267120,27553,1980,16,0,0,4369,4369,0,0,363,101,62,39,9,0,8408,6054,805,797,361,44,153,0,0,0,0,0,34,0,15,0,0,1,0,0,0,0,0,0,0,1,0,0,0,0,3,1,0,0,0,0,0,0,12,0,0,0,2,166,35683,0,0,0,0,19,21,0,0,0,6,1,2,1,Jolteon
4-13,20:21:47,NINTEN,Pidgey,Rocket,15,Rocket Hideout 3,2,31:45.37,31:45,0h31m45s,0,1,1,35,2:04,9.504,SWIFT,SAND-ATTACK,QUICK ATTACK,WING ATTACK,16,4539,377,63,39,401,373,221,15,14476,Jolteon, ,Normal,Flying,36610,Pidgey2,Pidgey,,00:31:35.87,00:31:45.37,02:04:48.34,35,0,0,31,45,37,SWIFT,SAND-ATTACK,QUICK ATTACK,WING ATTACK,17,15,30,32,0,0,0,0,54,90,55,51,47,47,62,7569,8349,8231,7009,7009,8717,15,15,15,15,0,0,0,0,0,0,0,61,51,47,47,62,451266,151882,269851,27553,1980,16,0,0,4539,4539,0,0,377,102,63,39,9,0,8592,6180,821,813,364,44,154,0,0,0,0,0,34,0,16,0,0,1,0,0,0,0,0,0,0,1,0,0,0,0,3,1,0,0,0,0,0,0,12,0,0,0,2,168,36475,0,0,0,0,22,21,0,0,0,6,1,2,1,Jolteon
4-13,20:24:08,NINTEN,Pidgey,Beauty,1,Celadon City - Gym,4,34:06.10,34:06,0h34m6s,0,1,1,35,2:14,16.735,SWIFT,SAND-ATTACK,QUICK ATTACK,FLY,17,4999,437,64,39,411,378,227,16,7556,Jolteon,Poisoned,Normal,Flying,38068,Pidgey2,Pidgey,,00:33:49.37,00:34:06.10,02:14:04.52,35,0,0,34,6,10,SWIFT,SAND-ATTACK,QUICK ATTACK,FLY,17,15,30,10,0,0,0,0,49,90,57,51,47,47,62,7759,16279,8411,7299,7299,8857,15,15,15,15,0,0,0,0,0,0,0,64,51,47,47,62,484644,175081,274631,32952,1980,17,0,0,4999,4999,0,0,437,103,64,39,9,0,9285,6396,826,818,368,49,155,0,0,0,0,0,35,0,16,0,0,1,0,0,0,0,0,0,0,2,0,0,0,0,3,1,0,0,0,0,0,0,12,0,0,0,2,172,37933,0,0,0,0,25,40,11,0,0,7,1,2,1,Jolteon
4-13,20:24:46,NINTEN,Pidgey,Cooltrainer F,1,Celadon City - Gym,3,34:44.01,34:44,0h34m44s,0,1,1,36,2:16,20.599,SWIFT,AGILITY,QUICK ATTACK,FLY,17,5003,438,65,39,417,381,230,15,9026,Jolteon, ,Normal,Flying,40245,Pidgey2,Pidgey,,00:34:23.41,00:34:44.01,02:16:34.41,36,0,0,34,44,1,SWIFT,AGILITY,QUICK ATTACK,FLY,17,30,30,7,0,0,0,0,93,93,59,52,48,48,64,7944,16496,8594,7549,7549,9012,15,15,15,15,0,0,0,0,0,0,0,66,52,48,48,64,493633,175571,280013,36069,1980,17,0,0,5003,5003,0,0,438,104,65,39,9,0,9617,6597,826,818,371,52,155,0,0,0,0,0,35,0,16,0,0,1,0,0,0,0,0,0,0,2,0,0,0,0,3,1,0,0,0,0,0,0,12,0,0,0,2,175,40110,0,0,0,0,25,40,11,0,0,7,1,2,1,Jolteon
4-13,20:25:01,NINTEN,Pidgey,Lass,18,Celadon City - Gym,2,34:59.12,34:59,0h34m59s,0,1,1,36,2:17,9.972,SWIFT,AGILITY,QUICK ATTACK,FLY,17,5005,438,66,39,423,384,234,15,9866,Jolteon, ,Normal,Flying,41278,Pidgey2,Pidgey,,00:34:49.16,00:34:59.12,02:17:34.21,36,0,0,34,59,12,SWIFT,AGILITY,QUICK ATTACK,FLY,17,30,30,4,0,0,0,0,93,93,59,52,48,48,64,8049,16611,8719,7709,7709,9082,15,15,15,15,0,0,0,0,0,0,0,66,52,48,48,64,497213,175977,283187,36069,1980,17,0,0,5005,5005,0,0,438,105,66,39,9,0,9843,6718,826,818,373,54,155,0,0,0,0,0,35,0,16,0,0,1,0,0,0,0,0,0,0,2,0,0,0,0,3,1,0,0,0,0,0,0,12,0,0,0,2,177,41143,0,0,0,0,25,40,11,0,0,8,1,2,1,Jolteon
4-13,20:25:09,NINTEN,Pidgey,Beauty,3,Celadon City - Gym,1,35:07.76,35:07,0h35m7s,0,1,1,36,2:18,5.136,SWIFT,AGILITY,QUICK ATTACK,FLY,17,5010,440,67,39,425,385,235,15,10211,Jolteon, ,Normal,Flying,41824,Pidgey2,Pidgey,,00:35:02.62,00:35:07.76,02:18:08.23,36,0,0,35,7,76,SWIFT,AGILITY,QUICK ATTACK,FLY,17,30,30,3,0,0,0,0,93,93,59,52,48,48,64,8109,16651,8799,7769,7769,9122,15,15,15,15,0,0,0,0,0,0,0,66,52,48,48,64,499255,176337,284869,36069,1980,17,0,0,5010,5010,0,0,440,106,67,39,9,0,9987,6789,826,818,374,54,155,0,0,0,0,0,36,0,16,0,0,1,0,0,0,0,0,0,0,2,0,0,0,0,3,1,0,0,0,0,0,0,12,0,0,0,2,178,41689,0,0,0,0,25,40,11,0,0,8,1,2,1,Jolteon
4-13,20:25:32,NINTEN,Pidgey,Erika,1,Celadon City - Gym,3,35:30.36,35:30,0h35m30s,0,1,1,37,2:19,15.256,SWIFT,AGILITY,QUICK ATTACK,FLY,18,5012,441,68,39,433,390,240,15,12031,Jolteon, ,Normal,Flying,44829,Pidgey2,Pidgey,Erika,00:35:15.10,00:35:30.36,02:19:37.48,37,0,0,35,30,36,SWIFT,AGILITY,QUICK ATTACK,FLY,15,30,30,0,0,0,0,0,92,95,61,54,50,50,66,8299,16861,9034,8039,8039,9277,15,15,15,15,0,0,0,0,0,0,0,68,54,50,50,66,504620,177012,288973,36655,1980,18,0,0,5012,5012,0,0,441,107,68,39,9,0,10286,7045,829,821,377,58,156,0,0,0,0,0,36,0,16,0,0,1,0,0,0,0,0,0,0,2,0,0,0,0,3,1,0,0,0,0,0,0,12,0,0,0,2,181,44694,0,0,0,0,25,40,11,0,0,8,1,2,1,Jolteon
4-13,20:26:35,NINTEN,Pidgey,Surge,1,Vermilion City - Gym,1,36:33.21,36:33,0h36m33s,0,1,1,37,2:23,5.045,SWIFT,AGILITY,DOUBLE-EDGE,FLY,19,5287,460,69,39,434,391,240,14,15199,Jolteon, ,Normal,Flying,45561,Pidgey2,Pidgey,Lt. Surge,00:36:28.17,00:36:33.21,02:23:45.31,37,0,0,36,33,21,SWIFT,AGILITY,DOUBLE-EDGE,FLY,20,30,14,15,0,0,0,0,76,95,61,54,50,50,66,8359,16951,9089,8129,8129,9377,15,15,15,15,0,0,0,0,0,0,0,68,54,50,50,66,519483,185750,291093,40660,1980,19,0,0,5287,5287,0,0,460,108,69,39,9,0,10362,7121,848,840,378,58,156,0,0,0,0,0,36,0,16,0,0,1,0,0,0,0,0,0,0,2,0,0,0,0,3,1,0,0,0,0,0,0,12,0,0,0,2,182,45426,0,0,0,0,25,40,11,0,0,9,1,2,1,Jolteon
4-13,20:27:41,NINTEN,Pidgey,Rival4-Pkmn Tower,2,Pokemon Tower - 2F,5,37:39.52,37:39,0h37m39s,0,1,1,38,2:28,23.844,SWIFT,AGILITY,DOUBLE-EDGE,FLY,20,5443,482,70,39,441,398,243,16,17971,Jolteon, ,Normal,Flying,48091,Pidgey2,Pidgey,Rival (Pokemon Tower),00:37:15.67,00:37:39.52,02:28:06.47,38,0,0,37,39,52,SWIFT,AGILITY,DOUBLE-EDGE,FLY,14,30,13,15,0,0,0,0,31,98,63,55,51,51,68,8597,17277,9429,8395,8395,9677,15,15,15,15,0,0,0,0,0,0,0,70,61,51,51,68,535159,193293,297253,42633,1980,20,0,0,5443,5443,0,0,482,109,70,39,9,0,10819,7413,896,888,379,58,159,0,0,0,0,0,38,0,17,0,0,1,0,0,0,0,0,0,0,2,0,0,0,0,3,1,0,0,0,0,0,0,12,0,0,0,2,187,47956,0,0,0,0,25,40,11,0,0,9,1,2,1,Jolteon
4-13,20:28:16,NINTEN,Pidgey,Agatha Jr,10,Pokemon Tower - 4F,2,38:14.84,38:14,0h38m14s,0,1,1,38,2:30,8.055,SWIFT,AGILITY,DOUBLE-EDGE,FLY,21,5491,484,71,40,445,400,245,15,19596,Jolteon, ,Normal,Flying,49027,Pidgey2,Pidgey,,00:38:06.78,00:38:14.84,02:30:26.13,38,0,0,38,14,84,SWIFT,AGILITY,DOUBLE-EDGE,FLY,14,30,13,13,0,0,0,0,98,98,63,55,51,51,68,8657,17347,9489,8595,8595,9837,15,15,15,15,0,0,0,0,0,0,0,70,61,51,51,68,543525,195551,300600,45394,1980,21,0,0,5491,5491,0,0,484,111,71,40,10,0,11039,7513,896,888,381,60,159,0,0,0,0,0,38,0,17,0,0,1,0,0,0,0,0,0,0,2,0,0,0,0,3,1,0,0,0,0,0,0,12,0,0,0,2,189,48892,0,0,0,0,25,40,11,0,0,9,1,2,1,Jolteon
4-13,20:28:35,NINTEN,Pidgey,Channeler,14,Pokemon Tower - 5F,1,38:33.38,38:33,0h38m33s,0,1,1,38,2:31,4.917,SWIFT,AGILITY,DOUBLE-EDGE,FLY,21,5559,511,72,40,447,401,246,16,20286,Jolteon, ,Normal,Flying,49648,Pidgey2,Pidgey,,00:38:28.46,00:38:33.38,02:31:39.39,38,0,0,38,33,38,SWIFT,AGILITY,DOUBLE-EDGE,FLY,20,30,15,14,0,0,0,0,98,98,63,55,51,51,68,8702,17397,9534,8710,8710,9932,15,15,15,15,0,0,0,0,0,0,0,70,61,51,51,68,547931,198395,302162,45394,1980,21,0,0,5559,5559,0,0,511,112,72,40,10,0,11118,7570,896,888,382,60,159,0,0,0,0,0,38,0,17,0,0,1,0,0,0,0,0,0,0,2,0,0,0,0,3,1,0,0,0,0,0,0,12,0,0,0,2,190,49513,0,0,0,0,28,40,11,0,0,9,1,2,1,Jolteon
4-13,20:28:44,NINTEN,Pidgey,Channeler,21,Pokemon Tower - 6F,1,38:41.95,38:41,0h38m41s,0,1,1,38,2:32,4.877,SWIFT,AGILITY,DOUBLE-EDGE,FLY,21,5573,512,73,40,449,402,247,16,20976,Jolteon, ,Normal,Flying,50135,Pidgey2,Pidgey,,00:38:37.07,00:38:41.95,02:32:13.21,38,0,0,38,41,95,SWIFT,AGILITY,DOUBLE-EDGE,FLY,20,30,15,13,0,0,0,0,98,98,63,55,51,51,68,8732,17432,9564,8810,8810,10012,15,15,15,15,0,0,0,0,0,0,0,70,61,51,51,68,549953,198863,303716,45394,1980,21,0,0,5573,5573,0,0,512,113,73,40,10,0,11228,7622,896,888,383,60,159,0,0,0,0,0,38,0,17,0,0,1,0,0,0,0,0,0,0,2,0,0,0,0,3,1,0,0,0,0,0,0,12,0,0,0,2,191,50000,0,0,0,0,28,40,11,0,0,9,1,2,1,Jolteon
4-13,20:28:52,NINTEN,Pidgey,Channeler,20,Pokemon Tower - 6F,1,38:50.11,38:50,0h38m50s,0,1,1,38,2:32,5.08,SWIFT,AGILITY,DOUBLE-EDGE,FLY,21,5584,512,74,40,451,403,248,16,21696,Jolteon, ,Normal,Flying,50622,Pidgey2,Pidgey,,00:38:45.03,00:38:50.11,02:32:45.30,38,0,0,38,50,11,SWIFT,AGILITY,DOUBLE-EDGE,FLY,20,30,15,12,0,0,0,0,98,98,63,55,51,51,68,8762,17467,9594,8910,8910,10092,15,15,15,15,0,0,0,0,0,0,0,70,61,51,51,68,551882,199195,305313,45394,1980,21,0,0,5584,5584,0,0,512,114,74,40,10,0,11402,7674,896,888,384,61,159,0,0,0,0,0,39,0,17,0,0,1,0,0,0,0,0,0,0,2,0,0,0,0,3,1,0,0,0,0,0,0,12,0,0,0,2,192,50487,0,0,0,0,28,40,11,0,0,9,1,2,1,Jolteon
4-13,20:29:24,NINTEN,Pidgey,Rocket,44,Pokemon Tower - 7F,3,39:22.51,39:22,0h39m22s,0,1,1,39,2:34,17.243,SWIFT,AGILITY,DOUBLE-EDGE,FLY,22,5607,513,75,41,458,409,252,16,22416,Jolteon, ,Normal,Flying,52871,Pidgey2,Pidgey,,00:39:05.27,00:39:22.51,02:34:53.40,39,0,0,39,22,51,SWIFT,AGILITY,DOUBLE-EDGE,FLY,16,30,14,11,0,0,0,0,67,100,64,57,53,53,70,8927,17687,9818,9100,9100,10322,15,15,15,15,0,0,0,0,0,0,0,72,64,53,53,70,559572,200740,310940,45912,1980,22,0,0,5607,5607,0,0,513,116,75,41,10,0,11674,7885,929,921,386,62,161,0,0,0,0,0,39,0,17,0,0,1,0,0,0,0,0,0,0,2,0,0,0,0,3,1,0,0,0,0,0,0,12,0,0,0,2,195,52736,0,0,0,0,29,40,11,0,0,9,1,2,1,Jolteon
4-13,20:30:48,NINTEN,Pidgey,Biker,5,Route 16,2,40:46.81,40:46,0h40m46s,0,1,1,39,2:40,9.301,SWIFT,AGILITY,DOUBLE-EDGE,FLY,23,5756,529,76,42,462,413,254,14,2226,Jolteon, ,Normal,Flying,54137,Pidgey2,Pidgey,,00:40:37.51,00:40:46.81,02:40:26.40,39,0,0,40,46,81,SWIFT,AGILITY,DOUBLE-EDGE,FLY,12,30,14,11,0,0,0,0,53,100,66,57,54,54,70,9047,22952,9963,11760,11760,10382,15,15,15,15,0,0,0,0,0,0,0,74,64,54,54,70,579552,213244,314714,49614,1980,23,0,0,5756,5751,5,0,529,118,76,42,11,0,11861,8041,943,935,386,62,163,0,0,0,0,0,39,0,18,0,0,1,0,0,0,0,0,0,0,2,0,0,0,0,3,1,0,0,0,0,0,0,12,0,0,0,2,197,54002,0,0,0,0,29,43,14,0,0,9,1,2,1,Jolteon
4-13,20:31:06,NINTEN,Pidgey,Cue Ball,5,Route 17,2,41:04.84,41:04,0h41m4s,0,1,1,39,2:41,7.963,SWIFT,AGILITY,DOUBLE-EDGE,FLY,23,5782,531,77,42,466,415,256,14,2806,Jolteon, ,Normal,Flying,55589,Pidgey2,Pidgey,,00:40:56.89,00:41:04.84,02:41:37.58,39,0,0,41,4,84,SWIFT,AGILITY,DOUBLE-EDGE,FLY,12,30,14,9,0,0,0,0,53,100,66,57,54,54,70,9197,23132,10083,11845,11845,10462,15,15,15,15,0,0,0,0,0,0,0,74,64,54,54,70,583830,214063,317083,50704,1980,23,0,0,5782,5751,31,0,531,119,77,42,11,0,12087,8215,943,935,388,64,163,0,0,0,0,0,39,0,18,0,0,1,0,0,0,0,0,0,0,2,0,0,0,0,3,1,0,0,0,0,0,0,12,0,0,0,2,199,55454,0,0,0,0,29,43,14,0,0,9,1,2,1,Jolteon
4-13,20:31:18,NINTEN,Pidgey,Cue Ball,4,Route 17,2,41:16.55,41:16,0h41m16s,0,1,1,40,2:42,8.953,SWIFT,AGILITY,DOUBLE-EDGE,FLY,23,5786,534,78,42,470,417,258,14,3531,Jolteon, ,Normal,Flying,56973,Pidgey2,Pidgey,,00:41:07.60,00:41:16.55,02:42:24.04,40,0,0,41,16,55,SWIFT,AGILITY,DOUBLE-EDGE,FLY,12,30,14,7,0,0,0,0,56,103,68,59,55,55,72,9302,23317,10178,11940,11940,10627,15,15,15,15,0,0,0,0,0,0,0,76,66,55,55,72,586596,214222,319690,50704,1980,23,0,0,5786,5751,35,0,534,120,78,42,11,0,12369,8362,943,935,390,66,163,0,0,0,0,0,39,0,18,0,0,1,0,0,0,0,0,0,0,2,0,0,0,0,3,1,0,0,0,0,0,0,12,0,0,0,2,201,56838,0,0,0,0,29,43,14,0,0,9,1,2,1,Jolteon
4-13,20:31:34,NINTEN,Pidgey,Cue Ball,6,Route 17,1,41:32.12,41:32,0h41m32s,0,1,1,40,2:43,5.03,SWIFT,AGILITY,DOUBLE-EDGE,FLY,23,5852,547,79,42,472,418,259,14,4256,Jolteon, ,Normal,Flying,58005,Pidgey2,Pidgey,,00:41:27.09,00:41:32.12,02:43:25.33,40,0,0,41,32,12,SWIFT,AGILITY,DOUBLE-EDGE,FLY,12,30,14,6,0,0,0,0,56,103,68,59,55,55,72,9382,23417,10248,11990,11990,10672,15,15,15,15,0,0,0,0,0,0,0,76,66,55,55,72,590285,215917,321684,50704,1980,23,0,0,5852,5751,101,0,547,121,79,42,11,0,12473,8463,943,935,391,67,163,0,0,0,0,0,39,0,18,0,0,1,0,0,0,0,0,0,0,2,0,0,0,0,3,1,0,0,0,0,0,0,12,0,0,0,2,202,57870,0,0,0,0,30,43,14,0,0,9,1,2,1,Jolteon
4-13,20:31:48,NINTEN,Pidgey,Cue Ball,8,Route 17,2,41:46.03,41:46,0h41m46s,0,1,1,40,2:44,8.225,SWIFT,AGILITY,DOUBLE-EDGE,FLY,23,5897,550,80,42,476,420,261,14,5081,Jolteon, ,Normal,Flying,59836,Pidgey2,Pidgey,,00:41:37.81,00:41:46.03,02:44:20.28,40,0,0,41,46,3,SWIFT,AGILITY,DOUBLE-EDGE,FLY,12,30,14,4,0,0,0,0,56,103,68,59,55,55,72,9527,23622,10378,12100,12100,10812,15,15,15,15,0,0,0,0,0,0,0,76,66,55,55,72,593580,216779,324117,50704,1980,23,0,0,5897,5751,146,0,550,122,80,42,11,0,12711,8634,943,935,393,69,163,0,0,0,0,0,39,0,18,0,0,1,0,0,0,0,0,0,0,2,0,0,0,0,3,1,0,0,0,0,0,0,12,0,0,0,2,204,59701,0,0,0,0,31,43,14,0,0,9,1,2,1,Jolteon
4-13,20:32:19,NINTEN,Pidgey,Cue Ball,1,Route 16,3,42:17.00,42:17,0h42m17s,0,1,1,40,2:46,11.393,SWIFT,AGILITY,DOUBLE-EDGE,FLY,23,5990,553,81,42,482,423,264,14,5806,Jolteon, ,Normal,Flying,61336,Pidgey2,Pidgey,,00:42:05.60,00:42:17.00,02:46:22.23,40,0,0,42,17,0,SWIFT,AGILITY,DOUBLE-EDGE,FLY,20,30,15,12,0,0,0,0,103,103,68,59,55,55,72,9707,23862,10513,12205,12205,10952,15,15,15,15,0,0,0,0,0,0,0,76,66,55,55,72,600895,220272,327296,51347,1980,23,0,0,5990,5833,157,0,553,123,81,42,11,0,13180,8860,943,935,396,72,163,0,0,0,0,0,39,0,18,0,0,1,0,0,0,0,0,0,0,2,0,0,0,0,3,1,0,0,0,0,0,0,12,0,0,0,2,207,61201,0,0,0,0,31,43,14,0,0,9,1,2,1,Jolteon
4-13,20:32:31,NINTEN,Pidgey,Cue Ball,2,Route 16,2,42:29.75,42:29,0h42m29s,0,1,1,41,2:47,8.789,SWIFT,AGILITY,DOUBLE-EDGE,FLY,23,5996,554,82,42,486,425,266,14,6506,Jolteon, ,Normal,Flying,62341,Pidgey2,Pidgey,,00:42:20.97,00:42:29.75,02:47:12.43,41,0,0,42,29,75,SWIFT,AGILITY,DOUBLE-EDGE,FLY,20,30,15,10,0,0,0,0,105,105,69,60,57,57,73,9817,24022,10598,12275,12275,11057,15,15,15,15,0,0,0,0,0,0,0,77,67,57,57,73,603915,220719,329869,51347,1980,23,0,0,5996,5833,163,0,554,124,82,42,11,0,13533,9010,943,935,398,74,163,0,0,0,0,0,39,0,18,0,0,1,0,0,0,0,0,0,0,2,0,0,0,0,3,1,0,0,0,0,0,0,12,0,0,0,2,209,62206,0,0,0,0,31,43,14,0,0,9,1,2,1,Jolteon
4-13,20:32:44,NINTEN,Pidgey,Biker,6,Route 16,1,42:42.01,42:42,0h42m42s,0,1,1,41,2:48,8.124,SWIFT,AGILITY,DOUBLE-EDGE,FLY,23,5999,555,83,42,489,428,268,14,7231,Jolteon, ,Normal,Flying,63563,Pidgey2,Pidgey,,00:42:33.88,00:42:42.01,02:48:01.01,41,0,0,42,42,1,SWIFT,AGILITY,DOUBLE-EDGE,FLY,18,30,14,10,0,0,0,0,66,105,69,60,57,57,73,9882,24112,10718,12360,12360,11117,15,15,15,15,0,0,0,0,0,0,0,77,67,57,57,73,606813,220890,332596,51347,1980,23,0,0,5999,5833,166,0,555,125,83,42,11,0,13627,9101,982,974,399,75,164,0,0,0,0,0,39,0,18,0,0,1,0,0,0,0,0,0,0,2,0,0,0,0,3,1,0,0,0,0,0,0,12,0,0,0,2,210,63428,0,0,0,0,31,43,14,0,0,9,1,2,1,Jolteon
4-13,20:33:04,NINTEN,Pidgey,Biker,7,Route 16,4,43:01.88,43:01,0h43m1s,0,1,1,41,2:49,16.648,SWIFT,AGILITY,DOUBLE-EDGE,FLY,23,6002,555,84,42,497,435,272,14,7891,Jolteon, ,Normal,Flying,65567,Pidgey2,Pidgey,,00:42:45.23,00:43:01.88,02:49:19.26,41,0,0,43,1,88,SWIFT,AGILITY,DOUBLE-EDGE,FLY,13,30,13,9,0,0,0,0,32,105,69,60,57,57,73,10202,24432,10918,12520,12520,11217,15,15,15,15,0,0,0,0,0,0,0,77,67,57,57,73,611518,221163,337028,51347,1980,23,0,0,6002,5833,169,0,555,126,84,42,11,0,14250,9425,1016,1008,401,77,166,0,0,0,0,0,40,0,18,0,0,1,0,0,0,0,0,0,0,2,0,0,0,0,3,1,0,0,0,0,0,0,12,0,0,0,2,214,65432,0,0,0,0,31,43,14,0,0,9,1,2,1,Jolteon
4-13,20:33:16,NINTEN,Pidgey,Cue Ball,3,Route 16,1,43:14.21,43:14,0h43m14s,0,1,1,41,2:50,4.877,SWIFT,AGILITY,DOUBLE-EDGE,FLY,24,6003,556,85,42,499,436,273,13,8411,Jolteon, ,Normal,Flying,66188,Pidgey2,Pidgey,,00:43:09.34,00:43:14.21,02:50:07.59,41,0,0,43,14,21,SWIFT,AGILITY,DOUBLE-EDGE,FLY,13,30,13,8,0,0,0,0,105,105,69,60,57,57,73,10272,24512,10968,12555,12555,11252,15,15,15,15,0,0,0,0,0,0,0,77,67,57,57,73,614431,221323,338676,52452,1980,24,0,0,6003,5833,170,0,556,127,85,42,11,0,14387,9519,1016,1008,402,78,166,0,0,0,0,0,40,0,18,0,0,1,0,0,0,0,0,0,0,2,0,0,0,0,3,1,0,0,0,0,0,0,12,0,0,0,2,215,66053,0,0,0,0,31,43,14,0,0,9,1,2,1,Jolteon
4-13,20:33:35,NINTEN,Pidgey,Biker,8,Route 17,3,43:33.26,43:33,0h43m33s,0,1,1,42,2:51,14.228,SWIFT,AGILITY,DOUBLE-EDGE,FLY,24,6027,558,86,42,504,441,275,13,9236,Jolteon, ,Normal,Flying,68948,Pidgey2,Pidgey,,00:43:19.03,00:43:33.26,02:51:23.12,42,0,0,43,33,26,SWIFT,AGILITY,DOUBLE-EDGE,FLY,11,30,10,8,0,0,0,0,61,108,71,62,58,58,75,10442,24757,11303,12785,12785,11407,15,15,15,15,0,0,0,0,0,0,0,79,69,58,58,75,618944,221976,342536,52452,1980,24,0,0,6027,5833,194,0,558,128,86,42,11,0,14621,9739,1063,1055,405,79,167,0,0,0,0,0,40,0,18,0,0,1,0,0,0,0,0,0,0,2,0,0,0,0,3,1,0,0,0,0,0,0,12,0,0,0,2,218,68813,0,0,0,0,31,43,14,0,0,9,1,2,1,Jolteon
4-13,20:34:46,NINTEN,Pidgey,Biker,12,Route 17,5,44:44.49,44:44,0h44m44s,1,1,2,43,2:54,21.147,SWIFT,AGILITY,DOUBLE-EDGE,FLY,25,6159,574,87,42,514,451,280,13,9796,Jolteon, ,Normal,Flying,72628,Pidgey2,Pidgey,,00:44:23.34,00:44:44.49,02:54:03.18,43,1,0,44,44,49,SWIFT,AGILITY,DOUBLE-EDGE,FLY,2,30,9,8,0,0,0,0,9,111,73,63,60,60,77,10692,25132,11828,13135,13135,11632,15,15,15,15,0,0,0,0,0,0,0,82,70,60,60,77,628556,223731,348359,54322,2144,25,1,0,6159,5833,326,0,574,129,87,42,11,0,15079,10058,1118,1110,406,79,172,0,0,0,0,0,41,0,20,0,0,1,0,0,0,0,0,0,0,2,0,0,0,0,3,1,0,0,0,0,0,0,12,0,0,0,2,223,72493,0,0,0,0,31,43,14,0,0,9,1,2,2,Jolteon
4-13,20:36:18,NINTEN,Pidgey,Blackbelt,5,Saffron City - Fighting Dojo,3,46:16.64,46:16,0h46m16s,1,1,2,43,3:00,11.475,SWIFT,AGILITY,DOUBLE-EDGE,FLY,25,6788,606,88,42,520,454,283,16,9796,Jolteon, ,Normal,Flying,74689,Pidgey2,Pidgey,,00:46:05.16,00:46:16.64,03:00:06.46,43,1,0,46,16,64,SWIFT,AGILITY,DOUBLE-EDGE,FLY,20,30,15,12,0,0,0,0,111,111,74,63,60,60,78,10867,27957,11973,13265,13265,14392,15,15,15,15,0,0,0,0,0,0,0,83,70,60,60,78,650364,237210,351885,59125,2144,25,1,0,6788,6071,717,0,606,130,88,42,11,0,15681,10303,1118,1110,409,82,172,0,0,0,0,0,42,0,20,0,0,1,0,0,0,0,0,0,0,2,0,0,0,0,3,1,0,0,0,0,0,0,12,0,0,0,2,226,74554,0,0,0,0,35,43,14,0,0,10,1,2,2,Jolteon
4-13,20:36:29,NINTEN,Pidgey,Blackbelt,3,Saffron City - Fighting Dojo,2,46:27.65,46:27,0h46m27s,1,1,2,43,3:00,8.162,SWIFT,AGILITY,DOUBLE-EDGE,FLY,25,6789,606,89,42,524,456,285,16,10571,Jolteon, ,Normal,Flying,76292,Pidgey2,Pidgey,,00:46:19.49,00:46:27.65,03:00:50.11,43,1,0,46,27,65,SWIFT,AGILITY,DOUBLE-EDGE,FLY,20,30,15,10,0,0,0,0,111,111,74,63,60,60,78,11017,28137,12093,13350,13350,14472,15,15,15,15,0,0,0,0,0,0,0,83,70,60,60,78,652969,237367,354333,59125,2144,25,1,0,6789,6072,717,0,606,131,89,42,11,0,15938,10492,1118,1110,411,84,172,0,0,0,0,0,42,0,20,0,0,1,0,0,0,0,0,0,0,2,0,0,0,0,3,1,0,0,0,0,0,0,12,0,0,0,2,228,76157,0,0,0,0,35,43,14,0,0,10,1,2,2,Jolteon
4-13,20:36:42,NINTEN,Pidgey,Blackbelt,4,Saffron City - Fighting Dojo,1,46:40.15,46:40,0h46m40s,1,1,2,44,3:01,9.531,SWIFT,AGILITY,DOUBLE-EDGE,FLY,25,6790,606,90,42,526,457,287,16,11371,Jolteon, ,Normal,Flying,77441,Pidgey2,Pidgey,,00:46:30.61,00:46:40.15,03:01:39.37,44,1,0,46,40,15,SWIFT,AGILITY,DOUBLE-EDGE,FLY,20,30,15,9,0,0,0,0,113,113,76,65,61,61,80,11082,28242,12153,13410,13410,14567,15,15,15,15,0,0,0,0,0,0,0,85,73,61,61,80,655935,237576,357090,59125,2144,25,1,0,6790,6073,717,0,606,132,90,42,11,0,16137,10590,1118,1110,412,85,172,0,0,0,0,0,43,0,20,0,0,1,0,0,0,0,0,0,0,2,0,0,0,0,3,1,0,0,0,0,0,0,12,0,0,0,2,229,77306,0,0,0,0,35,43,14,0,0,10,1,2,2,Jolteon
4-13,20:36:58,NINTEN,Pidgey,Blackbelt,2,Saffron City - Fighting Dojo,3,46:56.20,46:56,0h46m56s,1,1,2,44,3:02,11.918,SWIFT,AGILITY,DOUBLE-EDGE,FLY,25,6791,606,91,42,532,460,289,16,12271,Jolteon, ,Normal,Flying,79409,Pidgey2,Pidgey,,00:46:44.28,00:46:56.20,03:02:42.54,44,1,0,46,56,20,SWIFT,AGILITY,DOUBLE-EDGE,FLY,20,30,15,6,0,0,0,0,113,113,76,65,61,61,80,11227,28507,12283,13540,13540,14802,15,15,15,15,0,0,0,0,0,0,0,85,73,61,61,80,659732,237735,360728,59125,2144,25,1,0,6791,6074,717,0,606,133,91,42,11,0,16688,10816,1118,1110,415,86,172,0,0,0,0,0,43,0,20,0,0,1,0,0,0,0,0,0,0,2,0,0,0,0,3,1,0,0,0,0,0,0,12,0,0,0,2,232,79274,0,0,0,0,35,43,14,0,0,10,1,2,2,Jolteon
4-13,20:37:25,NINTEN,Pidgey,Rocket,39,Silph Co - 10F,1,47:22.90,47:22,0h47m22s,1,1,2,44,3:04,5.029,SWIFT,AGILITY,DOUBLE-EDGE,FLY,25,6895,617,92,42,534,461,290,16,13046,Jolteon, ,Normal,Flying,80441,Pidgey2,Pidgey,,00:47:17.87,00:47:22.90,03:04:27.57,44,1,0,47,22,90,SWIFT,AGILITY,DOUBLE-EDGE,FLY,20,30,15,14,0,0,0,0,113,113,76,65,61,61,80,11307,28607,12353,13590,13590,14847,15,15,15,15,0,0,0,0,0,0,0,85,73,61,61,80,666035,241990,362407,59494,2144,25,1,0,6895,6178,717,0,617,134,92,42,11,0,16798,10917,1118,1110,416,87,172,0,0,0,0,0,43,0,20,0,0,1,0,0,0,0,0,0,0,2,0,0,0,0,3,1,0,0,0,0,0,0,12,0,0,0,2,233,80306,0,0,0,0,35,43,14,0,0,10,1,2,2,Jolteon
4-13,20:37:46,NINTEN,Pidgey,Rocket,35,Silph Co - 8F,4,47:44.73,47:44,0h47m44s,1,1,2,44,3:05,13.298,SWIFT,AGILITY,DOUBLE-EDGE,FLY,25,6949,623,93,42,539,465,291,17,14036,Jolteon, ,Normal,Flying,82654,Pidgey2,Pidgey,,00:47:31.43,00:47:44.73,03:05:53.56,44,1,0,47,44,73,SWIFT,AGILITY,DOUBLE-EDGE,FLY,18,30,14,13,0,0,0,0,94,113,76,65,61,61,80,11507,28869,12553,13780,13780,15161,15,15,15,15,0,0,0,0,0,0,0,85,73,61,61,80,671194,243602,365954,59494,2144,25,1,0,6949,6232,717,0,623,135,93,42,11,0,17183,11179,1137,1129,418,88,172,0,0,0,0,0,43,0,20,0,0,1,0,0,0,0,0,0,0,2,0,0,0,0,3,1,0,0,0,0,0,0,12,0,0,0,2,237,82519,0,0,0,0,37,43,14,0,0,10,1,2,2,Jolteon
4-13,20:38:08,NINTEN,Pidgey,Rocket,32,Silph Co - 7F,4,48:06.24,48:06,0h48m6s,1,1,2,45,3:07,17.39,SWIFT,AGILITY,DOUBLE-EDGE,FLY,25,6964,626,94,42,545,470,293,17,14816,Jolteon, ,Normal,Flying,85704,Pidgey2,Pidgey,,00:47:48.85,00:48:06.24,03:07:18.47,45,1,0,48,6,24,SWIFT,AGILITY,DOUBLE-EDGE,FLY,16,30,12,12,0,0,0,0,56,116,77,67,63,63,82,11737,29180,12847,14030,14030,15463,15,15,15,15,0,0,0,0,0,0,0,86,75,63,63,82,676285,244174,370473,59494,2144,25,1,0,6964,6247,717,0,626,136,94,42,11,0,17573,11457,1178,1170,421,89,173,0,0,0,0,0,43,0,20,0,0,1,0,0,0,0,0,0,0,2,0,0,0,0,3,1,0,0,0,0,0,0,12,0,0,0,2,241,85569,0,0,0,0,37,43,14,0,0,10,1,2,2,Jolteon
4-13,20:38:38,NINTEN,Pidgey,Rocket,30,Silph Co - 6F,2,48:36.24,48:36,0h48m36s,1,1,2,45,3:09,8.117,SWIFT,AGILITY,DOUBLE-EDGE,FLY,25,7060,633,95,42,549,472,295,16,15596,Jolteon, ,Normal,Flying,87156,Pidgey2,Pidgey,,00:48:28.13,00:48:36.24,03:09:17.00,45,1,0,48,36,24,SWIFT,AGILITY,DOUBLE-EDGE,FLY,16,30,12,10,0,0,0,0,56,116,77,67,64,64,83,11887,29360,12967,16675,16675,18103,15,15,15,15,0,0,0,0,0,0,0,86,75,64,64,83,683378,247037,373104,61093,2144,25,1,0,7060,6343,717,0,633,137,95,42,11,0,18026,11631,1178,1170,423,91,173,0,0,0,0,0,44,0,20,0,0,1,0,0,0,0,0,0,0,2,0,0,0,0,3,1,0,0,0,0,0,0,12,0,0,0,2,243,87021,0,0,0,0,38,43,14,0,0,10,1,2,2,Jolteon
4-13,20:38:52,NINTEN,Pidgey,Rocket,28,Silph Co - 5F,1,48:50.17,48:50,0h48m50s,1,1,2,45,3:10,4.673,SWIFT,AGILITY,DOUBLE-EDGE,FLY,26,7096,635,96,42,550,473,295,16,16466,Jolteon, ,Normal,Flying,88195,Pidgey2,Pidgey,,00:48:45.50,00:48:50.17,03:10:11.57,45,1,0,48,50,17,SWIFT,AGILITY,DOUBLE-EDGE,FLY,16,30,11,10,0,0,0,0,35,116,77,67,64,64,83,11947,29445,13036,16740,16740,18183,15,15,15,15,0,0,0,0,0,0,0,86,75,64,64,83,686675,248309,374596,61626,2144,26,1,0,7096,6379,717,0,635,138,96,42,11,0,18121,11718,1199,1191,424,91,173,0,0,0,0,0,44,0,20,0,0,1,0,0,0,0,0,0,0,2,0,0,0,0,3,1,0,0,0,0,0,0,12,0,0,0,2,244,88060,0,0,0,0,39,43,14,0,0,10,1,2,2,Jolteon
4-13,20:39:25,NINTEN,Pidgey,Rocket,37,Silph Co - 9F,3,49:23.11,49:23,0h49m23s,1,1,2,46,3:12,11.07,SWIFT,AGILITY,DOUBLE-EDGE,FLY,27,7214,643,97,42,555,476,297,19,17456,Jolteon, ,Normal,Flying,89875,Pidgey2,Pidgey,,00:49:12.04,00:49:23.11,03:12:21.18,46,1,0,49,23,11,SWIFT,AGILITY,DOUBLE-EDGE,FLY,15,30,11,8,0,0,0,0,38,119,79,68,65,65,85,12157,29653,13181,16905,16905,18285,15,15,15,15,0,0,0,0,0,0,0,88,76,65,65,85,694436,252442,377695,62155,2144,27,1,0,7214,6497,717,0,643,139,97,42,11,0,18475,11962,1199,1191,426,93,173,0,0,0,0,0,44,0,20,0,0,1,0,0,0,0,0,0,0,2,0,0,0,0,3,1,0,0,0,0,0,0,12,0,0,0,2,247,89740,0,0,0,0,42,43,14,0,0,10,1,2,2,Jolteon
4-13,20:39:49,NINTEN,Pidgey,Hypno Rocket,38,Silph Co - 9F,3,49:47.66,49:47,0h49m47s,1,1,2,46,3:13,11.067,SWIFT,AGILITY,DOUBLE-EDGE,FLY,28,7251,649,98,42,558,479,297,20,18296,Jolteon, ,Normal,Flying,92503,Pidgey2,Pidgey,,00:49:36.59,00:49:47.66,03:13:58.07,46,1,0,49,47,66,SWIFT,AGILITY,DOUBLE-EDGE,FLY,20,30,12,15,0,0,0,0,57,119,79,68,65,65,85,12377,29854,13366,17185,17185,18484,15,15,15,15,0,0,0,0,0,0,0,88,76,65,65,85,700245,254305,381111,62685,2144,28,1,0,7251,6534,717,0,649,140,98,42,11,0,18893,12212,1261,1253,429,93,173,0,0,0,0,0,45,0,20,0,0,1,0,0,0,0,0,0,0,2,0,0,0,0,3,1,0,0,0,0,0,0,12,0,0,0,2,250,92368,0,0,0,0,43,43,14,0,0,10,1,2,2,Jolteon
4-13,20:40:12,NINTEN,Pidgey,Scientist,4,Silph Co - 3F,2,50:10.30,50:10,0h50m10s,1,1,2,46,3:15,12.964,SWIFT,AGILITY,DOUBLE-EDGE,FLY,29,7298,652,99,42,563,482,301,20,19136,Jolteon, ,Normal,Flying,94508,Pidgey2,Pidgey,,00:49:57.34,00:50:10.30,03:15:27.40,46,1,0,50,10,30,SWIFT,AGILITY,DOUBLE-EDGE,FLY,20,30,14,13,0,0,0,0,87,119,79,68,65,65,85,12502,29994,13556,17350,17350,18684,15,15,15,15,0,-2,0,0,0,0,0,99,38,65,65,85,705618,255659,384601,63214,2144,29,1,0,7298,6581,717,0,652,141,99,42,11,0,19107,12371,1293,1285,432,95,175,0,0,0,0,0,45,0,20,0,0,1,0,0,0,0,0,0,0,2,0,0,0,0,3,1,0,0,0,0,0,0,12,0,0,0,2,252,94373,0,0,0,0,43,43,14,0,0,10,1,2,2,Jolteon
4-13,20:40:31,NINTEN,Pidgey,Rocket,25,Silph Co - 3F,3,50:29.76,50:29,0h50m29s,1,1,2,47,3:16,13.076,SWIFT,AGILITY,DOUBLE-EDGE,FLY,30,7319,657,100,42,568,485,304,20,20586,Jolteon, ,Normal,Flying,96890,Pidgey2,Pidgey,,00:50:16.69,00:50:29.76,03:16:44.34,47,1,0,50,29,76,SWIFT,AGILITY,DOUBLE-EDGE,FLY,20,30,13,11,0,0,0,0,67,121,81,70,67,67,87,12697,30229,13746,17565,17565,18945,15,15,15,15,0,0,0,0,0,0,0,91,78,67,67,87,710232,256234,388110,63744,2144,30,1,0,7319,6602,717,0,657,142,100,42,11,0,19374,12607,1315,1307,435,96,175,0,0,0,0,0,45,0,20,0,0,1,0,0,0,0,0,0,0,2,0,0,0,0,3,1,0,0,0,0,0,0,12,0,0,0,2,255,96755,0,0,0,0,43,43,14,0,0,10,1,2,2,Jolteon
4-13,20:40:49,NINTEN,Pidgey,Rocket,27,Silph Co - 4F,3,50:46.92,50:46,0h50m46s,1,1,2,47,3:17,9.394,SWIFT,AGILITY,DOUBLE-EDGE,FLY,30,7347,664,101,42,572,489,305,20,21426,Jolteon, ,Normal,Flying,98108,Pidgey2,Pidgey,,00:50:37.53,00:50:46.92,03:17:51.53,47,1,0,50,46,92,SWIFT,AGILITY,DOUBLE-EDGE,FLY,16,30,13,11,0,0,0,0,67,121,81,70,67,67,87,12822,30384,13920,17685,17685,19090,15,15,15,15,0,0,0,0,0,0,0,91,78,67,67,87,714271,257332,391051,63744,2144,30,1,0,7347,6630,717,0,664,143,101,42,11,0,19714,12803,1315,1307,435,96,176,0,0,0,0,0,46,0,20,0,0,1,0,0,0,0,0,0,0,2,0,0,0,0,3,1,0,0,0,0,0,0,12,0,0,0,2,258,97973,0,0,0,0,43,43,14,0,0,10,1,2,2,Jolteon
4-13,20:41:20,NINTEN,Pidgey,Scientist,6,Silph Co - 5F,4,51:18.32,51:18,0h51m18s,1,1,2,47,3:19,16.168,SWIFT,AGILITY,DOUBLE-EDGE,FLY,31,7377,666,102,42,577,494,306,19,22266,Jolteon, ,Normal,Flying,101097,Pidgey2,Pidgey,,00:51:02.15,00:51:18.32,03:19:55.46,47,1,0,51,18,32,SWIFT,AGILITY,DOUBLE-EDGE,FLY,13,30,11,11,0,0,0,0,82,121,81,70,67,67,87,13002,30634,14300,18045,18045,19300,15,15,15,15,0,0,0,0,0,0,0,91,78,67,67,87,721704,258338,395282,65940,2144,31,1,0,7377,6660,717,0,666,144,102,42,11,0,20062,13055,1354,1346,437,96,177,0,0,0,0,0,46,0,20,0,0,1,0,0,0,0,0,0,0,2,0,0,0,0,3,1,0,0,0,0,0,0,12,0,0,0,2,262,100962,0,0,0,0,43,43,14,0,0,10,1,2,2,Jolteon
4-13,20:41:46,NINTEN,Pidgey,Scientist,7,Silph Co - 6F,5,51:44.04,51:44,0h51m44s,1,1,2,48,3:21,15.865,SWIFT,AGILITY,DOUBLE-EDGE,FLY,32,7417,669,103,42,582,499,306,19,23566,Jolteon, ,Normal,Flying,104204,Pidgey2,Pidgey,,00:51:28.18,00:51:44.04,03:21:37.20,48,1,0,51,44,4,SWIFT,AGILITY,DOUBLE-EDGE,FLY,12,30,7,11,0,0,0,0,29,124,83,72,69,69,89,13197,30889,14705,18435,18435,19585,15,15,15,15,0,0,0,0,0,0,0,93,81,69,69,89,727798,259717,399439,66498,2144,32,1,0,7417,6700,717,0,669,145,103,42,11,0,20541,13347,1410,1402,441,96,177,0,0,0,0,0,46,0,20,0,0,1,0,0,0,0,0,0,0,2,0,0,0,0,3,1,0,0,0,0,0,0,12,0,0,0,2,267,104069,0,0,0,0,43,43,14,0,0,10,1,2,2,Jolteon
4-13,20:43:04,NINTEN,Pidgey,Juggler,3,Fuchsia City - Gym,4,53:02.28,53:02,0h53m2s,2,1,3,48,3:24,11.147,SWIFT,AGILITY,DOUBLE-EDGE,FLY,34,7620,683,104,42,586,503,306,19,24816,Jolteon, ,Normal,Flying,107195,Pidgey2,Pidgey,,00:52:51.14,00:53:02.28,03:24:39.34,48,2,0,53,2,28,SWIFT,AGILITY,DOUBLE-EDGE,FLY,16,30,15,15,0,0,0,0,124,124,83,72,69,69,89,13417,31068,14870,18825,18825,19816,15,15,15,15,0,0,0,0,0,0,0,93,81,69,69,89,738738,265355,402869,68214,2300,34,2,0,7620,6903,717,0,683,146,104,42,11,0,20929,13666,1410,1402,441,96,177,0,0,0,0,0,46,0,20,0,0,1,0,0,0,0,0,0,0,2,0,0,0,0,3,1,0,0,0,0,0,0,12,0,0,0,2,271,107060,0,0,0,0,43,43,14,0,0,10,1,2,3,Jolteon
4-13,20:43:22,NINTEN,Pidgey,Tamer,2,Fuchsia City - Gym,3,53:20.82,53:20,0h53m20s,2,1,3,49,3:25,12.566,SWIFT,AGILITY,DOUBLE-EDGE,FLY,35,7627,698,105,42,590,507,307,19,25901,Jolteon, ,Normal,Flying,110425,Pidgey2,Pidgey,,00:53:08.26,00:53:20.82,03:25:52.48,49,2,0,53,20,82,SWIFT,AGILITY,DOUBLE-EDGE,FLY,16,30,11,15,0,0,0,0,62,127,85,73,70,70,91,13612,31338,15118,19010,19010,20041,15,15,15,15,0,0,0,0,0,-1,0,95,82,70,70,91,743132,265746,406338,68748,2300,35,2,0,7627,6910,717,0,698,147,105,42,11,0,21281,13937,1475,1467,445,96,178,0,0,0,0,0,46,0,20,0,0,1,0,0,0,0,0,0,0,2,0,0,0,0,3,1,0,0,0,0,0,0,12,0,0,0,2,274,110290,0,0,0,0,43,43,14,0,0,10,1,2,3,Jolteon
4-13,20:43:44,NINTEN,Pidgey,Tamer,1,Fuchsia City - Gym,2,53:42.72,53:42,0h53m42s,2,1,3,49,3:27,8.371,SWIFT,AGILITY,DOUBLE-EDGE,FLY,36,7643,703,106,42,593,510,308,18,27221,Jolteon, ,Normal,Flying,112682,Pidgey2,Pidgey,,00:53:34.36,00:53:42.72,03:27:19.14,49,2,0,53,42,72,SWIFT,AGILITY,DOUBLE-EDGE,FLY,13,30,11,15,0,0,0,0,127,127,85,73,70,70,91,13747,31523,15297,19130,19130,20186,15,15,15,15,0,0,0,0,0,-1,0,106,92,70,70,91,748318,266387,409107,70524,2300,36,2,0,7643,6926,717,0,703,148,106,42,11,0,21495,14127,1475,1467,445,96,179,0,0,0,0,0,48,0,20,0,0,1,0,0,0,0,0,0,0,2,0,0,0,0,3,1,0,0,0,0,0,0,12,0,0,0,2,276,112547,0,0,0,0,43,43,14,0,0,10,1,2,3,Jolteon
4-13,20:43:58,NINTEN,Pidgey,Juggler,4,Fuchsia City - Gym,2,53:55.87,53:55,0h53m55s,2,1,3,49,3:28,9.657,SWIFT,AGILITY,DOUBLE-EDGE,FLY,36,7646,703,107,42,596,513,309,18,28581,Jolteon, ,Normal,Flying,114625,Pidgey2,Pidgey,,00:53:46.22,00:53:55.87,03:28:11.08,49,2,0,53,55,87,SWIFT,AGILITY,DOUBLE-EDGE,FLY,13,30,8,15,0,0,0,0,79,127,85,73,70,70,91,13892,31644,15412,19335,19335,20295,15,15,15,15,0,0,0,0,0,0,0,95,82,70,70,91,751432,266719,411889,70524,2300,36,2,0,7646,6929,717,0,703,149,107,42,11,0,21897,14324,1523,1515,448,96,179,0,0,0,0,0,49,0,20,0,0,1,0,0,0,0,0,0,0,2,0,0,0,0,3,1,0,0,0,0,0,0,12,0,0,0,2,278,114490,0,0,0,0,43,43,14,0,0,10,1,2,3,Jolteon
4-13,20:44:18,NINTEN,Pidgey,Juggler,8,Fuchsia City - Gym,2,54:16.61,54:16,0h54m16s,2,1,3,49,3:29,8.382,SWIFT,AGILITY,DOUBLE-EDGE,FLY,36,7704,707,108,42,599,516,310,18,29771,Jolteon, ,Normal,Flying,116423,Pidgey2,Pidgey,,00:54:08.23,00:54:16.61,03:29:33.10,49,2,0,54,16,61,SWIFT,AGILITY,DOUBLE-EDGE,FLY,10,30,8,15,0,0,0,0,40,127,85,73,70,70,91,13992,31727,15487,19545,19545,20442,15,15,15,15,0,0,-1,-1,0,0,0,106,92,46,46,91,756354,268169,414362,71523,2300,36,2,0,7704,6987,717,0,707,150,108,42,11,0,22200,14490,1562,1554,448,96,180,0,0,0,0,0,49,0,20,0,0,1,0,0,0,0,0,0,0,2,0,0,0,0,3,1,0,0,0,0,0,0,12,0,0,0,2,280,116288,0,0,0,0,43,43,14,0,0,10,1,2,3,Jolteon
4-13,20:44:56,NINTEN,Pidgey,Koga,1,Fuchsia City - Gym,4,54:54.71,54:54,0h54m54s,2,1,3,50,3:32,19.752,SWIFT,AGILITY,DOUBLE-EDGE,FLY,37,7797,718,109,42,608,521,315,18,30961,Jolteon, ,Normal,Flying,120115,Pidgey2,Pidgey,Koga,00:54:34.96,00:54:54.71,03:32:03.41,50,2,0,54,54,71,SWIFT,AGILITY,DOUBLE-EDGE,FLY,19,30,15,11,0,0,0,0,18,129,87,75,72,72,94,14242,31957,15697,19755,19755,20667,15,15,15,15,0,0,-1,-1,0,0,0,109,94,47,47,94,765385,271478,419545,72062,2300,37,2,0,7797,7080,717,0,718,151,109,42,11,0,22781,14982,1673,1665,452,97,182,0,0,0,0,0,49,0,20,0,0,1,0,0,0,0,0,0,0,2,0,0,0,0,3,1,0,0,0,0,0,0,12,0,0,0,2,284,119980,0,0,0,0,43,43,14,0,0,10,1,2,3,Jolteon
4-13,20:45:52,NINTEN,Pidgey,Fisher,7,Route 21,4,55:50.09,55:50,0h55m50s,2,1,3,50,3:35,14.71,SWIFT,AGILITY,DOUBLE-EDGE,FLY,37,7945,735,110,42,614,525,317,18,35911,Jolteon, ,Normal,Flying,123841,Pidgey2,Pidgey,,00:55:35.38,00:55:50.09,03:35:42.07,50,2,0,55,50,9,SWIFT,AGILITY,DOUBLE-EDGE,FLY,19,30,14,13,0,0,0,0,108,129,87,75,72,72,94,14527,32300,15952,20045,20045,20934,15,15,15,15,0,0,0,0,0,0,0,97,84,72,72,105,778491,276954,423912,75325,2300,37,2,0,7945,7198,717,30,735,152,110,42,11,0,23189,15310,1694,1686,455,99,182,0,0,0,0,0,49,0,20,0,0,1,0,0,0,0,0,0,0,2,0,0,0,0,3,1,0,0,0,0,0,0,12,0,0,0,2,288,123706,0,0,0,0,44,43,14,0,0,11,1,2,3,Jolteon
4-13,20:46:32,NINTEN,Pidgey,Scientist,4,Cinnabar Mansion,2,56:29.89,56:29,0h56m29s,2,1,3,51,3:38,10.588,SWIFT,AGILITY,DOUBLE-EDGE,FLY,37,8176,754,111,42,617,528,318,19,36891,Jolteon, ,Normal,Flying,125846,Pidgey2,Pidgey,,00:56:19.31,00:56:29.89,03:38:19.18,51,2,0,56,29,89,SWIFT,AGILITY,DOUBLE-EDGE,FLY,18,30,12,13,0,0,0,0,65,132,89,77,74,74,95,14652,32440,16142,22770,22770,21134,15,15,15,15,0,0,0,0,0,0,0,100,86,74,74,106,787922,282322,426910,76390,2300,37,2,0,8176,7357,717,102,754,153,111,42,11,0,23422,15469,1739,1731,457,99,183,0,0,0,0,0,49,0,20,0,0,1,0,0,0,0,0,0,0,2,0,0,0,0,3,1,0,0,0,0,0,0,12,0,0,0,2,290,125711,0,0,0,0,46,43,14,0,0,11,1,2,3,Jolteon
4-13,20:49:39,NINTEN,Pidgey,Rocket,29,Silph Co - 5F,1,59:36.94,59:36,0h59m36s,5,1,6,51,3:42,4.974,SWIFT,AGILITY,DOUBLE-EDGE,FLY,38,8497,770,112,42,618,529,318,19,38341,Jolteon, ,Normal,Flying,127011,Pidgey2,Pidgey,,00:59:31.96,00:59:36.94,03:42:54.09,51,5,0,59,36,94,SWIFT,AGILITY,DOUBLE-EDGE,FLY,20,30,14,15,0,0,0,0,106,132,89,78,74,74,96,14737,32513,18772,22885,22885,23761,15,15,15,15,0,0,0,0,0,0,0,100,87,74,74,108,804419,293701,428804,79456,2458,38,3,0,8497,7678,717,102,770,154,112,42,11,0,23617,15573,1765,1757,458,99,183,0,0,0,0,0,50,0,20,0,0,1,0,0,0,0,0,0,0,2,0,0,0,0,3,1,0,0,0,0,0,0,12,0,0,0,2,291,126876,0,0,0,0,50,43,14,0,0,11,1,2,6,Jolteon
4-13,20:49:52,NINTEN,Pidgey,Rocket,33,Silph Co - 7F,2,59:50.72,59:50,0h59m50s,5,1,6,51,3:43,7.153,SWIFT,AGILITY,DOUBLE-EDGE,FLY,38,8525,780,113,42,620,531,318,19,39331,Jolteon, ,Normal,Flying,128091,Pidgey2,Pidgey,,00:59:43.58,00:59:50.72,03:43:48.19,51,5,0,59,50,72,SWIFT,AGILITY,DOUBLE-EDGE,FLY,20,30,12,15,0,0,0,0,70,132,89,78,74,74,96,14837,32613,18962,22965,22965,23831,15,15,15,15,0,0,0,0,0,0,0,100,87,74,74,108,807669,294853,430902,79456,2458,38,3,0,8525,7706,717,102,780,155,113,42,11,0,23807,15717,1801,1793,460,99,183,0,0,0,0,0,50,0,20,0,0,1,0,0,0,0,0,0,0,2,0,0,0,0,3,1,0,0,0,0,0,0,12,0,0,0,2,293,127956,0,0,0,0,50,43,14,0,0,11,1,2,6,Jolteon
4-13,20:50:17,NINTEN,Pidgey,Rocket,36,Silph Co - 8F,3,1:00:15.11,1:00:15,1h0m15s,5,1,6,51,3:45,18.07,SWIFT,AGILITY,DOUBLE-EDGE,FLY,38,8550,785,114,42,628,536,323,19,40201,Jolteon, ,Normal,Flying,130839,Pidgey2,Pidgey,,00:59:57.04,01:00:15.11,03:45:24.39,51,5,1,0,15,11,SWIFT,AGILITY,DOUBLE-EDGE,FLY,19,30,11,12,0,0,0,0,52,132,89,78,74,74,96,15017,32848,19247,23185,23185,24016,15,15,15,15,0,0,0,0,0,0,0,100,87,74,74,108,813449,295933,435602,79456,2458,38,3,0,8550,7731,717,102,785,156,114,42,11,0,24089,15943,1819,1811,463,104,184,0,0,0,0,0,50,0,20,0,0,2,0,0,0,0,0,0,0,2,0,0,0,0,4,1,0,0,0,0,0,0,12,0,0,0,2,296,130704,0,0,0,0,50,43,14,0,0,11,1,2,6,Jolteon
4-13,20:50:56,NINTEN,Pidgey,Burglar,4,Cinnabar Island - Gym,3,1:00:54.82,1:00:54,1h0m54s,5,1,6,52,3:48,13.896,SWIFT,AGILITY,DOUBLE-EDGE,FLY,38,8600,792,115,42,634,540,326,19,41041,Jolteon, ,Normal,Flying,133399,Pidgey2,Pidgey,,01:00:40.93,01:00:54.82,03:48:01.19,52,5,1,0,54,82,SWIFT,AGILITY,DOUBLE-EDGE,FLY,18,30,15,13,0,0,0,0,119,135,90,80,76,76,99,15183,33035,19407,23400,23400,24241,15,15,15,15,0,0,0,0,0,0,0,101,90,76,76,111,822849,299510,439386,81495,2458,38,3,0,8600,7781,717,102,792,157,115,42,11,0,24419,16217,1835,1827,465,104,186,0,0,0,0,0,50,0,20,0,0,2,0,0,0,0,0,0,0,2,0,0,0,0,4,1,0,0,0,0,0,0,12,0,0,0,2,299,133264,0,0,0,0,50,43,14,0,0,11,1,2,6,Jolteon
4-13,20:51:11,NINTEN,Pidgey,Super Nerd,9,Cinnabar Island - Gym,3,1:01:09.82,1:01:09,1h1m9s,5,1,6,52,3:49,9.25,SWIFT,AGILITY,DOUBLE-EDGE,FLY,38,8617,794,116,42,637,543,326,19,44281,Jolteon, ,Normal,Flying,135743,Pidgey2,Pidgey,,01:01:00.57,01:01:09.82,03:49:00.19,52,5,1,1,9,82,SWIFT,AGILITY,DOUBLE-EDGE,FLY,15,30,15,13,0,0,0,0,119,135,90,80,76,76,99,15332,33193,19562,23630,23630,24471,15,15,15,15,0,0,0,0,0,0,0,101,90,76,76,111,826389,300061,442375,81495,2458,38,3,0,8617,7798,717,102,794,158,116,42,11,0,24721,16479,1835,1827,465,104,186,0,0,0,0,0,51,0,20,0,0,2,0,0,0,0,0,0,0,2,0,0,0,0,4,1,0,0,0,0,0,0,12,0,0,0,2,302,135608,0,0,0,0,50,43,14,0,0,11,1,2,6,Jolteon
4-13,20:51:32,NINTEN,Pidgey,Super Nerd,10,Cinnabar Island - Gym,4,1:01:30.59,1:01:30,1h1m30s,5,1,6,52,3:50,14.971,SWIFT,AGILITY,DOUBLE-EDGE,FLY,38,8631,796,117,42,645,547,330,19,45181,Jolteon, ,Normal,Flying,138444,Pidgey2,Pidgey,,01:01:15.62,01:01:30.59,03:50:22.15,52,5,1,1,30,59,SWIFT,AGILITY,DOUBLE-EDGE,FLY,15,30,15,9,0,0,0,0,119,135,90,80,76,76,99,15514,33441,19745,23860,23860,24751,15,15,15,15,0,0,0,0,0,0,0,101,90,76,76,111,831305,300938,446414,81495,2458,38,3,0,8631,7812,717,102,796,159,117,42,11,0,25189,16798,1835,1827,469,108,186,0,0,0,0,0,52,0,20,0,0,2,0,0,0,0,0,0,0,2,0,0,0,0,4,1,0,0,0,0,0,0,12,0,0,0,2,306,138309,0,0,0,0,50,43,14,0,0,11,1,2,6,Jolteon
4-13,20:51:44,NINTEN,Pidgey,Burglar,5,Cinnabar Island - Gym,1,1:01:42.26,1:01:42,1h1m42s,5,1,6,52,3:51,6.437,SWIFT,AGILITY,DOUBLE-EDGE,FLY,38,8645,799,118,42,648,549,332,19,46031,Jolteon, ,Normal,Flying,139779,Pidgey2,Pidgey,,01:01:35.83,01:01:42.26,03:51:08.15,52,5,1,1,42,26,SWIFT,AGILITY,DOUBLE-EDGE,FLY,14,30,15,8,0,0,0,0,119,135,90,80,76,76,99,15564,33526,19800,23925,23925,24841,15,15,15,15,0,0,0,0,0,0,0,101,90,76,76,111,834065,301683,448429,81495,2458,38,3,0,8645,7826,717,102,799,160,118,42,11,0,25375,16896,1835,1827,470,110,186,0,0,0,0,0,53,0,20,0,0,2,0,0,0,0,0,0,0,2,0,0,0,0,4,1,0,0,0,0,0,0,12,0,0,0,2,307,139644,0,0,0,0,50,43,14,0,0,11,1,2,6,Jolteon
4-13,20:51:58,NINTEN,Pidgey,Super Nerd,11,Cinnabar Island - Gym,1,1:01:56.39,1:01:56,1h1m56s,5,1,6,52,3:52,8.344,SWIFT,AGILITY,DOUBLE-EDGE,FLY,38,8659,808,119,42,651,551,334,19,49721,Jolteon, ,Normal,Flying,141465,Pidgey2,Pidgey,,01:01:48.05,01:01:56.39,03:52:04.02,52,5,1,1,56,39,SWIFT,AGILITY,DOUBLE-EDGE,FLY,14,30,14,7,0,0,0,0,96,135,90,80,76,76,99,15629,33626,19870,24005,24005,24946,15,15,15,15,0,-1,0,0,0,0,0,113,58,76,76,124,837412,302557,450902,81495,2458,38,3,0,8659,7840,717,102,808,161,119,42,11,0,25538,17006,1858,1850,472,111,187,0,0,0,0,0,53,0,20,0,0,2,0,0,0,0,0,0,0,2,0,0,0,0,4,1,0,0,0,0,0,0,12,0,0,0,2,308,141330,0,0,0,0,50,43,14,0,0,11,1,2,6,Jolteon
4-13,20:52:10,NINTEN,Pidgey,Burglar,6,Cinnabar Island - Gym,2,1:02:08.60,1:02:08,1h2m8s,5,1,6,53,3:52,7.365,SWIFT,AGILITY,DOUBLE-EDGE,FLY,38,8672,809,120,42,653,553,334,19,50746,Jolteon, ,Normal,Flying,142685,Pidgey2,Pidgey,,01:02:01.24,01:02:08.60,03:52:52.11,53,5,1,2,8,60,SWIFT,AGILITY,DOUBLE-EDGE,FLY,12,30,14,7,0,0,0,0,98,137,92,81,78,78,100,15722,33737,19955,24120,24120,25071,15,15,15,15,0,0,0,0,0,0,0,103,91,78,78,112,840301,303221,453127,81495,2458,38,3,0,8672,7853,717,102,809,162,120,42,11,0,25788,17180,1858,1850,472,111,187,0,0,0,0,0,54,0,20,0,0,2,0,0,0,0,0,0,0,2,0,0,0,0,4,1,0,0,0,0,0,0,12,0,0,0,2,310,142550,0,0,0,0,50,43,14,0,0,11,1,2,6,Jolteon
4-13,20:52:25,NINTEN,Pidgey,Super Nerd,12,Cinnabar Island - Gym,2,1:02:23.43,1:02:23,1h2m23s,5,1,6,53,3:53,7.893,SWIFT,AGILITY,DOUBLE-EDGE,FLY,38,8687,812,121,42,656,556,335,19,54076,Jolteon, ,Normal,Flying,143905,Pidgey2,Pidgey,,01:02:15.54,01:02:23.43,03:53:50.33,53,5,1,2,23,43,SWIFT,AGILITY,DOUBLE-EDGE,FLY,9,30,14,7,0,0,0,0,79,137,92,81,78,78,100,15815,33848,20040,24235,24235,25196,15,15,15,15,0,0,0,0,0,0,0,103,91,78,78,112,843803,304052,455798,81495,2458,38,3,0,8687,7868,717,102,812,163,121,42,11,0,26136,17354,1877,1869,472,111,188,0,0,0,0,0,55,0,20,0,0,2,0,0,0,0,0,0,0,2,0,0,0,0,4,1,0,0,0,0,0,0,12,0,0,0,2,312,143770,0,0,0,0,50,43,14,0,0,11,1,2,6,Jolteon
4-13,20:54:00,NINTEN,Pidgey,Jr Trainer F,23,Route 15,3,1:03:58.63,1:03:58,1h3m58s,7,1,8,53,3:56,9.671,SWIFT,AGILITY,DOUBLE-EDGE,FLY,39,8750,814,122,42,660,560,336,18,55001,Jolteon, ,Normal,Flying,145941,Pidgey2,Pidgey,,01:03:48.96,01:03:58.63,03:56:33.51,53,7,1,3,58,63,SWIFT,AGILITY,DOUBLE-EDGE,FLY,15,30,14,15,0,0,0,0,132,137,92,81,78,78,100,15975,34028,20245,24480,24480,25326,15,15,15,15,0,0,0,0,0,0,0,103,91,78,78,112,853606,306554,458579,85828,2645,39,4,0,8750,7931,717,102,814,164,122,42,11,0,26582,17576,1882,1874,472,111,189,0,0,0,0,0,56,0,20,0,0,2,0,0,0,0,0,0,0,2,0,0,0,0,4,1,0,0,0,0,0,0,12,0,0,0,2,315,145806,0,0,0,0,50,43,14,0,0,11,1,2,8,Jolteon
4-13,20:54:16,NINTEN,Pidgey,Bird Keeper,6,Route 15,4,1:04:13.88,1:04:13,1h4m13s,7,1,8,53,3:57,11.285,SWIFT,AGILITY,DOUBLE-EDGE,FLY,39,8767,815,123,42,664,564,337,18,55581,Jolteon, ,Normal,Flying,147932,Pidgey2,Pidgey,,01:04:02.60,01:04:13.88,03:57:33.55,53,7,1,4,13,88,SWIFT,AGILITY,DOUBLE-EDGE,FLY,11,30,14,15,0,0,0,0,126,137,92,81,78,78,100,16165,34283,20440,24658,24658,25588,15,15,15,15,0,0,0,0,0,0,0,103,91,78,78,112,857210,306991,461746,85828,2645,39,4,0,8767,7948,717,102,815,165,123,42,11,0,27115,17833,1888,1880,472,111,190,0,0,0,0,0,57,0,20,0,0,2,0,0,0,0,0,0,0,2,0,0,0,0,4,1,0,0,0,0,0,0,12,0,0,0,2,319,147797,0,0,0,0,50,43,14,0,0,11,1,2,8,Jolteon
4-13,20:54:27,NINTEN,Pidgey,Bird Keeper,7,Route 15,3,1:04:25.82,1:04:25,1h4m25s,7,1,8,53,3:58,8.454,SWIFT,AGILITY,DOUBLE-EDGE,FLY,39,8773,815,124,42,667,567,337,18,56231,Jolteon, ,Normal,Flying,150032,Pidgey2,Pidgey,,01:04:17.36,01:04:25.82,03:58:20.53,53,7,1,4,25,82,SWIFT,AGILITY,DOUBLE-EDGE,FLY,8,30,14,15,0,0,0,0,126,137,92,81,78,78,100,16295,34563,20600,24788,24788,25838,15,15,15,15,0,0,0,0,0,0,0,103,91,78,78,112,860028,307312,464243,85828,2645,39,4,0,8773,7954,717,102,815,166,124,42,11,0,27425,18033,1888,1880,472,111,190,0,0,0,0,0,57,0,20,0,0,2,0,0,0,0,0,0,0,2,0,0,0,0,4,1,0,0,0,0,0,0,12,0,0,0,2,322,149897,0,0,0,0,50,43,14,0,0,11,1,2,8,Jolteon
4-13,20:54:40,NINTEN,Pidgey,Jr Trainer F,20,Route 15,3,1:04:38.40,1:04:38,1h4m38s,7,1,8,54,3:59,9.224,SWIFT,AGILITY,DOUBLE-EDGE,FLY,39,8779,815,125,42,670,570,337,18,56931,Jolteon, ,Normal,Flying,151760,Pidgey2,Pidgey,,01:04:29.18,01:04:38.40,03:59:10.27,54,7,1,4,38,40,SWIFT,AGILITY,DOUBLE-EDGE,FLY,5,30,14,15,0,0,0,0,129,140,94,83,80,80,103,16445,34728,20780,25023,25023,25938,15,15,15,15,0,0,0,0,0,0,0,105,93,80,80,115,863002,307611,466918,85828,2645,39,4,0,8779,7960,717,102,815,167,125,42,11,0,27792,18243,1888,1880,472,111,190,0,0,0,0,0,58,0,20,0,0,2,0,0,0,0,0,0,0,2,0,0,0,0,4,1,0,0,0,0,0,0,12,0,0,0,2,325,151625,0,0,0,0,50,43,14,0,0,11,1,2,8,Jolteon
4-13,20:54:54,NINTEN,Pidgey,Beauty,10,Route 15,2,1:04:51.90,1:04:51,1h4m51s,7,1,8,54,4:00,8.655,SWIFT,AGILITY,DOUBLE-EDGE,FLY,39,8783,822,126,42,674,572,339,18,57491,Jolteon, ,Normal,Flying,153033,Pidgey2,Pidgey,,01:04:43.24,01:04:51.90,04:00:03.36,54,7,1,4,51,90,SWIFT,AGILITY,DOUBLE-EDGE,FLY,5,30,14,13,0,0,0,0,129,140,94,83,80,80,103,16550,34839,20892,25168,25168,26043,15,15,15,15,0,0,0,0,0,0,0,105,93,80,80,115,866191,307950,469768,85828,2645,39,4,0,8783,7964,717,102,822,168,126,42,11,0,28451,18390,1888,1880,474,112,190,0,0,0,0,0,59,0,20,0,0,2,0,0,0,0,0,0,0,2,0,0,0,0,4,1,0,0,0,0,0,0,12,0,0,0,2,327,152898,0,0,0,0,50,43,14,0,0,11,1,2,8,Jolteon
4-13,20:55:08,NINTEN,Pidgey,Biker,4,Route 15,3,1:05:06.52,1:05:06,1h5m6s,7,1,8,54,4:01,11.582,SWIFT,AGILITY,DOUBLE-EDGE,FLY,39,8785,827,127,42,677,575,339,18,59521,Jolteon, ,Normal,Flying,155295,Pidgey2,Pidgey,,01:04:54.94,01:05:06.52,04:01:01.17,54,7,1,5,6,52,SWIFT,AGILITY,DOUBLE-EDGE,FLY,4,30,12,13,0,0,0,0,94,140,94,83,80,80,103,16735,35074,21157,25353,25353,26163,15,15,15,15,0,0,0,0,0,0,0,105,93,80,80,115,869652,308174,473005,85828,2645,39,4,0,8785,7966,717,102,827,169,127,42,11,0,28835,18619,1923,1915,476,112,190,0,0,0,0,0,60,0,20,0,0,2,0,0,0,0,0,0,0,2,0,0,0,0,4,1,0,0,0,0,0,0,12,0,0,0,2,330,155160,0,0,0,0,50,43,14,0,0,11,1,2,8,Jolteon
4-13,20:55:31,NINTEN,Pidgey,Biker,3,Route 15,5,1:05:29.43,1:05:29,1h5m29s,7,1,8,54,4:02,19.736,SWIFT,AGILITY,DOUBLE-EDGE,FLY,39,8789,827,128,42,683,581,340,18,60081,Jolteon,Poisoned,Normal,Flying,158531,Pidgey2,Pidgey,,01:05:09.70,01:05:29.43,04:02:31.43,54,7,1,5,29,43,SWIFT,AGILITY,DOUBLE-EDGE,FLY,0,30,10,13,0,0,0,0,56,140,94,83,80,80,103,17000,35439,21612,25658,25658,26353,15,15,15,15,0,0,0,0,0,0,0,105,93,80,80,115,875078,308432,478173,85828,2645,39,4,0,8789,7970,717,102,827,170,128,42,11,0,29429,18946,1961,1953,478,112,191,0,0,0,0,0,60,0,20,0,0,2,0,0,0,0,0,0,0,3,0,0,0,0,4,1,0,0,0,0,0,0,12,0,0,0,2,335,158396,0,0,0,0,50,43,14,0,0,11,1,2,8,Jolteon
4-13,20:57:24,NINTEN,Pidgey,Beauty,9,Route 15,2,1:07:22.16,1:07:22,1h7m22s,7,1,8,55,4:09,8.032,SWIFT,AGILITY,DOUBLE-EDGE,FLY,39,9087,859,129,42,686,584,341,19,28081,Jolteon, ,Normal,Flying,159909,Pidgey2,Pidgey,,01:07:14.12,01:07:22.16,04:09:56.43,55,7,1,7,22,16,SWIFT,AGILITY,DOUBLE-EDGE,FLY,17,30,15,15,0,0,0,0,143,143,96,88,82,82,105,17203,35569,26832,25758,25758,26469,15,15,15,15,0,0,0,0,0,0,0,108,99,82,82,118,901778,325561,480559,93013,2645,39,4,0,9087,8268,717,102,859,171,129,42,11,0,29755,19150,1961,1953,478,113,191,0,0,0,0,0,60,0,20,0,0,2,0,0,0,0,0,0,0,3,0,0,0,0,4,1,0,0,0,0,0,0,12,0,0,0,2,337,159774,0,0,0,0,50,58,17,0,0,11,1,2,8,Jolteon
4-13,20:57:35,NINTEN,Pidgey,Jr Trainer F,21,Route 15,2,1:07:33.45,1:07:33,1h7m33s,7,1,8,55,4:10,6.822,SWIFT,AGILITY,DOUBLE-EDGE,FLY,39,9090,859,130,42,688,586,342,19,30111,Jolteon, ,Normal,Flying,160951,Pidgey2,Pidgey,,01:07:26.63,01:07:33.45,04:10:41.10,55,7,1,7,33,45,SWIFT,AGILITY,DOUBLE-EDGE,FLY,15,30,15,15,0,0,0,0,129,143,96,88,82,82,105,17306,35674,26927,25843,25843,26596,15,15,15,15,0,0,0,0,0,0,0,108,99,82,82,118,904445,325805,482982,93013,2645,39,4,0,9090,8271,717,102,859,172,130,42,11,0,29989,19296,1975,1967,478,113,192,0,0,0,0,0,60,0,21,0,0,2,0,0,0,0,0,0,0,3,0,0,0,0,4,1,0,0,0,0,0,0,12,0,0,0,2,339,160816,0,0,0,0,50,58,17,0,0,11,1,2,8,Jolteon
4-13,20:57:46,NINTEN,Pidgey,Bird Keeper,5,Route 14,2,1:07:44.22,1:07:44,1h7m44s,7,1,8,55,4:11,6.207,SWIFT,AGILITY,DOUBLE-EDGE,FLY,39,9111,860,131,42,690,588,342,19,30691,Jolteon, ,Normal,Flying,162317,Pidgey2,Pidgey,,01:07:38.01,01:07:44.22,04:11:23.30,55,7,1,7,44,22,SWIFT,AGILITY,DOUBLE-EDGE,FLY,13,30,15,15,0,0,0,0,129,143,96,88,82,82,105,17411,35824,27022,25935,25935,26766,15,15,15,15,0,0,0,0,0,0,0,108,99,82,82,118,906985,326393,484934,93013,2645,39,4,0,9111,8292,717,102,860,173,131,42,11,0,30243,19443,1975,1967,478,113,192,0,0,0,0,0,60,0,21,0,0,2,0,0,0,0,0,0,0,3,0,0,0,0,4,1,0,0,0,0,0,0,12,0,0,0,2,341,162182,0,0,0,0,50,58,17,0,0,11,1,2,8,Jolteon
4-13,20:58:00,NINTEN,Pidgey,Biker,13,Route 14,4,1:07:58.26,1:07:58,1h7m58s,7,1,8,55,4:12,10.622,SWIFT,AGILITY,DOUBLE-EDGE,FLY,39,9121,861,132,42,694,592,342,19,31416,Jolteon, ,Normal,Flying,164720,Pidgey2,Pidgey,,01:07:47.64,01:07:58.26,04:12:18.46,55,7,1,7,58,26,SWIFT,AGILITY,DOUBLE-EDGE,FLY,9,30,15,15,0,0,0,0,129,143,96,88,82,82,105,17611,36099,27357,26155,26155,26896,15,15,15,15,0,0,0,0,0,0,0,108,99,82,82,118,910301,326711,487932,93013,2645,39,4,0,9121,8302,717,102,861,174,132,42,11,0,30592,19704,1975,1967,478,113,192,0,0,0,0,0,60,0,21,0,0,2,0,0,0,0,0,0,0,3,0,0,0,0,4,1,0,0,0,0,0,0,12,0,0,0,2,345,164585,0,0,0,0,50,58,17,0,0,11,1,2,8,Jolteon
4-13,20:58:10,NINTEN,Pidgey,Biker,2,Route 14,2,1:08:07.96,1:08:07,1h8m7s,7,1,8,55,4:12,6.722,SWIFT,AGILITY,DOUBLE-EDGE,FLY,39,9128,862,133,42,696,594,342,19,31936,Jolteon, ,Normal,Flying,165986,Pidgey2,Pidgey,,01:08:01.24,01:08:07.96,04:12:56.57,55,7,1,8,7,96,SWIFT,AGILITY,DOUBLE-EDGE,FLY,7,30,15,15,0,0,0,0,129,143,96,88,82,82,105,17731,36244,27502,26255,26255,26956,15,15,15,15,0,0,0,0,0,0,0,108,99,82,82,118,912592,326924,490010,93013,2645,39,4,0,9128,8309,717,102,862,175,133,42,11,0,30868,19860,1975,1967,478,113,192,0,0,0,0,0,61,0,21,0,0,2,0,0,0,0,0,0,0,3,0,0,0,0,4,1,0,0,0,0,0,0,12,0,0,0,2,347,165851,0,0,0,0,50,58,17,0,0,11,1,2,8,Jolteon
4-13,20:58:21,NINTEN,Pidgey,Biker,14,Route 14,3,1:08:19.10,1:08:19,1h8m19s,7,1,8,55,4:13,8.115,SWIFT,AGILITY,DOUBLE-EDGE,FLY,39,9131,862,134,42,699,597,342,19,32516,Jolteon, ,Normal,Flying,167750,Pidgey2,Pidgey,,01:08:10.98,01:08:19.10,04:13:40.43,55,7,1,8,19,10,SWIFT,AGILITY,DOUBLE-EDGE,FLY,4,30,15,15,0,0,0,0,129,143,96,88,82,82,105,17931,36469,27697,26395,26395,27041,15,15,15,15,0,0,0,0,0,0,0,108,99,82,82,118,915218,327156,492404,93013,2645,39,4,0,9131,8312,717,102,862,176,134,42,11,0,31195,20098,1975,1967,478,113,192,0,0,0,0,0,61,0,21,0,0,2,0,0,0,0,0,0,0,3,0,0,0,0,4,1,0,0,0,0,0,0,12,0,0,0,2,350,167615,0,0,0,0,50,58,17,0,0,11,1,2,8,Jolteon
4-13,20:58:29,NINTEN,Pidgey,Bird Keeper,4,Route 14,1,1:08:27.58,1:08:27,1h8m27s,7,1,8,55,4:14,3.829,SWIFT,AGILITY,DOUBLE-EDGE,FLY,39,9159,863,135,42,700,598,342,19,33076,Jolteon, ,Normal,Flying,168414,Pidgey2,Pidgey,,01:08:23.75,01:08:27.58,04:14:14.07,55,7,1,8,27,58,SWIFT,AGILITY,DOUBLE-EDGE,FLY,3,30,15,15,0,0,0,0,129,143,96,88,82,82,105,17983,36534,27752,26453,26453,27101,15,15,15,15,0,0,0,0,0,0,0,108,99,82,82,118,917222,327775,493789,93013,2645,39,4,0,9159,8340,717,102,863,177,135,42,11,0,31290,20180,1975,1967,478,113,192,0,0,0,0,0,61,0,21,0,0,2,0,0,0,0,0,0,0,3,0,0,0,0,4,1,0,0,0,0,0,0,12,0,0,0,2,351,168279,0,0,0,0,50,58,17,0,0,11,1,2,8,Jolteon
4-13,20:58:41,NINTEN,Pidgey,Biker,15,Route 14,2,1:08:39.07,1:08:39,1h8m39s,7,1,8,56,4:14,8.296,SWIFT,AGILITY,DOUBLE-EDGE,FLY,39,9162,863,136,42,702,600,342,19,33901,Jolteon, ,Normal,Flying,170097,Pidgey2,Pidgey,,01:08:30.77,01:08:39.07,04:14:59.25,56,7,1,8,39,7,SWIFT,AGILITY,DOUBLE-EDGE,FLY,3,30,13,15,0,0,0,0,90,146,99,90,83,83,107,18128,36704,27922,26578,26578,27186,15,15,15,15,0,0,0,0,0,0,0,111,101,83,83,120,919940,328018,496264,93013,2645,39,4,0,9162,8343,717,102,863,178,136,42,11,0,31543,20350,2017,2009,480,113,192,0,0,0,0,0,61,0,21,0,0,2,0,0,0,0,0,0,0,3,0,0,0,0,4,1,0,0,0,0,0,0,12,0,0,0,2,353,169962,0,0,0,0,50,58,17,0,0,11,1,2,8,Jolteon
4-13,20:59:02,NINTEN,Pidgey,Swimmer,2,Route 19,2,1:09:00.62,1:09:00,1h9m0s,7,1,8,56,4:16,7.703,SWIFT,AGILITY,DOUBLE-EDGE,FLY,39,9186,869,137,42,705,603,343,19,34481,Jolteon, ,Normal,Flying,171394,Pidgey2,Pidgey,,01:08:52.92,01:09:00.62,04:16:23.59,56,7,1,9,0,62,SWIFT,AGILITY,DOUBLE-EDGE,FLY,17,30,15,15,0,0,0,0,129,146,99,90,83,83,107,18198,36809,28057,26723,26723,27296,15,15,15,15,0,0,0,0,0,0,0,111,101,83,83,120,925014,329861,498885,93623,2645,39,4,0,9186,8367,717,102,869,179,137,42,11,0,31877,20480,2034,2026,480,113,193,0,0,0,0,0,62,0,21,0,0,2,0,0,0,0,0,0,0,3,0,0,0,0,4,1,0,0,0,0,0,0,12,0,0,0,2,355,171259,0,0,0,0,50,58,17,0,0,11,1,2,8,Jolteon
4-13,20:59:14,NINTEN,Pidgey,Swimmer,3,Route 19,3,1:09:11.88,1:09:11,1h9m11s,7,1,8,56,4:17,8.253,SWIFT,AGILITY,DOUBLE-EDGE,FLY,39,9191,870,138,42,708,606,343,19,34631,Jolteon, ,Normal,Flying,173254,Pidgey2,Pidgey,,01:09:03.63,01:09:11.88,04:17:08.17,56,7,1,9,11,88,SWIFT,AGILITY,DOUBLE-EDGE,FLY,14,30,15,15,0,0,0,0,129,146,99,90,83,83,107,18303,36961,28242,26913,26913,27504,15,15,15,15,0,0,0,0,0,0,0,111,101,83,83,120,927672,330076,501328,93623,2645,39,4,0,9191,8372,717,102,870,180,138,42,11,0,32282,20671,2034,2026,480,113,193,0,0,0,0,0,63,0,21,0,0,2,0,0,0,0,0,0,0,3,0,0,0,0,4,1,0,0,0,0,0,0,12,0,0,0,2,358,173119,0,0,0,0,50,58,17,0,0,11,1,2,8,Jolteon
4-13,20:59:25,NINTEN,Pidgey,Swimmer,7,Route 19,2,1:09:23.29,1:09:23,1h9m23s,7,1,8,56,4:17,5.768,SWIFT,AGILITY,DOUBLE-EDGE,FLY,39,9201,871,139,42,710,608,343,19,34776,Jolteon, ,Normal,Flying,174318,Pidgey2,Pidgey,,01:09:17.52,01:09:23.29,04:17:53.06,56,7,1,9,23,29,SWIFT,AGILITY,DOUBLE-EDGE,FLY,12,30,15,15,0,0,0,0,129,146,99,90,83,83,107,18363,37041,28382,27053,27053,27624,15,15,15,15,0,0,0,0,0,0,0,111,101,83,83,120,930361,330513,503169,94034,2645,39,4,0,9201,8377,717,107,871,181,139,42,11,0,32449,20795,2034,2026,480,113,193,0,0,0,0,0,63,0,21,0,0,2,0,0,0,0,0,0,0,3,0,0,0,0,4,1,0,0,0,0,0,0,12,0,0,0,2,360,174183,0,0,0,0,50,58,17,0,0,11,1,2,8,Jolteon
4-13,20:59:43,NINTEN,Pidgey,Swimmer,5,Route 19,4,1:09:41.70,1:09:41,1h9m41s,7,1,8,56,4:19,10.334,SWIFT,AGILITY,DOUBLE-EDGE,FLY,39,9217,871,140,43,715,613,343,19,34926,Jolteon, ,Normal,Flying,176804,Pidgey2,Pidgey,,01:09:31.36,01:09:41.70,04:19:05.28,56,7,1,9,41,70,SWIFT,AGILITY,DOUBLE-EDGE,FLY,7,30,15,15,0,0,0,0,129,146,99,90,83,83,107,18558,37268,28617,27473,27473,27957,15,15,15,15,0,0,0,0,0,0,0,111,101,83,83,120,934703,330978,507046,94034,2645,39,4,0,9217,8377,717,123,871,183,140,43,11,0,33304,21071,2034,2026,480,113,193,0,0,0,0,0,63,0,21,0,0,2,0,0,0,0,0,0,0,3,0,0,0,0,4,1,0,0,0,0,0,0,12,0,0,0,2,365,176669,0,0,0,0,50,58,17,0,0,11,1,2,8,Jolteon
4-13,20:59:53,NINTEN,Pidgey,Swimmer,4,Route 19,2,1:09:50.90,1:09:50,1h9m50s,7,1,8,56,4:19,5.894,SWIFT,AGILITY,DOUBLE-EDGE,FLY,39,9226,871,141,43,717,615,343,19,35061,Jolteon, ,Normal,Flying,178140,Pidgey2,Pidgey,,01:09:45.00,01:09:50.90,04:19:41.39,56,7,1,9,50,90,SWIFT,AGILITY,DOUBLE-EDGE,FLY,5,30,15,15,0,0,0,0,129,146,99,90,83,83,107,18663,37383,28722,27563,27563,28137,15,15,15,15,0,0,0,0,0,0,0,111,101,83,83,120,936874,331291,508904,94034,2645,39,4,0,9226,8377,717,132,871,184,141,43,11,0,33527,21222,2034,2026,480,113,193,0,0,0,0,0,63,0,21,0,0,2,0,0,0,0,0,0,0,3,0,0,0,0,4,1,0,0,0,0,0,0,12,0,0,0,2,367,178005,0,0,0,0,50,58,17,0,0,11,1,2,8,Jolteon
4-13,21:00:05,NINTEN,Pidgey,Swimmer,6,Route 19,3,1:10:03.62,1:10:03,1h10m3s,7,1,8,57,4:20,9.28,SWIFT,AGILITY,DOUBLE-EDGE,FLY,39,9237,872,142,43,720,618,343,19,35211,Jolteon, ,Normal,Flying,180485,Pidgey2,Pidgey,,01:09:54.34,01:10:03.62,04:20:31.43,57,7,1,10,3,62,SWIFT,AGILITY,DOUBLE-EDGE,FLY,2,30,15,15,0,0,0,0,132,149,100,91,85,85,109,18818,37607,28947,27738,27738,28308,15,15,15,15,0,0,0,0,0,0,0,112,102,85,85,122,939878,331614,511585,94034,2645,39,4,0,9237,8377,717,143,872,185,142,43,11,0,33793,21442,2034,2026,480,113,193,0,0,0,0,0,63,0,21,0,0,2,0,0,0,0,0,0,0,3,0,0,0,0,4,1,0,0,0,0,0,0,12,0,0,0,2,370,180350,0,0,0,0,50,58,17,0,0,11,1,2,8,Jolteon
4-13,21:00:27,NINTEN,Pidgey,Swimmer,8,Route 19,5,1:10:25.15,1:10:25,1h10m25s,7,1,8,57,4:21,16.615,SWIFT,AGILITY,DOUBLE-EDGE,FLY,39,9253,873,143,43,728,623,346,19,35356,Jolteon, ,Normal,Flying,183976,Pidgey2,Pidgey,,01:10:08.53,01:10:25.15,04:21:56.35,57,7,1,10,25,15,SWIFT,AGILITY,DOUBLE-EDGE,FLY,0,30,15,12,0,0,0,0,132,149,100,91,85,85,109,19038,37842,29207,28198,28198,28693,15,15,15,15,0,0,0,0,0,0,0,112,102,85,85,122,944970,331992,516299,94034,2645,39,4,0,9253,8377,717,159,873,186,143,43,11,0,34475,21764,2034,2026,483,116,193,0,0,0,0,0,63,0,21,0,0,2,0,0,0,0,0,0,0,3,0,0,0,0,4,1,0,0,0,0,0,0,12,0,0,0,2,375,183841,0,0,0,0,50,58,17,0,0,11,1,2,8,Jolteon
4-13,21:00:41,NINTEN,Pidgey,Beauty,14,Route 19,3,1:10:39.45,1:10:39,1h10m39s,7,1,8,57,4:22,8.533,SWIFT,AGILITY,DOUBLE-EDGE,FLY,39,9254,874,144,43,731,626,346,18,35491,Jolteon, ,Normal,Flying,185950,Pidgey2,Pidgey,,01:10:30.92,01:10:39.45,04:22:52.48,57,7,1,10,39,45,SWIFT,AGILITY,DOUBLE-EDGE,FLY,17,30,15,12,0,0,0,0,132,149,100,91,85,85,109,19128,37977,29372,28408,28408,28948,15,15,15,15,0,0,0,0,0,0,0,112,102,85,85,122,948343,332197,518797,94704,2645,39,4,0,9254,8377,717,160,874,187,144,43,11,0,34910,21947,2034,2026,483,116,193,0,0,0,0,0,64,0,21,0,0,2,0,0,0,0,0,0,0,3,0,0,0,0,4,1,0,0,0,0,0,0,12,0,0,0,2,378,185815,0,0,0,0,50,58,17,0,0,11,1,2,8,Jolteon
4-13,21:00:50,NINTEN,Pidgey,Beauty,13,Route 19,2,1:10:48.24,1:10:48,1h10m48s,7,1,8,57,4:23,6.146,SWIFT,AGILITY,DOUBLE-EDGE,FLY,39,9254,886,145,43,733,628,346,18,37521,Jolteon, ,Normal,Flying,187754,Pidgey2,Pidgey,,01:10:42.09,01:10:48.24,04:23:27.19,57,7,1,10,48,24,SWIFT,AGILITY,DOUBLE-EDGE,FLY,15,30,15,12,0,0,0,0,132,149,100,91,85,85,109,19253,38136,29497,28538,28538,29079,15,15,15,15,0,0,0,0,0,0,0,112,102,85,85,122,950414,332332,520733,94704,2645,39,4,0,9254,8377,717,160,886,188,145,43,11,0,35175,22110,2034,2026,483,116,193,0,0,0,0,0,65,0,21,0,0,2,0,0,0,0,0,0,0,3,0,0,0,0,4,1,0,0,0,0,0,0,12,0,0,0,2,380,187619,0,0,0,0,50,58,17,0,0,11,1,2,8,Jolteon
4-13,21:01:06,NINTEN,Pidgey,Beauty,12,Route 19,5,1:11:04.58,1:11:04,1h11m4s,7,1,8,58,4:24,13.492,SWIFT,AGILITY,DOUBLE-EDGE,FLY,39,9255,900,146,43,738,633,346,18,39621,Jolteon, ,Normal,Flying,190910,Pidgey2,Pidgey,,01:10:51.08,01:11:04.58,04:24:31.38,58,7,1,11,4,58,SWIFT,AGILITY,DOUBLE-EDGE,FLY,10,30,15,12,0,0,0,0,135,152,103,93,87,87,112,19503,38462,29762,28798,28798,29453,15,15,15,15,0,0,0,0,0,0,0,115,104,87,87,126,954273,332528,524396,94704,2645,39,4,0,9255,8377,717,161,900,189,146,43,11,0,35805,22448,2034,2026,483,116,193,0,0,0,0,0,65,0,21,0,0,2,0,0,0,0,0,0,0,3,0,0,0,0,4,1,0,0,0,0,0,0,12,0,0,0,2,385,190775,0,0,0,0,50,58,17,0,0,11,1,2,8,Jolteon
4-13,21:02:44,NINTEN,Pidgey,Rival5-Silph,5,Silph Co - 7F,5,1:12:42.78,1:12:42,1h12m42s,8,1,9,58,4:28,34.576,SWIFT,AGILITY,DOUBLE-EDGE,FLY,40,9383,906,147,43,753,643,356,18,41511,Jolteon, ,Normal,Flying,197954,Pidgey2,Pidgey,Rival (Silph Co.),01:12:08.21,01:12:42.78,04:28:35.48,58,8,1,12,42,78,SWIFT,AGILITY,DOUBLE-EDGE,FLY,18,27,15,10,0,0,0,0,30,152,103,93,87,87,112,19806,38833,30217,29268,29268,29923,15,15,15,15,0,-1,0,0,6,0,0,183,85,87,87,504,968928,337402,533328,95395,2803,40,5,0,9383,8505,717,161,906,190,147,43,11,0,36600,22935,2156,2148,488,121,198,0,0,0,0,0,66,0,23,0,0,2,0,0,0,0,0,0,0,3,0,0,0,0,4,1,0,0,0,0,0,0,12,0,0,0,2,390,197819,0,0,0,0,50,58,17,0,0,11,1,2,9,Jolteon
4-13,21:03:16,NINTEN,Pidgey,Rocket,45,Silph Co - 11F,3,1:13:14.09,1:13:14,1h13m14s,8,1,9,59,4:30,10.652,SWIFT,AGILITY,DOUBLE-EDGE,FLY,41,9483,909,148,43,756,646,356,18,44111,Jolteon, ,Normal,Flying,200536,Pidgey2,Pidgey,,01:13:03.44,01:13:14.09,04:30:39.13,59,8,1,13,14,9,SWIFT,AGILITY,DOUBLE-EDGE,FLY,18,30,14,15,0,0,0,0,133,154,104,95,89,89,114,19971,39053,30441,29458,29458,30153,15,15,15,15,0,0,0,0,0,0,0,117,106,89,89,128,976333,341109,536372,96049,2803,41,5,0,9483,8605,717,161,909,191,148,43,11,0,36960,23174,2177,2169,489,121,198,0,0,0,0,0,66,0,23,0,0,2,0,0,0,0,0,0,0,3,0,0,0,0,4,1,0,0,0,0,0,0,12,0,0,0,2,393,200401,0,0,0,0,50,58,17,0,0,11,1,2,9,Jolteon
4-13,21:03:49,NINTEN,Pidgey,Giovanni-Silph,2,Silph Co - 11F,4,1:13:46.99,1:13:46,1h13m46s,8,1,9,59,4:32,24.409,SWIFT,AGILITY,DOUBLE-EDGE,FLY,41,9500,910,149,43,766,655,362,18,45041,Jolteon, ,Normal,Flying,205353,Pidgey2,Pidgey,Giovanni (Silph),01:13:22.58,01:13:46.99,04:32:49.17,59,8,1,13,46,99,SWIFT,AGILITY,DOUBLE-EDGE,FLY,11,30,13,14,0,0,0,0,66,154,104,95,89,89,114,20267,39362,30740,29683,29683,30434,15,15,15,15,0,-1,0,0,0,0,0,131,69,89,89,144,984137,342315,542970,96049,2803,41,5,0,9500,8622,717,161,910,192,149,43,11,0,37549,23611,2244,2236,491,123,202,0,0,0,0,0,66,0,23,0,0,2,0,0,0,0,0,0,0,3,0,0,0,0,4,1,0,0,0,0,0,0,12,0,0,0,2,397,205218,0,0,0,0,50,58,17,0,0,11,1,2,9,Jolteon
4-13,21:04:28,NINTEN,Pidgey,Psychic,3,Saffron City - Gym,3,1:14:26.33,1:14:26,1h14m26s,8,1,9,59,4:35,12.729,SWIFT,AGILITY,DOUBLE-EDGE,FLY,41,9619,916,150,43,772,661,365,18,49100,Jolteon, ,Normal,Flying,207910,Pidgey2,Pidgey,,01:14:13.60,01:14:26.33,04:35:24.14,59,8,1,14,26,33,SWIFT,AGILITY,DOUBLE-EDGE,FLY,14,30,15,15,0,0,0,0,143,154,104,95,89,89,114,20542,39567,30980,29843,29843,30494,15,15,15,15,-2,0,0,0,0,0,0,58,133,89,89,162,993434,347842,546484,96305,2803,41,5,0,9619,8741,717,161,916,193,150,43,11,0,38042,23935,2255,2247,491,123,205,0,0,0,0,0,68,0,23,0,0,2,0,0,0,0,0,0,0,3,0,0,0,0,4,1,0,0,0,0,0,0,12,0,0,0,2,400,207775,0,0,0,0,50,58,17,0,0,11,1,2,9,Jolteon
4-13,21:04:40,NINTEN,Pidgey,Psychic,2,Saffron City - Gym,2,1:14:37.96,1:14:37,1h14m37s,8,1,9,59,4:36,6.424,SWIFT,AGILITY,DOUBLE-EDGE,FLY,41,9631,917,151,43,774,663,365,18,49430,Jolteon, ,Normal,Flying,209956,Pidgey2,Pidgey,,01:14:31.53,01:14:37.96,04:36:09.44,59,8,1,14,37,96,SWIFT,AGILITY,DOUBLE-EDGE,FLY,12,30,15,15,0,0,0,0,143,154,104,95,89,89,114,20622,39647,31075,30063,30063,30689,15,15,15,15,0,0,0,0,0,0,0,117,106,89,89,128,996164,348566,548490,96305,2803,41,5,0,9631,8753,717,161,917,194,151,43,11,0,38355,24087,2255,2247,491,123,205,0,0,0,0,0,69,0,23,0,0,2,0,0,0,0,0,0,0,3,0,0,0,0,4,1,0,0,0,0,0,0,12,0,0,0,2,402,209821,0,0,0,0,50,58,17,0,0,11,1,2,9,Jolteon
4-13,21:05:12,NINTEN,Pidgey,Psychic,4,Saffron City - Gym,1,1:15:09.93,1:15:09,1h15m9s,8,1,9,60,4:38,10.589,SWIFT,AGILITY,DOUBLE-EDGE,FLY,41,9679,933,152,43,779,667,369,18,49770,Jolteon, ,Normal,Flying,211291,Pidgey2,Pidgey,,01:14:59.35,01:15:09.93,04:38:15.20,60,8,1,15,9,93,SWIFT,AGILITY,DOUBLE-EDGE,FLY,9,30,15,14,0,0,0,0,133,157,107,97,90,90,116,20717,39722,31185,30143,30143,30719,15,15,15,15,-1,0,0,0,0,0,0,78,109,90,90,130,1003700,353092,551500,96305,2803,41,5,0,9679,8801,717,161,933,195,152,43,11,0,38573,24213,2268,2260,492,124,207,0,0,0,0,0,70,0,23,0,0,2,0,0,0,0,0,0,0,3,0,0,0,0,4,1,0,0,0,0,0,0,12,0,0,0,2,403,211156,0,0,0,0,50,58,17,0,0,11,1,2,9,Jolteon
4-13,21:05:32,NINTEN,Pidgey,Psychic,1,Saffron City - Gym,4,1:15:30.65,1:15:30,1h15m30s,8,1,9,60,4:39,13.784,SWIFT,AGILITY,DOUBLE-EDGE,FLY,41,9691,935,153,43,785,671,371,18,50150,Jolteon, ,Normal,Flying,214777,Pidgey2,Pidgey,,01:15:16.86,01:15:30.65,04:39:36.44,60,8,1,15,30,65,SWIFT,AGILITY,DOUBLE-EDGE,FLY,7,30,15,12,0,0,0,0,133,157,107,97,90,90,116,20927,39902,31375,30523,30523,31034,15,15,15,15,0,0,0,0,0,0,0,120,109,90,90,130,1008584,353918,555558,96305,2803,41,5,0,9691,8813,717,161,935,196,153,43,11,0,39273,24524,2268,2260,494,126,207,0,0,0,0,0,71,0,23,0,0,2,0,0,0,0,0,0,0,3,0,0,0,0,4,1,0,0,0,0,0,0,12,0,0,0,2,407,214642,0,0,0,0,50,58,17,0,0,11,1,2,9,Jolteon
4-13,21:06:03,NINTEN,Pidgey,Sabrina,1,Saffron City - Gym,3,1:16:01.77,1:16:01,1h16m1s,8,1,9,60,4:41,21.483,SWIFT,AGILITY,DOUBLE-EDGE,FLY,42,9704,938,154,43,798,684,380,18,50460,Jolteon, ,Normal,Flying,219102,Pidgey2,Pidgey,Sabrina,01:15:40.29,01:16:01.77,04:41:39.46,60,8,1,16,1,77,SWIFT,AGILITY,DOUBLE-EDGE,FLY,4,20,15,12,0,0,0,0,133,157,107,97,90,90,116,21047,40007,31465,30883,30883,31349,15,15,15,15,0,0,0,0,6,-6,0,338,309,90,90,938,1015966,354988,561157,97018,2803,42,5,0,9704,8826,717,161,938,197,154,43,11,0,40301,24848,2268,2260,494,128,214,0,0,0,0,0,71,0,23,0,0,2,0,0,0,0,0,0,0,3,0,0,0,0,4,1,0,0,0,0,0,0,12,0,0,0,2,410,218967,0,0,0,0,50,58,17,0,0,11,1,2,9,Jolteon
4-13,21:09:15,NINTEN,Pidgey,Pokemaniac,1,Route 10,2,1:19:12.94,1:19:12,1h19m12s,13,1,14,60,4:46,9.555,SWIFT,AGILITY,DOUBLE-EDGE,FLY,43,9998,951,155,43,802,688,382,19,55410,Jolteon, ,Normal,Flying,220785,Pidgey2,Pidgey,RTG2 - Pokemaniac 1,01:19:03.38,01:19:12.94,04:46:11.29,60,13,1,19,12,94,SWIFT,AGILITY,DOUBLE-EDGE,FLY,16,30,15,15,0,0,0,0,135,157,107,97,90,90,116,21217,40147,31635,30973,30973,31404,15,15,15,15,0,0,0,0,0,0,0,120,109,90,90,130,1032275,363866,564104,101302,3003,43,6,0,9998,9092,717,189,951,198,155,43,11,0,40593,25038,2290,2282,494,128,216,0,0,0,0,0,72,0,23,0,0,2,0,0,0,0,0,0,0,3,0,0,0,0,4,1,0,0,0,0,0,0,12,0,0,0,2,412,220650,0,0,0,0,50,58,17,0,0,11,1,2,14,Jolteon
4-13,21:10:28,NINTEN,Pidgey,Jr Trainer F,16,Route 20,2,1:20:26.11,1:20:26,1h20m26s,14,1,15,61,4:50,7.018,SWIFT,AGILITY,DOUBLE-EDGE,FLY,44,10265,987,156,45,805,691,382,19,56910,Jolteon, ,Normal,Flying,224191,Pidgey2,Pidgey,,01:20:19.09,01:20:26.11,04:50:06.08,61,14,1,20,26,11,SWIFT,AGILITY,DOUBLE-EDGE,FLY,18,30,15,15,0,0,0,0,160,160,108,98,92,92,118,21432,40396,31845,31228,31228,31635,15,15,15,15,0,0,0,0,0,0,0,121,110,92,92,132,1046360,371645,568285,103269,3161,44,7,0,10265,9327,717,221,987,201,156,45,12,0,40975,25360,2328,2320,495,128,216,0,0,0,0,0,73,0,23,0,0,2,0,0,0,0,0,0,0,3,0,0,0,0,4,1,0,0,0,0,0,0,12,0,0,0,2,415,224056,0,0,0,0,52,58,17,0,0,11,1,2,15,Jolteon
4-13,21:10:43,NINTEN,Pidgey,Beauty,7,Route 20,3,1:20:40.91,1:20:40,1h20m40s,14,1,15,61,4:51,10.281,SWIFT,AGILITY,DOUBLE-EDGE,FLY,44,10271,989,157,45,809,695,383,19,57530,Jolteon, ,Normal,Flying,226740,Pidgey2,Pidgey,,01:20:30.62,01:20:40.91,04:51:04.21,61,14,1,20,40,91,SWIFT,AGILITY,DOUBLE-EDGE,FLY,14,30,15,15,0,0,0,0,122,160,108,98,92,92,118,21542,40621,32225,31403,31403,31785,15,15,15,15,0,0,0,0,0,0,0,121,110,92,92,132,1049853,371884,571539,103269,3161,44,7,0,10271,9327,717,227,989,202,157,45,12,0,41224,25558,2366,2358,495,128,217,0,0,0,0,0,73,0,23,0,0,2,0,0,0,0,0,0,0,3,0,0,0,0,4,1,0,0,0,0,0,0,12,0,0,0,2,418,226605,0,0,0,0,52,58,17,0,0,11,1,2,15,Jolteon
4-13,21:10:54,NINTEN,Pidgey,Beauty,8,Route 20,2,1:20:51.89,1:20:51,1h20m51s,14,1,15,61,4:51,6.222,SWIFT,AGILITY,DOUBLE-EDGE,FLY,44,10290,990,158,45,811,697,383,19,59630,Jolteon, ,Normal,Flying,228379,Pidgey2,Pidgey,,01:20:45.67,01:20:51.89,04:51:47.39,61,14,1,20,51,89,SWIFT,AGILITY,DOUBLE-EDGE,FLY,12,30,15,15,0,0,0,0,122,160,108,98,92,92,118,21662,40763,32330,31523,31523,31943,15,15,15,15,0,0,0,0,0,0,0,121,110,92,92,132,1052451,372514,573507,103269,3161,44,7,0,10290,9327,717,246,990,203,158,45,12,0,41611,25723,2366,2358,495,128,217,0,0,0,0,0,74,0,23,0,0,2,0,0,0,0,0,0,0,3,0,0,0,0,4,1,0,0,0,0,0,0,12,0,0,0,2,420,228244,0,0,0,0,52,58,17,0,0,11,1,2,15,Jolteon
4-13,21:11:16,NINTEN,Pidgey,Bird Keeper,11,Route 20,3,1:21:14.67,1:21:14,1h21m14s,14,1,15,61,4:53,9.353,SWIFT,AGILITY,DOUBLE-EDGE,FLY,44,10316,992,159,47,815,701,383,19,61800,Jolteon, ,Normal,Flying,231412,Pidgey2,Pidgey,,01:21:05.31,01:21:14.67,04:53:17.14,61,14,1,21,14,67,SWIFT,AGILITY,DOUBLE-EDGE,FLY,8,30,15,15,0,0,0,0,122,160,108,98,92,92,118,21895,41043,32550,31795,31795,32284,15,15,15,15,0,0,0,0,0,0,0,121,110,92,92,132,1057826,373475,577921,103269,3161,44,7,0,10316,9327,717,272,992,206,159,47,13,0,42418,26009,2366,2358,495,128,217,0,0,0,0,0,76,0,23,0,0,2,0,0,0,0,0,0,0,3,0,0,0,0,4,1,0,0,0,0,0,0,12,0,0,0,2,424,231277,0,0,0,0,52,58,17,0,0,11,1,2,15,Jolteon
4-13,21:11:23,NINTEN,Pidgey,Swimmer,10,Route 20,1,1:21:21.51,1:21:21,1h21m21s,14,1,15,61,4:53,3.905,SWIFT,AGILITY,DOUBLE-EDGE,FLY,44,10322,993,160,47,816,702,383,19,62550,Jolteon, ,Normal,Flying,232207,Pidgey2,Pidgey,,01:21:17.60,01:21:21.51,04:53:44.04,61,14,1,21,21,51,SWIFT,AGILITY,DOUBLE-EDGE,FLY,7,30,15,15,0,0,0,0,122,160,108,98,92,92,118,21925,41088,32605,31865,31865,32369,15,15,15,15,0,0,0,0,0,0,0,121,110,92,92,132,1059436,373678,579328,103269,3161,44,7,0,10322,9327,717,278,993,207,160,47,13,0,42531,26080,2366,2358,495,128,217,0,0,0,0,0,76,0,23,0,0,2,0,0,0,0,0,0,0,3,0,0,0,0,4,1,0,0,0,0,0,0,12,0,0,0,2,425,232072,0,0,0,0,52,58,17,0,0,11,1,2,15,Jolteon
4-13,21:11:35,NINTEN,Pidgey,Jr Trainer F,24,Route 20,3,1:21:33.67,1:21:33,1h21m33s,14,1,15,61,4:54,8.223,SWIFT,AGILITY,DOUBLE-EDGE,FLY,44,10342,995,161,47,819,705,383,19,62725,Jolteon, ,Normal,Flying,234056,Pidgey2,Pidgey,,01:21:25.45,01:21:33.67,04:54:31.59,61,14,1,21,33,67,SWIFT,AGILITY,DOUBLE-EDGE,FLY,4,30,15,15,0,0,0,0,122,160,108,98,92,92,118,22060,41213,32765,32105,32105,32544,15,15,15,15,0,0,0,0,0,0,0,121,110,92,92,132,1062311,374137,581744,103269,3161,44,7,0,10342,9327,717,298,995,208,161,47,13,0,42934,26293,2366,2358,495,128,217,0,0,0,0,0,76,0,23,0,0,2,0,0,0,0,0,0,0,3,0,0,0,0,4,1,0,0,0,0,0,0,12,0,0,0,2,428,233921,0,0,0,0,52,58,17,0,0,11,1,2,15,Jolteon
4-13,21:12:07,NINTEN,Pidgey,Cue Ball,9,Route 21,3,1:22:05.01,1:22:05,1h22m5s,14,1,15,62,4:56,9.447,SWIFT,AGILITY,DOUBLE-EDGE,FLY,44,10410,999,162,47,822,708,383,18,63325,Jolteon, ,Normal,Flying,236810,Pidgey2,Pidgey,,01:21:55.56,01:22:05.01,04:56:35.27,62,14,1,22,5,1,SWIFT,AGILITY,DOUBLE-EDGE,FLY,17,30,15,15,0,0,0,0,163,163,111,101,94,94,120,22220,41363,32900,32425,32425,32784,15,15,15,15,0,0,0,0,0,0,0,124,113,94,94,135,1069719,376675,584469,105414,3161,44,7,0,10410,9353,717,340,999,209,162,47,13,0,43405,26528,2366,2358,495,128,217,0,0,0,0,0,76,0,23,0,0,2,0,0,0,0,0,0,0,3,0,0,0,0,4,1,0,0,0,0,0,0,12,0,0,0,2,431,236675,0,0,0,0,52,58,17,0,0,11,1,2,15,Jolteon
4-13,21:12:22,NINTEN,Pidgey,Fisher,8,Route 21,2,1:22:20.68,1:22:20,1h22m20s,14,1,15,62,4:57,9.366,SWIFT,AGILITY,DOUBLE-EDGE,FLY,44,10439,1002,163,47,825,711,384,18,64100,Jolteon, ,Normal,Flying,238801,Pidgey2,Pidgey,,01:22:11.31,01:22:20.68,04:57:37.13,62,14,1,22,20,68,SWIFT,AGILITY,DOUBLE-EDGE,FLY,15,30,14,15,0,0,0,0,78,163,111,101,94,94,120,22300,41523,33180,32555,32555,32894,15,15,15,15,0,0,0,0,0,0,0,124,113,94,94,135,1073425,377358,587492,105414,3161,44,7,0,10439,9357,717,365,1002,210,163,47,13,0,43598,26668,2451,2443,496,128,218,0,0,0,0,0,76,0,24,0,0,2,0,0,0,0,0,0,0,3,0,0,0,0,4,1,0,0,0,0,0,0,12,0,0,0,2,433,238666,0,0,0,0,52,58,17,0,0,11,1,2,15,Jolteon
4-13,21:12:35,NINTEN,Pidgey,Fisher,10,Route 21,2,1:22:32.97,1:22:32,1h22m32s,14,1,15,62,4:58,9.596,SWIFT,AGILITY,DOUBLE-EDGE,FLY,44,10441,1002,164,47,828,714,385,18,65185,Jolteon, ,Normal,Flying,240786,Pidgey2,Pidgey,,01:22:23.37,01:22:32.97,04:58:25.40,62,14,1,22,32,97,SWIFT,AGILITY,DOUBLE-EDGE,FLY,12,30,14,15,0,0,0,0,69,163,111,101,94,94,120,22425,41682,33305,32685,32685,33025,15,15,15,15,0,0,0,0,0,0,0,124,113,94,94,135,1076332,377487,590270,105414,3161,44,7,0,10441,9359,717,365,1002,211,164,47,13,0,43917,26846,2460,2452,496,128,219,0,0,0,0,0,76,0,24,0,0,2,0,0,0,0,0,0,0,3,0,0,0,0,4,1,0,0,0,0,0,0,12,0,0,0,2,435,240651,0,0,0,0,52,58,17,0,0,11,1,2,15,Jolteon
4-13,21:12:55,NINTEN,Pidgey,Swimmer,14,Route 21,2,1:22:53.47,1:22:53,1h22m53s,14,1,15,62,4:59,7.663,SWIFT,AGILITY,DOUBLE-EDGE,FLY,44,10463,1009,165,47,831,717,386,18,66340,Jolteon, ,Normal,Flying,242545,Pidgey2,Pidgey,,01:22:45.81,01:22:53.47,04:59:46.14,62,14,1,22,53,47,SWIFT,AGILITY,DOUBLE-EDGE,FLY,9,30,14,15,0,0,0,0,152,163,111,101,94,94,120,22514,41790,33440,32820,32820,33168,15,15,15,15,0,0,0,0,0,0,0,124,113,94,94,135,1081166,378185,592585,107235,3161,44,7,0,10463,9359,717,387,1009,212,165,47,13,0,44266,27001,2471,2463,496,128,220,0,0,0,0,0,77,0,24,0,0,2,0,0,0,0,0,0,0,3,0,0,0,0,4,1,0,0,0,0,0,0,12,0,0,0,2,437,242410,0,0,0,0,52,58,17,0,0,11,1,2,15,Jolteon
4-13,21:13:15,NINTEN,Pidgey,Swimmer,15,Route 21,3,1:23:12.91,1:23:12,1h23m12s,14,1,15,62,5:01,9.869,SWIFT,AGILITY,DOUBLE-EDGE,FLY,44,10523,1015,166,47,835,721,387,18,66505,Jolteon, ,Normal,Flying,245224,Pidgey2,Pidgey,,01:23:03.04,01:23:12.91,05:01:02.57,62,14,1,23,12,91,SWIFT,AGILITY,DOUBLE-EDGE,FLY,5,30,14,15,0,0,0,0,128,163,111,101,94,94,120,22674,41960,33635,33065,33065,33413,15,15,15,15,0,0,0,0,0,0,0,124,113,94,94,135,1085769,379536,595411,107661,3161,44,7,0,10523,9361,717,445,1015,213,166,47,13,0,44767,27243,2495,2487,496,128,221,0,0,0,0,0,78,0,25,0,0,2,0,0,0,0,0,0,0,3,0,0,0,0,4,1,0,0,0,0,0,0,12,0,0,0,2,440,245089,0,0,0,0,52,58,17,0,0,11,1,2,15,Jolteon
4-13,21:15:11,NINTEN,Pidgey,Fisher,3,Route 12,3,1:25:09.35,1:25:09,1h25m9s,16,1,17,62,5:05,8.207,SWIFT,AGILITY,DOUBLE-EDGE,FLY,45,10751,1022,167,47,838,724,387,19,64565,Jolteon, ,Normal,Flying,246631,Pidgey2,Pidgey,,01:25:01.14,01:25:09.35,05:05:01.10,62,16,1,25,9,35,SWIFT,AGILITY,DOUBLE-EDGE,FLY,17,30,15,15,0,0,0,0,163,163,111,101,94,94,120,22804,42144,33795,33205,33205,33629,15,15,15,15,0,0,0,0,0,0,0,124,113,94,94,135,1100068,387063,597836,111844,3325,45,8,0,10751,9569,717,465,1022,214,167,47,13,0,45271,27406,2495,2487,496,128,221,0,0,0,0,0,78,0,25,0,0,2,0,0,0,0,0,0,0,3,0,0,0,0,4,1,0,0,0,0,0,0,12,0,0,0,2,443,246496,0,0,0,0,52,61,17,0,0,11,1,2,17,Jolteon
4-13,21:15:25,NINTEN,Pidgey,Fisher,4,Route 12,2,1:25:23.13,1:25:23,1h25m23s,16,1,17,63,5:05,7.006,SWIFT,AGILITY,DOUBLE-EDGE,FLY,45,10765,1022,168,47,840,726,387,19,65335,Jolteon, ,Normal,Flying,247741,Pidgey2,Pidgey,,01:25:16.12,01:25:23.13,05:05:55.35,63,16,1,25,23,13,SWIFT,AGILITY,DOUBLE-EDGE,FLY,15,30,15,15,0,0,0,0,166,166,112,103,96,96,123,22889,42251,33890,33355,33355,33762,15,15,15,15,0,0,0,0,0,0,0,126,115,96,96,138,1103333,388169,599995,111844,3325,45,8,0,10765,9583,717,465,1022,215,168,47,13,0,45779,27522,2495,2487,496,128,221,0,0,0,0,0,79,0,25,0,0,2,0,0,0,0,0,0,0,3,0,0,0,0,4,1,0,0,0,0,0,0,12,0,0,0,2,445,247606,0,0,0,0,52,61,17,0,0,11,1,2,17,Jolteon
4-13,21:15:34,NINTEN,Pidgey,Fisher,5,Route 12,1,1:25:32.68,1:25:32,1h25m32s,16,1,17,63,5:06,3.801,SWIFT,AGILITY,DOUBLE-EDGE,FLY,45,10788,1029,169,47,841,727,387,19,66175,Jolteon, ,Normal,Flying,248383,Pidgey2,Pidgey,,01:25:28.88,01:25:32.68,05:06:33.08,63,16,1,25,32,68,SWIFT,AGILITY,DOUBLE-EDGE,FLY,14,30,15,15,0,0,0,0,166,166,112,103,96,96,123,22934,42318,33950,33405,33405,33825,15,15,15,15,0,0,0,0,0,0,0,126,115,96,96,138,1105586,388706,601711,111844,3325,45,8,0,10788,9606,717,465,1029,216,169,47,13,0,45912,27587,2495,2487,496,128,221,0,0,0,0,0,79,0,25,0,0,2,0,0,0,0,0,0,0,3,0,0,0,0,4,1,0,0,0,0,0,0,12,0,0,0,2,446,248248,0,0,0,0,52,61,17,0,0,11,1,2,17,Jolteon
4-13,21:15:50,NINTEN,Pidgey,Fisher,6,Route 12,4,1:25:48.08,1:25:48,1h25m48s,16,1,17,63,5:07,10.473,SWIFT,AGILITY,DOUBLE-EDGE,FLY,45,10807,1037,170,47,845,731,387,19,67120,Jolteon, ,Normal,Flying,250037,Pidgey2,Pidgey,,01:25:37.61,01:25:48.08,05:07:33.48,63,16,1,25,48,8,SWIFT,AGILITY,DOUBLE-EDGE,FLY,10,30,15,15,0,0,0,0,166,166,112,103,96,96,123,23079,42540,34220,33610,33610,34078,15,15,15,15,0,0,0,0,0,0,0,126,115,96,96,138,1109226,389387,604670,111844,3325,45,8,0,10807,9625,717,465,1037,217,170,47,13,0,46558,27783,2495,2487,496,128,221,0,0,0,0,0,79,0,25,0,0,2,0,0,0,0,0,0,0,3,0,0,0,0,4,1,0,0,0,0,0,0,12,0,0,0,2,450,249902,0,0,0,0,52,61,17,0,0,11,1,2,17,Jolteon
4-13,21:16:19,NINTEN,Pidgey,Rocker,2,Route 12,2,1:26:17.69,1:26:17,1h26m17s,16,1,17,63,5:09,6.646,SWIFT,AGILITY,DOUBLE-EDGE,FLY,45,10852,1039,171,48,850,735,389,19,67855,Jolteon, ,Normal,Flying,252267,Pidgey2,Pidgey,,01:26:11.04,01:26:17.69,05:09:30.56,63,16,1,26,17,69,SWIFT,AGILITY,DOUBLE-EDGE,FLY,7,30,15,14,0,0,0,0,144,166,112,103,96,96,123,23339,42730,34405,33810,33810,34348,15,15,15,15,0,0,0,0,0,0,0,126,115,96,96,138,1116254,390750,608703,113476,3325,45,8,0,10852,9670,717,465,1039,219,171,48,13,0,47206,28065,2517,2509,497,128,222,0,0,0,0,0,80,0,25,0,0,2,0,0,0,0,0,0,0,3,0,0,0,0,4,1,0,0,0,0,0,0,12,0,0,0,2,453,252132,0,0,0,0,52,61,17,0,0,11,1,2,17,Jolteon
4-13,21:16:31,NINTEN,Pidgey,Jr Trainer M,9,Route 12,2,1:26:29.62,1:26:29,1h26m29s,16,1,17,63,5:10,6.671,SWIFT,AGILITY,DOUBLE-EDGE,FLY,45,10887,1041,172,48,852,737,389,19,68580,Jolteon, ,Normal,Flying,253371,Pidgey2,Pidgey,,01:26:22.95,01:26:29.62,05:10:17.59,63,16,1,26,29,62,SWIFT,AGILITY,DOUBLE-EDGE,FLY,5,30,15,14,0,0,0,0,144,166,112,103,96,96,123,23446,42859,34502,33905,33905,34463,15,15,15,15,0,0,0,0,0,0,0,126,115,96,96,138,1119077,391521,610755,113476,3325,45,8,0,10887,9705,717,465,1041,220,172,48,13,0,47523,28214,2517,2509,497,128,222,0,0,0,0,0,80,0,25,0,0,2,0,0,0,0,0,0,0,3,0,0,0,0,4,1,0,0,0,0,0,0,12,0,0,0,2,455,253236,0,0,0,0,52,61,17,0,0,11,1,2,17,Jolteon
4-13,21:16:44,NINTEN,Pidgey,Jr Trainer F,15,Route 13,3,1:26:42.58,1:26:42,1h26m42s,16,1,17,63,5:11,8.214,SWIFT,AGILITY,DOUBLE-EDGE,FLY,45,10915,1045,173,48,855,740,389,19,69160,Jolteon, ,Normal,Flying,254997,Pidgey2,Pidgey,,01:26:34.37,01:26:42.58,05:11:09.00,63,16,1,26,42,58,SWIFT,AGILITY,DOUBLE-EDGE,FLY,2,30,15,14,0,0,0,0,144,166,112,103,96,96,123,23561,43016,34672,34065,34065,34676,15,15,15,15,0,0,0,0,0,0,0,126,115,96,96,138,1122138,392166,613171,113476,3325,45,8,0,10915,9733,717,465,1045,221,173,48,13,0,47969,28404,2517,2509,497,128,222,0,0,0,0,0,80,0,25,0,0,2,0,0,0,0,0,0,0,3,0,0,0,0,4,1,0,0,0,0,0,0,12,0,0,0,2,458,254862,0,0,0,0,52,61,17,0,0,11,1,2,17,Jolteon
4-13,21:16:55,NINTEN,Pidgey,Bird Keeper,1,Route 13,2,1:26:53.47,1:26:53,1h26m53s,16,1,17,63,5:11,7.287,SWIFT,AGILITY,DOUBLE-EDGE,FLY,45,10922,1045,174,48,857,742,389,19,69720,Jolteon, ,Normal,Flying,256039,Pidgey2,Pidgey,,01:26:46.18,01:26:53.47,05:11:51.54,63,16,1,26,53,47,SWIFT,AGILITY,DOUBLE-EDGE,FLY,2,30,13,14,0,0,0,0,108,166,112,103,96,96,123,23664,43121,34767,34150,34150,34803,15,15,15,15,0,0,0,0,0,0,0,126,115,96,96,138,1124712,392511,615400,113476,3325,45,8,0,10922,9740,717,465,1045,222,174,48,13,0,48490,28550,2553,2545,499,128,222,0,0,0,0,0,80,0,25,0,0,2,0,0,0,0,0,0,0,3,0,0,0,0,4,1,0,0,0,0,0,0,12,0,0,0,2,460,255904,0,0,0,0,52,61,17,0,0,11,1,2,17,Jolteon
4-13,21:17:16,NINTEN,Pidgey,Jr Trainer F,12,Route 13,5,1:27:14.79,1:27:14,1h27m14s,16,1,17,63,5:13,18.139,SWIFT,AGILITY,DOUBLE-EDGE,FLY,45,10926,1051,175,48,865,747,394,19,70445,Jolteon, ,Normal,Flying,257603,Pidgey2,Pidgey,,01:26:56.65,01:27:14.79,05:13:16.01,63,16,1,27,14,79,SWIFT,AGILITY,DOUBLE-EDGE,FLY,0,30,13,11,0,0,0,0,96,166,112,103,96,96,123,23854,43357,34952,34325,34325,35167,15,15,15,15,0,0,0,0,0,0,0,126,115,96,96,138,1129759,392763,620195,113476,3325,45,8,0,10926,9744,717,465,1051,223,175,48,13,0,49695,28830,2565,2557,502,131,224,0,0,0,0,0,80,0,26,0,0,2,0,0,0,0,0,0,0,3,0,0,0,0,4,1,0,0,0,0,0,0,12,0,0,0,2,465,257468,0,0,0,0,52,61,17,0,0,11,1,2,17,Jolteon
4-13,21:17:34,NINTEN,Pidgey,Beauty,4,Route 13,3,1:27:32.27,1:27:32,1h27m32s,16,1,17,63,5:14,13.008,SWIFT,AGILITY,DOUBLE-EDGE,FLY,45,10943,1051,176,48,871,750,399,19,70925,Jolteon, ,Normal,Flying,258623,Pidgey2,Pidgey,,01:27:19.25,01:27:32.27,05:14:25.01,63,16,1,27,32,27,SWIFT,AGILITY,DOUBLE-EDGE,FLY,0,30,13,8,0,0,0,0,90,166,112,103,96,96,123,23952,43510,35062,34440,34440,35376,15,15,15,15,0,0,0,0,0,0,0,126,115,96,96,138,1133899,393333,623765,113476,3325,45,8,0,10943,9761,717,465,1051,224,176,48,13,0,50401,29005,2571,2563,505,133,225,0,0,0,0,0,80,0,26,0,0,2,0,0,0,0,0,0,0,3,0,0,0,0,4,1,0,0,0,0,0,0,12,0,0,0,2,468,258488,0,0,0,0,52,61,17,0,0,11,1,2,17,Jolteon
4-13,21:17:46,NINTEN,Pidgey,Beauty,5,Route 13,2,1:27:44.68,1:27:44,1h27m44s,16,1,17,64,5:15,9.31,SWIFT,AGILITY,DOUBLE-EDGE,FLY,45,10945,1051,177,48,875,752,401,19,72815,Jolteon, ,Normal,Flying,259471,Pidgey2,Pidgey,,01:27:35.37,01:27:44.68,05:15:13.57,64,16,1,27,44,68,SWIFT,AGILITY,DOUBLE-EDGE,FLY,0,30,13,6,0,0,0,0,93,169,115,105,98,98,125,24062,43600,35145,34540,34540,35501,15,15,15,15,0,0,0,0,0,0,0,129,118,98,98,140,1136835,393558,626476,113476,3325,45,8,0,10945,9763,717,465,1051,225,177,48,13,0,50819,29155,2571,2563,507,135,225,0,0,0,0,0,80,0,26,0,0,2,0,0,0,0,0,0,0,3,0,0,0,0,4,1,0,0,0,0,0,0,12,0,0,0,2,470,259336,0,0,0,0,52,61,17,0,0,11,1,2,17,Jolteon
4-13,21:17:59,NINTEN,Pidgey,Jr Trainer F,13,Route 13,2,1:27:57.64,1:27:57,1h27m57s,16,1,17,64,5:16,8.196,SWIFT,AGILITY,DOUBLE-EDGE,FLY,45,10952,1052,178,48,879,754,403,19,74845,Jolteon, ,Normal,Flying,260461,Pidgey2,Pidgey,,01:27:49.45,01:27:57.64,05:16:04.59,64,16,1,27,57,64,SWIFT,AGILITY,DOUBLE-EDGE,FLY,0,30,13,4,0,0,0,0,93,169,115,105,98,98,125,24142,43700,35225,34620,34620,35681,15,15,15,15,0,0,0,0,0,0,0,129,118,98,98,140,1139897,393866,629230,113476,3325,45,8,0,10952,9770,717,465,1052,226,178,48,13,0,51227,29291,2571,2563,509,137,225,0,0,0,0,0,80,0,26,0,0,2,0,0,0,0,0,0,0,3,0,0,0,0,4,1,0,0,0,0,0,0,12,0,0,0,2,472,260326,0,0,0,0,52,61,17,0,0,11,1,2,17,Jolteon
4-13,21:18:23,NINTEN,Pidgey,Jr Trainer F,14,Route 13,4,1:28:20.92,1:28:20,1h28m20s,16,1,17,64,5:17,20.114,SWIFT,AGILITY,DOUBLE-EDGE,FLY,45,10959,1053,179,48,888,759,411,19,75445,Jolteon, ,Normal,Flying,262148,Pidgey2,Pidgey,,01:28:00.81,01:28:20.92,05:17:36.59,64,16,1,28,20,92,SWIFT,AGILITY,DOUBLE-EDGE,FLY,0,30,12,0,0,0,0,0,69,169,115,105,98,98,125,24325,43895,35395,34780,34780,35954,15,15,15,15,0,0,0,0,0,-1,0,145,132,98,98,157,1145417,394125,634491,113476,3325,45,8,0,10959,9777,717,465,1053,227,179,48,13,0,52193,29552,2595,2587,513,144,227,0,0,0,0,0,80,0,26,0,0,2,0,0,0,0,0,0,0,3,0,0,0,0,4,1,0,0,0,0,0,0,12,0,0,0,2,476,262013,0,0,0,0,52,61,17,0,0,11,1,2,17,Jolteon
4-13,21:20:46,NINTEN,Pidgey,Swimmer,9,Route 20,2,1:30:43.92,1:30:43,1h30m43s,19,1,20,64,5:22,6.91,SWIFT,AGILITY,DOUBLE-EDGE,FLY,46,11131,1077,180,48,890,761,411,19,75985,Jolteon, ,Normal,Flying,264139,Pidgey2,Pidgey,,01:30:37.01,01:30:43.92,05:22:13.37,64,19,1,30,43,92,SWIFT,AGILITY,DOUBLE-EDGE,FLY,19,30,14,15,0,0,0,0,150,169,115,105,98,98,125,24405,44055,35675,34910,34910,36064,15,15,15,15,0,0,0,0,0,0,0,129,118,98,98,140,1162021,399880,636619,122039,3483,46,9,0,11131,9893,717,521,1077,228,180,48,13,0,52363,29692,2614,2606,514,144,227,0,0,0,0,0,80,0,26,0,0,2,0,0,0,0,0,0,0,3,0,0,0,0,4,1,0,0,0,0,0,0,12,0,0,0,2,478,264004,0,0,0,0,52,61,17,0,0,11,1,2,20,Jolteon
4-13,21:21:00,NINTEN,Pidgey,Swimmer,11,Route 20,4,1:30:58.63,1:30:58,1h30m58s,19,1,20,64,5:23,10.839,SWIFT,AGILITY,DOUBLE-EDGE,FLY,46,11147,1079,181,48,894,765,411,19,76140,Jolteon, ,Normal,Flying,266563,Pidgey2,Pidgey,,01:30:47.78,01:30:58.63,05:23:11.30,64,19,1,30,58,63,SWIFT,AGILITY,DOUBLE-EDGE,FLY,15,30,14,15,0,0,0,0,150,169,115,105,98,98,125,24550,44240,35980,35215,35215,36329,15,15,15,15,0,0,0,0,0,0,0,129,118,98,98,140,1165494,400313,639659,122039,3483,46,9,0,11147,9893,717,537,1079,229,181,48,13,0,52893,29942,2614,2606,514,144,227,0,0,0,0,0,81,0,26,0,0,2,0,0,0,0,0,0,0,3,0,0,0,0,4,1,0,0,0,0,0,0,12,0,0,0,2,482,266428,0,0,0,0,52,61,17,0,0,11,1,2,20,Jolteon
4-13,21:21:13,NINTEN,Pidgey,Beauty,15,Route 20,3,1:31:11.17,1:31:11,1h31m11s,19,1,20,64,5:24,8.311,SWIFT,AGILITY,DOUBLE-EDGE,FLY,46,11168,1079,182,48,897,768,411,19,76280,Jolteon, ,Normal,Flying,269087,Pidgey2,Pidgey,,01:31:02.86,01:31:11.17,05:24:00.52,64,19,1,31,11,17,SWIFT,AGILITY,DOUBLE-EDGE,FLY,12,30,14,15,0,0,0,0,150,169,115,105,98,98,125,24690,44410,36240,35475,35475,36559,15,15,15,15,0,0,0,0,0,0,0,129,118,98,98,140,1168456,400828,642106,122039,3483,46,9,0,11168,9893,717,558,1079,230,182,48,13,0,53182,30158,2614,2606,514,144,227,0,0,0,0,0,81,0,26,0,0,2,0,0,0,0,0,0,0,3,0,0,0,0,4,1,0,0,0,0,0,0,12,0,0,0,2,485,268952,0,0,0,0,52,61,17,0,0,11,1,2,20,Jolteon
4-13,21:21:27,NINTEN,Pidgey,Beauty,6,Route 20,1,1:31:25.15,1:31:25,1h31m25s,19,1,20,64,5:24,4.844,SWIFT,AGILITY,DOUBLE-EDGE,FLY,46,11216,1090,183,48,898,769,411,19,78380,Jolteon, ,Normal,Flying,270362,Pidgey2,Pidgey,,01:31:20.31,01:31:25.15,05:24:56.03,64,19,1,31,25,15,SWIFT,AGILITY,DOUBLE-EDGE,FLY,12,30,13,15,0,0,0,0,124,169,115,105,98,98,125,24770,44502,36305,35555,35555,36627,15,15,15,15,0,0,0,0,0,0,0,129,118,98,98,140,1171767,402102,643737,122445,3483,46,9,0,11216,9917,717,582,1090,231,183,48,13,0,53354,30264,2640,2632,515,144,227,0,0,0,0,0,81,0,26,0,0,2,0,0,0,0,0,0,0,3,0,0,0,0,4,1,0,0,0,0,0,0,12,0,0,0,2,486,270227,0,0,0,0,52,61,17,0,0,11,1,2,20,Jolteon
4-13,21:21:54,NINTEN,Pidgey,Bird Keeper,10,Route 18,4,1:31:52.50,1:31:52,1h31m52s,19,1,20,64,5:26,11.134,SWIFT,AGILITY,DOUBLE-EDGE,FLY,46,11259,1093,184,48,902,773,411,19,80830,Jolteon, ,Normal,Flying,272229,Pidgey2,Pidgey,,01:31:41.36,01:31:52.50,05:26:43.58,64,19,1,31,52,50,SWIFT,AGILITY,DOUBLE-EDGE,FLY,8,30,13,15,0,0,0,0,124,169,115,105,98,98,125,24955,44772,36460,35709,35709,36937,15,15,15,15,0,0,0,0,0,0,0,129,118,98,98,140,1178242,403475,646856,124428,3483,46,9,0,11259,9960,717,582,1093,232,184,48,13,0,54219,30517,2640,2632,515,144,227,0,0,0,0,0,81,0,26,0,0,2,0,0,0,0,0,0,0,3,0,0,0,0,4,1,0,0,0,0,0,0,12,0,0,0,2,490,272094,0,0,0,0,52,61,17,0,0,11,1,2,20,Jolteon
4-13,21:22:05,NINTEN,Pidgey,Bird Keeper,8,Route 18,2,1:32:03.26,1:32:03,1h32m3s,19,1,20,65,5:27,7.161,SWIFT,AGILITY,DOUBLE-EDGE,FLY,46,11263,1093,185,48,904,775,411,19,81480,Jolteon, ,Normal,Flying,273595,Pidgey2,Pidgey,,01:31:56.10,01:32:03.26,05:27:26.22,65,19,1,32,3,26,SWIFT,AGILITY,DOUBLE-EDGE,FLY,6,30,13,15,0,0,0,0,126,171,117,107,100,100,128,25060,44922,36555,35801,35801,37107,15,15,15,15,0,0,0,0,0,0,0,131,120,100,100,144,1180786,403836,649039,124428,3483,46,9,0,11263,9964,717,582,1093,233,185,48,13,0,54548,30664,2640,2632,515,144,227,0,0,0,0,0,81,0,26,0,0,2,0,0,0,0,0,0,0,3,0,0,0,0,4,1,0,0,0,0,0,0,12,0,0,0,2,492,273460,0,0,0,0,52,61,17,0,0,11,1,2,20,Jolteon
4-13,21:23:10,NINTEN,Pidgey,Blaine,1,Cinnabar Island - Gym,3,1:33:08.07,1:33:08,1h33m8s,19,1,20,65,5:31,23.395,REFLECT,AGILITY,DOUBLE-EDGE,FLY,47,11366,1105,186,48,913,782,418,18,80805,Jolteon, ,Normal,Flying,279945,Pidgey2,Pidgey,Blaine,01:32:44.67,01:33:08.07,05:31:42.26,65,19,1,33,8,7,REFLECT,AGILITY,DOUBLE-EDGE,FLY,19,27,14,13,0,0,0,0,109,171,117,107,100,100,128,25288,45208,36780,36061,36061,37407,15,15,15,15,0,-2,0,0,6,0,0,234,59,100,100,648,1196150,408818,655400,128449,3483,47,9,0,11366,10067,717,582,1105,234,186,48,13,0,55050,31101,2702,2694,519,147,231,0,0,0,0,0,81,0,26,0,0,2,0,0,0,0,0,0,0,3,0,0,0,0,4,1,0,0,0,0,0,0,12,0,0,0,2,495,279810,0,0,0,0,52,63,17,0,0,12,1,2,20,Jolteon
4-13,21:23:50,NINTEN,Pidgey,Blackbelt,7,Viridian City - Gym,1,1:33:47.97,1:33:47,1h33m47s,19,1,20,65,5:34,5.468,REFLECT,AGILITY,DOUBLE-EDGE,FLY,47,11458,1113,187,48,915,783,419,19,86151,Jolteon, ,Normal,Flying,281289,Pidgey2,Pidgey,,01:33:42.50,01:33:47.97,05:34:20.01,65,19,1,33,47,97,REFLECT,AGILITY,DOUBLE-EDGE,FLY,20,30,15,14,0,0,0,0,171,171,117,107,100,100,128,25368,45308,36850,36111,36111,37452,15,15,15,15,0,0,0,0,0,0,0,131,120,112,112,144,1205605,415429,657264,129429,3483,47,9,0,11458,10159,717,582,1113,235,187,48,13,0,55379,31229,2702,2694,520,147,231,0,0,0,0,0,82,0,26,0,0,2,0,0,0,0,0,0,0,3,0,0,0,0,4,1,0,0,0,0,0,0,12,0,0,0,2,496,281154,0,0,0,0,52,63,17,0,0,12,1,2,20,Jolteon
4-13,21:24:07,NINTEN,Pidgey,Cooltrainer M,1,Viridian City - Gym,2,1:34:05.49,1:34:05,1h34m5s,19,1,20,65,5:35,11.52,REFLECT,AGILITY,DOUBLE-EDGE,FLY,47,11473,1114,188,48,921,786,423,19,87226,Jolteon, ,Normal,Flying,283903,Pidgey2,Pidgey,,01:33:53.97,01:34:05.49,05:35:29.20,65,19,1,34,5,49,REFLECT,AGILITY,DOUBLE-EDGE,FLY,20,30,15,11,0,0,0,0,157,171,117,107,100,100,128,25510,45472,36984,36241,36241,37602,15,15,15,15,0,0,0,0,0,0,0,131,120,112,112,144,1209764,416353,660499,129429,3483,47,9,0,11473,10174,717,582,1114,236,188,48,13,0,55721,31449,2716,2708,523,150,232,0,0,0,0,0,82,0,26,0,0,2,0,0,0,0,0,0,0,3,0,0,0,0,4,1,0,0,0,0,0,0,12,0,0,0,2,498,283768,0,0,0,0,52,63,17,0,0,12,1,2,20,Jolteon
4-13,21:24:22,NINTEN,Pidgey,Blackbelt,6,Viridian City - Gym,2,1:34:20.46,1:34:20,1h34m20s,19,1,20,65,5:36,8.904,REFLECT,AGILITY,DOUBLE-EDGE,FLY,47,11494,1116,189,48,925,788,424,19,88591,Jolteon, ,Normal,Flying,285907,Pidgey2,Pidgey,,01:34:11.55,01:34:20.46,05:36:28.30,65,19,1,34,20,46,REFLECT,AGILITY,DOUBLE-EDGE,FLY,20,30,15,9,0,0,0,0,157,171,117,107,100,100,128,25660,45652,37104,36326,36326,37682,15,15,15,15,0,0,0,0,0,0,0,131,120,112,112,144,1213314,417295,663107,129429,3483,47,9,0,11494,10195,717,582,1116,237,189,48,13,0,56224,31681,2716,2708,525,150,232,0,0,0,0,0,82,0,26,0,0,2,0,0,0,0,0,0,0,3,0,0,0,0,4,1,0,0,0,0,0,0,12,0,0,0,2,500,285772,0,0,0,0,52,63,17,0,0,12,1,2,20,Jolteon
4-14,08:00:30,NINTEN,Pidgey,Rival1-Lab,1,Pallet Town - Oak's Lab,1,44.69,44,0h0m44s,0,0,0,6,0:02,7.701,GUST,SAND-ATTACK,,,0,77,7,1,1,3,3,2,1,3000,Jolteon, ,Normal,Flying,232,Pidgey2,Pidgey,Rival (Lab),00:00:36.99,00:00:44.69,00:02:23.22,6,0,0,0,44,69,GUST,SAND-ATTACK,,,32,15,0,0,0,0,0,0,16,22,12,11,11,11,13,55,55,50,65,65,55,15,15,15,15,0,-1,0,0,0,0,0,12,7,11,11,13,10581,5524,3050,0,2007,0,0,0,77,77,0,0,7,2,1,1,0,0,21,21,6,6,3,0,2,0,0,0,0,0,1,0,0,0,0,0,0,0,0,0,0,0,0,0,0,0,0,0,0,0,0,0,0,0,0,0,0,0,0,0,0,1,97,0,0,0,0,0,0,0,0,0,0,0,2,0,Jolteon
4-14,08:03:03,NINTEN,Pidgey,Bug Catcher,2,Viridian Forest,3,3:18.38,3:18,0h3m18s,0,0,0,10,0:12,16.649,GUST,SAND-ATTACK,,,0,581,44,2,12,30,30,16,4,75,Flareon, ,Normal,Flying,739,Pidgey2,Pidgey,,00:03:01.73,00:03:18.38,00:12:29.04,10,0,0,3,18,38,GUST,SAND-ATTACK,,,23,15,0,0,0,0,0,0,28,31,17,16,15,15,19,560,619,575,445,445,784,15,15,15,15,0,0,0,0,-1,0,0,17,16,15,15,12,46923,23541,21375,0,2007,0,0,0,581,581,0,0,44,14,2,12,0,0,305,242,24,24,30,2,10,0,0,0,0,0,3,0,0,0,0,0,0,0,0,0,0,0,0,0,0,0,0,0,0,0,0,0,0,0,0,0,0,0,0,0,0,14,604,0,0,0,0,1,13,0,0,0,0,0,2,0,Flareon
4-14,08:03:27,NINTEN,Pidgey,Bug Catcher,1,Viridian Forest,2,3:42.42,3:42,0h3m42s,0,0,0,11,0:14,10.439,GUST,SAND-ATTACK,,,0,595,44,3,14,38,38,20,4,135,Flareon, ,Normal,Flying,949,Pidgey2,Pidgey,,00:03:31.98,00:03:42.42,00:14:03.46,11,0,0,3,42,42,GUST,SAND-ATTACK,,,15,15,0,0,0,0,0,0,25,33,18,17,16,16,21,740,739,715,525,525,964,15,15,15,15,0,0,0,0,0,0,0,18,17,16,16,21,52605,24032,26566,0,2007,0,0,0,595,595,0,0,44,17,3,14,0,0,420,323,29,29,38,3,13,0,0,0,0,0,4,0,0,0,0,0,0,0,0,0,0,0,0,0,0,0,0,0,0,0,0,0,0,0,0,0,0,0,0,0,0,18,814,0,0,0,0,1,13,0,0,0,0,0,2,0,Flareon
4-14,08:03:55,NINTEN,Pidgey,Lass,19,Viridian Forest,2,4:09.83,4:09,0h4m9s,0,0,0,12,0:15,9.261,QUICK ATTACK,SAND-ATTACK,GUST,,0,631,45,4,16,46,46,24,4,205,Flareon, ,Normal,Flying,1167,Pidgey2,Pidgey,,00:04:00.57,00:04:09.83,00:15:51.53,12,0,0,4,9,83,QUICK ATTACK,SAND-ATTACK,GUST,,24,15,13,0,0,0,0,0,26,36,20,19,17,17,23,931,903,877,645,645,1145,15,15,15,15,0,-1,0,0,0,0,0,20,12,17,17,23,59092,24773,32312,0,2007,0,0,0,631,631,0,0,45,20,4,16,0,0,539,406,31,31,46,3,17,0,0,0,0,0,4,0,0,0,0,0,0,0,0,0,0,0,0,0,0,0,0,0,0,0,0,0,0,0,0,0,0,0,0,0,0,22,1032,0,0,0,0,1,13,0,0,0,1,0,2,0,Flareon
4-14,08:04:32,NINTEN,Pidgey,Rival1a-Route 22,2,Route 22,2,4:46.75,4:46,0h4m46s,0,0,0,13,0:18,11.405,QUICK ATTACK,SAND-ATTACK,GUST,,0,758,50,5,18,55,55,29,4,295,Flareon, ,Normal,Flying,1503,Pidgey2,Pidgey,Rival (Optional),00:04:35.34,00:04:46.75,00:18:17.26,13,0,0,4,46,75,QUICK ATTACK,SAND-ATTACK,GUST,,15,15,13,0,0,0,0,0,9,38,21,20,18,18,24,1111,1093,1032,796,796,1371,15,15,15,15,0,0,0,0,0,0,0,21,20,18,18,24,67825,27707,38111,0,2007,0,0,0,758,758,0,0,50,23,5,18,0,0,675,499,50,50,55,4,21,0,0,0,0,0,5,0,1,0,0,0,0,0,0,0,0,0,0,0,0,0,0,0,0,0,0,0,0,0,0,0,0,0,0,0,0,26,1368,0,0,0,0,1,13,0,0,0,1,0,2,0,Flareon
4-14,08:05:17,NINTEN,Pidgey,Bug Catcher,15,Viridian Forest,2,5:32.04,5:32,0h5m32s,0,0,0,14,0:21,9.838,QUICK ATTACK,SAND-ATTACK,GUST,,0,982,66,6,20,61,61,31,4,575,Jolteon, ,Normal,Flying,1780,Pidgey2,Pidgey,,00:05:22.20,00:05:32.04,00:21:16.10,14,0,0,5,32,4,QUICK ATTACK,SAND-ATTACK,GUST,,25,15,35,0,0,0,0,0,38,40,22,21,19,19,26,1301,1235,1214,916,916,1543,15,15,15,15,0,0,0,0,0,0,0,22,21,19,19,26,78549,33842,42700,0,2007,0,0,0,982,982,0,0,66,26,6,20,0,0,779,588,52,52,61,5,22,0,0,0,0,0,5,0,1,0,0,0,0,0,0,0,0,0,0,0,0,0,0,0,0,0,0,0,0,0,0,0,0,0,0,0,0,30,1645,0,0,0,0,2,13,0,0,0,1,0,2,0,Jolteon
4-14,08:05:58,NINTEN,Pidgey,Bug Catcher,3,Viridian Forest,1,6:12.75,6:12,0h6m12s,0,0,0,15,0:23,6.224,QUICK ATTACK,SAND-ATTACK,GUST,,0,1052,68,7,25,73,73,37,4,655,Jolteon, ,Normal,Flying,2112,Pidgey2,Pidgey,,00:06:06.52,00:06:12.75,00:23:56.35,15,0,0,6,12,75,QUICK ATTACK,SAND-ATTACK,GUST,,13,15,35,0,0,0,0,0,39,43,24,22,21,21,27,1571,1420,1449,1056,1056,1809,15,15,15,15,0,0,0,0,-1,0,0,24,22,21,21,17,88174,35363,50804,0,2007,0,0,0,1052,1052,0,0,68,32,7,25,0,0,992,721,54,54,72,8,25,0,0,0,0,0,6,0,1,0,0,0,0,0,0,0,0,0,0,0,0,0,0,0,0,0,0,0,0,0,0,0,0,0,0,0,0,36,1977,0,0,0,0,3,13,0,0,0,1,0,2,0,Jolteon
4-14,08:06:35,NINTEN,Pidgey,Jr Trainer M,1,Pewter City - Gym,2,6:50.51,6:50,0h6m50s,0,0,0,16,0:26,8.643,QUICK ATTACK,SAND-ATTACK,GUST,,0,1190,70,8,28,79,79,38,4,755,Jolteon, ,Normal,Flying,2545,Pidgey2,Pidgey,,00:06:41.87,00:06:50.51,00:26:25.06,16,0,0,6,50,51,QUICK ATTACK,SAND-ATTACK,GUST,,27,15,35,0,0,0,0,0,41,45,25,24,22,22,29,1761,1655,1669,1206,1206,2090,15,15,15,15,0,0,0,0,0,0,0,25,24,22,22,29,97085,39024,56054,0,2007,0,0,0,1190,1190,0,0,70,36,8,28,0,0,1140,828,58,58,78,8,26,0,0,0,0,0,8,0,1,0,0,0,0,0,0,0,0,0,0,0,0,0,0,0,0,0,0,0,0,0,0,0,0,0,0,0,0,41,2410,0,0,0,0,3,13,0,0,0,1,0,2,0,Jolteon
4-14,08:07:41,NINTEN,Pidgey,Brock,1,Pewter City - Gym,2,7:55.91,7:55,0h7m55s,0,0,0,16,0:30,59.091,QUICK ATTACK,SAND-ATTACK,GUST,,0,1194,70,9,28,117,117,59,4,935,Jolteon, ,Normal,Flying,3005,Pidgey2,Pidgey,Brock,00:06:56.82,00:07:55.91,00:30:44.47,16,0,0,7,55,91,QUICK ATTACK,SAND-ATTACK,GUST,,4,0,35,0,0,0,0,0,25,45,25,24,22,22,29,1836,1780,1929,1266,1266,2180,15,15,15,15,0,0,0,0,0,0,0,25,24,22,22,29,112666,39543,70705,411,2007,0,0,0,1194,1194,0,0,70,37,9,28,0,0,1205,889,78,78,115,25,28,0,0,0,0,0,9,0,1,0,0,0,0,0,0,0,0,0,0,0,0,0,0,0,0,0,0,0,0,0,0,0,0,0,0,0,0,43,2870,0,0,0,0,3,13,0,0,0,1,0,2,0,Jolteon
4-14,08:08:10,NINTEN,Pidgey,Bug Catcher,4,Route 3,3,8:25.49,8:25,0h8m25s,0,0,0,17,0:32,16.187,GUST,SAND-ATTACK,QUICK ATTACK,,0,1267,73,10,28,123,123,64,5,2123,Jolteon, ,Normal,Flying,3340,Pidgey2,Pidgey,,00:08:09.30,00:08:25.49,00:32:41.40,17,0,0,8,25,49,GUST,SAND-ATTACK,QUICK ATTACK,,29,0,4,0,0,0,0,0,24,47,27,25,23,23,31,1966,1875,2029,1326,1326,2320,15,15,15,15,0,0,0,0,-4,0,0,33,25,23,23,10,119679,41713,75548,411,2007,0,0,0,1267,1267,0,0,73,38,10,28,0,0,1349,978,81,81,121,25,33,0,0,0,0,0,9,0,1,0,0,0,0,0,0,0,0,0,0,0,0,0,0,0,0,0,0,0,0,0,0,0,0,0,0,0,0,46,3205,0,0,0,0,3,13,0,0,0,1,0,2,0,Jolteon
4-14,08:08:25,NINTEN,Pidgey,Lass,1,Route 3,2,8:39.86,8:39,0h8m39s,0,0,0,17,0:33,8.822,GUST,SAND-ATTACK,QUICK ATTACK,,0,1274,75,11,28,127,127,66,5,2223,Jolteon, ,Normal,Flying,3550,Pidgey2,Pidgey,,00:08:31.04,00:08:39.86,00:33:38.12,17,0,0,8,39,86,GUST,SAND-ATTACK,QUICK ATTACK,,25,0,4,0,0,0,0,0,34,47,27,25,23,23,31,2046,1965,2109,1396,1396,2432,15,15,15,15,0,0,0,0,0,0,0,30,25,23,23,31,123071,42046,78136,882,2007,0,0,0,1274,1274,0,0,75,39,11,28,0,0,1441,1032,91,91,125,25,35,0,0,0,0,0,9,0,1,0,0,0,0,0,0,0,0,0,0,0,0,0,0,0,0,0,0,0,0,0,0,0,0,0,0,0,0,48,3415,0,0,0,0,3,13,0,0,0,1,0,2,0,Jolteon
4-14,08:08:40,NINTEN,Pidgey,Youngster Ben,1,Route 3,2,8:55.09,8:55,0h8m55s,0,0,0,18,0:34,11.436,GUST,SAND-ATTACK,QUICK ATTACK,,0,1285,75,12,28,132,131,69,5,2358,Jolteon, ,Normal,Flying,3828,Pidgey2,Pidgey,,00:08:43.65,00:08:55.09,00:34:38.16,18,0,0,8,55,9,GUST,SAND-ATTACK,QUICK ATTACK,,21,0,4,0,0,0,0,0,26,49,28,26,24,24,32,2111,2081,2188,1461,1461,2559,15,15,15,15,0,0,0,0,0,0,0,31,26,24,24,32,126675,42474,81312,882,2007,0,0,0,1285,1285,0,0,75,40,12,28,0,0,1532,1091,101,101,129,26,37,0,0,0,0,0,10,0,1,0,0,0,0,0,0,0,0,0,0,0,0,0,0,0,0,0,0,0,0,0,0,0,0,0,0,0,0,50,3693,0,0,0,0,3,13,0,0,0,1,0,2,0,Jolteon
4-14,08:08:57,NINTEN,Pidgey,Bug Catcher,5,Route 3,4,9:12.00,9:12,0h9m12s,0,0,0,18,0:35,12.787,GUST,SAND-ATTACK,QUICK ATTACK,,0,1289,76,13,28,137,136,70,5,2523,Jolteon, ,Normal,Flying,4303,Pidgey2,Pidgey,,00:08:59.21,00:09:12.00,00:35:44.46,18,0,0,9,12,0,GUST,SAND-ATTACK,QUICK ATTACK,,16,0,4,0,0,0,0,0,26,49,28,26,24,24,32,2291,2191,2358,1551,1551,2719,15,15,15,15,0,0,0,0,0,0,0,31,26,24,24,32,130665,42644,85132,882,2007,0,0,0,1289,1289,0,0,76,41,13,28,0,0,1665,1203,101,101,134,26,37,0,0,0,0,0,11,0,1,0,0,0,0,0,0,0,0,0,0,0,0,0,0,0,0,0,0,0,0,0,0,0,0,0,0,0,0,54,4168,0,0,0,0,3,13,0,0,0,1,0,2,0,Jolteon
4-14,08:09:09,NINTEN,Pidgey,Lass,2,Route 3,2,9:23.53,9:23,0h9m23s,0,0,0,18,0:36,7.713,GUST,SAND-ATTACK,QUICK ATTACK,,0,1296,77,14,28,140,139,71,5,2613,Jolteon, ,Normal,Flying,4551,Pidgey2,Pidgey,,00:09:15.82,00:09:23.53,00:36:30.10,18,0,0,9,23,53,GUST,SAND-ATTACK,QUICK ATTACK,,13,0,4,0,0,0,0,0,20,49,28,26,24,24,32,2367,2304,2433,1616,1616,2841,15,15,15,15,0,0,0,0,0,0,0,31,26,24,24,32,133389,43006,87494,882,2007,0,0,0,1296,1296,0,0,77,42,14,28,0,0,1752,1260,107,107,137,26,38,0,0,0,0,0,12,0,1,0,0,0,0,0,0,0,0,0,0,0,0,0,0,0,0,0,0,0,0,0,0,0,0,0,0,0,0,56,4416,0,0,0,0,3,13,0,0,0,1,0,2,0,Jolteon
4-14,08:09:23,NINTEN,Pidgey,Bug Catcher,6,Route 3,2,9:38.36,9:38,0h9m38s,0,0,0,19,0:37,12.209,GUST,SAND-ATTACK,QUICK ATTACK,WHIRLWIND,0,1297,78,15,28,145,144,74,5,2763,Jolteon, ,Normal,Flying,4844,Pidgey2,Pidgey,,00:09:26.15,00:09:38.36,00:37:28.38,19,0,0,9,38,36,GUST,SAND-ATTACK,QUICK ATTACK,WHIRLWIND,8,0,4,20,0,0,0,0,23,52,30,28,25,25,34,2462,2354,2523,1661,1661,2916,15,15,15,15,0,0,0,0,-1,0,0,33,28,25,25,22,136897,43156,90852,882,2007,0,0,0,1297,1297,0,0,78,43,15,28,0,0,1865,1325,107,107,142,26,39,0,0,0,0,0,13,0,1,0,0,0,0,0,0,0,0,0,0,0,0,0,0,0,0,0,0,0,0,0,0,0,0,0,0,0,0,58,4709,0,0,0,0,3,13,0,0,0,2,0,2,0,Jolteon
4-14,08:09:40,NINTEN,Pidgey,Lass,3,Route 3,1,9:54.92,9:54,0h9m54s,0,0,0,19,0:38,11.365,GUST,SAND-ATTACK,WHIRLWIND,QUICK ATTACK,0,1309,78,16,28,151,147,79,5,2873,Jolteon, ,Normal,Flying,5072,Pidgey2,Pidgey,,00:09:43.56,00:09:54.92,00:38:34.04,19,0,0,9,54,92,GUST,SAND-ATTACK,WHIRLWIND,QUICK ATTACK,8,0,20,1,0,0,0,0,15,52,30,28,25,25,34,2577,2399,2543,1686,1686,2936,15,15,15,15,0,0,0,0,0,0,0,33,28,25,25,34,140823,43579,94355,882,2007,0,0,0,1309,1309,0,0,78,44,16,28,0,0,1949,1383,115,115,145,28,42,0,0,0,0,0,13,0,1,0,0,0,0,0,0,0,0,0,0,0,0,0,0,0,0,0,0,0,0,0,0,0,2,0,0,0,0,59,4937,0,0,0,0,3,13,0,0,0,2,0,2,0,Jolteon
4-14,08:10:01,NINTEN,Pidgey,Bug Catcher,7,Mt Moon - 1,2,10:16.50,10:16,0h10m16s,0,0,0,19,0:39,8.162,GUST,SAND-ATTACK,WHIRLWIND,QUICK ATTACK,0,1405,80,17,28,154,150,80,5,3083,Jolteon, ,Normal,Flying,5359,Pidgey2,Pidgey,,00:10:08.34,00:10:16.50,00:39:59.05,19,0,0,10,16,50,GUST,SAND-ATTACK,WHIRLWIND,QUICK ATTACK,32,15,20,30,0,0,0,0,52,52,30,28,25,25,34,2662,2459,2623,1731,1731,3021,15,15,15,15,0,0,0,0,0,0,0,33,28,25,25,34,145924,46364,96671,882,2007,0,0,0,1405,1405,0,0,80,45,17,28,0,0,2053,1446,115,115,148,28,42,0,0,0,0,0,15,0,1,0,0,0,0,0,0,0,0,0,0,0,0,0,0,0,0,0,0,0,0,0,0,0,2,0,0,0,0,61,5224,0,0,0,0,3,13,0,0,0,2,0,2,0,Jolteon
4-14,08:10:20,NINTEN,Pidgey,Lass,6,Mt Moon - 1,1,10:35.28,10:35,0h10m35s,0,0,0,20,0:41,15.666,GUST,SAND-ATTACK,WHIRLWIND,QUICK ATTACK,0,1414,80,18,28,165,154,90,5,3193,Jolteon, ,Normal,Flying,5563,Pidgey2,Pidgey,,00:10:19.61,00:10:35.28,00:41:13.32,20,0,0,10,35,28,GUST,SAND-ATTACK,WHIRLWIND,QUICK ATTACK,28,15,20,30,0,0,0,0,38,54,31,29,27,27,36,2732,2504,2671,1791,1791,3056,15,15,15,15,-4,0,0,0,0,0,0,11,29,27,27,36,150391,46698,100804,882,2007,0,0,0,1414,1414,0,0,80,46,18,28,0,0,2103,1491,131,131,152,31,49,0,0,0,0,0,15,0,1,0,0,0,0,0,0,0,0,0,0,0,0,0,0,0,0,0,0,0,0,0,0,0,8,0,0,0,0,62,5428,0,0,0,0,3,13,0,0,0,2,0,2,0,Jolteon
4-14,08:10:49,NINTEN,Pidgey,Rocket,2,Mt Moon - 3,3,11:04.31,11:04,0h11m4s,0,0,0,20,0:43,15.373,GUST,SAND-ATTACK,WHIRLWIND,QUICK ATTACK,0,1486,83,19,28,172,161,94,5,3403,Jolteon, ,Normal,Flying,6041,Pidgey2,Pidgey,,00:10:48.94,00:11:04.31,00:43:08.06,20,0,0,11,4,31,GUST,SAND-ATTACK,WHIRLWIND,QUICK ATTACK,28,15,20,23,0,0,0,0,25,55,31,29,27,27,36,5412,2680,2826,1886,1886,3223,15,15,15,15,0,0,0,0,0,0,0,34,29,27,27,36,157265,48595,105131,1532,2007,0,0,0,1486,1486,0,0,83,47,19,28,0,0,2261,1584,144,144,159,31,53,0,0,0,0,0,15,0,1,0,0,1,0,0,0,0,0,0,0,0,0,0,0,0,1,0,0,0,0,0,0,0,8,0,0,0,0,65,5906,0,0,0,0,4,13,0,0,0,2,0,2,0,Jolteon
4-14,08:11:05,NINTEN,Pidgey,Super Nerd,1,Mt Moon - 1,2,11:20.10,11:20,0h11m20s,0,0,0,21,0:44,9.228,GUST,SAND-ATTACK,WHIRLWIND,QUICK ATTACK,0,1534,88,20,28,175,164,95,5,3733,Jolteon, ,Normal,Flying,6490,Pidgey2,Pidgey,,00:11:10.88,00:11:20.10,00:44:10.15,21,0,0,11,20,10,GUST,SAND-ATTACK,WHIRLWIND,QUICK ATTACK,28,15,20,20,0,0,0,0,25,57,32,30,28,28,37,5477,2745,2946,2036,2036,3368,15,15,15,15,0,0,0,0,0,0,0,36,30,28,28,37,160994,49743,107712,1532,2007,0,0,0,1534,1534,0,0,88,48,20,28,0,0,2340,1643,146,146,162,31,54,0,0,0,0,0,16,0,1,0,0,1,0,0,0,0,0,0,0,0,0,0,0,0,1,0,0,0,0,0,0,0,8,0,0,0,0,67,6355,0,0,0,0,4,13,0,0,0,2,0,2,0,Jolteon
4-14,08:11:24,NINTEN,Pidgey,Bug Catcher,8,Mt Moon - 1,3,11:38.96,11:38,0h11m38s,0,0,0,21,0:45,8.758,GUST,SAND-ATTACK,WHIRLWIND,QUICK ATTACK,0,1564,90,21,28,178,167,95,6,4008,Jolteon, ,Normal,Flying,6867,Pidgey2,Pidgey,,00:11:30.20,00:11:38.96,00:45:24.29,21,0,0,11,38,96,GUST,SAND-ATTACK,WHIRLWIND,QUICK ATTACK,25,15,20,20,0,0,0,0,45,57,32,30,28,28,37,5617,2825,3071,2101,2101,3488,15,15,15,15,0,0,0,0,0,0,0,36,30,28,28,37,165448,50913,110495,2033,2007,0,0,0,1564,1564,0,0,90,49,21,28,0,0,2442,1734,146,146,165,31,54,0,0,0,0,0,17,0,1,0,0,1,0,0,0,0,0,0,0,0,0,0,0,0,1,0,0,0,0,0,0,0,8,0,0,0,0,70,6732,0,0,0,0,6,13,0,0,0,2,0,2,0,Jolteon
4-14,08:11:41,NINTEN,Pidgey,Lass,5,Mt Moon - 1,2,11:56.27,11:56,0h11m56s,0,0,0,21,0:46,9.729,GUST,SAND-ATTACK,WHIRLWIND,QUICK ATTACK,0,1585,90,22,29,182,171,97,6,4108,Jolteon, ,Normal,Flying,7248,Pidgey2,Pidgey,,00:11:46.54,00:11:56.27,00:46:32.42,21,0,0,11,56,27,GUST,SAND-ATTACK,WHIRLWIND,QUICK ATTACK,21,15,20,20,0,0,0,0,44,57,32,30,28,28,37,5712,2950,3161,2246,2246,3558,15,15,15,15,0,0,0,0,0,0,0,36,30,28,28,37,169541,51588,113913,2033,2007,0,0,0,1585,1585,0,0,90,51,22,29,1,0,2564,1800,147,147,169,31,55,0,0,0,0,0,18,0,1,0,0,1,0,0,0,0,0,0,0,0,0,0,0,0,1,0,0,0,0,0,0,0,8,0,0,0,0,72,7113,0,0,0,0,6,13,0,0,0,2,0,2,0,Jolteon
4-14,08:12:00,NINTEN,Pidgey,Rocket,3,Mt Moon - 3,2,12:14.70,12:14,0h12m14s,0,0,0,21,0:47,10.765,GUST,SAND-ATTACK,WHIRLWIND,QUICK ATTACK,0,1616,91,23,29,187,175,99,6,4273,Jolteon, ,Normal,Flying,7545,Pidgey2,Pidgey,,00:12:03.93,00:12:14.70,00:47:45.23,21,0,0,12,14,70,GUST,SAND-ATTACK,WHIRLWIND,QUICK ATTACK,17,15,20,20,0,0,0,0,39,57,32,30,28,28,37,5787,3055,3240,2326,2326,3668,15,15,15,15,0,0,0,0,0,0,0,36,30,28,28,37,173902,53003,116859,2033,2007,0,0,0,1616,1616,0,0,91,52,23,29,1,0,2670,1866,152,152,173,31,57,0,0,0,0,0,18,0,1,0,0,1,0,0,0,0,0,0,0,0,0,0,0,0,1,0,0,0,0,0,0,0,8,0,0,0,0,74,7410,0,0,0,0,6,13,0,0,0,2,0,2,0,Jolteon
4-14,08:12:16,NINTEN,Pidgey,Youngster,3,Mt Moon - 1,3,12:31.51,12:31,0h12m31s,0,0,0,22,0:48,9.187,GUST,SAND-ATTACK,WHIRLWIND,QUICK ATTACK,0,1655,94,24,29,190,178,99,8,4633,Jolteon, ,Normal,Flying,7902,Pidgey2,Pidgey,,00:12:22.32,00:12:31.51,00:48:51.34,22,0,0,12,31,51,GUST,SAND-ATTACK,WHIRLWIND,QUICK ATTACK,14,15,20,20,0,0,0,0,42,60,34,32,29,29,39,5887,3212,3345,2416,2416,3867,15,15,15,15,0,0,0,0,0,0,0,38,32,29,29,39,177873,54399,119434,2033,2007,0,0,0,1655,1655,0,0,94,53,24,29,1,0,2794,1949,152,152,176,31,57,0,0,0,0,0,19,0,1,0,0,1,0,0,0,0,0,0,0,0,0,0,0,0,1,0,0,0,0,0,0,0,8,0,0,0,0,77,7767,0,0,0,0,8,13,0,0,0,2,0,2,0,Jolteon
4-14,08:12:37,NINTEN,Pidgey,Rocket,1,Mt Moon - 3,2,12:52.44,12:52,0h12m52s,0,0,0,22,0:50,10.77,GUST,SAND-ATTACK,WHIRLWIND,QUICK ATTACK,0,1715,98,25,29,195,182,102,8,4783,Jolteon, ,Normal,Flying,8209,Pidgey2,Pidgey,,00:12:41.67,00:12:52.44,00:50:14.08,22,0,0,12,52,44,GUST,SAND-ATTACK,WHIRLWIND,QUICK ATTACK,10,15,20,20,0,0,0,0,24,60,34,32,29,29,39,5957,3313,3415,2481,2481,3994,15,15,15,15,0,-1,0,0,0,0,0,42,21,29,29,39,182827,56093,122694,2033,2007,0,0,0,1715,1715,0,0,98,54,25,29,1,0,2913,2016,170,170,180,32,59,0,0,0,0,0,19,0,1,0,0,2,0,0,0,0,0,0,0,0,0,0,0,0,2,1,0,0,0,0,0,0,8,0,0,0,0,79,8074,0,0,0,0,8,13,0,0,0,2,0,2,0,Jolteon
4-14,08:13:04,NINTEN,Pidgey,Fossil Nerd,2,Mt Moon - 3,3,13:19.33,13:19,0h13m19s,0,0,0,23,0:52,16.368,QUICK ATTACK,SAND-ATTACK,WHIRLWIND,GUST,0,1791,98,26,29,202,189,106,8,5173,Jolteon, ,Normal,Flying,8996,Pidgey2,Pidgey,,00:13:02.96,00:13:19.33,00:52:00.08,23,0,0,13,19,33,QUICK ATTACK,SAND-ATTACK,WHIRLWIND,GUST,13,15,20,10,0,0,0,0,53,62,36,33,30,30,41,6117,3488,3610,2636,2636,4154,15,15,15,15,0,0,0,0,0,0,0,40,33,30,30,41,189187,57613,126968,2599,2007,0,0,0,1791,1791,0,0,98,55,26,29,1,0,3074,2125,179,179,187,33,62,0,0,0,0,0,20,0,1,0,0,2,0,0,0,0,0,0,0,0,0,0,0,0,2,1,0,0,0,0,0,0,8,0,0,0,0,82,8861,0,0,0,0,8,13,0,0,0,2,0,2,0,Jolteon
4-14,08:13:30,NINTEN,Pidgey,Rocket,42,Mt Moon - 3,3,13:45.00,13:45,0h13m45s,0,0,0,23,0:53,16.621,QUICK ATTACK,SAND-ATTACK,WHIRLWIND,GUST,0,1807,99,27,29,210,197,111,9,5473,Jolteon, ,Normal,Flying,9731,Pidgey2,Pidgey,,00:13:28.38,00:13:45.00,00:53:41.36,23,0,0,13,45,0,QUICK ATTACK,SAND-ATTACK,WHIRLWIND,GUST,5,15,20,10,0,0,0,0,36,62,36,33,30,30,41,6232,3658,3784,2776,2776,4334,15,15,15,15,-1,0,0,0,0,0,0,25,33,30,30,41,195275,59045,131624,2599,2007,0,0,0,1807,1807,0,0,99,56,27,29,1,0,3216,2235,196,196,195,33,67,0,0,0,0,0,20,0,1,0,0,2,0,0,0,0,0,0,0,0,0,0,0,0,2,1,0,0,0,0,0,0,8,0,0,0,0,85,9596,0,0,0,0,8,13,0,0,0,2,0,2,0,Jolteon
4-14,08:14:27,NINTEN,Pidgey,Rival2-Nugget Bridge,3,Cerulean City,4,14:42.46,14:42,0h14m42s,0,0,0,24,0:57,30.119,QUICK ATTACK,SAND-ATTACK,WHIRLWIND,GUST,1,1985,103,28,29,227,214,124,9,5893,Jolteon, ,Normal,Flying,10769,Pidgey2,Pidgey,Rival (Nugget Bridge),00:14:12.34,00:14:42.46,00:57:28.38,24,0,0,14,42,46,QUICK ATTACK,SAND-ATTACK,WHIRLWIND,GUST,13,15,20,35,0,0,0,0,23,65,37,35,32,32,42,6407,3904,3984,2927,2927,4571,15,15,15,15,-2,-2,0,0,0,-3,0,22,17,32,32,42,208897,64475,139265,3150,2007,1,0,0,1985,1985,0,0,103,57,28,29,1,0,3412,2406,238,238,208,39,78,0,0,0,0,0,20,0,1,0,0,2,0,0,0,0,0,0,0,0,0,0,0,0,2,1,0,0,0,0,0,0,8,0,0,0,0,89,10634,0,0,0,0,9,13,0,0,0,2,0,2,0,Jolteon
4-14,08:14:48,NINTEN,Pidgey,Bug Catcher,9,Route 24,2,15:02.77,15:02,0h15m2s,0,0,0,24,0:58,8.085,QUICK ATTACK,SAND-ATTACK,WHIRLWIND,GUST,1,1996,103,29,29,230,217,125,9,6488,Jolteon, ,Normal,Flying,11084,Pidgey2,Pidgey,,00:14:54.69,00:15:02.77,00:58:48.28,24,0,0,15,2,77,QUICK ATTACK,SAND-ATTACK,WHIRLWIND,GUST,13,15,20,32,0,0,0,0,63,65,37,35,32,32,42,6492,3969,4049,2967,2967,4666,15,15,15,15,0,0,0,0,-1,0,0,46,35,32,32,27,213687,65877,141998,3805,2007,1,0,0,1996,1996,0,0,103,58,29,29,1,0,3514,2481,238,238,211,39,79,0,0,0,0,0,20,0,1,0,0,2,0,0,0,0,0,0,0,0,0,0,0,0,2,1,0,0,0,0,0,0,8,0,0,0,0,91,10949,0,0,0,0,9,13,0,0,0,2,0,2,0,Jolteon
4-14,08:14:57,NINTEN,Pidgey,Lass,8,Route 24,2,15:11.67,15:11,0h15m11s,0,0,0,24,0:59,6.256,QUICK ATTACK,SAND-ATTACK,WHIRLWIND,GUST,1,1998,105,30,29,232,219,125,9,6628,Jolteon, ,Normal,Flying,11426,Pidgey2,Pidgey,,00:15:05.41,00:15:11.67,00:59:23.25,24,0,0,15,11,67,QUICK ATTACK,SAND-ATTACK,WHIRLWIND,GUST,11,15,20,32,0,0,0,0,63,65,37,35,32,32,42,6587,4061,4141,3042,3042,4763,15,15,15,15,0,0,0,0,0,0,0,41,35,32,32,42,215784,66003,143969,3805,2007,1,0,0,1998,1998,0,0,105,59,30,29,1,0,3603,2559,238,238,213,39,79,0,0,0,0,0,22,0,1,0,0,2,0,0,0,0,0,0,0,0,0,0,0,0,2,1,0,0,0,0,0,0,8,0,0,0,0,93,11291,0,0,0,0,9,13,0,0,0,2,0,2,0,Jolteon
4-14,08:15:11,NINTEN,Pidgey,Youngster,4,Route 24,3,15:25.78,15:25,0h15m25s,0,0,0,25,1:00,11.306,QUICK ATTACK,SAND-ATTACK,WHIRLWIND,GUST,1,2002,106,31,29,236,223,126,9,6838,Jolteon, ,Normal,Flying,11945,Pidgey2,Pidgey,,00:15:14.48,00:15:25.78,01:00:19.02,25,0,0,15,25,78,QUICK ATTACK,SAND-ATTACK,WHIRLWIND,GUST,8,15,20,31,0,0,0,0,62,67,39,36,33,33,44,6692,4222,4255,3147,3147,4945,15,15,15,15,0,0,0,0,0,0,0,43,36,33,33,44,219121,66187,147122,3805,2007,1,0,0,2002,2002,0,0,106,60,31,29,1,0,3745,2666,241,241,217,39,80,0,0,0,0,0,23,0,1,0,0,2,0,0,0,0,0,0,0,0,0,0,0,0,2,1,0,0,0,0,0,0,8,0,0,0,0,96,11810,0,0,0,0,9,13,0,0,0,2,0,2,0,Jolteon
4-14,08:15:27,NINTEN,Pidgey,Lass,7,Route 24,2,15:42.06,15:42,0h15m42s,0,0,0,25,1:01,12.132,QUICK ATTACK,SAND-ATTACK,WHIRLWIND,GUST,1,2006,113,32,29,241,228,129,9,7048,Jolteon, ,Normal,Flying,12333,Pidgey2,Pidgey,,00:15:29.93,00:15:42.06,01:01:23.12,25,0,0,15,42,6,QUICK ATTACK,SAND-ATTACK,WHIRLWIND,GUST,8,15,20,26,0,0,0,0,50,67,39,36,33,33,44,6787,4314,4347,3222,3222,5042,15,15,15,15,-1,0,0,0,0,0,0,28,36,33,33,44,222971,66363,150796,3805,2007,1,0,0,2006,2006,0,0,113,61,32,29,1,0,3889,2753,253,253,222,39,83,0,0,0,0,0,24,0,1,0,0,2,0,0,0,0,0,0,0,0,0,0,0,0,2,1,0,0,0,0,0,0,8,0,0,0,0,98,12198,0,0,0,0,9,13,0,0,0,2,0,2,0,Jolteon
4-14,08:15:36,NINTEN,Pidgey,Jr Trainer M,3,Route 24,1,15:51.11,15:51,0h15m51s,0,0,0,25,1:01,6.283,QUICK ATTACK,SAND-ATTACK,WHIRLWIND,GUST,1,2010,115,33,29,243,230,130,9,7288,Jolteon, ,Normal,Flying,12618,Pidgey2,Pidgey,,00:15:44.82,00:15:51.11,01:01:58.48,25,0,0,15,51,11,QUICK ATTACK,SAND-ATTACK,WHIRLWIND,GUST,7,15,20,25,0,0,0,0,32,67,39,36,33,33,44,6827,4394,4382,3257,3257,5112,15,15,15,15,0,0,0,0,0,0,0,43,36,33,33,44,225107,66547,152748,3805,2007,1,0,0,2010,2010,0,0,115,62,33,29,1,0,3947,2798,271,271,224,39,84,0,0,0,0,0,24,0,2,0,0,2,0,0,0,0,0,0,0,0,0,0,0,0,2,1,0,0,0,0,0,0,8,0,0,0,0,99,12483,0,0,0,0,9,13,0,0,0,2,0,2,0,Jolteon
4-14,08:15:54,NINTEN,Pidgey,Rocket,6,Route 24,2,16:09.00,16:09,0h16m9s,0,0,0,25,1:03,9.843,QUICK ATTACK,SAND-ATTACK,WHIRLWIND,GUST,1,2016,116,34,29,247,234,132,10,7648,Jolteon, ,Normal,Flying,12988,Pidgey2,Pidgey,,00:15:59.16,00:16:09.00,01:03:09.24,25,0,0,16,9,0,QUICK ATTACK,SAND-ATTACK,WHIRLWIND,GUST,7,15,20,21,0,0,0,0,42,67,39,36,33,33,44,6902,4499,4461,3337,3337,5222,15,15,15,15,0,0,0,0,0,0,0,43,36,33,33,44,229343,67560,155571,4205,2007,1,0,0,2016,2016,0,0,116,63,34,29,1,0,4071,2874,281,281,228,39,86,0,0,0,0,0,24,0,2,0,0,2,0,0,0,0,0,0,0,0,0,0,0,0,2,1,0,0,0,0,0,0,8,0,0,0,0,101,12853,0,0,0,0,9,13,0,0,0,2,0,2,0,Jolteon
4-14,08:16:25,NINTEN,Pidgey,Hiker,2,Route 25,2,16:40.10,16:40,0h16m40s,0,0,0,26,1:05,19.184,QUICK ATTACK,SAND-ATTACK,WHIRLWIND,GUST,1,2058,121,35,29,255,242,138,10,8098,Jolteon, ,Normal,Flying,13546,Pidgey2,Pidgey,,00:16:20.92,00:16:40.10,01:05:12.26,26,0,0,16,40,10,QUICK ATTACK,SAND-ATTACK,WHIRLWIND,GUST,7,14,20,14,0,0,0,0,53,70,40,38,34,34,46,7012,4659,4611,3402,3402,5277,15,15,15,15,0,0,0,0,0,0,0,45,38,34,34,46,236725,69298,160624,4796,2007,1,0,0,2058,2058,0,0,121,64,35,29,1,0,4170,2961,293,293,236,40,88,0,0,0,0,0,26,0,2,0,0,2,0,0,0,0,0,0,0,0,0,0,0,0,2,1,0,0,0,0,0,0,8,0,0,0,0,103,13411,0,0,0,0,9,13,0,0,0,2,0,2,0,Jolteon
4-14,08:16:41,NINTEN,Pidgey,Youngster,5,Route 25,2,16:55.76,16:55,0h16m55s,0,0,0,26,1:06,9.309,QUICK ATTACK,SAND-ATTACK,WHIRLWIND,GUST,1,2067,122,36,29,259,246,140,11,8623,Jolteon, ,Normal,Flying,13915,Pidgey2,Pidgey,,00:16:46.45,00:16:55.76,01:06:14.13,26,0,0,16,55,76,QUICK ATTACK,SAND-ATTACK,WHIRLWIND,GUST,7,14,20,10,0,0,0,0,45,70,40,38,34,34,46,7082,4775,4676,3458,3458,5419,15,15,15,15,0,0,0,0,0,0,0,45,38,34,34,46,240432,70006,163623,4796,2007,1,0,0,2067,2067,0,0,122,65,36,29,1,0,4314,3036,301,301,240,41,89,0,0,0,0,0,26,0,2,0,0,2,0,0,0,0,0,0,0,0,0,0,0,0,2,1,0,0,0,0,0,0,8,0,0,0,0,105,13780,0,0,0,0,10,13,0,0,0,2,0,2,0,Jolteon
4-14,08:16:51,NINTEN,Pidgey,Youngster,6,Route 25,1,17:06.44,17:06,0h17m6s,0,0,0,26,1:06,7.425,QUICK ATTACK,SAND-ATTACK,WHIRLWIND,GUST,1,2071,122,37,29,262,249,142,11,8848,Jolteon, ,Normal,Flying,14275,Pidgey2,Pidgey,,00:16:59.01,00:17:06.44,01:06:56.19,26,0,0,17,6,44,QUICK ATTACK,SAND-ATTACK,WHIRLWIND,GUST,4,14,20,10,0,0,0,0,30,70,40,38,34,34,46,7172,4840,4741,3498,3498,5434,15,15,15,15,0,0,0,0,0,0,0,45,38,34,34,46,242958,70294,165861,4796,2007,1,0,0,2071,2071,0,0,122,66,37,29,1,0,4379,3096,316,316,243,41,91,0,0,0,0,0,26,0,2,0,0,2,0,0,0,0,0,0,0,0,0,0,0,0,2,1,0,0,0,0,0,0,8,0,0,0,0,106,14140,0,0,0,0,10,13,0,0,0,2,0,2,0,Jolteon
4-14,08:17:08,NINTEN,Pidgey,Lass,9,Route 25,2,17:23.22,17:23,0h17m23s,0,0,0,26,1:08,10.578,QUICK ATTACK,SAND-ATTACK,WHIRLWIND,GUST,1,2077,122,38,29,266,253,144,11,9103,Jolteon, ,Normal,Flying,14656,Pidgey2,Pidgey,,00:17:12.63,00:17:23.22,01:08:02.09,26,0,0,17,23,22,QUICK ATTACK,SAND-ATTACK,WHIRLWIND,GUST,4,14,20,6,0,0,0,0,60,70,40,38,34,34,46,7273,4944,4833,3578,3578,5525,15,15,15,15,0,0,0,0,0,0,0,45,38,34,34,46,246908,70669,168842,5390,2007,1,0,0,2077,2077,0,0,122,67,38,29,1,0,4501,3180,326,326,247,41,93,0,0,0,0,0,26,0,2,0,0,2,0,0,0,0,0,0,0,0,0,0,0,0,2,1,0,0,0,0,0,0,8,0,0,0,0,108,14521,0,0,0,0,10,13,0,0,0,2,0,2,0,Jolteon
4-14,08:17:21,NINTEN,Pidgey,Jr Trainer M,2,Route 25,2,17:36.00,17:36,0h17m36s,0,0,0,26,1:08,9.298,QUICK ATTACK,SAND-ATTACK,WHIRLWIND,GUST,1,2086,126,39,29,270,256,145,11,9328,Jolteon, ,Normal,Flying,15013,Pidgey2,Pidgey,,00:17:26.71,00:17:36.00,01:08:52.37,26,0,0,17,36,0,QUICK ATTACK,SAND-ATTACK,WHIRLWIND,GUST,3,14,20,4,0,0,0,0,56,70,40,38,34,34,46,7338,5060,4912,3643,3643,5652,15,15,15,15,0,0,0,0,0,0,0,45,38,34,34,46,249936,71022,171517,5390,2007,1,0,0,2086,2086,0,0,126,68,39,29,1,0,4600,3250,330,330,250,41,94,0,0,0,0,0,26,0,2,0,0,2,0,0,0,0,0,0,0,0,0,0,0,0,2,1,0,0,0,0,0,0,8,0,0,0,0,110,14878,0,0,0,0,10,13,0,0,0,2,0,2,0,Jolteon
4-14,08:17:37,NINTEN,Pidgey,Oddish Lass,10,Route 25,3,17:51.72,17:51,0h17m51s,0,0,0,27,1:09,11.569,QUICK ATTACK,SAND-ATTACK,WHIRLWIND,GUST,1,2101,126,40,29,274,260,146,11,9608,Jolteon, ,Normal,Flying,15598,Pidgey2,Pidgey,Oddish Lass,00:17:40.15,00:17:51.72,01:09:54.38,27,0,0,17,51,72,QUICK ATTACK,SAND-ATTACK,WHIRLWIND,GUST,3,14,20,0,0,0,0,0,56,72,42,39,36,36,48,7468,5205,5062,3828,3828,5768,15,15,15,15,0,0,0,0,0,0,0,47,39,36,36,48,253657,71515,174745,5390,2007,1,0,0,2101,2101,0,0,126,69,40,29,1,0,4776,3358,332,332,254,41,95,0,0,0,0,0,28,0,2,0,0,2,0,0,0,0,0,0,0,0,0,0,0,0,2,1,0,0,0,0,0,0,8,0,0,0,0,113,15463,0,0,0,0,10,13,0,0,0,2,0,2,0,Jolteon
4-14,08:18:31,NINTEN,Pidgey,Cerulean Rocket,5,Cerulean City,2,18:46.39,18:46,0h18m46s,0,0,0,27,1:13,23.993,QUICK ATTACK,SAND-ATTACK,WHIRLWIND,GUST,1,2242,132,41,29,285,271,155,12,9803,Jolteon, ,Normal,Flying,16287,Pidgey2,Pidgey,Rocket,00:18:22.40,00:18:46.39,01:13:30.59,27,0,0,18,46,39,QUICK ATTACK,SAND-ATTACK,WHIRLWIND,GUST,8,8,20,0,0,0,0,0,23,72,42,39,36,36,48,7598,5333,5157,3953,3953,5845,15,15,15,15,0,0,0,0,0,0,0,47,39,36,36,48,266638,77104,181250,6277,2007,1,0,0,2242,2242,0,0,132,70,41,29,1,0,4910,3461,365,365,264,45,99,0,0,0,0,0,29,0,2,0,0,2,0,0,0,0,0,0,0,0,0,0,0,0,2,1,0,0,0,0,0,0,8,0,0,0,0,115,16152,0,0,0,0,11,13,0,0,0,2,0,2,0,Jolteon
4-14,08:18:57,NINTEN,Pidgey,Swimmer,1,Cerulean City - Gym,2,19:12.06,19:12,0h19m12s,0,0,0,27,1:15,11.111,QUICK ATTACK,SAND-ATTACK,WHIRLWIND,GUST,1,2307,139,42,29,290,276,158,13,10313,Jolteon, ,Normal,Flying,16901,Pidgey2,Pidgey,,00:19:00.94,00:19:12.06,01:15:12.18,27,0,0,19,12,6,QUICK ATTACK,SAND-ATTACK,WHIRLWIND,GUST,25,15,20,35,0,0,0,0,60,72,42,39,36,36,48,7658,5438,5327,4068,4068,5945,15,15,15,15,0,0,0,0,-1,0,0,52,39,36,36,31,272717,80026,184407,6277,2007,1,0,0,2307,2307,0,0,139,71,42,29,1,0,5009,3537,377,377,269,45,101,0,0,0,0,0,29,0,3,0,0,2,0,0,0,0,0,0,0,0,0,0,0,0,2,1,0,0,0,0,0,0,8,0,0,0,0,117,16766,0,0,0,0,11,13,0,0,0,2,0,2,0,Jolteon
4-14,08:19:11,NINTEN,Pidgey,Pecking Lass,1,Cerulean City - Gym,1,19:26.31,19:26,0h19m26s,0,0,0,28,1:16,10.397,QUICK ATTACK,SAND-ATTACK,WING ATTACK,GUST,1,2315,140,43,29,292,278,159,13,10393,Jolteon, ,Normal,Flying,17352,Pidgey2,Pidgey,,00:19:15.91,00:19:26.31,01:16:08.44,28,0,0,19,26,31,QUICK ATTACK,SAND-ATTACK,WING ATTACK,GUST,23,15,35,35,0,0,0,0,56,74,43,40,37,37,50,7703,5505,5387,4118,4118,6008,15,15,15,15,0,0,0,0,0,0,0,48,40,37,37,50,276103,80461,187358,6277,2007,1,0,0,2315,2315,0,0,140,72,43,29,1,0,5064,3586,383,383,271,45,102,0,0,0,0,0,30,0,3,0,0,2,0,0,0,0,0,0,0,0,0,0,0,0,2,1,0,0,0,0,0,0,8,0,0,0,0,118,17217,0,0,0,0,11,13,0,0,0,2,0,2,0,Jolteon
4-14,08:19:38,NINTEN,Pidgey,Misty,1,Cerulean City - Gym,2,19:52.57,19:52,0h19m52s,0,0,0,28,1:17,16.104,QUICK ATTACK,SAND-ATTACK,WING ATTACK,GUST,2,2316,141,44,29,300,286,164,13,10773,Jolteon, ,Normal,Flying,18691,Pidgey2,Pidgey,Misty,00:19:36.47,00:19:52.57,01:17:52.28,28,0,0,19,52,57,QUICK ATTACK,SAND-ATTACK,WING ATTACK,GUST,16,14,35,35,0,0,0,0,23,74,43,40,37,37,50,7793,5625,5527,4288,4288,6208,15,15,15,15,0,0,0,0,0,0,0,48,40,37,37,50,282327,81017,191982,7321,2007,2,0,0,2316,2316,0,0,141,73,44,29,1,0,5179,3686,434,434,279,47,105,0,0,0,0,0,31,0,3,0,0,2,0,0,0,0,0,0,0,0,0,0,0,0,2,1,0,0,0,0,0,0,8,0,0,0,0,120,18556,0,0,0,0,11,13,0,0,0,3,0,2,0,Jolteon
4-14,08:20:20,NINTEN,Pidgey,Bug Catcher,10,Route 6,3,20:35.36,20:35,0h20m35s,0,0,0,28,1:20,10.461,QUICK ATTACK,WING ATTACK,SAND-ATTACK,GUST,2,2554,163,45,29,303,289,164,15,12852,Jolteon, ,Normal,Flying,19226,Pidgey2,Pidgey,,00:20:24.90,00:20:35.36,01:20:41.14,28,0,0,20,35,36,QUICK ATTACK,WING ATTACK,SAND-ATTACK,GUST,29,33,15,35,0,0,0,0,74,74,43,40,37,37,50,7918,5725,5622,4348,4348,6353,15,15,15,15,0,0,0,0,0,0,0,48,40,37,37,50,292453,88047,195078,7321,2007,2,0,0,2554,2554,0,0,163,74,45,29,1,0,5393,3810,434,434,282,47,105,0,0,0,0,0,32,0,3,0,0,2,0,0,0,0,0,0,0,0,0,0,0,0,2,1,0,0,0,0,0,0,8,0,0,0,0,123,19091,0,0,0,0,12,13,0,0,0,3,0,2,0,Jolteon
4-14,08:20:30,NINTEN,Pidgey,Jr Trainer M,10,Route 6,1,20:45.25,20:45,0h20m45s,0,0,0,29,1:21,5.333,QUICK ATTACK,WING ATTACK,SAND-ATTACK,GUST,2,2569,164,46,29,304,290,164,15,13012,Jolteon, ,Normal,Flying,19743,Pidgey2,Pidgey,,00:20:39.92,00:20:45.25,01:21:20.17,29,0,0,20,45,25,QUICK ATTACK,WING ATTACK,SAND-ATTACK,GUST,29,32,15,35,0,0,0,0,77,77,45,42,38,38,51,7983,5815,5672,4433,4433,6408,15,15,15,15,0,0,0,0,0,0,0,50,42,38,38,51,294796,88629,196839,7321,2007,2,0,0,2569,2569,0,0,164,75,46,29,1,0,5483,3859,434,434,283,47,105,0,0,0,0,0,33,0,3,0,0,2,0,0,0,0,0,0,0,0,0,0,0,0,2,1,0,0,0,0,0,0,8,0,0,0,0,124,19608,0,0,0,0,12,13,0,0,0,3,0,2,0,Jolteon
4-14,08:20:42,NINTEN,Pidgey,Jr Trainer F,25,Route 6,1,20:56.84,20:56,0h20m56s,0,0,0,29,1:22,7.217,QUICK ATTACK,WING ATTACK,SAND-ATTACK,GUST,2,2570,166,47,29,307,293,166,15,13332,Jolteon, ,Normal,Flying,20115,Pidgey2,Pidgey,,00:20:49.62,00:20:56.84,01:22:05.53,29,0,0,20,56,84,QUICK ATTACK,WING ATTACK,SAND-ATTACK,GUST,26,32,15,35,0,0,0,0,77,77,45,42,38,38,51,8033,5865,5767,4473,4473,6443,15,15,15,15,-1,-1,0,0,0,0,0,36,27,38,38,51,297532,88852,199352,7321,2007,2,0,0,2570,2570,0,0,166,76,47,29,1,0,5537,3912,434,434,286,47,107,0,0,0,0,0,34,0,3,0,0,2,0,0,0,0,0,0,0,0,0,0,0,0,2,1,0,0,0,0,0,0,8,0,0,0,0,125,19980,0,0,0,0,12,13,0,0,0,3,0,2,0,Jolteon
4-14,08:20:51,NINTEN,Pidgey,Bug Catcher,11,Route 6,1,21:05.59,21:05,0h21m5s,0,0,0,29,1:22,4.678,QUICK ATTACK,WING ATTACK,SAND-ATTACK,GUST,2,2581,166,48,29,308,294,166,15,13732,Jolteon, ,Normal,Flying,20800,Pidgey2,Pidgey,,00:21:00.92,00:21:05.59,01:22:40.25,29,0,0,21,5,59,QUICK ATTACK,WING ATTACK,SAND-ATTACK,GUST,26,31,15,35,0,0,0,0,77,77,45,42,38,38,51,8093,5910,5817,4553,4553,6513,15,15,15,15,0,0,0,0,0,0,0,50,42,38,38,51,299604,89311,200965,7321,2007,2,0,0,2581,2581,0,0,166,77,48,29,1,0,5622,3969,434,434,287,47,107,0,0,0,0,0,35,0,3,0,0,2,0,0,0,0,0,0,0,0,0,0,0,0,2,1,0,0,0,0,0,0,8,0,0,0,0,126,20665,0,0,0,0,12,13,0,0,0,3,0,2,0,Jolteon
4-14,08:21:05,NINTEN,Pidgey,Sandy,3,Route 6,3,21:20.18,21:20,0h21m20s,0,0,0,29,1:23,11.351,QUICK ATTACK,WING ATTACK,SAND-ATTACK,GUST,2,2589,166,49,29,313,299,168,15,13932,Jolteon, ,Normal,Flying,21361,Pidgey2,Pidgey,,00:21:08.83,00:21:20.18,01:23:37.56,29,0,0,21,20,18,QUICK ATTACK,WING ATTACK,SAND-ATTACK,GUST,21,31,15,35,0,0,0,0,65,77,45,42,38,38,51,8213,6045,5937,4658,4658,6681,15,15,15,15,0,0,0,0,0,0,0,50,42,38,38,51,303055,89579,204148,7321,2007,2,0,0,2589,2589,0,0,166,78,49,29,1,0,5822,4092,446,446,292,47,109,0,0,0,0,0,35,0,3,0,0,2,0,0,0,0,0,0,0,0,0,0,0,0,2,1,0,0,0,0,0,0,8,0,0,0,0,129,21226,0,0,0,0,12,13,0,0,0,3,0,2,0,Jolteon
4-14,08:21:18,NINTEN,Pidgey,Jr Trainer M,5,Route 6,2,21:32.68,21:32,0h21m32s,0,0,0,30,1:24,9.521,QUICK ATTACK,WING ATTACK,SAND-ATTACK,GUST,2,2592,166,50,29,316,302,169,15,14252,Jolteon, ,Normal,Flying,21956,Pidgey2,Pidgey,,00:21:23.16,00:21:32.68,01:24:27.12,30,0,0,21,32,68,QUICK ATTACK,WING ATTACK,SAND-ATTACK,GUST,19,31,15,34,0,0,0,0,59,79,46,43,40,40,53,8308,6186,6027,4739,4739,6848,15,15,15,15,0,0,0,0,0,0,0,51,43,40,40,53,306012,89785,206899,7321,2007,2,0,0,2592,2592,0,0,166,79,50,29,1,0,5942,4179,454,454,295,47,110,0,0,0,0,0,36,0,3,0,0,2,0,0,0,0,0,0,0,0,0,0,0,0,2,1,0,0,0,0,0,0,8,0,0,0,0,131,21821,0,0,0,0,12,13,0,0,0,3,0,2,0,Jolteon
4-14,08:21:48,NINTEN,Pidgey,Youngster,9,Route 11,1,22:02.72,22:02,0h22m2s,0,0,0,30,1:26,5.63,QUICK ATTACK,WING ATTACK,SAND-ATTACK,GUST,2,2687,174,51,29,318,304,170,17,3022,Jolteon, ,Normal,Flying,22235,Pidgey2,Pidgey,,00:21:57.09,00:22:02.72,01:26:26.02,30,0,0,22,2,72,QUICK ATTACK,WING ATTACK,SAND-ATTACK,GUST,17,31,15,34,0,0,0,0,54,79,46,43,40,40,53,8343,6246,6071,4779,4779,6903,15,15,15,15,0,0,0,0,0,0,0,51,43,40,40,53,313141,94780,209033,7321,2007,2,0,0,2687,2687,0,0,174,80,51,29,1,0,6006,4228,459,459,297,47,111,0,0,0,0,0,36,0,3,0,0,2,0,0,0,0,0,0,0,0,0,0,0,0,2,1,0,0,0,0,0,0,8,0,0,0,0,132,22100,0,0,0,0,12,31,0,0,0,3,0,2,0,Jolteon
4-14,08:22:04,NINTEN,Pidgey,Gambler,1,Route 11,2,22:19.38,22:19,0h22m19s,0,0,0,30,1:27,12.843,QUICK ATTACK,WING ATTACK,SAND-ATTACK,GUST,2,2700,174,52,29,324,308,174,17,3337,Jolteon, ,Normal,Flying,22851,Pidgey2,Pidgey,,00:22:06.54,00:22:19.38,01:27:31.50,30,0,0,22,19,38,QUICK ATTACK,WING ATTACK,SAND-ATTACK,GUST,16,28,15,34,0,0,0,0,43,79,46,43,40,40,53,8413,6336,6181,4889,4889,7053,15,15,15,15,0,0,0,0,0,0,0,51,43,40,40,53,317089,95187,212574,7321,2007,2,0,0,2700,2700,0,0,174,81,52,29,1,0,6124,4314,470,470,301,47,115,0,0,0,0,0,36,0,3,0,0,2,0,0,0,0,0,0,0,0,0,0,0,0,2,1,0,0,0,0,0,0,9,0,0,0,0,134,22716,0,0,0,0,12,31,0,0,0,3,0,2,0,Jolteon
4-14,08:22:17,NINTEN,Pidgey,Gambler,2,Route 11,2,22:31.94,22:31,0h22m31s,0,0,0,30,1:28,6.899,QUICK ATTACK,WING ATTACK,SAND-ATTACK,GUST,2,2733,175,53,29,326,310,174,17,4597,Jolteon, ,Normal,Flying,23475,Pidgey2,Pidgey,,00:22:25.04,00:22:31.94,01:28:21.20,30,0,0,22,31,94,QUICK ATTACK,WING ATTACK,SAND-ATTACK,GUST,16,26,15,34,0,0,0,0,43,79,46,43,40,40,53,8508,6461,6271,5034,5034,7123,15,15,15,15,0,0,0,0,0,0,0,51,43,40,40,53,320059,96031,214700,7321,2007,2,0,0,2733,2733,0,0,175,82,53,29,1,0,6245,4409,470,470,303,47,115,0,0,0,0,0,36,0,3,0,0,2,0,0,0,0,0,0,0,0,0,0,0,0,2,1,0,0,0,0,0,0,9,0,0,0,0,136,23340,0,0,0,0,12,31,0,0,0,3,0,2,0,Jolteon
4-14,08:22:32,NINTEN,Pidgey,Youngster,12,Route 11,2,22:47.17,22:47,0h22m47s,0,0,0,30,1:29,12.074,QUICK ATTACK,WING ATTACK,SAND-ATTACK,GUST,2,2737,175,54,29,330,314,176,17,5857,Jolteon, ,Normal,Flying,24160,Pidgey2,Pidgey,,00:22:35.09,00:22:47.17,01:29:21.25,30,0,0,22,47,17,QUICK ATTACK,WING ATTACK,SAND-ATTACK,GUST,14,24,15,34,0,0,0,0,28,79,46,43,40,40,53,8615,6590,6368,5129,5129,7238,15,15,15,15,0,0,0,0,0,0,0,51,43,40,40,53,323664,96293,218043,7321,2007,2,0,0,2737,2737,0,0,175,83,54,29,1,0,6387,4508,485,485,307,47,117,0,0,0,0,0,37,0,3,0,0,2,0,0,0,0,0,0,0,0,0,0,0,0,2,1,0,0,0,0,0,0,9,0,0,0,0,138,24025,0,0,0,0,12,31,0,0,0,3,0,2,0,Jolteon
4-14,08:22:46,NINTEN,Pidgey,Engineer,2,Route 11,1,23:01.44,23:01,0h23m1s,0,0,0,31,1:30,6.554,QUICK ATTACK,WING ATTACK,SAND-ATTACK,GUST,2,2757,175,55,29,332,316,177,16,6127,Jolteon, ,Normal,Flying,24560,Pidgey2,Pidgey,,00:22:54.89,00:23:01.44,01:30:17.26,31,0,0,23,1,44,QUICK ATTACK,WING ATTACK,SAND-ATTACK,GUST,12,24,15,34,0,0,0,0,51,82,48,45,41,41,55,8640,6625,6438,5224,5224,7283,15,15,15,15,0,0,0,0,0,0,0,54,45,41,41,55,327025,96939,220091,7988,2007,2,0,0,2757,2757,0,0,175,84,55,29,1,0,6432,4552,505,505,309,47,118,0,0,0,0,0,37,0,3,0,0,2,0,0,0,0,0,0,0,0,0,0,0,0,2,1,0,0,0,0,0,0,9,0,0,0,0,139,24425,0,0,0,0,12,31,0,0,0,3,0,2,0,Jolteon
4-14,08:23:13,NINTEN,Pidgey,Engineer,3,Route 11,3,23:27.97,23:27,0h23m27s,0,0,0,31,1:32,16.353,QUICK ATTACK,WING ATTACK,SAND-ATTACK,GUST,2,2769,176,56,29,339,323,181,16,7177,Jolteon, ,Normal,Flying,25865,Pidgey2,Pidgey,,00:23:11.62,00:23:27.97,01:32:02.01,31,0,0,23,27,97,QUICK ATTACK,WING ATTACK,SAND-ATTACK,GUST,12,24,15,27,0,0,0,0,20,82,48,45,41,41,55,8740,6755,6673,5534,5534,7443,15,15,15,15,0,0,0,0,0,0,0,54,45,41,41,55,333300,97337,224762,9194,2007,2,0,0,2769,2769,0,0,176,85,56,29,1,0,6606,4678,567,567,316,47,122,0,0,0,0,0,37,0,3,0,0,2,0,0,0,0,0,0,0,0,0,0,0,0,2,1,0,0,0,0,0,0,9,0,0,0,0,142,25730,0,0,0,0,12,31,0,0,0,3,0,2,0,Jolteon
4-14,08:23:29,NINTEN,Pidgey,Gambler,3,Route 11,2,23:44.24,23:44,0h23m44s,0,0,0,31,1:33,9.885,QUICK ATTACK,WING ATTACK,SAND-ATTACK,GUST,2,2782,177,57,29,343,327,183,16,8077,Jolteon, ,Normal,Flying,26603,Pidgey2,Pidgey,,00:23:34.36,00:23:44.24,01:33:06.06,31,0,0,23,44,24,QUICK ATTACK,WING ATTACK,SAND-ATTACK,GUST,8,24,15,27,0,0,0,0,64,82,48,45,41,41,55,8805,6820,6793,5684,5684,7588,15,15,15,15,0,-2,0,0,0,0,0,60,22,41,41,55,337145,97866,227602,9670,2007,2,0,0,2782,2782,0,0,177,86,57,29,1,0,6739,4762,573,573,320,47,124,0,0,0,0,0,37,0,3,0,0,2,0,0,0,0,0,0,0,0,0,0,0,0,2,1,0,0,0,0,0,0,9,0,0,0,0,144,26468,0,0,0,0,12,31,0,0,0,3,0,2,0,Jolteon
4-14,08:23:45,NINTEN,Pidgey,Youngster,11,Route 11,3,24:00.22,24:00,0h24m0s,0,0,0,32,1:34,12.981,QUICK ATTACK,WING ATTACK,SAND-ATTACK,GUST,2,2784,177,58,29,347,331,186,16,9337,Jolteon, ,Normal,Flying,27438,Pidgey2,Pidgey,,00:23:47.23,00:24:00.22,01:34:09.04,32,0,0,24,0,22,QUICK ATTACK,WING ATTACK,SAND-ATTACK,GUST,7,24,15,24,0,0,0,0,25,84,50,46,43,43,57,8920,7013,6923,5784,5784,7829,15,15,15,15,0,0,0,0,0,0,0,56,46,43,43,57,340923,98080,231166,9670,2007,2,0,0,2784,2784,0,0,177,87,58,29,1,0,6885,4888,614,614,324,47,127,0,0,0,0,0,37,0,4,0,0,2,0,0,0,0,0,0,0,0,0,0,0,0,2,1,0,0,0,0,0,0,9,0,0,0,0,147,27303,0,0,0,0,12,31,0,0,0,3,0,2,0,Jolteon
4-14,08:24:06,NINTEN,Pidgey,Gambler,4,Route 11,2,24:21.09,24:21,0h24m21s,0,0,0,32,1:35,8.206,QUICK ATTACK,WING ATTACK,SAND-ATTACK,GUST,2,2799,177,59,30,351,335,187,16,9592,Jolteon, ,Normal,Flying,28154,Pidgey2,Pidgey,,00:24:12.89,00:24:21.09,01:35:31.06,32,0,0,24,21,9,QUICK ATTACK,WING ATTACK,SAND-ATTACK,GUST,5,24,15,22,0,0,0,0,75,84,50,46,43,43,57,9043,7180,7043,5924,5924,8026,15,15,15,15,0,0,0,0,0,0,0,56,46,43,43,57,345845,98662,235024,10152,2007,2,0,0,2799,2799,0,0,177,89,59,30,1,0,7098,5019,614,614,328,47,127,0,0,0,0,0,39,0,4,0,0,2,0,0,0,0,0,0,0,0,0,0,0,0,2,1,0,0,0,0,0,0,9,0,0,0,0,150,28019,0,0,0,0,12,31,0,0,0,3,0,2,0,Jolteon
4-14,08:24:23,NINTEN,Pidgey,Youngster,10,Route 11,2,24:38.17,24:38,0h24m38s,0,0,0,32,1:36,11.122,QUICK ATTACK,WING ATTACK,SAND-ATTACK,GUST,2,2840,179,60,30,356,340,190,16,10852,Jolteon, ,Normal,Flying,28751,Pidgey2,Pidgey,,00:24:27.05,00:24:38.17,01:36:38.36,32,0,0,24,38,17,QUICK ATTACK,WING ATTACK,SAND-ATTACK,GUST,5,24,15,17,0,0,0,0,68,84,50,46,43,43,57,9133,7300,7163,5994,5994,8121,15,15,15,15,0,0,0,0,0,0,0,56,46,43,43,57,349895,99585,238151,10152,2007,2,0,0,2840,2840,0,0,179,90,60,30,1,0,7255,5118,621,621,333,48,129,0,0,0,0,0,39,0,4,0,0,2,0,0,0,0,0,0,0,0,0,0,0,0,2,1,0,0,0,0,0,0,9,0,0,0,0,152,28616,0,0,0,0,12,31,0,0,0,3,0,2,0,Jolteon
4-14,08:24:44,NINTEN,Pidgey,Gentleman,1,SS Anne,2,24:59.04,24:59,0h24m59s,0,0,0,32,1:38,8.987,QUICK ATTACK,WING ATTACK,SAND-ATTACK,GUST,2,2931,191,61,30,360,344,192,16,11137,Jolteon, ,Normal,Flying,29453,Pidgey2,Pidgey,,00:24:50.05,00:24:59.04,01:38:00.50,32,0,0,24,59,4,QUICK ATTACK,WING ATTACK,SAND-ATTACK,GUST,5,24,15,13,0,0,0,0,68,84,50,46,43,43,57,9243,7440,7253,6094,6094,8241,15,15,15,15,0,0,0,0,0,0,0,56,46,43,43,57,354829,101992,240678,10152,2007,2,0,0,2931,2931,0,0,191,91,61,30,1,0,7404,5218,621,621,337,48,129,0,0,0,0,0,39,0,4,0,0,2,0,0,0,0,0,0,0,0,0,0,0,0,2,1,0,0,0,0,0,0,9,0,0,0,0,154,29318,0,0,0,0,12,31,0,0,0,3,0,2,0,Jolteon
4-14,08:25:05,NINTEN,Pidgey,Sailor,4,SS Anne,3,25:20.41,25:20,0h25m20s,0,0,0,33,1:39,13.624,QUICK ATTACK,WING ATTACK,SAND-ATTACK,GUST,2,2968,191,62,30,366,350,195,17,12397,Jolteon, ,Normal,Flying,30488,Pidgey2,Pidgey,,00:25:06.78,00:25:20.41,01:39:24.48,33,0,0,25,20,41,QUICK ATTACK,WING ATTACK,SAND-ATTACK,GUST,5,24,15,7,0,0,0,0,62,87,51,48,44,44,59,9343,7585,7458,6309,6309,8411,15,15,15,15,0,0,0,0,0,0,0,57,48,44,44,59,359867,103397,244311,10152,2007,2,0,0,2968,2968,0,0,191,92,62,30,1,0,7555,5339,630,630,342,49,131,0,0,0,0,0,39,0,4,0,0,2,0,0,0,0,0,0,0,0,0,0,0,0,2,1,0,0,0,0,0,0,9,0,0,0,0,157,30353,0,0,0,0,13,31,0,0,0,3,0,2,0,Jolteon
4-14,08:25:17,NINTEN,Pidgey,Sailor,3,SS Anne,1,25:31.66,25:31,0h25m31s,0,0,0,33,1:40,6.882,QUICK ATTACK,WING ATTACK,SAND-ATTACK,GUST,2,2970,192,63,30,369,353,197,17,12907,Jolteon, ,Normal,Flying,30924,Pidgey2,Pidgey,,00:25:24.78,00:25:31.66,01:40:09.10,33,0,0,25,31,66,QUICK ATTACK,WING ATTACK,SAND-ATTACK,GUST,5,24,15,4,0,0,0,0,56,87,51,48,44,44,59,9373,7650,7558,6354,6354,8451,15,15,15,15,0,0,0,0,0,0,0,57,48,44,44,59,362529,103711,246659,10152,2007,2,0,0,2970,2970,0,0,192,93,63,30,1,0,7616,5385,636,636,345,50,132,0,0,0,0,0,39,0,4,0,0,2,0,0,0,0,0,0,0,0,0,0,0,0,2,1,0,0,0,0,0,0,9,0,0,0,0,158,30789,0,0,0,0,13,31,0,0,0,3,0,2,0,Jolteon
4-14,08:25:34,NINTEN,Pidgey,Sailor,6,SS Anne,3,25:48.77,25:48,0h25m48s,0,0,0,33,1:41,12.985,QUICK ATTACK,WING ATTACK,SAND-ATTACK,GUST,2,2980,193,64,30,374,358,199,17,13537,Jolteon, ,Normal,Flying,31827,Pidgey2,Pidgey,,00:25:35.79,00:25:48.77,01:41:16.32,33,0,0,25,48,77,QUICK ATTACK,WING ATTACK,SAND-ATTACK,GUST,4,24,15,0,0,0,0,0,46,87,51,48,44,44,59,9463,7770,7768,6564,6564,8631,15,15,15,15,0,0,0,0,0,0,0,57,48,44,44,59,366571,104264,250148,10152,2007,2,0,0,2980,2980,0,0,193,94,64,30,1,0,7817,5502,646,646,350,50,134,0,0,0,0,0,41,0,4,0,0,2,0,0,0,0,0,0,0,0,0,0,0,0,2,1,0,0,0,0,0,0,9,0,0,0,0,161,31692,0,0,0,0,13,31,0,0,0,3,0,2,0,Jolteon
4-14,08:25:58,NINTEN,Pidgey,Sailor,5,SS Anne,2,26:12.84,26:12,0h26m12s,0,0,0,33,1:42,8.295,QUICK ATTACK,WING ATTACK,SAND-ATTACK,GUST,2,2994,197,65,30,377,361,200,15,14047,Jolteon, ,Normal,Flying,32640,Pidgey2,Pidgey,,00:26:04.54,00:26:12.84,01:42:51.20,33,0,0,26,12,84,QUICK ATTACK,WING ATTACK,SAND-ATTACK,GUST,12,23,15,0,0,0,0,0,78,87,51,48,44,44,59,9533,7855,7858,6734,6734,8786,15,15,15,15,0,0,0,0,0,0,0,57,48,44,44,59,372259,104977,252505,12770,2007,2,0,0,2994,2994,0,0,197,95,65,30,1,0,7938,5588,655,655,353,50,135,0,0,0,0,0,41,0,4,0,0,2,0,0,0,0,0,0,0,0,0,0,0,0,2,1,0,0,0,0,0,0,9,0,0,0,0,163,32505,0,0,0,0,14,31,0,0,0,3,0,2,0,Jolteon
4-14,08:26:18,NINTEN,Pidgey,Fisher,2,SS Anne,3,26:32.55,26:32,0h26m32s,0,0,0,34,1:44,14.775,QUICK ATTACK,WING ATTACK,SAND-ATTACK,GUST,2,3008,200,66,30,382,366,202,16,14587,Jolteon, ,Normal,Flying,33759,Pidgey2,Pidgey,,00:26:17.78,00:26:32.55,01:44:09.04,34,0,0,26,32,55,QUICK ATTACK,WING ATTACK,SAND-ATTACK,GUST,10,20,15,0,0,0,0,0,70,89,53,49,46,46,61,9633,8005,8048,6949,6949,8981,15,15,15,15,0,0,0,0,0,0,0,59,49,46,46,61,376923,105728,256418,12770,2007,2,0,0,3008,3008,0,0,200,96,66,30,1,0,8144,5709,665,665,358,50,137,0,0,0,0,0,43,0,5,0,0,2,0,0,0,0,0,0,0,0,0,0,0,0,2,1,0,0,0,0,0,0,9,0,0,0,0,166,33624,0,0,0,0,15,31,0,0,0,3,0,2,0,Jolteon
4-14,08:26:26,NINTEN,Pidgey,Sailor,7,SS Anne,1,26:41.22,26:41,0h26m41s,0,0,0,34,1:44,4.456,QUICK ATTACK,WING ATTACK,SAND-ATTACK,GUST,2,3010,200,67,30,383,367,202,16,15182,Jolteon, ,Normal,Flying,34135,Pidgey2,Pidgey,,00:26:36.77,00:26:41.22,01:44:43.07,34,0,0,26,41,22,QUICK ATTACK,WING ATTACK,SAND-ATTACK,GUST,10,19,15,0,0,0,0,0,70,89,53,49,46,46,61,9703,8085,8098,6984,6984,9016,15,15,15,15,0,0,0,0,0,0,0,59,49,46,46,61,378966,105972,258217,12770,2007,2,0,0,3010,3010,0,0,200,97,67,30,1,0,8209,5770,665,665,359,50,137,0,0,0,0,0,43,0,5,0,0,2,0,0,0,0,0,0,0,0,0,0,0,0,2,1,0,0,0,0,0,0,9,0,0,0,0,167,34000,0,0,0,0,15,31,0,0,0,3,0,2,0,Jolteon
4-14,08:26:42,NINTEN,Pidgey,Gentleman,2,SS Anne,2,26:57.27,26:57,0h26m57s,0,0,0,34,1:45,8.2,QUICK ATTACK,WING ATTACK,SAND-ATTACK,GUST,2,3062,202,68,30,386,370,203,16,15782,Jolteon, ,Normal,Flying,34618,Pidgey2,Pidgey,,00:26:49.07,00:26:57.27,01:45:46.13,34,0,0,26,57,27,QUICK ATTACK,WING ATTACK,SAND-ATTACK,GUST,10,16,15,0,0,0,0,0,62,89,53,49,46,46,61,9804,8189,8190,7064,7064,9107,15,15,15,15,0,0,0,0,0,0,0,59,49,46,46,61,382752,107409,260566,12770,2007,2,0,0,3062,3062,0,0,202,98,68,30,1,0,8334,5871,673,673,362,50,138,0,0,0,0,0,44,0,5,0,0,2,0,0,0,0,0,0,0,0,0,0,0,0,2,1,0,0,0,0,0,0,9,0,0,0,0,169,34483,0,0,0,0,15,31,0,0,0,3,0,2,0,Jolteon
4-14,08:26:58,NINTEN,Pidgey,Youngster,8,SS Anne,1,27:12.96,27:12,0h27m12s,0,0,0,34,1:46,5.834,QUICK ATTACK,WING ATTACK,SAND-ATTACK,GUST,2,3099,219,69,30,388,372,204,16,17112,Jolteon, ,Normal,Flying,34888,Pidgey2,Pidgey,,00:27:07.13,00:27:12.96,01:46:47.43,34,0,0,27,12,96,QUICK ATTACK,WING ATTACK,SAND-ATTACK,GUST,9,15,15,0,0,0,0,0,53,89,53,49,46,46,61,9850,8246,8230,7104,7104,9157,15,15,15,15,0,0,0,0,0,0,0,59,49,46,46,61,386442,109295,262370,12770,2007,2,0,0,3099,3099,0,0,219,99,69,30,1,0,8412,5924,682,682,364,50,139,0,0,0,0,0,44,0,6,0,0,2,0,0,0,0,0,0,0,0,0,0,0,0,2,1,0,0,0,0,0,0,9,0,0,0,0,170,34753,0,0,0,0,15,31,0,0,0,3,0,2,0,Jolteon
4-14,08:27:10,NINTEN,Pidgey,Lass,11,SS Anne,2,27:24.79,27:24,0h27m24s,0,0,0,34,1:47,9.033,QUICK ATTACK,WING ATTACK,SAND-ATTACK,GUST,2,3101,220,70,30,391,375,205,16,17427,Jolteon, ,Normal,Flying,35325,Pidgey2,Pidgey,,00:27:15.76,00:27:24.79,01:47:34.18,34,0,0,27,24,79,QUICK ATTACK,WING ATTACK,SAND-ATTACK,GUST,7,14,15,0,0,0,0,0,49,89,53,49,46,46,61,9945,8338,8322,7179,7179,9254,15,15,15,15,0,0,0,0,0,0,0,59,49,46,46,61,389237,109545,264915,12770,2007,2,0,0,3101,3101,0,0,220,100,70,30,1,0,8529,6019,686,686,367,50,140,0,0,0,0,0,44,0,6,0,0,2,0,0,0,0,0,0,0,0,0,0,0,0,2,1,0,0,0,0,0,0,9,0,0,0,0,172,35190,0,0,0,0,15,31,0,0,0,3,0,2,0,Jolteon
4-14,08:27:30,NINTEN,Pidgey,Sailor,2,SS Anne,2,27:45.22,27:45,0h27m45s,0,0,0,34,1:48,6.874,QUICK ATTACK,WING ATTACK,SAND-ATTACK,GUST,2,3175,246,71,30,393,377,205,17,17697,Jolteon, ,Normal,Flying,36026,Pidgey2,Pidgey,,00:27:38.35,00:27:45.22,01:48:54.32,34,0,0,27,45,22,QUICK ATTACK,WING ATTACK,SAND-ATTACK,GUST,7,12,15,0,0,0,0,0,49,89,53,49,46,46,61,10055,8458,8407,7314,7314,9359,15,15,15,15,0,0,0,0,0,0,0,59,49,46,46,61,394051,112294,266980,12770,2007,2,0,0,3175,3175,0,0,246,101,71,30,1,0,8655,6115,686,686,369,50,140,0,0,0,0,0,44,0,6,0,0,2,0,0,0,0,0,0,0,0,0,0,0,0,2,1,0,0,0,0,0,0,9,0,0,0,0,174,35891,0,0,0,0,16,31,0,0,0,3,0,2,0,Jolteon
4-14,08:27:47,NINTEN,Pidgey,Sailor,1,SS Anne,2,28:01.62,28:01,0h28m1s,0,0,0,35,1:49,10.537,QUICK ATTACK,WING ATTACK,SAND-ATTACK,GUST,2,3200,255,72,30,397,381,207,17,18207,Jolteon, ,Normal,Flying,36738,Pidgey2,Pidgey,,00:27:51.08,00:28:01.62,01:49:59.17,35,0,0,28,1,62,QUICK ATTACK,WING ATTACK,SAND-ATTACK,GUST,7,8,15,0,0,0,0,0,52,92,55,51,47,47,63,10155,8603,8557,7394,7394,9434,15,15,15,15,0,0,0,0,0,0,0,61,51,47,47,63,397936,113279,269880,12770,2007,2,0,0,3200,3200,0,0,255,102,72,30,1,0,8776,6212,686,686,373,51,140,0,0,0,0,0,44,0,6,0,0,2,0,0,0,0,0,0,0,0,0,0,0,0,2,1,0,0,0,0,0,0,9,0,0,0,0,176,36603,0,0,0,0,16,31,0,0,0,3,0,2,0,Jolteon
4-14,08:28:09,NINTEN,Pidgey,Fisher,1,SS Anne,3,28:24.51,28:24,0h28m24s,0,0,0,35,1:51,11.917,QUICK ATTACK,WING ATTACK,SAND-ATTACK,GUST,2,3251,267,73,30,402,386,209,17,18747,Jolteon, ,Normal,Flying,37926,Pidgey2,Pidgey,,00:28:12.60,00:28:24.51,01:51:29.14,35,0,0,28,24,51,QUICK ATTACK,WING ATTACK,SAND-ATTACK,GUST,6,4,15,0,0,0,0,0,48,92,55,51,47,47,63,10285,8777,8712,7594,7594,9630,15,15,15,15,0,0,0,0,0,0,0,61,51,47,47,63,403333,115142,273414,12770,2007,2,0,0,3251,3251,0,0,267,103,73,30,1,0,8967,6345,690,690,378,52,141,0,0,0,0,0,44,0,6,0,0,2,0,0,0,0,0,0,0,0,0,0,0,0,2,1,0,0,0,0,0,0,9,0,0,0,0,179,37791,0,0,0,0,16,31,0,0,0,3,0,2,0,Jolteon
4-14,08:28:29,NINTEN,Pidgey,Gentleman,3,SS Anne,2,28:43.72,28:43,0h28m43s,0,0,0,35,1:52,9.634,QUICK ATTACK,WING ATTACK,SAND-ATTACK,GUST,2,3253,267,74,30,406,390,211,16,19342,Jolteon, ,Normal,Flying,38828,Pidgey2,Pidgey,,00:28:34.09,00:28:43.72,01:52:44.48,35,0,0,28,43,72,QUICK ATTACK,WING ATTACK,SAND-ATTACK,GUST,12,14,15,10,0,0,0,0,72,92,55,51,47,47,63,10350,8842,8832,7744,7744,9775,15,15,15,15,0,0,0,0,0,0,0,61,51,47,47,63,407867,115457,276094,14309,2007,2,0,0,3253,3253,0,0,267,104,74,30,1,0,9102,6444,710,710,382,53,142,0,0,0,0,0,44,0,6,0,0,2,0,0,0,0,0,0,0,0,0,0,0,0,2,1,0,0,0,0,0,0,9,0,0,0,0,181,38693,0,0,0,0,16,31,0,0,0,3,0,2,0,Jolteon
4-14,08:28:42,NINTEN,Pidgey,Gentleman,5,SS Anne,2,28:56.79,28:56,0h28m56s,0,0,0,35,1:53,6.649,QUICK ATTACK,WING ATTACK,SAND-ATTACK,GUST,2,3269,270,75,30,408,392,211,17,20882,Jolteon, ,Normal,Flying,39712,Pidgey2,Pidgey,,00:28:50.14,00:28:56.79,01:53:35.57,35,0,0,28,56,79,QUICK ATTACK,WING ATTACK,SAND-ATTACK,GUST,10,14,15,10,0,0,0,0,72,92,55,51,47,47,63,10455,8997,8932,7859,7859,9925,15,15,15,15,0,0,0,0,0,0,0,61,51,47,47,63,410936,116515,278105,14309,2007,2,0,0,3269,3269,0,0,270,105,75,30,1,0,9196,6538,710,710,384,53,142,0,0,0,0,0,44,0,6,0,0,2,0,0,0,0,0,0,0,0,0,0,0,0,2,1,0,0,0,0,0,0,9,0,0,0,0,183,39577,0,0,0,0,17,31,0,0,0,3,0,2,0,Jolteon
4-14,08:29:00,NINTEN,Pidgey,Lass,12,SS Anne,1,29:15.36,29:15,0h29m15s,0,0,0,36,1:54,15.993,QUICK ATTACK,WING ATTACK,SAND-ATTACK,AGILITY,2,3270,270,76,30,410,394,212,17,22072,Jolteon, ,Normal,Flying,40037,Pidgey2,Pidgey,,00:28:59.37,00:29:15.36,01:54:49.32,36,0,0,29,15,36,QUICK ATTACK,WING ATTACK,SAND-ATTACK,AGILITY,10,14,15,30,0,0,0,0,74,94,56,52,48,48,65,10570,9042,8952,7884,7884,9945,15,15,15,15,0,0,0,0,0,0,0,63,52,48,48,65,415351,116715,282320,14309,2007,2,0,0,3270,3270,0,0,270,106,76,30,1,0,9370,6617,710,710,386,53,143,0,0,0,0,0,45,0,6,0,0,2,0,0,0,0,0,0,0,0,0,0,0,0,2,1,0,0,0,0,0,0,9,0,0,0,0,184,39902,0,0,0,0,17,31,0,0,0,3,0,2,0,Jolteon
4-14,08:29:32,NINTEN,Pidgey,Rival3-SS Anne,1,SS Anne,4,29:47.44,29:47,0h29m47s,0,0,0,36,1:56,14.379,QUICK ATTACK,WING ATTACK,SAND-ATTACK,AGILITY,3,3299,273,77,30,416,400,214,17,22372,Jolteon, ,Normal,Flying,41218,Pidgey2,Pidgey,Rival (SS Anne),00:29:33.06,00:29:47.44,01:56:55.55,36,0,0,29,47,44,QUICK ATTACK,WING ATTACK,SAND-ATTACK,AGILITY,5,13,15,30,0,0,0,0,94,94,56,52,48,48,65,10745,9288,9152,8035,8035,10182,15,15,15,15,0,0,0,0,0,0,0,63,52,48,48,65,422934,118184,286417,16326,2007,3,0,0,3299,3299,0,0,273,107,77,30,1,0,9629,6805,710,710,392,55,143,0,0,0,0,0,45,0,6,0,0,2,0,0,0,0,0,0,0,0,0,0,0,0,2,1,0,0,0,0,0,0,9,0,0,0,0,188,41083,0,0,0,0,18,31,0,0,0,4,0,2,0,Jolteon
4-14,08:30:27,NINTEN,Pidgey,Surge,1,Vermilion City - Gym,1,30:41.72,30:41,0h30m41s,0,0,0,36,2:00,8.036,QUICK ATTACK,WING ATTACK,SAND-ATTACK,AGILITY,4,3476,282,78,30,419,403,216,17,23672,Jolteon, ,Normal,Flying,41950,Pidgey2,Pidgey,Lt. Surge,00:30:33.68,00:30:41.72,02:00:30.21,36,0,0,30,41,72,QUICK ATTACK,WING ATTACK,SAND-ATTACK,AGILITY,2,13,15,30,0,0,0,0,11,94,56,52,48,48,65,10805,9378,9207,8125,8125,10282,15,15,15,15,-1,0,0,0,0,0,0,40,52,48,48,65,435800,124754,288879,20160,2007,4,0,0,3476,3476,0,0,282,108,78,30,1,0,9705,6881,793,793,395,55,145,0,0,0,0,0,45,0,6,0,0,2,0,0,0,0,0,0,0,0,0,0,0,0,2,1,0,0,0,0,0,0,9,0,0,0,0,189,41815,0,0,0,0,18,31,0,0,0,6,0,2,0,Jolteon
4-14,08:31:27,NINTEN,Pidgey,Wrapping Lass,5,Route 9,4,31:42.19,31:42,0h31m42s,0,0,0,36,2:04,11.965,QUICK ATTACK,WING ATTACK,SAND-ATTACK,AGILITY,4,3678,307,79,30,423,407,216,19,26444,Jolteon, ,Normal,Flying,43198,Pidgey2,Pidgey,RTG1 - Wrapping Lass,00:31:30.23,00:31:42.19,02:04:28.31,36,0,0,31,42,19,QUICK ATTACK,WING ATTACK,SAND-ATTACK,AGILITY,30,31,15,30,0,0,0,0,94,94,56,52,48,48,65,10995,9628,9387,8415,8415,10422,15,15,15,15,0,0,0,0,0,0,0,63,58,48,48,65,450091,133016,292309,22759,2007,4,0,0,3678,3614,64,0,307,109,79,30,1,0,10060,7071,793,793,399,55,145,0,0,0,0,0,45,0,6,0,0,2,0,0,0,0,0,0,0,0,0,0,0,0,2,1,0,0,0,0,0,0,9,0,0,0,0,193,43063,0,0,0,0,18,31,0,0,0,6,0,2,0,Jolteon
4-14,08:31:41,NINTEN,Pidgey,Youngster,14,Route 9,1,31:55.68,31:55,0h31m55s,0,0,0,36,2:05,9.273,QUICK ATTACK,WING ATTACK,SAND-ATTACK,AGILITY,4,3706,310,80,30,428,412,220,19,26804,Jolteon, ,Normal,Flying,43675,Pidgey2,Pidgey,,00:31:46.41,00:31:55.68,02:05:21.53,36,0,0,31,55,68,QUICK ATTACK,WING ATTACK,SAND-ATTACK,AGILITY,25,31,15,30,0,0,0,0,70,94,56,52,48,48,65,11045,9703,9472,8445,8445,10462,15,15,15,15,0,0,0,0,0,-2,0,78,73,48,48,65,453292,133520,295006,22759,2007,4,0,0,3706,3614,92,0,310,110,80,30,1,0,10141,7132,817,817,402,58,148,0,0,0,0,0,45,0,7,0,0,2,0,0,0,0,0,0,0,0,0,0,0,0,2,1,0,0,0,0,0,0,9,0,0,0,0,194,43540,0,0,0,0,18,31,0,0,0,6,0,2,0,Jolteon
4-14,08:31:53,NINTEN,Pidgey,Bug Catcher,13,Route 9,2,32:07.62,32:07,0h32m7s,0,0,0,37,2:06,7.903,QUICK ATTACK,WING ATTACK,SAND-ATTACK,AGILITY,4,3723,316,81,30,430,414,220,19,27164,Jolteon, ,Normal,Flying,44967,Pidgey2,Pidgey,,00:31:59.72,00:32:07.62,02:06:08.57,37,0,0,32,7,62,QUICK ATTACK,WING ATTACK,SAND-ATTACK,AGILITY,25,29,15,30,0,0,0,0,73,97,58,54,50,50,66,11175,9863,9552,8535,8535,10612,15,15,15,15,0,0,0,0,0,0,0,65,60,50,50,66,456116,133981,297369,22759,2007,4,0,0,3723,3614,109,0,316,111,81,30,1,0,10323,7244,817,817,404,58,148,0,0,0,0,0,45,0,7,0,0,2,0,0,0,0,0,0,0,0,0,0,0,0,2,1,0,0,0,0,0,0,9,0,0,0,0,196,44832,0,0,0,0,18,31,0,0,0,6,0,2,0,Jolteon
4-14,08:32:09,NINTEN,Pidgey,Bug Catcher,14,Route 9,3,32:23.69,32:23,0h32m23s,0,0,0,37,2:07,9.45,QUICK ATTACK,WING ATTACK,SAND-ATTACK,AGILITY,4,3755,320,82,30,433,417,220,19,27354,Jolteon, ,Normal,Flying,45736,Pidgey2,Pidgey,,00:32:14.24,00:32:23.69,02:07:12.17,37,0,0,32,23,69,QUICK ATTACK,WING ATTACK,SAND-ATTACK,AGILITY,25,26,15,30,0,0,0,0,73,97,58,54,50,50,66,11320,9983,9667,8615,8615,10752,15,15,15,15,0,0,0,0,0,0,0,65,60,50,50,66,459916,134702,300448,22759,2007,4,0,0,3755,3614,141,0,320,112,82,30,1,0,10594,7401,817,817,407,58,148,0,0,0,0,0,45,0,7,0,0,2,0,0,0,0,0,0,0,0,0,0,0,0,2,1,0,0,0,0,0,0,9,0,0,0,0,199,45601,0,0,0,0,18,31,0,0,0,6,0,2,0,Jolteon
4-14,08:32:28,NINTEN,Pidgey,Jr Trainer M,8,Route 9,4,32:43.20,32:43,0h32m43s,0,0,0,37,2:08,14.924,QUICK ATTACK,WING ATTACK,SAND-ATTACK,AGILITY,4,3769,323,83,30,439,423,222,19,27554,Jolteon, ,Normal,Flying,46925,Pidgey2,Pidgey,,00:32:28.27,00:32:43.20,02:08:29.16,37,0,0,32,43,20,QUICK ATTACK,WING ATTACK,SAND-ATTACK,AGILITY,25,20,15,30,0,0,0,0,66,97,58,54,50,50,66,11445,10229,9856,8755,8755,11014,15,15,15,15,0,-1,0,0,0,0,0,73,39,50,50,66,464535,135297,304472,22759,2007,4,0,0,3769,3614,155,0,323,113,83,30,1,0,10909,7575,824,824,413,58,150,0,0,0,0,0,46,0,7,0,0,2,0,0,0,0,0,0,0,0,0,0,0,0,2,1,0,0,0,0,0,0,9,0,0,0,0,203,46790,0,0,0,0,18,31,0,0,0,6,0,2,0,Jolteon
4-14,08:32:40,NINTEN,Pidgey,Jr Trainer F,6,Route 9,1,32:54.81,32:54,0h32m54s,0,0,0,37,2:09,5.729,QUICK ATTACK,WING ATTACK,SAND-ATTACK,AGILITY,4,3806,328,84,30,441,425,223,19,27934,Jolteon, ,Normal,Flying,47264,Pidgey2,Pidgey,,00:32:49.07,00:32:54.81,02:09:15.07,37,0,0,32,54,81,QUICK ATTACK,WING ATTACK,SAND-ATTACK,AGILITY,25,18,15,30,0,0,0,0,66,97,58,54,50,50,66,11485,10274,9891,8795,8795,11104,15,15,15,15,-1,0,0,0,0,0,0,42,67,50,50,66,467286,136195,306325,22759,2007,4,0,0,3806,3614,192,0,328,114,84,30,1,0,10981,7630,824,824,415,58,151,0,0,0,0,0,46,0,7,0,0,2,0,0,0,0,0,0,0,0,0,0,0,0,2,1,0,0,0,0,0,0,9,0,0,0,0,204,47129,0,0,0,0,18,31,0,0,0,6,0,2,0,Jolteon
4-14,08:33:01,NINTEN,Pidgey,Jr Trainer F,7,Route 10,2,33:15.91,33:15,0h33m15s,0,0,0,38,2:10,9.76,QUICK ATTACK,WING ATTACK,SAND-ATTACK,AGILITY,4,3869,335,85,30,445,429,225,19,28394,Jolteon, ,Normal,Flying,47880,Pidgey2,Pidgey,,00:33:06.15,00:33:15.91,02:10:38.23,38,0,0,33,15,91,QUICK ATTACK,WING ATTACK,SAND-ATTACK,AGILITY,26,35,15,30,0,0,0,0,94,100,60,56,51,51,68,11670,10364,9959,8880,8880,11159,15,15,15,15,0,0,0,0,0,0,0,67,63,51,51,68,472282,138381,309135,22759,2007,4,0,0,3869,3633,236,0,335,115,85,30,1,0,11202,7770,830,830,419,58,152,0,0,0,0,0,46,0,7,0,0,2,0,0,0,0,0,0,0,0,0,0,0,0,2,1,0,0,0,0,0,0,9,0,0,0,0,206,47745,0,0,0,0,18,31,0,0,0,6,0,2,0,Jolteon
4-14,08:33:33,NINTEN,Pidgey,Slowbone,7,Rock Tunnel - 1,2,33:47.74,33:47,0h33m47s,0,0,0,38,2:12,17.885,QUICK ATTACK,WING ATTACK,SAND-ATTACK,AGILITY,5,3901,338,86,30,454,438,232,19,28794,Jolteon, ,Normal,Flying,48794,Pidgey2,Pidgey,,00:33:29.85,00:33:47.74,02:12:44.22,38,0,0,33,47,74,QUICK ATTACK,WING ATTACK,SAND-ATTACK,AGILITY,19,35,14,29,0,0,0,0,80,100,60,56,51,51,68,11810,10479,10119,8960,8960,11209,15,15,15,15,-1,0,0,0,2,0,0,48,78,51,51,136,479841,139088,314102,24644,2007,5,0,0,3901,3633,268,0,338,116,86,30,1,0,11373,7907,844,844,427,62,155,0,0,0,0,0,46,0,7,0,0,2,0,0,0,0,0,0,0,0,0,0,0,0,2,1,0,0,0,0,0,0,9,0,0,0,0,208,48659,0,0,0,0,18,31,0,0,0,6,0,2,0,Jolteon
4-14,08:33:44,NINTEN,Pidgey,Pokemaniac,5,Rock Tunnel,1,33:59.18,33:59,0h33m59s,0,0,0,38,2:13,6.855,QUICK ATTACK,WING ATTACK,SAND-ATTACK,AGILITY,5,3939,339,87,30,457,441,234,19,29944,Jolteon, ,Normal,Flying,49323,Pidgey2,Pidgey,,00:33:52.32,00:33:59.18,02:13:29.28,38,0,0,33,59,18,QUICK ATTACK,WING ATTACK,SAND-ATTACK,AGILITY,16,35,14,29,0,0,0,0,69,100,60,56,51,51,68,11900,10544,10184,9000,9000,11224,15,15,15,15,0,0,0,0,0,0,0,67,63,51,51,68,482547,139790,316106,24644,2007,5,0,0,3939,3633,306,0,339,117,87,30,1,0,11478,7991,855,855,430,63,156,0,0,0,0,0,46,0,7,0,0,2,0,0,0,0,0,0,0,0,0,0,0,0,2,1,0,0,0,0,0,0,9,0,0,0,0,209,49188,0,0,0,0,18,31,0,0,0,6,0,2,0,Jolteon
4-14,08:33:54,NINTEN,Pidgey,Status-Condition-Jr-Trainer,10,Rock Tunnel,2,34:09.45,34:09,0h34m9s,0,0,0,38,2:14,7.001,QUICK ATTACK,WING ATTACK,SAND-ATTACK,AGILITY,5,3953,340,88,30,459,443,234,19,31194,Jolteon, ,Normal,Flying,49991,Pidgey2,Pidgey,RTG4 - Status Jr Trainer,00:34:02.45,00:34:09.45,02:14:09.57,38,0,0,34,9,45,QUICK ATTACK,WING ATTACK,SAND-ATTACK,AGILITY,16,33,14,29,0,0,0,0,69,100,60,56,51,51,68,11990,10643,10288,9140,9140,11299,15,15,15,15,0,0,0,0,0,0,0,67,63,51,51,68,484976,140183,318142,24644,2007,5,0,0,3953,3633,320,0,340,118,88,30,1,0,11637,8101,855,855,432,63,156,0,0,0,0,0,46,0,7,0,0,2,0,0,0,0,0,0,0,0,0,0,0,0,2,1,0,0,0,0,0,0,9,0,0,0,0,211,49856,0,0,0,0,18,31,0,0,0,6,0,2,0,Jolteon
4-14,08:34:35,NINTEN,Pidgey,Selfdestructing Hiker,9,Rock Tunnel,3,34:50.06,34:50,0h34m50s,0,0,0,38,2:16,20.963,QUICK ATTACK,WING ATTACK,SAND-ATTACK,AGILITY,6,4066,355,89,30,468,452,243,19,31634,Jolteon, ,Normal,Flying,51368,Pidgey2,Pidgey,,00:34:29.10,00:34:50.06,02:16:50.35,38,0,0,34,50,6,QUICK ATTACK,WING ATTACK,SAND-ATTACK,AGILITY,16,33,5,29,0,0,0,0,5,100,60,56,51,51,68,12125,10898,10603,9245,9245,11374,15,15,15,15,0,0,0,0,0,0,0,67,63,51,51,68,494614,142815,323501,26291,2007,6,0,0,4066,3633,433,0,355,119,89,30,1,0,11637,8101,950,950,441,66,159,0,0,0,0,0,46,0,7,0,0,2,0,0,0,0,0,0,0,0,0,0,0,0,2,1,0,0,0,0,0,0,9,0,0,0,0,214,51233,0,0,0,0,18,31,0,0,0,6,0,2,0,Jolteon
4-14,08:35:01,NINTEN,Pidgey,Pokemaniac,3,Rock Tunnel,3,35:15.95,35:15,0h35m15s,0,0,0,39,2:18,17.981,QUICK ATTACK,WING ATTACK,SAND-ATTACK,AGILITY,6,4078,356,90,30,475,458,247,19,32369,Jolteon, ,Normal,Flying,52637,Pidgey2,Pidgey,,00:34:57.97,00:35:15.95,02:18:32.37,39,0,0,35,15,95,QUICK ATTACK,WING ATTACK,SAND-ATTACK,AGILITY,10,33,5,29,0,0,0,0,62,102,61,58,53,53,70,12395,11093,10798,9365,9365,11419,15,15,15,15,0,0,0,0,0,0,0,68,65,53,53,70,500736,143303,328145,27281,2007,6,0,0,4078,3633,445,0,356,120,90,30,1,0,11872,8308,990,990,447,67,162,0,0,0,0,0,46,0,7,0,0,3,0,0,0,0,0,0,0,0,0,0,0,0,6,2,0,0,0,0,0,0,9,0,0,0,0,217,52502,0,0,0,0,18,31,0,0,0,6,0,2,0,Jolteon
4-14,08:35:17,NINTEN,Pidgey,Jr Trainer F,17,Rock Tunnel - 1,2,35:31.87,35:31,0h35m31s,0,0,0,39,2:19,8.331,QUICK ATTACK,WING ATTACK,SAND-ATTACK,AGILITY,6,4084,357,91,30,478,461,248,19,33369,Jolteon, ,Normal,Flying,53352,Pidgey2,Pidgey,,00:35:23.54,00:35:31.87,02:19:35.06,39,0,0,35,31,87,QUICK ATTACK,WING ATTACK,SAND-ATTACK,AGILITY,10,30,5,29,0,0,0,0,96,102,61,58,53,53,70,12515,11213,10881,9495,9495,11494,15,15,15,15,0,0,0,0,0,0,0,68,65,53,53,70,504485,143695,330809,27974,2007,6,0,0,4084,3633,451,0,357,121,91,30,1,0,12053,8431,996,996,450,67,163,0,0,0,0,0,46,0,7,0,0,3,0,0,0,0,0,0,0,0,0,0,0,0,6,2,0,0,0,0,0,0,9,0,0,0,0,219,53217,0,0,0,0,18,31,0,0,0,6,0,2,0,Jolteon
4-14,08:35:31,NINTEN,Pidgey,Jr Trainer F,19,Rock Tunnel - 1,4,35:46.30,35:46,0h35m46s,0,0,0,39,2:20,11.56,QUICK ATTACK,WING ATTACK,SAND-ATTACK,AGILITY,6,4091,357,92,30,482,465,248,19,33809,Jolteon, ,Normal,Flying,54379,Pidgey2,Pidgey,,00:35:34.74,00:35:46.30,02:20:31.56,39,0,0,35,46,30,QUICK ATTACK,WING ATTACK,SAND-ATTACK,AGILITY,10,26,5,29,0,0,0,0,96,102,61,58,53,53,70,12665,11445,11026,9650,9650,11734,15,15,15,15,0,0,0,0,0,0,0,68,65,53,53,70,507895,143993,333921,27974,2007,6,0,0,4091,3633,458,0,357,122,92,30,1,0,12327,8615,996,996,454,67,163,0,0,0,0,0,46,0,7,0,0,3,0,0,0,0,0,0,0,0,0,0,0,0,6,2,0,0,0,0,0,0,9,0,0,0,0,223,54244,0,0,0,0,18,31,0,0,0,6,0,2,0,Jolteon
4-14,08:35:47,NINTEN,Pidgey,Finisher,18,Rock Tunnel - 1,3,36:02.47,36:02,0h36m2s,0,0,0,39,2:21,10.704,QUICK ATTACK,WING ATTACK,SAND-ATTACK,AGILITY,6,4110,361,93,30,486,469,249,18,34189,Jolteon, ,Normal,Flying,55242,Pidgey2,Pidgey,RTG6 - Finisher,00:35:51.77,00:36:02.47,02:21:35.44,39,0,0,36,2,47,QUICK ATTACK,WING ATTACK,SAND-ATTACK,AGILITY,10,22,5,29,0,0,0,0,96,102,61,58,53,53,70,12790,11585,11156,9800,9800,11910,15,15,15,15,0,0,0,0,0,-1,0,76,73,53,53,70,511723,144540,336831,28345,2007,6,0,0,4110,3633,477,0,361,123,93,30,1,0,12552,8764,996,996,458,67,164,0,0,0,0,0,46,0,7,0,0,3,0,0,0,0,0,0,0,0,0,0,0,0,6,2,0,0,0,0,0,0,9,0,0,0,0,226,55107,0,0,0,0,18,31,0,0,0,6,0,2,0,Jolteon
4-14,08:36:03,NINTEN,Pidgey,Jr Trainer F,8,Route 10,2,36:18.32,36:18,0h36m18s,0,0,0,39,2:22,9.171,QUICK ATTACK,WING ATTACK,SAND-ATTACK,AGILITY,6,4146,365,94,30,490,473,251,18,34589,Jolteon, ,Normal,Flying,55997,Pidgey2,Pidgey,,00:36:09.15,00:36:18.32,02:22:38.16,39,0,0,36,18,32,QUICK ATTACK,WING ATTACK,SAND-ATTACK,AGILITY,6,22,5,29,0,0,0,0,90,102,61,58,53,53,70,12893,11690,11251,9885,9885,12037,15,15,15,15,0,0,0,0,0,0,0,68,65,53,53,70,515475,145649,339474,28345,2007,6,0,0,4146,3633,513,0,365,124,94,30,1,0,12762,8875,1002,1002,462,68,165,0,0,0,0,0,47,0,7,0,0,3,0,0,0,0,0,0,0,0,0,0,0,0,6,2,0,0,0,0,0,0,9,0,0,0,0,228,55862,0,0,0,0,19,31,0,0,0,6,0,2,0,Jolteon
4-14,08:36:21,NINTEN,Pidgey,Pokemaniac,2,Route 10,2,36:36.20,36:36,0h36m36s,0,0,0,40,2:23,12.872,QUICK ATTACK,WING ATTACK,SAND-ATTACK,AGILITY,6,4173,369,95,30,496,479,255,18,35009,Jolteon, ,Normal,Flying,56792,Pidgey2,Pidgey,RTG3 - Pokemaniac 2,00:36:23.32,00:36:36.20,02:23:48.54,40,0,0,36,36,20,QUICK ATTACK,WING ATTACK,SAND-ATTACK,AGILITY,0,22,5,29,0,0,0,0,85,105,63,59,55,55,72,13033,11805,11411,9965,9965,12087,15,15,15,15,-1,0,0,0,0,0,0,46,66,55,55,72,519713,146338,343023,28345,2007,6,0,0,4173,3633,540,0,369,125,95,30,1,0,12912,8997,1010,1010,468,70,167,0,0,0,0,0,47,0,7,0,0,3,0,0,0,0,0,0,0,0,0,0,0,0,6,2,0,0,0,0,0,0,9,0,0,0,0,230,56657,0,0,0,0,19,31,0,0,0,6,0,2,0,Jolteon
4-14,08:36:54,NINTEN,Pidgey,Lass,16,Route 8,2,37:09.46,37:09,0h37m9s,0,0,0,40,2:26,6.462,SWIFT,WING ATTACK,QUICK ATTACK,AGILITY,6,4327,398,96,30,498,481,255,18,36009,Jolteon, ,Normal,Flying,57430,Pidgey2,Pidgey,,00:37:02.99,00:37:09.46,02:26:00.07,40,0,0,37,9,46,SWIFT,WING ATTACK,QUICK ATTACK,AGILITY,18,22,0,29,0,0,0,0,85,105,63,59,55,55,72,13173,11895,11507,10085,10085,12157,15,15,15,15,0,0,0,0,0,0,0,70,66,55,55,72,527586,150258,345361,29960,2007,6,0,0,4327,3716,611,0,398,126,96,30,1,0,13061,9129,1010,1010,468,70,167,0,0,0,0,0,47,0,7,0,0,3,0,0,0,0,0,0,0,0,0,0,0,0,6,2,0,0,0,0,0,0,9,0,0,0,0,232,57295,0,0,0,0,19,31,0,0,0,7,0,2,0,Jolteon
4-14,08:37:03,NINTEN,Pidgey,Gambler,7,Route 8,2,37:18.40,37:18,0h37m18s,0,0,0,40,2:26,5.957,SWIFT,WING ATTACK,QUICK ATTACK,AGILITY,6,4331,399,97,30,500,483,255,18,36339,Jolteon, ,Normal,Flying,58222,Pidgey2,Pidgey,,00:37:12.45,00:37:18.40,02:26:35.17,40,0,0,37,18,40,SWIFT,WING ATTACK,QUICK ATTACK,AGILITY,16,22,0,29,0,0,0,0,85,105,63,59,55,55,72,13266,12006,11592,10200,10200,12282,15,15,15,15,0,0,0,0,0,0,0,70,66,55,55,72,529696,150428,347301,29960,2007,6,0,0,4331,3720,611,0,399,127,97,30,1,0,13210,9249,1010,1010,468,70,167,0,0,0,0,0,47,0,7,0,0,3,0,0,0,0,0,0,0,0,0,0,0,0,6,2,0,0,0,0,0,0,9,0,0,0,0,234,58087,0,0,0,0,19,31,0,0,0,7,0,2,0,Jolteon
4-14,08:37:16,NINTEN,Pidgey,Super Nerd,4,Route 8,3,37:31.09,37:31,0h37m31s,0,0,0,40,2:27,9.268,SWIFT,WING ATTACK,QUICK ATTACK,AGILITY,6,4342,400,98,30,504,487,256,18,38019,Jolteon, ,Normal,Flying,59807,Pidgey2,Pidgey,,00:37:21.83,00:37:31.09,02:27:25.14,40,0,0,37,31,9,SWIFT,WING ATTACK,QUICK ATTACK,AGILITY,12,22,0,29,0,0,0,0,79,105,63,59,55,55,72,13531,12271,11767,10345,10345,12382,15,15,15,15,0,0,0,0,0,0,0,70,66,55,55,72,532693,150744,349982,29960,2007,6,0,0,4342,3731,611,0,400,128,98,30,1,0,13469,9470,1016,1016,468,70,168,0,0,0,0,0,47,0,7,0,0,3,0,0,0,0,0,0,0,0,0,0,0,0,6,2,0,0,0,0,0,0,9,0,0,0,0,237,59672,0,0,0,0,19,31,0,0,0,7,0,2,0,Jolteon
4-14,08:37:34,NINTEN,Pidgey,Lass,15,Route 8,5,37:49.51,37:49,0h37m49s,0,0,0,40,2:28,14.199,SWIFT,WING ATTACK,QUICK ATTACK,AGILITY,6,4357,400,99,30,509,492,256,18,38569,Jolteon, ,Normal,Flying,61024,Pidgey2,Pidgey,,00:37:35.31,00:37:49.51,02:28:37.47,40,0,0,37,49,51,SWIFT,WING ATTACK,QUICK ATTACK,AGILITY,10,19,0,29,0,0,0,0,79,105,63,59,55,55,72,13742,12521,11969,10525,10525,12691,15,15,15,15,0,0,0,0,0,0,0,70,66,55,55,72,537047,151248,353832,29960,2007,6,0,0,4357,3746,611,0,400,129,99,30,1,0,13870,9708,1016,1016,471,70,168,0,0,0,0,0,48,0,7,0,0,3,0,0,0,0,0,0,0,0,0,0,0,0,6,2,0,0,0,0,0,0,9,0,0,0,0,242,60889,0,0,0,0,19,31,0,0,0,7,0,2,0,Jolteon
4-14,08:37:46,NINTEN,Pidgey,Lass,14,Route 8,3,38:00.97,38:00,0h38m0s,0,0,0,41,2:29,8.726,SWIFT,WING ATTACK,QUICK ATTACK,AGILITY,6,4359,400,100,30,512,495,256,18,38854,Jolteon, ,Normal,Flying,62086,Pidgey2,Pidgey,,00:37:52.24,00:38:00.97,02:29:22.51,41,0,0,38,0,97,SWIFT,WING ATTACK,QUICK ATTACK,AGILITY,7,19,0,29,0,0,0,0,81,107,65,61,56,56,74,13862,12656,12074,10645,10645,12961,15,15,15,15,0,0,0,0,0,0,0,73,68,56,56,74,539750,151409,356374,29960,2007,6,0,0,4359,3748,611,0,400,130,100,30,1,0,14134,9879,1016,1016,471,70,168,0,0,0,0,0,48,0,7,0,0,3,0,0,0,0,0,0,0,0,0,0,0,0,6,2,0,0,0,0,0,0,9,0,0,0,0,245,61951,0,0,0,0,19,31,0,0,0,7,0,2,0,Jolteon
4-14,08:37:56,NINTEN,Pidgey,Super Nerd,5,Route 8,1,38:10.77,38:10,0h38m10s,0,0,0,41,2:30,5.655,SWIFT,WING ATTACK,QUICK ATTACK,AGILITY,6,4360,400,101,30,514,497,257,18,39214,Jolteon,Poisoned,Normal,Flying,62720,Pidgey2,Pidgey,,00:38:05.12,00:38:10.77,02:30:01.23,41,0,0,38,10,77,SWIFT,WING ATTACK,QUICK ATTACK,AGILITY,5,19,0,29,0,0,0,0,75,107,65,61,56,56,74,13902,12721,12169,10705,10705,12996,15,15,15,15,0,0,0,0,0,0,0,73,68,56,56,74,542062,151614,358481,29960,2007,6,0,0,4360,3749,611,0,400,131,101,30,1,0,14211,9939,1022,1022,471,70,169,0,0,0,0,0,48,0,7,0,0,3,0,0,0,0,0,0,0,1,0,0,0,0,6,2,0,0,0,0,0,0,9,0,0,0,0,246,62585,0,0,0,0,19,31,0,0,0,7,0,2,0,Jolteon
4-14,08:38:11,NINTEN,Pidgey,Lass,13,Route 8,2,38:26.35,38:26,0h38m26s,0,0,0,41,2:31,9.018,SWIFT,WING ATTACK,QUICK ATTACK,AGILITY,6,4361,401,102,30,517,500,258,18,39864,Jolteon, ,Normal,Flying,63585,Pidgey2,Pidgey,,00:38:17.33,00:38:26.35,02:31:02.44,41,0,0,38,26,35,SWIFT,WING ATTACK,QUICK ATTACK,AGILITY,3,18,0,29,0,0,0,0,67,107,65,61,56,56,74,14027,12830,12288,10800,10800,13093,15,15,15,15,0,0,0,0,0,0,0,73,68,56,56,74,545743,151798,361113,30825,2007,6,0,0,4361,3750,611,0,401,132,102,30,1,0,14374,10068,1030,1030,472,70,170,0,0,0,0,0,48,0,7,0,0,3,0,0,0,0,0,0,0,1,0,0,0,0,6,2,0,0,0,0,0,0,9,0,0,0,0,248,63450,0,0,0,0,19,31,0,0,0,7,0,2,0,Jolteon
4-14,08:38:27,NINTEN,Pidgey,Gambler,5,Route 8,3,38:41.88,38:41,0h38m41s,0,0,0,41,2:32,10.066,SWIFT,WING ATTACK,QUICK ATTACK,AGILITY,6,4390,402,103,30,521,504,259,18,40209,Jolteon, ,Normal,Flying,64927,Pidgey2,Pidgey,,00:38:31.82,00:38:41.88,02:32:04.01,41,0,0,38,41,88,SWIFT,WING ATTACK,QUICK ATTACK,AGILITY,1,16,0,29,0,0,0,0,67,107,65,61,56,56,74,14172,12995,12433,10930,10930,13363,15,15,15,15,0,0,0,0,0,0,0,73,68,56,56,74,549420,152616,363972,30825,2007,6,0,0,4390,3779,611,0,402,133,103,30,1,0,14636,10238,1030,1030,474,70,170,0,0,0,0,0,49,0,7,0,0,3,0,0,0,0,0,0,0,1,0,0,0,0,6,2,0,0,0,0,0,0,9,0,0,0,0,251,64792,0,0,0,0,19,31,0,0,0,7,0,2,0,Jolteon
4-14,08:39:14,NINTEN,Pidgey,Rocket,7,Celadon City - Game Corner,2,39:29.21,39:29,0h39m29s,0,0,0,41,2:35,6.143,SWIFT,WING ATTACK,QUICK ATTACK,AGILITY,6,4599,412,104,30,523,506,259,17,41749,Jolteon, ,Normal,Flying,65654,Pidgey2,Pidgey,,00:39:23.06,00:39:29.21,02:35:10.58,41,0,0,39,29,21,SWIFT,WING ATTACK,QUICK ATTACK,AGILITY,18,35,30,30,0,0,0,0,107,107,65,61,56,56,74,14267,13121,12528,11020,11020,13515,15,15,15,15,0,0,0,0,0,0,0,73,68,56,56,74,560637,161337,365916,31377,2007,6,0,0,4599,3988,611,0,412,134,104,30,1,0,14882,10342,1030,1030,474,70,170,0,0,0,0,0,50,0,7,0,0,3,0,0,0,0,0,0,0,1,0,0,0,0,6,2,0,0,0,0,0,0,9,0,0,0,0,253,65519,0,0,0,0,22,31,0,0,0,7,0,2,0,Jolteon
4-14,08:39:40,NINTEN,Pidgey,Rocket,13,Rocket Hideout 2,5,39:55.29,39:55,0h39m55s,0,0,0,42,2:36,15.182,SWIFT,WING ATTACK,QUICK ATTACK,AGILITY,6,4655,417,105,30,528,511,259,17,42349,Jolteon, ,Normal,Flying,67208,Pidgey2,Pidgey,,00:39:40.10,00:39:55.29,02:36:53.45,42,0,0,39,55,29,SWIFT,WING ATTACK,QUICK ATTACK,AGILITY,16,32,30,30,0,0,0,0,110,110,67,62,57,57,76,14522,13437,12803,11250,11250,13782,15,15,15,15,0,0,0,0,0,0,0,75,69,57,57,76,566804,163434,369986,31377,2007,6,0,0,4655,4044,611,0,417,135,105,30,1,0,15216,10575,1030,1030,477,70,170,0,0,0,0,0,50,0,7,0,0,3,0,0,0,0,0,0,0,1,0,0,0,0,6,2,0,0,0,0,0,0,9,0,0,0,0,258,67073,0,0,0,0,23,31,0,0,0,7,0,2,0,Jolteon
4-14,08:40:07,NINTEN,Pidgey,Rocket,15,Rocket Hideout 3,2,40:22.07,40:22,0h40m22s,0,0,0,42,2:38,6.877,SWIFT,WING ATTACK,QUICK ATTACK,AGILITY,6,4765,428,106,30,530,513,259,18,42859,Jolteon, ,Normal,Flying,68000,Pidgey2,Pidgey,,00:40:15.19,00:40:22.07,02:38:39.45,42,0,0,40,22,7,SWIFT,WING ATTACK,QUICK ATTACK,AGILITY,16,30,30,30,0,0,0,0,110,110,67,62,57,57,76,14662,13597,12903,11320,11320,13852,15,15,15,15,0,0,0,0,0,0,0,75,69,57,57,76,573164,167377,372403,31377,2007,6,0,0,4765,4154,611,0,428,136,106,30,1,0,15397,10701,1030,1030,479,70,170,0,0,0,0,0,50,0,7,0,0,3,0,0,0,0,0,0,0,1,0,0,0,0,6,2,0,0,0,0,0,0,9,0,0,0,0,260,67865,0,0,0,0,25,31,0,0,0,7,0,2,0,Jolteon
4-14,08:41:01,NINTEN,Pidgey,Lass,17,Celadon City - Gym,2,41:15.65,41:15,0h41m15s,0,0,0,42,2:42,7.422,WING ATTACK,SWIFT,QUICK ATTACK,AGILITY,6,5055,458,107,30,532,515,259,20,43489,Jolteon, ,Normal,Flying,69158,Pidgey2,Pidgey,,00:41:08.23,00:41:15.65,02:42:11.55,42,0,0,41,15,65,WING ATTACK,SWIFT,QUICK ATTACK,AGILITY,28,16,30,30,0,0,0,0,110,110,67,62,57,57,76,14777,13762,12988,11475,11475,13947,15,15,15,15,0,0,0,0,0,0,0,75,69,57,57,76,585894,175705,374642,33540,2007,6,0,0,5055,4444,611,0,458,137,107,30,1,0,15597,10826,1030,1030,481,70,170,0,0,0,0,0,50,0,7,0,0,3,0,0,0,0,0,0,0,1,0,0,0,0,6,2,0,0,0,0,0,0,9,0,0,0,0,262,69023,0,0,0,0,30,31,0,0,0,7,0,2,0,Jolteon
4-14,08:41:11,NINTEN,Pidgey,Beauty,2,Celadon City - Gym,2,41:26.16,41:26,0h41m26s,0,0,0,42,2:42,6.512,WING ATTACK,SWIFT,QUICK ATTACK,AGILITY,6,5061,458,108,30,534,517,259,20,43834,Jolteon, ,Normal,Flying,70022,Pidgey2,Pidgey,,00:41:19.64,00:41:26.16,02:42:53.20,42,0,0,41,26,16,WING ATTACK,SWIFT,QUICK ATTACK,AGILITY,26,16,30,30,0,0,0,0,110,110,67,62,57,57,76,14877,13912,13058,11615,11615,14027,15,15,15,15,0,0,0,0,0,0,0,75,69,57,57,76,588379,176175,376657,33540,2007,6,0,0,5061,4450,611,0,458,138,108,30,1,0,15807,10948,1030,1030,483,70,170,0,0,0,0,0,50,0,7,0,0,3,0,0,0,0,0,0,0,1,0,0,0,0,6,2,0,0,0,0,0,0,9,0,0,0,0,264,69887,0,0,0,0,30,31,0,0,0,7,0,2,0,Jolteon
4-14,08:41:27,NINTEN,Pidgey,Beauty,1,Celadon City - Gym,4,41:42.01,41:42,0h41m42s,0,0,0,42,2:43,11.496,WING ATTACK,SWIFT,QUICK ATTACK,AGILITY,6,5071,460,109,30,538,521,259,20,45514,Jolteon, ,Normal,Flying,71480,Pidgey2,Pidgey,,00:41:30.52,00:41:42.01,02:43:55.49,42,0,0,41,42,1,WING ATTACK,SWIFT,QUICK ATTACK,AGILITY,22,16,30,30,0,0,0,0,110,110,67,62,57,57,76,15067,14162,13238,11905,11905,14167,15,15,15,15,0,0,0,0,0,0,0,75,69,57,57,76,592128,176727,379854,33540,2007,6,0,0,5071,4460,611,0,460,139,109,30,1,0,16216,11164,1030,1030,487,70,170,0,0,0,0,0,50,0,7,0,0,3,0,0,0,0,0,0,0,1,0,0,0,0,6,2,0,0,0,0,0,0,9,0,0,0,0,268,71345,0,0,0,0,30,31,0,0,0,7,0,2,0,Jolteon
4-14,08:41:38,NINTEN,Pidgey,Jr Trainer F,11,Celadon City - Gym,2,41:53.48,41:53,0h41m53s,0,0,0,43,2:44,7.552,WING ATTACK,SWIFT,QUICK ATTACK,AGILITY,6,5081,465,110,30,540,523,259,20,46984,Jolteon, ,Normal,Flying,72532,Pidgey2,Pidgey,,00:41:45.93,00:41:53.48,02:44:41.04,43,0,0,41,53,48,WING ATTACK,SWIFT,QUICK ATTACK,AGILITY,20,16,30,30,0,0,0,0,113,113,69,64,59,59,78,15172,14273,13350,12050,12050,14272,15,15,15,15,0,0,0,0,0,0,0,77,72,59,59,78,594843,177168,382128,33540,2007,6,0,0,5081,4470,611,0,465,140,110,30,1,0,16374,11289,1030,1030,489,70,170,0,0,0,0,0,50,0,7,0,0,3,0,0,0,0,0,0,0,1,0,0,0,0,6,2,0,0,0,0,0,0,9,0,0,0,0,270,72397,0,0,0,0,30,31,0,0,0,7,0,2,0,Jolteon
4-14,08:41:52,NINTEN,Pidgey,Lass,18,Celadon City - Gym,2,42:07.50,42:07,0h42m7s,0,0,0,43,2:45,6.59,WING ATTACK,SWIFT,QUICK ATTACK,AGILITY,6,5083,475,111,30,542,525,259,20,47464,Jolteon, ,Normal,Flying,73565,Pidgey2,Pidgey,,00:42:00.91,00:42:07.50,02:45:36.08,43,0,0,42,7,50,WING ATTACK,SWIFT,QUICK ATTACK,AGILITY,18,16,30,30,0,0,0,0,113,113,69,64,59,59,78,15277,14388,13475,12210,12210,14342,15,15,15,15,0,0,0,0,0,0,0,77,72,59,59,78,598147,177509,384486,34145,2007,6,0,0,5083,4472,611,0,475,141,111,30,1,0,16534,11410,1030,1030,491,70,170,0,0,0,0,0,50,0,7,0,0,3,0,0,0,0,0,0,0,1,0,0,0,0,6,2,0,0,0,0,0,0,9,0,0,0,0,272,73430,0,0,0,0,30,31,0,0,0,7,0,2,0,Jolteon
4-14,08:42:05,NINTEN,Pidgey,Cooltrainer F,1,Celadon City - Gym,3,42:20.06,42:20,0h42m20s,0,0,0,43,2:46,9.428,WING ATTACK,SWIFT,QUICK ATTACK,AGILITY,6,5084,475,112,30,545,528,259,20,47809,Jolteon, ,Normal,Flying,75742,Pidgey2,Pidgey,,00:42:10.63,00:42:20.06,02:46:25.36,43,0,0,42,20,6,WING ATTACK,SWIFT,QUICK ATTACK,AGILITY,15,16,30,30,0,0,0,0,113,113,69,64,59,59,78,15462,14605,13658,12460,12460,14497,15,15,15,15,0,0,0,0,0,0,0,77,72,59,59,78,601115,177780,387183,34145,2007,6,0,0,5084,4473,611,0,475,142,112,30,1,0,16784,11611,1030,1030,494,70,170,0,0,0,0,0,50,0,7,0,0,3,0,0,0,0,0,0,0,1,0,0,0,0,6,2,0,0,0,0,0,0,9,0,0,0,0,275,75607,0,0,0,0,30,31,0,0,0,7,0,2,0,Jolteon
4-14,08:42:14,NINTEN,Pidgey,Beauty,3,Celadon City - Gym,1,42:29.39,42:29,0h42m29s,0,0,0,43,2:47,6.17,WING ATTACK,SWIFT,QUICK ATTACK,AGILITY,6,5086,475,113,30,547,530,260,20,48649,Jolteon, ,Normal,Flying,76288,Pidgey2,Pidgey,,00:42:23.23,00:42:29.39,02:47:02.27,43,0,0,42,29,39,WING ATTACK,SWIFT,QUICK ATTACK,AGILITY,14,16,29,30,0,0,0,0,113,113,69,64,59,59,78,15522,14645,13738,12520,12520,14537,15,15,15,15,0,0,0,0,0,0,0,77,72,59,59,78,603326,178029,389145,34145,2007,6,0,0,5086,4475,611,0,475,143,113,30,1,0,16857,11682,1030,1030,496,70,171,0,0,0,0,0,50,0,7,0,0,3,0,0,0,0,0,0,0,1,0,0,0,0,6,2,0,0,0,0,0,0,9,0,0,0,0,276,76153,0,0,0,0,30,31,0,0,0,7,0,2,0,Jolteon
4-14,08:42:45,NINTEN,Pidgey,Erika,1,Celadon City - Gym,3,43:00.11,43:00,0h43m0s,0,0,0,44,2:49,23.429,WING ATTACK,SWIFT,QUICK ATTACK,AGILITY,7,5088,476,114,30,557,538,265,20,50469,Jolteon, ,Normal,Flying,79293,Pidgey2,Pidgey,Erika,00:42:36.68,00:43:00.11,02:49:04.10,44,0,0,43,0,11,WING ATTACK,SWIFT,QUICK ATTACK,AGILITY,9,16,29,27,0,0,0,0,90,116,71,66,61,61,80,15712,14855,13973,12790,12790,14692,15,15,15,15,0,-1,0,0,6,0,0,88,48,61,61,320,610629,178754,395193,34675,2007,7,0,0,5088,4477,611,0,476,144,114,30,1,0,17204,11938,1056,1056,501,70,176,0,0,0,0,0,51,0,8,0,0,3,0,0,0,0,0,0,0,1,0,0,0,0,6,2,0,0,0,0,0,0,9,0,0,0,0,279,79158,0,0,0,0,30,31,0,0,0,7,0,2,0,Jolteon
4-14,08:46:13,NINTEN,Pidgey,Rival4-Pkmn Tower,2,Pokemon Tower - 2F,5,46:28.00,46:28,0h46m28s,0,0,0,44,3:02,17.16,WING ATTACK,SWIFT,FLY,AGILITY,7,5456,524,115,30,564,543,269,16,2687,Jolteon, ,Normal,Flying,81823,Pidgey2,Pidgey,Rival (Pokemon Tower),00:46:10.84,00:46:28.00,03:02:46.45,44,0,0,46,28,0,WING ATTACK,SWIFT,FLY,AGILITY,35,17,13,30,0,0,0,0,106,117,75,66,64,64,80,18510,27981,14313,20736,20736,14992,15,15,15,15,0,0,0,0,0,0,0,84,74,64,64,80,659984,214445,400077,43455,2007,7,0,0,5456,4845,611,0,524,145,115,30,1,0,17590,12230,1067,1067,503,71,178,0,0,0,0,0,51,0,8,0,0,3,0,0,0,0,0,0,0,1,0,0,0,0,6,2,0,0,0,0,0,0,9,0,0,0,0,284,81688,0,0,0,0,30,57,15,0,0,8,0,2,0,Jolteon
4-14,08:46:30,NINTEN,Pidgey,Channeler,6,Pokemon Tower - 3F,1,46:44.99,46:44,0h46m44s,0,0,0,44,3:03,4.133,WING ATTACK,SWIFT,FLY,AGILITY,7,5488,528,116,30,565,544,269,16,4312,Jolteon, ,Normal,Flying,82310,Pidgey2,Pidgey,,00:46:40.85,00:46:44.99,03:03:53.57,44,0,0,46,44,99,WING ATTACK,SWIFT,FLY,AGILITY,34,17,13,30,0,0,0,0,106,117,75,66,64,64,80,18540,28016,14343,20836,20836,15072,15,15,15,15,0,0,0,0,0,0,0,84,74,64,64,80,664016,215934,401491,44584,2007,7,0,0,5488,4877,611,0,528,146,116,30,1,0,17705,12282,1067,1067,504,71,178,0,0,0,0,0,52,0,8,0,0,3,0,0,0,0,0,0,0,1,0,0,0,0,6,2,0,0,0,0,0,0,9,0,0,0,0,285,82175,0,0,0,0,30,57,15,0,0,8,0,2,0,Jolteon
4-14,08:46:37,NINTEN,Pidgey,Channeler,8,Pokemon Tower - 3F,1,46:51.55,46:51,0h46m51s,0,0,0,44,3:04,4.06,WING ATTACK,SWIFT,FLY,AGILITY,7,5494,529,117,30,566,545,269,16,5032,Jolteon, ,Normal,Flying,82757,Pidgey2,Pidgey,,00:46:47.49,00:46:51.55,03:04:19.47,44,0,0,46,51,55,WING ATTACK,SWIFT,FLY,AGILITY,33,17,13,30,0,0,0,0,106,117,75,66,64,64,80,18570,28051,14373,20936,20936,15152,15,15,15,15,0,0,0,0,0,0,0,84,74,64,64,80,665566,216113,402862,44584,2007,7,0,0,5494,4883,611,0,529,147,117,30,1,0,17783,12330,1067,1067,505,71,178,0,0,0,0,0,52,0,8,0,0,3,0,0,0,0,0,0,0,1,0,0,0,0,6,2,0,0,0,0,0,0,9,0,0,0,0,286,82622,0,0,0,0,30,57,15,0,0,8,0,2,0,Jolteon
4-14,08:46:48,NINTEN,Pidgey,Agatha Jr,10,Pokemon Tower - 4F,2,47:03.20,47:03,0h47m3s,0,0,0,45,3:05,7.36,WING ATTACK,SWIFT,FLY,AGILITY,7,5514,529,118,30,568,547,269,16,5692,Jolteon, ,Normal,Flying,83693,Pidgey2,Pidgey,,00:46:55.84,00:47:03.20,03:05:05.38,45,0,0,47,3,20,WING ATTACK,SWIFT,FLY,AGILITY,31,17,13,30,0,0,0,0,108,119,77,68,66,66,82,18630,28121,14433,21136,21136,15312,15,15,15,15,0,0,0,0,0,0,0,86,76,66,66,82,668317,216700,405026,44584,2007,7,0,0,5514,4903,611,0,529,148,118,30,1,0,17923,12430,1067,1067,507,71,178,0,0,0,0,0,52,0,8,0,0,3,0,0,0,0,0,0,0,1,0,0,0,0,6,2,0,0,0,0,0,0,9,0,0,0,0,288,83558,0,0,0,0,30,57,15,0,0,8,0,2,0,Jolteon
4-14,08:46:56,NINTEN,Pidgey,Channeler,12,Pokemon Tower - 4F,1,47:11.41,47:11,0h47m11s,0,0,0,45,3:05,4.136,WING ATTACK,SWIFT,FLY,AGILITY,7,5519,536,119,30,569,548,269,16,6382,Jolteon, ,Normal,Flying,84140,Pidgey2,Pidgey,,00:47:07.28,00:47:11.41,03:05:37.54,45,0,0,47,11,41,WING ATTACK,SWIFT,FLY,AGILITY,30,17,13,30,0,0,0,0,108,119,77,68,66,66,82,18660,28156,14463,21236,21236,15392,15,15,15,15,0,0,0,0,0,0,0,86,76,66,66,82,670253,216951,406711,44584,2007,7,0,0,5519,4908,611,0,536,149,119,30,1,0,18006,12478,1067,1067,508,71,178,0,0,0,0,0,52,0,8,0,0,3,0,0,0,0,0,0,0,1,0,0,0,0,6,2,0,0,0,0,0,0,9,0,0,0,0,289,84005,0,0,0,0,30,57,15,0,0,8,0,2,0,Jolteon
4-14,08:47:12,NINTEN,Pidgey,Channeler,9,Pokemon Tower - 4F,1,47:27.00,47:27,0h47m27s,0,0,0,45,3:06,4.056,WING ATTACK,SWIFT,FLY,AGILITY,7,5550,557,120,30,570,549,269,16,7042,Jolteon, ,Normal,Flying,84627,Pidgey2,Pidgey,,00:47:22.95,00:47:27.00,03:06:39.33,45,0,0,47,27,0,WING ATTACK,SWIFT,FLY,AGILITY,29,17,13,30,0,0,0,0,108,120,77,68,66,66,82,21250,28191,14493,21336,21336,15472,15,15,15,15,0,0,0,0,0,0,0,86,76,66,66,82,673952,218496,408075,45374,2007,7,0,0,5550,4939,611,0,557,150,120,30,1,0,18086,12530,1067,1067,509,71,178,0,0,0,0,0,52,0,8,0,0,3,0,0,0,0,0,0,0,1,0,0,0,0,6,2,0,0,0,0,0,0,9,0,0,0,0,290,84492,0,0,0,0,32,57,15,0,0,8,0,2,0,Jolteon
4-14,08:47:22,NINTEN,Pidgey,Channeler,16,Pokemon Tower - 5F,1,47:36.78,47:36,0h47m36s,0,0,0,45,3:07,4.074,WING ATTACK,SWIFT,FLY,AGILITY,7,5572,564,121,30,571,550,269,16,7762,Jolteon, ,Normal,Flying,85074,Pidgey2,Pidgey,,00:47:32.70,00:47:36.78,03:07:18.03,45,0,0,47,36,78,WING ATTACK,SWIFT,FLY,AGILITY,28,17,13,30,0,0,0,0,108,120,77,68,66,66,82,21280,28226,14523,21436,21436,15552,15,15,15,15,0,0,0,0,0,0,0,86,76,66,66,82,676262,219432,409449,45374,2007,7,0,0,5572,4961,611,0,564,151,121,30,1,0,18162,12578,1067,1067,510,71,178,0,0,0,0,0,52,0,8,0,0,3,0,0,0,0,0,0,0,1,0,0,0,0,6,2,0,0,0,0,0,0,9,0,0,0,0,291,84939,0,0,0,0,33,57,15,0,0,8,0,2,0,Jolteon
4-14,08:47:29,NINTEN,Pidgey,Channeler,14,Pokemon Tower - 5F,1,47:44.06,47:44,0h47m44s,0,0,0,45,3:07,4.184,WING ATTACK,SWIFT,FLY,AGILITY,7,5580,564,122,30,572,551,269,16,8422,Jolteon, ,Normal,Flying,85695,Pidgey2,Pidgey,,00:47:39.87,00:47:44.06,03:07:46.43,45,0,0,47,44,6,WING ATTACK,SWIFT,FLY,AGILITY,27,17,13,30,0,0,0,0,108,120,77,68,66,66,82,21325,28276,14568,21551,21551,15647,15,15,15,15,0,0,0,0,0,0,0,86,76,66,66,82,677982,219749,410852,45374,2007,7,0,0,5580,4969,611,0,564,152,122,30,1,0,18220,12635,1067,1067,511,71,178,0,0,0,0,0,52,0,8,0,0,3,0,0,0,0,0,0,0,1,0,0,0,0,6,2,0,0,0,0,0,0,9,0,0,0,0,292,85560,0,0,0,0,33,57,15,0,0,8,0,2,0,Jolteon
4-14,08:47:38,NINTEN,Pidgey,Channeler,17,Pokemon Tower - 5F,1,47:53.20,47:53,0h47m53s,0,0,0,45,3:08,4.158,WING ATTACK,SWIFT,FLY,AGILITY,7,5594,569,123,30,573,552,269,16,9112,Jolteon, ,Normal,Flying,86182,Pidgey2,Pidgey,,00:47:49.05,00:47:53.20,03:08:22.49,45,0,0,47,53,20,WING ATTACK,SWIFT,FLY,AGILITY,34,20,15,30,0,0,0,0,120,120,77,68,66,66,82,21355,28311,14598,21651,21651,15727,15,15,15,15,0,0,0,0,0,0,0,86,76,66,66,82,680148,220541,412226,45374,2007,7,0,0,5594,4983,611,0,569,153,123,30,1,0,18349,12687,1067,1067,512,71,178,0,0,0,0,0,53,0,8,0,0,3,0,0,0,0,0,0,0,1,0,0,0,0,6,2,0,0,0,0,0,0,9,0,0,0,0,293,86047,0,0,0,0,33,57,15,0,0,8,0,2,0,Jolteon
4-14,08:47:46,NINTEN,Pidgey,Channeler,18,Pokemon Tower - 5F,1,48:01.46,48:01,0h48m1s,0,0,0,45,3:08,4.17,WING ATTACK,SWIFT,FLY,AGILITY,7,5606,571,124,30,574,553,269,17,9832,Jolteon, ,Normal,Flying,86776,Pidgey2,Pidgey,,00:47:57.29,00:48:01.46,03:08:55.22,45,0,0,48,1,46,WING ATTACK,SWIFT,FLY,AGILITY,33,20,15,30,0,0,0,0,120,120,77,68,66,66,82,21400,28361,14643,21766,21766,15822,15,15,15,15,0,0,0,0,0,0,0,86,76,66,66,82,682101,221110,413610,45374,2007,7,0,0,5606,4995,611,0,571,154,124,30,1,0,18407,12742,1067,1067,513,71,178,0,0,0,0,0,53,0,8,0,0,3,0,0,0,0,0,0,0,1,0,0,0,0,6,2,0,0,0,0,0,0,9,0,0,0,0,294,86641,0,0,0,0,34,57,15,0,0,8,0,2,0,Jolteon
4-14,08:47:55,NINTEN,Pidgey,Channeler,21,Pokemon Tower - 6F,1,48:10.28,48:10,0h48m10s,0,0,0,45,3:09,4.069,WING ATTACK,SWIFT,FLY,AGILITY,7,5634,574,125,30,575,554,269,17,10492,Jolteon, ,Normal,Flying,87263,Pidgey2,Pidgey,,00:48:06.21,00:48:10.28,03:09:30.04,45,0,0,48,10,28,WING ATTACK,SWIFT,FLY,AGILITY,32,20,15,30,0,0,0,0,120,120,77,68,66,66,82,21430,28396,14673,21866,21866,15902,15,15,15,15,0,0,0,0,0,0,0,86,76,66,66,82,684183,221840,414962,45374,2007,7,0,0,5634,5023,611,0,574,155,125,30,1,0,18483,12794,1067,1067,514,71,178,0,0,0,0,0,53,0,8,0,0,3,0,0,0,0,0,0,0,1,0,0,0,0,6,2,0,0,0,0,0,0,9,0,0,0,0,295,87128,0,0,0,0,34,57,15,0,0,8,0,2,0,Jolteon
4-14,08:48:02,NINTEN,Pidgey,Channeler,20,Pokemon Tower - 6F,1,48:17.00,48:17,0h48m17s,0,0,0,45,3:09,4.061,WING ATTACK,SWIFT,FLY,AGILITY,7,5643,575,126,30,576,555,269,17,11212,Jolteon, ,Normal,Flying,87750,Pidgey2,Pidgey,,00:48:12.94,00:48:17.00,03:09:56.30,45,0,0,48,17,0,WING ATTACK,SWIFT,FLY,AGILITY,31,20,15,30,0,0,0,0,120,120,77,68,66,66,82,21460,28431,14703,21966,21966,15982,15,15,15,15,0,0,0,0,0,0,0,86,76,66,66,82,685769,222077,416311,45374,2007,7,0,0,5643,5032,611,0,575,156,126,30,1,0,18557,12846,1067,1067,515,71,178,0,0,0,0,0,53,0,8,0,0,3,0,0,0,0,0,0,0,1,0,0,0,0,6,2,0,0,0,0,0,0,9,0,0,0,0,296,87615,0,0,0,0,34,57,15,0,0,8,0,2,0,Jolteon
4-14,08:48:30,NINTEN,Pidgey,Rocket,44,Pokemon Tower - 7F,3,48:45.02,48:45,0h48m45s,0,0,0,46,3:11,13.495,WING ATTACK,SWIFT,FLY,AGILITY,7,5668,575,127,31,581,559,271,17,11932,Jolteon,Poisoned,Normal,Flying,89999,Pidgey2,Pidgey,,00:48:31.53,00:48:45.02,03:11:47.13,46,0,0,48,45,2,WING ATTACK,SWIFT,FLY,AGILITY,31,17,14,30,0,0,0,0,105,123,79,69,68,68,85,21625,28651,14927,22156,22156,16212,15,15,15,15,0,0,0,0,0,0,0,88,77,68,68,85,692412,223691,421340,45374,2007,7,0,0,5668,5057,611,0,575,158,127,31,1,0,18804,13057,1085,1085,516,72,179,0,0,0,0,0,53,0,8,0,0,3,0,0,0,0,0,0,0,2,0,0,0,0,6,2,0,0,0,0,0,0,9,0,0,0,0,299,89864,0,0,0,0,35,57,15,0,0,8,0,2,0,Jolteon
4-14,08:49:15,NINTEN,Pidgey,Biker,5,Route 16,2,49:29.76,49:29,0h49m29s,0,0,0,46,3:14,9.282,WING ATTACK,SWIFT,FLY,AGILITY,7,5773,579,128,32,585,563,273,18,12742,Jolteon, ,Normal,Flying,91265,Pidgey2,Pidgey,,00:49:20.48,00:49:29.76,03:14:43.26,46,0,0,49,29,76,WING ATTACK,SWIFT,FLY,AGILITY,33,18,15,30,0,0,0,0,109,123,79,69,68,68,85,21745,28796,15072,22256,22256,16272,15,15,15,15,0,0,0,0,0,0,0,88,77,68,68,85,702985,228891,425110,46977,2007,7,0,0,5773,5161,612,0,579,160,128,32,2,0,18992,13213,1099,1099,518,72,181,0,0,0,0,0,53,0,8,0,0,3,0,0,0,0,0,0,0,2,0,0,0,0,6,2,0,0,0,0,0,0,9,0,0,0,0,301,91130,0,0,0,0,35,57,15,0,0,8,0,2,0,Jolteon
4-14,08:49:27,NINTEN,Pidgey,Cue Ball,1,Route 16,3,49:41.70,49:41,0h49m41s,0,0,0,46,3:15,9.246,WING ATTACK,SWIFT,FLY,AGILITY,7,5777,579,129,32,588,566,273,18,13322,Jolteon, ,Normal,Flying,92765,Pidgey2,Pidgey,,00:49:32.46,00:49:41.70,03:15:30.25,46,0,0,49,41,70,WING ATTACK,SWIFT,FLY,AGILITY,30,18,15,30,0,0,0,0,109,123,79,69,68,68,85,21925,29036,15207,22361,22361,16412,15,15,15,15,0,0,0,0,0,0,0,88,77,68,68,85,705804,229034,427786,46977,2007,7,0,0,5777,5161,616,0,579,161,129,32,2,0,19312,13439,1099,1099,521,72,181,0,0,0,0,0,53,0,8,0,0,3,0,0,0,0,0,0,0,2,0,0,0,0,6,2,0,0,0,0,0,0,9,0,0,0,0,304,92630,0,0,0,0,35,57,15,0,0,8,0,2,0,Jolteon
4-14,08:49:36,NINTEN,Pidgey,Cue Ball,2,Route 16,2,49:51.05,49:51,0h49m51s,0,0,0,46,3:16,6.625,WING ATTACK,SWIFT,FLY,AGILITY,7,5779,593,130,32,590,568,273,18,14022,Jolteon, ,Normal,Flying,93770,Pidgey2,Pidgey,,00:49:44.43,00:49:51.05,03:16:07.13,46,0,0,49,51,5,WING ATTACK,SWIFT,FLY,AGILITY,28,18,15,30,0,0,0,0,109,123,79,69,68,68,85,22035,29196,15292,22431,22431,16517,15,15,15,15,0,0,0,0,0,0,0,88,77,68,68,85,708012,229191,429837,46977,2007,7,0,0,5779,5161,618,0,593,162,130,32,2,0,19529,13589,1099,1099,523,72,181,0,0,0,0,0,53,0,8,0,0,3,0,0,0,0,0,0,0,2,0,0,0,0,6,2,0,0,0,0,0,0,9,0,0,0,0,306,93635,0,0,0,0,35,57,15,0,0,8,0,2,0,Jolteon
4-14,08:49:46,NINTEN,Pidgey,Cue Ball,3,Route 16,1,50:00.56,50:00,0h50m0s,0,0,0,46,3:16,6.241,WING ATTACK,SWIFT,FLY,AGILITY,7,5785,593,131,32,592,569,274,18,14747,Jolteon, ,Normal,Flying,94391,Pidgey2,Pidgey,,00:49:54.32,00:50:00.56,03:16:44.43,46,0,0,50,0,56,WING ATTACK,SWIFT,FLY,AGILITY,28,18,14,30,0,0,0,0,109,123,79,69,68,68,85,22105,29276,15342,22466,22466,16552,15,15,15,15,0,0,0,0,0,0,0,88,77,68,68,85,710262,229462,431816,46977,2007,7,0,0,5785,5161,624,0,593,163,131,32,2,0,19800,13683,1099,1099,524,73,181,0,0,0,0,0,54,0,8,0,0,3,0,0,0,0,0,0,0,2,0,0,0,0,6,2,0,0,0,0,0,0,9,0,0,0,0,307,94256,0,0,0,0,35,57,15,0,0,8,0,2,0,Jolteon
4-14,08:49:56,NINTEN,Pidgey,Biker,6,Route 16,1,50:10.62,50:10,0h50m10s,0,0,0,46,3:17,7.251,WING ATTACK,SWIFT,FLY,AGILITY,7,5786,593,132,32,595,572,276,18,15572,Jolteon, ,Normal,Flying,95613,Pidgey2,Pidgey,,00:50:03.36,00:50:10.62,03:17:24.22,46,0,0,50,10,62,WING ATTACK,SWIFT,FLY,AGILITY,28,15,14,30,0,0,0,0,75,123,79,69,68,68,85,22170,29366,15462,22551,22551,16612,15,15,15,15,0,0,0,0,0,0,0,88,77,68,68,85,712641,229619,434038,46977,2007,7,0,0,5786,5161,625,0,593,164,132,32,2,0,19898,13774,1133,1133,524,73,183,0,0,0,0,0,54,0,8,0,0,3,0,0,0,0,0,0,0,2,0,0,0,0,6,2,0,0,0,0,0,0,9,0,0,0,0,308,95478,0,0,0,0,35,57,15,0,0,8,0,2,0,Jolteon
4-14,08:50:14,NINTEN,Pidgey,Biker,7,Route 16,4,50:29.21,50:29,0h50m29s,0,0,0,47,3:18,12.588,WING ATTACK,SWIFT,FLY,AGILITY,7,5790,593,133,32,600,576,277,18,16232,Jolteon, ,Normal,Flying,97617,Pidgey2,Pidgey,,00:50:16.62,00:50:29.21,03:18:37.29,47,0,0,50,29,21,WING ATTACK,SWIFT,FLY,AGILITY,28,12,13,30,0,0,0,0,126,126,81,71,69,69,86,22490,29686,15662,22711,22711,16712,15,15,15,15,0,0,0,0,0,0,0,91,79,69,69,86,717028,229888,437494,47639,2007,7,0,0,5790,5161,629,0,593,165,133,32,2,0,20263,14098,1133,1133,525,74,183,0,0,0,0,0,54,0,8,0,0,3,0,0,0,0,0,0,0,2,0,0,0,0,6,2,0,0,0,0,0,0,9,0,0,0,0,312,97482,0,0,0,0,35,57,15,0,0,8,0,2,0,Jolteon
4-14,08:50:39,NINTEN,Pidgey,Biker,8,Route 17,3,50:54.46,50:54,0h50m54s,0,0,0,47,3:20,19.495,WING ATTACK,SWIFT,FLY,AGILITY,7,5814,598,134,32,611,583,285,18,16752,Jolteon,Poisoned,Normal,Flying,100377,Pidgey2,Pidgey,,00:50:34.97,00:50:54.46,03:20:17.16,47,0,0,50,54,46,WING ATTACK,SWIFT,FLY,AGILITY,28,9,9,30,0,0,0,0,79,126,81,71,69,69,86,22660,29931,15997,22941,22941,16867,15,15,15,15,0,0,0,0,0,0,0,91,79,69,69,86,723015,230445,442924,47639,2007,7,0,0,5814,5161,653,0,598,166,134,32,2,0,20542,14318,1180,1180,528,80,186,0,0,0,0,0,54,0,8,0,0,3,0,0,0,0,0,0,0,3,0,0,0,0,6,2,0,0,0,0,0,0,9,0,0,0,0,315,100242,0,0,0,0,35,57,15,0,0,8,0,2,0,Jolteon
4-14,08:50:54,NINTEN,Pidgey,Cue Ball,5,Route 17,2,51:08.87,51:08,0h51m8s,0,0,0,47,3:21,7.647,WING ATTACK,SWIFT,FLY,AGILITY,7,5821,605,135,32,614,585,286,17,17312,Jolteon, ,Normal,Flying,101829,Pidgey2,Pidgey,,00:51:01.23,00:51:08.87,03:21:13.57,47,0,0,51,8,87,WING ATTACK,SWIFT,FLY,AGILITY,27,9,8,30,0,0,0,0,126,126,81,71,69,69,86,22810,30111,16117,23026,23026,16947,15,15,15,15,0,0,0,0,0,0,0,91,79,69,69,86,726416,230922,445221,48266,2007,7,0,0,5821,5161,660,0,605,167,135,32,2,0,20786,14492,1180,1180,530,81,186,0,0,0,0,0,54,0,8,0,0,3,0,0,0,0,0,0,0,3,0,0,0,0,6,2,0,0,0,0,0,0,9,0,0,0,0,317,101694,0,0,0,0,35,57,15,0,0,8,0,2,0,Jolteon
4-14,08:51:07,NINTEN,Pidgey,Cue Ball,4,Route 17,2,51:21.79,51:21,0h51m21s,0,0,0,48,3:22,7.618,WING ATTACK,SWIFT,FLY,AGILITY,7,5831,622,136,32,616,587,286,17,18037,Jolteon, ,Normal,Flying,103213,Pidgey2,Pidgey,,00:51:14.16,00:51:21.79,03:22:04.54,48,0,0,51,21,79,WING ATTACK,SWIFT,FLY,AGILITY,25,9,8,30,0,0,0,0,129,129,83,73,71,71,88,22915,30296,16212,23121,23121,17112,15,15,15,15,0,0,0,0,0,0,0,93,82,71,71,88,729473,231697,447503,48266,2007,7,0,0,5831,5161,670,0,622,168,136,32,2,0,20991,14639,1180,1180,532,81,186,0,0,0,0,0,54,0,8,0,0,3,0,0,0,0,0,0,0,3,0,0,0,0,6,2,0,0,0,0,0,0,9,0,0,0,0,319,103078,0,0,0,0,36,57,15,0,0,8,0,2,0,Jolteon
4-14,08:51:19,NINTEN,Pidgey,Biker,10,Route 17,2,51:33.58,51:33,0h51m33s,0,0,0,48,3:22,6.46,WING ATTACK,SWIFT,FLY,AGILITY,7,5852,622,137,32,618,589,286,17,18762,Jolteon, ,Normal,Flying,104491,Pidgey2,Pidgey,,00:51:27.12,00:51:33.58,03:22:51.17,48,0,0,51,33,58,WING ATTACK,SWIFT,FLY,AGILITY,25,7,8,30,0,0,0,0,129,129,83,73,71,71,88,22995,30356,16312,23231,23231,17312,15,15,15,15,0,0,0,0,0,0,0,93,82,71,71,88,732256,232156,449827,48266,2007,7,0,0,5852,5161,691,0,622,169,137,32,2,0,21222,14771,1180,1180,532,81,186,0,0,0,0,0,55,0,8,0,0,3,0,0,0,0,0,0,0,3,0,0,0,0,6,2,0,0,0,0,0,0,9,0,0,0,0,321,104356,0,0,0,0,36,57,15,0,0,8,0,2,0,Jolteon
4-14,08:51:28,NINTEN,Pidgey,Cue Ball,6,Route 17,1,51:42.59,51:42,0h51m42s,0,0,0,48,3:23,5.583,WING ATTACK,SWIFT,FLY,AGILITY,7,5875,622,138,32,620,590,287,17,19342,Jolteon, ,Normal,Flying,105523,Pidgey2,Pidgey,,00:51:37.01,00:51:42.59,03:23:26.48,48,0,0,51,42,59,WING ATTACK,SWIFT,FLY,AGILITY,25,7,7,30,0,0,0,0,129,129,83,73,71,71,88,23075,30456,16382,23281,23281,17357,15,15,15,15,0,0,0,0,0,0,0,93,82,71,71,88,734387,232475,451639,48266,2007,7,0,0,5875,5161,714,0,622,170,138,32,2,0,21349,14872,1180,1180,533,82,186,0,0,0,0,0,55,0,8,0,0,3,0,0,0,0,0,0,0,3,0,0,0,0,6,2,0,0,0,0,0,0,9,0,0,0,0,322,105388,0,0,0,0,36,57,15,0,0,8,0,2,0,Jolteon
4-14,08:51:42,NINTEN,Pidgey,Cue Ball,8,Route 17,2,51:57.03,51:57,0h51m57s,0,0,0,48,3:24,9.919,WING ATTACK,SWIFT,FLY,AGILITY,7,5918,631,139,32,625,593,290,17,20167,Jolteon, ,Normal,Flying,107354,Pidgey2,Pidgey,,00:51:47.12,00:51:57.03,03:24:23.51,48,0,0,51,57,3,WING ATTACK,SWIFT,FLY,AGILITY,24,7,5,30,0,0,0,0,129,129,83,73,71,71,88,23220,30661,16512,23391,23391,17497,15,15,15,15,0,-1,0,0,0,0,0,104,54,71,71,88,737810,233057,454480,48266,2007,7,0,0,5918,5161,757,0,631,171,139,32,2,0,21616,15043,1180,1180,535,85,187,0,0,0,0,0,55,0,8,0,0,3,0,0,0,0,0,0,0,3,0,0,0,0,6,2,0,0,0,0,0,0,9,0,0,0,0,324,107219,0,0,0,0,36,57,15,0,0,8,0,2,0,Jolteon
4-14,08:52:17,NINTEN,Pidgey,Biker,12,Route 17,5,52:32.16,52:32,0h52m32s,0,0,0,49,3:26,22.21,WING ATTACK,SWIFT,FLY,AGILITY,8,5988,639,140,32,635,600,295,18,20892,Jolteon, ,Normal,Flying,111034,Pidgey2,Pidgey,,00:52:09.95,00:52:32.16,03:26:42.53,49,0,0,52,32,16,WING ATTACK,SWIFT,FLY,AGILITY,24,3,2,30,0,0,0,0,125,131,85,74,72,72,90,23470,31036,17037,23741,23741,17722,15,15,15,15,0,0,0,0,0,0,0,95,83,72,72,90,746152,235032,460228,48885,2007,8,0,0,5988,5161,827,0,639,172,140,32,2,0,22119,15362,1186,1186,538,89,188,0,0,0,0,0,57,0,8,0,0,3,0,0,0,0,0,0,0,3,0,0,0,0,6,2,0,0,0,0,0,0,9,0,0,0,0,329,110899,0,0,0,0,37,57,15,0,0,8,0,2,0,Jolteon
4-14,08:52:38,NINTEN,Pidgey,Bird Keeper,10,Route 18,4,52:53.44,52:53,0h52m53s,0,0,0,49,3:28,12.111,WING ATTACK,SWIFT,FLY,AGILITY,8,6073,645,141,32,639,604,295,18,21392,Jolteon, ,Normal,Flying,112901,Pidgey2,Pidgey,,00:52:41.33,00:52:53.44,03:28:06.35,49,0,0,52,53,44,WING ATTACK,SWIFT,FLY,AGILITY,21,2,2,30,0,0,0,0,125,131,85,74,72,72,90,23655,31306,17192,23895,23895,18032,15,15,15,15,0,0,0,0,0,0,0,95,83,72,72,90,751174,236394,463888,48885,2007,8,0,0,6073,5174,899,0,645,173,141,32,2,0,22558,15615,1186,1186,541,89,188,0,0,0,0,0,59,0,8,0,0,3,0,0,0,0,0,0,0,3,0,0,0,0,6,2,0,0,0,0,0,0,9,0,0,0,0,333,112766,0,0,0,0,37,57,15,0,0,8,0,2,0,Jolteon
4-14,08:52:54,NINTEN,Pidgey,Bird Keeper,8,Route 18,2,53:09.48,53:09,0h53m9s,0,0,0,49,3:29,12.337,WING ATTACK,SWIFT,FLY,AGILITY,8,6077,645,142,32,644,608,298,18,22042,Jolteon, ,Normal,Flying,114267,Pidgey2,Pidgey,,00:52:57.14,00:53:09.48,03:29:10.00,49,0,0,53,9,48,WING ATTACK,SWIFT,FLY,AGILITY,19,1,1,30,0,0,0,0,125,131,85,74,72,72,90,23760,31456,17287,23987,23987,18202,15,15,15,15,0,0,0,0,0,0,0,95,83,72,72,90,754979,236772,467315,48885,2007,8,0,0,6077,5178,899,0,645,174,142,32,2,0,22835,15762,1186,1186,543,92,188,0,0,0,0,0,60,0,8,0,0,3,0,0,0,0,0,0,0,3,0,0,0,0,6,2,0,0,0,0,0,0,9,0,0,0,0,335,114132,0,0,0,0,37,57,15,0,0,8,0,2,0,Jolteon
4-14,08:54:52,NINTEN,Pidgey,Blackbelt,5,Saffron City - Fighting Dojo,3,55:06.92,55:06,0h55m6s,0,0,0,49,3:36,10.518,WING ATTACK,SWIFT,FLY,AGILITY,8,6621,688,143,32,648,611,299,17,22267,Jolteon, ,Normal,Flying,116328,Pidgey2,Pidgey,,00:54:56.40,00:55:06.92,03:36:54.24,49,0,0,55,6,92,WING ATTACK,SWIFT,FLY,AGILITY,33,20,14,30,0,0,0,0,131,131,85,74,72,72,90,23935,31721,17432,24117,24117,18402,15,15,15,15,0,0,0,0,0,0,0,95,83,72,72,90,782843,256538,470293,54005,2007,8,0,0,6621,5722,899,0,688,175,143,32,2,0,23239,16007,1186,1186,546,93,188,0,0,0,0,0,60,0,8,0,0,3,0,0,0,0,0,0,0,3,0,0,0,0,6,2,0,0,0,0,0,0,9,0,0,0,0,338,116193,0,0,0,0,39,57,15,0,0,9,0,2,0,Jolteon
4-14,08:55:05,NINTEN,Pidgey,Blackbelt,3,Saffron City - Fighting Dojo,2,55:20.10,55:20,0h55m20s,0,0,0,50,3:37,10.385,WING ATTACK,SWIFT,FLY,AGILITY,8,6622,688,144,32,652,613,301,17,23042,Jolteon, ,Normal,Flying,117931,Pidgey2,Pidgey,,00:55:09.71,00:55:20.10,03:37:46.29,50,0,0,55,20,10,WING ATTACK,SWIFT,FLY,AGILITY,33,20,12,30,0,0,0,0,134,134,87,76,74,74,93,24085,31901,17552,24202,24202,18482,15,15,15,15,0,0,0,0,0,0,0,97,85,74,74,93,785968,256695,473261,54005,2007,8,0,0,6622,5723,899,0,688,176,144,32,2,0,23588,16196,1186,1186,548,95,188,0,0,0,0,0,60,0,8,0,0,3,0,0,0,0,0,0,0,3,0,0,0,0,6,2,0,0,0,0,0,0,9,0,0,0,0,340,117796,0,0,0,0,39,57,15,0,0,9,0,2,0,Jolteon
4-14,08:55:15,NINTEN,Pidgey,Blackbelt,4,Saffron City - Fighting Dojo,1,55:29.60,55:29,0h55m29s,0,0,0,50,3:38,5.227,WING ATTACK,SWIFT,FLY,AGILITY,8,6623,688,145,32,654,614,302,17,23842,Jolteon, ,Normal,Flying,119080,Pidgey2,Pidgey,,00:55:24.37,00:55:29.60,03:38:23.51,50,0,0,55,29,60,WING ATTACK,SWIFT,FLY,AGILITY,33,20,11,30,0,0,0,0,134,134,87,76,74,74,93,24150,32006,17612,24262,24262,18577,15,15,15,15,0,0,0,0,0,0,0,97,85,74,74,93,788210,256904,475294,54005,2007,8,0,0,6623,5724,899,0,688,177,145,32,2,0,23751,16294,1186,1186,549,96,188,0,0,0,0,0,60,0,8,0,0,3,0,0,0,0,0,0,0,3,0,0,0,0,6,2,0,0,0,0,0,0,9,0,0,0,0,341,118945,0,0,0,0,39,57,15,0,0,9,0,2,0,Jolteon
4-14,08:55:27,NINTEN,Pidgey,Blackbelt,2,Saffron City - Fighting Dojo,3,55:42.24,55:42,0h55m42s,0,0,0,50,3:39,9.789,WING ATTACK,SWIFT,FLY,AGILITY,8,6624,688,146,32,657,617,302,17,24742,Jolteon, ,Normal,Flying,121048,Pidgey2,Pidgey,,00:55:32.45,00:55:42.24,03:39:13.40,50,0,0,55,42,24,WING ATTACK,SWIFT,FLY,AGILITY,30,20,11,30,0,0,0,0,134,134,87,76,74,74,93,24295,32271,17742,24392,24392,18812,15,15,15,15,0,0,0,0,0,0,0,97,85,74,74,93,791199,257064,478123,54005,2007,8,0,0,6624,5725,899,0,688,178,146,32,2,0,24128,16520,1186,1186,552,96,188,0,0,0,0,0,60,0,8,0,0,3,0,0,0,0,0,0,0,3,0,0,0,0,6,2,0,0,0,0,0,0,9,0,0,0,0,344,120913,0,0,0,0,39,57,15,0,0,9,0,2,0,Jolteon
4-14,08:55:44,NINTEN,Pidgey,Blackbelt,1,Saffron City - Fighting Dojo,2,55:59.51,55:59,0h55m59s,0,0,0,50,3:40,14.051,WING ATTACK,SWIFT,FLY,AGILITY,8,6625,688,147,32,663,620,305,17,25517,Jolteon, ,Normal,Flying,123259,Pidgey2,Pidgey,,00:55:45.46,00:55:59.51,03:40:22.02,50,0,0,55,59,51,WING ATTACK,SWIFT,FLY,AGILITY,30,20,8,30,0,0,0,0,104,134,87,76,74,74,93,24395,32496,17874,24462,24462,18975,15,15,15,15,0,0,0,0,0,0,0,97,85,74,74,93,795301,257335,481954,54005,2007,8,0,0,6625,5726,899,0,688,179,147,32,2,0,24439,16698,1216,1216,554,99,189,0,0,0,0,0,60,0,8,0,0,3,0,0,0,0,0,0,0,3,0,0,0,0,6,2,0,0,0,0,0,0,9,0,0,0,0,346,123124,0,0,0,0,39,57,15,0,0,9,0,2,0,Jolteon
4-14,08:56:22,NINTEN,Pidgey,Rocket,40,Silph Co - 11F,5,56:37.08,56:37,0h56m37s,0,0,0,50,3:42,14.939,WING ATTACK,SWIFT,FLY,AGILITY,8,6723,691,148,32,668,625,306,17,26442,Jolteon, ,Normal,Flying,124790,Pidgey2,Pidgey,,00:56:22.14,00:56:37.08,03:42:49.55,50,0,0,56,37,8,WING ATTACK,SWIFT,FLY,AGILITY,32,18,15,30,0,0,0,0,120,134,87,76,74,74,93,24560,32769,18058,24617,24617,19301,15,15,15,15,0,0,0,0,0,0,0,97,85,74,74,93,804174,261738,485986,54443,2007,8,0,0,6723,5824,899,0,691,180,148,32,2,0,24944,16975,1230,1230,557,99,190,0,0,0,0,0,60,0,9,0,0,3,0,0,0,0,0,0,0,3,0,0,0,0,6,2,0,0,0,0,0,0,9,0,0,0,0,351,124655,0,0,0,0,39,57,15,0,0,9,0,2,0,Jolteon
4-14,08:56:35,NINTEN,Pidgey,Scientist,11,Silph Co - 10F,2,56:49.59,56:49,0h56m49s,0,0,0,51,3:43,8.772,WING ATTACK,SWIFT,FLY,AGILITY,8,6736,693,149,32,671,627,307,17,27192,Jolteon, ,Normal,Flying,126050,Pidgey2,Pidgey,,00:56:40.82,00:56:49.59,03:43:39.12,51,0,0,56,49,59,WING ATTACK,SWIFT,FLY,AGILITY,32,17,14,30,0,0,0,0,122,136,89,77,75,75,95,24625,32869,18223,24772,24772,19381,15,15,15,15,0,0,0,0,0,0,0,100,86,75,75,95,807131,262122,488559,54443,2007,8,0,0,6736,5837,899,0,693,181,149,32,2,0,25083,17099,1230,1230,558,100,190,0,0,0,0,0,60,0,9,0,0,3,0,0,0,0,0,0,0,3,0,0,0,0,6,2,0,0,0,0,0,0,9,0,0,0,0,353,125915,0,0,0,0,39,57,15,0,0,9,0,2,0,Jolteon
4-14,08:56:46,NINTEN,Pidgey,Rocket,39,Silph Co - 10F,1,57:00.58,57:00,0h57m0s,0,0,0,51,3:44,5.513,WING ATTACK,SWIFT,FLY,AGILITY,8,6751,693,150,32,673,628,308,17,28642,Jolteon, ,Normal,Flying,127082,Pidgey2,Pidgey,,00:56:55.06,00:57:00.58,03:44:22.29,51,0,0,57,0,58,WING ATTACK,SWIFT,FLY,AGILITY,32,17,13,30,0,0,0,0,122,136,89,77,75,75,95,24705,32969,18293,24822,24822,19426,15,15,15,15,0,0,0,0,0,0,0,100,86,75,75,95,809728,262604,490674,54443,2007,8,0,0,6751,5852,899,0,693,182,150,32,2,0,25237,17200,1230,1230,559,101,190,0,0,0,0,0,60,0,9,0,0,3,0,0,0,0,0,0,0,3,0,0,0,0,6,2,0,0,0,0,0,0,9,0,0,0,0,354,126947,0,0,0,0,39,57,15,0,0,9,0,2,0,Jolteon
4-14,08:57:12,NINTEN,Pidgey,Hypno Rocket,38,Silph Co - 9F,3,57:26.58,57:26,0h57m26s,0,0,0,51,3:46,13.671,WING ATTACK,SWIFT,FLY,AGILITY,8,6831,708,151,32,679,632,311,17,29632,Jolteon, ,Normal,Flying,129710,Pidgey2,Pidgey,,00:57:12.91,00:57:26.58,03:46:05.18,51,0,0,57,26,58,WING ATTACK,SWIFT,FLY,AGILITY,32,15,11,30,0,0,0,0,111,136,89,77,75,75,95,24925,33170,18478,25102,25102,19625,15,15,15,15,0,0,0,0,0,0,0,100,86,75,75,95,815897,265039,494408,54443,2007,8,0,0,6831,5932,899,0,708,183,151,32,2,0,25620,17450,1241,1241,561,103,191,0,0,0,0,0,60,0,9,0,0,3,0,0,0,0,0,0,0,3,0,0,0,0,6,2,0,0,0,0,0,0,9,0,0,0,0,357,129575,0,0,0,0,40,57,15,0,0,9,0,2,0,Jolteon
4-14,08:57:30,NINTEN,Pidgey,Rocket,35,Silph Co - 8F,4,57:44.56,57:44,0h57m44s,0,0,0,51,3:47,11.846,WING ATTACK,SWIFT,FLY,AGILITY,8,6855,711,152,32,683,636,312,17,30472,Jolteon, ,Normal,Flying,131923,Pidgey2,Pidgey,,00:57:32.71,00:57:44.56,03:47:16.00,51,0,0,57,44,56,WING ATTACK,SWIFT,FLY,AGILITY,31,12,11,30,0,0,0,0,103,136,89,77,75,75,95,25125,33432,18678,25292,25292,19939,15,15,15,15,0,0,0,0,0,0,0,100,86,75,75,95,820139,266067,497622,54443,2007,8,0,0,6855,5956,899,0,711,184,152,32,2,0,26020,17712,1249,1249,562,103,192,0,0,0,0,0,60,0,9,0,0,3,0,0,0,0,0,0,0,3,0,0,0,0,6,2,0,0,0,0,0,0,9,0,0,0,0,361,131788,0,0,0,0,40,57,15,0,0,9,0,2,0,Jolteon
4-14,08:57:44,NINTEN,Pidgey,Rocket,33,Silph Co - 7F,2,57:59.09,57:59,0h57m59s,0,0,0,51,3:48,9.931,WING ATTACK,SWIFT,FLY,AGILITY,8,6870,712,153,32,687,639,314,17,31252,Jolteon, ,Normal,Flying,133003,Pidgey2,Pidgey,,00:57:49.16,00:57:59.09,03:48:13.01,51,0,0,57,59,9,WING ATTACK,SWIFT,FLY,AGILITY,30,11,10,30,0,0,0,0,103,136,89,77,75,75,95,25225,33532,18868,25372,25372,20009,15,15,15,15,0,-1,0,0,0,0,0,112,56,75,75,95,823560,266725,500385,54443,2007,8,0,0,6870,5971,899,0,712,185,153,32,2,0,26192,17856,1249,1249,564,104,193,0,0,0,0,0,60,0,9,0,0,3,0,0,0,0,0,0,0,3,0,0,0,0,6,2,0,0,0,0,0,0,9,0,0,0,0,363,132868,0,0,0,0,40,57,15,0,0,9,0,2,0,Jolteon
4-14,08:58:00,NINTEN,Pidgey,Rocket,32,Silph Co - 7F,4,58:15.01,58:15,0h58m15s,0,0,0,52,3:49,12.369,WING ATTACK,SWIFT,FLY,AGILITY,8,6880,713,154,32,691,643,315,17,32122,Jolteon, ,Normal,Flying,136053,Pidgey2,Pidgey,,00:58:02.64,00:58:15.01,03:49:15.42,52,0,0,58,15,1,WING ATTACK,SWIFT,FLY,AGILITY,30,7,10,30,0,0,0,0,98,139,91,79,77,77,97,25455,33843,19162,25622,25622,20311,15,15,15,15,0,0,0,0,0,0,0,102,88,77,77,97,827321,267147,503724,54443,2007,8,0,0,6880,5981,899,0,713,186,154,32,2,0,26531,18134,1257,1257,564,104,194,0,0,0,0,0,60,0,9,0,0,3,0,0,0,0,0,0,0,3,0,0,0,0,6,2,0,0,0,0,0,0,9,0,0,0,0,367,135918,0,0,0,0,40,57,15,0,0,9,0,2,0,Jolteon
4-14,08:58:15,NINTEN,Pidgey,Scientist,8,Silph Co - 7F,2,58:29.99,58:29,0h58m29s,0,0,0,52,3:50,8.669,WING ATTACK,SWIFT,FLY,AGILITY,8,6912,713,155,32,695,647,317,17,32902,Jolteon, ,Normal,Flying,137959,Pidgey2,Pidgey,,00:58:21.32,00:58:29.99,03:50:14.43,52,0,0,58,29,99,WING ATTACK,SWIFT,FLY,AGILITY,30,3,10,30,0,0,0,0,90,139,91,79,77,77,97,25620,33998,19307,25767,25767,20501,15,15,15,15,0,0,0,0,0,0,0,102,88,77,77,97,830862,267935,506477,54443,2007,8,0,0,6912,6013,899,0,713,187,155,32,2,0,26823,18316,1265,1265,564,105,195,0,0,0,0,0,60,0,9,0,0,3,0,0,0,0,0,0,0,3,0,0,0,0,6,2,0,0,0,0,0,0,9,0,0,0,0,369,137824,0,0,0,0,40,57,15,0,0,9,0,2,0,Jolteon
4-14,08:58:29,NINTEN,Pidgey,Rocket,30,Silph Co - 6F,2,58:43.60,58:43,0h58m43s,0,0,0,52,3:51,6.773,WING ATTACK,SWIFT,FLY,AGILITY,8,6956,715,156,32,697,649,317,17,34352,Jolteon, ,Normal,Flying,139411,Pidgey2,Pidgey,,00:58:36.83,00:58:43.60,03:51:08.03,52,0,0,58,43,60,WING ATTACK,SWIFT,FLY,AGILITY,28,3,10,30,0,0,0,0,90,139,91,79,77,77,97,25770,34178,19427,25852,25852,20581,15,15,15,15,0,0,0,0,0,0,0,102,88,77,77,97,834062,269136,508476,54443,2007,8,0,0,6956,6057,899,0,715,188,156,32,2,0,27031,18490,1265,1265,566,105,195,0,0,0,0,0,60,0,9,0,0,3,0,0,0,0,0,0,0,3,0,0,0,0,6,2,0,0,0,0,0,0,9,0,0,0,0,371,139276,0,0,0,0,40,57,15,0,0,9,0,2,0,Jolteon
4-14,08:58:57,NINTEN,Pidgey,Scientist,7,Silph Co - 6F,5,59:11.66,59:11,0h59m11s,0,0,0,53,3:52,14.43,WING ATTACK,SWIFT,FLY,AGILITY,8,6971,716,157,32,702,654,317,16,35222,Jolteon, ,Normal,Flying,142518,Pidgey2,Pidgey,,00:58:57.23,00:59:11.66,03:52:58.40,53,0,0,59,11,66,WING ATTACK,SWIFT,FLY,AGILITY,28,8,10,30,0,0,0,0,142,142,92,81,79,79,99,25965,34433,19832,26242,26242,20866,15,15,15,15,0,0,0,0,0,0,0,103,91,79,79,99,840699,269634,512273,56785,2007,8,0,0,6971,6072,899,0,716,189,157,32,2,0,27550,18782,1265,1265,566,105,195,0,0,0,0,0,62,0,9,0,0,3,0,0,0,0,0,0,0,3,0,0,0,0,6,2,0,0,0,0,0,0,9,0,0,0,0,376,142383,0,0,0,0,40,57,15,0,0,9,0,2,0,Jolteon
4-14,08:59:11,NINTEN,Pidgey,Rocket,29,Silph Co - 5F,1,59:25.69,59:25,0h59m25s,0,0,0,53,3:53,7.147,WING ATTACK,SWIFT,FLY,AGILITY,8,7003,718,158,32,705,656,319,16,36472,Jolteon, ,Normal,Flying,143683,Pidgey2,Pidgey,,00:59:18.55,00:59:25.69,03:53:53.55,53,0,0,59,25,69,WING ATTACK,SWIFT,FLY,AGILITY,28,7,9,30,0,0,0,0,142,142,92,81,79,79,99,26050,34506,19902,26357,26357,20933,15,15,15,15,0,0,0,0,0,0,0,103,91,79,79,99,844014,270559,514663,56785,2007,8,0,0,7003,6104,899,0,718,190,158,32,2,0,27711,18886,1265,1265,567,106,196,0,0,0,0,0,62,0,9,0,0,3,0,0,0,0,0,0,0,3,0,0,0,0,6,2,0,0,0,0,0,0,9,0,0,0,0,377,143548,0,0,0,0,40,57,15,0,0,9,0,2,0,Jolteon
4-14,08:59:39,NINTEN,Pidgey,Scientist,6,Silph Co - 5F,4,59:54.18,59:54,0h59m54s,0,0,0,53,3:55,23.234,WING ATTACK,SWIFT,FLY,AGILITY,8,7025,720,159,32,715,663,326,16,37462,Jolteon,Paralyzed,Normal,Flying,146672,Pidgey2,Pidgey,,00:59:30.95,00:59:54.18,03:55:46.36,53,0,0,59,54,18,WING ATTACK,SWIFT,FLY,AGILITY,27,2,9,29,0,0,0,0,47,142,92,81,79,79,99,26230,34756,20282,26717,26717,21143,15,15,15,15,0,0,0,0,2,0,0,115,102,79,79,198,850775,271406,520577,56785,2007,8,0,0,7025,6126,899,0,720,191,159,32,2,0,28104,19138,1360,1360,568,106,203,0,0,0,0,0,62,0,10,0,0,3,0,1,0,0,0,0,0,3,0,0,0,0,6,2,9,3,0,0,0,0,9,0,0,0,0,381,146537,0,0,0,0,41,57,15,0,0,9,0,2,0,Jolteon
4-14,08:59:54,NINTEN,Pidgey,Rocket,28,Silph Co - 5F,1,1:00:08.75,1:00:08,1h0m8s,0,0,0,53,3:56,7.018,WING ATTACK,SWIFT,FLY,AGILITY,8,7036,721,160,32,718,665,328,15,38762,Jolteon, ,Normal,Flying,147711,Pidgey2,Pidgey,,01:00:01.73,01:00:08.75,03:56:43.52,53,0,1,0,8,75,WING ATTACK,SWIFT,FLY,AGILITY,27,1,8,29,0,0,0,0,142,142,92,81,79,79,99,26290,34841,20351,26782,26782,21223,15,15,15,15,0,-1,0,0,0,0,0,115,59,79,79,99,854211,271747,522650,57807,2007,8,0,0,7036,6137,899,0,721,192,160,32,2,0,28270,19225,1360,1360,569,107,204,0,0,0,0,0,62,0,10,0,0,3,0,1,0,0,0,0,0,3,0,0,0,0,6,2,9,3,0,0,0,0,9,0,0,0,0,382,147576,0,0,0,0,41,57,15,0,0,9,0,2,0,Jolteon
4-14,09:00:23,NINTEN,Pidgey,Scientist,10,Silph Co - 9F,3,1:00:38.17,1:00:38,1h0m38s,0,0,0,53,3:58,18.447,WING ATTACK,SWIFT,FLY,AGILITY,8,7080,732,161,32,725,671,332,16,39752,Jolteon, ,Normal,Flying,149979,Pidgey2,Pidgey,,01:00:19.72,01:00:38.17,03:58:39.27,53,0,1,0,38,17,WING ATTACK,SWIFT,FLY,AGILITY,23,0,7,29,0,0,0,0,96,142,92,81,79,79,99,26420,34996,20591,27017,27017,21428,15,15,15,15,0,0,0,0,0,0,0,103,91,79,79,99,861146,273818,527514,57807,2007,8,0,0,7080,6181,899,0,732,193,161,32,2,0,28522,19423,1406,1406,574,108,207,0,0,0,0,0,62,0,10,0,0,3,0,1,0,0,0,0,0,3,0,0,0,0,6,2,9,3,0,0,0,0,9,0,0,0,0,385,149844,0,0,0,0,42,57,15,0,0,9,0,2,0,Jolteon
4-14,09:00:47,NINTEN,Pidgey,Rocket,37,Silph Co - 9F,3,1:01:02.46,1:01:02,1h1m2s,0,0,0,54,4:00,13.529,WING ATTACK,SWIFT,FLY,AGILITY,8,7132,746,162,32,730,676,334,16,41152,Jolteon, ,Normal,Flying,151659,Pidgey2,Pidgey,,01:00:48.92,01:01:02.46,04:00:15.12,54,0,1,1,2,46,WING ATTACK,SWIFT,FLY,AGILITY,18,0,7,29,0,0,0,0,78,145,95,83,81,81,101,26630,35204,20736,27182,27182,21530,15,15,15,15,0,0,0,0,0,0,0,106,93,81,81,101,866891,275860,531217,57807,2007,8,0,0,7132,6233,899,0,746,194,162,32,2,0,28978,19667,1427,1427,579,108,209,0,0,0,0,0,63,0,10,0,0,3,0,1,0,0,0,0,0,3,0,0,0,0,6,2,9,3,0,0,0,0,9,0,0,0,0,388,151524,0,0,0,0,42,57,15,0,0,9,0,2,0,Jolteon
4-14,09:01:07,NINTEN,Pidgey,Scientist,4,Silph Co - 3F,2,1:01:21.97,1:01:21,1h1m21s,0,0,0,54,4:01,8.165,WING ATTACK,SWIFT,FLY,AGILITY,8,7184,755,163,32,733,679,335,17,41992,Jolteon, ,Normal,Flying,153664,Pidgey2,Pidgey,,01:01:13.80,01:01:21.97,04:01:32.02,54,0,1,1,21,97,WING ATTACK,SWIFT,FLY,AGILITY,35,17,15,30,0,0,0,0,127,145,95,83,81,81,101,26755,35344,20926,27347,27347,21730,15,15,15,15,0,0,0,0,0,0,0,106,93,81,81,101,871501,277857,533830,57807,2007,8,0,0,7184,6285,899,0,755,195,163,32,2,0,29218,19826,1445,1445,579,108,210,0,0,0,0,0,64,0,10,0,0,3,0,1,0,0,0,0,0,3,0,0,0,0,6,2,9,3,0,0,0,0,9,0,0,0,0,390,153529,0,0,0,0,43,57,15,0,0,9,0,2,0,Jolteon
4-14,09:01:25,NINTEN,Pidgey,Rocket,25,Silph Co - 3F,3,1:01:39.59,1:01:39,1h1m39s,0,0,0,54,4:02,11.084,WING ATTACK,SWIFT,FLY,AGILITY,8,7209,759,164,32,737,682,337,18,43442,Jolteon, ,Normal,Flying,156046,Pidgey2,Pidgey,,01:01:28.51,01:01:39.59,04:02:41.34,54,0,1,1,39,59,WING ATTACK,SWIFT,FLY,AGILITY,35,15,14,30,0,0,0,0,108,145,95,83,81,81,101,26950,35579,21116,27562,27562,21991,15,15,15,15,0,0,0,0,0,0,0,106,93,81,81,101,875673,278996,536863,57807,2007,8,0,0,7209,6310,899,0,759,196,164,32,2,0,29510,20062,1464,1464,580,109,211,0,0,0,0,0,64,0,11,0,0,3,0,1,0,0,0,0,0,3,0,0,0,0,6,2,9,3,0,0,0,0,9,0,0,0,0,393,155911,0,0,0,0,44,57,15,0,0,9,0,2,0,Jolteon
4-14,09:01:43,NINTEN,Pidgey,Rocket,27,Silph Co - 4F,3,1:01:58.26,1:01:58,1h1m58s,0,0,0,54,4:03,11.395,WING ATTACK,SWIFT,FLY,AGILITY,8,7243,769,165,32,741,685,338,18,44282,Jolteon, ,Normal,Flying,157264,Pidgey2,Pidgey,,01:01:46.86,01:01:58.26,04:03:55.00,54,0,1,1,58,26,WING ATTACK,SWIFT,FLY,AGILITY,35,13,13,30,0,0,0,0,108,145,95,83,81,81,101,27075,35734,21290,27682,27682,22136,15,15,15,15,0,0,0,0,0,0,0,106,93,81,81,101,880079,280312,539953,57807,2007,8,0,0,7243,6344,899,0,769,197,165,32,2,0,29894,20258,1464,1464,581,109,211,0,0,0,0,0,65,0,11,0,0,3,0,1,0,0,0,0,0,3,0,0,0,0,6,2,9,3,0,0,0,0,9,0,0,0,0,396,157129,0,0,0,0,44,57,15,0,0,9,0,2,0,Jolteon
4-14,09:01:56,NINTEN,Pidgey,Rocket,26,Silph Co - 4F,2,1:02:11.51,1:02:11,1h2m11s,0,0,0,54,4:04,8.643,WING ATTACK,SWIFT,FLY,AGILITY,8,7275,770,166,32,744,688,339,18,45122,Jolteon, ,Normal,Flying,158443,Pidgey2,Pidgey,,01:02:02.86,01:02:11.51,04:04:47.16,54,0,1,2,11,51,WING ATTACK,SWIFT,FLY,AGILITY,32,13,13,30,0,0,0,0,95,145,95,83,81,81,101,27205,35862,21385,27807,27807,22213,15,15,15,15,0,0,0,0,0,0,0,106,93,81,81,101,883215,281003,542398,57807,2007,8,0,0,7275,6376,899,0,770,198,166,32,2,0,30162,20420,1477,1477,584,109,212,0,0,0,0,0,65,0,11,0,0,3,0,1,0,0,0,0,0,3,0,0,0,0,6,2,9,3,0,0,0,0,9,0,0,0,0,398,158308,0,0,0,0,44,57,15,0,0,9,0,2,0,Jolteon
4-14,09:02:07,NINTEN,Pidgey,Scientist,5,Silph Co - 4F,1,1:02:21.63,1:02:21,1h2m21s,0,0,0,54,4:05,5.729,WING ATTACK,SWIFT,FLY,AGILITY,8,7286,773,167,32,746,690,341,18,45992,Jolteon, ,Normal,Flying,159503,Pidgey2,Pidgey,,01:02:15.90,01:02:21.63,04:05:27.03,54,0,1,2,21,63,WING ATTACK,SWIFT,FLY,AGILITY,32,11,13,30,0,0,0,0,95,145,95,83,81,81,101,27265,35912,21455,27887,27887,22353,15,15,15,15,0,0,0,0,0,0,0,106,93,81,81,101,885602,281645,544143,57807,2007,8,0,0,7286,6387,899,0,773,199,167,32,2,0,30305,20507,1477,1477,584,110,213,0,0,0,0,0,65,0,11,0,0,3,0,1,0,0,0,0,0,3,0,0,0,0,6,2,9,3,0,0,0,0,9,0,0,0,0,399,159368,0,0,0,0,44,57,15,0,0,9,0,2,0,Jolteon
4-14,09:02:28,NINTEN,Pidgey,Rocket,24,Silph Co - 2F,5,1:02:42.82,1:02:42,1h2m42s,0,0,0,55,4:06,14.63,WING ATTACK,SWIFT,FLY,AGILITY,8,7331,775,168,32,751,695,342,18,47642,Jolteon, ,Normal,Flying,161903,Pidgey2,Pidgey,,01:02:28.19,01:02:42.82,04:06:50.27,55,0,1,2,42,82,WING ATTACK,SWIFT,FLY,AGILITY,32,6,13,30,0,0,0,0,89,148,96,85,83,83,103,27515,36208,21690,28132,28132,22705,15,15,15,15,0,0,0,0,0,0,0,108,95,83,83,103,890606,282782,548010,57807,2007,8,0,0,7331,6432,899,0,775,200,168,32,2,0,31011,20826,1486,1486,584,110,214,0,0,0,0,0,65,0,11,0,0,3,0,1,0,0,0,0,0,3,0,0,0,0,6,2,9,3,0,0,0,0,9,0,0,0,0,404,161768,0,0,0,0,44,57,15,0,0,9,0,2,0,Jolteon
4-14,09:02:39,NINTEN,Pidgey,Rocket,23,Silph Co - 2F,2,1:02:54.26,1:02:54,1h2m54s,0,0,0,55,4:07,6.827,WING ATTACK,SWIFT,FLY,AGILITY,8,7345,776,169,32,753,697,342,18,48392,Jolteon, ,Normal,Flying,162777,Pidgey2,Pidgey,,01:02:47.43,01:02:54.26,04:07:35.19,55,0,1,2,54,26,WING ATTACK,SWIFT,FLY,AGILITY,32,4,13,30,0,0,0,0,89,148,96,85,83,83,103,27605,36303,21820,28212,28212,22795,15,15,15,15,0,0,0,0,0,0,0,108,95,83,83,103,893298,283153,550331,57807,2007,8,0,0,7345,6446,899,0,776,201,169,32,2,0,31228,20964,1486,1486,584,110,214,0,0,0,0,0,65,0,11,0,0,3,0,1,0,0,0,0,0,3,0,0,0,0,6,2,9,3,0,0,0,0,9,0,0,0,0,406,162642,0,0,0,0,44,57,15,0,0,9,0,2,0,Jolteon
4-14,09:02:52,NINTEN,Pidgey,Scientist,3,Silph Co - 2F,3,1:03:06.58,1:03:06,1h3m6s,0,0,0,55,4:08,8.934,WING ATTACK,SWIFT,FLY,AGILITY,8,7355,777,170,32,756,700,342,18,49262,Jolteon, ,Normal,Flying,164895,Pidgey2,Pidgey,,01:02:57.65,01:03:06.58,04:08:23.47,55,0,1,3,6,58,WING ATTACK,SWIFT,FLY,AGILITY,32,1,13,30,0,0,0,0,89,148,96,85,83,83,103,27720,36428,22035,28482,28482,23010,15,15,15,15,0,0,0,0,0,0,0,108,95,83,83,103,896206,283569,552823,57807,2007,8,0,0,7355,6456,899,0,777,202,170,32,2,0,31505,21154,1486,1486,584,110,214,0,0,0,0,0,65,0,11,0,0,3,0,1,0,0,0,0,0,3,0,0,0,0,6,2,9,3,0,0,0,0,9,0,0,0,0,409,164760,0,0,0,0,44,57,15,0,0,9,0,2,0,Jolteon
4-14,09:03:14,NINTEN,Pidgey,Juggler,7,Fuchsia City - Gym,1,1:03:29.10,1:03:29,1h3m29s,0,0,0,55,4:09,4.855,WING ATTACK,SWIFT,FLY,AGILITY,8,7391,783,171,32,757,701,342,18,50662,Jolteon, ,Normal,Flying,166237,Pidgey2,Pidgey,,01:03:24.24,01:03:29.10,04:09:52.09,55,0,1,3,29,10,WING ATTACK,SWIFT,FLY,AGILITY,35,19,15,30,0,0,0,0,148,148,96,85,83,83,103,27805,36501,22105,28597,28597,23077,15,15,15,15,0,0,0,0,0,0,0,108,95,83,83,103,901508,286344,554465,58692,2007,8,0,0,7391,6492,899,0,783,203,171,32,2,0,31629,21272,1486,1486,584,110,214,0,0,0,0,0,66,0,11,0,0,3,0,1,0,0,0,0,0,3,0,0,0,0,6,2,9,3,0,0,0,0,9,0,0,0,0,410,166102,0,0,0,0,44,57,15,0,0,9,0,2,0,Jolteon
4-14,09:03:30,NINTEN,Pidgey,Juggler,3,Fuchsia City - Gym,4,1:03:44.74,1:03:44,1h3m44s,0,0,0,56,4:10,12.454,WING ATTACK,SWIFT,FLY,AGILITY,8,7397,784,172,32,761,705,342,18,51992,Jolteon, ,Normal,Flying,169228,Pidgey2,Pidgey,,01:03:32.29,01:03:44.74,04:10:53.49,56,0,1,3,44,74,WING ATTACK,SWIFT,FLY,AGILITY,35,15,15,30,0,0,0,0,151,151,99,87,84,84,105,28025,36680,22270,28987,28987,23308,15,15,15,15,0,0,0,0,0,0,0,111,97,84,84,105,905208,286600,557909,58692,2007,8,0,0,7397,6498,899,0,784,204,172,32,2,0,32131,21591,1486,1486,584,110,214,0,0,0,0,0,66,0,11,0,0,3,0,1,0,0,0,0,0,3,0,0,0,0,6,2,9,3,0,0,0,0,9,0,0,0,0,414,169093,0,0,0,0,44,57,15,0,0,9,0,2,0,Jolteon
4-14,09:03:48,NINTEN,Pidgey,Tamer,2,Fuchsia City - Gym,3,1:04:03.36,1:04:03,1h4m3s,0,0,0,56,4:12,13.556,WING ATTACK,SWIFT,FLY,AGILITY,8,7406,787,173,32,767,710,345,18,53077,Jolteon, ,Normal,Flying,172458,Pidgey2,Pidgey,,01:03:49.81,01:04:03.36,04:12:07.17,56,0,1,4,3,36,WING ATTACK,SWIFT,FLY,AGILITY,35,11,14,30,0,0,0,0,146,151,99,87,84,84,105,28220,36950,22518,29172,29172,23533,15,15,15,15,0,0,0,0,0,-1,0,124,109,84,84,105,909616,286999,561918,58692,2007,8,0,0,7406,6507,899,0,787,205,173,32,2,0,32616,21862,1491,1491,585,111,216,0,0,0,0,0,68,0,11,0,0,3,0,1,0,0,0,0,0,3,0,0,0,0,6,2,9,3,0,0,0,0,9,0,0,0,0,417,172323,0,0,0,0,44,57,15,0,0,9,0,2,0,Jolteon
4-14,09:04:04,NINTEN,Pidgey,Tamer,1,Fuchsia City - Gym,2,1:04:18.60,1:04:18,1h4m18s,0,0,0,56,4:13,11.178,WING ATTACK,SWIFT,FLY,AGILITY,8,7422,792,174,32,772,714,348,18,54397,Jolteon, ,Normal,Flying,174715,Pidgey2,Pidgey,,01:04:07.43,01:04:18.60,04:13:07.31,56,0,1,4,18,60,WING ATTACK,SWIFT,FLY,AGILITY,34,9,13,30,0,0,0,0,138,151,99,87,84,84,105,28355,37135,22697,29292,29292,23678,15,15,15,15,0,0,0,0,0,0,0,111,97,84,84,105,913230,287484,565047,58692,2007,8,0,0,7422,6523,899,0,792,206,174,32,2,0,32912,22052,1499,1499,587,112,218,0,0,0,0,0,69,0,11,0,0,3,0,1,0,0,0,0,0,3,0,0,0,0,6,2,9,3,0,0,0,0,9,0,0,0,0,419,174580,0,0,0,0,44,57,15,0,0,9,0,2,0,Jolteon
4-14,09:04:16,NINTEN,Pidgey,Juggler,4,Fuchsia City - Gym,2,1:04:30.83,1:04:30,1h4m30s,0,0,0,56,4:13,8.419,WING ATTACK,SWIFT,FLY,AGILITY,8,7427,795,175,32,775,717,349,18,55757,Jolteon, ,Normal,Flying,176658,Pidgey2,Pidgey,,01:04:22.42,01:04:30.83,04:13:55.45,56,0,1,4,30,83,WING ATTACK,SWIFT,FLY,AGILITY,34,6,13,30,0,0,0,0,92,151,99,87,84,84,105,28500,37256,22812,29497,29497,23787,15,15,15,15,0,0,0,0,0,0,0,111,97,84,84,105,916124,287900,567525,58692,2007,8,0,0,7427,6528,899,0,795,207,175,32,2,0,33172,22249,1545,1545,587,112,219,0,0,0,0,0,69,0,12,0,0,3,0,1,0,0,0,0,0,3,0,0,0,0,6,2,9,3,0,0,0,0,9,0,0,0,0,421,176523,0,0,0,0,44,57,15,0,0,9,0,2,0,Jolteon
4-14,09:04:49,NINTEN,Pidgey,Koga,1,Fuchsia City - Gym,4,1:05:04.32,1:05:04,1h5m4s,0,0,0,57,4:16,20.596,WING ATTACK,SWIFT,FLY,AGILITY,9,7434,796,176,32,783,722,353,18,56947,Jolteon, ,Normal,Flying,180350,Pidgey2,Pidgey,Koga,01:04:43.73,01:05:04.32,04:16:08.01,57,0,1,5,4,32,WING ATTACK,SWIFT,FLY,AGILITY,32,6,10,30,0,0,0,0,64,153,100,89,86,86,107,28750,37486,23022,29707,29707,24012,15,15,15,15,0,0,-1,-1,0,0,0,112,100,56,56,107,924060,288544,572911,60598,2007,9,0,0,7434,6535,899,0,796,208,176,32,2,0,33926,22741,1634,1634,592,115,220,0,0,0,0,0,70,0,13,0,0,3,0,1,0,0,0,0,0,3,0,0,0,0,6,2,9,3,0,0,0,0,9,0,0,0,0,425,180215,0,0,0,0,44,57,15,0,0,9,0,2,0,Jolteon
4-14,09:05:43,NINTEN,Pidgey,Fisher,7,Route 21,4,1:05:57.97,1:05:57,1h5m57s,0,0,0,57,4:19,11.669,WING ATTACK,SWIFT,FLY,AGILITY,9,7586,814,177,32,787,726,353,19,61897,Jolteon, ,Normal,Flying,184076,Pidgey2,Pidgey,,01:05:46.30,01:05:57.97,04:19:39.35,57,0,1,5,57,97,WING ATTACK,SWIFT,FLY,AGILITY,35,16,15,30,0,0,0,0,153,153,100,89,86,86,107,29035,37829,23277,29997,29997,24279,15,15,15,15,0,0,0,0,0,0,0,112,100,86,86,120,936754,294248,576549,63950,2007,9,0,0,7586,6656,899,31,814,209,177,32,2,0,34314,23069,1634,1634,592,115,220,0,0,0,0,0,70,0,13,0,0,3,0,1,0,0,0,0,0,3,0,0,0,0,6,2,9,3,0,0,0,0,9,0,0,0,0,429,183941,0,0,0,0,45,57,15,0,0,10,0,2,0,Jolteon
4-14,09:06:01,NINTEN,Pidgey,Swimmer,12,Route 21,2,1:06:16.34,1:06:16,1h6m16s,0,0,0,57,4:20,11.803,WING ATTACK,SWIFT,FLY,AGILITY,9,7612,814,178,32,792,730,356,19,62877,Jolteon,Poisoned,Normal,Flying,186620,Pidgey2,Pidgey,,01:06:04.53,01:06:16.34,04:20:52.14,57,0,1,6,16,34,WING ATTACK,SWIFT,FLY,AGILITY,34,14,14,30,0,0,0,0,131,153,100,89,86,86,107,29170,37964,23437,30212,30212,24464,15,15,15,15,0,0,0,0,0,0,0,112,100,86,86,120,941113,295332,579824,63950,2007,9,0,0,7612,6656,899,57,814,210,178,32,2,0,34590,23254,1656,1656,594,116,222,0,0,0,0,0,70,0,13,0,0,3,0,1,0,0,0,0,0,4,0,0,0,0,6,2,9,3,0,0,0,0,9,0,0,0,0,431,186485,0,0,0,0,45,57,15,0,0,10,0,2,0,Jolteon
4-14,09:06:38,NINTEN,Pidgey,Cue Ball,9,Route 21,3,1:06:53.51,1:06:53,1h6m53s,0,0,0,58,4:23,11.925,WING ATTACK,SWIFT,FLY,AGILITY,9,7731,836,179,32,796,733,357,19,63042,Jolteon, ,Normal,Flying,189374,Pidgey2,Pidgey,,01:06:41.59,01:06:53.51,04:23:19.08,58,0,1,6,53,51,WING ATTACK,SWIFT,FLY,AGILITY,33,20,14,30,0,0,0,0,156,156,103,90,87,87,109,29330,38114,23572,30532,30532,24704,15,15,15,15,0,0,0,0,0,0,0,115,101,87,87,122,949927,298642,583122,66156,2007,9,0,0,7731,6696,899,136,836,211,179,32,2,0,34855,23489,1656,1656,597,117,222,0,0,0,0,0,70,0,13,0,0,3,0,1,0,0,0,0,0,4,0,0,0,0,6,2,9,3,0,0,0,0,9,0,0,0,0,434,189239,0,0,0,0,45,57,15,0,0,10,0,2,0,Jolteon
4-14,09:06:59,NINTEN,Pidgey,Fisher,8,Route 21,2,1:07:14.09,1:07:14,1h7m14s,0,0,0,58,4:24,9.729,WING ATTACK,SWIFT,FLY,AGILITY,9,7779,837,180,32,799,736,358,19,63817,Jolteon, ,Normal,Flying,191365,Pidgey2,Pidgey,,01:07:04.36,01:07:14.09,04:24:40.26,58,0,1,7,14,9,WING ATTACK,SWIFT,FLY,AGILITY,33,17,14,30,0,0,0,0,121,156,103,90,87,87,109,29410,38274,23852,30662,30662,24814,15,15,15,15,0,0,0,0,0,0,0,115,101,87,87,122,954805,299933,586223,66642,2007,9,0,0,7779,6697,899,183,837,212,180,32,2,0,35012,23629,1691,1691,597,117,223,0,0,0,0,0,70,0,13,0,0,3,0,1,0,0,0,0,0,4,0,0,0,0,6,2,9,3,0,0,0,0,9,0,0,0,0,436,191230,0,0,0,0,45,57,15,0,0,10,0,2,0,Jolteon
4-14,09:07:15,NINTEN,Pidgey,Fisher,10,Route 21,2,1:07:29.90,1:07:29,1h7m29s,0,0,0,58,4:25,13.011,WING ATTACK,SWIFT,FLY,AGILITY,9,7781,841,181,32,803,739,360,19,64902,Jolteon, ,Normal,Flying,193350,Pidgey2,Pidgey,,01:07:16.88,01:07:29.90,04:25:42.54,58,0,1,7,29,90,WING ATTACK,SWIFT,FLY,AGILITY,32,16,13,30,0,0,0,0,101,156,103,90,87,87,109,29535,38433,23977,30792,30792,24945,15,15,15,15,0,0,0,0,0,0,0,115,101,87,87,122,958553,300086,589818,66642,2007,9,0,0,7781,6699,899,183,841,213,181,32,2,0,35307,23807,1711,1711,599,118,224,0,0,0,0,0,71,0,13,0,0,3,0,1,0,0,0,0,0,4,0,0,0,0,6,2,9,3,0,0,0,0,9,0,0,0,0,438,193215,0,0,0,0,45,57,15,0,0,10,0,2,0,Jolteon
4-14,09:07:33,NINTEN,Pidgey,Swimmer,14,Route 21,2,1:07:47.62,1:07:47,1h7m47s,0,0,0,58,4:26,10.124,WING ATTACK,SWIFT,FLY,AGILITY,9,7813,846,182,32,808,742,363,19,66057,Jolteon, ,Normal,Flying,195109,Pidgey2,Pidgey,,01:07:37.49,01:07:47.62,04:26:52.48,58,0,1,7,47,62,WING ATTACK,SWIFT,FLY,AGILITY,32,15,11,30,0,0,0,0,82,156,103,90,87,87,109,29624,38541,24112,30927,30927,25088,15,15,15,15,0,0,0,0,0,0,0,115,101,87,87,122,962747,300986,592723,67031,2007,9,0,0,7813,6701,899,213,846,214,182,32,2,0,35602,23962,1730,1730,601,119,225,0,0,0,0,0,72,0,14,0,0,3,0,1,0,0,0,0,0,4,0,0,0,0,6,2,9,3,0,0,0,0,9,0,0,0,0,440,194974,0,0,0,0,45,57,15,0,0,10,0,2,0,Jolteon
4-14,09:07:55,NINTEN,Pidgey,Scientist,4,Cinnabar Mansion,2,1:08:09.77,1:08:09,1h8m9s,0,0,0,58,4:28,8.141,WING ATTACK,SWIFT,FLY,AGILITY,9,7927,850,183,32,811,745,364,19,66222,Jolteon, ,Normal,Flying,197114,Pidgey2,Pidgey,,01:08:01.63,01:08:09.77,04:28:19.50,58,0,1,8,9,77,WING ATTACK,SWIFT,FLY,AGILITY,32,12,11,30,0,0,0,0,76,156,103,90,87,87,109,29749,38681,24302,31092,31092,25288,15,15,15,15,0,0,0,0,0,0,0,115,101,87,87,122,967969,303792,595139,67031,2007,9,0,0,7927,6792,899,236,850,215,183,32,2,0,35867,24121,1736,1736,601,119,226,0,0,0,0,0,73,0,14,0,0,3,0,1,0,0,0,0,0,4,0,0,0,0,6,2,9,3,0,0,0,0,9,0,0,0,0,442,196979,0,0,0,0,45,57,15,0,0,10,0,2,0,Jolteon
4-14,09:08:14,NINTEN,Pidgey,Burglar,9,Cinnabar Mansion,2,1:08:29.24,1:08:29,1h8m29s,0,0,0,58,4:29,8.632,WING ATTACK,SWIFT,FLY,AGILITY,9,7977,859,184,32,814,748,365,19,67672,Jolteon, ,Normal,Flying,198884,Pidgey2,Pidgey,,01:08:20.61,01:08:29.24,04:29:36.35,58,0,1,8,29,24,WING ATTACK,SWIFT,FLY,AGILITY,30,11,11,30,0,0,0,0,60,156,103,90,87,87,109,29854,38836,24402,31207,31207,25438,15,15,15,15,0,0,0,0,0,0,0,115,101,87,87,122,972574,305580,597577,67410,2007,9,0,0,7977,6842,899,236,859,216,184,32,2,0,36174,24290,1752,1752,603,119,227,0,0,0,0,0,74,0,14,0,0,3,0,1,0,0,0,0,0,4,0,0,0,0,6,2,9,3,0,0,0,0,9,0,0,0,0,444,198749,0,0,0,0,45,57,15,0,0,10,0,2,0,Jolteon
4-14,09:08:33,NINTEN,Pidgey,Scientist,13,Cinnabar Mansion,2,1:08:47.54,1:08:47,1h8m47s,0,0,0,59,4:30,8.291,WING ATTACK,SWIFT,FLY,AGILITY,9,8018,860,185,32,817,751,366,18,70732,Jolteon, ,Normal,Flying,200624,Pidgey2,Pidgey,,01:08:39.25,01:08:47.54,04:30:48.33,59,0,1,8,47,54,WING ATTACK,SWIFT,FLY,AGILITY,30,8,11,30,0,0,0,0,159,159,104,92,89,89,112,29939,38921,24542,31382,31382,25623,15,15,15,15,0,0,0,0,0,0,0,117,103,89,89,126,976892,306608,599935,68342,2007,9,0,0,8018,6883,899,236,860,217,185,32,2,0,36418,24446,1752,1752,603,120,227,0,0,0,0,0,74,0,14,0,0,3,0,1,0,0,0,0,0,4,0,0,0,0,6,2,9,3,0,0,0,0,9,0,0,0,0,446,200489,0,0,0,0,45,57,15,0,0,10,0,2,0,Jolteon
4-14,09:09:28,NINTEN,Pidgey,Pokemaniac,1,Route 10,2,1:09:43.41,1:09:43,1h9m43s,0,0,0,59,4:34,11.098,WING ATTACK,SWIFT,FLY,AGILITY,9,8286,881,186,32,822,755,369,19,72432,Jolteon, ,Normal,Flying,202307,Pidgey2,Pidgey,RTG2 - Pokemaniac 1,01:09:32.31,01:09:43.41,04:34:29.14,59,0,1,9,43,41,WING ATTACK,SWIFT,FLY,AGILITY,30,5,10,30,0,0,0,0,148,159,104,92,89,89,112,30109,39061,24712,31472,31472,25678,15,15,15,15,0,0,0,0,0,0,0,117,103,89,89,126,990133,313514,603363,71249,2007,9,0,0,8286,7123,899,264,881,218,186,32,2,0,36742,24636,1763,1763,604,122,228,0,0,0,0,0,76,0,14,0,0,3,0,1,0,0,0,0,0,4,0,0,0,0,6,2,9,3,0,0,0,0,9,0,0,0,0,448,202172,0,0,0,0,48,57,15,0,0,10,0,2,0,Jolteon
4-14,09:10:13,NINTEN,Pidgey,Burglar,4,Cinnabar Island - Gym,3,1:10:27.80,1:10:27,1h10m27s,0,0,0,59,4:37,11.659,WING ATTACK,SWIFT,FLY,AGILITY,9,8450,899,187,32,827,760,371,19,73932,Jolteon, ,Normal,Flying,204867,Pidgey2,Pidgey,,01:10:16.14,01:10:27.80,04:37:24.10,59,0,1,10,27,80,WING ATTACK,SWIFT,FLY,AGILITY,33,17,15,30,0,0,0,0,148,159,104,92,89,89,112,30275,39248,24872,31687,31687,25903,15,15,15,15,0,0,0,0,0,0,0,117,103,89,89,126,1000629,319731,606614,72277,2007,9,0,0,8450,7287,899,264,899,219,187,32,2,0,37159,24910,1774,1774,606,122,229,0,0,0,0,0,76,0,14,0,0,3,0,1,0,0,0,0,0,4,0,0,0,0,6,2,9,3,0,0,0,0,9,0,0,0,0,451,204732,0,0,0,0,49,57,15,0,0,10,0,2,0,Jolteon
4-14,09:10:27,NINTEN,Pidgey,Super Nerd,9,Cinnabar Island - Gym,3,1:10:41.67,1:10:41,1h10m41s,0,0,0,59,4:38,10.566,WING ATTACK,SWIFT,FLY,AGILITY,9,8458,900,188,32,831,764,372,19,77172,Jolteon, ,Normal,Flying,207211,Pidgey2,Pidgey,,01:10:31.11,01:10:41.67,04:38:18.46,59,0,1,10,41,67,WING ATTACK,SWIFT,FLY,AGILITY,33,13,15,30,0,0,0,0,131,159,104,92,89,89,112,30424,39406,25027,31917,31917,26133,15,15,15,15,0,0,0,0,0,0,0,117,103,89,89,126,1003905,320026,609595,72277,2007,9,0,0,8458,7295,899,264,900,220,188,32,2,0,37575,25172,1791,1791,606,122,230,0,0,0,0,0,76,0,14,0,0,3,0,1,0,0,0,0,0,4,0,0,0,0,6,2,9,3,0,0,0,0,9,0,0,0,0,454,207076,0,0,0,0,49,57,15,0,0,10,0,2,0,Jolteon
4-14,09:10:44,NINTEN,Pidgey,Super Nerd,10,Cinnabar Island - Gym,4,1:10:59.03,1:10:59,1h10m59s,0,0,0,59,4:39,10.975,WING ATTACK,SWIFT,FLY,AGILITY,9,8470,917,189,32,835,768,372,19,78072,Jolteon, ,Normal,Flying,209912,Pidgey2,Pidgey,,01:10:48.06,01:10:59.03,04:39:27.07,59,0,1,10,59,3,WING ATTACK,SWIFT,FLY,AGILITY,33,9,15,30,0,0,0,0,131,159,104,92,89,89,112,30606,39654,25210,32147,32147,26413,15,15,15,15,0,0,0,0,0,0,0,117,103,89,89,126,1008007,321046,612676,72277,2007,9,0,0,8470,7307,899,264,917,221,189,32,2,0,38069,25491,1791,1791,606,122,230,0,0,0,0,0,76,0,14,0,0,3,0,1,0,0,0,0,0,4,0,0,0,0,6,2,9,3,0,0,0,0,9,0,0,0,0,458,209777,0,0,0,0,49,57,15,0,0,10,0,2,0,Jolteon
4-14,09:10:55,NINTEN,Pidgey,Burglar,5,Cinnabar Island - Gym,1,1:11:09.97,1:11:09,1h11m9s,0,0,0,60,4:40,5.99,WING ATTACK,SWIFT,FLY,AGILITY,9,8482,919,190,32,837,769,373,19,78922,Jolteon, ,Normal,Flying,211247,Pidgey2,Pidgey,,01:11:03.97,01:11:09.97,04:40:10.11,60,0,1,11,9,97,WING ATTACK,SWIFT,FLY,AGILITY,33,9,14,30,0,0,0,0,134,162,107,94,92,92,114,30656,39739,25265,32212,32212,26503,15,15,15,15,0,0,0,0,0,0,0,120,105,92,92,128,1010590,321713,614593,72277,2007,9,0,0,8482,7319,899,264,919,222,190,32,2,0,38254,25589,1791,1791,607,123,230,0,0,0,0,0,77,0,14,0,0,3,0,1,0,0,0,0,0,4,0,0,0,0,6,2,9,3,0,0,0,0,9,0,0,0,0,459,211112,0,0,0,0,49,57,15,0,0,10,0,2,0,Jolteon
4-14,09:11:09,NINTEN,Pidgey,Super Nerd,11,Cinnabar Island - Gym,1,1:11:24.15,1:11:24,1h11m24s,0,0,0,60,4:41,7.513,WING ATTACK,SWIFT,FLY,AGILITY,9,8496,920,191,32,841,771,374,19,82612,Jolteon, ,Normal,Flying,212933,Pidgey2,Pidgey,,01:11:16.64,01:11:24.15,04:41:06.03,60,0,1,11,24,15,WING ATTACK,SWIFT,FLY,AGILITY,33,7,14,30,0,0,0,0,110,162,107,94,92,92,114,30721,39839,25335,32292,32292,26608,15,15,15,15,0,0,0,0,0,0,0,120,105,92,92,128,1013942,322488,617170,72277,2007,9,0,0,8496,7333,899,264,920,223,191,32,2,0,38406,25699,1815,1815,607,123,231,0,0,0,0,0,77,0,14,0,0,3,0,1,0,0,0,0,0,4,0,0,0,0,6,2,9,3,0,0,0,0,9,0,0,0,0,460,212798,0,0,0,0,49,57,15,0,0,10,0,2,0,Jolteon
4-14,09:11:21,NINTEN,Pidgey,Burglar,6,Cinnabar Island - Gym,2,1:11:36.03,1:11:36,1h11m36s,0,0,0,60,4:41,7.07,WING ATTACK,SWIFT,FLY,AGILITY,9,8509,920,192,32,843,773,375,19,83637,Jolteon, ,Normal,Flying,214153,Pidgey2,Pidgey,,01:11:28.96,01:11:36.03,04:41:52.51,60,0,1,11,36,3,WING ATTACK,SWIFT,FLY,AGILITY,33,5,14,30,0,0,0,0,104,162,107,94,92,92,114,30814,39950,25420,32407,32407,26733,15,15,15,15,0,0,0,0,0,0,0,120,105,92,92,128,1016750,323143,619323,72277,2007,9,0,0,8509,7346,899,264,920,224,192,32,2,0,38666,25873,1821,1821,607,123,232,0,0,0,0,0,77,0,14,0,0,3,0,1,0,0,0,0,0,4,0,0,0,0,6,2,9,3,0,0,0,0,9,0,0,0,0,462,214018,0,0,0,0,49,57,15,0,0,10,0,2,0,Jolteon
4-14,09:11:34,NINTEN,Pidgey,Super Nerd,12,Cinnabar Island - Gym,2,1:11:48.73,1:11:48,1h11m48s,0,0,0,60,4:42,7.13,WING ATTACK,SWIFT,FLY,AGILITY,9,8526,923,193,32,845,775,376,19,86967,Jolteon, ,Normal,Flying,215373,Pidgey2,Pidgey,,01:11:41.60,01:11:48.73,04:42:42.51,60,0,1,11,48,73,WING ATTACK,SWIFT,FLY,AGILITY,33,3,14,30,0,0,0,0,98,162,107,94,92,92,114,30907,40061,25505,32522,32522,26858,15,15,15,15,0,0,0,0,0,0,0,120,105,92,92,128,1019750,323968,621498,72277,2007,9,0,0,8526,7363,899,264,923,225,193,32,2,0,38933,26047,1827,1827,607,123,233,0,0,0,0,0,77,0,14,0,0,3,0,1,0,0,0,0,0,4,0,0,0,0,6,2,9,3,0,0,0,0,9,0,0,0,0,464,215238,0,0,0,0,49,57,15,0,0,10,0,2,0,Jolteon
4-14,09:12:38,NINTEN,Pidgey,Rival5-Silph,5,Silph Co - 7F,5,1:12:52.54,1:12:52,1h12m52s,0,0,0,60,4:46,24.189,DOUBLE-EDGE,SWIFT,FLY,AGILITY,10,8694,928,194,32,852,782,379,18,87892,Jolteon, ,Normal,Flying,222417,Pidgey2,Pidgey,Rival (Silph Co.),01:12:28.36,01:12:52.54,04:46:54.12,60,0,1,12,52,54,DOUBLE-EDGE,SWIFT,FLY,AGILITY,11,17,15,30,0,0,0,0,24,162,107,94,92,92,114,31210,40432,25960,32992,32992,27328,15,15,15,15,0,0,0,0,0,0,0,120,105,92,92,128,1034831,329967,627636,75221,2007,10,0,0,8694,7531,899,264,928,226,194,32,2,0,39629,26534,1965,1965,611,123,236,0,0,0,0,0,77,0,14,0,0,3,0,1,0,0,0,0,0,4,0,0,0,0,6,2,9,3,0,0,0,0,9,0,0,0,0,469,222282,0,0,0,0,49,57,15,0,0,11,0,2,0,Jolteon
4-14,09:13:04,NINTEN,Pidgey,Rocket,45,Silph Co - 11F,3,1:13:18.68,1:13:18,1h13m18s,0,0,0,61,4:48,10.443,DOUBLE-EDGE,SWIFT,FLY,AGILITY,10,8704,928,195,32,855,785,379,17,90492,Jolteon, ,Normal,Flying,224999,Pidgey2,Pidgey,,01:13:08.23,01:13:18.68,04:48:37.19,61,0,1,13,18,68,DOUBLE-EDGE,SWIFT,FLY,AGILITY,10,15,15,30,0,0,0,0,143,164,108,96,93,93,116,31375,40652,26184,33182,33182,27558,15,15,15,15,0,0,0,0,0,0,0,121,108,93,93,130,1041019,331522,630629,76861,2007,10,0,0,8704,7541,899,264,928,227,195,32,2,0,40003,26773,1986,1986,612,123,236,0,0,0,0,0,77,0,14,0,0,3,0,1,0,0,0,0,0,4,0,0,0,0,6,2,9,3,0,0,0,0,9,0,0,0,0,472,224864,0,0,0,0,49,57,15,0,0,11,0,2,0,Jolteon
4-14,09:13:44,NINTEN,Pidgey,Giovanni-Silph,2,Silph Co - 11F,4,1:13:58.65,1:13:58,1h13m58s,0,0,0,61,4:51,24.955,DOUBLE-EDGE,SWIFT,FLY,AGILITY,11,8719,929,196,32,864,793,382,16,91422,Jolteon, ,Normal,Flying,229816,Pidgey2,Pidgey,Giovanni (Silph),01:13:33.69,01:13:58.65,04:51:15.25,61,0,1,13,58,65,DOUBLE-EDGE,SWIFT,FLY,AGILITY,9,9,14,30,0,0,0,0,120,164,108,96,93,93,116,31671,40961,26483,33407,33407,27839,15,15,15,15,0,-1,0,0,0,0,0,136,70,93,93,146,1050504,332746,637358,78393,2007,11,0,0,8719,7556,899,264,929,228,196,32,2,0,40658,27210,2030,2030,614,124,238,0,0,0,0,0,78,0,14,0,0,3,0,1,0,0,0,0,0,4,0,0,0,0,6,2,9,3,0,0,0,0,9,0,0,0,0,476,229681,0,0,0,0,49,57,15,0,0,11,0,2,0,Jolteon
4-14,09:14:17,NINTEN,Pidgey,Psychic,3,Saffron City - Gym,3,1:14:31.87,1:14:31,1h14m31s,0,0,0,61,4:53,12.215,DOUBLE-EDGE,SWIFT,FLY,AGILITY,11,8824,936,197,32,870,799,385,16,95481,Jolteon, ,Normal,Flying,232373,Pidgey2,Pidgey,,01:14:19.66,01:14:31.87,04:53:26.14,61,0,1,14,31,87,DOUBLE-EDGE,SWIFT,FLY,AGILITY,9,3,14,30,0,0,0,0,120,164,108,96,93,93,116,31946,41166,26723,33567,33567,27899,15,15,15,15,-2,0,0,0,0,0,0,60,136,93,93,164,1058353,336911,640746,78689,2007,11,0,0,8824,7661,899,264,936,229,197,32,2,0,41101,27534,2030,2030,614,125,240,0,0,0,0,0,79,0,14,0,0,3,0,1,0,0,0,0,0,4,0,0,0,0,6,2,9,3,0,0,0,0,9,0,0,0,0,479,232238,0,0,0,0,49,57,15,0,0,11,0,2,0,Jolteon
4-14,09:14:28,NINTEN,Pidgey,Psychic,2,Saffron City - Gym,2,1:14:43.45,1:14:43,1h14m43s,0,0,0,62,4:54,7.585,DOUBLE-EDGE,SWIFT,FLY,AGILITY,11,8830,941,198,32,872,801,385,16,95811,Jolteon, ,Normal,Flying,234419,Pidgey2,Pidgey,,01:14:35.87,01:14:43.45,04:54:11.47,62,0,1,14,43,45,DOUBLE-EDGE,SWIFT,FLY,AGILITY,9,1,14,30,0,0,0,0,123,167,111,98,95,95,119,32026,41246,26818,33787,33787,28094,15,15,15,15,0,0,0,0,0,0,0,124,110,95,95,133,1061086,337357,643033,78689,2007,11,0,0,8830,7667,899,264,941,230,198,32,2,0,41482,27686,2030,2030,614,125,240,0,0,0,0,0,80,0,14,0,0,3,0,1,0,0,0,0,0,4,0,0,0,0,6,2,9,3,0,0,0,0,9,0,0,0,0,481,234284,0,0,0,0,49,57,15,0,0,11,0,2,0,Jolteon
4-14,09:14:43,NINTEN,Pidgey,Channeler,23,Saffron City - Gym,1,1:14:58.48,1:14:58,1h14m58s,0,0,0,62,4:55,5.177,DOUBLE-EDGE,SWIFT,FLY,AGILITY,11,8844,945,199,32,874,802,386,16,96151,Jolteon, ,Normal,Flying,235445,Pidgey2,Pidgey,,01:14:53.31,01:14:58.48,04:55:10.37,62,0,1,14,58,48,DOUBLE-EDGE,SWIFT,FLY,AGILITY,9,1,13,30,0,0,0,0,123,167,111,98,95,95,119,32071,41296,26863,33902,33902,28189,15,15,15,15,0,0,0,0,0,0,0,124,110,95,95,133,1064616,338863,645057,78689,2007,11,0,0,8844,7681,899,264,945,231,199,32,2,0,41622,27774,2030,2030,615,126,240,0,0,0,0,0,80,0,14,0,0,3,0,1,0,0,0,0,0,4,0,0,0,0,6,2,9,3,0,0,0,0,9,0,0,0,0,482,235310,0,0,0,0,49,57,15,0,0,11,0,2,0,Jolteon
4-14,09:14:54,NINTEN,Pidgey,Psychic,4,Saffron City - Gym,1,1:15:09.18,1:15:09,1h15m9s,0,0,0,62,4:55,5.81,DOUBLE-EDGE,SWIFT,FLY,AGILITY,11,8852,946,200,32,876,804,387,16,97291,Jolteon, ,Normal,Flying,236780,Pidgey2,Pidgey,,01:15:03.37,01:15:09.18,04:55:52.45,62,0,1,15,9,18,DOUBLE-EDGE,SWIFT,FLY,AGILITY,7,1,13,30,0,0,0,0,92,167,111,98,95,95,119,32166,41371,26973,33982,33982,28219,15,15,15,15,-1,0,0,0,0,0,0,82,123,95,95,149,1067144,339529,646919,78689,2007,11,0,0,8852,7689,899,264,946,232,200,32,2,0,41789,27900,2061,2061,617,126,241,0,0,0,0,0,80,0,14,0,0,3,0,1,0,0,0,0,0,4,0,0,0,0,6,2,9,3,0,0,0,0,9,0,0,0,0,483,236645,0,0,0,0,49,57,15,0,0,11,0,2,0,Jolteon
4-14,09:15:15,NINTEN,Pidgey,Psychic,1,Saffron City - Gym,4,1:15:29.85,1:15:29,1h15m29s,0,0,0,62,4:57,14.745,DOUBLE-EDGE,SWIFT,FLY,AGILITY,11,8866,961,201,32,884,808,391,16,97671,Jolteon, ,Normal,Flying,240266,Pidgey2,Pidgey,,01:15:15.11,01:15:29.85,04:57:14.02,62,0,1,15,29,85,DOUBLE-EDGE,SWIFT,FLY,AGILITY,7,1,9,30,0,0,0,0,92,167,111,98,95,95,119,32376,41551,27163,34362,34362,28534,15,15,15,15,0,0,0,0,0,0,0,124,110,95,95,133,1072021,340428,650897,78689,2007,11,0,0,8866,7703,899,264,961,233,201,32,2,0,42475,28211,2061,2061,621,129,242,0,0,0,0,0,80,0,14,0,0,3,0,1,0,0,0,0,0,4,0,0,0,0,6,2,9,3,0,0,0,0,9,0,0,0,0,487,240131,0,0,0,0,49,57,15,0,0,11,0,2,0,Jolteon
4-14,09:15:54,NINTEN,Pidgey,Sabrina,1,Saffron City - Gym,3,1:16:08.87,1:16:08,1h16m8s,0,0,0,62,4:59,23.841,DOUBLE-EDGE,SWIFT,FLY,AGILITY,12,8877,962,202,32,900,824,403,15,97981,Jolteon, ,Normal,Flying,244591,Pidgey2,Pidgey,Sabrina,01:15:45.03,01:16:08.87,04:59:48.26,62,0,1,16,8,87,DOUBLE-EDGE,SWIFT,FLY,AGILITY,15,17,15,17,0,0,0,0,92,167,111,98,95,95,119,32496,41656,27253,34722,34722,28849,15,15,15,15,0,0,0,0,6,-4,0,277,246,95,95,760,1081285,341411,657060,80807,2007,12,0,0,8877,7714,899,264,962,234,202,32,2,0,43292,28535,2061,2061,621,137,246,0,0,0,0,0,80,0,14,0,0,3,0,1,0,0,0,0,0,4,0,0,0,0,6,2,9,3,0,0,0,0,9,0,0,0,0,490,244456,0,0,0,0,49,57,15,0,0,11,0,2,0,Jolteon
4-14,09:18:11,NINTEN,Pidgey,Blaine,1,Cinnabar Island - Gym,3,1:18:25.80,1:18:25,1h18m25s,0,1,1,74,5:08,13.185,DOUBLE-EDGE,SWIFT,FLY,AGILITY,13,9045,968,204,32,914,836,412,15,51465,Jolteon, ,Normal,Flying,417738,Pidgey2,Pidgey,Blaine,01:18:12.62,01:18:25.80,05:08:47.31,74,0,1,18,25,80,DOUBLE-EDGE,SWIFT,FLY,AGILITY,12,19,15,30,0,0,0,0,62,198,131,116,113,113,141,32862,42118,27623,35162,35162,29354,15,15,15,15,0,0,0,0,0,0,0,147,130,113,113,158,1113630,349891,669930,91802,2007,13,0,0,9045,7882,899,264,968,236,204,32,2,0,44413,29378,2817,2424,628,138,255,0,0,0,0,0,81,0,14,0,0,4,0,1,0,0,0,0,0,4,0,0,0,0,7,2,9,3,0,0,0,0,9,0,0,0,3,495,254692,0,0,0,0,49,57,15,0,0,11,1,2,1,Jolteon
4-14,09:18:46,NINTEN,Pidgey,Blackbelt,6,Viridian City - Gym,2,1:19:00.86,1:19:00,1h19m0s,0,1,1,74,5:11,8.553,DOUBLE-EDGE,SWIFT,FLY,AGILITY,13,9163,982,205,32,918,838,414,16,56811,Jolteon, ,Normal,Flying,419742,Pidgey2,Pidgey,,01:18:52.30,01:19:00.86,05:11:05.41,74,0,1,19,0,86,DOUBLE-EDGE,SWIFT,FLY,AGILITY,15,20,13,30,0,0,0,0,198,198,131,116,113,113,141,33012,42298,27743,35247,35247,29434,15,15,15,15,0,0,0,0,0,0,0,147,130,127,127,158,1121920,354851,672510,92552,2007,13,0,0,9163,8000,899,264,982,237,205,32,2,0,45055,29610,2817,2424,630,140,255,0,0,0,0,0,81,0,14,0,0,4,0,1,0,0,0,0,0,4,0,0,0,0,7,2,9,3,0,0,0,0,9,0,0,0,3,497,256696,0,0,0,0,49,57,15,0,0,11,1,2,1,Jolteon
4-14,09:18:56,NINTEN,Pidgey,Cooltrainer M,9,Viridian City - Gym,2,1:19:11.03,1:19:11,1h19m11s,0,1,1,74,5:11,6.956,DOUBLE-EDGE,SWIFT,FLY,AGILITY,13,9164,982,206,32,920,840,414,16,57811,Jolteon, ,Normal,Flying,422382,Pidgey2,Pidgey,,01:19:04.08,01:19:11.03,05:11:45.47,74,0,1,19,11,3,DOUBLE-EDGE,SWIFT,FLY,AGILITY,14,19,13,30,0,0,0,0,170,198,131,116,113,113,141,33122,42478,27903,35372,35372,29619,15,15,15,15,0,0,0,0,0,0,0,147,130,127,127,158,1124326,355116,674651,92552,2007,13,0,0,9164,8001,899,264,982,238,206,32,2,0,45328,29805,2845,2452,631,140,255,0,0,0,0,0,81,0,14,0,0,4,0,1,0,0,0,0,0,4,0,0,0,0,7,2,9,3,0,0,0,0,9,0,0,0,3,499,259336,0,0,0,0,49,57,15,0,0,11,1,2,1,Jolteon
4-14,09:19:07,NINTEN,Pidgey,Tamer,3,Viridian City - Gym,1,1:19:22.03,1:19:22,1h19m22s,0,1,1,74,5:12,7.927,DOUBLE-EDGE,SWIFT,FLY,AGILITY,13,9168,984,207,32,922,842,415,16,59176,Jolteon, ,Normal,Flying,423625,Pidgey2,Pidgey,,01:19:14.10,01:19:22.03,05:12:29.12,74,0,1,19,22,3,DOUBLE-EDGE,SWIFT,FLY,AGILITY,12,19,13,30,0,0,0,0,130,198,131,116,113,113,141,33202,42563,27998,35402,35402,29644,15,15,15,15,0,0,0,0,0,0,0,147,130,127,127,158,1126931,355327,677045,92552,2007,13,0,0,9168,8005,899,264,984,239,207,32,2,0,45461,29933,2885,2492,633,140,256,0,0,0,0,0,81,0,14,0,0,4,0,1,0,0,0,0,0,4,0,0,0,0,7,2,9,3,0,0,0,0,9,0,0,0,3,500,260579,0,0,0,0,49,57,15,0,0,11,1,2,1,Jolteon
4-14,09:19:17,NINTEN,Pidgey,Cooltrainer M,10,Viridian City - Gym,1,1:19:31.71,1:19:31,1h19m31s,0,1,1,74,5:13,5.97,DOUBLE-EDGE,SWIFT,FLY,AGILITY,13,9174,988,208,32,924,844,416,16,60896,Jolteon, ,Normal,Flying,424868,Pidgey2,Pidgey,,01:19:25.74,01:19:31.71,05:13:07.20,74,0,1,19,31,71,DOUBLE-EDGE,SWIFT,FLY,AGILITY,10,19,13,30,0,0,0,0,99,198,131,116,113,113,141,33282,42648,28093,35432,35432,29669,15,15,15,15,0,0,0,0,0,0,0,147,130,127,127,158,1129219,355709,678951,92552,2007,13,0,0,9174,8011,899,264,988,240,208,32,2,0,45602,30061,2916,2523,635,141,256,0,0,0,0,0,81,0,14,0,0,4,0,1,0,0,0,0,0,4,0,0,0,0,7,2,9,3,0,0,0,0,9,0,0,0,3,501,261822,0,0,0,0,49,57,15,0,0,11,1,2,1,Jolteon
4-14,09:19:33,NINTEN,Pidgey,Blackbelt,8,Viridian City - Gym,3,1:19:48.05,1:19:48,1h19m48s,0,1,1,74,5:14,12.385,DOUBLE-EDGE,SWIFT,FLY,AGILITY,13,9182,991,209,32,930,847,417,16,62401,Jolteon, ,Normal,Flying,427959,Pidgey2,Pidgey,,01:19:35.67,01:19:48.05,05:14:11.50,74,0,1,19,48,5,DOUBLE-EDGE,SWIFT,FLY,AGILITY,10,19,10,30,0,0,0,0,99,198,131,116,113,113,141,33512,42928,28283,35567,35567,29794,15,15,15,15,0,0,0,0,0,0,0,147,130,127,127,158,1133089,356143,682387,92552,2007,13,0,0,9182,8019,899,264,991,241,209,32,2,0,46494,30396,2916,2523,638,142,256,0,0,0,0,0,81,0,14,0,0,4,0,1,0,0,0,0,0,4,0,0,0,0,7,2,9,3,0,0,0,0,9,0,0,0,3,504,264913,0,0,0,0,49,57,15,0,0,11,1,2,1,Jolteon
4-14,09:19:50,NINTEN,Pidgey,Tamer,4,Viridian City - Gym,2,1:20:05.45,1:20:05,1h20m5s,0,1,1,75,5:15,8.704,DOUBLE-EDGE,SWIFT,FLY,AGILITY,13,9221,998,210,32,932,849,417,16,63351,Jolteon, ,Normal,Flying,430949,Pidgey2,Pidgey,,01:19:56.75,01:20:05.45,05:15:20.38,75,0,1,20,5,45,DOUBLE-EDGE,SWIFT,FLY,AGILITY,9,18,10,30,0,0,0,0,75,202,134,119,115,115,143,33647,43113,28447,35702,35702,29984,15,15,15,15,0,0,0,0,0,0,0,150,133,129,129,160,1137217,357732,684926,92552,2007,13,0,0,9221,8058,899,264,998,242,210,32,2,0,46768,30611,2944,2551,639,142,256,0,0,0,0,0,81,0,14,0,0,4,0,1,0,0,0,0,0,4,0,0,0,0,7,2,9,3,0,0,0,0,9,0,0,0,3,506,267903,0,0,0,0,49,57,15,0,0,11,1,2,1,Jolteon
4-14,09:20:03,NINTEN,Pidgey,Blackbelt,7,Viridian City - Gym,1,1:20:17.75,1:20:17,1h20m17s,0,1,1,75,5:16,5.514,DOUBLE-EDGE,SWIFT,FLY,AGILITY,13,9232,1000,211,32,934,850,418,16,64911,Jolteon, ,Normal,Flying,432293,Pidgey2,Pidgey,,01:20:12.24,01:20:17.75,05:16:09.07,75,0,1,20,17,75,DOUBLE-EDGE,SWIFT,FLY,AGILITY,9,18,9,30,0,0,0,0,75,202,134,119,115,115,143,33727,43213,28517,35752,35752,30029,15,15,15,15,0,0,0,0,0,0,0,150,133,129,129,160,1140126,358546,687021,92552,2007,13,0,0,9232,8069,899,264,1000,243,211,32,2,0,47026,30739,2944,2551,640,143,256,0,0,0,0,0,81,0,14,0,0,4,0,1,0,0,0,0,0,4,0,0,0,0,7,2,9,3,0,0,0,0,9,0,0,0,3,507,269247,0,0,0,0,49,57,15,0,0,11,1,2,1,Jolteon
4-14,09:21:17,NINTEN,Pidgey,Giovanni,3,Viridian City - Gym,5,1:21:32.33,1:21:32,1h21m32s,0,1,1,75,5:21,35.477,DOUBLE-EDGE,MIMIC,FLY,AGILITY,15,9399,1039,212,32,948,862,424,15,65986,Jolteon, ,Normal,Flying,442514,Pidgey2,Pidgey,Giovanni,01:20:56.86,01:21:32.33,05:21:04.38,75,0,1,21,32,33,DOUBLE-EDGE,MIMIC,FLY,AGILITY,15,3,13,27,0,0,0,0,202,202,134,119,115,115,143,34103,43667,28911,36082,36082,30465,15,15,15,15,0,0,0,0,6,-1,0,238,210,205,205,723,1157857,363883,695951,96016,2007,15,0,0,9399,8236,899,264,1039,244,212,32,2,0,48213,31499,2944,2551,646,146,258,0,0,0,0,0,81,0,14,0,0,4,0,1,0,0,0,0,0,4,0,0,0,0,7,2,9,3,0,0,0,0,9,0,0,0,3,512,279468,0,0,0,0,49,57,15,0,0,12,1,2,1,Jolteon
4-14,09:22:19,NINTEN,Pidgey,Rival6-Route 22,8,Route 22,6,1:22:33.60,1:22:33,1h22m33s,0,1,1,76,5:25,33.139,DOUBLE-EDGE,MIMIC,FLY,AGILITY,16,9536,1050,213,32,959,872,427,16,71431,Jolteon, ,Normal,Flying,452648,Pidgey2,Pidgey,Rival (Final),01:22:00.46,01:22:33.60,05:25:07.13,76,0,1,22,33,60,DOUBLE-EDGE,MIMIC,FLY,AGILITY,14,2,14,30,0,0,0,0,143,204,135,121,116,116,146,34466,44078,29446,36612,36612,30975,15,15,15,15,0,0,0,0,0,0,0,151,136,130,130,164,1172412,369294,704542,96569,2007,16,0,0,9536,8373,899,264,1050,245,213,32,2,0,49815,32276,3005,2612,656,146,260,0,0,0,0,0,87,0,14,0,0,4,0,1,0,0,0,0,0,4,0,0,0,0,7,2,9,3,0,0,0,0,9,0,0,0,3,518,289602,0,0,0,0,49,57,15,0,0,12,1,2,1,Jolteon
4-14,09:24:01,NINTEN,Pidgey,Cooltrainer F,5,Victory Road,2,1:24:15.74,1:24:15,1h24m15s,0,1,1,76,5:31,12.337,DOUBLE-EDGE,MIMIC,FLY,AGILITY,16,9995,1111,214,33,965,875,432,18,74876,Jolteon, ,Normal,Flying,455720,Pidgey2,Pidgey,,01:24:03.40,01:24:15.74,05:31:51.59,76,0,1,24,15,74,DOUBLE-EDGE,MIMIC,FLY,AGILITY,15,10,12,30,0,0,0,0,184,204,135,121,116,116,146,34604,44224,29581,36777,36777,31190,15,15,15,15,0,0,0,0,0,0,0,151,136,130,130,164,1196698,387076,708975,98640,2007,16,0,0,9995,8797,899,299,1111,247,214,33,3,0,50182,32519,3025,2632,658,151,261,0,0,0,0,0,88,0,14,0,0,4,0,1,0,0,0,0,0,4,0,0,0,0,7,2,9,3,0,0,0,0,9,0,0,0,3,520,292674,0,0,0,0,51,57,15,0,0,12,1,2,1,Jolteon
4-14,09:24:21,NINTEN,Pidgey,Cooltrainer M,5,Victory Road,4,1:24:36.17,1:24:36,1h24m36s,0,1,1,76,5:33,16.645,DOUBLE-EDGE,MIMIC,FLY,AGILITY,16,10008,1114,215,33,971,879,434,18,76416,Jolteon, ,Normal,Flying,461435,Pidgey2,Pidgey,,01:24:19.52,01:24:36.17,05:33:12.41,76,0,1,24,36,17,DOUBLE-EDGE,MIMIC,FLY,AGILITY,13,10,10,30,0,0,0,0,126,204,135,121,116,116,146,34859,44497,29860,37072,37072,31488,15,15,15,15,0,0,0,0,0,0,0,151,136,130,130,164,1201540,387557,713336,98640,2007,16,0,0,10008,8810,899,299,1114,248,215,33,3,0,51108,32967,3083,2690,662,152,261,0,0,0,0,0,89,0,14,0,0,4,0,1,0,0,0,0,0,4,0,0,0,0,7,2,9,3,0,0,0,0,9,0,0,0,3,524,298389,0,0,0,0,51,57,15,0,0,12,1,2,1,Jolteon
4-14,09:24:49,NINTEN,Pidgey,Blackbelt,9,Victory Road,3,1:25:03.60,1:25:03,1h25m3s,0,1,1,76,5:35,12.548,DOUBLE-EDGE,MIMIC,FLY,AGILITY,16,10050,1129,216,33,977,882,437,18,77886,Jolteon, ,Normal,Flying,464933,Pidgey2,Pidgey,,01:24:51.05,01:25:03.60,05:35:01.08,76,0,1,25,3,60,DOUBLE-EDGE,MIMIC,FLY,AGILITY,13,10,7,30,0,0,0,0,126,204,135,121,116,116,146,35089,44777,30050,37207,37207,31613,15,15,15,15,0,0,0,0,0,0,0,151,136,130,130,164,1208047,389548,716820,99672,2007,16,0,0,10050,8823,928,299,1129,249,216,33,3,0,52212,33343,3083,2690,665,153,261,0,0,0,0,0,90,0,14,0,0,4,0,1,0,0,0,0,0,4,0,0,0,0,7,2,9,3,0,0,0,0,9,0,0,0,3,527,301887,0,0,0,0,51,57,15,0,0,12,1,2,1,Jolteon
4-14,09:25:10,NINTEN,Pidgey,Juggler,2,Victory Road,4,1:25:24.67,1:25:24,1h25m24s,0,1,1,77,5:36,15.993,DOUBLE-EDGE,MIMIC,FLY,AGILITY,16,10067,1135,217,33,985,886,441,18,78961,Jolteon, ,Normal,Flying,469823,Pidgey2,Pidgey,,01:25:08.67,01:25:24.67,05:36:24.16,77,0,1,25,24,67,DOUBLE-EDGE,MIMIC,FLY,AGILITY,13,10,3,30,0,0,0,0,129,207,138,122,118,118,148,35314,44968,30225,37652,37652,31932,15,15,15,15,0,0,0,0,0,0,0,155,137,132,132,166,1213035,390244,721112,99672,2007,16,0,0,10067,8823,945,299,1135,250,217,33,3,0,53103,33756,3083,2690,669,156,261,0,0,0,0,0,90,0,14,0,0,4,0,1,0,0,0,0,0,4,0,0,0,0,7,2,9,3,0,0,0,0,9,0,0,0,3,531,306777,0,0,0,0,51,57,15,0,0,12,1,2,1,Jolteon
4-14,09:25:24,NINTEN,Pidgey,Tamer,5,Victory Road,2,1:25:38.98,1:25:38,1h25m38s,0,1,1,77,5:37,7.588,DOUBLE-EDGE,MIMIC,FLY,AGILITY,16,10094,1136,218,33,987,888,441,18,80396,Jolteon, ,Normal,Flying,472857,Pidgey2,Pidgey,,01:25:31.39,01:25:38.98,05:37:20.39,77,0,1,25,38,98,DOUBLE-EDGE,MIMIC,FLY,AGILITY,11,10,3,30,0,0,0,0,68,207,138,122,118,118,148,35459,45120,30363,37797,37797,32132,15,15,15,15,0,0,0,0,0,0,0,155,137,132,132,166,1216418,391037,723702,99672,2007,16,0,0,10094,8823,972,299,1136,251,218,33,3,0,53511,34005,3144,2751,671,156,261,0,0,0,0,0,90,0,14,0,0,4,0,1,0,0,0,0,0,4,0,0,0,0,7,2,9,3,0,0,0,0,9,0,0,0,3,533,309811,0,0,0,0,51,57,15,0,0,12,1,2,1,Jolteon
4-14,09:25:57,NINTEN,Pidgey,Cooltrainer M,2,Victory Road,3,1:26:12.06,1:26:12,1h26m12s,0,1,1,77,5:39,17.044,DOUBLE-EDGE,MIMIC,FLY,AGILITY,17,10114,1140,219,33,995,893,446,17,82156,Jolteon, ,Normal,Flying,478642,Pidgey2,Pidgey,,01:25:55.02,01:26:12.06,05:39:31.16,77,0,1,26,12,6,DOUBLE-EDGE,MIMIC,FLY,AGILITY,9,10,12,30,0,0,0,0,138,207,138,122,118,118,148,35694,45420,30708,38087,38087,32352,15,15,15,15,0,-1,0,0,0,0,0,174,90,148,148,186,1224255,391895,728234,102119,2007,17,0,0,10114,8823,992,299,1140,252,219,33,3,0,54187,34385,3213,2820,676,159,263,0,0,0,0,0,90,0,14,0,0,4,0,1,0,0,0,0,0,4,0,0,0,0,7,2,9,3,0,0,0,0,9,0,0,0,3,536,315596,0,0,0,0,51,57,15,0,0,12,1,2,1,Jolteon
4-14,09:26:40,NINTEN,Pidgey,Cooltrainer F,3,Victory Road,3,1:26:55.42,1:26:55,1h26m55s,0,1,1,77,5:42,14.681,DOUBLE-EDGE,MIMIC,FLY,AGILITY,18,10207,1178,220,33,1000,896,448,16,83661,Jolteon, ,Normal,Flying,483791,Pidgey2,Pidgey,,01:26:40.74,01:26:55.42,05:42:23.14,77,0,1,26,55,42,DOUBLE-EDGE,MIMIC,FLY,AGILITY,8,10,10,30,0,0,0,0,104,207,138,122,118,118,148,36094,45590,30873,38367,38367,32502,15,15,15,15,0,0,0,0,0,0,0,155,137,132,132,166,1234573,396900,732224,103442,2007,18,0,0,10207,8823,1085,299,1178,253,220,33,3,0,55910,34907,3247,2854,679,160,263,0,0,0,0,0,91,0,14,0,0,4,0,1,0,0,0,0,0,4,0,0,0,0,7,2,9,3,0,0,0,0,9,0,0,0,3,539,320745,0,0,0,0,51,57,15,0,0,12,1,2,1,Jolteon
4-14,09:27:03,NINTEN,Pidgey,Cooltrainer F,2,Victory Road,3,1:27:17.68,1:27:17,1h27m17s,0,1,1,78,5:43,14.969,DOUBLE-EDGE,MIMIC,FLY,AGILITY,19,10243,1183,221,33,1008,900,453,16,85166,Jolteon, ,Normal,Flying,487714,Pidgey2,Pidgey,,01:27:02.71,01:27:17.68,05:43:51.17,78,0,1,27,17,68,DOUBLE-EDGE,MIMIC,FLY,AGILITY,8,10,6,30,0,0,0,0,89,210,139,125,121,121,150,36289,45860,31023,38622,38622,32667,15,15,15,15,0,0,0,0,0,0,0,156,140,136,136,168,1239856,397583,736272,103994,2007,19,0,0,10243,8823,1121,299,1183,254,221,33,3,0,57040,35252,3265,2872,682,165,264,0,0,0,0,0,91,0,14,0,0,4,0,1,0,0,0,0,0,4,0,0,0,0,7,2,9,3,0,0,0,0,9,0,0,0,3,542,324668,0,0,0,0,51,57,15,0,0,12,1,2,1,Jolteon
4-14,09:28:06,NINTEN,Pidgey,Cooltrainer M,3,Victory Road,3,1:28:21.16,1:28:21,1h28m21s,0,1,1,78,5:48,10.934,DOUBLE-EDGE,MIMIC,FLY,AGILITY,19,10477,1232,222,33,1011,903,453,17,79671,Jolteon, ,Normal,Flying,493434,Pidgey2,Pidgey,,01:28:10.22,01:28:21.16,05:48:01.56,78,0,1,28,21,16,DOUBLE-EDGE,MIMIC,FLY,AGILITY,12,10,15,30,0,0,0,0,121,210,139,125,121,121,150,36503,46143,31303,38877,38877,32920,15,15,15,15,0,0,0,0,0,0,0,156,140,136,136,168,1254895,406586,739662,106640,2007,19,0,0,10477,8939,1239,299,1232,255,222,33,3,0,57648,35614,3354,2961,685,165,264,0,0,0,0,0,92,0,14,0,0,4,0,1,0,0,0,0,0,4,0,0,0,0,7,2,9,3,0,0,0,0,9,0,0,0,3,545,330388,0,0,0,0,51,67,15,0,0,12,1,2,1,Jolteon
4-14,09:28:25,NINTEN,Pidgey,Juggler,5,Victory Road,1,1:28:40.11,1:28:40,1h28m40s,0,1,1,78,5:49,5.957,DOUBLE-EDGE,MIMIC,FLY,AGILITY,19,10564,1241,223,33,1013,904,454,17,81176,Jolteon, ,Normal,Flying,494832,Pidgey2,Pidgey,,01:28:34.15,01:28:40.11,05:49:16.57,78,0,1,28,40,11,DOUBLE-EDGE,MIMIC,FLY,AGILITY,12,10,14,30,0,0,0,0,121,210,139,125,121,121,150,36543,46188,31368,38977,38977,33010,15,15,15,15,0,0,0,0,0,0,0,156,140,136,136,168,1259396,409074,741582,106733,2007,19,0,0,10564,9026,1239,299,1241,256,223,33,3,0,57875,35718,3354,2961,686,165,264,0,0,0,0,0,93,0,14,0,0,4,0,1,0,0,0,0,0,4,0,0,0,0,7,2,9,3,0,0,0,0,9,0,0,0,3,546,331786,0,0,0,0,51,67,15,0,0,12,1,2,1,Jolteon
4-14,09:28:51,NINTEN,Pidgey,Pokemaniac,6,Victory Road,3,1:29:06.43,1:29:06,1h29m6s,0,1,1,78,5:51,15.083,DOUBLE-EDGE,MIMIC,FLY,AGILITY,19,10645,1244,224,33,1020,908,458,17,82856,Jolteon, ,Normal,Flying,499011,Pidgey2,Pidgey,,01:28:51.35,01:29:06.43,05:51:00.55,78,0,1,29,6,43,DOUBLE-EDGE,MIMIC,FLY,AGILITY,11,10,11,30,0,0,0,0,81,210,139,125,121,121,150,36821,46392,31581,39197,39197,33180,15,15,15,15,0,0,0,0,0,0,0,156,140,136,136,168,1265635,411259,745635,106733,2007,19,0,0,10645,9107,1239,299,1244,257,224,33,3,0,58394,36108,3394,3001,690,167,264,0,0,0,0,0,93,0,14,0,0,4,0,1,0,0,0,0,0,4,0,0,0,0,7,2,9,3,0,0,0,0,9,0,0,0,3,549,335965,0,0,0,0,51,67,15,0,0,12,1,2,1,Jolteon
4-14,09:29:14,NINTEN,Pidgey,Swimmer,2,Route 19,2,1:29:29.49,1:29:29,1h29m29s,0,1,1,78,5:52,7.119,DOUBLE-EDGE,MIMIC,FLY,AGILITY,19,10669,1250,225,33,1022,910,458,17,84856,Jolteon, ,Normal,Flying,500308,Pidgey2,Pidgey,,01:29:22.37,01:29:29.49,05:52:31.31,78,0,1,29,29,49,DOUBLE-EDGE,MIMIC,FLY,AGILITY,13,10,15,30,0,0,0,0,178,210,139,125,121,121,150,36891,46497,31716,39342,39342,33290,15,15,15,15,0,0,0,0,0,0,0,156,140,136,136,168,1271070,413471,747824,107768,2007,19,0,0,10669,9131,1239,299,1250,258,225,33,3,0,59055,36238,3426,3033,692,167,264,0,0,0,0,0,93,0,14,0,0,4,0,1,0,0,0,0,0,4,0,0,0,0,7,2,9,3,0,0,0,0,9,0,0,0,3,551,337262,0,0,0,0,51,67,15,0,0,12,1,2,1,Jolteon
4-14,09:29:27,NINTEN,Pidgey,Swimmer,3,Route 19,3,1:29:42.25,1:29:42,1h29m42s,0,1,1,78,5:53,9.605,DOUBLE-EDGE,MIMIC,FLY,AGILITY,19,10674,1250,226,33,1025,913,458,17,85006,Jolteon, ,Normal,Flying,502168,Pidgey2,Pidgey,,01:29:32.65,01:29:42.25,05:53:21.46,78,0,1,29,42,25,DOUBLE-EDGE,MIMIC,FLY,AGILITY,10,10,15,30,0,0,0,0,131,210,139,125,121,121,150,36996,46649,31901,39532,39532,33498,15,15,15,15,0,0,0,0,0,0,0,156,140,136,136,168,1274085,413740,750570,107768,2007,19,0,0,10674,9136,1239,299,1250,259,226,33,3,0,60258,36429,3473,3080,695,167,264,0,0,0,0,0,94,0,14,0,0,4,0,1,0,0,0,0,0,4,0,0,0,0,7,2,9,3,0,0,0,0,9,0,0,0,3,554,339122,0,0,0,0,51,67,15,0,0,12,1,2,1,Jolteon
4-14,09:29:40,NINTEN,Pidgey,Swimmer,7,Route 19,2,1:29:54.96,1:29:54,1h29m54s,0,1,1,78,5:54,7.948,DOUBLE-EDGE,MIMIC,FLY,AGILITY,19,10679,1251,227,33,1029,915,460,17,85151,Jolteon, ,Normal,Flying,503232,Pidgey2,Pidgey,,01:29:47.02,01:29:54.96,05:54:11.47,78,0,1,29,54,96,DOUBLE-EDGE,MIMIC,FLY,AGILITY,10,10,13,30,0,0,0,0,131,210,139,125,121,121,150,37056,46729,32041,39672,39672,33618,15,15,15,15,0,0,0,0,0,0,0,156,140,136,136,168,1277086,413993,752942,108144,2007,19,0,0,10679,9140,1239,300,1251,260,227,33,3,0,60643,36553,3473,3080,697,169,264,0,0,0,0,0,94,0,14,0,0,4,0,1,0,0,0,0,0,4,0,0,0,0,7,2,9,3,0,0,0,0,9,0,0,0,3,556,340186,0,0,0,0,51,67,15,0,0,12,1,2,1,Jolteon
4-14,09:29:52,NINTEN,Pidgey,Swimmer,4,Route 19,2,1:30:07.42,1:30:07,1h30m7s,0,1,1,78,5:55,7.944,DOUBLE-EDGE,MIMIC,FLY,AGILITY,19,10697,1252,228,33,1033,917,462,17,85301,Jolteon, ,Normal,Flying,504568,Pidgey2,Pidgey,,01:29:59.47,01:30:07.42,05:55:00.54,78,0,1,30,7,42,DOUBLE-EDGE,MIMIC,FLY,AGILITY,10,10,11,30,0,0,0,0,131,210,139,125,121,121,150,37161,46844,32146,39762,39762,33798,15,15,15,15,0,0,0,0,0,0,0,156,140,136,136,168,1280033,414578,755304,108144,2007,19,0,0,10697,9140,1239,318,1252,261,228,33,3,0,61147,36704,3473,3080,699,171,264,0,0,0,0,0,94,0,14,0,0,4,0,1,0,0,0,0,0,4,0,0,0,0,7,2,9,3,0,0,0,0,9,0,0,0,3,558,341522,0,0,0,0,51,67,15,0,0,12,1,2,1,Jolteon
4-14,09:30:08,NINTEN,Pidgey,Swimmer,6,Route 19,3,1:30:22.95,1:30:22,1h30m22s,0,1,1,79,5:56,12.296,DOUBLE-EDGE,MIMIC,FLY,AGILITY,19,10706,1253,229,33,1039,920,465,17,85451,Jolteon, ,Normal,Flying,506913,Pidgey2,Pidgey,,01:30:10.66,01:30:22.95,05:56:02.13,79,0,1,30,22,95,DOUBLE-EDGE,MIMIC,FLY,AGILITY,10,10,8,30,0,0,0,0,134,213,142,127,123,123,153,37316,47068,32371,39937,39937,33969,15,15,15,15,0,0,0,0,0,0,0,159,142,138,138,172,1283712,414865,758696,108144,2007,19,0,0,10706,9140,1239,327,1253,262,229,33,3,0,61720,36924,3473,3080,702,174,264,0,0,0,0,0,94,0,14,0,0,4,0,1,0,0,0,0,0,4,0,0,0,0,7,2,9,3,0,0,0,0,9,0,0,0,3,561,343867,0,0,0,0,51,67,15,0,0,12,1,2,1,Jolteon
4-14,09:30:36,NINTEN,Pidgey,Beauty,12,Route 19,5,1:30:50.86,1:30:50,1h30m50s,0,1,1,79,5:57,19.179,DOUBLE-EDGE,MIMIC,FLY,AGILITY,19,10734,1254,230,33,1051,926,472,17,85596,Jolteon, ,Normal,Flying,510069,Pidgey2,Pidgey,,01:30:31.68,01:30:50.86,05:57:52.26,79,0,1,30,50,86,DOUBLE-EDGE,MIMIC,FLY,AGILITY,10,10,2,30,0,0,0,0,131,213,142,127,123,123,153,37566,47394,32636,40197,40197,34343,15,15,15,15,0,0,0,0,0,0,0,159,142,138,138,172,1290325,415744,764017,108557,2007,19,0,0,10734,9140,1239,355,1254,263,230,33,3,0,63141,37262,3476,3083,707,181,265,0,0,0,0,0,94,0,14,0,0,4,0,1,0,0,0,0,0,4,0,0,0,0,7,2,9,3,0,0,0,0,9,0,0,0,3,566,347023,0,0,0,0,51,67,15,0,0,12,1,2,1,Jolteon
4-14,09:31:05,NINTEN,Pidgey,Beauty,13,Route 19,2,1:31:19.74,1:31:19,1h31m19s,0,1,1,79,5:59,9.648,DOUBLE-EDGE,MIMIC,FLY,AGILITY,19,10798,1265,231,33,1055,928,474,17,87486,Jolteon, ,Normal,Flying,511873,Pidgey2,Pidgey,,01:31:10.09,01:31:19.74,05:59:46.15,79,0,1,31,19,74,DOUBLE-EDGE,MIMIC,FLY,AGILITY,15,10,13,30,0,0,0,0,213,213,142,127,123,123,153,37691,47553,32761,40327,40327,34474,15,15,15,15,0,0,0,0,0,0,0,159,142,138,138,172,1297154,418442,766781,109924,2007,19,0,0,10798,9171,1239,388,1265,264,231,33,3,0,63586,37425,3476,3083,709,183,265,0,0,0,0,0,94,0,14,0,0,4,0,1,0,0,0,0,0,4,0,0,0,0,7,2,9,3,0,0,0,0,9,0,0,0,3,568,348827,0,0,0,0,51,67,15,0,0,12,1,2,1,Jolteon
4-14,09:31:25,NINTEN,Pidgey,Swimmer,8,Route 19,5,1:31:39.99,1:31:39,1h31m39s,0,1,1,79,6:01,17.657,DOUBLE-EDGE,MIMIC,FLY,AGILITY,19,10799,1265,232,33,1065,933,479,17,89586,Jolteon, ,Normal,Flying,515364,Pidgey2,Pidgey,,01:31:22.34,01:31:39.99,06:01:06.08,79,0,1,31,39,99,DOUBLE-EDGE,MIMIC,FLY,AGILITY,15,10,8,30,0,0,0,0,213,213,142,127,123,123,153,37911,47788,33021,40787,40787,34859,15,15,15,15,0,0,0,0,0,0,0,159,142,138,138,172,1301948,418584,771433,109924,2007,19,0,0,10799,9171,1239,389,1265,265,232,33,3,0,65412,37747,3476,3083,714,188,265,0,0,0,0,0,96,0,14,0,0,4,0,1,0,0,0,0,0,4,0,0,0,0,7,2,9,3,0,0,0,0,9,0,0,0,3,573,352318,0,0,0,0,51,67,15,0,0,12,1,2,1,Jolteon
4-14,09:31:37,NINTEN,Pidgey,Beauty,14,Route 19,3,1:31:52.29,1:31:52,1h31m52s,0,1,1,79,6:01,9.307,DOUBLE-EDGE,MIMIC,FLY,AGILITY,19,10800,1266,233,33,1068,936,479,17,89721,Jolteon, ,Normal,Flying,517338,Pidgey2,Pidgey,,01:31:42.99,01:31:52.29,06:01:54.33,79,0,1,31,52,29,DOUBLE-EDGE,MIMIC,FLY,AGILITY,12,10,8,30,0,0,0,0,168,213,142,127,123,123,153,38001,47923,33186,40997,40997,35114,15,15,15,15,0,0,0,0,0,0,0,159,142,138,138,172,1304852,418802,774119,109924,2007,19,0,0,10800,9171,1239,390,1266,266,233,33,3,0,66456,37930,3521,3128,717,188,265,0,0,0,0,0,96,0,14,0,0,4,0,1,0,0,0,0,0,4,0,0,0,0,7,2,9,3,0,0,0,0,9,0,0,0,3,576,354292,0,0,0,0,51,67,15,0,0,12,1,2,1,Jolteon
4-14,09:31:58,NINTEN,Pidgey,Swimmer,11,Route 20,4,1:32:13.51,1:32:13,1h32m13s,0,1,1,79,6:03,15.516,DOUBLE-EDGE,MIMIC,FLY,AGILITY,19,10825,1267,234,33,1078,941,485,17,91751,Jolteon, ,Normal,Flying,519762,Pidgey2,Pidgey,,01:31:57.99,01:32:13.51,06:03:18.21,79,0,1,32,13,51,DOUBLE-EDGE,MIMIC,FLY,AGILITY,12,10,3,30,0,0,0,0,168,213,142,127,123,123,153,38146,48108,33491,41302,41302,35379,15,15,15,15,0,-1,0,0,0,0,0,178,93,155,155,193,1309880,419668,778281,109924,2007,19,0,0,10825,9171,1239,415,1267,267,234,33,3,0,67276,38180,3521,3128,721,194,266,0,0,0,0,0,96,0,14,0,0,4,0,1,0,0,0,0,0,4,0,0,0,0,7,2,9,3,0,0,0,0,9,0,0,0,3,580,356716,0,0,0,0,51,67,15,0,0,12,1,2,1,Jolteon
4-14,09:32:08,NINTEN,Pidgey,Swimmer,9,Route 20,2,1:32:23.39,1:32:23,1h32m23s,0,1,1,79,6:03,7.051,DOUBLE-EDGE,MIMIC,FLY,AGILITY,19,10825,1268,235,33,1080,943,485,17,91891,Jolteon, ,Normal,Flying,521753,Pidgey2,Pidgey,,01:32:16.34,01:32:23.39,06:03:57.14,79,0,1,32,23,39,DOUBLE-EDGE,MIMIC,FLY,AGILITY,10,10,3,30,0,0,0,0,133,213,142,127,123,123,153,38226,48268,33771,41432,41432,35489,15,15,15,15,0,0,0,0,0,0,0,159,142,138,138,172,1312213,419848,780434,109924,2007,19,0,0,10825,9171,1239,415,1268,268,235,33,3,0,67597,38320,3556,3163,723,194,266,0,0,0,0,0,96,0,14,0,0,4,0,1,0,0,0,0,0,4,0,0,0,0,7,2,9,3,0,0,0,0,9,0,0,0,3,582,358707,0,0,0,0,51,67,15,0,0,12,1,2,1,Jolteon
4-14,09:32:22,NINTEN,Pidgey,Beauty,15,Route 20,3,1:32:36.87,1:32:36,1h32m36s,0,1,1,79,6:04,9.22,DOUBLE-EDGE,MIMIC,FLY,AGILITY,19,10844,1268,236,33,1083,946,485,17,92046,Jolteon, ,Normal,Flying,524277,Pidgey2,Pidgey,,01:32:27.65,01:32:36.87,06:04:50.18,79,0,1,32,36,87,DOUBLE-EDGE,MIMIC,FLY,AGILITY,7,10,3,30,0,0,0,0,80,213,142,127,123,123,153,38366,48438,34031,41692,41692,35719,15,15,15,15,0,0,0,0,0,0,0,159,142,138,138,172,1315397,420381,783085,109924,2007,19,0,0,10844,9171,1239,434,1268,269,236,33,3,0,68502,38536,3609,3216,726,194,266,0,0,0,0,0,97,0,14,0,0,4,0,1,0,0,0,0,0,4,0,0,0,0,7,2,9,3,0,0,0,0,9,0,0,0,3,585,361231,0,0,0,0,51,67,15,0,0,12,1,2,1,Jolteon
4-14,09:32:35,NINTEN,Pidgey,Beauty,6,Route 20,1,1:32:49.66,1:32:49,1h32m49s,0,1,1,79,6:05,4.371,DOUBLE-EDGE,MIMIC,FLY,AGILITY,19,10877,1280,237,33,1084,947,485,17,94146,Jolteon, ,Normal,Flying,525552,Pidgey2,Pidgey,,01:32:45.29,01:32:49.66,06:05:40.41,79,0,1,32,49,66,DOUBLE-EDGE,MIMIC,FLY,AGILITY,6,10,3,30,0,0,0,0,54,213,142,127,123,123,153,38446,48530,34096,41772,41772,35787,15,15,15,15,0,0,0,0,0,0,0,159,142,138,138,172,1318420,421375,784592,110446,2007,19,0,0,10877,9193,1239,445,1280,270,237,33,3,0,68931,38642,3635,3242,727,194,266,0,0,0,0,0,98,0,14,0,0,4,0,1,0,0,0,0,0,4,0,0,0,0,7,2,9,3,0,0,0,0,9,0,0,0,3,586,362506,0,0,0,0,51,67,15,0,0,12,1,2,1,Jolteon
4-14,09:32:59,NINTEN,Pidgey,Beauty,8,Route 20,2,1:33:13.93,1:33:13,1h33m13s,0,1,1,80,6:07,7.543,DOUBLE-EDGE,MIMIC,FLY,AGILITY,19,10918,1280,238,33,1086,949,485,17,96596,Jolteon, ,Normal,Flying,527191,Pidgey2,Pidgey,,01:33:06.38,01:33:13.93,06:07:16.10,80,0,1,33,13,93,DOUBLE-EDGE,MIMIC,FLY,AGILITY,13,10,15,30,0,0,0,0,177,217,145,129,125,125,156,38566,48672,34201,41892,41892,35945,15,15,15,15,0,0,0,0,0,0,0,163,145,140,140,175,1324149,423596,786862,111684,2007,19,0,0,10918,9211,1239,468,1280,271,238,33,3,0,69661,38807,3675,3282,729,194,266,0,0,0,0,0,98,0,14,0,0,4,0,1,0,0,0,0,0,4,0,0,0,0,7,2,9,3,0,0,0,0,9,0,0,0,3,588,364145,0,0,0,0,51,67,15,0,0,12,1,2,1,Jolteon
4-14,09:37:53,NINTEN,Pidgey,Lorelei,1,Lorelei's Room,5,1:38:07.66,1:38:07,1h38m7s,6,1,7,80,6:13,44.878,DOUBLE-EDGE,MIMIC,FLY,AGILITY,21,11002,1288,239,33,1111,965,501,18,29766,Jolteon, ,Normal,Flying,537700,Pidgey2,Pidgey,Lorelei,01:37:22.78,01:38:07.66,06:13:43.50,80,6,1,38,7,66,DOUBLE-EDGE,MIMIC,FLY,AGILITY,14,6,6,28,0,0,0,0,37,217,145,129,125,125,156,38996,49047,34686,42342,42342,36270,15,15,15,15,0,0,6,6,4,0,0,290,258,562,562,747,1347415,431228,798304,115718,2165,21,1,0,11002,9295,1239,468,1288,272,239,33,3,0,71137,39853,3855,3462,740,203,271,0,0,0,0,0,98,0,14,0,0,4,0,1,0,0,0,0,0,4,0,0,0,0,7,2,9,3,0,0,0,0,9,1,0,0,3,593,374654,0,0,0,0,51,90,15,0,0,12,1,2,7,Jolteon
4-14,09:38:34,NINTEN,Pidgey,Bruno,1,Bruno's Room,5,1:38:49.50,1:38:49,1h38m49s,6,1,7,80,6:16,26.096,DOUBLE-EDGE,MIMIC,FLY,AGILITY,22,11013,1289,240,33,1124,972,507,18,35310,Jolteon, ,Normal,Flying,545907,Pidgey2,Pidgey,Bruno,01:38:23.41,01:38:49.50,06:16:29.13,80,6,1,38,49,50,DOUBLE-EDGE,MIMIC,FLY,AGILITY,15,7,11,30,0,0,0,0,187,217,145,129,125,125,156,39256,49492,35218,42537,42537,36628,15,15,15,15,0,-1,0,0,0,0,0,183,95,157,157,196,1357338,432259,804994,117920,2165,22,1,0,11013,9306,1239,468,1289,273,240,33,3,0,72285,40512,3885,3492,747,207,273,0,0,0,0,0,100,0,15,0,0,4,0,1,0,0,0,0,0,4,0,0,0,0,7,2,9,3,0,0,0,0,9,1,0,0,3,598,382861,0,0,0,0,51,90,15,0,0,12,1,2,7,Jolteon
4-14,09:39:30,NINTEN,Pidgey,Agatha,1,Agatha's Room,5,1:39:44.67,1:39:44,1h39m44s,6,1,7,81,6:20,43.069,DOUBLE-EDGE,MIMIC,FLY,AGILITY,23,11024,1290,241,33,1143,983,518,18,41052,Jolteon, ,Normal,Flying,555993,Pidgey2,Pidgey,Agatha,01:39:01.60,01:39:44.67,06:20:07.05,81,6,1,39,44,67,DOUBLE-EDGE,MIMIC,FLY,AGILITY,14,8,7,30,0,0,0,0,126,219,146,132,127,127,158,39556,49837,35522,43052,43052,37113,15,15,15,15,0,0,0,0,0,0,0,164,148,142,142,177,1370410,433263,815709,119273,2165,23,1,0,11024,9317,1239,468,1290,274,241,33,3,0,73527,41352,3934,3531,757,212,275,0,0,0,0,0,100,0,15,0,0,5,0,1,0,0,0,0,0,4,0,0,0,0,9,2,9,3,0,0,0,0,9,1,0,0,3,603,392947,0,0,0,0,51,90,15,0,0,12,1,2,7,Jolteon
4-14,09:40:46,NINTEN,Pidgey,Lance,1,Lance's Room,5,1:41:01.44,1:41:01,1h41m1s,7,1,8,81,6:23,29.164,DOUBLE-EDGE,MIMIC,FLY,AGILITY,24,11074,1292,242,33,1155,994,523,18,46992,Jolteon, ,Normal,Flying,567599,Pidgey2,Pidgey,Lance,01:40:32.27,01:41:01.44,06:23:09.49,81,7,1,41,1,44,DOUBLE-EDGE,MIMIC,FLY,AGILITY,15,3,14,27,0,0,0,0,44,219,146,132,127,127,158,39944,50369,35891,43452,43452,37544,15,15,15,15,0,0,0,0,6,0,0,232,209,200,200,711,1381380,435039,823372,120647,2322,24,2,0,11074,9367,1239,468,1292,275,242,33,3,0,75213,42194,4109,3706,764,215,278,0,0,0,0,0,101,0,15,0,0,5,0,1,0,0,0,0,0,4,0,0,0,0,9,2,9,3,0,0,0,0,9,1,0,0,3,608,404553,0,0,0,0,51,90,15,0,0,12,1,2,8,Jolteon
4-14,09:43:19,NINTEN,Pidgey,Champion,1,Champions Room,6,1:43:34.22,1:43:34,1h43m34s,8,1,9,82,6:30,62.344,REST,MIMIC,FLY,AGILITY,27,11082,1292,243,33,1175,1009,537,14,53130,Jolteon, ,Normal,Flying,583890,Pidgey2,Pidgey,Champion,01:42:31.88,01:43:34.22,06:30:35.02,82,8,1,43,34,22,REST,MIMIC,FLY,AGILITY,8,5,14,27,0,2,0,0,45,223,149,133,129,129,160,40357,50850,36446,44062,44062,38084,15,15,15,15,0,0,0,0,6,0,0,236,210,205,205,720,1408098,437056,838788,129775,2479,27,3,0,11082,9375,1239,468,1292,276,243,33,3,0,76705,43190,4508,4105,774,217,289,0,0,0,0,0,101,0,18,0,0,5,0,1,0,0,0,0,0,4,0,0,0,0,9,2,9,3,0,0,0,0,11,1,0,0,3,614,419602,0,0,0,0,51,90,15,0,0,13,1,2,9,Jolteon
4-14,09:43:35,NINTEN,Pidgey,Champion,1,Hall of Fame,6,1:43:34.22,1:43:34,1h43m34s,8,1,9,82,6:31,78.588,REST,MIMIC,FLY,AGILITY,27,11091,1293,243,33,1175,1009,537,14,59565,Jolteon, ,Normal,Flying,583890,Pidgey2,Pidgey,Champion,01:42:31.88,01:43:34.22,06:31:39.25,82,8,1,43,34,22,REST,MIMIC,FLY,AGILITY,8,5,14,27,0,2,0,0,45,223,149,133,129,129,160,40357,50850,36446,44062,44062,38084,15,15,15,15,0,0,0,0,6,0,0,236,210,205,205,720,1411961,440452,839255,129775,2479,27,3,0,11091,9384,1239,468,1293,276,243,33,3,0,76705,43190,4508,4105,774,217,289,0,0,0,0,0,101,0,18,0,0,5,0,1,0,0,0,0,0,4,0,0,0,0,9,2,9,3,0,0,0,0,11,1,0,0,3,614,419602,0,0,0,0,51,90,15,0,0,13,1,2,9,Jolteon
