date_string,time_string,player_name,pokemon,trainer_name,trainer_id,location,total_pokemon,real_time_total,real_time_hmmss,real_time_file_label,resets,blackouts,failures,level,game_time,battle_duration,move1,move2,move3,move4,move1pp,move2pp,move3pp,move4pp,move1ppUp,move2ppUp,move3ppUp,move4ppUp,saves,steps,bonks,trainerBattles,wildBattles,battleTurns,playerTurns,enemyTurns,itemsInBag,money,rivalTeam,statusCondition,type1,type2,experience,ROM,Species,Trainer,Start Time,Real Time,Game Time,Level,Resets,RTHours,RTMinutes,RTSeconds,RTMilliseconds,Move 1,Move 2,Move 3,Move 4,Hp,Max HP,Attack,Defense,Sp. Attack,Sp. Defense,Speed,Attack DV,Defense DV,Speed DV,Special DV,StatExp HP,StatExp Attack,StatExp Def,StatExp Sp. Attack,StatExp Sp. Defense,StatExp Speed,Attack Stage,Defense Stage,Sp. Attack Stage,Sp. Defense Stage,Speed Stage,Accuracy Stage,Evasion Stage,Battle Attack,Battle Defense,Battle Sp. Attack,Battle Sp. Defense,Battle Speed,Frame Count,Overworld Frame Count,Battle Frame Count,Menu Frame Count,Intro Frame Count,Save Count,Reload Count,Clock Reset Count,Steps Count,Steps Count Walk,Steps Count Bike,Steps Count Surf,Bonks,Battles,Trainer Battles,Wild Battles,Battles Fled,Failed Runs,Total Damage Dealt,Actual Damage Dealt,Total Damage Taken,Actual Damage Taken,Own Moves Hit,Own Moves Missed,Enemy Moves Hit,Enemy Moves Missed,Own Moves Super Effective,Own Moves Not Very Effective,Enemy Moves Super Effective,Enemy Moves Not Very Effective,Criticals Dealt,OHKOs Dealt,Criticals Taken,OHKOs Taken,Was Confused,Enemy Became Confused,Was Paralyzed,Enemy Was Paralyzed,Was Burned,Enemy Was Burned,Was Frozen,Enemy Was Frozen,Was Poisoned,Enemy Was Poisoned,Was Badly Poisoned,Enemy Was Badly Poisoned,Fell Asleep,Enemy Fell Asleep,Player Turns Confused,Player Turns Confused Hit Self,Player Turns Paralyzed,Player Turns Paralyzed Fully,Enemy Turns Confused,Enemy Turns Confused Hit Self,Enemy Turns Paralyzed,Enemy Turns Paralyzed Fully, Player Turns Asleep, Enemy Turns Asleep,Player HP Healed,Enemy HP Healed,Player Pokemon Fainted,Enemy Pokemon Fainted,Experience Gained,Switchouts,Money Made,Money Spent,Money Lost,Items Picked Up,Items Bought,Items Sold,Balls Thrown,Pokemon Caught In Balls,Moves Learnt,Blackouts,Attempt Number,Failures, Rival's Team
4-15,18:28:41,NINTEN,Pidgey,Rival1-Lab,1,Pallet Town - Oak's Lab,1,44.69,44,0h0m44s,0,0,0,6,0:02,7.699,GUST,SAND-ATTACK,,,0,77,7,1,1,3,3,2,1,3000,Jolteon, ,Normal,Flying,232,Pidgey2,Pidgey,Rival (Lab),00:00:36.99,00:00:44.69,00:02:23.21,6,0,0,0,44,69,GUST,SAND-ATTACK,,,32,15,0,0,0,0,0,0,16,22,12,11,11,11,13,55,55,50,65,65,55,15,15,15,15,0,-1,0,0,0,0,0,12,7,11,11,13,10580,5524,3049,0,2007,0,0,0,77,77,0,0,7,2,1,1,0,0,21,21,6,6,3,0,2,0,0,0,0,0,1,0,0,0,0,0,0,0,0,0,0,0,0,0,0,0,0,0,0,0,0,0,0,0,0,0,0,0,0,0,0,1,97,0,0,0,0,0,0,0,0,0,0,0,2,0,Jolteon
4-15,18:31:14,NINTEN,Pidgey,Bug Catcher,2,Viridian Forest,3,3:18.38,3:18,0h3m18s,0,0,0,10,0:12,16.653,GUST,SAND-ATTACK,,,0,581,44,2,12,30,30,16,4,75,Flareon, ,Normal,Flying,739,Pidgey2,Pidgey,,00:03:01.73,00:03:18.38,00:12:29.04,10,0,0,3,18,38,GUST,SAND-ATTACK,,,23,15,0,0,0,0,0,0,28,31,17,16,15,15,19,560,619,575,445,445,784,15,15,15,15,0,0,0,0,-1,0,0,17,16,15,15,12,46923,23541,21375,0,2007,0,0,0,581,581,0,0,44,14,2,12,0,0,305,242,24,24,30,2,10,0,0,0,0,0,3,0,0,0,0,0,0,0,0,0,0,0,0,0,0,0,0,0,0,0,0,0,0,0,0,0,0,0,0,0,0,14,604,0,0,0,0,1,13,0,0,0,0,0,2,0,Flareon
4-15,18:31:38,NINTEN,Pidgey,Bug Catcher,1,Viridian Forest,2,3:42.41,3:42,0h3m42s,0,0,0,11,0:14,10.422,GUST,SAND-ATTACK,,,0,595,44,3,14,38,38,20,4,135,Flareon, ,Normal,Flying,949,Pidgey2,Pidgey,,00:03:31.99,00:03:42.41,00:14:03.44,11,0,0,3,42,41,GUST,SAND-ATTACK,,,15,15,0,0,0,0,0,0,25,33,18,17,16,16,21,740,739,715,525,525,964,15,15,15,15,0,0,0,0,0,0,0,18,17,16,16,21,52603,24032,26564,0,2007,0,0,0,595,595,0,0,44,17,3,14,0,0,420,323,29,29,38,3,13,0,0,0,0,0,4,0,0,0,0,0,0,0,0,0,0,0,0,0,0,0,0,0,0,0,0,0,0,0,0,0,0,0,0,0,0,18,814,0,0,0,0,1,13,0,0,0,0,0,2,0,Flareon
4-15,18:32:06,NINTEN,Pidgey,Lass,19,Viridian Forest,2,4:09.84,4:09,0h4m9s,0,0,0,12,0:15,9.261,QUICK ATTACK,SAND-ATTACK,GUST,,0,631,45,4,16,46,46,24,4,205,Flareon, ,Normal,Flying,1167,Pidgey2,Pidgey,,00:04:00.57,00:04:09.84,00:15:51.52,12,0,0,4,9,84,QUICK ATTACK,SAND-ATTACK,GUST,,24,15,13,0,0,0,0,0,26,36,20,19,17,17,23,931,903,877,645,645,1145,15,15,15,15,0,-1,0,0,0,0,0,20,12,17,17,23,59091,24773,32311,0,2007,0,0,0,631,631,0,0,45,20,4,16,0,0,539,406,31,31,46,3,17,0,0,0,0,0,4,0,0,0,0,0,0,0,0,0,0,0,0,0,0,0,0,0,0,0,0,0,0,0,0,0,0,0,0,0,0,22,1032,0,0,0,0,1,13,0,0,0,1,0,2,0,Flareon
4-15,18:32:43,NINTEN,Pidgey,Rival1a-Route 22,2,Route 22,2,4:46.76,4:46,0h4m46s,0,0,0,13,0:18,11.409,QUICK ATTACK,SAND-ATTACK,GUST,,0,758,50,5,18,55,55,29,4,295,Flareon, ,Normal,Flying,1503,Pidgey2,Pidgey,Rival (Optional),00:04:35.35,00:04:46.76,00:18:17.27,13,0,0,4,46,76,QUICK ATTACK,SAND-ATTACK,GUST,,15,15,13,0,0,0,0,0,9,38,21,20,18,18,24,1111,1093,1032,796,796,1371,15,15,15,15,0,0,0,0,0,0,0,21,20,18,18,24,67826,27707,38112,0,2007,0,0,0,758,758,0,0,50,23,5,18,0,0,675,499,50,50,55,4,21,0,0,0,0,0,5,0,1,0,0,0,0,0,0,0,0,0,0,0,0,0,0,0,0,0,0,0,0,0,0,0,0,0,0,0,0,26,1368,0,0,0,0,1,13,0,0,0,1,0,2,0,Flareon
4-15,18:33:28,NINTEN,Pidgey,Bug Catcher,15,Viridian Forest,2,5:32.05,5:32,0h5m32s,0,0,0,14,0:21,9.834,QUICK ATTACK,SAND-ATTACK,GUST,,0,982,66,6,20,61,61,31,4,575,Jolteon, ,Normal,Flying,1780,Pidgey2,Pidgey,,00:05:22.22,00:05:32.05,00:21:16.11,14,0,0,5,32,5,QUICK ATTACK,SAND-ATTACK,GUST,,25,15,35,0,0,0,0,0,38,40,22,21,19,19,26,1301,1235,1214,916,916,1543,15,15,15,15,0,0,0,0,0,0,0,22,21,19,19,26,78550,33842,42701,0,2007,0,0,0,982,982,0,0,66,26,6,20,0,0,779,588,52,52,61,5,22,0,0,0,0,0,5,0,1,0,0,0,0,0,0,0,0,0,0,0,0,0,0,0,0,0,0,0,0,0,0,0,0,0,0,0,0,30,1645,0,0,0,0,2,13,0,0,0,1,0,2,0,Jolteon
4-15,18:34:09,NINTEN,Pidgey,Bug Catcher,3,Viridian Forest,1,6:12.75,6:12,0h6m12s,0,0,0,15,0:23,6.222,QUICK ATTACK,SAND-ATTACK,GUST,,0,1052,68,7,25,73,73,37,4,655,Jolteon, ,Normal,Flying,2112,Pidgey2,Pidgey,,00:06:06.53,00:06:12.75,00:23:56.34,15,0,0,6,12,75,QUICK ATTACK,SAND-ATTACK,GUST,,13,15,35,0,0,0,0,0,39,43,24,22,21,21,27,1571,1420,1449,1056,1056,1809,15,15,15,15,0,0,0,0,-1,0,0,24,22,21,21,17,88173,35363,50803,0,2007,0,0,0,1052,1052,0,0,68,32,7,25,0,0,992,721,54,54,72,8,25,0,0,0,0,0,6,0,1,0,0,0,0,0,0,0,0,0,0,0,0,0,0,0,0,0,0,0,0,0,0,0,0,0,0,0,0,36,1977,0,0,0,0,3,13,0,0,0,1,0,2,0,Jolteon
4-15,18:34:46,NINTEN,Pidgey,Jr Trainer M,1,Pewter City - Gym,2,6:50.51,6:50,0h6m50s,0,0,0,16,0:26,8.642,QUICK ATTACK,SAND-ATTACK,GUST,,0,1190,70,8,28,79,79,38,4,755,Jolteon, ,Normal,Flying,2545,Pidgey2,Pidgey,,00:06:41.87,00:06:50.51,00:26:25.06,16,0,0,6,50,51,QUICK ATTACK,SAND-ATTACK,GUST,,27,15,35,0,0,0,0,0,41,45,25,24,22,22,29,1761,1655,1669,1206,1206,2090,15,15,15,15,0,0,0,0,0,0,0,25,24,22,22,29,97085,39024,56054,0,2007,0,0,0,1190,1190,0,0,70,36,8,28,0,0,1140,828,58,58,78,8,26,0,0,0,0,0,8,0,1,0,0,0,0,0,0,0,0,0,0,0,0,0,0,0,0,0,0,0,0,0,0,0,0,0,0,0,0,41,2410,0,0,0,0,3,13,0,0,0,1,0,2,0,Jolteon
4-15,18:35:52,NINTEN,Pidgey,Brock,1,Pewter City - Gym,2,7:55.91,7:55,0h7m55s,0,0,0,16,0:30,59.084,QUICK ATTACK,SAND-ATTACK,GUST,,0,1194,70,9,28,117,117,59,4,935,Jolteon, ,Normal,Flying,3005,Pidgey2,Pidgey,Brock,00:06:56.82,00:07:55.91,00:30:44.46,16,0,0,7,55,91,QUICK ATTACK,SAND-ATTACK,GUST,,4,0,35,0,0,0,0,0,25,45,25,24,22,22,29,1836,1780,1929,1266,1266,2180,15,15,15,15,0,0,0,0,0,0,0,25,24,22,22,29,112665,39543,70704,411,2007,0,0,0,1194,1194,0,0,70,37,9,28,0,0,1205,889,78,78,115,25,28,0,0,0,0,0,9,0,1,0,0,0,0,0,0,0,0,0,0,0,0,0,0,0,0,0,0,0,0,0,0,0,0,0,0,0,0,43,2870,0,0,0,0,3,13,0,0,0,1,0,2,0,Jolteon
4-15,18:36:21,NINTEN,Pidgey,Bug Catcher,4,Route 3,3,8:25.49,8:25,0h8m25s,0,0,0,17,0:32,16.198,GUST,SAND-ATTACK,QUICK ATTACK,,0,1267,73,10,28,123,123,64,5,2123,Jolteon, ,Normal,Flying,3340,Pidgey2,Pidgey,,00:08:09.29,00:08:25.49,00:32:41.39,17,0,0,8,25,49,GUST,SAND-ATTACK,QUICK ATTACK,,29,0,4,0,0,0,0,0,24,47,27,25,23,23,31,1966,1875,2029,1326,1326,2320,15,15,15,15,0,0,0,0,-4,0,0,33,25,23,23,10,119678,41713,75547,411,2007,0,0,0,1267,1267,0,0,73,38,10,28,0,0,1349,978,81,81,121,25,33,0,0,0,0,0,9,0,1,0,0,0,0,0,0,0,0,0,0,0,0,0,0,0,0,0,0,0,0,0,0,0,0,0,0,0,0,46,3205,0,0,0,0,3,13,0,0,0,1,0,2,0,Jolteon
4-15,18:36:36,NINTEN,Pidgey,Lass,1,Route 3,2,8:39.86,8:39,0h8m39s,0,0,0,17,0:33,8.82,GUST,SAND-ATTACK,QUICK ATTACK,,0,1274,75,11,28,127,127,66,5,2223,Jolteon, ,Normal,Flying,3550,Pidgey2,Pidgey,,00:08:31.04,00:08:39.86,00:33:38.12,17,0,0,8,39,86,GUST,SAND-ATTACK,QUICK ATTACK,,25,0,4,0,0,0,0,0,34,47,27,25,23,23,31,2046,1965,2109,1396,1396,2432,15,15,15,15,0,0,0,0,0,0,0,30,25,23,23,31,123071,42046,78136,882,2007,0,0,0,1274,1274,0,0,75,39,11,28,0,0,1441,1032,91,91,125,25,35,0,0,0,0,0,9,0,1,0,0,0,0,0,0,0,0,0,0,0,0,0,0,0,0,0,0,0,0,0,0,0,0,0,0,0,0,48,3415,0,0,0,0,3,13,0,0,0,1,0,2,0,Jolteon
4-15,18:36:51,NINTEN,Pidgey,Youngster Ben,1,Route 3,2,8:55.07,8:55,0h8m55s,0,0,0,18,0:34,11.425,GUST,SAND-ATTACK,QUICK ATTACK,,0,1285,75,12,28,132,131,69,5,2358,Jolteon, ,Normal,Flying,3828,Pidgey2,Pidgey,,00:08:43.65,00:08:55.07,00:34:38.13,18,0,0,8,55,7,GUST,SAND-ATTACK,QUICK ATTACK,,21,0,4,0,0,0,0,0,26,49,28,26,24,24,32,2111,2081,2188,1461,1461,2559,15,15,15,15,0,0,0,0,0,0,0,31,26,24,24,32,126672,42474,81309,882,2007,0,0,0,1285,1285,0,0,75,40,12,28,0,0,1532,1091,101,101,129,26,37,0,0,0,0,0,10,0,1,0,0,0,0,0,0,0,0,0,0,0,0,0,0,0,0,0,0,0,0,0,0,0,0,0,0,0,0,50,3693,0,0,0,0,3,13,0,0,0,1,0,2,0,Jolteon
4-15,18:37:08,NINTEN,Pidgey,Bug Catcher,5,Route 3,4,9:12.01,9:12,0h9m12s,0,0,0,18,0:35,12.793,GUST,SAND-ATTACK,QUICK ATTACK,,0,1289,76,13,28,137,136,70,5,2523,Jolteon, ,Normal,Flying,4303,Pidgey2,Pidgey,,00:08:59.21,00:09:12.01,00:35:44.48,18,0,0,9,12,1,GUST,SAND-ATTACK,QUICK ATTACK,,16,0,4,0,0,0,0,0,26,49,28,26,24,24,32,2291,2191,2358,1551,1551,2719,15,15,15,15,0,0,0,0,0,0,0,31,26,24,24,32,130667,42644,85134,882,2007,0,0,0,1289,1289,0,0,76,41,13,28,0,0,1665,1203,101,101,134,26,37,0,0,0,0,0,11,0,1,0,0,0,0,0,0,0,0,0,0,0,0,0,0,0,0,0,0,0,0,0,0,0,0,0,0,0,0,54,4168,0,0,0,0,3,13,0,0,0,1,0,2,0,Jolteon
4-15,18:37:19,NINTEN,Pidgey,Lass,2,Route 3,2,9:23.53,9:23,0h9m23s,0,0,0,18,0:36,7.719,GUST,SAND-ATTACK,QUICK ATTACK,,0,1296,77,14,28,140,139,71,5,2613,Jolteon, ,Normal,Flying,4551,Pidgey2,Pidgey,,00:09:15.82,00:09:23.53,00:36:30.10,18,0,0,9,23,53,GUST,SAND-ATTACK,QUICK ATTACK,,13,0,4,0,0,0,0,0,20,49,28,26,24,24,32,2367,2304,2433,1616,1616,2841,15,15,15,15,0,0,0,0,0,0,0,31,26,24,24,32,133389,43006,87494,882,2007,0,0,0,1296,1296,0,0,77,42,14,28,0,0,1752,1260,107,107,137,26,38,0,0,0,0,0,12,0,1,0,0,0,0,0,0,0,0,0,0,0,0,0,0,0,0,0,0,0,0,0,0,0,0,0,0,0,0,56,4416,0,0,0,0,3,13,0,0,0,1,0,2,0,Jolteon
4-15,18:37:34,NINTEN,Pidgey,Bug Catcher,6,Route 3,2,9:38.35,9:38,0h9m38s,0,0,0,19,0:37,12.196,GUST,SAND-ATTACK,QUICK ATTACK,WHIRLWIND,0,1297,78,15,28,145,144,74,5,2763,Jolteon, ,Normal,Flying,4844,Pidgey2,Pidgey,,00:09:26.16,00:09:38.35,00:37:28.38,19,0,0,9,38,35,GUST,SAND-ATTACK,QUICK ATTACK,WHIRLWIND,8,0,4,20,0,0,0,0,23,52,30,28,25,25,34,2462,2354,2523,1661,1661,2916,15,15,15,15,0,0,0,0,-1,0,0,33,28,25,25,22,136897,43156,90852,882,2007,0,0,0,1297,1297,0,0,78,43,15,28,0,0,1865,1325,107,107,142,26,39,0,0,0,0,0,13,0,1,0,0,0,0,0,0,0,0,0,0,0,0,0,0,0,0,0,0,0,0,0,0,0,0,0,0,0,0,58,4709,0,0,0,0,3,13,0,0,0,2,0,2,0,Jolteon
4-15,18:37:51,NINTEN,Pidgey,Lass,3,Route 3,1,9:54.92,9:54,0h9m54s,0,0,0,19,0:38,11.362,GUST,SAND-ATTACK,WHIRLWIND,QUICK ATTACK,0,1309,78,16,28,151,147,79,5,2873,Jolteon, ,Normal,Flying,5072,Pidgey2,Pidgey,,00:09:43.56,00:09:54.92,00:38:34.04,19,0,0,9,54,92,GUST,SAND-ATTACK,WHIRLWIND,QUICK ATTACK,8,0,20,1,0,0,0,0,15,52,30,28,25,25,34,2577,2399,2543,1686,1686,2936,15,15,15,15,0,0,0,0,0,0,0,33,28,25,25,34,140823,43579,94355,882,2007,0,0,0,1309,1309,0,0,78,44,16,28,0,0,1949,1383,115,115,145,28,42,0,0,0,0,0,13,0,1,0,0,0,0,0,0,0,0,0,0,0,0,0,0,0,0,0,0,0,0,0,0,0,2,0,0,0,0,59,4937,0,0,0,0,3,13,0,0,0,2,0,2,0,Jolteon
4-15,18:38:12,NINTEN,Pidgey,Bug Catcher,7,Mt Moon - 1,2,10:16.50,10:16,0h10m16s,0,0,0,19,0:39,8.154,GUST,SAND-ATTACK,WHIRLWIND,QUICK ATTACK,0,1405,80,17,28,154,150,80,5,3083,Jolteon, ,Normal,Flying,5359,Pidgey2,Pidgey,,00:10:08.35,00:10:16.50,00:39:59.05,19,0,0,10,16,50,GUST,SAND-ATTACK,WHIRLWIND,QUICK ATTACK,32,15,20,30,0,0,0,0,52,52,30,28,25,25,34,2662,2459,2623,1731,1731,3021,15,15,15,15,0,0,0,0,0,0,0,33,28,25,25,34,145924,46364,96671,882,2007,0,0,0,1405,1405,0,0,80,45,17,28,0,0,2053,1446,115,115,148,28,42,0,0,0,0,0,15,0,1,0,0,0,0,0,0,0,0,0,0,0,0,0,0,0,0,0,0,0,0,0,0,0,2,0,0,0,0,61,5224,0,0,0,0,3,13,0,0,0,2,0,2,0,Jolteon
4-15,18:38:31,NINTEN,Pidgey,Lass,6,Mt Moon - 1,1,10:35.28,10:35,0h10m35s,0,0,0,20,0:41,15.672,GUST,SAND-ATTACK,WHIRLWIND,QUICK ATTACK,0,1414,80,18,28,165,154,90,5,3193,Jolteon, ,Normal,Flying,5563,Pidgey2,Pidgey,,00:10:19.61,00:10:35.28,00:41:13.32,20,0,0,10,35,28,GUST,SAND-ATTACK,WHIRLWIND,QUICK ATTACK,28,15,20,30,0,0,0,0,38,54,31,29,27,27,36,2732,2504,2671,1791,1791,3056,15,15,15,15,-4,0,0,0,0,0,0,11,29,27,27,36,150391,46698,100804,882,2007,0,0,0,1414,1414,0,0,80,46,18,28,0,0,2103,1491,131,131,152,31,49,0,0,0,0,0,15,0,1,0,0,0,0,0,0,0,0,0,0,0,0,0,0,0,0,0,0,0,0,0,0,0,8,0,0,0,0,62,5428,0,0,0,0,3,13,0,0,0,2,0,2,0,Jolteon
4-15,18:39:00,NINTEN,Pidgey,Rocket,2,Mt Moon - 3,3,11:04.32,11:04,0h11m4s,0,0,0,20,0:43,15.378,GUST,SAND-ATTACK,WHIRLWIND,QUICK ATTACK,0,1486,83,19,28,172,161,94,5,3403,Jolteon, ,Normal,Flying,6041,Pidgey2,Pidgey,,00:10:48.95,00:11:04.32,00:43:08.08,20,0,0,11,4,32,GUST,SAND-ATTACK,WHIRLWIND,QUICK ATTACK,28,15,20,23,0,0,0,0,25,55,31,29,27,27,36,5412,2680,2826,1886,1886,3223,15,15,15,15,0,0,0,0,0,0,0,34,29,27,27,36,157267,48595,105133,1532,2007,0,0,0,1486,1486,0,0,83,47,19,28,0,0,2261,1584,144,144,159,31,53,0,0,0,0,0,15,0,1,0,0,1,0,0,0,0,0,0,0,0,0,0,0,0,1,0,0,0,0,0,0,0,8,0,0,0,0,65,5906,0,0,0,0,4,13,0,0,0,2,0,2,0,Jolteon
4-15,18:39:16,NINTEN,Pidgey,Super Nerd,1,Mt Moon - 1,2,11:20.11,11:20,0h11m20s,0,0,0,21,0:44,9.235,GUST,SAND-ATTACK,WHIRLWIND,QUICK ATTACK,0,1534,88,20,28,175,164,95,5,3733,Jolteon, ,Normal,Flying,6490,Pidgey2,Pidgey,,00:11:10.87,00:11:20.11,00:44:10.17,21,0,0,11,20,11,GUST,SAND-ATTACK,WHIRLWIND,QUICK ATTACK,28,15,20,20,0,0,0,0,25,57,32,30,28,28,37,5477,2745,2946,2036,2036,3368,15,15,15,15,0,0,0,0,0,0,0,36,30,28,28,37,160996,49743,107714,1532,2007,0,0,0,1534,1534,0,0,88,48,20,28,0,0,2340,1643,146,146,162,31,54,0,0,0,0,0,16,0,1,0,0,1,0,0,0,0,0,0,0,0,0,0,0,0,1,0,0,0,0,0,0,0,8,0,0,0,0,67,6355,0,0,0,0,4,13,0,0,0,2,0,2,0,Jolteon
4-15,18:39:35,NINTEN,Pidgey,Bug Catcher,8,Mt Moon - 1,3,11:38.96,11:38,0h11m38s,0,0,0,21,0:45,8.754,GUST,SAND-ATTACK,WHIRLWIND,QUICK ATTACK,0,1564,90,21,28,178,167,95,6,4008,Jolteon, ,Normal,Flying,6867,Pidgey2,Pidgey,,00:11:30.20,00:11:38.96,00:45:24.27,21,0,0,11,38,96,GUST,SAND-ATTACK,WHIRLWIND,QUICK ATTACK,25,15,20,20,0,0,0,0,45,57,32,30,28,28,37,5617,2825,3071,2101,2101,3488,15,15,15,15,0,0,0,0,0,0,0,36,30,28,28,37,165446,50913,110493,2033,2007,0,0,0,1564,1564,0,0,90,49,21,28,0,0,2442,1734,146,146,165,31,54,0,0,0,0,0,17,0,1,0,0,1,0,0,0,0,0,0,0,0,0,0,0,0,1,0,0,0,0,0,0,0,8,0,0,0,0,70,6732,0,0,0,0,6,13,0,0,0,2,0,2,0,Jolteon
4-15,18:39:52,NINTEN,Pidgey,Lass,5,Mt Moon - 1,2,11:56.28,11:56,0h11m56s,0,1,1,21,0:46,9.733,GUST,SAND-ATTACK,WHIRLWIND,QUICK ATTACK,0,1585,90,22,29,182,171,97,6,4108,Jolteon, ,Normal,Flying,7248,Pidgey2,Pidgey,,00:11:46.55,00:11:56.28,00:46:32.43,21,0,0,11,56,28,GUST,SAND-ATTACK,WHIRLWIND,QUICK ATTACK,21,15,20,20,0,0,0,0,44,57,32,30,28,28,37,5712,2950,3161,2246,2246,3558,15,15,15,15,0,0,0,0,0,0,0,36,30,28,28,37,169542,51588,113914,2033,2007,0,0,0,1585,1585,0,0,90,51,22,29,1,0,2564,1800,147,147,169,31,55,0,0,0,0,0,18,0,1,0,0,1,0,0,0,0,0,0,0,0,0,0,0,0,1,0,0,0,0,0,0,0,8,0,0,0,0,72,7113,0,0,0,0,6,13,0,0,0,2,1,2,1,Jolteon
4-15,18:40:11,NINTEN,Pidgey,Rocket,3,Mt Moon - 3,2,12:14.70,12:14,0h12m14s,0,1,1,21,0:47,10.769,GUST,SAND-ATTACK,WHIRLWIND,QUICK ATTACK,0,1616,91,23,29,187,175,99,6,4273,Jolteon, ,Normal,Flying,7545,Pidgey2,Pidgey,,00:12:03.92,00:12:14.70,00:47:45.23,21,0,0,12,14,70,GUST,SAND-ATTACK,WHIRLWIND,QUICK ATTACK,17,15,20,20,0,0,0,0,39,57,32,30,28,28,37,5787,3055,3240,2326,2326,3668,15,15,15,15,0,0,0,0,0,0,0,36,30,28,28,37,173902,53003,116859,2033,2007,0,0,0,1616,1616,0,0,91,52,23,29,1,0,2670,1866,152,152,173,31,57,0,0,0,0,0,18,0,1,0,0,1,0,0,0,0,0,0,0,0,0,0,0,0,1,0,0,0,0,0,0,0,8,0,0,0,0,74,7410,0,0,0,0,6,13,0,0,0,2,1,2,1,Jolteon
4-15,18:40:27,NINTEN,Pidgey,Youngster,3,Mt Moon - 1,3,12:31.51,12:31,0h12m31s,0,1,1,22,0:48,9.187,GUST,SAND-ATTACK,WHIRLWIND,QUICK ATTACK,0,1655,94,24,29,190,178,99,8,4633,Jolteon, ,Normal,Flying,7902,Pidgey2,Pidgey,,00:12:22.32,00:12:31.51,00:48:51.34,22,0,0,12,31,51,GUST,SAND-ATTACK,WHIRLWIND,QUICK ATTACK,14,15,20,20,0,0,0,0,42,60,34,32,29,29,39,5887,3212,3345,2416,2416,3867,15,15,15,15,0,0,0,0,0,0,0,38,32,29,29,39,177873,54399,119434,2033,2007,0,0,0,1655,1655,0,0,94,53,24,29,1,0,2794,1949,152,152,176,31,57,0,0,0,0,0,19,0,1,0,0,1,0,0,0,0,0,0,0,0,0,0,0,0,1,0,0,0,0,0,0,0,8,0,0,0,0,77,7767,0,0,0,0,8,13,0,0,0,2,1,2,1,Jolteon
4-15,18:40:48,NINTEN,Pidgey,Rocket,1,Mt Moon - 3,2,12:52.43,12:52,0h12m52s,0,1,1,22,0:50,10.774,GUST,SAND-ATTACK,WHIRLWIND,QUICK ATTACK,0,1715,98,25,29,195,182,102,8,4783,Jolteon, ,Normal,Flying,8209,Pidgey2,Pidgey,,00:12:41.66,00:12:52.43,00:50:14.05,22,0,0,12,52,43,GUST,SAND-ATTACK,WHIRLWIND,QUICK ATTACK,10,15,20,20,0,0,0,0,24,60,34,32,29,29,39,5957,3313,3415,2481,2481,3994,15,15,15,15,0,-1,0,0,0,0,0,42,21,29,29,39,182824,56093,122691,2033,2007,0,0,0,1715,1715,0,0,98,54,25,29,1,0,2913,2016,170,170,180,32,59,0,0,0,0,0,19,0,1,0,0,2,0,0,0,0,0,0,0,0,0,0,0,0,2,1,0,0,0,0,0,0,8,0,0,0,0,79,8074,0,0,0,0,8,13,0,0,0,2,1,2,1,Jolteon
4-15,18:41:15,NINTEN,Pidgey,Fossil Nerd,2,Mt Moon - 3,3,13:19.34,13:19,0h13m19s,0,1,1,23,0:52,16.378,QUICK ATTACK,SAND-ATTACK,WHIRLWIND,GUST,0,1791,98,26,29,202,189,106,8,5173,Jolteon, ,Normal,Flying,8996,Pidgey2,Pidgey,,00:13:02.96,00:13:19.34,00:52:00.10,23,0,0,13,19,34,QUICK ATTACK,SAND-ATTACK,WHIRLWIND,GUST,13,15,20,10,0,0,0,0,53,62,36,33,30,30,41,6117,3488,3610,2636,2636,4154,15,15,15,15,0,0,0,0,0,0,0,40,33,30,30,41,189189,57613,126970,2599,2007,0,0,0,1791,1791,0,0,98,55,26,29,1,0,3074,2125,179,179,187,33,62,0,0,0,0,0,20,0,1,0,0,2,0,0,0,0,0,0,0,0,0,0,0,0,2,1,0,0,0,0,0,0,8,0,0,0,0,82,8861,0,0,0,0,8,13,0,0,0,2,1,2,1,Jolteon
4-15,18:41:41,NINTEN,Pidgey,Rocket,42,Mt Moon - 3,3,13:45.01,13:45,0h13m45s,0,1,1,23,0:53,16.624,QUICK ATTACK,SAND-ATTACK,WHIRLWIND,GUST,0,1807,99,27,29,210,197,111,9,5473,Jolteon, ,Normal,Flying,9731,Pidgey2,Pidgey,,00:13:28.38,00:13:45.01,00:53:41.36,23,0,0,13,45,1,QUICK ATTACK,SAND-ATTACK,WHIRLWIND,GUST,5,15,20,10,0,0,0,0,36,62,36,33,30,30,41,6232,3658,3784,2776,2776,4334,15,15,15,15,-1,0,0,0,0,0,0,25,33,30,30,41,195275,59045,131624,2599,2007,0,0,0,1807,1807,0,0,99,56,27,29,1,0,3216,2235,196,196,195,33,67,0,0,0,0,0,20,0,1,0,0,2,0,0,0,0,0,0,0,0,0,0,0,0,2,1,0,0,0,0,0,0,8,0,0,0,0,85,9596,0,0,0,0,8,13,0,0,0,2,1,2,1,Jolteon
4-15,18:42:38,NINTEN,Pidgey,Rival2-Nugget Bridge,3,Cerulean City,4,14:42.47,14:42,0h14m42s,0,1,1,24,0:57,30.131,QUICK ATTACK,SAND-ATTACK,WHIRLWIND,GUST,1,1985,103,28,29,227,214,124,9,5893,Jolteon, ,Normal,Flying,10769,Pidgey2,Pidgey,Rival (Nugget Bridge),00:14:12.33,00:14:42.47,00:57:28.38,24,0,0,14,42,47,QUICK ATTACK,SAND-ATTACK,WHIRLWIND,GUST,13,15,20,35,0,0,0,0,23,65,37,35,32,32,42,6407,3904,3984,2927,2927,4571,15,15,15,15,-2,-2,0,0,0,-3,0,22,17,32,32,42,208897,64475,139265,3150,2007,1,0,0,1985,1985,0,0,103,57,28,29,1,0,3412,2406,238,238,208,39,78,0,0,0,0,0,20,0,1,0,0,2,0,0,0,0,0,0,0,0,0,0,0,0,2,1,0,0,0,0,0,0,8,0,0,0,0,89,10634,0,0,0,0,9,13,0,0,0,2,1,2,1,Jolteon
4-15,18:42:59,NINTEN,Pidgey,Bug Catcher,9,Route 24,2,15:02.77,15:02,0h15m2s,0,1,1,24,0:58,8.091,QUICK ATTACK,SAND-ATTACK,WHIRLWIND,GUST,1,1996,103,29,29,230,217,125,9,6488,Jolteon, ,Normal,Flying,11084,Pidgey2,Pidgey,,00:14:54.68,00:15:02.77,00:58:48.28,24,0,0,15,2,77,QUICK ATTACK,SAND-ATTACK,WHIRLWIND,GUST,13,15,20,32,0,0,0,0,63,65,37,35,32,32,42,6492,3969,4049,2967,2967,4666,15,15,15,15,0,0,0,0,-1,0,0,46,35,32,32,27,213687,65877,141998,3805,2007,1,0,0,1996,1996,0,0,103,58,29,29,1,0,3514,2481,238,238,211,39,79,0,0,0,0,0,20,0,1,0,0,2,0,0,0,0,0,0,0,0,0,0,0,0,2,1,0,0,0,0,0,0,8,0,0,0,0,91,10949,0,0,0,0,9,13,0,0,0,2,1,2,1,Jolteon
4-15,18:43:08,NINTEN,Pidgey,Lass,8,Route 24,2,15:11.66,15:11,0h15m11s,0,1,1,24,0:59,6.249,QUICK ATTACK,SAND-ATTACK,WHIRLWIND,GUST,1,1998,105,30,29,232,219,125,9,6628,Jolteon, ,Normal,Flying,11426,Pidgey2,Pidgey,,00:15:05.42,00:15:11.66,00:59:23.24,24,0,0,15,11,66,QUICK ATTACK,SAND-ATTACK,WHIRLWIND,GUST,11,15,20,32,0,0,0,0,63,65,37,35,32,32,42,6587,4061,4141,3042,3042,4763,15,15,15,15,0,0,0,0,0,0,0,41,35,32,32,42,215783,66003,143968,3805,2007,1,0,0,1998,1998,0,0,105,59,30,29,1,0,3603,2559,238,238,213,39,79,0,0,0,0,0,22,0,1,0,0,2,0,0,0,0,0,0,0,0,0,0,0,0,2,1,0,0,0,0,0,0,8,0,0,0,0,93,11291,0,0,0,0,9,13,0,0,0,2,1,2,1,Jolteon
4-15,18:43:22,NINTEN,Pidgey,Youngster,4,Route 24,3,15:25.79,15:25,0h15m25s,0,1,1,25,1:00,11.305,QUICK ATTACK,SAND-ATTACK,WHIRLWIND,GUST,1,2002,106,31,29,236,223,126,9,6838,Jolteon, ,Normal,Flying,11945,Pidgey2,Pidgey,,00:15:14.48,00:15:25.79,01:00:19.02,25,0,0,15,25,79,QUICK ATTACK,SAND-ATTACK,WHIRLWIND,GUST,8,15,20,31,0,0,0,0,62,67,39,36,33,33,44,6692,4222,4255,3147,3147,4945,15,15,15,15,0,0,0,0,0,0,0,43,36,33,33,44,219121,66187,147122,3805,2007,1,0,0,2002,2002,0,0,106,60,31,29,1,0,3745,2666,241,241,217,39,80,0,0,0,0,0,23,0,1,0,0,2,0,0,0,0,0,0,0,0,0,0,0,0,2,1,0,0,0,0,0,0,8,0,0,0,0,96,11810,0,0,0,0,9,13,0,0,0,2,1,2,1,Jolteon
4-15,18:43:38,NINTEN,Pidgey,Lass,7,Route 24,2,15:42.06,15:42,0h15m42s,0,1,1,25,1:01,12.132,QUICK ATTACK,SAND-ATTACK,WHIRLWIND,GUST,1,2006,113,32,29,241,228,129,9,7048,Jolteon, ,Normal,Flying,12333,Pidgey2,Pidgey,,00:15:29.93,00:15:42.06,01:01:23.12,25,0,0,15,42,6,QUICK ATTACK,SAND-ATTACK,WHIRLWIND,GUST,8,15,20,26,0,0,0,0,50,67,39,36,33,33,44,6787,4314,4347,3222,3222,5042,15,15,15,15,-1,0,0,0,0,0,0,28,36,33,33,44,222971,66363,150796,3805,2007,1,0,0,2006,2006,0,0,113,61,32,29,1,0,3889,2753,253,253,222,39,83,0,0,0,0,0,24,0,1,0,0,2,0,0,0,0,0,0,0,0,0,0,0,0,2,1,0,0,0,0,0,0,8,0,0,0,0,98,12198,0,0,0,0,9,13,0,0,0,2,1,2,1,Jolteon
4-15,18:43:47,NINTEN,Pidgey,Jr Trainer M,3,Route 24,1,15:51.11,15:51,0h15m51s,0,1,1,25,1:01,6.284,QUICK ATTACK,SAND-ATTACK,WHIRLWIND,GUST,1,2010,115,33,29,243,230,130,9,7288,Jolteon, ,Normal,Flying,12618,Pidgey2,Pidgey,,00:15:44.82,00:15:51.11,01:01:58.49,25,0,0,15,51,11,QUICK ATTACK,SAND-ATTACK,WHIRLWIND,GUST,7,15,20,25,0,0,0,0,32,67,39,36,33,33,44,6827,4394,4382,3257,3257,5112,15,15,15,15,0,0,0,0,0,0,0,43,36,33,33,44,225108,66547,152749,3805,2007,1,0,0,2010,2010,0,0,115,62,33,29,1,0,3947,2798,271,271,224,39,84,0,0,0,0,0,24,0,2,0,0,2,0,0,0,0,0,0,0,0,0,0,0,0,2,1,0,0,0,0,0,0,8,0,0,0,0,99,12483,0,0,0,0,9,13,0,0,0,2,1,2,1,Jolteon
4-15,18:44:05,NINTEN,Pidgey,Rocket,6,Route 24,2,16:09.01,16:09,0h16m9s,0,1,1,25,1:03,9.844,QUICK ATTACK,SAND-ATTACK,WHIRLWIND,GUST,1,2016,116,34,29,247,234,132,10,7648,Jolteon, ,Normal,Flying,12988,Pidgey2,Pidgey,,00:15:59.17,00:16:09.01,01:03:09.26,25,0,0,16,9,1,QUICK ATTACK,SAND-ATTACK,WHIRLWIND,GUST,7,15,20,21,0,0,0,0,42,67,39,36,33,33,44,6902,4499,4461,3337,3337,5222,15,15,15,15,0,0,0,0,0,0,0,43,36,33,33,44,229345,67560,155573,4205,2007,1,0,0,2016,2016,0,0,116,63,34,29,1,0,4071,2874,281,281,228,39,86,0,0,0,0,0,24,0,2,0,0,2,0,0,0,0,0,0,0,0,0,0,0,0,2,1,0,0,0,0,0,0,8,0,0,0,0,101,12853,0,0,0,0,9,13,0,0,0,2,1,2,1,Jolteon
4-15,18:44:36,NINTEN,Pidgey,Hiker,2,Route 25,2,16:40.11,16:40,0h16m40s,0,1,1,26,1:05,19.175,QUICK ATTACK,SAND-ATTACK,WHIRLWIND,GUST,1,2058,121,35,29,255,242,138,10,8098,Jolteon, ,Normal,Flying,13546,Pidgey2,Pidgey,,00:16:20.93,00:16:40.11,01:05:12.27,26,0,0,16,40,11,QUICK ATTACK,SAND-ATTACK,WHIRLWIND,GUST,7,14,20,14,0,0,0,0,53,70,40,38,34,34,46,7012,4659,4611,3402,3402,5277,15,15,15,15,0,0,0,0,0,0,0,45,38,34,34,46,236726,69298,160625,4796,2007,1,0,0,2058,2058,0,0,121,64,35,29,1,0,4170,2961,293,293,236,40,88,0,0,0,0,0,26,0,2,0,0,2,0,0,0,0,0,0,0,0,0,0,0,0,2,1,0,0,0,0,0,0,8,0,0,0,0,103,13411,0,0,0,0,9,13,0,0,0,2,1,2,1,Jolteon
4-15,18:44:52,NINTEN,Pidgey,Youngster,5,Route 25,2,16:55.75,16:55,0h16m55s,0,1,1,26,1:06,9.294,QUICK ATTACK,SAND-ATTACK,WHIRLWIND,GUST,1,2067,122,36,29,259,246,140,11,8623,Jolteon, ,Normal,Flying,13915,Pidgey2,Pidgey,,00:16:46.46,00:16:55.75,01:06:14.11,26,0,0,16,55,75,QUICK ATTACK,SAND-ATTACK,WHIRLWIND,GUST,7,14,20,10,0,0,0,0,45,70,40,38,34,34,46,7082,4775,4676,3458,3458,5419,15,15,15,15,0,0,0,0,0,0,0,45,38,34,34,46,240430,70006,163621,4796,2007,1,0,0,2067,2067,0,0,122,65,36,29,1,0,4314,3036,301,301,240,41,89,0,0,0,0,0,26,0,2,0,0,2,0,0,0,0,0,0,0,0,0,0,0,0,2,1,0,0,0,0,0,0,8,0,0,0,0,105,13780,0,0,0,0,10,13,0,0,0,2,1,2,1,Jolteon
4-15,18:45:02,NINTEN,Pidgey,Youngster,6,Route 25,1,17:06.44,17:06,0h17m6s,0,1,1,26,1:06,7.428,QUICK ATTACK,SAND-ATTACK,WHIRLWIND,GUST,1,2071,122,37,29,262,249,142,11,8848,Jolteon, ,Normal,Flying,14275,Pidgey2,Pidgey,,00:16:59.02,00:17:06.44,01:06:56.20,26,0,0,17,6,44,QUICK ATTACK,SAND-ATTACK,WHIRLWIND,GUST,4,14,20,10,0,0,0,0,30,70,40,38,34,34,46,7172,4840,4741,3498,3498,5434,15,15,15,15,0,0,0,0,0,0,0,45,38,34,34,46,242959,70294,165862,4796,2007,1,0,0,2071,2071,0,0,122,66,37,29,1,0,4379,3096,316,316,243,41,91,0,0,0,0,0,26,0,2,0,0,2,0,0,0,0,0,0,0,0,0,0,0,0,2,1,0,0,0,0,0,0,8,0,0,0,0,106,14140,0,0,0,0,10,13,0,0,0,2,1,2,1,Jolteon
4-15,18:45:19,NINTEN,Pidgey,Lass,9,Route 25,2,17:23.23,17:23,0h17m23s,0,1,1,26,1:08,10.574,QUICK ATTACK,SAND-ATTACK,WHIRLWIND,GUST,1,2077,122,38,29,266,253,144,11,9103,Jolteon, ,Normal,Flying,14656,Pidgey2,Pidgey,,00:17:12.65,00:17:23.23,01:08:02.10,26,0,0,17,23,23,QUICK ATTACK,SAND-ATTACK,WHIRLWIND,GUST,4,14,20,6,0,0,0,0,60,70,40,38,34,34,46,7273,4944,4833,3578,3578,5525,15,15,15,15,0,0,0,0,0,0,0,45,38,34,34,46,246909,70669,168843,5390,2007,1,0,0,2077,2077,0,0,122,67,38,29,1,0,4501,3180,326,326,247,41,93,0,0,0,0,0,26,0,2,0,0,2,0,0,0,0,0,0,0,0,0,0,0,0,2,1,0,0,0,0,0,0,8,0,0,0,0,108,14521,0,0,0,0,10,13,0,0,0,2,1,2,1,Jolteon
4-15,18:45:32,NINTEN,Pidgey,Jr Trainer M,2,Route 25,2,17:36.01,17:36,0h17m36s,0,1,1,26,1:08,9.304,QUICK ATTACK,SAND-ATTACK,WHIRLWIND,GUST,1,2086,126,39,29,270,256,145,11,9328,Jolteon, ,Normal,Flying,15013,Pidgey2,Pidgey,,00:17:26.70,00:17:36.01,01:08:52.38,26,0,0,17,36,1,QUICK ATTACK,SAND-ATTACK,WHIRLWIND,GUST,3,14,20,4,0,0,0,0,56,70,40,38,34,34,46,7338,5060,4912,3643,3643,5652,15,15,15,15,0,0,0,0,0,0,0,45,38,34,34,46,249937,71022,171518,5390,2007,1,0,0,2086,2086,0,0,126,68,39,29,1,0,4600,3250,330,330,250,41,94,0,0,0,0,0,26,0,2,0,0,2,0,0,0,0,0,0,0,0,0,0,0,0,2,1,0,0,0,0,0,0,8,0,0,0,0,110,14878,0,0,0,0,10,13,0,0,0,2,1,2,1,Jolteon
4-15,18:45:48,NINTEN,Pidgey,Oddish Lass,10,Route 25,3,17:51.71,17:51,0h17m51s,0,1,1,27,1:09,11.569,QUICK ATTACK,SAND-ATTACK,WHIRLWIND,GUST,1,2101,126,40,29,274,260,146,11,9608,Jolteon, ,Normal,Flying,15598,Pidgey2,Pidgey,Oddish Lass,00:17:40.14,00:17:51.71,01:09:54.35,27,0,0,17,51,71,QUICK ATTACK,SAND-ATTACK,WHIRLWIND,GUST,3,14,20,0,0,0,0,0,56,72,42,39,36,36,48,7468,5205,5062,3828,3828,5768,15,15,15,15,0,0,0,0,0,0,0,47,39,36,36,48,253654,71515,174742,5390,2007,1,0,0,2101,2101,0,0,126,69,40,29,1,0,4776,3358,332,332,254,41,95,0,0,0,0,0,28,0,2,0,0,2,0,0,0,0,0,0,0,0,0,0,0,0,2,1,0,0,0,0,0,0,8,0,0,0,0,113,15463,0,0,0,0,10,13,0,0,0,2,1,2,1,Jolteon
4-15,18:46:42,NINTEN,Pidgey,Cerulean Rocket,5,Cerulean City,2,18:46.39,18:46,0h18m46s,0,1,1,27,1:13,23.993,QUICK ATTACK,SAND-ATTACK,WHIRLWIND,GUST,1,2242,132,41,29,285,271,155,12,9803,Jolteon, ,Normal,Flying,16287,Pidgey2,Pidgey,Rocket,00:18:22.40,00:18:46.39,01:13:30.57,27,0,0,18,46,39,QUICK ATTACK,SAND-ATTACK,WHIRLWIND,GUST,8,8,20,0,0,0,0,0,23,72,42,39,36,36,48,7598,5333,5157,3953,3953,5845,15,15,15,15,0,0,0,0,0,0,0,47,39,36,36,48,266636,77104,181248,6277,2007,1,0,0,2242,2242,0,0,132,70,41,29,1,0,4910,3461,365,365,264,45,99,0,0,0,0,0,29,0,2,0,0,2,0,0,0,0,0,0,0,0,0,0,0,0,2,1,0,0,0,0,0,0,8,0,0,0,0,115,16152,0,0,0,0,11,13,0,0,0,2,1,2,1,Jolteon
4-15,18:47:08,NINTEN,Pidgey,Swimmer,1,Cerulean City - Gym,2,19:12.06,19:12,0h19m12s,0,1,1,27,1:15,11.11,QUICK ATTACK,SAND-ATTACK,WHIRLWIND,GUST,1,2307,139,42,29,290,276,158,13,10313,Jolteon, ,Normal,Flying,16901,Pidgey2,Pidgey,,00:19:00.95,00:19:12.06,01:15:12.18,27,0,0,19,12,6,QUICK ATTACK,SAND-ATTACK,WHIRLWIND,GUST,25,15,20,35,0,0,0,0,60,72,42,39,36,36,48,7658,5438,5327,4068,4068,5945,15,15,15,15,0,0,0,0,-1,0,0,52,39,36,36,31,272717,80026,184407,6277,2007,1,0,0,2307,2307,0,0,139,71,42,29,1,0,5009,3537,377,377,269,45,101,0,0,0,0,0,29,0,3,0,0,2,0,0,0,0,0,0,0,0,0,0,0,0,2,1,0,0,0,0,0,0,8,0,0,0,0,117,16766,0,0,0,0,11,13,0,0,0,2,1,2,1,Jolteon
4-15,18:47:22,NINTEN,Pidgey,Pecking Lass,1,Cerulean City - Gym,1,19:26.32,19:26,0h19m26s,0,1,1,28,1:16,10.41,QUICK ATTACK,SAND-ATTACK,WING ATTACK,GUST,1,2315,140,43,29,292,278,159,13,10393,Jolteon, ,Normal,Flying,17352,Pidgey2,Pidgey,,00:19:15.91,00:19:26.32,01:16:08.44,28,0,0,19,26,32,QUICK ATTACK,SAND-ATTACK,WING ATTACK,GUST,23,15,35,35,0,0,0,0,56,74,43,40,37,37,50,7703,5505,5387,4118,4118,6008,15,15,15,15,0,0,0,0,0,0,0,48,40,37,37,50,276103,80461,187358,6277,2007,1,0,0,2315,2315,0,0,140,72,43,29,1,0,5064,3586,383,383,271,45,102,0,0,0,0,0,30,0,3,0,0,2,0,0,0,0,0,0,0,0,0,0,0,0,2,1,0,0,0,0,0,0,8,0,0,0,0,118,17217,0,0,0,0,11,13,0,0,0,2,1,2,1,Jolteon
4-15,18:47:49,NINTEN,Pidgey,Misty,1,Cerulean City - Gym,2,19:52.58,19:52,0h19m52s,0,1,1,28,1:17,16.099,QUICK ATTACK,SAND-ATTACK,WING ATTACK,GUST,2,2316,141,44,29,300,286,164,13,10773,Jolteon, ,Normal,Flying,18691,Pidgey2,Pidgey,Misty,00:19:36.48,00:19:52.58,01:17:52.29,28,0,0,19,52,58,QUICK ATTACK,SAND-ATTACK,WING ATTACK,GUST,16,14,35,35,0,0,0,0,23,74,43,40,37,37,50,7793,5625,5527,4288,4288,6208,15,15,15,15,0,0,0,0,0,0,0,48,40,37,37,50,282328,81017,191983,7321,2007,2,0,0,2316,2316,0,0,141,73,44,29,1,0,5179,3686,434,434,279,47,105,0,0,0,0,0,31,0,3,0,0,2,0,0,0,0,0,0,0,0,0,0,0,0,2,1,0,0,0,0,0,0,8,0,0,0,0,120,18556,0,0,0,0,11,13,0,0,0,3,1,2,1,Jolteon
4-15,18:48:31,NINTEN,Pidgey,Bug Catcher,10,Route 6,3,20:35.36,20:35,0h20m35s,0,1,1,28,1:20,10.463,QUICK ATTACK,WING ATTACK,SAND-ATTACK,GUST,2,2554,163,45,29,303,289,164,15,12852,Jolteon, ,Normal,Flying,19226,Pidgey2,Pidgey,,00:20:24.90,00:20:35.36,01:20:41.14,28,0,0,20,35,36,QUICK ATTACK,WING ATTACK,SAND-ATTACK,GUST,29,33,15,35,0,0,0,0,74,74,43,40,37,37,50,7918,5725,5622,4348,4348,6353,15,15,15,15,0,0,0,0,0,0,0,48,40,37,37,50,292453,88047,195078,7321,2007,2,0,0,2554,2554,0,0,163,74,45,29,1,0,5393,3810,434,434,282,47,105,0,0,0,0,0,32,0,3,0,0,2,0,0,0,0,0,0,0,0,0,0,0,0,2,1,0,0,0,0,0,0,8,0,0,0,0,123,19091,0,0,0,0,12,13,0,0,0,3,1,2,1,Jolteon
4-15,18:48:41,NINTEN,Pidgey,Jr Trainer M,10,Route 6,1,20:45.26,20:45,0h20m45s,0,1,1,29,1:21,5.325,QUICK ATTACK,WING ATTACK,SAND-ATTACK,GUST,2,2569,164,46,29,304,290,164,15,13012,Jolteon, ,Normal,Flying,19743,Pidgey2,Pidgey,,00:20:39.93,00:20:45.26,01:21:20.17,29,0,0,20,45,26,QUICK ATTACK,WING ATTACK,SAND-ATTACK,GUST,29,32,15,35,0,0,0,0,77,77,45,42,38,38,51,7983,5815,5672,4433,4433,6408,15,15,15,15,0,0,0,0,0,0,0,50,42,38,38,51,294796,88629,196839,7321,2007,2,0,0,2569,2569,0,0,164,75,46,29,1,0,5483,3859,434,434,283,47,105,0,0,0,0,0,33,0,3,0,0,2,0,0,0,0,0,0,0,0,0,0,0,0,2,1,0,0,0,0,0,0,8,0,0,0,0,124,19608,0,0,0,0,12,13,0,0,0,3,1,2,1,Jolteon
4-15,18:48:53,NINTEN,Pidgey,Jr Trainer F,25,Route 6,1,20:56.83,20:56,0h20m56s,0,1,1,29,1:22,7.214,QUICK ATTACK,WING ATTACK,SAND-ATTACK,GUST,2,2570,166,47,29,307,293,166,15,13332,Jolteon, ,Normal,Flying,20115,Pidgey2,Pidgey,,00:20:49.61,00:20:56.83,01:22:05.51,29,0,0,20,56,83,QUICK ATTACK,WING ATTACK,SAND-ATTACK,GUST,26,32,15,35,0,0,0,0,77,77,45,42,38,38,51,8033,5865,5767,4473,4473,6443,15,15,15,15,-1,-1,0,0,0,0,0,36,27,38,38,51,297530,88852,199350,7321,2007,2,0,0,2570,2570,0,0,166,76,47,29,1,0,5537,3912,434,434,286,47,107,0,0,0,0,0,34,0,3,0,0,2,0,0,0,0,0,0,0,0,0,0,0,0,2,1,0,0,0,0,0,0,8,0,0,0,0,125,19980,0,0,0,0,12,13,0,0,0,3,1,2,1,Jolteon
4-15,18:49:02,NINTEN,Pidgey,Bug Catcher,11,Route 6,1,21:05.59,21:05,0h21m5s,0,1,1,29,1:22,4.669,QUICK ATTACK,WING ATTACK,SAND-ATTACK,GUST,2,2581,166,48,29,308,294,166,15,13732,Jolteon, ,Normal,Flying,20800,Pidgey2,Pidgey,,00:21:00.92,00:21:05.59,01:22:40.23,29,0,0,21,5,59,QUICK ATTACK,WING ATTACK,SAND-ATTACK,GUST,26,31,15,35,0,0,0,0,77,77,45,42,38,38,51,8093,5910,5817,4553,4553,6513,15,15,15,15,0,0,0,0,0,0,0,50,42,38,38,51,299602,89311,200963,7321,2007,2,0,0,2581,2581,0,0,166,77,48,29,1,0,5622,3969,434,434,287,47,107,0,0,0,0,0,35,0,3,0,0,2,0,0,0,0,0,0,0,0,0,0,0,0,2,1,0,0,0,0,0,0,8,0,0,0,0,126,20665,0,0,0,0,12,13,0,0,0,3,1,2,1,Jolteon
4-15,18:49:16,NINTEN,Pidgey,Sandy,3,Route 6,3,21:20.19,21:20,0h21m20s,0,1,1,29,1:23,11.353,QUICK ATTACK,WING ATTACK,SAND-ATTACK,GUST,2,2589,166,49,29,313,299,168,15,13932,Jolteon, ,Normal,Flying,21361,Pidgey2,Pidgey,,00:21:08.84,00:21:20.19,01:23:37.57,29,0,0,21,20,19,QUICK ATTACK,WING ATTACK,SAND-ATTACK,GUST,21,31,15,35,0,0,0,0,65,77,45,42,38,38,51,8213,6045,5937,4658,4658,6681,15,15,15,15,0,0,0,0,0,0,0,50,42,38,38,51,303056,89579,204149,7321,2007,2,0,0,2589,2589,0,0,166,78,49,29,1,0,5822,4092,446,446,292,47,109,0,0,0,0,0,35,0,3,0,0,2,0,0,0,0,0,0,0,0,0,0,0,0,2,1,0,0,0,0,0,0,8,0,0,0,0,129,21226,0,0,0,0,12,13,0,0,0,3,1,2,1,Jolteon
4-15,18:49:29,NINTEN,Pidgey,Jr Trainer M,5,Route 6,2,21:32.68,21:32,0h21m32s,0,1,1,30,1:24,9.519,QUICK ATTACK,WING ATTACK,SAND-ATTACK,GUST,2,2592,166,50,29,316,302,169,15,14252,Jolteon, ,Normal,Flying,21956,Pidgey2,Pidgey,,00:21:23.16,00:21:32.68,01:24:27.11,30,0,0,21,32,68,QUICK ATTACK,WING ATTACK,SAND-ATTACK,GUST,19,31,15,34,0,0,0,0,59,79,46,43,40,40,53,8308,6186,6027,4739,4739,6848,15,15,15,15,0,0,0,0,0,0,0,51,43,40,40,53,306010,89785,206897,7321,2007,2,0,0,2592,2592,0,0,166,79,50,29,1,0,5942,4179,454,454,295,47,110,0,0,0,0,0,36,0,3,0,0,2,0,0,0,0,0,0,0,0,0,0,0,0,2,1,0,0,0,0,0,0,8,0,0,0,0,131,21821,0,0,0,0,12,13,0,0,0,3,1,2,1,Jolteon
4-15,18:49:59,NINTEN,Pidgey,Youngster,9,Route 11,1,22:02.73,22:02,0h22m2s,0,1,1,30,1:26,5.628,QUICK ATTACK,WING ATTACK,SAND-ATTACK,GUST,2,2687,174,51,29,318,304,170,17,3022,Jolteon, ,Normal,Flying,22235,Pidgey2,Pidgey,,00:21:57.09,00:22:02.73,01:26:26.01,30,0,0,22,2,73,QUICK ATTACK,WING ATTACK,SAND-ATTACK,GUST,17,31,15,34,0,0,0,0,54,79,46,43,40,40,53,8343,6246,6071,4779,4779,6903,15,15,15,15,0,0,0,0,0,0,0,51,43,40,40,53,313140,94780,209032,7321,2007,2,0,0,2687,2687,0,0,174,80,51,29,1,0,6006,4228,459,459,297,47,111,0,0,0,0,0,36,0,3,0,0,2,0,0,0,0,0,0,0,0,0,0,0,0,2,1,0,0,0,0,0,0,8,0,0,0,0,132,22100,0,0,0,0,12,31,0,0,0,3,1,2,1,Jolteon
4-15,18:50:15,NINTEN,Pidgey,Gambler,1,Route 11,2,22:19.39,22:19,0h22m19s,0,1,1,30,1:27,12.851,QUICK ATTACK,WING ATTACK,SAND-ATTACK,GUST,2,2700,174,52,29,324,308,174,17,3337,Jolteon, ,Normal,Flying,22851,Pidgey2,Pidgey,,00:22:06.54,00:22:19.39,01:27:31.51,30,0,0,22,19,39,QUICK ATTACK,WING ATTACK,SAND-ATTACK,GUST,16,28,15,34,0,0,0,0,43,79,46,43,40,40,53,8413,6336,6181,4889,4889,7053,15,15,15,15,0,0,0,0,0,0,0,51,43,40,40,53,317090,95187,212575,7321,2007,2,0,0,2700,2700,0,0,174,81,52,29,1,0,6124,4314,470,470,301,47,115,0,0,0,0,0,36,0,3,0,0,2,0,0,0,0,0,0,0,0,0,0,0,0,2,1,0,0,0,0,0,0,9,0,0,0,0,134,22716,0,0,0,0,12,31,0,0,0,3,1,2,1,Jolteon
4-15,18:50:28,NINTEN,Pidgey,Gambler,2,Route 11,2,22:31.94,22:31,0h22m31s,0,1,1,30,1:28,6.912,QUICK ATTACK,WING ATTACK,SAND-ATTACK,GUST,2,2733,175,53,29,326,310,174,17,4597,Jolteon, ,Normal,Flying,23475,Pidgey2,Pidgey,,00:22:25.03,00:22:31.94,01:28:21.20,30,0,0,22,31,94,QUICK ATTACK,WING ATTACK,SAND-ATTACK,GUST,16,26,15,34,0,0,0,0,43,79,46,43,40,40,53,8508,6461,6271,5034,5034,7123,15,15,15,15,0,0,0,0,0,0,0,51,43,40,40,53,320059,96031,214700,7321,2007,2,0,0,2733,2733,0,0,175,82,53,29,1,0,6245,4409,470,470,303,47,115,0,0,0,0,0,36,0,3,0,0,2,0,0,0,0,0,0,0,0,0,0,0,0,2,1,0,0,0,0,0,0,9,0,0,0,0,136,23340,0,0,0,0,12,31,0,0,0,3,1,2,1,Jolteon
4-15,18:50:43,NINTEN,Pidgey,Youngster,12,Route 11,2,22:47.17,22:47,0h22m47s,0,1,1,30,1:29,12.078,QUICK ATTACK,WING ATTACK,SAND-ATTACK,GUST,2,2737,175,54,29,330,314,176,17,5857,Jolteon, ,Normal,Flying,24160,Pidgey2,Pidgey,,00:22:35.10,00:22:47.17,01:29:21.25,30,0,0,22,47,17,QUICK ATTACK,WING ATTACK,SAND-ATTACK,GUST,14,24,15,34,0,0,0,0,28,79,46,43,40,40,53,8615,6590,6368,5129,5129,7238,15,15,15,15,0,0,0,0,0,0,0,51,43,40,40,53,323664,96293,218043,7321,2007,2,0,0,2737,2737,0,0,175,83,54,29,1,0,6387,4508,485,485,307,47,117,0,0,0,0,0,37,0,3,0,0,2,0,0,0,0,0,0,0,0,0,0,0,0,2,1,0,0,0,0,0,0,9,0,0,0,0,138,24025,0,0,0,0,12,31,0,0,0,3,1,2,1,Jolteon
4-15,18:50:57,NINTEN,Pidgey,Engineer,2,Route 11,1,23:01.45,23:01,0h23m1s,0,1,1,31,1:30,6.557,QUICK ATTACK,WING ATTACK,SAND-ATTACK,GUST,2,2757,175,55,29,332,316,177,16,6127,Jolteon, ,Normal,Flying,24560,Pidgey2,Pidgey,,00:22:54.90,00:23:01.45,01:30:17.27,31,0,0,23,1,45,QUICK ATTACK,WING ATTACK,SAND-ATTACK,GUST,12,24,15,34,0,0,0,0,51,82,48,45,41,41,55,8640,6625,6438,5224,5224,7283,15,15,15,15,0,0,0,0,0,0,0,54,45,41,41,55,327026,96939,220092,7988,2007,2,0,0,2757,2757,0,0,175,84,55,29,1,0,6432,4552,505,505,309,47,118,0,0,0,0,0,37,0,3,0,0,2,0,0,0,0,0,0,0,0,0,0,0,0,2,1,0,0,0,0,0,0,9,0,0,0,0,139,24425,0,0,0,0,12,31,0,0,0,3,1,2,1,Jolteon
4-15,18:51:24,NINTEN,Pidgey,Engineer,3,Route 11,3,23:27.97,23:27,0h23m27s,0,1,1,31,1:32,16.344,QUICK ATTACK,WING ATTACK,SAND-ATTACK,GUST,2,2769,176,56,29,339,323,181,16,7177,Jolteon, ,Normal,Flying,25865,Pidgey2,Pidgey,,00:23:11.63,00:23:27.97,01:32:01.59,31,0,0,23,27,97,QUICK ATTACK,WING ATTACK,SAND-ATTACK,GUST,12,24,15,27,0,0,0,0,20,82,48,45,41,41,55,8740,6755,6673,5534,5534,7443,15,15,15,15,0,0,0,0,0,0,0,54,45,41,41,55,333298,97337,224760,9194,2007,2,0,0,2769,2769,0,0,176,85,56,29,1,0,6606,4678,567,567,316,47,122,0,0,0,0,0,37,0,3,0,0,2,0,0,0,0,0,0,0,0,0,0,0,0,2,1,0,0,0,0,0,0,9,0,0,0,0,142,25730,0,0,0,0,12,31,0,0,0,3,1,2,1,Jolteon
4-15,18:51:40,NINTEN,Pidgey,Gambler,3,Route 11,2,23:44.24,23:44,0h23m44s,0,1,1,31,1:33,9.876,QUICK ATTACK,WING ATTACK,SAND-ATTACK,GUST,2,2782,177,57,29,343,327,183,16,8077,Jolteon, ,Normal,Flying,26603,Pidgey2,Pidgey,,00:23:34.36,00:23:44.24,01:33:06.04,31,0,0,23,44,24,QUICK ATTACK,WING ATTACK,SAND-ATTACK,GUST,8,24,15,27,0,0,0,0,64,82,48,45,41,41,55,8805,6820,6793,5684,5684,7588,15,15,15,15,0,-2,0,0,0,0,0,60,22,41,41,55,337143,97866,227600,9670,2007,2,0,0,2782,2782,0,0,177,86,57,29,1,0,6739,4762,573,573,320,47,124,0,0,0,0,0,37,0,3,0,0,2,0,0,0,0,0,0,0,0,0,0,0,0,2,1,0,0,0,0,0,0,9,0,0,0,0,144,26468,0,0,0,0,12,31,0,0,0,3,1,2,1,Jolteon
4-15,18:51:56,NINTEN,Pidgey,Youngster,11,Route 11,3,24:00.22,24:00,0h24m0s,0,1,1,32,1:34,12.994,QUICK ATTACK,WING ATTACK,SAND-ATTACK,GUST,2,2784,177,58,29,347,331,186,16,9337,Jolteon, ,Normal,Flying,27438,Pidgey2,Pidgey,,00:23:47.23,00:24:00.22,01:34:09.05,32,0,0,24,0,22,QUICK ATTACK,WING ATTACK,SAND-ATTACK,GUST,7,24,15,24,0,0,0,0,25,84,50,46,43,43,57,8920,7013,6923,5784,5784,7829,15,15,15,15,0,0,0,0,0,0,0,56,46,43,43,57,340924,98080,231167,9670,2007,2,0,0,2784,2784,0,0,177,87,58,29,1,0,6885,4888,614,614,324,47,127,0,0,0,0,0,37,0,4,0,0,2,0,0,0,0,0,0,0,0,0,0,0,0,2,1,0,0,0,0,0,0,9,0,0,0,0,147,27303,0,0,0,0,12,31,0,0,0,3,1,2,1,Jolteon
4-15,18:52:17,NINTEN,Pidgey,Gambler,4,Route 11,2,24:21.09,24:21,0h24m21s,0,1,1,32,1:35,8.197,QUICK ATTACK,WING ATTACK,SAND-ATTACK,GUST,2,2799,177,59,30,351,335,187,16,9592,Jolteon, ,Normal,Flying,28154,Pidgey2,Pidgey,,00:24:12.89,00:24:21.09,01:35:31.05,32,0,0,24,21,9,QUICK ATTACK,WING ATTACK,SAND-ATTACK,GUST,5,24,15,22,0,0,0,0,75,84,50,46,43,43,57,9043,7180,7043,5924,5924,8026,15,15,15,15,0,0,0,0,0,0,0,56,46,43,43,57,345844,98662,235023,10152,2007,2,0,0,2799,2799,0,0,177,89,59,30,1,0,7098,5019,614,614,328,47,127,0,0,0,0,0,39,0,4,0,0,2,0,0,0,0,0,0,0,0,0,0,0,0,2,1,0,0,0,0,0,0,9,0,0,0,0,150,28019,0,0,0,0,12,31,0,0,0,3,1,2,1,Jolteon
4-15,18:52:34,NINTEN,Pidgey,Youngster,10,Route 11,2,24:38.18,24:38,0h24m38s,0,1,1,32,1:36,11.137,QUICK ATTACK,WING ATTACK,SAND-ATTACK,GUST,2,2840,179,60,30,356,340,190,16,10852,Jolteon, ,Normal,Flying,28751,Pidgey2,Pidgey,,00:24:27.04,00:24:38.18,01:36:38.38,32,0,0,24,38,18,QUICK ATTACK,WING ATTACK,SAND-ATTACK,GUST,5,24,15,17,0,0,0,0,68,84,50,46,43,43,57,9133,7300,7163,5994,5994,8121,15,15,15,15,0,0,0,0,0,0,0,56,46,43,43,57,349897,99585,238153,10152,2007,2,0,0,2840,2840,0,0,179,90,60,30,1,0,7255,5118,621,621,333,48,129,0,0,0,0,0,39,0,4,0,0,2,0,0,0,0,0,0,0,0,0,0,0,0,2,1,0,0,0,0,0,0,9,0,0,0,0,152,28616,0,0,0,0,12,31,0,0,0,3,1,2,1,Jolteon
4-15,18:52:55,NINTEN,Pidgey,Gentleman,1,SS Anne,2,24:59.05,24:59,0h24m59s,0,1,1,32,1:38,8.978,QUICK ATTACK,WING ATTACK,SAND-ATTACK,GUST,2,2931,191,61,30,360,344,192,16,11137,Jolteon, ,Normal,Flying,29453,Pidgey2,Pidgey,,00:24:50.07,00:24:59.05,01:38:00.51,32,0,0,24,59,5,QUICK ATTACK,WING ATTACK,SAND-ATTACK,GUST,5,24,15,13,0,0,0,0,68,84,50,46,43,43,57,9243,7440,7253,6094,6094,8241,15,15,15,15,0,0,0,0,0,0,0,56,46,43,43,57,354831,101992,240680,10152,2007,2,0,0,2931,2931,0,0,191,91,61,30,1,0,7404,5218,621,621,337,48,129,0,0,0,0,0,39,0,4,0,0,2,0,0,0,0,0,0,0,0,0,0,0,0,2,1,0,0,0,0,0,0,9,0,0,0,0,154,29318,0,0,0,0,12,31,0,0,0,3,1,2,1,Jolteon
4-15,18:53:16,NINTEN,Pidgey,Sailor,4,SS Anne,3,25:20.42,25:20,0h25m20s,0,1,1,33,1:39,13.622,QUICK ATTACK,WING ATTACK,SAND-ATTACK,GUST,2,2968,191,62,30,366,350,195,17,12397,Jolteon, ,Normal,Flying,30488,Pidgey2,Pidgey,,00:25:06.79,00:25:20.42,01:39:24.50,33,0,0,25,20,42,QUICK ATTACK,WING ATTACK,SAND-ATTACK,GUST,5,24,15,7,0,0,0,0,62,87,51,48,44,44,59,9343,7585,7458,6309,6309,8411,15,15,15,15,0,0,0,0,0,0,0,57,48,44,44,59,359869,103397,244313,10152,2007,2,0,0,2968,2968,0,0,191,92,62,30,1,0,7555,5339,630,630,342,49,131,0,0,0,0,0,39,0,4,0,0,2,0,0,0,0,0,0,0,0,0,0,0,0,2,1,0,0,0,0,0,0,9,0,0,0,0,157,30353,0,0,0,0,13,31,0,0,0,3,1,2,1,Jolteon
4-15,18:53:28,NINTEN,Pidgey,Sailor,3,SS Anne,1,25:31.66,25:31,0h25m31s,0,1,1,33,1:40,6.875,QUICK ATTACK,WING ATTACK,SAND-ATTACK,GUST,2,2970,192,63,30,369,353,197,17,12907,Jolteon, ,Normal,Flying,30924,Pidgey2,Pidgey,,00:25:24.79,00:25:31.66,01:40:09.09,33,0,0,25,31,66,QUICK ATTACK,WING ATTACK,SAND-ATTACK,GUST,5,24,15,4,0,0,0,0,56,87,51,48,44,44,59,9373,7650,7558,6354,6354,8451,15,15,15,15,0,0,0,0,0,0,0,57,48,44,44,59,362528,103711,246658,10152,2007,2,0,0,2970,2970,0,0,192,93,63,30,1,0,7616,5385,636,636,345,50,132,0,0,0,0,0,39,0,4,0,0,2,0,0,0,0,0,0,0,0,0,0,0,0,2,1,0,0,0,0,0,0,9,0,0,0,0,158,30789,0,0,0,0,13,31,0,0,0,3,1,2,1,Jolteon
4-15,18:53:45,NINTEN,Pidgey,Sailor,6,SS Anne,3,25:48.77,25:48,0h25m48s,0,1,1,33,1:41,12.993,QUICK ATTACK,WING ATTACK,SAND-ATTACK,GUST,2,2980,193,64,30,374,358,199,17,13537,Jolteon, ,Normal,Flying,31827,Pidgey2,Pidgey,,00:25:35.79,00:25:48.77,01:41:16.32,33,0,0,25,48,77,QUICK ATTACK,WING ATTACK,SAND-ATTACK,GUST,4,24,15,0,0,0,0,0,46,87,51,48,44,44,59,9463,7770,7768,6564,6564,8631,15,15,15,15,0,0,0,0,0,0,0,57,48,44,44,59,366571,104264,250148,10152,2007,2,0,0,2980,2980,0,0,193,94,64,30,1,0,7817,5502,646,646,350,50,134,0,0,0,0,0,41,0,4,0,0,2,0,0,0,0,0,0,0,0,0,0,0,0,2,1,0,0,0,0,0,0,9,0,0,0,0,161,31692,0,0,0,0,13,31,0,0,0,3,1,2,1,Jolteon
4-15,18:54:09,NINTEN,Pidgey,Sailor,5,SS Anne,2,26:12.84,26:12,0h26m12s,0,1,1,33,1:42,8.282,QUICK ATTACK,WING ATTACK,SAND-ATTACK,GUST,2,2994,197,65,30,377,361,200,15,14047,Jolteon, ,Normal,Flying,32640,Pidgey2,Pidgey,,00:26:04.56,00:26:12.84,01:42:51.20,33,0,0,26,12,84,QUICK ATTACK,WING ATTACK,SAND-ATTACK,GUST,12,23,15,0,0,0,0,0,78,87,51,48,44,44,59,9533,7855,7858,6734,6734,8786,15,15,15,15,0,0,0,0,0,0,0,57,48,44,44,59,372259,104977,252505,12770,2007,2,0,0,2994,2994,0,0,197,95,65,30,1,0,7938,5588,655,655,353,50,135,0,0,0,0,0,41,0,4,0,0,2,0,0,0,0,0,0,0,0,0,0,0,0,2,1,0,0,0,0,0,0,9,0,0,0,0,163,32505,0,0,0,0,14,31,0,0,0,3,1,2,1,Jolteon
4-15,18:54:28,NINTEN,Pidgey,Fisher,2,SS Anne,3,26:32.55,26:32,0h26m32s,0,1,1,34,1:44,14.771,QUICK ATTACK,WING ATTACK,SAND-ATTACK,GUST,2,3008,200,66,30,382,366,202,16,14587,Jolteon, ,Normal,Flying,33759,Pidgey2,Pidgey,,00:26:17.78,00:26:32.55,01:44:09.02,34,0,0,26,32,55,QUICK ATTACK,WING ATTACK,SAND-ATTACK,GUST,10,20,15,0,0,0,0,0,70,89,53,49,46,46,61,9633,8005,8048,6949,6949,8981,15,15,15,15,0,0,0,0,0,0,0,59,49,46,46,61,376921,105728,256416,12770,2007,2,0,0,3008,3008,0,0,200,96,66,30,1,0,8144,5709,665,665,358,50,137,0,0,0,0,0,43,0,5,0,0,2,0,0,0,0,0,0,0,0,0,0,0,0,2,1,0,0,0,0,0,0,9,0,0,0,0,166,33624,0,0,0,0,15,31,0,0,0,3,1,2,1,Jolteon
4-15,18:54:37,NINTEN,Pidgey,Sailor,7,SS Anne,1,26:41.22,26:41,0h26m41s,0,1,1,34,1:44,4.456,QUICK ATTACK,WING ATTACK,SAND-ATTACK,GUST,2,3010,200,67,30,383,367,202,16,15182,Jolteon, ,Normal,Flying,34135,Pidgey2,Pidgey,,00:26:36.76,00:26:41.22,01:44:43.07,34,0,0,26,41,22,QUICK ATTACK,WING ATTACK,SAND-ATTACK,GUST,10,19,15,0,0,0,0,0,70,89,53,49,46,46,61,9703,8085,8098,6984,6984,9016,15,15,15,15,0,0,0,0,0,0,0,59,49,46,46,61,378966,105972,258217,12770,2007,2,0,0,3010,3010,0,0,200,97,67,30,1,0,8209,5770,665,665,359,50,137,0,0,0,0,0,43,0,5,0,0,2,0,0,0,0,0,0,0,0,0,0,0,0,2,1,0,0,0,0,0,0,9,0,0,0,0,167,34000,0,0,0,0,15,31,0,0,0,3,1,2,1,Jolteon
4-15,18:54:53,NINTEN,Pidgey,Gentleman,2,SS Anne,2,26:57.26,26:57,0h26m57s,0,1,1,34,1:45,8.206,QUICK ATTACK,WING ATTACK,SAND-ATTACK,GUST,2,3062,202,68,30,386,370,203,16,15782,Jolteon, ,Normal,Flying,34618,Pidgey2,Pidgey,,00:26:49.06,00:26:57.26,01:45:46.13,34,0,0,26,57,26,QUICK ATTACK,WING ATTACK,SAND-ATTACK,GUST,10,16,15,0,0,0,0,0,62,89,53,49,46,46,61,9804,8189,8190,7064,7064,9107,15,15,15,15,0,0,0,0,0,0,0,59,49,46,46,61,382752,107409,260566,12770,2007,2,0,0,3062,3062,0,0,202,98,68,30,1,0,8334,5871,673,673,362,50,138,0,0,0,0,0,44,0,5,0,0,2,0,0,0,0,0,0,0,0,0,0,0,0,2,1,0,0,0,0,0,0,9,0,0,0,0,169,34483,0,0,0,0,15,31,0,0,0,3,1,2,1,Jolteon
4-15,18:55:09,NINTEN,Pidgey,Youngster,8,SS Anne,1,27:12.97,27:12,0h27m12s,0,1,1,34,1:46,5.837,QUICK ATTACK,WING ATTACK,SAND-ATTACK,GUST,2,3099,219,69,30,388,372,204,16,17112,Jolteon, ,Normal,Flying,34888,Pidgey2,Pidgey,,00:27:07.13,00:27:12.97,01:46:47.43,34,0,0,27,12,97,QUICK ATTACK,WING ATTACK,SAND-ATTACK,GUST,9,15,15,0,0,0,0,0,53,89,53,49,46,46,61,9850,8246,8230,7104,7104,9157,15,15,15,15,0,0,0,0,0,0,0,59,49,46,46,61,386442,109295,262370,12770,2007,2,0,0,3099,3099,0,0,219,99,69,30,1,0,8412,5924,682,682,364,50,139,0,0,0,0,0,44,0,6,0,0,2,0,0,0,0,0,0,0,0,0,0,0,0,2,1,0,0,0,0,0,0,9,0,0,0,0,170,34753,0,0,0,0,15,31,0,0,0,3,1,2,1,Jolteon
4-15,18:55:21,NINTEN,Pidgey,Lass,11,SS Anne,2,27:24.80,27:24,0h27m24s,0,1,1,34,1:47,9.05,QUICK ATTACK,WING ATTACK,SAND-ATTACK,GUST,2,3101,220,70,30,391,375,205,16,17427,Jolteon, ,Normal,Flying,35325,Pidgey2,Pidgey,,00:27:15.75,00:27:24.80,01:47:34.18,34,0,0,27,24,80,QUICK ATTACK,WING ATTACK,SAND-ATTACK,GUST,7,14,15,0,0,0,0,0,49,89,53,49,46,46,61,9945,8338,8322,7179,7179,9254,15,15,15,15,0,0,0,0,0,0,0,59,49,46,46,61,389237,109545,264915,12770,2007,2,0,0,3101,3101,0,0,220,100,70,30,1,0,8529,6019,686,686,367,50,140,0,0,0,0,0,44,0,6,0,0,2,0,0,0,0,0,0,0,0,0,0,0,0,2,1,0,0,0,0,0,0,9,0,0,0,0,172,35190,0,0,0,0,15,31,0,0,0,3,1,2,1,Jolteon
4-15,18:55:41,NINTEN,Pidgey,Sailor,2,SS Anne,2,27:45.23,27:45,0h27m45s,0,1,1,34,1:48,6.883,QUICK ATTACK,WING ATTACK,SAND-ATTACK,GUST,2,3175,246,71,30,393,377,205,17,17697,Jolteon, ,Normal,Flying,36026,Pidgey2,Pidgey,,00:27:38.35,00:27:45.23,01:48:54.34,34,0,0,27,45,23,QUICK ATTACK,WING ATTACK,SAND-ATTACK,GUST,7,12,15,0,0,0,0,0,49,89,53,49,46,46,61,10055,8458,8407,7314,7314,9359,15,15,15,15,0,0,0,0,0,0,0,59,49,46,46,61,394053,112294,266982,12770,2007,2,0,0,3175,3175,0,0,246,101,71,30,1,0,8655,6115,686,686,369,50,140,0,0,0,0,0,44,0,6,0,0,2,0,0,0,0,0,0,0,0,0,0,0,0,2,1,0,0,0,0,0,0,9,0,0,0,0,174,35891,0,0,0,0,16,31,0,0,0,3,1,2,1,Jolteon
4-15,18:55:58,NINTEN,Pidgey,Sailor,1,SS Anne,2,28:01.61,28:01,0h28m1s,0,1,1,35,1:49,10.523,QUICK ATTACK,WING ATTACK,SAND-ATTACK,GUST,2,3200,255,72,30,397,381,207,17,18207,Jolteon, ,Normal,Flying,36738,Pidgey2,Pidgey,,00:27:51.08,00:28:01.61,01:49:59.14,35,0,0,28,1,61,QUICK ATTACK,WING ATTACK,SAND-ATTACK,GUST,7,8,15,0,0,0,0,0,52,92,55,51,47,47,63,10155,8603,8557,7394,7394,9434,15,15,15,15,0,0,0,0,0,0,0,61,51,47,47,63,397933,113279,269877,12770,2007,2,0,0,3200,3200,0,0,255,102,72,30,1,0,8776,6212,686,686,373,51,140,0,0,0,0,0,44,0,6,0,0,2,0,0,0,0,0,0,0,0,0,0,0,0,2,1,0,0,0,0,0,0,9,0,0,0,0,176,36603,0,0,0,0,16,31,0,0,0,3,1,2,1,Jolteon
4-15,18:56:20,NINTEN,Pidgey,Fisher,1,SS Anne,3,28:24.52,28:24,0h28m24s,0,1,1,35,1:51,11.928,QUICK ATTACK,WING ATTACK,SAND-ATTACK,GUST,2,3251,267,73,30,402,386,209,17,18747,Jolteon, ,Normal,Flying,37926,Pidgey2,Pidgey,,00:28:12.60,00:28:24.52,01:51:29.17,35,0,0,28,24,52,QUICK ATTACK,WING ATTACK,SAND-ATTACK,GUST,6,4,15,0,0,0,0,0,48,92,55,51,47,47,63,10285,8777,8712,7594,7594,9630,15,15,15,15,0,0,0,0,0,0,0,61,51,47,47,63,403336,115142,273417,12770,2007,2,0,0,3251,3251,0,0,267,103,73,30,1,0,8967,6345,690,690,378,52,141,0,0,0,0,0,44,0,6,0,0,2,0,0,0,0,0,0,0,0,0,0,0,0,2,1,0,0,0,0,0,0,9,0,0,0,0,179,37791,0,0,0,0,16,31,0,0,0,3,1,2,1,Jolteon
4-15,18:56:40,NINTEN,Pidgey,Gentleman,3,SS Anne,2,28:43.72,28:43,0h28m43s,0,1,1,35,1:52,9.64,QUICK ATTACK,WING ATTACK,SAND-ATTACK,GUST,2,3253,267,74,30,406,390,211,16,19342,Jolteon, ,Normal,Flying,38828,Pidgey2,Pidgey,,00:28:34.08,00:28:43.72,01:52:44.47,35,0,0,28,43,72,QUICK ATTACK,WING ATTACK,SAND-ATTACK,GUST,12,14,15,10,0,0,0,0,72,92,55,51,47,47,63,10350,8842,8832,7744,7744,9775,15,15,15,15,0,0,0,0,0,0,0,61,51,47,47,63,407866,115457,276093,14309,2007,2,0,0,3253,3253,0,0,267,104,74,30,1,0,9102,6444,710,710,382,53,142,0,0,0,0,0,44,0,6,0,0,2,0,0,0,0,0,0,0,0,0,0,0,0,2,1,0,0,0,0,0,0,9,0,0,0,0,181,38693,0,0,0,0,16,31,0,0,0,3,1,2,1,Jolteon
4-15,18:56:53,NINTEN,Pidgey,Gentleman,5,SS Anne,2,28:56.78,28:56,0h28m56s,0,1,1,35,1:53,6.65,QUICK ATTACK,WING ATTACK,SAND-ATTACK,GUST,2,3269,270,75,30,408,392,211,17,20882,Jolteon, ,Normal,Flying,39712,Pidgey2,Pidgey,,00:28:50.13,00:28:56.78,01:53:35.54,35,0,0,28,56,78,QUICK ATTACK,WING ATTACK,SAND-ATTACK,GUST,10,14,15,10,0,0,0,0,72,92,55,51,47,47,63,10455,8997,8932,7859,7859,9925,15,15,15,15,0,0,0,0,0,0,0,61,51,47,47,63,410933,116515,278102,14309,2007,2,0,0,3269,3269,0,0,270,105,75,30,1,0,9196,6538,710,710,384,53,142,0,0,0,0,0,44,0,6,0,0,2,0,0,0,0,0,0,0,0,0,0,0,0,2,1,0,0,0,0,0,0,9,0,0,0,0,183,39577,0,0,0,0,17,31,0,0,0,3,1,2,1,Jolteon
4-15,18:57:11,NINTEN,Pidgey,Lass,12,SS Anne,1,29:15.37,29:15,0h29m15s,0,1,1,36,1:54,15.991,QUICK ATTACK,WING ATTACK,SAND-ATTACK,AGILITY,2,3270,270,76,30,410,394,212,17,22072,Jolteon, ,Normal,Flying,40037,Pidgey2,Pidgey,,00:28:59.37,00:29:15.37,01:54:49.33,36,0,0,29,15,37,QUICK ATTACK,WING ATTACK,SAND-ATTACK,AGILITY,10,14,15,30,0,0,0,0,74,94,56,52,48,48,65,10570,9042,8952,7884,7884,9945,15,15,15,15,0,0,0,0,0,0,0,63,52,48,48,65,415352,116715,282321,14309,2007,2,0,0,3270,3270,0,0,270,106,76,30,1,0,9370,6617,710,710,386,53,143,0,0,0,0,0,45,0,6,0,0,2,0,0,0,0,0,0,0,0,0,0,0,0,2,1,0,0,0,0,0,0,9,0,0,0,0,184,39902,0,0,0,0,17,31,0,0,0,3,1,2,1,Jolteon
4-15,18:57:43,NINTEN,Pidgey,Rival3-SS Anne,1,SS Anne,4,29:47.45,29:47,0h29m47s,0,1,1,36,1:56,14.385,QUICK ATTACK,WING ATTACK,SAND-ATTACK,AGILITY,3,3299,273,77,30,416,400,214,17,22372,Jolteon, ,Normal,Flying,41218,Pidgey2,Pidgey,Rival (SS Anne),00:29:33.06,00:29:47.45,01:56:55.56,36,0,0,29,47,45,QUICK ATTACK,WING ATTACK,SAND-ATTACK,AGILITY,5,13,15,30,0,0,0,0,94,94,56,52,48,48,65,10745,9288,9152,8035,8035,10182,15,15,15,15,0,0,0,0,0,0,0,63,52,48,48,65,422935,118184,286418,16326,2007,3,0,0,3299,3299,0,0,273,107,77,30,1,0,9629,6805,710,710,392,55,143,0,0,0,0,0,45,0,6,0,0,2,0,0,0,0,0,0,0,0,0,0,0,0,2,1,0,0,0,0,0,0,9,0,0,0,0,188,41083,0,0,0,0,18,31,0,0,0,4,1,2,1,Jolteon
4-15,18:58:38,NINTEN,Pidgey,Surge,1,Vermilion City - Gym,1,30:41.73,30:41,0h30m41s,0,1,1,36,2:00,8.06,QUICK ATTACK,WING ATTACK,SAND-ATTACK,AGILITY,4,3476,282,78,30,419,403,216,17,23672,Jolteon, ,Normal,Flying,41950,Pidgey2,Pidgey,Lt. Surge,00:30:33.68,00:30:41.73,02:00:30.25,36,0,0,30,41,73,QUICK ATTACK,WING ATTACK,SAND-ATTACK,AGILITY,2,13,15,30,0,0,0,0,11,94,56,52,48,48,65,10805,9378,9207,8125,8125,10282,15,15,15,15,-1,0,0,0,0,0,0,40,52,48,48,65,435804,124754,288883,20160,2007,4,0,0,3476,3476,0,0,282,108,78,30,1,0,9705,6881,793,793,395,55,145,0,0,0,0,0,45,0,6,0,0,2,0,0,0,0,0,0,0,0,0,0,0,0,2,1,0,0,0,0,0,0,9,0,0,0,0,189,41815,0,0,0,0,18,31,0,0,0,6,1,2,1,Jolteon
4-15,18:59:38,NINTEN,Pidgey,Wrapping Lass,5,Route 9,4,31:42.19,31:42,0h31m42s,0,1,1,36,2:04,11.954,QUICK ATTACK,WING ATTACK,SAND-ATTACK,AGILITY,4,3678,307,79,30,423,407,216,19,26444,Jolteon, ,Normal,Flying,43198,Pidgey2,Pidgey,RTG1 - Wrapping Lass,00:31:30.24,00:31:42.19,02:04:28.30,36,0,0,31,42,19,QUICK ATTACK,WING ATTACK,SAND-ATTACK,AGILITY,30,31,15,30,0,0,0,0,94,94,56,52,48,48,65,10995,9628,9387,8415,8415,10422,15,15,15,15,0,0,0,0,0,0,0,63,58,48,48,65,450089,133016,292307,22759,2007,4,0,0,3678,3614,64,0,307,109,79,30,1,0,10060,7071,793,793,399,55,145,0,0,0,0,0,45,0,6,0,0,2,0,0,0,0,0,0,0,0,0,0,0,0,2,1,0,0,0,0,0,0,9,0,0,0,0,193,43063,0,0,0,0,18,31,0,0,0,6,1,2,1,Jolteon
4-15,18:59:52,NINTEN,Pidgey,Youngster,14,Route 9,1,31:55.69,31:55,0h31m55s,0,1,1,36,2:05,9.262,QUICK ATTACK,WING ATTACK,SAND-ATTACK,AGILITY,4,3706,310,80,30,428,412,220,19,26804,Jolteon, ,Normal,Flying,43675,Pidgey2,Pidgey,,00:31:46.42,00:31:55.69,02:05:21.52,36,0,0,31,55,69,QUICK ATTACK,WING ATTACK,SAND-ATTACK,AGILITY,25,31,15,30,0,0,0,0,70,94,56,52,48,48,65,11045,9703,9472,8445,8445,10462,15,15,15,15,0,0,0,0,0,-2,0,78,73,48,48,65,453291,133520,295005,22759,2007,4,0,0,3706,3614,92,0,310,110,80,30,1,0,10141,7132,817,817,402,58,148,0,0,0,0,0,45,0,7,0,0,2,0,0,0,0,0,0,0,0,0,0,0,0,2,1,0,0,0,0,0,0,9,0,0,0,0,194,43540,0,0,0,0,18,31,0,0,0,6,1,2,1,Jolteon
4-15,19:00:04,NINTEN,Pidgey,Bug Catcher,13,Route 9,2,32:07.63,32:07,0h32m7s,0,1,1,37,2:06,7.92,QUICK ATTACK,WING ATTACK,SAND-ATTACK,AGILITY,4,3723,316,81,30,430,414,220,19,27164,Jolteon, ,Normal,Flying,44967,Pidgey2,Pidgey,,00:31:59.71,00:32:07.63,02:06:08.58,37,0,0,32,7,63,QUICK ATTACK,WING ATTACK,SAND-ATTACK,AGILITY,25,29,15,30,0,0,0,0,73,97,58,54,50,50,66,11175,9863,9552,8535,8535,10612,15,15,15,15,0,0,0,0,0,0,0,65,60,50,50,66,456117,133981,297370,22759,2007,4,0,0,3723,3614,109,0,316,111,81,30,1,0,10323,7244,817,817,404,58,148,0,0,0,0,0,45,0,7,0,0,2,0,0,0,0,0,0,0,0,0,0,0,0,2,1,0,0,0,0,0,0,9,0,0,0,0,196,44832,0,0,0,0,18,31,0,0,0,6,1,2,1,Jolteon
4-15,19:00:20,NINTEN,Pidgey,Bug Catcher,14,Route 9,3,32:23.70,32:23,0h32m23s,0,1,1,37,2:07,9.448,QUICK ATTACK,WING ATTACK,SAND-ATTACK,AGILITY,4,3755,320,82,30,433,417,220,19,27354,Jolteon, ,Normal,Flying,45736,Pidgey2,Pidgey,,00:32:14.25,00:32:23.70,02:07:12.18,37,0,0,32,23,70,QUICK ATTACK,WING ATTACK,SAND-ATTACK,AGILITY,25,26,15,30,0,0,0,0,73,97,58,54,50,50,66,11320,9983,9667,8615,8615,10752,15,15,15,15,0,0,0,0,0,0,0,65,60,50,50,66,459917,134702,300449,22759,2007,4,0,0,3755,3614,141,0,320,112,82,30,1,0,10594,7401,817,817,407,58,148,0,0,0,0,0,45,0,7,0,0,2,0,0,0,0,0,0,0,0,0,0,0,0,2,1,0,0,0,0,0,0,9,0,0,0,0,199,45601,0,0,0,0,18,31,0,0,0,6,1,2,1,Jolteon
4-15,19:00:39,NINTEN,Pidgey,Jr Trainer M,8,Route 9,4,32:43.19,32:43,0h32m43s,0,1,1,37,2:08,14.917,QUICK ATTACK,WING ATTACK,SAND-ATTACK,AGILITY,4,3769,323,83,30,439,423,222,19,27554,Jolteon, ,Normal,Flying,46925,Pidgey2,Pidgey,,00:32:28.27,00:32:43.19,02:08:29.14,37,0,0,32,43,19,QUICK ATTACK,WING ATTACK,SAND-ATTACK,AGILITY,25,20,15,30,0,0,0,0,66,97,58,54,50,50,66,11445,10229,9856,8755,8755,11014,15,15,15,15,0,-1,0,0,0,0,0,73,39,50,50,66,464533,135297,304470,22759,2007,4,0,0,3769,3614,155,0,323,113,83,30,1,0,10909,7575,824,824,413,58,150,0,0,0,0,0,46,0,7,0,0,2,0,0,0,0,0,0,0,0,0,0,0,0,2,1,0,0,0,0,0,0,9,0,0,0,0,203,46790,0,0,0,0,18,31,0,0,0,6,1,2,1,Jolteon
4-15,19:00:51,NINTEN,Pidgey,Jr Trainer F,6,Route 9,1,32:54.81,32:54,0h32m54s,0,1,1,37,2:09,5.733,QUICK ATTACK,WING ATTACK,SAND-ATTACK,AGILITY,4,3806,328,84,30,441,425,223,19,27934,Jolteon, ,Normal,Flying,47264,Pidgey2,Pidgey,,00:32:49.07,00:32:54.81,02:09:15.07,37,0,0,32,54,81,QUICK ATTACK,WING ATTACK,SAND-ATTACK,AGILITY,25,18,15,30,0,0,0,0,66,97,58,54,50,50,66,11485,10274,9891,8795,8795,11104,15,15,15,15,-1,0,0,0,0,0,0,42,67,50,50,66,467286,136195,306325,22759,2007,4,0,0,3806,3614,192,0,328,114,84,30,1,0,10981,7630,824,824,415,58,151,0,0,0,0,0,46,0,7,0,0,2,0,0,0,0,0,0,0,0,0,0,0,0,2,1,0,0,0,0,0,0,9,0,0,0,0,204,47129,0,0,0,0,18,31,0,0,0,6,1,2,1,Jolteon
4-15,19:01:12,NINTEN,Pidgey,Jr Trainer F,7,Route 10,2,33:15.91,33:15,0h33m15s,0,1,1,38,2:10,9.75,QUICK ATTACK,WING ATTACK,SAND-ATTACK,AGILITY,4,3869,335,85,30,445,429,225,19,28394,Jolteon, ,Normal,Flying,47880,Pidgey2,Pidgey,,00:33:06.16,00:33:15.91,02:10:38.22,38,0,0,33,15,91,QUICK ATTACK,WING ATTACK,SAND-ATTACK,AGILITY,26,35,15,30,0,0,0,0,94,100,60,56,51,51,68,11670,10364,9959,8880,8880,11159,15,15,15,15,0,0,0,0,0,0,0,67,63,51,51,68,472281,138381,309134,22759,2007,4,0,0,3869,3633,236,0,335,115,85,30,1,0,11202,7770,830,830,419,58,152,0,0,0,0,0,46,0,7,0,0,2,0,0,0,0,0,0,0,0,0,0,0,0,2,1,0,0,0,0,0,0,9,0,0,0,0,206,47745,0,0,0,0,18,31,0,0,0,6,1,2,1,Jolteon
4-15,19:01:44,NINTEN,Pidgey,Slowbone,7,Rock Tunnel - 1,2,33:47.74,33:47,0h33m47s,0,1,1,38,2:12,17.871,QUICK ATTACK,WING ATTACK,SAND-ATTACK,AGILITY,5,3901,338,86,30,454,438,232,19,28794,Jolteon, ,Normal,Flying,48794,Pidgey2,Pidgey,,00:33:29.86,00:33:47.74,02:12:44.21,38,0,0,33,47,74,QUICK ATTACK,WING ATTACK,SAND-ATTACK,AGILITY,19,35,14,29,0,0,0,0,80,100,60,56,51,51,68,11810,10479,10119,8960,8960,11209,15,15,15,15,-1,0,0,0,2,0,0,48,78,51,51,136,479840,139088,314101,24644,2007,5,0,0,3901,3633,268,0,338,116,86,30,1,0,11373,7907,844,844,427,62,155,0,0,0,0,0,46,0,7,0,0,2,0,0,0,0,0,0,0,0,0,0,0,0,2,1,0,0,0,0,0,0,9,0,0,0,0,208,48659,0,0,0,0,18,31,0,0,0,6,1,2,1,Jolteon
4-15,19:01:55,NINTEN,Pidgey,Pokemaniac,5,Rock Tunnel,1,33:59.17,33:59,0h33m59s,0,1,1,38,2:13,6.843,QUICK ATTACK,WING ATTACK,SAND-ATTACK,AGILITY,5,3939,339,87,30,457,441,234,19,29944,Jolteon, ,Normal,Flying,49323,Pidgey2,Pidgey,,00:33:52.33,00:33:59.17,02:13:29.26,38,0,0,33,59,17,QUICK ATTACK,WING ATTACK,SAND-ATTACK,AGILITY,16,35,14,29,0,0,0,0,69,100,60,56,51,51,68,11900,10544,10184,9000,9000,11224,15,15,15,15,0,0,0,0,0,0,0,67,63,51,51,68,482545,139790,316104,24644,2007,5,0,0,3939,3633,306,0,339,117,87,30,1,0,11478,7991,855,855,430,63,156,0,0,0,0,0,46,0,7,0,0,2,0,0,0,0,0,0,0,0,0,0,0,0,2,1,0,0,0,0,0,0,9,0,0,0,0,209,49188,0,0,0,0,18,31,0,0,0,6,1,2,1,Jolteon
4-15,19:02:05,NINTEN,Pidgey,Status-Condition-Jr-Trainer,10,Rock Tunnel,2,34:09.46,34:09,0h34m9s,0,1,1,38,2:14,6.997,QUICK ATTACK,WING ATTACK,SAND-ATTACK,AGILITY,5,3953,340,88,30,459,443,234,19,31194,Jolteon, ,Normal,Flying,49991,Pidgey2,Pidgey,RTG4 - Status Jr Trainer,00:34:02.47,00:34:09.46,02:14:09.58,38,0,0,34,9,46,QUICK ATTACK,WING ATTACK,SAND-ATTACK,AGILITY,16,33,14,29,0,0,0,0,69,100,60,56,51,51,68,11990,10643,10288,9140,9140,11299,15,15,15,15,0,0,0,0,0,0,0,67,63,51,51,68,484977,140183,318143,24644,2007,5,0,0,3953,3633,320,0,340,118,88,30,1,0,11637,8101,855,855,432,63,156,0,0,0,0,0,46,0,7,0,0,2,0,0,0,0,0,0,0,0,0,0,0,0,2,1,0,0,0,0,0,0,9,0,0,0,0,211,49856,0,0,0,0,18,31,0,0,0,6,1,2,1,Jolteon
4-15,19:02:46,NINTEN,Pidgey,Selfdestructing Hiker,9,Rock Tunnel,3,34:50.06,34:50,0h34m50s,0,1,1,38,2:16,20.962,QUICK ATTACK,WING ATTACK,SAND-ATTACK,AGILITY,6,4066,355,89,30,468,452,243,19,31634,Jolteon, ,Normal,Flying,51368,Pidgey2,Pidgey,,00:34:29.10,00:34:50.06,02:16:50.34,38,0,0,34,50,6,QUICK ATTACK,WING ATTACK,SAND-ATTACK,AGILITY,16,33,5,29,0,0,0,0,5,100,60,56,51,51,68,12125,10898,10603,9245,9245,11374,15,15,15,15,0,0,0,0,0,0,0,67,63,51,51,68,494613,142815,323500,26291,2007,6,0,0,4066,3633,433,0,355,119,89,30,1,0,11637,8101,950,950,441,66,159,0,0,0,0,0,46,0,7,0,0,2,0,0,0,0,0,0,0,0,0,0,0,0,2,1,0,0,0,0,0,0,9,0,0,0,0,214,51233,0,0,0,0,18,31,0,0,0,6,1,2,1,Jolteon
4-15,19:03:12,NINTEN,Pidgey,Pokemaniac,3,Rock Tunnel,3,35:15.96,35:15,0h35m15s,0,1,1,39,2:18,17.994,QUICK ATTACK,WING ATTACK,SAND-ATTACK,AGILITY,6,4078,356,90,30,475,458,247,19,32369,Jolteon, ,Normal,Flying,52637,Pidgey2,Pidgey,,00:34:57.96,00:35:15.96,02:18:32.38,39,0,0,35,15,96,QUICK ATTACK,WING ATTACK,SAND-ATTACK,AGILITY,10,33,5,29,0,0,0,0,62,102,61,58,53,53,70,12395,11093,10798,9365,9365,11419,15,15,15,15,0,0,0,0,0,0,0,68,65,53,53,70,500737,143303,328146,27281,2007,6,0,0,4078,3633,445,0,356,120,90,30,1,0,11872,8308,990,990,447,67,162,0,0,0,0,0,46,0,7,0,0,3,0,0,0,0,0,0,0,0,0,0,0,0,6,2,0,0,0,0,0,0,9,0,0,0,0,217,52502,0,0,0,0,18,31,0,0,0,6,1,2,1,Jolteon
4-15,19:03:28,NINTEN,Pidgey,Jr Trainer F,17,Rock Tunnel - 1,2,35:31.87,35:31,0h35m31s,0,1,1,39,2:19,8.327,QUICK ATTACK,WING ATTACK,SAND-ATTACK,AGILITY,6,4084,357,91,30,478,461,248,19,33369,Jolteon, ,Normal,Flying,53352,Pidgey2,Pidgey,,00:35:23.54,00:35:31.87,02:19:35.05,39,0,0,35,31,87,QUICK ATTACK,WING ATTACK,SAND-ATTACK,AGILITY,10,30,5,29,0,0,0,0,96,102,61,58,53,53,70,12515,11213,10881,9495,9495,11494,15,15,15,15,0,0,0,0,0,0,0,68,65,53,53,70,504484,143695,330808,27974,2007,6,0,0,4084,3633,451,0,357,121,91,30,1,0,12053,8431,996,996,450,67,163,0,0,0,0,0,46,0,7,0,0,3,0,0,0,0,0,0,0,0,0,0,0,0,6,2,0,0,0,0,0,0,9,0,0,0,0,219,53217,0,0,0,0,18,31,0,0,0,6,1,2,1,Jolteon
4-15,19:03:42,NINTEN,Pidgey,Jr Trainer F,19,Rock Tunnel - 1,4,35:46.31,35:46,0h35m46s,0,1,1,39,2:20,11.563,QUICK ATTACK,WING ATTACK,SAND-ATTACK,AGILITY,6,4091,357,92,30,482,465,248,19,33809,Jolteon, ,Normal,Flying,54379,Pidgey2,Pidgey,,00:35:34.75,00:35:46.31,02:20:31.57,39,0,0,35,46,31,QUICK ATTACK,WING ATTACK,SAND-ATTACK,AGILITY,10,26,5,29,0,0,0,0,96,102,61,58,53,53,70,12665,11445,11026,9650,9650,11734,15,15,15,15,0,0,0,0,0,0,0,68,65,53,53,70,507896,143993,333922,27974,2007,6,0,0,4091,3633,458,0,357,122,92,30,1,0,12327,8615,996,996,454,67,163,0,0,0,0,0,46,0,7,0,0,3,0,0,0,0,0,0,0,0,0,0,0,0,6,2,0,0,0,0,0,0,9,0,0,0,0,223,54244,0,0,0,0,18,31,0,0,0,6,1,2,1,Jolteon
4-15,19:03:58,NINTEN,Pidgey,Finisher,18,Rock Tunnel - 1,3,36:02.49,36:02,0h36m2s,0,1,1,39,2:21,10.715,QUICK ATTACK,WING ATTACK,SAND-ATTACK,AGILITY,6,4110,361,93,30,486,469,249,18,34189,Jolteon, ,Normal,Flying,55242,Pidgey2,Pidgey,RTG6 - Finisher,00:35:51.77,00:36:02.49,02:21:35.47,39,0,0,36,2,49,QUICK ATTACK,WING ATTACK,SAND-ATTACK,AGILITY,10,22,5,29,0,0,0,0,96,102,61,58,53,53,70,12790,11585,11156,9800,9800,11910,15,15,15,15,0,0,0,0,0,-1,0,76,73,53,53,70,511726,144540,336834,28345,2007,6,0,0,4110,3633,477,0,361,123,93,30,1,0,12552,8764,996,996,458,67,164,0,0,0,0,0,46,0,7,0,0,3,0,0,0,0,0,0,0,0,0,0,0,0,6,2,0,0,0,0,0,0,9,0,0,0,0,226,55107,0,0,0,0,18,31,0,0,0,6,1,2,1,Jolteon
4-15,19:04:14,NINTEN,Pidgey,Jr Trainer F,8,Route 10,2,36:18.33,36:18,0h36m18s,0,1,1,39,2:22,9.162,QUICK ATTACK,WING ATTACK,SAND-ATTACK,AGILITY,6,4146,365,94,30,490,473,251,18,34589,Jolteon, ,Normal,Flying,55997,Pidgey2,Pidgey,,00:36:09.17,00:36:18.33,02:22:38.15,39,0,0,36,18,33,QUICK ATTACK,WING ATTACK,SAND-ATTACK,AGILITY,6,22,5,29,0,0,0,0,90,102,61,58,53,53,70,12893,11690,11251,9885,9885,12037,15,15,15,15,0,0,0,0,0,0,0,68,65,53,53,70,515475,145649,339474,28345,2007,6,0,0,4146,3633,513,0,365,124,94,30,1,0,12762,8875,1002,1002,462,68,165,0,0,0,0,0,47,0,7,0,0,3,0,0,0,0,0,0,0,0,0,0,0,0,6,2,0,0,0,0,0,0,9,0,0,0,0,228,55862,0,0,0,0,19,31,0,0,0,6,1,2,1,Jolteon
4-15,19:04:32,NINTEN,Pidgey,Pokemaniac,2,Route 10,2,36:36.19,36:36,0h36m36s,0,1,1,40,2:23,12.867,QUICK ATTACK,WING ATTACK,SAND-ATTACK,AGILITY,6,4173,369,95,30,496,479,255,18,35009,Jolteon, ,Normal,Flying,56792,Pidgey2,Pidgey,RTG3 - Pokemaniac 2,00:36:23.32,00:36:36.19,02:23:48.52,40,0,0,36,36,19,QUICK ATTACK,WING ATTACK,SAND-ATTACK,AGILITY,0,22,5,29,0,0,0,0,85,105,63,59,55,55,72,13033,11805,11411,9965,9965,12087,15,15,15,15,-1,0,0,0,0,0,0,46,66,55,55,72,519711,146338,343021,28345,2007,6,0,0,4173,3633,540,0,369,125,95,30,1,0,12912,8997,1010,1010,468,70,167,0,0,0,0,0,47,0,7,0,0,3,0,0,0,0,0,0,0,0,0,0,0,0,6,2,0,0,0,0,0,0,9,0,0,0,0,230,56657,0,0,0,0,19,31,0,0,0,6,1,2,1,Jolteon
4-15,19:05:05,NINTEN,Pidgey,Lass,16,Route 8,2,37:09.45,37:09,0h37m9s,0,1,1,40,2:26,6.467,SWIFT,WING ATTACK,QUICK ATTACK,AGILITY,6,4327,398,96,30,498,481,255,18,36009,Jolteon, ,Normal,Flying,57430,Pidgey2,Pidgey,,00:37:02.99,00:37:09.45,02:26:00.06,40,0,0,37,9,45,SWIFT,WING ATTACK,QUICK ATTACK,AGILITY,18,22,0,29,0,0,0,0,85,105,63,59,55,55,72,13173,11895,11507,10085,10085,12157,15,15,15,15,0,0,0,0,0,0,0,70,66,55,55,72,527585,150258,345360,29960,2007,6,0,0,4327,3716,611,0,398,126,96,30,1,0,13061,9129,1010,1010,468,70,167,0,0,0,0,0,47,0,7,0,0,3,0,0,0,0,0,0,0,0,0,0,0,0,6,2,0,0,0,0,0,0,9,0,0,0,0,232,57295,0,0,0,0,19,31,0,0,0,7,1,2,1,Jolteon
4-15,19:05:14,NINTEN,Pidgey,Gambler,7,Route 8,2,37:18.41,37:18,0h37m18s,0,1,1,40,2:26,5.96,SWIFT,WING ATTACK,QUICK ATTACK,AGILITY,6,4331,399,97,30,500,483,255,18,36339,Jolteon, ,Normal,Flying,58222,Pidgey2,Pidgey,,00:37:12.45,00:37:18.41,02:26:35.17,40,0,0,37,18,41,SWIFT,WING ATTACK,QUICK ATTACK,AGILITY,16,22,0,29,0,0,0,0,85,105,63,59,55,55,72,13266,12006,11592,10200,10200,12282,15,15,15,15,0,0,0,0,0,0,0,70,66,55,55,72,529696,150428,347301,29960,2007,6,0,0,4331,3720,611,0,399,127,97,30,1,0,13210,9249,1010,1010,468,70,167,0,0,0,0,0,47,0,7,0,0,3,0,0,0,0,0,0,0,0,0,0,0,0,6,2,0,0,0,0,0,0,9,0,0,0,0,234,58087,0,0,0,0,19,31,0,0,0,7,1,2,1,Jolteon
4-15,19:05:27,NINTEN,Pidgey,Super Nerd,4,Route 8,3,37:31.09,37:31,0h37m31s,0,1,1,40,2:27,9.253,SWIFT,WING ATTACK,QUICK ATTACK,AGILITY,6,4342,400,98,30,504,487,256,18,38019,Jolteon, ,Normal,Flying,59807,Pidgey2,Pidgey,,00:37:21.84,00:37:31.09,02:27:25.13,40,0,0,37,31,9,SWIFT,WING ATTACK,QUICK ATTACK,AGILITY,12,22,0,29,0,0,0,0,79,105,63,59,55,55,72,13531,12271,11767,10345,10345,12382,15,15,15,15,0,0,0,0,0,0,0,70,66,55,55,72,532692,150744,349981,29960,2007,6,0,0,4342,3731,611,0,400,128,98,30,1,0,13469,9470,1016,1016,468,70,168,0,0,0,0,0,47,0,7,0,0,3,0,0,0,0,0,0,0,0,0,0,0,0,6,2,0,0,0,0,0,0,9,0,0,0,0,237,59672,0,0,0,0,19,31,0,0,0,7,1,2,1,Jolteon
4-15,19:05:45,NINTEN,Pidgey,Lass,15,Route 8,5,37:49.52,37:49,0h37m49s,0,1,1,40,2:28,14.211,SWIFT,WING ATTACK,QUICK ATTACK,AGILITY,6,4357,400,99,30,509,492,256,18,38569,Jolteon, ,Normal,Flying,61024,Pidgey2,Pidgey,,00:37:35.30,00:37:49.52,02:28:37.48,40,0,0,37,49,52,SWIFT,WING ATTACK,QUICK ATTACK,AGILITY,10,19,0,29,0,0,0,0,79,105,63,59,55,55,72,13742,12521,11969,10525,10525,12691,15,15,15,15,0,0,0,0,0,0,0,70,66,55,55,72,537047,151248,353832,29960,2007,6,0,0,4357,3746,611,0,400,129,99,30,1,0,13870,9708,1016,1016,471,70,168,0,0,0,0,0,48,0,7,0,0,3,0,0,0,0,0,0,0,0,0,0,0,0,6,2,0,0,0,0,0,0,9,0,0,0,0,242,60889,0,0,0,0,19,31,0,0,0,7,1,2,1,Jolteon
4-15,19:05:57,NINTEN,Pidgey,Lass,14,Route 8,3,38:00.97,38:00,0h38m0s,0,1,1,41,2:29,8.725,SWIFT,WING ATTACK,QUICK ATTACK,AGILITY,6,4359,400,100,30,512,495,256,18,38854,Jolteon, ,Normal,Flying,62086,Pidgey2,Pidgey,,00:37:52.24,00:38:00.97,02:29:22.51,41,0,0,38,0,97,SWIFT,WING ATTACK,QUICK ATTACK,AGILITY,7,19,0,29,0,0,0,0,81,107,65,61,56,56,74,13862,12656,12074,10645,10645,12961,15,15,15,15,0,0,0,0,0,0,0,73,68,56,56,74,539750,151409,356374,29960,2007,6,0,0,4359,3748,611,0,400,130,100,30,1,0,14134,9879,1016,1016,471,70,168,0,0,0,0,0,48,0,7,0,0,3,0,0,0,0,0,0,0,0,0,0,0,0,6,2,0,0,0,0,0,0,9,0,0,0,0,245,61951,0,0,0,0,19,31,0,0,0,7,1,2,1,Jolteon
4-15,19:06:07,NINTEN,Pidgey,Super Nerd,5,Route 8,1,38:10.78,38:10,0h38m10s,0,1,1,41,2:30,5.649,SWIFT,WING ATTACK,QUICK ATTACK,AGILITY,6,4360,400,101,30,514,497,257,18,39214,Jolteon,Poisoned,Normal,Flying,62720,Pidgey2,Pidgey,,00:38:05.12,00:38:10.78,02:30:01.23,41,0,0,38,10,78,SWIFT,WING ATTACK,QUICK ATTACK,AGILITY,5,19,0,29,0,0,0,0,75,107,65,61,56,56,74,13902,12721,12169,10705,10705,12996,15,15,15,15,0,0,0,0,0,0,0,73,68,56,56,74,542062,151614,358481,29960,2007,6,0,0,4360,3749,611,0,400,131,101,30,1,0,14211,9939,1022,1022,471,70,169,0,0,0,0,0,48,0,7,0,0,3,0,0,0,0,0,0,0,1,0,0,0,0,6,2,0,0,0,0,0,0,9,0,0,0,0,246,62585,0,0,0,0,19,31,0,0,0,7,1,2,1,Jolteon
4-15,19:06:22,NINTEN,Pidgey,Lass,13,Route 8,2,38:26.35,38:26,0h38m26s,0,1,1,41,2:31,9.026,SWIFT,WING ATTACK,QUICK ATTACK,AGILITY,6,4361,401,102,30,517,500,258,18,39864,Jolteon, ,Normal,Flying,63585,Pidgey2,Pidgey,,00:38:17.33,00:38:26.35,02:31:02.45,41,0,0,38,26,35,SWIFT,WING ATTACK,QUICK ATTACK,AGILITY,3,18,0,29,0,0,0,0,67,107,65,61,56,56,74,14027,12830,12288,10800,10800,13093,15,15,15,15,0,0,0,0,0,0,0,73,68,56,56,74,545744,151798,361114,30825,2007,6,0,0,4361,3750,611,0,401,132,102,30,1,0,14374,10068,1030,1030,472,70,170,0,0,0,0,0,48,0,7,0,0,3,0,0,0,0,0,0,0,1,0,0,0,0,6,2,0,0,0,0,0,0,9,0,0,0,0,248,63450,0,0,0,0,19,31,0,0,0,7,1,2,1,Jolteon
4-15,19:06:38,NINTEN,Pidgey,Gambler,5,Route 8,3,38:41.88,38:41,0h38m41s,0,1,1,41,2:32,10.055,SWIFT,WING ATTACK,QUICK ATTACK,AGILITY,6,4390,402,103,30,521,504,259,18,40209,Jolteon, ,Normal,Flying,64927,Pidgey2,Pidgey,,00:38:31.82,00:38:41.88,02:32:04.00,41,0,0,38,41,88,SWIFT,WING ATTACK,QUICK ATTACK,AGILITY,1,16,0,29,0,0,0,0,67,107,65,61,56,56,74,14172,12995,12433,10930,10930,13363,15,15,15,15,0,0,0,0,0,0,0,73,68,56,56,74,549419,152616,363971,30825,2007,6,0,0,4390,3779,611,0,402,133,103,30,1,0,14636,10238,1030,1030,474,70,170,0,0,0,0,0,49,0,7,0,0,3,0,0,0,0,0,0,0,1,0,0,0,0,6,2,0,0,0,0,0,0,9,0,0,0,0,251,64792,0,0,0,0,19,31,0,0,0,7,1,2,1,Jolteon
4-15,19:07:25,NINTEN,Pidgey,Rocket,7,Celadon City - Game Corner,2,39:29.22,39:29,0h39m29s,0,1,1,41,2:35,6.138,SWIFT,WING ATTACK,QUICK ATTACK,AGILITY,6,4599,412,104,30,523,506,259,17,41749,Jolteon, ,Normal,Flying,65654,Pidgey2,Pidgey,,00:39:23.08,00:39:29.22,02:35:10.59,41,0,0,39,29,22,SWIFT,WING ATTACK,QUICK ATTACK,AGILITY,18,35,30,30,0,0,0,0,107,107,65,61,56,56,74,14267,13121,12528,11020,11020,13515,15,15,15,15,0,0,0,0,0,0,0,73,68,56,56,74,560638,161337,365917,31377,2007,6,0,0,4599,3988,611,0,412,134,104,30,1,0,14882,10342,1030,1030,474,70,170,0,0,0,0,0,50,0,7,0,0,3,0,0,0,0,0,0,0,1,0,0,0,0,6,2,0,0,0,0,0,0,9,0,0,0,0,253,65519,0,0,0,0,22,31,0,0,0,7,1,2,1,Jolteon
4-15,19:07:51,NINTEN,Pidgey,Rocket,13,Rocket Hideout 2,5,39:55.29,39:55,0h39m55s,0,1,1,42,2:36,15.174,SWIFT,WING ATTACK,QUICK ATTACK,AGILITY,6,4655,417,105,30,528,511,259,17,42349,Jolteon, ,Normal,Flying,67208,Pidgey2,Pidgey,,00:39:40.12,00:39:55.29,02:36:53.45,42,0,0,39,55,29,SWIFT,WING ATTACK,QUICK ATTACK,AGILITY,16,32,30,30,0,0,0,0,110,110,67,62,57,57,76,14522,13437,12803,11250,11250,13782,15,15,15,15,0,0,0,0,0,0,0,75,69,57,57,76,566804,163434,369986,31377,2007,6,0,0,4655,4044,611,0,417,135,105,30,1,0,15216,10575,1030,1030,477,70,170,0,0,0,0,0,50,0,7,0,0,3,0,0,0,0,0,0,0,1,0,0,0,0,6,2,0,0,0,0,0,0,9,0,0,0,0,258,67073,0,0,0,0,23,31,0,0,0,7,1,2,1,Jolteon
4-15,19:08:18,NINTEN,Pidgey,Rocket,15,Rocket Hideout 3,2,40:22.08,40:22,0h40m22s,0,1,1,42,2:38,6.877,SWIFT,WING ATTACK,QUICK ATTACK,AGILITY,6,4765,428,106,30,530,513,259,18,42859,Jolteon, ,Normal,Flying,68000,Pidgey2,Pidgey,,00:40:15.20,00:40:22.08,02:38:39.47,42,0,0,40,22,8,SWIFT,WING ATTACK,QUICK ATTACK,AGILITY,16,30,30,30,0,0,0,0,110,110,67,62,57,57,76,14662,13597,12903,11320,11320,13852,15,15,15,15,0,0,0,0,0,0,0,75,69,57,57,76,573166,167377,372405,31377,2007,6,0,0,4765,4154,611,0,428,136,106,30,1,0,15397,10701,1030,1030,479,70,170,0,0,0,0,0,50,0,7,0,0,3,0,0,0,0,0,0,0,1,0,0,0,0,6,2,0,0,0,0,0,0,9,0,0,0,0,260,67865,0,0,0,0,25,31,0,0,0,7,1,2,1,Jolteon
4-15,19:09:12,NINTEN,Pidgey,Lass,17,Celadon City - Gym,2,41:15.66,41:15,0h41m15s,0,1,1,42,2:42,7.428,WING ATTACK,SWIFT,QUICK ATTACK,AGILITY,6,5055,458,107,30,532,515,259,20,43489,Jolteon, ,Normal,Flying,69158,Pidgey2,Pidgey,,00:41:08.22,00:41:15.66,02:42:11.55,42,0,0,41,15,66,WING ATTACK,SWIFT,QUICK ATTACK,AGILITY,28,16,30,30,0,0,0,0,110,110,67,62,57,57,76,14777,13762,12988,11475,11475,13947,15,15,15,15,0,0,0,0,0,0,0,75,69,57,57,76,585894,175705,374642,33540,2007,6,0,0,5055,4444,611,0,458,137,107,30,1,0,15597,10826,1030,1030,481,70,170,0,0,0,0,0,50,0,7,0,0,3,0,0,0,0,0,0,0,1,0,0,0,0,6,2,0,0,0,0,0,0,9,0,0,0,0,262,69023,0,0,0,0,30,31,0,0,0,7,1,2,1,Jolteon
4-15,19:09:22,NINTEN,Pidgey,Beauty,2,Celadon City - Gym,2,41:26.17,41:26,0h41m26s,0,1,1,42,2:42,6.519,WING ATTACK,SWIFT,QUICK ATTACK,AGILITY,6,5061,458,108,30,534,517,259,20,43834,Jolteon, ,Normal,Flying,70022,Pidgey2,Pidgey,,00:41:19.66,00:41:26.17,02:42:53.22,42,0,0,41,26,17,WING ATTACK,SWIFT,QUICK ATTACK,AGILITY,26,16,30,30,0,0,0,0,110,110,67,62,57,57,76,14877,13912,13058,11615,11615,14027,15,15,15,15,0,0,0,0,0,0,0,75,69,57,57,76,588381,176175,376659,33540,2007,6,0,0,5061,4450,611,0,458,138,108,30,1,0,15807,10948,1030,1030,483,70,170,0,0,0,0,0,50,0,7,0,0,3,0,0,0,0,0,0,0,1,0,0,0,0,6,2,0,0,0,0,0,0,9,0,0,0,0,264,69887,0,0,0,0,30,31,0,0,0,7,1,2,1,Jolteon
4-15,19:09:38,NINTEN,Pidgey,Beauty,1,Celadon City - Gym,4,41:42.02,41:42,0h41m42s,0,1,1,42,2:43,11.513,WING ATTACK,SWIFT,QUICK ATTACK,AGILITY,6,5071,460,109,30,538,521,259,20,45514,Jolteon, ,Normal,Flying,71480,Pidgey2,Pidgey,,00:41:30.51,00:41:42.02,02:43:55.51,42,0,0,41,42,2,WING ATTACK,SWIFT,QUICK ATTACK,AGILITY,22,16,30,30,0,0,0,0,110,110,67,62,57,57,76,15067,14162,13238,11905,11905,14167,15,15,15,15,0,0,0,0,0,0,0,75,69,57,57,76,592130,176727,379856,33540,2007,6,0,0,5071,4460,611,0,460,139,109,30,1,0,16216,11164,1030,1030,487,70,170,0,0,0,0,0,50,0,7,0,0,3,0,0,0,0,0,0,0,1,0,0,0,0,6,2,0,0,0,0,0,0,9,0,0,0,0,268,71345,0,0,0,0,30,31,0,0,0,7,1,2,1,Jolteon
4-15,19:09:49,NINTEN,Pidgey,Jr Trainer F,11,Celadon City - Gym,2,41:53.48,41:53,0h41m53s,0,1,1,43,2:44,7.563,WING ATTACK,SWIFT,QUICK ATTACK,AGILITY,6,5081,465,110,30,540,523,259,20,46984,Jolteon, ,Normal,Flying,72532,Pidgey2,Pidgey,,00:41:45.92,00:41:53.48,02:44:41.03,43,0,0,41,53,48,WING ATTACK,SWIFT,QUICK ATTACK,AGILITY,20,16,30,30,0,0,0,0,113,113,69,64,59,59,78,15172,14273,13350,12050,12050,14272,15,15,15,15,0,0,0,0,0,0,0,77,72,59,59,78,594842,177168,382127,33540,2007,6,0,0,5081,4470,611,0,465,140,110,30,1,0,16374,11289,1030,1030,489,70,170,0,0,0,0,0,50,0,7,0,0,3,0,0,0,0,0,0,0,1,0,0,0,0,6,2,0,0,0,0,0,0,9,0,0,0,0,270,72397,0,0,0,0,30,31,0,0,0,7,1,2,1,Jolteon
4-15,19:10:03,NINTEN,Pidgey,Lass,18,Celadon City - Gym,2,42:07.50,42:07,0h42m7s,0,1,1,43,2:45,6.592,WING ATTACK,SWIFT,QUICK ATTACK,AGILITY,6,5083,475,111,30,542,525,259,20,47464,Jolteon, ,Normal,Flying,73565,Pidgey2,Pidgey,,00:42:00.91,00:42:07.50,02:45:36.08,43,0,0,42,7,50,WING ATTACK,SWIFT,QUICK ATTACK,AGILITY,18,16,30,30,0,0,0,0,113,113,69,64,59,59,78,15277,14388,13475,12210,12210,14342,15,15,15,15,0,0,0,0,0,0,0,77,72,59,59,78,598147,177509,384486,34145,2007,6,0,0,5083,4472,611,0,475,141,111,30,1,0,16534,11410,1030,1030,491,70,170,0,0,0,0,0,50,0,7,0,0,3,0,0,0,0,0,0,0,1,0,0,0,0,6,2,0,0,0,0,0,0,9,0,0,0,0,272,73430,0,0,0,0,30,31,0,0,0,7,1,2,1,Jolteon
4-15,19:10:16,NINTEN,Pidgey,Cooltrainer F,1,Celadon City - Gym,3,42:20.07,42:20,0h42m20s,0,1,1,43,2:46,9.429,WING ATTACK,SWIFT,QUICK ATTACK,AGILITY,6,5084,475,112,30,545,528,259,20,47809,Jolteon, ,Normal,Flying,75742,Pidgey2,Pidgey,,00:42:10.64,00:42:20.07,02:46:25.37,43,0,0,42,20,7,WING ATTACK,SWIFT,QUICK ATTACK,AGILITY,15,16,30,30,0,0,0,0,113,113,69,64,59,59,78,15462,14605,13658,12460,12460,14497,15,15,15,15,0,0,0,0,0,0,0,77,72,59,59,78,601116,177780,387184,34145,2007,6,0,0,5084,4473,611,0,475,142,112,30,1,0,16784,11611,1030,1030,494,70,170,0,0,0,0,0,50,0,7,0,0,3,0,0,0,0,0,0,0,1,0,0,0,0,6,2,0,0,0,0,0,0,9,0,0,0,0,275,75607,0,0,0,0,30,31,0,0,0,7,1,2,1,Jolteon
4-15,19:10:25,NINTEN,Pidgey,Beauty,3,Celadon City - Gym,1,42:29.39,42:29,0h42m29s,0,1,1,43,2:47,6.156,WING ATTACK,SWIFT,QUICK ATTACK,AGILITY,6,5086,475,113,30,547,530,260,20,48649,Jolteon, ,Normal,Flying,76288,Pidgey2,Pidgey,,00:42:23.23,00:42:29.39,02:47:02.24,43,0,0,42,29,39,WING ATTACK,SWIFT,QUICK ATTACK,AGILITY,14,16,29,30,0,0,0,0,113,113,69,64,59,59,78,15522,14645,13738,12520,12520,14537,15,15,15,15,0,0,0,0,0,0,0,77,72,59,59,78,603323,178029,389142,34145,2007,6,0,0,5086,4475,611,0,475,143,113,30,1,0,16857,11682,1030,1030,496,70,171,0,0,0,0,0,50,0,7,0,0,3,0,0,0,0,0,0,0,1,0,0,0,0,6,2,0,0,0,0,0,0,9,0,0,0,0,276,76153,0,0,0,0,30,31,0,0,0,7,1,2,1,Jolteon
4-15,19:10:56,NINTEN,Pidgey,Erika,1,Celadon City - Gym,3,43:00.11,43:00,0h43m0s,0,1,1,44,2:49,23.431,WING ATTACK,SWIFT,QUICK ATTACK,AGILITY,7,5088,476,114,30,557,538,265,20,50469,Jolteon, ,Normal,Flying,79293,Pidgey2,Pidgey,Erika,00:42:36.67,00:43:00.11,02:49:04.09,44,0,0,43,0,11,WING ATTACK,SWIFT,QUICK ATTACK,AGILITY,9,16,29,27,0,0,0,0,90,116,71,66,61,61,80,15712,14855,13973,12790,12790,14692,15,15,15,15,0,-1,0,0,6,0,0,88,48,61,61,320,610628,178754,395192,34675,2007,7,0,0,5088,4477,611,0,476,144,114,30,1,0,17204,11938,1056,1056,501,70,176,0,0,0,0,0,51,0,8,0,0,3,0,0,0,0,0,0,0,1,0,0,0,0,6,2,0,0,0,0,0,0,9,0,0,0,0,279,79158,0,0,0,0,30,31,0,0,0,7,1,2,1,Jolteon
4-15,19:14:24,NINTEN,Pidgey,Rival4-Pkmn Tower,2,Pokemon Tower - 2F,5,46:28.00,46:28,0h46m28s,0,1,1,44,3:02,17.161,WING ATTACK,SWIFT,FLY,AGILITY,7,5456,524,115,30,564,543,269,16,2687,Jolteon, ,Normal,Flying,81823,Pidgey2,Pidgey,Rival (Pokemon Tower),00:46:10.84,00:46:28.00,03:02:46.45,44,0,0,46,28,0,WING ATTACK,SWIFT,FLY,AGILITY,35,17,13,30,0,0,0,0,106,117,75,66,64,64,80,18510,27981,14313,20736,20736,14992,15,15,15,15,0,0,0,0,0,0,0,84,74,64,64,80,659984,214445,400077,43455,2007,7,0,0,5456,4845,611,0,524,145,115,30,1,0,17590,12230,1067,1067,503,71,178,0,0,0,0,0,51,0,8,0,0,3,0,0,0,0,0,0,0,1,0,0,0,0,6,2,0,0,0,0,0,0,9,0,0,0,0,284,81688,0,0,0,0,30,57,15,0,0,8,1,2,1,Jolteon
4-15,19:14:41,NINTEN,Pidgey,Channeler,6,Pokemon Tower - 3F,1,46:44.99,46:44,0h46m44s,0,1,1,44,3:03,4.129,WING ATTACK,SWIFT,FLY,AGILITY,7,5488,528,116,30,565,544,269,16,4312,Jolteon, ,Normal,Flying,82310,Pidgey2,Pidgey,,00:46:40.86,00:46:44.99,03:03:53.57,44,0,0,46,44,99,WING ATTACK,SWIFT,FLY,AGILITY,34,17,13,30,0,0,0,0,106,117,75,66,64,64,80,18540,28016,14343,20836,20836,15072,15,15,15,15,0,0,0,0,0,0,0,84,74,64,64,80,664016,215934,401491,44584,2007,7,0,0,5488,4877,611,0,528,146,116,30,1,0,17705,12282,1067,1067,504,71,178,0,0,0,0,0,52,0,8,0,0,3,0,0,0,0,0,0,0,1,0,0,0,0,6,2,0,0,0,0,0,0,9,0,0,0,0,285,82175,0,0,0,0,30,57,15,0,0,8,1,2,1,Jolteon
4-15,19:14:48,NINTEN,Pidgey,Channeler,8,Pokemon Tower - 3F,1,46:51.56,46:51,0h46m51s,0,1,1,44,3:04,4.064,WING ATTACK,SWIFT,FLY,AGILITY,7,5494,529,117,30,566,545,269,16,5032,Jolteon, ,Normal,Flying,82757,Pidgey2,Pidgey,,00:46:47.50,00:46:51.56,03:04:19.48,44,0,0,46,51,56,WING ATTACK,SWIFT,FLY,AGILITY,33,17,13,30,0,0,0,0,106,117,75,66,64,64,80,18570,28051,14373,20936,20936,15152,15,15,15,15,0,0,0,0,0,0,0,84,74,64,64,80,665567,216113,402863,44584,2007,7,0,0,5494,4883,611,0,529,147,117,30,1,0,17783,12330,1067,1067,505,71,178,0,0,0,0,0,52,0,8,0,0,3,0,0,0,0,0,0,0,1,0,0,0,0,6,2,0,0,0,0,0,0,9,0,0,0,0,286,82622,0,0,0,0,30,57,15,0,0,8,1,2,1,Jolteon
4-15,19:14:59,NINTEN,Pidgey,Agatha Jr,10,Pokemon Tower - 4F,2,47:03.19,47:03,0h47m3s,0,1,1,45,3:05,7.354,WING ATTACK,SWIFT,FLY,AGILITY,7,5514,529,118,30,568,547,269,16,5692,Jolteon, ,Normal,Flying,83693,Pidgey2,Pidgey,,00:46:55.84,00:47:03.19,03:05:05.36,45,0,0,47,3,19,WING ATTACK,SWIFT,FLY,AGILITY,31,17,13,30,0,0,0,0,108,119,77,68,66,66,82,18630,28121,14433,21136,21136,15312,15,15,15,15,0,0,0,0,0,0,0,86,76,66,66,82,668315,216700,405024,44584,2007,7,0,0,5514,4903,611,0,529,148,118,30,1,0,17923,12430,1067,1067,507,71,178,0,0,0,0,0,52,0,8,0,0,3,0,0,0,0,0,0,0,1,0,0,0,0,6,2,0,0,0,0,0,0,9,0,0,0,0,288,83558,0,0,0,0,30,57,15,0,0,8,1,2,1,Jolteon
4-15,19:15:07,NINTEN,Pidgey,Channeler,12,Pokemon Tower - 4F,1,47:11.41,47:11,0h47m11s,0,1,1,45,3:05,4.13,WING ATTACK,SWIFT,FLY,AGILITY,7,5519,536,119,30,569,548,269,16,6382,Jolteon, ,Normal,Flying,84140,Pidgey2,Pidgey,,00:47:07.28,00:47:11.41,03:05:37.53,45,0,0,47,11,41,WING ATTACK,SWIFT,FLY,AGILITY,30,17,13,30,0,0,0,0,108,119,77,68,66,66,82,18660,28156,14463,21236,21236,15392,15,15,15,15,0,0,0,0,0,0,0,86,76,66,66,82,670252,216951,406710,44584,2007,7,0,0,5519,4908,611,0,536,149,119,30,1,0,18006,12478,1067,1067,508,71,178,0,0,0,0,0,52,0,8,0,0,3,0,0,0,0,0,0,0,1,0,0,0,0,6,2,0,0,0,0,0,0,9,0,0,0,0,289,84005,0,0,0,0,30,57,15,0,0,8,1,2,1,Jolteon
4-15,19:15:23,NINTEN,Pidgey,Channeler,9,Pokemon Tower - 4F,1,47:27.00,47:27,0h47m27s,0,1,1,45,3:06,4.047,WING ATTACK,SWIFT,FLY,AGILITY,7,5550,557,120,30,570,549,269,16,7042,Jolteon, ,Normal,Flying,84627,Pidgey2,Pidgey,,00:47:22.96,00:47:27.00,03:06:39.33,45,0,0,47,27,0,WING ATTACK,SWIFT,FLY,AGILITY,29,17,13,30,0,0,0,0,108,120,77,68,66,66,82,21250,28191,14493,21336,21336,15472,15,15,15,15,0,0,0,0,0,0,0,86,76,66,66,82,673952,218496,408075,45374,2007,7,0,0,5550,4939,611,0,557,150,120,30,1,0,18086,12530,1067,1067,509,71,178,0,0,0,0,0,52,0,8,0,0,3,0,0,0,0,0,0,0,1,0,0,0,0,6,2,0,0,0,0,0,0,9,0,0,0,0,290,84492,0,0,0,0,32,57,15,0,0,8,1,2,1,Jolteon
4-15,19:15:33,NINTEN,Pidgey,Channeler,16,Pokemon Tower - 5F,1,47:36.79,47:36,0h47m36s,0,1,1,45,3:07,4.089,WING ATTACK,SWIFT,FLY,AGILITY,7,5572,564,121,30,571,550,269,16,7762,Jolteon, ,Normal,Flying,85074,Pidgey2,Pidgey,,00:47:32.70,00:47:36.79,03:07:18.05,45,0,0,47,36,79,WING ATTACK,SWIFT,FLY,AGILITY,28,17,13,30,0,0,0,0,108,120,77,68,66,66,82,21280,28226,14523,21436,21436,15552,15,15,15,15,0,0,0,0,0,0,0,86,76,66,66,82,676264,219432,409451,45374,2007,7,0,0,5572,4961,611,0,564,151,121,30,1,0,18162,12578,1067,1067,510,71,178,0,0,0,0,0,52,0,8,0,0,3,0,0,0,0,0,0,0,1,0,0,0,0,6,2,0,0,0,0,0,0,9,0,0,0,0,291,84939,0,0,0,0,33,57,15,0,0,8,1,2,1,Jolteon
4-15,19:15:40,NINTEN,Pidgey,Channeler,14,Pokemon Tower - 5F,1,47:44.05,47:44,0h47m44s,0,1,1,45,3:07,4.188,WING ATTACK,SWIFT,FLY,AGILITY,7,5580,564,122,30,572,551,269,16,8422,Jolteon, ,Normal,Flying,85695,Pidgey2,Pidgey,,00:47:39.86,00:47:44.05,03:07:46.41,45,0,0,47,44,5,WING ATTACK,SWIFT,FLY,AGILITY,27,17,13,30,0,0,0,0,108,120,77,68,66,66,82,21325,28276,14568,21551,21551,15647,15,15,15,15,0,0,0,0,0,0,0,86,76,66,66,82,677980,219749,410850,45374,2007,7,0,0,5580,4969,611,0,564,152,122,30,1,0,18220,12635,1067,1067,511,71,178,0,0,0,0,0,52,0,8,0,0,3,0,0,0,0,0,0,0,1,0,0,0,0,6,2,0,0,0,0,0,0,9,0,0,0,0,292,85560,0,0,0,0,33,57,15,0,0,8,1,2,1,Jolteon
4-15,19:15:49,NINTEN,Pidgey,Channeler,17,Pokemon Tower - 5F,1,47:53.20,47:53,0h47m53s,0,1,1,45,3:08,4.164,WING ATTACK,SWIFT,FLY,AGILITY,7,5594,569,123,30,573,552,269,16,9112,Jolteon, ,Normal,Flying,86182,Pidgey2,Pidgey,,00:47:49.04,00:47:53.20,03:08:22.49,45,0,0,47,53,20,WING ATTACK,SWIFT,FLY,AGILITY,34,20,15,30,0,0,0,0,120,120,77,68,66,66,82,21355,28311,14598,21651,21651,15727,15,15,15,15,0,0,0,0,0,0,0,86,76,66,66,82,680148,220541,412226,45374,2007,7,0,0,5594,4983,611,0,569,153,123,30,1,0,18349,12687,1067,1067,512,71,178,0,0,0,0,0,53,0,8,0,0,3,0,0,0,0,0,0,0,1,0,0,0,0,6,2,0,0,0,0,0,0,9,0,0,0,0,293,86047,0,0,0,0,33,57,15,0,0,8,1,2,1,Jolteon
4-15,19:15:57,NINTEN,Pidgey,Channeler,18,Pokemon Tower - 5F,1,48:01.45,48:01,0h48m1s,0,1,1,45,3:08,4.157,WING ATTACK,SWIFT,FLY,AGILITY,7,5606,571,124,30,574,553,269,17,9832,Jolteon, ,Normal,Flying,86776,Pidgey2,Pidgey,,00:47:57.29,00:48:01.45,03:08:55.19,45,0,0,48,1,45,WING ATTACK,SWIFT,FLY,AGILITY,33,20,15,30,0,0,0,0,120,120,77,68,66,66,82,21400,28361,14643,21766,21766,15822,15,15,15,15,0,0,0,0,0,0,0,86,76,66,66,82,682098,221110,413607,45374,2007,7,0,0,5606,4995,611,0,571,154,124,30,1,0,18407,12742,1067,1067,513,71,178,0,0,0,0,0,53,0,8,0,0,3,0,0,0,0,0,0,0,1,0,0,0,0,6,2,0,0,0,0,0,0,9,0,0,0,0,294,86641,0,0,0,0,34,57,15,0,0,8,1,2,1,Jolteon
4-15,19:16:06,NINTEN,Pidgey,Channeler,21,Pokemon Tower - 6F,1,48:10.29,48:10,0h48m10s,0,1,1,45,3:09,4.074,WING ATTACK,SWIFT,FLY,AGILITY,7,5634,574,125,30,575,554,269,17,10492,Jolteon, ,Normal,Flying,87263,Pidgey2,Pidgey,,00:48:06.21,00:48:10.29,03:09:30.06,45,0,0,48,10,29,WING ATTACK,SWIFT,FLY,AGILITY,32,20,15,30,0,0,0,0,120,120,77,68,66,66,82,21430,28396,14673,21866,21866,15902,15,15,15,15,0,0,0,0,0,0,0,86,76,66,66,82,684185,221840,414964,45374,2007,7,0,0,5634,5023,611,0,574,155,125,30,1,0,18483,12794,1067,1067,514,71,178,0,0,0,0,0,53,0,8,0,0,3,0,0,0,0,0,0,0,1,0,0,0,0,6,2,0,0,0,0,0,0,9,0,0,0,0,295,87128,0,0,0,0,34,57,15,0,0,8,1,2,1,Jolteon
4-15,19:16:13,NINTEN,Pidgey,Channeler,20,Pokemon Tower - 6F,1,48:17.00,48:17,0h48m17s,0,1,1,45,3:09,4.047,WING ATTACK,SWIFT,FLY,AGILITY,7,5643,575,126,30,576,555,269,17,11212,Jolteon, ,Normal,Flying,87750,Pidgey2,Pidgey,,00:48:12.95,00:48:17.00,03:09:56.29,45,0,0,48,17,0,WING ATTACK,SWIFT,FLY,AGILITY,31,20,15,30,0,0,0,0,120,120,77,68,66,66,82,21460,28431,14703,21966,21966,15982,15,15,15,15,0,0,0,0,0,0,0,86,76,66,66,82,685768,222077,416310,45374,2007,7,0,0,5643,5032,611,0,575,156,126,30,1,0,18557,12846,1067,1067,515,71,178,0,0,0,0,0,53,0,8,0,0,3,0,0,0,0,0,0,0,1,0,0,0,0,6,2,0,0,0,0,0,0,9,0,0,0,0,296,87615,0,0,0,0,34,57,15,0,0,8,1,2,1,Jolteon
4-15,19:16:41,NINTEN,Pidgey,Rocket,44,Pokemon Tower - 7F,3,48:45.03,48:45,0h48m45s,0,1,1,46,3:11,13.497,WING ATTACK,SWIFT,FLY,AGILITY,7,5668,575,127,31,581,559,271,17,11932,Jolteon,Poisoned,Normal,Flying,89999,Pidgey2,Pidgey,,00:48:31.52,00:48:45.03,03:11:47.12,46,0,0,48,45,3,WING ATTACK,SWIFT,FLY,AGILITY,31,17,14,30,0,0,0,0,105,123,79,69,68,68,85,21625,28651,14927,22156,22156,16212,15,15,15,15,0,0,0,0,0,0,0,88,77,68,68,85,692411,223691,421339,45374,2007,7,0,0,5668,5057,611,0,575,158,127,31,1,0,18804,13057,1085,1085,516,72,179,0,0,0,0,0,53,0,8,0,0,3,0,0,0,0,0,0,0,2,0,0,0,0,6,2,0,0,0,0,0,0,9,0,0,0,0,299,89864,0,0,0,0,35,57,15,0,0,8,1,2,1,Jolteon
4-15,19:17:26,NINTEN,Pidgey,Biker,5,Route 16,2,49:29.75,49:29,0h49m29s,0,1,1,46,3:14,9.263,WING ATTACK,SWIFT,FLY,AGILITY,7,5773,579,128,32,585,563,273,18,12742,Jolteon, ,Normal,Flying,91265,Pidgey2,Pidgey,,00:49:20.49,00:49:29.75,03:14:43.23,46,0,0,49,29,75,WING ATTACK,SWIFT,FLY,AGILITY,33,18,15,30,0,0,0,0,109,123,79,69,68,68,85,21745,28796,15072,22256,22256,16272,15,15,15,15,0,0,0,0,0,0,0,88,77,68,68,85,702982,228891,425107,46977,2007,7,0,0,5773,5161,612,0,579,160,128,32,2,0,18992,13213,1099,1099,518,72,181,0,0,0,0,0,53,0,8,0,0,3,0,0,0,0,0,0,0,2,0,0,0,0,6,2,0,0,0,0,0,0,9,0,0,0,0,301,91130,0,0,0,0,35,57,15,0,0,8,1,2,1,Jolteon
4-15,19:17:38,NINTEN,Pidgey,Cue Ball,1,Route 16,3,49:41.70,49:41,0h49m41s,0,1,1,46,3:15,9.245,WING ATTACK,SWIFT,FLY,AGILITY,7,5777,579,129,32,588,566,273,18,13322,Jolteon, ,Normal,Flying,92765,Pidgey2,Pidgey,,00:49:32.46,00:49:41.70,03:15:30.24,46,0,0,49,41,70,WING ATTACK,SWIFT,FLY,AGILITY,30,18,15,30,0,0,0,0,109,123,79,69,68,68,85,21925,29036,15207,22361,22361,16412,15,15,15,15,0,0,0,0,0,0,0,88,77,68,68,85,705803,229034,427785,46977,2007,7,0,0,5777,5161,616,0,579,161,129,32,2,0,19312,13439,1099,1099,521,72,181,0,0,0,0,0,53,0,8,0,0,3,0,0,0,0,0,0,0,2,0,0,0,0,6,2,0,0,0,0,0,0,9,0,0,0,0,304,92630,0,0,0,0,35,57,15,0,0,8,1,2,1,Jolteon
4-15,19:17:47,NINTEN,Pidgey,Cue Ball,2,Route 16,2,49:51.07,49:51,0h49m51s,0,1,1,46,3:16,6.644,WING ATTACK,SWIFT,FLY,AGILITY,7,5779,593,130,32,590,568,273,18,14022,Jolteon, ,Normal,Flying,93770,Pidgey2,Pidgey,,00:49:44.42,00:49:51.07,03:16:07.15,46,0,0,49,51,7,WING ATTACK,SWIFT,FLY,AGILITY,28,18,15,30,0,0,0,0,109,123,79,69,68,68,85,22035,29196,15292,22431,22431,16517,15,15,15,15,0,0,0,0,0,0,0,88,77,68,68,85,708014,229191,429839,46977,2007,7,0,0,5779,5161,618,0,593,162,130,32,2,0,19529,13589,1099,1099,523,72,181,0,0,0,0,0,53,0,8,0,0,3,0,0,0,0,0,0,0,2,0,0,0,0,6,2,0,0,0,0,0,0,9,0,0,0,0,306,93635,0,0,0,0,35,57,15,0,0,8,1,2,1,Jolteon
4-15,19:17:57,NINTEN,Pidgey,Cue Ball,3,Route 16,1,50:00.56,50:00,0h50m0s,0,1,1,46,3:16,6.235,WING ATTACK,SWIFT,FLY,AGILITY,7,5785,593,131,32,592,569,274,18,14747,Jolteon, ,Normal,Flying,94391,Pidgey2,Pidgey,,00:49:54.33,00:50:00.56,03:16:44.42,46,0,0,50,0,56,WING ATTACK,SWIFT,FLY,AGILITY,28,18,14,30,0,0,0,0,109,123,79,69,68,68,85,22105,29276,15342,22466,22466,16552,15,15,15,15,0,0,0,0,0,0,0,88,77,68,68,85,710261,229462,431815,46977,2007,7,0,0,5785,5161,624,0,593,163,131,32,2,0,19800,13683,1099,1099,524,73,181,0,0,0,0,0,54,0,8,0,0,3,0,0,0,0,0,0,0,2,0,0,0,0,6,2,0,0,0,0,0,0,9,0,0,0,0,307,94256,0,0,0,0,35,57,15,0,0,8,1,2,1,Jolteon
4-15,19:18:07,NINTEN,Pidgey,Biker,6,Route 16,1,50:10.62,50:10,0h50m10s,0,1,1,46,3:17,7.252,WING ATTACK,SWIFT,FLY,AGILITY,7,5786,593,132,32,595,572,276,18,15572,Jolteon, ,Normal,Flying,95613,Pidgey2,Pidgey,,00:50:03.37,00:50:10.62,03:17:24.22,46,0,0,50,10,62,WING ATTACK,SWIFT,FLY,AGILITY,28,15,14,30,0,0,0,0,75,123,79,69,68,68,85,22170,29366,15462,22551,22551,16612,15,15,15,15,0,0,0,0,0,0,0,88,77,68,68,85,712641,229619,434038,46977,2007,7,0,0,5786,5161,625,0,593,164,132,32,2,0,19898,13774,1133,1133,524,73,183,0,0,0,0,0,54,0,8,0,0,3,0,0,0,0,0,0,0,2,0,0,0,0,6,2,0,0,0,0,0,0,9,0,0,0,0,308,95478,0,0,0,0,35,57,15,0,0,8,1,2,1,Jolteon
4-15,19:18:25,NINTEN,Pidgey,Biker,7,Route 16,4,50:29.21,50:29,0h50m29s,0,1,1,47,3:18,12.597,WING ATTACK,SWIFT,FLY,AGILITY,7,5790,593,133,32,600,576,277,18,16232,Jolteon, ,Normal,Flying,97617,Pidgey2,Pidgey,,00:50:16.61,00:50:29.21,03:18:37.30,47,0,0,50,29,21,WING ATTACK,SWIFT,FLY,AGILITY,28,12,13,30,0,0,0,0,126,126,81,71,69,69,86,22490,29686,15662,22711,22711,16712,15,15,15,15,0,0,0,0,0,0,0,91,79,69,69,86,717029,229888,437495,47639,2007,7,0,0,5790,5161,629,0,593,165,133,32,2,0,20263,14098,1133,1133,525,74,183,0,0,0,0,0,54,0,8,0,0,3,0,0,0,0,0,0,0,2,0,0,0,0,6,2,0,0,0,0,0,0,9,0,0,0,0,312,97482,0,0,0,0,35,57,15,0,0,8,1,2,1,Jolteon
4-15,19:18:50,NINTEN,Pidgey,Biker,8,Route 17,3,50:54.46,50:54,0h50m54s,0,1,1,47,3:20,19.491,WING ATTACK,SWIFT,FLY,AGILITY,7,5814,598,134,32,611,583,285,18,16752,Jolteon,Poisoned,Normal,Flying,100377,Pidgey2,Pidgey,,00:50:34.98,00:50:54.46,03:20:17.15,47,0,0,50,54,46,WING ATTACK,SWIFT,FLY,AGILITY,28,9,9,30,0,0,0,0,79,126,81,71,69,69,86,22660,29931,15997,22941,22941,16867,15,15,15,15,0,0,0,0,0,0,0,91,79,69,69,86,723014,230445,442923,47639,2007,7,0,0,5814,5161,653,0,598,166,134,32,2,0,20542,14318,1180,1180,528,80,186,0,0,0,0,0,54,0,8,0,0,3,0,0,0,0,0,0,0,3,0,0,0,0,6,2,0,0,0,0,0,0,9,0,0,0,0,315,100242,0,0,0,0,35,57,15,0,0,8,1,2,1,Jolteon
4-15,19:19:05,NINTEN,Pidgey,Cue Ball,5,Route 17,2,51:08.88,51:08,0h51m8s,0,1,1,47,3:21,7.659,WING ATTACK,SWIFT,FLY,AGILITY,7,5821,605,135,32,614,585,286,17,17312,Jolteon, ,Normal,Flying,101829,Pidgey2,Pidgey,,00:51:01.22,00:51:08.88,03:21:13.59,47,0,0,51,8,88,WING ATTACK,SWIFT,FLY,AGILITY,27,9,8,30,0,0,0,0,126,126,81,71,69,69,86,22810,30111,16117,23026,23026,16947,15,15,15,15,0,0,0,0,0,0,0,91,79,69,69,86,726418,230922,445223,48266,2007,7,0,0,5821,5161,660,0,605,167,135,32,2,0,20786,14492,1180,1180,530,81,186,0,0,0,0,0,54,0,8,0,0,3,0,0,0,0,0,0,0,3,0,0,0,0,6,2,0,0,0,0,0,0,9,0,0,0,0,317,101694,0,0,0,0,35,57,15,0,0,8,1,2,1,Jolteon
4-15,19:19:18,NINTEN,Pidgey,Cue Ball,4,Route 17,2,51:21.78,51:21,0h51m21s,0,1,1,48,3:22,7.605,WING ATTACK,SWIFT,FLY,AGILITY,7,5831,622,136,32,616,587,286,17,18037,Jolteon, ,Normal,Flying,103213,Pidgey2,Pidgey,,00:51:14.18,00:51:21.78,03:22:04.53,48,0,0,51,21,78,WING ATTACK,SWIFT,FLY,AGILITY,25,9,8,30,0,0,0,0,129,129,83,73,71,71,88,22915,30296,16212,23121,23121,17112,15,15,15,15,0,0,0,0,0,0,0,93,82,71,71,88,729472,231697,447502,48266,2007,7,0,0,5831,5161,670,0,622,168,136,32,2,0,20991,14639,1180,1180,532,81,186,0,0,0,0,0,54,0,8,0,0,3,0,0,0,0,0,0,0,3,0,0,0,0,6,2,0,0,0,0,0,0,9,0,0,0,0,319,103078,0,0,0,0,36,57,15,0,0,8,1,2,1,Jolteon
4-15,19:19:30,NINTEN,Pidgey,Biker,10,Route 17,2,51:33.59,51:33,0h51m33s,0,1,1,48,3:22,6.477,WING ATTACK,SWIFT,FLY,AGILITY,7,5852,622,137,32,618,589,286,17,18762,Jolteon, ,Normal,Flying,104491,Pidgey2,Pidgey,,00:51:27.11,00:51:33.59,03:22:51.19,48,0,0,51,33,59,WING ATTACK,SWIFT,FLY,AGILITY,25,7,8,30,0,0,0,0,129,129,83,73,71,71,88,22995,30356,16312,23231,23231,17312,15,15,15,15,0,0,0,0,0,0,0,93,82,71,71,88,732258,232156,449829,48266,2007,7,0,0,5852,5161,691,0,622,169,137,32,2,0,21222,14771,1180,1180,532,81,186,0,0,0,0,0,55,0,8,0,0,3,0,0,0,0,0,0,0,3,0,0,0,0,6,2,0,0,0,0,0,0,9,0,0,0,0,321,104356,0,0,0,0,36,57,15,0,0,8,1,2,1,Jolteon
4-15,19:19:39,NINTEN,Pidgey,Cue Ball,6,Route 17,1,51:42.59,51:42,0h51m42s,0,1,1,48,3:23,5.569,WING ATTACK,SWIFT,FLY,AGILITY,7,5875,622,138,32,620,590,287,17,19342,Jolteon, ,Normal,Flying,105523,Pidgey2,Pidgey,,00:51:37.02,00:51:42.59,03:23:26.47,48,0,0,51,42,59,WING ATTACK,SWIFT,FLY,AGILITY,25,7,7,30,0,0,0,0,129,129,83,73,71,71,88,23075,30456,16382,23281,23281,17357,15,15,15,15,0,0,0,0,0,0,0,93,82,71,71,88,734386,232475,451638,48266,2007,7,0,0,5875,5161,714,0,622,170,138,32,2,0,21349,14872,1180,1180,533,82,186,0,0,0,0,0,55,0,8,0,0,3,0,0,0,0,0,0,0,3,0,0,0,0,6,2,0,0,0,0,0,0,9,0,0,0,0,322,105388,0,0,0,0,36,57,15,0,0,8,1,2,1,Jolteon
4-15,19:19:53,NINTEN,Pidgey,Cue Ball,8,Route 17,2,51:57.04,51:57,0h51m57s,0,1,1,48,3:24,9.923,WING ATTACK,SWIFT,FLY,AGILITY,7,5918,631,139,32,625,593,290,17,20167,Jolteon, ,Normal,Flying,107354,Pidgey2,Pidgey,,00:51:47.11,00:51:57.04,03:24:23.50,48,0,0,51,57,4,WING ATTACK,SWIFT,FLY,AGILITY,24,7,5,30,0,0,0,0,129,129,83,73,71,71,88,23220,30661,16512,23391,23391,17497,15,15,15,15,0,-1,0,0,0,0,0,104,54,71,71,88,737809,233057,454479,48266,2007,7,0,0,5918,5161,757,0,631,171,139,32,2,0,21616,15043,1180,1180,535,85,187,0,0,0,0,0,55,0,8,0,0,3,0,0,0,0,0,0,0,3,0,0,0,0,6,2,0,0,0,0,0,0,9,0,0,0,0,324,107219,0,0,0,0,36,57,15,0,0,8,1,2,1,Jolteon
4-15,19:20:28,NINTEN,Pidgey,Biker,12,Route 17,5,52:32.16,52:32,0h52m32s,0,1,1,49,3:26,22.193,WING ATTACK,SWIFT,FLY,AGILITY,8,5988,639,140,32,635,600,295,18,20892,Jolteon, ,Normal,Flying,111034,Pidgey2,Pidgey,,00:52:09.96,00:52:32.16,03:26:42.52,49,0,0,52,32,16,WING ATTACK,SWIFT,FLY,AGILITY,24,3,2,30,0,0,0,0,125,131,85,74,72,72,90,23470,31036,17037,23741,23741,17722,15,15,15,15,0,0,0,0,0,0,0,95,83,72,72,90,746151,235032,460227,48885,2007,8,0,0,5988,5161,827,0,639,172,140,32,2,0,22119,15362,1186,1186,538,89,188,0,0,0,0,0,57,0,8,0,0,3,0,0,0,0,0,0,0,3,0,0,0,0,6,2,0,0,0,0,0,0,9,0,0,0,0,329,110899,0,0,0,0,37,57,15,0,0,8,1,2,1,Jolteon
4-15,19:20:49,NINTEN,Pidgey,Bird Keeper,10,Route 18,4,52:53.44,52:53,0h52m53s,0,1,1,49,3:28,12.111,WING ATTACK,SWIFT,FLY,AGILITY,8,6073,645,141,32,639,604,295,18,21392,Jolteon, ,Normal,Flying,112901,Pidgey2,Pidgey,,00:52:41.33,00:52:53.44,03:28:06.35,49,0,0,52,53,44,WING ATTACK,SWIFT,FLY,AGILITY,21,2,2,30,0,0,0,0,125,131,85,74,72,72,90,23655,31306,17192,23895,23895,18032,15,15,15,15,0,0,0,0,0,0,0,95,83,72,72,90,751174,236394,463888,48885,2007,8,0,0,6073,5174,899,0,645,173,141,32,2,0,22558,15615,1186,1186,541,89,188,0,0,0,0,0,59,0,8,0,0,3,0,0,0,0,0,0,0,3,0,0,0,0,6,2,0,0,0,0,0,0,9,0,0,0,0,333,112766,0,0,0,0,37,57,15,0,0,8,1,2,1,Jolteon
4-15,19:21:05,NINTEN,Pidgey,Bird Keeper,8,Route 18,2,53:09.48,53:09,0h53m9s,0,1,1,49,3:29,12.347,WING ATTACK,SWIFT,FLY,AGILITY,8,6077,645,142,32,644,608,298,18,22042,Jolteon, ,Normal,Flying,114267,Pidgey2,Pidgey,,00:52:57.14,00:53:09.48,03:29:09.59,49,0,0,53,9,48,WING ATTACK,SWIFT,FLY,AGILITY,19,1,1,30,0,0,0,0,125,131,85,74,72,72,90,23760,31456,17287,23987,23987,18202,15,15,15,15,0,0,0,0,0,0,0,95,83,72,72,90,754978,236772,467314,48885,2007,8,0,0,6077,5178,899,0,645,174,142,32,2,0,22835,15762,1186,1186,543,92,188,0,0,0,0,0,60,0,8,0,0,3,0,0,0,0,0,0,0,3,0,0,0,0,6,2,0,0,0,0,0,0,9,0,0,0,0,335,114132,0,0,0,0,37,57,15,0,0,8,1,2,1,Jolteon
4-15,19:23:03,NINTEN,Pidgey,Blackbelt,5,Saffron City - Fighting Dojo,3,55:06.93,55:06,0h55m6s,0,1,1,49,3:36,10.536,WING ATTACK,SWIFT,FLY,AGILITY,8,6621,688,143,32,648,611,299,17,22267,Jolteon, ,Normal,Flying,116328,Pidgey2,Pidgey,,00:54:56.39,00:55:06.93,03:36:54.26,49,0,0,55,6,93,WING ATTACK,SWIFT,FLY,AGILITY,33,20,14,30,0,0,0,0,131,131,85,74,72,72,90,23935,31721,17432,24117,24117,18402,15,15,15,15,0,0,0,0,0,0,0,95,83,72,72,90,782845,256538,470295,54005,2007,8,0,0,6621,5722,899,0,688,175,143,32,2,0,23239,16007,1186,1186,546,93,188,0,0,0,0,0,60,0,8,0,0,3,0,0,0,0,0,0,0,3,0,0,0,0,6,2,0,0,0,0,0,0,9,0,0,0,0,338,116193,0,0,0,0,39,57,15,0,0,9,1,2,1,Jolteon
4-15,19:23:16,NINTEN,Pidgey,Blackbelt,3,Saffron City - Fighting Dojo,2,55:20.09,55:20,0h55m20s,0,1,1,50,3:37,10.385,WING ATTACK,SWIFT,FLY,AGILITY,8,6622,688,144,32,652,613,301,17,23042,Jolteon, ,Normal,Flying,117931,Pidgey2,Pidgey,,00:55:09.71,00:55:20.09,03:37:46.26,50,0,0,55,20,9,WING ATTACK,SWIFT,FLY,AGILITY,33,20,12,30,0,0,0,0,134,134,87,76,74,74,93,24085,31901,17552,24202,24202,18482,15,15,15,15,0,0,0,0,0,0,0,97,85,74,74,93,785965,256695,473258,54005,2007,8,0,0,6622,5723,899,0,688,176,144,32,2,0,23588,16196,1186,1186,548,95,188,0,0,0,0,0,60,0,8,0,0,3,0,0,0,0,0,0,0,3,0,0,0,0,6,2,0,0,0,0,0,0,9,0,0,0,0,340,117796,0,0,0,0,39,57,15,0,0,9,1,2,1,Jolteon
4-15,19:23:26,NINTEN,Pidgey,Blackbelt,4,Saffron City - Fighting Dojo,1,55:29.61,55:29,0h55m29s,0,1,1,50,3:38,5.23,WING ATTACK,SWIFT,FLY,AGILITY,8,6623,688,145,32,654,614,302,17,23842,Jolteon, ,Normal,Flying,119080,Pidgey2,Pidgey,,00:55:24.38,00:55:29.61,03:38:23.54,50,0,0,55,29,61,WING ATTACK,SWIFT,FLY,AGILITY,33,20,11,30,0,0,0,0,134,134,87,76,74,74,93,24150,32006,17612,24262,24262,18577,15,15,15,15,0,0,0,0,0,0,0,97,85,74,74,93,788213,256904,475297,54005,2007,8,0,0,6623,5724,899,0,688,177,145,32,2,0,23751,16294,1186,1186,549,96,188,0,0,0,0,0,60,0,8,0,0,3,0,0,0,0,0,0,0,3,0,0,0,0,6,2,0,0,0,0,0,0,9,0,0,0,0,341,118945,0,0,0,0,39,57,15,0,0,9,1,2,1,Jolteon
4-15,19:23:38,NINTEN,Pidgey,Blackbelt,2,Saffron City - Fighting Dojo,3,55:42.24,55:42,0h55m42s,0,1,1,50,3:39,9.811,WING ATTACK,SWIFT,FLY,AGILITY,8,6624,688,146,32,657,617,302,17,24742,Jolteon, ,Normal,Flying,121048,Pidgey2,Pidgey,,00:55:32.44,00:55:42.24,03:39:13.42,50,0,0,55,42,24,WING ATTACK,SWIFT,FLY,AGILITY,30,20,11,30,0,0,0,0,134,134,87,76,74,74,93,24295,32271,17742,24392,24392,18812,15,15,15,15,0,0,0,0,0,0,0,97,85,74,74,93,791201,257064,478125,54005,2007,8,0,0,6624,5725,899,0,688,178,146,32,2,0,24128,16520,1186,1186,552,96,188,0,0,0,0,0,60,0,8,0,0,3,0,0,0,0,0,0,0,3,0,0,0,0,6,2,0,0,0,0,0,0,9,0,0,0,0,344,120913,0,0,0,0,39,57,15,0,0,9,1,2,1,Jolteon
4-15,19:23:55,NINTEN,Pidgey,Blackbelt,1,Saffron City - Fighting Dojo,2,55:59.51,55:59,0h55m59s,0,1,1,50,3:40,14.039,WING ATTACK,SWIFT,FLY,AGILITY,8,6625,688,147,32,663,620,305,17,25517,Jolteon, ,Normal,Flying,123259,Pidgey2,Pidgey,,00:55:45.48,00:55:59.51,03:40:22.02,50,0,0,55,59,51,WING ATTACK,SWIFT,FLY,AGILITY,30,20,8,30,0,0,0,0,104,134,87,76,74,74,93,24395,32496,17874,24462,24462,18975,15,15,15,15,0,0,0,0,0,0,0,97,85,74,74,93,795301,257335,481954,54005,2007,8,0,0,6625,5726,899,0,688,179,147,32,2,0,24439,16698,1216,1216,554,99,189,0,0,0,0,0,60,0,8,0,0,3,0,0,0,0,0,0,0,3,0,0,0,0,6,2,0,0,0,0,0,0,9,0,0,0,0,346,123124,0,0,0,0,39,57,15,0,0,9,1,2,1,Jolteon
4-15,19:24:33,NINTEN,Pidgey,Rocket,40,Silph Co - 11F,5,56:37.06,56:37,0h56m37s,0,1,1,50,3:42,14.93,WING ATTACK,SWIFT,FLY,AGILITY,8,6723,691,148,32,668,625,306,17,26442,Jolteon, ,Normal,Flying,124790,Pidgey2,Pidgey,,00:56:22.13,00:56:37.06,03:42:49.52,50,0,0,56,37,6,WING ATTACK,SWIFT,FLY,AGILITY,32,18,15,30,0,0,0,0,120,134,87,76,74,74,93,24560,32769,18058,24617,24617,19301,15,15,15,15,0,0,0,0,0,0,0,97,85,74,74,93,804171,261738,485983,54443,2007,8,0,0,6723,5824,899,0,691,180,148,32,2,0,24944,16975,1230,1230,557,99,190,0,0,0,0,0,60,0,9,0,0,3,0,0,0,0,0,0,0,3,0,0,0,0,6,2,0,0,0,0,0,0,9,0,0,0,0,351,124655,0,0,0,0,39,57,15,0,0,9,1,2,1,Jolteon
4-15,19:24:46,NINTEN,Pidgey,Scientist,11,Silph Co - 10F,2,56:49.60,56:49,0h56m49s,0,1,1,51,3:43,8.788,WING ATTACK,SWIFT,FLY,AGILITY,8,6736,693,149,32,671,627,307,17,27192,Jolteon, ,Normal,Flying,126050,Pidgey2,Pidgey,,00:56:40.81,00:56:49.60,03:43:39.13,51,0,0,56,49,60,WING ATTACK,SWIFT,FLY,AGILITY,32,17,14,30,0,0,0,0,122,136,89,77,75,75,95,24625,32869,18223,24772,24772,19381,15,15,15,15,0,0,0,0,0,0,0,100,86,75,75,95,807132,262122,488560,54443,2007,8,0,0,6736,5837,899,0,693,181,149,32,2,0,25083,17099,1230,1230,558,100,190,0,0,0,0,0,60,0,9,0,0,3,0,0,0,0,0,0,0,3,0,0,0,0,6,2,0,0,0,0,0,0,9,0,0,0,0,353,125915,0,0,0,0,39,57,15,0,0,9,1,2,1,Jolteon
4-15,19:24:57,NINTEN,Pidgey,Rocket,39,Silph Co - 10F,1,57:00.57,57:00,0h57m0s,0,1,1,51,3:44,5.507,WING ATTACK,SWIFT,FLY,AGILITY,8,6751,693,150,32,673,628,308,17,28642,Jolteon, ,Normal,Flying,127082,Pidgey2,Pidgey,,00:56:55.07,00:57:00.57,03:44:22.27,51,0,0,57,0,57,WING ATTACK,SWIFT,FLY,AGILITY,32,17,13,30,0,0,0,0,122,136,89,77,75,75,95,24705,32969,18293,24822,24822,19426,15,15,15,15,0,0,0,0,0,0,0,100,86,75,75,95,809726,262604,490672,54443,2007,8,0,0,6751,5852,899,0,693,182,150,32,2,0,25237,17200,1230,1230,559,101,190,0,0,0,0,0,60,0,9,0,0,3,0,0,0,0,0,0,0,3,0,0,0,0,6,2,0,0,0,0,0,0,9,0,0,0,0,354,126947,0,0,0,0,39,57,15,0,0,9,1,2,1,Jolteon
4-15,19:25:23,NINTEN,Pidgey,Hypno Rocket,38,Silph Co - 9F,3,57:26.59,57:26,0h57m26s,0,1,1,51,3:46,13.679,WING ATTACK,SWIFT,FLY,AGILITY,8,6831,708,151,32,679,632,311,17,29632,Jolteon, ,Normal,Flying,129710,Pidgey2,Pidgey,,00:57:12.91,00:57:26.59,03:46:05.19,51,0,0,57,26,59,WING ATTACK,SWIFT,FLY,AGILITY,32,15,11,30,0,0,0,0,111,136,89,77,75,75,95,24925,33170,18478,25102,25102,19625,15,15,15,15,0,0,0,0,0,0,0,100,86,75,75,95,815898,265039,494409,54443,2007,8,0,0,6831,5932,899,0,708,183,151,32,2,0,25620,17450,1241,1241,561,103,191,0,0,0,0,0,60,0,9,0,0,3,0,0,0,0,0,0,0,3,0,0,0,0,6,2,0,0,0,0,0,0,9,0,0,0,0,357,129575,0,0,0,0,40,57,15,0,0,9,1,2,1,Jolteon
4-15,19:25:41,NINTEN,Pidgey,Rocket,35,Silph Co - 8F,4,57:44.56,57:44,0h57m44s,0,1,1,51,3:47,11.848,WING ATTACK,SWIFT,FLY,AGILITY,8,6855,711,152,32,683,636,312,17,30472,Jolteon, ,Normal,Flying,131923,Pidgey2,Pidgey,,00:57:32.71,00:57:44.56,03:47:16.01,51,0,0,57,44,56,WING ATTACK,SWIFT,FLY,AGILITY,31,12,11,30,0,0,0,0,103,136,89,77,75,75,95,25125,33432,18678,25292,25292,19939,15,15,15,15,0,0,0,0,0,0,0,100,86,75,75,95,820140,266067,497623,54443,2007,8,0,0,6855,5956,899,0,711,184,152,32,2,0,26020,17712,1249,1249,562,103,192,0,0,0,0,0,60,0,9,0,0,3,0,0,0,0,0,0,0,3,0,0,0,0,6,2,0,0,0,0,0,0,9,0,0,0,0,361,131788,0,0,0,0,40,57,15,0,0,9,1,2,1,Jolteon
4-15,19:25:55,NINTEN,Pidgey,Rocket,33,Silph Co - 7F,2,57:59.10,57:59,0h57m59s,0,1,1,51,3:48,9.95,WING ATTACK,SWIFT,FLY,AGILITY,8,6870,712,153,32,687,639,314,17,31252,Jolteon, ,Normal,Flying,133003,Pidgey2,Pidgey,,00:57:49.15,00:57:59.10,03:48:13.04,51,0,0,57,59,10,WING ATTACK,SWIFT,FLY,AGILITY,30,11,10,30,0,0,0,0,103,136,89,77,75,75,95,25225,33532,18868,25372,25372,20009,15,15,15,15,0,-1,0,0,0,0,0,112,56,75,75,95,823563,266725,500388,54443,2007,8,0,0,6870,5971,899,0,712,185,153,32,2,0,26192,17856,1249,1249,564,104,193,0,0,0,0,0,60,0,9,0,0,3,0,0,0,0,0,0,0,3,0,0,0,0,6,2,0,0,0,0,0,0,9,0,0,0,0,363,132868,0,0,0,0,40,57,15,0,0,9,1,2,1,Jolteon
4-15,19:26:11,NINTEN,Pidgey,Rocket,32,Silph Co - 7F,4,58:15.00,58:15,0h58m15s,0,1,1,52,3:49,12.367,WING ATTACK,SWIFT,FLY,AGILITY,8,6880,713,154,32,691,643,315,17,32122,Jolteon, ,Normal,Flying,136053,Pidgey2,Pidgey,,00:58:02.63,00:58:15.00,03:49:15.40,52,0,0,58,15,0,WING ATTACK,SWIFT,FLY,AGILITY,30,7,10,30,0,0,0,0,98,139,91,79,77,77,97,25455,33843,19162,25622,25622,20311,15,15,15,15,0,0,0,0,0,0,0,102,88,77,77,97,827319,267147,503722,54443,2007,8,0,0,6880,5981,899,0,713,186,154,32,2,0,26531,18134,1257,1257,564,104,194,0,0,0,0,0,60,0,9,0,0,3,0,0,0,0,0,0,0,3,0,0,0,0,6,2,0,0,0,0,0,0,9,0,0,0,0,367,135918,0,0,0,0,40,57,15,0,0,9,1,2,1,Jolteon
4-15,19:26:26,NINTEN,Pidgey,Scientist,8,Silph Co - 7F,2,58:30.01,58:30,0h58m30s,0,1,1,52,3:50,8.693,WING ATTACK,SWIFT,FLY,AGILITY,8,6912,713,155,32,695,647,317,17,32902,Jolteon, ,Normal,Flying,137959,Pidgey2,Pidgey,,00:58:21.31,00:58:30.01,03:50:14.45,52,0,0,58,30,1,WING ATTACK,SWIFT,FLY,AGILITY,30,3,10,30,0,0,0,0,90,139,91,79,77,77,97,25620,33998,19307,25767,25767,20501,15,15,15,15,0,0,0,0,0,0,0,102,88,77,77,97,830864,267935,506479,54443,2007,8,0,0,6912,6013,899,0,713,187,155,32,2,0,26823,18316,1265,1265,564,105,195,0,0,0,0,0,60,0,9,0,0,3,0,0,0,0,0,0,0,3,0,0,0,0,6,2,0,0,0,0,0,0,9,0,0,0,0,369,137824,0,0,0,0,40,57,15,0,0,9,1,2,1,Jolteon
4-15,19:26:40,NINTEN,Pidgey,Rocket,30,Silph Co - 6F,2,58:43.60,58:43,0h58m43s,0,1,1,52,3:51,6.766,WING ATTACK,SWIFT,FLY,AGILITY,8,6956,715,156,32,697,649,317,17,34352,Jolteon, ,Normal,Flying,139411,Pidgey2,Pidgey,,00:58:36.83,00:58:43.60,03:51:08.01,52,0,0,58,43,60,WING ATTACK,SWIFT,FLY,AGILITY,28,3,10,30,0,0,0,0,90,139,91,79,77,77,97,25770,34178,19427,25852,25852,20581,15,15,15,15,0,0,0,0,0,0,0,102,88,77,77,97,834060,269136,508474,54443,2007,8,0,0,6956,6057,899,0,715,188,156,32,2,0,27031,18490,1265,1265,566,105,195,0,0,0,0,0,60,0,9,0,0,3,0,0,0,0,0,0,0,3,0,0,0,0,6,2,0,0,0,0,0,0,9,0,0,0,0,371,139276,0,0,0,0,40,57,15,0,0,9,1,2,1,Jolteon
4-15,19:27:08,NINTEN,Pidgey,Scientist,7,Silph Co - 6F,5,59:11.66,59:11,0h59m11s,0,1,1,53,3:52,14.414,WING ATTACK,SWIFT,FLY,AGILITY,8,6971,716,157,32,702,654,317,16,35222,Jolteon, ,Normal,Flying,142518,Pidgey2,Pidgey,,00:58:57.25,00:59:11.66,03:52:58.39,53,0,0,59,11,66,WING ATTACK,SWIFT,FLY,AGILITY,28,8,10,30,0,0,0,0,142,142,92,81,79,79,99,25965,34433,19832,26242,26242,20866,15,15,15,15,0,0,0,0,0,0,0,103,91,79,79,99,840698,269634,512272,56785,2007,8,0,0,6971,6072,899,0,716,189,157,32,2,0,27550,18782,1265,1265,566,105,195,0,0,0,0,0,62,0,9,0,0,3,0,0,0,0,0,0,0,3,0,0,0,0,6,2,0,0,0,0,0,0,9,0,0,0,0,376,142383,0,0,0,0,40,57,15,0,0,9,1,2,1,Jolteon
4-15,19:27:22,NINTEN,Pidgey,Rocket,29,Silph Co - 5F,1,59:25.70,59:25,0h59m25s,0,1,1,53,3:53,7.144,WING ATTACK,SWIFT,FLY,AGILITY,8,7003,718,158,32,705,656,319,16,36472,Jolteon, ,Normal,Flying,143683,Pidgey2,Pidgey,,00:59:18.55,00:59:25.70,03:53:53.55,53,0,0,59,25,70,WING ATTACK,SWIFT,FLY,AGILITY,28,7,9,30,0,0,0,0,142,142,92,81,79,79,99,26050,34506,19902,26357,26357,20933,15,15,15,15,0,0,0,0,0,0,0,103,91,79,79,99,844014,270559,514663,56785,2007,8,0,0,7003,6104,899,0,718,190,158,32,2,0,27711,18886,1265,1265,567,106,196,0,0,0,0,0,62,0,9,0,0,3,0,0,0,0,0,0,0,3,0,0,0,0,6,2,0,0,0,0,0,0,9,0,0,0,0,377,143548,0,0,0,0,40,57,15,0,0,9,1,2,1,Jolteon
4-15,19:27:50,NINTEN,Pidgey,Scientist,6,Silph Co - 5F,4,59:54.17,59:54,0h59m54s,0,1,1,53,3:55,23.228,WING ATTACK,SWIFT,FLY,AGILITY,8,7025,720,159,32,715,663,326,16,37462,Jolteon,Paralyzed,Normal,Flying,146672,Pidgey2,Pidgey,,00:59:30.94,00:59:54.17,03:55:46.34,53,0,0,59,54,17,WING ATTACK,SWIFT,FLY,AGILITY,27,2,9,29,0,0,0,0,47,142,92,81,79,79,99,26230,34756,20282,26717,26717,21143,15,15,15,15,0,0,0,0,2,0,0,115,102,79,79,198,850773,271406,520575,56785,2007,8,0,0,7025,6126,899,0,720,191,159,32,2,0,28104,19138,1360,1360,568,106,203,0,0,0,0,0,62,0,10,0,0,3,0,1,0,0,0,0,0,3,0,0,0,0,6,2,9,3,0,0,0,0,9,0,0,0,0,381,146537,0,0,0,0,41,57,15,0,0,9,1,2,1,Jolteon
4-15,19:28:05,NINTEN,Pidgey,Rocket,28,Silph Co - 5F,1,1:00:08.74,1:00:08,1h0m8s,0,1,1,53,3:56,7.014,WING ATTACK,SWIFT,FLY,AGILITY,8,7036,721,160,32,718,665,328,15,38762,Jolteon, ,Normal,Flying,147711,Pidgey2,Pidgey,,01:00:01.72,01:00:08.74,03:56:43.50,53,0,1,0,8,74,WING ATTACK,SWIFT,FLY,AGILITY,27,1,8,29,0,0,0,0,142,142,92,81,79,79,99,26290,34841,20351,26782,26782,21223,15,15,15,15,0,-1,0,0,0,0,0,115,59,79,79,99,854209,271747,522648,57807,2007,8,0,0,7036,6137,899,0,721,192,160,32,2,0,28270,19225,1360,1360,569,107,204,0,0,0,0,0,62,0,10,0,0,3,0,1,0,0,0,0,0,3,0,0,0,0,6,2,9,3,0,0,0,0,9,0,0,0,0,382,147576,0,0,0,0,41,57,15,0,0,9,1,2,1,Jolteon
4-15,19:28:34,NINTEN,Pidgey,Scientist,10,Silph Co - 9F,3,1:00:38.17,1:00:38,1h0m38s,0,1,1,53,3:58,18.452,WING ATTACK,SWIFT,FLY,AGILITY,8,7080,732,161,32,725,671,332,16,39752,Jolteon, ,Normal,Flying,149979,Pidgey2,Pidgey,,01:00:19.72,01:00:38.17,03:58:39.29,53,0,1,0,38,17,WING ATTACK,SWIFT,FLY,AGILITY,23,0,7,29,0,0,0,0,96,142,92,81,79,79,99,26420,34996,20591,27017,27017,21428,15,15,15,15,0,0,0,0,0,0,0,103,91,79,79,99,861148,273818,527516,57807,2007,8,0,0,7080,6181,899,0,732,193,161,32,2,0,28522,19423,1406,1406,574,108,207,0,0,0,0,0,62,0,10,0,0,3,0,1,0,0,0,0,0,3,0,0,0,0,6,2,9,3,0,0,0,0,9,0,0,0,0,385,149844,0,0,0,0,42,57,15,0,0,9,1,2,1,Jolteon
4-15,19:28:58,NINTEN,Pidgey,Rocket,37,Silph Co - 9F,3,1:01:02.47,1:01:02,1h1m2s,0,1,1,54,4:00,13.545,WING ATTACK,SWIFT,FLY,AGILITY,8,7132,746,162,32,730,676,334,16,41152,Jolteon, ,Normal,Flying,151659,Pidgey2,Pidgey,,01:00:48.92,01:01:02.47,04:00:15.16,54,0,1,1,2,47,WING ATTACK,SWIFT,FLY,AGILITY,18,0,7,29,0,0,0,0,78,145,95,83,81,81,101,26630,35204,20736,27182,27182,21530,15,15,15,15,0,0,0,0,0,0,0,106,93,81,81,101,866895,275860,531221,57807,2007,8,0,0,7132,6233,899,0,746,194,162,32,2,0,28978,19667,1427,1427,579,108,209,0,0,0,0,0,63,0,10,0,0,3,0,1,0,0,0,0,0,3,0,0,0,0,6,2,9,3,0,0,0,0,9,0,0,0,0,388,151524,0,0,0,0,42,57,15,0,0,9,1,2,1,Jolteon
4-15,19:29:18,NINTEN,Pidgey,Scientist,4,Silph Co - 3F,2,1:01:21.95,1:01:21,1h1m21s,0,1,1,54,4:01,8.137,WING ATTACK,SWIFT,FLY,AGILITY,8,7184,755,163,32,733,679,335,17,41992,Jolteon, ,Normal,Flying,153664,Pidgey2,Pidgey,,01:01:13.81,01:01:21.95,04:01:32.03,54,0,1,1,21,95,WING ATTACK,SWIFT,FLY,AGILITY,35,17,15,30,0,0,0,0,127,145,95,83,81,81,101,26755,35344,20926,27347,27347,21730,15,15,15,15,0,0,0,0,0,0,0,106,93,81,81,101,871502,277857,533831,57807,2007,8,0,0,7184,6285,899,0,755,195,163,32,2,0,29218,19826,1445,1445,579,108,210,0,0,0,0,0,64,0,10,0,0,3,0,1,0,0,0,0,0,3,0,0,0,0,6,2,9,3,0,0,0,0,9,0,0,0,0,390,153529,0,0,0,0,43,57,15,0,0,9,1,2,1,Jolteon
4-15,19:29:36,NINTEN,Pidgey,Rocket,25,Silph Co - 3F,3,1:01:39.60,1:01:39,1h1m39s,0,1,1,54,4:02,11.082,WING ATTACK,SWIFT,FLY,AGILITY,8,7209,759,164,32,737,682,337,18,43442,Jolteon, ,Normal,Flying,156046,Pidgey2,Pidgey,,01:01:28.52,01:01:39.60,04:02:41.34,54,0,1,1,39,60,WING ATTACK,SWIFT,FLY,AGILITY,35,15,14,30,0,0,0,0,108,145,95,83,81,81,101,26950,35579,21116,27562,27562,21991,15,15,15,15,0,0,0,0,0,0,0,106,93,81,81,101,875673,278996,536863,57807,2007,8,0,0,7209,6310,899,0,759,196,164,32,2,0,29510,20062,1464,1464,580,109,211,0,0,0,0,0,64,0,11,0,0,3,0,1,0,0,0,0,0,3,0,0,0,0,6,2,9,3,0,0,0,0,9,0,0,0,0,393,155911,0,0,0,0,44,57,15,0,0,9,1,2,1,Jolteon
4-15,19:29:54,NINTEN,Pidgey,Rocket,27,Silph Co - 4F,3,1:01:58.26,1:01:58,1h1m58s,0,1,1,54,4:03,11.402,WING ATTACK,SWIFT,FLY,AGILITY,8,7243,769,165,32,741,685,338,18,44282,Jolteon, ,Normal,Flying,157264,Pidgey2,Pidgey,,01:01:46.86,01:01:58.26,04:03:55.01,54,0,1,1,58,26,WING ATTACK,SWIFT,FLY,AGILITY,35,13,13,30,0,0,0,0,108,145,95,83,81,81,101,27075,35734,21290,27682,27682,22136,15,15,15,15,0,0,0,0,0,0,0,106,93,81,81,101,880080,280312,539954,57807,2007,8,0,0,7243,6344,899,0,769,197,165,32,2,0,29894,20258,1464,1464,581,109,211,0,0,0,0,0,65,0,11,0,0,3,0,1,0,0,0,0,0,3,0,0,0,0,6,2,9,3,0,0,0,0,9,0,0,0,0,396,157129,0,0,0,0,44,57,15,0,0,9,1,2,1,Jolteon
4-15,19:30:07,NINTEN,Pidgey,Rocket,26,Silph Co - 4F,2,1:02:11.51,1:02:11,1h2m11s,0,1,1,54,4:04,8.645,WING ATTACK,SWIFT,FLY,AGILITY,8,7275,770,166,32,744,688,339,18,45122,Jolteon, ,Normal,Flying,158443,Pidgey2,Pidgey,,01:02:02.87,01:02:11.51,04:04:47.17,54,0,1,2,11,51,WING ATTACK,SWIFT,FLY,AGILITY,32,13,13,30,0,0,0,0,95,145,95,83,81,81,101,27205,35862,21385,27807,27807,22213,15,15,15,15,0,0,0,0,0,0,0,106,93,81,81,101,883216,281003,542399,57807,2007,8,0,0,7275,6376,899,0,770,198,166,32,2,0,30162,20420,1477,1477,584,109,212,0,0,0,0,0,65,0,11,0,0,3,0,1,0,0,0,0,0,3,0,0,0,0,6,2,9,3,0,0,0,0,9,0,0,0,0,398,158308,0,0,0,0,44,57,15,0,0,9,1,2,1,Jolteon
4-15,19:30:18,NINTEN,Pidgey,Scientist,5,Silph Co - 4F,1,1:02:21.62,1:02:21,1h2m21s,0,1,1,54,4:05,5.72,WING ATTACK,SWIFT,FLY,AGILITY,8,7286,773,167,32,746,690,341,18,45992,Jolteon, ,Normal,Flying,159503,Pidgey2,Pidgey,,01:02:15.90,01:02:21.62,04:05:27.00,54,0,1,2,21,62,WING ATTACK,SWIFT,FLY,AGILITY,32,11,13,30,0,0,0,0,95,145,95,83,81,81,101,27265,35912,21455,27887,27887,22353,15,15,15,15,0,0,0,0,0,0,0,106,93,81,81,101,885599,281645,544140,57807,2007,8,0,0,7286,6387,899,0,773,199,167,32,2,0,30305,20507,1477,1477,584,110,213,0,0,0,0,0,65,0,11,0,0,3,0,1,0,0,0,0,0,3,0,0,0,0,6,2,9,3,0,0,0,0,9,0,0,0,0,399,159368,0,0,0,0,44,57,15,0,0,9,1,2,1,Jolteon
4-15,19:30:39,NINTEN,Pidgey,Rocket,24,Silph Co - 2F,5,1:02:42.82,1:02:42,1h2m42s,0,1,1,55,4:06,14.634,WING ATTACK,SWIFT,FLY,AGILITY,8,7331,775,168,32,751,695,342,18,47642,Jolteon, ,Normal,Flying,161903,Pidgey2,Pidgey,,01:02:28.19,01:02:42.82,04:06:50.27,55,0,1,2,42,82,WING ATTACK,SWIFT,FLY,AGILITY,32,6,13,30,0,0,0,0,89,148,96,85,83,83,103,27515,36208,21690,28132,28132,22705,15,15,15,15,0,0,0,0,0,0,0,108,95,83,83,103,890606,282782,548010,57807,2007,8,0,0,7331,6432,899,0,775,200,168,32,2,0,31011,20826,1486,1486,584,110,214,0,0,0,0,0,65,0,11,0,0,3,0,1,0,0,0,0,0,3,0,0,0,0,6,2,9,3,0,0,0,0,9,0,0,0,0,404,161768,0,0,0,0,44,57,15,0,0,9,1,2,1,Jolteon
4-15,19:30:50,NINTEN,Pidgey,Rocket,23,Silph Co - 2F,2,1:02:54.26,1:02:54,1h2m54s,0,1,1,55,4:07,6.825,WING ATTACK,SWIFT,FLY,AGILITY,8,7345,776,169,32,753,697,342,18,48392,Jolteon, ,Normal,Flying,162777,Pidgey2,Pidgey,,01:02:47.44,01:02:54.26,04:07:35.19,55,0,1,2,54,26,WING ATTACK,SWIFT,FLY,AGILITY,32,4,13,30,0,0,0,0,89,148,96,85,83,83,103,27605,36303,21820,28212,28212,22795,15,15,15,15,0,0,0,0,0,0,0,108,95,83,83,103,893298,283153,550331,57807,2007,8,0,0,7345,6446,899,0,776,201,169,32,2,0,31228,20964,1486,1486,584,110,214,0,0,0,0,0,65,0,11,0,0,3,0,1,0,0,0,0,0,3,0,0,0,0,6,2,9,3,0,0,0,0,9,0,0,0,0,406,162642,0,0,0,0,44,57,15,0,0,9,1,2,1,Jolteon
4-15,19:31:03,NINTEN,Pidgey,Scientist,3,Silph Co - 2F,3,1:03:06.58,1:03:06,1h3m6s,0,1,1,55,4:08,8.937,WING ATTACK,SWIFT,FLY,AGILITY,8,7355,777,170,32,756,700,342,18,49262,Jolteon, ,Normal,Flying,164895,Pidgey2,Pidgey,,01:02:57.65,01:03:06.58,04:08:23.46,55,0,1,3,6,58,WING ATTACK,SWIFT,FLY,AGILITY,32,1,13,30,0,0,0,0,89,148,96,85,83,83,103,27720,36428,22035,28482,28482,23010,15,15,15,15,0,0,0,0,0,0,0,108,95,83,83,103,896205,283569,552822,57807,2007,8,0,0,7355,6456,899,0,777,202,170,32,2,0,31505,21154,1486,1486,584,110,214,0,0,0,0,0,65,0,11,0,0,3,0,1,0,0,0,0,0,3,0,0,0,0,6,2,9,3,0,0,0,0,9,0,0,0,0,409,164760,0,0,0,0,44,57,15,0,0,9,1,2,1,Jolteon
4-15,19:31:25,NINTEN,Pidgey,Juggler,7,Fuchsia City - Gym,1,1:03:29.10,1:03:29,1h3m29s,0,1,1,55,4:09,4.857,WING ATTACK,SWIFT,FLY,AGILITY,8,7391,783,171,32,757,701,342,18,50662,Jolteon, ,Normal,Flying,166237,Pidgey2,Pidgey,,01:03:24.25,01:03:29.10,04:09:52.09,55,0,1,3,29,10,WING ATTACK,SWIFT,FLY,AGILITY,35,19,15,30,0,0,0,0,148,148,96,85,83,83,103,27805,36501,22105,28597,28597,23077,15,15,15,15,0,0,0,0,0,0,0,108,95,83,83,103,901508,286344,554465,58692,2007,8,0,0,7391,6492,899,0,783,203,171,32,2,0,31629,21272,1486,1486,584,110,214,0,0,0,0,0,66,0,11,0,0,3,0,1,0,0,0,0,0,3,0,0,0,0,6,2,9,3,0,0,0,0,9,0,0,0,0,410,166102,0,0,0,0,44,57,15,0,0,9,1,2,1,Jolteon
4-15,19:31:41,NINTEN,Pidgey,Juggler,3,Fuchsia City - Gym,4,1:03:44.75,1:03:44,1h3m44s,0,1,1,56,4:10,12.45,WING ATTACK,SWIFT,FLY,AGILITY,8,7397,784,172,32,761,705,342,18,51992,Jolteon, ,Normal,Flying,169228,Pidgey2,Pidgey,,01:03:32.29,01:03:44.75,04:10:53.49,56,0,1,3,44,75,WING ATTACK,SWIFT,FLY,AGILITY,35,15,15,30,0,0,0,0,151,151,99,87,84,84,105,28025,36680,22270,28987,28987,23308,15,15,15,15,0,0,0,0,0,0,0,111,97,84,84,105,905208,286600,557909,58692,2007,8,0,0,7397,6498,899,0,784,204,172,32,2,0,32131,21591,1486,1486,584,110,214,0,0,0,0,0,66,0,11,0,0,3,0,1,0,0,0,0,0,3,0,0,0,0,6,2,9,3,0,0,0,0,9,0,0,0,0,414,169093,0,0,0,0,44,57,15,0,0,9,1,2,1,Jolteon
4-15,19:31:59,NINTEN,Pidgey,Tamer,2,Fuchsia City - Gym,3,1:04:03.37,1:04:03,1h4m3s,0,1,1,56,4:12,13.564,WING ATTACK,SWIFT,FLY,AGILITY,8,7406,787,173,32,767,710,345,18,53077,Jolteon, ,Normal,Flying,172458,Pidgey2,Pidgey,,01:03:49.80,01:04:03.37,04:12:07.16,56,0,1,4,3,37,WING ATTACK,SWIFT,FLY,AGILITY,35,11,14,30,0,0,0,0,146,151,99,87,84,84,105,28220,36950,22518,29172,29172,23533,15,15,15,15,0,0,0,0,0,-1,0,124,109,84,84,105,909615,286999,561917,58692,2007,8,0,0,7406,6507,899,0,787,205,173,32,2,0,32616,21862,1491,1491,585,111,216,0,0,0,0,0,68,0,11,0,0,3,0,1,0,0,0,0,0,3,0,0,0,0,6,2,9,3,0,0,0,0,9,0,0,0,0,417,172323,0,0,0,0,44,57,15,0,0,9,1,2,1,Jolteon
4-15,19:32:15,NINTEN,Pidgey,Tamer,1,Fuchsia City - Gym,2,1:04:18.61,1:04:18,1h4m18s,0,1,1,56,4:13,11.177,WING ATTACK,SWIFT,FLY,AGILITY,8,7422,792,174,32,772,714,348,18,54397,Jolteon, ,Normal,Flying,174715,Pidgey2,Pidgey,,01:04:07.43,01:04:18.61,04:13:07.32,56,0,1,4,18,61,WING ATTACK,SWIFT,FLY,AGILITY,34,9,13,30,0,0,0,0,138,151,99,87,84,84,105,28355,37135,22697,29292,29292,23678,15,15,15,15,0,0,0,0,0,0,0,111,97,84,84,105,913231,287484,565048,58692,2007,8,0,0,7422,6523,899,0,792,206,174,32,2,0,32912,22052,1499,1499,587,112,218,0,0,0,0,0,69,0,11,0,0,3,0,1,0,0,0,0,0,3,0,0,0,0,6,2,9,3,0,0,0,0,9,0,0,0,0,419,174580,0,0,0,0,44,57,15,0,0,9,1,2,1,Jolteon
4-15,19:32:27,NINTEN,Pidgey,Juggler,4,Fuchsia City - Gym,2,1:04:30.83,1:04:30,1h4m30s,0,1,1,56,4:13,8.417,WING ATTACK,SWIFT,FLY,AGILITY,8,7427,795,175,32,775,717,349,18,55757,Jolteon, ,Normal,Flying,176658,Pidgey2,Pidgey,,01:04:22.42,01:04:30.83,04:13:55.44,56,0,1,4,30,83,WING ATTACK,SWIFT,FLY,AGILITY,34,6,13,30,0,0,0,0,92,151,99,87,84,84,105,28500,37256,22812,29497,29497,23787,15,15,15,15,0,0,0,0,0,0,0,111,97,84,84,105,916123,287900,567524,58692,2007,8,0,0,7427,6528,899,0,795,207,175,32,2,0,33172,22249,1545,1545,587,112,219,0,0,0,0,0,69,0,12,0,0,3,0,1,0,0,0,0,0,3,0,0,0,0,6,2,9,3,0,0,0,0,9,0,0,0,0,421,176523,0,0,0,0,44,57,15,0,0,9,1,2,1,Jolteon
4-15,19:33:00,NINTEN,Pidgey,Koga,1,Fuchsia City - Gym,4,1:05:04.32,1:05:04,1h5m4s,0,1,1,57,4:16,20.603,WING ATTACK,SWIFT,FLY,AGILITY,9,7434,796,176,32,783,722,353,18,56947,Jolteon, ,Normal,Flying,180350,Pidgey2,Pidgey,Koga,01:04:43.72,01:05:04.32,04:16:08.00,57,0,1,5,4,32,WING ATTACK,SWIFT,FLY,AGILITY,32,6,10,30,0,0,0,0,64,153,100,89,86,86,107,28750,37486,23022,29707,29707,24012,15,15,15,15,0,0,-1,-1,0,0,0,112,100,56,56,107,924059,288544,572910,60598,2007,9,0,0,7434,6535,899,0,796,208,176,32,2,0,33926,22741,1634,1634,592,115,220,0,0,0,0,0,70,0,13,0,0,3,0,1,0,0,0,0,0,3,0,0,0,0,6,2,9,3,0,0,0,0,9,0,0,0,0,425,180215,0,0,0,0,44,57,15,0,0,9,1,2,1,Jolteon
4-15,19:33:54,NINTEN,Pidgey,Fisher,7,Route 21,4,1:05:57.97,1:05:57,1h5m57s,0,1,1,57,4:19,11.666,WING ATTACK,SWIFT,FLY,AGILITY,9,7586,814,177,32,787,726,353,19,61897,Jolteon, ,Normal,Flying,184076,Pidgey2,Pidgey,,01:05:46.30,01:05:57.97,04:19:39.35,57,0,1,5,57,97,WING ATTACK,SWIFT,FLY,AGILITY,35,16,15,30,0,0,0,0,153,153,100,89,86,86,107,29035,37829,23277,29997,29997,24279,15,15,15,15,0,0,0,0,0,0,0,112,100,86,86,120,936754,294248,576549,63950,2007,9,0,0,7586,6656,899,31,814,209,177,32,2,0,34314,23069,1634,1634,592,115,220,0,0,0,0,0,70,0,13,0,0,3,0,1,0,0,0,0,0,3,0,0,0,0,6,2,9,3,0,0,0,0,9,0,0,0,0,429,183941,0,0,0,0,45,57,15,0,0,10,1,2,1,Jolteon
4-15,19:34:12,NINTEN,Pidgey,Swimmer,12,Route 21,2,1:06:16.35,1:06:16,1h6m16s,0,1,1,57,4:20,11.82,WING ATTACK,SWIFT,FLY,AGILITY,9,7612,814,178,32,792,730,356,19,62877,Jolteon,Poisoned,Normal,Flying,186620,Pidgey2,Pidgey,,01:06:04.52,01:06:16.35,04:20:52.17,57,0,1,6,16,35,WING ATTACK,SWIFT,FLY,AGILITY,34,14,14,30,0,0,0,0,131,153,100,89,86,86,107,29170,37964,23437,30212,30212,24464,15,15,15,15,0,0,0,0,0,0,0,112,100,86,86,120,941116,295332,579827,63950,2007,9,0,0,7612,6656,899,57,814,210,178,32,2,0,34590,23254,1656,1656,594,116,222,0,0,0,0,0,70,0,13,0,0,3,0,1,0,0,0,0,0,4,0,0,0,0,6,2,9,3,0,0,0,0,9,0,0,0,0,431,186485,0,0,0,0,45,57,15,0,0,10,1,2,1,Jolteon
4-15,19:34:49,NINTEN,Pidgey,Cue Ball,9,Route 21,3,1:06:53.51,1:06:53,1h6m53s,0,1,1,58,4:23,11.925,WING ATTACK,SWIFT,FLY,AGILITY,9,7731,836,179,32,796,733,357,19,63042,Jolteon, ,Normal,Flying,189374,Pidgey2,Pidgey,,01:06:41.59,01:06:53.51,04:23:19.07,58,0,1,6,53,51,WING ATTACK,SWIFT,FLY,AGILITY,33,20,14,30,0,0,0,0,156,156,103,90,87,87,109,29330,38114,23572,30532,30532,24704,15,15,15,15,0,0,0,0,0,0,0,115,101,87,87,122,949926,298642,583121,66156,2007,9,0,0,7731,6696,899,136,836,211,179,32,2,0,34855,23489,1656,1656,597,117,222,0,0,0,0,0,70,0,13,0,0,3,0,1,0,0,0,0,0,4,0,0,0,0,6,2,9,3,0,0,0,0,9,0,0,0,0,434,189239,0,0,0,0,45,57,15,0,0,10,1,2,1,Jolteon
4-15,19:35:10,NINTEN,Pidgey,Fisher,8,Route 21,2,1:07:14.10,1:07:14,1h7m14s,0,1,1,58,4:24,9.727,WING ATTACK,SWIFT,FLY,AGILITY,9,7779,837,180,32,799,736,358,19,63817,Jolteon, ,Normal,Flying,191365,Pidgey2,Pidgey,,01:07:04.37,01:07:14.10,04:24:40.27,58,0,1,7,14,10,WING ATTACK,SWIFT,FLY,AGILITY,33,17,14,30,0,0,0,0,121,156,103,90,87,87,109,29410,38274,23852,30662,30662,24814,15,15,15,15,0,0,0,0,0,0,0,115,101,87,87,122,954806,299933,586224,66642,2007,9,0,0,7779,6697,899,183,837,212,180,32,2,0,35012,23629,1691,1691,597,117,223,0,0,0,0,0,70,0,13,0,0,3,0,1,0,0,0,0,0,4,0,0,0,0,6,2,9,3,0,0,0,0,9,0,0,0,0,436,191230,0,0,0,0,45,57,15,0,0,10,1,2,1,Jolteon
4-15,19:35:26,NINTEN,Pidgey,Fisher,10,Route 21,2,1:07:29.91,1:07:29,1h7m29s,0,1,1,58,4:25,13.028,WING ATTACK,SWIFT,FLY,AGILITY,9,7781,841,181,32,803,739,360,19,64902,Jolteon, ,Normal,Flying,193350,Pidgey2,Pidgey,,01:07:16.88,01:07:29.91,04:25:42.57,58,0,1,7,29,91,WING ATTACK,SWIFT,FLY,AGILITY,32,16,13,30,0,0,0,0,101,156,103,90,87,87,109,29535,38433,23977,30792,30792,24945,15,15,15,15,0,0,0,0,0,0,0,115,101,87,87,122,958556,300086,589821,66642,2007,9,0,0,7781,6699,899,183,841,213,181,32,2,0,35307,23807,1711,1711,599,118,224,0,0,0,0,0,71,0,13,0,0,3,0,1,0,0,0,0,0,4,0,0,0,0,6,2,9,3,0,0,0,0,9,0,0,0,0,438,193215,0,0,0,0,45,57,15,0,0,10,1,2,1,Jolteon
4-15,19:35:44,NINTEN,Pidgey,Swimmer,14,Route 21,2,1:07:47.61,1:07:47,1h7m47s,0,1,1,58,4:26,10.123,WING ATTACK,SWIFT,FLY,AGILITY,9,7813,846,182,32,808,742,363,19,66057,Jolteon, ,Normal,Flying,195109,Pidgey2,Pidgey,,01:07:37.49,01:07:47.61,04:26:52.46,58,0,1,7,47,61,WING ATTACK,SWIFT,FLY,AGILITY,32,15,11,30,0,0,0,0,82,156,103,90,87,87,109,29624,38541,24112,30927,30927,25088,15,15,15,15,0,0,0,0,0,0,0,115,101,87,87,122,962746,300986,592722,67031,2007,9,0,0,7813,6701,899,213,846,214,182,32,2,0,35602,23962,1730,1730,601,119,225,0,0,0,0,0,72,0,14,0,0,3,0,1,0,0,0,0,0,4,0,0,0,0,6,2,9,3,0,0,0,0,9,0,0,0,0,440,194974,0,0,0,0,45,57,15,0,0,10,1,2,1,Jolteon
4-15,19:36:06,NINTEN,Pidgey,Scientist,4,Cinnabar Mansion,2,1:08:09.77,1:08:09,1h8m9s,0,1,1,58,4:28,8.148,WING ATTACK,SWIFT,FLY,AGILITY,9,7927,850,183,32,811,745,364,19,66222,Jolteon, ,Normal,Flying,197114,Pidgey2,Pidgey,,01:08:01.63,01:08:09.77,04:28:19.51,58,0,1,8,9,77,WING ATTACK,SWIFT,FLY,AGILITY,32,12,11,30,0,0,0,0,76,156,103,90,87,87,109,29749,38681,24302,31092,31092,25288,15,15,15,15,0,0,0,0,0,0,0,115,101,87,87,122,967970,303792,595140,67031,2007,9,0,0,7927,6792,899,236,850,215,183,32,2,0,35867,24121,1736,1736,601,119,226,0,0,0,0,0,73,0,14,0,0,3,0,1,0,0,0,0,0,4,0,0,0,0,6,2,9,3,0,0,0,0,9,0,0,0,0,442,196979,0,0,0,0,45,57,15,0,0,10,1,2,1,Jolteon
4-15,19:36:25,NINTEN,Pidgey,Burglar,9,Cinnabar Mansion,2,1:08:29.23,1:08:29,1h8m29s,0,1,1,58,4:29,8.612,WING ATTACK,SWIFT,FLY,AGILITY,9,7977,859,184,32,814,748,365,19,67672,Jolteon, ,Normal,Flying,198884,Pidgey2,Pidgey,,01:08:20.62,01:08:29.23,04:29:36.32,58,0,1,8,29,23,WING ATTACK,SWIFT,FLY,AGILITY,30,11,11,30,0,0,0,0,60,156,103,90,87,87,109,29854,38836,24402,31207,31207,25438,15,15,15,15,0,0,0,0,0,0,0,115,101,87,87,122,972571,305580,597574,67410,2007,9,0,0,7977,6842,899,236,859,216,184,32,2,0,36174,24290,1752,1752,603,119,227,0,0,0,0,0,74,0,14,0,0,3,0,1,0,0,0,0,0,4,0,0,0,0,6,2,9,3,0,0,0,0,9,0,0,0,0,444,198749,0,0,0,0,45,57,15,0,0,10,1,2,1,Jolteon
4-15,19:36:43,NINTEN,Pidgey,Scientist,13,Cinnabar Mansion,2,1:08:47.55,1:08:47,1h8m47s,0,1,1,59,4:30,8.291,WING ATTACK,SWIFT,FLY,AGILITY,9,8018,860,185,32,817,751,366,18,70732,Jolteon, ,Normal,Flying,200624,Pidgey2,Pidgey,,01:08:39.25,01:08:47.55,04:30:48.32,59,0,1,8,47,55,WING ATTACK,SWIFT,FLY,AGILITY,30,8,11,30,0,0,0,0,159,159,104,92,89,89,112,29939,38921,24542,31382,31382,25623,15,15,15,15,0,0,0,0,0,0,0,117,103,89,89,126,976891,306608,599934,68342,2007,9,0,0,8018,6883,899,236,860,217,185,32,2,0,36418,24446,1752,1752,603,120,227,0,0,0,0,0,74,0,14,0,0,3,0,1,0,0,0,0,0,4,0,0,0,0,6,2,9,3,0,0,0,0,9,0,0,0,0,446,200489,0,0,0,0,45,57,15,0,0,10,1,2,1,Jolteon
4-15,19:37:39,NINTEN,Pidgey,Pokemaniac,1,Route 10,2,1:09:43.40,1:09:43,1h9m43s,0,1,1,59,4:34,11.094,WING ATTACK,SWIFT,FLY,AGILITY,9,8286,881,186,32,822,755,369,19,72432,Jolteon, ,Normal,Flying,202307,Pidgey2,Pidgey,RTG2 - Pokemaniac 1,01:09:32.31,01:09:43.40,04:34:29.12,59,0,1,9,43,40,WING ATTACK,SWIFT,FLY,AGILITY,30,5,10,30,0,0,0,0,148,159,104,92,89,89,112,30109,39061,24712,31472,31472,25678,15,15,15,15,0,0,0,0,0,0,0,117,103,89,89,126,990131,313514,603361,71249,2007,9,0,0,8286,7123,899,264,881,218,186,32,2,0,36742,24636,1763,1763,604,122,228,0,0,0,0,0,76,0,14,0,0,3,0,1,0,0,0,0,0,4,0,0,0,0,6,2,9,3,0,0,0,0,9,0,0,0,0,448,202172,0,0,0,0,48,57,15,0,0,10,1,2,1,Jolteon
4-15,19:38:24,NINTEN,Pidgey,Burglar,4,Cinnabar Island - Gym,3,1:10:27.81,1:10:27,1h10m27s,0,1,1,59,4:37,11.652,WING ATTACK,SWIFT,FLY,AGILITY,9,8450,899,187,32,827,760,371,19,73932,Jolteon, ,Normal,Flying,204867,Pidgey2,Pidgey,,01:10:16.16,01:10:27.81,04:37:24.11,59,0,1,10,27,81,WING ATTACK,SWIFT,FLY,AGILITY,33,17,15,30,0,0,0,0,148,159,104,92,89,89,112,30275,39248,24872,31687,31687,25903,15,15,15,15,0,0,0,0,0,0,0,117,103,89,89,126,1000630,319731,606615,72277,2007,9,0,0,8450,7287,899,264,899,219,187,32,2,0,37159,24910,1774,1774,606,122,229,0,0,0,0,0,76,0,14,0,0,3,0,1,0,0,0,0,0,4,0,0,0,0,6,2,9,3,0,0,0,0,9,0,0,0,0,451,204732,0,0,0,0,49,57,15,0,0,10,1,2,1,Jolteon
4-15,19:38:38,NINTEN,Pidgey,Super Nerd,9,Cinnabar Island - Gym,3,1:10:41.67,1:10:41,1h10m41s,0,1,1,59,4:38,10.562,WING ATTACK,SWIFT,FLY,AGILITY,9,8458,900,188,32,831,764,372,19,77172,Jolteon, ,Normal,Flying,207211,Pidgey2,Pidgey,,01:10:31.11,01:10:41.67,04:38:18.45,59,0,1,10,41,67,WING ATTACK,SWIFT,FLY,AGILITY,33,13,15,30,0,0,0,0,131,159,104,92,89,89,112,30424,39406,25027,31917,31917,26133,15,15,15,15,0,0,0,0,0,0,0,117,103,89,89,126,1003904,320026,609594,72277,2007,9,0,0,8458,7295,899,264,900,220,188,32,2,0,37575,25172,1791,1791,606,122,230,0,0,0,0,0,76,0,14,0,0,3,0,1,0,0,0,0,0,4,0,0,0,0,6,2,9,3,0,0,0,0,9,0,0,0,0,454,207076,0,0,0,0,49,57,15,0,0,10,1,2,1,Jolteon
4-15,19:38:55,NINTEN,Pidgey,Super Nerd,10,Cinnabar Island - Gym,4,1:10:59.03,1:10:59,1h10m59s,0,1,1,59,4:39,10.964,WING ATTACK,SWIFT,FLY,AGILITY,9,8470,917,189,32,835,768,372,19,78072,Jolteon, ,Normal,Flying,209912,Pidgey2,Pidgey,,01:10:48.07,01:10:59.03,04:39:27.06,59,0,1,10,59,3,WING ATTACK,SWIFT,FLY,AGILITY,33,9,15,30,0,0,0,0,131,159,104,92,89,89,112,30606,39654,25210,32147,32147,26413,15,15,15,15,0,0,0,0,0,0,0,117,103,89,89,126,1008005,321046,612675,72277,2007,9,0,0,8470,7307,899,264,917,221,189,32,2,0,38069,25491,1791,1791,606,122,230,0,0,0,0,0,76,0,14,0,0,3,0,1,0,0,0,0,0,4,0,0,0,0,6,2,9,3,0,0,0,0,9,0,0,0,0,458,209777,0,0,0,0,49,57,15,0,0,10,1,2,1,Jolteon
4-15,19:39:06,NINTEN,Pidgey,Burglar,5,Cinnabar Island - Gym,1,1:11:09.96,1:11:09,1h11m9s,0,1,1,60,4:40,5.981,WING ATTACK,SWIFT,FLY,AGILITY,9,8482,919,190,32,837,769,373,19,78922,Jolteon, ,Normal,Flying,211247,Pidgey2,Pidgey,,01:11:03.98,01:11:09.96,04:40:10.11,60,0,1,11,9,96,WING ATTACK,SWIFT,FLY,AGILITY,33,9,14,30,0,0,0,0,134,162,107,94,92,92,114,30656,39739,25265,32212,32212,26503,15,15,15,15,0,0,0,0,0,0,0,120,105,92,92,128,1010590,321713,614593,72277,2007,9,0,0,8482,7319,899,264,919,222,190,32,2,0,38254,25589,1791,1791,607,123,230,0,0,0,0,0,77,0,14,0,0,3,0,1,0,0,0,0,0,4,0,0,0,0,6,2,9,3,0,0,0,0,9,0,0,0,0,459,211112,0,0,0,0,49,57,15,0,0,10,1,2,1,Jolteon
4-15,19:39:20,NINTEN,Pidgey,Super Nerd,11,Cinnabar Island - Gym,1,1:11:24.15,1:11:24,1h11m24s,0,1,1,60,4:41,7.516,WING ATTACK,SWIFT,FLY,AGILITY,9,8496,920,191,32,841,771,374,19,82612,Jolteon, ,Normal,Flying,212933,Pidgey2,Pidgey,,01:11:16.63,01:11:24.15,04:41:06.02,60,0,1,11,24,15,WING ATTACK,SWIFT,FLY,AGILITY,33,7,14,30,0,0,0,0,110,162,107,94,92,92,114,30721,39839,25335,32292,32292,26608,15,15,15,15,0,0,0,0,0,0,0,120,105,92,92,128,1013941,322488,617169,72277,2007,9,0,0,8496,7333,899,264,920,223,191,32,2,0,38406,25699,1815,1815,607,123,231,0,0,0,0,0,77,0,14,0,0,3,0,1,0,0,0,0,0,4,0,0,0,0,6,2,9,3,0,0,0,0,9,0,0,0,0,460,212798,0,0,0,0,49,57,15,0,0,10,1,2,1,Jolteon
4-15,19:39:32,NINTEN,Pidgey,Burglar,6,Cinnabar Island - Gym,2,1:11:36.02,1:11:36,1h11m36s,0,1,1,60,4:41,7.069,WING ATTACK,SWIFT,FLY,AGILITY,9,8509,920,192,32,843,773,375,19,83637,Jolteon, ,Normal,Flying,214153,Pidgey2,Pidgey,,01:11:28.95,01:11:36.02,04:41:52.48,60,0,1,11,36,2,WING ATTACK,SWIFT,FLY,AGILITY,33,5,14,30,0,0,0,0,104,162,107,94,92,92,114,30814,39950,25420,32407,32407,26733,15,15,15,15,0,0,0,0,0,0,0,120,105,92,92,128,1016747,323143,619320,72277,2007,9,0,0,8509,7346,899,264,920,224,192,32,2,0,38666,25873,1821,1821,607,123,232,0,0,0,0,0,77,0,14,0,0,3,0,1,0,0,0,0,0,4,0,0,0,0,6,2,9,3,0,0,0,0,9,0,0,0,0,462,214018,0,0,0,0,49,57,15,0,0,10,1,2,1,Jolteon
4-15,19:39:45,NINTEN,Pidgey,Super Nerd,12,Cinnabar Island - Gym,2,1:11:48.73,1:11:48,1h11m48s,0,1,1,60,4:42,7.132,WING ATTACK,SWIFT,FLY,AGILITY,9,8526,923,193,32,845,775,376,19,86967,Jolteon, ,Normal,Flying,215373,Pidgey2,Pidgey,,01:11:41.60,01:11:48.73,04:42:42.52,60,0,1,11,48,73,WING ATTACK,SWIFT,FLY,AGILITY,33,3,14,30,0,0,0,0,98,162,107,94,92,92,114,30907,40061,25505,32522,32522,26858,15,15,15,15,0,0,0,0,0,0,0,120,105,92,92,128,1019751,323968,621499,72277,2007,9,0,0,8526,7363,899,264,923,225,193,32,2,0,38933,26047,1827,1827,607,123,233,0,0,0,0,0,77,0,14,0,0,3,0,1,0,0,0,0,0,4,0,0,0,0,6,2,9,3,0,0,0,0,9,0,0,0,0,464,215238,0,0,0,0,49,57,15,0,0,10,1,2,1,Jolteon
4-15,19:40:48,NINTEN,Pidgey,Rival5-Silph,5,Silph Co - 7F,5,1:12:52.55,1:12:52,1h12m52s,0,1,1,60,4:46,24.187,DOUBLE-EDGE,SWIFT,FLY,AGILITY,10,8694,928,194,32,852,782,379,18,87892,Jolteon, ,Normal,Flying,222417,Pidgey2,Pidgey,Rival (Silph Co.),01:12:28.36,01:12:52.55,04:46:54.13,60,0,1,12,52,55,DOUBLE-EDGE,SWIFT,FLY,AGILITY,11,17,15,30,0,0,0,0,24,162,107,94,92,92,114,31210,40432,25960,32992,32992,27328,15,15,15,15,0,0,0,0,0,0,0,120,105,92,92,128,1034832,329967,627637,75221,2007,10,0,0,8694,7531,899,264,928,226,194,32,2,0,39629,26534,1965,1965,611,123,236,0,0,0,0,0,77,0,14,0,0,3,0,1,0,0,0,0,0,4,0,0,0,0,6,2,9,3,0,0,0,0,9,0,0,0,0,469,222282,0,0,0,0,49,57,15,0,0,11,1,2,1,Jolteon
4-15,19:41:15,NINTEN,Pidgey,Rocket,45,Silph Co - 11F,3,1:13:18.67,1:13:18,1h13m18s,0,1,1,61,4:48,10.437,DOUBLE-EDGE,SWIFT,FLY,AGILITY,10,8704,928,195,32,855,785,379,17,90492,Jolteon, ,Normal,Flying,224999,Pidgey2,Pidgey,,01:13:08.23,01:13:18.67,04:48:37.18,61,0,1,13,18,67,DOUBLE-EDGE,SWIFT,FLY,AGILITY,10,15,15,30,0,0,0,0,143,164,108,96,93,93,116,31375,40652,26184,33182,33182,27558,15,15,15,15,0,0,0,0,0,0,0,121,108,93,93,130,1041017,331522,630627,76861,2007,10,0,0,8704,7541,899,264,928,227,195,32,2,0,40003,26773,1986,1986,612,123,236,0,0,0,0,0,77,0,14,0,0,3,0,1,0,0,0,0,0,4,0,0,0,0,6,2,9,3,0,0,0,0,9,0,0,0,0,472,224864,0,0,0,0,49,57,15,0,0,11,1,2,1,Jolteon
4-15,19:41:55,NINTEN,Pidgey,Giovanni-Silph,2,Silph Co - 11F,4,1:13:58.64,1:13:58,1h13m58s,0,1,1,61,4:51,24.957,DOUBLE-EDGE,SWIFT,FLY,AGILITY,11,8719,929,196,32,864,793,382,16,91422,Jolteon, ,Normal,Flying,229816,Pidgey2,Pidgey,Giovanni (Silph),01:13:33.69,01:13:58.64,04:51:15.24,61,0,1,13,58,64,DOUBLE-EDGE,SWIFT,FLY,AGILITY,9,9,14,30,0,0,0,0,120,164,108,96,93,93,116,31671,40961,26483,33407,33407,27839,15,15,15,15,0,-1,0,0,0,0,0,136,70,93,93,146,1050503,332746,637357,78393,2007,11,0,0,8719,7556,899,264,929,228,196,32,2,0,40658,27210,2030,2030,614,124,238,0,0,0,0,0,78,0,14,0,0,3,0,1,0,0,0,0,0,4,0,0,0,0,6,2,9,3,0,0,0,0,9,0,0,0,0,476,229681,0,0,0,0,49,57,15,0,0,11,1,2,1,Jolteon
4-15,19:42:28,NINTEN,Pidgey,Psychic,3,Saffron City - Gym,3,1:14:31.87,1:14:31,1h14m31s,0,1,1,61,4:53,12.197,DOUBLE-EDGE,SWIFT,FLY,AGILITY,11,8824,936,197,32,870,799,385,16,95481,Jolteon, ,Normal,Flying,232373,Pidgey2,Pidgey,,01:14:19.68,01:14:31.87,04:53:26.13,61,0,1,14,31,87,DOUBLE-EDGE,SWIFT,FLY,AGILITY,9,3,14,30,0,0,0,0,120,164,108,96,93,93,116,31946,41166,26723,33567,33567,27899,15,15,15,15,-2,0,0,0,0,0,0,60,136,93,93,164,1058352,336911,640745,78689,2007,11,0,0,8824,7661,899,264,936,229,197,32,2,0,41101,27534,2030,2030,614,125,240,0,0,0,0,0,79,0,14,0,0,3,0,1,0,0,0,0,0,4,0,0,0,0,6,2,9,3,0,0,0,0,9,0,0,0,0,479,232238,0,0,0,0,49,57,15,0,0,11,1,2,1,Jolteon
4-15,19:42:39,NINTEN,Pidgey,Psychic,2,Saffron City - Gym,2,1:14:43.47,1:14:43,1h14m43s,0,1,1,62,4:54,7.594,DOUBLE-EDGE,SWIFT,FLY,AGILITY,11,8830,941,198,32,872,801,385,16,95811,Jolteon, ,Normal,Flying,234419,Pidgey2,Pidgey,,01:14:35.87,01:14:43.47,04:54:11.50,62,0,1,14,43,47,DOUBLE-EDGE,SWIFT,FLY,AGILITY,9,1,14,30,0,0,0,0,123,167,111,98,95,95,119,32026,41246,26818,33787,33787,28094,15,15,15,15,0,0,0,0,0,0,0,124,110,95,95,133,1061089,337357,643036,78689,2007,11,0,0,8830,7667,899,264,941,230,198,32,2,0,41482,27686,2030,2030,614,125,240,0,0,0,0,0,80,0,14,0,0,3,0,1,0,0,0,0,0,4,0,0,0,0,6,2,9,3,0,0,0,0,9,0,0,0,0,481,234284,0,0,0,0,49,57,15,0,0,11,1,2,1,Jolteon
4-15,19:42:54,NINTEN,Pidgey,Channeler,23,Saffron City - Gym,1,1:14:58.48,1:14:58,1h14m58s,0,1,1,62,4:55,5.172,DOUBLE-EDGE,SWIFT,FLY,AGILITY,11,8844,945,199,32,874,802,386,16,96151,Jolteon, ,Normal,Flying,235445,Pidgey2,Pidgey,,01:14:53.31,01:14:58.48,04:55:10.36,62,0,1,14,58,48,DOUBLE-EDGE,SWIFT,FLY,AGILITY,9,1,13,30,0,0,0,0,123,167,111,98,95,95,119,32071,41296,26863,33902,33902,28189,15,15,15,15,0,0,0,0,0,0,0,124,110,95,95,133,1064615,338863,645056,78689,2007,11,0,0,8844,7681,899,264,945,231,199,32,2,0,41622,27774,2030,2030,615,126,240,0,0,0,0,0,80,0,14,0,0,3,0,1,0,0,0,0,0,4,0,0,0,0,6,2,9,3,0,0,0,0,9,0,0,0,0,482,235310,0,0,0,0,49,57,15,0,0,11,1,2,1,Jolteon
4-15,19:43:05,NINTEN,Pidgey,Psychic,4,Saffron City - Gym,1,1:15:09.20,1:15:09,1h15m9s,0,1,1,62,4:55,5.808,DOUBLE-EDGE,SWIFT,FLY,AGILITY,11,8852,946,200,32,876,804,387,16,97291,Jolteon, ,Normal,Flying,236780,Pidgey2,Pidgey,,01:15:03.39,01:15:09.20,04:55:52.47,62,0,1,15,9,20,DOUBLE-EDGE,SWIFT,FLY,AGILITY,7,1,13,30,0,0,0,0,92,167,111,98,95,95,119,32166,41371,26973,33982,33982,28219,15,15,15,15,-1,0,0,0,0,0,0,82,123,95,95,149,1067146,339529,646921,78689,2007,11,0,0,8852,7689,899,264,946,232,200,32,2,0,41789,27900,2061,2061,617,126,241,0,0,0,0,0,80,0,14,0,0,3,0,1,0,0,0,0,0,4,0,0,0,0,6,2,9,3,0,0,0,0,9,0,0,0,0,483,236645,0,0,0,0,49,57,15,0,0,11,1,2,1,Jolteon
4-15,19:43:26,NINTEN,Pidgey,Psychic,1,Saffron City - Gym,4,1:15:29.85,1:15:29,1h15m29s,0,1,1,62,4:57,14.746,DOUBLE-EDGE,SWIFT,FLY,AGILITY,11,8866,961,201,32,884,808,391,16,97671,Jolteon, ,Normal,Flying,240266,Pidgey2,Pidgey,,01:15:15.10,01:15:29.85,04:57:14.01,62,0,1,15,29,85,DOUBLE-EDGE,SWIFT,FLY,AGILITY,7,1,9,30,0,0,0,0,92,167,111,98,95,95,119,32376,41551,27163,34362,34362,28534,15,15,15,15,0,0,0,0,0,0,0,124,110,95,95,133,1072020,340428,650896,78689,2007,11,0,0,8866,7703,899,264,961,233,201,32,2,0,42475,28211,2061,2061,621,129,242,0,0,0,0,0,80,0,14,0,0,3,0,1,0,0,0,0,0,4,0,0,0,0,6,2,9,3,0,0,0,0,9,0,0,0,0,487,240131,0,0,0,0,49,57,15,0,0,11,1,2,1,Jolteon
4-15,19:44:05,NINTEN,Pidgey,Sabrina,1,Saffron City - Gym,3,1:16:08.87,1:16:08,1h16m8s,0,1,1,62,4:59,23.853,DOUBLE-EDGE,SWIFT,FLY,AGILITY,12,8877,962,202,32,900,824,403,15,97981,Jolteon, ,Normal,Flying,244591,Pidgey2,Pidgey,Sabrina,01:15:45.02,01:16:08.87,04:59:48.27,62,0,1,16,8,87,DOUBLE-EDGE,SWIFT,FLY,AGILITY,15,17,15,17,0,0,0,0,92,167,111,98,95,95,119,32496,41656,27253,34722,34722,28849,15,15,15,15,0,0,0,0,6,-4,0,277,246,95,95,760,1081286,341411,657061,80807,2007,12,0,0,8877,7714,899,264,962,234,202,32,2,0,43292,28535,2061,2061,621,137,246,0,0,0,0,0,80,0,14,0,0,3,0,1,0,0,0,0,0,4,0,0,0,0,6,2,9,3,0,0,0,0,9,0,0,0,0,490,244456,0,0,0,0,49,57,15,0,0,11,1,2,1,Jolteon
4-15,19:46:22,NINTEN,Pidgey,Blaine,1,Cinnabar Island - Gym,3,1:18:25.82,1:18:25,1h18m25s,0,2,2,74,5:08,13.204,DOUBLE-EDGE,SWIFT,FLY,AGILITY,13,9045,968,204,32,914,836,412,15,51465,Jolteon, ,Normal,Flying,417738,Pidgey2,Pidgey,Blaine,01:18:12.62,01:18:25.82,05:08:47.34,74,0,1,18,25,82,DOUBLE-EDGE,SWIFT,FLY,AGILITY,12,19,15,30,0,0,0,0,62,198,131,116,113,113,141,32862,42118,27623,35162,35162,29354,15,15,15,15,0,0,0,0,0,0,0,147,130,113,113,158,1113633,349891,669933,91802,2007,13,0,0,9045,7882,899,264,968,236,204,32,2,0,44413,29378,2817,2424,628,138,255,0,0,0,0,0,81,0,14,0,0,4,0,1,0,0,0,0,0,4,0,0,0,0,7,2,9,3,0,0,0,0,9,0,0,0,3,495,254692,0,0,0,0,49,57,15,0,0,11,2,2,2,Jolteon
4-15,19:46:57,NINTEN,Pidgey,Blackbelt,6,Viridian City - Gym,2,1:19:00.86,1:19:00,1h19m0s,0,2,2,74,5:11,8.553,DOUBLE-EDGE,SWIFT,FLY,AGILITY,13,9163,982,205,32,918,838,414,16,56811,Jolteon, ,Normal,Flying,419742,Pidgey2,Pidgey,,01:18:52.31,01:19:00.86,05:11:05.42,74,0,1,19,0,86,DOUBLE-EDGE,SWIFT,FLY,AGILITY,15,20,13,30,0,0,0,0,198,198,131,116,113,113,141,33012,42298,27743,35247,35247,29434,15,15,15,15,0,0,0,0,0,0,0,147,130,127,127,158,1121921,354851,672511,92552,2007,13,0,0,9163,8000,899,264,982,237,205,32,2,0,45055,29610,2817,2424,630,140,255,0,0,0,0,0,81,0,14,0,0,4,0,1,0,0,0,0,0,4,0,0,0,0,7,2,9,3,0,0,0,0,9,0,0,0,3,497,256696,0,0,0,0,49,57,15,0,0,11,2,2,2,Jolteon
4-15,19:47:07,NINTEN,Pidgey,Cooltrainer M,9,Viridian City - Gym,2,1:19:11.04,1:19:11,1h19m11s,0,2,2,74,5:11,6.961,DOUBLE-EDGE,SWIFT,FLY,AGILITY,13,9164,982,206,32,920,840,414,16,57811,Jolteon, ,Normal,Flying,422382,Pidgey2,Pidgey,,01:19:04.08,01:19:11.04,05:11:45.47,74,0,1,19,11,4,DOUBLE-EDGE,SWIFT,FLY,AGILITY,14,19,13,30,0,0,0,0,170,198,131,116,113,113,141,33122,42478,27903,35372,35372,29619,15,15,15,15,0,0,0,0,0,0,0,147,130,127,127,158,1124326,355116,674651,92552,2007,13,0,0,9164,8001,899,264,982,238,206,32,2,0,45328,29805,2845,2452,631,140,255,0,0,0,0,0,81,0,14,0,0,4,0,1,0,0,0,0,0,4,0,0,0,0,7,2,9,3,0,0,0,0,9,0,0,0,3,499,259336,0,0,0,0,49,57,15,0,0,11,2,2,2,Jolteon
4-15,19:47:18,NINTEN,Pidgey,Tamer,3,Viridian City - Gym,1,1:19:22.04,1:19:22,1h19m22s,0,2,2,74,5:12,7.939,DOUBLE-EDGE,SWIFT,FLY,AGILITY,13,9168,984,207,32,922,842,415,16,59176,Jolteon, ,Normal,Flying,423625,Pidgey2,Pidgey,,01:19:14.10,01:19:22.04,05:12:29.13,74,0,1,19,22,4,DOUBLE-EDGE,SWIFT,FLY,AGILITY,12,19,13,30,0,0,0,0,130,198,131,116,113,113,141,33202,42563,27998,35402,35402,29644,15,15,15,15,0,0,0,0,0,0,0,147,130,127,127,158,1126932,355327,677046,92552,2007,13,0,0,9168,8005,899,264,984,239,207,32,2,0,45461,29933,2885,2492,633,140,256,0,0,0,0,0,81,0,14,0,0,4,0,1,0,0,0,0,0,4,0,0,0,0,7,2,9,3,0,0,0,0,9,0,0,0,3,500,260579,0,0,0,0,49,57,15,0,0,11,2,2,2,Jolteon
4-15,19:47:28,NINTEN,Pidgey,Cooltrainer M,10,Viridian City - Gym,1,1:19:31.71,1:19:31,1h19m31s,0,2,2,74,5:13,5.956,DOUBLE-EDGE,SWIFT,FLY,AGILITY,13,9174,988,208,32,924,844,416,16,60896,Jolteon, ,Normal,Flying,424868,Pidgey2,Pidgey,,01:19:25.75,01:19:31.71,05:13:07.18,74,0,1,19,31,71,DOUBLE-EDGE,SWIFT,FLY,AGILITY,10,19,13,30,0,0,0,0,99,198,131,116,113,113,141,33282,42648,28093,35432,35432,29669,15,15,15,15,0,0,0,0,0,0,0,147,130,127,127,158,1129217,355709,678949,92552,2007,13,0,0,9174,8011,899,264,988,240,208,32,2,0,45602,30061,2916,2523,635,141,256,0,0,0,0,0,81,0,14,0,0,4,0,1,0,0,0,0,0,4,0,0,0,0,7,2,9,3,0,0,0,0,9,0,0,0,3,501,261822,0,0,0,0,49,57,15,0,0,11,2,2,2,Jolteon
4-15,19:47:44,NINTEN,Pidgey,Blackbelt,8,Viridian City - Gym,3,1:19:48.06,1:19:48,1h19m48s,0,2,2,74,5:14,12.39,DOUBLE-EDGE,SWIFT,FLY,AGILITY,13,9182,991,209,32,930,847,417,16,62401,Jolteon, ,Normal,Flying,427959,Pidgey2,Pidgey,,01:19:35.67,01:19:48.06,05:14:11.52,74,0,1,19,48,6,DOUBLE-EDGE,SWIFT,FLY,AGILITY,10,19,10,30,0,0,0,0,99,198,131,116,113,113,141,33512,42928,28283,35567,35567,29794,15,15,15,15,0,0,0,0,0,0,0,147,130,127,127,158,1133091,356143,682389,92552,2007,13,0,0,9182,8019,899,264,991,241,209,32,2,0,46494,30396,2916,2523,638,142,256,0,0,0,0,0,81,0,14,0,0,4,0,1,0,0,0,0,0,4,0,0,0,0,7,2,9,3,0,0,0,0,9,0,0,0,3,504,264913,0,0,0,0,49,57,15,0,0,11,2,2,2,Jolteon
4-15,19:48:01,NINTEN,Pidgey,Tamer,4,Viridian City - Gym,2,1:20:05.46,1:20:05,1h20m5s,0,2,2,75,5:15,8.697,DOUBLE-EDGE,SWIFT,FLY,AGILITY,13,9221,998,210,32,932,849,417,16,63351,Jolteon, ,Normal,Flying,430949,Pidgey2,Pidgey,,01:19:56.76,01:20:05.46,05:15:20.38,75,0,1,20,5,46,DOUBLE-EDGE,SWIFT,FLY,AGILITY,9,18,10,30,0,0,0,0,75,202,134,119,115,115,143,33647,43113,28447,35702,35702,29984,15,15,15,15,0,0,0,0,0,0,0,150,133,129,129,160,1137217,357732,684926,92552,2007,13,0,0,9221,8058,899,264,998,242,210,32,2,0,46768,30611,2944,2551,639,142,256,0,0,0,0,0,81,0,14,0,0,4,0,1,0,0,0,0,0,4,0,0,0,0,7,2,9,3,0,0,0,0,9,0,0,0,3,506,267903,0,0,0,0,49,57,15,0,0,11,2,2,2,Jolteon
4-15,19:48:14,NINTEN,Pidgey,Blackbelt,7,Viridian City - Gym,1,1:20:17.76,1:20:17,1h20m17s,0,2,2,75,5:16,5.504,DOUBLE-EDGE,SWIFT,FLY,AGILITY,13,9232,1000,211,32,934,850,418,16,64911,Jolteon, ,Normal,Flying,432293,Pidgey2,Pidgey,,01:20:12.26,01:20:17.76,05:16:09.08,75,0,1,20,17,76,DOUBLE-EDGE,SWIFT,FLY,AGILITY,9,18,9,30,0,0,0,0,75,202,134,119,115,115,143,33727,43213,28517,35752,35752,30029,15,15,15,15,0,0,0,0,0,0,0,150,133,129,129,160,1140127,358546,687022,92552,2007,13,0,0,9232,8069,899,264,1000,243,211,32,2,0,47026,30739,2944,2551,640,143,256,0,0,0,0,0,81,0,14,0,0,4,0,1,0,0,0,0,0,4,0,0,0,0,7,2,9,3,0,0,0,0,9,0,0,0,3,507,269247,0,0,0,0,49,57,15,0,0,11,2,2,2,Jolteon
4-15,19:49:28,NINTEN,Pidgey,Giovanni,3,Viridian City - Gym,5,1:21:32.34,1:21:32,1h21m32s,0,2,2,75,5:21,35.479,DOUBLE-EDGE,MIMIC,FLY,AGILITY,15,9399,1039,212,32,948,862,424,15,65986,Jolteon, ,Normal,Flying,442514,Pidgey2,Pidgey,Giovanni,01:20:56.87,01:21:32.34,05:21:04.41,75,0,1,21,32,34,DOUBLE-EDGE,MIMIC,FLY,AGILITY,15,3,13,27,0,0,0,0,202,202,134,119,115,115,143,34103,43667,28911,36082,36082,30465,15,15,15,15,0,0,0,0,6,-1,0,238,210,205,205,723,1157860,363883,695954,96016,2007,15,0,0,9399,8236,899,264,1039,244,212,32,2,0,48213,31499,2944,2551,646,146,258,0,0,0,0,0,81,0,14,0,0,4,0,1,0,0,0,0,0,4,0,0,0,0,7,2,9,3,0,0,0,0,9,0,0,0,3,512,279468,0,0,0,0,49,57,15,0,0,12,2,2,2,Jolteon
4-15,19:50:30,NINTEN,Pidgey,Rival6-Route 22,8,Route 22,6,1:22:33.61,1:22:33,1h22m33s,0,2,2,76,5:25,33.129,DOUBLE-EDGE,MIMIC,FLY,AGILITY,16,9536,1050,213,32,959,872,427,16,71431,Jolteon, ,Normal,Flying,452648,Pidgey2,Pidgey,Rival (Final),01:22:00.48,01:22:33.61,05:25:07.14,76,0,1,22,33,61,DOUBLE-EDGE,MIMIC,FLY,AGILITY,14,2,14,30,0,0,0,0,143,204,135,121,116,116,146,34466,44078,29446,36612,36612,30975,15,15,15,15,0,0,0,0,0,0,0,151,136,130,130,164,1172413,369294,704543,96569,2007,16,0,0,9536,8373,899,264,1050,245,213,32,2,0,49815,32276,3005,2612,656,146,260,0,0,0,0,0,87,0,14,0,0,4,0,1,0,0,0,0,0,4,0,0,0,0,7,2,9,3,0,0,0,0,9,0,0,0,3,518,289602,0,0,0,0,49,57,15,0,0,12,2,2,2,Jolteon
4-15,19:52:12,NINTEN,Pidgey,Cooltrainer F,5,Victory Road,2,1:24:15.73,1:24:15,1h24m15s,0,2,2,76,5:31,12.325,DOUBLE-EDGE,MIMIC,FLY,AGILITY,16,9995,1111,214,33,965,875,432,18,74876,Jolteon, ,Normal,Flying,455720,Pidgey2,Pidgey,,01:24:03.40,01:24:15.73,05:31:51.56,76,0,1,24,15,73,DOUBLE-EDGE,MIMIC,FLY,AGILITY,15,10,12,30,0,0,0,0,184,204,135,121,116,116,146,34604,44224,29581,36777,36777,31190,15,15,15,15,0,0,0,0,0,0,0,151,136,130,130,164,1196695,387076,708972,98640,2007,16,0,0,9995,8797,899,299,1111,247,214,33,3,0,50182,32519,3025,2632,658,151,261,0,0,0,0,0,88,0,14,0,0,4,0,1,0,0,0,0,0,4,0,0,0,0,7,2,9,3,0,0,0,0,9,0,0,0,3,520,292674,0,0,0,0,51,57,15,0,0,12,2,2,2,Jolteon
4-15,19:52:32,NINTEN,Pidgey,Cooltrainer M,5,Victory Road,4,1:24:36.17,1:24:36,1h24m36s,0,2,2,76,5:33,16.645,DOUBLE-EDGE,MIMIC,FLY,AGILITY,16,10008,1114,215,33,971,879,434,18,76416,Jolteon, ,Normal,Flying,461435,Pidgey2,Pidgey,,01:24:19.53,01:24:36.17,05:33:12.43,76,0,1,24,36,17,DOUBLE-EDGE,MIMIC,FLY,AGILITY,13,10,10,30,0,0,0,0,126,204,135,121,116,116,146,34859,44497,29860,37072,37072,31488,15,15,15,15,0,0,0,0,0,0,0,151,136,130,130,164,1201542,387557,713338,98640,2007,16,0,0,10008,8810,899,299,1114,248,215,33,3,0,51108,32967,3083,2690,662,152,261,0,0,0,0,0,89,0,14,0,0,4,0,1,0,0,0,0,0,4,0,0,0,0,7,2,9,3,0,0,0,0,9,0,0,0,3,524,298389,0,0,0,0,51,57,15,0,0,12,2,2,2,Jolteon
4-15,19:53:00,NINTEN,Pidgey,Blackbelt,9,Victory Road,3,1:25:03.61,1:25:03,1h25m3s,0,2,2,76,5:35,12.564,DOUBLE-EDGE,MIMIC,FLY,AGILITY,16,10050,1129,216,33,977,882,437,18,77886,Jolteon, ,Normal,Flying,464933,Pidgey2,Pidgey,,01:24:51.04,01:25:03.61,05:35:01.09,76,0,1,25,3,61,DOUBLE-EDGE,MIMIC,FLY,AGILITY,13,10,7,30,0,0,0,0,126,204,135,121,116,116,146,35089,44777,30050,37207,37207,31613,15,15,15,15,0,0,0,0,0,0,0,151,136,130,130,164,1208048,389548,716821,99672,2007,16,0,0,10050,8823,928,299,1129,249,216,33,3,0,52212,33343,3083,2690,665,153,261,0,0,0,0,0,90,0,14,0,0,4,0,1,0,0,0,0,0,4,0,0,0,0,7,2,9,3,0,0,0,0,9,0,0,0,3,527,301887,0,0,0,0,51,57,15,0,0,12,2,2,2,Jolteon
4-15,19:53:21,NINTEN,Pidgey,Juggler,2,Victory Road,4,1:25:24.68,1:25:24,1h25m24s,0,2,2,77,5:36,15.998,DOUBLE-EDGE,MIMIC,FLY,AGILITY,16,10067,1135,217,33,985,886,441,18,78961,Jolteon, ,Normal,Flying,469823,Pidgey2,Pidgey,,01:25:08.68,01:25:24.68,05:36:24.18,77,0,1,25,24,68,DOUBLE-EDGE,MIMIC,FLY,AGILITY,13,10,3,30,0,0,0,0,129,207,138,122,118,118,148,35314,44968,30225,37652,37652,31932,15,15,15,15,0,0,0,0,0,0,0,155,137,132,132,166,1213037,390244,721114,99672,2007,16,0,0,10067,8823,945,299,1135,250,217,33,3,0,53103,33756,3083,2690,669,156,261,0,0,0,0,0,90,0,14,0,0,4,0,1,0,0,0,0,0,4,0,0,0,0,7,2,9,3,0,0,0,0,9,0,0,0,3,531,306777,0,0,0,0,51,57,15,0,0,12,2,2,2,Jolteon
4-15,19:53:35,NINTEN,Pidgey,Tamer,5,Victory Road,2,1:25:38.98,1:25:38,1h25m38s,0,2,2,77,5:37,7.594,DOUBLE-EDGE,MIMIC,FLY,AGILITY,16,10094,1136,218,33,987,888,441,18,80396,Jolteon, ,Normal,Flying,472857,Pidgey2,Pidgey,,01:25:31.39,01:25:38.98,05:37:20.40,77,0,1,25,38,98,DOUBLE-EDGE,MIMIC,FLY,AGILITY,11,10,3,30,0,0,0,0,68,207,138,122,118,118,148,35459,45120,30363,37797,37797,32132,15,15,15,15,0,0,0,0,0,0,0,155,137,132,132,166,1216419,391037,723703,99672,2007,16,0,0,10094,8823,972,299,1136,251,218,33,3,0,53511,34005,3144,2751,671,156,261,0,0,0,0,0,90,0,14,0,0,4,0,1,0,0,0,0,0,4,0,0,0,0,7,2,9,3,0,0,0,0,9,0,0,0,3,533,309811,0,0,0,0,51,57,15,0,0,12,2,2,2,Jolteon
4-15,19:54:08,NINTEN,Pidgey,Cooltrainer M,2,Victory Road,3,1:26:12.07,1:26:12,1h26m12s,0,2,2,77,5:39,17.053,DOUBLE-EDGE,MIMIC,FLY,AGILITY,17,10114,1140,219,33,995,893,446,17,82156,Jolteon, ,Normal,Flying,478642,Pidgey2,Pidgey,,01:25:55.01,01:26:12.07,05:39:31.17,77,0,1,26,12,7,DOUBLE-EDGE,MIMIC,FLY,AGILITY,9,10,12,30,0,0,0,0,138,207,138,122,118,118,148,35694,45420,30708,38087,38087,32352,15,15,15,15,0,-1,0,0,0,0,0,174,90,148,148,186,1224256,391895,728235,102119,2007,17,0,0,10114,8823,992,299,1140,252,219,33,3,0,54187,34385,3213,2820,676,159,263,0,0,0,0,0,90,0,14,0,0,4,0,1,0,0,0,0,0,4,0,0,0,0,7,2,9,3,0,0,0,0,9,0,0,0,3,536,315596,0,0,0,0,51,57,15,0,0,12,2,2,2,Jolteon
4-15,19:54:51,NINTEN,Pidgey,Cooltrainer F,3,Victory Road,3,1:26:55.42,1:26:55,1h26m55s,0,2,2,77,5:42,14.686,DOUBLE-EDGE,MIMIC,FLY,AGILITY,18,10207,1178,220,33,1000,896,448,16,83661,Jolteon, ,Normal,Flying,483791,Pidgey2,Pidgey,,01:26:40.73,01:26:55.42,05:42:23.12,77,0,1,26,55,42,DOUBLE-EDGE,MIMIC,FLY,AGILITY,8,10,10,30,0,0,0,0,104,207,138,122,118,118,148,36094,45590,30873,38367,38367,32502,15,15,15,15,0,0,0,0,0,0,0,155,137,132,132,166,1234571,396900,732222,103442,2007,18,0,0,10207,8823,1085,299,1178,253,220,33,3,0,55910,34907,3247,2854,679,160,263,0,0,0,0,0,91,0,14,0,0,4,0,1,0,0,0,0,0,4,0,0,0,0,7,2,9,3,0,0,0,0,9,0,0,0,3,539,320745,0,0,0,0,51,57,15,0,0,12,2,2,2,Jolteon
4-15,19:55:14,NINTEN,Pidgey,Cooltrainer F,2,Victory Road,3,1:27:17.67,1:27:17,1h27m17s,0,2,2,78,5:43,14.964,DOUBLE-EDGE,MIMIC,FLY,AGILITY,19,10243,1183,221,33,1008,900,453,16,85166,Jolteon, ,Normal,Flying,487714,Pidgey2,Pidgey,,01:27:02.71,01:27:17.67,05:43:51.15,78,0,1,27,17,67,DOUBLE-EDGE,MIMIC,FLY,AGILITY,8,10,6,30,0,0,0,0,89,210,139,125,121,121,150,36289,45860,31023,38622,38622,32667,15,15,15,15,0,0,0,0,0,0,0,156,140,136,136,168,1239854,397583,736270,103994,2007,19,0,0,10243,8823,1121,299,1183,254,221,33,3,0,57040,35252,3265,2872,682,165,264,0,0,0,0,0,91,0,14,0,0,4,0,1,0,0,0,0,0,4,0,0,0,0,7,2,9,3,0,0,0,0,9,0,0,0,3,542,324668,0,0,0,0,51,57,15,0,0,12,2,2,2,Jolteon
4-15,19:56:17,NINTEN,Pidgey,Cooltrainer M,3,Victory Road,3,1:28:21.16,1:28:21,1h28m21s,0,2,2,78,5:48,10.917,DOUBLE-EDGE,MIMIC,FLY,AGILITY,19,10477,1232,222,33,1011,903,453,17,79671,Jolteon, ,Normal,Flying,493434,Pidgey2,Pidgey,,01:28:10.24,01:28:21.16,05:48:01.55,78,0,1,28,21,16,DOUBLE-EDGE,MIMIC,FLY,AGILITY,12,10,15,30,0,0,0,0,121,210,139,125,121,121,150,36503,46143,31303,38877,38877,32920,15,15,15,15,0,0,0,0,0,0,0,156,140,136,136,168,1254894,406586,739661,106640,2007,19,0,0,10477,8939,1239,299,1232,255,222,33,3,0,57648,35614,3354,2961,685,165,264,0,0,0,0,0,92,0,14,0,0,4,0,1,0,0,0,0,0,4,0,0,0,0,7,2,9,3,0,0,0,0,9,0,0,0,3,545,330388,0,0,0,0,51,67,15,0,0,12,2,2,2,Jolteon
4-15,19:56:36,NINTEN,Pidgey,Juggler,5,Victory Road,1,1:28:40.12,1:28:40,1h28m40s,0,2,2,78,5:49,5.962,DOUBLE-EDGE,MIMIC,FLY,AGILITY,19,10564,1241,223,33,1013,904,454,17,81176,Jolteon, ,Normal,Flying,494832,Pidgey2,Pidgey,,01:28:34.15,01:28:40.12,05:49:16.58,78,0,1,28,40,12,DOUBLE-EDGE,MIMIC,FLY,AGILITY,12,10,14,30,0,0,0,0,121,210,139,125,121,121,150,36543,46188,31368,38977,38977,33010,15,15,15,15,0,0,0,0,0,0,0,156,140,136,136,168,1259397,409074,741583,106733,2007,19,0,0,10564,9026,1239,299,1241,256,223,33,3,0,57875,35718,3354,2961,686,165,264,0,0,0,0,0,93,0,14,0,0,4,0,1,0,0,0,0,0,4,0,0,0,0,7,2,9,3,0,0,0,0,9,0,0,0,3,546,331786,0,0,0,0,51,67,15,0,0,12,2,2,2,Jolteon
4-15,19:57:02,NINTEN,Pidgey,Pokemaniac,6,Victory Road,3,1:29:06.43,1:29:06,1h29m6s,0,2,2,78,5:51,15.078,DOUBLE-EDGE,MIMIC,FLY,AGILITY,19,10645,1244,224,33,1020,908,458,17,82856,Jolteon, ,Normal,Flying,499011,Pidgey2,Pidgey,,01:28:51.35,01:29:06.43,05:51:00.55,78,0,1,29,6,43,DOUBLE-EDGE,MIMIC,FLY,AGILITY,11,10,11,30,0,0,0,0,81,210,139,125,121,121,150,36821,46392,31581,39197,39197,33180,15,15,15,15,0,0,0,0,0,0,0,156,140,136,136,168,1265634,411259,745635,106733,2007,19,0,0,10645,9107,1239,299,1244,257,224,33,3,0,58394,36108,3394,3001,690,167,264,0,0,0,0,0,93,0,14,0,0,4,0,1,0,0,0,0,0,4,0,0,0,0,7,2,9,3,0,0,0,0,9,0,0,0,3,549,335965,0,0,0,0,51,67,15,0,0,12,2,2,2,Jolteon
4-15,19:57:25,NINTEN,Pidgey,Swimmer,2,Route 19,2,1:29:29.50,1:29:29,1h29m29s,0,2,2,78,5:52,7.132,DOUBLE-EDGE,MIMIC,FLY,AGILITY,19,10669,1250,225,33,1022,910,458,17,84856,Jolteon, ,Normal,Flying,500308,Pidgey2,Pidgey,,01:29:22.37,01:29:29.50,05:52:31.33,78,0,1,29,29,50,DOUBLE-EDGE,MIMIC,FLY,AGILITY,13,10,15,30,0,0,0,0,178,210,139,125,121,121,150,36891,46497,31716,39342,39342,33290,15,15,15,15,0,0,0,0,0,0,0,156,140,136,136,168,1271072,413471,747826,107768,2007,19,0,0,10669,9131,1239,299,1250,258,225,33,3,0,59055,36238,3426,3033,692,167,264,0,0,0,0,0,93,0,14,0,0,4,0,1,0,0,0,0,0,4,0,0,0,0,7,2,9,3,0,0,0,0,9,0,0,0,3,551,337262,0,0,0,0,51,67,15,0,0,12,2,2,2,Jolteon
4-15,19:57:38,NINTEN,Pidgey,Swimmer,3,Route 19,3,1:29:42.27,1:29:42,1h29m42s,0,2,2,78,5:53,9.605,DOUBLE-EDGE,MIMIC,FLY,AGILITY,19,10674,1250,226,33,1025,913,458,17,85006,Jolteon, ,Normal,Flying,502168,Pidgey2,Pidgey,,01:29:32.65,01:29:42.27,05:53:21.48,78,0,1,29,42,27,DOUBLE-EDGE,MIMIC,FLY,AGILITY,10,10,15,30,0,0,0,0,131,210,139,125,121,121,150,36996,46649,31901,39532,39532,33498,15,15,15,15,0,0,0,0,0,0,0,156,140,136,136,168,1274087,413740,750572,107768,2007,19,0,0,10674,9136,1239,299,1250,259,226,33,3,0,60258,36429,3473,3080,695,167,264,0,0,0,0,0,94,0,14,0,0,4,0,1,0,0,0,0,0,4,0,0,0,0,7,2,9,3,0,0,0,0,9,0,0,0,3,554,339122,0,0,0,0,51,67,15,0,0,12,2,2,2,Jolteon
4-15,19:57:51,NINTEN,Pidgey,Swimmer,7,Route 19,2,1:29:54.95,1:29:54,1h29m54s,0,2,2,78,5:54,7.939,DOUBLE-EDGE,MIMIC,FLY,AGILITY,19,10679,1251,227,33,1029,915,460,17,85151,Jolteon, ,Normal,Flying,503232,Pidgey2,Pidgey,,01:29:47.02,01:29:54.95,05:54:11.45,78,0,1,29,54,95,DOUBLE-EDGE,MIMIC,FLY,AGILITY,10,10,13,30,0,0,0,0,131,210,139,125,121,121,150,37056,46729,32041,39672,39672,33618,15,15,15,15,0,0,0,0,0,0,0,156,140,136,136,168,1277084,413993,752940,108144,2007,19,0,0,10679,9140,1239,300,1251,260,227,33,3,0,60643,36553,3473,3080,697,169,264,0,0,0,0,0,94,0,14,0,0,4,0,1,0,0,0,0,0,4,0,0,0,0,7,2,9,3,0,0,0,0,9,0,0,0,3,556,340186,0,0,0,0,51,67,15,0,0,12,2,2,2,Jolteon
4-15,19:58:03,NINTEN,Pidgey,Swimmer,4,Route 19,2,1:30:07.43,1:30:07,1h30m7s,0,2,2,78,5:55,7.955,DOUBLE-EDGE,MIMIC,FLY,AGILITY,19,10697,1252,228,33,1033,917,462,17,85301,Jolteon, ,Normal,Flying,504568,Pidgey2,Pidgey,,01:29:59.48,01:30:07.43,05:55:00.57,78,0,1,30,7,43,DOUBLE-EDGE,MIMIC,FLY,AGILITY,10,10,11,30,0,0,0,0,131,210,139,125,121,121,150,37161,46844,32146,39762,39762,33798,15,15,15,15,0,0,0,0,0,0,0,156,140,136,136,168,1280036,414578,755307,108144,2007,19,0,0,10697,9140,1239,318,1252,261,228,33,3,0,61147,36704,3473,3080,699,171,264,0,0,0,0,0,94,0,14,0,0,4,0,1,0,0,0,0,0,4,0,0,0,0,7,2,9,3,0,0,0,0,9,0,0,0,3,558,341522,0,0,0,0,51,67,15,0,0,12,2,2,2,Jolteon
4-15,19:58:19,NINTEN,Pidgey,Swimmer,6,Route 19,3,1:30:22.96,1:30:22,1h30m22s,0,2,2,79,5:56,12.29,DOUBLE-EDGE,MIMIC,FLY,AGILITY,19,10706,1253,229,33,1039,920,465,17,85451,Jolteon, ,Normal,Flying,506913,Pidgey2,Pidgey,,01:30:10.66,01:30:22.96,05:56:02.13,79,0,1,30,22,96,DOUBLE-EDGE,MIMIC,FLY,AGILITY,10,10,8,30,0,0,0,0,134,213,142,127,123,123,153,37316,47068,32371,39937,39937,33969,15,15,15,15,0,0,0,0,0,0,0,159,142,138,138,172,1283712,414865,758696,108144,2007,19,0,0,10706,9140,1239,327,1253,262,229,33,3,0,61720,36924,3473,3080,702,174,264,0,0,0,0,0,94,0,14,0,0,4,0,1,0,0,0,0,0,4,0,0,0,0,7,2,9,3,0,0,0,0,9,0,0,0,3,561,343867,0,0,0,0,51,67,15,0,0,12,2,2,2,Jolteon
4-15,19:58:47,NINTEN,Pidgey,Beauty,12,Route 19,5,1:30:50.86,1:30:50,1h30m50s,0,2,2,79,5:57,19.166,DOUBLE-EDGE,MIMIC,FLY,AGILITY,19,10734,1254,230,33,1051,926,472,17,85596,Jolteon, ,Normal,Flying,510069,Pidgey2,Pidgey,,01:30:31.70,01:30:50.86,05:57:52.26,79,0,1,30,50,86,DOUBLE-EDGE,MIMIC,FLY,AGILITY,10,10,2,30,0,0,0,0,131,213,142,127,123,123,153,37566,47394,32636,40197,40197,34343,15,15,15,15,0,0,0,0,0,0,0,159,142,138,138,172,1290325,415744,764017,108557,2007,19,0,0,10734,9140,1239,355,1254,263,230,33,3,0,63141,37262,3476,3083,707,181,265,0,0,0,0,0,94,0,14,0,0,4,0,1,0,0,0,0,0,4,0,0,0,0,7,2,9,3,0,0,0,0,9,0,0,0,3,566,347023,0,0,0,0,51,67,15,0,0,12,2,2,2,Jolteon
4-15,19:59:16,NINTEN,Pidgey,Beauty,13,Route 19,2,1:31:19.74,1:31:19,1h31m19s,0,2,2,79,5:59,9.64,DOUBLE-EDGE,MIMIC,FLY,AGILITY,19,10798,1265,231,33,1055,928,474,17,87486,Jolteon, ,Normal,Flying,511873,Pidgey2,Pidgey,,01:31:10.10,01:31:19.74,05:59:46.15,79,0,1,31,19,74,DOUBLE-EDGE,MIMIC,FLY,AGILITY,15,10,13,30,0,0,0,0,213,213,142,127,123,123,153,37691,47553,32761,40327,40327,34474,15,15,15,15,0,0,0,0,0,0,0,159,142,138,138,172,1297154,418442,766781,109924,2007,19,0,0,10798,9171,1239,388,1265,264,231,33,3,0,63586,37425,3476,3083,709,183,265,0,0,0,0,0,94,0,14,0,0,4,0,1,0,0,0,0,0,4,0,0,0,0,7,2,9,3,0,0,0,0,9,0,0,0,3,568,348827,0,0,0,0,51,67,15,0,0,12,2,2,2,Jolteon
4-15,19:59:36,NINTEN,Pidgey,Swimmer,8,Route 19,5,1:31:39.99,1:31:39,1h31m39s,0,2,2,79,6:01,17.66,DOUBLE-EDGE,MIMIC,FLY,AGILITY,19,10799,1265,232,33,1065,933,479,17,89586,Jolteon, ,Normal,Flying,515364,Pidgey2,Pidgey,,01:31:22.33,01:31:39.99,06:01:06.09,79,0,1,31,39,99,DOUBLE-EDGE,MIMIC,FLY,AGILITY,15,10,8,30,0,0,0,0,213,213,142,127,123,123,153,37911,47788,33021,40787,40787,34859,15,15,15,15,0,0,0,0,0,0,0,159,142,138,138,172,1301948,418584,771433,109924,2007,19,0,0,10799,9171,1239,389,1265,265,232,33,3,0,65412,37747,3476,3083,714,188,265,0,0,0,0,0,96,0,14,0,0,4,0,1,0,0,0,0,0,4,0,0,0,0,7,2,9,3,0,0,0,0,9,0,0,0,3,573,352318,0,0,0,0,51,67,15,0,0,12,2,2,2,Jolteon
4-15,19:59:48,NINTEN,Pidgey,Beauty,14,Route 19,3,1:31:52.29,1:31:52,1h31m52s,0,2,2,79,6:01,9.3,DOUBLE-EDGE,MIMIC,FLY,AGILITY,19,10800,1266,233,33,1068,936,479,17,89721,Jolteon, ,Normal,Flying,517338,Pidgey2,Pidgey,,01:31:42.99,01:31:52.29,06:01:54.31,79,0,1,31,52,29,DOUBLE-EDGE,MIMIC,FLY,AGILITY,12,10,8,30,0,0,0,0,168,213,142,127,123,123,153,38001,47923,33186,40997,40997,35114,15,15,15,15,0,0,0,0,0,0,0,159,142,138,138,172,1304850,418802,774117,109924,2007,19,0,0,10800,9171,1239,390,1266,266,233,33,3,0,66456,37930,3521,3128,717,188,265,0,0,0,0,0,96,0,14,0,0,4,0,1,0,0,0,0,0,4,0,0,0,0,7,2,9,3,0,0,0,0,9,0,0,0,3,576,354292,0,0,0,0,51,67,15,0,0,12,2,2,2,Jolteon
4-15,20:00:09,NINTEN,Pidgey,Swimmer,11,Route 20,4,1:32:13.52,1:32:13,1h32m13s,0,2,2,79,6:03,15.529,DOUBLE-EDGE,MIMIC,FLY,AGILITY,19,10825,1267,234,33,1078,941,485,17,91751,Jolteon, ,Normal,Flying,519762,Pidgey2,Pidgey,,01:31:57.99,01:32:13.52,06:03:18.23,79,0,1,32,13,52,DOUBLE-EDGE,MIMIC,FLY,AGILITY,12,10,3,30,0,0,0,0,168,213,142,127,123,123,153,38146,48108,33491,41302,41302,35379,15,15,15,15,0,-1,0,0,0,0,0,178,93,155,155,193,1309882,419668,778283,109924,2007,19,0,0,10825,9171,1239,415,1267,267,234,33,3,0,67276,38180,3521,3128,721,194,266,0,0,0,0,0,96,0,14,0,0,4,0,1,0,0,0,0,0,4,0,0,0,0,7,2,9,3,0,0,0,0,9,0,0,0,3,580,356716,0,0,0,0,51,67,15,0,0,12,2,2,2,Jolteon
4-15,20:00:19,NINTEN,Pidgey,Swimmer,9,Route 20,2,1:32:23.39,1:32:23,1h32m23s,0,2,2,79,6:03,7.058,DOUBLE-EDGE,MIMIC,FLY,AGILITY,19,10825,1268,235,33,1080,943,485,17,91891,Jolteon, ,Normal,Flying,521753,Pidgey2,Pidgey,,01:32:16.34,01:32:23.39,06:03:57.14,79,0,1,32,23,39,DOUBLE-EDGE,MIMIC,FLY,AGILITY,10,10,3,30,0,0,0,0,133,213,142,127,123,123,153,38226,48268,33771,41432,41432,35489,15,15,15,15,0,0,0,0,0,0,0,159,142,138,138,172,1312213,419848,780434,109924,2007,19,0,0,10825,9171,1239,415,1268,268,235,33,3,0,67597,38320,3556,3163,723,194,266,0,0,0,0,0,96,0,14,0,0,4,0,1,0,0,0,0,0,4,0,0,0,0,7,2,9,3,0,0,0,0,9,0,0,0,3,582,358707,0,0,0,0,51,67,15,0,0,12,2,2,2,Jolteon
4-15,20:00:33,NINTEN,Pidgey,Beauty,15,Route 20,3,1:32:36.87,1:32:36,1h32m36s,0,2,2,79,6:04,9.228,DOUBLE-EDGE,MIMIC,FLY,AGILITY,19,10844,1268,236,33,1083,946,485,17,92046,Jolteon, ,Normal,Flying,524277,Pidgey2,Pidgey,,01:32:27.64,01:32:36.87,06:04:50.18,79,0,1,32,36,87,DOUBLE-EDGE,MIMIC,FLY,AGILITY,7,10,3,30,0,0,0,0,80,213,142,127,123,123,153,38366,48438,34031,41692,41692,35719,15,15,15,15,0,0,0,0,0,0,0,159,142,138,138,172,1315397,420381,783085,109924,2007,19,0,0,10844,9171,1239,434,1268,269,236,33,3,0,68502,38536,3609,3216,726,194,266,0,0,0,0,0,97,0,14,0,0,4,0,1,0,0,0,0,0,4,0,0,0,0,7,2,9,3,0,0,0,0,9,0,0,0,3,585,361231,0,0,0,0,51,67,15,0,0,12,2,2,2,Jolteon
4-15,20:00:46,NINTEN,Pidgey,Beauty,6,Route 20,1,1:32:49.66,1:32:49,1h32m49s,0,2,2,79,6:05,4.358,DOUBLE-EDGE,MIMIC,FLY,AGILITY,19,10877,1280,237,33,1084,947,485,17,94146,Jolteon, ,Normal,Flying,525552,Pidgey2,Pidgey,,01:32:45.30,01:32:49.66,06:05:40.40,79,0,1,32,49,66,DOUBLE-EDGE,MIMIC,FLY,AGILITY,6,10,3,30,0,0,0,0,54,213,142,127,123,123,153,38446,48530,34096,41772,41772,35787,15,15,15,15,0,0,0,0,0,0,0,159,142,138,138,172,1318419,421375,784591,110446,2007,19,0,0,10877,9193,1239,445,1280,270,237,33,3,0,68931,38642,3635,3242,727,194,266,0,0,0,0,0,98,0,14,0,0,4,0,1,0,0,0,0,0,4,0,0,0,0,7,2,9,3,0,0,0,0,9,0,0,0,3,586,362506,0,0,0,0,51,67,15,0,0,12,2,2,2,Jolteon
4-15,20:01:10,NINTEN,Pidgey,Beauty,8,Route 20,2,1:33:13.94,1:33:13,1h33m13s,0,2,2,80,6:07,7.546,DOUBLE-EDGE,MIMIC,FLY,AGILITY,19,10918,1280,238,33,1086,949,485,17,96596,Jolteon, ,Normal,Flying,527191,Pidgey2,Pidgey,,01:33:06.39,01:33:13.94,06:07:16.11,80,0,1,33,13,94,DOUBLE-EDGE,MIMIC,FLY,AGILITY,13,10,15,30,0,0,0,0,177,217,145,129,125,125,156,38566,48672,34201,41892,41892,35945,15,15,15,15,0,0,0,0,0,0,0,163,145,140,140,175,1324150,423596,786863,111684,2007,19,0,0,10918,9211,1239,468,1280,271,238,33,3,0,69661,38807,3675,3282,729,194,266,0,0,0,0,0,98,0,14,0,0,4,0,1,0,0,0,0,0,4,0,0,0,0,7,2,9,3,0,0,0,0,9,0,0,0,3,588,364145,0,0,0,0,51,67,15,0,0,12,2,2,2,Jolteon
4-15,20:06:04,NINTEN,Pidgey,Lorelei,1,Lorelei's Room,5,1:38:07.66,1:38:07,1h38m7s,6,2,8,80,6:13,44.88,DOUBLE-EDGE,MIMIC,FLY,AGILITY,21,11002,1288,239,33,1111,965,501,18,29766,Jolteon, ,Normal,Flying,537700,Pidgey2,Pidgey,Lorelei,01:37:22.78,01:38:07.66,06:13:43.51,80,6,1,38,7,66,DOUBLE-EDGE,MIMIC,FLY,AGILITY,14,6,6,28,0,0,0,0,37,217,145,129,125,125,156,38996,49047,34686,42342,42342,36270,15,15,15,15,0,0,6,6,4,0,0,290,258,562,562,747,1347416,431228,798305,115718,2165,21,1,0,11002,9295,1239,468,1288,272,239,33,3,0,71137,39853,3855,3462,740,203,271,0,0,0,0,0,98,0,14,0,0,4,0,1,0,0,0,0,0,4,0,0,0,0,7,2,9,3,0,0,0,0,9,1,0,0,3,593,374654,0,0,0,0,51,90,15,0,0,12,2,2,8,Jolteon
4-15,20:06:45,NINTEN,Pidgey,Bruno,1,Bruno's Room,5,1:38:49.50,1:38:49,1h38m49s,6,2,8,80,6:16,26.096,DOUBLE-EDGE,MIMIC,FLY,AGILITY,22,11013,1289,240,33,1124,972,507,18,35310,Jolteon, ,Normal,Flying,545907,Pidgey2,Pidgey,Bruno,01:38:23.40,01:38:49.50,06:16:29.12,80,6,1,38,49,50,DOUBLE-EDGE,MIMIC,FLY,AGILITY,15,7,11,30,0,0,0,0,187,217,145,129,125,125,156,39256,49492,35218,42537,42537,36628,15,15,15,15,0,-1,0,0,0,0,0,183,95,157,157,196,1357337,432259,804993,117920,2165,22,1,0,11013,9306,1239,468,1289,273,240,33,3,0,72285,40512,3885,3492,747,207,273,0,0,0,0,0,100,0,15,0,0,4,0,1,0,0,0,0,0,4,0,0,0,0,7,2,9,3,0,0,0,0,9,1,0,0,3,598,382861,0,0,0,0,51,90,15,0,0,12,2,2,8,Jolteon
4-15,20:07:41,NINTEN,Pidgey,Agatha,1,Agatha's Room,5,1:39:44.67,1:39:44,1h39m44s,6,2,8,81,6:20,43.074,DOUBLE-EDGE,MIMIC,FLY,AGILITY,23,11024,1290,241,33,1143,983,518,18,41052,Jolteon, ,Normal,Flying,555993,Pidgey2,Pidgey,Agatha,01:39:01.59,01:39:44.67,06:20:07.05,81,6,1,39,44,67,DOUBLE-EDGE,MIMIC,FLY,AGILITY,14,8,7,30,0,0,0,0,126,219,146,132,127,127,158,39556,49837,35522,43052,43052,37113,15,15,15,15,0,0,0,0,0,0,0,164,148,142,142,177,1370410,433263,815709,119273,2165,23,1,0,11024,9317,1239,468,1290,274,241,33,3,0,73527,41352,3934,3531,757,212,275,0,0,0,0,0,100,0,15,0,0,5,0,1,0,0,0,0,0,4,0,0,0,0,9,2,9,3,0,0,0,0,9,1,0,0,3,603,392947,0,0,0,0,51,90,15,0,0,12,2,2,8,Jolteon
4-15,20:08:57,NINTEN,Pidgey,Lance,1,Lance's Room,5,1:41:01.43,1:41:01,1h41m1s,7,2,9,81,6:23,29.147,DOUBLE-EDGE,MIMIC,FLY,AGILITY,24,11074,1292,242,33,1155,994,523,18,46992,Jolteon, ,Normal,Flying,567599,Pidgey2,Pidgey,Lance,01:40:32.29,01:41:01.43,06:23:09.47,81,7,1,41,1,43,DOUBLE-EDGE,MIMIC,FLY,AGILITY,15,3,14,27,0,0,0,0,44,219,146,132,127,127,158,39944,50369,35891,43452,43452,37544,15,15,15,15,0,0,0,0,6,0,0,232,209,200,200,711,1381378,435039,823370,120647,2322,24,2,0,11074,9367,1239,468,1292,275,242,33,3,0,75213,42194,4109,3706,764,215,278,0,0,0,0,0,101,0,15,0,0,5,0,1,0,0,0,0,0,4,0,0,0,0,9,2,9,3,0,0,0,0,9,1,0,0,3,608,404553,0,0,0,0,51,90,15,0,0,12,2,2,9,Jolteon
4-15,20:11:30,NINTEN,Pidgey,Champion,1,Champions Room,6,1:43:34.23,1:43:34,1h43m34s,8,2,10,82,6:30,62.358,REST,MIMIC,FLY,AGILITY,27,11082,1292,243,33,1175,1009,537,14,53130,Jolteon, ,Normal,Flying,583890,Pidgey2,Pidgey,Champion,01:42:31.88,01:43:34.23,06:30:35.05,82,8,1,43,34,23,REST,MIMIC,FLY,AGILITY,8,5,14,27,0,2,0,0,45,223,149,133,129,129,160,40357,50850,36446,44062,44062,38084,15,15,15,15,0,0,0,0,6,0,0,236,210,205,205,720,1408101,437056,838791,129775,2479,27,3,0,11082,9375,1239,468,1292,276,243,33,3,0,76705,43190,4508,4105,774,217,289,0,0,0,0,0,101,0,18,0,0,5,0,1,0,0,0,0,0,4,0,0,0,0,9,2,9,3,0,0,0,0,11,1,0,0,3,614,419602,0,0,0,0,51,90,15,0,0,13,2,2,10,Jolteon
4-15,20:11:46,NINTEN,Pidgey,Champion,1,Hall of Fame,6,1:43:34.24,1:43:34,1h43m34s,8,2,10,82,6:31,78.601,REST,MIMIC,FLY,AGILITY,27,11091,1293,243,33,1175,1009,537,14,59565,Jolteon, ,Normal,Flying,583890,Pidgey2,Pidgey,Champion,01:42:31.88,01:43:34.24,06:31:39.27,82,8,1,43,34,24,REST,MIMIC,FLY,AGILITY,8,5,14,27,0,2,0,0,45,223,149,133,129,129,160,40357,50850,36446,44062,44062,38084,15,15,15,15,0,0,0,0,6,0,0,236,210,205,205,720,1411963,440454,839255,129775,2479,27,3,0,11091,9384,1239,468,1293,276,243,33,3,0,76705,43190,4508,4105,774,217,289,0,0,0,0,0,101,0,18,0,0,5,0,1,0,0,0,0,0,4,0,0,0,0,9,2,9,3,0,0,0,0,11,1,0,0,3,614,419602,0,0,0,0,51,90,15,0,0,13,2,2,10,Jolteon
