date_string,time_string,player_name,pokemon,trainer_name,trainer_id,location,total_pokemon,real_time_total,real_time_hmmss,real_time_file_label,resets,blackouts,failures,level,game_time,battle_duration,move1,move2,move3,move4,move1pp,move2pp,move3pp,move4pp,move1ppUp,move2ppUp,move3ppUp,move4ppUp,saves,steps,bonks,trainerBattles,wildBattles,battleTurns,playerTurns,enemyTurns,itemsInBag,money,rivalTeam,statusCondition,type1,type2,experience,ROM,Species,Trainer,Start Time,Real Time,Game Time,Level,Resets,RTHours,RTMinutes,RTSeconds,RTMilliseconds,Move 1,Move 2,Move 3,Move 4,Hp,Max HP,Attack,Defense,Sp. Attack,Sp. Defense,Speed,Attack DV,Defense DV,Speed DV,Special DV,StatExp HP,StatExp Attack,StatExp Def,StatExp Sp. Attack,StatExp Sp. Defense,StatExp Speed,Attack Stage,Defense Stage,Sp. Attack Stage,Sp. Defense Stage,Speed Stage,Accuracy Stage,Evasion Stage,Battle Attack,Battle Defense,Battle Sp. Attack,Battle Sp. Defense,Battle Speed,Frame Count,Overworld Frame Count,Battle Frame Count,Menu Frame Count,Intro Frame Count,Save Count,Reload Count,Clock Reset Count,Steps Count,Steps Count Walk,Steps Count Bike,Steps Count Surf,Bonks,Battles,Trainer Battles,Wild Battles,Battles Fled,Failed Runs,Total Damage Dealt,Actual Damage Dealt,Total Damage Taken,Actual Damage Taken,Own Moves Hit,Own Moves Missed,Enemy Moves Hit,Enemy Moves Missed,Own Moves Super Effective,Own Moves Not Very Effective,Enemy Moves Super Effective,Enemy Moves Not Very Effective,Criticals Dealt,OHKOs Dealt,Criticals Taken,OHKOs Taken,Was Confused,Enemy Became Confused,Was Paralyzed,Enemy Was Paralyzed,Was Burned,Enemy Was Burned,Was Frozen,Enemy Was Frozen,Was Poisoned,Enemy Was Poisoned,Was Badly Poisoned,Enemy Was Badly Poisoned,Fell Asleep,Enemy Fell Asleep,Player Turns Confused,Player Turns Confused Hit Self,Player Turns Paralyzed,Player Turns Paralyzed Fully,Enemy Turns Confused,Enemy Turns Confused Hit Self,Enemy Turns Paralyzed,Enemy Turns Paralyzed Fully, Player Turns Asleep, Enemy Turns Asleep,Player HP Healed,Enemy HP Healed,Player Pokemon Fainted,Enemy Pokemon Fainted,Experience Gained,Switchouts,Money Made,Money Spent,Money Lost,Items Picked Up,Items Bought,Items Sold,Balls Thrown,Pokemon Caught In Balls,Moves Learnt,Blackouts,Attempt Number,Failures, Rival's Team
2-17,14:22:28,NINTEN,Roselia,Rival1-Lab,1,Pallet Town - Oak's Lab,1,52.87,52,0h0m52s,0,0,0,6,0:02,12.179,ABSORB,GROWTH,,,0,71,2,1,1,5,5,4,0,3000,Jolteon, ,Grass,Poison,232,Roselia2,Roselia,Rival (Lab),00:00:40.69,00:00:52.87,00:02:56.15,6,0,0,0,52,87,ABSORB,GROWTH,,,17,38,0,0,0,0,0,0,14,23,14,12,18,18,14,55,55,50,65,65,55,15,15,15,15,0,-2,2,2,0,0,0,14,6,36,36,14,12529,6402,4145,0,1982,0,0,0,71,71,0,0,2,2,1,1,0,0,23,21,19,19,3,0,4,0,0,0,0,0,0,0,0,0,0,0,0,0,0,0,0,0,0,0,0,0,0,0,0,0,0,0,0,0,0,0,0,0,0,0,0,1,97,0,0,0,0,0,0,0,0,0,0,0,2,0,Jolteon
2-17,14:24:45,NINTEN,Roselia,Bug Catcher,3,Viridian Forest,1,3:09.54,3:09,0h3m9s,0,0,0,8,0:11,19.338,ABSORB,GROWTH,,,0,630,23,2,11,18,18,17,2,75,Flareon, ,Grass,Poison,344,Roselia2,Roselia,,00:02:50.20,00:03:09.54,00:11:55.24,8,0,0,3,9,54,ABSORB,GROWTH,,,11,36,0,0,0,0,0,0,18,28,17,14,23,23,17,100,85,85,85,85,100,15,15,15,15,0,0,3,3,-3,0,0,17,14,57,57,6,44878,23160,19270,466,1982,0,0,0,630,630,0,0,23,13,2,11,8,0,57,54,52,52,10,4,15,0,0,0,0,0,0,0,1,0,0,0,0,0,0,0,0,0,0,0,0,0,0,0,0,0,0,0,0,0,0,0,0,0,0,0,0,2,209,0,0,0,0,1,11,0,1,1,0,0,2,0,Flareon
2-17,14:25:17,NINTEN,Roselia,Jr Trainer M,1,Pewter City - Gym,2,3:42.15,3:42,0h3m42s,0,0,0,10,0:14,15.573,ABSORB,GROWTH,POISON STING,,0,754,28,3,11,23,23,21,2,175,Flareon, ,Grass,Poison,678,Roselia2,Roselia,,00:03:26.58,00:03:42.15,00:14:04.04,10,0,0,3,42,15,ABSORB,GROWTH,POISON STING,,16,39,35,0,0,0,0,0,30,33,20,17,28,28,21,160,215,195,160,160,235,15,15,15,15,0,0,1,1,0,0,0,20,17,42,42,21,52598,26659,23491,466,1982,0,0,0,754,754,0,0,28,14,3,11,8,0,133,105,78,78,14,4,19,0,0,0,0,0,0,0,2,0,0,0,0,0,0,0,0,0,0,0,0,0,0,0,0,0,0,0,0,0,0,0,0,0,0,0,0,4,543,0,0,0,0,1,11,0,1,1,1,0,2,0,Flareon
2-17,14:25:35,NINTEN,Roselia,Brock,1,Pewter City - Gym,2,3:59.76,3:59,0h3m59s,0,0,0,12,0:15,8.504,ABSORB,GROWTH,POISON STING,,1,758,29,4,11,25,25,21,2,355,Flareon, ,Grass,Poison,1138,Roselia2,Roselia,Brock,00:03:51.25,00:03:59.76,00:15:13.32,12,0,0,3,59,76,ABSORB,GROWTH,POISON STING,,14,39,35,0,0,0,0,0,38,38,23,20,32,32,24,235,340,455,220,220,325,15,15,15,15,0,0,0,0,0,0,0,23,20,32,32,24,56766,27199,26063,1522,1982,1,0,0,758,758,0,0,29,15,4,11,8,0,227,166,78,78,16,4,19,0,0,0,0,0,1,0,2,0,0,0,0,0,0,0,0,0,0,0,0,0,0,0,0,0,0,0,0,0,0,0,0,0,0,0,0,6,1003,0,0,0,0,1,11,0,1,1,1,0,2,0,Flareon
2-17,14:26:11,NINTEN,Roselia,Bug Catcher,4,Route 3,3,4:36.04,4:36,0h4m36s,0,0,0,13,0:17,21.099,ABSORB,GROWTH,POISON STING,STUN SPORE,1,859,29,5,11,35,35,28,3,1543,Flareon, ,Grass,Poison,1473,Roselia2,Roselia,,00:04:14.94,00:04:36.04,00:17:37.14,13,0,0,4,36,4,ABSORB,GROWTH,POISON STING,STUN SPORE,14,39,25,30,0,0,0,0,25,40,25,21,35,35,26,365,435,555,280,280,465,15,15,15,15,0,0,0,0,-1,0,0,31,21,35,35,17,65388,29788,32096,1522,1982,1,0,0,859,859,0,0,29,16,5,11,8,0,332,255,93,93,26,5,25,0,0,0,0,0,3,0,2,0,0,0,0,0,0,0,0,0,0,0,0,0,0,0,0,0,0,0,0,0,0,0,0,0,0,0,0,9,1338,0,0,0,0,1,11,0,1,1,2,0,2,0,Flareon
2-17,14:26:35,NINTEN,Roselia,Youngster,1,Route 3,2,5:00.02,5:00,0h5m0s,0,0,0,14,0:19,20.691,ABSORB,GROWTH,POISON STING,STUN SPORE,1,863,29,6,11,45,43,35,3,1643,Flareon, ,Grass,Poison,1751,Roselia2,Roselia,,00:04:39.33,00:05:00.02,00:19:12.08,14,0,0,5,0,2,ABSORB,GROWTH,POISON STING,STUN SPORE,8,37,25,30,0,0,0,0,13,42,26,22,37,37,28,430,551,634,345,345,592,15,15,15,15,0,-1,2,2,0,0,0,29,14,74,74,28,71082,30069,37509,1522,1982,1,0,0,863,863,0,0,29,17,6,11,8,0,423,314,136,136,32,5,32,0,0,0,0,0,3,0,2,0,0,0,0,0,0,0,0,0,0,0,0,0,0,0,0,0,0,0,0,0,0,0,0,0,0,0,0,11,1616,0,0,0,0,1,11,0,1,1,2,0,2,0,Flareon
2-17,14:27:04,NINTEN,Roselia,Bug Catcher,5,Route 3,4,5:28.74,5:28,0h5m28s,0,0,0,15,0:21,23.801,ABSORB,GROWTH,POISON STING,STUN SPORE,1,867,29,7,11,56,54,42,3,1808,Flareon, ,Grass,Poison,2226,Roselia2,Roselia,,00:05:04.94,00:05:28.74,00:21:05.29,15,0,0,5,28,74,ABSORB,GROWTH,POISON STING,STUN SPORE,8,37,14,30,0,0,0,0,34,45,28,24,40,40,29,610,661,804,435,435,752,15,15,15,15,0,0,0,0,-1,0,0,31,24,40,40,19,77883,30307,43646,1948,1982,1,0,0,867,867,0,0,29,18,7,11,8,0,550,426,138,138,43,6,34,0,0,0,0,0,5,0,2,0,0,0,0,0,0,0,0,0,2,0,0,0,0,0,0,0,0,0,0,0,0,0,0,0,0,0,0,15,2091,0,0,0,0,1,11,0,1,1,2,0,2,0,Flareon
2-17,14:27:21,NINTEN,Roselia,Bug Catcher,6,Route 3,2,5:46.04,5:46,0h5m46s,0,0,0,15,0:22,13.218,ABSORB,GROWTH,STUN SPORE,POISON STING,1,875,30,8,11,61,59,45,3,1898,Flareon, ,Grass,Poison,2519,Roselia2,Roselia,,00:05:32.83,00:05:46.04,00:22:13.51,15,0,0,5,46,4,ABSORB,GROWTH,STUN SPORE,POISON STING,8,37,30,9,0,0,0,0,31,45,28,24,40,40,29,705,711,894,480,480,827,15,15,15,15,0,0,0,0,0,0,0,31,24,40,40,29,81986,30751,47305,1948,1982,1,0,0,875,875,0,0,30,19,8,11,8,0,628,491,141,141,48,6,35,0,0,0,0,0,5,0,2,0,0,0,0,0,0,0,0,0,3,0,0,0,0,0,0,0,0,0,0,0,0,0,0,0,0,0,0,17,2384,0,0,0,0,1,11,0,1,1,2,0,2,0,Flareon
2-17,14:28:24,NINTEN,Roselia,Hiker,1,Mt Moon - 1,3,6:49.18,6:49,0h6m49s,0,0,0,17,0:26,15.317,MEGA DRAIN,GROWTH,ABSORB,POISON STING,1,1118,43,9,17,66,64,45,4,2008,Flareon, ,Grass,Poison,3360,Roselia2,Roselia,,00:06:33.87,00:06:49.18,00:26:22.49,17,0,0,6,49,18,MEGA DRAIN,GROWTH,ABSORB,POISON STING,9,40,16,35,0,0,0,0,50,50,31,26,45,45,33,900,1076,1454,630,630,977,15,15,15,15,0,0,0,0,0,0,0,34,26,45,45,33,96923,36443,56550,1948,1982,1,0,0,1118,1118,0,0,43,26,9,17,12,0,1038,635,141,141,53,6,35,0,0,0,0,0,5,0,2,0,0,0,0,0,0,0,0,0,3,0,0,0,0,0,0,0,0,0,0,0,0,0,0,0,0,0,0,22,3225,0,0,0,0,2,11,0,1,1,3,0,2,0,Flareon
2-17,14:29:08,NINTEN,Roselia,Super Nerd,2,Mt Moon - 3,3,7:33.19,7:33,0h7m33s,0,0,0,18,0:29,21.012,MEGA DRAIN,GROWTH,ABSORB,POISON STING,1,1239,52,10,20,74,72,50,4,2358,Flareon, ,Grass,Poison,4147,Roselia2,Roselia,,00:07:12.17,00:07:33.19,00:29:16.30,18,0,0,7,33,19,MEGA DRAIN,GROWTH,ABSORB,POISON STING,6,37,14,35,0,0,0,0,51,52,33,28,47,47,35,1060,1251,1649,785,785,1137,15,15,15,15,0,0,3,3,0,0,0,37,28,117,117,35,107344,39195,64219,1948,1982,1,0,0,1239,1239,0,0,52,30,10,20,15,0,1178,744,145,145,58,8,39,0,0,0,0,0,5,0,2,0,0,0,0,0,0,0,0,0,3,0,0,0,0,0,0,0,0,0,0,0,0,0,0,0,0,0,0,25,4012,0,0,0,0,2,11,0,1,1,3,0,2,0,Flareon
2-17,14:29:36,NINTEN,Roselia,Rocket,42,Mt Moon - 3,3,8:00.63,8:00,0h8m0s,0,0,0,19,0:31,19.818,MEGA DRAIN,GROWTH,ABSORB,POISON STING,1,1255,54,11,20,84,79,54,5,2658,Flareon, ,Grass,Poison,4882,Roselia2,Roselia,,00:07:40.81,00:08:00.63,00:31:05.11,19,0,0,8,0,63,MEGA DRAIN,GROWTH,ABSORB,POISON STING,2,34,14,35,0,0,0,0,55,55,35,29,50,50,37,1175,1421,1823,925,925,1317,15,15,15,15,0,0,3,3,0,0,0,39,29,125,125,37,113865,40607,69328,1948,1982,1,0,0,1255,1255,0,0,54,31,11,20,15,0,1330,854,167,167,62,8,43,0,0,0,0,0,5,0,3,0,0,0,0,0,0,0,0,0,3,0,0,0,0,0,0,0,0,0,0,0,0,0,0,0,0,0,0,28,4747,0,0,0,0,2,11,0,1,1,3,0,2,0,Flareon
2-17,14:30:04,NINTEN,Roselia,Swimmer,1,Cerulean City - Gym,2,8:29.03,8:29,0h8m29s,0,0,0,20,0:32,9.478,MEGA DRAIN,GROWTH,ABSORB,POISON STING,1,1393,63,12,20,87,82,55,5,3078,Flareon, ,Grass,Poison,5496,Roselia2,Roselia,,00:08:19.55,00:08:29.03,00:32:57.10,20,0,0,8,29,3,MEGA DRAIN,GROWTH,ABSORB,POISON STING,8,39,20,35,0,0,0,0,57,57,37,31,52,52,38,1235,1526,1993,1040,1040,1417,15,15,15,15,0,0,1,1,0,0,0,41,31,78,78,38,120584,44594,72060,1948,1982,1,0,0,1393,1393,0,0,63,32,12,20,15,0,1461,930,169,169,64,8,44,0,0,0,0,0,5,0,3,0,0,0,0,0,0,0,0,0,3,0,0,0,0,0,0,0,0,0,0,0,0,0,0,0,0,0,0,30,5361,0,0,0,0,2,11,0,1,1,3,0,2,0,Flareon
2-17,14:30:15,NINTEN,Roselia,Jr Trainer F,1,Cerulean City - Gym,1,8:39.51,8:39,0h8m39s,0,0,0,20,0:33,6.659,MEGA DRAIN,GROWTH,ABSORB,POISON STING,1,1401,64,13,20,89,84,56,5,3158,Flareon, ,Grass,Poison,5947,Roselia2,Roselia,,00:08:32.85,00:08:39.51,00:33:38.34,20,0,0,8,39,51,MEGA DRAIN,GROWTH,ABSORB,POISON STING,7,38,20,35,0,0,0,0,57,57,37,31,52,52,38,1280,1593,2053,1090,1090,1480,15,15,15,15,0,0,1,1,0,0,0,46,31,78,78,38,123068,45019,74119,1948,1982,1,0,0,1401,1401,0,0,64,33,13,20,15,0,1532,979,183,183,65,8,45,0,0,0,0,0,5,0,3,0,0,0,0,0,0,0,0,0,3,0,0,0,0,0,0,0,0,0,0,0,0,0,0,0,0,0,0,31,5812,0,0,0,0,2,11,0,1,1,3,0,2,0,Flareon
2-17,14:30:37,NINTEN,Roselia,Misty,1,Cerulean City - Gym,2,9:02.12,9:02,0h9m2s,0,0,0,21,0:35,18.431,MEGA DRAIN,GROWTH,ABSORB,POISON STING,1,1402,72,14,20,94,89,61,5,3538,Flareon, ,Grass,Poison,7286,Roselia2,Roselia,Misty,00:08:43.69,00:09:02.12,00:35:08.13,21,0,0,9,2,12,MEGA DRAIN,GROWTH,ABSORB,POISON STING,4,36,20,35,0,0,0,0,60,60,38,32,55,55,40,1370,1713,2193,1260,1260,1680,15,15,15,15,0,0,2,2,0,0,0,42,32,110,110,40,128447,45515,79002,1948,1982,1,0,0,1402,1402,0,0,72,34,14,20,15,0,1702,1079,202,202,68,8,48,0,0,0,0,0,5,0,4,0,0,0,0,0,0,0,0,0,3,0,0,0,0,0,0,0,0,0,0,0,0,0,0,0,0,0,0,33,7151,0,0,0,0,2,11,0,1,1,3,0,2,0,Flareon
2-17,14:31:22,NINTEN,Roselia,Rival2-Nugget Bridge,3,Cerulean City,4,9:46.81,9:46,0h9m46s,0,0,0,22,0:38,21.304,MEGA DRAIN,GROWTH,ABSORB,POISON STING,2,1504,76,15,20,102,97,66,6,5617,Flareon, ,Grass,Poison,8324,Roselia2,Roselia,Rival (Nugget Bridge),00:09:25.50,00:09:46.81,00:38:04.34,22,0,0,9,46,81,MEGA DRAIN,GROWTH,ABSORB,POISON STING,5,38,19,35,0,0,0,0,50,62,40,34,57,57,42,1545,1959,2393,1411,1411,1917,15,15,15,15,0,-2,2,2,0,0,0,45,17,114,114,42,139028,49861,84674,2511,1982,2,0,0,1504,1504,0,0,76,35,15,20,15,0,2075,1250,266,266,74,8,53,0,0,0,0,0,5,0,4,0,0,0,0,0,0,0,0,0,3,0,0,0,0,0,0,0,0,0,0,0,0,0,0,0,0,0,0,37,8189,0,0,0,0,3,11,0,1,1,3,0,2,0,Flareon
2-17,14:31:41,NINTEN,Roselia,Bug Catcher,9,Route 24,2,10:06.01,10:06,0h10m6s,0,0,0,22,0:39,11.499,MEGA DRAIN,GROWTH,ABSORB,POISON STING,2,1515,76,16,20,107,102,69,6,6212,Flareon, ,Grass,Poison,8639,Roselia2,Roselia,,00:09:54.51,00:10:06.01,00:39:20.31,22,0,0,10,6,1,MEGA DRAIN,GROWTH,ABSORB,POISON STING,5,38,19,30,0,0,0,0,47,62,40,34,57,57,42,1630,2024,2458,1451,1451,2012,15,15,15,15,0,0,0,0,-2,0,0,56,34,57,57,21,143585,51157,87935,2511,1982,2,0,0,1515,1515,0,0,76,36,16,20,15,0,2173,1325,269,269,79,8,56,0,0,0,0,0,5,0,5,0,0,0,0,0,0,0,0,0,3,0,0,0,0,0,0,0,0,0,0,0,0,0,0,0,0,0,0,39,8504,0,0,0,0,3,11,0,1,1,3,0,2,0,Flareon
2-17,14:32:03,NINTEN,Roselia,Lass,8,Route 24,2,10:27.37,10:27,0h10m27s,0,0,0,23,0:40,18.723,MEGA DRAIN,GROWTH,ABSORB,POISON STING,2,1517,78,17,20,115,110,75,6,6352,Flareon, ,Grass,Poison,8981,Roselia2,Roselia,,00:10:08.65,00:10:27.37,00:40:44.54,23,0,0,10,27,37,MEGA DRAIN,GROWTH,ABSORB,POISON STING,4,37,15,28,0,0,0,0,51,65,42,35,60,60,44,1725,2116,2550,1526,1526,2109,15,15,15,15,-1,0,1,1,0,0,0,30,35,90,90,44,148648,51285,92870,2511,1982,2,0,0,1517,1517,0,0,78,37,17,20,15,0,2265,1403,295,295,86,8,62,0,0,0,0,0,5,0,6,0,0,0,0,0,0,0,0,0,3,0,0,0,0,0,0,0,0,0,0,0,0,0,0,0,0,0,0,41,8846,0,0,0,0,3,11,0,1,1,3,0,2,0,Flareon
2-17,14:32:31,NINTEN,Roselia,Youngster,4,Route 24,3,10:55.40,10:55,0h10m55s,0,0,0,23,0:42,21.049,MEGA DRAIN,GROWTH,ABSORB,POISON STING,3,1521,81,18,20,123,118,80,6,6562,Flareon, ,Grass,Poison,9500,Roselia2,Roselia,,00:10:34.35,00:10:55.40,00:42:35.39,23,0,0,10,55,40,MEGA DRAIN,GROWTH,ABSORB,POISON STING,1,33,14,28,0,0,0,0,65,65,42,35,60,60,44,1830,2277,2664,1631,1631,2291,15,15,15,15,0,-2,4,4,0,0,0,92,17,180,180,44,155293,51506,98349,3456,1982,3,0,0,1521,1521,0,0,81,38,18,20,15,0,2447,1510,324,324,90,8,67,0,0,0,0,0,7,0,6,0,0,1,0,0,0,0,0,0,3,0,0,0,0,0,1,0,0,0,0,0,0,0,0,0,0,0,0,44,9365,0,0,0,0,3,11,0,1,1,3,0,2,0,Flareon
2-17,14:32:52,NINTEN,Roselia,Lass,7,Route 24,2,11:16.87,11:16,0h11m16s,0,0,0,23,0:44,16.25,MEGA DRAIN,GROWTH,ABSORB,POISON STING,4,1525,84,19,20,129,124,84,6,6772,Flareon, ,Grass,Poison,9888,Roselia2,Roselia,,00:11:00.62,00:11:16.87,00:44:00.41,23,0,0,11,16,87,MEGA DRAIN,GROWTH,ABSORB,POISON STING,0,31,11,28,0,0,0,0,64,65,42,35,60,60,44,1925,2369,2756,1706,1706,2388,15,15,15,15,0,0,2,2,0,0,0,58,35,120,120,44,160395,51727,102699,3987,1982,4,0,0,1525,1525,0,0,84,39,19,20,15,0,2550,1597,350,350,94,8,71,0,0,0,0,0,7,0,7,0,0,1,0,0,0,0,0,0,3,0,0,0,0,0,1,0,0,0,0,0,0,0,0,0,0,0,0,46,9753,0,0,0,0,3,11,0,1,1,3,0,2,0,Flareon
2-17,14:33:03,NINTEN,Roselia,Jr Trainer M,3,Route 24,1,11:27.56,11:27,0h11m27s,0,0,0,23,0:44,7.873,MEGA DRAIN,GROWTH,ABSORB,POISON STING,4,1529,86,20,20,132,127,86,6,7012,Flareon, ,Grass,Poison,10173,Roselia2,Roselia,,00:11:19.69,00:11:27.56,00:44:42.53,23,0,0,11,27,56,MEGA DRAIN,GROWTH,ABSORB,POISON STING,0,31,8,28,0,0,0,0,51,65,42,35,60,60,44,1965,2449,2791,1741,1741,2458,15,15,15,15,0,0,0,0,0,0,0,47,35,60,60,44,162927,51925,105033,3987,1982,4,0,0,1529,1529,0,0,86,40,20,20,15,0,2613,1642,372,372,97,8,73,0,0,0,0,0,7,0,8,0,0,1,0,0,0,0,0,0,3,0,0,0,0,0,1,0,0,0,0,0,0,0,0,0,0,0,0,47,10038,0,0,0,0,3,11,0,1,1,3,0,2,0,Flareon
2-17,14:33:44,NINTEN,Roselia,Rocket,6,Route 24,2,12:08.21,12:08,0h12m8s,0,0,0,24,0:47,18.927,MEGA DRAIN,GROWTH,ABSORB,POISON STING,5,1649,97,21,20,142,133,90,7,7372,Flareon, ,Grass,Poison,10543,Roselia2,Roselia,,00:11:49.28,00:12:08.21,00:47:23.55,24,0,0,12,8,21,MEGA DRAIN,GROWTH,ABSORB,POISON STING,7,37,20,35,0,0,0,0,67,67,43,36,62,62,46,2040,2554,2870,1821,1821,2568,15,15,15,15,0,0,3,3,0,0,0,48,36,155,155,46,172589,56021,110030,4556,1982,5,0,0,1649,1649,0,0,97,41,21,20,15,0,2707,1718,399,399,100,8,77,0,0,0,0,0,8,0,9,0,0,1,0,0,0,0,0,0,3,0,0,0,0,0,1,0,0,0,0,0,0,0,0,0,0,0,0,49,10408,0,0,0,0,3,11,0,1,1,3,0,2,0,Flareon
2-17,14:33:58,NINTEN,Roselia,Hiker,4,Route 25,1,12:22.26,12:22,0h12m22s,0,0,0,24,0:48,4.402,MEGA DRAIN,GROWTH,ABSORB,POISON STING,5,1697,102,22,20,143,134,90,7,7822,Flareon, ,Grass,Poison,10936,Roselia2,Roselia,,00:12:17.85,00:12:22.26,00:48:19.27,24,0,0,12,22,26,MEGA DRAIN,GROWTH,ABSORB,POISON STING,6,37,20,35,0,0,0,0,67,67,43,36,62,62,46,2075,2599,3030,1851,1851,2638,15,15,15,15,0,0,0,0,0,0,0,48,36,62,62,46,175921,57814,111569,4556,1982,5,0,0,1697,1697,0,0,102,42,22,20,15,0,2884,1759,399,399,101,8,77,0,0,0,0,0,8,0,9,0,0,1,0,0,0,0,0,0,3,0,0,0,0,0,1,0,0,0,0,0,0,0,0,0,0,0,0,50,10801,0,0,0,0,3,11,0,1,1,3,0,2,0,Flareon
2-17,14:34:20,NINTEN,Roselia,Lass,9,Route 25,2,12:45.14,12:45,0h12m45s,0,0,0,24,0:49,18.588,MEGA DRAIN,GROWTH,ABSORB,POISON STING,5,1707,107,23,20,150,141,95,7,8417,Flareon, ,Grass,Poison,11317,Roselia2,Roselia,,00:12:26.55,00:12:45.14,00:49:50.05,24,0,0,12,45,14,MEGA DRAIN,GROWTH,ABSORB,POISON STING,5,35,16,35,0,0,0,0,67,67,43,36,62,62,46,2176,2703,3122,1931,1931,2729,15,15,15,15,0,0,2,2,0,0,0,60,36,124,124,46,181359,58350,116471,4556,1982,5,0,0,1707,1707,0,0,107,43,23,20,15,0,3000,1843,422,422,106,8,82,0,0,0,0,0,8,0,9,0,0,1,0,0,0,0,0,0,3,0,0,0,0,0,1,0,0,0,0,0,0,0,0,0,0,0,0,52,11182,0,0,0,0,3,11,0,1,1,3,0,2,0,Flareon
2-17,14:34:42,NINTEN,Roselia,Hiker,3,Route 25,4,13:06.37,13:06,0h13m6s,0,0,0,25,0:51,16.71,MEGA DRAIN,GROWTH,ABSORB,POISON STING,5,1715,109,24,20,156,147,97,7,8642,Flareon, ,Grass,Poison,12275,Roselia2,Roselia,,00:12:49.66,00:13:06.37,00:51:13.58,25,0,0,13,6,37,MEGA DRAIN,GROWTH,ABSORB,POISON STING,5,34,11,35,0,0,0,0,70,70,45,38,65,65,48,2366,3023,3472,2056,2056,2824,15,15,15,15,0,0,1,1,0,0,0,50,38,97,97,48,186392,58947,120907,4556,1982,5,0,0,1715,1715,0,0,109,44,24,20,15,0,3588,1991,434,434,111,8,84,0,0,0,0,0,8,0,10,0,0,1,0,0,0,0,0,0,3,0,0,0,0,0,1,0,0,0,0,0,0,0,0,0,0,0,0,56,12140,0,0,0,0,3,11,0,1,1,3,0,2,0,Flareon
2-17,14:35:03,NINTEN,Roselia,Lass,10,Route 25,3,13:27.81,13:27,0h13m27s,0,0,0,25,0:52,16.722,MEGA DRAIN,GROWTH,ABSORB,POISON STING,5,1732,116,25,20,164,155,102,7,9097,Flareon, ,Grass,Poison,12860,Roselia2,Roselia,Oddish Lass,00:13:11.09,00:13:27.81,00:52:38.43,25,0,0,13,27,81,MEGA DRAIN,GROWTH,ABSORB,POISON STING,3,31,11,32,0,0,0,0,70,70,45,38,65,65,48,2496,3168,3622,2241,2241,2940,15,15,15,15,0,0,3,3,0,0,0,70,38,162,162,48,191477,59590,125349,4556,1982,5,0,0,1732,1732,0,0,116,45,25,20,15,0,3742,2098,434,434,116,13,89,0,0,0,0,0,10,0,10,0,0,1,0,0,0,0,0,0,3,0,0,0,0,0,1,0,0,0,0,0,0,0,0,0,0,0,0,59,12725,0,0,0,0,3,11,0,1,1,3,0,2,0,Flareon
2-17,14:35:44,NINTEN,Roselia,Cerulean Rocket,5,Cerulean City,2,14:08.72,14:08,0h14m8s,0,0,0,26,0:55,15.904,MEGA DRAIN,GROWTH,ABSORB,POISON STING,5,1871,118,26,20,170,161,106,9,9292,Flareon, ,Grass,Poison,13549,Roselia2,Roselia,Rocket,00:13:52.81,00:14:08.72,00:55:20.38,26,0,0,14,8,72,MEGA DRAIN,GROWTH,ABSORB,POISON STING,2,29,8,32,0,0,0,0,73,73,47,40,67,67,49,2626,3296,3717,2366,2366,3017,15,15,15,15,0,0,2,2,0,0,0,52,40,134,134,49,201192,65040,129614,4556,1982,5,0,0,1871,1871,0,0,118,46,26,20,15,0,3905,2201,467,467,120,14,92,0,0,0,0,0,10,0,12,0,0,1,0,0,0,0,0,0,3,0,0,0,0,0,1,0,0,0,0,0,0,0,0,0,0,0,0,61,13414,0,0,0,0,4,11,0,1,1,3,0,2,0,Flareon
2-17,14:36:31,NINTEN,Roselia,Jr Trainer F,3,Route 6,3,14:55.33,14:55,0h14m55s,0,0,0,26,0:58,17.719,MEGA DRAIN,GROWTH,ABSORB,POISON STING,6,2025,126,27,21,177,168,111,10,9802,Flareon, ,Grass,Poison,14110,Roselia2,Roselia,,00:14:37.60,00:14:55.33,00:58:24.36,26,0,0,14,55,33,MEGA DRAIN,GROWTH,ABSORB,POISON STING,7,27,6,32,0,0,0,0,73,73,47,40,67,67,49,2746,3431,3837,2471,2471,3185,15,15,15,15,0,0,2,2,0,-1,0,73,40,134,134,49,212230,69008,135165,6075,1982,6,0,0,2025,2025,0,0,126,48,27,21,16,0,4062,2324,491,491,124,15,97,0,0,0,0,0,10,0,12,0,0,1,0,0,0,0,0,0,3,0,0,0,0,0,1,0,0,0,0,0,0,0,0,0,0,0,0,64,13975,0,0,0,0,5,11,0,1,1,3,0,2,0,Flareon
2-17,14:36:45,NINTEN,Roselia,Jr Trainer M,5,Route 6,2,15:09.62,15:09,0h15m9s,0,0,0,26,0:59,11.289,MEGA DRAIN,GROWTH,ABSORB,POISON STING,6,2028,126,28,21,181,172,113,10,10122,Flareon, ,Grass,Poison,14705,Roselia2,Roselia,,00:14:58.33,00:15:09.62,00:59:21.04,26,0,0,15,9,62,MEGA DRAIN,GROWTH,ABSORB,POISON STING,5,25,6,32,0,0,0,0,73,73,47,40,67,67,49,2841,3572,3927,2552,2552,3352,15,15,15,15,-1,0,2,2,0,0,0,38,40,134,134,49,215618,69220,138341,6075,1982,6,0,0,2028,2028,0,0,126,49,28,21,16,0,4193,2411,497,497,126,15,99,0,0,0,0,0,10,0,12,0,0,1,0,0,0,0,0,0,3,0,0,0,0,0,1,0,0,0,0,0,0,0,0,0,0,0,0,66,14570,0,0,0,0,5,11,0,1,1,3,0,2,0,Flareon
2-17,14:37:16,NINTEN,Roselia,Youngster,8,SS Anne,1,15:40.22,15:40,0h15m40s,0,0,0,26,1:01,15.109,MEGA DRAIN,GROWTH,ABSORB,POISON STING,6,2127,137,29,21,186,177,117,11,9392,Flareon, ,Grass,Poison,14975,Roselia2,Roselia,,00:15:25.10,00:15:40.22,01:01:21.54,26,0,0,15,40,22,MEGA DRAIN,GROWTH,ABSORB,POISON STING,4,23,4,32,0,0,0,0,70,73,47,40,67,67,49,2887,3629,3967,2592,2592,3402,15,15,15,15,0,0,2,2,0,0,0,65,40,134,134,49,222868,72471,142340,6075,1982,6,0,0,2127,2127,0,0,137,50,29,21,16,0,4262,2464,525,525,129,15,103,0,0,0,0,0,10,0,13,0,0,1,0,0,0,0,0,0,3,0,0,0,0,0,1,0,0,0,0,0,0,0,0,0,0,0,0,67,14840,0,0,0,0,5,14,0,1,1,3,0,2,0,Flareon
2-17,14:37:46,NINTEN,Roselia,Gentleman,5,SS Anne,2,16:10.46,16:10,0h16m10s,0,0,0,27,1:03,10.58,MEGA DRAIN,GROWTH,ABSORB,BODY SLAM,7,2179,142,30,21,190,181,119,11,9707,Flareon, ,Grass,Poison,15859,Roselia2,Roselia,,00:15:59.88,00:16:10.46,01:03:21.26,27,0,0,16,10,46,MEGA DRAIN,GROWTH,ABSORB,BODY SLAM,4,23,4,11,0,0,0,0,53,75,49,41,70,70,51,2992,3784,4067,2707,2707,3552,15,15,15,15,0,0,0,0,0,0,0,55,41,70,70,51,230040,74306,145256,8496,1982,7,0,0,2179,2179,0,0,142,51,30,21,16,0,4463,2558,544,544,133,15,105,0,0,0,0,0,11,0,13,0,0,1,1,0,0,0,0,0,3,0,0,0,0,0,1,0,0,0,0,0,1,0,0,0,0,0,0,69,15724,0,0,0,0,6,14,0,1,1,4,0,2,0,Flareon
2-17,14:38:11,NINTEN,Roselia,Rival3-SS Anne,1,SS Anne,4,16:35.32,16:35,0h16m35s,0,0,0,27,1:04,13.78,MEGA DRAIN,GROWTH,ABSORB,BODY SLAM,8,2207,147,31,21,195,186,120,11,10897,Flareon, ,Grass,Poison,17040,Roselia2,Roselia,Rival (SS Anne),00:16:21.54,00:16:35.32,01:04:59.28,27,0,0,16,35,32,MEGA DRAIN,GROWTH,ABSORB,BODY SLAM,3,23,3,8,0,0,0,0,75,75,49,41,70,70,51,3167,4030,4267,2858,2858,3789,15,15,15,15,0,-1,0,0,0,0,0,61,27,70,70,51,235922,75638,148928,9374,1982,8,0,0,2207,2207,0,0,147,52,31,21,16,0,4730,2746,544,544,138,15,106,0,0,0,0,0,11,0,13,0,0,1,1,0,0,0,0,0,3,0,0,0,0,0,1,0,0,0,0,0,1,0,0,0,0,0,0,73,16905,0,0,0,0,7,14,0,1,1,4,0,2,0,Flareon
2-17,14:39:07,NINTEN,Roselia,Surge,1,Vermilion City - Gym,1,17:32.18,17:32,0h17m32s,0,0,0,28,1:08,12.83,MEGA DRAIN,GROWTH,ABSORB,BODY SLAM,9,2386,160,32,21,200,191,124,11,12197,Flareon, ,Grass,Poison,17772,Roselia2,Roselia,Lt. Surge,00:17:19.35,00:17:32.18,01:08:44.12,28,0,0,17,32,18,MEGA DRAIN,GROWTH,ABSORB,BODY SLAM,0,21,3,8,0,0,0,0,28,78,51,43,73,73,54,3227,4120,4322,2948,2948,3889,15,15,15,15,0,0,2,2,0,0,0,57,43,146,146,54,249406,82270,152529,12625,1982,9,0,0,2386,2386,0,0,160,53,32,21,16,0,4826,2822,632,632,141,16,109,0,0,0,0,0,11,0,13,0,0,1,1,0,0,0,0,0,3,0,0,0,0,0,1,0,0,0,0,0,1,0,0,0,0,0,0,74,17637,0,0,0,0,7,14,0,1,1,6,0,2,0,Flareon
2-17,14:40:05,NINTEN,Roselia,Wrapping Lass,5,Route 9,4,18:29.65,18:29,0h18m29s,0,0,0,28,1:12,13.852,MEGA DRAIN,GROWTH,ABSORB,BODY SLAM,9,2576,175,33,21,206,197,126,13,14969,Flareon, ,Grass,Poison,19020,Roselia2,Roselia,RTG1 - Wrapping Lass,00:18:15.79,00:18:29.65,01:12:30.22,28,0,0,18,29,65,MEGA DRAIN,GROWTH,ABSORB,BODY SLAM,10,40,20,9,0,0,0,0,77,78,51,43,73,73,54,3417,4370,4502,3238,3238,4029,15,15,15,15,0,0,0,0,0,0,0,57,48,73,73,54,262976,90007,156405,14582,1982,9,0,0,2576,2524,52,0,175,54,33,21,16,0,5115,3013,633,633,147,16,110,0,0,0,0,0,11,0,13,0,0,1,2,0,0,0,0,0,3,0,0,0,0,0,1,0,0,0,0,0,2,0,0,0,0,0,0,78,18885,0,0,0,0,7,14,0,1,1,6,0,2,0,Flareon
2-17,14:40:30,NINTEN,Roselia,Bug Catcher,14,Route 9,3,18:55.04,18:55,0h18m55s,0,0,0,29,1:14,20.446,MEGA DRAIN,GROWTH,SLEEP POWDER,BODY SLAM,9,2617,178,34,21,212,203,130,13,15329,Flareon, ,Grass,Poison,19789,Roselia2,Roselia,,00:18:34.60,00:18:55.04,01:14:10.55,29,0,0,18,55,4,MEGA DRAIN,GROWTH,SLEEP POWDER,BODY SLAM,9,38,15,6,0,0,0,0,74,81,53,44,75,75,56,3562,4490,4617,3318,3318,4169,15,15,15,15,0,0,2,2,-2,0,0,59,49,150,150,28,269009,90683,161762,14582,1982,9,0,0,2617,2524,93,0,178,55,34,21,16,0,5362,3170,640,640,151,16,114,0,0,0,0,0,12,0,13,0,0,1,2,0,0,0,0,0,3,0,0,0,0,0,1,0,0,0,0,0,2,0,0,0,0,0,0,81,19654,0,0,0,0,7,14,0,1,1,7,0,2,0,Flareon
2-17,14:40:49,NINTEN,Roselia,Pokemaniac,7,Rock Tunnel - 1,2,19:13.25,19:13,0h19m13s,0,0,0,29,1:15,6.861,MEGA DRAIN,GROWTH,SLEEP POWDER,BODY SLAM,9,2721,185,35,21,214,205,130,13,15529,Flareon, ,Grass,Poison,20703,Roselia2,Roselia,,00:19:06.39,00:19:13.25,01:15:22.46,29,0,0,19,13,25,MEGA DRAIN,GROWTH,SLEEP POWDER,BODY SLAM,7,38,15,6,0,0,0,0,81,81,53,44,75,75,56,3702,4605,4777,3398,3398,4219,15,15,15,15,0,0,0,0,0,0,0,59,49,75,75,56,273320,92106,163789,15443,1982,9,0,0,2721,2524,197,0,185,56,35,21,16,0,5522,3307,640,640,153,16,114,0,0,0,0,0,12,0,13,0,0,1,2,0,0,0,0,0,3,0,0,0,0,0,1,0,0,0,0,0,2,0,0,0,0,0,0,83,20568,0,0,0,0,7,14,0,1,1,7,0,2,0,Flareon
2-17,14:41:00,NINTEN,Roselia,Pokemaniac,5,Rock Tunnel,1,19:24.44,19:24,0h19m24s,0,0,0,29,1:16,6.578,MEGA DRAIN,GROWTH,SLEEP POWDER,BODY SLAM,9,2760,188,36,21,216,207,131,13,16679,Flareon, ,Grass,Poison,21232,Roselia2,Roselia,,00:19:17.87,00:19:24.44,01:16:06.55,29,0,0,19,24,44,MEGA DRAIN,GROWTH,SLEEP POWDER,BODY SLAM,6,38,15,5,0,0,0,0,66,81,53,44,75,75,56,3792,4670,4842,3438,3438,4234,15,15,15,15,0,0,0,0,0,0,0,59,49,75,75,56,275969,92827,165717,15443,1982,9,0,0,2760,2524,236,0,188,57,36,21,16,0,5648,3391,655,655,155,16,115,0,0,0,0,0,13,0,13,0,0,1,2,0,0,0,0,0,3,0,0,0,0,0,1,0,0,0,0,0,2,0,0,0,0,0,0,84,21097,0,0,0,0,7,14,0,1,1,7,0,2,0,Flareon
2-17,14:41:24,NINTEN,Roselia,Jr Trainer F,10,Rock Tunnel,2,19:48.83,19:48,0h19m48s,0,0,0,30,1:17,18.629,MEGA DRAIN,GROWTH,SLEEP POWDER,BODY SLAM,10,2773,190,37,21,226,211,138,13,17929,Flareon, ,Grass,Poison,21900,Roselia2,Roselia,RTG4 - Status Jr Trainer,00:19:30.19,00:19:48.83,01:17:43.28,30,0,0,19,48,83,MEGA DRAIN,GROWTH,SLEEP POWDER,BODY SLAM,6,38,15,1,0,0,0,0,63,83,55,46,78,78,57,3882,4769,4946,3578,3578,4309,15,15,15,15,0,0,0,0,0,0,0,61,51,78,78,57,281762,93285,170529,15966,1982,10,0,0,2773,2524,249,0,190,58,37,21,16,0,5840,3506,660,660,159,16,122,0,0,0,0,0,14,0,14,0,0,1,4,0,0,0,0,0,3,0,0,0,0,0,1,0,0,0,0,0,10,1,5,0,0,0,0,86,21765,0,0,0,0,7,14,0,1,1,7,0,2,0,Flareon
2-17,14:41:48,NINTEN,Roselia,Selfdestructing Hiker,9,Rock Tunnel,3,20:13.15,20:13,0h20m13s,0,0,0,30,1:19,9.897,MEGA DRAIN,GROWTH,SLEEP POWDER,BODY SLAM,10,2886,214,38,21,229,214,138,13,18369,Flareon, ,Grass,Poison,23277,Roselia2,Roselia,,00:20:03.25,00:20:13.15,01:19:19.31,30,0,0,20,13,15,MEGA DRAIN,GROWTH,SLEEP POWDER,BODY SLAM,3,38,15,1,0,0,0,0,83,83,55,46,78,78,57,4017,5024,5261,3683,3683,4384,15,15,15,15,0,0,0,0,0,0,0,61,51,78,78,57,287525,95804,173247,16492,1982,10,0,0,2886,2524,362,0,214,59,38,21,16,0,6516,3665,660,660,162,16,122,0,0,0,0,0,14,0,14,0,0,1,4,0,0,0,0,0,3,0,0,0,0,0,1,0,0,0,0,0,10,1,5,0,0,0,0,89,23142,0,0,0,0,7,14,0,1,1,7,0,2,0,Flareon
2-17,14:42:14,NINTEN,Roselia,Jr Trainer F,18,Rock Tunnel - 1,3,20:38.88,20:38,0h20m38s,0,0,0,30,1:21,17.015,MEGA DRAIN,GROWTH,SLEEP POWDER,BODY SLAM,10,2940,226,39,21,238,223,138,12,19104,Flareon, ,Grass,Poison,24140,Roselia2,Roselia,RTG6 - Finisher,00:20:21.86,00:20:38.88,01:21:01.17,30,0,0,20,38,88,MEGA DRAIN,GROWTH,SLEEP POWDER,BODY SLAM,1,33,14,0,0,0,0,0,83,83,55,46,78,78,57,4142,5164,5391,3833,3833,4560,15,15,15,15,0,0,5,5,0,0,0,106,91,273,273,57,293631,97169,177659,16821,1982,10,0,0,2940,2524,416,0,226,60,39,21,16,0,6791,3814,660,660,166,16,122,0,0,0,0,0,15,0,14,0,0,1,4,0,0,0,0,0,3,0,0,0,0,0,1,0,0,0,0,0,10,1,5,5,0,0,0,92,24005,0,0,0,0,7,14,0,1,1,7,0,2,0,Flareon
2-17,14:42:41,NINTEN,Roselia,Gambler,7,Route 8,2,21:05.62,21:05,0h21m5s,0,0,0,31,1:22,11.043,MEGA DRAIN,GROWTH,SLEEP POWDER,BODY SLAM,10,3040,247,40,21,243,228,139,13,19504,Flareon, ,Grass,Poison,24932,Roselia2,Roselia,,00:20:54.58,00:21:05.62,01:22:46.52,31,0,0,21,5,62,MEGA DRAIN,GROWTH,SLEEP POWDER,BODY SLAM,10,40,14,11,0,0,0,0,86,86,57,47,80,80,59,4235,5275,5476,3948,3948,4685,15,15,15,15,0,0,0,0,0,0,0,64,52,80,80,59,299966,100415,180748,16821,1982,10,0,0,3040,2558,482,0,247,61,40,21,16,0,6979,3934,660,660,171,16,122,0,0,0,0,0,15,0,14,0,0,1,4,0,0,0,0,0,3,0,0,0,0,0,1,0,0,0,0,0,10,1,5,7,0,0,0,94,24797,0,0,0,0,8,14,0,1,1,7,0,2,0,Flareon
2-17,14:43:31,NINTEN,Roselia,Rocket,7,Celadon City - Game Corner,2,21:55.43,21:55,0h21m55s,0,0,0,31,1:26,9.031,MEGA DRAIN,GROWTH,SLEEP POWDER,BODY SLAM,10,3300,274,41,21,246,231,140,12,21184,Flareon, ,Grass,Poison,25659,Roselia2,Roselia,,00:21:46.40,00:21:55.43,01:26:03.43,31,0,0,21,55,43,MEGA DRAIN,GROWTH,SLEEP POWDER,BODY SLAM,8,40,15,14,0,0,0,0,86,86,57,47,80,80,59,4330,5401,5571,4038,4038,4837,15,15,15,15,0,0,0,0,0,0,0,64,52,80,80,59,311777,109289,183383,17123,1982,10,0,0,3300,2818,482,0,274,62,41,21,16,0,7142,4038,678,678,174,16,123,0,0,0,0,0,15,0,15,0,0,1,4,0,0,0,0,0,3,0,0,0,0,0,1,0,0,0,0,0,10,1,5,7,0,0,0,96,25524,0,0,0,0,11,14,0,1,1,7,0,2,0,Flareon
2-17,14:45:07,NINTEN,Roselia,Rival4-Pkmn Tower,3,Pokemon Tower - 2F,5,23:32.11,23:32,0h23m32s,0,0,0,32,1:32,27.203,MEGA DRAIN,GROWTH,SLEEP POWDER,BODY SLAM,11,3635,309,42,21,259,244,146,16,4784,Flareon, ,Grass,Poison,28309,Roselia2,Roselia,Rival (Pokemon Tower),00:23:04.91,00:23:32.11,01:32:24.48,32,0,0,23,32,11,MEGA DRAIN,GROWTH,SLEEP POWDER,BODY SLAM,3,36,13,12,0,0,0,0,88,88,58,49,85,85,61,4555,5721,5941,6894,6894,5117,15,15,15,15,0,0,4,4,0,0,0,65,55,255,255,61,334642,122107,190232,20321,1982,11,0,0,3635,3153,482,0,309,63,42,21,16,0,8118,4324,681,681,182,16,124,0,0,0,0,0,16,0,15,0,0,1,4,0,0,0,0,0,3,0,0,0,0,0,1,0,0,0,0,0,10,1,5,10,0,0,0,101,28174,0,0,0,0,13,28,0,1,1,8,0,2,0,Flareon
2-17,14:45:49,NINTEN,Roselia,Channeler,10,Pokemon Tower - 4F,2,24:13.85,24:13,0h24m13s,0,0,0,32,1:35,18.481,MEGA DRAIN,GROWTH,SLEEP POWDER,BODY SLAM,12,3685,314,43,21,268,253,149,15,6409,Flareon, ,Grass,Poison,29245,Roselia2,Roselia,,00:23:55.38,00:24:13.85,01:35:10.02,32,0,0,24,13,85,MEGA DRAIN,GROWTH,SLEEP POWDER,BODY SLAM,2,34,11,12,2,0,0,0,66,88,58,49,85,85,61,4615,5791,6001,7094,7094,5277,15,15,15,15,0,0,2,2,0,0,0,82,68,170,170,61,344556,124386,195072,23116,1982,12,0,0,3685,3203,482,0,314,64,43,21,16,0,8244,4424,730,730,188,16,127,0,0,0,0,0,17,0,15,0,0,1,4,0,0,0,0,0,3,0,0,0,0,0,1,0,0,0,0,0,10,1,5,14,0,0,0,103,29110,0,0,0,0,13,28,0,1,1,8,0,2,0,Flareon
2-17,14:46:17,NINTEN,Roselia,Channeler,17,Pokemon Tower - 5F,1,24:41.81,24:41,0h24m41s,0,0,0,32,1:37,17.915,MEGA DRAIN,GROWTH,SLEEP POWDER,BODY SLAM,12,3735,323,44,21,277,260,153,15,7099,Flareon, ,Grass,Poison,29732,Roselia2,Roselia,,00:24:23.89,00:24:41.81,01:37:00.49,32,0,0,24,41,81,MEGA DRAIN,GROWTH,SLEEP POWDER,BODY SLAM,11,39,12,15,2,0,0,0,52,88,58,49,85,85,61,4645,5826,6031,7194,7194,5357,15,15,15,15,0,0,1,1,0,0,0,73,61,127,127,61,351203,126376,199729,23116,1982,12,0,0,3735,3253,482,0,323,65,44,21,16,0,8299,4476,791,791,192,16,131,0,0,0,0,0,18,0,16,0,0,3,4,0,0,0,0,0,3,0,0,0,0,0,5,2,0,0,0,0,10,1,5,17,0,0,0,104,29597,0,0,0,0,15,28,0,1,1,8,0,2,0,Flareon
2-17,14:46:36,NINTEN,Roselia,Channeler,21,Pokemon Tower - 6F,1,25:00.60,25:00,0h25m0s,0,0,0,33,1:38,12.908,MEGA DRAIN,GROWTH,SLEEP POWDER,BODY SLAM,12,3763,324,45,21,283,266,154,15,7819,Flareon, ,Grass,Poison,30219,Roselia2,Roselia,,00:24:47.69,00:25:00.60,01:38:15.11,33,0,0,25,0,60,MEGA DRAIN,GROWTH,SLEEP POWDER,BODY SLAM,12,37,14,15,2,0,0,0,77,91,60,50,87,87,63,4675,5861,6061,7294,7294,5437,15,15,15,15,0,0,3,3,0,0,0,67,56,217,217,63,355665,127369,203198,23116,1982,12,0,0,3763,3281,482,0,324,66,45,21,16,0,8362,4528,815,815,195,16,132,0,0,0,0,0,18,0,16,0,0,3,4,0,0,0,0,0,3,0,0,0,0,0,5,2,0,0,0,0,10,1,5,20,0,0,0,105,30084,0,0,0,0,15,28,0,1,1,8,0,2,0,Flareon
2-17,14:46:50,NINTEN,Roselia,Channeler,20,Pokemon Tower - 6F,1,25:15.08,25:15,0h25m15s,0,0,0,33,1:39,11.796,MEGA DRAIN,GROWTH,SLEEP POWDER,BODY SLAM,12,3772,327,46,21,289,272,154,15,8539,Flareon, ,Grass,Poison,30706,Roselia2,Roselia,,00:25:03.28,00:25:15.08,01:39:12.30,33,0,0,25,15,8,MEGA DRAIN,GROWTH,SLEEP POWDER,BODY SLAM,10,34,13,15,2,0,0,0,91,91,60,50,87,87,63,4705,5896,6091,7394,7394,5517,15,15,15,15,0,0,3,3,0,0,0,94,78,217,217,63,359104,127608,206398,23116,1982,12,0,0,3772,3290,482,0,327,67,46,21,16,0,8428,4580,815,815,198,16,132,0,0,0,0,0,18,0,16,0,0,3,4,0,0,0,0,0,3,0,0,0,0,0,5,2,0,0,0,0,10,1,5,25,0,0,0,106,30571,0,0,0,0,15,28,0,1,1,8,0,2,0,Flareon
2-17,14:47:26,NINTEN,Roselia,Rocket,44,Pokemon Tower - 7F,3,25:50.44,25:50,0h25m50s,0,0,0,33,1:41,21.049,MEGA DRAIN,GROWTH,SLEEP POWDER,BODY SLAM,13,3797,328,47,22,300,283,157,15,9259,Flareon, ,Grass,Poison,32955,Roselia2,Roselia,,00:25:29.40,00:25:50.44,01:41:32.24,33,0,0,25,50,44,MEGA DRAIN,GROWTH,SLEEP POWDER,BODY SLAM,5,30,11,15,2,0,0,0,87,91,60,50,87,87,63,4870,6116,6315,7584,7584,5747,15,15,15,15,0,-3,4,4,0,0,0,132,22,261,261,63,367498,129242,212637,23637,1982,13,0,0,3797,3315,482,0,328,69,47,22,16,0,8756,4791,837,837,204,16,135,0,0,0,0,0,18,0,16,0,0,3,4,0,0,0,0,0,3,0,0,0,0,0,5,2,0,0,0,0,10,1,5,30,0,0,0,109,32820,0,0,0,0,16,28,0,1,1,8,0,2,0,Flareon
2-17,14:49:44,NINTEN,Roselia,Rocket,39,Silph Co - 10F,1,28:09.07,28:09,0h28m9s,0,0,0,34,1:50,10.667,MEGA DRAIN,GROWTH,SLEEP POWDER,BODY SLAM,13,4649,377,48,25,304,287,160,17,9569,Flareon, ,Grass,Poison,33987,Roselia2,Roselia,,00:27:58.40,00:28:09.07,01:50:39.39,34,0,0,28,9,7,MEGA DRAIN,GROWTH,SLEEP POWDER,BODY SLAM,13,39,15,15,3,0,0,0,67,93,63,52,90,90,67,4950,8776,6385,7634,7634,8352,15,15,15,15,0,0,1,1,0,0,0,70,58,135,135,67,400333,150260,217698,30393,1982,13,0,0,4649,3644,1005,0,377,73,48,25,19,0,8909,4892,888,888,207,17,137,0,0,0,0,0,18,0,17,0,0,3,4,0,0,0,0,0,3,0,0,0,0,0,5,2,0,0,0,0,10,1,5,30,0,0,0,110,33852,0,0,0,0,22,28,0,1,1,9,0,2,0,Flareon
2-17,14:50:00,NINTEN,Roselia,Rocket,33,Silph Co - 7F,2,28:24.97,28:24,0h28m24s,0,0,0,34,1:51,6.967,MEGA DRAIN,GROWTH,SLEEP POWDER,BODY SLAM,13,4707,382,49,25,306,289,160,18,10559,Flareon, ,Grass,Poison,35067,Roselia2,Roselia,,00:28:18.00,00:28:24.97,01:51:42.04,34,0,0,28,24,97,MEGA DRAIN,GROWTH,SLEEP POWDER,BODY SLAM,11,39,15,15,3,0,0,0,93,93,63,52,90,90,67,5050,8876,6575,7714,7714,8422,15,15,15,15,0,0,0,0,0,0,0,70,58,90,90,67,404078,151965,219738,30393,1982,13,0,0,4707,3702,1005,0,382,74,49,25,19,0,9101,5036,888,888,209,17,137,0,0,0,0,0,18,0,17,0,0,3,4,0,0,0,0,0,3,0,0,0,0,0,5,2,0,0,0,0,10,1,5,30,0,0,0,112,34932,0,0,0,0,24,28,0,1,1,9,0,2,0,Flareon
2-17,14:50:18,NINTEN,Roselia,Rocket,30,Silph Co - 6F,2,28:42.63,28:42,0h28m42s,0,0,0,35,1:52,12.993,MEGA DRAIN,GROWTH,SLEEP POWDER,BODY SLAM,13,4723,387,50,25,311,294,163,18,11429,Flareon, ,Grass,Poison,36519,Roselia2,Roselia,,00:28:29.63,00:28:42.63,01:52:51.46,35,0,0,28,42,63,MEGA DRAIN,GROWTH,SLEEP POWDER,BODY SLAM,8,37,15,15,3,0,0,0,66,96,65,54,93,93,69,5200,9056,6695,7799,7799,8502,15,15,15,15,0,-1,2,2,0,0,0,73,39,186,186,69,408260,152648,223237,30393,1982,13,0,0,4723,3718,1005,0,387,75,50,25,19,0,9370,5210,933,933,212,17,140,0,0,0,0,0,19,0,18,0,0,3,4,0,0,0,0,0,3,0,0,0,0,0,5,2,0,0,0,0,10,1,5,30,0,0,0,114,36384,0,0,0,0,24,28,0,1,1,9,0,2,0,Flareon
2-17,14:50:53,NINTEN,Roselia,Rocket,28,Silph Co - 5F,1,29:17.36,29:17,0h29m17s,0,0,0,42,1:55,11.868,MEGA DRAIN,GROWTH,SLEEP POWDER,BODY SLAM,14,4759,389,51,25,317,300,164,17,12299,Flareon, ,Grass,Poison,67544,Roselia2,Roselia,,00:29:05.49,00:29:17.36,01:55:08.31,42,0,0,29,17,36,MEGA DRAIN,GROWTH,SLEEP POWDER,BODY SLAM,6,34,14,15,3,0,0,0,114,114,78,63,110,110,81,5260,9141,6764,7864,7864,8582,15,15,15,15,0,-1,3,3,0,0,0,137,46,275,275,81,416465,153843,226449,34191,1982,14,0,0,4759,3754,1005,0,389,76,51,25,19,0,9470,5297,933,933,215,17,141,0,0,0,0,0,19,0,18,0,0,3,4,0,0,0,0,0,3,0,0,0,0,0,5,2,0,0,0,0,10,1,5,33,0,0,0,115,37423,0,0,0,0,25,28,0,1,1,9,0,2,0,Flareon
2-17,14:52:06,NINTEN,Roselia,Rival5-Silph,6,Silph Co - 7F,5,30:30.81,30:30,0h30m30s,0,0,0,43,1:59,26.5,MEGA DRAIN,SWORDS DANCE,SLEEP POWDER,BODY SLAM,15,5015,429,52,25,328,311,167,19,13289,Flareon, ,Grass,Poison,74451,Roselia2,Roselia,Rival (Silph Co.),00:30:04.31,00:30:30.81,01:59:58.13,43,0,0,30,30,81,MEGA DRAIN,SWORDS DANCE,SLEEP POWDER,BODY SLAM,2,27,13,12,3,0,0,0,32,116,79,65,113,113,83,5540,9561,7239,8354,8354,8957,15,15,15,15,6,0,0,0,0,0,0,355,73,113,113,83,433847,162296,233128,36441,1982,15,0,0,5015,4010,1005,0,429,77,52,25,19,0,10408,5768,1034,1034,223,17,144,0,0,0,0,0,19,0,18,0,0,3,4,0,0,0,0,0,3,0,0,0,0,0,5,2,0,0,0,0,10,1,5,36,0,0,0,120,44330,0,0,0,0,28,28,0,1,1,10,0,2,0,Flareon
2-17,14:52:34,NINTEN,Roselia,Rocket,45,Silph Co - 11F,3,30:58.69,30:58,0h30m58s,0,0,0,43,2:01,14.434,MEGA DRAIN,SWORDS DANCE,SLEEP POWDER,BODY SLAM,16,5023,431,53,25,334,317,170,19,15889,Flareon, ,Grass,Poison,77033,Roselia2,Roselia,,00:30:44.26,00:30:58.69,02:01:48.20,43,0,0,30,58,69,MEGA DRAIN,SWORDS DANCE,SLEEP POWDER,BODY SLAM,2,24,13,9,3,0,0,0,73,116,79,65,113,113,83,5705,9781,7463,8544,8544,9187,15,15,15,15,6,0,0,0,0,0,0,355,103,113,113,83,440454,163716,237093,37663,1982,16,0,0,5023,4018,1005,0,431,78,53,25,19,0,11069,6007,1077,1077,226,17,147,0,0,0,0,0,19,0,18,0,0,3,4,0,0,0,0,0,3,0,0,0,0,0,5,2,0,0,0,0,10,1,5,36,0,0,0,123,46912,0,0,0,0,28,28,0,1,1,10,0,2,0,Flareon
2-17,14:53:13,NINTEN,Roselia,Giovanni-Silph,2,Silph Co - 11F,4,31:38.19,31:38,0h31m38s,0,0,0,44,2:04,22.405,MEGA DRAIN,SWORDS DANCE,SLEEP POWDER,BODY SLAM,17,5038,432,54,25,342,325,174,19,16819,Flareon, ,Grass,Poison,81850,Roselia2,Roselia,Giovanni (Silph),00:31:15.79,00:31:38.19,02:04:24.09,44,0,0,31,38,19,MEGA DRAIN,SWORDS DANCE,SLEEP POWDER,BODY SLAM,10,27,15,12,3,0,0,0,119,119,82,67,116,116,85,6001,10090,7762,8769,8769,9468,15,15,15,15,6,0,0,0,0,0,0,369,75,116,116,85,449803,164964,242896,39961,1982,17,0,0,5038,4033,1005,0,432,79,54,25,19,0,11963,6444,1115,1115,231,17,151,0,0,0,0,0,19,0,18,0,0,3,4,0,0,0,0,0,3,0,0,0,0,0,5,2,0,0,0,0,10,1,5,36,0,0,0,127,51729,0,0,0,0,28,28,0,1,1,10,0,2,0,Flareon
2-17,14:53:48,NINTEN,Roselia,Cooltrainer F,1,Celadon City - Gym,3,32:13.14,32:13,0h32m13s,0,0,0,45,2:06,15.472,MEGA DRAIN,SWORDS DANCE,SLEEP POWDER,BODY SLAM,17,5150,437,55,25,349,332,176,19,20878,Flareon, ,Grass,Poison,84027,Roselia2,Roselia,,00:31:57.67,00:32:13.14,02:06:42.01,45,0,0,32,13,14,MEGA DRAIN,SWORDS DANCE,SLEEP POWDER,BODY SLAM,10,25,13,9,3,0,0,0,122,122,83,68,118,118,87,6186,10307,7945,9019,9019,9623,15,15,15,15,4,0,0,0,0,0,0,280,76,118,118,87,458075,168205,247071,40817,1982,17,0,0,5150,4145,1005,0,437,80,55,25,19,0,12559,6645,1115,1115,235,17,151,0,0,0,0,0,20,0,18,0,0,3,4,0,0,0,0,0,3,0,0,0,0,0,5,2,0,0,0,0,10,1,5,37,0,0,0,130,53906,0,0,0,0,28,28,0,1,1,10,0,2,0,Flareon
2-17,14:54:12,NINTEN,Roselia,Erika,1,Celadon City - Gym,3,32:36.45,32:36,0h32m36s,0,0,0,45,2:08,15.807,MEGA DRAIN,SWORDS DANCE,SLEEP POWDER,BODY SLAM,18,5153,438,56,25,357,338,179,19,21718,Flareon, ,Grass,Poison,87032,Roselia2,Roselia,Erika,00:32:20.64,00:32:36.45,02:08:14.17,45,0,0,32,36,45,MEGA DRAIN,SWORDS DANCE,SLEEP POWDER,BODY SLAM,10,22,13,6,3,0,0,0,114,122,83,68,118,118,87,6376,10517,8180,9289,9289,9778,15,15,15,15,6,0,0,0,0,0,0,373,106,118,118,87,463611,168972,251319,41338,1982,18,0,0,5153,4148,1005,0,438,81,56,25,19,0,13243,6901,1123,1123,238,18,153,0,0,0,0,0,20,0,18,0,0,3,4,0,0,0,0,0,3,0,0,0,0,0,5,2,0,0,0,0,10,1,5,37,0,0,0,133,56911,0,0,0,0,28,28,0,1,1,10,0,2,0,Flareon
2-17,14:54:49,NINTEN,Roselia,Juggler,3,Fuchsia City - Gym,4,33:14.02,33:14,0h33m14s,0,0,0,46,2:10,15.246,MEGA DRAIN,SWORDS DANCE,SLEEP POWDER,BODY SLAM,19,5208,444,57,25,362,343,180,20,24886,Flareon, ,Grass,Poison,90023,Roselia2,Roselia,,00:32:58.77,00:33:14.02,02:10:42.18,46,0,0,33,14,2,MEGA DRAIN,SWORDS DANCE,SLEEP POWDER,BODY SLAM,16,29,15,11,3,0,0,0,125,125,85,70,121,121,90,6596,10696,8345,9679,9679,10009,15,15,15,15,2,0,0,0,0,0,0,191,78,121,121,90,472492,172382,255526,42602,1982,19,0,0,5208,4203,1005,0,444,82,57,25,19,0,13918,7220,1123,1123,242,18,154,0,0,0,0,0,20,0,18,0,0,3,4,0,0,0,0,0,3,0,0,0,0,0,5,2,0,0,0,0,10,1,5,37,0,0,0,137,59902,0,0,0,0,28,28,0,1,1,10,0,2,0,Flareon
2-17,14:55:06,NINTEN,Roselia,Juggler,4,Fuchsia City - Gym,2,33:31.16,33:31,0h33m31s,0,0,0,46,2:11,11.256,MEGA DRAIN,SWORDS DANCE,SLEEP POWDER,BODY SLAM,19,5234,460,58,25,366,347,182,20,25971,Flareon, ,Grass,Poison,91966,Roselia2,Roselia,,00:33:19.90,00:33:31.16,02:11:50.05,46,0,0,33,31,16,MEGA DRAIN,SWORDS DANCE,SLEEP POWDER,BODY SLAM,16,28,15,8,3,0,0,0,114,125,85,70,121,121,90,6741,10817,8460,9884,9884,10118,15,15,15,15,2,0,0,0,0,0,0,191,87,121,121,90,476559,173290,258685,42602,1982,19,0,0,5234,4229,1005,0,460,83,58,25,19,0,14239,7417,1134,1134,245,18,155,0,0,0,0,0,22,0,18,0,0,3,5,0,0,0,0,0,3,0,0,0,0,0,5,2,0,0,0,0,11,1,5,37,0,0,0,139,61845,0,0,0,0,28,28,0,1,1,10,0,2,0,Flareon
2-17,14:56:02,NINTEN,Roselia,Koga,1,Fuchsia City - Gym,4,34:26.42,34:26,0h34m26s,1,0,1,46,2:13,21.46,MEGA DRAIN,SWORDS DANCE,SLEEP POWDER,BODY SLAM,20,5239,477,59,25,376,357,185,20,27161,Flareon, ,Grass,Poison,95658,Roselia2,Roselia,Koga,00:34:04.96,00:34:26.42,02:13:41.06,46,1,0,34,26,42,MEGA DRAIN,SWORDS DANCE,SLEEP POWDER,BODY SLAM,16,25,14,2,3,0,0,0,27,125,85,70,121,121,90,6991,11047,8670,10094,10094,10343,15,15,15,15,6,0,0,0,0,0,0,382,109,121,121,90,483226,173994,264226,42866,2140,20,1,0,5239,4234,1005,0,477,84,59,25,19,0,15232,7909,1221,1221,252,18,157,0,0,0,0,0,24,0,18,0,0,3,5,0,0,0,0,0,3,0,0,0,0,0,5,2,0,0,0,0,11,1,5,40,0,0,0,143,65537,0,0,0,0,28,28,0,1,1,10,0,2,1,Flareon
2-17,14:58:03,NINTEN,Roselia,Super Nerd,11,Cinnabar Island - Gym,1,36:27.49,36:27,0h36m27s,1,1,2,47,2:21,9.676,MEGA DRAIN,SWORDS DANCE,SLEEP POWDER,BODY SLAM,21,5771,528,60,26,380,361,185,19,32111,Flareon, ,Grass,Poison,97344,Roselia2,Roselia,,00:36:17.81,00:36:27.49,02:21:39.09,47,1,0,36,27,49,MEGA DRAIN,SWORDS DANCE,SLEEP POWDER,BODY SLAM,16,29,14,13,3,0,0,0,127,127,87,72,124,124,94,7056,11147,8740,10174,10174,15568,15,15,15,15,2,0,0,0,0,0,0,195,81,124,124,105,511909,191971,267831,49967,2140,21,1,0,5771,4665,1005,101,528,86,60,26,20,0,15413,8019,1221,1221,255,18,157,0,0,0,0,0,24,0,18,0,0,3,5,0,0,0,0,0,3,0,0,0,0,0,5,2,0,0,0,0,11,1,5,43,0,0,0,144,67223,0,0,0,0,33,28,0,1,1,11,1,2,2,Flareon
2-17,14:59:32,NINTEN,Roselia,Blaine,1,Cinnabar Island - Gym,3,37:57.00,37:57,0h37m57s,3,1,4,50,2:24,18.689,MEGA DRAIN,SWORDS DANCE,SLEEP POWDER,BODY SLAM,22,5804,539,61,26,389,370,186,18,33136,Flareon, ,Grass,Poison,123710,Roselia2,Roselia,Blaine,00:37:38.31,00:37:57.00,02:24:18.41,50,3,0,37,57,0,MEGA DRAIN,SWORDS DANCE,SLEEP POWDER,BODY SLAM,16,26,13,8,3,0,0,0,92,135,93,76,132,132,100,7284,11433,8965,10434,10434,15868,15,15,15,15,6,0,0,0,0,0,0,418,119,132,132,158,521486,193946,272718,52524,2298,22,2,0,5804,4698,1005,101,539,87,61,26,20,0,16129,8456,1264,1264,261,18,158,0,0,0,0,0,25,0,18,0,0,3,5,0,0,0,0,0,3,0,0,0,0,0,5,2,0,0,0,0,11,1,5,48,0,0,0,147,73573,0,0,0,0,33,28,0,1,1,11,1,2,4,Flareon
2-17,15:00:37,NINTEN,Roselia,Psychic,4,Saffron City - Gym,1,39:01.67,39:01,0h39m1s,4,1,5,50,2:27,6.104,MEGA DRAIN,SWORDS DANCE,SLEEP POWDER,BODY SLAM,23,5941,545,62,26,391,372,187,19,38482,Flareon, ,Grass,Poison,125045,Roselia2,Roselia,,00:38:55.56,00:39:01.67,02:27:03.11,50,4,0,39,1,67,MEGA DRAIN,SWORDS DANCE,SLEEP POWDER,BODY SLAM,14,30,15,15,3,0,0,0,135,135,93,76,132,132,100,7379,11508,9075,10514,10514,15898,15,15,15,15,0,0,0,0,0,0,0,104,85,148,148,112,531362,200684,274726,53442,2510,23,3,0,5941,4835,1005,101,545,88,62,26,20,0,16336,8582,1264,1264,263,18,158,0,0,0,0,0,25,0,18,0,0,3,5,0,0,0,0,0,3,0,0,0,0,0,5,2,0,0,0,0,11,1,5,48,0,0,0,148,74908,0,0,0,0,33,28,0,1,1,11,1,2,5,Flareon
2-17,15:00:56,NINTEN,Roselia,Psychic,3,Saffron City - Gym,3,39:20.86,39:20,0h39m20s,4,1,5,51,2:28,10.405,MEGA DRAIN,SWORDS DANCE,SLEEP POWDER,BODY SLAM,23,5957,548,63,26,394,375,187,19,38862,Flareon, ,Grass,Poison,127602,Roselia2,Roselia,,00:39:10.45,00:39:20.86,02:28:18.31,51,4,0,39,20,86,MEGA DRAIN,SWORDS DANCE,SLEEP POWDER,BODY SLAM,11,30,15,15,3,0,0,0,138,138,95,78,135,135,102,7654,11713,9315,10674,10674,15958,15,15,15,15,0,0,0,0,0,0,0,106,87,151,151,114,535882,202267,277663,53442,2510,23,3,0,5957,4851,1005,101,548,89,63,26,20,0,17006,8906,1264,1264,266,18,158,0,0,0,0,0,26,0,18,0,0,3,5,0,0,0,0,0,3,0,0,0,0,0,5,2,0,0,0,0,11,1,5,48,0,0,0,151,77465,0,0,0,0,33,28,0,1,1,11,1,2,5,Flareon
2-17,15:01:20,NINTEN,Roselia,Sabrina,1,Saffron City - Gym,3,39:44.42,39:44,0h39m44s,4,1,5,51,2:29,14.399,MEGA DRAIN,SWORDS DANCE,SLEEP POWDER,BODY SLAM,24,5972,553,64,26,400,381,187,19,39192,Flareon, ,Grass,Poison,131927,Roselia2,Roselia,Sabrina,00:39:30.02,00:39:44.42,02:29:51.20,51,4,0,39,44,42,MEGA DRAIN,SWORDS DANCE,SLEEP POWDER,BODY SLAM,11,28,14,12,3,0,0,0,138,138,95,78,135,135,102,7774,11818,9405,11034,11034,16273,15,15,15,15,4,0,0,0,0,0,0,320,109,190,190,144,541451,203327,281569,54045,2510,24,3,0,5972,4866,1005,101,553,90,64,26,20,0,17642,9230,1264,1264,270,18,158,0,0,0,0,0,27,0,18,0,0,3,5,0,0,0,0,0,3,0,0,0,0,0,5,2,0,0,0,0,11,1,5,50,0,0,0,154,81790,0,0,0,0,33,28,0,1,1,11,1,2,5,Flareon
2-17,15:01:44,NINTEN,Roselia,Cooltrainer M,10,Viridian City - Gym,1,40:08.56,40:08,0h40m8s,4,1,5,51,2:31,4.683,MEGA DRAIN,SWORDS DANCE,SLEEP POWDER,BODY SLAM,24,6044,561,65,26,401,382,187,20,44142,Flareon, ,Grass,Poison,133170,Roselia2,Roselia,,00:40:03.87,00:40:08.56,02:31:26.27,51,4,0,40,8,56,MEGA DRAIN,SWORDS DANCE,SLEEP POWDER,BODY SLAM,10,28,14,12,3,0,0,0,138,138,95,78,135,135,102,7854,11903,9500,11064,11064,16298,15,15,15,15,0,0,0,0,0,0,0,106,87,151,151,114,547158,206617,283355,54676,2510,24,3,0,6044,4938,1005,101,561,91,65,26,20,0,18045,9358,1264,1264,271,18,158,0,0,0,0,0,27,0,18,0,0,3,5,0,0,0,0,0,3,0,0,0,0,0,5,2,0,0,0,0,11,1,5,50,0,0,0,155,83033,0,0,0,0,33,28,0,1,1,11,1,2,5,Flareon
2-17,15:02:05,NINTEN,Roselia,Blackbelt,8,Viridian City - Gym,3,40:29.31,40:29,0h40m29s,4,1,5,52,2:32,16.746,MEGA DRAIN,SWORDS DANCE,SLEEP POWDER,BODY SLAM,24,6052,563,66,26,408,389,188,20,45647,Flareon, ,Grass,Poison,136261,Roselia2,Roselia,,00:40:12.56,00:40:29.31,02:32:48.33,52,4,0,40,29,31,MEGA DRAIN,SWORDS DANCE,SLEEP POWDER,BODY SLAM,10,26,12,9,3,0,0,0,106,141,97,79,138,138,104,8084,12183,9690,11199,11199,16423,15,15,15,15,4,0,0,0,0,0,0,327,88,155,155,117,552084,207058,287840,54676,2510,24,3,0,6052,4946,1005,101,563,92,66,26,20,0,18628,9693,1299,1299,275,18,159,0,0,0,0,0,27,0,19,0,0,3,5,0,0,0,0,0,3,0,0,0,0,0,5,2,0,0,0,0,11,1,5,52,0,0,0,158,86124,0,0,0,0,33,28,0,1,1,11,1,2,5,Flareon
2-17,15:02:52,NINTEN,Roselia,Giovanni,3,Viridian City - Gym,5,41:17.17,41:17,0h41m17s,4,1,5,53,2:35,28.78,MEGA DRAIN,SWORDS DANCE,SLEEP POWDER,BODY SLAM,25,6122,579,67,26,419,400,191,19,46597,Flareon, ,Grass,Poison,146482,Roselia2,Roselia,Giovanni,00:40:48.38,00:41:17.17,02:35:57.29,53,4,0,41,17,17,MEGA DRAIN,SWORDS DANCE,SLEEP POWDER,BODY SLAM,5,23,11,7,3,0,0,0,143,143,99,81,140,140,106,8460,12637,10084,11529,11529,16859,15,15,15,15,6,-2,0,0,0,0,0,445,45,157,157,119,563420,209307,295123,56480,2510,25,3,0,6122,5016,1005,101,579,93,67,26,20,0,19594,10453,1383,1383,283,18,162,0,0,0,0,0,27,0,19,0,0,3,5,0,0,0,0,0,3,0,0,0,0,0,5,2,0,0,0,0,11,1,5,53,0,0,0,163,96345,0,0,0,0,33,28,0,1,1,11,1,2,5,Flareon
2-17,15:03:48,NINTEN,Roselia,Rival6-Route 22,9,Route 22,6,42:13.08,42:13,0h42m13s,4,2,6,54,2:39,26.798,MEGA DRAIN,SWORDS DANCE,SLEEP POWDER,BODY SLAM,26,6260,586,68,27,429,410,193,20,52042,Flareon, ,Grass,Poison,156446,Roselia2,Roselia,Rival (Final),00:41:46.28,00:42:13.08,02:39:38.36,54,4,0,42,13,8,MEGA DRAIN,SWORDS DANCE,SLEEP POWDER,BODY SLAM,14,27,14,11,3,0,0,0,146,146,101,83,143,143,108,8800,13097,10639,12079,12079,17274,15,15,15,15,6,0,0,0,0,0,0,454,93,160,160,121,576687,214170,302993,57014,2510,26,3,0,6260,5154,1005,101,586,95,68,27,21,0,20857,11170,1405,1405,290,18,164,0,0,0,0,0,27,0,20,0,0,3,5,0,0,0,0,0,3,0,0,0,0,0,5,2,0,0,0,0,11,1,5,54,0,0,0,169,106309,0,0,0,0,33,28,0,1,1,11,2,2,6,Flareon
2-17,15:06:31,NINTEN,Roselia,Lorelei,1,Lorelei's Room,5,44:56.03,44:56,0h44m56s,4,2,6,55,2:50,32.203,MEGA DRAIN,SWORDS DANCE,SLEEP POWDER,BODY SLAM,27,6942,741,69,27,443,424,196,19,40487,Flareon, ,Grass,Poison,166955,Roselia2,Roselia,Lorelei,00:44:23.83,00:44:56.03,02:50:24.31,55,4,0,44,56,3,MEGA DRAIN,SWORDS DANCE,SLEEP POWDER,BODY SLAM,14,27,12,9,3,0,0,0,97,149,103,85,146,146,111,9230,13472,11124,12529,12529,17599,15,15,15,15,6,0,0,0,0,0,0,463,95,164,164,124,615442,239959,311158,61815,2510,27,3,0,6942,5346,1459,137,741,96,69,27,21,0,22235,12055,1502,1502,300,18,166,0,0,0,0,0,27,0,20,0,0,3,5,0,0,0,0,0,3,0,0,0,0,0,5,2,0,0,0,0,11,1,5,59,0,0,0,174,116818,0,0,0,0,34,33,0,1,1,11,2,2,6,Flareon
2-17,15:07:13,NINTEN,Roselia,Bruno,1,Bruno's Room,5,45:37.89,45:37,0h45m37s,4,2,6,56,2:53,25.438,MEGA DRAIN,SWORDS DANCE,SLEEP POWDER,BODY SLAM,28,6953,742,70,27,453,434,197,19,46031,Flareon, ,Grass,Poison,175162,Roselia2,Roselia,Bruno,00:45:12.45,00:45:37.89,02:53:09.53,56,4,0,45,37,89,MEGA DRAIN,SWORDS DANCE,SLEEP POWDER,BODY SLAM,12,25,11,4,3,0,0,0,152,152,105,86,149,149,113,9490,13917,11656,12724,12724,17957,15,15,15,15,4,-1,0,0,0,0,0,398,63,187,187,142,625364,240977,317663,64214,2510,28,3,0,6953,5357,1459,137,742,97,70,27,21,0,23796,12714,1502,1502,308,18,167,0,0,0,0,0,27,0,20,0,0,3,6,0,0,0,0,0,3,0,0,0,0,0,5,2,0,0,0,0,12,1,5,60,0,0,0,179,125025,0,0,0,0,34,33,0,1,1,11,2,2,6,Flareon
2-17,15:09:43,NINTEN,Roselia,Agatha,1,Agatha's Room,5,48:08.04,48:08,0h48m8s,5,2,7,57,2:59,73.147,MEGA DRAIN,SWORDS DANCE,SLEEP POWDER,MIMIC,29,6964,749,71,27,489,469,202,18,51773,Flareon, ,Grass,Poison,185248,Roselia2,Roselia,Agatha,00:46:54.88,00:48:08.04,02:59:18.49,57,5,0,48,8,4,MEGA DRAIN,SWORDS DANCE,SLEEP POWDER,MIMIC,0,27,7,2,3,0,0,0,154,154,107,88,152,152,115,9790,14262,11960,13239,13239,18442,15,15,15,15,6,0,0,0,0,0,0,481,99,171,171,129,647505,242003,335559,67175,2768,29,4,0,6964,5368,1459,137,749,98,71,27,21,0,24685,13499,1502,1502,338,20,169,0,0,0,0,0,32,0,20,0,0,4,6,0,0,0,0,0,3,0,0,0,0,0,6,2,0,0,0,0,12,1,5,81,0,0,0,184,135111,0,0,0,0,34,33,0,1,1,12,2,2,7,Flareon
2-17,15:11:03,NINTEN,Roselia,Lance,1,Lance's Room,5,49:27.33,49:27,0h49m27s,6,2,8,59,3:02,25.935,MEGA DRAIN,SWORDS DANCE,SLEEP POWDER,MIMIC,30,7014,751,72,27,500,480,203,17,57713,Flareon, ,Grass,Poison,200940,Roselia2,Roselia,Lance,00:49:01.40,00:49:27.33,03:02:17.14,59,6,0,49,27,33,MEGA DRAIN,SWORDS DANCE,SLEEP POWDER,MIMIC,10,27,14,3,3,0,0,0,127,160,111,92,157,157,119,10178,14794,12329,13639,13639,18873,15,15,15,15,6,0,0,0,0,0,0,499,103,176,176,133,658215,243759,342150,69381,2925,30,5,0,7014,5418,1459,137,751,99,72,27,21,0,26245,14341,1535,1535,345,21,170,0,0,0,0,0,32,0,20,0,0,4,6,0,0,0,0,0,3,0,0,0,0,0,6,2,0,0,0,0,12,1,5,86,0,0,0,189,146717,0,0,0,0,34,33,0,1,1,12,2,2,8,Flareon
2-17,15:12:10,NINTEN,Roselia,Champion,2,Champions Room,6,50:34.76,50:34,0h50m34s,6,2,8,60,3:06,51.669,MEGA DRAIN,SWORDS DANCE,SLEEP POWDER,MIMIC,31,7022,751,73,27,515,495,210,16,63851,Flareon, ,Grass,Poison,215791,Roselia2,Roselia,Champion,00:49:43.09,00:50:34.76,03:06:44.26,60,6,0,50,34,76,MEGA DRAIN,SWORDS DANCE,SLEEP POWDER,MIMIC,13,27,14,2,3,0,0,0,124,163,113,93,160,160,121,10568,15324,12904,14269,14269,19318,15,15,15,15,6,0,0,0,0,0,0,508,104,180,180,136,674247,245388,354996,70938,2925,31,5,0,7022,5426,1459,137,751,100,73,27,21,0,28384,15308,1644,1644,357,21,176,0,0,0,0,0,32,0,21,0,0,4,6,0,0,0,0,0,3,0,0,0,0,0,6,2,0,0,0,0,12,1,5,88,0,0,0,195,161568,0,0,0,0,34,33,0,1,1,12,2,2,8,Flareon
2-17,15:12:33,NINTEN,Roselia,Champion,2,Hall of Fame,6,50:34.76,50:34,0h50m34s,6,2,8,60,3:08,74.21,MEGA DRAIN,SWORDS DANCE,SLEEP POWDER,MIMIC,31,7031,752,73,27,515,495,210,16,70286,Flareon, ,Grass,Poison,215791,Roselia2,Roselia,Champion,00:49:43.09,00:50:34.76,03:08:13.47,60,6,0,50,34,76,MEGA DRAIN,SWORDS DANCE,SLEEP POWDER,MIMIC,13,27,14,2,3,0,0,0,124,163,113,93,160,160,121,10568,15324,12904,14269,14269,19318,15,15,15,15,6,0,0,0,0,0,0,508,104,180,180,136,679608,250273,355472,70938,2925,31,5,0,7031,5435,1459,137,752,100,73,27,21,0,28384,15308,1644,1644,357,21,176,0,0,0,0,0,32,0,21,0,0,4,6,0,0,0,0,0,3,0,0,0,0,0,6,2,0,0,0,0,12,1,5,88,0,0,0,195,161568,0,0,0,0,34,33,0,1,1,12,2,2,8,Flareon
2-17,15:21:51,NINTEN,Roselia,Prof Oak,1,Pallet Town - Blue's House,5,50:34.76,50:34,0h50m34s,13,2,15,61,3:16,60.236,MEGA DRAIN,SWORDS DANCE,SLEEP POWDER,MIMIC,32,7064,762,74,27,536,516,213,16,70286,Flareon, ,Grass,Poison,231235,Roselia2,Roselia,,00:50:34.76,00:50:34.76,03:16:47.08,61,13,0,50,34,76,MEGA DRAIN,SWORDS DANCE,SLEEP POWDER,MIMIC,12,27,10,1,3,0,0,0,158,166,115,95,163,163,123,11002,15837,13343,14729,14729,19737,15,15,15,15,6,0,0,0,0,0,0,517,106,183,183,138,712367,267123,369993,71248,4003,32,7,0,7064,5468,1459,137,762,101,74,27,21,0,29696,16342,1720,1720,375,21,179,0,0,0,0,0,36,0,21,0,0,4,6,0,0,0,0,0,3,0,0,0,0,0,6,2,0,0,0,0,12,1,5,95,0,0,0,200,177012,0,0,0,0,34,33,0,1,1,12,2,2,15,Flareon
2-17,15:24:49,NINTEN,Roselia,Prof Oak,2,Pallet Town - Blue's House,5,50:34.76,50:34,0h50m34s,16,2,18,61,3:16,45.086,MEGA DRAIN,SWORDS DANCE,SLEEP POWDER,MIMIC,33,7065,764,74,27,532,512,212,16,70286,Flareon, ,Grass,Poison,231205,Roselia2,Roselia,,00:50:34.76,00:50:34.76,03:16:04.51,61,16,0,50,34,76,MEGA DRAIN,SWORDS DANCE,SLEEP POWDER,MIMIC,13,27,13,1,3,0,0,0,126,166,115,95,163,163,123,11003,15836,13326,14744,14744,19739,15,15,15,15,6,-1,0,0,0,0,0,517,69,183,183,138,709836,267539,366376,71634,4287,33,8,0,7065,5469,1459,137,764,101,74,27,21,0,29664,16343,1684,1684,371,21,178,0,0,0,0,0,32,0,21,0,0,4,6,0,0,0,0,0,3,0,0,0,0,0,6,2,0,0,0,0,12,1,5,95,0,0,0,200,176982,0,0,0,0,34,33,0,1,1,12,2,2,18,Flareon
2-17,15:31:29,NINTEN,Roselia,Prof Oak,3,Pallet Town - Blue's House,5,50:34.76,50:34,0h50m34s,26,2,28,61,3:17,64.574,MEGA DRAIN,SWORDS DANCE,SLEEP POWDER,MIMIC,34,7066,767,74,27,538,518,213,16,70286,Flareon, ,Grass,Poison,231220,Roselia2,Roselia,,00:50:34.76,00:50:34.76,03:17:30.09,61,26,0,50,34,76,MEGA DRAIN,SWORDS DANCE,SLEEP POWDER,MIMIC,11,27,9,1,3,0,0,0,166,166,115,95,163,163,123,11001,15838,13321,14729,14729,19759,15,15,15,15,6,-1,0,0,0,0,0,517,69,183,183,138,714959,267550,371026,71918,4465,34,9,0,7066,5470,1459,137,767,101,74,27,21,0,29576,16340,1750,1750,376,22,178,0,0,0,0,0,34,0,21,0,0,4,6,0,0,0,0,0,3,0,0,0,0,0,6,2,0,0,0,0,12,1,5,103,0,0,0,200,176997,0,0,0,0,34,33,0,1,1,12,2,2,28,Flareon
5-13,20:48:34,NINTEN,Roselia,Rival1-Lab,1,Pallet Town - Oak's Lab,1,52.87,52,0h0m52s,0,0,0,6,0:02,12.181,ABSORB,GROWTH,,,0,71,2,1,1,5,5,4,0,3000,Jolteon, ,Grass,Poison,232,Roselia1,Roselia,Rival (Lab),00:00:40.68,00:00:52.87,00:02:56.16,6,0,0,0,52,87,ABSORB,GROWTH,,,17,38,0,0,0,0,0,0,14,23,14,12,18,18,14,55,55,50,65,65,55,15,15,15,15,0,-2,2,2,0,0,0,14,6,36,36,14,12530,6402,4146,0,1982,0,0,0,71,71,0,0,2,2,1,1,0,0,23,21,19,19,3,0,4,0,0,0,0,0,0,0,0,0,0,0,0,0,0,0,0,0,0,0,0,0,0,0,0,0,0,0,0,0,0,0,0,0,0,0,0,1,97,0,0,0,0,0,0,0,0,0,0,0,1,0,Jolteon
5-13,20:50:51,NINTEN,Roselia,Bug Catcher,3,Viridian Forest,1,3:09.54,3:09,0h3m9s,0,0,0,8,0:11,19.324,ABSORB,GROWTH,,,0,630,23,2,11,18,18,17,2,75,Flareon, ,Grass,Poison,344,Roselia1,Roselia,,00:02:50.21,00:03:09.54,00:11:55.23,8,0,0,3,9,54,ABSORB,GROWTH,,,11,36,0,0,0,0,0,0,18,28,17,14,23,23,17,100,85,85,85,85,100,15,15,15,15,0,0,3,3,-3,0,0,17,14,57,57,6,44877,23160,19269,466,1982,0,0,0,630,630,0,0,23,13,2,11,8,0,57,54,52,52,10,4,15,0,0,0,0,0,0,0,1,0,0,0,0,0,0,0,0,0,0,0,0,0,0,0,0,0,0,0,0,0,0,0,0,0,0,0,0,2,209,0,0,0,0,1,11,0,1,1,0,0,1,0,Flareon
5-13,20:51:23,NINTEN,Roselia,Jr Trainer M,1,Pewter City - Gym,2,3:42.15,3:42,0h3m42s,0,0,0,10,0:14,15.576,ABSORB,GROWTH,POISON STING,,0,754,28,3,11,23,23,21,2,175,Flareon, ,Grass,Poison,678,Roselia1,Roselia,,00:03:26.57,00:03:42.15,00:14:04.05,10,0,0,3,42,15,ABSORB,GROWTH,POISON STING,,16,39,35,0,0,0,0,0,30,33,20,17,28,28,21,160,215,195,160,160,235,15,15,15,15,0,0,1,1,0,0,0,20,17,42,42,21,52599,26659,23492,466,1982,0,0,0,754,754,0,0,28,14,3,11,8,0,133,105,78,78,14,4,19,0,0,0,0,0,0,0,2,0,0,0,0,0,0,0,0,0,0,0,0,0,0,0,0,0,0,0,0,0,0,0,0,0,0,0,0,4,543,0,0,0,0,1,11,0,1,1,1,0,1,0,Flareon
5-13,20:51:41,NINTEN,Roselia,Brock,1,Pewter City - Gym,2,3:59.76,3:59,0h3m59s,0,0,0,12,0:15,8.495,ABSORB,GROWTH,POISON STING,,1,758,29,4,11,25,25,21,2,355,Flareon, ,Grass,Poison,1138,Roselia1,Roselia,Brock,00:03:51.26,00:03:59.76,00:15:13.32,12,0,0,3,59,76,ABSORB,GROWTH,POISON STING,,14,39,35,0,0,0,0,0,38,38,23,20,32,32,24,235,340,455,220,220,325,15,15,15,15,0,0,0,0,0,0,0,23,20,32,32,24,56766,27199,26063,1522,1982,1,0,0,758,758,0,0,29,15,4,11,8,0,227,166,78,78,16,4,19,0,0,0,0,0,1,0,2,0,0,0,0,0,0,0,0,0,0,0,0,0,0,0,0,0,0,0,0,0,0,0,0,0,0,0,0,6,1003,0,0,0,0,1,11,0,1,1,1,0,1,0,Flareon
5-13,20:52:17,NINTEN,Roselia,Bug Catcher,4,Route 3,3,4:36.04,4:36,0h4m36s,0,0,0,13,0:17,21.107,ABSORB,GROWTH,POISON STING,STUN SPORE,1,859,29,5,11,35,35,28,3,1543,Flareon, ,Grass,Poison,1473,Roselia1,Roselia,,00:04:14.93,00:04:36.04,00:17:37.14,13,0,0,4,36,4,ABSORB,GROWTH,POISON STING,STUN SPORE,14,39,25,30,0,0,0,0,25,40,25,21,35,35,26,365,435,555,280,280,465,15,15,15,15,0,0,0,0,-1,0,0,31,21,35,35,17,65388,29788,32096,1522,1982,1,0,0,859,859,0,0,29,16,5,11,8,0,332,255,93,93,26,5,25,0,0,0,0,0,3,0,2,0,0,0,0,0,0,0,0,0,0,0,0,0,0,0,0,0,0,0,0,0,0,0,0,0,0,0,0,9,1338,0,0,0,0,1,11,0,1,1,2,0,1,0,Flareon
5-13,20:52:41,NINTEN,Roselia,Youngster Ben,1,Route 3,2,5:00.01,5:00,0h5m0s,0,0,0,14,0:19,20.687,ABSORB,GROWTH,POISON STING,STUN SPORE,1,863,29,6,11,45,43,35,3,1643,Flareon, ,Grass,Poison,1751,Roselia1,Roselia,,00:04:39.33,00:05:00.01,00:19:12.07,14,0,0,5,0,1,ABSORB,GROWTH,POISON STING,STUN SPORE,8,37,25,30,0,0,0,0,13,42,26,22,37,37,28,430,551,634,345,345,592,15,15,15,15,0,-1,2,2,0,0,0,29,14,74,74,28,71081,30069,37508,1522,1982,1,0,0,863,863,0,0,29,17,6,11,8,0,423,314,136,136,32,5,32,0,0,0,0,0,3,0,2,0,0,0,0,0,0,0,0,0,0,0,0,0,0,0,0,0,0,0,0,0,0,0,0,0,0,0,0,11,1616,0,0,0,0,1,11,0,1,1,2,0,1,0,Flareon
5-13,20:53:10,NINTEN,Roselia,Bug Catcher,5,Route 3,4,5:28.74,5:28,0h5m28s,0,0,0,15,0:21,23.802,ABSORB,GROWTH,POISON STING,STUN SPORE,1,867,29,7,11,56,54,42,3,1808,Flareon, ,Grass,Poison,2226,Roselia1,Roselia,,00:05:04.94,00:05:28.74,00:21:05.30,15,0,0,5,28,74,ABSORB,GROWTH,POISON STING,STUN SPORE,8,37,14,30,0,0,0,0,34,45,28,24,40,40,29,610,661,804,435,435,752,15,15,15,15,0,0,0,0,-1,0,0,31,24,40,40,19,77884,30307,43647,1948,1982,1,0,0,867,867,0,0,29,18,7,11,8,0,550,426,138,138,43,6,34,0,0,0,0,0,5,0,2,0,0,0,0,0,0,0,0,0,2,0,0,0,0,0,0,0,0,0,0,0,0,0,0,0,0,0,0,15,2091,0,0,0,0,1,11,0,1,1,2,0,1,0,Flareon
5-13,20:53:27,NINTEN,Roselia,Bug Catcher,6,Route 3,2,5:46.03,5:46,0h5m46s,0,0,0,15,0:22,13.205,ABSORB,GROWTH,STUN SPORE,POISON STING,1,875,30,8,11,61,59,45,3,1898,Flareon, ,Grass,Poison,2519,Roselia1,Roselia,,00:05:32.83,00:05:46.03,00:22:13.50,15,0,0,5,46,3,ABSORB,GROWTH,STUN SPORE,POISON STING,8,37,30,9,0,0,0,0,31,45,28,24,40,40,29,705,711,894,480,480,827,15,15,15,15,0,0,0,0,0,0,0,31,24,40,40,29,81984,30751,47303,1948,1982,1,0,0,875,875,0,0,30,19,8,11,8,0,628,491,141,141,48,6,35,0,0,0,0,0,5,0,2,0,0,0,0,0,0,0,0,0,3,0,0,0,0,0,0,0,0,0,0,0,0,0,0,0,0,0,0,17,2384,0,0,0,0,1,11,0,1,1,2,0,1,0,Flareon
5-13,20:54:31,NINTEN,Roselia,Hiker,1,Mt Moon - 1,3,6:49.19,6:49,0h6m49s,0,0,0,17,0:26,15.325,MEGA DRAIN,GROWTH,ABSORB,POISON STING,1,1118,43,9,17,66,64,45,4,2008,Flareon, ,Grass,Poison,3360,Roselia1,Roselia,,00:06:33.87,00:06:49.19,00:26:22.51,17,0,0,6,49,19,MEGA DRAIN,GROWTH,ABSORB,POISON STING,9,40,16,35,0,0,0,0,50,50,31,26,45,45,33,900,1076,1454,630,630,977,15,15,15,15,0,0,0,0,0,0,0,34,26,45,45,33,96925,36443,56552,1948,1982,1,0,0,1118,1118,0,0,43,26,9,17,12,0,1038,635,141,141,53,6,35,0,0,0,0,0,5,0,2,0,0,0,0,0,0,0,0,0,3,0,0,0,0,0,0,0,0,0,0,0,0,0,0,0,0,0,0,22,3225,0,0,0,0,2,11,0,1,1,3,0,1,0,Flareon
5-13,20:55:15,NINTEN,Roselia,Fossil Nerd,2,Mt Moon - 3,3,7:33.19,7:33,0h7m33s,0,0,0,18,0:29,21.023,MEGA DRAIN,GROWTH,ABSORB,POISON STING,1,1239,52,10,20,74,72,50,4,2358,Flareon, ,Grass,Poison,4147,Roselia1,Roselia,,00:07:12.17,00:07:33.19,00:29:16.31,18,0,0,7,33,19,MEGA DRAIN,GROWTH,ABSORB,POISON STING,6,37,14,35,0,0,0,0,51,52,33,28,47,47,35,1060,1251,1649,785,785,1137,15,15,15,15,0,0,3,3,0,0,0,37,28,117,117,35,107345,39195,64220,1948,1982,1,0,0,1239,1239,0,0,52,30,10,20,15,0,1178,744,145,145,58,8,39,0,0,0,0,0,5,0,2,0,0,0,0,0,0,0,0,0,3,0,0,0,0,0,0,0,0,0,0,0,0,0,0,0,0,0,0,25,4012,0,0,0,0,2,11,0,1,1,3,0,1,0,Flareon
5-13,20:55:42,NINTEN,Roselia,Rocket,42,Mt Moon - 3,3,8:00.62,8:00,0h8m0s,0,0,0,19,0:31,19.819,MEGA DRAIN,GROWTH,ABSORB,POISON STING,1,1255,54,11,20,84,79,54,5,2658,Flareon, ,Grass,Poison,4882,Roselia1,Roselia,,00:07:40.80,00:08:00.62,00:31:05.10,19,0,0,8,0,62,MEGA DRAIN,GROWTH,ABSORB,POISON STING,2,34,14,35,0,0,0,0,55,55,35,29,50,50,37,1175,1421,1823,925,925,1317,15,15,15,15,0,0,3,3,0,0,0,39,29,125,125,37,113864,40607,69327,1948,1982,1,0,0,1255,1255,0,0,54,31,11,20,15,0,1330,854,167,167,62,8,43,0,0,0,0,0,5,0,3,0,0,0,0,0,0,0,0,0,3,0,0,0,0,0,0,0,0,0,0,0,0,0,0,0,0,0,0,28,4747,0,0,0,0,2,11,0,1,1,3,0,1,0,Flareon
5-13,20:56:10,NINTEN,Roselia,Swimmer,1,Cerulean City - Gym,2,8:29.01,8:29,0h8m29s,0,0,0,20,0:32,9.473,MEGA DRAIN,GROWTH,ABSORB,POISON STING,1,1393,63,12,20,87,82,55,5,3078,Flareon, ,Grass,Poison,5496,Roselia1,Roselia,,00:08:19.54,00:08:29.01,00:32:57.09,20,0,0,8,29,1,MEGA DRAIN,GROWTH,ABSORB,POISON STING,8,39,20,35,0,0,0,0,57,57,37,31,52,52,38,1235,1526,1993,1040,1040,1417,15,15,15,15,0,0,1,1,0,0,0,41,31,78,78,38,120583,44594,72059,1948,1982,1,0,0,1393,1393,0,0,63,32,12,20,15,0,1461,930,169,169,64,8,44,0,0,0,0,0,5,0,3,0,0,0,0,0,0,0,0,0,3,0,0,0,0,0,0,0,0,0,0,0,0,0,0,0,0,0,0,30,5361,0,0,0,0,2,11,0,1,1,3,0,1,0,Flareon
5-13,20:56:21,NINTEN,Roselia,Pecking Lass,1,Cerulean City - Gym,1,8:39.51,8:39,0h8m39s,0,0,0,20,0:33,6.668,MEGA DRAIN,GROWTH,ABSORB,POISON STING,1,1401,64,13,20,89,84,56,5,3158,Flareon, ,Grass,Poison,5947,Roselia1,Roselia,,00:08:32.84,00:08:39.51,00:33:38.36,20,0,0,8,39,51,MEGA DRAIN,GROWTH,ABSORB,POISON STING,7,38,20,35,0,0,0,0,57,57,37,31,52,52,38,1280,1593,2053,1090,1090,1480,15,15,15,15,0,0,1,1,0,0,0,46,31,78,78,38,123070,45019,74121,1948,1982,1,0,0,1401,1401,0,0,64,33,13,20,15,0,1532,979,183,183,65,8,45,0,0,0,0,0,5,0,3,0,0,0,0,0,0,0,0,0,3,0,0,0,0,0,0,0,0,0,0,0,0,0,0,0,0,0,0,31,5812,0,0,0,0,2,11,0,1,1,3,0,1,0,Flareon
5-13,20:56:43,NINTEN,Roselia,Misty,1,Cerulean City - Gym,2,9:02.11,9:02,0h9m2s,0,0,0,21,0:35,18.412,MEGA DRAIN,GROWTH,ABSORB,POISON STING,1,1402,72,14,20,94,89,61,5,3538,Flareon, ,Grass,Poison,7286,Roselia1,Roselia,Misty,00:08:43.70,00:09:02.11,00:35:08.11,21,0,0,9,2,11,MEGA DRAIN,GROWTH,ABSORB,POISON STING,4,36,20,35,0,0,0,0,60,60,38,32,55,55,40,1370,1713,2193,1260,1260,1680,15,15,15,15,0,0,2,2,0,0,0,42,32,110,110,40,128445,45515,79000,1948,1982,1,0,0,1402,1402,0,0,72,34,14,20,15,0,1702,1079,202,202,68,8,48,0,0,0,0,0,5,0,4,0,0,0,0,0,0,0,0,0,3,0,0,0,0,0,0,0,0,0,0,0,0,0,0,0,0,0,0,33,7151,0,0,0,0,2,11,0,1,1,3,0,1,0,Flareon
5-13,20:57:28,NINTEN,Roselia,Rival2-Nugget Bridge,3,Cerulean City,4,9:46.80,9:46,0h9m46s,0,0,0,22,0:38,21.312,MEGA DRAIN,GROWTH,ABSORB,POISON STING,2,1504,76,15,20,102,97,66,6,5617,Flareon, ,Grass,Poison,8324,Roselia1,Roselia,Rival (Nugget Bridge),00:09:25.49,00:09:46.80,00:38:04.37,22,0,0,9,46,80,MEGA DRAIN,GROWTH,ABSORB,POISON STING,5,38,19,35,0,0,0,0,50,62,40,34,57,57,42,1545,1959,2393,1411,1411,1917,15,15,15,15,0,-2,2,2,0,0,0,45,17,114,114,42,139031,49861,84677,2511,1982,2,0,0,1504,1504,0,0,76,35,15,20,15,0,2075,1250,266,266,74,8,53,0,0,0,0,0,5,0,4,0,0,0,0,0,0,0,0,0,3,0,0,0,0,0,0,0,0,0,0,0,0,0,0,0,0,0,0,37,8189,0,0,0,0,3,11,0,1,1,3,0,1,0,Flareon
5-13,20:57:47,NINTEN,Roselia,Bug Catcher,9,Route 24,2,10:06.00,10:06,0h10m6s,0,0,0,22,0:39,11.49,MEGA DRAIN,GROWTH,ABSORB,POISON STING,2,1515,76,16,20,107,102,69,6,6212,Flareon, ,Grass,Poison,8639,Roselia1,Roselia,,00:09:54.51,00:10:06.00,00:39:20.31,22,0,0,10,6,0,MEGA DRAIN,GROWTH,ABSORB,POISON STING,5,38,19,30,0,0,0,0,47,62,40,34,57,57,42,1630,2024,2458,1451,1451,2012,15,15,15,15,0,0,0,0,-2,0,0,56,34,57,57,21,143585,51157,87935,2511,1982,2,0,0,1515,1515,0,0,76,36,16,20,15,0,2173,1325,269,269,79,8,56,0,0,0,0,0,5,0,5,0,0,0,0,0,0,0,0,0,3,0,0,0,0,0,0,0,0,0,0,0,0,0,0,0,0,0,0,39,8504,0,0,0,0,3,11,0,1,1,3,0,1,0,Flareon
5-13,20:58:09,NINTEN,Roselia,Lass,8,Route 24,2,10:27.36,10:27,0h10m27s,0,0,0,23,0:40,18.715,MEGA DRAIN,GROWTH,ABSORB,POISON STING,2,1517,78,17,20,115,110,75,6,6352,Flareon, ,Grass,Poison,8981,Roselia1,Roselia,,00:10:08.64,00:10:27.36,00:40:44.55,23,0,0,10,27,36,MEGA DRAIN,GROWTH,ABSORB,POISON STING,4,37,15,28,0,0,0,0,51,65,42,35,60,60,44,1725,2116,2550,1526,1526,2109,15,15,15,15,-1,0,1,1,0,0,0,30,35,90,90,44,148649,51285,92871,2511,1982,2,0,0,1517,1517,0,0,78,37,17,20,15,0,2265,1403,295,295,86,8,62,0,0,0,0,0,5,0,6,0,0,0,0,0,0,0,0,0,3,0,0,0,0,0,0,0,0,0,0,0,0,0,0,0,0,0,0,41,8846,0,0,0,0,3,11,0,1,1,3,0,1,0,Flareon
5-13,20:58:37,NINTEN,Roselia,Youngster,4,Route 24,3,10:55.38,10:55,0h10m55s,0,0,0,23,0:42,21.042,MEGA DRAIN,GROWTH,ABSORB,POISON STING,3,1521,81,18,20,123,118,80,6,6562,Flareon, ,Grass,Poison,9500,Roselia1,Roselia,,00:10:34.34,00:10:55.38,00:42:35.38,23,0,0,10,55,38,MEGA DRAIN,GROWTH,ABSORB,POISON STING,1,33,14,28,0,0,0,0,65,65,42,35,60,60,44,1830,2277,2664,1631,1631,2291,15,15,15,15,0,-2,4,4,0,0,0,92,17,180,180,44,155292,51506,98348,3456,1982,3,0,0,1521,1521,0,0,81,38,18,20,15,0,2447,1510,324,324,90,8,67,0,0,0,0,0,7,0,6,0,0,1,0,0,0,0,0,0,3,0,0,0,0,0,1,0,0,0,0,0,0,0,0,0,0,0,0,44,9365,0,0,0,0,3,11,0,1,1,3,0,1,0,Flareon
5-13,20:58:58,NINTEN,Roselia,Lass,7,Route 24,2,11:16.85,11:16,0h11m16s,0,0,0,23,0:44,16.252,MEGA DRAIN,GROWTH,ABSORB,POISON STING,4,1525,84,19,20,129,124,84,6,6772,Flareon, ,Grass,Poison,9888,Roselia1,Roselia,,00:11:00.60,00:11:16.85,00:44:00.39,23,0,0,11,16,85,MEGA DRAIN,GROWTH,ABSORB,POISON STING,0,31,11,28,0,0,0,0,64,65,42,35,60,60,44,1925,2369,2756,1706,1706,2388,15,15,15,15,0,0,2,2,0,0,0,58,35,120,120,44,160393,51727,102697,3987,1982,4,0,0,1525,1525,0,0,84,39,19,20,15,0,2550,1597,350,350,94,8,71,0,0,0,0,0,7,0,7,0,0,1,0,0,0,0,0,0,3,0,0,0,0,0,1,0,0,0,0,0,0,0,0,0,0,0,0,46,9753,0,0,0,0,3,11,0,1,1,3,0,1,0,Flareon
5-13,20:59:09,NINTEN,Roselia,Jr Trainer M,3,Route 24,1,11:27.56,11:27,0h11m27s,0,0,0,23,0:44,7.886,MEGA DRAIN,GROWTH,ABSORB,POISON STING,4,1529,86,20,20,132,127,86,6,7012,Flareon, ,Grass,Poison,10173,Roselia1,Roselia,,00:11:19.68,00:11:27.56,00:44:42.56,23,0,0,11,27,56,MEGA DRAIN,GROWTH,ABSORB,POISON STING,0,31,8,28,0,0,0,0,51,65,42,35,60,60,44,1965,2449,2791,1741,1741,2458,15,15,15,15,0,0,0,0,0,0,0,47,35,60,60,44,162930,51925,105036,3987,1982,4,0,0,1529,1529,0,0,86,40,20,20,15,0,2613,1642,372,372,97,8,73,0,0,0,0,0,7,0,8,0,0,1,0,0,0,0,0,0,3,0,0,0,0,0,1,0,0,0,0,0,0,0,0,0,0,0,0,47,10038,0,0,0,0,3,11,0,1,1,3,0,1,0,Flareon
5-13,20:59:50,NINTEN,Roselia,Rocket,6,Route 24,2,12:08.20,12:08,0h12m8s,0,0,0,24,0:47,18.934,MEGA DRAIN,GROWTH,ABSORB,POISON STING,5,1649,97,21,20,142,133,90,7,7372,Flareon, ,Grass,Poison,10543,Roselia1,Roselia,,00:11:49.27,00:12:08.20,00:47:23.56,24,0,0,12,8,20,MEGA DRAIN,GROWTH,ABSORB,POISON STING,7,37,20,35,0,0,0,0,67,67,43,36,62,62,46,2040,2554,2870,1821,1821,2568,15,15,15,15,0,0,3,3,0,0,0,48,36,155,155,46,172590,56021,110031,4556,1982,5,0,0,1649,1649,0,0,97,41,21,20,15,0,2707,1718,399,399,100,8,77,0,0,0,0,0,8,0,9,0,0,1,0,0,0,0,0,0,3,0,0,0,0,0,1,0,0,0,0,0,0,0,0,0,0,0,0,49,10408,0,0,0,0,3,11,0,1,1,3,0,1,0,Flareon
5-13,21:00:04,NINTEN,Roselia,Hiker,4,Route 25,1,12:22.24,12:22,0h12m22s,0,0,0,24,0:48,4.397,MEGA DRAIN,GROWTH,ABSORB,POISON STING,5,1697,102,22,20,143,134,90,7,7822,Flareon, ,Grass,Poison,10936,Roselia1,Roselia,,00:12:17.84,00:12:22.24,00:48:19.26,24,0,0,12,22,24,MEGA DRAIN,GROWTH,ABSORB,POISON STING,6,37,20,35,0,0,0,0,67,67,43,36,62,62,46,2075,2599,3030,1851,1851,2638,15,15,15,15,0,0,0,0,0,0,0,48,36,62,62,46,175920,57814,111568,4556,1982,5,0,0,1697,1697,0,0,102,42,22,20,15,0,2884,1759,399,399,101,8,77,0,0,0,0,0,8,0,9,0,0,1,0,0,0,0,0,0,3,0,0,0,0,0,1,0,0,0,0,0,0,0,0,0,0,0,0,50,10801,0,0,0,0,3,11,0,1,1,3,0,1,0,Flareon
5-13,21:00:26,NINTEN,Roselia,Lass,9,Route 25,2,12:45.13,12:45,0h12m45s,0,0,0,24,0:49,18.588,MEGA DRAIN,GROWTH,ABSORB,POISON STING,5,1707,107,23,20,150,141,95,7,8417,Flareon, ,Grass,Poison,11317,Roselia1,Roselia,,00:12:26.54,00:12:45.13,00:49:50.05,24,0,0,12,45,13,MEGA DRAIN,GROWTH,ABSORB,POISON STING,5,35,16,35,0,0,0,0,67,67,43,36,62,62,46,2176,2703,3122,1931,1931,2729,15,15,15,15,0,0,2,2,0,0,0,60,36,124,124,46,181359,58350,116471,4556,1982,5,0,0,1707,1707,0,0,107,43,23,20,15,0,3000,1843,422,422,106,8,82,0,0,0,0,0,8,0,9,0,0,1,0,0,0,0,0,0,3,0,0,0,0,0,1,0,0,0,0,0,0,0,0,0,0,0,0,52,11182,0,0,0,0,3,11,0,1,1,3,0,1,0,Flareon
5-13,21:00:48,NINTEN,Roselia,Hiker,3,Route 25,4,13:06.35,13:06,0h13m6s,0,0,0,25,0:51,16.69,MEGA DRAIN,GROWTH,ABSORB,POISON STING,5,1715,109,24,20,156,147,97,7,8642,Flareon, ,Grass,Poison,12275,Roselia1,Roselia,,00:12:49.66,00:13:06.35,00:51:13.55,25,0,0,13,6,35,MEGA DRAIN,GROWTH,ABSORB,POISON STING,5,34,11,35,0,0,0,0,70,70,45,38,65,65,48,2366,3023,3472,2056,2056,2824,15,15,15,15,0,0,1,1,0,0,0,50,38,97,97,48,186389,58947,120904,4556,1982,5,0,0,1715,1715,0,0,109,44,24,20,15,0,3588,1991,434,434,111,8,84,0,0,0,0,0,8,0,10,0,0,1,0,0,0,0,0,0,3,0,0,0,0,0,1,0,0,0,0,0,0,0,0,0,0,0,0,56,12140,0,0,0,0,3,11,0,1,1,3,0,1,0,Flareon
5-13,21:01:09,NINTEN,Roselia,Oddish Lass,10,Route 25,3,13:27.80,13:27,0h13m27s,0,0,0,25,0:52,16.728,MEGA DRAIN,GROWTH,ABSORB,POISON STING,5,1732,116,25,20,164,155,102,7,9097,Flareon, ,Grass,Poison,12860,Roselia1,Roselia,Oddish Lass,00:13:11.07,00:13:27.80,00:52:38.43,25,0,0,13,27,80,MEGA DRAIN,GROWTH,ABSORB,POISON STING,3,31,11,32,0,0,0,0,70,70,45,38,65,65,48,2496,3168,3622,2241,2241,2940,15,15,15,15,0,0,3,3,0,0,0,70,38,162,162,48,191477,59590,125349,4556,1982,5,0,0,1732,1732,0,0,116,45,25,20,15,0,3742,2098,434,434,116,13,89,0,0,0,0,0,10,0,10,0,0,1,0,0,0,0,0,0,3,0,0,0,0,0,1,0,0,0,0,0,0,0,0,0,0,0,0,59,12725,0,0,0,0,3,11,0,1,1,3,0,1,0,Flareon
5-13,21:01:50,NINTEN,Roselia,Cerulean Rocket,5,Cerulean City,2,14:08.71,14:08,0h14m8s,0,0,0,26,0:55,15.903,MEGA DRAIN,GROWTH,ABSORB,POISON STING,5,1871,118,26,20,170,161,106,9,9292,Flareon, ,Grass,Poison,13549,Roselia1,Roselia,Rocket,00:13:52.81,00:14:08.71,00:55:20.38,26,0,0,14,8,71,MEGA DRAIN,GROWTH,ABSORB,POISON STING,2,29,8,32,0,0,0,0,73,73,47,40,67,67,49,2626,3296,3717,2366,2366,3017,15,15,15,15,0,0,2,2,0,0,0,52,40,134,134,49,201192,65040,129614,4556,1982,5,0,0,1871,1871,0,0,118,46,26,20,15,0,3905,2201,467,467,120,14,92,0,0,0,0,0,10,0,12,0,0,1,0,0,0,0,0,0,3,0,0,0,0,0,1,0,0,0,0,0,0,0,0,0,0,0,0,61,13414,0,0,0,0,4,11,0,1,1,3,0,1,0,Flareon
5-13,21:02:37,NINTEN,Roselia,Sandy,3,Route 6,3,14:55.31,14:55,0h14m55s,0,0,0,26,0:58,17.712,MEGA DRAIN,GROWTH,ABSORB,POISON STING,6,2025,126,27,21,177,168,111,10,9802,Flareon, ,Grass,Poison,14110,Roselia1,Roselia,,00:14:37.59,00:14:55.31,00:58:24.35,26,0,0,14,55,31,MEGA DRAIN,GROWTH,ABSORB,POISON STING,7,27,6,32,0,0,0,0,73,73,47,40,67,67,49,2746,3431,3837,2471,2471,3185,15,15,15,15,0,0,2,2,0,-1,0,73,40,134,134,49,212229,69008,135164,6075,1982,6,0,0,2025,2025,0,0,126,48,27,21,16,0,4062,2324,491,491,124,15,97,0,0,0,0,0,10,0,12,0,0,1,0,0,0,0,0,0,3,0,0,0,0,0,1,0,0,0,0,0,0,0,0,0,0,0,0,64,13975,0,0,0,0,5,11,0,1,1,3,0,1,0,Flareon
5-13,21:02:51,NINTEN,Roselia,Jr Trainer M,5,Route 6,2,15:09.61,15:09,0h15m9s,0,0,0,26,0:59,11.295,MEGA DRAIN,GROWTH,ABSORB,POISON STING,6,2028,126,28,21,181,172,113,10,10122,Flareon, ,Grass,Poison,14705,Roselia1,Roselia,,00:14:58.32,00:15:09.61,00:59:21.05,26,0,0,15,9,61,MEGA DRAIN,GROWTH,ABSORB,POISON STING,5,25,6,32,0,0,0,0,73,73,47,40,67,67,49,2841,3572,3927,2552,2552,3352,15,15,15,15,-1,0,2,2,0,0,0,38,40,134,134,49,215619,69220,138342,6075,1982,6,0,0,2028,2028,0,0,126,49,28,21,16,0,4193,2411,497,497,126,15,99,0,0,0,0,0,10,0,12,0,0,1,0,0,0,0,0,0,3,0,0,0,0,0,1,0,0,0,0,0,0,0,0,0,0,0,0,66,14570,0,0,0,0,5,11,0,1,1,3,0,1,0,Flareon
5-13,21:03:22,NINTEN,Roselia,Youngster,8,SS Anne,1,15:40.20,15:40,0h15m40s,0,0,0,26,1:01,15.105,MEGA DRAIN,GROWTH,ABSORB,POISON STING,6,2127,137,29,21,186,177,117,11,9392,Flareon, ,Grass,Poison,14975,Roselia1,Roselia,,00:15:25.10,00:15:40.20,01:01:21.54,26,0,0,15,40,20,MEGA DRAIN,GROWTH,ABSORB,POISON STING,4,23,4,32,0,0,0,0,70,73,47,40,67,67,49,2887,3629,3967,2592,2592,3402,15,15,15,15,0,0,2,2,0,0,0,65,40,134,134,49,222868,72471,142340,6075,1982,6,0,0,2127,2127,0,0,137,50,29,21,16,0,4262,2464,525,525,129,15,103,0,0,0,0,0,10,0,13,0,0,1,0,0,0,0,0,0,3,0,0,0,0,0,1,0,0,0,0,0,0,0,0,0,0,0,0,67,14840,0,0,0,0,5,14,0,1,1,3,0,1,0,Flareon
5-13,21:03:52,NINTEN,Roselia,Gentleman,5,SS Anne,2,16:10.44,16:10,0h16m10s,0,0,0,27,1:03,10.567,MEGA DRAIN,GROWTH,ABSORB,BODY SLAM,7,2179,142,30,21,190,181,119,11,9707,Flareon, ,Grass,Poison,15859,Roselia1,Roselia,,00:15:59.87,00:16:10.44,01:03:21.25,27,0,0,16,10,44,MEGA DRAIN,GROWTH,ABSORB,BODY SLAM,4,23,4,11,0,0,0,0,53,75,49,41,70,70,51,2992,3784,4067,2707,2707,3552,15,15,15,15,0,0,0,0,0,0,0,55,41,70,70,51,230039,74306,145255,8496,1982,7,0,0,2179,2179,0,0,142,51,30,21,16,0,4463,2558,544,544,133,15,105,0,0,0,0,0,11,0,13,0,0,1,1,0,0,0,0,0,3,0,0,0,0,0,1,0,0,0,0,0,1,0,0,0,0,0,0,69,15724,0,0,0,0,6,14,0,1,1,4,0,1,0,Flareon
5-13,21:04:17,NINTEN,Roselia,Rival3-SS Anne,1,SS Anne,4,16:35.31,16:35,0h16m35s,0,0,0,27,1:04,13.778,MEGA DRAIN,GROWTH,ABSORB,BODY SLAM,8,2207,147,31,21,195,186,120,11,10897,Flareon, ,Grass,Poison,17040,Roselia1,Roselia,Rival (SS Anne),00:16:21.54,00:16:35.31,01:04:59.28,27,0,0,16,35,31,MEGA DRAIN,GROWTH,ABSORB,BODY SLAM,3,23,3,8,0,0,0,0,75,75,49,41,70,70,51,3167,4030,4267,2858,2858,3789,15,15,15,15,0,-1,0,0,0,0,0,61,27,70,70,51,235922,75638,148928,9374,1982,8,0,0,2207,2207,0,0,147,52,31,21,16,0,4730,2746,544,544,138,15,106,0,0,0,0,0,11,0,13,0,0,1,1,0,0,0,0,0,3,0,0,0,0,0,1,0,0,0,0,0,1,0,0,0,0,0,0,73,16905,0,0,0,0,7,14,0,1,1,4,0,1,0,Flareon
5-13,21:05:13,NINTEN,Roselia,Surge,1,Vermilion City - Gym,1,17:32.14,17:32,0h17m32s,0,0,0,28,1:08,12.826,MEGA DRAIN,GROWTH,ABSORB,BODY SLAM,9,2386,160,32,21,200,191,124,11,12197,Flareon, ,Grass,Poison,17772,Roselia1,Roselia,Lt. Surge,00:17:19.32,00:17:32.14,01:08:44.12,28,0,0,17,32,14,MEGA DRAIN,GROWTH,ABSORB,BODY SLAM,0,21,3,8,0,0,0,0,28,78,51,43,73,73,54,3227,4120,4322,2948,2948,3889,15,15,15,15,0,0,2,2,0,0,0,57,43,146,146,54,249406,82270,152529,12625,1982,9,0,0,2386,2386,0,0,160,53,32,21,16,0,4826,2822,632,632,141,16,109,0,0,0,0,0,11,0,13,0,0,1,1,0,0,0,0,0,3,0,0,0,0,0,1,0,0,0,0,0,1,0,0,0,0,0,0,74,17637,0,0,0,0,7,14,0,1,1,6,0,1,0,Flareon
5-13,21:06:11,NINTEN,Roselia,Wrapping Lass,5,Route 9,4,18:29.60,18:29,0h18m29s,0,0,0,28,1:12,13.831,MEGA DRAIN,GROWTH,ABSORB,BODY SLAM,9,2576,175,33,21,206,197,126,13,14969,Flareon, ,Grass,Poison,19020,Roselia1,Roselia,RTG1 - Wrapping Lass,00:18:15.77,00:18:29.60,01:12:30.21,28,0,0,18,29,60,MEGA DRAIN,GROWTH,ABSORB,BODY SLAM,10,40,20,9,0,0,0,0,77,78,51,43,73,73,54,3417,4370,4502,3238,3238,4029,15,15,15,15,0,0,0,0,0,0,0,57,48,73,73,54,262975,90007,156404,14582,1982,9,0,0,2576,2524,52,0,175,54,33,21,16,0,5115,3013,633,633,147,16,110,0,0,0,0,0,11,0,13,0,0,1,2,0,0,0,0,0,3,0,0,0,0,0,1,0,0,0,0,0,2,0,0,0,0,0,0,78,18885,0,0,0,0,7,14,0,1,1,6,0,1,0,Flareon
5-13,21:06:36,NINTEN,Roselia,Bug Catcher,14,Route 9,3,18:55.01,18:55,0h18m55s,0,0,0,29,1:14,20.446,MEGA DRAIN,GROWTH,SLEEP POWDER,BODY SLAM,9,2617,178,34,21,212,203,130,13,15329,Flareon, ,Grass,Poison,19789,Roselia1,Roselia,,00:18:34.56,00:18:55.01,01:14:10.55,29,0,0,18,55,1,MEGA DRAIN,GROWTH,SLEEP POWDER,BODY SLAM,9,38,15,6,0,0,0,0,74,81,53,44,75,75,56,3562,4490,4617,3318,3318,4169,15,15,15,15,0,0,2,2,-2,0,0,59,49,150,150,28,269009,90683,161762,14582,1982,9,0,0,2617,2524,93,0,178,55,34,21,16,0,5362,3170,640,640,151,16,114,0,0,0,0,0,12,0,13,0,0,1,2,0,0,0,0,0,3,0,0,0,0,0,1,0,0,0,0,0,2,0,0,0,0,0,0,81,19654,0,0,0,0,7,14,0,1,1,7,0,1,0,Flareon
5-13,21:06:55,NINTEN,Roselia,Slowbone,7,Rock Tunnel - 1,2,19:13.22,19:13,0h19m13s,0,0,0,29,1:15,6.871,MEGA DRAIN,GROWTH,SLEEP POWDER,BODY SLAM,9,2721,185,35,21,214,205,130,13,15529,Flareon, ,Grass,Poison,20703,Roselia1,Roselia,,00:19:06.34,00:19:13.22,01:15:22.48,29,0,0,19,13,22,MEGA DRAIN,GROWTH,SLEEP POWDER,BODY SLAM,7,38,15,6,0,0,0,0,81,81,53,44,75,75,56,3702,4605,4777,3398,3398,4219,15,15,15,15,0,0,0,0,0,0,0,59,49,75,75,56,273322,92106,163791,15443,1982,9,0,0,2721,2524,197,0,185,56,35,21,16,0,5522,3307,640,640,153,16,114,0,0,0,0,0,12,0,13,0,0,1,2,0,0,0,0,0,3,0,0,0,0,0,1,0,0,0,0,0,2,0,0,0,0,0,0,83,20568,0,0,0,0,7,14,0,1,1,7,0,1,0,Flareon
5-13,21:07:06,NINTEN,Roselia,Pokemaniac,5,Rock Tunnel,1,19:24.40,19:24,0h19m24s,0,0,0,29,1:16,6.573,MEGA DRAIN,GROWTH,SLEEP POWDER,BODY SLAM,9,2760,188,36,21,216,207,131,13,16679,Flareon, ,Grass,Poison,21232,Roselia1,Roselia,,00:19:17.82,00:19:24.40,01:16:06.53,29,0,0,19,24,40,MEGA DRAIN,GROWTH,SLEEP POWDER,BODY SLAM,6,38,15,5,0,0,0,0,66,81,53,44,75,75,56,3792,4670,4842,3438,3438,4234,15,15,15,15,0,0,0,0,0,0,0,59,49,75,75,56,275967,92827,165715,15443,1982,9,0,0,2760,2524,236,0,188,57,36,21,16,0,5648,3391,655,655,155,16,115,0,0,0,0,0,13,0,13,0,0,1,2,0,0,0,0,0,3,0,0,0,0,0,1,0,0,0,0,0,2,0,0,0,0,0,0,84,21097,0,0,0,0,7,14,0,1,1,7,0,1,0,Flareon
5-13,21:07:30,NINTEN,Roselia,Status-Condition-Jr-Trainer,10,Rock Tunnel,2,19:48.78,19:48,0h19m48s,0,0,0,30,1:17,18.617,MEGA DRAIN,GROWTH,SLEEP POWDER,BODY SLAM,10,2773,190,37,21,226,211,138,13,17929,Flareon, ,Grass,Poison,21900,Roselia1,Roselia,RTG4 - Status Jr Trainer,00:19:30.16,00:19:48.78,01:17:43.27,30,0,0,19,48,78,MEGA DRAIN,GROWTH,SLEEP POWDER,BODY SLAM,6,38,15,1,0,0,0,0,63,83,55,46,78,78,57,3882,4769,4946,3578,3578,4309,15,15,15,15,0,0,0,0,0,0,0,61,51,78,78,57,281761,93285,170528,15966,1982,10,0,0,2773,2524,249,0,190,58,37,21,16,0,5840,3506,660,660,159,16,122,0,0,0,0,0,14,0,14,0,0,1,4,0,0,0,0,0,3,0,0,0,0,0,1,0,0,0,0,0,10,1,5,0,0,0,0,86,21765,0,0,0,0,7,14,0,1,1,7,0,1,0,Flareon
5-13,21:07:54,NINTEN,Roselia,Selfdestructing Hiker,9,Rock Tunnel,3,20:13.12,20:13,0h20m13s,0,0,0,30,1:19,9.903,MEGA DRAIN,GROWTH,SLEEP POWDER,BODY SLAM,10,2886,214,38,21,229,214,138,13,18369,Flareon, ,Grass,Poison,23277,Roselia1,Roselia,,00:20:03.21,00:20:13.12,01:19:19.34,30,0,0,20,13,12,MEGA DRAIN,GROWTH,SLEEP POWDER,BODY SLAM,3,38,15,1,0,0,0,0,83,83,55,46,78,78,57,4017,5024,5261,3683,3683,4384,15,15,15,15,0,0,0,0,0,0,0,61,51,78,78,57,287528,95804,173250,16492,1982,10,0,0,2886,2524,362,0,214,59,38,21,16,0,6516,3665,660,660,162,16,122,0,0,0,0,0,14,0,14,0,0,1,4,0,0,0,0,0,3,0,0,0,0,0,1,0,0,0,0,0,10,1,5,0,0,0,0,89,23142,0,0,0,0,7,14,0,1,1,7,0,1,0,Flareon
5-13,21:08:20,NINTEN,Roselia,Finisher,18,Rock Tunnel - 1,3,20:38.83,20:38,0h20m38s,0,0,0,30,1:21,17.007,MEGA DRAIN,GROWTH,SLEEP POWDER,BODY SLAM,10,2940,226,39,21,238,223,138,12,19104,Flareon, ,Grass,Poison,24140,Roselia1,Roselia,RTG6 - Finisher,00:20:21.82,00:20:38.83,01:21:01.16,30,0,0,20,38,83,MEGA DRAIN,GROWTH,SLEEP POWDER,BODY SLAM,1,33,14,0,0,0,0,0,83,83,55,46,78,78,57,4142,5164,5391,3833,3833,4560,15,15,15,15,0,0,5,5,0,0,0,106,91,273,273,57,293630,97169,177658,16821,1982,10,0,0,2940,2524,416,0,226,60,39,21,16,0,6791,3814,660,660,166,16,122,0,0,0,0,0,15,0,14,0,0,1,4,0,0,0,0,0,3,0,0,0,0,0,1,0,0,0,0,0,10,1,5,5,0,0,0,92,24005,0,0,0,0,7,14,0,1,1,7,0,1,0,Flareon
5-13,21:08:47,NINTEN,Roselia,Gambler,7,Route 8,2,21:05.57,21:05,0h21m5s,0,0,0,31,1:22,11.042,MEGA DRAIN,GROWTH,SLEEP POWDER,BODY SLAM,10,3040,247,40,21,243,228,139,13,19504,Flareon, ,Grass,Poison,24932,Roselia1,Roselia,,00:20:54.53,00:21:05.57,01:22:46.50,31,0,0,21,5,57,MEGA DRAIN,GROWTH,SLEEP POWDER,BODY SLAM,10,40,14,11,0,0,0,0,86,86,57,47,80,80,59,4235,5275,5476,3948,3948,4685,15,15,15,15,0,0,0,0,0,0,0,64,52,80,80,59,299964,100415,180746,16821,1982,10,0,0,3040,2558,482,0,247,61,40,21,16,0,6979,3934,660,660,171,16,122,0,0,0,0,0,15,0,14,0,0,1,4,0,0,0,0,0,3,0,0,0,0,0,1,0,0,0,0,0,10,1,5,7,0,0,0,94,24797,0,0,0,0,8,14,0,1,1,7,0,1,0,Flareon
5-13,21:09:37,NINTEN,Roselia,Rocket,7,Celadon City - Game Corner,2,21:55.39,21:55,0h21m55s,0,0,0,31,1:26,9.032,MEGA DRAIN,GROWTH,SLEEP POWDER,BODY SLAM,10,3300,274,41,21,246,231,140,12,21184,Flareon, ,Grass,Poison,25659,Roselia1,Roselia,,00:21:46.36,00:21:55.39,01:26:03.44,31,0,0,21,55,39,MEGA DRAIN,GROWTH,SLEEP POWDER,BODY SLAM,8,40,15,14,0,0,0,0,86,86,57,47,80,80,59,4330,5401,5571,4038,4038,4837,15,15,15,15,0,0,0,0,0,0,0,64,52,80,80,59,311778,109289,183384,17123,1982,10,0,0,3300,2818,482,0,274,62,41,21,16,0,7142,4038,678,678,174,16,123,0,0,0,0,0,15,0,15,0,0,1,4,0,0,0,0,0,3,0,0,0,0,0,1,0,0,0,0,0,10,1,5,7,0,0,0,96,25524,0,0,0,0,11,14,0,1,1,7,0,1,0,Flareon
5-13,21:11:13,NINTEN,Roselia,Rival4-Pkmn Tower,3,Pokemon Tower - 2F,5,23:32.06,23:32,0h23m32s,0,0,0,32,1:32,27.185,MEGA DRAIN,GROWTH,SLEEP POWDER,BODY SLAM,11,3635,309,42,21,259,244,146,16,4784,Flareon, ,Grass,Poison,28309,Roselia1,Roselia,Rival (Pokemon Tower),00:23:04.88,00:23:32.06,01:32:24.47,32,0,0,23,32,6,MEGA DRAIN,GROWTH,SLEEP POWDER,BODY SLAM,3,36,13,12,0,0,0,0,88,88,58,49,85,85,61,4555,5721,5941,6894,6894,5117,15,15,15,15,0,0,4,4,0,0,0,65,55,255,255,61,334641,122107,190231,20321,1982,11,0,0,3635,3153,482,0,309,63,42,21,16,0,8118,4324,681,681,182,16,124,0,0,0,0,0,16,0,15,0,0,1,4,0,0,0,0,0,3,0,0,0,0,0,1,0,0,0,0,0,10,1,5,10,0,0,0,101,28174,0,0,0,0,13,28,0,1,1,8,0,1,0,Flareon
5-13,21:11:55,NINTEN,Roselia,Agatha Jr,10,Pokemon Tower - 4F,2,24:13.82,24:13,0h24m13s,0,0,0,32,1:35,18.48,MEGA DRAIN,GROWTH,SLEEP POWDER,BODY SLAM,12,3685,314,43,21,268,253,149,15,6409,Flareon, ,Grass,Poison,29245,Roselia1,Roselia,,00:23:55.34,00:24:13.82,01:35:10.03,32,0,0,24,13,82,MEGA DRAIN,GROWTH,SLEEP POWDER,BODY SLAM,2,34,11,12,2,0,0,0,66,88,58,49,85,85,61,4615,5791,6001,7094,7094,5277,15,15,15,15,0,0,2,2,0,0,0,82,68,170,170,61,344557,124386,195073,23116,1982,12,0,0,3685,3203,482,0,314,64,43,21,16,0,8244,4424,730,730,188,16,127,0,0,0,0,0,17,0,15,0,0,1,4,0,0,0,0,0,3,0,0,0,0,0,1,0,0,0,0,0,10,1,5,14,0,0,0,103,29110,0,0,0,0,13,28,0,1,1,8,0,1,0,Flareon
5-13,21:12:23,NINTEN,Roselia,Channeler,17,Pokemon Tower - 5F,1,24:41.77,24:41,0h24m41s,0,0,0,32,1:37,17.918,MEGA DRAIN,GROWTH,SLEEP POWDER,BODY SLAM,12,3735,323,44,21,277,260,153,15,7099,Flareon, ,Grass,Poison,29732,Roselia1,Roselia,,00:24:23.85,00:24:41.77,01:37:00.51,32,0,0,24,41,77,MEGA DRAIN,GROWTH,SLEEP POWDER,BODY SLAM,11,39,12,15,2,0,0,0,52,88,58,49,85,85,61,4645,5826,6031,7194,7194,5357,15,15,15,15,0,0,1,1,0,0,0,73,61,127,127,61,351205,126376,199731,23116,1982,12,0,0,3735,3253,482,0,323,65,44,21,16,0,8299,4476,791,791,192,16,131,0,0,0,0,0,18,0,16,0,0,3,4,0,0,0,0,0,3,0,0,0,0,0,5,2,0,0,0,0,10,1,5,17,0,0,0,104,29597,0,0,0,0,15,28,0,1,1,8,0,1,0,Flareon
5-13,21:12:42,NINTEN,Roselia,Channeler,21,Pokemon Tower - 6F,1,25:00.54,25:00,0h25m0s,0,0,0,33,1:38,12.886,MEGA DRAIN,GROWTH,SLEEP POWDER,BODY SLAM,12,3763,324,45,21,283,266,154,15,7819,Flareon, ,Grass,Poison,30219,Roselia1,Roselia,,00:24:47.66,00:25:00.54,01:38:15.08,33,0,0,25,0,54,MEGA DRAIN,GROWTH,SLEEP POWDER,BODY SLAM,12,37,14,15,2,0,0,0,77,91,60,50,87,87,63,4675,5861,6061,7294,7294,5437,15,15,15,15,0,0,3,3,0,0,0,67,56,217,217,63,355662,127369,203195,23116,1982,12,0,0,3763,3281,482,0,324,66,45,21,16,0,8362,4528,815,815,195,16,132,0,0,0,0,0,18,0,16,0,0,3,4,0,0,0,0,0,3,0,0,0,0,0,5,2,0,0,0,0,10,1,5,20,0,0,0,105,30084,0,0,0,0,15,28,0,1,1,8,0,1,0,Flareon
5-13,21:12:56,NINTEN,Roselia,Channeler,20,Pokemon Tower - 6F,1,25:15.03,25:15,0h25m15s,0,0,0,33,1:39,11.783,MEGA DRAIN,GROWTH,SLEEP POWDER,BODY SLAM,12,3772,327,46,21,289,272,154,15,8539,Flareon, ,Grass,Poison,30706,Roselia1,Roselia,,00:25:03.25,00:25:15.03,01:39:12.28,33,0,0,25,15,3,MEGA DRAIN,GROWTH,SLEEP POWDER,BODY SLAM,10,34,13,15,2,0,0,0,91,91,60,50,87,87,63,4705,5896,6091,7394,7394,5517,15,15,15,15,0,0,3,3,0,0,0,94,78,217,217,63,359102,127608,206396,23116,1982,12,0,0,3772,3290,482,0,327,67,46,21,16,0,8428,4580,815,815,198,16,132,0,0,0,0,0,18,0,16,0,0,3,4,0,0,0,0,0,3,0,0,0,0,0,5,2,0,0,0,0,10,1,5,25,0,0,0,106,30571,0,0,0,0,15,28,0,1,1,8,0,1,0,Flareon
5-13,21:13:32,NINTEN,Roselia,Rocket,44,Pokemon Tower - 7F,3,25:50.41,25:50,0h25m50s,0,0,0,33,1:41,21.053,MEGA DRAIN,GROWTH,SLEEP POWDER,BODY SLAM,13,3797,328,47,22,300,283,157,15,9259,Flareon, ,Grass,Poison,32955,Roselia1,Roselia,,00:25:29.35,00:25:50.41,01:41:32.26,33,0,0,25,50,41,MEGA DRAIN,GROWTH,SLEEP POWDER,BODY SLAM,5,30,11,15,2,0,0,0,87,91,60,50,87,87,63,4870,6116,6315,7584,7584,5747,15,15,15,15,0,-3,4,4,0,0,0,132,22,261,261,63,367500,129242,212639,23637,1982,13,0,0,3797,3315,482,0,328,69,47,22,16,0,8756,4791,837,837,204,16,135,0,0,0,0,0,18,0,16,0,0,3,4,0,0,0,0,0,3,0,0,0,0,0,5,2,0,0,0,0,10,1,5,30,0,0,0,109,32820,0,0,0,0,16,28,0,1,1,8,0,1,0,Flareon
5-13,21:15:50,NINTEN,Roselia,Rocket,39,Silph Co - 10F,1,28:09.04,28:09,0h28m9s,0,0,0,34,1:50,10.677,MEGA DRAIN,GROWTH,SLEEP POWDER,BODY SLAM,13,4649,377,48,25,304,287,160,17,9569,Flareon, ,Grass,Poison,33987,Roselia1,Roselia,,00:27:58.35,00:28:09.04,01:50:39.40,34,0,0,28,9,4,MEGA DRAIN,GROWTH,SLEEP POWDER,BODY SLAM,13,39,15,15,3,0,0,0,67,93,63,52,90,90,67,4950,8776,6385,7634,7634,8352,15,15,15,15,0,0,1,1,0,0,0,70,58,135,135,67,400334,150260,217699,30393,1982,13,0,0,4649,3644,1005,0,377,73,48,25,19,0,8909,4892,888,888,207,17,137,0,0,0,0,0,18,0,17,0,0,3,4,0,0,0,0,0,3,0,0,0,0,0,5,2,0,0,0,0,10,1,5,30,0,0,0,110,33852,0,0,0,0,22,28,0,1,1,9,0,1,0,Flareon
5-13,21:16:06,NINTEN,Roselia,Rocket,33,Silph Co - 7F,2,28:24.93,28:24,0h28m24s,0,0,0,34,1:51,6.973,MEGA DRAIN,GROWTH,SLEEP POWDER,BODY SLAM,13,4707,382,49,25,306,289,160,18,10559,Flareon, ,Grass,Poison,35067,Roselia1,Roselia,,00:28:17.96,00:28:24.93,01:51:42.04,34,0,0,28,24,93,MEGA DRAIN,GROWTH,SLEEP POWDER,BODY SLAM,11,39,15,15,3,0,0,0,93,93,63,52,90,90,67,5050,8876,6575,7714,7714,8422,15,15,15,15,0,0,0,0,0,0,0,70,58,90,90,67,404078,151965,219738,30393,1982,13,0,0,4707,3702,1005,0,382,74,49,25,19,0,9101,5036,888,888,209,17,137,0,0,0,0,0,18,0,17,0,0,3,4,0,0,0,0,0,3,0,0,0,0,0,5,2,0,0,0,0,10,1,5,30,0,0,0,112,34932,0,0,0,0,24,28,0,1,1,9,0,1,0,Flareon
5-13,21:16:24,NINTEN,Roselia,Rocket,30,Silph Co - 6F,2,28:42.59,28:42,0h28m42s,0,0,0,35,1:52,12.992,MEGA DRAIN,GROWTH,SLEEP POWDER,BODY SLAM,13,4723,387,50,25,311,294,163,18,11429,Flareon, ,Grass,Poison,36519,Roselia1,Roselia,,00:28:29.60,00:28:42.59,01:52:51.46,35,0,0,28,42,59,MEGA DRAIN,GROWTH,SLEEP POWDER,BODY SLAM,8,37,15,15,3,0,0,0,66,96,65,54,93,93,69,5200,9056,6695,7799,7799,8502,15,15,15,15,0,-1,2,2,0,0,0,73,39,186,186,69,408260,152648,223237,30393,1982,13,0,0,4723,3718,1005,0,387,75,50,25,19,0,9370,5210,933,933,212,17,140,0,0,0,0,0,19,0,18,0,0,3,4,0,0,0,0,0,3,0,0,0,0,0,5,2,0,0,0,0,10,1,5,30,0,0,0,114,36384,0,0,0,0,24,28,0,1,1,9,0,1,0,Flareon
5-13,21:16:59,NINTEN,Roselia,Rocket,28,Silph Co - 5F,1,29:17.32,29:17,0h29m17s,0,0,0,42,1:55,11.875,MEGA DRAIN,GROWTH,SLEEP POWDER,BODY SLAM,14,4759,389,51,25,317,300,164,17,12299,Flareon, ,Grass,Poison,67544,Roselia1,Roselia,,00:29:05.44,00:29:17.32,01:55:08.32,42,0,0,29,17,32,MEGA DRAIN,GROWTH,SLEEP POWDER,BODY SLAM,6,34,14,15,3,0,0,0,114,114,78,63,110,110,81,5260,9141,6764,7864,7864,8582,15,15,15,15,0,-1,3,3,0,0,0,137,46,275,275,81,416466,153843,226450,34191,1982,14,0,0,4759,3754,1005,0,389,76,51,25,19,0,9470,5297,933,933,215,17,141,0,0,0,0,0,19,0,18,0,0,3,4,0,0,0,0,0,3,0,0,0,0,0,5,2,0,0,0,0,10,1,5,33,0,0,0,115,37423,0,0,0,0,25,28,0,1,1,9,0,1,0,Flareon
5-13,21:18:12,NINTEN,Roselia,Rival5-Silph,6,Silph Co - 7F,5,30:30.76,30:30,0h30m30s,0,0,0,43,1:59,26.485,MEGA DRAIN,SWORDS DANCE,SLEEP POWDER,BODY SLAM,15,5015,429,52,25,328,311,167,19,13289,Flareon, ,Grass,Poison,74451,Roselia1,Roselia,Rival (Silph Co.),00:30:04.28,00:30:30.76,01:59:58.12,43,0,0,30,30,76,MEGA DRAIN,SWORDS DANCE,SLEEP POWDER,BODY SLAM,2,27,13,12,3,0,0,0,32,116,79,65,113,113,83,5540,9561,7239,8354,8354,8957,15,15,15,15,6,0,0,0,0,0,0,355,73,113,113,83,433846,162296,233127,36441,1982,15,0,0,5015,4010,1005,0,429,77,52,25,19,0,10408,5768,1034,1034,223,17,144,0,0,0,0,0,19,0,18,0,0,3,4,0,0,0,0,0,3,0,0,0,0,0,5,2,0,0,0,0,10,1,5,36,0,0,0,120,44330,0,0,0,0,28,28,0,1,1,10,0,1,0,Flareon
5-13,21:18:40,NINTEN,Roselia,Rocket,45,Silph Co - 11F,3,30:58.65,30:58,0h30m58s,0,0,0,43,2:01,14.438,MEGA DRAIN,SWORDS DANCE,SLEEP POWDER,BODY SLAM,16,5023,431,53,25,334,317,170,19,15889,Flareon, ,Grass,Poison,77033,Roselia1,Roselia,,00:30:44.21,00:30:58.65,02:01:48.18,43,0,0,30,58,65,MEGA DRAIN,SWORDS DANCE,SLEEP POWDER,BODY SLAM,2,24,13,9,3,0,0,0,73,116,79,65,113,113,83,5705,9781,7463,8544,8544,9187,15,15,15,15,6,0,0,0,0,0,0,355,103,113,113,83,440452,163716,237091,37663,1982,16,0,0,5023,4018,1005,0,431,78,53,25,19,0,11069,6007,1077,1077,226,17,147,0,0,0,0,0,19,0,18,0,0,3,4,0,0,0,0,0,3,0,0,0,0,0,5,2,0,0,0,0,10,1,5,36,0,0,0,123,46912,0,0,0,0,28,28,0,1,1,10,0,1,0,Flareon
5-13,21:19:20,NINTEN,Roselia,Giovanni-Silph,2,Silph Co - 11F,4,31:38.16,31:38,0h31m38s,0,0,0,44,2:04,22.403,MEGA DRAIN,SWORDS DANCE,SLEEP POWDER,BODY SLAM,17,5038,432,54,25,342,325,174,19,16819,Flareon, ,Grass,Poison,81850,Roselia1,Roselia,Giovanni (Silph),00:31:15.76,00:31:38.16,02:04:24.11,44,0,0,31,38,16,MEGA DRAIN,SWORDS DANCE,SLEEP POWDER,BODY SLAM,10,27,15,12,3,0,0,0,119,119,82,67,116,116,85,6001,10090,7762,8769,8769,9468,15,15,15,15,6,0,0,0,0,0,0,369,75,116,116,85,449805,164964,242898,39961,1982,17,0,0,5038,4033,1005,0,432,79,54,25,19,0,11963,6444,1115,1115,231,17,151,0,0,0,0,0,19,0,18,0,0,3,4,0,0,0,0,0,3,0,0,0,0,0,5,2,0,0,0,0,10,1,5,36,0,0,0,127,51729,0,0,0,0,28,28,0,1,1,10,0,1,0,Flareon
5-13,21:19:54,NINTEN,Roselia,Cooltrainer F,1,Celadon City - Gym,3,32:13.09,32:13,0h32m13s,0,0,0,45,2:06,15.468,MEGA DRAIN,SWORDS DANCE,SLEEP POWDER,BODY SLAM,17,5150,437,55,25,349,332,176,19,20878,Flareon, ,Grass,Poison,84027,Roselia1,Roselia,,00:31:57.62,00:32:13.09,02:06:41.59,45,0,0,32,13,9,MEGA DRAIN,SWORDS DANCE,SLEEP POWDER,BODY SLAM,10,25,13,9,3,0,0,0,122,122,83,68,118,118,87,6186,10307,7945,9019,9019,9623,15,15,15,15,4,0,0,0,0,0,0,280,76,118,118,87,458073,168205,247069,40817,1982,17,0,0,5150,4145,1005,0,437,80,55,25,19,0,12559,6645,1115,1115,235,17,151,0,0,0,0,0,20,0,18,0,0,3,4,0,0,0,0,0,3,0,0,0,0,0,5,2,0,0,0,0,10,1,5,37,0,0,0,130,53906,0,0,0,0,28,28,0,1,1,10,0,1,0,Flareon
5-13,21:20:18,NINTEN,Roselia,Erika,1,Celadon City - Gym,3,32:36.41,32:36,0h32m36s,0,0,0,45,2:08,15.818,MEGA DRAIN,SWORDS DANCE,SLEEP POWDER,BODY SLAM,18,5153,438,56,25,357,338,179,19,21718,Flareon, ,Grass,Poison,87032,Roselia1,Roselia,Erika,00:32:20.60,00:32:36.41,02:08:14.19,45,0,0,32,36,41,MEGA DRAIN,SWORDS DANCE,SLEEP POWDER,BODY SLAM,10,22,13,6,3,0,0,0,114,122,83,68,118,118,87,6376,10517,8180,9289,9289,9778,15,15,15,15,6,0,0,0,0,0,0,373,106,118,118,87,463613,168972,251321,41338,1982,18,0,0,5153,4148,1005,0,438,81,56,25,19,0,13243,6901,1123,1123,238,18,153,0,0,0,0,0,20,0,18,0,0,3,4,0,0,0,0,0,3,0,0,0,0,0,5,2,0,0,0,0,10,1,5,37,0,0,0,133,56911,0,0,0,0,28,28,0,1,1,10,0,1,0,Flareon
5-13,21:20:55,NINTEN,Roselia,Juggler,3,Fuchsia City - Gym,4,33:13.99,33:13,0h33m13s,0,0,0,46,2:10,15.268,MEGA DRAIN,SWORDS DANCE,SLEEP POWDER,BODY SLAM,19,5208,444,57,25,362,343,180,20,24886,Flareon, ,Grass,Poison,90023,Roselia1,Roselia,,00:32:58.72,00:33:13.99,02:10:42.21,46,0,0,33,13,99,MEGA DRAIN,SWORDS DANCE,SLEEP POWDER,BODY SLAM,16,29,15,11,3,0,0,0,125,125,85,70,121,121,90,6596,10696,8345,9679,9679,10009,15,15,15,15,2,0,0,0,0,0,0,191,78,121,121,90,472495,172382,255529,42602,1982,19,0,0,5208,4203,1005,0,444,82,57,25,19,0,13918,7220,1123,1123,242,18,154,0,0,0,0,0,20,0,18,0,0,3,4,0,0,0,0,0,3,0,0,0,0,0,5,2,0,0,0,0,10,1,5,37,0,0,0,137,59902,0,0,0,0,28,28,0,1,1,10,0,1,0,Flareon
5-13,21:21:12,NINTEN,Roselia,Juggler,4,Fuchsia City - Gym,2,33:31.13,33:31,0h33m31s,0,0,0,46,2:11,11.268,MEGA DRAIN,SWORDS DANCE,SLEEP POWDER,BODY SLAM,19,5234,460,58,25,366,347,182,20,25971,Flareon, ,Grass,Poison,91966,Roselia1,Roselia,,00:33:19.86,00:33:31.13,02:11:50.07,46,0,0,33,31,13,MEGA DRAIN,SWORDS DANCE,SLEEP POWDER,BODY SLAM,16,28,15,8,3,0,0,0,114,125,85,70,121,121,90,6741,10817,8460,9884,9884,10118,15,15,15,15,2,0,0,0,0,0,0,191,87,121,121,90,476561,173290,258687,42602,1982,19,0,0,5234,4229,1005,0,460,83,58,25,19,0,14239,7417,1134,1134,245,18,155,0,0,0,0,0,22,0,18,0,0,3,5,0,0,0,0,0,3,0,0,0,0,0,5,2,0,0,0,0,11,1,5,37,0,0,0,139,61845,0,0,0,0,28,28,0,1,1,10,0,1,0,Flareon
5-13,21:22:08,NINTEN,Roselia,Koga,1,Fuchsia City - Gym,4,34:26.30,34:26,0h34m26s,1,0,1,46,2:13,21.383,MEGA DRAIN,SWORDS DANCE,SLEEP POWDER,BODY SLAM,20,5239,477,59,25,376,357,185,20,27161,Flareon, ,Grass,Poison,95658,Roselia1,Roselia,Koga,00:34:04.92,00:34:26.30,02:13:41.04,46,1,0,34,26,30,MEGA DRAIN,SWORDS DANCE,SLEEP POWDER,BODY SLAM,16,25,14,2,3,0,0,0,27,125,85,70,121,121,90,6991,11047,8670,10094,10094,10343,15,15,15,15,6,0,0,0,0,0,0,382,109,121,121,90,483224,173994,264224,42866,2140,20,1,0,5239,4234,1005,0,477,84,59,25,19,0,15232,7909,1221,1221,252,18,157,0,0,0,0,0,24,0,18,0,0,3,5,0,0,0,0,0,3,0,0,0,0,0,5,2,0,0,0,0,11,1,5,40,0,0,0,143,65537,0,0,0,0,28,28,0,1,1,10,0,1,1,Flareon
5-13,21:24:09,NINTEN,Roselia,Super Nerd,11,Cinnabar Island - Gym,1,36:27.37,36:27,0h36m27s,1,1,2,47,2:21,9.664,MEGA DRAIN,SWORDS DANCE,SLEEP POWDER,BODY SLAM,21,5771,528,60,26,380,361,185,19,32111,Flareon, ,Grass,Poison,97344,Roselia1,Roselia,,00:36:17.71,00:36:27.37,02:21:39.07,47,1,0,36,27,37,MEGA DRAIN,SWORDS DANCE,SLEEP POWDER,BODY SLAM,16,29,14,13,3,0,0,0,127,127,87,72,124,124,94,7056,11147,8740,10174,10174,15568,15,15,15,15,2,0,0,0,0,0,0,195,81,124,124,105,511907,191971,267829,49967,2140,21,1,0,5771,4665,1005,101,528,86,60,26,20,0,15413,8019,1221,1221,255,18,157,0,0,0,0,0,24,0,18,0,0,3,5,0,0,0,0,0,3,0,0,0,0,0,5,2,0,0,0,0,11,1,5,43,0,0,0,144,67223,0,0,0,0,33,28,0,1,1,11,1,1,2,Flareon
5-13,21:25:38,NINTEN,Roselia,Blaine,1,Cinnabar Island - Gym,3,37:56.89,37:56,0h37m56s,3,1,4,50,2:24,18.696,MEGA DRAIN,SWORDS DANCE,SLEEP POWDER,BODY SLAM,22,5804,539,61,26,389,370,186,18,33136,Flareon, ,Grass,Poison,123710,Roselia1,Roselia,Blaine,00:37:38.20,00:37:56.89,02:24:18.42,50,3,0,37,56,89,MEGA DRAIN,SWORDS DANCE,SLEEP POWDER,BODY SLAM,16,26,13,8,3,0,0,0,92,135,93,76,132,132,100,7284,11433,8965,10434,10434,15868,15,15,15,15,6,0,0,0,0,0,0,418,119,132,132,158,521487,193946,272719,52524,2298,22,2,0,5804,4698,1005,101,539,87,61,26,20,0,16129,8456,1264,1264,261,18,158,0,0,0,0,0,25,0,18,0,0,3,5,0,0,0,0,0,3,0,0,0,0,0,5,2,0,0,0,0,11,1,5,48,0,0,0,147,73573,0,0,0,0,33,28,0,1,1,11,1,1,4,Flareon
5-13,21:26:43,NINTEN,Roselia,Psychic,4,Saffron City - Gym,1,39:01.55,39:01,0h39m1s,4,1,5,50,2:27,6.103,MEGA DRAIN,SWORDS DANCE,SLEEP POWDER,BODY SLAM,23,5941,545,62,26,391,372,187,19,38482,Flareon, ,Grass,Poison,125045,Roselia1,Roselia,,00:38:55.44,00:39:01.55,02:27:03.10,50,4,0,39,1,55,MEGA DRAIN,SWORDS DANCE,SLEEP POWDER,BODY SLAM,14,30,15,15,3,0,0,0,135,135,93,76,132,132,100,7379,11508,9075,10514,10514,15898,15,15,15,15,0,0,0,0,0,0,0,104,85,148,148,112,531361,200684,274725,53442,2510,23,3,0,5941,4835,1005,101,545,88,62,26,20,0,16336,8582,1264,1264,263,18,158,0,0,0,0,0,25,0,18,0,0,3,5,0,0,0,0,0,3,0,0,0,0,0,5,2,0,0,0,0,11,1,5,48,0,0,0,148,74908,0,0,0,0,33,28,0,1,1,11,1,1,5,Flareon
5-13,21:27:02,NINTEN,Roselia,Psychic,3,Saffron City - Gym,3,39:20.74,39:20,0h39m20s,4,1,5,51,2:28,10.395,MEGA DRAIN,SWORDS DANCE,SLEEP POWDER,BODY SLAM,23,5957,548,63,26,394,375,187,19,38862,Flareon, ,Grass,Poison,127602,Roselia1,Roselia,,00:39:10.35,00:39:20.74,02:28:18.29,51,4,0,39,20,74,MEGA DRAIN,SWORDS DANCE,SLEEP POWDER,BODY SLAM,11,30,15,15,3,0,0,0,138,138,95,78,135,135,102,7654,11713,9315,10674,10674,15958,15,15,15,15,0,0,0,0,0,0,0,106,87,151,151,114,535880,202267,277661,53442,2510,23,3,0,5957,4851,1005,101,548,89,63,26,20,0,17006,8906,1264,1264,266,18,158,0,0,0,0,0,26,0,18,0,0,3,5,0,0,0,0,0,3,0,0,0,0,0,5,2,0,0,0,0,11,1,5,48,0,0,0,151,77465,0,0,0,0,33,28,0,1,1,11,1,1,5,Flareon
5-13,21:27:26,NINTEN,Roselia,Sabrina,1,Saffron City - Gym,3,39:44.31,39:44,0h39m44s,4,1,5,51,2:29,14.407,MEGA DRAIN,SWORDS DANCE,SLEEP POWDER,BODY SLAM,24,5972,553,64,26,400,381,187,19,39192,Flareon, ,Grass,Poison,131927,Roselia1,Roselia,Sabrina,00:39:29.91,00:39:44.31,02:29:51.22,51,4,0,39,44,31,MEGA DRAIN,SWORDS DANCE,SLEEP POWDER,BODY SLAM,11,28,14,12,3,0,0,0,138,138,95,78,135,135,102,7774,11818,9405,11034,11034,16273,15,15,15,15,4,0,0,0,0,0,0,320,109,190,190,144,541453,203327,281571,54045,2510,24,3,0,5972,4866,1005,101,553,90,64,26,20,0,17642,9230,1264,1264,270,18,158,0,0,0,0,0,27,0,18,0,0,3,5,0,0,0,0,0,3,0,0,0,0,0,5,2,0,0,0,0,11,1,5,50,0,0,0,154,81790,0,0,0,0,33,28,0,1,1,11,1,1,5,Flareon
5-13,21:27:50,NINTEN,Roselia,Cooltrainer M,10,Viridian City - Gym,1,40:08.44,40:08,0h40m8s,4,1,5,51,2:31,4.683,MEGA DRAIN,SWORDS DANCE,SLEEP POWDER,BODY SLAM,24,6044,561,65,26,401,382,187,20,44142,Flareon, ,Grass,Poison,133170,Roselia1,Roselia,,00:40:03.76,00:40:08.44,02:31:26.26,51,4,0,40,8,44,MEGA DRAIN,SWORDS DANCE,SLEEP POWDER,BODY SLAM,10,28,14,12,3,0,0,0,138,138,95,78,135,135,102,7854,11903,9500,11064,11064,16298,15,15,15,15,0,0,0,0,0,0,0,106,87,151,151,114,547157,206617,283354,54676,2510,24,3,0,6044,4938,1005,101,561,91,65,26,20,0,18045,9358,1264,1264,271,18,158,0,0,0,0,0,27,0,18,0,0,3,5,0,0,0,0,0,3,0,0,0,0,0,5,2,0,0,0,0,11,1,5,50,0,0,0,155,83033,0,0,0,0,33,28,0,1,1,11,1,1,5,Flareon
5-13,21:28:11,NINTEN,Roselia,Blackbelt,8,Viridian City - Gym,3,40:29.20,40:29,0h40m29s,4,1,5,52,2:32,16.765,MEGA DRAIN,SWORDS DANCE,SLEEP POWDER,BODY SLAM,24,6052,563,66,26,408,389,188,20,45647,Flareon, ,Grass,Poison,136261,Roselia1,Roselia,,00:40:12.44,00:40:29.20,02:32:48.35,52,4,0,40,29,20,MEGA DRAIN,SWORDS DANCE,SLEEP POWDER,BODY SLAM,10,26,12,9,3,0,0,0,106,141,97,79,138,138,104,8084,12183,9690,11199,11199,16423,15,15,15,15,4,0,0,0,0,0,0,327,88,155,155,117,552086,207058,287842,54676,2510,24,3,0,6052,4946,1005,101,563,92,66,26,20,0,18628,9693,1299,1299,275,18,159,0,0,0,0,0,27,0,19,0,0,3,5,0,0,0,0,0,3,0,0,0,0,0,5,2,0,0,0,0,11,1,5,52,0,0,0,158,86124,0,0,0,0,33,28,0,1,1,11,1,1,5,Flareon
5-13,21:28:58,NINTEN,Roselia,Giovanni,3,Viridian City - Gym,5,41:17.07,41:17,0h41m17s,4,1,5,53,2:35,28.8,MEGA DRAIN,SWORDS DANCE,SLEEP POWDER,BODY SLAM,25,6122,579,67,26,419,400,191,19,46597,Flareon, ,Grass,Poison,146482,Roselia1,Roselia,Giovanni,00:40:48.27,00:41:17.07,02:35:57.32,53,4,0,41,17,7,MEGA DRAIN,SWORDS DANCE,SLEEP POWDER,BODY SLAM,5,23,11,7,3,0,0,0,143,143,99,81,140,140,106,8460,12637,10084,11529,11529,16859,15,15,15,15,6,-2,0,0,0,0,0,445,45,157,157,119,563423,209307,295126,56480,2510,25,3,0,6122,5016,1005,101,579,93,67,26,20,0,19594,10453,1383,1383,283,18,162,0,0,0,0,0,27,0,19,0,0,3,5,0,0,0,0,0,3,0,0,0,0,0,5,2,0,0,0,0,11,1,5,53,0,0,0,163,96345,0,0,0,0,33,28,0,1,1,11,1,1,5,Flareon
5-13,21:29:54,NINTEN,Roselia,Rival6-Route 22,9,Route 22,6,42:12.95,42:12,0h42m12s,4,2,6,54,2:39,26.78,MEGA DRAIN,SWORDS DANCE,SLEEP POWDER,BODY SLAM,26,6260,586,68,27,429,410,193,20,52042,Flareon, ,Grass,Poison,156446,Roselia1,Roselia,Rival (Final),00:41:46.17,00:42:12.95,02:39:38.35,54,4,0,42,12,95,MEGA DRAIN,SWORDS DANCE,SLEEP POWDER,BODY SLAM,14,27,14,11,3,0,0,0,146,146,101,83,143,143,108,8800,13097,10639,12079,12079,17274,15,15,15,15,6,0,0,0,0,0,0,454,93,160,160,121,576686,214170,302992,57014,2510,26,3,0,6260,5154,1005,101,586,95,68,27,21,0,20857,11170,1405,1405,290,18,164,0,0,0,0,0,27,0,20,0,0,3,5,0,0,0,0,0,3,0,0,0,0,0,5,2,0,0,0,0,11,1,5,54,0,0,0,169,106309,0,0,0,0,33,28,0,1,1,11,2,1,6,Flareon
5-13,21:32:37,NINTEN,Roselia,Lorelei,1,Lorelei's Room,5,44:55.93,44:55,0h44m55s,4,2,6,55,2:50,32.207,MEGA DRAIN,SWORDS DANCE,SLEEP POWDER,BODY SLAM,27,6942,741,69,27,443,424,196,19,40487,Flareon, ,Grass,Poison,166955,Roselia1,Roselia,Lorelei,00:44:23.72,00:44:55.93,02:50:24.31,55,4,0,44,55,93,MEGA DRAIN,SWORDS DANCE,SLEEP POWDER,BODY SLAM,14,27,12,9,3,0,0,0,97,149,103,85,146,146,111,9230,13472,11124,12529,12529,17599,15,15,15,15,6,0,0,0,0,0,0,463,95,164,164,124,615442,239959,311158,61815,2510,27,3,0,6942,5346,1459,137,741,96,69,27,21,0,22235,12055,1502,1502,300,18,166,0,0,0,0,0,27,0,20,0,0,3,5,0,0,0,0,0,3,0,0,0,0,0,5,2,0,0,0,0,11,1,5,59,0,0,0,174,116818,0,0,0,0,34,33,0,1,1,11,2,1,6,Flareon
5-13,21:33:19,NINTEN,Roselia,Bruno,1,Bruno's Room,5,45:37.80,45:37,0h45m37s,4,2,6,56,2:53,25.44,MEGA DRAIN,SWORDS DANCE,SLEEP POWDER,BODY SLAM,28,6953,742,70,27,453,434,197,19,46031,Flareon, ,Grass,Poison,175162,Roselia1,Roselia,Bruno,00:45:12.35,00:45:37.80,02:53:09.56,56,4,0,45,37,80,MEGA DRAIN,SWORDS DANCE,SLEEP POWDER,BODY SLAM,12,25,11,4,3,0,0,0,152,152,105,86,149,149,113,9490,13917,11656,12724,12724,17957,15,15,15,15,4,-1,0,0,0,0,0,398,63,187,187,142,625367,240977,317666,64214,2510,28,3,0,6953,5357,1459,137,742,97,70,27,21,0,23796,12714,1502,1502,308,18,167,0,0,0,0,0,27,0,20,0,0,3,6,0,0,0,0,0,3,0,0,0,0,0,5,2,0,0,0,0,12,1,5,60,0,0,0,179,125025,0,0,0,0,34,33,0,1,1,11,2,1,6,Flareon
5-13,21:35:49,NINTEN,Roselia,Agatha,1,Agatha's Room,5,48:07.92,48:07,0h48m7s,5,2,7,57,2:59,73.138,MEGA DRAIN,SWORDS DANCE,SLEEP POWDER,MIMIC,29,6964,749,71,27,489,469,202,18,51773,Flareon, ,Grass,Poison,185248,Roselia1,Roselia,Agatha,00:46:54.78,00:48:07.92,02:59:18.48,57,5,0,48,7,92,MEGA DRAIN,SWORDS DANCE,SLEEP POWDER,MIMIC,0,27,7,2,3,0,0,0,154,154,107,88,152,152,115,9790,14262,11960,13239,13239,18442,15,15,15,15,6,0,0,0,0,0,0,481,99,171,171,129,647504,242003,335558,67175,2768,29,4,0,6964,5368,1459,137,749,98,71,27,21,0,24685,13499,1502,1502,338,20,169,0,0,0,0,0,32,0,20,0,0,4,6,0,0,0,0,0,3,0,0,0,0,0,6,2,0,0,0,0,12,1,5,81,0,0,0,184,135111,0,0,0,0,34,33,0,1,1,12,2,1,7,Flareon
5-13,21:37:09,NINTEN,Roselia,Lance,1,Lance's Room,5,49:27.22,49:27,0h49m27s,6,2,8,59,3:02,25.94,MEGA DRAIN,SWORDS DANCE,SLEEP POWDER,MIMIC,30,7014,751,72,27,500,480,203,17,57713,Flareon, ,Grass,Poison,200940,Roselia1,Roselia,Lance,00:49:01.28,00:49:27.22,03:02:17.13,59,6,0,49,27,22,MEGA DRAIN,SWORDS DANCE,SLEEP POWDER,MIMIC,10,27,14,3,3,0,0,0,127,160,111,92,157,157,119,10178,14794,12329,13639,13639,18873,15,15,15,15,6,0,0,0,0,0,0,499,103,176,176,133,658214,243759,342149,69381,2925,30,5,0,7014,5418,1459,137,751,99,72,27,21,0,26245,14341,1535,1535,345,21,170,0,0,0,0,0,32,0,20,0,0,4,6,0,0,0,0,0,3,0,0,0,0,0,6,2,0,0,0,0,12,1,5,86,0,0,0,189,146717,0,0,0,0,34,33,0,1,1,12,2,1,8,Flareon
5-13,21:38:16,NINTEN,Roselia,Champion,2,Champions Room,6,50:34.64,50:34,0h50m34s,6,2,8,60,3:06,51.664,MEGA DRAIN,SWORDS DANCE,SLEEP POWDER,MIMIC,31,7022,751,73,27,515,495,210,16,63851,Flareon, ,Grass,Poison,215791,Roselia1,Roselia,Champion,00:49:42.97,00:50:34.64,03:06:44.24,60,6,0,50,34,64,MEGA DRAIN,SWORDS DANCE,SLEEP POWDER,MIMIC,13,27,14,2,3,0,0,0,124,163,113,93,160,160,121,10568,15324,12904,14269,14269,19318,15,15,15,15,6,0,0,0,0,0,0,508,104,180,180,136,674245,245388,354994,70938,2925,31,5,0,7022,5426,1459,137,751,100,73,27,21,0,28384,15308,1644,1644,357,21,176,0,0,0,0,0,32,0,21,0,0,4,6,0,0,0,0,0,3,0,0,0,0,0,6,2,0,0,0,0,12,1,5,88,0,0,0,195,161568,0,0,0,0,34,33,0,1,1,12,2,1,8,Flareon
5-13,21:38:39,NINTEN,Roselia,Champion,2,Hall of Fame,6,50:34.64,50:34,0h50m34s,6,2,8,60,3:08,74.219,MEGA DRAIN,SWORDS DANCE,SLEEP POWDER,MIMIC,31,7031,752,73,27,515,495,210,16,70286,Flareon, ,Grass,Poison,215791,Roselia1,Roselia,Champion,00:49:42.97,00:50:34.64,03:08:13.49,60,6,0,50,34,64,MEGA DRAIN,SWORDS DANCE,SLEEP POWDER,MIMIC,13,27,14,2,3,0,0,0,124,163,113,93,160,160,121,10568,15324,12904,14269,14269,19318,15,15,15,15,6,0,0,0,0,0,0,508,104,180,180,136,679610,250275,355472,70938,2925,31,5,0,7031,5435,1459,137,752,100,73,27,21,0,28384,15308,1644,1644,357,21,176,0,0,0,0,0,32,0,21,0,0,4,6,0,0,0,0,0,3,0,0,0,0,0,6,2,0,0,0,0,12,1,5,88,0,0,0,195,161568,0,0,0,0,34,33,0,1,1,12,2,1,8,Flareon
