date_string,time_string,player_name,pokemon,trainer_name,trainer_id,location,total_pokemon,real_time_total,real_time_hmmss,real_time_file_label,resets,blackouts,failures,level,game_time,battle_duration,move1,move2,move3,move4,move1pp,move2pp,move3pp,move4pp,move1ppUp,move2ppUp,move3ppUp,move4ppUp,saves,steps,bonks,trainerBattles,wildBattles,battleTurns,playerTurns,enemyTurns,itemsInBag,money,rivalTeam,statusCondition,type1,type2,experience,ROM,Species,Trainer,Start Time,Real Time,Game Time,Level,Resets,RTHours,RTMinutes,RTSeconds,RTMilliseconds,Move 1,Move 2,Move 3,Move 4,Hp,Max HP,Attack,Defense,Sp. Attack,Sp. Defense,Speed,Attack DV,Defense DV,Speed DV,Special DV,StatExp HP,StatExp Attack,StatExp Def,StatExp Sp. Attack,StatExp Sp. Defense,StatExp Speed,Attack Stage,Defense Stage,Sp. Attack Stage,Sp. Defense Stage,Speed Stage,Accuracy Stage,Evasion Stage,Battle Attack,Battle Defense,Battle Sp. Attack,Battle Sp. Defense,Battle Speed,Frame Count,Overworld Frame Count,Battle Frame Count,Menu Frame Count,Intro Frame Count,Save Count,Reload Count,Clock Reset Count,Steps Count,Steps Count Walk,Steps Count Bike,Steps Count Surf,Bonks,Battles,Trainer Battles,Wild Battles,Battles Fled,Failed Runs,Total Damage Dealt,Actual Damage Dealt,Total Damage Taken,Actual Damage Taken,Own Moves Hit,Own Moves Missed,Enemy Moves Hit,Enemy Moves Missed,Own Moves Super Effective,Own Moves Not Very Effective,Enemy Moves Super Effective,Enemy Moves Not Very Effective,Criticals Dealt,OHKOs Dealt,Criticals Taken,OHKOs Taken,Was Confused,Enemy Became Confused,Was Paralyzed,Enemy Was Paralyzed,Was Burned,Enemy Was Burned,Was Frozen,Enemy Was Frozen,Was Poisoned,Enemy Was Poisoned,Was Badly Poisoned,Enemy Was Badly Poisoned,Fell Asleep,Enemy Fell Asleep,Player Turns Confused,Player Turns Confused Hit Self,Player Turns Paralyzed,Player Turns Paralyzed Fully,Enemy Turns Confused,Enemy Turns Confused Hit Self,Enemy Turns Paralyzed,Enemy Turns Paralyzed Fully, Player Turns Asleep, Enemy Turns Asleep,Player HP Healed,Enemy HP Healed,Player Pokemon Fainted,Enemy Pokemon Fainted,Experience Gained,Switchouts,Money Made,Money Spent,Money Lost,Items Picked Up,Items Bought,Items Sold,Balls Thrown,Pokemon Caught In Balls,Moves Learnt,Blackouts,Attempt Number,Failures, Rival's Team
1-30,11:05:28,NINTEN,Magneton,Rival1-Lab,1,Pallet Town - Oak's Lab,1,40.24,40,0h0m40s,0,0,0,6,0:02,6.19,TACKLE,SonicBoom,THUNDERSHOCK,,0,71,2,1,1,2,2,1,0,3000,Jolteon, ,Electric,Electric,222,Magneton2,Magneton,Rival (Lab),00:00:34.06,00:00:40.24,00:02:06.01,6,0,0,0,40,24,TACKLE,SonicBoom,THUNDERSHOCK,,35,18,30,0,0,0,0,0,18,23,14,18,21,21,15,55,55,50,65,65,55,15,15,15,15,0,0,0,0,0,0,0,14,18,21,21,15,9521,4823,2710,0,1988,0,0,0,71,71,0,0,2,2,1,1,0,0,40,21,5,5,2,0,1,0,0,0,0,0,0,0,1,0,0,0,0,0,0,0,0,0,0,0,0,0,0,0,0,0,0,0,0,0,0,0,0,0,0,0,0,1,97,0,0,0,0,0,0,0,0,0,0,0,2,0,Jolteon
1-30,11:07:03,NINTEN,Magneton,Bug Catcher,3,Viridian Forest,1,2:15.31,2:15,0h2m15s,0,0,0,6,0:08,8.653,SonicBoom,TACKLE,THUNDERSHOCK,,0,623,28,2,3,6,6,5,3,75,Flareon, ,Electric,Electric,334,Magneton2,Magneton,,00:02:06.65,00:02:15.31,00:08:21.40,6,0,0,2,15,31,SonicBoom,TACKLE,THUNDERSHOCK,,19,35,27,0,0,0,0,0,12,23,14,18,21,21,15,100,85,85,85,85,100,15,15,15,15,0,0,0,0,-1,0,0,14,18,21,21,9,32060,22015,8057,0,1988,0,0,0,623,623,0,0,28,5,2,3,0,0,92,71,16,16,6,0,5,0,0,0,0,0,0,0,2,0,0,0,0,0,0,0,0,0,0,0,0,0,0,0,0,0,0,0,0,0,0,0,0,0,0,0,0,2,209,0,0,0,0,1,13,0,1,1,0,0,2,0,Flareon
1-30,11:07:28,NINTEN,Magneton,Brock,1,Pewter City - Gym,2,2:40.23,2:40,0h2m40s,0,0,0,9,0:09,11.111,SonicBoom,TACKLE,THUNDERSHOCK,,0,727,29,3,3,11,11,8,3,175,Flareon, ,Electric,Electric,794,Magneton2,Magneton,Brock,00:02:29.12,00:02:40.23,00:09:59.52,9,0,0,2,40,23,SonicBoom,TACKLE,THUNDERSHOCK,,14,35,27,0,0,0,0,0,24,30,18,25,29,29,20,175,210,345,145,145,190,15,15,15,15,0,0,0,0,0,0,0,18,25,29,29,20,37952,24450,11173,341,1988,0,0,0,727,727,0,0,29,6,3,3,0,0,172,132,22,22,10,2,6,0,0,0,0,0,0,0,2,0,0,0,0,0,0,0,0,0,0,0,0,0,0,0,0,0,0,0,0,0,0,0,0,0,0,0,0,4,669,0,0,0,0,1,13,0,1,1,0,0,2,0,Flareon
1-30,11:07:55,NINTEN,Magneton,Bug Catcher,4,Route 3,3,3:06.81,3:06,0h3m6s,0,0,0,10,0:11,13.673,THUNDERSHOCK,TACKLE,SonicBoom,,0,798,30,4,3,16,16,12,4,1363,Flareon, ,Electric,Electric,1129,Magneton2,Magneton,,00:02:53.14,00:03:06.81,00:11:44.56,10,0,0,3,6,81,THUNDERSHOCK,TACKLE,SonicBoom,,22,35,14,0,0,0,0,0,25,33,20,27,32,32,22,305,305,445,205,205,330,15,15,15,15,0,0,0,0,-3,0,0,24,27,32,32,8,44256,26517,15410,341,1988,0,0,0,798,798,0,0,30,7,4,3,0,0,285,221,24,24,15,2,10,0,0,0,0,0,1,0,2,0,0,0,0,0,0,0,0,0,0,0,0,0,0,0,0,0,0,0,0,0,0,0,0,0,0,0,0,7,1004,0,0,0,0,1,13,0,1,1,0,0,2,0,Flareon
1-30,11:08:06,NINTEN,Magneton,Youngster,1,Route 3,2,3:18.48,3:18,0h3m18s,0,0,0,11,0:12,8.398,THUNDERSHOCK,TACKLE,SonicBoom,,0,802,30,5,3,19,19,13,4,1463,Flareon, ,Electric,Electric,1407,Magneton2,Magneton,,00:03:10.08,00:03:18.48,00:12:30.54,11,0,0,3,18,48,THUNDERSHOCK,TACKLE,SonicBoom,,19,35,14,0,0,0,0,0,24,35,22,29,35,35,24,370,421,524,270,270,457,15,15,15,15,0,0,0,0,0,0,0,24,29,35,35,24,47014,26792,17893,341,1988,0,0,0,802,802,0,0,30,8,5,3,0,0,362,280,27,27,18,2,11,0,0,0,0,0,3,0,2,0,0,0,0,0,0,0,0,0,0,0,0,0,0,0,0,0,0,0,0,0,0,0,0,0,0,0,0,9,1282,0,0,0,0,1,13,0,1,1,0,0,2,0,Flareon
1-30,11:08:26,NINTEN,Magneton,Bug Catcher,5,Route 3,4,3:38.12,3:38,0h3m38s,0,0,0,12,0:13,16.794,THUNDERSHOCK,TACKLE,SonicBoom,,0,806,30,6,3,27,27,17,4,1628,Flareon, ,Electric,Electric,1882,Magneton2,Magneton,,00:03:21.33,00:03:38.12,00:13:48.27,12,0,0,3,38,12,THUNDERSHOCK,TACKLE,SonicBoom,,11,35,14,0,0,0,0,0,25,38,23,32,37,37,26,550,531,694,360,360,617,15,15,15,15,0,0,0,0,-1,0,0,25,32,37,37,17,51667,26966,22372,341,1988,0,0,0,806,806,0,0,30,9,6,3,0,0,600,392,29,29,26,3,13,0,0,0,0,0,5,0,2,0,0,0,1,0,0,0,0,0,0,0,0,0,0,0,0,0,0,0,0,0,1,1,0,0,0,0,0,13,1757,0,0,0,0,1,13,0,1,1,0,0,2,0,Flareon
1-30,11:08:40,NINTEN,Magneton,Bug Catcher,6,Route 3,2,3:52.48,3:52,0h3m52s,0,0,0,12,0:14,9.183,THUNDERSHOCK,TACKLE,SonicBoom,,0,814,31,7,3,31,31,19,4,1718,Flareon, ,Electric,Electric,2175,Magneton2,Magneton,,00:03:43.29,00:03:52.48,00:14:45.04,12,0,0,3,52,48,THUNDERSHOCK,TACKLE,SonicBoom,,9,35,12,0,0,0,0,0,25,38,23,32,37,37,26,645,581,784,405,405,692,15,15,15,15,0,0,0,0,-1,0,0,28,32,37,37,17,55064,27658,25077,341,1988,0,0,0,814,814,0,0,31,10,7,3,0,0,704,457,29,29,30,3,14,0,0,0,0,0,6,0,2,0,0,0,1,0,0,0,0,0,0,0,0,0,0,0,0,0,0,0,0,0,1,1,0,0,0,0,0,15,2050,0,0,0,0,1,13,0,1,1,0,0,2,0,Flareon
1-30,11:09:27,NINTEN,Magneton,Super Nerd,2,Mt Moon - 3,3,4:39.06,4:39,0h4m39s,0,0,0,14,0:17,15.713,THUNDERSHOCK,TACKLE,SonicBoom,,0,1166,34,8,3,37,37,23,5,1828,Flareon, ,Electric,Electric,2962,Magneton2,Magneton,,00:04:23.34,00:04:39.06,00:17:49.31,14,0,0,4,39,6,THUNDERSHOCK,TACKLE,SonicBoom,,7,35,8,0,0,0,0,0,22,43,26,36,43,43,29,805,756,979,560,560,852,15,15,15,15,0,-2,0,0,0,0,0,29,18,43,43,29,66131,34594,29208,341,1988,0,0,0,1166,1166,0,0,34,11,8,3,0,0,832,566,37,37,36,3,18,0,0,0,0,0,7,0,2,0,0,0,1,0,0,0,0,0,0,0,0,0,0,0,0,0,0,0,0,0,1,1,0,0,0,0,0,18,2837,0,0,0,0,2,13,0,1,1,0,0,2,0,Flareon
1-30,11:09:54,NINTEN,Magneton,Rocket,42,Mt Moon - 3,3,5:06.49,5:06,0h5m6s,0,0,0,15,0:19,18.22,THUNDERSHOCK,TACKLE,SonicBoom,,0,1182,37,9,3,46,45,29,6,2128,Flareon, ,Electric,Electric,3697,Magneton2,Magneton,,00:04:48.28,00:05:06.49,00:19:37.52,15,0,0,5,6,49,THUNDERSHOCK,TACKLE,SonicBoom,,2,34,6,0,0,0,0,0,8,45,28,39,46,46,31,920,926,1153,700,700,1032,15,15,15,15,0,0,0,0,0,0,0,31,39,46,46,31,72632,36013,33933,698,1988,0,0,0,1182,1182,0,0,37,12,9,3,0,0,988,676,73,73,44,3,24,0,0,0,0,0,8,0,3,0,0,0,1,0,0,0,0,0,0,0,0,0,0,0,0,0,0,0,0,0,1,1,0,0,0,0,0,21,3572,0,0,0,0,2,13,0,1,1,0,0,2,0,Flareon
1-30,11:10:20,NINTEN,Magneton,Jr Trainer F,1,Cerulean City - Gym,1,5:32.10,5:32,0h5m32s,0,0,0,16,0:21,5.969,THUNDERSHOCK,TACKLE,SonicBoom,,0,1332,41,10,3,48,47,30,6,2548,Flareon, ,Electric,Electric,4148,Magneton2,Magneton,,00:05:26.13,00:05:32.10,00:21:18.54,16,0,0,5,32,10,THUNDERSHOCK,TACKLE,SonicBoom,,28,35,20,0,0,0,0,0,48,48,30,41,49,49,33,965,993,1213,750,750,1095,15,15,15,15,0,0,0,0,0,0,0,33,41,49,49,33,78694,40206,35802,698,1988,0,0,0,1332,1332,0,0,41,13,10,3,0,0,1054,725,73,73,46,4,24,0,0,0,0,0,8,0,3,0,0,0,1,0,0,0,0,0,0,0,0,0,0,0,0,0,0,0,0,0,1,1,0,0,0,0,0,22,4023,0,0,0,0,2,13,0,1,1,0,0,2,0,Flareon
1-30,11:10:39,NINTEN,Magneton,Misty,1,Cerulean City - Gym,2,5:51.24,5:51,0h5m51s,0,0,0,17,0:22,13.053,THUNDERSHOCK,TACKLE,SonicBoom,,1,1333,42,11,3,53,52,33,6,2928,Flareon, ,Electric,Electric,5487,Magneton2,Magneton,Misty,00:05:38.18,00:05:51.24,00:22:34.33,17,0,0,5,51,24,THUNDERSHOCK,TACKLE,SonicBoom,,23,35,20,0,0,0,0,0,12,50,31,43,52,52,35,1055,1113,1353,920,920,1295,15,15,15,15,0,0,0,0,0,0,0,34,43,52,52,35,83233,40682,39357,1206,1988,1,0,0,1333,1333,0,0,42,14,11,3,0,0,1178,825,111,111,51,4,27,0,0,0,0,0,8,0,4,0,0,0,2,0,0,0,0,0,0,0,0,0,0,0,0,0,0,0,0,0,1,1,0,0,0,0,0,24,5362,0,0,0,0,2,13,0,1,1,0,0,2,0,Flareon
1-30,11:11:26,NINTEN,Magneton,Rival2-Nugget Bridge,3,Cerulean City,4,6:37.60,6:37,0h6m37s,0,0,0,18,0:25,25.025,THUNDERSHOCK,TACKLE,SonicBoom,,1,1435,47,12,3,66,65,43,7,5007,Flareon, ,Electric,Electric,6525,Magneton2,Magneton,Rival (Nugget Bridge),00:06:12.57,00:06:37.60,00:25:37.38,18,0,0,6,37,60,THUNDERSHOCK,TACKLE,SonicBoom,,24,34,14,0,0,0,0,0,23,52,33,46,55,55,37,1230,1359,1553,1071,1071,1532,15,15,15,15,-1,-2,0,0,0,-3,0,28,23,55,55,37,94218,45108,45916,1206,1988,1,0,0,1435,1435,0,0,47,15,12,3,0,0,1412,996,140,140,58,10,37,0,0,0,0,0,10,0,4,0,0,0,2,0,0,0,0,0,0,0,0,0,0,0,0,0,0,0,0,0,1,1,0,0,0,0,0,28,6400,0,0,0,0,3,13,0,1,1,0,0,2,0,Flareon
1-30,11:11:42,NINTEN,Magneton,Bug Catcher,9,Route 24,2,6:53.60,6:53,0h6m53s,0,0,0,18,0:26,6.134,THUNDERSHOCK,TACKLE,SonicBoom,,1,1446,47,13,3,68,67,43,7,5602,Flareon, ,Electric,Electric,6840,Magneton2,Magneton,,00:06:47.47,00:06:53.60,00:26:40.39,18,0,0,6,53,60,THUNDERSHOCK,TACKLE,SonicBoom,,22,34,14,0,0,0,0,0,43,52,33,46,55,55,37,1315,1424,1618,1111,1111,1627,15,15,15,15,0,0,0,0,0,0,0,37,46,55,55,37,97999,46522,47881,1608,1988,1,0,0,1446,1446,0,0,47,16,13,3,0,0,1513,1071,140,140,60,10,37,0,0,0,0,0,10,0,4,0,0,0,2,0,0,0,0,0,0,0,0,0,0,0,0,0,0,0,0,0,1,1,0,0,0,0,0,30,6715,0,0,0,0,3,13,0,1,1,0,0,2,0,Flareon
1-30,11:11:52,NINTEN,Magneton,Lass,8,Route 24,2,7:04.25,7:04,0h7m4s,0,0,0,19,0:27,7.994,THUNDERSHOCK,TACKLE,SonicBoom,,1,1448,48,14,3,71,70,44,7,5742,Flareon, ,Electric,Electric,7182,Magneton2,Magneton,,00:06:56.26,00:07:04.25,00:27:22.34,19,0,0,7,4,25,THUNDERSHOCK,TACKLE,SonicBoom,,19,34,14,0,0,0,0,0,43,55,35,48,57,57,39,1410,1516,1710,1186,1186,1724,15,15,15,15,0,0,0,0,0,0,0,39,48,57,57,39,100514,46656,50262,1608,1988,1,0,0,1448,1448,0,0,48,17,14,3,0,0,1642,1149,143,143,63,10,38,0,0,0,0,0,10,0,4,0,0,0,2,0,0,0,0,0,0,0,0,0,0,0,0,0,0,0,0,0,1,1,0,0,0,0,0,32,7057,0,0,0,0,3,13,0,1,1,0,0,2,0,Flareon
1-30,11:12:06,NINTEN,Magneton,Youngster,4,Route 24,3,7:17.85,7:17,0h7m17s,0,0,0,19,0:28,10.604,THUNDERSHOCK,TACKLE,SonicBoom,,1,1452,64,15,3,75,74,45,7,5952,Flareon, ,Electric,Electric,7701,Magneton2,Magneton,,00:07:07.24,00:07:17.85,00:28:16.09,19,0,0,7,17,85,THUNDERSHOCK,TACKLE,SonicBoom,,16,33,14,0,0,0,0,0,40,55,35,48,57,57,39,1515,1677,1824,1291,1291,1906,15,15,15,15,0,0,0,0,0,0,0,39,48,57,57,39,103729,46888,53245,1608,1988,1,0,0,1452,1452,0,0,64,18,15,3,0,0,1797,1256,146,146,67,10,39,0,0,0,0,0,10,0,4,0,0,0,2,0,0,0,0,0,0,0,0,0,0,0,0,0,0,0,0,0,1,1,0,0,0,0,0,35,7576,0,0,0,0,3,13,0,1,1,0,0,2,0,Flareon
1-30,11:12:18,NINTEN,Magneton,Lass,7,Route 24,2,7:29.69,7:29,0h7m29s,0,0,0,20,0:29,9.108,THUNDERSHOCK,TACKLE,SonicBoom,,1,1456,65,16,3,78,77,47,7,6162,Flareon, ,Electric,Electric,8089,Magneton2,Magneton,,00:07:20.58,00:07:29.69,00:29:02.48,20,0,0,7,29,69,THUNDERSHOCK,TACKLE,SonicBoom,,14,33,13,0,0,0,0,0,35,58,37,51,60,60,41,1610,1769,1916,1366,1366,2003,15,15,15,15,0,0,0,0,0,0,0,41,51,60,60,41,106528,47046,55886,1608,1988,1,0,0,1456,1456,0,0,65,19,16,3,0,0,1978,1343,154,154,70,10,41,0,0,0,0,0,11,0,4,0,0,0,2,0,0,0,0,0,0,0,0,0,0,0,0,0,0,0,0,0,1,1,0,0,0,0,0,37,7964,0,0,0,0,3,13,0,1,1,0,0,2,0,Flareon
1-30,11:12:24,NINTEN,Magneton,Jr Trainer M,3,Route 24,1,7:36.51,7:36,0h7m36s,0,0,0,20,0:29,4.113,THUNDERSHOCK,TACKLE,SonicBoom,,1,1460,65,17,3,79,78,47,7,6402,Flareon, ,Electric,Electric,8374,Magneton2,Magneton,,00:07:32.39,00:07:36.51,00:29:29.35,20,0,0,7,36,51,THUNDERSHOCK,TACKLE,SonicBoom,,13,33,13,0,0,0,0,0,35,58,37,51,60,60,41,1650,1849,1951,1401,1401,2073,15,15,15,15,0,0,0,0,0,0,0,41,51,60,60,41,108135,47214,57325,1608,1988,1,0,0,1460,1460,0,0,65,20,17,3,0,0,2038,1388,154,154,71,10,41,0,0,0,0,0,12,0,4,0,0,0,2,0,0,0,0,0,0,0,0,0,0,0,0,0,0,0,0,0,1,1,0,0,0,0,0,38,8249,0,0,0,0,3,13,0,1,1,0,0,2,0,Flareon
1-30,11:12:39,NINTEN,Magneton,Rocket,6,Route 24,2,7:51.30,7:51,0h7m51s,0,0,0,20,0:30,8.682,THUNDERSHOCK,TACKLE,SonicBoom,,1,1466,65,18,3,82,81,48,8,6762,Flareon, ,Electric,Electric,8744,Magneton2,Magneton,,00:07:42.62,00:07:51.30,00:30:28.03,20,0,0,7,51,30,THUNDERSHOCK,TACKLE,SonicBoom,,11,32,13,0,0,0,0,0,35,58,37,51,60,60,41,1725,1954,2030,1481,1481,2183,15,15,15,15,0,0,0,0,0,0,0,41,51,60,60,41,111643,48167,59880,1608,1988,1,0,0,1466,1466,0,0,65,21,18,3,0,0,2160,1464,154,154,74,11,41,0,0,0,0,0,12,0,4,0,0,0,2,0,0,0,0,0,0,0,0,0,0,0,0,0,0,0,0,0,1,1,0,0,0,0,0,40,8619,0,0,0,0,3,13,0,1,1,0,0,2,0,Flareon
1-30,11:13:00,NINTEN,Magneton,Hiker,2,Route 25,2,8:12.21,8:12,0h8m12s,0,0,0,21,0:31,10.765,THUNDERSHOCK,TACKLE,SonicBoom,,1,1512,67,19,3,87,86,51,8,7212,Flareon, ,Electric,Electric,9302,Magneton2,Magneton,,00:08:01.44,00:08:12.21,00:31:50.45,21,0,0,8,12,21,THUNDERSHOCK,TACKLE,SonicBoom,,9,32,10,0,0,0,0,0,28,60,38,53,63,63,43,1835,2114,2180,1546,1546,2238,15,15,15,15,0,0,0,0,0,0,0,42,53,63,63,43,116605,50084,62925,1608,1988,1,0,0,1512,1512,0,0,67,22,19,3,0,0,2285,1551,163,163,78,12,43,0,0,0,0,0,12,0,4,0,0,0,2,0,0,0,0,0,0,0,0,0,0,0,0,0,0,0,0,0,1,1,0,0,0,0,0,42,9177,0,0,0,0,3,13,0,1,1,0,0,2,0,Flareon
1-30,11:13:16,NINTEN,Magneton,Lass,9,Route 25,2,8:28.05,8:28,0h8m28s,0,0,0,21,0:32,8.778,THUNDERSHOCK,TACKLE,SonicBoom,,1,1534,69,20,3,90,89,52,9,7737,Flareon, ,Electric,Electric,9683,Magneton2,Magneton,,00:08:19.27,00:08:28.05,00:32:53.20,21,0,0,8,28,5,THUNDERSHOCK,TACKLE,SonicBoom,,7,31,10,0,0,0,0,0,24,60,38,53,63,63,43,1936,2218,2272,1626,1626,2329,15,15,15,15,0,0,0,0,0,0,0,42,53,63,63,43,120360,51281,65483,1608,1988,1,0,0,1534,1534,0,0,69,23,20,3,0,0,2384,1635,167,167,81,12,44,0,0,0,0,0,13,0,4,0,0,0,2,0,0,0,0,0,0,0,0,0,0,0,0,0,0,0,0,0,1,1,0,0,0,0,0,44,9558,0,0,0,0,4,13,0,1,1,0,0,2,0,Flareon
1-30,11:13:29,NINTEN,Magneton,Jr Trainer M,2,Route 25,2,8:40.68,8:40,0h8m40s,0,0,0,21,0:33,6.331,THUNDERSHOCK,TACKLE,SonicBoom,,1,1544,73,21,3,92,91,52,9,7962,Flareon, ,Electric,Electric,10040,Magneton2,Magneton,,00:08:34.35,00:08:40.68,00:33:42.41,21,0,0,8,40,68,THUNDERSHOCK,TACKLE,SonicBoom,,5,31,10,0,0,0,0,0,60,60,38,53,63,63,43,2001,2334,2351,1691,1691,2456,15,15,15,15,0,0,0,0,0,0,0,42,53,63,63,43,123321,51700,67453,2180,1988,1,0,0,1544,1544,0,0,73,24,21,3,0,0,2474,1705,167,167,83,12,44,0,0,0,0,0,13,0,4,0,0,0,2,0,0,0,0,0,0,0,0,0,0,0,0,0,0,0,0,0,1,1,0,0,0,0,0,46,9915,0,0,0,0,4,13,0,1,1,0,0,2,0,Flareon
1-30,11:13:45,NINTEN,Magneton,Lass,10,Route 25,3,8:56.72,8:56,0h8m56s,0,0,0,21,0:34,11.926,THUNDERSHOCK,TACKLE,SonicBoom,,1,1559,73,22,3,97,96,54,9,8242,Flareon, ,Electric,Electric,10625,Magneton2,Magneton,Oddish Lass,00:08:44.80,00:08:56.72,00:34:45.56,21,0,0,8,56,72,THUNDERSHOCK,TACKLE,SonicBoom,,4,31,6,0,0,0,0,0,54,60,38,53,63,63,43,2131,2479,2501,1876,1876,2572,15,15,15,15,0,0,0,0,0,0,0,42,53,63,63,43,127116,52193,70755,2180,1988,1,0,0,1559,1559,0,0,73,25,22,3,0,0,2637,1814,173,173,88,12,46,0,0,0,0,0,13,0,4,0,0,0,2,0,0,0,0,0,0,0,0,0,0,0,0,0,0,0,0,0,1,1,0,0,0,0,0,49,10500,0,0,0,0,4,13,0,1,1,0,0,2,0,Flareon
1-30,11:14:28,NINTEN,Magneton,Cerulean Rocket,5,Cerulean City,2,9:40.05,9:40,0h9m40s,0,0,0,22,0:37,12.141,THUNDERSHOCK,TACKLE,SonicBoom,,1,1697,78,23,3,102,101,57,10,8437,Flareon, ,Electric,Electric,11314,Magneton2,Magneton,Rocket,00:09:27.91,00:09:40.05,00:37:37.01,22,0,0,9,40,5,THUNDERSHOCK,TACKLE,SonicBoom,,10,30,6,0,0,0,0,0,49,63,40,56,66,66,45,2261,2607,2596,2001,2001,2649,15,15,15,15,0,0,0,0,0,0,0,45,56,66,66,45,137381,57761,74123,3509,1988,1,0,0,1697,1697,0,0,78,26,23,3,0,0,2768,1917,187,187,93,13,48,0,0,0,0,0,13,0,4,0,0,0,3,0,0,0,0,0,0,0,0,0,0,0,0,0,0,0,0,0,3,1,0,0,0,0,0,51,11189,0,0,0,0,5,13,0,1,1,0,0,2,0,Flareon
1-30,11:14:53,NINTEN,Magneton,Jr Trainer F,3,Route 6,3,10:04.94,10:04,0h10m4s,0,0,0,22,0:39,8.286,THUNDERSHOCK,TACKLE,SonicBoom,,1,1843,80,24,3,105,104,57,12,8947,Flareon, ,Electric,Electric,11875,Magneton2,Magneton,,00:09:56.66,00:10:04.94,00:39:15.07,22,0,0,10,4,94,THUNDERSHOCK,TACKLE,SonicBoom,,7,30,6,0,0,0,0,0,49,63,40,56,66,66,45,2381,2742,2716,2106,2106,2817,15,15,15,15,0,0,0,0,0,0,0,45,56,66,66,45,143267,61151,76619,3509,1988,1,0,0,1843,1843,0,0,80,27,24,3,0,0,3032,2040,187,187,96,13,48,0,0,0,0,0,13,0,4,0,0,0,3,0,0,0,0,0,0,0,0,0,0,0,0,0,0,0,0,0,3,1,0,0,0,0,0,54,11750,0,0,0,0,6,13,0,1,1,0,0,2,0,Flareon
1-30,11:15:03,NINTEN,Magneton,Jr Trainer M,5,Route 6,2,10:15.11,10:15,0h10m15s,0,0,0,23,0:39,7.214,THUNDERSHOCK,TACKLE,SonicBoom,,1,1846,80,25,3,107,106,57,12,9267,Flareon, ,Electric,Electric,12470,Magneton2,Magneton,,00:10:07.89,00:10:15.11,00:39:55.08,23,0,0,10,15,11,THUNDERSHOCK,TACKLE,SonicBoom,,5,30,6,0,0,0,0,0,51,65,42,58,69,69,47,2476,2883,2806,2187,2187,2984,15,15,15,15,0,0,0,0,0,0,0,47,58,69,69,47,145668,61357,78814,3509,1988,1,0,0,1846,1846,0,0,80,28,25,3,0,0,3179,2127,187,187,98,13,48,0,0,0,0,0,14,0,4,0,0,0,3,0,0,0,0,0,0,0,0,0,0,0,0,0,0,0,0,0,3,1,0,0,0,0,0,56,12345,0,0,0,0,6,13,0,1,1,0,0,2,0,Flareon
1-30,11:15:33,NINTEN,Magneton,Sailor,5,SS Anne,2,10:44.86,10:44,0h10m44s,0,0,0,23,0:41,8.871,THUNDERSHOCK,TACKLE,SonicBoom,,1,1984,114,26,3,111,109,58,15,8537,Flareon, ,Electric,Electric,13283,Magneton2,Magneton,,00:10:36.00,00:10:44.86,00:41:52.06,23,0,0,10,44,86,THUNDERSHOCK,TACKLE,SonicBoom,,2,30,6,0,0,0,0,0,47,65,42,58,69,69,47,2546,2968,2896,2357,2357,3139,15,15,15,15,0,0,0,0,0,0,0,47,58,69,69,47,152686,65865,81324,3509,1988,1,0,0,1984,1984,0,0,114,29,26,3,0,0,3351,2213,191,191,101,13,49,0,0,0,0,0,15,0,4,0,0,0,3,0,0,0,0,0,0,0,0,0,0,0,0,0,0,0,0,0,3,1,0,0,0,0,0,58,13158,0,0,0,0,8,16,0,1,1,0,0,2,0,Flareon
1-30,11:15:59,NINTEN,Magneton,Gentleman,5,SS Anne,2,11:11.38,11:11,0h11m11s,0,0,0,24,0:43,9.634,THUNDERSHOCK,TACKLE,SonicBoom,,1,2085,120,27,3,115,113,60,15,9077,Flareon, ,Electric,Electric,14167,Magneton2,Magneton,,00:11:01.75,00:11:11.38,00:43:36.23,24,0,0,11,11,38,THUNDERSHOCK,TACKLE,SonicBoom,,8,35,16,0,0,0,0,0,59,68,44,60,72,72,49,2651,3123,2996,2472,2472,3289,15,15,15,15,0,0,0,0,0,0,0,49,60,72,72,49,158943,68334,84006,4615,1988,1,0,0,2085,2085,0,0,120,30,27,3,0,0,3516,2307,200,200,105,13,50,0,0,0,0,0,16,0,5,0,0,0,3,0,0,0,0,0,0,0,0,0,0,0,0,0,0,0,0,0,3,1,0,0,0,0,0,60,14042,0,0,0,0,9,16,0,1,1,0,0,2,0,Flareon
1-30,11:16:33,NINTEN,Magneton,Rival3-SS Anne,1,SS Anne,4,11:44.79,11:44,0h11m44s,0,0,0,24,0:45,18.24,THUNDERSHOCK,TACKLE,SonicBoom,REST,1,2112,125,28,3,125,123,66,13,10267,Flareon, ,Electric,Electric,15348,Magneton2,Magneton,Rival (SS Anne),00:11:26.54,00:11:44.79,00:45:48.25,24,0,0,11,44,79,THUNDERSHOCK,TACKLE,SonicBoom,REST,6,35,8,10,0,0,0,0,47,68,44,60,72,72,49,2826,3369,3196,2623,2623,3526,15,15,15,15,0,0,0,0,0,-3,0,68,60,72,72,49,166865,69748,88743,6386,1988,1,0,0,2112,2112,0,0,125,31,28,3,0,0,3795,2495,212,212,113,16,55,0,0,0,0,0,16,0,5,0,0,0,3,0,0,0,0,0,0,0,0,0,0,0,0,0,0,0,0,0,3,1,0,0,0,0,0,64,15223,0,0,0,0,10,16,0,1,1,2,0,2,0,Flareon
1-30,11:17:26,NINTEN,Magneton,Surge,1,Vermilion City - Gym,1,12:37.89,12:37,0h12m37s,0,0,0,25,0:49,10.633,THUNDERSHOCK,TACKLE,SonicBoom,REST,2,2289,131,29,3,130,128,70,14,11567,Flareon, ,Electric,Electric,16080,Magneton2,Magneton,Lt. Surge,00:12:27.25,00:12:37.89,00:49:18.20,25,0,0,12,37,89,THUNDERSHOCK,TACKLE,SonicBoom,REST,6,35,3,10,0,0,0,0,56,70,46,63,75,75,51,2886,3459,3251,2713,2713,3626,15,15,15,15,-1,0,0,0,0,0,0,33,63,75,75,51,179460,76286,91788,9398,1988,2,0,0,2289,2289,0,0,131,32,29,3,0,0,3875,2571,225,225,117,19,57,0,0,0,0,0,16,0,5,0,0,0,3,0,0,0,0,0,0,0,0,0,0,0,0,0,0,0,0,0,3,1,0,0,0,0,0,65,15955,0,0,0,0,10,16,0,1,1,3,0,2,0,Flareon
1-30,11:18:58,NINTEN,Magneton,Wrapping Lass,5,Route 9,4,14:09.75,14:09,0h14m9s,0,0,0,25,0:55,36.459,THUNDERBOLT,TACKLE,SonicBoom,REST,3,2486,162,30,3,150,139,84,15,14339,Flareon,Poisoned,Electric,Electric,17328,Magneton2,Magneton,RTG1 - Wrapping Lass,00:13:33.29,00:14:09.75,00:55:21.13,25,0,0,14,9,75,THUNDERBOLT,TACKLE,SonicBoom,REST,7,35,18,9,0,0,0,0,54,70,46,63,75,75,51,3076,3709,3431,3003,3003,3766,15,15,15,15,0,0,0,0,0,0,0,51,70,75,75,1,201233,84950,101057,13238,1988,3,0,0,2486,2432,54,0,162,33,30,3,0,0,4171,2767,263,263,127,19,67,0,0,0,0,0,17,0,6,0,0,0,5,1,0,0,0,0,0,1,0,0,0,0,0,0,8,2,0,0,7,4,1,0,0,0,0,69,17203,0,0,0,0,10,16,0,1,1,4,0,2,0,Flareon
1-30,11:19:15,NINTEN,Magneton,Bug Catcher,14,Route 9,3,14:26.74,14:26,0h14m26s,0,0,0,26,0:56,9.182,THUNDERBOLT,TACKLE,SonicBoom,REST,3,2525,169,31,3,153,142,84,15,14699,Flareon, ,Electric,Electric,18097,Magneton2,Magneton,,00:14:17.56,00:14:26.74,00:56:28.05,26,0,0,14,26,74,THUNDERBOLT,TACKLE,SonicBoom,REST,4,35,18,9,0,0,0,0,57,73,47,66,78,78,53,3221,3829,3546,3083,3083,3906,15,15,15,15,0,0,0,0,0,0,0,52,74,78,78,53,205245,85798,103717,13742,1988,3,0,0,2525,2432,93,0,169,34,31,3,0,0,4783,2924,263,263,130,19,67,0,0,0,0,0,19,0,6,0,0,0,5,1,0,0,0,0,0,1,0,0,0,0,0,0,8,2,0,0,7,4,1,0,0,0,0,72,17972,0,0,0,0,10,16,0,1,1,4,0,2,0,Flareon
1-30,11:19:43,NINTEN,Magneton,Pokemaniac,7,Rock Tunnel - 1,2,14:54.93,14:54,0h14m54s,0,0,0,26,0:58,10.086,THUNDERBOLT,TACKLE,SonicBoom,REST,4,2634,179,32,3,157,146,86,14,14899,Flareon, ,Electric,Electric,19011,Magneton2,Magneton,,00:14:44.84,00:14:54.93,00:58:19.29,26,0,0,14,54,93,THUNDERBOLT,TACKLE,SonicBoom,REST,13,35,15,9,0,0,0,0,36,73,47,66,78,78,53,3361,3944,3706,3163,3163,3956,15,15,15,15,-1,0,0,0,0,0,0,34,83,78,78,53,211929,87614,106500,15827,1988,4,0,0,2634,2432,202,0,179,35,32,3,0,0,5021,3061,284,284,134,19,69,0,0,0,0,0,19,0,6,0,0,0,5,1,0,0,0,0,0,1,0,0,0,0,0,0,8,2,0,0,7,4,1,0,0,0,0,74,18886,0,0,0,0,10,16,0,1,1,4,0,2,0,Flareon
1-30,11:19:51,NINTEN,Magneton,Pokemaniac,5,Rock Tunnel,1,15:03.09,15:03,0h15m3s,0,0,0,26,0:58,4.103,THUNDERBOLT,TACKLE,SonicBoom,REST,4,2670,181,33,3,158,147,86,14,16049,Flareon, ,Electric,Electric,19540,Magneton2,Magneton,,00:14:58.99,00:15:03.09,00:58:51.29,26,0,0,15,3,9,THUNDERBOLT,TACKLE,SonicBoom,REST,12,35,15,9,0,0,0,0,36,73,47,66,78,78,53,3451,4009,3771,3203,3203,3971,15,15,15,15,0,0,0,0,0,0,0,52,74,78,78,53,213849,88193,107841,15827,1988,4,0,0,2670,2432,238,0,181,36,33,3,0,0,5187,3145,284,284,135,19,69,0,0,0,0,0,19,0,6,0,0,0,5,1,0,0,0,0,0,1,0,0,0,0,0,0,8,2,0,0,7,4,1,0,0,0,0,75,19415,0,0,0,0,10,16,0,1,1,4,0,2,0,Flareon
1-30,11:20:09,NINTEN,Magneton,Jr Trainer F,10,Rock Tunnel,2,15:20.97,15:20,0h15m20s,0,0,0,27,1:00,11.082,THUNDERBOLT,TACKLE,SonicBoom,REST,4,2688,183,34,3,162,151,88,13,17299,Flareon,Poisoned,Electric,Electric,20208,Magneton2,Magneton,RTG4 - Status Jr Trainer,00:15:09.89,00:15:20.97,01:00:01.59,27,0,0,15,20,97,THUNDERBOLT,TACKLE,SonicBoom,REST,9,35,14,9,0,0,0,0,72,76,49,68,81,81,55,3541,4108,3875,3343,3343,4046,15,15,15,15,0,0,0,0,0,0,0,55,76,81,81,55,218079,88622,110855,16614,1988,4,0,0,2688,2432,256,0,183,37,34,3,0,0,5301,3255,288,288,139,19,71,0,0,0,0,0,19,0,6,0,0,0,5,1,0,0,0,0,0,2,0,0,0,0,0,0,8,2,0,0,7,4,1,0,0,0,0,77,20083,0,0,0,0,10,16,0,1,1,4,0,2,0,Flareon
1-30,11:20:53,NINTEN,Magneton,Selfdestructing Hiker,9,Rock Tunnel,3,16:04.90,16:04,0h16m4s,0,0,0,27,1:02,24.109,THUNDERBOLT,TACKLE,SonicBoom,REST,5,2802,194,35,3,172,157,98,13,17739,Flareon, ,Electric,Electric,21585,Magneton2,Magneton,,00:15:40.79,00:16:04.90,01:02:55.41,27,0,0,16,4,90,THUNDERBOLT,TACKLE,SonicBoom,REST,9,35,10,7,0,0,0,0,41,76,49,68,81,81,55,3676,4363,4190,3448,3448,4121,15,15,15,15,0,0,0,0,0,0,0,55,76,81,81,55,228501,91385,116962,18166,1988,5,0,0,2802,2432,370,0,194,38,35,3,0,0,5381,3335,425,425,143,21,75,0,0,0,0,0,19,0,8,0,0,0,5,1,0,0,0,0,0,2,0,0,0,0,0,0,8,2,0,0,7,4,3,0,0,0,0,80,21460,0,0,0,0,10,16,0,1,1,4,0,2,0,Flareon
1-30,11:21:18,NINTEN,Magneton,Jr Trainer F,18,Rock Tunnel - 1,3,16:30.04,16:30,0h16m30s,0,0,0,28,1:04,12.313,THUNDERBOLT,TACKLE,SonicBoom,REST,5,2860,210,36,3,176,161,101,11,18474,Flareon,Paralyzed,Electric,Electric,22448,Magneton2,Magneton,RTG6 - Finisher,00:16:17.73,00:16:30.04,01:04:34.54,28,0,0,16,30,4,THUNDERBOLT,TACKLE,SonicBoom,REST,5,35,10,7,0,0,0,0,60,78,51,71,84,84,57,3801,4503,4320,3598,3598,4297,15,15,15,15,0,0,0,0,0,0,0,57,79,84,84,14,234454,93110,120252,19104,1988,5,0,0,2860,2432,428,0,210,39,36,3,0,0,5811,3485,428,428,147,21,77,0,0,0,0,0,19,0,8,0,0,0,5,2,0,0,0,0,0,2,0,0,0,0,0,0,10,2,0,0,7,4,3,0,0,0,0,83,22323,0,0,0,0,10,16,0,1,1,4,0,2,0,Flareon
1-30,11:21:47,NINTEN,Magneton,Gambler,7,Route 8,2,16:59.27,16:59,0h16m59s,0,0,0,28,1:06,6.329,THUNDERBOLT,TACKLE,SonicBoom,REST,5,3050,242,37,3,178,163,101,12,18874,Flareon, ,Electric,Electric,23240,Magneton2,Magneton,,00:16:52.94,00:16:59.27,01:06:29.56,28,0,0,16,59,27,THUNDERBOLT,TACKLE,SonicBoom,REST,3,35,10,7,0,0,0,0,60,78,51,71,84,84,57,3894,4614,4405,3713,3713,4422,15,15,15,15,0,0,0,0,0,0,0,57,79,84,84,57,241356,97313,122219,19836,1988,5,0,0,3050,2522,528,0,242,40,37,3,0,0,6029,3605,428,428,149,21,77,0,0,0,0,0,20,0,8,0,0,0,5,2,0,0,0,0,0,2,0,0,0,0,0,0,10,2,0,0,7,4,3,0,0,0,0,85,23115,0,0,0,0,11,16,0,1,1,4,0,2,0,Flareon
1-30,11:22:05,NINTEN,Magneton,Super Nerd,4,Route 8,3,17:16.65,17:16,0h17m16s,0,0,0,29,1:07,11.168,THUNDERBOLT,TACKLE,SonicBoom,REST,5,3062,242,38,3,181,166,101,11,20554,Flareon, ,Electric,Electric,24825,Magneton2,Magneton,,00:17:05.48,00:17:16.65,01:07:38.19,29,0,0,17,16,65,THUNDERBOLT,TACKLE,SonicBoom,REST,12,35,10,7,0,0,0,0,63,81,53,73,87,87,59,4159,4879,4580,3858,3858,4522,15,15,15,15,0,0,0,0,0,0,0,59,82,87,87,59,245459,97649,125352,20470,1988,5,0,0,3062,2534,528,0,242,41,38,3,0,0,6406,3826,428,428,152,21,77,0,0,0,0,0,21,0,8,0,0,0,5,2,0,0,0,0,0,2,0,0,0,0,0,0,10,2,0,0,7,4,3,0,0,0,0,88,24700,0,0,0,0,11,16,0,1,1,4,0,2,0,Flareon
1-30,11:22:19,NINTEN,Magneton,Gambler,5,Route 8,3,17:31.13,17:31,0h17m31s,0,0,0,29,1:08,8.455,THUNDERBOLT,TACKLE,SonicBoom,REST,5,3100,244,39,3,184,169,101,11,21104,Flareon, ,Electric,Electric,26167,Magneton2,Magneton,,00:17:22.68,00:17:31.13,01:08:35.26,29,0,0,17,31,13,THUNDERBOLT,TACKLE,SonicBoom,REST,9,35,10,7,0,0,0,0,63,81,53,73,87,87,59,4304,5044,4725,3988,3988,4792,15,15,15,15,0,0,0,0,0,0,0,59,82,87,87,59,248886,98589,127839,20470,1988,5,0,0,3100,2572,528,0,244,42,39,3,0,0,7057,3996,428,428,155,21,77,0,0,0,0,0,21,0,8,0,0,0,5,2,0,0,0,0,0,2,0,0,0,0,0,0,10,2,0,0,7,4,3,0,0,0,0,91,26042,0,0,0,0,11,16,0,1,1,4,0,2,0,Flareon
1-30,11:23:02,NINTEN,Magneton,Rocket,7,Celadon City - Game Corner,2,18:13.61,18:13,0h18m13s,0,0,0,29,1:11,6.245,THUNDERBOLT,TACKLE,SonicBoom,REST,5,3307,251,40,3,186,171,101,10,22644,Flareon, ,Electric,Electric,26894,Magneton2,Magneton,,00:18:07.37,00:18:13.61,01:11:23.05,29,0,0,18,13,61,THUNDERBOLT,TACKLE,SonicBoom,REST,13,35,20,10,0,0,0,0,81,81,53,73,87,87,59,4399,5170,4820,4078,4078,4944,15,15,15,15,0,0,0,0,0,0,0,59,82,87,87,59,258945,106308,129807,20842,1988,5,0,0,3307,2779,528,0,251,43,40,3,0,0,7401,4100,428,428,157,21,77,0,0,0,0,0,21,0,8,0,0,0,5,2,0,0,0,0,0,2,0,0,0,0,0,0,10,2,0,0,7,4,3,0,0,0,0,93,26769,0,0,0,0,14,16,0,1,1,4,0,2,0,Flareon
1-30,11:23:34,NINTEN,Magneton,Rocket,15,Rocket Hideout 3,2,18:46.03,18:46,0h18m46s,0,0,0,30,1:13,6.802,THUNDERBOLT,TACKLE,SonicBoom,REST,5,3471,261,41,3,188,173,101,11,23244,Flareon, ,Electric,Electric,27686,Magneton2,Magneton,,00:18:39.23,00:18:46.03,01:13:31.21,30,0,0,18,46,3,THUNDERBOLT,TACKLE,SonicBoom,REST,11,35,20,10,0,0,0,0,83,83,55,76,90,90,61,4539,5330,4920,4148,4148,5014,15,15,15,15,0,0,0,0,0,0,0,61,85,90,90,61,266641,111916,131895,20842,1988,5,0,0,3471,2943,528,0,261,44,41,3,0,0,7686,4226,428,428,159,21,77,0,0,0,0,0,21,0,8,0,0,0,5,2,0,0,0,0,0,2,0,0,0,0,0,0,10,2,0,0,7,4,3,0,0,0,0,95,27561,0,0,0,0,17,16,0,1,1,4,0,2,0,Flareon
1-30,11:25:55,NINTEN,Magneton,Rival4-Pkmn Tower,3,Pokemon Tower - 2F,5,21:06.62,21:06,0h21m6s,0,0,0,31,1:22,20.592,THUNDERBOLT,DOUBLE-EDGE,SonicBoom,REST,5,3924,313,42,3,196,181,104,11,1724,Flareon, ,Electric,Electric,30336,Magneton2,Magneton,Rival (Pokemon Tower),00:20:46.03,00:21:06.62,01:22:46.50,31,0,0,21,6,62,THUNDERBOLT,DOUBLE-EDGE,SonicBoom,REST,9,10,19,10,0,0,0,0,35,86,57,83,93,93,63,4764,5650,18090,4444,4444,5294,15,15,15,15,0,0,0,0,0,0,0,64,93,93,93,63,299970,134779,137172,26031,1988,5,0,0,3924,3396,528,0,313,45,42,3,0,0,8538,4512,478,478,167,22,79,0,0,0,0,0,23,0,8,0,0,0,5,2,0,0,0,0,0,2,0,0,0,0,0,0,10,2,0,0,7,4,3,0,0,0,0,100,30211,0,0,0,0,22,37,12,1,1,6,0,2,0,Flareon
1-30,11:26:15,NINTEN,Magneton,Channeler,10,Pokemon Tower - 4F,2,21:27.33,21:27,0h21m27s,0,0,0,31,1:24,6.334,THUNDERBOLT,DOUBLE-EDGE,SonicBoom,REST,5,3972,314,43,3,198,183,104,11,3349,Flareon, ,Electric,Electric,31272,Magneton2,Magneton,,00:21:21.00,00:21:27.33,01:24:08.37,31,0,0,21,27,33,THUNDERBOLT,DOUBLE-EDGE,SonicBoom,REST,7,10,19,10,0,0,0,0,35,86,57,83,93,93,63,4824,5720,18150,4644,4644,5454,15,15,15,15,0,0,0,0,0,0,0,64,93,93,93,63,304877,136808,139115,26966,1988,5,0,0,3972,3444,528,0,314,46,43,3,0,0,8664,4612,478,478,169,22,79,0,0,0,0,0,23,0,8,0,0,0,5,2,0,0,0,0,0,2,0,0,0,0,0,0,10,2,0,0,7,4,3,0,0,0,0,102,31147,0,0,0,0,22,37,12,1,1,6,0,2,0,Flareon
1-30,11:26:34,NINTEN,Magneton,Channeler,21,Pokemon Tower - 6F,1,21:45.85,21:45,0h21m45s,0,0,0,31,1:25,4.077,THUNDERBOLT,DOUBLE-EDGE,SonicBoom,REST,5,4052,343,44,3,199,184,104,12,4039,Flareon, ,Electric,Electric,31759,Magneton2,Magneton,,00:21:41.77,00:21:45.85,01:25:21.52,31,0,0,21,45,85,THUNDERBOLT,DOUBLE-EDGE,SonicBoom,REST,14,15,20,10,0,0,0,0,86,86,57,83,93,93,63,4854,5755,18180,4744,4744,5534,15,15,15,15,0,0,0,0,0,0,0,64,93,93,93,63,309272,139843,140475,26966,1988,5,0,0,4052,3524,528,0,343,47,44,3,0,0,8729,4664,478,478,170,22,79,0,0,0,0,0,23,0,8,0,0,0,5,2,0,0,0,0,0,2,0,0,0,0,0,0,10,2,0,0,7,4,3,0,0,0,0,103,31634,0,0,0,0,25,37,12,1,1,6,0,2,0,Flareon
1-30,11:26:41,NINTEN,Magneton,Channeler,20,Pokemon Tower - 6F,1,21:52.64,21:52,0h21m52s,0,0,0,31,1:25,4.162,THUNDERBOLT,DOUBLE-EDGE,SonicBoom,REST,5,4061,344,45,3,200,185,104,12,4759,Flareon, ,Electric,Electric,32246,Magneton2,Magneton,,00:21:48.48,00:21:52.64,01:25:48.35,31,0,0,21,52,64,THUNDERBOLT,DOUBLE-EDGE,SonicBoom,REST,13,15,20,10,0,0,0,0,86,86,57,83,93,93,63,4884,5790,18210,4844,4844,5614,15,15,15,15,0,0,0,0,0,0,0,64,93,93,93,63,310875,140064,141857,26966,1988,5,0,0,4061,3533,528,0,344,48,45,3,0,0,8847,4716,478,478,171,22,79,0,0,0,0,0,24,0,8,0,0,0,5,2,0,0,0,0,0,2,0,0,0,0,0,0,10,2,0,0,7,4,3,0,0,0,0,104,32121,0,0,0,0,25,37,12,1,1,6,0,2,0,Flareon
1-30,11:27:07,NINTEN,Magneton,Rocket,44,Pokemon Tower - 7F,3,22:19.19,22:19,0h22m19s,0,0,0,32,1:27,11.189,THUNDERBOLT,DOUBLE-EDGE,SonicBoom,REST,5,4088,349,46,4,204,189,105,11,5479,Flareon, ,Electric,Electric,34495,Magneton2,Magneton,,00:22:08.00,00:22:19.19,01:27:33.21,32,0,0,22,19,19,THUNDERBOLT,DOUBLE-EDGE,SonicBoom,REST,10,14,20,10,0,0,0,0,81,90,59,86,96,96,65,7609,6010,18434,5034,5034,5844,15,15,15,15,0,0,0,0,0,0,0,66,96,96,96,65,317161,141753,145892,27528,1988,5,0,0,4088,3560,528,0,349,50,46,4,0,0,9132,4927,486,486,175,22,80,0,0,0,0,0,24,0,8,0,0,0,5,2,0,0,0,0,0,2,0,0,0,0,0,0,10,2,0,0,7,4,3,0,0,0,0,107,34370,0,0,0,0,26,37,12,1,1,6,0,2,0,Flareon
1-30,11:27:49,NINTEN,Magneton,Biker,7,Route 16,4,23:01.14,23:01,0h23m1s,0,0,0,33,1:30,10.947,THUNDERBOLT,DOUBLE-EDGE,SonicBoom,REST,5,4201,352,47,5,208,193,105,12,6289,Flareon, ,Electric,Electric,36499,Magneton2,Magneton,,00:22:50.18,00:23:01.14,01:30:18.38,33,0,0,23,1,14,THUNDERBOLT,DOUBLE-EDGE,SonicBoom,REST,6,14,20,10,0,0,0,0,84,93,61,88,100,100,67,7929,6330,18634,5194,5194,5944,15,15,15,15,0,0,0,0,0,0,0,68,99,100,100,67,327078,146246,149751,29093,1988,5,0,0,4201,3656,545,0,352,52,47,5,1,0,9657,5251,486,486,179,22,80,0,0,0,0,0,24,0,8,0,0,0,5,2,0,0,0,0,0,2,0,0,0,0,0,0,10,2,0,0,7,4,3,0,0,0,0,111,36374,0,0,0,0,26,37,12,1,1,6,0,2,0,Flareon
1-30,11:28:06,NINTEN,Magneton,Biker,8,Route 17,3,23:17.91,23:17,0h23m17s,0,0,0,33,1:31,12.766,THUNDERBOLT,DOUBLE-EDGE,SonicBoom,REST,5,4221,352,48,5,213,198,107,12,6809,Flareon, ,Electric,Electric,39259,Magneton2,Magneton,,00:23:05.14,00:23:17.91,01:31:24.52,33,0,0,23,17,91,THUNDERBOLT,DOUBLE-EDGE,SonicBoom,REST,3,12,20,10,0,0,0,0,66,93,61,88,100,100,67,8099,6575,18969,5424,5424,6099,15,15,15,15,0,0,0,0,0,0,0,68,99,100,100,67,331052,146701,153270,29093,1988,5,0,0,4221,3656,565,0,352,53,48,5,1,0,9953,5471,504,504,184,23,81,0,0,0,0,0,24,0,8,0,0,0,5,2,0,0,0,0,0,2,0,0,0,0,0,0,10,2,0,0,7,4,3,0,0,0,0,114,39134,0,0,0,0,26,37,12,1,1,6,0,2,0,Flareon
1-30,11:28:37,NINTEN,Magneton,Biker,12,Route 17,5,23:48.91,23:48,0h23m48s,0,0,0,35,1:33,14.729,THUNDERBOLT,DOUBLE-EDGE,SonicBoom,REST,5,4346,354,49,5,218,203,107,11,7369,Flareon, ,Electric,Electric,42939,Magneton2,Magneton,,00:23:34.18,00:23:48.91,01:33:27.02,35,0,0,23,48,91,THUNDERBOLT,DOUBLE-EDGE,SonicBoom,REST,7,12,20,10,3,0,0,0,71,98,64,94,106,106,71,8349,6950,19494,5774,5774,6324,15,15,15,15,0,0,0,0,0,0,0,72,105,106,106,71,338382,148832,157234,30328,1988,5,0,0,4346,3656,690,0,354,54,49,5,1,0,10436,5790,504,504,189,23,81,0,0,0,0,0,24,0,8,0,0,0,5,2,0,0,0,0,0,2,0,0,0,0,0,0,10,2,0,0,7,4,3,0,0,0,0,119,42814,0,0,0,0,28,37,12,1,1,6,0,2,0,Flareon
1-30,11:30:08,NINTEN,Magneton,Rocket,39,Silph Co - 10F,1,25:20.14,25:20,0h25m20s,0,0,0,35,1:39,6.166,THUNDERBOLT,DOUBLE-EDGE,SonicBoom,REST,5,4975,391,50,6,220,205,108,12,7369,Flareon, ,Electric,Electric,43971,Magneton2,Magneton,,00:25:13.97,00:25:20.14,01:39:26.47,35,0,0,25,20,14,THUNDERBOLT,DOUBLE-EDGE,SonicBoom,REST,23,14,20,10,3,0,0,0,97,98,65,94,106,106,72,8429,9610,19564,5824,5824,8929,15,15,15,15,0,0,0,0,0,0,0,73,105,106,106,72,359967,164029,159763,34187,1988,5,0,0,4975,3917,1058,0,391,56,50,6,2,0,10578,5891,505,505,191,24,81,0,0,0,0,0,24,0,8,0,0,0,6,2,0,0,0,0,0,2,0,0,0,0,0,0,10,2,0,0,8,4,3,0,0,0,0,120,43846,0,0,0,0,32,37,12,1,1,7,0,2,0,Flareon
1-30,11:30:27,NINTEN,Magneton,Rocket,35,Silph Co - 8F,4,25:39.38,25:39,0h25m39s,0,0,0,35,1:40,11.14,THUNDERBOLT,DOUBLE-EDGE,SonicBoom,REST,5,5027,396,51,6,224,209,108,13,8359,Flareon, ,Electric,Electric,46184,Magneton2,Magneton,,00:25:28.24,00:25:39.38,01:40:42.27,35,0,0,25,39,38,THUNDERBOLT,DOUBLE-EDGE,SonicBoom,REST,19,14,20,10,3,0,0,0,97,98,65,94,106,106,72,8629,9872,19764,6014,6014,9243,15,15,15,15,0,0,0,0,0,0,0,73,105,106,106,72,364507,165532,162800,34187,1988,5,0,0,5027,3969,1058,0,396,57,51,6,2,0,11596,6153,505,505,195,24,81,0,0,0,0,0,25,0,8,0,0,0,6,2,0,0,0,0,0,2,0,0,0,0,0,0,10,2,0,0,8,4,3,0,0,0,0,124,46059,0,0,0,0,34,37,12,1,1,7,0,2,0,Flareon
1-30,11:30:44,NINTEN,Magneton,Rocket,32,Silph Co - 7F,4,25:56.31,25:56,0h25m56s,0,0,0,36,1:41,12.492,THUNDERBOLT,DOUBLE-EDGE,SonicBoom,REST,5,5042,405,52,6,228,213,109,13,9139,Flareon, ,Electric,Electric,49234,Magneton2,Magneton,,00:25:43.81,00:25:56.31,01:41:49.06,36,0,0,25,56,31,THUNDERBOLT,DOUBLE-EDGE,SonicBoom,REST,15,14,20,10,3,0,0,0,92,101,68,96,109,109,74,8859,10183,20058,6264,6264,9545,15,15,15,15,0,0,0,0,0,0,0,76,108,109,109,74,368506,166170,166161,34187,1988,5,0,0,5042,3984,1058,0,405,58,52,6,2,0,12136,6431,513,513,199,24,82,0,0,0,0,0,25,0,8,0,0,0,6,2,0,0,0,0,0,2,0,0,0,0,0,0,10,2,0,0,8,4,3,0,0,0,0,128,49109,0,0,0,0,34,37,12,1,1,7,0,2,0,Flareon
1-30,11:31:06,NINTEN,Magneton,Scientist,7,Silph Co - 6F,5,26:18.35,26:18,0h26m18s,0,0,0,37,1:43,16.571,THUNDERBOLT,DOUBLE-EDGE,SonicBoom,REST,5,5071,406,53,6,234,219,110,13,9919,Flareon, ,Electric,Electric,52341,Magneton2,Magneton,,00:26:01.78,00:26:18.35,01:43:15.54,37,0,0,26,18,35,THUNDERBOLT,DOUBLE-EDGE,SonicBoom,REST,11,12,20,10,3,0,0,0,74,103,69,99,112,112,76,9054,10438,20463,6654,6654,9830,15,15,15,15,0,0,0,0,0,0,0,77,111,112,112,76,373714,167062,170477,34187,1988,5,0,0,5071,4013,1058,0,406,59,53,6,2,0,12571,6723,533,533,205,25,82,0,0,0,0,0,25,0,8,0,0,0,6,2,0,0,0,0,0,2,0,0,0,0,0,0,10,2,0,0,8,4,3,0,0,0,0,133,52216,0,0,0,0,34,37,12,1,1,7,0,2,0,Flareon
1-30,11:31:31,NINTEN,Magneton,Scientist,6,Silph Co - 5F,4,26:43.02,26:43,0h26m43s,0,0,0,38,1:44,18.308,THUNDERBOLT,DOUBLE-EDGE,SonicBoom,REST,5,5105,407,54,6,240,225,112,13,11169,Flareon, ,Electric,Electric,55330,Magneton2,Magneton,,00:26:24.71,00:26:43.02,01:44:53.17,38,0,0,26,43,2,THUNDERBOLT,DOUBLE-EDGE,SonicBoom,REST,9,8,20,10,3,0,0,0,38,106,71,102,115,115,79,9234,10688,20843,7014,7014,10040,15,15,15,15,0,0,0,0,0,0,0,79,114,115,115,79,379557,168167,175215,34187,1988,5,0,0,5105,4047,1058,0,407,60,54,6,2,0,12984,6975,572,572,211,25,84,0,0,0,0,0,26,0,9,0,0,0,6,2,0,0,0,0,0,2,0,0,0,0,0,0,10,2,0,0,8,4,3,0,0,0,0,137,55205,0,0,0,0,35,37,12,1,1,7,0,2,0,Flareon
1-30,11:31:38,NINTEN,Magneton,Rocket,28,Silph Co - 5F,1,26:50.21,26:50,0h26m50s,0,0,0,38,1:45,4.151,THUNDERBOLT,DOUBLE-EDGE,SonicBoom,REST,5,5116,408,55,6,241,226,112,13,12469,Flareon, ,Electric,Electric,56369,Magneton2,Magneton,,00:26:46.06,00:26:50.21,01:45:21.31,38,0,0,26,50,21,THUNDERBOLT,DOUBLE-EDGE,SonicBoom,REST,8,8,20,10,3,0,0,0,38,106,71,102,115,115,79,9294,10773,20912,7079,7079,10120,15,15,15,15,0,0,0,0,0,0,0,79,114,115,115,79,381251,168474,176602,34187,1988,5,0,0,5116,4058,1058,0,408,61,55,6,2,0,13080,7062,572,572,212,25,84,0,0,0,0,0,26,0,9,0,0,0,6,2,0,0,0,0,0,2,0,0,0,0,0,0,10,2,0,0,8,4,3,0,0,0,0,138,56244,0,0,0,0,35,37,12,1,1,7,0,2,0,Flareon
1-30,11:32:10,NINTEN,Magneton,Rocket,25,Silph Co - 3F,3,27:21.64,27:21,0h27m21s,0,0,0,38,1:47,9.641,THUNDERBOLT,DOUBLE-EDGE,SonicBoom,REST,5,5205,418,56,6,245,230,113,13,13459,Flareon, ,Electric,Electric,58751,Magneton2,Magneton,,00:27:11.99,00:27:21.64,01:47:24.40,38,0,0,27,21,64,THUNDERBOLT,DOUBLE-EDGE,SonicBoom,REST,4,8,20,10,3,0,0,0,106,106,73,102,115,115,80,9489,13568,21102,7294,7294,12941,15,15,15,15,0,0,0,0,0,0,0,82,114,115,115,80,388640,171436,179278,35938,1988,5,0,0,5205,4147,1058,0,418,62,56,6,2,0,13507,7298,572,572,216,26,84,0,0,0,0,0,26,0,9,0,0,0,6,2,0,0,0,0,0,2,0,0,0,0,0,0,10,2,0,0,8,4,3,0,0,0,0,141,58626,0,0,0,0,37,37,12,1,1,7,0,2,0,Flareon
1-30,11:32:27,NINTEN,Magneton,Rocket,37,Silph Co - 9F,3,27:39.46,27:39,0h27m39s,0,0,0,39,1:48,9.444,THUNDERBOLT,DOUBLE-EDGE,SonicBoom,REST,5,5244,420,57,6,248,233,113,14,14299,Flareon, ,Electric,Electric,60431,Magneton2,Magneton,,00:27:30.02,00:27:39.46,01:48:34.45,39,0,0,27,39,46,THUNDERBOLT,DOUBLE-EDGE,SonicBoom,REST,1,8,20,10,3,0,0,0,109,109,74,104,118,118,82,9699,13776,21247,7459,7459,13043,15,15,15,15,0,0,0,0,0,0,0,83,117,118,118,82,392845,172927,181992,35938,1988,5,0,0,5244,4186,1058,0,420,63,57,6,2,0,14118,7542,572,572,219,26,84,0,0,0,0,0,27,0,9,0,0,0,6,2,0,0,0,0,0,2,0,0,0,0,0,0,10,2,0,0,8,4,3,0,0,0,0,144,60306,0,0,0,0,38,37,12,1,1,7,0,2,0,Flareon
1-30,11:32:46,NINTEN,Magneton,Rocket,38,Silph Co - 9F,3,27:57.87,27:57,0h27m57s,0,0,0,39,1:49,9.173,THUNDERBOLT,DOUBLE-EDGE,SonicBoom,REST,5,5281,428,58,6,251,236,113,15,15139,Flareon, ,Electric,Electric,63059,Magneton2,Magneton,,00:27:48.70,00:27:57.87,01:49:47.14,39,0,0,27,57,87,THUNDERBOLT,DOUBLE-EDGE,SonicBoom,REST,21,15,20,10,3,0,0,0,109,109,74,104,118,118,82,9919,13977,21432,7739,7739,13242,15,15,15,15,0,0,0,0,0,0,0,83,117,118,118,82,397194,174634,184634,35938,1988,5,0,0,5281,4223,1058,0,428,64,58,6,2,0,14579,7792,572,572,222,26,84,0,0,0,0,0,28,0,9,0,0,0,6,2,0,0,0,0,0,2,0,0,0,0,0,0,10,2,0,0,8,4,3,0,0,0,0,147,62934,0,0,0,0,39,37,12,1,1,7,0,2,0,Flareon
1-30,11:33:02,NINTEN,Magneton,Scientist,4,Silph Co - 3F,2,28:14.09,28:14,0h28m14s,0,0,0,40,1:50,10.453,THUNDERBOLT,DOUBLE-EDGE,SonicBoom,REST,5,5318,436,59,6,254,239,115,15,15979,Flareon, ,Electric,Electric,65064,Magneton2,Magneton,,00:28:03.64,00:28:14.09,01:50:51.17,40,0,0,28,14,9,THUNDERBOLT,DOUBLE-EDGE,SonicBoom,REST,20,13,20,10,3,0,0,0,93,112,76,107,121,121,84,10044,14117,21622,7904,7904,13442,15,15,15,15,0,-2,0,0,0,0,0,85,59,121,121,84,401037,175591,187520,35938,1988,5,0,0,5318,4260,1058,0,436,65,59,6,2,0,14783,7951,591,591,225,26,86,0,0,0,0,0,28,0,9,0,0,0,6,2,0,0,0,0,0,2,0,0,0,0,0,0,10,2,0,0,8,4,3,0,0,0,0,149,64939,0,0,0,0,39,37,12,1,1,7,0,2,0,Flareon
1-30,11:34:46,NINTEN,Magneton,Rival5-Silph,6,Silph Co - 7F,5,29:57.91,29:57,0h29m57s,0,0,0,41,1:57,86.737,THUNDERBOLT,DOUBLE-EDGE,SonicBoom,REST,6,5330,437,60,6,297,264,150,14,17429,Flareon, ,Electric,Electric,71971,Magneton2,Magneton,Rival (Silph Co.),00:28:31.18,00:29:57.91,01:57:42.52,41,0,0,29,57,91,THUNDERBOLT,DOUBLE-EDGE,SonicBoom,REST,10,6,19,3,3,0,0,0,80,114,78,110,124,124,86,10324,14537,22097,8394,8394,13817,15,15,15,15,0,0,0,0,0,-2,0,48,138,124,124,86,425732,176599,208578,38567,1988,6,0,0,5330,4272,1058,0,437,66,60,6,2,0,15533,8422,1197,1197,236,38,115,0,0,0,0,0,29,0,14,0,0,2,6,2,0,1,0,0,0,3,0,0,0,0,4,2,10,2,0,0,8,4,10,0,0,0,0,154,71846,0,0,0,0,39,37,12,1,1,7,0,2,0,Flareon
1-30,11:35:06,NINTEN,Magneton,Rocket,45,Silph Co - 11F,3,30:18.20,30:18,0h30m18s,0,0,0,42,1:59,9.458,THUNDERBOLT,DOUBLE-EDGE,SonicBoom,REST,6,5338,437,61,6,300,267,150,13,20029,Flareon, ,Electric,Electric,74553,Magneton2,Magneton,,00:30:08.74,00:30:18.20,01:59:02.42,42,0,0,30,18,20,THUNDERBOLT,DOUBLE-EDGE,SonicBoom,REST,7,6,19,3,3,0,0,0,117,117,80,112,128,128,88,10489,14757,22321,8584,8584,14047,15,15,15,15,0,0,0,0,0,0,0,90,126,128,128,88,430522,177976,211347,39211,1988,6,0,0,5338,4280,1058,0,437,67,61,6,2,0,16019,8661,1197,1197,239,38,115,0,0,0,0,0,30,0,14,0,0,2,6,2,0,1,0,0,0,3,0,0,0,0,4,2,10,2,0,0,8,4,10,0,0,0,0,157,74428,0,0,0,0,39,37,12,1,1,7,0,2,0,Flareon
1-30,11:35:46,NINTEN,Magneton,Giovanni-Silph,2,Silph Co - 11F,4,30:58.31,30:58,0h30m58s,0,0,0,42,2:01,29.594,THUNDERBOLT,DOUBLE-EDGE,SonicBoom,REST,7,5355,438,62,6,314,279,159,13,20959,Flareon, ,Electric,Electric,79370,Magneton2,Magneton,Giovanni (Silph),00:30:28.71,00:30:58.31,02:01:41.27,42,0,0,30,58,31,THUNDERBOLT,DOUBLE-EDGE,SonicBoom,REST,5,3,13,2,3,0,0,0,46,117,80,112,128,128,88,10785,15066,22620,8809,8809,14328,15,15,15,15,0,-2,0,0,0,0,0,113,63,128,128,88,440047,179299,218861,39899,1988,7,0,0,5355,4297,1058,0,438,68,62,6,2,0,16511,9098,1343,1343,250,38,124,0,0,0,0,0,30,0,15,0,0,2,6,2,0,1,0,0,0,3,0,0,0,0,4,2,10,2,0,0,8,4,11,0,0,0,0,161,79245,0,0,0,0,39,37,12,1,1,7,0,2,0,Flareon
1-30,11:36:20,NINTEN,Magneton,Juggler,3,Fuchsia City - Gym,4,31:32.26,31:32,0h31m32s,0,0,0,43,2:03,14.624,THUNDERBOLT,DOUBLE-EDGE,SonicBoom,REST,7,5395,444,63,6,319,284,160,13,25018,Flareon, ,Electric,Electric,82361,Magneton2,Magneton,,00:31:17.63,00:31:32.26,02:03:55.06,43,0,0,31,32,26,THUNDERBOLT,DOUBLE-EDGE,SonicBoom,REST,21,13,20,10,3,0,0,0,92,120,82,115,130,130,91,11005,15245,22785,9199,9199,14559,15,15,15,15,0,0,0,0,0,0,0,92,129,130,130,91,448066,182483,222826,40769,1988,7,0,0,5395,4337,1058,0,444,69,63,6,2,0,17043,9417,1371,1371,255,38,125,0,0,0,0,0,31,0,15,0,0,2,6,2,0,1,0,0,0,3,0,0,0,0,4,2,10,2,0,0,8,4,11,0,0,0,0,165,82236,0,0,0,0,39,37,12,1,1,7,0,2,0,Flareon
1-30,11:36:40,NINTEN,Magneton,Tamer,2,Fuchsia City - Gym,3,31:52.27,31:52,0h31m52s,0,0,0,44,2:05,13.798,THUNDERBOLT,DOUBLE-EDGE,SonicBoom,REST,8,5402,447,64,6,324,289,162,13,26103,Flareon, ,Electric,Electric,85591,Magneton2,Magneton,,00:31:38.48,00:31:52.27,02:05:14.14,44,0,0,31,52,27,THUNDERBOLT,DOUBLE-EDGE,SonicBoom,REST,19,10,20,10,3,0,0,0,42,122,84,118,134,134,93,11200,15515,23033,9384,9384,14784,15,15,15,15,0,0,0,0,0,0,0,94,132,134,134,93,452814,182885,226589,41352,1988,8,0,0,5402,4344,1058,0,447,70,64,6,2,0,17405,9688,1423,1423,260,38,127,0,0,0,0,0,31,0,17,0,0,2,6,2,0,1,0,0,0,3,0,0,0,0,4,2,10,2,0,0,8,4,11,0,0,0,0,168,85466,0,0,0,0,39,37,12,1,1,7,0,2,0,Flareon
1-30,11:37:10,NINTEN,Magneton,Tamer,1,Fuchsia City - Gym,2,32:22.26,32:22,0h32m22s,0,0,0,44,2:07,10.401,THUNDERBOLT,DOUBLE-EDGE,SonicBoom,REST,9,5497,453,65,6,328,293,164,13,27423,Flareon, ,Electric,Electric,87848,Magneton2,Magneton,,00:32:11.86,00:32:22.26,02:07:12.43,44,0,0,32,22,26,THUNDERBOLT,DOUBLE-EDGE,SonicBoom,REST,23,12,20,10,3,0,0,0,71,122,84,118,134,134,93,11335,15700,23212,9504,9504,14929,15,15,15,15,0,0,0,0,0,0,0,94,132,134,134,93,459923,186166,229531,42238,1988,9,0,0,5497,4439,1058,0,453,71,65,6,2,0,17648,9878,1474,1474,264,38,129,0,0,0,0,0,31,0,18,0,0,2,6,2,0,1,0,0,0,3,0,0,0,0,4,2,10,2,0,0,8,4,11,0,0,0,0,170,87723,0,0,0,0,39,37,12,1,1,7,0,2,0,Flareon
1-30,11:37:22,NINTEN,Magneton,Juggler,4,Fuchsia City - Gym,2,32:34.36,32:34,0h32m34s,0,0,0,44,2:08,8.806,THUNDERBOLT,DOUBLE-EDGE,SonicBoom,REST,9,5500,453,66,6,331,296,165,13,28783,Flareon, ,Electric,Electric,89791,Magneton2,Magneton,,00:32:25.55,00:32:34.36,02:08:00.23,44,0,0,32,34,36,THUNDERBOLT,DOUBLE-EDGE,SonicBoom,REST,20,12,20,10,3,0,0,0,56,122,84,118,134,134,93,11480,15821,23327,9709,9709,15038,15,15,15,15,0,0,0,0,0,0,0,94,132,134,134,93,462783,186457,232100,42238,1988,9,0,0,5500,4442,1058,0,453,72,66,6,2,0,18055,10075,1489,1489,267,38,130,0,0,0,0,0,33,0,18,0,0,2,7,2,0,1,0,0,0,3,0,0,0,0,4,2,10,2,0,0,9,4,11,0,0,0,0,172,89666,0,0,0,0,39,37,12,1,1,7,0,2,0,Flareon
1-30,11:37:48,NINTEN,Magneton,Koga,1,Fuchsia City - Gym,4,33:00.30,33:00,0h33m0s,0,0,0,45,2:09,16.123,THUNDERBOLT,DOUBLE-EDGE,SonicBoom,REST,10,5505,454,67,6,337,302,167,12,29973,Flareon,Poisoned,Electric,Electric,93483,Magneton2,Magneton,Koga,00:32:44.17,00:33:00.30,02:09:42.47,45,0,0,33,0,30,THUNDERBOLT,DOUBLE-EDGE,SonicBoom,REST,14,12,20,10,3,0,0,0,96,125,86,121,137,137,95,11730,16051,23537,9919,9919,15263,15,15,15,15,0,0,0,0,0,0,0,96,136,137,137,95,468927,187010,236388,43541,1988,10,0,0,5505,4447,1058,0,454,73,67,6,2,0,18838,10571,1518,1518,273,38,132,0,0,0,0,0,34,0,18,0,0,2,8,2,0,1,0,0,0,3,0,1,0,0,4,2,10,2,0,0,9,4,11,0,0,0,0,176,93358,0,0,0,0,39,37,12,1,1,7,0,2,0,Flareon
1-30,11:38:48,NINTEN,Magneton,Cooltrainer F,1,Celadon City - Gym,3,33:59.94,33:59,0h33m59s,0,0,0,45,2:13,9.63,THUNDERBOLT,DOUBLE-EDGE,SonicBoom,REST,11,5718,492,68,6,340,305,167,13,34923,Flareon, ,Electric,Electric,95660,Magneton2,Magneton,,00:33:50.30,00:33:59.94,02:13:38.07,45,0,0,33,59,94,THUNDERBOLT,DOUBLE-EDGE,SonicBoom,REST,24,12,20,10,3,0,0,0,76,125,86,121,137,137,95,11915,16268,23720,10169,10169,15418,15,15,15,15,0,0,0,0,0,0,0,96,136,137,137,106,483047,194683,239245,47131,1988,11,0,0,5718,4660,1058,0,492,74,68,6,2,0,19197,10772,1567,1567,276,38,132,0,0,0,0,0,35,0,18,0,0,2,8,2,0,1,0,0,0,3,0,1,0,0,4,2,10,2,0,0,9,4,11,0,0,0,0,179,95535,0,0,0,0,39,37,12,1,1,8,0,2,0,Flareon
1-30,11:39:21,NINTEN,Magneton,Erika,1,Celadon City - Gym,3,34:33.54,34:33,0h34m33s,0,0,0,46,2:15,23.017,THUNDERBOLT,DOUBLE-EDGE,SonicBoom,REST,12,5721,492,69,6,348,311,172,13,35763,Flareon, ,Electric,Electric,98665,Magneton2,Magneton,Erika,00:34:10.52,00:34:33.54,02:15:51.01,46,0,0,34,33,54,THUNDERBOLT,DOUBLE-EDGE,SonicBoom,REST,24,7,20,9,3,0,0,0,30,128,88,123,140,140,97,12105,16478,23955,10439,10439,15573,15,15,15,15,0,-1,0,0,0,0,0,99,91,140,140,109,491021,195712,245196,48125,1988,12,0,0,5721,4663,1058,0,492,75,69,6,2,0,19517,11028,1687,1687,281,38,137,0,0,0,0,0,35,0,20,0,0,2,8,2,0,1,0,0,0,3,0,1,0,0,4,2,10,2,0,0,9,4,12,0,0,0,0,182,98540,0,0,0,0,39,37,12,1,1,8,0,2,0,Flareon
1-30,11:39:55,NINTEN,Magneton,Fisher,7,Route 21,4,35:07.01,35:07,0h35m7s,0,0,0,46,2:18,11.471,THUNDERBOLT,DOUBLE-EDGE,SonicBoom,REST,12,5791,500,70,6,352,315,172,14,38931,Flareon, ,Electric,Electric,102391,Magneton2,Magneton,,00:34:55.54,00:35:07.01,02:18:02.37,46,0,0,35,7,1,THUNDERBOLT,DOUBLE-EDGE,SonicBoom,REST,20,15,20,10,3,0,0,0,128,128,88,123,140,140,97,12390,16821,24210,10729,10729,15840,15,15,15,15,0,0,0,0,0,0,0,99,138,140,140,109,498917,198859,248513,49557,1988,12,0,0,5791,4704,1058,29,500,76,70,6,2,0,20771,11356,1687,1687,285,38,137,0,0,0,0,0,35,0,20,0,0,2,8,2,0,1,0,0,0,3,0,1,0,0,4,2,10,2,0,0,9,4,12,0,0,0,0,186,102266,0,0,0,0,39,37,12,1,1,8,0,2,0,Flareon
1-30,11:40:09,NINTEN,Magneton,Cue Ball,9,Route 21,3,35:21.50,35:21,0h35m21s,0,0,0,47,2:18,9.784,THUNDERBOLT,DOUBLE-EDGE,SonicBoom,REST,12,5810,500,71,6,355,318,172,14,39911,Flareon, ,Electric,Electric,105145,Magneton2,Magneton,,00:35:11.71,00:35:21.50,02:18:59.45,47,0,0,35,21,50,THUNDERBOLT,DOUBLE-EDGE,SonicBoom,REST,17,15,20,10,3,0,0,0,131,131,90,126,144,144,99,12550,16971,24345,11049,11049,16080,15,15,15,15,0,0,0,0,0,0,0,101,141,144,144,111,502345,199482,251318,49557,1988,12,0,0,5810,4704,1058,48,500,77,71,6,2,0,21385,11591,1687,1687,288,38,137,0,0,0,0,0,35,0,20,0,0,2,8,2,0,1,0,0,0,3,0,1,0,0,4,2,10,2,0,0,9,4,12,0,0,0,0,189,105020,0,0,0,0,39,37,12,1,1,8,0,2,0,Flareon
1-30,11:40:19,NINTEN,Magneton,Swimmer,12,Route 21,2,35:31.07,35:31,0h35m31s,0,0,0,47,2:19,6.609,THUNDERBOLT,DOUBLE-EDGE,SonicBoom,REST,12,5816,501,72,6,357,320,172,14,40686,Flareon, ,Electric,Electric,107689,Magneton2,Magneton,,00:35:24.46,00:35:31.07,02:19:37.23,47,0,0,35,31,7,THUNDERBOLT,DOUBLE-EDGE,SonicBoom,REST,15,15,20,10,3,0,0,0,131,131,90,126,144,144,99,12685,17106,24505,11264,11264,16265,15,15,15,15,0,0,0,0,0,0,0,101,141,144,144,111,504603,199689,253369,49557,1988,12,0,0,5816,4704,1058,54,501,78,72,6,2,0,21783,11776,1687,1687,290,38,137,0,0,0,0,0,35,0,20,0,0,2,8,2,0,1,0,0,0,3,0,1,0,0,4,2,10,2,0,0,9,4,12,0,0,0,0,191,107564,0,0,0,0,39,37,12,1,1,8,0,2,0,Flareon
1-30,11:40:31,NINTEN,Magneton,Fisher,10,Route 21,2,35:43.30,35:43,0h35m43s,0,0,0,47,2:20,6.625,THUNDERBOLT,DOUBLE-EDGE,SonicBoom,REST,12,5853,501,73,6,359,322,172,14,40851,Flareon, ,Electric,Electric,109674,Magneton2,Magneton,,00:35:36.68,00:35:43.30,02:20:25.38,47,0,0,35,43,30,THUNDERBOLT,DOUBLE-EDGE,SonicBoom,REST,13,15,20,10,3,0,0,0,131,131,90,126,144,144,99,12810,17265,24630,11394,11394,16396,15,15,15,15,0,0,0,0,0,0,0,101,141,144,144,111,507498,200544,255409,49557,1988,12,0,0,5853,4704,1058,91,501,79,73,6,2,0,22364,11954,1687,1687,292,38,137,0,0,0,0,0,35,0,20,0,0,2,8,2,0,1,0,0,0,3,0,1,0,0,4,2,10,2,0,0,9,4,12,0,0,0,0,193,109549,0,0,0,0,39,37,12,1,1,8,0,2,0,Flareon
1-30,11:40:40,NINTEN,Magneton,Swimmer,13,Route 21,1,35:52.29,35:52,0h35m52s,0,0,0,48,2:21,5.06,THUNDERBOLT,DOUBLE-EDGE,SonicBoom,REST,12,5864,502,74,6,360,323,172,14,42006,Flareon, ,Electric,Electric,111315,Magneton2,Magneton,,00:35:47.23,00:35:52.29,02:21:01.04,48,0,0,35,52,29,THUNDERBOLT,DOUBLE-EDGE,SonicBoom,REST,12,15,20,10,3,0,0,0,133,133,92,129,147,147,101,12870,17340,24715,11494,11494,16511,15,15,15,15,0,0,0,0,0,0,0,103,145,147,147,113,509624,200968,257111,49557,1988,12,0,0,5864,4704,1058,102,502,80,74,6,2,0,22542,12051,1687,1687,293,38,137,0,0,0,0,0,35,0,20,0,0,2,8,2,0,1,0,0,0,3,0,1,0,0,4,2,10,2,0,0,9,4,12,0,0,0,0,194,111190,0,0,0,0,39,37,12,1,1,8,0,2,0,Flareon
1-30,11:40:51,NINTEN,Magneton,Swimmer,14,Route 21,2,36:03.05,36:03,0h36m3s,0,0,0,48,2:21,6.659,THUNDERBOLT,DOUBLE-EDGE,SonicBoom,REST,12,5879,502,75,6,362,325,172,14,42191,Flareon, ,Electric,Electric,113074,Magneton2,Magneton,,00:35:56.39,00:36:03.05,02:21:43.27,48,0,0,36,3,5,THUNDERBOLT,DOUBLE-EDGE,SonicBoom,REST,10,15,20,10,3,0,0,0,133,133,92,129,147,147,101,12959,17448,24850,11629,11629,16654,15,15,15,15,0,0,0,0,0,0,0,103,145,147,147,113,512167,201451,259171,49557,1988,12,0,0,5879,4704,1058,117,502,81,75,6,2,0,23145,12206,1687,1687,295,38,137,0,0,0,0,0,35,0,20,0,0,2,8,2,0,1,0,0,0,3,0,1,0,0,4,2,10,2,0,0,9,4,12,0,0,0,0,196,112949,0,0,0,0,39,37,12,1,1,8,0,2,0,Flareon
1-30,11:42:40,NINTEN,Magneton,Blaine,1,Cinnabar Island - Gym,3,37:52.00,37:52,0h37m52s,0,0,0,49,2:28,16.842,THUNDERBOLT,DOUBLE-EDGE,SWIFT,REST,14,6331,553,76,6,370,332,177,14,42356,Flareon, ,Electric,Electric,119424,Magneton2,Magneton,Blaine,00:37:35.16,00:37:52.00,02:28:53.53,49,0,0,37,52,0,THUNDERBOLT,DOUBLE-EDGE,SWIFT,REST,3,15,20,10,3,0,0,0,113,136,94,132,152,152,105,13187,17734,27635,14449,14449,19514,15,15,15,15,-1,0,0,0,0,0,0,69,148,152,152,118,537993,216606,263624,55775,1988,14,0,0,6331,5137,1058,136,553,82,76,6,2,0,23814,12643,1710,1710,302,39,141,0,0,0,0,0,36,0,20,0,0,3,8,2,0,1,0,0,0,3,0,1,0,0,5,3,10,2,0,0,9,4,12,0,0,0,0,199,119299,0,0,0,0,45,37,12,1,1,9,0,2,0,Flareon
1-30,11:44:03,NINTEN,Magneton,Psychic,3,Saffron City - Gym,3,39:14.75,39:14,0h39m14s,0,0,0,49,2:34,8.938,THUNDERBOLT,DOUBLE-EDGE,SWIFT,REST,14,6795,593,77,7,373,335,177,15,47702,Flareon, ,Electric,Electric,121981,Magneton2,Magneton,,00:39:05.81,00:39:14.75,02:34:19.09,49,0,0,39,14,75,THUNDERBOLT,DOUBLE-EDGE,SWIFT,REST,21,15,20,10,3,0,0,0,136,136,94,132,152,152,105,13462,17939,27875,14609,14609,19574,15,15,15,15,0,0,0,0,0,0,0,105,148,171,171,118,557509,229365,267095,59061,1988,14,0,0,6795,5429,1203,163,593,84,77,7,3,0,25384,12967,1710,1710,305,39,141,0,0,0,0,0,37,0,20,0,0,3,8,2,0,1,0,0,0,3,0,1,0,0,5,3,10,2,0,0,9,4,12,0,0,0,0,202,121856,0,0,0,0,46,37,12,1,1,9,0,2,0,Flareon
1-30,11:44:13,NINTEN,Magneton,Psychic,4,Saffron City - Gym,1,39:25.29,39:25,0h39m25s,0,0,0,49,2:35,4.341,THUNDERBOLT,DOUBLE-EDGE,SWIFT,REST,14,6807,599,78,7,374,336,177,15,48032,Flareon, ,Electric,Electric,123316,Magneton2,Magneton,,00:39:20.95,00:39:25.29,02:35:00.27,49,0,0,39,25,29,THUNDERBOLT,DOUBLE-EDGE,SWIFT,REST,20,15,20,10,3,0,0,0,136,136,94,132,152,152,105,13557,18014,27985,14689,14689,19604,15,15,15,15,0,0,0,0,0,0,0,105,148,171,171,118,559987,230324,268614,59061,1988,14,0,0,6807,5441,1203,163,599,85,78,7,3,0,25634,13093,1710,1710,306,39,141,0,0,0,0,0,37,0,20,0,0,3,8,2,0,1,0,0,0,3,0,1,0,0,5,3,10,2,0,0,9,4,12,0,0,0,0,203,123191,0,0,0,0,46,37,12,1,1,9,0,2,0,Flareon
1-30,11:44:50,NINTEN,Magneton,Sabrina,1,Saffron City - Gym,3,40:01.84,40:01,0h40m1s,0,0,0,50,2:37,29.012,THUNDERBOLT,DOUBLE-EDGE,SWIFT,REST,15,6818,600,79,7,387,347,186,15,48412,Flareon, ,Electric,Electric,127641,Magneton2,Magneton,Sabrina,00:39:32.82,00:40:01.84,02:37:25.02,50,0,0,40,1,84,THUNDERBOLT,DOUBLE-EDGE,SWIFT,REST,14,14,17,9,3,0,0,0,139,139,96,136,155,155,107,13677,18119,28075,15049,15049,19919,15,15,15,15,0,0,-1,-1,0,0,0,121,172,114,114,135,568662,231109,275983,59582,1988,15,0,0,6818,5452,1203,163,600,86,79,7,3,0,26178,13595,1835,1835,313,41,144,0,0,0,0,0,37,0,20,0,0,3,8,2,0,1,0,0,0,3,0,1,0,0,5,3,10,2,0,0,9,4,13,0,0,0,0,206,127516,0,0,0,0,46,37,12,1,1,9,0,2,0,Flareon
1-30,11:45:29,NINTEN,Magneton,Cooltrainer M,10,Viridian City - Gym,1,40:41.36,40:41,0h40m41s,0,0,0,50,2:40,15.947,THUNDERBOLT,DOUBLE-EDGE,SWIFT,REST,15,6897,603,80,7,393,353,189,16,53362,Flareon, ,Electric,Electric,128884,Magneton2,Magneton,,00:40:25.41,00:40:41.36,02:40:01.07,50,0,0,40,41,36,THUNDERBOLT,DOUBLE-EDGE,SWIFT,REST,24,10,19,10,3,0,0,0,45,139,96,136,155,155,107,13757,18204,28170,15079,15079,19944,15,15,15,15,0,-1,0,0,0,0,0,121,100,195,195,135,578027,235340,280456,60243,1988,15,0,0,6897,5531,1203,163,603,87,80,7,3,0,26319,13723,1929,1929,318,41,147,0,0,0,0,0,37,0,20,0,0,3,8,2,0,1,0,0,0,3,0,1,0,0,5,3,10,2,0,0,9,4,13,0,0,0,0,207,128759,0,0,0,0,46,37,12,1,1,9,0,2,0,Flareon
1-30,11:45:42,NINTEN,Magneton,Blackbelt,8,Viridian City - Gym,3,40:54.33,40:54,0h40m54s,0,0,0,50,2:40,8.698,THUNDERBOLT,DOUBLE-EDGE,SWIFT,REST,15,6905,612,81,7,396,356,189,16,54867,Flareon, ,Electric,Electric,131975,Magneton2,Magneton,,00:40:45.62,00:40:54.33,02:40:52.09,50,0,0,40,54,33,THUNDERBOLT,DOUBLE-EDGE,SWIFT,REST,21,10,19,10,3,0,0,0,45,139,96,136,155,155,107,13987,18484,28360,15214,15214,20069,15,15,15,15,0,0,0,0,0,0,0,108,153,174,174,120,581089,235844,283014,60243,1988,15,0,0,6905,5539,1203,163,612,88,81,7,3,0,27017,14058,1929,1929,321,41,147,0,0,0,0,0,37,0,20,0,0,3,8,2,0,1,0,0,0,3,0,1,0,0,5,3,10,2,0,0,9,4,13,0,0,0,0,210,131850,0,0,0,0,46,37,12,1,1,9,0,2,0,Flareon
1-30,11:45:54,NINTEN,Magneton,Blackbelt,6,Viridian City - Gym,2,41:05.74,41:05,0h41m5s,0,0,0,51,2:41,7.425,THUNDERBOLT,DOUBLE-EDGE,SWIFT,REST,15,6922,618,82,7,398,358,189,16,55817,Flareon, ,Electric,Electric,133979,Magneton2,Magneton,,00:40:58.32,00:41:05.74,02:41:37.10,51,0,0,41,5,74,THUNDERBOLT,DOUBLE-EDGE,SWIFT,REST,19,10,19,10,3,0,0,0,48,142,98,138,158,158,109,14137,18664,28480,15299,15299,20149,15,15,15,15,0,0,0,0,0,0,0,110,155,177,177,122,583790,236303,285256,60243,1988,15,0,0,6922,5556,1203,163,618,89,82,7,3,0,27666,14290,1929,1929,323,41,147,0,0,0,0,0,38,0,20,0,0,3,8,2,0,1,0,0,0,3,0,1,0,0,5,3,10,2,0,0,9,4,13,0,0,0,0,212,133854,0,0,0,0,46,37,12,1,1,9,0,2,0,Flareon
1-30,11:48:32,NINTEN,Magneton,Giovanni,3,Viridian City - Gym,5,43:44.03,43:44,0h43m44s,1,0,1,61,2:49,49.21,THUNDERBOLT,DOUBLE-EDGE,MIMIC,REST,16,7111,639,83,7,422,378,205,15,55817,Flareon, ,Electric,Electric,237202,Magneton2,Magneton,Giovanni,00:42:54.82,00:43:44.03,02:49:03.11,61,1,0,43,44,3,THUNDERBOLT,DOUBLE-EDGE,MIMIC,REST,23,5,3,8,3,0,0,0,80,167,117,164,188,188,130,14513,19118,28874,15629,15629,20585,15,15,15,15,0,0,0,0,0,0,6,263,370,425,425,293,610556,243591,297449,67370,2146,16,1,0,7111,5745,1203,163,639,90,83,7,3,0,28760,15050,2157,2157,335,54,150,0,0,0,0,0,42,0,21,0,0,3,8,2,0,1,0,0,0,3,0,1,0,0,5,3,10,2,0,0,9,4,15,0,0,0,0,217,144075,0,0,0,0,46,38,12,1,1,10,0,2,1,Flareon
1-30,11:49:31,NINTEN,Magneton,Rival6-Route 22,9,Route 22,6,44:42.94,44:42,0h44m42s,1,0,1,62,2:52,32.513,THUNDERBOLT,DOUBLE-EDGE,MIMIC,REST,17,7250,648,84,7,434,390,210,16,61262,Flareon,Poisoned,Electric,Electric,247166,Magneton2,Magneton,Rival (Final),00:44:10.43,00:44:42.94,02:52:56.24,62,1,0,44,42,94,THUNDERBOLT,DOUBLE-EDGE,MIMIC,REST,21,15,1,10,3,0,0,0,111,171,119,167,191,191,132,14853,19578,29429,16179,16179,21000,15,15,15,15,0,0,0,0,0,0,0,133,187,214,214,148,624549,248589,305898,67916,2146,17,1,0,7250,5884,1203,163,648,91,84,7,3,0,30101,15787,2217,2217,347,54,153,0,0,0,0,0,50,0,21,0,0,3,8,2,0,1,0,0,0,4,0,1,0,0,5,3,10,2,0,0,9,4,15,0,0,0,0,223,154039,0,0,0,0,46,38,12,1,1,10,0,2,1,Flareon
1-30,11:50:49,NINTEN,Magneton,Cooltrainer M,5,Victory Road,4,46:01.40,46:01,0h46m1s,1,0,1,63,2:58,14.17,THUNDERBOLT,DOUBLE-EDGE,MIMIC,REST,17,7596,737,85,7,439,395,210,16,64707,Flareon, ,Electric,Electric,252881,Magneton2,Magneton,,00:45:47.23,00:46:01.40,02:58:07.18,63,1,0,46,1,40,THUNDERBOLT,DOUBLE-EDGE,MIMIC,REST,16,15,1,10,3,0,0,0,113,173,121,170,195,195,134,15108,19851,29708,16474,16474,21298,15,15,15,15,0,0,0,0,0,0,0,136,191,219,219,150,643203,261645,309682,69730,2146,17,1,0,7596,6048,1348,200,737,92,85,7,3,0,31363,16235,2217,2217,352,54,153,0,0,0,0,0,50,0,21,0,0,3,9,2,0,1,0,0,0,4,0,1,0,0,5,3,10,2,0,0,10,5,15,0,0,0,0,227,159754,0,0,0,0,47,38,12,1,1,10,0,2,1,Flareon
1-30,11:52:24,NINTEN,Magneton,Lorelei,1,Lorelei's Room,5,47:35.91,47:35,0h47m35s,1,0,1,64,3:04,17.205,THUNDERBOLT,DOUBLE-EDGE,MIMIC,REST,18,7954,834,86,8,444,400,210,16,51177,Flareon, ,Electric,Electric,263390,Magneton2,Magneton,Lorelei,00:47:18.71,00:47:35.91,03:04:21.17,64,1,0,47,35,91,THUNDERBOLT,DOUBLE-EDGE,MIMIC,REST,20,14,10,10,3,0,0,0,141,177,123,173,198,198,137,15538,20226,30193,16924,16924,21623,15,15,15,15,0,0,0,0,0,0,0,138,194,222,222,154,665642,276006,315110,72380,2146,18,1,0,7954,6085,1669,200,834,94,86,8,4,0,32957,17070,2253,2253,357,54,153,0,0,0,0,0,52,0,21,0,0,3,9,2,0,1,0,0,0,4,0,1,0,0,5,3,10,2,0,0,10,5,15,0,0,0,0,232,170263,0,0,0,0,47,43,12,1,1,10,0,2,1,Flareon
1-30,11:52:57,NINTEN,Magneton,Bruno,1,Bruno's Room,5,48:08.63,48:08,0h48m8s,1,0,1,64,3:06,24.242,THUNDERBOLT,DOUBLE-EDGE,MIMIC,REST,19,7965,836,87,8,456,408,214,16,56721,Flareon, ,Electric,Electric,271597,Magneton2,Magneton,Bruno,00:47:44.39,00:48:08.63,03:06:30.37,64,1,0,48,8,63,THUNDERBOLT,DOUBLE-EDGE,MIMIC,REST,17,14,5,10,3,0,0,0,122,177,123,173,198,198,137,15798,20671,30725,17119,17119,21981,15,15,15,15,0,0,0,0,0,0,0,138,194,222,222,154,673402,276979,321354,72923,2146,19,1,0,7965,6096,1669,200,836,95,87,8,4,0,34100,17729,2272,2272,365,57,154,0,0,0,0,0,53,0,21,0,0,3,9,2,0,1,0,0,0,4,0,1,0,0,5,3,10,2,0,0,10,5,15,0,0,0,0,237,178470,0,0,0,0,47,43,12,1,1,10,0,2,1,Flareon
1-30,11:53:45,NINTEN,Magneton,Agatha,1,Agatha's Room,5,48:56.83,48:56,0h48m56s,1,0,1,65,3:09,33.725,THUNDERBOLT,DOUBLE-EDGE,MIMIC,REST,20,7978,837,88,8,471,419,224,16,62463,Flareon, ,Electric,Electric,281683,Magneton2,Magneton,Agatha,00:48:23.11,00:48:56.83,03:09:40.52,65,1,0,48,56,83,THUNDERBOLT,DOUBLE-EDGE,MIMIC,REST,15,15,8,10,3,0,0,0,108,179,125,176,201,201,139,16098,21016,31029,17634,17634,22466,15,15,15,15,0,0,0,0,0,0,0,140,198,226,226,156,684817,278038,329851,74782,2146,20,1,0,7978,6109,1669,200,837,96,88,8,4,0,35426,18362,2336,2299,375,61,157,0,0,0,0,0,54,0,22,0,0,3,9,2,0,1,0,0,0,4,0,1,0,0,5,3,10,2,0,0,10,5,18,0,0,0,0,242,188556,0,0,0,0,47,43,12,1,1,10,0,2,1,Flareon
1-30,11:54:23,NINTEN,Magneton,Lance,1,Lance's Room,5,49:35.15,49:35,0h49m35s,1,0,1,66,3:12,23.656,THUNDERBOLT,DOUBLE-EDGE,MIMIC,REST,21,8028,839,89,8,478,426,227,16,68403,Flareon, ,Electric,Electric,293289,Magneton2,Magneton,Lance,00:49:11.49,00:49:35.15,03:12:12.08,66,1,0,49,35,15,THUNDERBOLT,DOUBLE-EDGE,MIMIC,REST,21,15,6,10,3,0,0,0,45,182,127,179,204,204,141,16486,21548,31398,18034,18034,22897,15,15,15,15,0,0,0,0,0,0,0,142,201,229,229,158,693893,279814,335910,76023,2146,21,1,0,8028,6159,1669,200,839,97,89,8,4,0,36926,19204,2473,2436,382,61,159,0,0,0,0,0,54,0,23,0,0,3,10,2,0,1,0,0,0,4,0,1,0,0,5,3,10,2,0,0,11,5,18,0,0,0,0,247,200162,0,0,0,0,47,43,12,1,1,10,0,2,1,Flareon
1-30,11:56:44,NINTEN,Magneton,Champion,2,Champions Room,6,51:56.31,51:56,0h51m56s,2,0,2,68,3:19,82.611,THUNDERBOLT,TOXIC,REFLECT,REST,22,8036,839,90,8,499,441,244,13,74541,Flareon, ,Electric,Electric,315614,Magneton2,Magneton,Champion,00:50:33.70,00:51:56.31,03:19:39.17,68,2,0,51,56,31,THUNDERBOLT,TOXIC,REFLECT,REST,15,8,19,7,3,0,0,0,107,188,132,184,211,211,146,16876,22078,31973,18664,18664,23342,15,15,15,15,0,0,0,0,0,0,0,148,207,237,237,164,720727,281449,356147,80828,2303,22,2,0,8036,6167,1669,200,839,98,90,8,4,0,38341,20350,2930,2893,394,64,170,0,0,0,0,0,55,0,23,0,0,3,10,2,0,1,0,0,0,4,2,1,0,0,5,3,10,2,0,0,11,5,21,0,0,0,0,253,215013,0,0,0,0,47,43,12,1,1,12,0,2,2,Flareon
1-30,11:57:07,NINTEN,Magneton,Champion,2,Hall of Fame,6,51:56.32,51:56,0h51m56s,2,0,2,68,3:21,104.929,THUNDERBOLT,TOXIC,REFLECT,REST,22,8045,840,90,8,499,441,244,13,80976,Flareon, ,Electric,Electric,315614,Magneton2,Magneton,Champion,00:50:33.70,00:51:56.32,03:21:07.44,68,2,0,51,56,32,THUNDERBOLT,TOXIC,REFLECT,REST,15,8,19,7,3,0,0,0,107,188,132,184,211,211,146,16876,22078,31973,18664,18664,23342,15,15,15,15,0,0,0,0,0,0,0,148,207,237,237,164,726034,286291,356612,80828,2303,22,2,0,8045,6176,1669,200,840,98,90,8,4,0,38341,20350,2930,2893,394,64,170,0,0,0,0,0,55,0,23,0,0,3,10,2,0,1,0,0,0,4,2,1,0,0,5,3,10,2,0,0,11,5,21,0,0,0,0,253,215013,0,0,0,0,47,43,12,1,1,12,0,2,2,Flareon
3-13,10:44:38,NINTEN,Magneton,Rival1-Lab,1,Pallet Town - Oak's Lab,1,40.30,40,0h0m40s,0,0,0,6,0:02,6.564,SonicBoom,TACKLE,THUNDERSHOCK,,0,71,2,1,1,2,2,1,0,3000,Jolteon, ,Electric,Electric,222,Magneton2,Magneton,Rival (Lab),00:00:33.73,00:00:40.30,00:02:06.45,6,0,0,0,40,30,SonicBoom,TACKLE,THUNDERSHOCK,,19,35,29,0,0,0,0,0,20,23,14,18,21,21,15,55,55,50,65,65,55,15,15,15,15,0,0,0,0,0,0,0,14,18,21,21,15,9532,4779,2798,0,1955,0,0,0,71,71,0,0,2,2,1,1,0,0,27,21,3,3,2,0,1,0,0,0,0,0,0,0,0,0,0,0,0,0,0,0,0,0,0,0,0,0,0,0,0,0,0,0,0,0,0,0,0,0,0,0,0,1,97,0,0,0,0,0,0,0,0,0,0,0,2,0,Jolteon
3-13,10:46:10,NINTEN,Magneton,Bug Catcher,3,Viridian Forest,1,2:12.19,2:12,0h2m12s,0,0,0,6,0:08,5.322,SonicBoom,TACKLE,THUNDERSHOCK,,0,624,26,2,3,5,5,3,3,75,Flareon, ,Electric,Electric,334,Magneton2,Magneton,,00:02:06.87,00:02:12.19,00:08:09.50,6,0,0,2,12,19,SonicBoom,TACKLE,THUNDERSHOCK,,17,35,30,0,0,0,0,0,20,23,14,18,21,21,15,100,85,85,85,85,100,15,15,15,15,0,0,0,0,0,0,0,14,18,21,21,15,31317,22039,7323,0,1955,0,0,0,624,624,0,0,26,5,2,3,0,0,87,71,6,6,5,0,3,0,0,0,0,0,0,0,0,0,0,0,0,0,0,0,0,0,0,0,0,0,0,0,0,0,0,0,0,0,0,0,0,0,0,0,0,2,97,0,0,0,0,1,13,0,1,1,0,0,2,0,Flareon
3-13,10:46:32,NINTEN,Magneton,Brock,1,Pewter City - Gym,2,2:34.50,2:34,0h2m34s,0,0,0,9,0:09,10.19,SonicBoom,TACKLE,THUNDERSHOCK,,0,728,27,3,3,9,9,5,3,175,Flareon, ,Electric,Electric,794,Magneton2,Magneton,Brock,00:02:24.31,00:02:34.50,00:09:37.48,9,0,0,2,34,50,SonicBoom,TACKLE,THUNDERSHOCK,,13,35,30,0,0,0,0,0,22,30,18,25,29,29,20,175,210,345,145,145,190,15,15,15,15,0,0,0,0,0,0,0,18,25,29,29,20,36595,24411,10229,0,1955,0,0,0,728,728,0,0,27,6,3,3,0,0,167,132,11,11,9,0,4,0,0,0,0,0,0,0,0,0,0,0,0,0,0,0,0,0,0,0,0,0,0,0,0,0,0,0,0,0,0,0,0,0,0,0,0,4,669,0,0,0,0,1,13,0,1,1,0,0,2,0,Flareon
3-13,10:47:00,NINTEN,Magneton,Bug Catcher,4,Route 3,3,3:01.92,3:01,0h3m1s,0,0,0,10,0:11,14.428,THUNDERSHOCK,TACKLE,SonicBoom,,0,799,28,4,3,15,15,10,4,1363,Flareon, ,Electric,Electric,1129,Magneton2,Magneton,,00:02:47.49,00:03:01.92,00:11:26.11,10,0,0,3,1,92,THUNDERSHOCK,TACKLE,SonicBoom,,24,35,13,0,0,0,0,0,18,33,20,27,32,32,22,305,305,445,205,205,330,15,15,15,15,0,0,0,0,-1,0,0,22,27,32,32,14,43098,26481,14662,0,1955,0,0,0,799,799,0,0,28,7,4,3,0,0,281,221,18,18,15,1,8,0,0,0,0,0,0,0,0,0,0,0,0,0,0,0,0,0,0,0,0,0,0,0,0,0,0,0,0,0,0,0,0,0,0,0,0,7,1004,0,0,0,0,1,13,0,1,1,0,0,2,0,Flareon
3-13,10:47:13,NINTEN,Magneton,Youngster Ben,1,Route 3,2,3:15.53,3:15,0h3m15s,0,0,0,11,0:12,10.366,THUNDERSHOCK,TACKLE,SonicBoom,,0,803,28,5,3,19,19,13,4,1463,Flareon, ,Electric,Electric,1407,Magneton2,Magneton,,00:03:05.17,00:03:15.53,00:12:19.49,11,0,0,3,15,53,THUNDERSHOCK,TACKLE,SonicBoom,,20,35,13,0,0,0,0,0,10,35,22,29,35,35,24,370,421,524,270,270,457,15,15,15,15,0,-1,0,0,0,0,0,24,19,35,35,24,46316,26747,17614,0,1955,0,0,0,803,803,0,0,28,8,5,3,0,0,350,280,28,28,19,1,11,0,0,0,0,0,0,0,1,0,0,0,0,0,0,0,0,0,0,0,0,0,0,0,0,0,0,0,0,0,0,0,0,0,0,0,0,9,1282,0,0,0,0,1,13,0,1,1,0,0,2,0,Flareon
3-13,10:47:35,NINTEN,Magneton,Bug Catcher,5,Route 3,4,3:36.59,3:36,0h3m36s,0,0,0,12,0:13,16.378,THUNDERSHOCK,TACKLE,SonicBoom,,0,807,29,6,3,26,26,15,4,1628,Flareon, ,Electric,Electric,1882,Magneton2,Magneton,,00:03:20.21,00:03:36.59,00:13:42.48,12,0,0,3,36,59,THUNDERSHOCK,TACKLE,SonicBoom,,15,33,13,0,0,0,0,0,33,38,23,32,37,37,26,550,531,694,360,360,617,15,15,15,15,0,0,0,0,0,0,0,25,32,37,37,26,51295,26975,21995,370,1955,0,0,0,807,807,0,0,29,9,6,3,0,0,509,392,28,28,26,2,11,0,0,0,0,0,1,0,1,0,0,0,1,0,0,0,0,0,0,0,0,0,0,0,0,0,0,0,0,0,1,1,0,0,0,0,0,13,1757,0,0,0,0,1,13,0,1,1,0,0,2,0,Flareon
3-13,10:47:47,NINTEN,Magneton,Bug Catcher,6,Route 3,2,3:49.42,3:49,0h3m49s,0,0,0,12,0:14,8.733,THUNDERSHOCK,TACKLE,SonicBoom,,0,815,30,7,3,30,30,17,4,1718,Flareon, ,Electric,Electric,2175,Magneton2,Magneton,,00:03:40.68,00:03:49.42,00:14:33.21,12,0,0,3,49,42,THUNDERSHOCK,TACKLE,SonicBoom,,11,33,13,0,0,0,0,0,31,38,23,32,37,37,26,645,581,784,405,405,692,15,15,15,15,0,0,0,0,0,0,0,25,32,37,37,26,54328,27415,24588,370,1955,0,0,0,815,815,0,0,30,10,7,3,0,0,602,457,30,30,30,2,12,0,0,0,0,0,1,0,1,0,0,0,1,0,0,0,0,0,0,0,0,0,0,0,0,0,0,0,0,0,1,1,0,0,0,0,0,15,2050,0,0,0,0,1,13,0,1,1,0,0,2,0,Flareon
3-13,10:48:37,NINTEN,Magneton,Fossil Nerd,2,Mt Moon - 3,3,4:38.98,4:38,0h4m38s,0,0,0,14,0:17,18.673,THUNDERSHOCK,TACKLE,SonicBoom,,0,1167,42,8,3,38,38,23,5,1828,Flareon, ,Electric,Electric,2962,Magneton2,Magneton,,00:04:20.30,00:04:38.98,00:17:49.40,14,0,0,4,38,98,THUNDERSHOCK,TACKLE,SonicBoom,,10,33,6,0,0,0,0,0,20,43,26,36,43,43,29,805,756,979,560,560,852,15,15,15,15,0,-6,0,0,0,0,0,29,9,43,43,29,66107,34357,29425,370,1955,0,0,0,1167,1167,0,0,42,11,8,3,0,0,738,566,46,46,37,3,18,0,0,0,0,0,1,0,1,0,0,0,1,0,0,0,0,0,0,0,0,0,0,0,0,0,0,0,0,0,1,1,0,0,0,0,0,18,2837,0,0,0,0,2,13,0,1,1,0,0,2,0,Flareon
3-13,10:49:00,NINTEN,Magneton,Rocket,42,Mt Moon - 3,3,5:01.96,5:01,0h5m1s,0,0,0,15,0:19,13.683,THUNDERSHOCK,TACKLE,SonicBoom,,0,1183,43,9,3,44,44,26,6,2128,Flareon, ,Electric,Electric,3697,Magneton2,Magneton,,00:04:48.27,00:05:01.96,00:19:20.19,15,0,0,5,1,96,THUNDERSHOCK,TACKLE,SonicBoom,,6,33,4,0,0,0,0,0,29,45,28,39,46,46,31,920,926,1153,700,700,1032,15,15,15,15,0,0,0,0,0,0,0,31,39,46,46,31,71546,35803,33070,718,1955,0,0,0,1183,1183,0,0,43,12,9,3,0,0,854,676,59,59,43,3,21,0,0,0,0,0,1,0,1,0,0,0,2,0,0,0,0,0,0,0,0,0,0,0,0,0,0,0,0,0,1,1,0,0,0,0,0,21,3572,0,0,0,0,2,13,0,1,1,0,0,2,0,Flareon
3-13,10:49:53,NINTEN,Magneton,Rival2-Nugget Bridge,3,Cerulean City,4,5:54.90,5:54,0h5m54s,0,0,0,16,0:22,25.488,THUNDERSHOCK,TACKLE,SonicBoom,,1,1363,47,10,3,57,57,37,6,2548,Flareon, ,Electric,Electric,4735,Magneton2,Magneton,Rival (Nugget Bridge),00:05:29.42,00:05:54.90,00:22:49.30,16,0,0,5,54,90,THUNDERSHOCK,TACKLE,SonicBoom,,26,34,12,0,0,0,0,0,11,48,30,41,49,49,33,1095,1172,1353,851,851,1269,15,15,15,15,0,-2,0,0,0,-1,0,41,20,49,49,33,84097,41259,39621,1262,1955,1,0,0,1363,1363,0,0,47,13,10,3,0,0,1159,847,96,96,53,8,30,0,0,0,0,0,2,0,1,0,0,0,2,0,0,0,0,0,0,0,0,0,0,0,0,0,0,0,0,0,1,1,0,0,0,0,0,25,4610,0,0,0,0,3,13,0,1,1,0,0,2,0,Flareon
3-13,10:50:09,NINTEN,Magneton,Bug Catcher,9,Route 24,2,6:11.29,6:11,0h6m11s,0,0,0,17,0:23,6.802,THUNDERSHOCK,TACKLE,SonicBoom,,1,1374,47,11,3,59,59,37,6,3143,Flareon, ,Electric,Electric,5050,Magneton2,Magneton,,00:06:04.49,00:06:11.29,00:23:54.01,17,0,0,6,11,29,THUNDERSHOCK,TACKLE,SonicBoom,,24,34,12,0,0,0,0,0,33,50,32,43,52,52,35,1180,1237,1418,891,891,1364,15,15,15,15,0,0,0,0,0,0,0,36,43,52,52,35,87968,42638,41742,1633,1955,1,0,0,1374,1374,0,0,47,14,11,3,0,0,1241,922,96,96,55,8,30,0,0,0,0,0,2,0,1,0,0,0,2,0,0,0,0,0,0,0,0,0,0,0,0,0,0,0,0,0,1,1,0,0,0,0,0,27,4925,0,0,0,0,3,13,0,1,1,0,0,2,0,Flareon
3-13,10:50:20,NINTEN,Magneton,Lass,8,Route 24,2,6:22.09,6:22,0h6m22s,0,0,0,17,0:24,8.191,THUNDERSHOCK,TACKLE,SonicBoom,,1,1376,47,12,3,62,62,38,6,3283,Flareon, ,Electric,Electric,5392,Magneton2,Magneton,,00:06:13.90,00:06:22.09,00:24:36.34,17,0,0,6,22,9,THUNDERSHOCK,TACKLE,SonicBoom,,21,34,12,0,0,0,0,0,29,50,32,43,52,52,35,1275,1329,1510,966,966,1461,15,15,15,15,0,0,0,0,0,0,0,36,43,52,52,35,90521,42760,44173,1633,1955,1,0,0,1376,1376,0,0,47,15,12,3,0,0,1372,1000,100,100,58,8,31,0,0,0,0,0,3,0,1,0,0,0,2,0,0,0,0,0,0,0,0,0,0,0,0,0,0,0,0,0,1,1,0,0,0,0,0,29,5267,0,0,0,0,3,13,0,1,1,0,0,2,0,Flareon
3-13,10:50:33,NINTEN,Magneton,Youngster,4,Route 24,3,6:35.47,6:35,0h6m35s,0,0,0,18,0:25,10.628,THUNDERSHOCK,TACKLE,SonicBoom,,1,1380,49,13,3,66,66,39,6,3493,Flareon, ,Electric,Electric,5911,Magneton2,Magneton,,00:06:24.84,00:06:35.47,00:25:29.10,18,0,0,6,35,47,THUNDERSHOCK,TACKLE,SonicBoom,,17,34,12,0,0,0,0,0,29,53,33,46,55,55,37,1380,1490,1624,1071,1071,1643,15,15,15,15,0,0,0,0,0,0,0,37,46,55,55,37,93677,42926,47163,1633,1955,1,0,0,1380,1380,0,0,49,16,13,3,0,0,1578,1107,103,103,62,8,32,0,0,0,0,0,5,0,1,0,0,0,2,0,0,0,0,0,0,0,0,0,0,0,0,0,0,0,0,0,1,1,0,0,0,0,0,32,5786,0,0,0,0,3,13,0,1,1,0,0,2,0,Flareon
3-13,10:50:42,NINTEN,Magneton,Lass,7,Route 24,2,6:44.31,6:44,0h6m44s,0,0,0,18,0:26,6.12,THUNDERSHOCK,TACKLE,SonicBoom,,1,1384,50,14,3,68,68,39,6,3703,Flareon, ,Electric,Electric,6299,Magneton2,Magneton,,00:06:38.20,00:06:44.31,00:26:03.56,18,0,0,6,44,31,THUNDERSHOCK,TACKLE,SonicBoom,,15,34,12,0,0,0,0,0,29,53,33,46,55,55,37,1475,1582,1716,1146,1146,1740,15,15,15,15,0,0,0,0,0,0,0,37,46,55,55,37,95763,43084,49091,1633,1955,1,0,0,1384,1384,0,0,50,17,14,3,0,0,1690,1194,103,103,64,8,32,0,0,0,0,0,6,0,1,0,0,0,2,0,0,0,0,0,0,0,0,0,0,0,0,0,0,0,0,0,1,1,0,0,0,0,0,34,6174,0,0,0,0,3,13,0,1,1,0,0,2,0,Flareon
3-13,10:50:49,NINTEN,Magneton,Jr Trainer M,3,Route 24,1,6:51.14,6:51,0h6m51s,0,0,0,18,0:26,4.114,THUNDERSHOCK,TACKLE,SonicBoom,,1,1388,54,15,3,69,69,39,6,3943,Flareon, ,Electric,Electric,6584,Magneton2,Magneton,,00:06:47.03,00:06:51.14,00:26:30.43,18,0,0,6,51,14,THUNDERSHOCK,TACKLE,SonicBoom,,14,34,12,0,0,0,0,0,29,53,33,46,55,55,37,1515,1662,1751,1181,1181,1810,15,15,15,15,0,0,0,0,0,0,0,37,46,55,55,37,97370,43252,50530,1633,1955,1,0,0,1388,1388,0,0,54,18,15,3,0,0,1742,1239,103,103,65,8,32,0,0,0,0,0,7,0,1,0,0,0,2,0,0,0,0,0,0,0,0,0,0,0,0,0,0,0,0,0,1,1,0,0,0,0,0,35,6459,0,0,0,0,3,13,0,1,1,0,0,2,0,Flareon
3-13,10:51:05,NINTEN,Magneton,Rocket,6,Route 24,2,7:06.70,7:06,0h7m6s,0,0,0,19,0:27,9.365,THUNDERSHOCK,TACKLE,SonicBoom,,1,1394,59,16,3,72,72,40,7,4303,Flareon, ,Electric,Electric,6954,Magneton2,Magneton,,00:06:57.34,00:07:06.70,00:27:32.12,19,0,0,7,6,70,THUNDERSHOCK,TACKLE,SonicBoom,,12,33,12,0,0,0,0,0,28,55,35,48,58,58,39,1590,1767,1830,1261,1261,1920,15,15,15,15,0,0,0,0,0,0,0,39,48,58,58,39,101059,44232,53239,1633,1955,1,0,0,1394,1394,0,0,59,19,16,3,0,0,1850,1315,106,106,68,8,33,0,0,0,0,0,8,0,1,0,0,0,2,0,0,0,0,0,0,0,0,0,0,0,0,0,0,0,0,0,1,1,0,0,0,0,0,37,6829,0,0,0,0,3,13,0,1,1,0,0,2,0,Flareon
3-13,10:51:25,NINTEN,Magneton,Hiker,2,Route 25,2,7:27.45,7:27,0h7m27s,0,0,0,19,0:28,9.834,THUNDERSHOCK,TACKLE,SonicBoom,,1,1436,60,17,3,77,77,43,7,4753,Flareon, ,Electric,Electric,7512,Magneton2,Magneton,,00:07:17.61,00:07:27.45,00:28:54.02,19,0,0,7,27,45,THUNDERSHOCK,TACKLE,SonicBoom,,10,33,9,0,0,0,0,0,42,55,35,48,58,58,39,1700,1927,1980,1326,1326,1975,15,15,15,15,0,0,0,0,0,0,0,39,48,58,58,39,105969,45925,56057,2032,1955,1,0,0,1436,1436,0,0,60,20,17,3,0,0,1961,1402,112,112,72,9,34,0,0,0,0,0,8,0,1,0,0,0,2,0,0,0,0,0,0,0,0,0,0,0,0,0,0,0,0,0,1,1,0,0,0,0,0,39,7387,0,0,0,0,3,13,0,1,1,0,0,2,0,Flareon
3-13,10:51:42,NINTEN,Magneton,Lass,9,Route 25,2,7:43.78,7:43,0h7m43s,0,0,0,19,0:29,8.614,THUNDERSHOCK,TACKLE,SonicBoom,,1,1463,64,18,3,81,81,45,8,5278,Flareon, ,Electric,Electric,7893,Magneton2,Magneton,,00:07:35.16,00:07:43.78,00:29:58.32,19,0,0,7,43,78,THUNDERSHOCK,TACKLE,SonicBoom,,6,33,9,0,0,0,0,0,37,55,35,48,58,58,39,1801,2031,2072,1406,1406,2066,15,15,15,15,0,-1,0,0,0,0,0,43,31,58,58,39,109839,47272,58580,2032,1955,1,0,0,1463,1463,0,0,64,21,18,3,0,0,2084,1486,117,117,76,9,36,0,0,0,0,0,8,0,1,0,0,0,2,0,0,0,0,0,0,0,0,0,0,0,0,0,0,0,0,0,1,1,0,0,0,0,0,41,7768,0,0,0,0,4,13,0,1,1,0,0,2,0,Flareon
3-13,10:51:52,NINTEN,Magneton,Jr Trainer M,2,Route 25,2,7:54.41,7:54,0h7m54s,0,0,0,20,0:30,7.036,THUNDERSHOCK,TACKLE,SonicBoom,,1,1472,73,19,3,83,83,45,8,5503,Flareon, ,Electric,Electric,8250,Magneton2,Magneton,,00:07:47.37,00:07:54.41,00:30:40.24,20,0,0,7,54,41,THUNDERSHOCK,TACKLE,SonicBoom,,4,33,9,0,0,0,0,0,40,58,37,51,60,60,41,1866,2147,2151,1471,1471,2193,15,15,15,15,0,0,0,0,0,0,0,41,51,60,60,41,112351,47652,60712,2032,1955,1,0,0,1472,1472,0,0,73,22,19,3,0,0,2165,1556,117,117,78,9,36,0,0,0,0,0,8,0,1,0,0,0,2,0,0,0,0,0,0,0,0,0,0,0,0,0,0,0,0,0,1,1,0,0,0,0,0,43,8125,0,0,0,0,4,13,0,1,1,0,0,2,0,Flareon
3-13,10:52:12,NINTEN,Magneton,Oddish Lass,10,Route 25,3,8:13.93,8:13,0h8m13s,0,0,0,20,0:31,15.427,THUNDERSHOCK,TACKLE,SonicBoom,,1,1487,73,20,3,90,90,49,8,5783,Flareon, ,Electric,Electric,8835,Magneton2,Magneton,Oddish Lass,00:07:58.51,00:08:13.93,00:31:57.33,20,0,0,8,13,93,THUNDERSHOCK,TACKLE,SonicBoom,,1,33,5,0,0,0,0,0,28,58,37,51,60,60,41,1996,2292,2301,1656,1656,2309,15,15,15,15,0,0,0,0,0,0,0,41,51,60,60,41,116980,48136,64857,2032,1955,1,0,0,1487,1487,0,0,73,23,20,3,0,0,2354,1667,129,129,85,9,40,0,0,0,0,0,8,0,1,0,0,0,2,0,0,0,0,0,0,0,0,0,0,0,0,0,0,0,0,0,1,1,0,0,0,0,0,46,8710,0,0,0,0,4,13,0,1,1,0,0,2,0,Flareon
3-13,10:52:50,NINTEN,Magneton,Pecking Lass,1,Cerulean City - Gym,1,8:52.03,8:52,0h8m52s,0,0,0,21,0:34,4.852,THUNDERSHOCK,TACKLE,SonicBoom,,1,1671,82,21,3,91,91,49,10,5978,Flareon, ,Electric,Electric,9286,Magneton2,Magneton,,00:08:47.18,00:08:52.03,00:34:28.15,21,0,0,8,52,3,THUNDERSHOCK,TACKLE,SonicBoom,,29,35,20,0,0,0,0,0,60,60,39,53,63,63,43,2041,2359,2361,1706,1706,2372,15,15,15,15,0,0,0,0,0,0,0,43,53,63,63,43,126022,55543,66492,2032,1955,1,0,0,1671,1671,0,0,82,24,21,3,0,0,2408,1716,129,129,86,9,40,0,0,0,0,0,8,0,1,0,0,0,2,0,0,0,0,0,0,0,0,0,0,0,0,0,0,0,0,0,1,1,0,0,0,0,0,47,9161,0,0,0,0,5,13,0,1,1,0,0,2,0,Flareon
3-13,10:53:04,NINTEN,Magneton,Misty,1,Cerulean City - Gym,2,9:05.61,9:05,0h9m5s,0,0,0,21,0:35,9.509,THUNDERSHOCK,TACKLE,SonicBoom,,1,1672,89,22,3,94,94,51,10,6358,Flareon, ,Electric,Electric,10625,Magneton2,Magneton,Misty,00:08:56.10,00:09:05.61,00:35:21.48,21,0,0,9,5,61,THUNDERSHOCK,TACKLE,SonicBoom,,26,35,20,0,0,0,0,0,17,60,39,53,63,63,43,2131,2479,2501,1876,1876,2572,15,15,15,15,0,0,0,0,-1,0,0,48,53,63,63,28,129235,56011,69237,2032,1955,1,0,0,1672,1672,0,0,89,25,22,3,0,0,2518,1816,172,172,89,9,42,0,0,0,0,0,8,0,2,0,0,0,2,0,0,0,0,0,0,0,0,0,0,0,0,0,0,0,0,0,1,1,0,0,0,0,0,49,10500,0,0,0,0,5,13,0,1,1,0,0,2,0,Flareon
3-13,10:53:30,NINTEN,Magneton,Cerulean Rocket,5,Cerulean City,2,9:32.38,9:32,0h9m32s,0,0,0,22,0:37,9.881,THUNDERSHOCK,TACKLE,SonicBoom,,1,1759,93,23,3,98,98,53,11,8437,Flareon, ,Electric,Electric,11314,Magneton2,Magneton,Rocket,00:09:22.50,00:09:32.38,00:37:07.20,22,0,0,9,32,38,THUNDERSHOCK,TACKLE,SonicBoom,,26,35,20,0,0,0,0,0,57,63,40,56,66,66,45,2261,2607,2596,2001,2001,2649,15,15,15,15,0,0,0,0,0,0,0,45,56,66,66,45,135567,59392,72188,2032,1955,1,0,0,1759,1759,0,0,93,26,23,3,0,0,2652,1919,178,178,93,9,43,0,0,0,0,0,9,0,2,0,0,0,3,0,0,0,0,0,0,0,0,0,0,0,0,0,0,0,0,0,2,1,0,0,0,0,0,51,11189,0,0,0,0,5,13,0,1,1,0,0,2,0,Flareon
3-13,10:53:57,NINTEN,Magneton,Sandy,3,Route 6,3,9:58.88,9:58,0h9m58s,0,0,0,22,0:38,9.744,THUNDERSHOCK,TACKLE,SonicBoom,,1,1905,93,24,3,101,101,55,13,8947,Flareon, ,Electric,Electric,11875,Magneton2,Magneton,,00:09:49.14,00:09:58.88,00:38:51.51,22,0,0,9,58,88,THUNDERSHOCK,TACKLE,SonicBoom,,23,35,20,0,0,0,0,0,47,63,40,56,66,66,45,2381,2742,2716,2106,2106,2817,15,15,15,15,0,0,0,0,0,0,0,45,56,66,66,45,141838,62830,75021,2032,1955,1,0,0,1905,1905,0,0,93,27,24,3,0,0,2901,2042,188,188,96,9,45,0,0,0,0,0,9,0,2,0,0,0,3,0,0,0,0,0,0,0,0,0,0,0,0,0,0,0,0,0,2,1,0,0,0,0,0,54,11750,0,0,0,0,6,13,0,1,1,0,0,2,0,Flareon
3-13,10:54:08,NINTEN,Magneton,Jr Trainer M,5,Route 6,2,10:10.51,10:10,0h10m10s,0,0,0,23,0:39,8.797,THUNDERSHOCK,TACKLE,SonicBoom,,1,1906,93,25,3,104,104,56,13,9267,Flareon, ,Electric,Electric,12470,Magneton2,Magneton,,00:10:01.71,00:10:10.51,00:39:37.40,23,0,0,10,10,51,THUNDERSHOCK,TACKLE,SonicBoom,,20,35,20,0,0,0,0,0,43,65,42,58,69,69,47,2476,2883,2806,2187,2187,2984,15,15,15,15,0,0,0,0,0,0,0,47,58,69,69,47,144587,63000,77600,2032,1955,1,0,0,1906,1906,0,0,93,28,25,3,0,0,3123,2129,194,194,99,9,46,0,0,0,0,0,10,0,2,0,0,0,3,0,0,0,0,0,0,0,0,0,0,0,0,0,0,0,0,0,2,1,0,0,0,0,0,56,12345,0,0,0,0,6,13,0,1,1,0,0,2,0,Flareon
3-13,10:54:36,NINTEN,Magneton,Sailor,5,SS Anne,2,10:38.03,10:38,0h10m38s,0,0,0,23,0:41,8.083,THUNDERSHOCK,TACKLE,SonicBoom,,1,2040,111,26,3,107,107,57,15,8537,Flareon, ,Electric,Electric,13283,Magneton2,Magneton,,00:10:29.94,00:10:38.03,00:41:25.42,23,0,0,10,38,3,THUNDERSHOCK,TACKLE,SonicBoom,,17,35,20,0,0,0,0,0,38,65,42,58,69,69,47,2546,2968,2896,2357,2357,3139,15,15,15,15,0,0,0,0,0,0,0,47,58,69,69,47,151069,67160,79922,2032,1955,1,0,0,2040,2040,0,0,111,29,26,3,0,0,3305,2215,199,199,102,9,47,0,0,0,0,0,11,0,2,0,0,0,3,0,0,0,0,0,0,0,0,0,0,0,0,0,0,0,0,0,2,1,0,0,0,0,0,58,13158,0,0,0,0,8,16,0,1,1,0,0,2,0,Flareon
3-13,10:54:55,NINTEN,Magneton,Gentleman,5,SS Anne,2,10:57.52,10:57,0h10m57s,0,0,0,24,0:42,8.002,THUNDERSHOCK,TACKLE,SonicBoom,,1,2139,113,27,3,110,110,58,16,9077,Flareon, ,Electric,Electric,14167,Magneton2,Magneton,,00:10:49.52,00:10:57.52,00:42:42.28,24,0,0,10,57,52,THUNDERSHOCK,TACKLE,SonicBoom,,14,35,20,0,0,0,0,0,41,68,44,60,72,72,49,2651,3123,2996,2472,2472,3289,15,15,15,15,0,0,0,0,0,0,0,49,60,72,72,49,155675,69469,82219,2032,1955,1,0,0,2139,2139,0,0,113,30,27,3,0,0,3437,2309,199,199,105,9,47,0,0,0,0,0,12,0,2,0,0,0,3,0,0,0,0,0,0,0,0,0,0,0,0,0,0,0,0,0,2,1,0,0,0,0,0,60,14042,0,0,0,0,9,16,0,1,1,0,0,2,0,Flareon
3-13,10:55:20,NINTEN,Magneton,Rival3-SS Anne,1,SS Anne,4,11:21.76,11:21,0h11m21s,0,0,0,24,0:44,14.952,THUNDERSHOCK,TACKLE,SonicBoom,,1,2167,119,28,3,117,117,60,16,10267,Flareon, ,Electric,Electric,15348,Magneton2,Magneton,Rival (SS Anne),00:11:06.81,00:11:21.76,00:44:17.59,24,0,0,11,21,76,THUNDERSHOCK,TACKLE,SonicBoom,,10,35,17,0,0,0,0,0,56,68,44,60,72,72,49,2826,3369,3196,2623,2623,3526,15,15,15,15,0,0,0,0,0,-1,0,55,60,72,72,49,161406,70909,86158,2384,1955,1,0,0,2167,2167,0,0,119,31,28,3,0,0,3727,2517,204,204,112,9,49,0,0,0,0,0,13,0,2,0,0,0,3,0,0,0,0,0,0,0,0,0,0,0,0,0,0,0,0,0,2,1,0,0,0,0,0,64,15223,0,0,0,0,10,16,0,1,1,0,0,2,0,Flareon
3-13,10:56:25,NINTEN,Magneton,Surge,1,Vermilion City - Gym,1,12:27.26,12:27,0h12m27s,0,0,0,25,0:48,9.648,THUNDERSHOCK,TACKLE,SonicBoom,REST,2,2348,135,29,3,121,121,63,15,11567,Flareon, ,Electric,Electric,16080,Magneton2,Magneton,Lt. Surge,00:12:17.60,00:12:27.26,00:48:36.56,25,0,0,12,27,26,THUNDERSHOCK,TACKLE,SonicBoom,REST,10,35,13,10,0,0,0,0,56,70,46,63,75,75,51,2886,3459,3251,2713,2713,3626,15,15,15,15,-1,0,0,0,0,0,0,33,63,75,75,51,176943,77733,88975,8280,1955,2,0,0,2348,2348,0,0,135,32,29,3,0,0,3807,2593,218,218,116,10,51,0,0,0,0,0,13,0,2,0,0,0,3,0,0,0,0,0,0,0,0,0,0,0,0,0,0,0,0,0,2,1,0,0,0,0,0,65,15955,0,0,0,0,10,16,0,1,1,3,0,2,0,Flareon
3-13,10:57:46,NINTEN,Magneton,Wrapping Lass,5,Route 9,4,13:48.52,13:48,0h13m48s,1,0,1,25,0:53,18.498,THUNDERBOLT,TACKLE,SonicBoom,REST,3,2537,153,30,3,129,129,67,16,14339,Flareon,Poisoned,Electric,Electric,17328,Magneton2,Magneton,RTG1 - Wrapping Lass,00:13:30.02,00:13:48.52,00:53:17.27,25,1,0,13,48,52,THUNDERBOLT,TACKLE,SonicBoom,REST,7,35,20,10,0,0,0,0,53,70,46,63,75,75,51,3076,3709,3431,3003,3003,3766,15,15,15,15,0,0,0,0,0,0,0,51,70,75,75,51,193780,85554,93953,12160,2113,3,1,0,2537,2485,52,0,153,33,30,3,0,0,4070,2785,235,235,124,10,53,0,0,0,0,0,13,0,3,0,0,0,3,0,0,0,0,0,0,1,0,0,0,0,0,0,0,0,0,0,2,1,0,0,0,0,0,69,17203,0,0,0,0,10,16,0,1,1,4,0,2,1,Flareon
3-13,10:58:05,NINTEN,Magneton,Bug Catcher,14,Route 9,3,14:07.48,14:07,0h14m7s,1,0,1,26,0:54,8.975,THUNDERBOLT,TACKLE,SonicBoom,REST,3,2578,155,31,3,132,132,67,16,14699,Flareon, ,Electric,Electric,18097,Magneton2,Magneton,,00:13:58.50,00:14:07.48,00:54:31.57,26,1,0,14,7,48,THUNDERBOLT,TACKLE,SonicBoom,REST,4,35,20,10,0,0,0,0,73,73,47,66,78,78,53,3221,3829,3546,3083,3083,3906,15,15,15,15,0,0,0,0,0,0,0,52,74,78,78,53,198250,86262,96571,13304,2113,3,1,0,2578,2485,93,0,155,34,31,3,0,0,4469,2942,235,235,127,10,53,0,0,0,0,0,13,0,3,0,0,0,3,0,0,0,0,0,0,1,0,0,0,0,0,0,0,0,0,0,2,1,0,0,0,0,0,72,17972,0,0,0,0,10,16,0,1,1,4,0,2,1,Flareon
3-13,10:58:31,NINTEN,Magneton,Slowbone,7,Rock Tunnel - 1,2,14:32.63,14:32,0h14m32s,1,0,1,26,0:56,9.845,THUNDERBOLT,TACKLE,SonicBoom,REST,3,2688,165,32,3,136,136,69,16,14899,Flareon, ,Electric,Electric,19011,Magneton2,Magneton,,00:14:22.78,00:14:32.63,00:56:11.17,26,1,0,14,32,63,THUNDERBOLT,TACKLE,SonicBoom,REST,13,35,17,10,0,0,0,0,50,73,47,66,78,78,53,3361,3944,3706,3163,3163,3956,15,15,15,15,0,0,0,0,0,0,0,52,74,78,78,53,204210,87916,99302,14879,2113,3,1,0,2688,2485,203,0,165,35,32,3,0,0,4859,3079,258,258,131,11,54,0,0,0,0,0,14,0,3,0,0,0,3,0,0,0,0,0,0,1,0,0,0,0,0,0,0,0,0,0,2,1,0,0,0,0,0,74,18886,0,0,0,0,10,16,0,1,1,4,0,2,1,Flareon
3-13,10:58:39,NINTEN,Magneton,Pokemaniac,5,Rock Tunnel,1,14:40.87,14:40,0h14m40s,1,0,1,26,0:56,4.084,THUNDERBOLT,TACKLE,SonicBoom,REST,3,2725,165,33,3,137,137,69,16,16049,Flareon, ,Electric,Electric,19540,Magneton2,Magneton,,00:14:36.79,00:14:40.87,00:56:43.41,26,1,0,14,40,87,THUNDERBOLT,TACKLE,SonicBoom,REST,12,35,17,10,0,0,0,0,50,73,47,66,78,78,53,3451,4009,3771,3203,3203,3971,15,15,15,15,0,0,0,0,0,0,0,52,74,78,78,53,206154,88519,100643,14879,2113,3,1,0,2725,2485,240,0,165,36,33,3,0,0,5027,3163,258,258,132,11,54,0,0,0,0,0,14,0,3,0,0,0,3,0,0,0,0,0,0,1,0,0,0,0,0,0,0,0,0,0,2,1,0,0,0,0,0,75,19415,0,0,0,0,10,16,0,1,1,4,0,2,1,Flareon
3-13,10:58:54,NINTEN,Magneton,Status-Condition-Jr-Trainer,10,Rock Tunnel,2,14:55.81,14:55,0h14m55s,1,0,1,27,0:57,9.09,THUNDERBOLT,TACKLE,SonicBoom,REST,4,2738,178,34,3,140,140,70,16,17299,Flareon, ,Electric,Electric,20208,Magneton2,Magneton,RTG4 - Status Jr Trainer,00:14:46.72,00:14:55.81,00:57:42.39,27,1,0,14,55,81,THUNDERBOLT,TACKLE,SonicBoom,REST,9,35,17,10,0,0,0,0,53,76,49,68,81,81,55,3541,4108,3875,3343,3343,4046,15,15,15,15,-1,0,0,0,0,0,0,36,85,81,81,55,209692,88992,103179,15408,2113,4,1,0,2738,2485,253,0,178,37,34,3,0,0,5153,3273,258,258,135,11,55,0,0,0,0,0,15,0,3,0,0,0,3,0,0,0,0,0,0,1,0,0,0,0,0,0,0,0,0,0,2,1,0,0,0,0,0,77,20083,0,0,0,0,10,16,0,1,1,4,0,2,1,Flareon
3-13,10:59:31,NINTEN,Magneton,Selfdestructing Hiker,9,Rock Tunnel,3,15:32.74,15:32,0h15m32s,1,0,1,27,1:00,20.026,THUNDERBOLT,TACKLE,SonicBoom,REST,5,2851,202,35,3,150,148,78,16,17739,Flareon, ,Electric,Electric,21585,Magneton2,Magneton,,00:15:12.72,00:15:32.74,01:00:08.48,27,1,0,15,32,74,THUNDERBOLT,TACKLE,SonicBoom,REST,9,35,10,9,0,0,0,0,49,76,49,68,81,81,55,3676,4363,4190,3448,3448,4121,15,15,15,15,0,0,0,0,0,0,0,55,76,81,81,55,218461,91805,108306,16237,2113,5,1,0,2851,2485,366,0,202,38,35,3,0,0,5293,3401,310,310,142,12,60,0,0,0,0,0,15,0,3,0,0,0,3,0,0,0,0,0,0,1,0,0,0,0,0,0,0,0,0,0,2,1,1,0,0,0,0,80,21460,0,0,0,0,10,16,0,1,1,4,0,2,1,Flareon
3-13,10:59:51,NINTEN,Magneton,Finisher,18,Rock Tunnel - 1,3,15:53.36,15:53,0h15m53s,1,0,1,28,1:01,11.177,THUNDERBOLT,TACKLE,SonicBoom,REST,5,2907,217,36,3,154,152,79,15,18474,Flareon, ,Electric,Electric,22448,Magneton2,Magneton,RTG6 - Finisher,00:15:42.19,00:15:53.36,01:01:30.12,28,1,0,15,53,36,THUNDERBOLT,TACKLE,SonicBoom,REST,5,35,10,9,0,0,0,0,48,78,51,71,84,84,57,3801,4503,4320,3598,3598,4297,15,15,15,15,0,0,0,0,0,0,0,57,79,84,84,57,223345,93307,111320,16605,2113,5,1,0,2907,2485,422,0,217,39,36,3,0,0,5773,3551,313,313,146,12,61,0,0,0,0,0,16,0,3,0,0,0,3,0,0,0,0,0,0,1,0,0,0,0,0,0,0,0,0,0,2,1,1,0,0,0,0,83,22323,0,0,0,0,10,16,0,1,1,4,0,2,1,Flareon
3-13,11:00:06,NINTEN,Magneton,Gambler,7,Route 8,2,16:08.28,16:08,0h16m8s,1,0,1,28,1:02,6.919,THUNDERBOLT,TACKLE,SonicBoom,REST,5,2993,225,37,3,156,154,80,15,18874,Flareon, ,Electric,Electric,23240,Magneton2,Magneton,,00:16:01.36,00:16:08.28,01:02:28.57,28,1,0,16,8,28,THUNDERBOLT,TACKLE,SonicBoom,REST,3,35,10,9,0,0,0,0,44,78,51,71,84,84,57,3894,4614,4405,3713,3713,4422,15,15,15,15,0,0,0,0,0,0,0,57,79,84,84,57,226870,94727,113425,16605,2113,5,1,0,2993,2485,508,0,225,40,37,3,0,0,5927,3671,317,317,148,12,62,0,0,0,0,0,16,0,3,0,0,0,3,0,0,0,0,0,0,1,0,0,0,0,0,0,0,0,0,0,2,1,1,0,0,0,0,85,23115,0,0,0,0,10,16,0,1,1,4,0,2,1,Flareon
3-13,11:00:55,NINTEN,Magneton,Rocket,7,Celadon City - Game Corner,2,16:56.93,16:56,0h16m56s,1,0,1,28,1:05,6.243,THUNDERBOLT,TACKLE,SonicBoom,REST,5,3252,251,38,3,158,156,80,13,20554,Flareon, ,Electric,Electric,23967,Magneton2,Magneton,,00:16:50.69,00:16:56.93,01:05:41.09,28,1,0,16,56,93,THUNDERBOLT,TACKLE,SonicBoom,REST,13,35,20,10,0,0,0,0,78,78,51,71,84,84,57,3989,4740,4500,3803,3803,4574,15,15,15,15,0,0,0,0,0,0,0,57,79,84,84,57,238402,104000,115396,16893,2113,5,1,0,3252,2684,568,0,251,41,38,3,0,0,6271,3775,317,317,150,12,62,0,0,0,0,0,16,0,3,0,0,0,3,0,0,0,0,0,0,1,0,0,0,0,0,0,0,0,0,0,2,1,1,0,0,0,0,87,23842,0,0,0,0,13,16,0,1,1,4,0,2,1,Flareon
3-13,11:01:18,NINTEN,Magneton,Rocket,15,Rocket Hideout 3,2,17:19.63,17:19,0h17m19s,1,0,1,29,1:07,8.764,THUNDERBOLT,TACKLE,SonicBoom,REST,5,3328,262,39,3,160,158,80,13,21154,Flareon, ,Electric,Electric,24759,Magneton2,Magneton,,00:17:10.87,00:17:19.63,01:07:10.42,29,1,0,17,19,63,THUNDERBOLT,TACKLE,SonicBoom,REST,11,35,20,10,0,0,0,0,81,81,53,73,87,87,59,4129,4900,4600,3873,3873,4644,15,15,15,15,0,0,0,0,0,0,0,59,82,87,87,59,243775,106818,117951,16893,2113,5,1,0,3328,2760,568,0,262,42,39,3,0,0,6520,3901,317,317,152,12,62,0,0,0,0,0,16,0,3,0,0,0,3,0,0,0,0,0,0,1,0,0,0,0,0,0,0,0,0,0,2,1,1,0,0,0,0,89,24634,0,0,0,0,14,16,0,1,1,4,0,2,1,Flareon
3-13,11:03:23,NINTEN,Magneton,Rival4-Pkmn Tower,3,Pokemon Tower - 2F,5,19:25.32,19:25,0h19m25s,1,0,1,30,1:15,19.2,THUNDERBOLT,DOUBLE-EDGE,SonicBoom,REST,5,3645,293,40,3,167,165,83,13,284,Flareon, ,Electric,Electric,27409,Magneton2,Magneton,Rival (Pokemon Tower),00:19:06.12,00:19:25.32,01:15:27.13,30,1,0,19,25,32,THUNDERBOLT,DOUBLE-EDGE,SonicBoom,REST,7,12,20,10,0,0,0,0,42,83,55,80,90,90,61,4354,5220,15210,4169,4169,4924,15,15,15,15,0,0,0,0,0,0,0,61,90,90,90,61,273566,126859,122902,21692,2113,5,1,0,3645,3077,568,0,293,43,40,3,0,0,7280,4187,358,358,159,13,64,0,0,0,0,0,17,0,4,0,0,0,3,0,0,0,0,0,0,1,0,0,0,0,0,0,0,0,0,0,2,1,1,0,0,0,0,94,27284,0,0,0,0,17,36,10,1,1,6,0,2,1,Flareon
3-13,11:03:45,NINTEN,Magneton,Agatha Jr,10,Pokemon Tower - 4F,2,19:47.05,19:47,0h19m47s,1,0,1,30,1:16,6.361,THUNDERBOLT,DOUBLE-EDGE,SonicBoom,REST,5,3695,298,41,3,169,167,83,13,1909,Flareon, ,Electric,Electric,28345,Magneton2,Magneton,,00:19:40.69,00:19:47.05,01:16:53.04,30,1,0,19,47,5,THUNDERBOLT,DOUBLE-EDGE,SonicBoom,REST,5,12,20,10,0,0,0,0,42,83,55,80,90,90,61,4414,5290,15270,4369,4369,5084,15,15,15,15,0,0,0,0,0,0,0,61,90,90,90,61,278717,128995,124854,22755,2113,5,1,0,3695,3127,568,0,298,44,41,3,0,0,7409,4287,358,358,161,13,64,0,0,0,0,0,17,0,4,0,0,0,3,0,0,0,0,0,0,1,0,0,0,0,0,0,0,0,0,0,2,1,1,0,0,0,0,96,28220,0,0,0,0,17,36,10,1,1,6,0,2,1,Flareon
3-13,11:04:02,NINTEN,Magneton,Channeler,21,Pokemon Tower - 6F,1,20:04.24,20:04,0h20m4s,1,0,1,30,1:18,4.132,THUNDERBOLT,DOUBLE-EDGE,SonicBoom,REST,5,3767,309,42,3,170,168,83,13,2599,Flareon, ,Electric,Electric,28832,Magneton2,Magneton,,00:20:00.11,00:20:04.24,01:18:01.02,30,1,0,20,4,24,THUNDERBOLT,DOUBLE-EDGE,SonicBoom,REST,14,15,20,10,0,0,0,0,83,83,55,80,90,90,61,4444,5325,15300,4469,4469,5164,15,15,15,15,0,0,0,0,0,0,0,61,90,90,90,61,282795,131702,126225,22755,2113,5,1,0,3767,3199,568,0,309,45,42,3,0,0,7467,4339,358,358,162,13,64,0,0,0,0,0,17,0,4,0,0,0,3,0,0,0,0,0,0,1,0,0,0,0,0,0,0,0,0,0,2,1,1,0,0,0,0,97,28707,0,0,0,0,19,36,10,1,1,6,0,2,1,Flareon
3-13,11:04:09,NINTEN,Magneton,Channeler,20,Pokemon Tower - 6F,1,20:11.45,20:11,0h20m11s,1,0,1,30,1:18,4.091,THUNDERBOLT,DOUBLE-EDGE,SonicBoom,REST,5,3776,310,43,3,171,169,83,13,3319,Flareon, ,Electric,Electric,29319,Magneton2,Magneton,,00:20:07.36,00:20:11.45,01:18:29.22,30,1,0,20,11,45,THUNDERBOLT,DOUBLE-EDGE,SonicBoom,REST,13,15,20,10,0,0,0,0,83,83,55,80,90,90,61,4474,5360,15330,4569,4569,5244,15,15,15,15,0,0,0,0,0,0,0,61,90,90,90,61,284495,132037,127590,22755,2113,5,1,0,3776,3208,568,0,310,46,43,3,0,0,7527,4391,358,358,163,13,64,0,0,0,0,0,17,0,4,0,0,0,3,0,0,0,0,0,0,1,0,0,0,0,0,0,0,0,0,0,2,1,1,0,0,0,0,98,29194,0,0,0,0,19,36,10,1,1,6,0,2,1,Flareon
3-13,11:04:32,NINTEN,Magneton,Rocket,44,Pokemon Tower - 7F,3,20:34.29,20:34,0h20m34s,1,1,2,31,1:19,11.09,THUNDERBOLT,DOUBLE-EDGE,SonicBoom,REST,5,3801,311,44,4,175,173,84,13,4039,Flareon, ,Electric,Electric,31568,Magneton2,Magneton,,00:20:23.20,00:20:34.29,01:19:59.28,31,1,0,20,34,29,THUNDERBOLT,DOUBLE-EDGE,SonicBoom,REST,9,15,20,10,0,0,0,0,57,86,57,82,93,93,63,4639,5580,15554,4759,4759,5474,15,15,15,15,0,0,0,0,0,0,0,64,92,93,93,63,289901,133537,131496,22755,2113,5,1,0,3801,3233,568,0,311,48,44,4,0,0,7859,4602,387,387,167,13,65,0,0,0,0,0,17,0,5,0,0,0,3,0,0,0,0,0,0,1,0,0,0,0,0,0,0,0,0,0,2,1,1,0,0,0,0,101,31443,0,0,0,0,20,36,10,1,1,6,1,2,2,Flareon
3-13,11:05:27,NINTEN,Magneton,Biker,7,Route 16,4,21:28.94,21:28,0h21m28s,1,1,2,32,1:23,11.264,THUNDERBOLT,DOUBLE-EDGE,SonicBoom,REST,5,3958,317,45,5,179,177,84,15,2849,Flareon, ,Electric,Electric,33572,Magneton2,Magneton,,00:21:17.68,00:21:28.94,01:23:34.42,32,1,0,21,28,94,THUNDERBOLT,DOUBLE-EDGE,SonicBoom,REST,11,15,20,10,0,0,0,0,89,89,59,85,96,96,65,4959,5900,15754,4919,4919,5574,15,15,15,15,0,0,0,0,0,0,0,66,95,96,96,65,302815,140631,135484,24587,2113,5,1,0,3958,3373,585,0,317,50,45,5,1,0,8435,4926,387,387,171,13,65,0,0,0,0,0,18,0,5,0,0,0,3,0,0,0,0,0,0,1,0,0,0,0,0,0,0,0,0,0,2,1,1,0,0,0,0,105,33447,0,0,0,0,20,38,10,1,1,6,1,2,2,Flareon
3-13,11:05:42,NINTEN,Magneton,Biker,8,Route 17,3,21:43.72,21:43,0h21m43s,1,1,2,33,1:24,10.893,THUNDERBOLT,DOUBLE-EDGE,SonicBoom,REST,5,3979,317,46,5,183,181,85,15,3369,Flareon, ,Electric,Electric,36332,Magneton2,Magneton,,00:21:32.82,00:21:43.72,01:24:32.56,33,1,0,21,43,72,THUNDERBOLT,DOUBLE-EDGE,SonicBoom,REST,7,15,20,10,0,0,0,0,85,91,60,87,100,100,67,5129,6145,16089,5149,5149,5729,15,15,15,15,0,0,0,0,0,0,0,67,97,100,100,67,306309,141057,138552,24587,2113,5,1,0,3979,3373,606,0,317,51,46,5,1,0,8777,5146,393,393,175,13,66,0,0,0,0,0,19,0,5,0,0,0,3,0,0,0,0,0,0,1,0,0,0,0,0,0,0,0,0,0,2,1,1,0,0,0,0,108,36207,0,0,0,0,20,38,10,1,1,6,1,2,2,Flareon
3-13,11:05:58,NINTEN,Magneton,Cue Ball,8,Route 17,2,22:00.53,22:00,0h22m0s,1,1,2,33,1:25,6.364,THUNDERBOLT,DOUBLE-EDGE,SonicBoom,REST,5,4081,327,47,5,185,183,85,15,3929,Flareon, ,Electric,Electric,38163,Magneton2,Magneton,,00:21:54.17,00:22:00.53,01:25:39.26,33,1,0,22,0,53,THUNDERBOLT,DOUBLE-EDGE,SonicBoom,REST,5,15,20,10,0,0,0,0,85,91,60,87,100,100,67,5274,6350,16219,5259,5259,5869,15,15,15,15,0,0,0,0,0,0,0,67,97,100,100,67,310299,143052,140547,24587,2113,5,1,0,4081,3373,708,0,327,52,47,5,1,0,8974,5317,393,393,177,13,66,0,0,0,0,0,19,0,5,0,0,0,3,0,0,0,0,0,0,1,0,0,0,0,0,0,0,0,0,0,2,1,1,0,0,0,0,110,38038,0,0,0,0,22,38,10,1,1,6,1,2,2,Flareon
3-13,11:06:23,NINTEN,Magneton,Biker,12,Route 17,5,22:24.75,22:24,0h22m24s,1,1,2,34,1:27,14.06,THUNDERBOLT,DOUBLE-EDGE,SonicBoom,REST,5,4105,335,48,5,190,188,85,14,4654,Flareon, ,Electric,Electric,41843,Magneton2,Magneton,,00:22:10.70,00:22:24.75,01:27:14.38,34,1,0,22,24,75,THUNDERBOLT,DOUBLE-EDGE,SonicBoom,REST,6,18,20,10,2,1,0,0,88,94,62,90,102,102,69,5524,6725,16744,5609,5609,6094,15,15,15,15,0,0,0,0,0,0,0,69,101,102,102,69,316011,143594,144361,25943,2113,5,1,0,4105,3373,732,0,335,53,48,5,1,0,9451,5636,393,393,182,13,66,0,0,0,0,0,19,0,5,0,0,0,3,0,0,0,0,0,0,1,0,0,0,0,0,0,0,0,0,0,2,1,1,0,0,0,0,115,41718,0,0,0,0,22,38,10,1,1,6,1,2,2,Flareon
3-13,11:07:53,NINTEN,Magneton,Rocket,39,Silph Co - 10F,1,23:54.90,23:54,0h23m54s,1,1,2,35,1:33,6.225,THUNDERBOLT,DOUBLE-EDGE,SonicBoom,REST,5,4768,371,49,5,192,190,86,16,4654,Flareon, ,Electric,Electric,42875,Magneton2,Magneton,,00:23:48.67,00:23:54.90,01:33:10.23,35,1,0,23,54,90,THUNDERBOLT,DOUBLE-EDGE,SonicBoom,REST,19,18,20,10,2,1,0,0,84,96,65,93,106,106,72,5604,9385,16814,5659,5659,8699,15,15,15,15,0,0,0,0,0,0,0,73,104,106,106,72,337356,159350,146329,29564,2113,5,1,0,4768,3659,1109,0,371,54,49,5,1,0,9632,5737,405,405,184,13,67,0,0,0,0,0,19,0,5,0,0,0,3,0,0,0,0,0,0,1,0,0,0,0,0,0,0,0,0,0,2,1,1,0,0,0,0,116,42750,0,0,0,0,26,38,10,1,1,7,1,2,2,Flareon
3-13,11:08:15,NINTEN,Magneton,Rocket,35,Silph Co - 8F,4,24:17.44,24:17,0h24m17s,1,1,2,35,1:34,11.569,THUNDERBOLT,DOUBLE-EDGE,SonicBoom,REST,5,4820,377,50,5,196,194,87,16,5644,Flareon, ,Electric,Electric,45088,Magneton2,Magneton,,00:24:05.87,00:24:17.44,01:34:39.04,35,1,0,24,17,44,THUNDERBOLT,DOUBLE-EDGE,SonicBoom,REST,15,18,20,10,2,1,0,0,76,96,65,93,106,106,73,5804,9647,17014,5849,5849,11573,15,15,15,15,0,0,0,0,0,0,0,73,104,106,106,73,342677,160929,149454,30181,2113,5,1,0,4820,3711,1109,0,377,55,50,5,1,0,10421,5999,413,413,188,13,68,0,0,0,0,0,19,0,5,0,0,0,3,0,0,0,0,0,0,1,0,0,0,0,0,0,0,0,0,0,2,1,1,0,0,0,0,120,44963,0,0,0,0,28,38,10,1,1,7,1,2,2,Flareon
3-13,11:08:31,NINTEN,Magneton,Rocket,32,Silph Co - 7F,4,24:33.12,24:33,0h24m33s,1,1,2,36,1:35,11.696,THUNDERBOLT,DOUBLE-EDGE,SonicBoom,REST,5,4833,378,51,5,200,198,87,16,6424,Flareon, ,Electric,Electric,48138,Magneton2,Magneton,,00:24:21.42,00:24:33.12,01:35:40.45,36,1,0,24,33,12,THUNDERBOLT,DOUBLE-EDGE,SonicBoom,REST,11,18,20,10,2,1,0,0,79,99,68,96,109,109,75,6034,9958,17308,6099,6099,11875,15,15,15,15,0,0,0,0,0,0,0,76,108,109,109,75,346378,161465,152619,30181,2113,5,1,0,4833,3724,1109,0,378,56,51,5,1,0,10987,6277,413,413,192,13,68,0,0,0,0,0,19,0,5,0,0,0,3,0,0,0,0,0,0,1,0,0,0,0,0,0,0,0,0,0,2,1,1,0,0,0,0,124,48013,0,0,0,0,28,38,10,1,1,7,1,2,2,Flareon
3-13,11:08:42,NINTEN,Magneton,Rocket,30,Silph Co - 6F,2,24:44.22,24:44,0h24m44s,1,1,2,36,1:36,6.204,THUNDERBOLT,DOUBLE-EDGE,SonicBoom,REST,5,4849,380,52,5,202,200,87,16,7204,Flareon, ,Electric,Electric,49590,Magneton2,Magneton,,00:24:38.02,00:24:44.22,01:36:24.20,36,1,0,24,44,22,THUNDERBOLT,DOUBLE-EDGE,SonicBoom,REST,9,18,20,10,2,1,0,0,79,99,68,96,109,109,75,6184,10138,17428,6184,6184,11955,15,15,15,15,0,0,0,0,0,0,0,76,108,109,109,75,348993,162214,154485,30181,2113,5,1,0,4849,3740,1109,0,380,57,52,5,1,0,11269,6451,413,413,194,13,68,0,0,0,0,0,19,0,5,0,0,0,3,0,0,0,0,0,0,1,0,0,0,0,0,0,0,0,0,0,2,1,1,0,0,0,0,126,49465,0,0,0,0,28,38,10,1,1,7,1,2,2,Flareon
3-13,11:09:02,NINTEN,Magneton,Scientist,7,Silph Co - 6F,5,25:04.17,25:04,0h25m4s,1,1,2,37,1:37,16.608,THUNDERBOLT,DOUBLE-EDGE,SonicBoom,REST,5,4862,381,53,5,208,206,88,16,8074,Flareon, ,Electric,Electric,52697,Magneton2,Magneton,,00:24:47.56,00:25:04.17,01:37:43.00,37,1,0,25,4,17,THUNDERBOLT,DOUBLE-EDGE,SonicBoom,REST,4,17,20,10,2,1,0,0,67,102,69,98,112,112,77,6379,10393,17833,6574,6574,12240,15,15,15,15,0,0,0,0,0,0,0,77,110,112,112,77,353713,162605,158814,30181,2113,5,1,0,4862,3753,1109,0,381,58,53,5,1,0,11685,6743,428,428,200,13,69,0,0,0,0,0,19,0,5,0,0,0,3,0,0,0,0,0,0,1,0,0,0,0,0,0,0,0,0,0,2,1,1,0,0,0,0,131,52572,0,0,0,0,28,38,10,1,1,7,1,2,2,Flareon
3-13,11:09:30,NINTEN,Magneton,Scientist,6,Silph Co - 5F,4,25:31.73,25:31,0h25m31s,1,1,2,38,1:39,18.364,THUNDERBOLT,DOUBLE-EDGE,SonicBoom,REST,5,4896,384,54,5,213,211,89,15,9324,Flareon, ,Electric,Electric,55686,Magneton2,Magneton,,00:25:13.36,00:25:31.73,01:39:31.43,38,1,0,25,31,73,THUNDERBOLT,DOUBLE-EDGE,SonicBoom,REST,11,15,20,10,2,1,0,0,44,105,71,101,115,115,80,6559,10643,18213,6934,6934,12450,15,15,15,15,0,0,0,0,0,0,0,79,113,115,115,80,360236,163851,163558,30714,2113,5,1,0,4896,3787,1109,0,384,59,54,5,1,0,12102,6995,454,454,205,13,70,0,0,0,0,0,20,0,5,0,0,0,3,0,0,0,0,0,0,1,0,0,0,0,0,0,0,0,0,0,2,1,1,0,0,0,0,135,55561,0,0,0,0,29,38,10,1,1,7,1,2,2,Flareon
3-13,11:09:41,NINTEN,Magneton,Rocket,28,Silph Co - 5F,1,25:42.96,25:42,0h25m42s,1,1,2,38,1:40,4.175,THUNDERBOLT,DOUBLE-EDGE,SonicBoom,REST,5,4907,385,55,5,214,212,89,14,10624,Flareon, ,Electric,Electric,56725,Magneton2,Magneton,,00:25:38.79,00:25:42.96,01:40:15.39,38,1,0,25,42,96,THUNDERBOLT,DOUBLE-EDGE,SonicBoom,REST,10,15,20,10,2,1,0,0,84,105,71,101,115,115,80,6619,10728,18282,6999,6999,12530,15,15,15,15,0,0,0,0,0,0,0,79,113,115,115,80,362872,164204,164955,31600,2113,5,1,0,4907,3798,1109,0,385,60,55,5,1,0,12278,7082,454,454,206,13,70,0,0,0,0,0,21,0,5,0,0,0,3,0,0,0,0,0,0,1,0,0,0,0,0,0,0,0,0,0,2,1,1,0,0,0,0,136,56600,0,0,0,0,29,38,10,1,1,7,1,2,2,Flareon
3-13,11:10:03,NINTEN,Magneton,Rocket,25,Silph Co - 3F,3,26:04.58,26:04,0h26m4s,1,1,2,38,1:41,10.696,THUNDERBOLT,DOUBLE-EDGE,SonicBoom,REST,5,4972,390,56,5,218,216,90,15,11614,Flareon, ,Electric,Electric,59107,Magneton2,Magneton,,00:25:53.88,00:26:04.58,01:41:40.15,38,1,0,26,4,58,THUNDERBOLT,DOUBLE-EDGE,SonicBoom,REST,6,15,20,10,2,1,0,0,69,105,71,101,115,115,80,6814,10963,18472,7214,7214,12791,15,15,15,15,0,0,0,0,0,0,0,79,113,115,115,80,367948,166361,167874,31600,2113,5,1,0,4972,3863,1109,0,390,61,56,5,1,0,12822,7318,469,469,210,13,71,0,0,0,0,0,22,0,5,0,0,0,4,0,0,0,0,0,0,1,0,0,0,0,0,0,0,0,0,0,3,1,1,0,0,0,0,139,58982,0,0,0,0,30,38,10,1,1,7,1,2,2,Flareon
3-13,11:10:20,NINTEN,Magneton,Rocket,37,Silph Co - 9F,3,26:22.12,26:22,0h26m22s,1,1,2,39,1:42,9.396,THUNDERBOLT,DOUBLE-EDGE,SonicBoom,REST,5,5005,392,57,5,221,219,90,16,12454,Flareon, ,Electric,Electric,60787,Magneton2,Magneton,,00:26:12.72,00:26:22.12,01:42:49.13,39,1,0,26,22,12,THUNDERBOLT,DOUBLE-EDGE,SonicBoom,REST,3,15,20,10,2,1,0,0,71,107,73,104,118,118,82,7024,11171,18617,7379,7379,12893,15,15,15,15,0,0,0,0,0,0,0,82,117,118,118,82,372086,167789,170584,31600,2113,5,1,0,5005,3896,1109,0,392,62,57,5,1,0,13255,7562,469,469,213,13,71,0,0,0,0,0,22,0,5,0,0,0,4,0,0,0,0,0,0,1,0,0,0,0,0,0,0,0,0,0,3,1,1,0,0,0,0,142,60662,0,0,0,0,31,38,10,1,1,7,1,2,2,Flareon
3-13,11:10:38,NINTEN,Magneton,Hypno Rocket,38,Silph Co - 9F,3,26:39.93,26:39,0h26m39s,1,1,2,39,1:43,11.232,THUNDERBOLT,DOUBLE-EDGE,SonicBoom,REST,5,5028,394,58,5,225,223,91,16,13294,Flareon, ,Electric,Electric,63415,Magneton2,Magneton,,00:26:28.69,00:26:39.93,01:43:59.16,39,1,0,26,39,93,THUNDERBOLT,DOUBLE-EDGE,SonicBoom,REST,0,14,20,10,2,1,0,0,55,107,73,104,118,118,82,7244,11372,18802,7659,7659,13092,15,15,15,15,0,0,0,0,0,0,0,82,117,118,118,82,376289,168851,173725,31600,2113,5,1,0,5028,3919,1109,0,394,63,58,5,1,0,13800,7812,485,485,217,13,72,0,0,0,0,0,24,0,5,0,0,0,4,0,0,0,0,0,0,1,0,0,0,0,0,0,0,0,0,0,3,1,1,0,0,0,0,145,63290,0,0,0,0,31,38,10,1,1,7,1,2,2,Flareon
3-13,11:11:34,NINTEN,Magneton,Rival5-Silph,6,Silph Co - 7F,5,27:36.30,27:36,0h27m36s,1,1,2,41,1:47,39.833,THUNDERBOLT,DOUBLE-EDGE,SonicBoom,REST,6,5095,401,59,5,243,236,104,17,14134,Flareon, ,Electric,Electric,70322,Magneton2,Magneton,Rival (Silph Co.),00:26:56.47,00:27:36.30,01:47:42.23,41,1,0,27,36,30,THUNDERBOLT,DOUBLE-EDGE,SonicBoom,REST,17,11,20,8,2,1,0,0,55,112,77,109,124,124,86,7524,11792,19277,8149,8149,13467,15,15,15,15,0,0,0,0,0,0,0,86,122,124,124,86,389676,171445,183599,32519,2113,6,1,0,5095,3986,1109,0,401,64,59,5,1,0,14396,8283,684,684,228,16,81,0,0,0,0,0,24,0,5,0,0,1,4,0,0,0,0,0,0,2,0,0,0,0,2,1,0,0,0,0,3,1,3,0,0,0,0,150,70197,0,0,0,0,32,38,10,1,1,7,1,2,2,Flareon
3-13,11:11:56,NINTEN,Magneton,Rocket,45,Silph Co - 11F,3,27:58.05,27:58,0h27m58s,1,1,2,41,1:49,8.584,THUNDERBOLT,DOUBLE-EDGE,SonicBoom,REST,6,5103,401,60,5,246,239,104,16,16734,Flareon, ,Electric,Electric,72904,Magneton2,Magneton,,00:27:49.46,00:27:58.05,01:49:07.58,41,1,0,27,58,5,THUNDERBOLT,DOUBLE-EDGE,SonicBoom,REST,14,11,20,8,2,1,0,0,112,112,77,109,124,124,86,7689,12012,19501,8339,8339,13697,15,15,15,15,0,0,0,0,0,0,0,86,122,124,124,86,394811,172917,186149,33632,2113,6,1,0,5103,3994,1109,0,401,65,60,5,1,0,14780,8522,684,684,231,16,81,0,0,0,0,0,24,0,5,0,0,1,4,0,0,0,0,0,0,2,0,0,0,0,2,1,0,0,0,0,3,1,3,0,0,0,0,153,72779,0,0,0,0,32,38,10,1,1,7,1,2,2,Flareon
3-13,11:13:33,NINTEN,Magneton,Giovanni-Silph,2,Silph Co - 11F,4,29:34.88,29:34,0h29m34s,2,1,3,42,1:53,37.456,THUNDERBOLT,DOUBLE-EDGE,REFLECT,REST,7,5118,402,61,5,263,254,115,16,17664,Flareon, ,Electric,Electric,77721,Magneton2,Magneton,Giovanni (Silph),00:28:57.42,00:29:34.88,01:53:09.15,42,2,0,29,34,88,THUNDERBOLT,DOUBLE-EDGE,REFLECT,REST,19,7,19,9,2,1,0,0,68,115,79,112,128,128,88,7985,12321,19800,8564,8564,13978,15,15,15,15,0,-2,0,0,0,0,0,111,63,128,128,88,409293,174143,195548,37331,2271,7,2,0,5118,4009,1109,0,402,66,61,5,1,0,15440,8959,816,816,245,16,92,0,0,0,0,0,26,0,5,0,0,1,4,0,0,0,0,0,0,2,0,0,0,0,2,1,0,0,0,0,3,1,4,0,0,0,0,157,77596,0,0,0,0,32,38,10,1,1,8,1,2,3,Flareon
3-13,11:14:12,NINTEN,Magneton,Cooltrainer F,1,Celadon City - Gym,3,30:14.07,30:14,0h30m14s,2,1,3,43,1:55,10.537,THUNDERBOLT,DOUBLE-EDGE,REFLECT,REST,7,5242,408,62,5,266,257,115,16,21723,Flareon, ,Electric,Electric,79898,Magneton2,Magneton,,00:30:03.54,00:30:14.07,01:55:43.31,43,2,0,30,14,7,THUNDERBOLT,DOUBLE-EDGE,REFLECT,REST,21,15,20,10,2,1,0,0,69,118,81,114,130,130,90,8170,12538,19983,8814,8814,14133,15,15,15,15,0,0,0,0,0,0,0,91,128,130,130,90,418549,179057,198547,38674,2271,7,2,0,5242,4133,1109,0,408,67,62,5,1,0,15686,9160,865,865,248,16,92,0,0,0,0,0,26,0,5,0,0,1,4,0,0,0,0,0,0,2,0,0,0,0,2,1,0,0,0,0,3,1,4,0,0,0,0,160,79773,0,0,0,0,32,38,10,1,1,8,1,2,3,Flareon
3-13,11:14:39,NINTEN,Magneton,Erika,1,Celadon City - Gym,3,30:41.17,30:41,0h30m41s,2,1,3,43,1:57,16.143,THUNDERBOLT,DOUBLE-EDGE,REFLECT,REST,8,5245,409,63,5,272,263,120,15,22563,Flareon,Paralyzed,Electric,Electric,82903,Magneton2,Magneton,Erika,00:30:25.03,00:30:41.17,01:57:30.31,43,2,0,30,41,17,THUNDERBOLT,DOUBLE-EDGE,REFLECT,REST,15,15,20,10,2,1,0,0,65,118,81,114,130,130,90,8360,12748,20218,9084,9084,14288,15,15,15,15,0,0,0,0,0,0,0,91,128,130,130,22,424969,179813,202870,40015,2271,8,2,0,5245,4136,1109,0,409,68,63,5,1,0,16017,9416,918,918,254,16,97,0,0,0,0,0,27,0,6,0,0,1,4,1,0,0,0,0,0,2,0,0,0,0,2,1,3,0,0,0,3,1,4,0,0,0,0,163,82778,0,0,0,0,32,38,10,1,1,8,1,2,3,Flareon
3-13,11:15:11,NINTEN,Magneton,Juggler,3,Fuchsia City - Gym,4,31:13.02,31:13,0h31m13s,2,1,3,44,1:59,12.43,THUNDERBOLT,DOUBLE-EDGE,REFLECT,REST,8,5300,414,64,5,276,267,120,16,25731,Flareon, ,Electric,Electric,85894,Magneton2,Magneton,,00:31:00.59,00:31:13.02,01:59:35.44,44,2,0,31,13,2,THUNDERBOLT,DOUBLE-EDGE,REFLECT,REST,17,18,20,10,2,1,0,0,121,121,83,117,134,134,93,8580,12927,20383,9474,9474,14519,15,15,15,15,0,0,0,0,0,0,0,93,131,134,134,93,432482,183056,206414,40741,2271,8,2,0,5300,4191,1109,0,414,69,64,5,1,0,16498,9735,918,918,258,16,97,0,0,0,0,0,28,0,6,0,0,1,4,1,0,0,0,0,0,2,0,0,0,0,2,1,3,0,0,0,3,1,4,0,0,0,0,167,85769,0,0,0,0,32,38,10,1,1,8,1,2,3,Flareon
3-13,11:15:28,NINTEN,Magneton,Tamer,2,Fuchsia City - Gym,3,31:30.24,31:30,0h31m30s,2,1,3,44,2:00,11.203,THUNDERBOLT,DOUBLE-EDGE,REFLECT,REST,9,5307,421,65,5,280,271,121,16,26816,Flareon, ,Electric,Electric,89124,Magneton2,Magneton,,00:31:19.04,00:31:30.24,02:00:43.44,44,2,0,31,30,24,THUNDERBOLT,DOUBLE-EDGE,REFLECT,REST,15,16,20,10,2,1,0,0,95,121,83,117,134,134,93,8775,13197,20631,9659,9659,14744,15,15,15,15,0,0,0,0,0,0,0,93,131,134,134,93,436562,183441,209557,41293,2271,9,2,0,5307,4198,1109,0,421,70,65,5,1,0,16849,10006,944,944,262,16,98,0,0,0,0,0,29,0,6,0,0,1,4,1,0,0,0,0,0,2,0,0,0,0,2,1,3,0,0,0,3,1,4,0,0,0,0,170,88999,0,0,0,0,32,38,10,1,1,8,1,2,3,Flareon
3-13,11:15:40,NINTEN,Magneton,Juggler,4,Fuchsia City - Gym,2,31:42.12,31:42,0h31m42s,2,1,3,44,2:01,6.741,THUNDERBOLT,DOUBLE-EDGE,REFLECT,REST,9,5326,426,66,5,282,273,121,16,28136,Flareon, ,Electric,Electric,91067,Magneton2,Magneton,,00:31:35.38,00:31:42.12,02:01:30.37,44,2,0,31,42,12,THUNDERBOLT,DOUBLE-EDGE,REFLECT,REST,13,16,20,10,2,1,0,0,95,121,83,117,134,134,93,8920,13318,20746,9864,9864,14853,15,15,15,15,0,0,0,0,0,0,0,93,131,134,134,93,439375,184184,211627,41293,2271,9,2,0,5326,4217,1109,0,426,71,66,5,1,0,17095,10203,944,944,264,16,98,0,0,0,0,0,30,0,6,0,0,1,4,1,0,0,0,0,0,2,0,0,0,0,2,1,3,0,0,0,3,1,4,0,0,0,0,172,90942,0,0,0,0,32,38,10,1,1,8,1,2,3,Flareon
3-13,11:16:02,NINTEN,Magneton,Koga,1,Fuchsia City - Gym,4,32:04.13,32:04,0h32m4s,2,1,3,45,2:02,15.616,THUNDERBOLT,DOUBLE-EDGE,REFLECT,REST,10,5331,427,67,5,288,279,123,16,29326,Flareon, ,Electric,Electric,94759,Magneton2,Magneton,Koga,00:31:48.51,00:32:04.13,02:02:57.32,45,2,0,32,4,13,THUNDERBOLT,DOUBLE-EDGE,REFLECT,REST,7,16,20,10,2,1,0,0,40,123,85,120,137,137,95,9170,13548,20956,10074,10074,15078,15,15,15,15,0,0,-1,-1,0,0,0,106,151,90,90,95,444590,184713,215784,41822,2271,10,2,0,5331,4222,1109,0,427,72,67,5,1,0,17791,10695,1001,1001,270,16,100,0,0,0,0,0,31,0,6,0,0,1,5,1,0,0,0,0,0,2,0,0,0,0,2,1,3,0,0,0,3,1,4,0,0,0,0,176,94634,0,0,0,0,32,38,10,1,1,8,1,2,3,Flareon
3-13,11:16:57,NINTEN,Magneton,Fisher,7,Route 21,4,32:59.41,32:59,0h32m59s,2,1,3,46,2:06,14.643,THUNDERBOLT,DOUBLE-EDGE,REFLECT,REST,10,5483,445,68,5,292,283,123,16,34276,Flareon, ,Electric,Electric,98485,Magneton2,Magneton,,00:32:44.76,00:32:59.41,02:06:35.41,46,2,0,32,59,41,THUNDERBOLT,DOUBLE-EDGE,REFLECT,REST,17,18,20,10,2,1,0,0,126,126,87,122,140,140,97,9455,13891,21211,10364,10364,15345,15,15,15,15,0,0,0,0,0,0,0,97,137,140,140,109,457679,190441,219824,45143,2271,10,2,0,5483,4345,1109,29,445,73,68,5,1,0,19211,11023,1001,1001,274,16,100,0,0,0,0,0,32,0,6,0,0,1,5,1,0,0,0,0,0,2,0,0,0,0,2,1,3,0,0,0,3,1,4,0,0,0,0,180,98360,0,0,0,0,33,38,10,1,1,9,1,2,3,Flareon
3-13,11:19:02,NINTEN,Magneton,Psychic,3,Saffron City - Gym,3,35:04.57,35:04,0h35m4s,2,1,3,57,2:14,8.84,THUNDERBOLT,DOUBLE-EDGE,REFLECT,REST,10,6217,498,69,6,295,286,123,16,35256,Flareon, ,Electric,Electric,187750,Magneton2,Magneton,,00:34:55.73,00:35:04.57,02:14:48.11,57,2,0,35,4,57,THUNDERBOLT,DOUBLE-EDGE,REFLECT,REST,14,18,20,10,2,1,0,0,154,154,107,150,173,173,120,9730,14096,21451,10524,10524,17965,15,15,15,15,0,0,0,0,0,0,0,120,168,173,173,135,487229,208344,223173,53441,2271,10,2,0,6217,4837,1252,128,498,75,69,6,2,0,20808,11347,1001,1001,277,16,100,0,0,0,0,0,32,0,6,0,0,1,5,1,0,0,0,0,0,2,0,0,0,0,2,1,3,0,0,0,3,1,4,0,0,0,0,183,100917,0,0,0,0,38,38,10,1,1,9,1,2,3,Flareon
3-13,11:19:12,NINTEN,Magneton,Psychic,4,Saffron City - Gym,1,35:14.19,35:14,0h35m14s,2,1,3,57,2:15,4.307,THUNDERBOLT,DOUBLE-EDGE,REFLECT,REST,10,6227,500,70,6,296,287,123,16,35586,Flareon, ,Electric,Electric,189085,Magneton2,Magneton,,00:35:09.89,00:35:14.19,02:15:25.50,57,2,0,35,14,19,THUNDERBOLT,DOUBLE-EDGE,REFLECT,REST,13,18,20,10,2,1,0,0,154,154,107,150,173,173,120,9825,14171,21561,10604,10604,17995,15,15,15,15,0,0,0,0,0,0,0,120,168,173,173,135,489488,209091,224685,53441,2271,10,2,0,6227,4847,1252,128,500,76,70,6,2,0,21102,11473,1001,1001,278,16,100,0,0,0,0,0,32,0,6,0,0,1,5,1,0,0,0,0,0,2,0,0,0,0,2,1,3,0,0,0,3,1,4,0,0,0,0,184,102252,0,0,0,0,38,38,10,1,1,9,1,2,3,Flareon
3-13,11:19:33,NINTEN,Magneton,Sabrina,1,Saffron City - Gym,3,35:34.61,35:34,0h35m34s,2,1,3,57,2:16,13.38,THUNDERBOLT,DOUBLE-EDGE,REFLECT,REST,11,6234,510,71,6,300,291,124,16,35966,Flareon, ,Electric,Electric,193410,Magneton2,Magneton,Sabrina,00:35:21.23,00:35:34.61,02:16:46.23,57,2,0,35,34,61,THUNDERBOLT,DOUBLE-EDGE,REFLECT,REST,13,14,20,10,2,1,0,0,59,154,107,150,173,173,120,9945,14276,21651,10964,10964,18310,15,15,15,15,0,0,0,0,0,0,0,120,168,173,173,135,494321,209751,228329,53970,2271,11,2,0,6234,4854,1252,128,510,77,71,6,2,0,21626,11858,1096,1096,282,16,100,0,0,0,0,0,32,0,6,0,0,1,5,1,0,0,0,0,0,2,0,0,0,0,2,1,3,0,0,0,3,1,4,0,0,0,0,187,106577,0,0,0,0,38,38,10,1,1,9,1,2,3,Flareon
3-13,11:20:34,NINTEN,Magneton,Blaine,1,Cinnabar Island - Gym,3,36:35.84,36:35,0h36m35s,2,1,3,58,2:20,14.91,THUNDERBOLT,DOUBLE-EDGE,REFLECT,REST,12,6356,537,72,6,306,297,127,17,40916,Flareon, ,Electric,Electric,199760,Magneton2,Magneton,Blaine,00:36:20.93,00:36:35.84,02:20:47.44,58,2,0,36,35,84,THUNDERBOLT,DOUBLE-EDGE,REFLECT,REST,16,18,19,10,2,1,0,0,148,157,109,154,176,176,123,10173,14562,21876,11224,11224,18610,15,15,15,15,0,-1,0,0,0,0,0,122,113,176,176,138,508802,218157,232523,55851,2271,12,2,0,6356,4976,1252,128,537,78,72,6,2,0,22294,12295,1105,1105,288,16,103,0,0,0,0,0,33,0,6,0,0,1,5,1,0,0,0,0,0,2,0,0,0,0,2,1,3,0,0,0,3,1,4,0,0,0,0,190,112927,0,0,0,0,38,38,10,1,1,9,1,2,3,Flareon
3-13,11:21:05,NINTEN,Magneton,Cooltrainer M,10,Viridian City - Gym,1,37:07.07,37:07,0h37m7s,2,1,3,58,2:22,11.74,THUNDERBOLT,DOUBLE-EDGE,REFLECT,REST,12,6435,538,73,6,310,301,130,18,46262,Flareon, ,Electric,Electric,201003,Magneton2,Magneton,,00:36:55.34,00:37:07.07,02:22:51.05,58,2,0,37,7,7,THUNDERBOLT,DOUBLE-EDGE,REFLECT,REST,21,14,20,10,2,1,0,0,103,157,109,154,176,176,123,10253,14647,21971,11254,11254,18635,15,15,15,15,0,-1,0,0,0,0,0,137,113,222,222,155,516203,221940,235874,56118,2271,12,2,0,6435,5055,1252,128,538,79,73,6,2,0,22438,12423,1159,1159,292,16,106,0,0,0,0,0,34,0,6,0,0,1,5,1,0,0,0,0,0,2,0,0,0,0,2,1,3,0,0,0,3,1,4,0,0,0,0,191,114170,0,0,0,0,38,38,10,1,1,9,1,2,3,Flareon
3-13,11:21:18,NINTEN,Magneton,Blackbelt,8,Viridian City - Gym,3,37:19.73,37:19,0h37m19s,2,1,3,58,2:23,8.714,THUNDERBOLT,DOUBLE-EDGE,REFLECT,REST,12,6443,541,74,6,313,304,130,18,47767,Flareon, ,Electric,Electric,204094,Magneton2,Magneton,,00:37:11.01,00:37:19.73,02:23:40.54,58,2,0,37,19,73,THUNDERBOLT,DOUBLE-EDGE,REFLECT,REST,18,14,20,10,2,1,0,0,103,157,109,154,176,176,123,10483,14927,22161,11389,11389,18760,15,15,15,15,0,0,0,0,0,0,0,122,173,198,198,138,519192,222366,238437,56118,2271,12,2,0,6443,5063,1252,128,541,80,74,6,2,0,23324,12758,1159,1159,295,16,106,0,0,0,0,0,34,0,6,0,0,1,5,1,0,0,0,0,0,2,0,0,0,0,2,1,3,0,0,0,3,1,4,0,0,0,0,194,117261,0,0,0,0,38,38,10,1,1,9,1,2,3,Flareon
3-13,11:22:26,NINTEN,Magneton,Giovanni,3,Viridian City - Gym,5,38:28.45,38:28,0h38m28s,2,1,3,59,2:28,44.461,THUNDERBOLT,DOUBLE-EDGE,MIMIC,REST,13,6511,552,75,6,337,326,146,16,48717,Flareon, ,Electric,Electric,214315,Magneton2,Magneton,Giovanni,00:37:43.99,00:38:28.45,02:28:13.03,59,2,0,38,28,45,THUNDERBOLT,DOUBLE-EDGE,MIMIC,REST,16,2,3,9,2,1,0,0,102,160,111,156,180,180,125,10859,15381,22555,11719,11719,19196,15,15,15,15,0,0,0,0,0,0,6,247,349,406,406,280,535521,224394,249496,59360,2271,13,2,0,6511,5131,1252,128,552,81,75,6,2,0,24484,13518,1359,1359,309,28,107,0,0,0,0,0,37,0,6,0,0,1,5,1,0,0,0,0,0,2,0,0,0,0,2,1,3,0,0,0,3,1,5,0,0,0,0,199,127482,0,0,0,0,38,38,10,1,1,10,1,2,3,Flareon
3-13,11:23:45,NINTEN,Magneton,Rival6-Route 22,9,Route 22,6,39:46.96,39:46,0h39m46s,2,1,3,60,2:33,50.53,THUNDERBOLT,DOUBLE-EDGE,MIMIC,REST,14,6649,576,76,6,356,340,163,17,54162,Flareon, ,Electric,Electric,224279,Magneton2,Magneton,Rival (Final),00:38:56.43,00:39:46.96,02:33:24.13,60,2,0,39,46,96,THUNDERBOLT,DOUBLE-EDGE,MIMIC,REST,18,16,3,8,2,1,0,0,163,163,113,159,183,183,127,11199,15841,23110,12269,12269,19611,15,15,15,15,-1,-2,-1,-1,0,0,0,117,88,169,169,12,554191,229594,262231,60095,2271,14,2,0,6649,5269,1252,128,576,82,76,6,2,0,25678,14235,1549,1549,321,33,114,0,0,0,0,0,43,0,8,0,0,2,6,2,0,0,0,0,0,2,0,0,0,0,4,2,6,0,0,0,4,1,7,0,0,0,0,205,137446,0,0,0,0,38,38,10,1,1,10,1,2,3,Flareon
3-13,11:24:49,NINTEN,Magneton,Cooltrainer F,5,Victory Road,2,40:51.43,40:51,0h40m51s,2,1,3,61,2:37,7.725,THUNDERBOLT,DOUBLE-EDGE,MIMIC,REST,14,6966,629,77,6,358,342,163,18,57607,Flareon, ,Electric,Electric,227351,Magneton2,Magneton,,00:40:43.70,00:40:51.43,02:37:39.38,61,2,0,40,51,43,THUNDERBOLT,DOUBLE-EDGE,MIMIC,REST,16,16,3,8,2,1,0,0,166,166,115,162,186,186,130,11337,15987,23245,12434,12434,19826,15,15,15,15,0,0,0,0,0,0,0,129,182,209,209,146,569516,241300,264481,61464,2271,14,2,0,6966,5426,1376,164,629,83,77,6,2,0,26121,14478,1549,1549,323,33,114,0,0,0,0,0,44,0,8,0,0,2,6,2,0,0,0,0,0,2,0,0,0,0,4,2,6,0,0,0,4,1,7,0,0,0,0,207,140518,0,0,0,0,39,38,10,1,1,10,1,2,3,Flareon
3-13,11:25:58,NINTEN,Magneton,Cooltrainer M,3,Victory Road,3,41:59.80,41:59,0h41m59s,2,1,3,61,2:42,9.759,THUNDERBOLT,DOUBLE-EDGE,MIMIC,REST,14,7185,687,78,10,363,347,163,17,59147,Flareon, ,Electric,Electric,235021,Magneton2,Magneton,,00:41:50.05,00:41:59.80,02:42:09.57,61,2,0,41,59,80,THUNDERBOLT,DOUBLE-EDGE,MIMIC,REST,11,16,3,8,2,1,0,0,166,166,115,162,186,186,130,11706,16450,23665,12814,12814,20214,15,15,15,15,0,0,0,0,0,0,0,129,182,209,209,146,585735,249222,271174,63068,2271,14,2,0,7185,5426,1595,164,687,88,78,10,4,0,28183,15089,1549,1549,328,33,114,0,0,0,0,0,45,0,8,0,0,2,6,2,0,0,0,0,0,2,0,0,0,0,4,2,6,0,0,0,4,1,7,0,0,0,0,212,148188,0,0,0,0,39,38,10,1,1,10,1,2,3,Flareon
3-13,11:27:34,NINTEN,Magneton,Lorelei,1,Lorelei's Room,5,43:36.05,43:36,0h43m36s,3,1,4,62,2:46,24.569,THUNDERBOLT,DOUBLE-EDGE,MIMIC,REST,15,7347,720,79,11,372,356,167,18,48652,Flareon, ,Electric,Electric,245530,Magneton2,Magneton,Lorelei,00:43:11.47,00:43:36.05,02:46:45.44,62,3,0,43,36,5,THUNDERBOLT,DOUBLE-EDGE,MIMIC,REST,17,17,6,10,2,1,0,0,101,169,117,164,189,189,132,12136,16825,24150,13264,13264,20539,15,15,15,15,0,0,6,6,0,0,0,185,261,850,850,209,602287,255658,278345,65856,2428,15,3,0,7347,5465,1718,164,720,90,79,11,5,0,30686,15924,1617,1617,334,33,115,0,0,0,0,0,46,0,8,0,0,2,6,2,0,0,0,0,0,2,0,0,0,0,4,2,6,0,0,0,4,1,7,0,0,0,0,217,158697,0,0,0,0,39,42,10,1,1,10,1,2,4,Flareon
3-13,11:28:17,NINTEN,Magneton,Bruno,1,Bruno's Room,5,44:19.21,44:19,0h44m19s,3,1,4,63,2:49,30.938,THUNDERBOLT,DOUBLE-EDGE,MIMIC,REST,16,7360,721,80,11,389,367,174,18,54196,Flareon, ,Electric,Electric,253737,Magneton2,Magneton,Bruno,00:43:48.27,00:44:19.21,02:49:36.17,63,3,0,44,19,21,THUNDERBOLT,DOUBLE-EDGE,MIMIC,REST,17,18,3,10,2,1,0,0,51,171,119,168,193,193,134,12396,17270,24682,13459,13459,20897,15,15,15,15,0,0,0,0,0,0,0,133,189,217,217,150,612520,256672,286197,67223,2428,16,3,0,7360,5478,1718,164,721,91,80,11,5,0,31939,16583,1737,1737,344,39,117,0,0,0,0,0,47,0,9,0,0,2,6,2,0,0,0,0,0,2,0,0,0,0,4,2,6,0,0,0,4,1,7,0,0,0,0,222,166904,0,0,0,0,39,42,10,1,1,10,1,2,4,Flareon
3-13,11:29:11,NINTEN,Magneton,Agatha,1,Agatha's Room,5,45:13.54,45:13,0h45m13s,4,1,5,64,2:52,27.323,THUNDERBOLT,DOUBLE-EDGE,MIMIC,REST,17,7371,724,81,11,399,377,178,18,59938,Flareon, ,Electric,Electric,263823,Magneton2,Magneton,Agatha,00:44:46.22,00:45:13.54,02:52:09.55,64,4,0,45,13,54,THUNDERBOLT,DOUBLE-EDGE,MIMIC,REST,13,18,8,10,2,1,0,0,102,175,122,170,196,196,136,12696,17615,24986,13974,13974,21382,15,15,15,15,0,0,0,0,0,0,0,137,191,220,220,153,621743,257626,293166,68366,2585,17,4,0,7371,5489,1718,164,724,92,81,11,5,0,33219,17303,1768,1768,353,42,118,0,0,0,0,0,49,0,10,0,0,2,7,2,0,0,0,0,0,2,0,0,0,0,4,2,6,0,0,0,5,1,7,0,0,0,0,227,176990,0,0,0,0,39,42,10,1,1,10,1,2,5,Flareon
3-13,11:29:49,NINTEN,Magneton,Lance,1,Lance's Room,5,45:50.89,45:50,0h45m50s,4,1,5,65,2:54,22.183,THUNDERBOLT,DOUBLE-EDGE,MIMIC,REST,18,7421,726,82,11,406,384,181,18,65878,Flareon, ,Electric,Electric,275429,Magneton2,Magneton,Lance,00:45:28.70,00:45:50.89,02:54:37.22,65,4,0,45,50,89,THUNDERBOLT,DOUBLE-EDGE,MIMIC,REST,18,18,6,10,2,1,0,0,71,177,123,174,200,200,139,13084,18147,25355,14374,14374,21813,15,15,15,15,0,0,0,0,0,0,0,138,195,225,225,156,630590,259405,298858,69742,2585,18,4,0,7421,5539,1718,164,726,93,82,11,5,0,34911,18145,1874,1874,360,42,121,0,0,0,0,0,50,0,10,0,0,2,7,2,0,0,0,0,0,2,0,0,0,0,4,2,6,0,0,0,5,1,7,0,0,0,0,232,188596,0,0,0,0,39,42,10,1,1,10,1,2,5,Flareon
3-13,11:33:25,NINTEN,Magneton,Champion,2,Champions Room,6,49:27.07,49:27,0h49m27s,7,1,8,67,3:03,107.733,THUNDERBOLT,BIDE,REFLECT,REST,19,7429,726,83,11,442,406,210,13,72016,Flareon, ,Electric,Electric,302347,Magneton2,Magneton,Champion,00:47:39.34,00:49:27.07,03:03:39.16,67,7,0,49,27,7,THUNDERBOLT,BIDE,REFLECT,REST,5,9,19,6,2,0,0,0,108,183,128,179,206,206,143,13474,18677,25930,15004,15004,22258,15,15,15,15,0,-6,0,0,0,-1,0,144,49,231,231,160,663109,261045,325106,74216,2742,19,5,0,7429,5547,1718,164,726,94,83,11,5,0,36685,19474,2469,2469,375,49,143,0,0,0,0,0,51,0,12,0,0,2,7,2,0,0,0,0,0,2,0,0,0,0,4,2,6,0,0,0,5,1,14,0,0,0,0,238,203447,0,0,0,0,39,42,10,1,1,12,1,2,8,Flareon
3-13,11:33:47,NINTEN,Magneton,Champion,2,Hall of Fame,6,49:27.08,49:27,0h49m27s,7,1,8,67,3:05,130.062,THUNDERBOLT,BIDE,REFLECT,REST,19,7438,727,83,11,442,406,210,13,78451,Flareon, ,Electric,Electric,302347,Magneton2,Magneton,Champion,00:47:39.34,00:49:27.08,03:05:07.46,67,7,0,49,27,8,THUNDERBOLT,BIDE,REFLECT,REST,5,9,19,6,2,0,0,0,108,183,128,179,206,206,143,13474,18677,25930,15004,15004,22258,15,15,15,15,0,-6,0,0,0,-1,0,144,49,231,231,160,668419,265889,325572,74216,2742,19,5,0,7438,5556,1718,164,727,94,83,11,5,0,36685,19474,2469,2469,375,49,143,0,0,0,0,0,51,0,12,0,0,2,7,2,0,0,0,0,0,2,0,0,0,0,4,2,6,0,0,0,5,1,14,0,0,0,0,238,203447,0,0,0,0,39,42,10,1,1,12,1,2,8,Flareon
