date_string,time_string,player_name,pokemon,trainer_name,trainer_id,location,total_pokemon,real_time_total,real_time_hmmss,real_time_file_label,resets,blackouts,failures,level,game_time,battle_duration,move1,move2,move3,move4,move1pp,move2pp,move3pp,move4pp,move1ppUp,move2ppUp,move3ppUp,move4ppUp,saves,steps,bonks,trainerBattles,wildBattles,battleTurns,playerTurns,enemyTurns,itemsInBag,money,rivalTeam,statusCondition,type1,type2,experience,ROM,Species,Trainer,Start Time,Real Time,Game Time,Level,Resets,RTHours,RTMinutes,RTSeconds,RTMilliseconds,Move 1,Move 2,Move 3,Move 4,Hp,Max HP,Attack,Defense,Sp. Attack,Sp. Defense,Speed,Attack DV,Defense DV,Speed DV,Special DV,StatExp HP,StatExp Attack,StatExp Def,StatExp Sp. Attack,StatExp Sp. Defense,StatExp Speed,Attack Stage,Defense Stage,Sp. Attack Stage,Sp. Defense Stage,Speed Stage,Accuracy Stage,Evasion Stage,Battle Attack,Battle Defense,Battle Sp. Attack,Battle Sp. Defense,Battle Speed,Frame Count,Overworld Frame Count,Battle Frame Count,Menu Frame Count,Intro Frame Count,Save Count,Reload Count,Clock Reset Count,Steps Count,Steps Count Walk,Steps Count Bike,Steps Count Surf,Bonks,Battles,Trainer Battles,Wild Battles,Battles Fled,Failed Runs,Total Damage Dealt,Actual Damage Dealt,Total Damage Taken,Actual Damage Taken,Own Moves Hit,Own Moves Missed,Enemy Moves Hit,Enemy Moves Missed,Own Moves Super Effective,Own Moves Not Very Effective,Enemy Moves Super Effective,Enemy Moves Not Very Effective,Criticals Dealt,OHKOs Dealt,Criticals Taken,OHKOs Taken,Was Confused,Enemy Became Confused,Was Paralyzed,Enemy Was Paralyzed,Was Burned,Enemy Was Burned,Was Frozen,Enemy Was Frozen,Was Poisoned,Enemy Was Poisoned,Was Badly Poisoned,Enemy Was Badly Poisoned,Fell Asleep,Enemy Fell Asleep,Player Turns Confused,Player Turns Confused Hit Self,Player Turns Paralyzed,Player Turns Paralyzed Fully,Enemy Turns Confused,Enemy Turns Confused Hit Self,Enemy Turns Paralyzed,Enemy Turns Paralyzed Fully, Player Turns Asleep, Enemy Turns Asleep,Player HP Healed,Enemy HP Healed,Player Pokemon Fainted,Enemy Pokemon Fainted,Experience Gained,Switchouts,Money Made,Money Spent,Money Lost,Items Picked Up,Items Bought,Items Sold,Balls Thrown,Pokemon Caught In Balls,Moves Learnt,Blackouts,Attempt Number,Failures, Rival's Team
4-25,13:33:23,NINTEN,NidoranF,Rival1-Lab,1,Pallet Town - Oak's Lab,1,48.47,48,0h0m48s,0,0,0,6,0:02,14.152,TACKLE,GROWL,,,0,72,3,1,1,6,6,6,0,3000,Jolteon, ,Poison,Poison,232,NidoranF2,NidoranF,Rival (Lab),00:00:34.32,00:00:48.47,00:02:39.00,6,0,0,0,48,47,TACKLE,GROWL,,,30,39,0,0,0,0,0,0,7,24,12,13,11,11,11,55,55,50,65,65,55,15,15,15,15,0,-2,0,0,0,0,0,12,6,11,11,11,11484,4915,4597,0,1972,0,0,0,72,72,0,0,3,2,1,1,0,0,21,21,17,17,6,1,5,0,0,0,0,0,1,0,0,0,0,0,0,0,0,0,0,0,0,0,0,0,0,0,0,0,0,0,0,0,0,0,0,0,0,0,0,1,97,0,0,0,0,0,0,0,0,0,0,0,2,0,Jolteon
4-25,13:34:56,NINTEN,NidoranF,Bug Catcher,1,Viridian Forest,2,2:21.71,2:21,0h2m21s,0,0,0,8,0:08,21.573,TACKLE,GROWL,SCRATCH,,0,549,35,2,2,18,18,17,2,175,Flareon, ,Poison,Poison,390,NidoranF2,NidoranF,,00:02:00.14,00:02:21.71,00:08:47.35,8,0,0,2,21,71,TACKLE,GROWL,SCRATCH,,23,40,35,0,0,0,0,0,5,29,15,15,13,13,14,145,115,120,105,105,145,15,15,15,15,0,0,0,0,0,0,0,15,15,13,13,14,33599,20531,11096,0,1972,0,0,0,549,549,0,0,35,4,2,2,0,0,69,69,41,41,18,4,13,0,0,0,0,0,1,0,0,0,0,0,0,0,0,0,0,0,0,0,0,0,0,0,0,0,0,0,0,0,0,0,0,0,0,0,0,3,255,0,0,0,0,0,11,0,0,0,0,0,2,0,Flareon
4-25,13:35:31,NINTEN,NidoranF,Bug Catcher,2,Viridian Forest,3,2:57.29,2:57,0h2m57s,0,0,0,10,0:11,28.735,SCRATCH,GROWL,TACKLE,,0,569,37,3,2,34,34,30,2,245,Flareon, ,Poison,Poison,639,NidoranF2,NidoranF,,00:02:28.56,00:02:57.29,00:11:08.24,10,0,0,2,57,29,SCRATCH,GROWL,TACKLE,,19,40,23,0,0,0,0,0,28,34,17,18,16,16,16,290,185,265,175,175,250,15,15,15,15,0,0,0,0,0,0,0,17,18,16,16,16,42048,21275,18370,431,1972,0,0,0,569,569,0,0,37,5,3,2,0,0,141,135,43,43,34,6,14,0,0,0,0,0,2,0,0,0,0,0,0,0,0,0,0,0,0,0,0,0,0,0,0,0,0,0,0,0,0,0,0,0,0,0,0,6,504,0,0,0,0,0,11,0,0,0,1,0,2,0,Flareon
4-25,13:36:00,NINTEN,NidoranF,Bug Catcher,15,Viridian Forest,2,3:25.68,3:25,0h3m25s,0,0,0,11,0:13,22.893,SCRATCH,GROWL,TACKLE,,0,602,38,4,2,46,46,42,2,305,Flareon, ,Poison,Poison,852,NidoranF2,NidoranF,,00:03:02.79,00:03:25.68,00:13:00.57,11,0,0,3,25,68,SCRATCH,GROWL,TACKLE,,7,40,23,0,0,0,0,0,18,36,19,20,17,17,17,385,235,355,220,220,325,15,15,15,15,0,0,0,0,-2,0,0,19,20,17,17,8,48801,22122,24276,431,1972,0,0,0,602,602,0,0,38,6,4,2,0,0,205,188,55,55,46,6,21,0,0,0,0,0,3,0,0,0,0,0,0,0,0,0,0,0,0,0,0,0,0,0,0,0,0,0,0,0,0,0,0,0,0,0,0,8,717,0,0,0,0,1,11,0,0,0,1,0,2,0,Flareon
4-25,13:36:15,NINTEN,NidoranF,Bug Catcher,3,Viridian Forest,1,3:40.74,3:40,0h3m40s,0,0,0,11,0:14,9.503,SCRATCH,GROWL,TACKLE,,0,650,38,5,2,50,50,46,2,385,Flareon, ,Poison,Poison,964,NidoranF2,NidoranF,,00:03:31.24,00:03:40.74,00:14:00.30,11,0,0,3,40,74,SCRATCH,GROWL,TACKLE,,3,40,23,0,0,0,0,0,18,36,19,20,17,17,17,430,265,390,240,240,370,15,15,15,15,0,0,0,0,-4,0,0,19,20,17,17,5,52374,23016,26955,431,1972,0,0,0,650,650,0,0,38,7,5,2,0,0,240,218,55,55,50,6,25,0,0,0,0,0,4,0,0,0,0,0,0,0,0,0,0,0,0,0,0,0,0,0,0,0,0,0,0,0,0,0,0,0,0,0,0,9,829,0,0,0,0,1,11,0,0,0,1,0,2,0,Flareon
4-25,13:36:50,NINTEN,NidoranF,Jr Trainer M,1,Pewter City - Gym,2,4:16.33,4:16,0h4m16s,0,0,0,13,0:16,19.248,DOUBLE KICK,GROWL,TACKLE,SCRATCH,0,768,42,6,2,57,57,52,2,485,Flareon, ,Poison,Poison,1298,NidoranF2,NidoranF,,00:03:57.08,00:04:16.33,00:16:21.03,13,0,0,4,16,33,DOUBLE KICK,GROWL,TACKLE,SCRATCH,26,40,35,32,0,0,0,0,14,41,21,23,19,19,20,490,395,500,315,315,505,15,15,15,15,0,0,0,0,0,0,0,21,23,19,19,20,60807,26347,32057,431,1972,0,0,0,768,768,0,0,42,8,6,2,0,0,308,269,82,82,57,6,31,0,0,0,0,0,5,0,1,0,0,0,0,0,0,0,0,0,0,0,0,0,0,0,0,0,0,0,0,0,0,0,0,0,0,0,0,11,1163,0,0,0,0,1,11,0,0,0,2,0,2,0,Flareon
4-25,13:37:15,NINTEN,NidoranF,Brock,1,Pewter City - Gym,2,4:40.86,4:40,0h4m40s,0,0,0,14,0:17,17.077,DOUBLE KICK,GROWL,TACKLE,SCRATCH,0,772,42,7,2,63,63,57,2,665,Flareon, ,Poison,Poison,1758,NidoranF2,NidoranF,Brock,00:04:23.80,00:04:40.86,00:17:57.48,14,0,0,4,40,86,DOUBLE KICK,GROWL,TACKLE,SCRATCH,20,40,35,32,0,0,0,0,25,44,23,24,21,21,21,565,520,760,375,375,595,15,15,15,15,0,-4,0,0,0,0,0,23,7,21,21,21,66612,26873,36706,1061,1972,0,0,0,772,772,0,0,42,9,7,2,0,0,377,330,101,101,63,6,36,0,0,0,0,0,5,0,1,0,0,0,0,0,0,0,0,0,0,0,0,0,0,0,0,0,0,0,0,0,0,0,0,0,0,0,0,13,1623,0,0,0,0,1,11,0,0,0,2,0,2,0,Flareon
4-25,13:37:48,NINTEN,NidoranF,Bug Catcher,4,Route 3,3,5:14.01,5:14,0h5m14s,0,0,0,15,0:20,20.005,DOUBLE KICK,GROWL,TACKLE,SCRATCH,0,843,43,8,2,72,72,65,3,1853,Flareon, ,Poison,Poison,2093,NidoranF2,NidoranF,,00:04:54.01,00:05:14.01,00:20:09.04,15,0,0,5,14,1,DOUBLE KICK,GROWL,TACKLE,SCRATCH,20,40,35,23,0,0,0,0,13,46,24,26,22,22,22,695,615,860,435,435,735,15,15,15,15,0,0,0,0,-1,0,0,27,26,22,22,14,74488,28991,42464,1061,1972,0,0,0,843,843,0,0,43,10,8,2,0,0,480,419,115,115,72,7,43,0,0,0,0,0,5,0,1,0,0,0,0,0,0,0,0,0,0,0,0,0,0,0,0,0,0,0,0,0,0,0,0,0,0,0,0,16,1958,0,0,0,0,1,11,0,0,0,2,0,2,0,Flareon
4-25,13:38:06,NINTEN,NidoranF,Youngster Ben,1,Route 3,2,5:31.58,5:31,0h5m31s,0,0,0,15,0:21,11.71,DOUBLE KICK,GROWL,TACKLE,SCRATCH,0,847,43,9,2,78,76,67,3,1953,Flareon, ,Poison,Poison,2371,NidoranF2,NidoranF,,00:05:19.86,00:05:31.58,00:21:18.01,15,0,0,5,31,58,DOUBLE KICK,GROWL,TACKLE,SCRATCH,19,40,35,20,0,0,0,0,37,46,24,26,22,22,22,760,731,939,500,500,862,15,15,15,15,0,-1,0,0,0,0,0,30,17,22,22,22,78625,29211,45753,1689,1972,0,0,0,847,847,0,0,43,11,9,2,0,0,553,478,124,124,76,7,45,0,0,0,0,0,5,0,1,0,0,0,0,0,0,0,0,0,0,0,0,0,0,0,0,0,0,0,0,0,0,0,0,0,0,0,0,18,2236,0,0,0,0,1,11,0,0,0,2,0,2,0,Flareon
4-25,13:38:20,NINTEN,NidoranF,Lass,2,Route 3,2,5:45.65,5:45,0h5m45s,0,0,0,16,0:22,10.095,DOUBLE KICK,GROWL,TACKLE,SCRATCH,0,855,44,10,2,82,80,69,3,2118,Flareon, ,Poison,Poison,2619,NidoranF2,NidoranF,,00:05:35.55,00:05:45.65,00:22:13.34,16,0,0,5,45,65,DOUBLE KICK,GROWL,TACKLE,SCRATCH,18,40,35,17,0,0,0,0,37,49,25,27,23,23,24,836,844,1014,565,565,984,15,15,15,15,0,-1,0,0,0,0,0,28,17,23,23,24,81958,29659,48638,1689,1972,0,0,0,855,855,0,0,44,12,10,2,0,0,620,535,127,127,80,7,47,0,0,0,0,0,6,0,1,0,0,0,0,0,0,0,0,0,0,0,0,0,0,0,0,0,0,0,0,0,0,0,0,0,0,0,0,20,2484,0,0,0,0,1,11,0,0,0,2,0,2,0,Flareon
4-25,13:38:47,NINTEN,NidoranF,Bug Catcher,5,Route 3,4,6:12.85,6:12,0h6m12s,0,0,0,16,0:24,22.874,DOUBLE KICK,GROWL,TACKLE,SCRATCH,0,855,55,11,2,94,92,77,3,2268,Flareon, ,Poison,Poison,3094,NidoranF2,NidoranF,,00:05:49.98,00:06:12.85,00:24:00.59,16,0,0,6,12,85,DOUBLE KICK,GROWL,TACKLE,SCRATCH,18,40,35,5,0,0,0,0,34,49,25,27,23,23,24,1016,954,1184,655,655,1144,15,15,15,15,0,0,0,0,0,0,0,28,27,23,23,24,88403,29851,54891,1689,1972,0,0,0,855,855,0,0,55,13,11,2,0,0,740,647,130,130,92,7,49,0,0,0,0,0,6,0,1,0,0,0,0,0,0,0,0,0,0,0,0,0,0,0,0,0,0,0,0,0,0,0,0,0,0,0,0,24,2959,0,0,0,0,1,11,0,0,0,2,0,2,0,Flareon
4-25,13:39:12,NINTEN,NidoranF,Bug Catcher,6,Route 3,2,6:38.40,6:38,0h6m38s,0,0,0,17,0:25,20.689,DOUBLE KICK,GROWL,TACKLE,SCRATCH,0,873,55,12,2,103,101,85,3,2358,Flareon, ,Poison,Poison,3387,NidoranF2,NidoranF,,00:06:17.72,00:06:38.40,00:25:42.16,17,0,0,6,38,40,DOUBLE KICK,GROWL,TACKLE,SCRATCH,18,40,31,0,0,0,0,0,34,52,27,29,24,24,25,1111,1004,1274,700,700,1219,15,15,15,15,0,0,0,0,-1,0,0,30,29,24,24,16,94480,30454,60365,1689,1972,0,0,0,873,873,0,0,55,14,12,2,0,0,814,712,133,133,101,8,51,0,0,0,0,0,6,0,1,0,0,0,0,0,0,0,0,0,0,0,0,0,0,0,0,0,0,0,0,0,0,0,0,0,0,0,0,26,3252,0,0,0,0,1,11,0,0,0,2,0,2,0,Flareon
4-25,13:39:23,NINTEN,NidoranF,Lass,3,Route 3,1,6:49.20,6:49,0h6m49s,0,0,0,17,0:26,5.528,DOUBLE KICK,GROWL,TACKLE,SCRATCH,0,883,61,13,2,105,103,86,3,2468,Flareon, ,Poison,Poison,3615,NidoranF2,NidoranF,,00:06:43.67,00:06:49.20,00:26:24.46,17,0,0,6,49,20,DOUBLE KICK,GROWL,TACKLE,SCRATCH,16,40,31,0,0,0,0,0,34,52,27,29,24,24,25,1226,1049,1294,725,725,1239,15,15,15,15,0,0,0,0,0,0,0,30,29,24,24,25,97030,30826,62543,1689,1972,0,0,0,883,883,0,0,61,15,13,2,0,0,885,770,133,133,103,9,51,0,0,0,0,0,6,0,1,0,0,0,0,0,0,0,0,0,0,0,0,0,0,0,0,0,0,0,0,0,0,0,0,0,0,0,0,27,3480,0,0,0,0,1,11,0,0,0,2,0,2,0,Flareon
4-25,13:39:51,NINTEN,NidoranF,Lass,6,Mt Moon - 1,1,7:17.20,7:17,0h7m17s,0,0,0,18,0:28,14.453,DOUBLE KICK,GROWL,TACKLE,SCRATCH,0,976,72,14,2,114,105,94,3,2678,Flareon, ,Poison,Poison,3819,NidoranF2,NidoranF,,00:07:02.75,00:07:17.20,00:28:15.27,18,0,0,7,17,20,DOUBLE KICK,GROWL,TACKLE,SCRATCH,28,40,35,35,0,0,0,0,13,54,28,30,26,26,26,1296,1094,1342,785,785,1274,15,15,15,15,-1,0,0,0,0,0,0,20,30,26,26,26,103671,33641,66369,1689,1972,0,0,0,976,976,0,0,72,16,14,2,0,0,939,815,174,174,105,10,58,0,0,0,0,0,6,0,3,0,0,0,0,0,0,0,0,0,0,0,0,0,0,0,0,0,0,0,0,0,0,0,6,0,0,0,0,28,3684,0,0,0,0,1,11,0,0,0,2,0,2,0,Flareon
4-25,13:40:16,NINTEN,NidoranF,Super Nerd,1,Mt Moon - 1,2,7:42.35,7:42,0h7m42s,0,0,0,18,0:29,10.958,DOUBLE KICK,GROWL,TACKLE,SCRATCH,0,1061,86,15,2,118,109,97,3,2888,Flareon, ,Poison,Poison,4268,NidoranF2,NidoranF,,00:07:31.40,00:07:42.35,00:29:54.29,18,0,0,7,42,35,DOUBLE KICK,GROWL,TACKLE,SCRATCH,26,40,35,35,0,0,0,0,52,54,28,30,26,26,26,1361,1159,1462,935,935,1419,15,15,15,15,0,-2,0,0,0,0,0,34,15,26,26,26,109613,36253,69699,1689,1972,0,0,0,1061,1061,0,0,86,17,15,2,0,0,1009,874,176,176,109,11,60,0,0,0,0,0,6,0,3,0,0,0,0,0,0,0,0,0,0,0,0,0,0,0,0,0,0,0,0,0,0,0,6,0,0,0,0,30,4133,0,0,0,0,1,11,0,0,0,2,0,2,0,Flareon
4-25,13:40:39,NINTEN,NidoranF,Bug Catcher,8,Mt Moon - 1,3,8:04.44,8:04,0h8m4s,0,0,0,19,0:31,16.635,DOUBLE KICK,GROWL,TACKLE,SCRATCH,0,1081,87,16,2,126,117,102,4,3163,Flareon, ,Poison,Poison,4645,NidoranF2,NidoranF,,00:07:47.80,00:08:04.44,00:31:21.48,19,0,0,8,4,44,DOUBLE KICK,GROWL,TACKLE,SCRATCH,26,40,35,27,0,0,0,0,55,57,30,32,27,27,28,1501,1239,1587,1000,1000,1539,15,15,15,15,0,0,0,0,-1,0,0,33,32,27,27,18,114852,37130,74061,1689,1972,0,0,0,1081,1081,0,0,87,18,16,2,0,0,1120,965,176,176,117,12,61,0,0,0,0,0,7,0,3,0,0,0,0,0,0,0,0,0,0,0,0,0,0,0,0,0,0,0,0,0,0,0,6,0,0,0,0,33,4510,0,0,0,0,2,11,0,0,0,2,0,2,0,Flareon
4-25,13:40:59,NINTEN,NidoranF,Rocket,3,Mt Moon - 3,2,8:25.10,8:25,0h8m25s,0,0,0,19,0:32,11.556,DOUBLE KICK,GROWL,TACKLE,SCRATCH,0,1141,87,17,2,131,122,105,4,3263,Flareon, ,Poison,Poison,4942,NidoranF2,NidoranF,,00:08:13.55,00:08:25.10,00:32:43.16,19,0,0,8,25,10,DOUBLE KICK,GROWL,TACKLE,SCRATCH,26,40,35,22,0,0,0,0,49,57,30,32,27,27,28,1576,1344,1666,1080,1080,1649,15,15,15,15,0,0,0,0,0,0,0,33,32,27,27,28,119740,38522,77557,1689,1972,0,0,0,1141,1141,0,0,87,19,17,2,0,0,1201,1032,182,182,122,13,63,0,0,0,0,0,8,0,3,0,0,0,0,0,0,0,0,0,0,0,0,0,0,0,0,0,0,0,0,0,0,0,6,0,0,0,0,35,4807,0,0,0,0,2,11,0,0,0,2,0,2,0,Flareon
4-25,13:41:17,NINTEN,NidoranF,Youngster,3,Mt Moon - 1,3,8:43.30,8:43,0h8m43s,0,0,0,19,0:33,12.208,DOUBLE KICK,GROWL,TACKLE,SCRATCH,0,1172,89,18,2,135,126,108,5,3623,Flareon, ,Poison,Poison,5299,NidoranF2,NidoranF,,00:08:31.09,00:08:43.30,00:33:54.49,19,0,0,8,43,30,DOUBLE KICK,GROWL,TACKLE,SCRATCH,24,40,35,20,0,0,0,0,32,57,30,32,27,27,28,1676,1501,1771,1170,1170,1848,15,15,15,15,0,0,0,0,0,0,0,33,32,27,27,28,124033,39519,80853,1689,1972,0,0,0,1172,1172,0,0,89,20,18,2,0,0,1307,1117,199,199,126,13,66,0,0,0,0,0,9,0,4,0,0,0,0,0,0,0,0,0,0,0,0,0,0,0,0,0,0,0,0,0,0,0,6,0,0,0,0,38,5164,0,0,0,0,3,11,0,0,0,2,0,2,0,Flareon
4-25,13:41:33,NINTEN,NidoranF,Hiker,1,Mt Moon - 1,3,8:59.29,8:59,0h8m59s,0,0,0,20,0:34,12.462,DOUBLE KICK,GROWL,TACKLE,SCRATCH,0,1189,90,19,2,139,130,109,5,3773,Flareon, ,Poison,Poison,5896,NidoranF2,NidoranF,,00:08:46.82,00:08:59.29,00:34:57.49,20,0,0,8,59,29,DOUBLE KICK,GROWL,TACKLE,SCRATCH,20,40,35,20,0,0,0,0,35,60,31,34,28,28,29,1791,1706,2131,1260,1260,1958,15,15,15,15,0,0,0,0,0,0,0,34,34,28,28,29,127813,39939,84213,1689,1972,0,0,0,1189,1189,0,0,90,21,19,2,0,0,1424,1203,199,199,130,14,66,0,0,0,0,0,10,0,4,0,0,0,0,0,0,0,0,0,0,0,0,0,0,0,0,0,0,0,0,0,0,0,6,0,0,0,0,41,5761,0,0,0,0,3,11,0,0,0,2,0,2,0,Flareon
4-25,13:41:52,NINTEN,NidoranF,Rocket,1,Mt Moon - 3,2,9:17.89,9:17,0h9m17s,0,0,0,20,0:36,10.605,DOUBLE KICK,GROWL,TACKLE,SCRATCH,0,1232,91,20,2,143,134,111,5,4123,Flareon, ,Poison,Poison,6203,NidoranF2,NidoranF,,00:09:07.29,00:09:17.89,00:36:11.02,20,0,0,9,17,89,DOUBLE KICK,GROWL,TACKLE,SCRATCH,19,40,35,17,0,0,0,0,30,60,31,34,28,28,29,1861,1807,2201,1325,1325,2085,15,15,15,15,0,0,0,0,0,0,0,34,34,28,28,29,132206,41056,87489,1689,1972,0,0,0,1232,1232,0,0,91,22,20,2,0,0,1521,1272,204,204,134,14,68,0,0,0,0,0,10,0,4,0,0,1,0,0,0,0,0,0,0,0,0,0,0,0,1,0,0,0,0,0,0,0,6,0,0,0,0,43,6068,0,0,0,0,3,11,0,0,0,2,0,2,0,Flareon
4-25,13:42:20,NINTEN,NidoranF,Fossil Nerd,2,Mt Moon - 3,3,9:46.16,9:46,0h9m46s,0,0,0,21,0:38,18.09,DOUBLE KICK,GROWL,TACKLE,SCRATCH,0,1312,92,21,2,151,142,117,5,4513,Flareon, ,Poison,Poison,6990,NidoranF2,NidoranF,,00:09:28.07,00:09:46.16,00:38:02.43,21,0,0,9,46,16,DOUBLE KICK,GROWL,TACKLE,SCRATCH,17,40,35,11,0,0,0,0,37,62,33,35,29,29,31,2021,1982,2396,1480,1480,2245,15,15,15,15,0,-2,0,0,0,0,0,37,17,29,29,31,138907,42627,92180,2128,1972,0,0,0,1312,1312,0,0,92,23,21,2,0,0,1638,1381,219,219,142,16,72,0,0,0,0,0,10,0,5,0,0,1,0,0,0,0,0,0,0,0,0,0,0,0,1,0,0,0,0,0,0,0,6,0,0,0,0,46,6855,0,0,0,0,3,11,0,0,0,2,0,2,0,Flareon
4-25,13:42:54,NINTEN,NidoranF,Rocket,42,Mt Moon - 3,3,10:19.51,10:19,0h10m19s,0,0,0,22,0:40,24.17,DOUBLE KICK,GROWL,TACKLE,SCRATCH,0,1330,94,22,2,165,151,124,6,4813,Flareon, ,Poison,Poison,7725,NidoranF2,NidoranF,,00:09:55.34,00:10:19.51,00:40:14.42,22,0,0,10,19,51,DOUBLE KICK,GROWL,TACKLE,SCRATCH,16,40,35,3,0,0,0,0,4,65,34,37,31,31,32,2136,2152,2570,1620,1620,2425,15,15,15,15,0,0,0,0,0,0,0,38,37,31,31,32,146826,44054,98672,2128,1972,0,0,0,1330,1330,0,0,94,24,22,2,0,0,1790,1491,255,255,151,16,79,0,0,0,0,0,11,0,5,0,0,1,0,0,0,0,0,0,0,0,0,0,0,0,1,0,0,0,0,0,0,0,6,0,0,0,0,49,7590,0,0,0,0,3,11,0,0,0,2,0,2,0,Flareon
4-25,13:43:45,NINTEN,NidoranF,Rival2-Nugget Bridge,3,Cerulean City,4,11:11.41,11:11,0h11m11s,0,0,0,22,0:43,23.543,DOUBLE KICK,GROWL,TACKLE,SCRATCH,1,1508,102,23,2,174,160,131,6,5233,Flareon, ,Poison,Poison,8763,NidoranF2,NidoranF,Rival (Nugget Bridge),00:10:47.87,00:11:11.41,00:43:39.32,22,0,0,11,11,41,DOUBLE KICK,GROWL,TACKLE,SCRATCH,21,40,35,35,0,0,0,0,30,65,34,37,31,31,32,2311,2398,2770,1771,1771,2662,15,15,15,15,-1,-1,0,0,0,-1,0,24,24,31,31,32,159116,49404,105071,2669,1972,1,0,0,1508,1508,0,0,102,25,23,2,0,0,2012,1662,290,290,159,18,85,0,0,0,0,0,11,0,6,0,0,1,0,0,0,0,0,0,0,0,0,0,0,0,1,0,0,0,0,0,0,0,6,0,0,0,0,53,8628,0,0,0,0,4,11,0,0,0,2,0,2,0,Flareon
4-25,13:44:18,NINTEN,NidoranF,Bug Catcher,9,Route 24,2,11:44.29,11:44,0h11m44s,0,0,0,23,0:45,16.341,DOUBLE KICK,TAIL WHIP,TACKLE,SCRATCH,1,1581,106,24,2,179,165,134,6,5828,Flareon, ,Poison,Poison,9078,NidoranF2,NidoranF,,00:11:27.94,00:11:44.29,00:45:49.39,23,0,0,11,44,29,DOUBLE KICK,TAIL WHIP,TACKLE,SCRATCH,30,30,35,30,0,0,0,0,60,67,36,38,32,32,33,2396,2463,2835,1811,1811,2757,15,15,15,15,0,0,0,0,0,0,0,40,38,32,32,33,166923,52828,109454,2669,1972,1,0,0,1581,1581,0,0,106,26,24,2,0,0,2105,1737,297,297,164,18,88,0,0,0,0,0,11,0,7,0,0,1,0,0,0,0,0,0,0,0,0,0,0,0,1,0,0,0,0,0,0,0,6,0,0,0,0,55,8943,0,0,0,0,4,11,0,0,0,3,0,2,0,Flareon
4-25,13:44:35,NINTEN,NidoranF,Lass,8,Route 24,2,12:00.69,12:00,0h12m0s,0,0,0,23,0:46,12.179,DOUBLE KICK,TAIL WHIP,TACKLE,SCRATCH,1,1583,110,25,2,184,170,138,6,5968,Flareon, ,Poison,Poison,9420,NidoranF2,NidoranF,,00:11:48.51,00:12:00.69,00:46:54.18,23,0,0,12,0,69,DOUBLE KICK,TAIL WHIP,TACKLE,SCRATCH,28,30,35,27,0,0,0,0,44,67,36,38,32,32,33,2491,2555,2927,1886,1886,2854,15,15,15,15,0,0,0,0,0,0,0,40,38,32,32,33,170802,52959,113202,2669,1972,1,0,0,1583,1583,0,0,110,27,25,2,0,0,2190,1815,313,313,169,18,92,0,0,0,0,0,11,0,7,0,0,1,0,0,0,0,0,0,0,0,0,0,0,0,1,0,0,0,0,0,0,0,6,0,0,0,0,57,9285,0,0,0,0,4,11,0,0,0,3,0,2,0,Flareon
4-25,13:44:52,NINTEN,NidoranF,Youngster,4,Route 24,3,12:17.49,12:17,0h12m17s,0,0,0,23,0:48,13.972,DOUBLE KICK,TAIL WHIP,TACKLE,SCRATCH,1,1587,111,26,2,189,175,141,6,6178,Flareon, ,Poison,Poison,9939,NidoranF2,NidoranF,,00:12:03.53,00:12:17.49,00:48:00.33,23,0,0,12,17,49,DOUBLE KICK,TAIL WHIP,TACKLE,SCRATCH,27,30,35,23,0,0,0,0,27,67,36,38,32,32,33,2596,2716,3041,1991,1991,3036,15,15,15,15,0,0,0,0,0,0,0,40,38,32,32,33,174777,53130,117006,2669,1972,1,0,0,1587,1587,0,0,111,28,26,2,0,0,2336,1924,330,330,174,18,95,0,0,0,0,0,12,0,8,0,0,1,0,0,0,0,0,0,0,0,0,0,0,0,1,0,0,0,0,0,0,0,6,0,0,0,0,60,9804,0,0,0,0,4,11,0,0,0,3,0,2,0,Flareon
4-25,13:45:15,NINTEN,NidoranF,Lass,7,Route 24,2,12:40.60,12:40,0h12m40s,0,0,0,24,0:49,18.274,DOUBLE KICK,TAIL WHIP,TACKLE,SCRATCH,1,1591,111,27,2,197,183,147,6,6388,Flareon, ,Poison,Poison,10327,NidoranF2,NidoranF,,00:12:22.33,00:12:40.60,00:49:31.48,24,0,0,12,40,60,DOUBLE KICK,TAIL WHIP,TACKLE,SCRATCH,24,30,35,18,0,0,0,0,30,70,37,40,34,34,35,2691,2808,3133,2066,2066,3133,15,15,15,15,0,0,0,0,0,-1,0,41,40,34,34,35,180252,53329,121856,3095,1972,1,0,0,1591,1591,0,0,111,29,27,2,0,0,2427,2011,350,350,179,21,101,0,0,0,0,0,12,0,9,0,0,1,0,0,0,0,0,0,0,0,0,0,0,0,1,0,0,0,0,0,0,0,6,0,0,0,0,62,10192,0,0,0,0,4,11,0,0,0,3,0,2,0,Flareon
4-25,13:45:28,NINTEN,NidoranF,Jr Trainer M,3,Route 24,1,12:53.71,12:53,0h12m53s,0,0,0,24,0:50,6.054,DOUBLE KICK,TAIL WHIP,TACKLE,SCRATCH,1,1595,113,28,2,199,185,148,5,6628,Flareon, ,Poison,Poison,10612,NidoranF2,NidoranF,,00:12:47.66,00:12:53.71,00:50:23.02,24,0,0,12,53,71,DOUBLE KICK,TAIL WHIP,TACKLE,SCRATCH,22,30,35,18,0,0,0,0,70,70,37,40,34,34,35,2731,2888,3168,2101,2101,3203,15,15,15,15,0,-1,0,0,0,0,0,46,26,34,34,35,183326,53524,124114,3716,1972,1,0,0,1595,1595,0,0,113,30,28,2,0,0,2483,2056,350,350,181,21,102,0,0,0,0,0,12,0,9,0,0,1,0,0,0,0,0,0,0,0,0,0,0,0,1,0,0,0,0,0,0,0,6,0,0,0,0,63,10477,0,0,0,0,4,11,0,0,0,3,0,2,0,Flareon
4-25,13:45:44,NINTEN,NidoranF,Rocket,6,Route 24,2,13:10.08,13:10,0h13m10s,0,0,0,24,0:51,10.221,DOUBLE KICK,TAIL WHIP,TACKLE,SCRATCH,1,1601,113,29,2,203,189,150,6,6988,Flareon, ,Poison,Poison,10982,NidoranF2,NidoranF,,00:12:59.86,00:13:10.08,00:51:27.41,24,0,0,13,10,8,DOUBLE KICK,TAIL WHIP,TACKLE,SCRATCH,22,30,35,14,0,0,0,0,63,70,37,40,34,34,35,2806,2993,3247,2181,2181,3313,15,15,15,15,0,-1,0,0,0,0,0,46,26,34,34,35,187205,54481,127036,3716,1972,1,0,0,1601,1601,0,0,113,31,29,2,0,0,2575,2135,357,357,185,21,104,0,0,0,0,0,13,0,9,0,0,1,0,0,0,0,0,0,0,0,0,0,0,0,1,0,0,0,0,0,0,0,6,0,0,0,0,65,10847,0,0,0,0,4,11,0,0,0,3,0,2,0,Flareon
4-25,13:46:03,NINTEN,NidoranF,Hiker,2,Route 25,2,13:29.33,13:29,0h13m29s,0,0,0,24,0:52,10.241,DOUBLE KICK,TAIL WHIP,TACKLE,SCRATCH,1,1645,115,30,2,207,193,152,6,7438,Flareon, ,Poison,Poison,11540,NidoranF2,NidoranF,,00:13:19.08,00:13:29.33,00:52:43.47,24,0,0,13,29,33,DOUBLE KICK,TAIL WHIP,TACKLE,SCRATCH,18,30,35,14,0,0,0,0,53,70,37,40,34,34,35,2916,3153,3397,2246,2246,3368,15,15,15,15,0,0,0,0,0,0,0,41,40,34,34,35,191771,56136,129947,3716,1972,1,0,0,1645,1645,0,0,115,32,30,2,0,0,2675,2222,367,367,189,22,105,0,0,0,0,0,13,0,10,0,0,1,0,0,0,0,0,0,0,0,0,0,0,0,1,0,0,0,0,0,0,0,6,0,0,0,0,67,11405,0,0,0,0,4,11,0,0,0,3,0,2,0,Flareon
4-25,13:46:16,NINTEN,NidoranF,Hiker,4,Route 25,1,13:42.30,13:42,0h13m42s,0,0,0,25,0:53,7.058,DOUBLE KICK,TAIL WHIP,TACKLE,SCRATCH,1,1655,115,31,2,209,195,153,7,7963,Flareon, ,Poison,Poison,11933,NidoranF2,NidoranF,,00:13:35.23,00:13:42.30,00:53:35.00,25,0,0,13,42,30,DOUBLE KICK,TAIL WHIP,TACKLE,SCRATCH,16,30,35,14,0,0,0,0,56,73,39,42,35,35,36,2951,3198,3557,2276,2276,3438,15,15,15,15,0,0,0,0,0,0,0,43,42,35,35,36,194844,57038,132118,3716,1972,1,0,0,1655,1655,0,0,115,33,31,2,0,0,2717,2263,367,367,191,23,105,0,0,0,0,0,13,0,10,0,0,1,0,0,0,0,0,0,0,0,0,0,0,0,1,0,0,0,0,0,0,0,6,0,0,0,0,68,11798,0,0,0,0,5,11,0,0,0,3,0,2,0,Flareon
4-25,13:46:34,NINTEN,NidoranF,Lass,9,Route 25,2,14:00.30,14:00,0h14m0s,0,0,0,25,0:54,12.209,DOUBLE KICK,TAIL WHIP,TACKLE,SCRATCH,1,1665,117,32,2,214,200,156,7,8558,Flareon, ,Poison,Poison,12314,NidoranF2,NidoranF,,00:13:48.08,00:14:00.30,00:54:46.03,25,0,0,14,0,30,DOUBLE KICK,TAIL WHIP,TACKLE,SCRATCH,16,30,35,9,0,0,0,0,50,73,39,42,35,35,36,3052,3302,3649,2356,2356,3529,15,15,15,15,-1,0,0,0,0,0,0,28,42,35,35,36,199107,57573,135846,3716,1972,1,0,0,1665,1665,0,0,117,34,32,2,0,0,2813,2347,373,373,196,23,108,0,0,0,0,0,14,0,10,0,0,1,0,0,0,0,0,0,0,0,0,0,0,0,1,0,0,0,0,0,0,0,6,0,0,0,0,70,12179,0,0,0,0,5,11,0,0,0,3,0,2,0,Flareon
4-25,13:46:47,NINTEN,NidoranF,Jr Trainer M,2,Route 25,2,14:13.33,14:13,0h14m13s,0,0,0,25,0:55,8.754,DOUBLE KICK,TAIL WHIP,TACKLE,SCRATCH,1,1677,119,33,2,217,203,158,7,8783,Flareon, ,Poison,Poison,12671,NidoranF2,NidoranF,,00:14:04.57,00:14:13.33,00:55:37.27,25,0,0,14,13,33,DOUBLE KICK,TAIL WHIP,TACKLE,SCRATCH,15,30,35,7,0,0,0,0,43,73,39,42,35,35,36,3117,3418,3728,2421,2421,3656,15,15,15,15,0,0,0,0,0,0,0,43,42,35,35,36,202191,58117,138386,3716,1972,1,0,0,1677,1677,0,0,119,35,33,2,0,0,2893,2417,380,380,199,23,110,0,0,0,0,0,14,0,10,0,0,1,0,0,0,0,0,0,0,0,0,0,0,0,1,0,0,0,0,0,0,0,6,0,0,0,0,72,12536,0,0,0,0,5,11,0,0,0,3,0,2,0,Flareon
4-25,13:47:08,NINTEN,NidoranF,Hiker,3,Route 25,4,14:33.50,14:33,0h14m33s,0,0,0,26,0:56,17.168,DOUBLE KICK,TAIL WHIP,TACKLE,SCRATCH,1,1681,120,34,2,223,209,160,7,9063,Flareon, ,Poison,Poison,13629,NidoranF2,NidoranF,,00:14:16.33,00:14:33.50,00:56:56.57,26,0,0,14,33,50,DOUBLE KICK,TAIL WHIP,TACKLE,SCRATCH,12,30,35,4,0,0,0,0,33,76,41,44,36,36,38,3307,3738,4078,2546,2546,3751,15,15,15,15,0,0,0,0,0,0,0,46,44,36,36,38,206961,58313,142960,3716,1972,1,0,0,1681,1681,0,0,120,36,34,2,0,0,3070,2565,393,393,205,23,112,0,0,0,0,0,14,0,11,0,0,1,0,0,0,0,0,0,0,0,0,0,0,0,1,0,0,0,0,0,0,0,6,0,0,0,0,76,13494,0,0,0,0,5,11,0,0,0,3,0,2,0,Flareon
4-25,13:47:28,NINTEN,NidoranF,Oddish Lass,10,Route 25,3,14:54.35,14:54,0h14m54s,0,0,0,26,0:58,13.685,DOUBLE KICK,TAIL WHIP,TACKLE,SCRATCH,1,1698,120,35,2,228,214,162,7,9518,Flareon, ,Poison,Poison,14214,NidoranF2,NidoranF,Oddish Lass,00:14:40.67,00:14:54.35,00:58:19.10,26,0,0,14,54,35,DOUBLE KICK,TAIL WHIP,TACKLE,SCRATCH,11,30,35,0,0,0,0,0,29,76,41,44,36,36,38,3437,3883,4228,2731,2731,3867,15,15,15,15,0,0,0,0,0,0,0,46,44,36,36,38,211894,58868,147028,4026,1972,1,0,0,1698,1698,0,0,120,37,35,2,0,0,3192,2674,397,397,210,23,114,0,0,0,0,0,14,0,11,0,0,1,0,0,0,0,0,0,0,0,0,0,0,0,1,0,0,0,0,0,0,0,6,0,0,0,0,79,14079,0,0,0,0,5,11,0,0,0,3,0,2,0,Flareon
4-25,13:48:10,NINTEN,NidoranF,Pecking Lass,1,Cerulean City - Gym,1,15:36.18,15:36,0h15m36s,0,0,0,26,1:01,9.483,DOUBLE KICK,TAIL WHIP,TACKLE,SCRATCH,1,1877,129,36,2,232,217,165,8,9713,Flareon, ,Poison,Poison,14665,NidoranF2,NidoranF,,00:15:26.70,00:15:36.18,01:01:04.42,26,0,0,15,36,18,DOUBLE KICK,TAIL WHIP,TACKLE,SCRATCH,27,30,35,35,0,0,0,0,64,76,41,44,36,36,38,3482,3950,4288,2781,2781,3930,15,15,15,15,0,-1,0,0,0,0,0,51,29,36,36,38,221826,66059,149769,4026,1972,1,0,0,1877,1877,0,0,129,38,36,2,0,0,3250,2723,409,409,213,24,117,0,0,0,0,0,14,0,11,0,0,2,0,0,0,0,0,0,0,0,0,0,0,0,4,1,0,0,0,0,0,0,6,0,0,0,0,80,14530,0,0,0,0,6,11,0,0,0,3,0,2,0,Flareon
4-25,13:48:26,NINTEN,NidoranF,Swimmer,1,Cerulean City - Gym,2,15:52.33,15:52,0h15m52s,0,0,0,27,1:02,12.289,DOUBLE KICK,TAIL WHIP,TACKLE,SCRATCH,1,1885,135,37,2,236,221,169,8,10093,Flareon, ,Poison,Poison,15279,NidoranF2,NidoranF,,00:15:40.05,00:15:52.33,01:02:08.33,27,0,0,15,52,33,DOUBLE KICK,TAIL WHIP,TACKLE,SCRATCH,23,30,35,35,0,0,0,0,52,78,42,45,38,38,39,3542,4055,4458,2896,2896,4030,15,15,15,15,0,0,0,0,-2,0,0,47,45,38,38,19,225657,66462,153197,4026,1972,1,0,0,1885,1885,0,0,135,39,37,2,0,0,3328,2799,423,423,217,24,120,0,0,0,0,0,15,0,11,0,0,2,0,0,0,0,0,0,0,0,0,0,0,0,4,1,0,0,0,0,0,0,6,0,0,0,0,82,15144,0,0,0,0,6,11,0,0,0,3,0,2,0,Flareon
4-25,13:49:28,NINTEN,NidoranF,Cerulean Rocket,5,Cerulean City,2,16:53.95,16:53,0h16m53s,1,0,1,27,1:04,12.142,DOUBLE KICK,TAIL WHIP,TACKLE,SCRATCH,2,2029,157,38,2,241,226,172,8,10173,Flareon, ,Poison,Poison,15968,NidoranF2,NidoranF,Rocket,00:16:41.80,00:16:53.95,01:04:27.12,27,1,0,16,53,95,DOUBLE KICK,TAIL WHIP,TACKLE,SCRATCH,28,30,35,32,0,0,0,0,34,78,42,45,38,38,39,3672,4183,4553,3021,3021,4107,15,15,15,15,0,0,0,0,0,0,0,47,45,38,38,39,233981,70611,156901,4297,2172,2,1,0,2029,2029,0,0,157,40,38,2,0,0,3439,2902,467,467,222,24,123,0,0,0,0,0,15,0,12,0,0,2,0,0,0,0,0,0,0,0,0,0,0,0,4,1,0,0,0,0,0,0,6,0,0,0,0,84,15833,0,0,0,0,6,11,0,0,0,3,0,2,1,Flareon
4-25,13:50:08,NINTEN,NidoranF,Sandy,3,Route 6,3,17:33.55,17:33,0h17m33s,1,0,1,27,1:07,15.703,DOUBLE KICK,TAIL WHIP,TACKLE,SCRATCH,3,2175,159,39,2,247,232,176,9,10683,Flareon, ,Poison,Poison,16529,NidoranF2,NidoranF,,00:17:17.85,00:17:33.55,01:07:03.34,27,1,0,17,33,55,DOUBLE KICK,TAIL WHIP,TACKLE,SCRATCH,22,30,35,32,0,0,0,0,54,78,42,45,38,38,39,3792,4318,4673,3126,3126,4275,15,15,15,15,0,0,0,0,0,0,0,47,45,38,38,39,243363,74334,161154,5703,2172,3,1,0,2175,2175,0,0,159,41,39,2,0,0,3584,3025,491,491,228,24,127,0,0,0,0,0,15,0,12,0,0,2,0,0,0,0,0,0,0,0,0,0,0,0,4,1,0,0,0,0,0,0,6,0,0,0,0,87,16394,0,0,0,0,7,11,0,0,0,3,0,2,1,Flareon
4-25,13:50:22,NINTEN,NidoranF,Jr Trainer M,5,Route 6,2,17:47.59,17:47,0h17m47s,1,0,1,27,1:07,11.007,DOUBLE KICK,TAIL WHIP,TACKLE,SCRATCH,3,2178,159,40,2,251,236,178,9,11003,Flareon, ,Poison,Poison,17124,NidoranF2,NidoranF,,00:17:36.59,00:17:47.59,01:07:58.53,27,1,0,17,47,59,DOUBLE KICK,TAIL WHIP,TACKLE,SCRATCH,18,30,35,32,0,0,0,0,39,78,42,45,38,38,39,3887,4459,4763,3207,3207,4442,15,15,15,15,-1,0,0,0,0,0,0,30,45,38,38,39,246682,74547,164260,5703,2172,3,1,0,2178,2178,0,0,159,42,40,2,0,0,3684,3112,506,506,232,24,129,0,0,0,0,0,15,0,13,0,0,2,0,0,0,0,0,0,0,0,0,0,0,0,4,1,0,0,0,0,0,0,6,0,0,0,0,89,16989,0,0,0,0,7,11,0,0,0,3,0,2,1,Flareon
4-25,13:51:10,NINTEN,NidoranF,Sailor,5,SS Anne,2,18:36.42,18:36,0h18m36s,1,0,1,28,1:11,16.124,DOUBLE KICK,TAIL WHIP,TACKLE,SCRATCH,3,2334,189,41,2,259,239,181,12,3273,Flareon, ,Poison,Poison,17937,NidoranF2,NidoranF,,00:18:20.30,00:18:36.42,01:11:11.08,28,1,0,18,36,42,DOUBLE KICK,TAIL WHIP,TACKLE,SCRATCH,17,30,35,30,0,0,0,0,47,81,44,47,39,39,41,3957,4544,4853,3377,3377,4597,15,15,15,15,0,0,0,0,0,0,0,49,47,39,39,41,258217,81060,168495,6490,2172,3,1,0,2334,2334,0,0,189,43,41,2,0,0,3771,3198,540,540,235,24,132,0,0,0,0,0,16,0,13,0,0,3,0,0,0,0,0,0,0,0,0,0,0,0,8,3,0,0,0,0,0,0,6,0,0,0,0,91,17802,0,0,0,0,9,24,0,0,0,3,0,2,1,Flareon
4-25,13:51:29,NINTEN,NidoranF,Youngster,8,SS Anne,1,18:54.61,18:54,0h18m54s,1,0,1,28,1:12,7.178,DOUBLE KICK,TAIL WHIP,TACKLE,SCRATCH,3,2394,208,42,2,262,242,183,13,3813,Flareon, ,Poison,Poison,18207,NidoranF2,NidoranF,,00:18:47.42,00:18:54.61,01:12:22.41,28,1,0,18,54,61,DOUBLE KICK,TAIL WHIP,TACKLE,SCRATCH,17,30,35,27,0,0,0,0,37,81,44,47,39,39,41,4003,4601,4893,3417,3417,4647,15,15,15,15,0,0,0,0,0,0,0,49,47,39,39,41,262510,82710,170946,6682,2172,3,1,0,2394,2394,0,0,208,44,42,2,0,0,3831,3251,550,550,238,24,134,0,0,0,0,0,16,0,13,0,0,3,0,0,0,0,0,0,0,0,0,0,0,0,8,3,0,0,0,0,0,0,6,0,0,0,0,92,18072,0,0,0,0,10,24,0,0,0,3,0,2,1,Flareon
4-25,13:51:58,NINTEN,NidoranF,Gentleman,5,SS Anne,2,19:23.56,19:23,0h19m23s,1,0,1,28,1:14,10.725,BODY SLAM,DOUBLE KICK,TACKLE,SCRATCH,3,2448,214,43,2,266,246,184,12,4128,Flareon, ,Poison,Poison,19091,NidoranF2,NidoranF,,00:19:12.82,00:19:23.56,01:14:16.51,28,1,0,19,23,56,BODY SLAM,DOUBLE KICK,TACKLE,SCRATCH,13,17,35,25,0,0,0,0,73,81,44,47,39,39,41,4108,4756,4993,3532,3532,4797,15,15,15,15,0,0,0,0,0,0,0,49,47,39,39,41,269360,84413,173901,8874,2172,3,1,0,2448,2448,0,0,214,45,43,2,0,0,3953,3345,558,558,242,24,135,0,0,0,0,0,16,0,13,0,0,3,1,0,0,0,0,0,0,0,0,0,0,0,8,3,0,0,0,0,1,1,6,0,0,0,0,94,18956,0,0,0,0,11,24,0,0,0,4,0,2,1,Flareon
4-25,13:52:22,NINTEN,NidoranF,Rival3-SS Anne,1,SS Anne,4,19:47.64,19:47,0h19m47s,1,0,1,29,1:15,14.363,BODY SLAM,DOUBLE KICK,TACKLE,SCRATCH,4,2476,217,44,2,271,251,185,12,5318,Flareon, ,Poison,Poison,20272,NidoranF2,NidoranF,Rival (SS Anne),00:19:33.29,00:19:47.64,01:15:51.59,29,1,0,19,47,64,BODY SLAM,DOUBLE KICK,TACKLE,SCRATCH,10,15,35,25,0,0,0,0,67,84,45,49,41,41,42,4283,5002,5193,3683,3683,5034,15,15,15,15,0,0,0,0,0,0,0,50,49,41,41,42,275068,85796,177715,9385,2172,4,1,0,2476,2476,0,0,217,46,44,2,0,0,4197,3533,567,567,247,24,136,0,0,0,0,0,17,0,13,0,0,3,1,0,0,0,0,0,0,0,0,0,0,0,8,3,0,0,0,0,1,1,6,0,0,0,0,98,20137,0,0,0,0,12,24,0,0,0,4,0,2,1,Flareon
4-25,13:53:23,NINTEN,NidoranF,Misty,1,Cerulean City - Gym,2,20:48.99,20:48,0h20m48s,1,0,1,29,1:19,10.904,BODY SLAM,DOUBLE KICK,TACKLE,SCRATCH,5,2681,228,45,2,276,256,187,12,6618,Flareon, ,Poison,Poison,21611,NidoranF2,NidoranF,Misty,00:20:38.09,00:20:48.99,01:19:54.16,29,1,0,20,48,99,BODY SLAM,DOUBLE KICK,TACKLE,SCRATCH,10,30,35,35,0,0,0,0,28,84,45,49,41,41,42,4373,5122,5333,3853,3853,5234,15,15,15,15,0,0,0,0,0,0,0,50,49,41,41,42,289605,94193,181177,12063,2172,5,1,0,2681,2681,0,0,228,47,45,2,0,0,4342,3633,623,623,252,24,138,0,0,0,0,0,17,0,14,0,0,3,3,0,0,0,0,0,0,0,0,0,0,0,8,3,0,0,0,0,2,2,6,0,0,0,0,100,21476,0,0,0,0,12,24,0,0,0,6,0,2,1,Flareon
4-25,13:56:03,NINTEN,NidoranF,Wrapping Lass,5,Route 9,4,23:28.72,23:28,0h23m28s,5,0,5,30,1:26,31.782,BODY SLAM,DOUBLE KICK,BITE,SCRATCH,6,3132,255,46,2,290,262,196,14,8697,Flareon,Paralyzed,Poison,Poison,22859,NidoranF2,NidoranF,RTG1 - Wrapping Lass,00:22:56.93,00:23:28.72,01:26:50.52,30,5,0,23,28,72,BODY SLAM,DOUBLE KICK,BITE,SCRATCH,9,30,25,35,0,0,0,0,62,86,47,50,42,42,44,4563,5372,5513,4143,4143,5374,15,15,15,15,0,0,0,0,0,0,0,52,50,42,42,1,314606,107628,189348,15303,2327,6,2,0,3132,3080,52,0,255,48,46,2,0,0,4619,3826,647,647,258,24,145,0,0,0,0,0,17,0,15,0,0,3,3,1,0,0,0,0,0,0,0,0,0,0,8,3,6,1,0,0,2,2,6,0,0,0,0,104,22724,0,0,0,0,12,24,0,0,0,7,0,2,5,Flareon
4-25,13:56:29,NINTEN,NidoranF,Bug Catcher,14,Route 9,3,23:54.63,23:54,0h23m54s,5,0,5,30,1:28,15.479,BODY SLAM,DOUBLE KICK,BITE,SCRATCH,6,3171,257,47,2,296,268,199,14,9057,Flareon, ,Poison,Poison,23628,NidoranF2,NidoranF,,00:23:39.15,00:23:54.63,01:28:33.11,30,5,0,23,54,63,BODY SLAM,DOUBLE KICK,BITE,SCRATCH,6,29,24,34,0,0,0,0,62,86,47,50,42,42,44,4708,5492,5628,4223,4223,5514,15,15,15,15,0,0,0,0,-1,0,0,58,50,42,42,29,320745,108341,193851,16226,2327,6,2,0,3171,3080,91,0,257,49,47,2,0,0,4847,3983,647,647,264,25,147,0,0,0,0,0,17,0,15,0,0,3,4,1,0,0,0,0,0,0,0,0,0,0,8,3,6,1,0,0,4,2,6,0,0,0,0,107,23493,0,0,0,0,12,24,0,0,0,7,0,2,5,Flareon
4-25,13:56:43,NINTEN,NidoranF,Jr Trainer F,7,Route 10,2,24:09.18,24:09,0h24m9s,5,0,5,30,1:29,7.496,BODY SLAM,DOUBLE KICK,BITE,SCRATCH,6,3247,264,48,2,298,270,199,14,9257,Flareon, ,Poison,Poison,24244,NidoranF2,NidoranF,,00:24:01.68,00:24:09.18,01:29:30.33,30,5,0,24,9,18,BODY SLAM,DOUBLE KICK,BITE,SCRATCH,6,27,24,34,0,0,0,0,62,86,47,50,42,42,44,4893,5582,5696,4308,4308,5569,15,15,15,15,0,0,0,0,0,0,0,52,50,42,42,44,324187,109533,196101,16226,2327,6,2,0,3247,3080,167,0,264,50,48,2,0,0,5015,4123,647,647,266,25,147,0,0,0,0,0,17,0,15,0,0,3,4,1,0,0,0,0,0,0,0,0,0,0,8,3,6,1,0,0,4,2,6,0,0,0,0,109,24109,0,0,0,0,12,24,0,0,0,7,0,2,5,Flareon
4-25,13:57:09,NINTEN,NidoranF,Slowbone,7,Rock Tunnel - 1,2,24:34.83,24:34,0h24m34s,5,0,5,31,1:31,13.815,BODY SLAM,DOUBLE KICK,BITE,SCRATCH,7,3278,267,49,2,304,276,203,14,9657,Flareon, ,Poison,Poison,25158,NidoranF2,NidoranF,,00:24:21.02,00:24:34.83,01:31:11.51,31,5,0,24,34,83,BODY SLAM,DOUBLE KICK,BITE,SCRATCH,3,27,21,34,0,0,0,0,47,89,49,52,44,44,45,5033,5697,5856,4388,4388,5619,15,15,15,15,0,-1,0,0,0,0,0,55,34,44,44,45,330265,110188,199805,17945,2327,7,2,0,3278,3080,198,0,267,51,49,2,0,0,5161,4260,689,689,272,26,150,0,0,0,0,0,17,0,15,0,0,3,4,1,0,0,0,0,0,0,0,0,0,0,8,3,6,1,0,0,4,2,6,0,0,0,0,111,25023,0,0,0,0,12,24,0,0,0,7,0,2,5,Flareon
4-25,13:57:25,NINTEN,NidoranF,Pokemaniac,5,Rock Tunnel,1,24:51.09,24:51,0h24m51s,5,0,5,31,1:32,7.467,BODY SLAM,DOUBLE KICK,BITE,SCRATCH,7,3318,268,50,2,307,279,205,14,10807,Flareon, ,Poison,Poison,25687,NidoranF2,NidoranF,,00:24:43.62,00:24:51.09,01:32:15.42,31,5,0,24,51,9,BODY SLAM,DOUBLE KICK,BITE,SCRATCH,0,27,21,34,0,0,0,0,40,89,49,52,44,44,45,5123,5762,5921,4428,4428,5634,15,15,15,15,0,0,0,0,0,0,0,55,52,44,44,45,334096,110823,202302,18644,2327,7,2,0,3318,3080,238,0,268,52,50,2,0,0,5250,4344,738,738,275,26,152,0,0,0,0,0,17,0,15,0,0,3,5,1,0,0,0,0,0,0,0,0,0,0,8,3,6,1,0,0,5,2,6,0,0,0,0,112,25552,0,0,0,0,12,24,0,0,0,7,0,2,5,Flareon
4-25,13:57:43,NINTEN,NidoranF,Status-Condition-Jr-Trainer,10,Rock Tunnel,2,25:09.30,25:09,0h25m9s,5,0,5,31,1:33,8.995,BODY SLAM,DOUBLE KICK,BITE,SCRATCH,7,3331,269,51,2,311,283,207,14,12057,Flareon, ,Poison,Poison,26355,NidoranF2,NidoranF,RTG4 - Status Jr Trainer,00:25:00.30,00:25:09.30,01:33:27.24,31,5,0,25,9,30,BODY SLAM,DOUBLE KICK,BITE,SCRATCH,6,27,21,34,0,0,0,0,89,89,49,52,44,44,45,5213,5861,6025,4568,4568,5709,15,15,15,15,0,0,0,0,0,0,0,55,52,44,44,45,338398,111245,204802,20024,2327,7,2,0,3331,3080,251,0,269,53,51,2,0,0,5409,4454,738,738,279,26,152,0,0,0,0,0,17,0,15,0,0,3,7,1,0,0,0,0,0,0,0,0,0,0,8,3,6,1,0,0,7,2,6,0,0,0,0,114,26220,0,0,0,0,12,24,0,0,0,7,0,2,5,Flareon
4-25,13:58:15,NINTEN,NidoranF,Selfdestructing Hiker,9,Rock Tunnel,3,25:40.97,25:40,0h25m40s,5,0,5,32,1:35,16.275,BODY SLAM,DOUBLE KICK,BITE,SCRATCH,8,3444,282,52,2,317,289,210,14,12497,Flareon, ,Poison,Poison,27732,NidoranF2,NidoranF,,00:25:24.70,00:25:40.97,01:35:32.40,32,5,0,25,40,97,BODY SLAM,DOUBLE KICK,BITE,SCRATCH,6,21,21,34,0,0,0,0,80,92,50,53,45,45,46,5348,6116,6340,4673,4673,5784,15,15,15,15,0,0,0,0,0,0,0,56,53,45,45,46,345914,113747,209057,20783,2327,8,2,0,3444,3080,364,0,282,54,52,2,0,0,5601,4613,750,750,285,27,154,0,0,0,0,0,17,0,15,0,0,3,7,1,0,0,0,0,0,0,0,0,0,0,8,3,6,1,0,0,7,2,6,0,0,0,0,117,27597,0,0,0,0,12,24,0,0,0,7,0,2,5,Flareon
4-25,13:58:34,NINTEN,NidoranF,Finisher,18,Rock Tunnel - 1,3,26:00.19,26:00,0h26m0s,5,0,5,32,1:36,9.473,BODY SLAM,DOUBLE KICK,BITE,SCRATCH,8,3497,290,53,2,320,292,210,13,13232,Flareon, ,Poison,Poison,28595,NidoranF2,NidoranF,RTG6 - Finisher,00:25:50.72,00:26:00.19,01:36:48.22,32,5,0,26,0,19,BODY SLAM,DOUBLE KICK,BITE,SCRATCH,4,20,21,34,0,0,0,0,80,92,50,53,45,45,46,5473,6256,6470,4823,4823,5960,15,15,15,15,0,0,0,0,0,0,0,56,53,45,45,46,350456,115037,212021,21071,2327,8,2,0,3497,3080,417,0,290,55,53,2,0,0,5810,4762,750,750,288,27,154,0,0,0,0,0,18,0,15,0,0,3,7,1,0,0,0,0,0,0,0,0,0,0,8,3,6,1,0,0,7,2,6,0,0,0,0,120,28460,0,0,0,0,12,24,0,0,0,7,0,2,5,Flareon
4-25,13:59:00,NINTEN,NidoranF,Lass,16,Route 8,2,26:25.72,26:25,0h26m25s,5,0,5,32,1:38,11.058,BODY SLAM,DOUBLE KICK,BITE,SCRATCH,8,3608,302,54,2,324,296,212,13,13632,Flareon, ,Poison,Poison,29233,NidoranF2,NidoranF,,00:26:14.65,00:26:25.72,01:38:29.01,32,5,0,26,25,72,BODY SLAM,DOUBLE KICK,BITE,SCRATCH,15,26,25,35,0,0,0,0,92,92,50,53,45,45,46,5613,6346,6566,4943,4943,6030,15,15,15,15,-2,0,0,0,0,0,0,28,53,45,45,46,356495,117983,215114,21071,2327,8,2,0,3608,3108,500,0,302,56,54,2,0,0,5971,4894,750,750,292,27,156,0,0,0,0,0,18,0,15,0,0,3,7,1,0,0,0,0,0,0,0,0,0,0,8,3,6,1,0,0,7,2,6,0,0,0,0,122,29098,0,0,0,0,12,24,0,0,0,7,0,2,5,Flareon
4-25,13:59:12,NINTEN,NidoranF,Gambler,7,Route 8,2,26:38.24,26:38,0h26m38s,5,0,5,33,1:39,9.502,BODY SLAM,DOUBLE KICK,BITE,SCRATCH,8,3612,303,55,2,328,300,214,13,13962,Flareon, ,Poison,Poison,30025,NidoranF2,NidoranF,,00:26:28.74,00:26:38.24,01:39:18.22,33,5,0,26,38,24,BODY SLAM,DOUBLE KICK,BITE,SCRATCH,11,26,25,35,0,0,0,0,84,95,52,55,47,47,48,5706,6457,6651,5058,5058,6155,15,15,15,15,0,-1,0,0,0,0,0,58,36,47,47,48,359456,118158,217900,21071,2327,8,2,0,3612,3112,500,0,303,57,55,2,0,0,6143,5014,761,761,296,27,158,0,0,0,0,0,18,0,15,0,0,3,7,1,0,0,0,0,0,0,0,0,0,0,8,3,6,1,0,0,7,2,6,0,0,0,0,124,29890,0,0,0,0,12,24,0,0,0,7,0,2,5,Flareon
4-25,13:59:32,NINTEN,NidoranF,Super Nerd,4,Route 8,3,26:57.99,26:57,0h26m57s,5,0,5,33,1:40,14.784,BODY SLAM,DOUBLE KICK,BITE,SCRATCH,8,3623,312,56,2,336,308,219,13,15642,Flareon, ,Poison,Poison,31610,NidoranF2,NidoranF,,00:26:43.21,00:26:57.99,01:40:36.11,33,5,0,26,57,99,BODY SLAM,DOUBLE KICK,BITE,SCRATCH,3,26,25,35,0,0,0,0,48,95,52,55,47,47,48,5971,6722,6826,5203,5203,6255,15,15,15,15,0,0,0,0,0,0,0,58,55,47,47,48,364125,118469,222258,21071,2327,8,2,0,3623,3123,500,0,312,58,56,2,0,0,6477,5235,797,797,303,29,162,0,0,0,0,0,19,0,16,0,0,3,8,1,0,0,0,0,0,0,0,0,0,0,8,3,6,1,0,0,8,2,6,0,0,0,0,127,31475,0,0,0,0,12,24,0,0,0,7,0,2,5,Flareon
4-25,13:59:57,NINTEN,NidoranF,Gambler,5,Route 8,3,27:22.71,27:22,0h27m22s,5,0,5,33,1:42,14.893,BODY SLAM,DOUBLE KICK,BITE,SCRATCH,8,3661,317,57,2,342,314,224,13,16192,Flareon, ,Poison,Poison,32952,NidoranF2,NidoranF,,00:27:07.81,00:27:22.71,01:42:13.44,33,5,0,27,22,71,BODY SLAM,DOUBLE KICK,BITE,SCRATCH,0,26,22,35,0,0,0,0,80,95,52,55,47,47,48,6116,6887,6971,5333,5333,6525,15,15,15,15,0,0,0,0,-2,0,0,73,55,47,47,24,369978,119582,226289,21780,2327,8,2,0,3661,3161,500,0,317,59,57,2,0,0,6736,5405,812,812,309,29,165,0,0,0,0,0,19,0,16,0,0,3,9,1,0,0,0,0,0,0,0,0,0,0,8,3,6,1,0,0,8,2,6,0,0,0,0,130,32817,0,0,0,0,12,24,0,0,0,7,0,2,5,Flareon
4-25,14:00:22,NINTEN,NidoranF,Super Nerd,3,Route 8,4,27:47.46,27:47,0h27m47s,5,0,5,34,1:43,17.894,BODY SLAM,DOUBLE KICK,BITE,SCRATCH,8,3668,317,58,2,349,321,228,13,17732,Flareon, ,Poison,Poison,34702,NidoranF2,NidoranF,,00:27:29.57,00:27:47.46,01:43:51.27,34,5,0,27,47,46,BODY SLAM,DOUBLE KICK,BITE,SCRATCH,5,26,20,35,0,0,0,0,48,98,54,57,48,48,49,6261,7047,7236,5598,5598,6805,15,15,15,15,0,-2,0,0,0,0,0,60,28,48,48,49,375841,120097,231036,22381,2327,8,2,0,3668,3168,500,0,317,60,58,2,0,0,7022,5595,847,847,316,29,169,0,0,0,0,0,20,0,16,0,0,3,9,1,0,0,0,0,0,0,0,0,0,0,8,3,6,1,0,0,8,2,6,0,0,0,0,134,34567,0,0,0,0,12,24,0,0,0,7,0,2,5,Flareon
4-25,14:01:07,NINTEN,NidoranF,Rocket,7,Celadon City - Game Corner,2,28:32.84,28:32,0h28m32s,5,0,5,34,1:46,7.068,BODY SLAM,DOUBLE KICK,BITE,SCRATCH,8,3879,344,59,2,351,323,228,11,18232,Flareon, ,Poison,Poison,35429,NidoranF2,NidoranF,,00:28:25.77,00:28:32.84,01:46:50.28,34,5,0,28,32,84,BODY SLAM,DOUBLE KICK,BITE,SCRATCH,14,29,25,35,0,0,0,0,98,98,54,57,48,48,49,6356,7173,7331,5688,5688,6957,15,15,15,15,0,0,0,0,0,0,0,60,57,48,48,49,386582,127978,233538,22739,2327,8,2,0,3879,3379,500,0,344,61,59,2,0,0,7150,5699,847,847,318,29,169,0,0,0,0,0,20,0,16,0,0,3,9,1,0,0,0,0,0,0,0,0,0,0,8,3,6,1,0,0,8,2,6,0,0,0,0,136,35294,0,0,0,0,15,24,0,0,0,7,0,2,5,Flareon
4-25,14:01:43,NINTEN,NidoranF,Rocket,15,Rocket Hideout 3,2,29:08.54,29:08,0h29m8s,5,0,5,34,1:49,7.278,BODY SLAM,DOUBLE KICK,BITE,SCRATCH,8,4057,355,60,2,354,326,229,12,18832,Flareon, ,Poison,Poison,36221,NidoranF2,NidoranF,,00:29:01.26,00:29:08.54,01:49:11.33,34,5,0,29,8,54,BODY SLAM,DOUBLE KICK,BITE,SCRATCH,11,29,25,35,0,0,0,0,90,98,54,57,48,48,49,6496,7333,7431,5758,5758,7027,15,15,15,15,0,0,0,0,0,0,0,60,57,48,48,49,395047,134239,235742,22739,2327,8,2,0,4057,3557,500,0,355,62,60,2,0,0,7326,5825,855,855,321,29,170,0,0,0,0,0,21,0,16,0,0,3,9,1,0,0,0,0,0,0,0,0,0,0,8,3,6,1,0,0,8,2,6,0,0,0,0,138,36086,0,0,0,0,18,24,0,0,0,7,0,2,5,Flareon
4-25,14:07:05,NINTEN,NidoranF,Surge,1,Vermilion City - Gym,1,32:29.55,32:29,0h32m29s,7,0,7,35,2:00,8.271,BODY SLAM,DOUBLE KICK,BITE,SCRATCH,9,4639,396,61,3,358,330,232,13,262,Flareon, ,Poison,Poison,36953,NidoranF2,NidoranF,Lt. Surge,00:32:21.27,00:32:29.55,02:00:32.15,35,7,0,32,29,55,BODY SLAM,DOUBLE KICK,BITE,SCRATCH,12,30,25,35,0,0,0,0,36,101,55,59,50,50,55,6556,7423,7486,5848,5848,17367,15,15,15,15,0,0,0,0,0,0,0,61,59,50,50,55,435894,163942,240715,28754,2483,9,3,0,4639,4139,500,0,396,64,61,3,0,0,7462,5927,928,928,325,29,173,0,0,0,0,0,21,0,16,0,0,3,10,1,0,0,0,0,0,0,0,0,0,0,8,3,6,1,0,0,9,2,6,0,0,0,0,139,36818,0,0,0,0,21,49,14,1,1,8,0,2,7,Flareon
4-25,14:08:01,NINTEN,NidoranF,Rival4-Pkmn Tower,3,Pokemon Tower - 2F,5,33:26.22,33:26,0h33m26s,7,0,7,35,2:04,21.183,BODY SLAM,DOUBLE KICK,BITE,THUNDERBOLT,10,4703,403,62,3,367,339,236,13,3034,Flareon, ,Poison,Poison,39603,NidoranF2,NidoranF,Rival (Pokemon Tower),00:33:05.04,00:33:26.22,02:04:15.40,35,7,0,33,26,22,BODY SLAM,DOUBLE KICK,BITE,THUNDERBOLT,7,28,25,13,0,0,0,0,83,101,55,59,50,50,55,6781,7743,7856,6144,6144,17647,15,15,15,15,-1,0,0,0,0,-1,0,45,83,50,50,55,449299,167532,246572,32712,2483,10,3,0,4703,4203,500,0,403,65,62,3,0,0,7841,6213,931,931,334,30,176,0,0,0,0,0,21,0,16,0,0,3,11,1,0,0,0,0,0,0,0,0,0,0,8,3,6,1,0,0,11,3,6,0,0,0,0,144,39468,0,0,0,0,21,49,14,1,1,9,0,2,7,Flareon
4-25,14:08:25,NINTEN,NidoranF,Agatha Jr,10,Pokemon Tower - 4F,2,33:50.30,33:50,0h33m50s,7,0,7,36,2:05,10.68,BODY SLAM,DOUBLE KICK,BITE,THUNDERBOLT,11,4752,405,63,3,371,343,238,13,4659,Flareon, ,Poison,Poison,40539,NidoranF2,NidoranF,,00:33:39.62,00:33:50.30,02:05:50.55,36,7,0,33,50,30,BODY SLAM,DOUBLE KICK,BITE,THUNDERBOLT,7,28,25,9,0,0,0,0,62,103,57,61,51,51,57,6841,7813,7916,6344,6344,17807,15,15,15,15,0,0,0,0,0,0,0,64,68,51,51,57,455014,169481,249563,33487,2483,11,3,0,4752,4252,500,0,405,66,63,3,0,0,7952,6313,954,954,338,30,178,0,0,0,0,0,21,0,16,0,0,4,12,1,0,0,0,0,0,0,0,0,0,0,9,3,6,1,0,0,12,3,6,0,0,0,0,146,40404,0,0,0,0,21,49,14,1,1,9,0,2,7,Flareon
4-25,14:08:48,NINTEN,NidoranF,Channeler,21,Pokemon Tower - 6F,1,34:12.67,34:12,0h34m12s,7,0,7,36,2:07,7.971,BODY SLAM,DOUBLE KICK,BITE,THUNDERBOLT,11,4825,412,64,3,374,345,241,13,5349,Flareon,Paralyzed,Poison,Poison,41026,NidoranF2,NidoranF,,00:34:04.71,00:34:12.67,02:07:19.17,36,7,0,34,12,67,BODY SLAM,DOUBLE KICK,BITE,THUNDERBOLT,15,30,25,13,0,0,0,0,73,103,57,61,51,51,57,6871,7848,7946,6444,6444,17887,15,15,15,15,0,0,0,0,0,0,0,64,68,51,51,14,460316,172136,252210,33487,2483,11,3,0,4825,4325,500,0,412,67,64,3,0,0,8007,6365,984,984,340,30,181,0,0,0,0,0,21,0,16,0,0,4,12,2,0,0,0,0,0,0,0,0,0,0,9,3,8,2,0,0,12,3,6,0,0,0,0,147,40891,0,0,0,0,23,49,14,1,1,9,0,2,7,Flareon
4-25,14:09:04,NINTEN,NidoranF,Channeler,20,Pokemon Tower - 6F,1,34:29.16,34:29,0h34m29s,7,0,7,36,2:08,8.809,BODY SLAM,DOUBLE KICK,BITE,THUNDERBOLT,11,4834,413,65,3,378,348,244,12,6069,Flareon, ,Poison,Poison,41513,NidoranF2,NidoranF,,00:34:20.34,00:34:29.16,02:08:23.59,36,7,0,34,29,16,BODY SLAM,DOUBLE KICK,BITE,THUNDERBOLT,15,30,25,10,0,0,0,0,62,103,57,61,51,51,57,6901,7883,7976,6544,6544,17967,15,15,15,15,0,0,0,0,0,0,0,64,68,51,51,57,464198,172429,254689,34597,2483,11,3,0,4834,4334,500,0,413,68,65,3,0,0,8084,6417,1025,1025,343,30,184,0,0,0,0,0,21,0,16,0,0,5,12,2,0,0,0,0,0,0,0,0,0,0,10,4,8,2,0,0,12,3,6,0,0,0,0,148,41378,0,0,0,0,23,49,14,1,1,9,0,2,7,Flareon
4-25,14:09:48,NINTEN,NidoranF,Rocket,44,Pokemon Tower - 7F,3,35:12.66,35:12,0h35m12s,7,0,7,36,2:11,16.604,BODY SLAM,DOUBLE KICK,BITE,THUNDERBOLT,12,4933,423,66,4,385,355,249,13,6789,Flareon,Paralyzed,Poison,Poison,43762,NidoranF2,NidoranF,,00:34:56.06,00:35:12.66,02:11:16.04,36,7,0,35,12,66,BODY SLAM,DOUBLE KICK,BITE,THUNDERBOLT,12,29,25,12,0,0,0,0,89,103,57,61,51,51,57,7066,8103,8200,6734,6734,18197,15,15,15,15,0,0,0,0,0,0,0,64,68,51,51,14,474523,176512,260053,35475,2483,12,3,0,4933,4433,500,0,423,70,66,4,0,0,8358,6628,1039,1039,350,31,188,0,0,0,0,0,21,0,18,0,0,5,13,3,0,0,0,0,0,0,0,0,0,0,10,4,12,2,0,0,14,3,6,0,0,0,0,151,43627,0,0,0,0,25,49,14,1,1,9,0,2,7,Flareon
4-25,14:10:48,NINTEN,NidoranF,Lass,17,Celadon City - Gym,2,36:13.17,36:13,0h36m13s,7,0,7,37,2:15,7.753,BODY SLAM,DOUBLE KICK,BITE,THUNDERBOLT,13,5188,448,67,4,388,358,249,13,2799,Flareon, ,Poison,Poison,44920,NidoranF2,NidoranF,,00:36:05.43,00:36:13.17,02:15:14.20,37,7,0,36,13,17,BODY SLAM,DOUBLE KICK,BITE,THUNDERBOLT,14,30,23,15,0,0,0,0,106,106,59,62,53,53,59,7181,8268,8285,6889,6889,20852,15,15,15,15,0,0,0,0,0,0,0,66,69,53,53,59,488819,186412,262365,37559,2483,13,3,0,5188,4688,500,0,448,71,67,4,0,0,8500,6753,1039,1039,353,31,188,0,0,0,0,0,21,0,18,0,0,5,13,3,0,0,0,0,0,0,0,0,0,0,10,4,12,2,0,0,14,3,6,0,0,0,0,153,44785,0,0,0,0,25,50,15,1,1,9,0,2,7,Flareon
4-25,14:10:59,NINTEN,NidoranF,Beauty,2,Celadon City - Gym,2,36:23.78,36:23,0h36m23s,7,0,7,37,2:15,5.744,BODY SLAM,DOUBLE KICK,BITE,THUNDERBOLT,13,5191,448,68,4,390,360,249,13,3144,Flareon, ,Poison,Poison,45784,NidoranF2,NidoranF,,00:36:18.04,00:36:23.78,02:15:56.00,37,7,0,36,23,78,BODY SLAM,DOUBLE KICK,BITE,THUNDERBOLT,12,30,23,15,0,0,0,0,106,106,59,62,53,53,59,7281,8418,8355,7029,7029,20932,15,15,15,15,0,0,0,0,0,0,0,66,69,53,53,59,491319,186716,264561,37559,2483,13,3,0,5191,4691,500,0,448,72,68,4,0,0,8640,6875,1039,1039,355,31,188,0,0,0,0,0,21,0,18,0,0,5,13,3,0,0,0,0,0,0,0,0,0,0,10,4,12,2,0,0,14,3,6,0,0,0,0,155,45649,0,0,0,0,25,50,15,1,1,9,0,2,7,Flareon
4-25,14:11:13,NINTEN,NidoranF,Beauty,1,Celadon City - Gym,4,36:37.61,36:37,0h36m37s,7,0,7,37,2:16,10.052,BODY SLAM,DOUBLE KICK,BITE,THUNDERBOLT,13,5200,452,69,4,394,364,249,13,4824,Flareon, ,Poison,Poison,47242,NidoranF2,NidoranF,,00:36:27.54,00:36:37.61,02:16:50.23,37,7,0,36,37,61,BODY SLAM,DOUBLE KICK,BITE,THUNDERBOLT,8,30,23,15,0,0,0,0,106,106,59,62,53,53,59,7471,8668,8535,7319,7319,21072,15,15,15,15,0,0,0,0,0,0,0,66,69,53,53,59,494582,187130,267410,37559,2483,13,3,0,5200,4700,500,0,452,73,69,4,0,0,8908,7091,1039,1039,359,31,188,0,0,0,0,0,21,0,18,0,0,5,13,3,0,0,0,0,0,0,0,0,0,0,10,4,12,2,0,0,14,3,6,0,0,0,0,159,47107,0,0,0,0,25,50,15,1,1,9,0,2,7,Flareon
4-25,14:11:30,NINTEN,NidoranF,Jr Trainer F,11,Celadon City - Gym,2,36:54.93,36:54,0h36m54s,7,0,7,38,2:17,14.189,BODY SLAM,DOUBLE KICK,BITE,THUNDERBOLT,13,5207,453,70,4,399,369,252,13,6294,Flareon, ,Poison,Poison,48294,NidoranF2,NidoranF,,00:36:40.74,00:36:54.93,02:17:58.54,38,7,0,36,54,93,BODY SLAM,DOUBLE KICK,BITE,THUNDERBOLT,8,30,18,15,0,0,0,0,91,109,60,64,54,54,61,7576,8779,8647,7464,7464,21177,15,15,15,15,0,0,0,0,0,0,0,67,72,54,54,61,498693,187380,271271,37559,2483,13,3,0,5207,4707,500,0,453,74,70,4,0,0,9077,7216,1057,1057,364,31,190,0,0,0,0,0,21,0,20,0,0,5,13,3,0,0,0,0,0,0,0,0,0,0,10,4,12,2,0,0,14,3,6,0,0,0,0,161,48159,0,0,0,0,25,50,15,1,1,9,0,2,7,Flareon
4-25,14:11:46,NINTEN,NidoranF,Lass,18,Celadon City - Gym,2,37:10.54,37:10,0h37m10s,7,0,7,38,2:19,9.113,BODY SLAM,DOUBLE KICK,BITE,THUNDERBOLT,13,5209,460,71,4,403,373,254,13,6774,Flareon, ,Poison,Poison,49327,NidoranF2,NidoranF,,00:37:01.43,00:37:10.54,02:19:00.19,38,7,0,37,10,54,BODY SLAM,DOUBLE KICK,BITE,THUNDERBOLT,6,30,16,15,0,0,0,0,91,109,60,64,54,54,61,7681,8894,8772,7624,7624,21247,15,15,15,15,0,0,0,0,0,0,0,67,72,54,54,61,502378,187708,274289,37898,2483,13,3,0,5209,4709,500,0,460,75,71,4,0,0,9253,7337,1057,1057,368,31,190,0,0,0,0,0,21,0,20,0,0,5,13,3,0,0,0,0,0,0,0,0,0,0,10,4,12,2,0,0,14,3,6,0,0,0,0,163,49192,0,0,0,0,25,50,15,1,1,9,0,2,7,Flareon
4-25,14:12:03,NINTEN,NidoranF,Cooltrainer F,1,Celadon City - Gym,3,37:28.16,37:28,0h37m28s,7,0,7,38,2:20,14.35,BODY SLAM,DOUBLE KICK,BITE,THUNDERBOLT,13,5210,460,72,4,410,380,255,13,7119,Flareon, ,Poison,Poison,51504,NidoranF2,NidoranF,,00:37:13.81,00:37:28.16,02:20:09.43,38,7,0,37,28,16,BODY SLAM,DOUBLE KICK,BITE,THUNDERBOLT,3,30,12,15,0,0,0,0,86,109,60,64,54,54,61,7866,9111,8955,7874,7874,21402,15,15,15,15,0,0,0,0,0,0,0,67,72,54,54,61,506542,187996,278165,37898,2483,13,3,0,5210,4710,500,0,460,76,72,4,0,0,9533,7538,1062,1062,375,31,191,0,0,0,0,0,21,0,20,0,0,5,13,3,0,0,0,0,0,0,0,0,0,0,10,4,12,2,0,0,14,3,6,0,0,0,0,166,51369,0,0,0,0,25,50,15,1,1,9,0,2,7,Flareon
4-25,14:12:19,NINTEN,NidoranF,Beauty,3,Celadon City - Gym,1,37:43.84,37:43,0h37m43s,7,0,7,38,2:21,12.458,BODY SLAM,DOUBLE KICK,BITE,THUNDERBOLT,13,5212,460,73,4,420,383,264,13,7959,Flareon, ,Poison,Poison,52050,NidoranF2,NidoranF,,00:37:31.38,00:37:43.84,02:21:11.48,38,7,0,37,43,84,BODY SLAM,DOUBLE KICK,BITE,THUNDERBOLT,0,30,12,15,0,0,0,0,86,109,60,64,54,54,61,7926,9151,9035,7934,7934,21442,15,15,15,15,0,0,0,0,0,0,0,67,72,54,54,61,510267,188243,281643,37898,2483,13,3,0,5212,4712,500,0,460,77,73,4,0,0,9647,7609,1062,1062,378,37,193,0,0,0,0,0,22,0,20,0,0,5,14,3,0,0,0,0,0,0,0,0,0,0,10,4,12,2,0,0,15,3,12,0,0,0,0,167,51915,0,0,0,0,25,50,15,1,1,9,0,2,7,Flareon
4-25,14:13:22,NINTEN,NidoranF,Erika,1,Celadon City - Gym,3,38:46.50,38:46,0h38m46s,7,0,7,39,2:25,21.535,BODY SLAM,DOUBLE KICK,BITE,THUNDERBOLT,14,5358,487,74,4,432,392,270,13,9779,Flareon,Paralyzed,Poison,Poison,55055,NidoranF2,NidoranF,Erika,00:38:24.96,00:38:46.50,02:25:19.16,39,7,0,38,46,50,BODY SLAM,DOUBLE KICK,BITE,THUNDERBOLT,6,30,25,15,0,0,0,0,35,112,62,66,56,56,62,8116,9361,9270,8204,8204,21597,15,15,15,15,0,-1,0,0,0,0,0,77,48,56,56,3,525115,193566,287252,41814,2483,14,3,0,5358,4858,500,0,487,78,74,4,0,0,9986,7865,1139,1139,387,37,200,0,0,0,0,0,23,0,21,0,0,5,16,4,0,0,0,0,0,0,0,0,0,0,10,4,18,4,0,0,23,7,12,0,0,0,0,170,54920,0,0,0,0,25,50,15,1,1,9,0,2,7,Flareon
4-25,14:14:03,NINTEN,NidoranF,Biker,5,Route 16,2,39:27.63,39:27,0h39m27s,7,0,7,39,2:28,8.607,BODY SLAM,DOUBLE KICK,BITE,THUNDERBOLT,14,5456,491,75,5,436,396,272,14,12947,Flareon, ,Poison,Poison,56321,NidoranF2,NidoranF,,00:39:19.03,00:39:27.63,02:28:01.02,39,7,0,39,27,63,BODY SLAM,DOUBLE KICK,BITE,THUNDERBOLT,15,30,25,11,0,0,0,0,106,112,62,66,56,56,62,8236,9506,9415,8304,8304,21657,15,15,15,15,0,0,0,0,0,0,0,69,74,56,56,62,534821,197211,290965,44162,2483,14,3,0,5456,4890,566,0,491,80,75,5,1,0,10217,8021,1145,1145,391,38,201,0,0,0,0,0,24,0,21,0,0,5,16,4,0,0,0,0,0,0,0,0,0,0,10,4,18,4,0,0,23,7,12,0,0,0,0,172,56186,0,0,0,0,25,50,15,1,1,9,0,2,7,Flareon
4-25,14:14:17,NINTEN,NidoranF,Cue Ball,1,Route 16,3,39:42.07,39:42,0h39m42s,7,0,7,40,2:28,11.657,BODY SLAM,DOUBLE KICK,BITE,THUNDERBOLT,14,5460,492,76,5,440,400,272,14,13527,Flareon, ,Poison,Poison,57821,NidoranF2,NidoranF,,00:39:30.42,00:39:42.07,02:28:57.56,40,7,0,39,42,7,BODY SLAM,DOUBLE KICK,BITE,THUNDERBOLT,14,30,24,9,0,0,0,0,109,115,64,68,58,58,64,8416,9746,9550,8409,8409,21797,15,15,15,15,0,0,0,0,0,0,0,72,76,58,58,64,538235,197362,294228,44162,2483,14,3,0,5460,4890,570,0,492,81,76,5,1,0,10511,8247,1145,1145,395,38,201,0,0,0,0,0,25,0,21,0,0,5,17,4,0,0,0,0,0,0,0,0,0,0,10,4,18,4,0,0,24,8,12,0,0,0,0,175,57686,0,0,0,0,25,50,15,1,1,9,0,2,7,Flareon
4-25,14:14:29,NINTEN,NidoranF,Cue Ball,2,Route 16,2,39:54.05,39:54,0h39m54s,7,0,7,40,2:29,7.814,BODY SLAM,DOUBLE KICK,BITE,THUNDERBOLT,14,5462,495,77,5,443,403,273,14,14227,Flareon, ,Poison,Poison,58826,NidoranF2,NidoranF,,00:39:46.23,00:39:54.05,02:29:45.03,40,7,0,39,54,5,BODY SLAM,DOUBLE KICK,BITE,THUNDERBOLT,13,30,23,8,0,0,0,0,90,115,64,68,58,58,64,8526,9906,9635,8479,8479,21902,15,15,15,15,0,0,0,0,0,0,0,72,76,58,58,64,541063,197491,296927,44162,2483,14,3,0,5462,4890,572,0,495,82,77,5,1,0,10695,8397,1164,1164,398,38,202,0,0,0,0,0,25,0,22,0,0,5,17,4,0,0,0,0,0,0,0,0,0,0,10,4,18,4,0,0,24,8,12,0,0,0,0,177,58691,0,0,0,0,25,50,15,1,1,9,0,2,7,Flareon
4-25,14:14:38,NINTEN,NidoranF,Cue Ball,3,Route 16,1,40:02.55,40:02,0h40m2s,7,0,7,40,2:30,5.182,BODY SLAM,DOUBLE KICK,BITE,THUNDERBOLT,14,5468,495,78,5,445,405,273,14,14952,Flareon, ,Poison,Poison,59447,NidoranF2,NidoranF,,00:39:57.37,00:40:02.55,02:30:18.30,40,7,0,40,2,55,BODY SLAM,DOUBLE KICK,BITE,THUNDERBOLT,13,30,23,6,0,0,0,0,90,115,64,68,58,58,64,8596,9986,9685,8514,8514,21937,15,15,15,15,0,0,0,0,0,0,0,72,76,58,58,64,543069,197760,298664,44162,2483,14,3,0,5468,4890,578,0,495,83,78,5,1,0,10811,8491,1164,1164,400,38,202,0,0,0,0,0,25,0,22,0,0,5,18,4,0,0,0,0,0,0,0,0,0,0,10,4,18,4,0,0,25,9,12,0,0,0,0,178,59312,0,0,0,0,25,50,15,1,1,9,0,2,7,Flareon
4-25,14:14:49,NINTEN,NidoranF,Biker,6,Route 16,1,40:14.02,40:14,0h40m14s,7,0,7,40,2:31,8.517,BODY SLAM,DOUBLE KICK,BITE,THUNDERBOLT,14,5469,495,79,5,449,409,276,14,15777,Flareon, ,Poison,Poison,60669,NidoranF2,NidoranF,,00:40:05.50,00:40:14.02,02:31:03.43,40,7,0,40,14,2,BODY SLAM,DOUBLE KICK,BITE,THUNDERBOLT,13,30,23,2,0,0,0,0,51,115,64,68,58,58,64,8661,10076,9805,8599,8599,21997,15,15,15,15,0,0,0,0,0,0,0,72,76,58,58,64,545783,197943,301195,44162,2483,14,3,0,5469,4890,579,0,495,84,79,5,1,0,10925,8582,1203,1203,404,38,205,0,0,0,0,0,25,0,23,0,0,5,18,4,0,0,0,0,0,0,0,0,0,0,10,4,18,4,0,0,25,9,12,0,0,0,0,179,60534,0,0,0,0,25,50,15,1,1,9,0,2,7,Flareon
4-25,14:15:11,NINTEN,NidoranF,Biker,7,Route 16,4,40:36.40,40:36,0h40m36s,7,0,7,41,2:32,16.563,BODY SLAM,DOUBLE KICK,BITE,THUNDERBOLT,14,5473,495,80,5,457,417,280,14,16437,Flareon, ,Poison,Poison,62673,NidoranF2,NidoranF,,00:40:19.85,00:40:36.40,02:32:32.06,41,7,0,40,36,40,BODY SLAM,DOUBLE KICK,BITE,THUNDERBOLT,5,30,23,2,0,0,0,0,40,117,66,70,59,59,66,8981,10396,10005,8759,8759,22097,15,15,15,15,0,0,0,0,0,0,0,74,78,59,59,66,551085,198395,305619,44588,2483,14,3,0,5473,4890,583,0,495,85,80,5,1,0,11390,8906,1216,1216,412,39,208,0,0,0,0,0,25,0,23,0,0,5,19,4,0,0,0,0,0,0,0,0,0,0,10,4,18,4,0,0,26,9,12,0,0,0,0,183,62538,0,0,0,0,25,50,15,1,1,9,0,2,7,Flareon
4-25,14:20:21,NINTEN,NidoranF,Biker,8,Route 17,3,41:21.67,41:21,0h41m21s,7,0,7,41,2:35,13.439,BODY SLAM,DOUBLE KICK,BITE,THUNDERBOLT,14,5634,500,81,5,463,423,283,15,1557,Flareon, ,Poison,Poison,65433,NidoranF2,NidoranF,,00:41:08.22,00:41:21.67,02:35:30.16,41,7,0,41,21,67,BODY SLAM,DOUBLE KICK,BITE,THUNDERBOLT,15,30,25,9,0,0,0,0,102,117,66,70,59,59,66,9151,10641,10340,8989,8989,22252,15,15,15,15,0,0,0,0,0,0,0,74,78,59,59,66,561775,204483,309654,45155,2483,14,3,0,5634,5016,618,0,500,86,81,5,1,0,11675,9126,1231,1231,418,39,211,0,0,0,0,0,27,0,23,0,0,5,19,4,0,0,0,0,0,0,0,0,0,0,10,4,18,4,0,0,26,9,12,0,0,0,0,186,65298,0,0,0,0,25,72,15,1,1,9,0,2,7,Flareon
4-25,14:20:34,NINTEN,NidoranF,Cue Ball,5,Route 17,2,41:34.71,41:34,0h41m34s,7,0,7,42,2:36,10.037,BODY SLAM,DOUBLE KICK,BITE,THUNDERBOLT,14,5642,500,82,5,467,427,285,15,2117,Flareon, ,Poison,Poison,66885,NidoranF2,NidoranF,,00:41:24.67,00:41:34.71,02:36:21.41,42,7,0,41,34,71,BODY SLAM,DOUBLE KICK,BITE,THUNDERBOLT,15,30,25,5,0,0,0,0,86,120,68,71,61,61,67,9301,10821,10460,9074,9074,22332,15,15,15,15,0,0,0,0,0,0,0,76,79,61,61,67,564860,204700,312522,45155,2483,14,3,0,5642,5016,626,0,500,87,82,5,1,0,11907,9300,1250,1250,422,39,213,0,0,0,0,0,27,0,23,0,0,5,19,4,0,0,0,0,0,0,0,0,0,0,10,4,18,4,0,0,26,9,12,0,0,0,0,188,66750,0,0,0,0,25,72,15,1,1,9,0,2,7,Flareon
4-25,14:20:48,NINTEN,NidoranF,Cue Ball,4,Route 17,2,41:48.36,41:48,0h41m48s,7,0,7,42,2:37,7.252,BODY SLAM,DOUBLE KICK,BITE,THUNDERBOLT,14,5652,510,83,5,470,430,286,15,2842,Flareon, ,Poison,Poison,68269,NidoranF2,NidoranF,,00:41:41.11,00:41:48.36,02:37:15.24,42,7,0,41,48,36,BODY SLAM,DOUBLE KICK,BITE,THUNDERBOLT,12,30,25,5,0,0,0,0,86,120,68,71,61,61,67,9406,11006,10555,9169,9169,22497,15,15,15,15,0,0,0,0,0,0,0,76,79,61,61,67,568083,205355,315090,45155,2483,14,3,0,5652,5016,636,0,510,88,83,5,1,0,12110,9447,1250,1250,425,40,213,0,0,0,0,0,28,0,23,0,0,5,19,4,0,0,0,0,0,0,0,0,0,0,10,4,18,4,0,0,26,9,12,0,0,0,0,190,68134,0,0,0,0,26,72,15,1,1,9,0,2,7,Flareon
4-25,14:21:02,NINTEN,NidoranF,Biker,10,Route 17,2,42:02.49,42:02,0h42m2s,7,0,7,42,2:38,10.198,BODY SLAM,DOUBLE KICK,BITE,THUNDERBOLT,14,5669,523,84,5,474,434,289,15,3567,Flareon, ,Poison,Poison,69547,NidoranF2,NidoranF,,00:41:52.29,00:42:02.49,02:38:11.06,42,7,0,42,2,49,BODY SLAM,DOUBLE KICK,BITE,THUNDERBOLT,12,30,21,5,0,0,0,0,66,120,68,71,61,61,67,9486,11066,10655,9279,9279,22697,15,15,15,15,0,-4,0,0,0,0,0,95,25,61,61,67,571425,205784,318003,45155,2483,14,3,0,5669,5016,653,0,523,89,84,5,1,0,12289,9579,1270,1270,429,40,216,0,0,0,0,0,28,0,23,0,0,5,19,4,0,0,0,0,0,0,0,0,0,0,10,4,18,4,0,0,26,9,12,0,0,0,0,192,69412,0,0,0,0,26,72,15,1,1,9,0,2,7,Flareon
4-25,14:21:13,NINTEN,NidoranF,Cue Ball,6,Route 17,1,42:13.37,42:13,0h42m13s,7,0,7,42,2:38,6.866,BODY SLAM,DOUBLE KICK,BITE,THUNDERBOLT,14,5696,532,85,5,477,437,291,15,4147,Flareon, ,Poison,Poison,70579,NidoranF2,NidoranF,,00:42:06.51,00:42:13.37,02:38:53.58,42,7,0,42,13,37,BODY SLAM,DOUBLE KICK,BITE,THUNDERBOLT,12,30,21,2,0,0,0,0,22,120,68,71,61,61,67,9566,11166,10725,9329,9329,22742,15,15,15,15,0,0,0,0,0,0,0,76,79,61,61,67,573997,206235,320124,45155,2483,14,3,0,5696,5016,680,0,532,90,85,5,1,0,12425,9680,1314,1314,432,40,218,0,0,0,0,0,28,0,24,0,0,5,19,4,0,0,0,0,0,0,0,0,0,0,10,4,18,4,0,0,26,9,12,0,0,0,0,193,70444,0,0,0,0,26,72,15,1,1,9,0,2,7,Flareon
4-25,14:21:36,NINTEN,NidoranF,Cue Ball,8,Route 17,2,42:36.54,42:36,0h42m36s,7,0,7,43,2:40,13.12,BODY SLAM,DOUBLE KICK,BITE,THUNDERBOLT,14,5739,538,86,5,482,442,294,15,4972,Flareon, ,Poison,Poison,72410,NidoranF2,NidoranF,,00:42:23.42,00:42:36.54,02:40:25.14,43,7,0,42,36,54,BODY SLAM,DOUBLE KICK,BITE,THUNDERBOLT,8,30,21,1,0,0,0,0,97,123,69,73,62,62,69,9711,11371,10855,9439,9439,22882,15,15,15,15,0,0,0,0,0,0,0,77,82,62,62,69,579473,206838,323732,46420,2483,14,3,0,5739,5016,723,0,538,91,86,5,1,0,12655,9851,1340,1340,437,40,221,0,0,0,0,0,28,0,24,0,0,5,20,4,0,0,0,0,0,0,0,0,0,0,10,4,18,4,0,0,27,9,12,0,0,0,0,195,72275,0,0,0,0,26,72,15,1,1,9,0,2,7,Flareon
4-25,14:22:07,NINTEN,NidoranF,Biker,12,Route 17,5,43:07.04,43:07,0h43m7s,7,0,7,43,2:42,24.618,BODY SLAM,DOUBLE KICK,BITE,THUNDERBOLT,14,5770,538,87,5,494,454,301,15,5697,Flareon, ,Poison,Poison,76090,NidoranF2,NidoranF,,00:42:42.43,00:43:07.04,02:42:25.36,43,7,0,43,7,4,BODY SLAM,DOUBLE KICK,BITE,THUNDERBOLT,2,30,16,0,0,0,0,0,56,123,69,73,62,62,69,9961,11746,11380,9789,9789,23107,15,15,15,15,0,0,0,0,0,0,0,77,82,62,62,69,586695,207385,330407,46420,2483,14,3,0,5770,5016,754,0,538,92,87,5,1,0,13076,10170,1381,1381,449,41,227,0,0,0,0,0,29,0,25,0,0,5,21,4,0,0,0,0,0,0,0,0,0,0,10,4,18,4,0,0,28,9,12,0,0,0,0,200,75955,0,0,0,0,26,72,15,1,1,9,0,2,7,Flareon
4-25,14:22:37,NINTEN,NidoranF,Bird Keeper,10,Route 18,4,43:37.11,43:37,0h43m37s,7,0,7,44,2:44,12.239,BODY SLAM,DOUBLE KICK,BITE,THUNDERBOLT,14,5935,551,88,5,498,458,301,15,6197,Flareon, ,Poison,Poison,77957,NidoranF2,NidoranF,,00:43:24.88,00:43:37.11,02:44:24.08,44,7,0,43,37,11,BODY SLAM,DOUBLE KICK,BITE,THUNDERBOLT,15,30,25,11,0,0,0,0,126,126,71,75,64,64,71,10146,12016,11535,9943,9943,23417,15,15,15,15,0,0,0,0,0,0,0,79,84,64,64,71,593807,211102,333802,46420,2483,14,3,0,5935,5125,810,0,551,93,88,5,1,0,13678,10423,1381,1381,453,41,227,0,0,0,0,0,29,0,25,0,0,5,21,4,0,0,0,0,0,0,0,0,0,0,10,4,18,4,0,0,28,9,12,0,0,0,0,204,77822,0,0,0,0,26,72,15,1,1,9,0,2,7,Flareon
4-25,14:22:49,NINTEN,NidoranF,Bird Keeper,8,Route 18,2,43:49.46,43:49,0h43m49s,7,0,7,44,2:45,6.708,BODY SLAM,DOUBLE KICK,BITE,THUNDERBOLT,14,5941,553,89,5,500,460,301,15,6847,Flareon, ,Poison,Poison,79323,NidoranF2,NidoranF,,00:43:42.74,00:43:49.46,02:45:12.43,44,7,0,43,49,46,BODY SLAM,DOUBLE KICK,BITE,THUNDERBOLT,15,30,25,9,0,0,0,0,126,126,71,75,64,64,71,10251,12166,11630,10035,10035,23587,15,15,15,15,0,0,0,0,0,0,0,79,84,64,64,71,596722,211588,336231,46420,2483,14,3,0,5941,5131,810,0,553,94,89,5,1,0,13938,10570,1381,1381,455,41,227,0,0,0,0,0,29,0,25,0,0,5,21,4,0,0,0,0,0,0,0,0,0,0,10,4,18,4,0,0,28,9,12,0,0,0,0,206,79188,0,0,0,0,26,72,15,1,1,9,0,2,7,Flareon
4-25,14:22:59,NINTEN,NidoranF,Bird Keeper,9,Route 18,1,43:59.18,43:59,0h43m59s,7,0,7,44,2:45,6.744,BODY SLAM,DOUBLE KICK,BITE,THUNDERBOLT,14,5945,554,90,5,502,462,303,15,7572,Flareon, ,Poison,Poison,80473,NidoranF2,NidoranF,,00:43:52.43,00:43:59.18,02:45:51.03,44,7,0,43,59,18,BODY SLAM,DOUBLE KICK,BITE,THUNDERBOLT,15,30,25,7,0,0,0,0,75,126,71,75,64,64,71,10311,12276,11700,10095,10095,23687,15,15,15,15,0,0,0,0,0,0,0,79,84,64,64,71,599022,211794,338325,46420,2483,14,3,0,5945,5135,810,0,554,95,90,5,1,0,14109,10660,1432,1432,457,41,229,0,0,0,0,0,29,0,25,0,0,5,21,4,0,0,0,0,0,0,0,0,0,0,10,4,18,4,0,0,28,9,12,0,0,0,0,207,80338,0,0,0,0,26,72,15,1,1,9,0,2,7,Flareon
4-25,14:24:23,NINTEN,NidoranF,Blackbelt,5,Saffron City - Fighting Dojo,3,45:23.48,45:23,0h45m23s,7,0,7,44,2:51,11.251,BODY SLAM,DOUBLE KICK,BITE,THUNDERBOLT,14,6456,592,91,5,507,467,305,18,7922,Flareon, ,Poison,Poison,82534,NidoranF2,NidoranF,,00:45:12.23,00:45:23.48,02:51:23.48,44,7,0,45,23,48,BODY SLAM,DOUBLE KICK,BITE,THUNDERBOLT,10,30,25,15,0,0,0,0,118,126,72,75,64,64,71,10486,15101,11845,10225,10225,26447,15,15,15,15,0,0,0,0,0,0,0,81,84,64,64,71,618987,224038,341491,50975,2483,14,3,0,6456,5333,1123,0,592,96,91,5,1,0,14479,10905,1440,1440,462,41,230,0,0,0,0,0,30,0,25,0,0,5,21,4,0,0,0,0,0,0,0,0,0,0,10,4,18,4,0,0,28,9,12,0,0,0,0,210,82399,0,0,0,0,30,72,15,1,1,10,0,2,7,Flareon
4-25,14:24:38,NINTEN,NidoranF,Blackbelt,3,Saffron City - Fighting Dojo,2,45:38.01,45:38,0h45m38s,7,0,7,45,2:52,10.56,BODY SLAM,DOUBLE KICK,BITE,THUNDERBOLT,14,6457,592,92,5,511,471,307,18,8697,Flareon, ,Poison,Poison,84137,NidoranF2,NidoranF,,00:45:27.46,00:45:38.01,02:52:21.12,45,7,0,45,38,1,BODY SLAM,DOUBLE KICK,BITE,THUNDERBOLT,10,30,25,11,0,0,0,0,103,129,74,77,65,65,73,10636,15281,11965,10310,10310,26527,15,15,15,15,0,-1,0,0,0,0,0,83,56,65,65,73,622431,224470,344503,50975,2483,14,3,0,6457,5334,1123,0,592,97,92,5,1,0,14725,11094,1458,1458,466,41,232,0,0,0,0,0,30,0,25,0,0,5,22,4,0,0,0,0,0,0,0,0,0,0,10,4,18,4,0,0,29,9,12,0,0,0,0,212,84002,0,0,0,0,30,72,15,1,1,10,0,2,7,Flareon
4-25,14:24:48,NINTEN,NidoranF,Blackbelt,4,Saffron City - Fighting Dojo,1,45:48.65,45:48,0h45m48s,7,0,7,45,2:53,6.113,BODY SLAM,DOUBLE KICK,BITE,THUNDERBOLT,14,6458,592,93,5,513,473,309,18,9497,Flareon, ,Poison,Poison,85286,NidoranF2,NidoranF,,00:45:42.53,00:45:48.65,02:53:02.59,45,7,0,45,48,65,BODY SLAM,DOUBLE KICK,BITE,THUNDERBOLT,8,30,25,11,0,0,0,0,70,129,74,77,65,65,73,10701,15386,12025,10370,10370,26622,15,15,15,15,0,0,0,0,0,0,0,83,86,65,65,73,624938,224676,346804,50975,2483,14,3,0,6458,5335,1123,0,592,98,93,5,1,0,14862,11192,1491,1491,468,41,233,0,0,0,0,0,31,0,26,0,0,5,22,4,0,0,0,0,0,0,0,0,0,0,10,4,18,4,0,0,29,9,12,0,0,0,0,213,85151,0,0,0,0,30,72,15,1,1,10,0,2,7,Flareon
4-25,14:25:00,NINTEN,NidoranF,Blackbelt,2,Saffron City - Fighting Dojo,3,46:00.96,46:00,0h46m0s,7,0,7,45,2:53,9.503,BODY SLAM,DOUBLE KICK,BITE,THUNDERBOLT,14,6459,592,94,5,517,477,310,18,10397,Flareon, ,Poison,Poison,87254,NidoranF2,NidoranF,,00:45:51.46,00:46:00.96,02:53:51.28,45,7,0,46,0,96,BODY SLAM,DOUBLE KICK,BITE,THUNDERBOLT,4,30,25,11,0,0,0,0,70,129,74,77,65,65,73,10846,15651,12155,10500,10500,26857,15,15,15,15,0,0,0,0,0,0,0,83,86,65,65,73,627847,224830,349559,50975,2483,14,3,0,6459,5336,1123,0,592,99,94,5,1,0,15146,11418,1491,1491,472,41,233,0,0,0,0,0,31,0,26,0,0,5,22,4,0,0,0,0,0,0,0,0,0,0,10,4,18,4,0,0,29,9,12,0,0,0,0,216,87119,0,0,0,0,30,72,15,1,1,10,0,2,7,Flareon
4-25,14:25:18,NINTEN,NidoranF,Blackbelt,1,Saffron City - Fighting Dojo,2,46:18.45,46:18,0h46m18s,7,0,7,45,2:55,11.148,BODY SLAM,DOUBLE KICK,BITE,THUNDERBOLT,14,6460,592,95,5,521,481,314,18,11172,Flareon, ,Poison,Poison,89465,NidoranF2,NidoranF,,00:46:07.30,00:46:18.45,02:55:00.24,45,7,0,46,18,45,BODY SLAM,DOUBLE KICK,BITE,THUNDERBOLT,4,30,25,7,0,0,0,0,79,129,74,77,65,65,73,10946,15876,12287,10570,10570,27020,15,15,15,15,0,0,0,0,0,0,0,83,86,65,65,73,631983,225145,352695,51660,2483,14,3,0,6460,5337,1123,0,592,100,95,5,1,0,15397,11596,1532,1532,476,41,235,0,0,0,0,0,31,0,27,0,0,5,22,4,0,0,0,0,0,0,0,0,0,0,10,4,18,4,0,0,29,9,12,0,0,0,0,218,89330,0,0,0,0,30,72,15,1,1,10,0,2,7,Flareon
4-25,14:25:53,NINTEN,NidoranF,Rocket,24,Silph Co - 2F,5,46:53.95,46:53,0h46m53s,7,0,7,46,2:57,14.238,BODY SLAM,DOUBLE KICK,BITE,THUNDERBOLT,14,6546,593,96,5,526,486,314,18,12097,Flareon, ,Poison,Poison,91865,NidoranF2,NidoranF,,00:46:39.72,00:46:53.95,02:57:20.07,46,7,0,46,53,95,BODY SLAM,DOUBLE KICK,BITE,THUNDERBOLT,15,30,25,10,0,0,0,0,132,132,76,79,67,67,75,11196,16172,12522,10815,10815,27372,15,15,15,15,0,0,0,0,0,0,0,85,88,67,67,75,640366,228660,356460,52763,2483,14,3,0,6546,5423,1123,0,593,101,96,5,1,0,16073,11915,1532,1532,481,41,235,0,0,0,0,0,31,0,27,0,0,5,22,4,0,0,0,0,0,0,0,0,0,0,10,4,18,4,0,0,29,9,12,0,0,0,0,223,91730,0,0,0,0,30,72,15,1,1,10,0,2,7,Flareon
4-25,14:26:09,NINTEN,NidoranF,Scientist,3,Silph Co - 2F,3,47:09.98,47:09,0h47m9s,7,0,7,46,2:58,10.5,BODY SLAM,DOUBLE KICK,BITE,THUNDERBOLT,14,6561,593,97,5,530,490,315,18,12847,Flareon, ,Poison,Poison,93983,NidoranF2,NidoranF,,00:46:59.48,00:47:09.98,02:58:23.11,46,7,0,47,9,98,BODY SLAM,DOUBLE KICK,BITE,THUNDERBOLT,11,30,25,10,0,0,0,0,116,132,76,79,67,67,75,11311,16297,12737,11085,11085,27587,15,15,15,15,0,0,0,0,0,0,0,85,88,67,67,75,644150,229191,359713,52763,2483,14,3,0,6561,5438,1123,0,593,102,97,5,1,0,16293,12105,1548,1548,485,41,236,0,0,0,0,0,31,0,27,0,0,5,23,4,0,0,0,0,0,0,0,0,0,0,10,4,18,4,0,0,30,9,12,0,0,0,0,226,93848,0,0,0,0,30,72,15,1,1,10,0,2,7,Flareon
4-25,14:26:21,NINTEN,NidoranF,Rocket,23,Silph Co - 2F,2,47:21.43,47:21,0h47m21s,7,0,7,46,2:59,7.659,BODY SLAM,DOUBLE KICK,BITE,THUNDERBOLT,14,6576,597,98,5,533,493,316,18,14247,Flareon, ,Poison,Poison,94857,NidoranF2,NidoranF,,00:47:13.78,00:47:21.43,02:59:08.18,46,7,0,47,21,43,BODY SLAM,DOUBLE KICK,BITE,THUNDERBOLT,9,30,25,9,0,0,0,0,116,132,76,79,67,67,75,11401,16392,12867,11165,11165,27677,15,15,15,15,0,-1,0,0,0,0,0,95,58,67,67,75,646857,229680,361931,52763,2483,14,3,0,6576,5453,1123,0,597,103,98,5,1,0,16537,12243,1548,1548,488,41,237,0,0,0,0,0,31,0,27,0,0,5,23,4,0,0,0,0,0,0,0,0,0,0,10,4,18,4,0,0,30,9,12,0,0,0,0,228,94722,0,0,0,0,30,72,15,1,1,10,0,2,7,Flareon
4-25,14:26:40,NINTEN,NidoranF,Rocket,25,Silph Co - 3F,3,47:40.27,47:40,0h47m40s,7,0,7,47,3:00,13.591,BODY SLAM,DOUBLE KICK,BITE,THUNDERBOLT,14,6608,600,99,5,537,497,317,18,15117,Flareon, ,Poison,Poison,97239,NidoranF2,NidoranF,,00:47:26.67,00:47:40.27,03:00:22.26,47,7,0,47,40,27,BODY SLAM,DOUBLE KICK,BITE,THUNDERBOLT,7,28,25,9,0,0,0,0,79,135,78,81,68,68,76,11596,16627,13057,11380,11380,27938,15,15,15,15,0,0,0,0,0,0,0,87,91,68,68,76,651305,230508,365551,52763,2483,14,3,0,6608,5485,1123,0,600,104,99,5,1,0,16846,12479,1588,1588,492,41,238,0,0,0,0,0,31,0,27,0,0,5,24,4,0,0,0,0,0,0,0,0,0,0,10,4,18,4,0,0,31,9,12,0,0,0,0,231,97104,0,0,0,0,30,72,15,1,1,10,0,2,7,Flareon
4-25,14:26:57,NINTEN,NidoranF,Rocket,27,Silph Co - 4F,3,47:57.03,47:57,0h47m57s,7,0,7,47,3:01,10.657,BODY SLAM,DOUBLE KICK,BITE,THUNDERBOLT,14,6626,603,100,5,541,501,318,18,15957,Flareon, ,Poison,Poison,98457,NidoranF2,NidoranF,,00:47:46.38,00:47:57.03,03:01:28.19,47,7,0,47,57,3,BODY SLAM,DOUBLE KICK,BITE,THUNDERBOLT,4,28,25,8,0,0,0,0,79,135,78,81,68,68,76,11721,16782,13231,11500,11500,28083,15,15,15,15,0,-1,0,0,0,0,0,97,59,68,68,76,655258,231192,368820,52763,2483,14,3,0,6626,5503,1123,0,603,105,100,5,1,0,17171,12675,1588,1588,496,41,239,0,0,0,0,0,31,0,27,0,0,5,24,4,0,0,0,0,0,0,0,0,0,0,10,4,18,4,0,0,31,9,12,0,0,0,0,234,98322,0,0,0,0,30,72,15,1,1,10,0,2,7,Flareon
4-25,14:27:10,NINTEN,NidoranF,Rocket,26,Silph Co - 4F,2,48:10.87,48:10,0h48m10s,7,0,7,47,3:02,8.324,BODY SLAM,DOUBLE KICK,BITE,THUNDERBOLT,14,6662,606,101,5,544,504,319,18,16797,Flareon, ,Poison,Poison,99636,NidoranF2,NidoranF,,00:48:02.55,00:48:10.87,03:02:22.52,47,7,0,48,10,87,BODY SLAM,DOUBLE KICK,BITE,THUNDERBOLT,3,28,24,7,0,0,0,0,71,135,78,81,68,68,76,11851,16910,13326,11625,11625,28160,15,15,15,15,0,0,0,0,0,0,0,87,91,68,68,76,658531,232098,371187,52763,2483,14,3,0,6662,5539,1123,0,606,106,101,5,1,0,17392,12837,1596,1596,499,41,240,0,0,0,0,0,31,0,27,0,0,5,24,4,0,0,0,0,0,0,0,0,0,0,10,4,18,4,0,0,31,9,12,0,0,0,0,236,99501,0,0,0,0,30,72,15,1,1,10,0,2,7,Flareon
4-25,14:27:47,NINTEN,NidoranF,Scientist,6,Silph Co - 5F,4,48:47.65,48:47,0h48m47s,7,0,7,47,3:04,14.169,BODY SLAM,DOUBLE KICK,BITE,THUNDERBOLT,14,6787,617,102,5,550,510,320,18,17667,Flareon, ,Poison,Poison,102625,NidoranF2,NidoranF,,00:48:33.49,00:48:47.65,03:04:47.32,47,7,0,48,47,65,BODY SLAM,DOUBLE KICK,BITE,THUNDERBOLT,12,30,25,12,0,0,0,0,128,135,78,81,68,68,76,12031,17160,13706,11985,11985,28370,15,15,15,15,0,0,0,0,0,0,0,87,91,68,68,76,667211,236699,374934,53095,2483,14,3,0,6787,5664,1123,0,617,107,102,5,1,0,17737,13089,1603,1603,505,41,241,0,0,0,0,0,32,0,27,0,0,5,25,4,0,0,0,0,0,0,0,0,0,0,10,4,18,4,0,0,32,10,12,0,0,0,0,240,102490,0,0,0,0,31,72,15,1,1,10,0,2,7,Flareon
4-25,14:27:57,NINTEN,NidoranF,Rocket,28,Silph Co - 5F,1,48:57.04,48:57,0h48m57s,7,0,7,48,3:05,6.321,BODY SLAM,DOUBLE KICK,BITE,THUNDERBOLT,14,6798,617,103,5,552,512,321,18,18967,Flareon, ,Poison,Poison,103664,NidoranF2,NidoranF,,00:48:50.72,00:48:57.04,03:05:24.28,48,7,0,48,57,4,BODY SLAM,DOUBLE KICK,BITE,THUNDERBOLT,12,30,25,10,0,0,0,0,119,138,80,83,70,70,78,12091,17245,13775,12050,12050,28450,15,15,15,15,0,0,0,0,0,0,0,90,93,70,70,78,669427,237003,376846,53095,2483,14,3,0,6798,5675,1123,0,617,108,103,5,1,0,17831,13176,1615,1615,507,41,242,0,0,0,0,0,32,0,27,0,0,5,25,4,0,0,0,0,0,0,0,0,0,0,10,4,18,4,0,0,32,10,12,0,0,0,0,241,103529,0,0,0,0,31,72,15,1,1,10,0,2,7,Flareon
4-25,14:28:18,NINTEN,NidoranF,Scientist,10,Silph Co - 9F,3,49:18.29,49:18,0h49m18s,7,0,7,48,3:06,10.646,BODY SLAM,DOUBLE KICK,BITE,THUNDERBOLT,14,6836,623,104,5,556,516,322,19,19957,Flareon, ,Poison,Poison,105932,NidoranF2,NidoranF,,00:49:07.65,00:49:18.29,03:06:47.27,48,7,0,49,18,29,BODY SLAM,DOUBLE KICK,BITE,THUNDERBOLT,9,30,25,9,0,0,0,0,99,138,80,83,70,70,78,12221,17400,14015,12285,12285,28655,15,15,15,15,0,0,0,0,0,0,0,90,93,70,70,78,674406,238631,380197,53095,2483,14,3,0,6836,5713,1123,0,623,109,104,5,1,0,18141,13374,1635,1635,511,41,243,0,0,0,0,0,33,0,27,0,0,5,25,4,0,0,0,0,0,0,0,0,0,0,10,4,18,4,0,0,32,10,12,0,0,0,0,244,105797,0,0,0,0,32,72,15,1,1,10,0,2,7,Flareon
4-25,14:28:32,NINTEN,NidoranF,Rocket,30,Silph Co - 6F,2,49:32.99,49:32,0h49m32s,7,0,7,48,3:07,7.961,BODY SLAM,DOUBLE KICK,BITE,THUNDERBOLT,14,6880,628,105,5,559,519,323,19,21357,Flareon, ,Poison,Poison,107384,NidoranF2,NidoranF,,00:49:25.02,00:49:32.99,03:07:45.04,48,7,0,49,32,99,BODY SLAM,DOUBLE KICK,BITE,THUNDERBOLT,7,30,25,8,0,0,0,0,92,138,80,83,70,70,78,12371,17580,14135,12370,12370,28735,15,15,15,15,0,0,0,0,0,0,0,90,93,70,70,78,677863,239809,382476,53095,2483,14,3,0,6880,5757,1123,0,628,110,105,5,1,0,18351,13548,1642,1642,514,41,244,0,0,0,0,0,33,0,27,0,0,5,25,4,0,0,0,0,0,0,0,0,0,0,10,4,18,4,0,0,32,10,12,0,0,0,0,246,107249,0,0,0,0,32,72,15,1,1,10,0,2,7,Flareon
4-25,14:28:51,NINTEN,NidoranF,Scientist,7,Silph Co - 6F,5,49:51.16,49:51,0h49m51s,7,0,7,49,3:08,14.606,BODY SLAM,DOUBLE KICK,BITE,THUNDERBOLT,14,6893,643,106,5,564,524,323,19,22227,Flareon, ,Poison,Poison,110491,NidoranF2,NidoranF,,00:49:36.54,00:49:51.16,03:08:56.39,49,7,0,49,51,16,BODY SLAM,DOUBLE KICK,BITE,THUNDERBOLT,4,30,25,6,0,0,0,0,95,141,81,85,72,72,80,12566,17835,14540,12760,12760,29020,15,15,15,15,0,0,0,0,0,0,0,91,95,72,72,80,682158,240245,386335,53095,2483,14,3,0,6893,5770,1123,0,643,111,106,5,1,0,18742,13840,1642,1642,519,41,244,0,0,0,0,0,34,0,27,0,0,5,25,4,0,0,0,0,0,0,0,0,0,0,10,4,18,4,0,0,32,10,12,0,0,0,0,251,110356,0,0,0,0,32,72,15,1,1,10,0,2,7,Flareon
4-25,14:29:05,NINTEN,NidoranF,Rocket,31,Silph Co - 6F,3,50:05.01,50:05,0h50m5s,7,0,7,49,3:09,8.955,BODY SLAM,DOUBLE KICK,BITE,THUNDERBOLT,14,6911,647,107,5,567,527,323,19,23477,Flareon, ,Poison,Poison,112165,NidoranF2,NidoranF,,00:49:56.06,00:50:05.01,03:09:51.10,49,7,0,50,5,1,BODY SLAM,DOUBLE KICK,BITE,THUNDERBOLT,4,30,25,3,0,0,0,0,95,141,81,85,72,72,80,12721,18005,14680,12915,12915,29220,15,15,15,15,0,0,0,0,0,0,0,91,95,72,72,80,685429,240649,389202,53095,2483,14,3,0,6911,5788,1123,0,647,112,107,5,1,0,19191,14052,1642,1642,522,41,244,0,0,0,0,0,34,0,27,0,0,5,25,4,0,0,0,0,0,0,0,0,0,0,10,4,18,4,0,0,32,10,12,0,0,0,0,254,112030,0,0,0,0,32,72,15,1,1,10,0,2,7,Flareon
4-25,14:29:33,NINTEN,NidoranF,Rocket,33,Silph Co - 7F,2,50:33.52,50:33,0h50m33s,7,0,7,49,3:11,8.528,BODY SLAM,DOUBLE KICK,BITE,THUNDERBOLT,14,7015,654,108,5,571,531,324,19,24317,Flareon, ,Poison,Poison,113245,NidoranF2,NidoranF,,00:50:24.99,00:50:33.52,03:11:42.54,49,7,0,50,33,52,BODY SLAM,DOUBLE KICK,BITE,THUNDERBOLT,11,30,25,15,0,0,0,0,141,141,81,85,72,72,80,12821,18105,14870,12995,12995,29290,15,15,15,15,0,-1,0,0,0,0,0,102,63,72,72,80,692133,244639,391618,53393,2483,14,3,0,7015,5892,1123,0,654,113,108,5,1,0,19395,14196,1642,1642,526,41,245,0,0,0,0,0,34,0,27,0,0,5,26,4,0,0,0,0,0,0,0,0,0,0,10,4,18,4,0,0,33,11,12,0,0,0,0,256,113110,0,0,0,0,32,72,15,1,1,10,0,2,7,Flareon
4-25,14:29:50,NINTEN,NidoranF,Rocket,32,Silph Co - 7F,4,50:50.04,50:50,0h50m50s,7,0,7,49,3:12,13.405,BODY SLAM,DOUBLE KICK,BITE,THUNDERBOLT,14,7025,656,109,5,576,536,325,19,25187,Flareon, ,Poison,Poison,116295,NidoranF2,NidoranF,,00:50:36.62,00:50:50.04,03:12:47.56,49,7,0,50,50,4,BODY SLAM,DOUBLE KICK,BITE,THUNDERBOLT,10,29,25,12,0,0,0,0,141,141,81,85,72,72,80,13051,18416,15164,13245,13245,29592,15,15,15,15,0,-2,0,0,0,0,0,102,47,72,72,80,696035,244934,395225,53393,2483,14,3,0,7025,5902,1123,0,656,114,109,5,1,0,19758,14474,1642,1642,530,42,246,0,0,0,0,0,34,0,27,0,0,5,26,4,0,0,0,0,0,0,0,0,0,0,10,4,18,4,0,0,33,11,12,0,0,0,0,260,116160,0,0,0,0,32,72,15,1,1,10,0,2,7,Flareon
4-25,14:30:05,NINTEN,NidoranF,Scientist,8,Silph Co - 7F,2,51:05.92,51:05,0h51m5s,7,0,7,50,3:13,10.808,BODY SLAM,DOUBLE KICK,BITE,THUNDERBOLT,14,7062,657,110,5,580,540,328,19,25967,Flareon, ,Poison,Poison,118201,NidoranF2,NidoranF,,00:50:55.12,00:51:05.92,03:13:50.41,50,7,0,51,5,92,BODY SLAM,DOUBLE KICK,BITE,THUNDERBOLT,8,29,25,10,0,0,0,0,129,144,84,87,74,74,82,13216,18571,15309,13390,13390,29782,15,15,15,15,0,-2,0,0,0,0,0,94,48,74,74,82,699801,245724,398201,53393,2483,14,3,0,7062,5939,1123,0,657,115,110,5,1,0,20008,14656,1657,1657,534,42,249,0,0,0,0,0,34,0,27,0,0,5,26,4,0,0,0,0,0,0,0,0,0,0,10,4,18,4,0,0,33,11,12,0,0,0,0,262,118066,0,0,0,0,32,72,15,1,1,10,0,2,7,Flareon
4-25,14:30:34,NINTEN,NidoranF,Rocket,35,Silph Co - 8F,4,51:34.73,51:34,0h51m34s,7,0,7,50,3:15,13.364,BODY SLAM,DOUBLE KICK,BITE,THUNDERBOLT,14,7124,658,111,5,584,544,329,19,27417,Flareon, ,Poison,Poison,120414,NidoranF2,NidoranF,,00:51:21.38,00:51:34.73,03:15:44.05,50,7,0,51,34,73,BODY SLAM,DOUBLE KICK,BITE,THUNDERBOLT,8,28,24,8,0,0,0,0,123,144,84,87,75,75,82,13416,18833,15509,16140,16140,30096,15,15,15,15,0,0,0,0,0,0,0,94,97,75,75,82,706604,247477,402125,54519,2483,14,3,0,7124,6001,1123,0,658,116,111,5,1,0,20527,14918,1663,1663,538,42,250,0,0,0,0,0,34,0,27,0,0,5,26,4,0,0,0,0,0,0,0,0,0,0,10,4,18,4,0,0,33,11,12,0,0,0,0,266,120279,0,0,0,0,33,72,15,1,1,10,0,2,7,Flareon
4-25,14:30:52,NINTEN,NidoranF,Rocket,36,Silph Co - 8F,3,51:52.29,51:52,0h51m52s,7,0,7,50,3:16,10.57,BODY SLAM,DOUBLE KICK,BITE,THUNDERBOLT,14,7172,663,112,5,588,548,330,19,28197,Flareon, ,Poison,Poison,123162,NidoranF2,NidoranF,,00:51:41.73,00:51:52.29,03:16:53.11,50,7,0,51,52,29,BODY SLAM,DOUBLE KICK,BITE,THUNDERBOLT,8,28,24,4,0,0,0,0,121,144,84,87,75,75,82,13596,19068,15794,16360,16360,30281,15,15,15,15,0,0,0,0,0,0,0,94,97,75,75,82,710750,248708,405040,54519,2483,14,3,0,7172,6049,1123,0,663,117,112,5,1,0,20980,15144,1665,1665,542,42,251,0,0,0,0,0,36,0,27,0,0,5,26,4,0,0,0,0,0,0,0,0,0,0,10,4,18,4,0,0,33,11,12,0,0,0,0,269,123027,0,0,0,0,33,72,15,1,1,10,0,2,7,Flareon
4-25,14:31:13,NINTEN,NidoranF,Hypno Rocket,38,Silph Co - 9F,3,52:13.74,52:13,0h52m13s,7,0,7,51,3:18,11.771,BODY SLAM,DOUBLE KICK,BITE,THUNDERBOLT,14,7224,669,113,5,592,552,331,19,29037,Flareon, ,Poison,Poison,125790,NidoranF2,NidoranF,,00:52:01.98,00:52:13.74,03:18:17.38,51,7,0,52,13,74,BODY SLAM,DOUBLE KICK,BITE,THUNDERBOLT,5,28,24,3,0,0,0,0,85,147,85,89,77,77,84,13816,19269,15979,16640,16640,30480,15,15,15,15,0,0,0,0,0,0,0,95,100,77,77,84,715817,250491,408324,54519,2483,14,3,0,7224,6101,1123,0,669,118,113,5,1,0,21321,15394,1704,1704,546,42,252,0,0,0,0,0,36,0,27,0,0,5,26,4,0,0,0,0,0,0,0,0,0,0,10,4,18,4,0,0,33,11,12,0,0,0,0,272,125655,0,0,0,0,33,72,15,1,1,10,0,2,7,Flareon
4-25,14:31:31,NINTEN,NidoranF,Rocket,37,Silph Co - 9F,3,52:31.63,52:31,0h52m31s,7,0,7,51,3:19,8.646,BODY SLAM,DOUBLE KICK,BITE,THUNDERBOLT,14,7255,672,114,5,595,555,331,19,29877,Flareon, ,Poison,Poison,127470,NidoranF2,NidoranF,,00:52:22.99,00:52:31.63,03:19:27.57,51,7,0,52,31,63,BODY SLAM,DOUBLE KICK,BITE,THUNDERBOLT,14,30,25,13,0,0,0,0,147,147,85,89,77,77,84,14026,19477,16124,16805,16805,30582,15,15,15,15,0,0,0,0,0,0,0,95,100,77,77,84,720036,251790,411244,54519,2483,14,3,0,7255,6132,1123,0,672,119,114,5,1,0,21707,15638,1704,1704,549,42,252,0,0,0,0,0,37,0,27,0,0,5,26,4,0,0,0,0,0,0,0,0,0,0,10,4,18,4,0,0,33,11,12,0,0,0,0,275,127335,0,0,0,0,33,72,15,1,1,10,0,2,7,Flareon
4-25,14:31:44,NINTEN,NidoranF,Scientist,11,Silph Co - 10F,2,52:44.54,52:44,0h52m44s,7,0,7,51,3:20,6.393,BODY SLAM,DOUBLE KICK,BITE,THUNDERBOLT,14,7293,677,115,5,597,557,331,19,30717,Flareon, ,Poison,Poison,128730,NidoranF2,NidoranF,,00:52:38.14,00:52:44.54,03:20:18.45,51,7,0,52,44,54,BODY SLAM,DOUBLE KICK,BITE,THUNDERBOLT,13,30,25,12,0,0,0,0,147,147,85,89,77,77,84,14091,19577,16289,16960,16960,30662,15,15,15,15,0,0,0,0,0,0,0,95,100,77,77,84,723084,252843,413239,54519,2483,14,3,0,7293,6170,1123,0,677,120,115,5,1,0,21839,15762,1704,1704,551,42,252,0,0,0,0,0,37,0,27,0,0,5,26,4,0,0,0,0,0,0,0,0,0,0,10,4,18,4,0,0,33,11,12,0,0,0,0,277,128595,0,0,0,0,33,72,15,1,1,10,0,2,7,Flareon
4-25,14:31:54,NINTEN,NidoranF,Rocket,39,Silph Co - 10F,1,52:54.39,52:54,0h52m54s,7,0,7,51,3:20,5.628,BODY SLAM,DOUBLE KICK,BITE,THUNDERBOLT,14,7307,677,116,5,599,559,332,19,32167,Flareon, ,Poison,Poison,129762,NidoranF2,NidoranF,,00:52:48.76,00:52:54.39,03:20:57.35,51,7,0,52,54,39,BODY SLAM,DOUBLE KICK,BITE,THUNDERBOLT,13,30,25,10,0,0,0,0,126,147,85,89,77,77,84,14171,19677,16359,17010,17010,30707,15,15,15,15,0,0,0,0,0,0,0,95,100,77,77,84,725414,253340,415072,54519,2483,14,3,0,7307,6184,1123,0,677,121,116,5,1,0,21975,15863,1725,1725,553,42,253,0,0,0,0,0,37,0,28,0,0,5,26,4,0,0,0,0,0,0,0,0,0,0,10,4,18,4,0,0,33,11,12,0,0,0,0,278,129627,0,0,0,0,33,72,15,1,1,10,0,2,7,Flareon
4-25,14:32:19,NINTEN,NidoranF,Rocket,40,Silph Co - 11F,5,53:19.88,53:19,0h53m19s,7,0,7,51,3:22,12.467,BODY SLAM,DOUBLE KICK,BITE,THUNDERBOLT,14,7374,682,117,5,604,564,332,20,33157,Flareon, ,Poison,Poison,131293,NidoranF2,NidoranF,,00:53:07.41,00:53:19.88,03:22:37.50,51,7,0,53,19,88,BODY SLAM,DOUBLE KICK,BITE,THUNDERBOLT,8,30,25,10,0,0,0,0,126,147,85,89,77,77,84,14336,19950,16543,17165,17165,31033,15,15,15,15,0,0,0,0,0,0,0,95,100,77,77,84,731429,255265,418508,55173,2483,14,3,0,7374,6251,1123,0,682,122,117,5,1,0,22638,16140,1725,1725,558,42,253,0,0,0,0,0,38,0,28,0,0,5,26,4,0,0,0,0,0,0,0,0,0,0,10,4,18,4,0,0,33,11,12,0,0,0,0,283,131158,0,0,0,0,35,72,15,1,1,10,0,2,7,Flareon
4-25,14:32:46,NINTEN,NidoranF,Scientist,4,Silph Co - 3F,2,53:46.86,53:46,0h53m46s,7,0,7,52,3:24,10.368,BODY SLAM,DOUBLE KICK,BITE,THUNDERBOLT,14,7470,694,118,5,608,568,335,20,33907,Flareon, ,Poison,Poison,133298,NidoranF2,NidoranF,,00:53:36.50,00:53:46.86,03:24:24.10,52,7,0,53,46,86,BODY SLAM,DOUBLE KICK,BITE,THUNDERBOLT,4,30,25,10,0,0,0,0,103,150,87,91,79,79,86,14461,20090,16733,17330,17330,31233,15,15,15,15,0,0,0,0,0,0,0,97,102,79,79,86,737809,258775,421378,55173,2483,14,3,0,7470,6347,1123,0,694,123,118,5,1,0,22941,16299,1751,1751,562,43,255,0,0,0,0,0,40,0,28,0,0,5,26,4,0,0,0,0,0,0,0,0,0,0,10,4,18,4,0,0,33,11,12,0,0,0,0,285,133163,0,0,0,0,35,72,15,1,1,10,0,2,7,Flareon
4-25,14:34:01,NINTEN,NidoranF,Rival5-Silph,6,Silph Co - 7F,5,55:01.50,55:01,0h55m1s,8,0,8,52,3:27,25.39,BODY SLAM,DOUBLE KICK,BITE,THUNDERBOLT,15,7554,697,119,5,621,581,342,20,35357,Flareon, ,Poison,Poison,140205,NidoranF2,NidoranF,Rival (Silph Co.),00:54:36.12,00:55:01.50,03:27:12.51,52,8,0,55,1,50,BODY SLAM,DOUBLE KICK,BITE,THUNDERBOLT,5,30,25,12,0,0,0,0,33,150,87,91,79,79,86,14741,20510,17208,17820,17820,31608,15,15,15,15,0,0,0,0,0,-2,0,122,128,79,79,86,747936,261580,428165,55547,2644,15,4,0,7554,6431,1123,0,697,124,119,5,1,0,23582,16790,1868,1868,572,47,260,0,0,0,0,0,40,0,28,0,0,5,28,4,0,0,0,0,0,0,0,0,0,0,10,4,18,4,0,0,36,11,12,0,0,0,0,290,140070,0,0,0,0,35,72,15,1,1,10,0,2,8,Flareon
4-25,14:34:33,NINTEN,NidoranF,Rocket,45,Silph Co - 11F,3,55:33.20,55:33,0h55m33s,8,0,8,53,3:29,12.125,BODY SLAM,DOUBLE KICK,BITE,THUNDERBOLT,16,7648,701,120,5,626,586,344,20,37957,Flareon, ,Poison,Poison,142787,NidoranF2,NidoranF,,00:55:21.08,00:55:33.20,03:29:17.46,53,8,0,55,33,20,BODY SLAM,DOUBLE KICK,BITE,THUNDERBOLT,14,30,25,11,0,0,0,0,146,153,89,93,80,80,87,14906,20730,17432,18010,18010,31838,15,15,15,15,0,0,0,0,0,0,0,100,104,80,80,87,755431,265099,431547,56141,2644,16,4,0,7648,6525,1123,0,701,125,120,5,1,0,23932,17029,1875,1875,577,47,261,0,0,0,0,0,40,0,28,0,0,5,28,4,0,0,0,0,0,0,0,0,0,0,10,4,18,4,0,0,36,11,12,0,0,0,0,293,142652,0,0,0,0,35,72,15,1,1,10,0,2,8,Flareon
4-25,14:35:06,NINTEN,NidoranF,Giovanni-Silph,2,Silph Co - 11F,4,56:06.47,56:06,0h56m6s,8,0,8,53,3:31,22.123,BODY SLAM,DOUBLE KICK,BITE,THUNDERBOLT,17,7663,702,121,5,634,594,348,20,38887,Flareon,Paralyzed,Poison,Poison,147604,NidoranF2,NidoranF,Giovanni (Silph),00:55:44.33,00:56:06.47,03:31:29.17,53,8,0,56,6,47,BODY SLAM,DOUBLE KICK,BITE,THUNDERBOLT,9,27,25,11,0,0,0,0,99,153,89,93,80,80,87,15202,21039,17731,18235,18235,32119,15,15,15,15,0,0,0,0,0,0,0,100,104,80,80,21,763322,266359,437638,56681,2644,17,4,0,7663,6540,1123,0,702,126,121,5,1,0,24491,17466,1922,1922,585,47,264,0,0,0,0,0,41,0,28,0,0,5,30,5,0,0,0,0,0,0,0,0,0,0,10,4,20,4,0,0,37,11,12,0,0,0,0,297,147469,0,0,0,0,35,72,15,1,1,10,0,2,8,Flareon
4-25,14:35:41,NINTEN,NidoranF,Juggler,3,Fuchsia City - Gym,4,56:41.37,56:41,0h56m41s,8,0,8,54,3:33,12.813,BODY SLAM,DOUBLE KICK,BITE,THUNDERBOLT,18,7705,707,122,5,638,598,348,20,42946,Flareon, ,Poison,Poison,150595,NidoranF2,NidoranF,,00:56:28.57,00:56:41.37,03:33:46.45,54,8,0,56,41,37,BODY SLAM,DOUBLE KICK,BITE,THUNDERBOLT,12,30,24,15,0,0,0,0,156,156,91,95,82,82,89,15422,21218,17896,18625,18625,32350,15,15,15,15,0,0,0,0,0,0,0,102,106,82,82,89,771570,269713,441162,58051,2644,18,4,0,7705,6582,1123,0,707,127,122,5,1,0,24868,17785,1922,1922,589,47,264,0,0,0,0,0,41,0,28,0,0,5,30,5,0,0,0,0,0,0,0,0,0,0,10,4,20,4,0,0,37,11,12,0,0,0,0,301,150460,0,0,0,0,35,72,15,1,1,10,0,2,8,Flareon
4-25,14:36:01,NINTEN,NidoranF,Tamer,2,Fuchsia City - Gym,3,57:01.72,57:01,0h57m1s,8,0,8,54,3:35,12.81,BODY SLAM,DOUBLE KICK,BITE,THUNDERBOLT,19,7712,709,123,5,644,604,351,20,44031,Flareon, ,Poison,Poison,153825,NidoranF2,NidoranF,,00:56:48.92,00:57:01.72,03:35:07.04,54,8,0,57,1,72,BODY SLAM,DOUBLE KICK,BITE,THUNDERBOLT,6,30,24,15,0,0,0,0,139,156,91,95,82,82,89,15617,21488,18144,18810,18810,32575,15,15,15,15,0,-2,0,0,0,0,0,128,52,82,82,89,776389,270114,445041,58590,2644,19,4,0,7712,6589,1123,0,709,128,123,5,1,0,25355,18056,1939,1939,595,47,267,0,0,0,0,0,43,0,29,0,0,5,30,5,0,0,0,0,0,0,0,0,0,0,10,4,20,4,0,0,37,11,12,0,0,0,0,304,153690,0,0,0,0,35,72,15,1,1,10,0,2,8,Flareon
4-25,14:36:16,NINTEN,NidoranF,Tamer,1,Fuchsia City - Gym,2,57:16.99,57:16,0h57m16s,8,0,8,54,3:36,11.153,BODY SLAM,DOUBLE KICK,BITE,THUNDERBOLT,19,7728,711,124,5,649,609,354,20,45351,Flareon, ,Poison,Poison,156082,NidoranF2,NidoranF,,00:57:05.84,00:57:16.99,03:36:07.19,54,8,0,57,16,99,BODY SLAM,DOUBLE KICK,BITE,THUNDERBOLT,1,30,24,15,0,0,0,0,93,156,91,95,82,82,89,15752,21673,18323,18930,18930,32720,15,15,15,15,0,0,0,0,0,0,0,102,106,82,82,89,780004,270593,448177,58590,2644,19,4,0,7728,6605,1123,0,711,129,124,5,1,0,25617,18246,1985,1985,600,47,270,0,0,0,0,0,43,0,30,0,0,5,31,5,0,0,0,0,0,0,0,0,0,0,10,4,20,4,0,0,39,11,12,0,0,0,0,306,155947,0,0,0,0,35,72,15,1,1,10,0,2,8,Flareon
4-25,14:36:44,NINTEN,NidoranF,Juggler,4,Fuchsia City - Gym,2,57:44.00,57:44,0h57m44s,8,0,8,54,3:37,7.99,BODY SLAM,DOUBLE KICK,BITE,THUNDERBOLT,20,7842,719,125,5,652,612,355,20,46711,Flareon, ,Poison,Poison,158025,NidoranF2,NidoranF,,00:57:36.00,00:57:44.00,03:37:53.56,54,8,0,57,44,0,BODY SLAM,DOUBLE KICK,BITE,THUNDERBOLT,12,30,25,15,0,0,0,0,156,156,91,95,82,82,89,15897,21794,18438,19135,19135,32829,15,15,15,15,0,0,0,0,0,0,0,102,106,82,82,89,786401,274062,450563,59132,2644,20,4,0,7842,6719,1123,0,719,130,125,5,1,0,25885,18443,1985,1985,603,47,270,0,0,0,0,0,44,0,30,0,0,5,32,5,0,0,0,0,0,0,0,0,0,0,10,4,20,4,0,0,40,11,12,0,0,0,0,308,157890,0,0,0,0,35,72,15,1,1,10,0,2,8,Flareon
4-25,14:38:51,NINTEN,NidoranF,Koga,1,Fuchsia City - Gym,4,59:51.86,59:51,0h59m51s,10,0,10,55,3:43,30.746,BODY SLAM,DOUBLE KICK,MIMIC,THUNDERBOLT,22,8013,730,126,5,667,627,358,18,47901,Flareon, ,Poison,Poison,161717,NidoranF2,NidoranF,Koga,00:59:21.12,00:59:51.86,03:43:08.38,55,10,0,59,51,86,BODY SLAM,DOUBLE KICK,MIMIC,THUNDERBOLT,3,30,4,15,0,0,0,0,58,159,93,97,84,84,91,16147,22024,18648,19345,19345,33054,15,15,15,15,0,0,0,0,0,0,0,104,109,84,84,91,805295,280507,458372,63394,3022,22,6,0,8013,6890,1123,0,730,131,126,5,1,0,26433,18935,2086,2086,617,47,273,0,0,0,0,0,44,0,30,0,0,5,33,5,0,0,0,0,0,0,0,0,0,0,10,4,20,4,0,0,40,11,12,6,0,0,0,312,161582,0,0,0,0,35,72,15,1,1,11,0,2,10,Flareon
4-25,14:39:50,NINTEN,NidoranF,Fisher,7,Route 21,4,1:00:50.43,1:00:50,1h0m50s,10,0,10,55,3:46,11.697,BODY SLAM,DOUBLE KICK,MIMIC,THUNDERBOLT,22,8161,743,127,5,671,631,358,18,52851,Flareon, ,Poison,Poison,165443,NidoranF2,NidoranF,,01:00:38.73,01:00:50.43,03:46:59.28,55,10,1,0,50,43,BODY SLAM,DOUBLE KICK,MIMIC,THUNDERBOLT,15,30,10,11,0,0,0,0,159,159,93,97,84,84,91,16432,22367,18903,19635,19635,33321,15,15,15,15,0,0,0,0,0,0,0,104,109,84,84,102,819145,285925,462029,68169,3022,22,6,0,8161,7009,1123,29,743,132,127,5,1,0,27029,19263,2086,2086,621,47,273,0,0,0,0,0,44,0,30,0,0,5,33,5,0,0,0,0,0,0,0,0,0,0,10,4,20,4,0,0,40,11,12,6,0,0,0,316,165308,0,0,0,0,36,72,15,1,1,12,0,2,10,Flareon
4-25,14:40:00,NINTEN,NidoranF,Swimmer,12,Route 21,2,1:01:00.64,1:01:00,1h1m0s,10,0,10,55,3:47,6.733,BODY SLAM,DOUBLE KICK,MIMIC,THUNDERBOLT,22,8174,744,128,5,673,633,358,18,53831,Flareon, ,Poison,Poison,167987,NidoranF2,NidoranF,,01:00:53.91,01:01:00.64,03:47:39.42,55,10,1,1,0,64,BODY SLAM,DOUBLE KICK,MIMIC,THUNDERBOLT,14,30,10,10,0,0,0,0,159,159,93,97,84,84,91,16567,22502,19063,19850,19850,33506,15,15,15,15,0,0,0,0,0,0,0,104,109,84,84,102,821559,286254,464114,68169,3022,22,6,0,8174,7009,1123,42,744,133,128,5,1,0,27270,19448,2086,2086,623,47,273,0,0,0,0,0,45,0,30,0,0,5,33,5,0,0,0,0,0,0,0,0,0,0,10,4,20,4,0,0,40,11,12,6,0,0,0,318,167852,0,0,0,0,36,72,15,1,1,12,0,2,10,Flareon
4-25,14:40:16,NINTEN,NidoranF,Cue Ball,9,Route 21,3,1:01:16.86,1:01:16,1h1m16s,10,0,10,56,3:48,13.518,BODY SLAM,DOUBLE KICK,MIMIC,THUNDERBOLT,22,8177,744,129,5,680,637,359,18,53996,Flareon, ,Poison,Poison,170741,NidoranF2,NidoranF,,01:01:03.34,01:01:16.86,03:48:43.41,56,10,1,1,16,86,BODY SLAM,DOUBLE KICK,MIMIC,THUNDERBOLT,10,30,10,10,0,0,0,0,150,162,95,99,86,86,93,16727,22652,19198,20170,20170,33746,15,15,15,15,0,0,0,0,0,0,0,106,111,86,86,104,825398,286400,467807,68169,3022,22,6,0,8177,7009,1123,45,744,134,129,5,1,0,27687,19683,2098,2098,627,47,274,0,0,0,0,0,45,0,30,0,0,5,34,5,0,0,0,0,0,0,0,0,0,0,10,4,20,4,0,0,44,11,12,6,0,0,0,321,170606,0,0,0,0,36,72,15,1,1,12,0,2,10,Flareon
4-25,14:40:30,NINTEN,NidoranF,Fisher,8,Route 21,2,1:01:30.06,1:01:30,1h1m30s,10,0,10,56,3:49,6.609,BODY SLAM,DOUBLE KICK,MIMIC,THUNDERBOLT,22,8209,745,130,5,682,639,359,18,54771,Flareon, ,Poison,Poison,172732,NidoranF2,NidoranF,,01:01:23.46,01:01:30.06,03:49:35.41,56,10,1,1,30,6,BODY SLAM,DOUBLE KICK,MIMIC,THUNDERBOLT,10,30,10,8,0,0,0,0,150,162,95,99,86,86,93,16807,22812,19478,20300,20300,33856,15,15,15,15,0,0,0,0,0,0,0,106,111,86,86,104,828518,287120,470207,68169,3022,22,6,0,8209,7011,1123,75,745,135,130,5,1,0,28000,19823,2098,2098,629,47,274,0,0,0,0,0,45,0,30,0,0,5,34,5,0,0,0,0,0,0,0,0,0,0,10,4,20,4,0,0,44,11,12,6,0,0,0,323,172597,0,0,0,0,36,72,15,1,1,12,0,2,10,Flareon
4-25,14:40:39,NINTEN,NidoranF,Fisher,10,Route 21,2,1:01:39.63,1:01:39,1h1m39s,10,0,10,56,3:50,6.664,BODY SLAM,DOUBLE KICK,MIMIC,THUNDERBOLT,22,8211,746,131,5,684,641,359,18,55856,Flareon, ,Poison,Poison,174717,NidoranF2,NidoranF,,01:01:32.96,01:01:39.63,03:50:13.20,56,10,1,1,39,63,BODY SLAM,DOUBLE KICK,MIMIC,THUNDERBOLT,10,30,10,6,0,0,0,0,150,162,95,99,86,86,93,16932,22971,19603,20430,20430,33987,15,15,15,15,0,0,0,0,0,0,0,106,111,86,86,104,830777,287279,472307,68169,3022,22,6,0,8211,7013,1123,75,746,136,131,5,1,0,28313,20001,2098,2098,631,47,274,0,0,0,0,0,45,0,30,0,0,5,34,5,0,0,0,0,0,0,0,0,0,0,10,4,20,4,0,0,44,11,12,6,0,0,0,325,174582,0,0,0,0,36,72,15,1,1,12,0,2,10,Flareon
4-25,14:40:52,NINTEN,NidoranF,Swimmer,13,Route 21,1,1:01:52.06,1:01:52,1h1m52s,10,0,10,56,3:51,5.277,BODY SLAM,DOUBLE KICK,MIMIC,THUNDERBOLT,22,8234,748,132,5,686,643,360,18,57011,Flareon, ,Poison,Poison,176358,NidoranF2,NidoranF,,01:01:46.80,01:01:52.06,03:51:02.19,56,10,1,1,52,6,BODY SLAM,DOUBLE KICK,MIMIC,THUNDERBOLT,8,30,10,6,0,0,0,0,131,162,95,99,86,86,93,16992,23046,19688,20530,20530,34102,15,15,15,15,0,0,0,0,0,0,0,106,111,86,86,104,833716,287964,474073,68657,3022,22,6,0,8234,7017,1123,94,748,137,132,5,1,0,28416,20098,2117,2117,633,47,275,0,0,0,0,0,45,0,30,0,0,5,34,5,0,0,0,0,0,0,0,0,0,0,10,4,20,4,0,0,44,11,12,6,0,0,0,326,176223,0,0,0,0,36,72,15,1,1,12,0,2,10,Flareon
4-25,14:41:04,NINTEN,NidoranF,Swimmer,15,Route 21,3,1:02:04.90,1:02:04,1h2m4s,10,0,10,56,3:51,9.12,BODY SLAM,DOUBLE KICK,MIMIC,THUNDERBOLT,22,8245,749,133,5,689,646,360,18,57196,Flareon, ,Poison,Poison,179037,NidoranF2,NidoranF,,01:01:55.78,01:02:04.90,03:51:52.51,56,10,1,2,4,90,BODY SLAM,DOUBLE KICK,MIMIC,THUNDERBOLT,7,30,10,4,0,0,0,0,131,162,95,99,86,86,93,17152,23216,19883,20775,20775,34347,15,15,15,15,0,0,0,0,0,0,0,106,111,86,86,104,836748,288354,476715,68657,3022,22,6,0,8245,7017,1123,105,749,138,133,5,1,0,28809,20340,2117,2117,636,47,275,0,0,0,0,0,45,0,30,0,0,5,34,5,0,0,0,0,0,0,0,0,0,0,10,4,20,4,0,0,44,11,12,6,0,0,0,329,178902,0,0,0,0,36,72,15,1,1,12,0,2,10,Flareon
4-25,14:41:17,NINTEN,NidoranF,Swimmer,14,Route 21,2,1:02:17.88,1:02:17,1h2m17s,10,0,10,57,3:52,7.237,BODY SLAM,DOUBLE KICK,MIMIC,THUNDERBOLT,22,8285,753,134,5,691,648,360,18,57356,Flareon, ,Poison,Poison,180796,NidoranF2,NidoranF,,01:02:10.65,01:02:17.88,03:52:44.05,57,10,1,2,17,88,BODY SLAM,DOUBLE KICK,MIMIC,THUNDERBOLT,6,30,10,3,0,0,0,0,134,165,97,101,88,88,95,17241,23324,20018,20910,20910,34490,15,15,15,15,0,0,0,0,0,0,0,109,113,88,88,106,839822,289222,478921,68657,3022,22,6,0,8285,7017,1123,145,753,139,134,5,1,0,29040,20495,2117,2117,638,47,275,0,0,0,0,0,45,0,30,0,0,5,34,5,0,0,0,0,0,0,0,0,0,0,10,4,20,4,0,0,44,11,12,6,0,0,0,331,180661,0,0,0,0,36,72,15,1,1,12,0,2,10,Flareon
4-25,14:42:08,NINTEN,NidoranF,Burglar,7,Cinnabar Mansion,2,1:03:08.90,1:03:08,1h3m8s,10,0,10,57,3:56,11.292,BODY SLAM,DOUBLE KICK,MIMIC,THUNDERBOLT,22,8488,784,135,7,695,652,361,19,54721,Flareon, ,Poison,Poison,182826,NidoranF2,NidoranF,,01:02:57.61,01:03:08.90,03:56:05.19,57,10,1,3,8,90,BODY SLAM,DOUBLE KICK,MIMIC,THUNDERBOLT,14,30,10,13,0,0,0,0,145,165,97,101,88,88,95,17378,23480,20154,21125,21125,34705,15,15,15,15,0,0,0,0,0,0,0,109,113,88,88,106,851896,295480,484175,69219,3022,22,6,0,8488,7129,1123,236,784,142,135,7,2,0,29390,20738,2137,2137,642,47,276,0,0,0,0,0,45,0,31,0,0,5,34,5,0,0,0,0,0,0,0,0,0,0,10,4,20,4,0,0,44,11,12,6,0,0,0,334,182691,0,0,0,0,36,76,15,1,1,12,0,2,10,Flareon
4-25,14:42:28,NINTEN,NidoranF,Scientist,12,Cinnabar Mansion,3,1:03:28.30,1:03:28,1h3m28s,10,0,10,57,3:57,10.21,BODY SLAM,DOUBLE KICK,MIMIC,THUNDERBOLT,22,8540,801,136,7,699,656,362,19,57781,Flareon, ,Poison,Poison,185319,NidoranF2,NidoranF,,01:03:18.08,01:03:28.30,03:57:21.31,57,10,1,3,28,30,BODY SLAM,DOUBLE KICK,MIMIC,THUNDERBOLT,10,30,10,13,0,0,0,0,127,165,97,101,88,88,95,17493,23605,20369,21395,21395,34920,15,15,15,15,0,0,0,0,0,0,0,109,113,88,88,106,856468,297226,487001,69219,3022,22,6,0,8540,7181,1123,236,801,143,136,7,2,0,29671,20957,2155,2155,646,47,277,0,0,0,0,0,45,0,31,0,0,5,34,5,0,0,0,0,0,0,0,0,0,0,10,4,20,4,0,0,44,11,12,6,0,0,0,337,185184,0,0,0,0,36,76,15,1,1,12,0,2,10,Flareon
4-25,14:42:41,NINTEN,NidoranF,Scientist,4,Cinnabar Mansion,2,1:03:41.68,1:03:41,1h3m41s,10,0,10,57,3:58,7.876,BODY SLAM,DOUBLE KICK,MIMIC,THUNDERBOLT,22,8558,805,137,7,702,659,363,19,59431,Flareon, ,Poison,Poison,187324,NidoranF2,NidoranF,,01:03:33.80,01:03:41.68,03:58:14.08,57,10,1,3,41,68,BODY SLAM,DOUBLE KICK,MIMIC,THUNDERBOLT,9,30,10,11,0,0,0,0,122,165,97,101,88,88,95,17618,23745,20559,21560,21560,35120,15,15,15,15,0,0,0,0,0,0,0,109,113,88,88,106,859625,298007,489377,69219,3022,22,6,0,8558,7199,1123,236,805,144,137,7,2,0,29954,21116,2160,2160,649,47,278,0,0,0,0,0,46,0,31,0,0,5,34,5,0,0,0,0,0,0,0,0,0,0,10,4,20,4,0,0,44,11,12,6,0,0,0,339,187189,0,0,0,0,36,76,15,1,1,12,0,2,10,Flareon
4-25,14:42:53,NINTEN,NidoranF,Burglar,9,Cinnabar Mansion,2,1:03:53.62,1:03:53,1h3m53s,10,0,10,57,3:59,6.063,BODY SLAM,DOUBLE KICK,MIMIC,THUNDERBOLT,22,8600,811,138,7,704,661,363,19,60881,Flareon, ,Poison,Poison,189094,NidoranF2,NidoranF,,01:03:47.55,01:03:53.62,03:59:00.58,57,10,1,3,53,62,BODY SLAM,DOUBLE KICK,MIMIC,THUNDERBOLT,7,30,10,11,0,0,0,0,122,165,97,101,88,88,95,17723,23900,20659,21675,21675,35270,15,15,15,15,0,0,0,0,0,0,0,109,113,88,88,106,862435,298986,491208,69219,3022,22,6,0,8600,7241,1123,236,811,145,138,7,2,0,30141,21285,2160,2160,651,47,278,0,0,0,0,0,46,0,31,0,0,5,34,5,0,0,0,0,0,0,0,0,0,0,10,4,20,4,0,0,44,11,12,6,0,0,0,341,188959,0,0,0,0,36,76,15,1,1,12,0,2,10,Flareon
4-25,14:43:24,NINTEN,NidoranF,Scientist,13,Cinnabar Mansion,2,1:04:24.42,1:04:24,1h4m24s,10,0,10,58,4:01,8.346,BODY SLAM,DOUBLE KICK,MIMIC,THUNDERBOLT,22,8711,823,139,7,707,664,363,18,63941,Flareon, ,Poison,Poison,190834,NidoranF2,NidoranF,,01:04:16.07,01:04:24.42,04:01:02.58,58,10,1,4,24,42,BODY SLAM,DOUBLE KICK,MIMIC,THUNDERBOLT,4,30,10,11,0,0,0,0,125,168,98,103,90,90,97,17808,23985,20799,21850,21850,35455,15,15,15,15,0,0,0,0,0,0,0,110,115,90,90,109,869755,301811,493595,71327,3022,22,6,0,8711,7352,1123,236,823,146,139,7,2,0,30355,21441,2160,2160,654,47,278,0,0,0,0,0,46,0,31,0,0,5,35,5,0,0,0,0,0,0,0,0,0,0,10,4,20,4,0,0,45,12,12,6,0,0,0,343,190699,0,0,0,0,37,76,15,1,1,12,0,2,10,Flareon
4-25,14:43:57,NINTEN,NidoranF,Beauty,8,Route 20,2,1:04:57.30,1:04:57,1h4m57s,10,0,10,58,4:03,6.556,BODY SLAM,DOUBLE KICK,MIMIC,THUNDERBOLT,22,8817,827,140,7,709,666,363,19,65641,Flareon, ,Poison,Poison,192473,NidoranF2,NidoranF,,01:04:50.75,01:04:57.30,04:03:12.42,58,10,1,4,57,30,BODY SLAM,DOUBLE KICK,MIMIC,THUNDERBOLT,15,30,10,13,0,0,0,0,168,168,98,103,90,90,97,17928,24127,20904,21970,21970,35613,15,15,15,15,0,0,0,0,0,0,0,110,115,90,90,109,877539,305989,495992,72536,3022,22,6,0,8817,7436,1123,258,827,147,140,7,2,0,30719,21606,2160,2160,656,47,278,0,0,0,0,0,46,0,31,0,0,5,35,5,0,0,0,0,0,0,0,0,0,0,10,4,20,4,0,0,45,12,12,6,0,0,0,345,192338,0,0,0,0,40,76,15,1,1,12,0,2,10,Flareon
4-25,14:44:08,NINTEN,NidoranF,Jr Trainer F,16,Route 20,2,1:05:08.19,1:05:08,1h5m8s,10,0,10,58,4:03,6.61,BODY SLAM,DOUBLE KICK,MIMIC,THUNDERBOLT,22,8839,828,141,7,711,668,363,19,67811,Flareon, ,Poison,Poison,194337,NidoranF2,NidoranF,,01:05:01.57,01:05:08.19,04:03:55.33,58,10,1,5,8,19,BODY SLAM,DOUBLE KICK,MIMIC,THUNDERBOLT,15,30,10,11,0,0,0,0,168,168,98,103,90,90,97,18053,24286,21029,22100,22100,35744,15,15,15,15,0,0,0,0,0,0,0,110,115,90,90,109,880110,306508,498044,72536,3022,22,6,0,8839,7436,1123,280,828,148,141,7,2,0,31053,21774,2160,2160,658,47,278,0,0,0,0,0,46,0,31,0,0,5,35,5,0,0,0,0,0,0,0,0,0,0,10,4,20,4,0,0,45,12,12,6,0,0,0,347,194202,0,0,0,0,40,76,15,1,1,12,0,2,10,Flareon
4-25,14:44:20,NINTEN,NidoranF,Beauty,7,Route 20,3,1:05:20.60,1:05:20,1h5m20s,10,0,10,58,4:04,8.977,BODY SLAM,DOUBLE KICK,MIMIC,THUNDERBOLT,22,8847,828,142,7,714,671,363,19,68431,Flareon, ,Poison,Poison,196886,NidoranF2,NidoranF,,01:05:11.64,01:05:20.60,04:04:44.28,58,10,1,5,20,60,BODY SLAM,DOUBLE KICK,MIMIC,THUNDERBOLT,15,30,10,8,0,0,0,0,168,168,98,103,90,90,97,18163,24511,21409,22275,22275,35894,15,15,15,15,0,0,0,0,0,0,0,110,115,90,90,109,883045,306807,500680,72536,3022,22,6,0,8847,7436,1123,288,828,149,142,7,2,0,31649,21972,2160,2160,661,47,278,0,0,0,0,0,46,0,31,0,0,5,35,5,0,0,0,0,0,0,0,0,0,0,10,4,20,4,0,0,45,12,12,6,0,0,0,350,196751,0,0,0,0,40,76,15,1,1,12,0,2,10,Flareon
4-25,14:44:33,NINTEN,NidoranF,Bird Keeper,11,Route 20,3,1:05:33.92,1:05:33,1h5m33s,10,0,10,58,4:05,9.388,BODY SLAM,DOUBLE KICK,MIMIC,THUNDERBOLT,22,8860,830,143,7,717,674,363,19,70531,Flareon, ,Poison,Poison,199694,NidoranF2,NidoranF,,01:05:24.52,01:05:33.92,04:05:36.54,58,10,1,5,33,92,BODY SLAM,DOUBLE KICK,MIMIC,THUNDERBOLT,15,30,10,5,0,0,0,0,168,168,98,103,90,90,97,18356,24751,21594,22447,22447,36165,15,15,15,15,0,0,0,0,0,0,0,110,115,90,90,109,886191,307229,503404,72536,3022,22,6,0,8860,7436,1123,301,830,150,143,7,2,0,32345,22220,2160,2160,664,47,278,0,0,0,0,0,47,0,31,0,0,5,35,5,0,0,0,0,0,0,0,0,0,0,10,4,20,4,0,0,45,12,12,6,0,0,0,353,199559,0,0,0,0,40,76,15,1,1,12,0,2,10,Flareon
4-25,14:44:41,NINTEN,NidoranF,Swimmer,10,Route 20,1,1:05:41.72,1:05:41,1h5m41s,10,0,10,59,4:06,4.697,BODY SLAM,DOUBLE KICK,MIMIC,THUNDERBOLT,22,8866,831,144,7,718,675,363,19,71281,Flareon, ,Poison,Poison,200489,NidoranF2,NidoranF,,01:05:37.02,01:05:41.72,04:06:07.38,59,10,1,5,41,72,BODY SLAM,DOUBLE KICK,MIMIC,THUNDERBOLT,14,30,10,5,0,0,0,0,171,171,101,105,91,91,98,18386,24796,21649,22517,22517,36250,15,15,15,15,0,0,0,0,0,0,0,113,118,91,91,110,888035,307468,505009,72536,3022,22,6,0,8866,7436,1123,307,831,151,144,7,2,0,32434,22291,2160,2160,665,47,278,0,0,0,0,0,47,0,31,0,0,5,35,5,0,0,0,0,0,0,0,0,0,0,10,4,20,4,0,0,45,12,12,6,0,0,0,354,200354,0,0,0,0,40,76,15,1,1,12,0,2,10,Flareon
4-25,14:44:57,NINTEN,NidoranF,Jr Trainer F,24,Route 20,3,1:05:57.39,1:05:57,1h5m57s,10,0,10,59,4:07,8.868,BODY SLAM,DOUBLE KICK,MIMIC,THUNDERBOLT,22,8902,833,145,7,721,678,363,19,71456,Flareon, ,Poison,Poison,202338,NidoranF2,NidoranF,,01:05:48.52,01:05:57.39,04:07:09.20,59,10,1,5,57,39,BODY SLAM,DOUBLE KICK,MIMIC,THUNDERBOLT,13,30,10,3,0,0,0,0,171,171,101,105,91,91,98,18521,24921,21809,22757,22757,36425,15,15,15,15,0,0,0,0,0,0,0,113,118,91,91,110,891737,308236,507943,72536,3022,22,6,0,8902,7436,1123,343,833,152,145,7,2,0,32905,22504,2160,2160,668,47,278,0,0,0,0,0,47,0,31,0,0,5,35,5,0,0,0,0,0,0,0,0,0,0,10,4,20,4,0,0,45,12,12,6,0,0,0,357,202203,0,0,0,0,40,76,15,1,1,12,0,2,10,Flareon
4-25,14:45:17,NINTEN,NidoranF,Swimmer,2,Route 19,2,1:06:17.87,1:06:17,1h6m17s,10,0,10,59,4:08,6.635,BODY SLAM,DOUBLE KICK,MIMIC,THUNDERBOLT,22,8930,840,146,7,723,680,363,19,72056,Flareon, ,Poison,Poison,203635,NidoranF2,NidoranF,,01:06:11.24,01:06:17.87,04:08:29.50,59,10,1,6,17,87,BODY SLAM,DOUBLE KICK,MIMIC,THUNDERBOLT,15,30,10,13,0,0,0,0,171,171,101,105,91,91,98,18591,25026,21944,22902,22902,36535,15,15,15,15,0,0,0,0,0,0,0,113,118,91,91,110,896567,310284,510017,73244,3022,22,6,0,8930,7464,1123,343,840,153,146,7,2,0,33442,22634,2160,2160,670,47,278,0,0,0,0,0,48,0,31,0,0,5,35,5,0,0,0,0,0,0,0,0,0,0,10,4,20,4,0,0,45,12,12,6,0,0,0,359,203500,0,0,0,0,40,76,15,1,1,12,0,2,10,Flareon
4-25,14:45:29,NINTEN,NidoranF,Swimmer,3,Route 19,3,1:06:29.55,1:06:29,1h6m29s,10,0,10,59,4:09,8.76,BODY SLAM,DOUBLE KICK,MIMIC,THUNDERBOLT,22,8935,840,147,7,726,683,363,19,72206,Flareon, ,Poison,Poison,205495,NidoranF2,NidoranF,,01:06:20.81,01:06:29.55,04:09:15.50,59,10,1,6,29,55,BODY SLAM,DOUBLE KICK,MIMIC,THUNDERBOLT,15,30,10,10,0,0,0,0,171,171,101,105,91,91,98,18696,25178,22129,23092,23092,36743,15,15,15,15,0,0,0,0,0,0,0,113,118,91,91,110,899327,310483,512578,73244,3022,22,6,0,8935,7469,1123,343,840,154,147,7,2,0,33964,22825,2160,2160,673,47,278,0,0,0,0,0,48,0,31,0,0,5,35,5,0,0,0,0,0,0,0,0,0,0,10,4,20,4,0,0,45,12,12,6,0,0,0,362,205360,0,0,0,0,40,76,15,1,1,12,0,2,10,Flareon
4-25,14:45:41,NINTEN,NidoranF,Swimmer,7,Route 19,2,1:06:41.34,1:06:41,1h6m41s,10,0,10,59,4:10,5.908,BODY SLAM,DOUBLE KICK,MIMIC,THUNDERBOLT,22,8946,841,148,7,728,685,363,19,72351,Flareon, ,Poison,Poison,206559,NidoranF2,NidoranF,,01:06:35.44,01:06:41.34,04:10:02.09,59,10,1,6,41,34,BODY SLAM,DOUBLE KICK,MIMIC,THUNDERBOLT,13,30,10,10,0,0,0,0,171,171,101,105,91,91,98,18756,25258,22269,23232,23232,36863,15,15,15,15,0,0,0,0,0,0,0,113,118,91,91,110,902106,310917,514476,73691,3022,22,6,0,8946,7476,1123,347,841,155,148,7,2,0,34199,22949,2160,2160,675,47,278,0,0,0,0,0,49,0,31,0,0,5,35,5,0,0,0,0,0,0,0,0,0,0,10,4,20,4,0,0,45,12,12,6,0,0,0,364,206424,0,0,0,0,40,76,15,1,1,12,0,2,10,Flareon
4-25,14:45:52,NINTEN,NidoranF,Swimmer,4,Route 19,2,1:06:52.24,1:06:52,1h6m52s,10,0,10,59,4:10,6.469,BODY SLAM,DOUBLE KICK,MIMIC,THUNDERBOLT,22,8966,841,149,7,730,687,363,19,72501,Flareon, ,Poison,Poison,207895,NidoranF2,NidoranF,,01:06:45.75,01:06:52.24,04:10:45.04,59,10,1,6,52,24,BODY SLAM,DOUBLE KICK,MIMIC,THUNDERBOLT,13,30,10,8,0,0,0,0,171,171,101,105,91,91,98,18861,25373,22374,23322,23322,37043,15,15,15,15,0,0,0,0,0,0,0,113,118,91,91,110,904681,311475,516493,73691,3022,22,6,0,8966,7476,1123,367,841,156,149,7,2,0,34910,23100,2160,2160,677,47,278,0,0,0,0,0,50,0,31,0,0,5,35,5,0,0,0,0,0,0,0,0,0,0,10,4,20,4,0,0,45,12,12,6,0,0,0,366,207760,0,0,0,0,40,76,15,1,1,12,0,2,10,Flareon
4-25,14:46:07,NINTEN,NidoranF,Swimmer,5,Route 19,4,1:07:07.12,1:07:07,1h7m7s,10,0,10,59,4:11,11.61,BODY SLAM,DOUBLE KICK,MIMIC,THUNDERBOLT,22,8975,842,150,7,734,691,363,19,72651,Flareon, ,Poison,Poison,210231,NidoranF2,NidoranF,,01:06:55.51,01:07:07.12,04:11:43.39,59,10,1,7,7,12,BODY SLAM,DOUBLE KICK,MIMIC,THUNDERBOLT,11,29,10,7,0,0,0,0,171,171,101,105,91,91,98,19016,25560,22574,23642,23642,37306,15,15,15,15,0,0,0,0,0,0,0,113,118,91,91,110,908196,311742,519741,73691,3022,22,6,0,8975,7476,1123,376,842,157,150,7,2,0,35484,23346,2160,2160,681,47,278,0,0,0,0,0,50,0,31,0,0,5,35,5,0,0,0,0,0,0,0,0,0,0,10,4,20,4,0,0,45,12,12,6,0,0,0,370,210096,0,0,0,0,40,76,15,1,1,12,0,2,10,Flareon
4-25,14:46:20,NINTEN,NidoranF,Beauty,13,Route 19,2,1:07:20.49,1:07:20,1h7m20s,10,0,10,60,4:12,8.006,BODY SLAM,DOUBLE KICK,MIMIC,THUNDERBOLT,22,9006,842,151,7,736,693,363,19,72786,Flareon, ,Poison,Poison,212035,NidoranF2,NidoranF,,01:07:12.47,01:07:20.49,04:12:36.24,60,10,1,7,20,49,BODY SLAM,DOUBLE KICK,MIMIC,THUNDERBOLT,10,29,10,6,0,0,0,0,174,174,103,107,93,93,101,19141,25719,22699,23772,23772,37437,15,15,15,15,0,0,0,0,0,0,0,115,120,93,93,113,911361,312528,522120,73691,3022,22,6,0,9006,7476,1123,407,842,158,151,7,2,0,35731,23509,2160,2160,683,47,278,0,0,0,0,0,50,0,31,0,0,5,35,5,0,0,0,0,0,0,0,0,0,0,10,4,20,4,0,0,45,12,12,6,0,0,0,372,211900,0,0,0,0,40,76,15,1,1,12,0,2,10,Flareon
4-25,14:46:38,NINTEN,NidoranF,Swimmer,8,Route 19,5,1:07:38.51,1:07:38,1h7m38s,10,0,10,60,4:13,13.555,BODY SLAM,DOUBLE KICK,MIMIC,THUNDERBOLT,22,9011,843,152,7,741,698,363,19,74886,Flareon, ,Poison,Poison,215526,NidoranF2,NidoranF,,01:07:24.96,01:07:38.51,04:13:47.19,60,10,1,7,38,51,BODY SLAM,DOUBLE KICK,MIMIC,THUNDERBOLT,5,29,10,6,0,0,0,0,174,174,103,107,93,93,101,19361,25954,22959,24232,24232,37822,15,15,15,15,0,0,0,0,0,0,0,115,120,93,93,113,915616,312746,526157,73691,3022,22,6,0,9011,7476,1123,412,843,159,152,7,2,0,36594,23831,2160,2160,688,47,278,0,0,0,0,0,52,0,31,0,0,5,35,5,0,0,0,0,0,0,0,0,0,0,10,4,20,4,0,0,45,12,12,6,0,0,0,377,215391,0,0,0,0,40,76,15,1,1,12,0,2,10,Flareon
4-25,14:46:51,NINTEN,NidoranF,Beauty,14,Route 19,3,1:07:51.17,1:07:51,1h7m51s,10,0,10,60,4:14,9.967,BODY SLAM,DOUBLE KICK,MIMIC,THUNDERBOLT,22,9012,846,153,7,744,701,363,19,75021,Flareon, ,Poison,Poison,217500,NidoranF2,NidoranF,,01:07:41.21,01:07:51.17,04:14:37.06,60,10,1,7,51,17,BODY SLAM,DOUBLE KICK,MIMIC,THUNDERBOLT,5,26,10,6,0,0,0,0,174,174,103,107,93,93,101,19451,26089,23124,24442,24442,38077,15,15,15,15,0,0,0,0,0,0,0,115,120,93,93,113,918603,312887,529003,73691,3022,22,6,0,9012,7476,1123,413,846,160,153,7,2,0,36828,24014,2160,2160,691,47,278,0,0,0,0,0,52,0,31,0,0,5,35,5,0,0,0,0,0,0,0,0,0,0,10,4,20,4,0,0,45,12,12,6,0,0,0,380,217365,0,0,0,0,40,76,15,1,1,12,0,2,10,Flareon
4-25,14:47:10,NINTEN,NidoranF,Beauty,12,Route 19,5,1:08:10.41,1:08:10,1h8m10s,10,0,10,60,4:15,16.414,BODY SLAM,DOUBLE KICK,MIMIC,THUNDERBOLT,22,9013,848,154,7,750,707,364,19,77051,Flareon, ,Poison,Poison,220656,NidoranF2,NidoranF,,01:07:54.01,01:08:10.41,04:15:52.50,60,10,1,8,10,41,BODY SLAM,DOUBLE KICK,MIMIC,THUNDERBOLT,5,20,10,6,0,0,0,0,169,174,103,107,93,93,101,19701,26415,23389,24702,24702,38451,15,15,15,15,0,0,0,0,0,0,0,115,120,93,93,113,923147,313057,533377,73691,3022,22,6,0,9013,7476,1123,414,848,161,154,7,2,0,37340,24352,2165,2165,697,47,279,0,0,0,0,0,52,0,31,0,0,5,35,5,0,0,0,0,0,0,0,0,0,0,10,4,20,4,0,0,45,12,12,6,0,0,0,385,220521,0,0,0,0,40,76,15,1,1,12,0,2,10,Flareon
4-25,14:47:24,NINTEN,NidoranF,Swimmer,9,Route 20,2,1:08:24.74,1:08:24,1h8m24s,10,0,10,61,4:16,7.549,BODY SLAM,DOUBLE KICK,MIMIC,THUNDERBOLT,22,9037,850,155,7,752,709,364,18,78941,Flareon, ,Poison,Poison,222647,NidoranF2,NidoranF,,01:08:17.19,01:08:24.74,04:16:49.20,61,10,1,8,24,74,BODY SLAM,DOUBLE KICK,MIMIC,THUNDERBOLT,5,20,10,4,0,0,0,0,172,177,105,109,95,95,103,19781,26575,23669,24832,24832,38561,15,15,15,15,0,0,0,0,0,0,0,118,122,95,95,115,926537,313841,535652,74022,3022,22,6,0,9037,7476,1123,438,850,162,155,7,2,0,37713,24492,2165,2165,699,47,279,0,0,0,0,0,52,0,31,0,0,5,35,5,0,0,0,0,0,0,0,0,0,0,10,4,20,4,0,0,45,12,12,6,0,0,0,387,222512,0,0,0,0,40,76,15,1,1,12,0,2,10,Flareon
4-25,14:47:40,NINTEN,NidoranF,Swimmer,11,Route 20,4,1:08:40.47,1:08:40,1h8m40s,10,0,10,61,4:17,10.944,BODY SLAM,DOUBLE KICK,MIMIC,THUNDERBOLT,22,9041,850,156,7,756,713,364,18,79096,Flareon, ,Poison,Poison,225071,NidoranF2,NidoranF,,01:08:29.52,01:08:40.47,04:17:51.10,61,10,1,8,40,47,BODY SLAM,DOUBLE KICK,MIMIC,THUNDERBOLT,2,19,10,4,0,0,0,0,172,177,105,109,95,95,103,19926,26760,23974,25137,25137,38826,15,15,15,15,0,0,0,0,0,0,0,118,122,95,95,115,930247,314140,539063,74022,3022,22,6,0,9041,7476,1123,442,850,163,156,7,2,0,38067,24742,2165,2165,703,47,279,0,0,0,0,0,52,0,31,0,0,5,35,5,0,0,0,0,0,0,0,0,0,0,10,4,20,4,0,0,45,12,12,6,0,0,0,391,224936,0,0,0,0,40,76,15,1,1,12,0,2,10,Flareon
4-25,14:47:53,NINTEN,NidoranF,Beauty,15,Route 20,3,1:08:53.04,1:08:53,1h8m53s,10,0,10,61,4:18,8.681,BODY SLAM,DOUBLE KICK,MIMIC,THUNDERBOLT,22,9059,852,157,7,759,716,364,18,79236,Flareon, ,Poison,Poison,227595,NidoranF2,NidoranF,,01:08:44.36,01:08:53.04,04:18:40.41,61,10,1,8,53,4,BODY SLAM,DOUBLE KICK,MIMIC,THUNDERBOLT,2,19,10,1,0,0,0,0,172,177,105,109,95,95,103,20066,26930,24234,25397,25397,39056,15,15,15,15,0,0,0,0,0,0,0,118,122,95,95,115,933218,314566,541608,74022,3022,22,6,0,9059,7476,1123,460,852,164,157,7,2,0,38498,24958,2165,2165,706,47,279,0,0,0,0,0,52,0,31,0,0,5,35,5,0,0,0,0,0,0,0,0,0,0,10,4,20,4,0,0,45,12,12,6,0,0,0,394,227460,0,0,0,0,40,76,15,1,1,12,0,2,10,Flareon
4-25,14:48:05,NINTEN,NidoranF,Beauty,6,Route 20,1,1:09:05.84,1:09:05,1h9m5s,10,0,10,61,4:19,4.359,BODY SLAM,DOUBLE KICK,MIMIC,THUNDERBOLT,22,9097,862,158,7,760,717,364,18,81336,Flareon, ,Poison,Poison,228870,NidoranF2,NidoranF,,01:09:01.48,01:09:05.84,04:19:30.42,61,10,1,9,5,84,BODY SLAM,DOUBLE KICK,MIMIC,THUNDERBOLT,2,19,10,0,0,0,0,0,172,177,105,109,95,95,103,20146,27022,24299,25477,25477,39124,15,15,15,15,0,0,0,0,0,0,0,118,122,95,95,115,936219,315516,543129,74552,3022,22,6,0,9097,7496,1123,478,862,165,158,7,2,0,38633,25064,2165,2165,707,47,279,0,0,0,0,0,52,0,31,0,0,5,35,5,0,0,0,0,0,0,0,0,0,0,10,4,20,4,0,0,45,12,12,6,0,0,0,395,228735,0,0,0,0,40,76,15,1,1,12,0,2,10,Flareon
4-25,14:48:50,NINTEN,NidoranF,Pokemaniac,1,Route 10,2,1:09:50.08,1:09:50,1h9m50s,10,0,10,61,4:22,7.954,BODY SLAM,DOUBLE KICK,MIMIC,THUNDERBOLT,22,9319,874,159,7,762,719,364,18,83786,Flareon, ,Poison,Poison,230553,NidoranF2,NidoranF,RTG2 - Pokemaniac 1,01:09:42.11,01:09:50.08,04:22:25.06,61,10,1,9,50,8,BODY SLAM,DOUBLE KICK,MIMIC,THUNDERBOLT,15,28,10,15,0,0,0,0,177,177,105,109,95,95,103,20316,27162,24469,25567,25567,39179,15,15,15,15,0,0,0,0,0,0,0,118,122,95,95,115,946683,320497,545496,77668,3022,22,6,0,9319,7541,1272,506,874,166,159,7,2,0,38869,25254,2165,2165,709,47,279,0,0,0,0,0,52,0,31,0,0,5,35,5,0,0,0,0,0,0,0,0,0,0,10,4,20,4,0,0,45,12,12,6,0,0,0,397,230418,0,0,0,0,40,76,15,1,1,12,0,2,10,Flareon
4-25,14:49:27,NINTEN,NidoranF,Burglar,4,Cinnabar Island - Gym,3,1:10:27.93,1:10:27,1h10m27s,10,0,10,61,4:24,11.256,BODY SLAM,DOUBLE KICK,MIMIC,THUNDERBOLT,22,9477,889,160,7,766,723,367,18,85286,Flareon, ,Poison,Poison,233113,NidoranF2,NidoranF,,01:10:16.68,01:10:27.93,04:24:54.26,61,10,1,10,27,93,BODY SLAM,DOUBLE KICK,MIMIC,THUNDERBOLT,11,28,10,15,0,0,0,0,157,177,105,109,95,95,103,20482,27349,24629,25782,25782,39404,15,15,15,15,0,0,0,0,0,0,0,118,122,95,95,115,955643,325418,548673,78530,3022,22,6,0,9477,7699,1272,506,889,167,160,7,2,0,39271,25528,2185,2185,713,47,281,0,0,0,0,0,52,0,32,0,0,5,35,5,0,0,0,0,0,0,0,0,0,0,10,4,20,4,0,0,45,12,12,6,0,0,0,400,232978,0,0,0,0,41,76,15,1,1,12,0,2,10,Flareon
4-25,14:49:42,NINTEN,NidoranF,Super Nerd,9,Cinnabar Island - Gym,3,1:10:42.48,1:10:42,1h10m42s,10,0,10,62,4:25,11.209,BODY SLAM,DOUBLE KICK,MIMIC,THUNDERBOLT,22,9485,890,161,7,769,726,368,18,88526,Flareon, ,Poison,Poison,235457,NidoranF2,NidoranF,,01:10:31.26,01:10:42.48,04:25:51.42,62,10,1,10,42,48,BODY SLAM,DOUBLE KICK,MIMIC,THUNDERBOLT,9,27,10,15,0,0,0,0,156,181,107,112,98,98,105,20631,27507,24784,26012,26012,39634,15,15,15,15,0,0,0,0,0,0,0,120,126,98,98,118,959079,325708,551819,78530,3022,22,6,0,9485,7707,1272,506,890,168,161,7,2,0,39621,25790,2190,2190,716,47,282,0,0,0,0,0,53,0,32,0,0,5,35,5,0,0,0,0,0,0,0,0,0,0,10,4,20,4,0,0,45,12,12,6,0,0,0,403,235322,0,0,0,0,41,76,15,1,1,12,0,2,10,Flareon
4-25,14:50:00,NINTEN,NidoranF,Super Nerd,10,Cinnabar Island - Gym,4,1:11:00.48,1:11:00,1h11m0s,10,0,10,62,4:27,10.801,BODY SLAM,DOUBLE KICK,MIMIC,THUNDERBOLT,22,9497,891,162,7,773,730,368,18,89426,Flareon, ,Poison,Poison,238158,NidoranF2,NidoranF,,01:10:49.66,01:11:00.48,04:27:02.29,62,10,1,11,0,48,BODY SLAM,DOUBLE KICK,MIMIC,THUNDERBOLT,5,27,10,15,0,0,0,0,156,181,107,112,98,98,105,20813,27755,24967,26242,26242,39914,15,15,15,15,0,0,0,0,0,0,0,120,126,98,98,118,963326,326545,555229,78530,3022,22,6,0,9497,7719,1272,506,891,169,162,7,2,0,40112,26109,2190,2190,720,47,282,0,0,0,0,0,53,0,32,0,0,5,35,5,0,0,0,0,0,0,0,0,0,0,10,4,20,4,0,0,45,12,12,6,0,0,0,407,238023,0,0,0,0,41,76,15,1,1,12,0,2,10,Flareon
4-25,14:50:11,NINTEN,NidoranF,Burglar,5,Cinnabar Island - Gym,1,1:11:11.56,1:11:11,1h11m11s,10,0,10,62,4:27,5.999,BODY SLAM,DOUBLE KICK,MIMIC,THUNDERBOLT,22,9509,893,163,7,775,732,369,18,90276,Flareon, ,Poison,Poison,239493,NidoranF2,NidoranF,,01:11:05.56,01:11:11.56,04:27:46.07,62,10,1,11,11,56,BODY SLAM,DOUBLE KICK,MIMIC,THUNDERBOLT,5,25,10,15,0,0,0,0,156,181,107,112,98,98,105,20863,27840,25022,26307,26307,40004,15,15,15,15,0,0,0,0,0,0,0,120,126,98,98,118,965944,327232,557160,78530,3022,22,6,0,9509,7731,1272,506,893,170,163,7,2,0,40240,26207,2190,2190,722,48,282,0,0,0,0,0,53,0,32,0,0,5,35,5,0,0,0,0,0,0,0,0,0,0,10,4,20,4,0,0,45,12,12,6,0,0,0,408,239358,0,0,0,0,41,76,15,1,1,12,0,2,10,Flareon
4-25,14:50:22,NINTEN,NidoranF,Super Nerd,11,Cinnabar Island - Gym,1,1:11:22.10,1:11:22,1h11m22s,10,0,10,62,4:28,4.109,BODY SLAM,DOUBLE KICK,MIMIC,THUNDERBOLT,22,9527,898,164,7,776,733,369,18,93966,Flareon, ,Poison,Poison,241179,NidoranF2,NidoranF,,01:11:17.98,01:11:22.10,04:28:27.36,62,10,1,11,22,10,BODY SLAM,DOUBLE KICK,MIMIC,THUNDERBOLT,4,25,10,15,0,0,0,0,156,181,107,112,98,98,105,20928,27940,25092,26387,26387,40109,15,15,15,15,0,0,0,0,0,0,0,120,126,98,98,118,968433,328246,558635,78530,3022,22,6,0,9527,7749,1272,506,898,171,164,7,2,0,40367,26317,2190,2190,723,48,282,0,0,0,0,0,54,0,32,0,0,5,35,5,0,0,0,0,0,0,0,0,0,0,10,4,20,4,0,0,45,12,12,6,0,0,0,409,241044,0,0,0,0,41,76,15,1,1,12,0,2,10,Flareon
4-25,14:50:35,NINTEN,NidoranF,Burglar,6,Cinnabar Island - Gym,2,1:11:35.20,1:11:35,1h11m35s,10,0,10,62,4:29,6.851,BODY SLAM,DOUBLE KICK,MIMIC,THUNDERBOLT,22,9541,903,165,7,778,735,370,18,94991,Flareon, ,Poison,Poison,242399,NidoranF2,NidoranF,,01:11:28.35,01:11:35.20,04:29:19.12,62,10,1,11,35,20,BODY SLAM,DOUBLE KICK,MIMIC,THUNDERBOLT,2,25,10,15,0,0,0,0,151,181,107,112,98,98,105,21021,28051,25177,26502,26502,40234,15,15,15,15,0,0,0,0,0,0,0,120,126,98,98,118,971529,329238,560739,78530,3022,22,6,0,9541,7763,1272,506,903,172,165,7,2,0,40598,26491,2195,2195,725,48,283,0,0,0,0,0,54,0,32,0,0,5,35,5,0,0,0,0,0,0,0,0,0,0,10,4,20,4,0,0,45,12,12,6,0,0,0,411,242264,0,0,0,0,41,76,15,1,1,12,0,2,10,Flareon
4-25,14:50:46,NINTEN,NidoranF,Super Nerd,12,Cinnabar Island - Gym,2,1:11:46.48,1:11:46,1h11m46s,10,0,10,62,4:30,6.355,BODY SLAM,DOUBLE KICK,MIMIC,THUNDERBOLT,22,9553,904,166,7,780,737,370,18,98321,Flareon, ,Poison,Poison,243619,NidoranF2,NidoranF,,01:11:40.11,01:11:46.48,04:30:03.34,62,10,1,11,46,48,BODY SLAM,DOUBLE KICK,MIMIC,THUNDERBOLT,0,25,10,15,0,0,0,0,151,181,107,112,98,98,105,21114,28162,25262,26617,26617,40359,15,15,15,15,0,0,0,0,0,0,0,120,126,98,98,118,974191,329895,562744,78530,3022,22,6,0,9553,7775,1272,506,904,173,166,7,2,0,40907,26665,2195,2195,727,48,283,0,0,0,0,0,55,0,32,0,0,5,35,5,0,0,0,0,0,0,0,0,0,0,10,4,20,4,0,0,45,12,12,6,0,0,0,413,243484,0,0,0,0,41,76,15,1,1,12,0,2,10,Flareon
4-25,14:51:29,NINTEN,NidoranF,Blaine,1,Cinnabar Island - Gym,3,1:12:29.00,1:12:29,1h12m29s,10,0,10,63,4:32,16.262,BODY SLAM,DOUBLE KICK,MIMIC,THUNDERBOLT,23,9643,907,167,7,787,744,374,18,99246,Flareon, ,Poison,Poison,249969,NidoranF2,NidoranF,Blaine,01:12:12.75,01:12:29.00,04:32:50.56,63,10,1,12,29,0,BODY SLAM,DOUBLE KICK,MIMIC,THUNDERBOLT,8,30,10,15,0,0,0,0,24,183,109,114,100,100,107,21342,28448,25487,26877,26877,40659,15,15,15,15,0,-1,0,0,0,0,0,122,84,100,100,120,984233,333890,567100,80221,3022,23,6,0,9643,7865,1272,506,907,174,167,7,2,0,41362,27102,2354,2354,734,49,286,0,0,0,0,0,55,0,33,0,0,5,35,5,0,0,0,0,0,0,0,0,0,0,10,4,20,4,0,0,45,12,12,6,0,0,0,416,249834,0,0,0,0,41,76,15,1,1,12,0,2,10,Flareon
4-25,14:52:14,NINTEN,NidoranF,Psychic,3,Saffron City - Gym,3,1:13:14.55,1:13:14,1h13m14s,10,0,10,63,4:35,8.97,BODY SLAM,DOUBLE KICK,MIMIC,THUNDERBOLT,23,9807,918,168,7,790,747,374,18,104592,Flareon, ,Poison,Poison,252526,NidoranF2,NidoranF,,01:13:05.58,01:13:14.55,04:35:50.04,63,10,1,13,14,55,BODY SLAM,DOUBLE KICK,MIMIC,THUNDERBOLT,15,30,10,12,0,0,0,0,183,183,109,114,100,100,107,21617,28653,25727,27037,27037,40719,15,15,15,15,0,0,0,0,0,0,0,122,128,112,112,120,994981,340038,570111,81810,3022,23,6,0,9807,8029,1272,506,918,175,168,7,2,0,42120,27426,2354,2354,737,49,286,0,0,0,0,0,55,0,33,0,0,5,35,5,0,0,0,0,0,0,0,0,0,0,10,4,20,4,0,0,45,12,12,6,0,0,0,419,252391,0,0,0,0,41,76,15,1,1,12,0,2,10,Flareon
4-25,14:52:27,NINTEN,NidoranF,Psychic,2,Saffron City - Gym,2,1:13:27.88,1:13:27,1h13m27s,10,0,10,63,4:36,6.31,BODY SLAM,DOUBLE KICK,MIMIC,THUNDERBOLT,23,9821,927,169,7,792,749,374,18,104922,Flareon, ,Poison,Poison,254572,NidoranF2,NidoranF,,01:13:21.58,01:13:27.88,04:36:42.11,63,10,1,13,27,88,BODY SLAM,DOUBLE KICK,MIMIC,THUNDERBOLT,13,30,10,12,0,0,0,0,183,183,109,114,100,100,107,21697,28733,25822,27257,27257,40914,15,15,15,15,0,0,0,0,0,0,0,122,128,112,112,120,998108,341167,572109,81810,3022,23,6,0,9821,8043,1272,506,927,176,169,7,2,0,42392,27578,2354,2354,739,49,286,0,0,0,0,0,55,0,33,0,0,5,35,5,0,0,0,0,0,0,0,0,0,0,10,4,20,4,0,0,45,12,12,6,0,0,0,421,254437,0,0,0,0,41,76,15,1,1,12,0,2,10,Flareon
4-25,14:52:41,NINTEN,NidoranF,Psychic,4,Saffron City - Gym,1,1:13:41.54,1:13:41,1h13m41s,10,0,10,63,4:37,4.356,BODY SLAM,DOUBLE KICK,MIMIC,THUNDERBOLT,23,9845,932,170,7,793,750,374,18,105262,Flareon, ,Poison,Poison,255907,NidoranF2,NidoranF,,01:13:37.19,01:13:41.54,04:37:35.19,63,10,1,13,41,54,BODY SLAM,DOUBLE KICK,MIMIC,THUNDERBOLT,13,30,10,11,0,0,0,0,183,183,109,114,100,100,107,21792,28808,25932,27337,27337,40944,15,15,15,15,0,0,0,0,0,0,0,122,128,112,112,120,1001296,342827,573637,81810,3022,23,6,0,9845,8067,1272,506,932,177,170,7,2,0,42543,27704,2354,2354,740,49,286,0,0,0,0,0,55,0,33,0,0,5,35,5,0,0,0,0,0,0,0,0,0,0,10,4,20,4,0,0,45,12,12,6,0,0,0,422,255772,0,0,0,0,41,76,15,1,1,12,0,2,10,Flareon
4-25,14:53:02,NINTEN,NidoranF,Sabrina,1,Saffron City - Gym,3,1:14:02.59,1:14:02,1h14m2s,10,0,10,64,4:38,13.169,BODY SLAM,DOUBLE KICK,MIMIC,THUNDERBOLT,24,9854,933,171,7,798,755,376,18,105642,Flareon, ,Poison,Poison,260232,NidoranF2,NidoranF,Sabrina,01:13:49.40,01:14:02.59,04:38:58.22,64,10,1,14,2,59,BODY SLAM,DOUBLE KICK,MIMIC,THUNDERBOLT,8,30,10,11,0,0,0,0,187,187,111,116,101,101,109,21912,28913,26022,27697,27697,41259,15,15,15,15,0,0,0,0,0,0,0,124,130,113,113,122,1006279,343566,577247,82444,3022,24,6,0,9854,8076,1272,506,933,178,171,7,2,0,43103,28089,2354,2354,745,50,286,0,0,0,0,0,55,0,33,0,0,5,35,5,0,0,0,0,0,0,0,0,0,0,10,4,20,4,0,0,45,12,12,6,0,0,0,425,260097,0,0,0,0,41,76,15,1,1,12,0,2,10,Flareon
4-25,14:53:35,NINTEN,NidoranF,Tamer,4,Viridian City - Gym,2,1:14:35.34,1:14:35,1h14m35s,10,0,10,64,4:41,10.809,BODY SLAM,DOUBLE KICK,MIMIC,THUNDERBOLT,24,9930,936,172,7,802,759,378,19,110592,Flareon, ,Poison,Poison,263222,NidoranF2,NidoranF,,01:14:24.52,01:14:35.34,04:41:07.38,64,10,1,14,35,34,BODY SLAM,DOUBLE KICK,MIMIC,THUNDERBOLT,15,28,10,13,0,0,0,0,162,187,111,116,101,101,109,22047,29098,26186,27832,27832,41449,15,15,15,15,0,0,0,0,0,0,0,124,130,113,113,122,1014035,347410,580829,82774,3022,24,6,0,9930,8152,1272,506,936,179,172,7,2,0,43419,28304,2379,2379,749,51,287,0,0,0,0,0,55,0,34,0,0,5,36,5,0,0,0,0,0,0,0,0,0,0,10,4,20,4,0,0,46,12,12,6,0,0,0,427,263087,0,0,0,0,41,76,15,1,1,12,0,2,10,Flareon
4-25,14:53:46,NINTEN,NidoranF,Blackbelt,7,Viridian City - Gym,1,1:14:46.24,1:14:46,1h14m46s,10,0,10,64,4:41,5.54,BODY SLAM,DOUBLE KICK,MIMIC,THUNDERBOLT,24,9946,939,173,7,804,761,379,19,112152,Flareon, ,Poison,Poison,264566,NidoranF2,NidoranF,,01:14:40.70,01:14:46.24,04:41:50.43,64,10,1,14,46,24,BODY SLAM,DOUBLE KICK,MIMIC,THUNDERBOLT,15,28,10,11,0,0,0,0,162,187,111,116,101,101,109,22127,29198,26256,27882,27882,41494,15,15,15,15,0,-1,0,0,0,0,0,139,85,127,127,137,1016620,348189,582635,82774,3022,24,6,0,9946,8168,1272,506,939,180,173,7,2,0,43636,28432,2379,2379,751,51,288,0,0,0,0,0,55,0,34,0,0,5,36,5,0,0,0,0,0,0,0,0,0,0,10,4,20,4,0,0,46,12,12,6,0,0,0,428,264431,0,0,0,0,41,76,15,1,1,12,0,2,10,Flareon
4-25,14:53:59,NINTEN,NidoranF,Cooltrainer M,1,Viridian City - Gym,2,1:14:59.30,1:14:59,1h14m59s,10,0,10,64,4:42,7.262,BODY SLAM,DOUBLE KICK,MIMIC,THUNDERBOLT,24,9961,940,174,7,806,763,379,19,113227,Flareon, ,Poison,Poison,267180,NidoranF2,NidoranF,,01:14:52.05,01:14:59.30,04:42:42.19,64,10,1,14,59,30,BODY SLAM,DOUBLE KICK,MIMIC,THUNDERBOLT,14,28,10,10,0,0,0,0,162,187,111,116,101,101,109,22269,29362,26390,28012,28012,41644,15,15,15,15,0,0,0,0,0,0,0,124,130,113,113,122,1019716,349083,584837,82774,3022,24,6,0,9961,8183,1272,506,940,181,174,7,2,0,43870,28652,2379,2379,753,51,288,0,0,0,0,0,56,0,34,0,0,5,36,5,0,0,0,0,0,0,0,0,0,0,10,4,20,4,0,0,46,12,12,6,0,0,0,430,267045,0,0,0,0,41,76,15,1,1,12,0,2,10,Flareon
4-25,14:54:13,NINTEN,NidoranF,Blackbelt,6,Viridian City - Gym,2,1:15:13.72,1:15:13,1h15m13s,10,0,10,64,4:43,7.987,BODY SLAM,DOUBLE KICK,MIMIC,THUNDERBOLT,24,9984,944,175,7,809,766,380,19,114592,Flareon, ,Poison,Poison,269184,NidoranF2,NidoranF,,01:15:05.74,01:15:13.72,04:43:39.18,64,10,1,15,13,72,BODY SLAM,DOUBLE KICK,MIMIC,THUNDERBOLT,14,28,10,7,0,0,0,0,149,187,111,116,101,101,109,22419,29542,26510,28097,28097,41724,15,15,15,15,0,0,0,0,0,0,0,124,130,113,113,122,1023135,350102,587237,82774,3022,24,6,0,9984,8206,1272,506,944,182,175,7,2,0,44318,28884,2392,2392,756,51,289,0,0,0,0,0,57,0,34,0,0,5,36,5,0,0,0,0,0,0,0,0,0,0,10,4,20,4,0,0,46,12,12,6,0,0,0,432,269049,0,0,0,0,41,76,15,1,1,12,0,2,10,Flareon
4-25,14:54:30,NINTEN,NidoranF,Cooltrainer M,9,Viridian City - Gym,2,1:15:30.52,1:15:30,1h15m30s,10,0,10,64,4:44,10.649,BODY SLAM,DOUBLE KICK,MIMIC,THUNDERBOLT,25,9989,945,176,7,813,770,382,19,115592,Flareon, ,Poison,Poison,271824,NidoranF2,NidoranF,,01:15:19.87,01:15:30.52,04:44:45.38,64,10,1,15,30,52,BODY SLAM,DOUBLE KICK,MIMIC,THUNDERBOLT,10,28,10,7,0,0,0,0,78,187,111,116,101,101,109,22529,29722,26670,28222,28222,41909,15,15,15,15,0,0,0,0,0,0,0,124,130,113,113,122,1027115,350468,590262,83363,3022,25,6,0,9989,8211,1272,506,945,183,176,7,2,0,44595,29079,2463,2463,760,51,291,0,0,0,0,0,57,0,36,0,0,5,37,5,0,0,0,0,0,0,0,0,0,0,10,4,20,4,0,0,48,12,12,6,0,0,0,434,271689,0,0,0,0,41,76,15,1,1,12,0,2,10,Flareon
4-25,14:54:44,NINTEN,NidoranF,Cooltrainer M,10,Viridian City - Gym,1,1:15:44.32,1:15:44,1h15m44s,10,0,10,65,4:45,6.062,BODY SLAM,DOUBLE KICK,MIMIC,THUNDERBOLT,25,9993,945,177,7,814,771,382,19,116957,Flareon, ,Poison,Poison,273067,NidoranF2,NidoranF,,01:15:38.26,01:15:44.32,04:45:39.49,65,10,1,15,44,32,BODY SLAM,DOUBLE KICK,MIMIC,THUNDERBOLT,10,27,10,7,0,0,0,0,181,190,113,118,103,103,110,22609,29807,26765,28252,28252,41934,15,15,15,15,0,0,0,0,0,0,0,127,132,115,115,123,1030366,350817,592210,84317,3022,25,6,0,9993,8215,1272,506,945,184,177,7,2,0,44731,29207,2463,2463,761,51,291,0,0,0,0,0,58,0,36,0,0,5,37,5,0,0,0,0,0,0,0,0,0,0,10,4,20,4,0,0,48,12,12,6,0,0,0,435,272932,0,0,0,0,41,76,15,1,1,12,0,2,10,Flareon
4-25,14:55:00,NINTEN,NidoranF,Blackbelt,8,Viridian City - Gym,3,1:16:00.36,1:16:00,1h16m0s,10,0,10,65,4:46,10.523,BODY SLAM,DOUBLE KICK,MIMIC,THUNDERBOLT,25,10001,952,178,7,818,775,383,19,118462,Flareon, ,Poison,Poison,276158,NidoranF2,NidoranF,,01:15:49.84,01:16:00.36,04:46:43.00,65,10,1,16,0,36,BODY SLAM,DOUBLE KICK,MIMIC,THUNDERBOLT,10,27,10,3,0,0,0,0,165,190,113,118,103,103,110,22839,30087,26955,28387,28387,42059,15,15,15,15,0,0,0,0,0,0,0,127,132,115,115,123,1034157,351247,595571,84317,3022,25,6,0,10001,8223,1272,506,952,185,178,7,2,0,45231,29542,2479,2479,765,51,292,0,0,0,0,0,58,0,37,0,0,5,37,5,0,0,0,0,0,0,0,0,0,0,10,4,20,4,0,0,48,12,12,6,0,0,0,438,276023,0,0,0,0,41,76,15,1,1,12,0,2,10,Flareon
4-25,14:55:11,NINTEN,NidoranF,Tamer,3,Viridian City - Gym,1,1:16:11.56,1:16:11,1h16m11s,10,0,10,65,4:47,6.714,BODY SLAM,DOUBLE KICK,MIMIC,THUNDERBOLT,25,10018,959,179,7,820,777,384,19,119412,Flareon, ,Poison,Poison,277401,NidoranF2,NidoranF,,01:16:04.84,01:16:11.56,04:47:27.13,65,10,1,16,11,56,BODY SLAM,DOUBLE KICK,MIMIC,THUNDERBOLT,10,25,10,3,0,0,0,0,151,190,113,118,103,103,110,22919,30172,27050,28417,28417,42084,15,15,15,15,0,0,0,0,0,0,0,127,132,115,115,123,1036810,351807,597664,84317,3022,25,6,0,10018,8240,1272,506,959,186,179,7,2,0,45364,29670,2493,2493,767,51,293,0,0,0,0,0,58,0,37,0,0,5,37,5,0,0,0,0,0,0,0,0,0,0,10,4,20,4,0,0,48,12,12,6,0,0,0,439,277266,0,0,0,0,41,76,15,1,1,12,0,2,10,Flareon
4-25,14:55:44,NINTEN,NidoranF,Jr Trainer F,23,Route 15,3,1:16:44.39,1:16:44,1h16m44s,10,0,10,65,4:49,9.835,BODY SLAM,DOUBLE KICK,MIMIC,THUNDERBOLT,25,10179,974,180,7,824,781,385,19,121132,Flareon, ,Poison,Poison,279437,NidoranF2,NidoranF,,01:16:34.56,01:16:44.39,04:49:36.29,65,10,1,16,44,39,BODY SLAM,DOUBLE KICK,MIMIC,THUNDERBOLT,6,25,10,3,0,0,0,0,149,190,113,118,103,103,110,23079,30352,27255,28662,28662,42214,15,15,15,15,0,0,0,0,0,0,0,127,132,115,115,123,1044566,356159,600498,84887,3022,25,6,0,10179,8401,1272,506,974,187,180,7,2,0,45838,29893,2495,2495,771,51,294,0,0,0,0,0,58,0,37,0,0,5,37,5,0,0,0,0,0,0,0,0,0,0,10,4,20,4,0,0,48,12,12,6,0,0,0,442,279302,0,0,0,0,41,76,15,1,1,12,0,2,10,Flareon
4-25,14:56:01,NINTEN,NidoranF,Bird Keeper,6,Route 15,4,1:17:01.17,1:17:01,1h17m1s,10,0,10,65,4:50,12.947,BODY SLAM,DOUBLE KICK,MIMIC,THUNDERBOLT,25,10194,975,181,7,828,785,385,19,121712,Flareon, ,Poison,Poison,281428,NidoranF2,NidoranF,,01:16:48.24,01:17:01.17,04:50:42.37,65,10,1,17,1,17,BODY SLAM,DOUBLE KICK,MIMIC,THUNDERBOLT,6,21,10,3,0,0,0,0,149,190,113,118,103,103,110,23269,30607,27450,28840,28840,42476,15,15,15,15,0,0,0,0,0,0,0,127,132,115,115,123,1048534,356549,604076,84887,3022,25,6,0,10194,8416,1272,506,975,188,181,7,2,0,46183,30150,2495,2495,775,51,294,0,0,0,0,0,58,0,37,0,0,5,37,5,0,0,0,0,0,0,0,0,0,0,10,4,20,4,0,0,48,12,12,6,0,0,0,446,281293,0,0,0,0,41,76,15,1,1,12,0,2,10,Flareon
4-25,14:56:13,NINTEN,NidoranF,Bird Keeper,7,Route 15,3,1:17:13.98,1:17:13,1h17m13s,10,0,10,65,4:51,9.501,BODY SLAM,DOUBLE KICK,MIMIC,THUNDERBOLT,25,10200,976,182,7,831,788,385,19,122362,Flareon, ,Poison,Poison,283528,NidoranF2,NidoranF,,01:17:04.48,01:17:13.98,04:51:33.01,65,10,1,17,13,98,BODY SLAM,DOUBLE KICK,MIMIC,THUNDERBOLT,6,21,10,0,0,0,0,0,149,190,113,118,103,103,110,23399,30887,27610,28970,28970,42726,15,15,15,15,0,0,0,0,0,0,0,127,132,115,115,123,1051558,356815,606834,84887,3022,25,6,0,10200,8422,1272,506,976,189,182,7,2,0,47773,30350,2495,2495,778,51,294,0,0,0,0,0,60,0,37,0,0,5,37,5,0,0,0,0,0,0,0,0,0,0,10,4,20,4,0,0,48,12,12,6,0,0,0,449,283393,0,0,0,0,41,76,15,1,1,12,0,2,10,Flareon
4-25,14:56:30,NINTEN,NidoranF,Jr Trainer F,20,Route 15,3,1:17:30.74,1:17:30,1h17m30s,10,0,10,65,4:52,8.425,BODY SLAM,DOUBLE KICK,MIMIC,THUNDERBOLT,25,10209,976,183,7,834,791,385,19,123062,Flareon, ,Poison,Poison,285256,NidoranF2,NidoranF,,01:17:22.33,01:17:30.74,04:52:39.03,65,10,1,17,30,74,BODY SLAM,DOUBLE KICK,MIMIC,THUNDERBOLT,12,30,10,10,0,0,0,0,149,190,113,118,103,103,110,23549,31052,27790,29205,29205,42826,15,15,15,15,0,0,0,0,0,0,0,127,132,115,115,123,1055520,357259,609333,85906,3022,25,6,0,10209,8431,1272,506,976,190,183,7,2,0,48188,30560,2495,2495,781,51,294,0,0,0,0,0,60,0,37,0,0,5,37,5,0,0,0,0,0,0,0,0,0,0,10,4,20,4,0,0,48,12,12,6,0,0,0,452,285121,0,0,0,0,41,76,15,1,1,12,0,2,10,Flareon
4-25,14:56:41,NINTEN,NidoranF,Beauty,10,Route 15,2,1:17:41.38,1:17:41,1h17m41s,10,0,10,66,4:53,6.979,BODY SLAM,DOUBLE KICK,MIMIC,THUNDERBOLT,25,10213,976,184,7,836,793,385,19,123622,Flareon, ,Poison,Poison,286529,NidoranF2,NidoranF,,01:17:34.39,01:17:41.38,04:53:20.55,66,10,1,17,41,38,BODY SLAM,DOUBLE KICK,MIMIC,THUNDERBOLT,10,30,10,10,0,0,0,0,152,193,115,121,105,105,113,23654,31163,27902,29350,29350,42931,15,15,15,15,0,0,0,0,0,0,0,129,136,118,118,127,1058032,357613,611491,85906,3022,25,6,0,10213,8435,1272,506,976,191,184,7,2,0,48466,30707,2495,2495,783,51,294,0,0,0,0,0,60,0,37,0,0,5,37,5,0,0,0,0,0,0,0,0,0,0,10,4,20,4,0,0,48,12,12,6,0,0,0,454,286394,0,0,0,0,41,76,15,1,1,12,0,2,10,Flareon
4-25,15:03:59,NINTEN,NidoranF,Giovanni,3,Viridian City - Gym,5,1:23:37.42,1:23:37,1h23m37s,19,0,19,66,4:57,36.089,BODY SLAM,DOUBLE KICK,MIMIC,THUNDERBOLT,26,10314,1000,185,7,853,810,396,19,125652,Flareon, ,Poison,Poison,296750,NidoranF2,NidoranF,Giovanni,01:23:01.34,01:23:37.42,04:57:17.42,66,19,1,23,37,42,BODY SLAM,DOUBLE KICK,MIMIC,THUNDERBOLT,8,27,3,15,0,0,0,0,1,193,115,121,105,105,113,24030,31617,28296,29680,29680,43367,15,15,15,15,0,0,0,0,0,0,6,258,274,235,235,253,1072245,361539,620918,86604,3184,26,7,0,10314,8536,1272,506,1000,192,185,7,2,0,49533,31467,2687,2687,793,60,297,0,0,0,0,0,62,0,38,0,0,5,37,5,0,0,0,0,0,0,0,0,0,0,10,4,20,4,0,0,48,12,12,6,0,0,0,459,296615,0,0,0,0,41,76,15,1,1,12,0,2,19,Flareon
4-25,15:04:54,NINTEN,NidoranF,Rival6-Route 22,9,Route 22,6,1:24:32.64,1:24:32,1h24m32s,19,0,19,67,5:00,27.603,BODY SLAM,DOUBLE KICK,MIMIC,THUNDERBOLT,27,10457,1025,186,7,865,822,402,20,131097,Flareon, ,Poison,Poison,306714,NidoranF2,NidoranF,Rival (Final),01:24:05.05,01:24:32.64,05:00:56.08,67,19,1,24,32,64,BODY SLAM,DOUBLE KICK,MIMIC,THUNDERBOLT,4,30,10,14,0,0,0,0,35,196,117,122,107,107,114,24370,32077,28851,30230,30230,43782,15,15,15,15,0,0,0,0,0,0,0,131,137,120,120,128,1085351,366817,628169,87181,3184,27,7,0,10457,8679,1272,506,1025,193,186,7,2,0,50505,32220,2848,2848,805,61,300,0,0,0,0,0,64,0,38,0,0,5,37,5,0,0,0,0,0,0,0,0,0,0,10,4,20,4,0,0,48,12,12,6,0,0,0,465,306579,0,0,0,0,41,76,15,1,1,12,0,2,19,Flareon
4-25,15:06:52,NINTEN,NidoranF,Cooltrainer F,5,Victory Road,2,1:26:30.94,1:26:30,1h26m30s,19,0,19,67,5:08,11.883,BODY SLAM,DOUBLE KICK,MIMIC,THUNDERBOLT,27,10851,1095,187,10,869,826,403,20,134542,Flareon, ,Poison,Poison,309786,NidoranF2,NidoranF,,01:26:19.05,01:26:30.94,05:08:44.11,67,19,1,26,30,94,BODY SLAM,DOUBLE KICK,MIMIC,THUNDERBOLT,12,29,10,15,0,0,0,0,187,196,117,122,107,107,114,24508,32223,28986,30395,30395,43997,15,15,15,15,0,0,0,0,0,0,0,131,137,120,120,128,1113434,383373,634042,92835,3184,27,7,0,10851,8907,1398,546,1095,197,187,10,5,0,50904,32585,2857,2857,809,61,301,0,0,0,0,0,65,0,38,0,0,5,38,5,0,0,0,0,0,0,0,0,0,0,10,4,20,4,0,0,48,12,12,6,0,0,0,467,309651,0,0,0,0,44,76,15,1,1,12,0,2,19,Flareon
4-25,15:07:12,NINTEN,NidoranF,Cooltrainer M,5,Victory Road,4,1:26:50.27,1:26:50,1h26m50s,19,0,19,68,5:10,15.373,BODY SLAM,DOUBLE KICK,MIMIC,THUNDERBOLT,27,10866,1100,188,10,875,832,405,20,136082,Flareon, ,Poison,Poison,315501,NidoranF2,NidoranF,,01:26:34.90,01:26:50.27,05:10:00.32,68,19,1,26,50,27,BODY SLAM,DOUBLE KICK,MIMIC,THUNDERBOLT,10,29,10,11,0,0,0,0,190,199,119,125,109,109,116,24763,32496,29265,30690,30690,44295,15,15,15,15,0,-1,0,0,0,0,0,133,92,122,122,130,1118015,383889,638107,92835,3184,27,7,0,10866,8907,1413,546,1100,198,188,10,5,0,51627,33033,2857,2857,815,61,302,0,0,0,0,0,65,0,38,0,0,5,38,5,0,0,0,0,0,0,0,0,0,0,10,4,20,4,0,0,48,12,12,6,0,0,0,471,315366,0,0,0,0,44,76,15,1,1,12,0,2,19,Flareon
4-25,15:07:43,NINTEN,NidoranF,Blackbelt,9,Victory Road,3,1:27:21.29,1:27:21,1h27m21s,19,0,19,68,5:12,15.267,BODY SLAM,DOUBLE KICK,MIMIC,THUNDERBOLT,27,10910,1112,189,10,880,837,407,20,137552,Flareon, ,Poison,Poison,318999,NidoranF2,NidoranF,,01:27:06.02,01:27:21.29,05:12:03.06,68,19,1,27,21,29,BODY SLAM,DOUBLE KICK,MIMIC,THUNDERBOLT,10,27,10,8,0,0,0,0,163,199,119,125,109,109,116,24993,32776,29455,30825,30825,44420,15,15,15,15,0,0,0,0,0,0,0,133,140,122,122,130,1125369,385762,642598,93825,3184,27,7,0,10910,8907,1457,546,1112,199,189,10,5,0,52140,33409,2884,2884,820,61,303,0,0,0,0,0,65,0,39,0,0,5,38,5,0,0,0,0,0,0,0,0,0,0,10,4,20,4,0,0,48,12,12,6,0,0,0,474,318864,0,0,0,0,44,76,15,1,1,12,0,2,19,Flareon
4-25,15:08:01,NINTEN,NidoranF,Juggler,2,Victory Road,4,1:27:39.33,1:27:39,1h27m39s,19,0,19,68,5:13,13.531,BODY SLAM,DOUBLE KICK,MIMIC,THUNDERBOLT,27,10925,1117,190,10,885,842,407,20,138627,Flareon, ,Poison,Poison,323889,NidoranF2,NidoranF,,01:27:25.81,01:27:39.33,05:13:14.03,68,19,1,27,39,33,BODY SLAM,DOUBLE KICK,MIMIC,THUNDERBOLT,5,27,10,8,0,0,0,0,163,199,119,125,109,109,116,25218,32967,29630,31270,31270,44739,15,15,15,15,0,0,0,0,0,0,0,133,140,122,122,130,1129626,386323,646294,93825,3184,27,7,0,10925,8907,1472,546,1117,200,190,10,5,0,52799,33822,2884,2884,825,61,303,0,0,0,0,0,65,0,39,0,0,5,39,5,0,0,0,0,0,0,0,0,0,0,10,4,20,4,0,0,48,12,12,6,0,0,0,478,323754,0,0,0,0,44,76,15,1,1,12,0,2,19,Flareon
4-25,15:08:13,NINTEN,NidoranF,Tamer,5,Victory Road,2,1:27:51.75,1:27:51,1h27m51s,19,0,19,68,5:14,8.108,BODY SLAM,DOUBLE KICK,MIMIC,THUNDERBOLT,27,10954,1117,191,10,887,844,407,20,140062,Flareon, ,Poison,Poison,326923,NidoranF2,NidoranF,,01:27:43.64,01:27:51.75,05:14:03.00,68,19,1,27,51,75,BODY SLAM,DOUBLE KICK,MIMIC,THUNDERBOLT,5,26,10,7,0,0,0,0,163,199,119,125,109,109,116,25363,33119,29768,31415,31415,44939,15,15,15,15,0,0,0,0,0,0,0,133,140,122,122,130,1132563,386839,648715,93825,3184,27,7,0,10954,8907,1501,546,1117,201,191,10,5,0,53096,34071,2884,2884,827,61,303,0,0,0,0,0,65,0,39,0,0,5,39,5,0,0,0,0,0,0,0,0,0,0,10,4,20,4,0,0,48,12,12,6,0,0,0,480,326788,0,0,0,0,44,76,15,1,1,12,0,2,19,Flareon
4-25,15:08:37,NINTEN,NidoranF,Cooltrainer M,2,Victory Road,3,1:28:15.28,1:28:15,1h28m15s,19,0,19,69,5:15,16.783,BODY SLAM,DOUBLE KICK,MIMIC,THUNDERBOLT,28,10970,1119,192,10,894,849,410,20,141822,Flareon, ,Poison,Poison,332708,NidoranF2,NidoranF,,01:27:58.50,01:28:15.28,05:15:35.52,69,19,1,28,15,28,BODY SLAM,DOUBLE KICK,MIMIC,THUNDERBOLT,2,25,10,6,0,0,0,0,152,203,121,127,111,111,118,25598,33419,30113,31705,31705,45159,15,15,15,15,0,-1,0,0,0,0,0,153,93,139,139,148,1138135,387390,653195,94366,3184,28,7,0,10970,8907,1517,546,1119,202,192,10,5,0,53526,34451,2899,2899,832,61,306,0,0,0,0,0,65,0,39,0,0,5,40,5,0,0,0,0,0,0,0,0,0,0,10,4,20,4,0,0,51,13,13,6,0,0,0,483,332573,0,0,0,0,44,76,15,1,1,12,0,2,19,Flareon
4-25,15:09:28,NINTEN,NidoranF,Cooltrainer F,3,Victory Road,3,1:29:06.85,1:29:06,1h29m6s,19,0,19,69,5:19,15.485,BODY SLAM,DOUBLE KICK,MIMIC,THUNDERBOLT,29,11107,1164,193,10,900,855,412,19,143327,Flareon, ,Poison,Poison,337857,NidoranF2,NidoranF,,01:28:51.36,01:29:06.85,05:19:00.08,69,19,1,29,6,85,BODY SLAM,DOUBLE KICK,MIMIC,THUNDERBOLT,0,23,10,4,0,0,0,0,183,203,121,127,111,111,118,25998,33589,30278,31985,31985,45309,15,15,15,15,0,0,0,0,0,0,0,136,142,124,124,132,1150392,392988,657727,96493,3184,29,7,0,11107,8907,1654,546,1164,203,193,10,5,0,54236,35111,2918,2918,837,62,307,0,0,0,0,0,65,0,39,0,0,5,40,5,0,0,0,0,0,0,0,0,0,0,10,4,20,4,0,0,51,13,13,6,0,0,0,486,337722,0,0,0,0,44,76,15,1,1,12,0,2,19,Flareon
4-25,15:09:52,NINTEN,NidoranF,Cooltrainer M,3,Victory Road,3,1:29:30.64,1:29:30,1h29m30s,19,0,19,69,5:20,15.357,BODY SLAM,DOUBLE KICK,MIMIC,THUNDERBOLT,30,11141,1172,194,10,905,860,413,19,144832,Flareon, ,Poison,Poison,343577,NidoranF2,NidoranF,,01:29:15.28,01:29:30.64,05:20:34.20,69,19,1,29,30,64,BODY SLAM,DOUBLE KICK,MIMIC,THUNDERBOLT,0,22,9,1,0,0,0,0,166,203,121,127,111,111,118,26212,33872,30558,32240,32240,45562,15,15,15,15,0,0,0,0,0,0,0,136,142,124,124,132,1156043,393974,661875,97010,3184,30,7,0,11141,8907,1688,546,1172,204,194,10,5,0,54768,35473,2935,2935,842,62,308,0,0,0,0,0,65,0,39,0,0,5,40,5,0,0,0,0,0,0,0,0,0,0,10,4,20,4,0,0,51,13,13,6,0,0,0,489,343442,0,0,0,0,44,76,15,1,1,12,0,2,19,Flareon
4-25,15:11:58,NINTEN,NidoranF,Lorelei,1,Lorelei's Room,5,1:31:36.97,1:31:36,1h31m36s,19,0,19,82,5:28,19.381,BODY SLAM,DOUBLE KICK,MIMIC,THUNDERBOLT,31,11467,1211,195,13,915,870,415,18,131337,Flareon, ,Poison,Poison,579350,NidoranF2,NidoranF,Lorelei,01:31:17.59,01:31:36.97,05:28:50.34,82,19,1,31,36,97,BODY SLAM,DOUBLE KICK,MIMIC,THUNDERBOLT,14,30,10,9,0,0,0,0,168,239,144,150,132,132,140,26777,34502,31358,32795,32795,45962,15,15,15,15,0,0,0,0,0,0,0,162,168,148,148,157,1185817,404878,671634,106121,3184,31,7,0,11467,9113,1808,546,1211,208,195,13,5,0,56349,36598,3074,3074,852,62,310,0,0,0,0,0,66,0,39,0,0,5,40,5,0,0,0,0,0,0,0,0,0,0,10,4,20,4,0,0,51,13,13,6,0,0,0,497,355734,0,0,0,0,44,81,15,1,1,12,0,2,19,Flareon
4-25,15:12:39,NINTEN,NidoranF,Bruno,1,Bruno's Room,5,1:32:17.33,1:32:17,1h32m17s,19,0,19,82,5:31,23.497,BODY SLAM,DOUBLE KICK,MIMIC,THUNDERBOLT,32,11478,1214,196,13,924,879,418,17,136881,Flareon, ,Poison,Poison,587557,NidoranF2,NidoranF,Bruno,01:31:53.83,01:32:17.33,05:31:29.37,82,19,1,32,17,33,BODY SLAM,DOUBLE KICK,MIMIC,THUNDERBOLT,11,26,10,13,0,0,0,2,151,239,144,150,132,132,140,27037,34947,31890,32990,32990,46320,15,15,15,15,0,-2,0,0,0,0,0,182,84,166,166,176,1195360,405873,677696,108607,3184,32,7,0,11478,9124,1808,546,1214,209,196,13,5,0,57121,37257,3162,3162,861,62,313,0,0,0,0,0,66,0,39,0,0,5,40,5,0,0,0,0,0,0,0,0,0,0,10,4,20,4,0,0,51,13,13,6,0,0,0,502,363941,0,0,0,0,44,81,15,1,1,12,0,2,19,Flareon
4-25,15:15:05,NINTEN,NidoranF,Agatha,1,Agatha's Room,5,1:34:43.51,1:34:43,1h34m43s,21,0,21,83,5:34,36.357,BODY SLAM,DOUBLE KICK,MIMIC,THUNDERBOLT,33,11489,1215,197,13,939,893,427,17,142623,Flareon, ,Poison,Poison,597643,NidoranF2,NidoranF,Agatha,01:34:07.16,01:34:43.51,05:34:56.59,83,21,1,34,43,51,BODY SLAM,DOUBLE KICK,MIMIC,THUNDERBOLT,15,30,8,9,0,0,0,2,174,243,146,152,133,133,142,27337,35292,32194,33505,33505,46805,15,15,15,15,0,0,0,0,0,0,0,164,171,149,149,159,1207807,406889,686819,110752,3347,33,8,0,11489,9135,1808,546,1215,210,197,13,5,0,58033,37917,3306,3172,874,64,318,0,0,0,0,0,66,0,40,0,0,5,40,5,0,0,0,0,0,0,0,0,0,0,10,4,20,4,0,0,51,13,13,6,0,0,0,507,374027,0,0,0,0,44,81,15,1,1,12,0,2,21,Flareon
4-25,15:16:17,NINTEN,NidoranF,Lance,1,Lance's Room,5,1:35:55.57,1:35:55,1h35m55s,22,0,22,83,5:37,21.429,BODY SLAM,DOUBLE KICK,MIMIC,THUNDERBOLT,34,11539,1216,198,13,946,900,430,17,148563,Flareon, ,Poison,Poison,609249,NidoranF2,NidoranF,Lance,01:35:34.14,01:35:55.57,05:37:31.07,83,22,1,35,55,57,BODY SLAM,DOUBLE KICK,MIMIC,THUNDERBOLT,13,30,6,18,0,0,0,2,116,243,146,152,133,133,142,27725,35824,32563,33905,33905,47236,15,15,15,15,0,0,0,0,0,0,0,164,171,149,149,159,1217060,408720,692682,112156,3502,34,9,0,11539,9185,1808,546,1216,211,198,13,5,0,59192,38759,3433,3299,881,64,321,0,0,0,0,0,66,0,40,0,0,5,40,5,0,0,0,0,0,0,0,0,0,0,10,4,20,4,0,0,51,13,13,6,0,0,0,512,385633,0,0,0,0,44,81,15,1,1,12,0,2,22,Flareon
4-25,15:21:25,NINTEN,NidoranF,Champion,2,Champions Room,6,1:40:23.25,1:40:23,1h40m23s,26,0,26,84,5:46,89.016,DOUBLE-EDGE,BLIZZARD,REST,THUNDERBOLT,37,11547,1216,199,13,974,911,452,14,154701,Flareon, ,Poison,Poison,624100,NidoranF2,NidoranF,Champion,01:38:54.23,01:40:23.25,05:46:52.00,84,26,1,40,23,25,DOUBLE-EDGE,BLIZZARD,REST,THUNDERBOLT,11,1,8,20,0,0,0,2,76,246,148,155,136,136,144,28115,36354,33138,34535,34535,47681,15,15,15,15,0,0,0,0,0,0,0,166,174,153,153,162,1250723,410622,714459,121831,3811,37,11,0,11547,9193,1808,546,1216,212,199,13,5,0,60428,39726,3992,3858,889,66,339,0,0,0,0,0,67,0,42,0,0,5,40,5,0,0,0,0,0,0,0,0,0,0,10,4,20,4,0,0,51,13,26,6,0,0,0,518,400484,0,0,0,0,44,81,15,1,1,15,0,2,26,Flareon
4-26,09:16:54,NINTEN,NidoranF,Champion,2,Hall of Fame,6,1:28:57.97,1:28:57,1h28m57s,4,1,5,82,5:46,68.089,DOUBLE-EDGE,THUNDERBOLT,REST,BLIZZARD,39,10931,1139,205,12,943,901,413,14,161637,Flareon, ,Poison,Poison,583692,NidoranF5,NidoranF,Champion,01:28:12.39,01:28:57.97,05:46:15.49,82,4,1,28,57,97,DOUBLE-EDGE,THUNDERBOLT,REST,BLIZZARD,12,10,9,5,0,0,0,3,241,241,148,151,132,132,142,28732,42007,33569,35462,35462,50817,15,15,15,15,0,0,0,0,0,0,0,166,169,148,148,159,1248535,405706,710525,129689,2616,39,4,0,10931,8264,2252,415,1139,217,205,12,5,0,60904,40260,2653,2639,885,60,294,0,0,0,0,0,65,0,34,0,0,7,27,4,0,0,1,0,0,0,0,0,0,0,13,9,9,2,0,0,27,5,7,7,0,0,1,527,403839,0,0,0,0,52,75,21,1,1,14,1,5,5,Flareon
