date_string,time_string,player_name,pokemon,trainer_name,trainer_id,location,total_pokemon,real_time_total,real_time_hmmss,real_time_file_label,resets,blackouts,failures,level,game_time,battle_duration,move1,move2,move3,move4,move1pp,move2pp,move3pp,move4pp,move1ppUp,move2ppUp,move3ppUp,move4ppUp,saves,steps,bonks,trainerBattles,wildBattles,battleTurns,playerTurns,enemyTurns,itemsInBag,money,rivalTeam,statusCondition,type1,type2,experience,ROM,Species,Trainer,Start Time,Real Time,Game Time,Level,Resets,RTHours,RTMinutes,RTSeconds,RTMilliseconds,Move 1,Move 2,Move 3,Move 4,Hp,Max HP,Attack,Defense,Sp. Attack,Sp. Defense,Speed,Attack DV,Defense DV,Speed DV,Special DV,StatExp HP,StatExp Attack,StatExp Def,StatExp Sp. Attack,StatExp Sp. Defense,StatExp Speed,Attack Stage,Defense Stage,Sp. Attack Stage,Sp. Defense Stage,Speed Stage,Accuracy Stage,Evasion Stage,Battle Attack,Battle Defense,Battle Sp. Attack,Battle Sp. Defense,Battle Speed,Frame Count,Overworld Frame Count,Battle Frame Count,Menu Frame Count,Intro Frame Count,Save Count,Reload Count,Clock Reset Count,Steps Count,Steps Count Walk,Steps Count Bike,Steps Count Surf,Bonks,Battles,Trainer Battles,Wild Battles,Battles Fled,Failed Runs,Total Damage Dealt,Actual Damage Dealt,Total Damage Taken,Actual Damage Taken,Own Moves Hit,Own Moves Missed,Enemy Moves Hit,Enemy Moves Missed,Own Moves Super Effective,Own Moves Not Very Effective,Enemy Moves Super Effective,Enemy Moves Not Very Effective,Criticals Dealt,OHKOs Dealt,Criticals Taken,OHKOs Taken,Was Confused,Enemy Became Confused,Was Paralyzed,Enemy Was Paralyzed,Was Burned,Enemy Was Burned,Was Frozen,Enemy Was Frozen,Was Poisoned,Enemy Was Poisoned,Was Badly Poisoned,Enemy Was Badly Poisoned,Fell Asleep,Enemy Fell Asleep,Player Turns Confused,Player Turns Confused Hit Self,Player Turns Paralyzed,Player Turns Paralyzed Fully,Enemy Turns Confused,Enemy Turns Confused Hit Self,Enemy Turns Paralyzed,Enemy Turns Paralyzed Fully, Player Turns Asleep, Enemy Turns Asleep,Player HP Healed,Enemy HP Healed,Player Pokemon Fainted,Enemy Pokemon Fainted,Experience Gained,Switchouts,Money Made,Money Spent,Money Lost,Items Picked Up,Items Bought,Items Sold,Balls Thrown,Pokemon Caught In Balls,Moves Learnt,Blackouts,Attempt Number,Failures, Rival's Team
4-26,07:48:20,NINTEN,NidoranF,Rival1-Lab,1,Pallet Town - Oak's Lab,1,46.76,46,0h0m46s,0,0,0,6,0:02,12.855,GROWL,TACKLE,,,0,71,1,1,1,6,6,6,0,3000,Jolteon, ,Poison,Poison,232,NidoranF5,NidoranF,Rival (Lab),00:00:33.91,00:00:46.76,00:02:31.50,6,0,0,0,46,76,GROWL,TACKLE,,,39,30,0,0,0,0,0,0,11,24,12,13,11,11,11,55,55,50,65,65,55,15,15,15,15,0,-1,0,0,0,0,0,12,8,11,11,11,11075,4786,4296,0,1993,0,0,0,71,71,0,0,1,2,1,1,0,0,21,21,13,13,6,2,4,0,0,0,0,0,1,0,1,0,0,0,0,0,0,0,0,0,0,0,0,0,0,0,0,0,0,0,0,0,0,0,0,0,0,0,0,1,97,0,0,0,0,0,0,0,0,0,0,0,5,0,Jolteon
4-26,07:50:19,NINTEN,NidoranF,Bug Catcher,2,Viridian Forest,3,2:45.74,2:45,0h2m45s,0,0,0,9,0:10,47.945,SCRATCH,GROWL,TACKLE,,0,540,38,2,2,36,36,35,3,75,Flareon, ,Poison,Poison,481,NidoranF5,NidoranF,,00:01:57.81,00:02:45.74,00:10:22.54,9,0,0,2,45,74,SCRATCH,GROWL,TACKLE,,22,40,18,0,0,0,0,0,26,31,16,17,15,15,15,200,125,195,135,135,160,15,15,15,15,0,0,0,0,-2,0,0,16,17,15,15,7,39339,20226,17120,0,1993,0,0,0,540,540,0,0,38,4,2,2,0,0,93,87,18,18,35,3,8,0,0,0,0,0,1,0,2,0,0,0,0,0,0,0,0,0,0,0,0,0,0,0,0,0,0,0,0,0,0,0,0,0,0,0,0,4,346,0,0,0,0,0,13,0,0,0,1,0,5,0,Flareon
4-26,07:50:48,NINTEN,NidoranF,Bug Catcher,15,Viridian Forest,2,3:14.79,3:14,0h3m14s,0,0,0,10,0:12,23.352,SCRATCH,GROWL,TACKLE,,0,575,39,3,2,49,49,47,3,135,Flareon, ,Poison,Poison,694,NidoranF5,NidoranF,,00:02:51.44,00:03:14.79,00:12:18.02,10,0,0,3,14,79,SCRATCH,GROWL,TACKLE,,9,40,18,0,0,0,0,0,19,34,17,18,16,16,16,295,175,285,180,180,235,15,15,15,15,0,0,0,0,-2,0,0,17,18,16,16,8,46247,21127,23127,0,1993,0,0,0,575,575,0,0,39,5,3,2,0,0,149,140,28,28,48,4,14,0,0,0,0,0,2,0,2,0,0,0,0,0,0,0,0,0,0,0,0,0,0,0,0,0,0,0,0,0,0,0,0,0,0,0,0,6,559,0,0,0,0,1,13,0,0,0,1,0,5,0,Flareon
4-26,07:51:05,NINTEN,NidoranF,Bug Catcher,3,Viridian Forest,1,3:31.26,3:31,0h3m31s,0,0,0,11,0:13,10.919,SCRATCH,GROWL,TACKLE,,0,623,40,4,2,54,54,52,3,215,Flareon, ,Poison,Poison,806,NidoranF5,NidoranF,,00:03:20.34,00:03:31.26,00:13:23.11,11,0,0,3,31,26,SCRATCH,GROWL,TACKLE,,4,40,18,0,0,0,0,0,12,36,18,20,17,17,17,340,205,320,200,200,280,15,15,15,15,0,0,0,0,-1,0,0,18,20,17,17,11,50156,22037,26126,0,1993,0,0,0,623,623,0,0,40,6,4,2,0,0,183,170,37,37,53,5,18,0,0,0,0,0,2,0,2,0,0,0,0,0,0,0,0,0,0,0,0,0,0,0,0,0,0,0,0,0,0,0,0,0,0,0,0,7,671,0,0,0,0,1,13,0,0,0,1,0,5,0,Flareon
4-26,07:51:41,NINTEN,NidoranF,Jr Trainer M,1,Pewter City - Gym,2,4:07.93,4:07,0h4m7s,0,0,0,12,0:15,20.065,SCRATCH,GROWL,TACKLE,DOUBLE KICK,0,739,43,5,2,64,64,61,3,315,Flareon, ,Poison,Poison,1140,NidoranF5,NidoranF,,00:03:47.88,00:04:07.93,00:15:48.03,12,0,0,4,7,93,SCRATCH,GROWL,TACKLE,DOUBLE KICK,26,39,35,30,0,0,0,0,7,39,20,21,18,18,19,400,335,430,275,275,415,15,15,15,15,0,0,0,0,0,0,0,20,21,18,18,19,58848,25431,31424,0,1993,0,0,0,739,739,0,0,43,7,5,2,0,0,237,221,69,69,63,5,27,0,0,0,0,0,2,0,3,0,0,0,0,0,0,0,0,0,0,0,0,0,0,0,0,0,0,0,0,0,0,0,0,0,0,0,0,9,1005,0,0,0,0,1,13,0,0,0,1,0,5,0,Flareon
4-26,07:52:13,NINTEN,NidoranF,Brock,1,Pewter City - Gym,2,4:39.33,4:39,0h4m39s,0,0,0,13,0:17,23.385,SCRATCH,GROWL,TACKLE,DOUBLE KICK,0,743,43,6,2,78,71,68,3,495,Flareon, ,Poison,Poison,1600,NidoranF5,NidoranF,Brock,00:04:15.95,00:04:39.33,00:17:52.07,13,0,0,4,39,33,SCRATCH,GROWL,TACKLE,DOUBLE KICK,26,39,35,23,0,0,0,0,7,41,21,23,19,19,20,475,460,690,335,335,505,15,15,15,15,0,0,0,0,0,0,0,21,23,19,19,20,66292,25990,37590,719,1993,0,0,0,743,743,0,0,43,8,6,2,0,0,305,282,103,103,70,6,32,0,0,0,0,0,2,0,5,0,0,0,0,0,0,0,0,0,0,0,0,0,0,0,0,0,0,0,0,0,0,0,0,0,0,0,0,11,1465,0,0,0,0,1,13,0,0,0,2,0,5,0,Flareon
4-26,07:52:52,NINTEN,NidoranF,Bug Catcher,4,Route 3,3,5:18.58,5:18,0h5m18s,0,0,0,14,0:20,19.162,SCRATCH,GROWL,TACKLE,DOUBLE KICK,0,856,46,7,2,86,79,76,4,1683,Flareon, ,Poison,Poison,1935,NidoranF5,NidoranF,,00:04:59.41,00:05:18.58,00:20:27.20,14,0,0,5,18,58,SCRATCH,GROWL,TACKLE,DOUBLE KICK,27,40,35,30,0,0,0,0,31,44,23,24,20,20,21,605,555,790,395,395,645,15,15,15,15,0,0,0,0,-4,0,0,34,24,20,20,6,75605,29750,43143,719,1993,0,0,0,856,856,0,0,46,9,7,2,0,0,406,371,116,116,78,6,40,0,0,0,0,0,2,0,6,0,0,0,0,0,0,0,0,0,0,0,0,0,0,0,0,0,0,0,0,0,0,0,0,0,0,0,0,14,1800,0,0,0,0,1,13,0,0,0,2,0,5,0,Flareon
4-26,07:53:07,NINTEN,NidoranF,Youngster Ben,1,Route 3,2,5:33.62,5:33,0h5m33s,0,0,0,15,0:21,11.881,SCRATCH,GROWL,TACKLE,DOUBLE KICK,0,860,47,8,2,90,83,79,4,1783,Flareon, ,Poison,Poison,2213,NidoranF5,NidoranF,,00:05:21.73,00:05:33.62,00:21:26.43,15,0,0,5,33,62,SCRATCH,GROWL,TACKLE,DOUBLE KICK,24,40,35,29,0,0,0,0,27,46,24,26,22,22,22,670,671,869,460,460,772,15,15,15,15,0,-2,0,0,0,0,0,33,13,22,22,22,79168,29983,46473,719,1993,0,0,0,860,860,0,0,47,10,8,2,0,0,475,430,122,122,82,6,43,0,0,0,0,0,2,0,6,0,0,0,0,0,0,0,0,0,0,0,0,0,0,0,0,0,0,0,0,0,0,0,0,0,0,0,0,16,2078,0,0,0,0,1,13,0,0,0,2,0,5,0,Flareon
4-26,07:53:40,NINTEN,NidoranF,Bug Catcher,5,Route 3,4,6:07.00,6:07,0h6m7s,0,0,0,16,0:23,28.165,SCRATCH,GROWL,TACKLE,DOUBLE KICK,0,866,48,9,2,104,97,92,4,1948,Flareon, ,Poison,Poison,2688,NidoranF5,NidoranF,,00:05:38.83,00:06:07.00,00:23:38.38,16,0,0,6,7,0,SCRATCH,GROWL,TACKLE,DOUBLE KICK,10,40,35,29,0,0,0,0,48,49,25,27,23,23,24,850,781,1039,550,550,932,15,15,15,15,0,0,0,0,-3,0,0,28,27,23,23,9,87083,30264,53675,1151,1993,0,0,0,866,866,0,0,48,11,9,2,0,0,601,542,123,123,96,6,47,0,0,0,0,0,2,0,6,0,0,0,0,0,0,0,0,0,0,0,0,0,0,0,0,0,0,0,0,0,0,0,0,0,0,0,0,20,2553,0,0,0,0,1,13,0,0,0,2,0,5,0,Flareon
4-26,07:53:56,NINTEN,NidoranF,Lass,2,Route 3,2,6:22.80,6:22,0h6m22s,0,0,0,16,0:24,10.363,SCRATCH,GROWL,TACKLE,DOUBLE KICK,0,873,49,10,2,108,101,94,4,2038,Flareon, ,Poison,Poison,2936,NidoranF5,NidoranF,,00:06:12.43,00:06:22.80,00:24:40.58,16,0,0,6,22,80,SCRATCH,GROWL,TACKLE,DOUBLE KICK,8,40,34,28,0,0,0,0,48,49,25,27,23,23,24,926,894,1114,615,615,1054,15,15,15,15,0,-2,0,0,0,0,0,34,13,23,23,24,90823,30665,57014,1151,1993,0,0,0,873,873,0,0,49,12,10,2,0,0,674,599,123,123,100,6,49,0,0,0,0,0,3,0,6,0,0,0,0,0,0,0,0,0,0,0,0,0,0,0,0,0,0,0,0,0,0,0,0,0,0,0,0,22,2801,0,0,0,0,1,13,0,0,0,2,0,5,0,Flareon
4-26,07:54:19,NINTEN,NidoranF,Bug Catcher,6,Route 3,2,6:45.02,6:45,0h6m45s,0,0,0,17,0:26,19.146,SCRATCH,GROWL,TACKLE,DOUBLE KICK,0,876,49,11,2,117,110,101,4,2188,Flareon, ,Poison,Poison,3229,NidoranF5,NidoranF,,00:06:25.87,00:06:45.02,00:26:08.54,17,0,0,6,45,2,SCRATCH,GROWL,TACKLE,DOUBLE KICK,0,40,33,28,0,0,0,0,48,52,27,29,24,24,25,1021,944,1204,660,660,1129,15,15,15,15,0,0,0,0,0,0,0,30,29,24,24,25,96099,30903,62052,1151,1993,0,0,0,876,876,0,0,49,13,11,2,0,0,754,664,126,126,109,7,50,0,0,0,0,0,4,0,6,0,0,0,0,0,0,0,0,0,0,0,0,0,0,0,0,0,0,0,0,0,0,0,0,0,0,0,0,24,3094,0,0,0,0,1,13,0,0,0,2,0,5,0,Flareon
4-26,07:54:30,NINTEN,NidoranF,Lass,3,Route 3,1,6:56.47,6:56,0h6m56s,0,0,0,17,0:26,6.363,SCRATCH,GROWL,TACKLE,DOUBLE KICK,0,887,52,12,2,119,112,102,4,2298,Flareon, ,Poison,Poison,3457,NidoranF5,NidoranF,,00:06:50.10,00:06:56.47,00:26:54.00,17,0,0,6,56,47,SCRATCH,GROWL,TACKLE,DOUBLE KICK,0,40,33,26,0,0,0,0,48,52,27,29,24,24,25,1136,989,1224,685,685,1149,15,15,15,15,0,0,0,0,0,0,0,30,29,24,24,25,98805,31251,64410,1151,1993,0,0,0,887,887,0,0,52,14,12,2,0,0,831,722,126,126,111,7,51,0,0,0,0,0,4,0,6,0,0,0,0,0,0,0,0,0,0,0,0,0,0,0,0,0,0,0,0,0,0,0,0,0,0,0,0,25,3322,0,0,0,0,1,13,0,0,0,2,0,5,0,Flareon
4-26,07:54:51,NINTEN,NidoranF,Lass,6,Mt Moon - 1,1,7:17.19,7:17,0h7m17s,0,0,0,17,0:28,6.933,SCRATCH,GROWL,TACKLE,DOUBLE KICK,0,983,60,13,2,121,114,103,4,2508,Flareon, ,Poison,Poison,3661,NidoranF5,NidoranF,,00:07:10.25,00:07:17.19,00:28:15.45,17,0,0,7,17,19,SCRATCH,GROWL,TACKLE,DOUBLE KICK,35,40,35,28,0,0,0,0,52,52,27,29,24,24,25,1206,1034,1272,745,745,1184,15,15,15,15,-1,0,0,0,0,0,0,19,29,24,24,25,103710,34126,66440,1151,1993,0,0,0,983,983,0,0,60,15,13,2,0,0,885,767,126,126,113,7,52,0,0,0,0,0,4,0,6,0,0,0,0,0,0,0,0,0,0,0,0,0,0,0,0,0,0,0,0,0,0,0,0,0,0,0,0,26,3526,0,0,0,0,1,13,0,0,0,2,0,5,0,Flareon
4-26,07:55:09,NINTEN,NidoranF,Super Nerd,1,Mt Moon - 1,2,7:35.30,7:35,0h7m35s,0,0,0,18,0:29,13.37,SCRATCH,GROWL,TACKLE,DOUBLE KICK,0,1017,61,14,2,126,119,107,4,2718,Flareon, ,Poison,Poison,4110,NidoranF5,NidoranF,,00:07:21.92,00:07:35.30,00:29:27.21,18,0,0,7,35,30,SCRATCH,GROWL,TACKLE,DOUBLE KICK,35,40,35,23,0,0,0,0,42,54,28,30,26,26,26,1271,1099,1392,895,895,1329,15,15,15,15,0,0,0,0,0,0,0,31,30,26,26,26,108006,34847,70015,1151,1993,0,0,0,1017,1017,0,0,61,16,14,2,0,0,954,826,138,138,118,8,55,0,0,0,0,0,4,0,8,0,0,0,0,0,0,0,0,0,0,0,0,0,0,0,0,0,0,0,0,0,0,0,0,0,0,0,0,28,3975,0,0,0,0,1,13,0,0,0,2,0,5,0,Flareon
4-26,07:55:30,NINTEN,NidoranF,Bug Catcher,8,Mt Moon - 1,3,7:56.27,7:56,0h7m56s,0,0,0,18,0:30,14.642,SCRATCH,GROWL,TACKLE,DOUBLE KICK,0,1037,62,15,2,133,126,111,5,2993,Flareon, ,Poison,Poison,4487,NidoranF5,NidoranF,,00:07:41.62,00:07:56.27,00:30:50.06,18,0,0,7,56,27,SCRATCH,GROWL,TACKLE,DOUBLE KICK,28,40,35,23,0,0,0,0,38,54,28,30,26,26,26,1411,1179,1517,960,960,1449,15,15,15,15,0,0,0,0,0,0,0,31,30,26,26,26,112971,35603,74224,1151,1993,0,0,0,1037,1037,0,0,62,17,15,2,0,0,1075,917,142,142,125,8,57,0,0,0,0,0,6,0,8,0,0,0,0,0,0,0,0,0,0,0,0,0,0,0,0,0,0,0,0,0,0,0,0,0,0,0,0,31,4352,0,0,0,0,2,13,0,0,0,2,0,5,0,Flareon
4-26,07:55:55,NINTEN,NidoranF,Rocket,3,Mt Moon - 3,2,8:21.40,8:21,0h8m21s,0,0,0,19,0:32,17.525,SCRATCH,GROWL,TACKLE,DOUBLE KICK,0,1097,62,16,2,141,132,116,5,3093,Flareon, ,Poison,Poison,4784,NidoranF5,NidoranF,,00:08:03.87,00:08:21.40,00:32:29.22,19,0,0,8,21,40,SCRATCH,GROWL,TACKLE,DOUBLE KICK,22,40,35,23,0,0,0,0,16,57,30,32,27,27,27,1486,1284,1596,1040,1040,1559,15,15,15,15,0,0,0,0,0,0,0,33,32,27,27,27,118927,36985,78798,1151,1993,0,0,0,1097,1097,0,0,62,18,16,2,0,0,1158,986,167,167,131,8,62,0,0,0,0,0,6,0,9,0,0,1,0,0,0,0,0,0,0,0,0,0,0,0,3,1,0,0,0,0,0,0,0,0,0,0,0,33,4649,0,0,0,0,2,13,0,0,0,2,0,5,0,Flareon
4-26,07:56:18,NINTEN,NidoranF,Youngster,3,Mt Moon - 1,3,8:44.37,8:44,0h8m44s,0,0,0,19,0:33,11.543,SCRATCH,GROWL,TACKLE,DOUBLE KICK,0,1130,62,17,2,145,136,118,6,3453,Flareon, ,Poison,Poison,5141,NidoranF5,NidoranF,,00:08:32.84,00:08:44.37,00:33:59.23,19,0,0,8,44,37,SCRATCH,GROWL,TACKLE,DOUBLE KICK,20,40,35,21,0,0,0,0,51,57,30,32,27,27,27,1586,1441,1701,1130,1130,1758,15,15,15,15,0,0,0,0,0,0,0,33,32,27,27,27,124328,38057,82290,1988,1993,0,0,0,1130,1130,0,0,62,19,17,2,0,0,1284,1069,172,172,135,9,63,0,0,0,0,0,7,0,9,0,0,1,0,0,0,0,0,0,0,0,0,0,0,0,3,1,0,0,0,0,0,0,0,0,0,0,0,36,5006,0,0,0,0,3,13,0,0,0,2,0,5,0,Flareon
4-26,07:56:34,NINTEN,NidoranF,Hiker,1,Mt Moon - 1,3,9:00.54,9:00,0h9m0s,0,0,0,20,0:35,12.585,SCRATCH,GROWL,TACKLE,DOUBLE KICK,0,1147,62,18,2,149,140,119,6,3603,Flareon, ,Poison,Poison,5738,NidoranF5,NidoranF,,00:08:47.96,00:09:00.54,00:35:03.09,20,0,0,9,0,54,SCRATCH,GROWL,TACKLE,DOUBLE KICK,20,40,35,17,0,0,0,0,54,60,31,34,28,28,29,1701,1646,2061,1220,1220,1868,15,15,15,15,0,0,0,0,0,0,0,34,34,28,28,29,128154,38493,85680,1988,1993,0,0,0,1147,1147,0,0,62,20,18,2,0,0,1380,1155,172,172,139,10,63,0,0,0,0,0,7,0,9,0,0,1,0,0,0,0,0,0,0,0,0,0,0,0,3,1,0,0,0,0,0,0,0,0,0,0,0,39,5603,0,0,0,0,3,13,0,0,0,2,0,5,0,Flareon
4-26,07:56:53,NINTEN,NidoranF,Rocket,1,Mt Moon - 3,2,9:19.82,9:19,0h9m19s,0,0,0,20,0:36,10.512,SCRATCH,GROWL,TACKLE,DOUBLE KICK,0,1192,65,19,2,153,143,121,6,3953,Flareon, ,Poison,Poison,6045,NidoranF5,NidoranF,,00:09:09.31,00:09:19.82,00:36:19.08,20,0,0,9,19,82,SCRATCH,GROWL,TACKLE,DOUBLE KICK,18,40,35,16,0,0,0,0,44,60,31,34,28,28,29,1771,1747,2131,1285,1285,1995,15,15,15,15,0,0,0,0,0,0,0,34,34,28,28,29,132713,39807,88925,1988,1993,0,0,0,1192,1192,0,0,65,21,19,2,0,0,1467,1222,182,182,142,11,65,0,0,0,0,0,7,0,9,0,0,2,0,0,0,0,0,0,0,0,0,0,0,0,5,2,0,0,0,0,0,0,0,0,0,0,0,41,5910,0,0,0,0,3,13,0,0,0,2,0,5,0,Flareon
4-26,07:57:19,NINTEN,NidoranF,Fossil Nerd,2,Mt Moon - 3,3,9:45.92,9:45,0h9m45s,0,0,0,21,0:38,18.25,SCRATCH,GROWL,TACKLE,DOUBLE KICK,0,1268,65,20,2,161,151,127,6,4343,Flareon, ,Poison,Poison,6832,NidoranF5,NidoranF,,00:09:27.67,00:09:45.92,00:38:02.21,21,0,0,9,45,92,SCRATCH,GROWL,TACKLE,DOUBLE KICK,12,40,35,14,0,0,0,0,29,62,33,35,29,29,30,1931,1922,2326,1440,1440,2155,15,15,15,15,0,-2,0,0,0,0,0,37,17,29,29,30,138906,41273,93652,1988,1993,0,0,0,1268,1268,0,0,65,22,20,2,0,0,1582,1331,199,199,150,12,70,0,0,0,0,0,7,0,9,0,0,2,0,0,0,0,0,0,0,0,0,0,0,0,5,2,0,0,0,0,0,0,0,0,0,0,0,44,6697,0,0,0,0,3,13,0,0,0,2,0,5,0,Flareon
4-26,07:57:50,NINTEN,NidoranF,Rocket,42,Mt Moon - 3,3,10:16.58,10:16,0h10m16s,0,0,0,21,0:40,18.532,SCRATCH,GROWL,TACKLE,DOUBLE KICK,0,1284,67,21,2,169,159,133,7,4643,Flareon, ,Poison,Poison,7567,NidoranF5,NidoranF,,00:09:58.04,00:10:16.58,00:40:03.18,21,0,0,10,16,58,SCRATCH,GROWL,TACKLE,DOUBLE KICK,5,40,35,13,0,0,0,0,39,62,33,35,29,29,30,2046,2092,2500,1580,1580,2335,15,15,15,15,0,-1,0,0,0,0,0,41,23,29,29,30,146163,42756,98806,2608,1993,0,0,0,1284,1284,0,0,67,23,21,2,0,0,1729,1441,222,222,158,12,76,0,0,0,0,0,8,0,9,0,0,2,0,0,0,0,0,0,0,0,0,0,0,0,5,2,0,0,0,0,0,0,0,0,0,0,0,47,7432,0,0,0,0,3,13,0,0,0,2,0,5,0,Flareon
4-26,07:58:28,NINTEN,NidoranF,Swimmer,1,Cerulean City - Gym,2,10:54.23,10:54,0h10m54s,0,0,0,22,0:42,19.294,SCRATCH,GROWL,TACKLE,DOUBLE KICK,0,1420,70,22,2,178,168,140,7,5063,Flareon, ,Poison,Poison,8181,NidoranF5,NidoranF,,00:10:34.93,00:10:54.23,00:42:32.06,22,0,0,10,54,23,SCRATCH,GROWL,TACKLE,DOUBLE KICK,35,40,35,21,0,0,0,0,46,65,34,37,31,31,32,2106,2197,2670,1695,1695,2435,15,15,15,15,0,0,0,0,0,0,0,38,37,31,31,32,155091,46620,103870,2608,1993,0,0,0,1420,1420,0,0,70,24,22,2,0,0,1805,1517,241,241,167,12,79,0,0,0,0,0,8,0,10,0,0,2,0,0,0,0,0,0,0,0,0,0,0,0,5,2,0,0,0,0,0,0,0,0,0,0,0,49,8046,0,0,0,0,3,13,0,0,0,2,0,5,0,Flareon
4-26,07:58:41,NINTEN,NidoranF,Pecking Lass,1,Cerulean City - Gym,1,11:07.71,11:07,0h11m7s,0,0,0,22,0:43,8.011,SCRATCH,GROWL,TACKLE,DOUBLE KICK,0,1428,72,23,2,181,171,142,7,5143,Flareon, ,Poison,Poison,8632,NidoranF5,NidoranF,,00:10:59.69,00:11:07.71,00:43:25.16,22,0,0,11,7,71,SCRATCH,GROWL,TACKLE,DOUBLE KICK,35,40,35,18,0,0,0,0,40,65,34,37,31,31,32,2151,2264,2730,1745,1745,2498,15,15,15,15,0,-1,0,0,0,0,0,42,24,31,31,32,158281,47074,106606,2608,1993,0,0,0,1428,1428,0,0,72,25,23,2,0,0,1855,1566,247,247,170,12,81,0,0,0,0,0,8,0,10,0,0,2,0,0,0,0,0,0,0,0,0,0,0,0,5,2,0,0,0,0,0,0,0,0,0,0,0,50,8497,0,0,0,0,3,13,0,0,0,2,0,5,0,Flareon
4-26,07:59:25,NINTEN,NidoranF,Rival2-Nugget Bridge,3,Cerulean City,4,11:51.51,11:51,0h11m51s,0,0,0,23,0:46,23.574,SCRATCH,GROWL,TACKLE,DOUBLE KICK,1,1529,74,24,2,189,179,147,7,5523,Flareon, ,Poison,Poison,9670,NidoranF5,NidoranF,Rival (Nugget Bridge),00:11:27.94,00:11:51.51,00:46:18.09,23,0,0,11,51,51,SCRATCH,GROWL,TACKLE,DOUBLE KICK,35,40,35,22,0,0,0,0,44,67,36,38,32,32,33,2326,2510,2930,1896,1896,2735,15,15,15,15,0,-2,0,0,0,0,0,40,19,32,32,33,168654,50784,112708,3169,1993,1,0,0,1529,1529,0,0,74,26,24,2,0,0,2095,1737,270,270,178,13,85,0,0,0,0,0,8,0,10,0,0,2,0,0,0,0,0,0,0,0,0,0,0,0,5,2,0,0,0,0,0,0,0,0,0,0,0,54,9535,0,0,0,0,4,13,0,0,0,2,0,5,0,Flareon
4-26,07:59:44,NINTEN,NidoranF,Bug Catcher,9,Route 24,2,12:10.89,12:10,0h12m10s,0,0,0,23,0:47,10.152,SCRATCH,GROWL,TACKLE,DOUBLE KICK,1,1540,74,25,2,193,183,150,7,6118,Flareon, ,Poison,Poison,9985,NidoranF5,NidoranF,,00:12:00.74,00:12:10.89,00:47:34.39,23,0,0,12,10,89,SCRATCH,GROWL,TACKLE,DOUBLE KICK,31,40,35,22,0,0,0,0,43,67,36,38,32,32,33,2411,2575,2995,1936,1936,2830,15,15,15,15,0,0,0,0,-1,0,0,45,38,32,32,21,173244,52105,115977,3169,1993,1,0,0,1540,1540,0,0,74,27,25,2,0,0,2190,1812,271,271,182,14,87,0,0,0,0,0,9,0,10,0,0,2,0,0,0,0,0,0,0,0,0,0,0,0,5,2,0,0,0,0,0,0,0,0,0,0,0,56,9850,0,0,0,0,4,13,0,0,0,2,0,5,0,Flareon
4-26,07:59:59,NINTEN,NidoranF,Lass,8,Route 24,2,12:25.83,12:25,0h12m25s,0,0,0,24,0:48,12.27,SCRATCH,GROWL,TACKLE,DOUBLE KICK,1,1542,74,26,2,198,188,153,7,6258,Flareon, ,Poison,Poison,10327,NidoranF5,NidoranF,,00:12:13.56,00:12:25.83,00:48:33.35,24,0,0,12,25,83,SCRATCH,GROWL,TACKLE,DOUBLE KICK,28,40,35,20,0,0,0,0,38,70,37,40,34,34,35,2506,2667,3087,2011,2011,2927,15,15,15,15,0,0,0,0,0,0,0,41,40,34,34,35,176780,52227,119391,3169,1993,1,0,0,1542,1542,0,0,74,28,26,2,0,0,2280,1890,279,279,187,15,89,0,0,0,0,0,9,0,10,0,0,2,0,0,0,0,0,0,0,0,0,0,0,0,5,2,0,0,0,0,0,0,0,0,0,0,0,58,10192,0,0,0,0,4,13,0,0,0,2,0,5,0,Flareon
4-26,08:00:19,NINTEN,NidoranF,Youngster,4,Route 24,3,12:45.60,12:45,0h12m45s,0,0,0,24,0:49,13.305,SCRATCH,GROWL,TACKLE,DOUBLE KICK,1,1546,75,27,2,203,193,155,7,6468,Flareon, ,Poison,Poison,10846,NidoranF5,NidoranF,,00:12:32.30,00:12:45.60,00:49:51.21,24,0,0,12,45,60,SCRATCH,GROWL,TACKLE,DOUBLE KICK,24,40,35,19,0,0,0,0,52,70,37,40,34,34,35,2611,2828,3201,2116,2116,3109,15,15,15,15,0,0,0,0,0,0,0,41,40,34,34,35,181446,52487,123380,3586,1993,1,0,0,1546,1546,0,0,75,29,27,2,0,0,2417,1999,285,285,192,15,91,0,0,0,0,0,9,0,10,0,0,2,0,0,0,0,0,0,0,0,0,0,0,0,5,2,0,0,0,0,0,0,0,0,0,0,0,61,10711,0,0,0,0,4,13,0,0,0,2,0,5,0,Flareon
4-26,08:00:36,NINTEN,NidoranF,Lass,7,Route 24,2,13:02.38,13:02,0h13m2s,0,0,0,24,0:50,13.881,SCRATCH,GROWL,TACKLE,DOUBLE KICK,1,1550,75,28,2,209,199,159,7,6678,Flareon, ,Poison,Poison,11234,NidoranF5,NidoranF,,00:12:48.50,00:13:02.38,00:50:57.38,24,0,0,13,2,38,SCRATCH,GROWL,TACKLE,DOUBLE KICK,20,40,35,17,0,0,0,0,34,70,37,40,34,34,35,2706,2920,3293,2191,2191,3206,15,15,15,15,0,0,0,0,0,0,0,41,40,34,34,35,185423,52653,127191,3586,1993,1,0,0,1550,1550,0,0,75,30,28,2,0,0,2527,2086,303,303,198,15,95,0,0,0,0,0,9,0,10,0,0,2,0,0,0,0,0,0,0,0,0,0,0,0,5,2,0,0,0,0,0,0,0,0,0,0,0,63,11099,0,0,0,0,4,13,0,0,0,2,0,5,0,Flareon
4-26,08:00:47,NINTEN,NidoranF,Jr Trainer M,3,Route 24,1,13:13.73,13:13,0h13m13s,0,0,0,24,0:51,6.348,SCRATCH,GROWL,TACKLE,DOUBLE KICK,1,1554,77,29,2,211,201,160,6,6918,Flareon, ,Poison,Poison,11519,NidoranF5,NidoranF,,00:13:07.38,00:13:13.73,00:51:42.13,24,0,0,13,13,73,SCRATCH,GROWL,TACKLE,DOUBLE KICK,20,40,35,15,0,0,0,0,40,70,37,40,34,34,35,2746,3000,3328,2226,2226,3276,15,15,15,15,0,0,0,0,0,0,0,41,40,34,34,35,188098,52920,129183,4002,1993,1,0,0,1554,1554,0,0,77,31,29,2,0,0,2579,2131,317,317,200,15,96,0,0,0,0,0,9,0,11,0,0,2,0,0,0,0,0,0,0,0,0,0,0,0,5,2,0,0,0,0,0,0,0,0,0,0,0,64,11384,0,0,0,0,4,13,0,0,0,2,0,5,0,Flareon
4-26,08:01:36,NINTEN,NidoranF,Hiker,2,Route 25,2,14:02.42,14:02,0h14m2s,0,0,0,25,0:54,11.147,SCRATCH,GROWL,TACKLE,DOUBLE KICK,1,1698,88,31,2,220,208,165,8,3639,Flareon, ,Poison,Poison,12275,NidoranF5,NidoranF,,00:13:51.26,00:14:02.42,00:54:54.55,25,0,0,14,2,42,SCRATCH,GROWL,TACKLE,DOUBLE KICK,35,40,35,26,0,0,0,0,66,73,39,42,35,35,36,2891,3220,3522,2331,2331,3386,15,15,15,15,0,0,0,0,0,0,0,43,42,35,35,36,199660,58213,135452,4002,1993,1,0,0,1698,1698,0,0,88,33,31,2,0,0,2747,2279,365,364,207,16,100,0,0,0,0,0,9,0,11,0,0,3,0,0,0,0,0,0,0,0,0,0,0,0,7,4,0,0,0,0,0,0,0,0,0,0,1,67,12140,0,0,0,0,5,13,0,0,0,2,0,5,0,Flareon
4-26,08:01:52,NINTEN,NidoranF,Hiker,4,Route 25,1,14:18.75,14:18,0h14m18s,0,1,1,25,0:55,8.969,SCRATCH,GROWL,TACKLE,DOUBLE KICK,1,1708,91,32,2,222,210,166,9,4164,Flareon, ,Poison,Poison,12668,NidoranF5,NidoranF,,00:14:09.78,00:14:18.75,00:55:59.27,25,0,0,14,18,75,SCRATCH,GROWL,TACKLE,DOUBLE KICK,35,40,35,24,0,0,0,0,66,73,39,42,35,35,36,2926,3265,3682,2361,2361,3456,15,15,15,15,0,0,0,0,0,0,0,43,42,35,35,36,203532,59112,138425,4002,1993,1,0,0,1708,1708,0,0,91,34,32,2,0,0,2791,2320,365,364,209,17,100,0,0,0,0,0,9,0,11,0,0,3,0,0,0,0,0,0,0,0,0,0,0,0,7,4,0,0,0,0,0,0,0,0,0,0,1,68,12533,0,0,0,0,6,13,0,0,0,2,1,5,1,Flareon
4-26,08:02:10,NINTEN,NidoranF,Lass,9,Route 25,2,14:36.32,14:36,0h14m36s,0,1,1,25,0:57,13.606,SCRATCH,GROWL,TACKLE,DOUBLE KICK,1,1718,93,33,2,228,216,170,9,4759,Flareon, ,Poison,Poison,13049,NidoranF5,NidoranF,,00:14:22.72,00:14:36.32,00:57:08.53,25,0,0,14,36,32,SCRATCH,GROWL,TACKLE,DOUBLE KICK,29,40,35,24,0,0,0,0,59,73,39,42,35,35,36,3027,3369,3774,2441,2441,3547,15,15,15,15,-1,-1,0,0,0,0,0,28,27,35,35,36,207698,59547,142156,4002,1993,1,0,0,1718,1718,0,0,93,35,33,2,0,0,2887,2404,372,371,215,17,104,0,0,0,0,0,9,0,11,0,0,3,0,0,0,0,0,0,0,0,0,0,0,0,7,4,0,0,0,0,0,0,0,0,0,0,1,70,12914,0,0,0,0,6,13,0,0,0,2,1,5,1,Flareon
4-26,08:02:29,NINTEN,NidoranF,Hiker,3,Route 25,4,14:55.87,14:55,0h14m55s,0,1,1,26,0:58,15.361,SCRATCH,GROWL,TACKLE,DOUBLE KICK,1,1724,93,34,2,233,221,171,9,4984,Flareon, ,Poison,Poison,14007,NidoranF5,NidoranF,,00:14:40.52,00:14:55.87,00:58:25.57,26,0,0,14,55,87,SCRATCH,GROWL,TACKLE,DOUBLE KICK,29,40,35,19,0,0,0,0,57,76,41,44,36,36,38,3217,3689,4124,2566,2566,3642,15,15,15,15,0,0,0,0,0,0,0,46,44,36,36,38,212322,60054,146273,4002,1993,1,0,0,1724,1724,0,0,93,36,34,2,0,0,3055,2552,377,376,220,17,105,0,0,0,0,0,9,0,11,0,0,3,0,0,0,0,0,0,0,0,0,0,0,0,7,4,0,0,0,0,0,0,0,0,0,0,1,74,13872,0,0,0,0,6,13,0,0,0,2,1,5,1,Flareon
4-26,08:02:43,NINTEN,NidoranF,Jr Trainer M,2,Route 25,2,15:09.12,15:09,0h15m9s,0,1,1,26,0:59,8.216,SCRATCH,GROWL,TACKLE,DOUBLE KICK,1,1726,93,35,2,236,224,172,9,5439,Flareon, ,Poison,Poison,14364,NidoranF5,NidoranF,,00:15:00.90,00:15:09.12,00:59:18.04,26,0,0,15,9,12,SCRATCH,GROWL,TACKLE,DOUBLE KICK,27,40,35,18,0,0,0,0,57,76,41,44,36,36,38,3282,3805,4203,2631,2631,3769,15,15,15,15,0,-1,0,0,0,0,0,51,29,36,36,38,215449,60391,149063,4002,1993,1,0,0,1726,1726,0,0,93,37,35,2,0,0,3138,2622,377,376,223,17,106,0,0,0,0,0,9,0,11,0,0,3,0,0,0,0,0,0,0,0,0,0,0,0,7,4,0,0,0,0,0,0,0,0,0,0,1,76,14229,0,0,0,0,6,13,0,0,0,2,1,5,1,Flareon
4-26,08:02:59,NINTEN,NidoranF,Youngster,7,Route 25,2,15:25.95,15:25,0h15m25s,0,1,1,26,1:00,10.997,SCRATCH,GROWL,TACKLE,DOUBLE KICK,1,1755,99,36,2,241,228,174,10,5719,Flareon, ,Poison,Poison,14829,NidoranF5,NidoranF,,00:15:14.95,00:15:25.95,01:00:24.36,26,0,0,15,25,95,SCRATCH,GROWL,TACKLE,DOUBLE KICK,25,40,35,16,0,0,0,0,53,76,41,44,36,36,38,3367,3940,4332,2701,2701,3864,15,15,15,15,0,0,0,0,0,-1,0,51,44,36,36,38,219441,61272,152174,4002,1993,1,0,0,1755,1755,0,0,99,38,36,2,0,0,3225,2698,381,380,227,17,108,0,0,0,0,0,9,0,11,0,0,3,0,0,0,0,0,0,0,0,0,0,0,0,7,4,0,0,0,0,0,0,0,0,0,0,1,78,14694,0,0,0,0,7,13,0,0,0,2,1,5,1,Flareon
4-26,08:03:17,NINTEN,NidoranF,Oddish Lass,10,Route 25,3,15:43.10,15:43,0h15m43s,0,1,1,27,1:01,14.145,SCRATCH,GROWL,TACKLE,DOUBLE KICK,1,1759,99,37,2,246,233,176,10,5929,Flareon, ,Poison,Poison,15414,NidoranF5,NidoranF,Oddish Lass,00:15:28.95,00:15:43.10,01:01:32.17,27,0,0,15,43,10,SCRATCH,GROWL,TACKLE,DOUBLE KICK,21,40,35,15,0,0,0,0,51,78,42,45,38,38,39,3497,4085,4482,2886,2886,3980,15,15,15,15,0,0,0,0,0,0,0,47,45,38,38,39,223502,61476,156031,4002,1993,1,0,0,1759,1759,0,0,99,39,37,2,0,0,3361,2807,385,384,232,17,110,0,0,0,0,0,10,0,11,0,0,3,0,0,0,0,0,0,0,0,0,0,0,0,7,4,0,0,0,0,0,0,0,0,0,0,1,81,15279,0,0,0,0,7,13,0,0,0,2,1,5,1,Flareon
4-26,08:03:58,NINTEN,NidoranF,Cerulean Rocket,5,Cerulean City,2,16:24.70,16:24,0h16m24s,0,1,1,27,1:04,12.157,SCRATCH,GROWL,TACKLE,DOUBLE KICK,2,1899,110,38,2,251,238,179,11,6124,Flareon, ,Poison,Poison,16103,NidoranF5,NidoranF,Rocket,00:16:12.54,00:16:24.70,01:04:16.45,27,0,0,16,24,70,SCRATCH,GROWL,TACKLE,DOUBLE KICK,18,40,35,13,0,0,0,0,40,78,42,45,38,38,39,3627,4213,4577,3011,3011,4057,15,15,15,15,0,0,0,0,0,0,0,47,45,38,38,39,233370,67105,159749,4523,1993,2,0,0,1899,1899,0,0,110,40,38,2,0,0,3483,2910,396,395,237,17,113,0,0,0,0,0,11,0,11,0,0,3,0,0,0,0,0,0,0,0,0,0,0,0,7,4,0,0,0,0,0,0,0,0,0,0,1,83,15968,0,0,0,0,8,13,0,0,0,2,1,5,1,Flareon
4-26,08:04:45,NINTEN,NidoranF,Sandy,3,Route 6,3,17:11.82,17:11,0h17m11s,0,1,1,27,1:07,15.308,SCRATCH,GROWL,TACKLE,DOUBLE KICK,3,2141,130,39,2,257,244,182,13,6634,Flareon, ,Poison,Poison,16664,NidoranF5,NidoranF,,00:16:56.50,00:17:11.82,01:07:22.41,27,0,0,17,11,82,SCRATCH,GROWL,TACKLE,DOUBLE KICK,35,40,35,24,0,0,0,0,66,78,42,45,38,38,39,3747,4348,4697,3116,3116,4225,15,15,15,15,0,0,0,0,0,0,0,47,45,38,38,39,244526,73531,163915,5087,1993,3,0,0,2141,2141,0,0,130,41,39,2,0,0,3626,3033,408,407,243,18,115,0,0,0,0,0,11,0,11,0,0,3,0,0,0,0,0,0,0,0,0,0,0,0,7,4,0,0,0,0,0,0,0,0,0,0,1,86,16529,0,0,0,0,9,13,0,0,0,2,1,5,1,Flareon
4-26,08:04:59,NINTEN,NidoranF,Jr Trainer M,5,Route 6,2,17:25.95,17:25,0h17m25s,0,1,1,28,1:08,11.024,SCRATCH,GROWL,TACKLE,DOUBLE KICK,3,2144,130,40,2,260,247,184,13,6954,Flareon, ,Poison,Poison,17259,NidoranF5,NidoranF,,00:17:14.94,00:17:25.95,01:08:18.31,28,0,0,17,25,95,SCRATCH,GROWL,TACKLE,DOUBLE KICK,35,40,35,21,0,0,0,0,56,81,44,47,39,39,40,3842,4489,4787,3197,3197,4392,15,15,15,15,0,-1,0,0,0,0,0,49,31,39,39,40,247876,73749,167047,5087,1993,3,0,0,2144,2144,0,0,130,42,40,2,0,0,3736,3120,421,420,246,18,117,0,0,0,0,0,11,0,12,0,0,3,0,0,0,0,0,0,0,0,0,0,0,0,7,4,0,0,0,0,0,0,0,0,0,0,1,88,17124,0,0,0,0,9,13,0,0,0,2,1,5,1,Flareon
4-26,08:05:52,NINTEN,NidoranF,Sailor,5,SS Anne,2,18:18.67,18:18,0h18m18s,0,1,1,28,1:11,13.881,SCRATCH,GROWL,TACKLE,DOUBLE KICK,3,2281,158,41,2,267,251,187,12,24,Flareon, ,Poison,Poison,18072,NidoranF5,NidoranF,,00:18:04.79,00:18:18.67,01:11:46.40,28,0,0,18,18,67,SCRATCH,GROWL,TACKLE,DOUBLE KICK,32,40,35,20,0,0,0,0,28,81,44,47,39,39,40,3912,4574,4877,3367,3367,4547,15,15,15,15,0,0,0,0,0,0,0,49,47,39,39,40,260365,82170,171115,5087,1993,3,0,0,2281,2281,0,0,158,43,41,2,0,0,3830,3206,449,448,250,18,120,0,0,0,0,0,11,0,13,0,0,4,0,0,0,0,0,0,0,0,0,0,0,0,8,5,0,0,0,0,0,0,0,0,0,0,1,90,17937,0,0,0,0,11,37,4,0,0,2,1,5,1,Flareon
4-26,08:06:15,NINTEN,NidoranF,Youngster,8,SS Anne,1,18:41.04,18:41,0h18m41s,0,1,1,28,1:13,7.121,SCRATCH,GROWL,TACKLE,DOUBLE KICK,4,2346,165,42,2,270,254,189,13,564,Flareon, ,Poison,Poison,18342,NidoranF5,NidoranF,,00:18:33.91,00:18:41.04,01:13:14.49,28,0,0,18,41,4,SCRATCH,GROWL,TACKLE,DOUBLE KICK,29,40,35,20,0,0,0,0,65,81,44,47,39,39,40,3958,4631,4917,3407,3407,4597,15,15,15,15,0,0,0,0,0,0,0,49,47,39,39,40,265654,83992,173220,6449,1993,4,0,0,2346,2346,0,0,165,44,42,2,0,0,3913,3259,462,461,253,18,122,0,0,0,0,0,13,0,13,0,0,4,0,0,0,0,0,0,0,0,0,0,0,0,8,5,0,0,0,0,0,0,0,0,0,0,1,91,18207,0,0,0,0,12,37,4,0,0,2,1,5,1,Flareon
4-26,08:06:41,NINTEN,NidoranF,Gentleman,5,SS Anne,2,19:07.83,19:07,0h19m7s,0,1,1,28,1:15,10.199,BODY SLAM,SCRATCH,TACKLE,DOUBLE KICK,4,2400,171,43,2,274,258,191,13,879,Flareon, ,Poison,Poison,19226,NidoranF5,NidoranF,,00:18:57.62,00:19:07.83,01:15:00.35,28,0,0,19,7,83,BODY SLAM,SCRATCH,TACKLE,DOUBLE KICK,11,29,35,20,0,0,0,0,46,81,44,47,39,39,40,4063,4786,5017,3522,3522,4747,15,15,15,15,0,0,0,0,0,0,0,49,47,39,39,40,272000,85767,176049,8191,1993,4,0,0,2400,2400,0,0,171,45,43,2,0,0,4081,3353,481,480,257,18,124,0,0,0,0,0,13,0,14,0,0,4,1,0,0,0,0,0,0,0,0,0,0,0,8,5,0,0,0,0,1,0,0,0,0,0,1,93,19091,0,0,0,0,13,37,4,0,0,3,1,5,1,Flareon
4-26,08:06:58,NINTEN,NidoranF,Lass,12,SS Anne,1,19:24.99,19:24,0h19m24s,0,1,1,29,1:16,5.311,BODY SLAM,SCRATCH,TACKLE,DOUBLE KICK,4,2403,172,44,2,275,259,191,13,2069,Flareon, ,Poison,Poison,19551,NidoranF5,NidoranF,,00:19:19.67,00:19:24.99,01:16:08.21,29,0,0,19,24,99,BODY SLAM,SCRATCH,TACKLE,DOUBLE KICK,11,29,35,19,0,0,0,0,84,84,45,48,41,41,42,4178,4831,5037,3547,3547,4767,15,15,15,15,0,0,0,0,0,0,0,50,48,41,41,42,276066,86250,177728,10095,1993,4,0,0,2403,2403,0,0,172,46,44,2,0,0,4165,3432,481,480,258,18,124,0,0,0,0,0,13,0,14,0,0,4,1,0,0,0,0,0,0,0,0,0,0,0,8,5,0,0,0,0,1,0,0,0,0,0,1,94,19416,0,0,0,0,14,37,4,0,0,3,1,5,1,Flareon
4-26,08:07:22,NINTEN,NidoranF,Rival3-SS Anne,1,SS Anne,4,19:48.51,19:48,0h19m48s,0,1,1,29,1:17,13.731,BODY SLAM,SCRATCH,TACKLE,DOUBLE KICK,5,2427,173,45,2,281,265,193,13,2369,Flareon, ,Poison,Poison,20732,NidoranF5,NidoranF,Rival (SS Anne),00:19:34.79,00:19:48.51,01:17:41.06,29,0,0,19,48,51,BODY SLAM,SCRATCH,TACKLE,DOUBLE KICK,7,29,35,17,0,0,0,0,75,84,45,48,41,41,42,4353,5077,5237,3698,3698,5004,15,15,15,15,0,0,0,0,0,0,0,50,48,41,41,42,281631,87293,181724,10621,1993,5,0,0,2427,2427,0,0,173,47,45,2,0,0,4412,3620,490,489,264,19,125,0,0,0,0,0,13,0,14,0,0,4,1,0,0,0,0,0,0,0,0,0,0,0,8,5,0,0,0,0,1,0,0,0,0,0,1,98,20597,0,0,0,0,14,37,4,0,0,3,1,5,1,Flareon
4-26,08:08:11,NINTEN,NidoranF,Youngster,12,Route 11,2,20:37.08,20:37,0h20m37s,0,1,1,29,1:20,8.094,BODY SLAM,SCRATCH,TACKLE,DOUBLE KICK,5,2668,183,46,2,284,268,194,15,3669,Flareon, ,Poison,Poison,21417,NidoranF5,NidoranF,,00:20:28.99,00:20:37.08,01:20:53.15,29,0,0,20,37,8,BODY SLAM,SCRATCH,TACKLE,DOUBLE KICK,5,28,35,17,0,0,0,0,71,84,45,48,41,41,42,4460,5206,5334,3793,3793,5119,15,15,15,15,0,0,0,0,0,0,0,50,48,41,41,42,293160,96354,184192,10621,1993,5,0,0,2668,2668,0,0,183,48,46,2,0,0,4544,3719,494,493,267,19,126,0,0,0,0,0,14,0,14,0,0,4,1,0,0,0,0,0,0,0,0,0,0,0,8,5,0,0,0,0,1,0,0,0,0,0,1,100,21282,0,0,0,0,14,37,4,0,0,3,1,5,1,Flareon
4-26,08:08:25,NINTEN,NidoranF,Gambler,2,Route 11,2,20:51.13,20:51,0h20m51s,0,1,1,30,1:21,10.525,BODY SLAM,SCRATCH,BITE,DOUBLE KICK,5,2673,183,47,2,286,270,194,15,3939,Flareon, ,Poison,Poison,22041,NidoranF5,NidoranF,,00:20:40.61,00:20:51.13,01:21:48.43,30,0,0,20,51,13,BODY SLAM,SCRATCH,BITE,DOUBLE KICK,3,28,25,17,0,0,0,0,74,87,47,50,42,42,44,4555,5331,5424,3938,3938,5189,15,15,15,15,0,0,0,0,0,0,0,52,50,42,42,44,296488,96669,187205,10621,1993,5,0,0,2673,2673,0,0,183,49,47,2,0,0,4704,3814,494,493,269,19,126,0,0,0,0,0,16,0,14,0,0,4,1,0,0,0,0,0,0,0,0,0,0,0,8,5,0,0,0,0,1,0,0,0,0,0,1,102,21906,0,0,0,0,14,37,4,0,0,3,1,5,1,Flareon
4-26,08:08:37,NINTEN,NidoranF,Engineer,2,Route 11,1,21:03.05,21:03,0h21m3s,0,1,1,30,1:22,5.733,BODY SLAM,SCRATCH,BITE,DOUBLE KICK,5,2687,183,48,2,288,272,195,15,5199,Flareon, ,Poison,Poison,22441,NidoranF5,NidoranF,,00:20:57.31,00:21:03.05,01:22:35.40,30,0,0,21,3,5,BODY SLAM,SCRATCH,BITE,DOUBLE KICK,3,28,23,17,0,0,0,0,54,87,47,50,42,42,44,4580,5366,5494,4033,4033,5234,15,15,15,15,0,0,0,0,0,0,0,52,50,42,42,44,299305,97279,189412,10621,1993,5,0,0,2687,2687,0,0,183,50,48,2,0,0,4749,3858,514,513,271,19,127,0,0,0,0,0,16,0,14,0,0,4,1,0,0,0,0,0,0,0,0,0,0,0,8,5,0,0,0,0,1,0,0,0,0,0,1,103,22306,0,0,0,0,14,37,4,0,0,4,1,5,1,Flareon
4-26,08:09:01,NINTEN,NidoranF,Engineer,3,Route 11,3,21:27.45,21:27,0h21m27s,0,1,1,30,1:24,14.853,BODY SLAM,SCRATCH,BITE,DOUBLE KICK,5,2695,183,49,2,294,278,198,15,6249,Flareon, ,Poison,Poison,23746,NidoranF5,NidoranF,,00:21:12.60,00:21:27.45,01:24:11.38,30,0,0,21,27,45,BODY SLAM,SCRATCH,BITE,DOUBLE KICK,2,27,23,13,0,0,0,0,80,87,47,50,42,42,44,4680,5496,5729,4343,4343,5394,15,15,15,15,0,0,0,0,0,0,0,52,50,42,42,44,305063,97734,193446,11890,1993,5,0,0,2695,2695,0,0,183,51,49,2,0,0,4901,3984,521,520,277,20,129,0,0,0,0,0,17,0,14,0,0,4,1,0,0,0,0,0,0,0,0,0,0,0,8,5,0,0,0,0,1,0,0,0,0,0,1,106,23611,0,0,0,0,14,37,4,0,0,4,1,5,1,Flareon
4-26,08:09:14,NINTEN,NidoranF,Gambler,3,Route 11,2,21:41.01,21:41,0h21m41s,0,1,1,31,1:25,8.959,BODY SLAM,SCRATCH,BITE,DOUBLE KICK,5,2710,185,50,2,297,281,199,15,7149,Flareon, ,Poison,Poison,24484,NidoranF5,NidoranF,,00:21:32.05,00:21:41.01,01:25:05.09,31,0,0,21,41,1,BODY SLAM,SCRATCH,BITE,DOUBLE KICK,1,27,23,11,0,0,0,0,79,89,49,52,44,44,45,4745,5561,5849,4493,4493,5539,15,15,15,15,0,0,0,0,0,0,0,55,52,44,44,45,308274,98304,196087,11890,1993,5,0,0,2710,2710,0,0,185,52,50,2,0,0,4990,4068,524,523,280,20,130,0,0,0,0,0,17,0,14,0,0,4,1,0,0,0,0,0,0,0,0,0,0,0,8,5,0,0,0,0,1,0,0,0,0,0,1,108,24349,0,0,0,0,14,37,4,0,0,4,1,5,1,Flareon
4-26,08:09:28,NINTEN,NidoranF,Youngster,11,Route 11,3,21:54.26,21:54,0h21m54s,0,1,1,31,1:25,8.625,BODY SLAM,SCRATCH,BITE,DOUBLE KICK,5,2712,185,51,2,300,284,199,15,8409,Flareon, ,Poison,Poison,25319,NidoranF5,NidoranF,,00:21:45.65,00:21:54.26,01:25:57.16,31,0,0,21,54,26,BODY SLAM,SCRATCH,BITE,DOUBLE KICK,1,27,23,8,0,0,0,0,79,89,49,52,44,44,45,4860,5754,5979,4593,4593,5780,15,15,15,15,0,0,0,0,0,0,0,55,52,44,44,45,311401,98553,198965,11890,1993,5,0,0,2712,2712,0,0,185,53,51,2,0,0,5141,4194,524,523,283,20,130,0,0,0,0,0,18,0,14,0,0,4,1,0,0,0,0,0,0,0,0,0,0,0,8,5,0,0,0,0,1,0,0,0,0,0,1,111,25184,0,0,0,0,14,37,4,0,0,4,1,5,1,Flareon
4-26,08:10:09,NINTEN,NidoranF,Misty,1,Cerulean City - Gym,2,22:35.52,22:35,0h22m35s,0,1,1,31,1:28,9.346,BODY SLAM,SCRATCH,BITE,DOUBLE KICK,6,2826,192,52,2,304,288,201,14,8664,Flareon, ,Poison,Poison,26658,NidoranF5,NidoranF,Misty,00:22:26.17,00:22:35.52,01:28:40.07,31,0,0,22,35,52,BODY SLAM,SCRATCH,BITE,DOUBLE KICK,11,35,25,30,0,0,0,0,67,89,49,52,44,44,45,4950,5874,6119,4763,4763,5980,15,15,15,15,0,0,0,0,0,0,0,55,52,44,44,45,321172,102676,201697,14806,1993,6,0,0,2826,2826,0,0,192,54,52,2,0,0,5268,4294,546,545,287,20,131,0,0,0,0,0,18,0,14,0,0,4,2,0,0,0,0,0,0,0,0,0,0,0,8,5,0,0,0,0,2,0,0,0,0,0,1,113,26523,0,0,0,0,14,37,4,0,0,6,1,5,1,Flareon
4-26,08:10:42,NINTEN,NidoranF,Wrapping Lass,5,Route 9,4,23:08.58,23:08,0h23m8s,0,1,1,32,1:30,11.013,BODY SLAM,SCRATCH,BITE,DOUBLE KICK,6,2939,199,53,2,308,292,201,15,10743,Flareon, ,Poison,Poison,27906,NidoranF5,NidoranF,RTG1 - Wrapping Lass,00:22:57.57,00:23:08.58,01:30:50.15,32,0,0,23,8,58,BODY SLAM,SCRATCH,BITE,DOUBLE KICK,7,35,25,30,0,0,0,0,70,92,50,53,45,45,46,5140,6124,6299,5053,5053,6120,15,15,15,15,0,0,0,0,0,0,0,56,53,45,45,46,328980,105712,204901,16374,1993,6,0,0,2939,2887,52,0,199,55,53,2,0,0,5537,4484,546,545,291,20,131,0,0,0,0,0,19,0,14,0,0,4,2,0,0,0,0,0,0,0,0,0,0,0,8,5,0,0,0,0,2,0,0,0,0,0,1,117,27771,0,0,0,0,14,37,4,0,0,6,1,5,1,Flareon
4-26,08:10:54,NINTEN,NidoranF,Youngster,14,Route 9,1,23:20.57,23:20,0h23m20s,0,1,1,32,1:31,6.164,BODY SLAM,SCRATCH,BITE,DOUBLE KICK,6,2969,202,54,2,310,294,202,15,11103,Flareon, ,Poison,Poison,28383,NidoranF5,NidoranF,,00:23:14.40,00:23:20.57,01:31:37.26,32,0,0,23,20,57,BODY SLAM,SCRATCH,BITE,DOUBLE KICK,5,35,25,30,0,0,0,0,45,92,50,53,45,45,46,5190,6199,6384,5083,5083,6160,15,15,15,15,0,0,0,0,0,0,0,56,53,45,45,46,331811,106239,207205,16374,1993,6,0,0,2969,2887,82,0,202,56,54,2,0,0,5609,4545,571,570,293,20,132,0,0,0,0,0,20,0,15,0,0,4,3,0,0,0,0,0,0,0,0,0,0,0,8,5,0,0,0,0,3,0,0,0,0,0,1,118,28248,0,0,0,0,14,37,4,0,0,6,1,5,1,Flareon
4-26,08:11:10,NINTEN,NidoranF,Bug Catcher,13,Route 9,2,23:36.17,23:36,0h23m36s,0,1,1,32,1:32,9.835,BODY SLAM,SCRATCH,BITE,DOUBLE KICK,6,2978,206,55,2,313,297,203,15,11463,Flareon, ,Poison,Poison,29675,NidoranF5,NidoranF,,00:23:26.33,00:23:36.17,01:32:38.53,32,0,0,23,36,17,BODY SLAM,SCRATCH,BITE,DOUBLE KICK,3,34,25,30,0,0,0,0,80,92,50,53,45,45,46,5320,6359,6464,5173,5173,6310,15,15,15,15,0,0,0,0,0,0,0,56,53,45,45,46,335498,106565,210039,16901,1993,6,0,0,2978,2887,91,0,206,57,55,2,0,0,5746,4657,583,582,296,20,133,0,0,0,0,0,20,0,16,0,0,4,3,0,0,0,0,0,0,0,0,0,0,0,8,5,0,0,0,0,3,0,0,0,0,0,1,120,29540,0,0,0,0,14,37,4,0,0,6,1,5,1,Flareon
4-26,08:11:24,NINTEN,NidoranF,Bug Catcher,14,Route 9,3,23:50.90,23:50,0h23m50s,0,1,1,33,1:33,8.884,BODY SLAM,SCRATCH,BITE,DOUBLE KICK,6,3010,212,56,2,316,300,203,15,11653,Flareon, ,Poison,Poison,30444,NidoranF5,NidoranF,,00:23:42.02,00:23:50.90,01:33:36.57,33,0,0,23,50,90,BODY SLAM,SCRATCH,BITE,DOUBLE KICK,0,34,25,30,0,0,0,0,83,95,52,55,47,47,48,5465,6479,6579,5253,5253,6450,15,15,15,15,0,0,0,0,0,0,0,58,55,47,47,48,338982,107391,212697,16901,1993,6,0,0,3010,2887,123,0,212,58,56,2,0,0,5954,4814,583,582,299,20,133,0,0,0,0,0,21,0,16,0,0,4,3,0,0,0,0,0,0,0,0,0,0,0,8,5,0,0,0,0,3,0,0,0,0,0,1,123,30309,0,0,0,0,14,37,4,0,0,6,1,5,1,Flareon
4-26,08:11:37,NINTEN,NidoranF,Jr Trainer F,6,Route 9,1,24:03.33,24:03,0h24m3s,0,1,1,33,1:34,5.488,BODY SLAM,SCRATCH,BITE,DOUBLE KICK,6,3051,220,57,2,317,301,204,15,11853,Flareon, ,Poison,Poison,30783,NidoranF5,NidoranF,,00:23:57.83,00:24:03.33,01:34:26.00,33,0,0,24,3,33,BODY SLAM,SCRATCH,BITE,DOUBLE KICK,0,34,25,29,0,0,0,0,76,95,52,55,47,47,48,5505,6524,6614,5293,5293,6540,15,15,15,15,0,0,0,0,0,0,0,58,55,47,47,48,341925,108182,214849,16901,1993,6,0,0,3051,2887,164,0,220,59,57,2,0,0,6044,4869,590,589,300,20,134,0,0,0,0,0,21,0,16,0,0,4,3,0,0,0,0,0,0,0,0,0,0,0,8,5,0,0,0,0,3,0,0,0,0,0,1,124,30648,0,0,0,0,14,37,4,0,0,6,1,5,1,Flareon
4-26,08:11:55,NINTEN,NidoranF,Jr Trainer F,7,Route 10,2,24:21.85,24:21,0h24m21s,0,1,1,33,1:35,7.557,BODY SLAM,SCRATCH,BITE,DOUBLE KICK,6,3114,224,58,2,319,303,204,15,12313,Flareon, ,Poison,Poison,31399,NidoranF5,NidoranF,,00:24:14.30,00:24:21.85,01:35:38.58,33,0,0,24,21,85,BODY SLAM,SCRATCH,BITE,DOUBLE KICK,15,35,25,28,0,0,0,0,95,95,52,55,47,47,48,5690,6614,6682,5378,5378,6595,15,15,15,15,0,0,0,0,0,0,0,58,55,47,47,48,346303,109975,217156,17179,1993,6,0,0,3114,2896,218,0,224,60,58,2,0,0,6238,5009,590,589,302,20,134,0,0,0,0,0,21,0,16,0,0,4,3,0,0,0,0,0,0,0,0,0,0,0,8,5,0,0,0,0,3,0,0,0,0,0,1,126,31264,0,0,0,0,14,37,4,0,0,6,1,5,1,Flareon
4-26,08:12:21,NINTEN,NidoranF,Slowbone,7,Rock Tunnel - 1,2,24:47.79,24:47,0h24m47s,0,1,1,33,1:37,12.559,BODY SLAM,SCRATCH,BITE,DOUBLE KICK,7,3146,232,59,3,326,310,206,15,12713,Flareon, ,Poison,Poison,32534,NidoranF5,NidoranF,,00:24:35.22,00:24:47.79,01:37:21.15,33,0,0,24,47,79,BODY SLAM,SCRATCH,BITE,DOUBLE KICK,11,33,25,27,0,0,0,0,73,95,52,55,47,47,48,5870,6809,6942,5488,5488,6665,15,15,15,15,0,0,0,0,0,0,0,58,55,47,47,48,352440,110661,221680,18106,1993,7,0,0,3146,2896,250,0,232,62,59,3,0,0,6453,5192,612,611,309,21,135,0,0,0,0,0,21,0,16,0,0,4,5,0,0,0,0,0,0,0,0,0,0,0,8,5,0,0,0,0,7,2,0,0,0,0,1,129,32399,0,0,0,0,14,37,4,0,0,6,1,5,1,Flareon
4-26,08:12:37,NINTEN,NidoranF,Pokemaniac,5,Rock Tunnel,1,25:03.50,25:03,0h25m3s,0,1,1,33,1:38,7.931,BODY SLAM,SCRATCH,BITE,DOUBLE KICK,7,3185,233,60,3,329,313,208,15,13863,Flareon, ,Poison,Poison,33063,NidoranF5,NidoranF,,00:24:55.57,00:25:03.50,01:38:23.07,33,0,0,25,3,50,BODY SLAM,SCRATCH,BITE,DOUBLE KICK,8,33,25,27,0,0,0,0,48,95,52,55,47,47,48,5960,6874,7007,5528,5528,6680,15,15,15,15,0,0,0,0,0,0,0,58,55,47,47,48,356152,111294,223947,18918,1993,7,0,0,3185,2896,289,0,233,63,60,3,0,0,6552,5276,659,658,312,21,137,0,0,0,0,0,21,0,16,0,0,5,6,0,0,0,0,0,0,0,0,0,0,0,9,5,0,0,0,0,8,2,0,0,0,0,1,130,32928,0,0,0,0,14,37,4,0,0,6,1,5,1,Flareon
4-26,08:12:52,NINTEN,NidoranF,Status-Condition-Jr-Trainer,10,Rock Tunnel,2,25:18.92,25:18,0h25m18s,0,1,1,34,1:39,9.644,BODY SLAM,SCRATCH,BITE,DOUBLE KICK,7,3199,234,61,3,333,317,210,15,15113,Flareon, ,Poison,Poison,33731,NidoranF5,NidoranF,RTG4 - Status Jr Trainer,00:25:09.29,00:25:18.92,01:39:23.50,34,0,0,25,18,92,BODY SLAM,SCRATCH,BITE,DOUBLE KICK,7,32,23,27,0,0,0,0,98,98,54,57,48,48,49,6050,6973,7111,5668,5668,6755,15,15,15,15,0,0,0,0,0,0,0,60,57,48,48,49,359795,111698,226623,19481,1993,7,0,0,3199,2896,303,0,234,64,61,3,0,0,6693,5386,659,658,316,22,137,0,0,0,0,0,21,0,16,0,0,5,6,0,0,0,0,0,0,0,0,0,0,0,9,5,0,0,0,0,8,2,0,0,0,0,1,132,33596,0,0,0,0,14,37,4,0,0,6,1,5,1,Flareon
4-26,08:13:45,NINTEN,NidoranF,Selfdestructing Hiker,9,Rock Tunnel,3,26:11.97,26:11,0h26m11s,1,1,2,34,1:41,15.22,BODY SLAM,SCRATCH,BITE,DOUBLE KICK,8,3315,245,62,3,339,323,213,15,15553,Flareon, ,Poison,Poison,35108,NidoranF5,NidoranF,,00:25:56.75,00:26:11.97,01:41:31.26,34,1,0,26,11,97,BODY SLAM,SCRATCH,BITE,DOUBLE KICK,7,32,23,21,0,0,0,0,78,98,54,57,48,48,49,6185,7228,7426,5773,5773,6830,15,15,15,15,0,0,0,0,0,0,0,60,57,48,48,49,367457,114135,230962,20210,2150,8,1,0,3315,2896,419,0,245,65,62,3,0,0,6884,5545,679,678,322,23,139,0,0,0,0,0,21,0,16,0,0,5,6,0,0,0,0,0,0,0,0,0,0,0,9,5,0,0,0,0,8,2,0,0,0,0,1,135,34973,0,0,0,0,14,37,4,0,0,6,1,5,2,Flareon
4-26,08:14:09,NINTEN,NidoranF,Finisher,18,Rock Tunnel - 1,3,26:35.91,26:35,0h26m35s,1,1,2,34,1:43,12.185,BODY SLAM,SCRATCH,BITE,DOUBLE KICK,8,3367,254,63,3,343,327,216,14,16288,Flareon,Paralyzed,Poison,Poison,35971,NidoranF5,NidoranF,RTG6 - Finisher,00:26:23.72,00:26:35.91,01:43:05.52,34,1,0,26,35,91,BODY SLAM,SCRATCH,BITE,DOUBLE KICK,4,32,23,20,0,0,0,0,96,98,54,57,48,48,49,6310,7368,7556,5923,5923,7006,15,15,15,15,0,0,0,0,0,0,0,60,57,48,48,12,373123,115527,234246,21200,2150,8,1,0,3367,2896,471,0,254,66,63,3,0,0,7155,5695,681,680,326,23,141,0,0,0,0,0,22,0,16,0,0,5,6,1,0,0,0,0,0,0,0,0,0,0,9,5,2,0,0,0,8,2,0,0,0,0,1,138,35836,0,0,0,0,14,37,4,0,0,6,1,5,2,Flareon
4-26,08:14:32,NINTEN,NidoranF,Lass,16,Route 8,2,26:58.22,26:58,0h26m58s,1,1,2,35,1:44,8.13,BODY SLAM,SCRATCH,BITE,DOUBLE KICK,8,3463,265,64,3,345,329,216,15,16688,Flareon, ,Poison,Poison,36609,NidoranF5,NidoranF,,00:26:50.11,00:26:58.22,01:44:33.49,35,1,0,26,58,22,BODY SLAM,SCRATCH,BITE,DOUBLE KICK,15,35,25,28,0,0,0,0,101,101,55,59,50,50,51,6450,7458,7652,6043,6043,7076,15,15,15,15,0,0,0,0,0,0,0,61,59,50,50,51,378400,118401,236649,21200,2150,8,1,0,3463,2926,537,0,265,67,64,3,0,0,7293,5827,681,680,328,23,141,0,0,0,0,0,22,0,16,0,0,5,6,1,0,0,0,0,0,0,0,0,0,0,9,5,2,0,0,0,8,2,0,0,0,0,1,140,36474,0,0,0,0,15,37,4,0,0,6,1,5,2,Flareon
4-26,08:14:44,NINTEN,NidoranF,Gambler,7,Route 8,2,27:11.01,27:11,0h27m11s,1,1,2,35,1:45,7.337,BODY SLAM,SCRATCH,BITE,DOUBLE KICK,8,3471,266,65,3,348,332,217,15,17018,Flareon, ,Poison,Poison,37401,NidoranF5,NidoranF,,00:27:03.66,00:27:11.01,01:45:24.06,35,1,0,27,11,1,BODY SLAM,SCRATCH,BITE,DOUBLE KICK,12,35,25,28,0,0,0,0,101,101,55,59,50,50,51,6543,7569,7737,6158,6158,7201,15,15,15,15,0,-1,0,0,0,0,0,68,38,50,50,51,381417,118791,239276,21200,2150,8,1,0,3471,2934,537,0,266,68,65,3,0,0,7469,5947,681,680,331,23,142,0,0,0,0,0,22,0,16,0,0,5,6,1,0,0,0,0,0,0,0,0,0,0,9,5,2,0,0,0,8,2,0,0,0,0,1,142,37266,0,0,0,0,15,37,4,0,0,6,1,5,2,Flareon
4-26,08:15:01,NINTEN,NidoranF,Super Nerd,4,Route 8,3,27:27.49,27:27,0h27m27s,1,1,2,35,1:46,13.164,BODY SLAM,SCRATCH,BITE,DOUBLE KICK,8,3480,266,66,3,354,338,220,15,18698,Flareon, ,Poison,Poison,38986,NidoranF5,NidoranF,,00:27:14.32,00:27:27.49,01:46:29.06,35,1,0,27,27,49,BODY SLAM,SCRATCH,BITE,DOUBLE KICK,11,34,21,28,0,0,0,0,101,101,55,59,50,50,51,6808,7834,7912,6303,6303,7301,15,15,15,15,0,0,0,0,0,0,0,61,59,50,50,51,385317,119067,242900,21200,2150,8,1,0,3480,2943,537,0,266,69,66,3,0,0,7714,6168,681,680,337,25,145,0,0,0,0,0,24,0,16,0,0,5,6,1,0,0,0,0,0,0,0,0,0,0,9,5,2,0,0,0,8,2,0,0,0,0,1,145,38851,0,0,0,0,15,37,4,0,0,6,1,5,2,Flareon
4-26,08:15:18,NINTEN,NidoranF,Gambler,5,Route 8,3,27:44.31,27:44,0h27m44s,1,1,2,36,1:47,10.114,BODY SLAM,SCRATCH,BITE,DOUBLE KICK,8,3518,269,67,3,358,342,221,15,19248,Flareon, ,Poison,Poison,40328,NidoranF5,NidoranF,,00:27:34.19,00:27:44.31,01:47:35.28,36,1,0,27,44,31,BODY SLAM,SCRATCH,BITE,DOUBLE KICK,7,34,21,28,0,0,0,0,98,103,57,61,51,51,53,6953,7999,8057,6433,6433,7571,15,15,15,15,0,0,0,0,0,0,0,64,61,51,51,53,389299,120159,245790,21200,2150,8,1,0,3518,2981,537,0,269,70,67,3,0,0,7913,6338,686,685,341,25,146,0,0,0,0,0,24,0,16,0,0,5,6,1,0,0,0,0,0,0,0,0,0,0,9,5,2,0,0,0,8,2,0,0,0,0,1,148,40193,0,0,0,0,15,37,4,0,0,6,1,5,2,Flareon
4-26,08:15:37,NINTEN,NidoranF,Super Nerd,3,Route 8,4,28:03.23,28:03,0h28m3s,1,1,2,36,1:48,13.695,BODY SLAM,SCRATCH,BITE,DOUBLE KICK,8,3529,270,68,3,364,348,222,15,20788,Flareon, ,Poison,Poison,42078,NidoranF5,NidoranF,,00:27:49.54,00:28:03.23,01:48:50.01,36,1,0,28,3,23,BODY SLAM,SCRATCH,BITE,DOUBLE KICK,1,34,21,28,0,0,0,0,95,103,57,61,51,51,53,7098,8159,8322,6698,6698,7851,15,15,15,15,0,0,0,0,0,0,0,64,61,51,51,53,393772,120541,249881,21200,2150,8,1,0,3529,2992,537,0,270,71,68,3,0,0,8196,6528,689,688,347,25,147,0,0,0,0,0,24,0,16,0,0,5,8,1,0,0,0,0,0,0,0,0,0,0,9,5,2,0,0,0,10,3,0,0,0,0,1,152,41943,0,0,0,0,15,37,4,0,0,6,1,5,2,Flareon
4-26,08:16:19,NINTEN,NidoranF,Rocket,7,Celadon City - Game Corner,2,28:45.83,28:45,0h28m45s,1,1,2,36,1:51,7.692,BODY SLAM,SCRATCH,BITE,DOUBLE KICK,8,3735,280,69,3,366,350,223,14,21288,Flareon, ,Poison,Poison,42805,NidoranF5,NidoranF,,00:28:38.13,00:28:45.83,01:51:38.05,36,1,0,28,45,83,BODY SLAM,SCRATCH,BITE,DOUBLE KICK,14,35,25,29,0,0,0,0,95,103,57,61,51,51,53,7193,8285,8417,6788,6788,8003,15,15,15,15,0,0,0,0,0,0,0,64,61,51,51,53,403856,128018,252204,21484,2150,8,1,0,3735,3198,537,0,280,72,69,3,0,0,8345,6632,697,696,349,25,148,0,0,0,0,0,24,0,16,0,0,5,8,1,0,0,0,0,0,0,0,0,0,0,9,5,2,0,0,0,10,3,0,0,0,0,1,154,42670,0,0,0,0,18,37,4,0,0,6,1,5,2,Flareon
4-26,08:17:04,NINTEN,NidoranF,Rocket,13,Rocket Hideout 2,5,29:30.48,29:30,0h29m30s,1,1,2,37,1:54,17.301,BODY SLAM,SCRATCH,BITE,DOUBLE KICK,8,3909,290,70,3,372,356,224,15,21888,Flareon, ,Poison,Poison,44359,NidoranF5,NidoranF,,00:29:13.18,00:29:30.48,01:54:34.49,37,1,0,29,30,48,BODY SLAM,SCRATCH,BITE,DOUBLE KICK,11,34,24,28,0,0,0,0,95,106,59,63,53,53,54,7448,8601,8692,7018,7018,8270,15,15,15,15,0,0,0,0,0,0,0,66,63,53,53,54,414460,134036,256790,21484,2150,8,1,0,3909,3372,537,0,290,73,70,3,0,0,8709,6865,700,699,355,25,149,0,0,0,0,0,24,0,16,0,0,5,8,1,0,0,0,0,0,0,0,0,0,0,9,5,2,0,0,0,10,3,0,0,0,0,1,159,44224,0,0,0,0,21,37,4,0,0,6,1,5,2,Flareon
4-26,08:17:19,NINTEN,NidoranF,Rocket,15,Rocket Hideout 3,2,29:45.15,29:45,0h29m45s,1,1,2,37,1:55,9.111,BODY SLAM,SCRATCH,BITE,DOUBLE KICK,8,3923,291,71,3,376,360,226,15,22398,Flareon, ,Poison,Poison,45151,NidoranF5,NidoranF,,00:29:36.03,00:29:45.15,01:55:32.34,37,1,0,29,45,15,BODY SLAM,SCRATCH,BITE,DOUBLE KICK,7,34,24,28,0,0,0,0,83,106,59,63,53,53,54,7588,8761,8792,7088,7088,8340,15,15,15,15,0,0,0,0,0,0,0,66,63,53,53,54,417925,134504,259787,21484,2150,8,1,0,3923,3386,537,0,291,74,71,3,0,0,8972,6991,712,711,359,25,151,0,0,0,0,0,25,0,16,0,0,5,9,1,0,0,0,0,0,0,0,0,0,0,9,5,2,0,0,0,11,3,0,0,0,0,1,161,45016,0,0,0,0,21,37,4,0,0,6,1,5,2,Flareon
4-26,08:20:49,NINTEN,NidoranF,Surge,1,Vermilion City - Gym,1,33:15.07,33:15,0h33m15s,1,1,2,37,2:09,6.029,BODY SLAM,SCRATCH,BITE,DOUBLE KICK,10,4746,366,72,4,379,363,228,16,28,Flareon, ,Poison,Poison,45883,NidoranF5,NidoranF,Lt. Surge,00:33:09.04,00:33:15.07,02:09:21.48,37,1,0,33,15,7,BODY SLAM,SCRATCH,BITE,DOUBLE KICK,13,34,25,30,0,0,0,0,72,106,59,63,53,53,59,7648,8851,8847,7178,7178,21240,15,15,15,15,0,0,0,0,0,0,0,66,63,53,53,59,467679,170928,264090,30511,2150,10,1,0,4746,4144,602,0,366,76,72,4,0,0,9085,7092,746,745,362,25,153,0,0,0,0,0,25,0,16,0,0,5,9,1,0,0,0,0,0,0,0,0,0,0,9,5,2,0,0,0,11,3,0,0,0,0,1,162,45748,0,0,0,0,26,50,16,1,1,7,1,5,2,Flareon
4-26,08:21:59,NINTEN,NidoranF,Rival4-Pkmn Tower,3,Pokemon Tower - 2F,5,34:25.70,34:25,0h34m25s,1,1,2,38,2:14,23.994,BODY SLAM,THUNDERBOLT,BITE,DOUBLE KICK,11,4847,386,73,4,385,369,230,16,300,Flareon, ,Poison,Poison,48533,NidoranF5,NidoranF,Rival (Pokemon Tower),00:34:01.70,00:34:25.70,02:14:00.42,38,1,0,34,25,70,BODY SLAM,THUNDERBOLT,BITE,DOUBLE KICK,10,13,25,29,0,0,0,0,43,109,61,65,54,54,61,7873,9171,9217,7474,7474,21520,15,15,15,15,0,0,0,0,0,0,0,68,73,54,54,61,484413,178291,270300,33672,2150,11,1,0,4847,4245,602,0,386,77,73,4,0,0,9525,7398,778,777,368,25,155,0,0,0,0,0,26,0,16,0,0,5,9,1,0,0,0,0,0,0,0,0,0,0,9,5,2,0,0,0,11,3,0,0,0,0,1,167,48398,0,0,0,0,26,59,17,1,1,8,1,5,2,Flareon
4-26,08:23:04,NINTEN,NidoranF,Agatha Jr,10,Pokemon Tower - 4F,2,35:30.14,35:30,0h35m30s,2,1,3,38,2:16,10.215,BODY SLAM,THUNDERBOLT,BITE,DOUBLE KICK,13,4898,391,74,7,389,373,232,16,1925,Flareon,Paralyzed,Poison,Poison,49469,NidoranF5,NidoranF,,00:35:19.92,00:35:30.14,02:16:52.50,38,2,0,35,30,14,BODY SLAM,THUNDERBOLT,BITE,DOUBLE KICK,10,9,25,29,0,0,0,0,103,109,61,65,54,54,61,7933,9241,9277,7674,7674,21680,15,15,15,15,0,0,0,0,0,0,0,68,73,54,54,15,494746,180363,275649,36428,2306,13,2,0,4898,4296,602,0,391,81,74,7,3,0,9648,7498,784,783,372,25,157,0,0,0,0,0,26,0,16,0,0,5,10,2,0,0,0,0,0,0,0,0,0,0,9,5,3,0,0,0,12,3,0,0,0,0,1,169,49334,0,0,0,0,26,59,17,1,1,8,1,5,3,Flareon
4-26,08:23:35,NINTEN,NidoranF,Channeler,21,Pokemon Tower - 6F,1,36:01.21,36:01,0h36m1s,2,1,3,38,2:18,6.082,BODY SLAM,THUNDERBOLT,BITE,DOUBLE KICK,14,5001,422,75,7,391,375,233,18,2615,Flareon, ,Poison,Poison,49956,NidoranF5,NidoranF,,00:35:55.12,00:36:01.21,02:18:55.56,38,2,0,36,1,21,BODY SLAM,THUNDERBOLT,BITE,DOUBLE KICK,15,13,25,30,0,0,0,0,103,109,61,65,54,54,61,7963,9276,9307,7774,7774,21760,15,15,15,15,0,0,0,0,0,0,0,68,73,54,54,61,502132,184971,277501,37354,2306,14,2,0,5001,4399,602,0,422,82,75,7,3,0,9706,7550,790,789,374,25,158,0,0,0,0,0,26,0,17,0,0,5,11,2,0,0,0,0,0,0,0,0,0,0,9,5,3,0,0,0,13,3,0,0,0,0,1,170,49821,0,0,0,0,30,59,17,1,1,8,1,5,3,Flareon
4-26,08:23:46,NINTEN,NidoranF,Channeler,20,Pokemon Tower - 6F,1,36:12.94,36:12,0h36m12s,2,1,3,38,2:19,8.97,BODY SLAM,THUNDERBOLT,BITE,DOUBLE KICK,14,5010,423,76,7,395,377,236,18,3335,Flareon, ,Poison,Poison,50443,NidoranF5,NidoranF,,00:36:03.97,00:36:12.94,02:19:42.16,38,2,0,36,12,94,BODY SLAM,THUNDERBOLT,BITE,DOUBLE KICK,15,11,25,30,0,0,0,0,51,109,61,65,54,54,61,7993,9311,9337,7874,7874,21840,15,15,15,15,0,0,0,0,0,0,0,68,73,54,54,61,504912,185213,280039,37354,2306,14,2,0,5010,4408,602,0,423,83,76,7,3,0,9765,7602,842,841,376,26,161,0,0,0,0,0,26,0,17,0,0,6,11,2,0,0,0,0,0,0,0,0,0,0,11,7,3,0,0,0,13,3,0,0,0,0,1,171,50308,0,0,0,0,30,59,17,1,1,8,1,5,3,Flareon
4-26,08:24:21,NINTEN,NidoranF,Rocket,44,Pokemon Tower - 7F,3,36:47.91,36:47,0h36m47s,2,1,3,39,2:22,15.387,BODY SLAM,THUNDERBOLT,BITE,DOUBLE KICK,15,5035,425,77,8,401,383,239,18,4055,Flareon, ,Poison,Poison,52692,NidoranF5,NidoranF,,00:36:32.53,00:36:47.91,02:22:00.12,39,2,0,36,47,91,BODY SLAM,THUNDERBOLT,BITE,DOUBLE KICK,15,6,25,29,0,0,0,0,101,112,62,66,56,56,63,8158,9531,9561,8064,8064,22070,15,15,15,15,0,0,0,0,0,0,0,69,74,56,56,63,513188,186987,285241,38654,2306,15,2,0,5035,4433,602,0,425,85,77,8,3,0,10024,7813,853,852,382,26,164,0,0,0,0,0,26,0,17,0,0,6,12,2,0,0,0,0,0,0,0,0,0,0,11,7,3,0,0,0,14,3,0,0,0,0,1,174,52557,0,0,0,0,31,59,17,1,1,8,1,5,3,Flareon
4-26,08:26:08,NINTEN,NidoranF,Bird Keeper,10,Route 18,4,38:34.63,38:34,0h38m34s,2,1,3,39,2:29,11.569,BODY SLAM,THUNDERBOLT,BITE,DOUBLE KICK,15,5481,456,78,9,409,391,240,17,465,Flareon, ,Poison,Poison,55219,NidoranF5,NidoranF,,00:38:23.06,00:38:34.63,02:29:01.10,39,2,0,38,34,63,BODY SLAM,THUNDERBOLT,BITE,DOUBLE KICK,15,11,25,26,0,0,0,0,112,112,62,66,56,56,63,8503,9911,9781,8283,8283,24970,15,15,15,15,0,0,0,0,0,0,0,69,74,56,56,63,538446,202925,291676,41539,2306,15,2,0,5481,4670,811,0,456,87,78,9,3,0,10835,8268,853,852,390,26,164,0,0,0,0,0,27,0,17,0,0,6,12,2,0,0,0,0,0,0,0,0,0,0,11,7,3,0,0,0,14,3,0,1,0,0,1,179,55084,0,0,0,0,33,69,19,1,1,8,1,5,3,Flareon
4-26,08:26:21,NINTEN,NidoranF,Bird Keeper,8,Route 18,2,38:47.53,38:47,0h38m47s,2,1,3,39,2:29,9.01,BODY SLAM,THUNDERBOLT,BITE,DOUBLE KICK,15,5485,456,79,9,412,394,243,17,1115,Flareon, ,Poison,Poison,56585,NidoranF5,NidoranF,,00:38:38.51,00:38:47.53,02:29:52.00,39,2,0,38,47,53,BODY SLAM,THUNDERBOLT,BITE,DOUBLE KICK,15,8,25,26,0,0,0,0,92,112,62,66,56,56,63,8608,10061,9876,8375,8375,25140,15,15,15,15,0,0,0,0,0,0,0,69,74,56,56,63,541496,203341,294310,41539,2306,15,2,0,5485,4674,811,0,456,88,79,9,3,0,11111,8415,873,872,393,26,165,0,0,0,0,0,27,0,17,0,0,6,12,2,0,0,0,0,0,0,0,0,0,0,11,7,3,0,0,0,14,3,0,1,0,0,1,181,56450,0,0,0,0,33,69,19,1,1,8,1,5,3,Flareon
4-26,08:26:32,NINTEN,NidoranF,Bird Keeper,9,Route 18,1,38:58.11,38:58,0h38m58s,2,1,3,40,2:30,7.363,BODY SLAM,THUNDERBOLT,BITE,DOUBLE KICK,15,5489,457,80,9,414,396,245,17,1840,Flareon, ,Poison,Poison,57735,NidoranF5,NidoranF,,00:38:50.75,00:38:58.11,02:30:33.47,40,2,0,38,58,11,BODY SLAM,THUNDERBOLT,BITE,DOUBLE KICK,15,6,25,26,0,0,0,0,95,115,64,68,58,58,65,8668,10171,9946,8435,8435,25240,15,15,15,15,-2,0,0,0,0,0,0,36,76,58,58,65,544003,203590,296568,41539,2306,15,2,0,5489,4678,811,0,457,89,80,9,3,0,11251,8505,873,872,395,26,167,0,0,0,0,0,27,0,17,0,0,6,12,2,0,0,0,0,0,0,0,0,0,0,11,7,3,0,0,0,14,3,0,1,0,0,1,182,57600,0,0,0,0,33,69,19,1,1,8,1,5,3,Flareon
4-26,08:27:52,NINTEN,NidoranF,Lass,17,Celadon City - Gym,2,40:18.95,40:18,0h40m18s,2,1,3,40,2:35,5.825,BODY SLAM,THUNDERBOLT,BITE,DOUBLE KICK,16,6018,485,81,9,416,398,245,19,2190,Flareon, ,Poison,Poison,58893,NidoranF5,NidoranF,,00:40:13.12,00:40:18.95,02:35:52.45,40,2,0,40,18,95,BODY SLAM,THUNDERBOLT,BITE,DOUBLE KICK,13,15,25,30,0,0,0,0,115,115,65,68,58,58,66,8783,12896,10031,8590,8590,27895,15,15,15,15,0,0,0,0,0,0,0,73,76,58,58,66,563141,215406,298787,46642,2306,16,2,0,6018,4868,1150,0,485,90,81,9,3,0,11410,8630,873,872,397,26,167,0,0,0,0,0,27,0,17,0,0,6,12,2,0,0,0,0,0,0,0,0,0,0,11,7,3,0,0,0,14,3,0,1,0,0,1,184,58758,0,0,0,0,37,69,19,1,1,9,1,5,3,Flareon
4-26,08:28:02,NINTEN,NidoranF,Beauty,2,Celadon City - Gym,2,40:28.58,40:28,0h40m28s,2,1,3,40,2:36,6.258,BODY SLAM,THUNDERBOLT,BITE,DOUBLE KICK,16,6021,485,82,9,418,400,245,19,2535,Flareon, ,Poison,Poison,59757,NidoranF5,NidoranF,,00:40:22.33,00:40:28.58,02:36:30.44,40,2,0,40,28,58,BODY SLAM,THUNDERBOLT,BITE,DOUBLE KICK,11,15,25,30,0,0,0,0,115,115,65,68,58,58,66,8883,13046,10101,8730,8730,27975,15,15,15,15,0,0,0,0,0,0,0,73,76,58,58,66,565420,215719,300753,46642,2306,16,2,0,6021,4871,1150,0,485,91,82,9,3,0,11577,8752,873,872,399,26,167,0,0,0,0,0,27,0,17,0,0,6,12,2,0,0,0,0,0,0,0,0,0,0,11,7,3,0,0,0,14,3,0,1,0,0,1,186,59622,0,0,0,0,37,69,19,1,1,9,1,5,3,Flareon
4-26,08:28:17,NINTEN,NidoranF,Beauty,1,Celadon City - Gym,4,40:43.63,40:43,0h40m43s,2,1,3,40,2:37,11.443,BODY SLAM,THUNDERBOLT,BITE,DOUBLE KICK,16,6030,487,83,9,422,404,245,19,4215,Flareon, ,Poison,Poison,61215,NidoranF5,NidoranF,,00:40:32.18,00:40:43.63,02:37:29.58,40,2,0,40,43,63,BODY SLAM,THUNDERBOLT,BITE,DOUBLE KICK,9,15,23,30,0,0,0,0,115,115,65,68,58,58,66,9073,13296,10281,9020,9020,28115,15,15,15,15,0,0,0,0,0,0,0,73,76,58,58,66,568974,216079,303947,46642,2306,16,2,0,6030,4880,1150,0,487,92,83,9,3,0,11832,8968,873,872,403,26,167,0,0,0,0,0,27,0,17,0,0,6,12,2,0,0,0,0,0,0,0,0,0,0,11,7,3,0,0,0,14,3,0,1,0,0,1,190,61080,0,0,0,0,37,69,19,1,1,9,1,5,3,Flareon
4-26,08:28:28,NINTEN,NidoranF,Jr Trainer F,11,Celadon City - Gym,2,40:54.67,40:54,0h40m54s,2,1,3,41,2:38,7.54,BODY SLAM,THUNDERBOLT,BITE,DOUBLE KICK,16,6037,488,84,9,424,406,245,19,5685,Flareon, ,Poison,Poison,62267,NidoranF5,NidoranF,,00:40:47.12,00:40:54.67,02:38:13.29,41,2,0,40,54,67,BODY SLAM,THUNDERBOLT,BITE,DOUBLE KICK,8,15,22,30,0,0,0,0,118,118,67,70,59,59,68,9178,13407,10393,9165,9165,28220,15,15,15,15,0,0,0,0,0,0,0,75,78,59,59,68,571585,216406,306231,46642,2306,16,2,0,6037,4887,1150,0,488,93,84,9,3,0,11960,9093,873,872,405,26,167,0,0,0,0,0,28,0,17,0,0,6,12,2,0,0,0,0,0,0,0,0,0,0,11,7,3,0,0,0,14,3,0,1,0,0,1,192,62132,0,0,0,0,37,69,19,1,1,9,1,5,3,Flareon
4-26,08:28:48,NINTEN,NidoranF,Lass,18,Celadon City - Gym,2,41:14.38,41:14,0h41m14s,2,1,3,41,2:39,13.238,BODY SLAM,THUNDERBOLT,BITE,DOUBLE KICK,16,6039,492,85,9,431,409,250,19,6165,Flareon, ,Poison,Poison,63300,NidoranF5,NidoranF,,00:41:01.15,00:41:14.38,02:39:31.17,41,2,0,41,14,38,BODY SLAM,THUNDERBOLT,BITE,DOUBLE KICK,7,15,20,30,0,0,0,0,107,118,67,70,59,59,68,9283,13522,10518,9325,9325,28290,15,15,15,15,0,0,0,0,0,0,0,75,78,59,59,68,576253,216745,310215,46987,2306,16,2,0,6039,4889,1150,0,492,94,85,9,3,0,12128,9219,884,883,408,26,172,0,0,0,0,0,29,0,18,0,0,6,12,2,0,0,0,0,0,0,0,0,0,0,11,7,3,0,0,0,14,3,3,1,0,0,1,194,63165,0,0,0,0,37,69,19,1,1,9,1,5,3,Flareon
4-26,08:29:06,NINTEN,NidoranF,Cooltrainer F,1,Celadon City - Gym,3,41:32.40,41:32,0h41m32s,2,1,3,41,2:40,14.841,BODY SLAM,THUNDERBOLT,BITE,DOUBLE KICK,16,6040,492,86,9,437,415,252,19,6510,Flareon, ,Poison,Poison,65477,NidoranF5,NidoranF,,00:41:17.57,00:41:32.40,02:40:42.21,41,2,0,41,32,40,BODY SLAM,THUNDERBOLT,BITE,DOUBLE KICK,5,15,16,30,0,0,0,0,105,118,67,70,59,59,68,9468,13739,10701,9575,9575,28445,15,15,15,15,-1,0,0,0,0,0,0,49,87,59,59,68,580517,217030,314194,46987,2306,16,2,0,6040,4890,1150,0,492,95,86,9,3,0,12408,9488,886,885,414,26,174,0,0,0,0,0,29,0,18,0,0,6,13,2,0,0,0,0,0,0,0,0,0,0,11,7,3,0,0,0,14,3,3,1,0,0,1,197,65342,0,0,0,0,37,69,19,1,1,9,1,5,3,Flareon
4-26,08:29:14,NINTEN,NidoranF,Beauty,3,Celadon City - Gym,1,41:40.65,41:40,0h41m40s,2,1,3,41,2:41,5.045,BODY SLAM,THUNDERBOLT,BITE,DOUBLE KICK,16,6042,492,87,9,439,417,253,19,7350,Flareon, ,Poison,Poison,66023,NidoranF5,NidoranF,,00:41:35.60,00:41:40.65,02:41:14.52,41,2,0,41,40,65,BODY SLAM,THUNDERBOLT,BITE,DOUBLE KICK,3,15,16,30,0,0,0,0,105,118,67,70,59,59,68,9528,13779,10781,9635,9635,28485,15,15,15,15,0,0,0,0,0,0,0,75,78,59,59,68,582468,217283,315892,46987,2306,16,2,0,6042,4892,1150,0,492,96,87,9,3,0,12497,9559,886,885,416,26,175,0,0,0,0,0,30,0,18,0,0,6,13,2,0,0,0,0,0,0,0,0,0,0,11,7,3,0,0,0,14,3,3,1,0,0,1,198,65888,0,0,0,0,37,69,19,1,1,9,1,5,3,Flareon
4-26,08:29:52,NINTEN,NidoranF,Erika,1,Celadon City - Gym,3,42:18.05,42:18,0h42m18s,2,1,3,42,2:43,21.2,BODY SLAM,THUNDERBOLT,BITE,DOUBLE KICK,17,6044,493,88,9,452,424,260,19,9170,Flareon, ,Poison,Poison,69028,NidoranF5,NidoranF,Erika,00:41:56.85,00:42:18.05,02:43:42.45,42,2,0,42,18,5,BODY SLAM,THUNDERBOLT,BITE,DOUBLE KICK,6,15,16,30,0,0,0,0,56,120,69,72,61,61,69,9718,13989,11016,9905,9905,28640,15,15,15,15,0,-1,0,0,0,0,0,86,52,61,61,69,591341,218075,321419,49541,2306,17,2,0,6044,4894,1150,0,493,97,88,9,3,0,12803,9815,950,949,423,26,181,0,0,0,0,0,31,0,20,0,0,6,14,2,0,0,0,0,0,0,0,0,0,0,11,7,3,0,0,0,15,4,6,1,0,0,1,201,68893,0,0,0,0,37,69,19,1,1,9,1,5,3,Flareon
4-26,08:31:09,NINTEN,NidoranF,Biker,5,Route 16,2,43:35.27,43:35,0h43m35s,2,1,3,42,2:48,9.987,BODY SLAM,THUNDERBOLT,BITE,DOUBLE KICK,18,6306,514,89,9,456,428,262,19,138,Flareon, ,Poison,Poison,70294,NidoranF5,NidoranF,,00:43:25.29,00:43:35.27,02:48:46.25,42,2,0,43,35,27,BODY SLAM,THUNDERBOLT,BITE,DOUBLE KICK,15,12,24,30,0,0,0,0,120,120,70,72,61,61,69,9838,16694,11161,10005,10005,28700,15,15,15,15,0,0,0,0,0,0,0,78,81,61,61,69,609561,229989,324718,52548,2306,18,2,0,6306,5155,1151,0,514,98,89,9,3,0,12997,9971,950,949,427,27,182,0,0,0,0,0,31,0,20,0,0,6,14,2,0,0,0,0,0,0,0,0,0,0,11,7,3,0,0,0,15,4,6,1,0,0,1,203,70159,0,0,0,0,37,71,21,1,1,9,1,5,3,Flareon
4-26,08:31:27,NINTEN,NidoranF,Cue Ball,1,Route 16,3,43:53.66,43:53,0h43m53s,2,1,3,42,2:49,15.469,BODY SLAM,THUNDERBOLT,BITE,DOUBLE KICK,18,6310,516,90,9,462,434,265,19,718,Flareon, ,Poison,Poison,71794,NidoranF5,NidoranF,,00:43:38.19,00:43:53.66,02:49:59.01,42,2,0,43,53,66,BODY SLAM,THUNDERBOLT,BITE,DOUBLE KICK,14,11,20,30,0,0,0,0,101,120,70,72,61,61,69,10018,16934,11296,10110,10110,28840,15,15,15,15,0,-1,0,0,0,0,0,87,52,61,61,69,613917,230161,328902,52548,2306,18,2,0,6310,5155,1155,0,516,99,90,9,3,0,13323,10197,969,968,433,27,185,0,0,0,0,0,31,0,20,0,0,6,14,2,0,0,0,0,0,0,0,0,0,0,11,7,3,0,0,0,15,4,6,1,0,0,1,206,71659,0,0,0,0,37,71,21,1,1,9,1,5,3,Flareon
4-26,08:31:38,NINTEN,NidoranF,Cue Ball,2,Route 16,2,44:04.89,44:04,0h44m4s,2,1,3,43,2:50,8.532,BODY SLAM,THUNDERBOLT,BITE,DOUBLE KICK,18,6312,517,91,9,465,437,266,19,1418,Flareon, ,Poison,Poison,72799,NidoranF5,NidoranF,,00:43:56.36,00:44:04.89,02:50:43.13,43,2,0,44,4,89,BODY SLAM,THUNDERBOLT,BITE,DOUBLE KICK,13,11,18,30,0,0,0,0,95,123,72,73,63,63,71,10128,17094,11381,10180,10180,28945,15,15,15,15,0,0,0,0,0,0,0,81,82,63,63,71,616569,230293,331422,52548,2306,18,2,0,6312,5155,1157,0,517,100,91,9,3,0,13488,10347,978,977,436,27,186,0,0,0,0,0,31,0,20,0,0,6,14,2,0,0,0,0,0,0,0,0,0,0,11,7,3,0,0,0,15,4,6,1,0,0,1,208,72664,0,0,0,0,37,71,21,1,1,9,1,5,3,Flareon
4-26,08:31:50,NINTEN,NidoranF,Biker,6,Route 16,1,44:16.31,44:16,0h44m16s,2,1,3,43,2:51,6.965,BODY SLAM,THUNDERBOLT,BITE,DOUBLE KICK,18,6315,518,92,9,468,440,268,19,2143,Flareon, ,Poison,Poison,74021,NidoranF5,NidoranF,,00:44:09.34,00:44:16.31,02:51:28.13,43,2,0,44,16,31,BODY SLAM,THUNDERBOLT,BITE,DOUBLE KICK,13,8,18,30,0,0,0,0,83,123,72,73,63,63,71,10193,17184,11501,10265,10265,29005,15,15,15,15,0,0,0,0,0,0,0,81,82,63,63,71,619269,230483,333932,52548,2306,18,2,0,6315,5155,1160,0,518,101,92,9,3,0,13586,10438,990,989,439,27,188,0,0,0,0,0,31,0,20,0,0,6,14,2,0,0,0,0,0,0,0,0,0,0,11,7,3,0,0,0,15,4,6,1,0,0,1,209,73886,0,0,0,0,37,71,21,1,1,9,1,5,3,Flareon
4-26,08:31:59,NINTEN,NidoranF,Cue Ball,3,Route 16,1,44:25.62,44:25,0h44m25s,2,1,3,43,2:52,6.138,BODY SLAM,THUNDERBOLT,BITE,DOUBLE KICK,18,6318,519,93,9,470,442,269,19,2803,Flareon, ,Poison,Poison,74642,NidoranF5,NidoranF,,00:44:19.49,00:44:25.62,02:52:04.54,43,2,0,44,25,62,BODY SLAM,THUNDERBOLT,BITE,DOUBLE KICK,12,7,18,30,0,0,0,0,75,123,72,73,63,63,71,10263,17264,11551,10300,10300,29040,15,15,15,15,0,0,0,0,0,0,0,81,82,63,63,71,621470,230744,335872,52548,2306,18,2,0,6318,5155,1163,0,519,102,93,9,3,0,13711,10532,998,997,441,27,189,0,0,0,0,0,31,0,20,0,0,6,14,2,0,0,0,0,0,0,0,0,0,0,11,7,3,0,0,0,15,4,6,1,0,0,1,210,74507,0,0,0,0,37,71,21,1,1,9,1,5,3,Flareon
4-26,08:32:18,NINTEN,NidoranF,Biker,7,Route 16,4,44:44.24,44:44,0h44m44s,2,1,3,43,2:53,15.117,BODY SLAM,THUNDERBOLT,BITE,DOUBLE KICK,18,6322,519,94,9,478,450,272,19,3628,Flareon, ,Poison,Poison,76646,NidoranF5,NidoranF,,00:44:29.12,00:44:44.24,02:53:18.13,43,2,0,44,44,24,BODY SLAM,THUNDERBOLT,BITE,DOUBLE KICK,12,7,10,30,0,0,0,0,57,123,72,73,63,63,71,10583,17584,11751,10460,10460,29140,15,15,15,15,0,0,0,0,0,0,0,81,82,63,63,71,625869,231069,339946,52548,2306,18,2,0,6322,5155,1167,0,519,103,94,9,3,0,14105,10856,1016,1015,449,27,192,0,0,0,0,0,31,0,20,0,0,6,14,2,0,0,0,0,0,0,0,0,0,0,11,7,3,0,0,0,15,4,6,1,0,0,1,214,76511,0,0,0,0,37,71,21,1,1,9,1,5,3,Flareon
4-26,08:32:42,NINTEN,NidoranF,Biker,8,Route 17,3,45:08.18,45:08,0h45m8s,2,1,3,44,2:54,17.09,BODY SLAM,THUNDERBOLT,BITE,DOUBLE KICK,18,6347,519,95,9,486,458,277,19,4148,Flareon, ,Poison,Poison,79406,NidoranF5,NidoranF,,00:44:51.07,00:45:08.18,02:54:52.36,44,2,0,45,8,18,BODY SLAM,THUNDERBOLT,BITE,DOUBLE KICK,12,2,7,30,0,0,0,0,93,127,74,75,64,64,72,10753,17829,12086,10690,10690,29295,15,15,15,15,0,0,0,0,0,0,0,83,84,64,64,72,631532,231645,344498,53083,2306,18,2,0,6347,5155,1192,0,519,104,95,9,3,0,14382,11076,1034,1033,457,29,195,0,0,0,0,0,31,0,21,0,0,6,14,2,0,0,0,0,0,0,0,0,0,0,11,7,3,0,0,0,15,4,6,1,0,0,1,217,79271,0,0,0,0,37,71,21,1,1,9,1,5,3,Flareon
4-26,08:32:57,NINTEN,NidoranF,Cue Ball,5,Route 17,2,45:23.76,45:23,0h45m23s,2,1,3,44,2:55,10.837,BODY SLAM,THUNDERBOLT,BITE,DOUBLE KICK,18,6354,526,96,9,491,463,280,19,4708,Flareon, ,Poison,Poison,80858,NidoranF5,NidoranF,,00:45:12.92,00:45:23.76,02:55:54.03,44,2,0,45,23,76,BODY SLAM,THUNDERBOLT,BITE,DOUBLE KICK,11,0,5,30,0,0,0,0,76,127,74,75,64,64,72,10903,18009,12206,10775,10775,29375,15,15,15,15,0,-1,0,0,0,0,0,93,55,64,64,72,635219,231925,347905,53083,2306,18,2,0,6354,5155,1199,0,526,105,96,9,3,0,14597,11250,1051,1050,461,31,197,0,0,0,0,0,31,0,21,0,0,6,14,2,0,0,0,0,0,0,0,0,0,0,11,7,3,0,0,0,15,4,6,1,0,0,1,219,80723,0,0,0,0,37,71,21,1,1,9,1,5,3,Flareon
4-26,08:33:20,NINTEN,NidoranF,Cue Ball,4,Route 17,2,45:46.88,45:46,0h45m46s,2,1,3,44,2:57,8.061,BODY SLAM,THUNDERBOLT,BITE,DOUBLE KICK,18,6366,534,97,10,495,467,280,19,5433,Flareon, ,Poison,Poison,82598,NidoranF5,NidoranF,,00:45:38.81,00:45:46.88,02:57:25.07,44,2,0,45,46,88,BODY SLAM,THUNDERBOLT,BITE,DOUBLE KICK,9,9,4,30,0,0,0,0,76,127,74,75,64,64,72,11043,18279,12346,10905,10905,29615,15,15,15,15,0,0,0,0,0,0,0,83,84,64,64,72,640683,232682,351373,54322,2306,18,2,0,6366,5155,1211,0,534,107,97,10,3,0,15089,11458,1051,1050,465,31,197,0,0,0,0,0,32,0,21,0,0,6,15,2,0,0,0,0,0,0,0,0,0,0,11,7,3,0,0,0,16,5,6,1,0,0,1,222,82463,0,0,0,0,37,71,21,1,1,9,1,5,3,Flareon
4-26,08:33:33,NINTEN,NidoranF,Biker,10,Route 17,2,45:59.81,45:59,0h45m59s,2,1,3,45,2:58,9.341,BODY SLAM,THUNDERBOLT,BITE,DOUBLE KICK,18,6383,544,98,10,498,470,281,19,6158,Flareon, ,Poison,Poison,83876,NidoranF5,NidoranF,,00:45:50.46,00:45:59.81,02:58:16.10,45,2,0,45,59,81,BODY SLAM,THUNDERBOLT,BITE,DOUBLE KICK,7,9,3,30,0,0,0,0,78,129,76,77,66,66,74,11123,18339,12446,11015,11015,29815,15,15,15,15,0,0,0,0,0,0,0,85,86,66,66,74,643746,233032,354086,54322,2306,18,2,0,6383,5155,1228,0,544,108,98,10,3,0,15298,11590,1051,1050,468,31,198,0,0,0,0,0,33,0,21,0,0,6,15,2,0,0,0,0,0,0,0,0,0,0,11,7,3,0,0,0,16,5,6,1,0,0,1,224,83741,0,0,0,0,37,71,21,1,1,9,1,5,3,Flareon
4-26,08:33:45,NINTEN,NidoranF,Cue Ball,6,Route 17,1,46:11.33,46:11,0h46m11s,2,1,3,45,2:59,6.049,BODY SLAM,THUNDERBOLT,BITE,DOUBLE KICK,18,6410,549,99,10,500,472,282,19,6738,Flareon, ,Poison,Poison,84908,NidoranF5,NidoranF,,00:46:05.29,00:46:11.33,02:59:01.33,45,2,0,46,11,33,BODY SLAM,THUNDERBOLT,BITE,DOUBLE KICK,7,7,3,30,0,0,0,0,78,129,76,77,66,66,74,11203,18439,12516,11065,11065,29860,15,15,15,15,0,-1,0,0,0,0,0,95,56,66,66,74,646469,233478,356363,54322,2306,18,2,0,6410,5155,1255,0,549,109,99,10,3,0,15404,11691,1051,1050,470,31,199,0,0,0,0,0,33,0,21,0,0,6,15,2,0,0,0,0,0,0,0,0,0,0,11,7,3,0,0,0,16,5,6,1,0,0,1,225,84773,0,0,0,0,37,71,21,1,1,9,1,5,3,Flareon
4-26,08:33:59,NINTEN,NidoranF,Cue Ball,8,Route 17,2,46:25.06,46:25,0h46m25s,2,1,3,45,2:59,9.168,BODY SLAM,THUNDERBOLT,BITE,DOUBLE KICK,18,6453,549,100,10,504,476,284,19,7563,Flareon, ,Poison,Poison,86739,NidoranF5,NidoranF,,00:46:15.89,00:46:25.06,02:59:55.38,45,2,0,46,25,6,BODY SLAM,THUNDERBOLT,BITE,DOUBLE KICK,5,5,3,30,0,0,0,0,70,129,76,77,66,66,74,11348,18644,12646,11175,11175,30000,15,15,15,15,0,0,0,0,0,0,0,85,86,66,66,74,649714,234062,359024,54322,2306,18,2,0,6453,5155,1298,0,549,110,100,10,3,0,15657,11862,1059,1058,474,31,200,0,0,0,0,0,33,0,21,0,0,6,15,2,0,0,0,0,0,0,0,0,0,0,11,7,3,0,0,0,16,5,6,1,0,0,1,227,86604,0,0,0,0,37,71,21,1,1,9,1,5,3,Flareon
4-26,08:34:32,NINTEN,NidoranF,Biker,12,Route 17,5,46:58.16,46:58,0h46m58s,2,1,3,46,3:02,19.873,BODY SLAM,THUNDERBOLT,BITE,DOUBLE KICK,18,6481,555,101,10,513,485,288,18,8288,Flareon, ,Poison,Poison,90419,NidoranF5,NidoranF,,00:46:38.29,00:46:58.16,03:02:06.15,46,2,0,46,58,16,BODY SLAM,THUNDERBOLT,BITE,DOUBLE KICK,5,6,3,30,0,0,0,0,96,132,77,79,68,68,76,11598,19019,13171,11525,11525,30225,15,15,15,15,0,0,0,0,0,0,0,86,88,68,68,76,657551,234607,364226,56412,2306,18,2,0,6481,5155,1326,0,555,111,101,10,3,0,16131,12181,1086,1085,483,31,204,0,0,0,0,0,33,0,22,0,0,6,15,2,0,0,0,0,0,0,0,0,0,0,11,7,3,0,0,0,16,5,6,1,0,0,1,232,90284,0,0,0,0,37,71,21,1,1,9,1,5,3,Flareon
4-26,08:35:04,NINTEN,NidoranF,Jr Trainer F,23,Route 15,3,47:30.63,47:30,0h47m30s,2,1,3,46,3:04,15.958,BODY SLAM,THUNDERBOLT,BITE,DOUBLE KICK,18,6633,561,102,10,520,490,294,19,8788,Flareon,Paralyzed,Poison,Poison,92455,NidoranF5,NidoranF,,00:47:14.68,00:47:30.63,03:04:14.13,46,2,0,47,30,63,BODY SLAM,THUNDERBOLT,BITE,DOUBLE KICK,1,6,2,30,0,0,0,0,71,132,77,79,68,68,76,11758,19199,13376,11770,11770,30355,15,15,15,15,0,-1,0,0,0,0,0,96,58,68,68,4,665229,237649,368862,56412,2306,18,2,0,6633,5246,1387,0,561,112,102,10,3,0,16429,12403,1111,1110,488,31,210,0,0,0,0,0,33,0,23,0,0,6,15,3,0,0,0,0,0,0,0,0,0,0,11,7,8,2,0,0,16,5,6,1,0,0,1,235,92320,0,0,0,0,38,71,21,1,1,9,1,5,3,Flareon
4-26,08:35:34,NINTEN,NidoranF,Blackbelt,5,Saffron City - Fighting Dojo,3,48:00.66,48:00,0h48m0s,2,1,3,46,3:06,12.714,BODY SLAM,THUNDERBOLT,BITE,DOUBLE KICK,18,6709,569,103,10,525,495,296,19,9368,Flareon, ,Poison,Poison,94516,NidoranF5,NidoranF,,00:47:47.95,00:48:00.66,03:06:12.34,46,2,0,48,0,66,BODY SLAM,THUNDERBOLT,BITE,DOUBLE KICK,14,13,23,30,0,0,0,0,113,132,77,79,68,68,76,11933,19464,13521,11900,11900,30555,15,15,15,15,0,0,0,0,0,0,0,86,88,68,68,76,672330,240431,372456,57137,2306,18,2,0,6709,5260,1449,0,569,113,103,10,3,0,16724,12648,1130,1129,493,31,211,0,0,0,0,0,33,0,24,0,0,6,15,3,0,0,0,0,0,0,0,0,0,0,11,7,8,2,0,0,16,5,6,1,0,0,1,238,94381,0,0,0,0,38,71,21,1,1,9,1,5,3,Flareon
4-26,08:35:47,NINTEN,NidoranF,Blackbelt,3,Saffron City - Fighting Dojo,2,48:13.95,48:13,0h48m13s,2,1,3,47,3:07,10.469,BODY SLAM,THUNDERBOLT,BITE,DOUBLE KICK,18,6710,569,104,10,529,499,297,19,10143,Flareon, ,Poison,Poison,96119,NidoranF5,NidoranF,,00:48:03.48,00:48:13.95,03:07:04.58,47,2,0,48,13,95,BODY SLAM,THUNDERBOLT,BITE,DOUBLE KICK,14,9,23,30,0,0,0,0,109,135,79,81,69,69,78,12083,19644,13641,11985,11985,30635,15,15,15,15,0,0,0,0,0,0,0,88,91,69,69,78,675474,240582,375449,57137,2306,18,2,0,6710,5261,1449,0,569,114,104,10,3,0,16979,12837,1137,1136,497,31,212,0,0,0,0,0,33,0,24,0,0,6,16,3,0,0,0,0,0,0,0,0,0,0,11,7,8,2,0,0,17,5,6,1,0,0,1,240,95984,0,0,0,0,38,71,21,1,1,9,1,5,3,Flareon
4-26,08:35:58,NINTEN,NidoranF,Blackbelt,4,Saffron City - Fighting Dojo,1,48:24.98,48:24,0h48m24s,2,1,3,47,3:07,6.532,BODY SLAM,THUNDERBOLT,BITE,DOUBLE KICK,18,6711,569,105,10,531,501,298,19,10943,Flareon, ,Poison,Poison,97268,NidoranF5,NidoranF,,00:48:18.45,00:48:24.98,03:07:48.25,47,2,0,48,24,98,BODY SLAM,THUNDERBOLT,BITE,DOUBLE KICK,12,9,23,30,0,0,0,0,97,135,79,81,69,69,78,12148,19749,13701,12045,12045,30730,15,15,15,15,0,0,0,0,0,0,0,88,91,69,69,78,678081,240784,377854,57137,2306,18,2,0,6711,5262,1449,0,569,115,105,10,3,0,17084,12935,1149,1148,499,31,213,0,0,0,0,0,33,0,24,0,0,6,17,3,0,0,0,0,0,0,0,0,0,0,11,7,8,2,0,0,17,5,6,1,0,0,1,241,97133,0,0,0,0,38,71,21,1,1,9,1,5,3,Flareon
4-26,08:36:10,NINTEN,NidoranF,Blackbelt,2,Saffron City - Fighting Dojo,3,48:36.30,48:36,0h48m36s,2,1,3,47,3:08,8.462,BODY SLAM,THUNDERBOLT,BITE,DOUBLE KICK,18,6712,569,106,10,534,504,298,19,11843,Flareon, ,Poison,Poison,99236,NidoranF5,NidoranF,,00:48:27.83,00:48:36.30,03:08:32.57,47,2,0,48,36,30,BODY SLAM,THUNDERBOLT,BITE,DOUBLE KICK,9,9,23,30,0,0,0,0,97,135,79,81,69,69,78,12293,20014,13831,12175,12175,30965,15,15,15,15,0,0,0,0,0,0,0,88,91,69,69,78,680753,240939,380371,57137,2306,18,2,0,6712,5263,1449,0,569,116,106,10,3,0,17366,13161,1149,1148,502,31,213,0,0,0,0,0,34,0,24,0,0,6,17,3,0,0,0,0,0,0,0,0,0,0,11,7,8,2,0,0,17,5,6,1,0,0,1,244,99101,0,0,0,0,38,71,21,1,1,9,1,5,3,Flareon
4-26,08:36:29,NINTEN,NidoranF,Blackbelt,1,Saffron City - Fighting Dojo,2,48:55.63,48:55,0h48m55s,2,1,3,47,3:09,16.044,BODY SLAM,THUNDERBOLT,BITE,DOUBLE KICK,18,6713,569,107,10,539,509,301,19,12618,Flareon, ,Poison,Poison,101447,NidoranF5,NidoranF,,00:48:39.58,00:48:55.63,03:09:49.27,47,2,0,48,55,63,BODY SLAM,THUNDERBOLT,BITE,DOUBLE KICK,4,9,23,30,0,0,0,0,33,135,79,81,69,69,78,12393,20239,13963,12245,12245,31128,15,15,15,15,0,0,0,0,0,0,0,88,91,69,69,78,685343,241218,384682,57137,2306,18,2,0,6713,5264,1449,0,569,117,107,10,3,0,17610,13339,1213,1212,507,31,216,0,0,0,0,0,34,0,24,0,0,6,18,3,0,0,0,0,0,0,0,0,0,0,11,7,8,2,0,0,19,5,6,1,0,0,1,246,101312,0,0,0,0,38,71,21,1,1,9,1,5,3,Flareon
4-26,08:37:04,NINTEN,NidoranF,Rocket,24,Silph Co - 2F,5,49:30.62,49:30,0h49m30s,2,1,3,48,3:12,15.551,BODY SLAM,THUNDERBOLT,BITE,DOUBLE KICK,18,6805,571,108,10,544,514,301,19,13543,Flareon, ,Poison,Poison,103847,NidoranF5,NidoranF,,00:49:15.07,00:49:30.62,03:12:07.07,48,2,0,49,30,62,BODY SLAM,THUNDERBOLT,BITE,DOUBLE KICK,15,11,25,29,0,0,0,0,138,138,81,83,71,71,79,12643,20535,14198,12490,12490,31480,15,15,15,15,0,0,0,0,0,0,0,91,93,71,71,79,693603,244841,388777,57679,2306,18,2,0,6805,5356,1449,0,571,118,108,10,3,0,18489,13658,1213,1212,512,31,216,0,0,0,0,0,36,0,24,0,0,6,18,3,0,0,0,0,0,0,0,0,0,0,11,7,8,2,0,0,19,5,6,1,0,0,1,251,103712,0,0,0,0,38,71,21,1,1,9,1,5,3,Flareon
4-26,08:37:20,NINTEN,NidoranF,Scientist,3,Silph Co - 2F,3,49:46.75,49:46,0h49m46s,2,1,3,48,3:13,10.405,BODY SLAM,THUNDERBOLT,BITE,DOUBLE KICK,18,6821,579,109,10,548,518,302,19,14293,Flareon, ,Poison,Poison,105965,NidoranF5,NidoranF,,00:49:36.35,00:49:46.75,03:13:10.33,48,2,0,49,46,75,BODY SLAM,THUNDERBOLT,BITE,DOUBLE KICK,12,11,24,29,0,0,0,0,133,138,81,83,71,71,79,12758,20660,14413,12760,12760,31695,15,15,15,15,0,0,0,0,0,0,0,91,93,71,71,79,697409,245443,391981,57679,2306,18,2,0,6821,5372,1449,0,579,119,109,10,3,0,18714,13848,1218,1217,516,31,217,0,0,0,0,0,36,0,24,0,0,6,18,3,0,0,0,0,0,0,0,0,0,0,11,7,8,2,0,0,19,5,6,1,0,0,1,254,105830,0,0,0,0,38,71,21,1,1,9,1,5,3,Flareon
4-26,08:37:32,NINTEN,NidoranF,Rocket,23,Silph Co - 2F,2,49:58.15,49:58,0h49m58s,2,1,3,48,3:13,7.929,BODY SLAM,THUNDERBOLT,BITE,DOUBLE KICK,18,6837,581,110,10,551,521,303,19,15693,Flareon, ,Poison,Poison,106839,NidoranF5,NidoranF,,00:49:50.22,00:49:58.15,03:13:55.25,48,2,0,49,58,15,BODY SLAM,THUNDERBOLT,BITE,DOUBLE KICK,10,10,24,29,0,0,0,0,133,138,81,83,71,71,79,12848,20755,14543,12840,12840,31785,15,15,15,15,0,0,0,0,0,0,0,91,93,71,71,79,700101,245836,394280,57679,2306,18,2,0,6837,5388,1449,0,581,120,110,10,3,0,18963,13986,1218,1217,519,32,217,0,0,0,0,0,36,0,24,0,0,6,19,3,0,0,0,0,0,0,0,0,0,0,11,7,8,2,0,0,20,5,6,1,0,0,1,256,106704,0,0,0,0,38,71,21,1,1,9,1,5,3,Flareon
4-26,08:37:52,NINTEN,NidoranF,Rocket,25,Silph Co - 3F,3,50:18.97,50:18,0h50m18s,2,1,3,48,3:15,15.731,BODY SLAM,THUNDERBOLT,BITE,DOUBLE KICK,18,6869,581,111,10,556,526,307,19,16563,Flareon, ,Poison,Poison,109221,NidoranF5,NidoranF,,00:50:03.23,00:50:18.97,03:15:17.30,48,2,0,50,18,97,BODY SLAM,THUNDERBOLT,BITE,DOUBLE KICK,9,9,22,28,0,0,0,0,112,138,81,83,71,71,79,13043,20990,14733,13055,13055,32046,15,15,15,15,0,0,0,0,0,0,0,91,93,71,71,79,705026,246627,398414,57679,2306,18,2,0,6869,5420,1449,0,581,121,111,10,3,0,19288,14222,1239,1238,524,32,220,0,0,0,0,0,36,0,24,0,0,6,19,3,0,0,0,0,0,0,0,0,0,0,11,7,8,2,0,0,20,5,6,1,0,0,1,259,109086,0,0,0,0,38,71,21,1,1,9,1,5,3,Flareon
4-26,08:38:10,NINTEN,NidoranF,Rocket,27,Silph Co - 4F,3,50:36.47,50:36,0h50m36s,2,1,3,49,3:16,11.65,BODY SLAM,THUNDERBOLT,BITE,DOUBLE KICK,18,6889,592,112,10,560,530,308,19,17403,Flareon, ,Poison,Poison,110439,NidoranF5,NidoranF,,00:50:24.82,00:50:36.47,03:16:26.24,49,2,0,50,36,47,BODY SLAM,THUNDERBOLT,BITE,DOUBLE KICK,6,9,21,28,0,0,0,0,115,141,83,85,72,72,81,13168,21145,14907,13175,13175,32191,15,15,15,15,0,0,0,0,0,0,0,93,95,72,72,81,709160,247605,401570,57679,2306,18,2,0,6889,5440,1449,0,592,122,112,10,3,0,19545,14418,1239,1238,528,33,220,0,0,0,0,0,36,0,24,0,0,6,19,3,0,0,0,0,0,0,0,0,0,0,11,7,8,2,0,0,20,5,6,1,0,0,1,262,110304,0,0,0,0,38,71,21,1,1,9,1,5,3,Flareon
4-26,08:38:23,NINTEN,NidoranF,Rocket,26,Silph Co - 4F,2,50:49.07,50:49,0h50m49s,2,1,3,49,3:17,6.622,BODY SLAM,THUNDERBOLT,BITE,DOUBLE KICK,18,6919,594,113,10,562,532,308,19,18243,Flareon, ,Poison,Poison,111618,NidoranF5,NidoranF,,00:50:42.45,00:50:49.07,03:17:16.00,49,2,0,50,49,7,BODY SLAM,THUNDERBOLT,BITE,DOUBLE KICK,5,8,21,28,0,0,0,0,115,141,83,85,72,72,81,13298,21273,15002,13300,13300,32268,15,15,15,15,0,0,0,0,0,0,0,93,95,72,72,81,712136,248260,403891,57679,2306,18,2,0,6919,5470,1449,0,594,123,113,10,3,0,19723,14580,1239,1238,530,33,220,0,0,0,0,0,36,0,24,0,0,6,19,3,0,0,0,0,0,0,0,0,0,0,11,7,8,2,0,0,20,5,6,1,0,0,1,264,111483,0,0,0,0,38,71,21,1,1,9,1,5,3,Flareon
4-26,08:38:49,NINTEN,NidoranF,Scientist,6,Silph Co - 5F,4,51:15.45,51:15,0h51m15s,2,1,3,49,3:18,14.713,BODY SLAM,THUNDERBOLT,BITE,DOUBLE KICK,18,6981,604,114,10,568,538,310,19,19113,Flareon, ,Poison,Poison,114607,NidoranF5,NidoranF,,00:51:00.74,00:51:15.45,03:18:59.43,49,2,0,51,15,45,BODY SLAM,THUNDERBOLT,BITE,DOUBLE KICK,3,5,20,28,0,0,0,0,106,141,83,85,72,72,81,13478,21523,15382,13660,13660,32478,15,15,15,15,0,0,0,0,0,0,0,93,95,72,72,81,718359,250599,407775,57679,2306,18,2,0,6981,5532,1449,0,604,124,114,10,3,0,20140,14832,1248,1247,536,33,222,0,0,0,0,0,38,0,24,0,0,6,19,3,0,0,0,0,0,0,0,0,0,0,11,7,8,2,0,0,20,5,6,1,0,0,1,268,114472,0,0,0,0,39,71,21,1,1,9,1,5,3,Flareon
4-26,08:38:57,NINTEN,NidoranF,Rocket,28,Silph Co - 5F,1,51:23.92,51:23,0h51m23s,2,1,3,49,3:19,5.177,BODY SLAM,THUNDERBOLT,BITE,DOUBLE KICK,18,6994,606,115,10,570,540,311,19,20413,Flareon, ,Poison,Poison,115646,NidoranF5,NidoranF,,00:51:18.74,00:51:23.92,03:19:33.02,49,2,0,51,23,92,BODY SLAM,THUNDERBOLT,BITE,DOUBLE KICK,1,5,20,28,0,0,0,0,106,141,83,85,72,72,81,13538,21608,15451,13725,13725,32558,15,15,15,15,0,-1,0,0,0,0,0,104,63,72,72,81,720358,250949,409424,57679,2306,18,2,0,6994,5545,1449,0,606,125,115,10,3,0,20261,14919,1248,1247,538,33,223,0,0,0,0,0,38,0,24,0,0,6,19,3,0,0,0,0,0,0,0,0,0,0,11,7,8,2,0,0,20,5,6,1,0,0,1,269,115511,0,0,0,0,39,71,21,1,1,9,1,5,3,Flareon
4-26,08:39:16,NINTEN,NidoranF,Scientist,10,Silph Co - 9F,3,51:42.64,51:42,0h51m42s,2,1,3,50,3:20,11.47,BODY SLAM,THUNDERBOLT,BITE,DOUBLE KICK,18,7028,609,116,10,574,544,312,20,21403,Flareon, ,Poison,Poison,117914,NidoranF5,NidoranF,,00:51:31.17,00:51:42.64,03:20:46.25,50,2,0,51,42,64,BODY SLAM,THUNDERBOLT,BITE,DOUBLE KICK,0,4,18,28,0,0,0,0,92,144,85,87,74,74,83,13668,21763,15691,13960,13960,32763,15,15,15,15,0,0,0,0,0,0,0,95,97,74,74,83,724761,252153,412623,57679,2306,18,2,0,7028,5579,1449,0,609,126,116,10,3,0,20478,15117,1265,1264,542,33,224,0,0,0,0,0,38,0,24,0,0,6,19,3,0,0,0,0,0,0,0,0,0,0,11,7,8,2,0,0,20,5,6,1,0,0,1,272,117779,0,0,0,0,40,71,21,1,1,9,1,5,3,Flareon
4-26,08:39:55,NINTEN,NidoranF,Rocket,37,Silph Co - 9F,3,52:21.17,52:21,0h52m21s,2,1,3,50,3:23,11.517,BODY SLAM,THUNDERBOLT,BITE,DOUBLE KICK,18,7126,628,117,10,579,549,313,20,22803,Flareon, ,Poison,Poison,119594,NidoranF5,NidoranF,,00:52:09.66,00:52:21.17,03:23:18.08,50,2,0,52,21,17,BODY SLAM,THUNDERBOLT,BITE,DOUBLE KICK,0,1,16,28,0,0,0,0,144,144,86,87,74,74,83,13878,24531,15836,14125,14125,32865,15,15,15,15,0,0,0,0,0,0,0,96,97,74,74,83,733864,255885,416207,59466,2306,18,2,0,7126,5677,1449,0,628,127,117,10,3,0,20894,15361,1265,1264,547,33,225,0,0,0,0,0,38,0,24,0,0,6,19,3,0,0,0,0,0,0,0,0,0,0,11,7,8,2,0,0,20,5,6,1,0,0,1,275,119459,0,0,0,0,42,71,21,1,1,9,1,5,3,Flareon
4-26,08:40:17,NINTEN,NidoranF,Hypno Rocket,38,Silph Co - 9F,3,52:43.27,52:43,0h52m43s,2,1,3,50,3:24,10.774,BODY SLAM,THUNDERBOLT,BITE,DOUBLE KICK,19,7165,630,118,10,583,553,314,20,23643,Flareon, ,Poison,Poison,122222,NidoranF5,NidoranF,,00:52:32.51,00:52:43.27,03:24:45.19,50,2,0,52,43,27,BODY SLAM,THUNDERBOLT,BITE,DOUBLE KICK,14,14,23,30,0,0,0,0,144,144,86,87,74,74,83,14098,24732,16021,14405,14405,33064,15,15,15,15,0,0,0,0,0,0,0,96,97,74,74,83,739095,257468,419250,60071,2306,19,2,0,7165,5716,1449,0,630,128,118,10,3,0,21221,15611,1265,1264,551,33,225,0,0,0,0,0,38,0,24,0,0,6,19,3,0,0,0,0,0,0,0,0,0,0,11,7,8,2,0,0,20,5,6,1,0,0,1,278,122087,0,0,0,0,42,71,21,1,1,9,1,5,3,Flareon
4-26,08:40:31,NINTEN,NidoranF,Scientist,11,Silph Co - 10F,2,52:57.09,52:57,0h52m57s,2,1,3,50,3:25,7.712,BODY SLAM,THUNDERBOLT,BITE,DOUBLE KICK,19,7190,631,119,10,586,556,315,20,24483,Flareon, ,Poison,Poison,123482,NidoranF5,NidoranF,,00:52:49.37,00:52:57.09,03:25:39.29,50,2,0,52,57,9,BODY SLAM,THUNDERBOLT,BITE,DOUBLE KICK,13,12,23,30,0,0,0,0,139,144,86,87,74,74,83,14163,24832,16186,14560,14560,33144,15,15,15,15,0,0,0,0,0,0,0,96,97,74,74,83,742345,258388,421580,60071,2306,19,2,0,7190,5741,1449,0,631,129,119,10,3,0,21419,15735,1270,1269,554,33,226,0,0,0,0,0,38,0,24,0,0,6,19,3,0,0,0,0,0,0,0,0,0,0,11,7,8,2,0,0,20,5,6,1,0,0,1,280,123347,0,0,0,0,42,71,21,1,1,9,1,5,3,Flareon
4-26,08:40:40,NINTEN,NidoranF,Rocket,39,Silph Co - 10F,1,53:06.68,53:06,0h53m6s,2,1,3,50,3:26,5.511,BODY SLAM,THUNDERBOLT,BITE,DOUBLE KICK,19,7205,631,120,10,588,558,316,20,25933,Flareon, ,Poison,Poison,124514,NidoranF5,NidoranF,,00:53:01.16,00:53:06.68,03:26:17.17,50,2,0,53,6,68,BODY SLAM,THUNDERBOLT,BITE,DOUBLE KICK,11,12,23,30,0,0,0,0,117,144,86,87,74,74,83,14243,24932,16256,14610,14610,33189,15,15,15,15,0,0,0,0,0,0,0,96,97,74,74,83,744613,258845,423391,60071,2306,19,2,0,7205,5756,1449,0,631,130,120,10,3,0,21536,15836,1292,1291,556,33,227,0,0,0,0,0,38,0,25,0,0,6,19,3,0,0,0,0,0,0,0,0,0,0,11,7,8,2,0,0,20,5,6,1,0,0,1,281,124379,0,0,0,0,42,71,21,1,1,9,1,5,3,Flareon
4-26,08:41:02,NINTEN,NidoranF,Rocket,35,Silph Co - 8F,4,53:28.81,53:28,0h53m28s,2,1,3,51,3:27,13.308,BODY SLAM,THUNDERBOLT,BITE,DOUBLE KICK,19,7261,638,121,10,592,562,316,20,26923,Flareon, ,Poison,Poison,126727,NidoranF5,NidoranF,,00:53:15.49,00:53:28.81,03:27:44.28,51,2,0,53,28,81,BODY SLAM,THUNDERBOLT,BITE,DOUBLE KICK,11,10,22,29,0,0,0,0,120,147,88,89,76,76,85,14443,25194,16456,14800,14800,33503,15,15,15,15,0,0,0,0,0,0,0,99,100,76,76,85,749844,260536,426931,60071,2306,19,2,0,7261,5812,1449,0,638,131,121,10,3,0,22066,16098,1292,1291,560,33,227,0,0,0,0,0,38,0,25,0,0,6,19,3,0,0,0,0,0,0,0,0,0,0,11,7,8,2,0,0,20,5,6,1,0,0,1,285,126592,0,0,0,0,43,71,21,1,1,9,1,5,3,Flareon
4-26,08:41:19,NINTEN,NidoranF,Rocket,36,Silph Co - 8F,3,53:45.49,53:45,0h53m45s,2,1,3,51,3:28,10.498,BODY SLAM,THUNDERBOLT,BITE,DOUBLE KICK,19,7285,640,122,10,596,566,317,20,27703,Flareon, ,Poison,Poison,129475,NidoranF5,NidoranF,,00:53:34.99,00:53:45.49,03:28:49.57,51,2,0,53,45,49,BODY SLAM,THUNDERBOLT,BITE,DOUBLE KICK,11,6,22,29,0,0,0,0,113,147,88,89,76,76,85,14623,25429,16741,15020,15020,33688,15,15,15,15,0,0,0,0,0,0,0,99,100,76,76,85,753773,261223,430173,60071,2306,19,2,0,7285,5836,1449,0,640,132,122,10,3,0,22351,16324,1299,1298,564,33,228,0,0,0,0,0,38,0,25,0,0,6,19,3,0,0,0,0,0,0,0,0,0,0,11,7,8,2,0,0,20,5,6,1,0,0,1,288,129340,0,0,0,0,43,71,21,1,1,9,1,5,3,Flareon
4-26,08:41:37,NINTEN,NidoranF,Rocket,32,Silph Co - 7F,4,54:03.89,54:03,0h54m3s,2,1,3,51,3:30,13.043,BODY SLAM,THUNDERBOLT,BITE,DOUBLE KICK,19,7308,641,123,10,600,570,318,20,28543,Flareon, ,Poison,Poison,132525,NidoranF5,NidoranF,,00:53:50.84,00:54:03.89,03:30:02.27,51,2,0,54,3,89,BODY SLAM,THUNDERBOLT,BITE,DOUBLE KICK,10,4,22,28,0,0,0,0,105,147,88,89,76,76,85,14853,25740,17035,15270,15270,33990,15,15,15,15,0,0,0,0,0,0,0,99,100,76,76,85,758123,262064,433682,60071,2306,19,2,0,7308,5859,1449,0,641,133,123,10,3,0,22804,16602,1307,1306,568,33,229,0,0,0,0,0,39,0,25,0,0,6,19,3,0,0,0,0,0,0,0,0,0,0,11,7,8,2,0,0,20,5,6,1,0,0,1,292,132390,0,0,0,0,43,71,21,1,1,9,1,5,3,Flareon
4-26,08:41:53,NINTEN,NidoranF,Scientist,8,Silph Co - 7F,2,54:19.38,54:19,0h54m19s,2,1,3,52,3:31,10.269,BODY SLAM,THUNDERBOLT,BITE,DOUBLE KICK,19,7345,641,124,10,603,572,320,20,29323,Flareon, ,Poison,Poison,134431,NidoranF5,NidoranF,,00:54:09.11,00:54:19.38,03:31:03.33,52,2,0,54,19,38,BODY SLAM,THUNDERBOLT,BITE,DOUBLE KICK,8,4,22,28,0,0,0,0,73,150,90,91,78,78,87,15018,25895,17180,15415,15415,34180,15,15,15,15,0,0,0,0,0,0,0,101,102,78,78,87,761789,262889,436523,60071,2306,19,2,0,7345,5896,1449,0,641,134,124,10,3,0,22941,16706,1342,1341,570,33,231,0,0,0,0,0,39,0,25,0,0,6,20,3,0,0,0,0,0,0,0,0,0,0,11,7,8,2,0,0,21,5,6,1,0,0,1,294,134296,0,0,0,0,43,71,21,1,1,9,1,5,3,Flareon
4-26,08:42:18,NINTEN,NidoranF,Rocket,30,Silph Co - 6F,2,54:44.98,54:44,0h54m44s,2,1,3,52,3:32,7.998,BODY SLAM,THUNDERBOLT,BITE,DOUBLE KICK,19,7398,644,125,10,606,575,321,19,30773,Flareon, ,Poison,Poison,135883,NidoranF5,NidoranF,,00:54:36.98,00:54:44.98,03:32:44.19,52,2,0,54,44,98,BODY SLAM,THUNDERBOLT,BITE,DOUBLE KICK,8,1,22,28,0,0,0,0,67,150,90,91,79,79,87,15168,26075,17300,18060,18060,34260,15,15,15,15,0,0,0,0,0,0,0,101,102,79,79,87,767835,264819,439180,61530,2306,19,2,0,7398,5949,1449,0,644,135,125,10,3,0,23206,16880,1348,1347,573,33,232,0,0,0,0,0,39,0,25,0,0,6,20,3,0,0,0,0,0,0,0,0,0,0,11,7,8,2,0,0,21,5,6,1,0,0,1,296,135748,0,0,0,0,44,71,21,1,1,9,1,5,3,Flareon
4-26,08:42:39,NINTEN,NidoranF,Scientist,7,Silph Co - 6F,5,55:05.86,55:05,0h55m5s,2,1,3,52,3:34,13.543,BODY SLAM,THUNDERBOLT,BITE,DOUBLE KICK,19,7411,644,126,10,611,580,321,18,31643,Flareon, ,Poison,Poison,138990,NidoranF5,NidoranF,,00:54:52.31,00:55:05.86,03:34:06.31,52,2,0,55,5,86,BODY SLAM,THUNDERBOLT,BITE,DOUBLE KICK,4,0,22,28,0,0,0,0,150,150,90,91,79,79,87,15363,26330,17705,18450,18450,34545,15,15,15,15,0,0,0,0,0,0,0,101,102,79,79,87,772767,265256,442783,62422,2306,19,2,0,7411,5962,1449,0,644,136,126,10,3,0,23591,17172,1348,1347,578,33,232,0,0,0,0,0,39,0,25,0,0,6,20,3,0,0,0,0,0,0,0,0,0,0,11,7,8,2,0,0,21,5,6,1,0,0,1,301,138855,0,0,0,0,44,71,21,1,1,9,1,5,3,Flareon
4-26,08:42:53,NINTEN,NidoranF,Rocket,31,Silph Co - 6F,3,55:19.33,55:19,0h55m19s,2,1,3,52,3:34,9.788,BODY SLAM,THUNDERBOLT,BITE,DOUBLE KICK,19,7429,647,127,10,615,584,322,18,32893,Flareon, ,Poison,Poison,140664,NidoranF5,NidoranF,,00:55:09.53,00:55:19.33,03:34:59.34,52,2,0,55,19,33,BODY SLAM,THUNDERBOLT,BITE,DOUBLE KICK,4,0,18,28,0,0,0,0,150,150,90,91,79,79,87,15518,26500,17845,18605,18605,34745,15,15,15,15,0,0,0,0,0,0,0,101,102,79,79,87,775950,265718,445504,62422,2306,19,2,0,7429,5980,1449,0,647,137,127,10,3,0,23924,17384,1348,1347,582,34,232,0,0,0,0,0,40,0,25,0,0,6,20,3,0,0,0,0,0,0,0,0,0,0,11,7,8,2,0,0,21,5,6,1,0,0,1,304,140529,0,0,0,0,44,71,21,1,1,9,1,5,3,Flareon
4-26,08:43:17,NINTEN,NidoranF,Scientist,4,Silph Co - 3F,2,55:43.43,55:43,0h55m43s,2,1,3,53,3:36,10.949,BODY SLAM,THUNDERBOLT,BITE,DOUBLE KICK,19,7535,667,128,10,619,588,325,18,33733,Flareon, ,Poison,Poison,142669,NidoranF5,NidoranF,,00:55:32.48,00:55:43.43,03:36:34.50,53,2,0,55,43,43,BODY SLAM,THUNDERBOLT,BITE,DOUBLE KICK,4,0,14,28,0,0,0,0,145,153,92,93,81,81,88,15643,26640,18035,18770,18770,34945,15,15,15,15,0,0,0,0,0,0,0,103,104,81,81,88,781666,268434,448504,62422,2306,19,2,0,7535,6086,1449,0,667,138,128,10,3,0,24111,17543,1356,1355,586,35,234,0,0,0,0,0,41,0,25,0,0,6,20,3,0,0,0,0,0,0,0,0,0,0,11,7,8,2,0,0,21,5,6,1,0,0,1,306,142534,0,0,0,0,44,71,21,1,1,9,1,5,3,Flareon
4-26,08:44:01,NINTEN,NidoranF,Rival5-Silph,6,Silph Co - 7F,5,56:27.61,56:27,0h56m27s,2,1,3,53,3:39,26.322,BODY SLAM,THUNDERBOLT,BITE,DOUBLE KICK,20,7612,670,129,10,629,596,330,18,35183,Flareon, ,Poison,Poison,149576,NidoranF5,NidoranF,Rival (Silph Co.),00:56:01.30,00:56:27.61,03:39:29.25,53,2,0,56,27,61,BODY SLAM,THUNDERBOLT,BITE,DOUBLE KICK,9,14,24,30,0,0,0,0,7,153,92,93,81,81,88,15923,27060,18510,19260,19260,35320,15,15,15,15,0,0,0,0,0,-1,0,115,117,81,81,88,792141,271299,455513,63023,2306,20,2,0,7612,6163,1449,0,670,139,129,10,3,0,24661,18014,1502,1501,594,35,239,0,0,0,0,0,42,0,27,0,0,7,20,3,0,0,0,0,0,0,0,0,0,0,13,9,8,2,0,0,21,5,6,1,0,0,1,311,149441,0,0,0,0,44,71,21,1,1,9,1,5,3,Flareon
4-26,08:44:32,NINTEN,NidoranF,Rocket,45,Silph Co - 11F,3,56:58.90,56:58,0h56m58s,2,1,3,54,3:41,11.595,BODY SLAM,THUNDERBOLT,BITE,DOUBLE KICK,21,7706,683,130,10,633,600,331,18,37783,Flareon, ,Poison,Poison,152158,NidoranF5,NidoranF,,00:56:47.31,00:56:58.90,03:41:32.43,54,2,0,56,58,90,BODY SLAM,THUNDERBOLT,BITE,DOUBLE KICK,15,12,25,29,0,0,0,0,149,156,94,95,83,83,90,16088,27280,18734,19450,19450,35550,15,15,15,15,0,0,0,0,0,0,0,105,106,83,83,90,799539,274876,458782,63575,2306,21,2,0,7706,6257,1449,0,683,140,130,10,3,0,24989,18253,1509,1508,598,35,240,0,0,0,0,0,43,0,27,0,0,7,20,3,0,0,0,0,0,0,0,0,0,0,13,9,8,2,0,0,21,5,6,1,0,0,1,314,152023,0,0,0,0,44,71,21,1,1,9,1,5,3,Flareon
4-26,08:45:04,NINTEN,NidoranF,Giovanni-Silph,2,Silph Co - 11F,4,57:30.33,57:30,0h57m30s,2,1,3,54,3:43,20.064,BODY SLAM,THUNDERBOLT,BITE,DOUBLE KICK,22,7721,684,131,10,641,608,335,18,38713,Flareon, ,Poison,Poison,156975,NidoranF5,NidoranF,Giovanni (Silph),00:57:10.26,00:57:30.33,03:43:36.58,54,2,0,57,30,33,BODY SLAM,THUNDERBOLT,BITE,DOUBLE KICK,10,12,25,26,0,0,0,0,111,156,94,95,83,83,90,16384,27589,19033,19675,19675,35831,15,15,15,15,0,0,0,0,0,0,0,105,106,83,83,90,806994,276107,464367,64214,2306,22,2,0,7721,6272,1449,0,684,141,131,10,3,0,25522,18690,1547,1546,606,35,243,0,0,0,0,0,43,0,27,0,0,7,20,3,0,0,0,0,0,0,0,0,0,0,13,9,8,2,0,0,21,5,6,1,0,0,1,318,156840,0,0,0,0,44,71,21,1,1,9,1,5,3,Flareon
4-26,08:45:49,NINTEN,NidoranF,Psychic,3,Saffron City - Gym,3,58:15.28,58:15,0h58m15s,2,1,3,54,3:46,10.624,BODY SLAM,THUNDERBOLT,MIMIC,DOUBLE KICK,22,7840,689,132,10,645,612,336,17,42842,Flareon, ,Poison,Poison,159532,NidoranF5,NidoranF,,00:58:04.65,00:58:15.28,03:46:34.06,54,2,0,58,15,28,BODY SLAM,THUNDERBOLT,MIMIC,DOUBLE KICK,15,11,10,30,0,0,0,0,156,156,94,95,83,83,90,16659,27794,19273,19835,19835,35891,15,15,15,15,0,0,0,0,0,0,0,105,106,83,83,90,817622,281549,467420,66347,2306,22,2,0,7840,6391,1449,0,689,142,132,10,3,0,26101,19014,1547,1546,610,35,244,0,0,0,0,0,43,0,27,0,0,7,20,3,0,0,0,0,0,0,0,0,0,0,13,9,8,2,0,0,21,5,6,1,0,0,1,321,159397,0,0,0,0,44,71,21,1,1,10,1,5,3,Flareon
4-26,08:46:00,NINTEN,NidoranF,Psychic,2,Saffron City - Gym,2,58:26.10,58:26,0h58m26s,2,1,3,55,3:47,7.043,BODY SLAM,THUNDERBOLT,MIMIC,DOUBLE KICK,22,7846,703,133,10,647,614,336,17,43172,Flareon, ,Poison,Poison,161578,NidoranF5,NidoranF,,00:58:19.07,00:58:26.10,03:47:16.39,55,2,0,58,26,10,BODY SLAM,THUNDERBOLT,MIMIC,DOUBLE KICK,13,11,10,30,0,0,0,0,159,159,95,97,84,84,92,16739,27874,19368,20055,20055,36086,15,15,15,15,0,0,0,0,0,0,0,106,109,84,84,92,820175,281935,469587,66347,2306,22,2,0,7846,6397,1449,0,703,143,133,10,3,0,26314,19166,1547,1546,612,35,244,0,0,0,0,0,43,0,27,0,0,7,20,3,0,0,0,0,0,0,0,0,0,0,13,9,8,2,0,0,21,5,6,1,0,0,1,323,161443,0,0,0,0,44,71,21,1,1,10,1,5,3,Flareon
4-26,08:46:13,NINTEN,NidoranF,Psychic,4,Saffron City - Gym,1,58:39.92,58:39,0h58m39s,2,1,3,55,3:48,5.976,BODY SLAM,THUNDERBOLT,MIMIC,DOUBLE KICK,22,7858,704,134,10,649,616,337,17,43512,Flareon, ,Poison,Poison,162913,NidoranF5,NidoranF,,00:58:33.93,00:58:39.92,03:48:10.58,55,2,0,58,39,92,BODY SLAM,THUNDERBOLT,MIMIC,DOUBLE KICK,13,9,10,30,0,0,0,0,141,159,95,97,84,84,92,16834,27949,19478,20135,20135,36116,15,15,15,15,0,0,0,0,0,0,0,106,109,84,84,92,823434,282934,471847,66347,2306,22,2,0,7858,6409,1449,0,704,144,134,10,3,0,26516,19292,1565,1564,614,35,245,0,0,0,0,0,43,0,27,0,0,7,20,3,0,0,0,0,0,0,0,0,0,0,13,9,8,2,0,0,21,5,6,1,0,0,1,324,162778,0,0,0,0,44,71,21,1,1,10,1,5,3,Flareon
4-26,08:46:31,NINTEN,NidoranF,Psychic,1,Saffron City - Gym,4,58:57.75,58:57,0h58m57s,2,1,3,55,3:49,11.553,BODY SLAM,THUNDERBOLT,MIMIC,DOUBLE KICK,22,7870,711,135,10,653,620,337,17,43892,Flareon, ,Poison,Poison,166399,NidoranF5,NidoranF,,00:58:46.20,00:58:57.75,03:49:21.01,55,2,0,58,57,75,BODY SLAM,THUNDERBOLT,MIMIC,DOUBLE KICK,10,8,10,30,0,0,0,0,141,159,95,97,84,84,92,17044,28129,19668,20515,20515,36431,15,15,15,15,0,0,0,0,0,0,0,106,109,84,84,92,827637,283921,475063,66347,2306,22,2,0,7870,6421,1449,0,711,145,135,10,3,0,27186,19603,1565,1564,618,35,245,0,0,0,0,0,44,0,27,0,0,7,20,3,0,0,0,0,0,0,0,0,0,0,13,9,8,2,0,0,21,5,6,1,0,0,1,328,166264,0,0,0,0,44,71,21,1,1,10,1,5,3,Flareon
4-26,08:47:05,NINTEN,NidoranF,Juggler,3,Fuchsia City - Gym,4,59:31.95,59:31,0h59m31s,2,1,3,56,3:51,12.036,BODY SLAM,THUNDERBOLT,MIMIC,DOUBLE KICK,23,7912,716,136,10,657,624,337,17,44202,Flareon, ,Poison,Poison,169390,NidoranF5,NidoranF,,00:59:19.92,00:59:31.95,03:51:35.39,56,2,0,59,31,95,BODY SLAM,THUNDERBOLT,MIMIC,DOUBLE KICK,11,15,10,30,0,0,0,0,162,162,97,99,86,86,94,17264,28308,19833,20905,20905,36662,15,15,15,15,0,0,0,0,0,0,0,109,111,86,86,94,835715,286908,478417,68084,2306,23,2,0,7912,6463,1449,0,716,146,136,10,3,0,27647,19922,1565,1564,622,35,245,0,0,0,0,0,44,0,27,0,0,7,20,3,0,0,0,0,0,0,0,0,0,0,13,9,8,2,0,0,21,5,6,1,0,0,1,332,169255,0,0,0,0,44,71,21,1,1,10,1,5,3,Flareon
4-26,08:47:24,NINTEN,NidoranF,Tamer,2,Fuchsia City - Gym,3,59:50.62,59:50,0h59m50s,2,1,3,56,3:52,13.529,BODY SLAM,THUNDERBOLT,MIMIC,DOUBLE KICK,23,7919,720,137,10,663,630,340,17,45287,Flareon, ,Poison,Poison,172620,NidoranF5,NidoranF,,00:59:37.09,00:59:50.62,03:52:49.18,56,2,0,59,50,62,BODY SLAM,THUNDERBOLT,MIMIC,DOUBLE KICK,5,15,10,30,0,0,0,0,150,162,97,99,86,86,94,17459,28578,20081,21090,21090,36887,15,15,15,15,0,-1,0,0,0,0,0,122,73,86,86,94,840134,287266,482478,68084,2306,23,2,0,7919,6470,1449,0,720,147,137,10,3,0,28064,20193,1577,1576,628,35,248,0,0,0,0,0,44,0,27,0,0,7,22,3,0,0,0,0,0,0,0,0,0,0,13,9,8,2,0,0,23,5,6,1,0,0,1,335,172485,0,0,0,0,44,71,21,1,1,10,1,5,3,Flareon
4-26,08:47:40,NINTEN,NidoranF,Juggler,4,Fuchsia City - Gym,2,1:00:06.47,1:00:06,1h0m6s,2,1,3,56,3:53,7.831,BODY SLAM,THUNDERBOLT,MIMIC,DOUBLE KICK,24,7938,724,138,10,666,633,341,17,46607,Flareon, ,Poison,Poison,174563,NidoranF5,NidoranF,,00:59:58.64,01:00:06.47,03:53:51.59,56,2,1,0,6,47,BODY SLAM,THUNDERBOLT,MIMIC,DOUBLE KICK,2,15,10,30,0,0,0,0,139,162,97,99,86,86,94,17604,28699,20196,21295,21295,36996,15,15,15,15,0,0,0,0,0,0,0,109,111,86,86,94,843895,288158,484817,68614,2306,24,2,0,7938,6489,1449,0,724,148,138,10,3,0,28304,20390,1588,1587,631,35,249,0,0,0,0,0,44,0,27,0,0,7,22,3,0,0,0,0,0,0,0,0,0,0,13,9,8,2,0,0,23,5,6,1,0,0,1,337,174428,0,0,0,0,44,71,21,1,1,10,1,5,3,Flareon
4-26,08:48:06,NINTEN,NidoranF,Tamer,1,Fuchsia City - Gym,2,1:00:32.42,1:00:32,1h0m32s,2,1,3,56,3:55,12.103,BODY SLAM,THUNDERBOLT,MIMIC,DOUBLE KICK,25,7941,724,139,10,672,639,346,16,47797,Flareon,Paralyzed,Poison,Poison,176820,NidoranF5,NidoranF,,01:00:20.32,01:00:32.42,03:55:34.41,56,2,1,0,32,42,BODY SLAM,THUNDERBOLT,MIMIC,DOUBLE KICK,9,15,10,30,0,0,0,0,136,162,97,99,86,86,94,17739,28884,20375,21415,21415,37141,15,15,15,15,0,0,0,0,0,-2,0,137,139,86,86,23,850057,288528,488203,71020,2306,25,2,0,7941,6492,1449,0,724,149,139,10,3,0,28532,20580,1591,1590,634,38,254,0,0,0,0,0,45,0,27,0,0,7,22,4,0,0,0,0,0,0,0,0,0,0,13,9,9,2,0,0,23,5,6,1,0,0,1,339,176685,0,0,0,0,44,71,21,1,1,10,1,5,3,Flareon
4-26,08:49:02,NINTEN,NidoranF,Koga,1,Fuchsia City - Gym,4,1:01:28.56,1:01:28,1h1m28s,2,1,3,57,3:59,34.2,BODY SLAM,THUNDERBOLT,MIMIC,DOUBLE KICK,26,8064,739,140,10,685,652,348,16,49157,Flareon, ,Poison,Poison,180512,NidoranF5,NidoranF,Koga,01:00:54.36,01:01:28.56,03:59:17.02,57,2,1,1,28,56,BODY SLAM,THUNDERBOLT,MIMIC,DOUBLE KICK,7,15,5,30,0,0,0,0,109,165,99,101,88,88,96,17989,29114,20585,21625,21625,37366,15,15,15,15,0,0,0,0,0,0,0,111,113,88,88,96,863398,292666,496851,71575,2306,26,2,0,8064,6615,1449,0,739,150,140,10,3,0,29105,21072,1647,1646,647,38,256,0,0,0,0,0,46,0,27,0,0,7,22,4,0,0,0,0,0,0,0,0,0,0,13,9,9,2,0,0,23,5,6,7,0,0,1,343,180377,0,0,0,0,44,71,21,1,1,10,1,5,3,Flareon
4-26,08:49:55,NINTEN,NidoranF,Fisher,7,Route 21,4,1:02:21.82,1:02:21,1h2m21s,2,1,3,57,4:02,11.743,BODY SLAM,THUNDERBOLT,MIMIC,DOUBLE KICK,26,8216,750,141,10,689,656,348,17,54107,Flareon, ,Poison,Poison,184238,NidoranF5,NidoranF,,01:02:10.07,01:02:21.82,04:02:47.04,57,2,1,2,21,82,BODY SLAM,THUNDERBOLT,MIMIC,DOUBLE KICK,15,11,10,30,0,0,0,0,165,165,99,101,88,88,96,18274,29457,20840,21915,21915,37633,15,15,15,15,0,0,0,0,0,0,0,111,113,88,88,108,876000,298189,500541,74964,2306,26,2,0,8216,6737,1449,30,750,151,141,10,3,0,29721,21400,1647,1646,651,38,256,0,0,0,0,0,46,0,27,0,0,7,22,4,0,0,0,0,0,0,0,0,0,0,13,9,9,2,0,0,23,5,6,7,0,0,1,347,184103,0,0,0,0,45,71,21,1,1,11,1,5,3,Flareon
4-26,08:50:08,NINTEN,NidoranF,Swimmer,12,Route 21,2,1:02:34.14,1:02:34,1h2m34s,2,1,3,57,4:03,8.872,BODY SLAM,THUNDERBOLT,MIMIC,DOUBLE KICK,26,8229,751,142,10,693,659,349,17,55087,Flareon, ,Poison,Poison,186782,NidoranF5,NidoranF,,01:02:25.27,01:02:34.14,04:03:35.41,57,2,1,2,34,14,BODY SLAM,THUNDERBOLT,MIMIC,DOUBLE KICK,13,10,10,30,0,0,0,0,159,165,99,101,88,88,96,18409,29592,21000,22130,22130,37818,15,15,15,15,0,0,0,0,0,0,0,111,113,88,88,108,878917,298516,503131,74964,2306,26,2,0,8229,6737,1449,43,751,152,142,10,3,0,29989,21585,1653,1652,654,38,257,0,0,0,0,0,46,0,27,0,0,7,22,4,0,0,0,0,0,0,0,0,0,0,13,9,9,2,0,0,23,5,6,7,0,0,1,349,186647,0,0,0,0,45,71,21,1,1,11,1,5,3,Flareon
4-26,08:50:21,NINTEN,NidoranF,Cue Ball,9,Route 21,3,1:02:47.74,1:02:47,1h2m47s,2,1,3,58,4:04,10.793,BODY SLAM,THUNDERBOLT,MIMIC,DOUBLE KICK,26,8232,751,143,10,697,663,350,17,55252,Flareon, ,Poison,Poison,189536,NidoranF5,NidoranF,,01:02:36.96,01:02:47.74,04:04:29.17,58,2,1,2,47,74,BODY SLAM,THUNDERBOLT,MIMIC,DOUBLE KICK,9,10,10,30,0,0,0,0,134,168,101,103,90,90,98,18569,29742,21135,22450,22450,38058,15,15,15,15,0,0,0,0,0,0,0,113,115,90,90,110,882133,298689,506174,74964,2306,26,2,0,8232,6737,1449,46,751,153,143,10,3,0,30418,21820,1681,1680,658,38,258,0,0,0,0,0,46,0,28,0,0,7,22,4,0,0,0,0,0,0,0,0,0,0,13,9,9,2,0,0,23,5,6,7,0,0,1,352,189401,0,0,0,0,45,71,21,1,1,11,1,5,3,Flareon
4-26,08:50:36,NINTEN,NidoranF,Fisher,8,Route 21,2,1:03:02.09,1:03:02,1h3m2s,2,1,3,58,4:05,6.854,BODY SLAM,THUNDERBOLT,MIMIC,DOUBLE KICK,26,8270,752,144,10,699,665,350,17,56027,Flareon, ,Poison,Poison,191527,NidoranF5,NidoranF,,01:02:55.24,01:03:02.09,04:05:25.48,58,2,1,3,2,9,BODY SLAM,THUNDERBOLT,MIMIC,DOUBLE KICK,9,8,10,30,0,0,0,0,134,168,101,103,90,90,98,18649,29902,21415,22580,22580,38168,15,15,15,15,0,0,0,0,0,0,0,113,115,90,90,110,885524,299611,508643,74964,2306,26,2,0,8270,6737,1449,84,752,154,144,10,3,0,30791,21960,1681,1680,660,38,258,0,0,0,0,0,46,0,28,0,0,7,22,4,0,0,0,0,0,0,0,0,0,0,13,9,9,2,0,0,23,5,6,7,0,0,1,354,191392,0,0,0,0,45,71,21,1,1,11,1,5,3,Flareon
4-26,08:50:46,NINTEN,NidoranF,Fisher,10,Route 21,2,1:03:12.46,1:03:12,1h3m12s,2,1,3,58,4:06,6.711,BODY SLAM,THUNDERBOLT,MIMIC,DOUBLE KICK,26,8276,753,145,10,701,667,350,17,57112,Flareon, ,Poison,Poison,193512,NidoranF5,NidoranF,,01:03:05.74,01:03:12.46,04:06:06.38,58,2,1,3,12,46,BODY SLAM,THUNDERBOLT,MIMIC,DOUBLE KICK,9,6,10,30,0,0,0,0,134,168,101,103,90,90,98,18774,30061,21540,22710,22710,38299,15,15,15,15,0,0,0,0,0,0,0,113,115,90,90,110,887974,299952,510752,74964,2306,26,2,0,8276,6737,1449,90,753,155,145,10,3,0,31104,22138,1681,1680,662,38,258,0,0,0,0,0,46,0,28,0,0,7,22,4,0,0,0,0,0,0,0,0,0,0,13,9,9,2,0,0,23,5,6,7,0,0,1,356,193377,0,0,0,0,45,71,21,1,1,11,1,5,3,Flareon
4-26,08:50:56,NINTEN,NidoranF,Swimmer,13,Route 21,1,1:03:22.24,1:03:22,1h3m22s,2,1,3,58,4:06,5.908,BODY SLAM,THUNDERBOLT,MIMIC,DOUBLE KICK,26,8287,753,146,10,703,669,351,17,58267,Flareon, ,Poison,Poison,195153,NidoranF5,NidoranF,,01:03:16.34,01:03:22.24,04:06:45.14,58,2,1,3,22,24,BODY SLAM,THUNDERBOLT,MIMIC,DOUBLE KICK,9,4,10,30,0,0,0,0,116,168,101,103,90,90,98,18834,30136,21625,22810,22810,38414,15,15,15,15,0,0,0,0,0,0,0,113,115,90,90,110,890290,300351,512669,74964,2306,26,2,0,8287,6737,1449,101,753,156,146,10,3,0,31297,22235,1699,1698,664,38,259,0,0,0,0,0,46,0,28,0,0,7,22,4,0,0,0,0,0,0,0,0,0,0,13,9,9,2,0,0,23,5,6,7,0,0,1,357,195018,0,0,0,0,45,71,21,1,1,11,1,5,3,Flareon
4-26,08:51:09,NINTEN,NidoranF,Swimmer,15,Route 21,3,1:03:35.14,1:03:35,1h3m35s,2,1,3,58,4:07,8.775,BODY SLAM,THUNDERBOLT,MIMIC,DOUBLE KICK,26,8298,754,147,10,706,672,351,17,58452,Flareon, ,Poison,Poison,197832,NidoranF5,NidoranF,,01:03:26.38,01:03:35.14,04:07:36.02,58,2,1,3,35,14,BODY SLAM,THUNDERBOLT,MIMIC,DOUBLE KICK,9,1,10,30,0,0,0,0,116,168,101,103,90,90,98,18994,30306,21820,23055,23055,38659,15,15,15,15,0,0,0,0,0,0,0,113,115,90,90,110,893338,300824,515244,74964,2306,26,2,0,8298,6737,1449,112,754,157,147,10,3,0,31725,22477,1699,1698,667,38,259,0,0,0,0,0,46,0,28,0,0,7,22,4,0,0,0,0,0,0,0,0,0,0,13,9,9,2,0,0,23,5,6,7,0,0,1,360,197697,0,0,0,0,45,71,21,1,1,11,1,5,3,Flareon
4-26,08:51:19,NINTEN,NidoranF,Swimmer,14,Route 21,2,1:03:46.01,1:03:46,1h3m46s,2,1,3,58,4:08,6.624,BODY SLAM,THUNDERBOLT,MIMIC,DOUBLE KICK,26,8310,755,148,10,708,674,351,17,58612,Flareon, ,Poison,Poison,199591,NidoranF5,NidoranF,,01:03:39.39,01:03:46.01,04:08:18.51,58,2,1,3,46,1,BODY SLAM,THUNDERBOLT,MIMIC,DOUBLE KICK,8,0,10,30,0,0,0,0,116,168,101,103,90,90,98,19083,30414,21955,23190,23190,38802,15,15,15,15,0,0,0,0,0,0,0,113,115,90,90,110,895907,301327,517310,74964,2306,26,2,0,8310,6737,1449,124,755,158,148,10,3,0,31984,22632,1699,1698,669,38,259,0,0,0,0,0,46,0,28,0,0,7,22,4,0,0,0,0,0,0,0,0,0,0,13,9,9,2,0,0,23,5,6,7,0,0,1,362,199456,0,0,0,0,45,71,21,1,1,11,1,5,3,Flareon
4-26,08:51:50,NINTEN,NidoranF,Burglar,7,Cinnabar Mansion,2,1:04:16.71,1:04:16,1h4m16s,2,1,3,59,4:10,6.998,BODY SLAM,THUNDERBOLT,MIMIC,DOUBLE KICK,26,8430,778,149,11,710,676,351,17,58777,Flareon, ,Poison,Poison,201096,NidoranF5,NidoranF,,01:04:09.71,01:04:16.71,04:10:19.47,59,2,1,4,16,71,BODY SLAM,THUNDERBOLT,MIMIC,DOUBLE KICK,13,15,10,30,0,0,0,0,171,171,103,105,92,92,99,19180,30530,22056,23305,23305,38947,15,15,15,15,0,0,0,0,0,0,0,115,118,92,92,111,903163,305412,520131,75314,2306,26,2,0,8430,6834,1449,147,778,160,149,11,4,0,32193,22795,1699,1698,671,38,259,0,0,0,0,0,46,0,28,0,0,7,22,4,0,0,0,0,0,0,0,0,0,0,13,9,9,2,0,0,23,5,6,7,0,0,1,364,200961,0,0,0,0,45,71,21,1,1,11,1,5,3,Flareon
4-26,08:52:09,NINTEN,NidoranF,Scientist,12,Cinnabar Mansion,3,1:04:35.08,1:04:35,1h4m35s,2,1,3,59,4:11,8.695,BODY SLAM,THUNDERBOLT,MIMIC,DOUBLE KICK,26,8481,784,150,11,713,679,351,17,61837,Flareon, ,Poison,Poison,203589,NidoranF5,NidoranF,,01:04:26.38,01:04:35.08,04:11:32.06,59,2,1,4,35,8,BODY SLAM,THUNDERBOLT,MIMIC,DOUBLE KICK,10,15,10,30,0,0,0,0,171,171,103,105,92,92,99,19295,30655,22271,23575,23575,39162,15,15,15,15,0,0,0,0,0,0,0,115,118,92,92,111,907502,306922,522960,75314,2306,26,2,0,8481,6885,1449,147,784,161,150,11,4,0,32492,23014,1699,1698,674,38,259,0,0,0,0,0,47,0,28,0,0,7,22,4,0,0,0,0,0,0,0,0,0,0,13,9,9,2,0,0,23,5,6,7,0,0,1,367,203454,0,0,0,0,45,71,21,1,1,11,1,5,3,Flareon
4-26,08:52:21,NINTEN,NidoranF,Scientist,4,Cinnabar Mansion,2,1:04:47.50,1:04:47,1h4m47s,2,1,3,59,4:12,8.064,BODY SLAM,THUNDERBOLT,MIMIC,DOUBLE KICK,26,8488,784,151,11,716,682,352,17,63487,Flareon, ,Poison,Poison,205594,NidoranF5,NidoranF,,01:04:39.43,01:04:47.50,04:12:20.53,59,2,1,4,47,50,BODY SLAM,THUNDERBOLT,MIMIC,DOUBLE KICK,9,13,10,30,0,0,0,0,165,171,103,105,92,92,99,19420,30795,22461,23740,23740,39362,15,15,15,15,0,0,0,0,0,0,0,115,118,92,92,111,910429,307429,525380,75314,2306,26,2,0,8488,6892,1449,147,784,162,151,11,4,0,32724,23173,1705,1704,677,38,260,0,0,0,0,0,47,0,28,0,0,7,22,4,0,0,0,0,0,0,0,0,0,0,13,9,9,2,0,0,23,5,6,7,0,0,1,369,205459,0,0,0,0,45,71,21,1,1,11,1,5,3,Flareon
4-26,08:52:36,NINTEN,NidoranF,Burglar,9,Cinnabar Mansion,2,1:05:02.95,1:05:02,1h5m2s,2,1,3,59,4:13,6.442,BODY SLAM,THUNDERBOLT,MIMIC,DOUBLE KICK,26,8538,791,152,11,718,684,352,18,64937,Flareon, ,Poison,Poison,207364,NidoranF5,NidoranF,,01:04:56.50,01:05:02.95,04:13:21.42,59,2,1,5,2,95,BODY SLAM,THUNDERBOLT,MIMIC,DOUBLE KICK,7,13,10,30,0,0,0,0,165,171,103,105,92,92,99,19525,30950,22561,23855,23855,39512,15,15,15,15,0,0,0,0,0,0,0,115,118,92,92,111,914078,309155,527303,75314,2306,26,2,0,8538,6942,1449,147,791,163,152,11,4,0,32920,23342,1705,1704,679,38,260,0,0,0,0,0,47,0,28,0,0,7,22,4,0,0,0,0,0,0,0,0,0,0,13,9,9,2,0,0,23,5,6,7,0,0,1,371,207229,0,0,0,0,46,71,21,1,1,11,1,5,3,Flareon
4-26,08:52:49,NINTEN,NidoranF,Scientist,13,Cinnabar Mansion,2,1:05:15.96,1:05:15,1h5m15s,2,1,3,59,4:14,7.636,BODY SLAM,THUNDERBOLT,MIMIC,DOUBLE KICK,26,8577,797,153,11,721,687,353,18,67997,Flareon, ,Poison,Poison,209104,NidoranF5,NidoranF,,01:05:08.33,01:05:15.96,04:14:13.03,59,2,1,5,15,96,BODY SLAM,THUNDERBOLT,MIMIC,DOUBLE KICK,4,13,10,30,0,0,0,0,165,171,103,105,92,92,99,19610,31035,22701,24030,24030,39697,15,15,15,15,0,0,0,0,0,0,0,115,118,92,92,111,917159,310009,529530,75314,2306,26,2,0,8577,6981,1449,147,797,164,153,11,4,0,33144,23498,1705,1704,682,38,261,0,0,0,0,0,47,0,28,0,0,7,22,4,0,0,0,0,0,0,0,0,0,0,13,9,9,2,0,0,23,5,6,7,0,0,1,373,208969,0,0,0,0,46,71,21,1,1,11,1,5,3,Flareon
4-26,08:53:22,NINTEN,NidoranF,Beauty,8,Route 20,2,1:05:48.55,1:05:48,1h5m48s,2,1,3,59,4:16,6.587,BODY SLAM,THUNDERBOLT,MIMIC,DOUBLE KICK,26,8686,800,154,11,723,689,353,19,69697,Flareon, ,Poison,Poison,210743,NidoranF5,NidoranF,,01:05:41.97,01:05:48.55,04:16:21.40,59,2,1,5,48,55,BODY SLAM,THUNDERBOLT,MIMIC,DOUBLE KICK,15,13,10,30,0,0,0,0,171,171,103,105,92,92,99,19730,31177,22806,24150,24150,39855,15,15,15,15,0,0,0,0,0,0,0,115,118,92,92,111,924876,314373,531597,76600,2306,26,2,0,8686,7065,1449,172,800,165,154,11,4,0,33516,23663,1705,1704,684,38,261,0,0,0,0,0,47,0,28,0,0,7,22,4,0,0,0,0,0,0,0,0,0,0,13,9,9,2,0,0,23,5,6,7,0,0,1,375,210608,0,0,0,0,49,71,21,1,1,11,1,5,3,Flareon
4-26,08:53:34,NINTEN,NidoranF,Jr Trainer F,16,Route 20,2,1:06:00.35,1:06:00,1h6m0s,2,1,3,60,4:17,7.642,BODY SLAM,THUNDERBOLT,MIMIC,DOUBLE KICK,26,8703,801,155,11,725,691,353,19,71867,Flareon, ,Poison,Poison,212607,NidoranF5,NidoranF,,01:05:52.71,01:06:00.35,04:17:08.13,60,2,1,6,0,35,BODY SLAM,THUNDERBOLT,MIMIC,DOUBLE KICK,15,11,10,30,0,0,0,0,175,175,105,108,94,94,102,19855,31336,22931,24280,24280,39986,15,15,15,15,0,0,0,0,0,0,0,118,121,94,94,114,927669,314871,533892,76600,2306,26,2,0,8703,7065,1449,189,801,166,155,11,4,0,34017,23831,1705,1704,686,38,261,0,0,0,0,0,48,0,28,0,0,7,22,4,0,0,0,0,0,0,0,0,0,0,13,9,9,2,0,0,23,5,6,7,0,0,1,377,212472,0,0,0,0,49,71,21,1,1,11,1,5,3,Flareon
4-26,08:53:48,NINTEN,NidoranF,Beauty,7,Route 20,3,1:06:14.72,1:06:14,1h6m14s,2,1,3,60,4:18,9.06,BODY SLAM,THUNDERBOLT,MIMIC,DOUBLE KICK,26,8709,802,156,11,728,694,353,19,72487,Flareon, ,Poison,Poison,215156,NidoranF5,NidoranF,,01:06:05.65,01:06:14.72,04:18:04.44,60,2,1,6,14,72,BODY SLAM,THUNDERBOLT,MIMIC,DOUBLE KICK,15,8,10,30,0,0,0,0,175,175,105,108,94,94,102,19965,31561,23311,24455,24455,40136,15,15,15,15,0,0,0,0,0,0,0,118,121,94,94,114,931060,315268,536886,76600,2306,26,2,0,8709,7065,1449,195,802,167,156,11,4,0,34624,24029,1705,1704,689,38,261,0,0,0,0,0,48,0,28,0,0,7,22,4,0,0,0,0,0,0,0,0,0,0,13,9,9,2,0,0,23,5,6,7,0,0,1,380,215021,0,0,0,0,49,71,21,1,1,11,1,5,3,Flareon
4-26,08:54:01,NINTEN,NidoranF,Bird Keeper,11,Route 20,3,1:06:28.02,1:06:28,1h6m28s,2,1,3,60,4:18,9.215,BODY SLAM,THUNDERBOLT,MIMIC,DOUBLE KICK,26,8718,802,157,11,731,697,353,19,74587,Flareon, ,Poison,Poison,217964,NidoranF5,NidoranF,,01:06:18.80,01:06:28.02,04:18:57.06,60,2,1,6,28,2,BODY SLAM,THUNDERBOLT,MIMIC,DOUBLE KICK,15,5,10,30,0,0,0,0,175,175,105,108,94,94,102,20158,31801,23496,24627,24627,40407,15,15,15,15,0,0,0,0,0,0,0,118,121,94,94,114,934202,315725,539571,76600,2306,26,2,0,8718,7068,1449,201,802,168,157,11,4,0,35236,24277,1705,1704,692,38,261,0,0,0,0,0,48,0,28,0,0,7,22,4,0,0,0,0,0,0,0,0,0,0,13,9,9,2,0,0,23,5,6,7,0,0,1,383,217829,0,0,0,0,49,71,21,1,1,11,1,5,3,Flareon
4-26,08:54:11,NINTEN,NidoranF,Swimmer,10,Route 20,1,1:06:37.98,1:06:37,1h6m37s,2,1,3,60,4:19,3.884,BODY SLAM,THUNDERBOLT,MIMIC,DOUBLE KICK,26,8726,804,158,11,732,698,353,19,75337,Flareon, ,Poison,Poison,218759,NidoranF5,NidoranF,,01:06:34.10,01:06:37.98,04:19:36.18,60,2,1,6,37,98,BODY SLAM,THUNDERBOLT,MIMIC,DOUBLE KICK,14,5,10,30,0,0,0,0,175,175,105,108,94,94,102,20188,31846,23551,24697,24697,40492,15,15,15,15,0,0,0,0,0,0,0,118,121,94,94,114,936554,316168,540995,77085,2306,26,2,0,8726,7070,1449,207,804,169,158,11,4,0,35331,24348,1705,1704,693,38,261,0,0,0,0,0,48,0,28,0,0,7,22,4,0,0,0,0,0,0,0,0,0,0,13,9,9,2,0,0,23,5,6,7,0,0,1,384,218624,0,0,0,0,49,71,21,1,1,11,1,5,3,Flareon
4-26,08:54:24,NINTEN,NidoranF,Jr Trainer F,24,Route 20,3,1:06:50.93,1:06:50,1h6m50s,2,1,3,60,4:20,8.894,BODY SLAM,THUNDERBOLT,MIMIC,DOUBLE KICK,26,8746,805,159,11,735,701,353,19,75512,Flareon, ,Poison,Poison,220608,NidoranF5,NidoranF,,01:06:42.03,01:06:50.93,04:20:27.19,60,2,1,6,50,93,BODY SLAM,THUNDERBOLT,MIMIC,DOUBLE KICK,13,3,10,30,0,0,0,0,175,175,105,108,94,94,102,20323,31971,23711,24937,24937,40667,15,15,15,15,0,0,0,0,0,0,0,118,121,94,94,114,939615,316639,543585,77085,2306,26,2,0,8746,7070,1449,227,805,170,159,11,4,0,35827,24561,1705,1704,696,38,261,0,0,0,0,0,48,0,28,0,0,7,22,4,0,0,0,0,0,0,0,0,0,0,13,9,9,2,0,0,23,5,6,7,0,0,1,387,220473,0,0,0,0,49,71,21,1,1,11,1,5,3,Flareon
4-26,08:54:38,NINTEN,NidoranF,Swimmer,2,Route 19,2,1:07:04.92,1:07:04,1h7m4s,2,1,3,60,4:21,6.084,BODY SLAM,THUNDERBOLT,MIMIC,DOUBLE KICK,26,8760,810,160,11,737,703,353,19,76112,Flareon, ,Poison,Poison,221905,NidoranF5,NidoranF,,01:06:58.83,01:07:04.92,04:21:22.12,60,2,1,7,4,92,BODY SLAM,THUNDERBOLT,MIMIC,DOUBLE KICK,11,3,10,30,0,0,0,0,175,175,105,108,94,94,102,20393,32076,23846,25082,25082,40777,15,15,15,15,0,0,0,0,0,0,0,118,121,94,94,114,942908,317375,545526,77701,2306,26,2,0,8760,7084,1449,227,810,171,160,11,4,0,36069,24691,1705,1704,698,38,261,0,0,0,0,0,48,0,28,0,0,7,22,4,0,0,0,0,0,0,0,0,0,0,13,9,9,2,0,0,23,5,6,7,0,0,1,389,221770,0,0,0,0,49,71,21,1,1,11,1,5,3,Flareon
4-26,08:54:52,NINTEN,NidoranF,Swimmer,3,Route 19,3,1:07:18.50,1:07:18,1h7m18s,2,1,3,61,4:22,10.664,BODY SLAM,THUNDERBOLT,MIMIC,DOUBLE KICK,26,8765,811,161,11,740,706,353,19,76262,Flareon, ,Poison,Poison,223765,NidoranF5,NidoranF,,01:07:07.83,01:07:18.50,04:22:15.40,61,2,1,7,18,50,BODY SLAM,THUNDERBOLT,MIMIC,DOUBLE KICK,11,3,10,27,0,0,0,0,177,177,108,109,95,95,103,20498,32228,24031,25272,25272,40985,15,15,15,15,0,0,0,0,0,0,0,121,122,95,95,115,946116,317571,548538,77701,2306,26,2,0,8765,7089,1449,227,811,172,161,11,4,0,36305,24882,1705,1704,701,38,261,0,0,0,0,0,48,0,28,0,0,7,22,4,0,0,0,0,0,0,0,0,0,0,13,9,9,2,0,0,23,5,6,7,0,0,1,392,223630,0,0,0,0,49,71,21,1,1,11,1,5,3,Flareon
4-26,08:55:07,NINTEN,NidoranF,Swimmer,7,Route 19,2,1:07:33.37,1:07:33,1h7m33s,2,1,3,61,4:23,7.013,BODY SLAM,THUNDERBOLT,MIMIC,DOUBLE KICK,26,8774,813,162,11,742,708,353,19,76407,Flareon, ,Poison,Poison,224829,NidoranF5,NidoranF,,01:07:26.37,01:07:33.37,04:23:14.08,61,2,1,7,33,37,BODY SLAM,THUNDERBOLT,MIMIC,DOUBLE KICK,11,3,10,25,0,0,0,0,177,177,108,109,95,95,103,20558,32308,24171,25412,25412,41105,15,15,15,15,0,0,0,0,0,0,0,121,122,95,95,115,949624,318044,551049,78225,2306,26,2,0,8774,7094,1449,231,813,173,162,11,4,0,36489,25006,1705,1704,703,38,261,0,0,0,0,0,49,0,28,0,0,7,22,4,0,0,0,0,0,0,0,0,0,0,13,9,9,2,0,0,23,5,6,7,0,0,1,394,224694,0,0,0,0,49,71,21,1,1,11,1,5,3,Flareon
4-26,08:55:18,NINTEN,NidoranF,Swimmer,4,Route 19,2,1:07:44.79,1:07:44,1h7m44s,2,1,3,61,4:23,7.219,BODY SLAM,THUNDERBOLT,MIMIC,DOUBLE KICK,26,8794,814,163,11,744,710,353,19,76557,Flareon, ,Poison,Poison,226165,NidoranF5,NidoranF,,01:07:37.55,01:07:44.79,04:23:59.05,61,2,1,7,44,79,BODY SLAM,THUNDERBOLT,MIMIC,DOUBLE KICK,11,2,10,24,0,0,0,0,177,177,108,109,95,95,103,20663,32423,24276,25502,25502,41285,15,15,15,15,0,0,0,0,0,0,0,121,122,95,95,115,952321,318543,553247,78225,2306,26,2,0,8794,7094,1449,251,814,174,163,11,4,0,36820,25157,1705,1704,705,38,261,0,0,0,0,0,49,0,28,0,0,7,22,4,0,0,0,0,0,0,0,0,0,0,13,9,9,2,0,0,23,5,6,7,0,0,1,396,226030,0,0,0,0,49,71,21,1,1,11,1,5,3,Flareon
4-26,08:55:33,NINTEN,NidoranF,Swimmer,5,Route 19,4,1:07:59.94,1:07:59,1h7m59s,2,1,3,61,4:24,11.777,BODY SLAM,THUNDERBOLT,MIMIC,DOUBLE KICK,26,8803,814,164,11,748,714,353,19,76707,Flareon, ,Poison,Poison,228501,NidoranF5,NidoranF,,01:07:48.15,01:07:59.94,04:24:58.44,61,2,1,7,59,94,BODY SLAM,THUNDERBOLT,MIMIC,DOUBLE KICK,9,2,10,22,0,0,0,0,177,177,108,109,95,95,103,20818,32610,24476,25822,25822,41548,15,15,15,15,0,0,0,0,0,0,0,121,122,95,95,115,955900,318859,556510,78225,2306,26,2,0,8803,7094,1449,260,814,175,164,11,4,0,37333,25403,1705,1704,709,38,261,0,0,0,0,0,50,0,28,0,0,7,22,4,0,0,0,0,0,0,0,0,0,0,13,9,9,2,0,0,23,5,6,7,0,0,1,400,228366,0,0,0,0,49,71,21,1,1,11,1,5,3,Flareon
4-26,08:55:45,NINTEN,NidoranF,Swimmer,6,Route 19,3,1:08:11.99,1:08:11,1h8m11s,2,1,3,61,4:25,8.411,BODY SLAM,THUNDERBOLT,MIMIC,DOUBLE KICK,26,8817,815,165,11,751,717,353,19,76842,Flareon, ,Poison,Poison,230846,NidoranF5,NidoranF,,01:08:03.59,01:08:11.99,04:25:46.11,61,2,1,8,11,99,BODY SLAM,THUNDERBOLT,MIMIC,DOUBLE KICK,6,2,10,22,0,0,0,0,177,177,108,109,95,95,103,20973,32834,24701,25997,25997,41719,15,15,15,15,0,0,0,0,0,0,0,121,122,95,95,115,958747,319241,558975,78225,2306,26,2,0,8817,7094,1449,274,815,176,165,11,4,0,37635,25623,1705,1704,712,38,261,0,0,0,0,0,50,0,28,0,0,7,22,4,0,0,0,0,0,0,0,0,0,0,13,9,9,2,0,0,23,5,6,7,0,0,1,403,230711,0,0,0,0,49,71,21,1,1,11,1,5,3,Flareon
4-26,08:55:57,NINTEN,NidoranF,Beauty,13,Route 19,2,1:08:23.35,1:08:23,1h8m23s,2,1,3,61,4:26,7.35,BODY SLAM,THUNDERBOLT,MIMIC,DOUBLE KICK,26,8829,815,166,11,753,719,353,19,76987,Flareon, ,Poison,Poison,232650,NidoranF5,NidoranF,,01:08:16.00,01:08:23.35,04:26:30.55,61,2,1,8,23,35,BODY SLAM,THUNDERBOLT,MIMIC,DOUBLE KICK,6,1,10,21,0,0,0,0,177,177,108,109,95,95,103,21098,32993,24826,26127,26127,41850,15,15,15,15,0,0,0,0,0,0,0,121,122,95,95,115,961431,319709,561191,78225,2306,26,2,0,8829,7094,1449,286,815,177,166,11,4,0,37874,25786,1705,1704,714,38,261,0,0,0,0,0,50,0,28,0,0,7,22,4,0,0,0,0,0,0,0,0,0,0,13,9,9,2,0,0,23,5,6,7,0,0,1,405,232515,0,0,0,0,49,71,21,1,1,11,1,5,3,Flareon
4-26,08:56:15,NINTEN,NidoranF,Swimmer,8,Route 19,5,1:08:41.62,1:08:41,1h8m41s,2,1,3,62,4:27,15.241,BODY SLAM,THUNDERBOLT,MIMIC,DOUBLE KICK,26,8835,815,167,11,758,724,353,19,79087,Flareon, ,Poison,Poison,236141,NidoranF5,NidoranF,,01:08:26.37,01:08:41.62,04:27:42.52,62,2,1,8,41,62,BODY SLAM,THUNDERBOLT,MIMIC,DOUBLE KICK,4,0,10,19,0,0,0,0,181,181,109,112,98,98,106,21318,33228,25086,26587,26587,42235,15,15,15,15,0,0,0,0,0,0,0,122,126,98,98,119,965748,319924,565293,78225,2306,26,2,0,8835,7094,1449,292,815,178,167,11,4,0,38766,26108,1705,1704,719,38,261,0,0,0,0,0,53,0,28,0,0,7,22,4,0,0,0,0,0,0,0,0,0,0,13,9,9,2,0,0,23,5,6,7,0,0,1,410,236006,0,0,0,0,49,71,21,1,1,11,1,5,3,Flareon
4-26,08:56:32,NINTEN,NidoranF,Beauty,14,Route 19,3,1:08:58.87,1:08:58,1h8m58s,2,1,3,62,4:28,8.567,BODY SLAM,THUNDERBOLT,MIMIC,DOUBLE KICK,26,8836,818,168,11,761,727,353,18,79222,Flareon, ,Poison,Poison,238115,NidoranF5,NidoranF,,01:08:50.30,01:08:58.87,04:28:50.15,62,2,1,8,58,87,BODY SLAM,THUNDERBOLT,MIMIC,DOUBLE KICK,12,15,10,30,0,0,0,0,181,181,109,112,98,98,106,21408,33363,25251,26797,26797,42490,15,15,15,15,0,0,0,0,0,0,0,122,126,98,98,119,969791,320402,568125,78958,2306,26,2,0,8836,7094,1449,293,818,179,168,11,4,0,39132,26291,1705,1704,722,38,261,0,0,0,0,0,53,0,28,0,0,7,22,4,0,0,0,0,0,0,0,0,0,0,13,9,9,2,0,0,23,5,6,7,0,0,1,413,237980,0,0,0,0,49,71,21,1,1,11,1,5,3,Flareon
4-26,08:56:50,NINTEN,NidoranF,Beauty,12,Route 19,5,1:09:16.17,1:09:16,1h9m16s,2,1,3,62,4:29,14.499,BODY SLAM,THUNDERBOLT,MIMIC,DOUBLE KICK,26,8837,820,169,11,766,732,353,18,81252,Flareon, ,Poison,Poison,241271,NidoranF5,NidoranF,,01:09:01.67,01:09:16.17,04:29:58.23,62,2,1,9,16,17,BODY SLAM,THUNDERBOLT,MIMIC,DOUBLE KICK,12,12,10,28,0,0,0,0,181,181,109,112,98,98,106,21658,33689,25516,27057,27057,42864,15,15,15,15,0,0,0,0,0,0,0,122,126,98,98,119,973879,320569,572046,78958,2306,26,2,0,8837,7094,1449,294,820,180,169,11,4,0,40055,26629,1705,1704,727,38,261,0,0,0,0,0,54,0,28,0,0,7,22,4,0,0,0,0,0,0,0,0,0,0,13,9,9,2,0,0,23,5,6,7,0,0,1,418,241136,0,0,0,0,49,71,21,1,1,11,1,5,3,Flareon
4-26,08:57:10,NINTEN,NidoranF,Swimmer,11,Route 20,4,1:09:36.34,1:09:36,1h9m36s,2,1,3,62,4:31,12.777,BODY SLAM,THUNDERBOLT,MIMIC,DOUBLE KICK,26,8861,820,170,11,771,737,354,18,83142,Flareon, ,Poison,Poison,243695,NidoranF5,NidoranF,,01:09:23.56,01:09:36.34,04:31:17.51,62,2,1,9,36,34,BODY SLAM,THUNDERBOLT,MIMIC,DOUBLE KICK,12,12,10,23,0,0,0,0,181,181,109,112,98,98,106,21803,33874,25821,27362,27362,43129,15,15,15,15,0,0,0,0,0,0,0,122,126,98,98,119,978647,321492,575570,79279,2306,26,2,0,8861,7094,1449,318,820,181,170,11,4,0,40347,26879,1705,1704,732,39,261,0,0,0,0,0,55,0,28,0,0,7,22,4,0,0,0,0,0,0,0,0,0,0,13,9,9,2,0,0,23,5,6,7,0,0,1,422,243560,0,0,0,0,49,71,21,1,1,11,1,5,3,Flareon
4-26,08:57:19,NINTEN,NidoranF,Swimmer,9,Route 20,2,1:09:45.86,1:09:45,1h9m45s,2,1,3,62,4:31,6.704,BODY SLAM,THUNDERBOLT,MIMIC,DOUBLE KICK,26,8861,821,171,11,773,739,354,18,83282,Flareon, ,Poison,Poison,245686,NidoranF5,NidoranF,,01:09:39.14,01:09:45.86,04:31:55.15,62,2,1,9,45,86,BODY SLAM,THUNDERBOLT,MIMIC,DOUBLE KICK,12,10,10,23,0,0,0,0,181,181,109,112,98,98,106,21883,34034,26101,27492,27492,43239,15,15,15,15,0,0,0,0,0,0,0,122,126,98,98,119,980891,321658,577648,79279,2306,26,2,0,8861,7094,1449,318,821,182,171,11,4,0,40728,27019,1705,1704,734,39,261,0,0,0,0,0,55,0,28,0,0,7,22,4,0,0,0,0,0,0,0,0,0,0,13,9,9,2,0,0,23,5,6,7,0,0,1,424,245551,0,0,0,0,49,71,21,1,1,11,1,5,3,Flareon
4-26,08:57:34,NINTEN,NidoranF,Beauty,15,Route 20,3,1:10:00.19,1:10:00,1h10m0s,2,1,3,63,4:32,10.125,BODY SLAM,THUNDERBOLT,MIMIC,DOUBLE KICK,26,8880,821,172,11,776,742,354,18,83437,Flareon, ,Poison,Poison,248210,NidoranF5,NidoranF,,01:09:50.06,01:10:00.19,04:32:51.46,63,2,1,10,0,19,BODY SLAM,THUNDERBOLT,MIMIC,DOUBLE KICK,11,8,10,23,0,0,0,0,184,184,112,114,100,100,108,22023,34204,26361,27752,27752,43469,15,15,15,15,0,0,0,0,0,0,0,126,128,100,100,121,984282,322171,580526,79279,2306,26,2,0,8880,7094,1449,337,821,183,172,11,4,0,41131,27235,1705,1704,737,39,261,0,0,0,0,0,55,0,28,0,0,7,22,4,0,0,0,0,0,0,0,0,0,0,13,9,9,2,0,0,23,5,6,7,0,0,1,427,248075,0,0,0,0,49,71,21,1,1,11,1,5,3,Flareon
4-26,08:57:47,NINTEN,NidoranF,Beauty,6,Route 20,1,1:10:13.39,1:10:13,1h10m13s,2,1,3,63,4:33,4.293,BODY SLAM,THUNDERBOLT,MIMIC,DOUBLE KICK,26,8911,823,173,11,777,743,354,18,85537,Flareon, ,Poison,Poison,249485,NidoranF5,NidoranF,,01:10:09.09,01:10:13.39,04:33:43.44,63,2,1,10,13,39,BODY SLAM,THUNDERBOLT,MIMIC,DOUBLE KICK,11,7,10,23,0,0,0,0,184,184,112,114,100,100,108,22103,34296,26426,27832,27832,43537,15,15,15,15,0,0,0,0,0,0,0,126,128,100,100,121,987400,322982,582366,79746,2306,26,2,0,8911,7114,1449,348,823,184,173,11,4,0,41276,27341,1705,1704,738,39,261,0,0,0,0,0,55,0,28,0,0,7,22,4,0,0,0,0,0,0,0,0,0,0,13,9,9,2,0,0,23,5,6,7,0,0,1,428,249350,0,0,0,0,49,71,21,1,1,11,1,5,3,Flareon
4-26,08:58:24,NINTEN,NidoranF,Pokemaniac,1,Route 10,2,1:10:50.37,1:10:50,1h10m50s,2,1,3,63,4:36,7.988,BODY SLAM,THUNDERBOLT,MIMIC,DOUBLE KICK,26,9119,837,174,11,779,745,354,18,87987,Flareon, ,Poison,Poison,251168,NidoranF5,NidoranF,RTG2 - Pokemaniac 1,01:10:42.39,01:10:50.37,04:36:09.34,63,2,1,10,50,37,BODY SLAM,THUNDERBOLT,MIMIC,DOUBLE KICK,11,7,10,21,0,0,0,0,184,184,112,114,100,100,108,22273,34436,26596,27922,27922,43592,15,15,15,15,0,0,0,0,0,0,0,126,128,100,100,121,996150,326593,584736,82515,2306,26,2,0,9119,7158,1584,377,837,185,174,11,4,0,41536,27531,1705,1704,740,39,261,0,0,0,0,0,55,0,28,0,0,7,22,4,0,0,0,0,0,0,0,0,0,0,13,9,9,2,0,0,23,5,6,7,0,0,1,430,251033,0,0,0,0,49,71,21,1,1,11,1,5,3,Flareon
4-26,08:59:02,NINTEN,NidoranF,Burglar,4,Cinnabar Island - Gym,3,1:11:28.99,1:11:28,1h11m28s,2,1,3,63,4:38,10.307,BODY SLAM,THUNDERBOLT,MIMIC,DOUBLE KICK,26,9289,849,175,11,783,749,356,18,89487,Flareon, ,Poison,Poison,253728,NidoranF5,NidoranF,,01:11:18.68,01:11:28.99,04:38:41.58,63,2,1,11,28,99,BODY SLAM,THUNDERBOLT,MIMIC,DOUBLE KICK,11,15,10,30,0,0,0,0,179,184,112,114,100,100,108,22439,34623,26756,28137,28137,43817,15,15,15,15,0,0,0,0,0,0,0,126,128,100,100,121,1005294,332453,587692,82843,2306,26,2,0,9289,7328,1584,377,849,186,175,11,4,0,41978,27805,1710,1709,744,39,262,0,0,0,0,0,55,0,28,0,0,7,22,4,0,0,0,0,0,0,0,0,0,0,13,9,9,2,0,0,23,5,6,7,0,0,1,433,253593,0,0,0,0,50,71,21,1,1,11,1,5,3,Flareon
4-26,08:59:19,NINTEN,NidoranF,Super Nerd,9,Cinnabar Island - Gym,3,1:11:45.41,1:11:45,1h11m45s,2,1,3,63,4:39,12.997,BODY SLAM,THUNDERBOLT,MIMIC,DOUBLE KICK,26,9297,850,176,11,787,753,358,18,92727,Flareon, ,Poison,Poison,256072,NidoranF5,NidoranF,,01:11:32.41,01:11:45.41,04:39:46.43,63,2,1,11,45,41,BODY SLAM,THUNDERBOLT,MIMIC,DOUBLE KICK,10,15,10,27,0,0,0,0,158,184,112,114,100,100,108,22588,34781,26911,28367,28367,44047,15,15,15,15,0,0,0,0,0,0,0,126,128,100,100,121,1009179,332762,591268,82843,2306,26,2,0,9297,7336,1584,377,850,187,176,11,4,0,42306,28067,1731,1730,748,39,264,0,0,0,0,0,55,0,28,0,0,7,23,4,0,0,0,0,0,0,0,0,0,0,13,9,9,2,0,0,24,5,6,7,0,0,1,436,255937,0,0,0,0,50,71,21,1,1,11,1,5,3,Flareon
4-26,08:59:37,NINTEN,NidoranF,Super Nerd,10,Cinnabar Island - Gym,4,1:12:03.18,1:12:03,1h12m3s,2,1,3,63,4:40,11.516,BODY SLAM,THUNDERBOLT,MIMIC,DOUBLE KICK,26,9313,855,177,11,791,757,358,18,93627,Flareon, ,Poison,Poison,258773,NidoranF5,NidoranF,,01:11:51.66,01:12:03.18,04:40:56.40,63,2,1,12,3,18,BODY SLAM,THUNDERBOLT,MIMIC,DOUBLE KICK,7,15,10,26,0,0,0,0,158,184,112,114,100,100,108,22770,35029,27094,28597,28597,44327,15,15,15,15,0,0,0,0,0,0,0,126,128,100,100,121,1013376,333722,594505,82843,2306,26,2,0,9313,7352,1584,377,855,188,177,11,4,0,42870,28386,1731,1730,752,39,264,0,0,0,0,0,56,0,28,0,0,7,23,4,0,0,0,0,0,0,0,0,0,0,13,9,9,2,0,0,24,5,6,7,0,0,1,440,258638,0,0,0,0,50,71,21,1,1,11,1,5,3,Flareon
4-26,08:59:50,NINTEN,NidoranF,Burglar,5,Cinnabar Island - Gym,1,1:12:16.56,1:12:16,1h12m16s,2,1,3,64,4:41,7.838,BODY SLAM,THUNDERBOLT,MIMIC,DOUBLE KICK,26,9325,862,178,11,794,760,360,18,94477,Flareon, ,Poison,Poison,260108,NidoranF5,NidoranF,,01:12:08.71,01:12:16.56,04:41:49.27,64,2,1,12,16,56,BODY SLAM,THUNDERBOLT,MIMIC,DOUBLE KICK,5,15,10,25,0,0,0,0,133,187,114,117,102,102,109,22820,35114,27149,28662,28662,44417,15,15,15,15,0,0,0,0,0,0,0,128,131,102,102,122,1016543,334521,596873,82843,2306,26,2,0,9325,7364,1584,377,862,189,178,11,4,0,42993,28484,1759,1758,754,40,266,0,0,0,0,0,56,0,28,0,0,7,23,4,0,0,0,0,0,0,0,0,0,0,13,9,9,2,0,0,24,5,6,7,0,0,1,441,259973,0,0,0,0,50,71,21,1,1,11,1,5,3,Flareon
4-26,09:00:02,NINTEN,NidoranF,Super Nerd,11,Cinnabar Island - Gym,1,1:12:28.99,1:12:28,1h12m28s,2,1,3,64,4:42,5.535,BODY SLAM,THUNDERBOLT,MIMIC,DOUBLE KICK,26,9339,864,179,11,796,762,361,18,98167,Flareon, ,Poison,Poison,261794,NidoranF5,NidoranF,,01:12:23.46,01:12:28.99,04:42:38.24,64,2,1,12,28,99,BODY SLAM,THUNDERBOLT,MIMIC,DOUBLE KICK,3,15,10,25,0,0,0,0,133,187,114,117,102,102,109,22885,35214,27219,28742,28742,44522,15,15,15,15,0,0,0,0,0,0,0,128,131,102,102,122,1019480,335303,599028,82843,2306,26,2,0,9339,7378,1584,377,864,190,179,11,4,0,43161,28594,1759,1758,756,41,266,0,0,0,0,0,56,0,28,0,0,7,24,4,0,0,0,0,0,0,0,0,0,0,13,9,9,2,0,0,25,5,6,7,0,0,1,442,261659,0,0,0,0,50,71,21,1,1,11,1,5,3,Flareon
4-26,09:00:15,NINTEN,NidoranF,Burglar,6,Cinnabar Island - Gym,2,1:12:41.61,1:12:41,1h12m41s,2,1,3,64,4:43,7.201,BODY SLAM,THUNDERBOLT,MIMIC,DOUBLE KICK,26,9353,865,180,11,798,764,361,18,99192,Flareon, ,Poison,Poison,263014,NidoranF5,NidoranF,,01:12:34.41,01:12:41.61,04:43:28.01,64,2,1,12,41,61,BODY SLAM,THUNDERBOLT,MIMIC,DOUBLE KICK,2,15,10,24,0,0,0,0,133,187,114,117,102,102,109,22978,35325,27304,28857,28857,44647,15,15,15,15,0,0,0,0,0,0,0,128,131,102,102,122,1022457,336099,601209,82843,2306,26,2,0,9353,7392,1584,377,865,191,180,11,4,0,43385,28768,1759,1758,758,41,266,0,0,0,0,0,56,0,28,0,0,7,24,4,0,0,0,0,0,0,0,0,0,0,13,9,9,2,0,0,25,5,6,7,0,0,1,444,262879,0,0,0,0,50,71,21,1,1,11,1,5,3,Flareon
4-26,09:00:27,NINTEN,NidoranF,Super Nerd,12,Cinnabar Island - Gym,2,1:12:53.06,1:12:53,1h12m53s,2,1,3,64,4:44,6.33,BODY SLAM,THUNDERBOLT,MIMIC,DOUBLE KICK,26,9365,869,181,11,800,766,361,18,102522,Flareon, ,Poison,Poison,264234,NidoranF5,NidoranF,,01:12:46.73,01:12:53.06,04:44:13.03,64,2,1,12,53,6,BODY SLAM,THUNDERBOLT,MIMIC,DOUBLE KICK,0,15,10,24,0,0,0,0,133,187,114,117,102,102,109,23071,35436,27389,28972,28972,44772,15,15,15,15,0,0,0,0,0,0,0,128,131,102,102,122,1025159,336806,603204,82843,2306,26,2,0,9365,7404,1584,377,869,192,181,11,4,0,43639,28942,1759,1758,760,41,266,0,0,0,0,0,56,0,28,0,0,7,24,4,0,0,0,0,0,0,0,0,0,0,13,9,9,2,0,0,25,5,6,7,0,0,1,446,264099,0,0,0,0,50,71,21,1,1,11,1,5,3,Flareon
4-26,09:01:29,NINTEN,NidoranF,Blaine,1,Cinnabar Island - Gym,3,1:13:55.81,1:13:55,1h13m55s,3,1,4,64,4:46,17.255,BODY SLAM,THUNDERBOLT,MIMIC,DOUBLE KICK,27,9372,877,182,11,807,773,366,18,103447,Flareon, ,Poison,Poison,270584,NidoranF5,NidoranF,Blaine,01:13:38.56,01:13:55.81,04:46:26.50,64,3,1,13,55,81,BODY SLAM,THUNDERBOLT,MIMIC,DOUBLE KICK,3,15,10,30,0,0,0,0,45,187,114,117,102,102,109,23299,35722,27614,29232,29232,45072,15,15,15,15,0,0,0,0,0,0,0,128,131,102,102,122,1033191,337459,607803,85470,2460,27,3,0,9372,7411,1584,377,877,193,182,11,4,0,44095,29379,1901,1900,767,41,271,0,0,0,0,0,57,0,29,0,0,7,26,4,0,0,0,0,0,0,0,0,0,0,13,9,9,2,0,0,27,5,6,7,0,0,1,449,270449,0,0,0,0,50,71,21,1,1,11,1,5,4,Flareon
4-26,09:02:24,NINTEN,NidoranF,Sabrina,1,Saffron City - Gym,3,1:14:50.42,1:14:50,1h14m50s,3,1,4,65,4:50,12.87,BODY SLAM,THUNDERBOLT,MIMIC,DOUBLE KICK,28,9520,890,183,11,811,777,368,19,108793,Flareon, ,Poison,Poison,274909,NidoranF5,NidoranF,Sabrina,01:14:37.55,01:14:50.42,04:50:01.33,65,3,1,14,50,42,BODY SLAM,THUNDERBOLT,MIMIC,DOUBLE KICK,11,15,10,30,0,0,0,0,54,190,116,118,104,104,112,23419,35827,27704,29592,29592,45387,15,15,15,15,0,0,-1,-1,0,0,0,146,148,76,76,141,1046074,344536,611401,87678,2460,28,3,0,9520,7559,1584,377,890,194,183,11,4,0,44700,29703,2037,2036,771,42,272,0,0,0,0,0,58,0,29,0,0,7,26,4,0,0,0,0,0,0,0,0,0,0,13,9,9,2,0,0,27,5,6,7,0,0,1,452,274774,0,0,0,0,50,71,21,1,1,11,1,5,4,Flareon
4-26,09:02:53,NINTEN,NidoranF,Blackbelt,6,Viridian City - Gym,2,1:15:19.23,1:15:19,1h15m19s,3,1,4,65,4:51,7.846,BODY SLAM,THUNDERBOLT,MIMIC,DOUBLE KICK,28,9594,894,184,11,814,780,369,20,113743,Flareon, ,Poison,Poison,276913,NidoranF5,NidoranF,,01:15:11.38,01:15:19.23,04:51:55.08,65,3,1,15,19,23,BODY SLAM,THUNDERBOLT,MIMIC,DOUBLE KICK,14,13,10,30,0,0,0,0,178,190,116,118,104,104,112,23569,36007,27824,29677,29677,45467,15,15,15,15,0,0,0,0,0,0,0,130,132,117,117,126,1052889,348216,614271,87943,2460,28,3,0,9594,7633,1584,377,894,195,184,11,4,0,45049,29935,2049,2048,774,42,273,0,0,0,0,0,58,0,29,0,0,7,26,4,0,0,0,0,0,0,0,0,0,0,13,9,9,2,0,0,27,5,6,7,0,0,1,454,276778,0,0,0,0,50,71,21,1,1,11,1,5,4,Flareon
4-26,09:03:02,NINTEN,NidoranF,Cooltrainer M,10,Viridian City - Gym,1,1:15:28.32,1:15:28,1h15m28s,3,1,4,65,4:52,5.141,BODY SLAM,THUNDERBOLT,MIMIC,DOUBLE KICK,28,9603,894,185,11,815,781,369,20,114743,Flareon, ,Poison,Poison,278156,NidoranF5,NidoranF,,01:15:23.18,01:15:28.32,04:52:30.56,65,3,1,15,28,32,BODY SLAM,THUNDERBOLT,MIMIC,DOUBLE KICK,14,13,10,29,0,0,0,0,178,190,116,118,104,104,112,23649,36092,27919,29707,29707,45492,15,15,15,15,0,0,0,0,0,0,0,130,132,117,117,126,1055037,348646,615989,87943,2460,28,3,0,9603,7642,1584,377,894,196,185,11,4,0,45211,30063,2049,2048,775,42,273,0,0,0,0,0,59,0,29,0,0,7,26,4,0,0,0,0,0,0,0,0,0,0,13,9,9,2,0,0,27,5,6,7,0,0,1,455,278021,0,0,0,0,50,71,21,1,1,11,1,5,4,Flareon
4-26,09:03:17,NINTEN,NidoranF,Blackbelt,8,Viridian City - Gym,3,1:15:43.90,1:15:43,1h15m43s,3,1,4,65,4:53,11.585,BODY SLAM,THUNDERBOLT,MIMIC,DOUBLE KICK,28,9611,896,186,11,820,786,371,20,116248,Flareon, ,Poison,Poison,281247,NidoranF5,NidoranF,,01:15:32.32,01:15:43.90,04:53:32.29,65,3,1,15,43,90,BODY SLAM,THUNDERBOLT,MIMIC,DOUBLE KICK,14,8,10,29,0,0,0,0,156,190,116,118,104,104,112,23879,36372,28109,29842,29842,45617,15,15,15,15,0,0,0,0,0,0,0,130,132,117,117,126,1058730,349074,619254,87943,2460,28,3,0,9611,7650,1584,377,896,197,186,11,4,0,45804,30398,2071,2070,780,42,274,0,0,0,0,0,59,0,30,0,0,7,26,4,0,0,0,0,0,0,0,0,0,0,13,9,9,2,0,0,27,5,6,7,0,0,1,458,281112,0,0,0,0,50,71,21,1,1,11,1,5,4,Flareon
4-26,09:03:32,NINTEN,NidoranF,Cooltrainer M,9,Viridian City - Gym,2,1:15:58.42,1:15:58,1h15m58s,3,1,4,65,4:54,8.112,BODY SLAM,THUNDERBOLT,MIMIC,DOUBLE KICK,29,9625,899,187,11,823,789,372,20,117198,Flareon, ,Poison,Poison,283887,NidoranF5,NidoranF,,01:15:50.32,01:15:58.42,04:54:29.48,65,3,1,15,58,42,BODY SLAM,THUNDERBOLT,MIMIC,DOUBLE KICK,11,8,10,29,0,0,0,0,144,190,116,118,104,104,112,23989,36552,28269,29967,29967,45802,15,15,15,15,0,0,0,0,0,0,0,130,132,117,117,126,1062169,349554,621653,88503,2460,29,3,0,9625,7664,1584,377,899,198,187,11,4,0,46086,30593,2083,2082,783,42,274,0,0,0,0,0,60,0,30,0,0,7,26,4,0,0,0,0,0,0,0,0,0,0,13,9,9,2,0,0,27,5,6,7,0,0,1,460,283752,0,0,0,0,50,71,21,1,1,11,1,5,4,Flareon
4-26,09:03:42,NINTEN,NidoranF,Tamer,3,Viridian City - Gym,1,1:16:08.45,1:16:08,1h16m8s,3,1,4,65,4:55,6.685,BODY SLAM,THUNDERBOLT,MIMIC,DOUBLE KICK,29,9629,899,188,11,825,791,373,20,118563,Flareon, ,Poison,Poison,285130,NidoranF5,NidoranF,,01:16:01.77,01:16:08.45,04:55:09.22,65,3,1,16,8,45,BODY SLAM,THUNDERBOLT,MIMIC,DOUBLE KICK,11,8,10,27,0,0,0,0,128,190,116,118,104,104,112,24069,36637,28364,29997,29997,45827,15,15,15,15,0,0,0,0,0,0,0,130,132,117,117,126,1064543,349830,623751,88503,2460,29,3,0,9629,7668,1584,377,899,199,188,11,4,0,46220,30721,2099,2098,785,42,275,0,0,0,0,0,60,0,30,0,0,7,26,4,0,0,0,0,0,0,0,0,0,0,13,9,9,2,0,0,27,5,6,7,0,0,1,461,284995,0,0,0,0,50,71,21,1,1,11,1,5,4,Flareon
4-26,09:04:03,NINTEN,NidoranF,Cooltrainer M,1,Viridian City - Gym,2,1:16:29.30,1:16:29,1h16m29s,3,1,4,66,4:56,9.422,BODY SLAM,THUNDERBOLT,MIMIC,DOUBLE KICK,29,9693,910,189,11,828,794,374,20,120283,Flareon, ,Poison,Poison,287744,NidoranF5,NidoranF,,01:16:19.89,01:16:29.30,04:56:31.39,66,3,1,16,29,30,BODY SLAM,THUNDERBOLT,MIMIC,DOUBLE KICK,9,7,10,27,0,0,0,0,106,194,118,121,105,105,113,24211,36801,28498,30127,30127,45977,15,15,15,15,0,0,0,0,0,0,0,132,136,118,118,127,1069480,352028,626490,88503,2460,29,3,0,9693,7732,1584,377,910,200,189,11,4,0,46480,30941,2125,2124,788,42,276,0,0,0,0,0,60,0,31,0,0,7,26,4,0,0,0,0,0,0,0,0,0,0,13,9,9,2,0,0,27,5,6,7,0,0,1,463,287609,0,0,0,0,50,71,21,1,1,11,1,5,4,Flareon
4-26,09:05:43,NINTEN,NidoranF,Giovanni,3,Viridian City - Gym,5,1:18:09.15,1:18:09,1h18m9s,3,1,4,77,5:03,28.515,BODY SLAM,THUNDERBOLT,MIMIC,DOUBLE KICK,31,9877,927,190,11,842,808,383,19,121648,Flareon, ,Poison,Poison,476685,NidoranF5,NidoranF,Giovanni,01:17:40.64,01:18:09.15,05:03:04.30,77,3,1,18,9,15,BODY SLAM,THUNDERBOLT,MIMIC,DOUBLE KICK,12,15,3,26,0,0,0,0,169,224,137,140,122,122,132,24587,37255,28892,30457,30457,46413,15,15,15,15,0,-2,0,0,0,0,6,347,122,309,309,334,1093051,357621,634131,98840,2460,31,3,0,9877,7916,1584,377,927,201,190,11,4,0,47366,31701,2180,2179,795,48,278,0,0,0,0,0,60,0,32,0,0,7,26,4,0,0,0,0,0,0,0,0,0,0,13,9,9,2,0,0,27,5,6,7,0,0,1,468,297830,0,0,0,0,50,71,21,1,1,11,1,5,4,Flareon
4-26,09:06:33,NINTEN,NidoranF,Rival6-Route 22,9,Route 22,6,1:18:59.11,1:18:59,1h18m59s,3,1,4,78,5:06,22.753,BODY SLAM,THUNDERBOLT,MIMIC,DOUBLE KICK,32,10015,938,191,11,852,817,386,20,127093,Flareon, ,Poison,Poison,486649,NidoranF5,NidoranF,Rival (Final),01:18:36.36,01:18:59.11,05:06:22.03,78,3,1,18,59,11,BODY SLAM,THUNDERBOLT,MIMIC,DOUBLE KICK,7,14,10,30,0,0,0,0,189,227,139,143,125,125,134,24927,37715,29447,31007,31007,46828,15,15,15,15,0,0,0,0,0,0,0,156,160,140,140,150,1104904,362537,640234,99674,2460,32,3,0,10015,8054,1584,377,938,202,191,11,4,0,48509,32418,2218,2217,804,49,279,0,0,0,0,0,62,0,32,0,0,7,26,4,0,0,0,0,0,0,0,0,0,0,13,9,9,2,0,0,27,5,6,7,0,0,1,474,307794,0,0,0,0,50,71,21,1,1,11,1,5,4,Flareon
4-26,09:08:11,NINTEN,NidoranF,Cooltrainer F,5,Victory Road,2,1:20:37.38,1:20:37,1h20m37s,3,1,4,78,5:12,9.499,BODY SLAM,THUNDERBOLT,MIMIC,DOUBLE KICK,32,10433,1024,192,12,855,820,388,19,130538,Flareon, ,Poison,Poison,489721,NidoranF5,NidoranF,,01:20:27.88,01:20:37.38,05:12:51.01,78,3,1,20,37,38,BODY SLAM,THUNDERBOLT,MIMIC,DOUBLE KICK,13,15,10,29,0,0,0,0,219,227,139,143,125,125,134,25065,37861,29582,31172,31172,47043,15,15,15,15,0,0,0,0,0,0,0,156,160,140,140,150,1128242,377409,644082,104292,2460,32,3,0,10433,8136,1882,415,1024,204,192,12,5,0,48895,32661,2226,2225,807,50,280,0,0,0,0,0,62,0,32,0,0,7,26,4,0,0,0,0,0,0,0,0,0,0,13,9,9,2,0,0,27,5,6,7,0,0,1,476,310866,0,0,0,0,52,71,21,1,1,11,1,5,4,Flareon
4-26,09:08:27,NINTEN,NidoranF,Cooltrainer M,5,Victory Road,4,1:20:53.31,1:20:53,1h20m53s,3,1,4,78,5:13,12.027,BODY SLAM,THUNDERBOLT,MIMIC,DOUBLE KICK,32,10446,1029,193,12,859,824,388,19,132078,Flareon, ,Poison,Poison,495436,NidoranF5,NidoranF,,01:20:41.28,01:20:53.31,05:13:53.48,78,3,1,20,53,31,BODY SLAM,THUNDERBOLT,MIMIC,DOUBLE KICK,12,12,10,29,0,0,0,0,219,227,139,143,125,125,134,25320,38134,29861,31467,31467,47341,15,15,15,15,0,0,0,0,0,0,0,156,160,140,140,150,1132009,377915,647343,104292,2460,32,3,0,10446,8136,1895,415,1029,205,193,12,5,0,49649,33109,2226,2225,811,50,280,0,0,0,0,0,63,0,32,0,0,7,26,4,0,0,0,0,0,0,0,0,0,0,13,9,9,2,0,0,27,5,6,7,0,0,1,480,316581,0,0,0,0,52,71,21,1,1,11,1,5,4,Flareon
4-26,09:08:51,NINTEN,NidoranF,Blackbelt,9,Victory Road,3,1:21:17.75,1:21:17,1h21m17s,3,1,4,78,5:15,9.418,BODY SLAM,THUNDERBOLT,MIMIC,DOUBLE KICK,32,10486,1046,194,12,862,827,388,19,133548,Flareon, ,Poison,Poison,498934,NidoranF5,NidoranF,,01:21:08.33,01:21:17.75,05:15:30.20,78,3,1,21,17,75,BODY SLAM,THUNDERBOLT,MIMIC,DOUBLE KICK,12,9,10,29,0,0,0,0,219,227,139,143,125,125,134,25550,38414,30051,31602,31602,47466,15,15,15,15,0,0,0,0,0,0,0,156,160,140,140,150,1137801,379958,650082,105302,2460,32,3,0,10486,8136,1935,415,1046,206,194,12,5,0,50134,33485,2226,2225,814,50,280,0,0,0,0,0,63,0,32,0,0,7,26,4,0,0,0,0,0,0,0,0,0,0,13,9,9,2,0,0,27,5,6,7,0,0,1,483,320079,0,0,0,0,52,71,21,1,1,11,1,5,4,Flareon
4-26,09:09:09,NINTEN,NidoranF,Juggler,2,Victory Road,4,1:21:35.13,1:21:35,1h21m35s,3,1,4,78,5:16,12.939,BODY SLAM,THUNDERBOLT,MIMIC,DOUBLE KICK,32,10501,1049,195,12,867,832,389,19,134623,Flareon, ,Poison,Poison,503824,NidoranF5,NidoranF,,01:21:22.20,01:21:35.13,05:16:38.48,78,3,1,21,35,13,BODY SLAM,THUNDERBOLT,MIMIC,DOUBLE KICK,7,9,10,29,0,0,0,0,207,227,139,143,125,125,134,25775,38605,30226,32047,32047,47785,15,15,15,15,0,0,0,0,0,0,0,156,160,140,140,150,1141909,380501,653647,105302,2460,32,3,0,10501,8136,1950,415,1049,207,195,12,5,0,50972,33898,2238,2237,819,50,281,0,0,0,0,0,63,0,32,0,0,7,26,4,0,0,0,0,0,0,0,0,0,0,13,9,9,2,0,0,27,5,6,7,0,0,1,487,324969,0,0,0,0,52,71,21,1,1,11,1,5,4,Flareon
4-26,09:09:22,NINTEN,NidoranF,Tamer,5,Victory Road,2,1:21:48.65,1:21:48,1h21m48s,3,1,4,79,5:17,8.962,BODY SLAM,THUNDERBOLT,MIMIC,DOUBLE KICK,32,10526,1051,196,12,869,834,389,19,136058,Flareon, ,Poison,Poison,506858,NidoranF5,NidoranF,,01:21:39.68,01:21:48.65,05:17:32.08,79,3,1,21,48,65,BODY SLAM,THUNDERBOLT,MIMIC,DOUBLE KICK,7,8,10,28,0,0,0,0,211,231,141,144,127,127,136,25920,38757,30364,32192,32192,47985,15,15,15,15,0,0,0,0,0,0,0,158,162,142,142,153,1145109,381070,656278,105302,2460,32,3,0,10526,8136,1975,415,1051,208,196,12,5,0,51360,34147,2238,2237,821,50,281,0,0,0,0,0,63,0,32,0,0,7,26,4,0,0,0,0,0,0,0,0,0,0,13,9,9,2,0,0,27,5,6,7,0,0,1,489,328003,0,0,0,0,52,71,21,1,1,11,1,5,4,Flareon
4-26,09:09:41,NINTEN,NidoranF,Cooltrainer M,2,Victory Road,3,1:22:07.78,1:22:07,1h22m7s,3,1,4,79,5:18,12.268,BODY SLAM,THUNDERBOLT,MIMIC,DOUBLE KICK,32,10546,1056,197,12,874,839,391,19,137818,Flareon, ,Poison,Poison,512643,NidoranF5,NidoranF,,01:21:55.51,01:22:07.78,05:18:47.26,79,3,1,22,7,78,BODY SLAM,THUNDERBOLT,MIMIC,DOUBLE KICK,5,5,10,28,0,0,0,0,197,231,141,144,127,127,136,26155,39057,30709,32482,32482,48205,15,15,15,15,0,0,0,0,0,0,0,158,162,142,142,153,1149627,381840,660026,105302,2460,32,3,0,10546,8136,1995,415,1056,209,197,12,5,0,52074,34527,2252,2251,826,50,282,0,0,0,0,0,64,0,32,0,0,7,26,4,0,0,0,0,0,0,0,0,0,0,13,9,9,2,0,0,27,5,6,7,0,0,1,492,333788,0,0,0,0,52,71,21,1,1,11,1,5,4,Flareon
4-26,09:10:26,NINTEN,NidoranF,Cooltrainer F,3,Victory Road,3,1:22:52.36,1:22:52,1h22m52s,3,1,4,79,5:21,13.481,BODY SLAM,THUNDERBOLT,MIMIC,DOUBLE KICK,33,10639,1094,198,12,878,843,391,19,139323,Flareon, ,Poison,Poison,517792,NidoranF5,NidoranF,,01:22:38.88,01:22:52.36,05:21:44.00,79,3,1,22,52,36,BODY SLAM,THUNDERBOLT,MIMIC,DOUBLE KICK,3,4,10,27,0,0,0,0,231,231,141,144,127,127,136,26555,39227,30874,32762,32762,48355,15,15,15,15,0,0,0,0,0,0,0,158,162,142,142,153,1160221,386704,663730,107328,2460,33,3,0,10639,8136,2088,415,1094,210,198,12,5,0,52846,35049,2252,2251,830,50,282,0,0,0,0,0,64,0,32,0,0,7,27,4,0,0,0,0,0,0,0,0,0,0,13,9,9,2,0,0,27,5,6,7,0,0,1,495,338937,0,0,0,0,52,71,21,1,1,11,1,5,4,Flareon
4-26,09:10:46,NINTEN,NidoranF,Cooltrainer M,3,Victory Road,3,1:23:12.55,1:23:12,1h23m12s,3,1,4,79,5:23,10.25,BODY SLAM,THUNDERBOLT,MIMIC,DOUBLE KICK,33,10673,1100,199,12,881,846,391,19,140828,Flareon, ,Poison,Poison,523512,NidoranF5,NidoranF,,01:23:02.30,01:23:12.55,05:23:03.39,79,3,1,23,12,55,BODY SLAM,THUNDERBOLT,MIMIC,DOUBLE KICK,3,1,10,27,0,0,0,0,231,231,141,144,127,127,136,26769,39510,31154,33017,33017,48608,15,15,15,15,0,0,0,0,0,0,0,158,162,142,142,153,1165000,387541,666667,108333,2460,33,3,0,10673,8136,2122,415,1100,211,199,12,5,0,53508,35411,2252,2251,833,50,282,0,0,0,0,0,64,0,32,0,0,7,27,4,0,0,0,0,0,0,0,0,0,0,13,9,9,2,0,0,27,5,6,7,0,0,1,498,344657,0,0,0,0,52,71,21,1,1,11,1,5,4,Flareon
4-26,09:11:13,NINTEN,NidoranF,Cooltrainer F,2,Victory Road,3,1:23:39.72,1:23:39,1h23m39s,3,1,4,80,5:24,21.396,BODY SLAM,THUNDERBOLT,MIMIC,DOUBLE KICK,34,10675,1101,200,12,891,852,393,19,142333,Flareon, ,Poison,Poison,527435,NidoranF5,NidoranF,,01:23:18.32,01:23:39.72,05:24:51.07,80,3,1,23,39,72,BODY SLAM,THUNDERBOLT,MIMIC,DOUBLE KICK,0,1,10,24,0,0,0,0,198,234,144,147,129,129,138,26964,39780,31304,33272,33272,48773,15,15,15,15,0,0,0,0,0,0,0,162,165,145,145,155,1171448,387850,672280,108859,2460,34,3,0,10675,8136,2124,415,1101,212,200,12,5,0,54102,35881,2288,2287,839,50,284,0,0,0,0,0,64,0,33,0,0,7,27,4,0,0,0,0,0,0,0,0,0,0,13,9,9,2,0,0,27,5,6,7,0,0,1,501,348580,0,0,0,0,52,71,21,1,1,11,1,5,4,Flareon
4-26,09:12:35,NINTEN,NidoranF,Lorelei,1,Lorelei's Room,5,1:25:01.32,1:25:01,1h25m1s,3,1,4,80,5:30,24.834,BODY SLAM,THUNDERBOLT,MIMIC,DOUBLE KICK,35,10840,1134,201,12,900,861,396,19,131838,Flareon, ,Poison,Poison,537944,NidoranF5,NidoranF,Lorelei,01:24:36.48,01:25:01.32,05:30:13.58,80,3,1,25,1,32,BODY SLAM,THUNDERBOLT,MIMIC,DOUBLE KICK,14,7,10,30,0,0,0,0,88,234,144,147,129,129,138,27394,40155,31789,33722,33722,49098,15,15,15,15,0,0,0,0,0,0,0,162,165,145,145,155,1190819,395292,679024,114044,2460,35,3,0,10840,8173,2252,415,1134,213,201,12,5,0,55638,36922,2434,2433,848,50,286,0,0,0,0,0,65,0,33,0,0,7,27,4,0,0,0,0,0,0,0,0,0,0,13,9,9,2,0,0,27,5,6,7,0,0,1,506,359089,0,0,0,0,52,75,21,1,1,11,1,5,4,Flareon
4-26,09:13:27,NINTEN,NidoranF,Bruno,1,Bruno's Room,5,1:25:53.80,1:25:53,1h25m53s,3,1,4,80,5:33,16.96,BODY SLAM,THUNDERBOLT,MIMIC,BLIZZARD,36,10853,1135,202,12,906,867,397,17,137382,Flareon, ,Poison,Poison,546151,NidoranF5,NidoranF,Bruno,01:25:36.85,01:25:53.80,05:33:41.13,80,3,1,25,53,80,BODY SLAM,THUNDERBOLT,MIMIC,BLIZZARD,14,5,10,4,0,0,0,3,234,234,144,147,129,129,138,27654,40600,32321,33917,33917,49456,15,15,15,15,0,-1,0,0,0,0,0,182,109,163,163,174,1203254,396327,683538,120930,2460,36,3,0,10853,8186,2252,415,1135,214,202,12,5,0,57204,37581,2434,2433,854,50,287,0,0,0,0,0,65,0,33,0,0,7,27,4,0,0,0,0,0,0,0,0,0,0,13,9,9,2,0,0,27,5,6,7,0,0,1,511,367296,0,0,0,0,52,75,21,1,1,12,1,5,4,Flareon
4-26,09:14:19,NINTEN,NidoranF,Agatha,1,Agatha's Room,5,1:26:45.59,1:26:45,1h26m45s,3,1,4,81,5:37,39.485,BODY SLAM,THUNDERBOLT,MIMIC,BLIZZARD,37,10864,1137,203,12,922,883,402,17,143124,Flareon, ,Poison,Poison,556237,NidoranF5,NidoranF,Agatha,01:26:06.09,01:26:45.59,05:37:05.23,81,3,1,26,45,59,BODY SLAM,THUNDERBOLT,MIMIC,BLIZZARD,15,8,8,1,0,0,0,3,169,237,145,149,131,131,140,27954,40945,32625,34432,34432,49941,15,15,15,15,0,0,0,0,0,0,0,163,167,147,147,157,1215504,397270,693393,122382,2460,37,3,0,10864,8197,2252,415,1137,215,203,12,5,0,58327,38451,2457,2443,869,53,289,0,0,0,0,0,65,0,34,0,0,7,27,4,0,0,1,0,0,0,0,0,0,0,13,9,9,2,0,0,27,5,6,7,0,0,1,516,377382,0,0,0,0,52,75,21,1,1,12,1,5,4,Flareon
4-26,09:14:56,NINTEN,NidoranF,Lance,1,Lance's Room,5,1:27:22.11,1:27:22,1h27m22s,3,1,4,81,5:39,18.768,BODY SLAM,THUNDERBOLT,MIMIC,BLIZZARD,38,10914,1138,204,12,928,889,404,17,149064,Flareon, ,Poison,Poison,567843,NidoranF5,NidoranF,Lance,01:27:03.34,01:27:22.11,05:39:29.30,81,3,1,27,22,11,BODY SLAM,THUNDERBOLT,MIMIC,BLIZZARD,15,13,10,4,0,0,0,3,214,237,145,149,131,131,140,28342,41477,32994,34832,34832,50372,15,15,15,15,0,0,0,0,0,0,0,163,167,147,147,157,1224151,399116,698633,123943,2460,38,3,0,10914,8247,2252,415,1138,216,204,12,5,0,59629,39293,2480,2466,874,55,290,0,0,0,0,0,65,0,34,0,0,7,27,4,0,0,1,0,0,0,0,0,0,0,13,9,9,2,0,0,27,5,6,7,0,0,1,521,388988,0,0,0,0,52,75,21,1,1,12,1,5,4,Flareon
4-26,09:16:31,NINTEN,NidoranF,Champion,2,Champions Room,6,1:28:57.96,1:28:57,1h28m57s,4,1,5,82,5:44,45.581,DOUBLE-EDGE,THUNDERBOLT,REST,BLIZZARD,39,10922,1138,205,12,943,901,413,14,155202,Flareon, ,Poison,Poison,583692,NidoranF5,NidoranF,Champion,01:28:12.39,01:28:57.96,05:44:46.36,82,4,1,28,57,96,DOUBLE-EDGE,THUNDERBOLT,REST,BLIZZARD,12,10,9,5,0,0,0,3,241,241,148,151,132,132,142,28732,42007,33569,35462,35462,50817,15,15,15,15,0,0,0,0,0,0,0,166,169,148,148,159,1243182,400835,710043,129689,2616,39,4,0,10922,8255,2252,415,1138,217,205,12,5,0,60904,40260,2653,2639,885,60,294,0,0,0,0,0,65,0,34,0,0,7,27,4,0,0,1,0,0,0,0,0,0,0,13,9,9,2,0,0,27,5,7,7,0,0,1,527,403839,0,0,0,0,52,75,21,1,1,14,1,5,5,Flareon
