date_string,time_string,player_name,pokemon,trainer_name,trainer_id,location,total_pokemon,real_time_total,real_time_hmmss,real_time_file_label,resets,blackouts,failures,level,game_time,battle_duration,move1,move2,move3,move4,move1pp,move2pp,move3pp,move4pp,move1ppUp,move2ppUp,move3ppUp,move4ppUp,saves,steps,bonks,trainerBattles,wildBattles,battleTurns,playerTurns,enemyTurns,itemsInBag,money,rivalTeam,statusCondition,type1,type2,experience,ROM,Species,Trainer,Start Time,Real Time,Game Time,Level,Resets,RTHours,RTMinutes,RTSeconds,RTMilliseconds,Move 1,Move 2,Move 3,Move 4,Hp,Max HP,Attack,Defense,Sp. Attack,Sp. Defense,Speed,Attack DV,Defense DV,Speed DV,Special DV,StatExp HP,StatExp Attack,StatExp Def,StatExp Sp. Attack,StatExp Sp. Defense,StatExp Speed,Attack Stage,Defense Stage,Sp. Attack Stage,Sp. Defense Stage,Speed Stage,Accuracy Stage,Evasion Stage,Battle Attack,Battle Defense,Battle Sp. Attack,Battle Sp. Defense,Battle Speed,Frame Count,Overworld Frame Count,Battle Frame Count,Menu Frame Count,Intro Frame Count,Save Count,Reload Count,Clock Reset Count,Steps Count,Steps Count Walk,Steps Count Bike,Steps Count Surf,Bonks,Battles,Trainer Battles,Wild Battles,Battles Fled,Failed Runs,Total Damage Dealt,Actual Damage Dealt,Total Damage Taken,Actual Damage Taken,Own Moves Hit,Own Moves Missed,Enemy Moves Hit,Enemy Moves Missed,Own Moves Super Effective,Own Moves Not Very Effective,Enemy Moves Super Effective,Enemy Moves Not Very Effective,Criticals Dealt,OHKOs Dealt,Criticals Taken,OHKOs Taken,Was Confused,Enemy Became Confused,Was Paralyzed,Enemy Was Paralyzed,Was Burned,Enemy Was Burned,Was Frozen,Enemy Was Frozen,Was Poisoned,Enemy Was Poisoned,Was Badly Poisoned,Enemy Was Badly Poisoned,Fell Asleep,Enemy Fell Asleep,Player Turns Confused,Player Turns Confused Hit Self,Player Turns Paralyzed,Player Turns Paralyzed Fully,Enemy Turns Confused,Enemy Turns Confused Hit Self,Enemy Turns Paralyzed,Enemy Turns Paralyzed Fully, Player Turns Asleep, Enemy Turns Asleep,Player HP Healed,Enemy HP Healed,Player Pokemon Fainted,Enemy Pokemon Fainted,Experience Gained,Switchouts,Money Made,Money Spent,Money Lost,Items Picked Up,Items Bought,Items Sold,Balls Thrown,Pokemon Caught In Balls,Moves Learnt,Blackouts,Attempt Number,Failures, Rival's Team
10-25,12:48:49,NINTEN,Voltorb,Rival1-Lab,1,Pallet Town - Oak's Lab,1,49.50,49,0h0m49s,0,0,0,6,0:02,15.854,TACKLE,SCREECH,,,0,71,2,1,1,8,8,7,0,3000,Jolteon, ,Electric,Electric,222,Voltorb 2,Voltorb,Rival (Lab),00:00:33.66,00:00:49.51,00:02:43.06,6,0,0,0,49,51,TACKLE,SCREECH,,,31,36,0,0,0,0,0,0,6,22,10,12,13,13,18,55,55,50,65,65,55,15,15,15,15,0,-2,0,0,0,0,0,10,6,13,13,18,11727,4761,4997,0,1969,0,0,0,71,71,0,0,2,2,1,1,0,0,24,21,16,16,7,4,4,0,0,0,0,0,3,0,0,0,0,0,0,0,0,0,0,0,0,0,0,0,0,0,0,0,0,0,0,0,0,0,0,0,0,0,0,1,97,0,0,0,0,0,0,0,0,0,0,0,6,0,Jolteon
10-25,12:50:58,NINTEN,Voltorb,Bug Catcher,2,Viridian Forest,3,2:57.88,2:57,0h2m57s,0,0,0,7,0:11,54.684,TACKLE,SCREECH,,,0,544,39,2,2,42,42,39,3,75,Flareon, ,Electric,Electric,471,Voltorb 2,Voltorb,,00:02:03.20,00:02:57.88,00:11:11.31,7,0,0,2,57,88,TACKLE,SCREECH,,,25,16,0,0,0,0,0,0,13,24,11,14,14,14,21,200,125,195,135,135,160,15,15,15,15,0,0,0,0,-2,0,0,11,14,14,14,10,42233,20874,19390,0,1969,0,0,0,544,544,0,0,39,4,2,2,0,0,98,87,27,27,34,13,9,0,0,0,0,0,5,0,2,0,0,0,0,0,0,0,0,0,0,0,0,0,0,0,0,0,0,0,0,0,0,0,0,0,0,0,0,4,346,0,0,0,0,2,13,0,0,0,0,0,6,0,Flareon
10-25,12:51:27,NINTEN,Voltorb,Bug Catcher,1,Viridian Forest,2,3:26.79,3:26,0h3m26s,0,0,0,8,0:13,23.189,TACKLE,SCREECH,,,0,564,41,3,2,53,53,49,3,135,Flareon, ,Electric,Electric,629,Voltorb 2,Voltorb,,00:03:03.60,00:03:26.79,00:13:05.55,8,0,0,3,26,79,TACKLE,SCREECH,,,19,11,0,0,0,0,0,0,7,27,12,15,16,16,23,290,185,265,175,175,250,15,15,15,15,0,0,0,0,-3,0,0,12,15,16,16,9,49096,21404,25342,381,1969,0,0,0,564,564,0,0,41,5,3,2,0,0,155,135,47,47,44,14,19,0,0,0,0,0,7,0,3,0,0,0,0,0,0,0,0,0,0,0,0,0,0,0,0,0,0,0,0,0,0,0,0,0,0,0,0,6,504,0,0,0,0,2,13,0,0,0,0,0,6,0,Flareon
10-25,12:51:59,NINTEN,Voltorb,Lass,19,Viridian Forest,2,3:58.99,3:58,0h3m58s,0,0,0,9,0:15,25.103,TACKLE,SCREECH,,,0,608,42,4,2,66,66,60,3,205,Flareon, ,Electric,Electric,780,Voltorb 2,Voltorb,,00:03:33.89,00:03:58.99,00:15:13.25,9,0,0,3,58,99,TACKLE,SCREECH,,,12,5,0,0,0,0,0,0,10,29,13,17,17,17,26,391,289,357,255,255,341,15,15,15,15,-2,-3,0,0,0,0,0,6,6,17,17,26,56746,22261,31743,773,1969,0,0,0,608,608,0,0,42,6,4,2,0,0,210,180,66,66,56,16,29,0,0,0,0,0,10,0,3,0,0,0,0,0,0,0,0,0,0,0,0,0,0,0,0,0,0,0,0,0,0,0,0,0,0,0,0,8,655,0,0,0,0,2,13,0,0,0,0,0,6,0,Flareon
10-25,12:52:51,NINTEN,Voltorb,Bug Catcher,15,Viridian Forest,2,4:51.20,4:51,0h4m51s,0,0,0,9,0:18,24.661,TACKLE,SCREECH,,,0,873,45,5,2,80,80,73,3,295,Flareon, ,Electric,Electric,993,Voltorb 2,Voltorb,,00:04:26.55,00:04:51.21,00:18:40.08,9,0,0,4,51,21,TACKLE,SCREECH,,,29,32,0,0,0,0,0,0,19,29,13,17,17,17,26,486,339,447,300,300,416,15,15,15,15,0,0,0,0,-4,0,0,13,17,17,17,8,69149,28408,37999,773,1969,0,0,0,873,873,0,0,45,7,5,2,0,0,290,233,76,76,67,22,37,0,0,0,0,0,10,0,3,0,0,0,0,0,0,0,0,0,0,0,0,0,0,0,0,0,0,0,0,0,0,0,0,0,0,0,0,10,868,0,0,0,0,3,13,0,0,0,0,0,6,0,Flareon
10-25,12:53:15,NINTEN,Voltorb,Bug Catcher,3,Viridian Forest,1,5:15.06,5:15,0h5m15s,0,0,0,10,0:20,12.356,TACKLE,SCREECH,,,0,943,54,6,2,85,85,78,3,375,Flareon, ,Electric,Electric,1105,Voltorb 2,Voltorb,,00:05:02.71,00:05:15.06,00:20:14.33,10,0,0,5,15,6,TACKLE,SCREECH,,,27,29,0,0,0,0,0,0,22,31,14,18,19,19,28,531,369,482,320,320,461,15,15,15,15,0,0,0,0,-2,0,0,14,18,19,19,14,74814,30390,41343,1112,1969,0,0,0,943,943,0,0,54,8,6,2,0,0,320,263,85,85,72,22,42,0,0,0,0,0,10,0,3,0,0,0,0,0,0,0,0,0,0,0,0,0,0,0,0,0,0,0,0,0,0,0,0,0,0,0,0,11,980,0,0,0,0,5,13,0,0,0,0,0,6,0,Flareon
10-25,12:59:31,NINTEN,Voltorb,Jr Trainer M,1,Pewter City - Gym,2,11:31.38,11:31,0h11m31s,0,13,13,15,0:45,21.373,TACKLE,SCREECH,,,0,1694,110,20,2,228,228,206,3,0,Flareon, ,Electric,Electric,3467,Voltorb 2,Voltorb,,00:11:10.02,00:11:31.39,00:45:03.41,15,0,0,11,31,39,TACKLE,SCREECH,,,32,32,0,0,0,0,0,0,10,42,19,25,27,27,41,721,1214,917,980,980,1831,15,15,15,15,0,0,0,0,0,0,0,19,25,27,27,41,164163,48693,112389,1112,1969,0,0,0,1694,1694,0,0,110,22,20,2,0,0,907,606,619,591,196,42,169,0,0,0,0,0,16,0,24,0,0,0,0,0,0,0,0,0,0,0,0,0,0,0,0,0,0,0,0,0,0,0,0,0,0,0,13,26,3342,0,0,0,0,5,15,0,0,0,0,13,6,13,Flareon
10-25,13:04:05,NINTEN,Voltorb,Brock,1,Pewter City - Gym,2,16:04.94,16:04,0h16m4s,0,20,20,17,1:03,22.663,TACKLE,SCREECH,SonicBoom,,0,2061,119,28,2,355,341,298,3,1,Flareon, ,Electric,Electric,5208,Voltorb 2,Voltorb,Brock,00:15:42.28,00:16:04.94,01:03:07.31,17,0,0,16,4,94,TACKLE,SCREECH,SonicBoom,,31,33,18,0,0,0,0,0,6,47,22,28,30,30,45,1076,1899,1877,1250,1250,2061,15,15,15,15,0,0,0,0,0,0,0,22,28,30,30,45,229192,58696,166786,1741,1969,0,0,0,2061,2061,0,0,119,30,28,2,0,0,1252,921,970,934,291,66,253,0,0,0,0,0,21,0,25,0,0,0,0,0,0,0,0,0,0,0,0,0,0,0,0,0,0,0,0,0,0,0,0,0,0,0,20,35,5083,0,0,0,0,5,15,0,0,0,1,20,6,20,Flareon
10-25,13:04:38,NINTEN,Voltorb,Bug Catcher,4,Route 3,3,16:37.84,16:37,0h16m37s,0,20,20,17,1:05,12.571,SonicBoom,SCREECH,TACKLE,,0,2174,121,29,2,361,347,301,4,1189,Flareon, ,Electric,Electric,5543,Voltorb 2,Voltorb,,00:16:25.27,00:16:37.84,01:05:17.15,17,0,0,16,37,84,SonicBoom,SCREECH,TACKLE,,14,40,35,0,0,0,0,0,45,47,22,28,30,30,45,1206,1994,1977,1310,1310,2201,15,15,15,15,0,0,0,0,-1,0,0,27,28,30,30,29,236976,62490,170776,1741,1969,0,0,0,2174,2174,0,0,121,31,29,2,0,0,1372,1010,972,936,297,67,255,0,0,0,0,0,21,0,25,0,0,0,0,0,0,0,0,0,0,0,0,0,0,0,0,0,0,0,0,0,0,0,0,0,0,0,20,38,5418,0,0,0,0,5,15,0,0,0,1,20,6,20,Flareon
10-25,13:04:51,NINTEN,Voltorb,Youngster Ben,1,Route 3,2,16:50.60,16:50,0h16m50s,0,20,20,17,1:06,9.564,SonicBoom,SCREECH,TACKLE,,0,2178,121,30,2,365,351,304,4,1289,Flareon, ,Electric,Electric,5821,Voltorb 2,Voltorb,,00:16:41.05,00:16:50.61,01:06:07.34,17,0,0,16,50,61,SonicBoom,SCREECH,TACKLE,,10,40,35,0,0,0,0,0,31,47,22,28,30,30,45,1271,2110,2056,1375,1375,2328,15,15,15,15,0,-1,0,0,0,0,0,27,18,30,30,45,239995,62748,173537,1741,1969,0,0,0,2178,2178,0,0,121,32,30,2,0,0,1452,1069,986,950,301,67,258,0,0,0,0,0,21,0,26,0,0,0,0,0,0,0,0,0,0,0,0,0,0,0,0,0,0,0,0,0,0,0,0,0,0,0,20,40,5696,0,0,0,0,5,15,0,0,0,1,20,6,20,Flareon
10-25,13:05:15,NINTEN,Voltorb,Bug Catcher,5,Route 3,4,17:14.99,17:14,0h17m14s,0,20,20,18,1:07,21.602,SonicBoom,SCREECH,TACKLE,,0,2182,121,31,2,377,363,312,4,1454,Flareon, ,Electric,Electric,6296,Voltorb 2,Voltorb,,00:16:53.39,00:17:15.00,01:07:43.49,18,0,0,17,15,0,SonicBoom,SCREECH,TACKLE,,1,40,32,0,0,0,0,0,28,49,23,30,31,31,48,1451,2220,2226,1465,1465,2488,15,15,15,15,0,0,0,0,-1,0,0,28,30,31,31,31,245770,62915,179145,1741,1969,0,0,0,2182,2182,0,0,121,33,31,2,0,0,1599,1181,991,955,310,72,261,0,0,0,0,0,21,0,26,0,0,0,0,0,0,0,0,0,0,0,0,0,0,0,0,0,0,0,0,0,0,0,0,0,0,0,20,44,6171,0,0,0,0,5,15,0,0,0,1,20,6,20,Flareon
10-25,13:05:32,NINTEN,Voltorb,Bug Catcher,6,Route 3,2,17:31.64,17:31,0h17m31s,0,20,20,18,1:08,12.963,SonicBoom,SCREECH,TACKLE,,0,2190,122,32,2,383,369,316,4,1544,Flareon, ,Electric,Electric,6589,Voltorb 2,Voltorb,,00:17:18.68,00:17:31.64,01:08:49.34,18,0,0,17,31,64,SonicBoom,SCREECH,TACKLE,,0,40,27,0,0,0,0,0,28,49,23,30,31,31,48,1546,2270,2316,1510,1510,2563,15,15,15,15,0,0,0,0,-2,0,0,31,30,31,31,24,249715,63260,182745,1741,1969,0,0,0,2190,2190,0,0,122,34,32,2,0,0,1673,1246,991,955,316,72,263,0,0,0,0,0,21,0,26,0,0,0,0,0,0,0,0,0,0,0,0,0,0,0,0,0,0,0,0,0,0,0,0,0,0,0,20,46,6464,0,0,0,0,5,15,0,0,0,1,20,6,20,Flareon
10-25,13:06:10,NINTEN,Voltorb,Hiker,1,Mt Moon - 1,3,18:10.19,18:10,0h18m10s,0,20,20,19,1:11,14.269,SonicBoom,SCREECH,TACKLE,,0,2427,128,33,2,390,376,320,5,1654,Flareon, ,Electric,Electric,7186,Voltorb 2,Voltorb,,00:17:55.93,00:18:10.20,01:11:22.03,19,0,0,18,10,20,SonicBoom,SCREECH,TACKLE,,13,40,35,0,0,0,0,0,40,51,24,31,33,33,51,1661,2475,2676,1600,1600,2673,15,15,15,15,0,-2,0,0,0,0,0,30,15,33,33,51,258864,68617,186537,1741,1969,0,0,0,2427,2427,0,0,128,35,33,2,0,0,1793,1332,1002,966,322,73,267,0,0,0,0,0,21,0,26,0,0,0,0,0,0,0,0,0,0,0,0,0,0,0,0,0,0,0,0,0,0,0,0,0,0,0,20,49,7061,0,0,0,0,6,15,0,0,0,1,20,6,20,Flareon
10-25,13:06:39,NINTEN,Voltorb,Fossil Nerd,2,Mt Moon - 3,3,18:39.54,18:39,0h18m39s,0,20,20,19,1:13,16.281,SonicBoom,SCREECH,TACKLE,,0,2552,145,34,2,399,385,326,5,2004,Flareon, ,Electric,Electric,7973,Voltorb 2,Voltorb,,00:18:23.26,00:18:39.54,01:13:18.01,19,0,0,18,39,54,SonicBoom,SCREECH,TACKLE,,5,40,34,0,0,0,0,0,17,51,24,31,33,33,51,1821,2650,2871,1755,1755,2833,15,15,15,15,0,-2,0,0,0,0,0,30,15,33,33,51,265822,71315,190797,1741,1969,0,0,0,2552,2552,0,0,145,36,34,2,0,0,1923,1441,1025,989,329,76,272,0,0,0,0,0,21,0,26,0,0,0,0,0,0,0,0,0,0,0,0,0,0,0,0,0,0,0,0,0,0,0,0,0,0,0,20,52,7848,0,0,0,0,6,15,0,0,0,1,20,6,20,Flareon
10-25,13:07:09,NINTEN,Voltorb,Rocket,42,Mt Moon - 3,3,19:09.22,19:09,0h19m9s,0,20,20,20,1:15,19.229,SonicBoom,SCREECH,TACKLE,,0,2568,146,35,2,408,394,332,6,2304,Flareon, ,Electric,Electric,8708,Voltorb 2,Voltorb,,00:18:50.00,00:19:09.23,01:15:15.07,20,0,0,19,9,23,SonicBoom,SCREECH,TACKLE,,1,40,29,0,0,0,0,0,12,54,25,33,35,35,53,1936,2820,3045,1895,1895,3013,15,15,15,15,-1,-1,0,0,0,0,0,18,21,35,35,53,272848,72736,195760,2383,1969,0,0,0,2568,2568,0,0,146,37,35,2,0,0,2046,1551,1067,1031,338,76,278,0,0,0,0,0,21,0,27,0,0,0,0,0,0,0,0,0,0,0,0,0,0,0,0,0,0,0,0,0,0,0,0,0,0,0,20,55,8583,0,0,0,0,6,15,0,0,0,1,20,6,20,Flareon
10-25,13:11:54,NINTEN,Voltorb,Rival2-Nugget Bridge,3,Cerulean City,4,21:14.16,21:14,0h21m14s,0,22,22,22,1:23,23.698,SonicBoom,SCREECH,TACKLE,SELFDESTRUCT,0,2860,169,38,2,445,431,360,7,18,Flareon, ,Electric,Electric,11154,Voltorb 2,Voltorb,Rival (Nugget Bridge),00:20:50.47,00:21:14.16,01:23:28.52,22,0,0,21,14,16,SonicBoom,SCREECH,TACKLE,SELFDESTRUCT,11,40,33,5,0,0,0,0,8,58,27,36,38,38,58,2351,3448,3545,2218,2218,3614,15,15,15,15,0,-2,0,0,0,0,0,37,18,38,38,58,302474,83547,214575,2383,1969,0,0,0,2860,2860,0,0,169,40,38,2,0,0,2587,2028,1229,1193,368,86,303,0,0,0,0,0,22,0,28,0,0,0,0,0,0,0,0,0,0,0,0,0,0,0,0,0,0,0,0,0,0,0,0,0,0,0,22,65,11029,0,0,0,0,7,24,0,0,0,2,22,6,22,Flareon
10-25,13:12:19,NINTEN,Voltorb,Bug Catcher,9,Route 24,2,21:38.74,21:38,0h21m38s,0,22,22,22,1:25,8.657,SonicBoom,SCREECH,TACKLE,SELFDESTRUCT,0,2935,175,39,2,449,435,362,7,613,Flareon, ,Electric,Electric,11469,Voltorb 2,Voltorb,,00:21:30.09,00:21:38.74,01:25:05.57,22,0,0,21,38,74,SonicBoom,SCREECH,TACKLE,SELFDESTRUCT,16,40,35,5,0,0,0,0,55,58,27,36,38,38,58,2436,3513,3610,2258,2258,3709,15,15,15,15,0,0,0,0,-1,0,0,33,36,38,38,38,308298,86808,217138,2383,1969,0,0,0,2935,2935,0,0,175,41,39,2,0,0,2667,2103,1232,1196,372,86,305,0,0,0,0,0,22,0,28,0,0,0,0,0,0,0,0,0,0,0,0,0,0,0,0,0,0,0,0,0,0,0,0,0,0,0,22,67,11344,0,0,0,0,7,24,0,0,0,2,22,6,22,Flareon
10-25,13:12:34,NINTEN,Voltorb,Lass,8,Route 24,2,21:53.66,21:53,0h21m53s,0,22,22,22,1:26,12.128,SonicBoom,SCREECH,TACKLE,SELFDESTRUCT,0,2939,176,40,2,454,440,366,7,753,Flareon, ,Electric,Electric,11811,Voltorb 2,Voltorb,,00:21:41.53,00:21:53.66,01:26:04.49,22,0,0,21,53,66,SonicBoom,SCREECH,TACKLE,SELFDESTRUCT,12,40,34,5,0,0,0,0,33,58,27,36,38,38,58,2531,3605,3702,2333,2333,3806,15,15,15,15,0,0,0,0,0,0,0,30,36,38,38,58,311830,86971,220507,2383,1969,0,0,0,2939,2939,0,0,176,42,40,2,0,0,2757,2181,1254,1218,377,86,309,0,0,0,0,0,22,0,28,0,0,0,0,0,0,0,0,0,0,0,0,0,0,0,0,0,0,0,0,0,0,0,0,0,0,0,22,69,11686,0,0,0,0,7,24,0,0,0,2,22,6,22,Flareon
10-25,13:12:50,NINTEN,Voltorb,Youngster,4,Route 24,3,22:09.99,22:09,0h22m9s,0,22,22,23,1:27,13.548,SonicBoom,SCREECH,TACKLE,SELFDESTRUCT,0,2943,180,41,2,460,446,370,7,963,Flareon, ,Electric,Electric,12330,Voltorb 2,Voltorb,,00:21:56.45,00:22:10.00,01:27:09.11,23,0,0,22,10,0,SonicBoom,SCREECH,TACKLE,SELFDESTRUCT,6,40,34,5,0,0,0,0,17,61,29,38,39,39,61,2636,3766,3816,2438,2438,3988,15,15,15,15,0,0,0,0,0,0,0,32,38,39,39,61,315692,87154,224186,2383,1969,0,0,0,2943,2943,0,0,180,43,41,2,0,0,2877,2289,1273,1237,383,87,312,0,0,0,0,0,22,0,28,0,0,0,0,0,0,0,0,0,0,0,0,0,0,0,0,0,0,0,0,0,0,0,0,0,0,0,22,72,12205,0,0,0,0,7,24,0,0,0,2,22,6,22,Flareon
10-25,13:13:21,NINTEN,Voltorb,Lass,7,Route 24,2,22:40.61,22:40,0h22m40s,0,23,23,23,1:29,14.6,SonicBoom,SCREECH,TACKLE,SELFDESTRUCT,0,3003,187,43,2,469,455,378,7,586,Flareon, ,Electric,Electric,12718,Voltorb 2,Voltorb,,00:22:26.01,00:22:40.61,01:29:10.04,23,0,0,22,40,61,SonicBoom,SCREECH,TACKLE,SELFDESTRUCT,16,40,33,5,0,0,0,0,33,61,29,38,39,39,61,2731,3858,3908,2513,2513,4085,15,15,15,15,-1,0,0,0,0,0,0,21,38,39,39,61,322945,88426,230167,2383,1969,0,0,0,3003,3003,0,0,187,45,43,2,0,0,3017,2416,1319,1282,391,88,320,0,0,0,0,0,22,0,29,0,0,0,0,0,0,0,0,0,0,0,0,0,0,0,0,0,0,0,0,0,0,0,0,0,0,0,23,74,12593,0,0,0,0,7,24,0,0,0,2,23,6,23,Flareon
10-25,13:13:30,NINTEN,Voltorb,Jr Trainer M,3,Route 24,1,22:50.23,22:50,0h22m50s,0,23,23,23,1:29,6.824,SonicBoom,SCREECH,TACKLE,SELFDESTRUCT,0,3007,192,44,2,472,458,380,7,826,Flareon, ,Electric,Electric,13003,Voltorb 2,Voltorb,,00:22:43.41,00:22:50.24,01:29:47.56,23,0,0,22,50,24,SonicBoom,SCREECH,TACKLE,SELFDESTRUCT,13,40,33,5,0,0,0,0,3,61,29,38,39,39,61,2771,3938,3943,2548,2548,4155,15,15,15,15,0,0,0,0,0,0,0,32,38,39,39,61,325217,88613,232252,2383,1969,0,0,0,3007,3007,0,0,192,46,44,2,0,0,3077,2461,1349,1312,394,88,322,0,0,0,0,0,22,0,30,0,0,0,0,0,0,0,0,0,0,0,0,0,0,0,0,0,0,0,0,0,0,0,0,0,0,0,23,75,12878,0,0,0,0,7,24,0,0,0,2,23,6,23,Flareon
10-25,13:13:49,NINTEN,Voltorb,Rocket,6,Route 24,2,23:09.09,23:09,0h23m9s,0,23,23,23,1:31,8.829,SonicBoom,SCREECH,TACKLE,SELFDESTRUCT,0,3013,193,45,2,476,462,382,8,1186,Flareon, ,Electric,Electric,13373,Voltorb 2,Voltorb,,00:23:00.27,00:23:09.10,01:31:01.52,23,0,0,23,9,10,SonicBoom,SCREECH,TACKLE,SELFDESTRUCT,9,40,33,5,0,0,0,0,53,61,29,38,39,39,61,2846,4043,4022,2628,2628,4265,15,15,15,15,0,-1,0,0,0,0,0,36,25,39,39,61,329653,89616,234835,3233,1969,0,0,0,3013,3013,0,0,193,47,45,2,0,0,3157,2537,1357,1320,398,88,324,0,0,0,0,0,22,0,30,0,0,0,0,0,0,0,0,0,0,0,0,0,0,0,0,0,0,0,0,0,0,0,0,0,0,0,23,77,13248,0,0,0,0,7,24,0,0,0,2,23,6,23,Flareon
10-25,13:14:18,NINTEN,Voltorb,Hiker,2,Route 25,2,23:38.11,23:38,0h23m38s,0,23,23,24,1:32,11.982,SonicBoom,SCREECH,TACKLE,THUNDER WAVE,0,3055,195,46,2,481,467,385,8,1636,Flareon, ,Electric,Electric,13931,Voltorb 2,Voltorb,,00:23:26.13,00:23:38.11,01:32:56.40,24,0,0,23,38,11,SonicBoom,SCREECH,TACKLE,THUNDER WAVE,5,40,32,20,0,0,0,0,31,63,30,40,41,41,64,2956,4203,4172,2693,2693,4320,15,15,15,15,0,0,0,0,0,0,0,33,40,41,41,64,336542,91773,238175,4625,1969,0,0,0,3055,3055,0,0,195,48,46,2,0,0,3254,2624,1381,1344,403,88,327,0,0,0,0,0,23,0,31,0,0,0,0,0,0,0,0,0,0,0,0,0,0,0,0,0,0,0,0,0,0,0,0,0,0,0,23,79,13806,0,0,0,0,8,24,0,0,0,3,23,6,23,Flareon
10-25,13:14:31,NINTEN,Voltorb,Hiker,4,Route 25,1,23:50.81,23:50,0h23m50s,0,23,23,24,1:33,7.878,SonicBoom,SCREECH,TACKLE,THUNDER WAVE,0,3065,196,47,2,484,470,387,9,2161,Flareon, ,Electric,Electric,14324,Voltorb 2,Voltorb,,00:23:42.95,00:23:50.83,01:33:46.53,24,0,0,23,50,83,SonicBoom,SCREECH,TACKLE,THUNDER WAVE,3,40,31,20,0,0,0,0,24,63,30,40,41,41,64,2991,4248,4332,2723,2723,4390,15,15,15,15,0,-2,0,0,0,0,0,37,20,41,41,64,339555,92432,240529,4625,1969,0,0,0,3065,3065,0,0,196,49,47,2,0,0,3296,2665,1388,1351,406,88,329,0,0,0,0,0,23,0,31,0,0,0,0,0,0,0,0,0,0,0,0,0,0,0,0,0,0,0,0,0,0,0,0,0,0,0,23,80,14199,0,0,0,0,9,24,0,0,0,3,23,6,23,Flareon
10-25,13:15:30,NINTEN,Voltorb,Lass,9,Route 25,2,24:49.76,24:49,0h24m49s,0,24,24,24,1:37,12.663,SonicBoom,SCREECH,TACKLE,THUNDER WAVE,0,3187,203,49,2,504,489,404,9,1378,Flareon, ,Electric,Electric,14897,Voltorb 2,Voltorb,,00:24:37.10,00:24:49.76,01:37:40.08,24,0,0,24,49,76,SonicBoom,SCREECH,TACKLE,THUNDER WAVE,16,40,33,20,0,0,0,0,53,63,30,40,41,41,64,3138,4409,4464,2843,2843,4531,15,15,15,15,0,-1,0,0,0,0,0,37,26,41,41,64,353549,95583,251269,4728,1969,0,0,0,3187,3187,0,0,203,51,49,2,0,0,3487,2821,1453,1415,425,90,344,0,0,0,0,0,23,0,32,0,0,0,0,0,0,0,0,0,0,0,0,0,0,0,0,0,0,0,0,0,0,0,0,0,0,0,25,83,14772,0,0,0,0,9,24,0,0,0,3,24,6,24,Flareon
10-25,13:15:46,NINTEN,Voltorb,Jr Trainer M,2,Route 25,2,25:05.56,25:05,0h25m5s,0,24,24,24,1:38,11.424,SonicBoom,SCREECH,TACKLE,THUNDER WAVE,0,3199,204,50,2,510,494,408,9,1603,Flareon, ,Electric,Electric,15254,Voltorb 2,Voltorb,,00:24:54.13,00:25:05.56,01:38:42.28,24,0,0,25,5,56,SonicBoom,SCREECH,TACKLE,THUNDER WAVE,11,40,33,20,0,0,0,0,33,63,30,40,41,41,64,3203,4525,4543,2908,2908,4658,15,15,15,15,0,-1,0,0,0,0,0,37,26,41,41,64,357289,96145,254447,4728,1969,0,0,0,3199,3199,0,0,204,52,50,2,0,0,3567,2891,1473,1435,429,91,348,0,0,0,0,0,23,0,32,0,0,0,0,0,0,0,0,0,0,0,0,0,0,0,0,0,0,0,0,0,0,0,0,0,0,0,25,85,15129,0,0,0,0,9,24,0,0,0,3,24,6,24,Flareon
10-25,13:16:09,NINTEN,Voltorb,Oddish Lass,10,Route 25,3,25:28.67,25:28,0h25m28s,0,24,24,25,1:40,18.472,SonicBoom,SCREECH,TACKLE,THUNDER WAVE,0,3216,212,51,2,520,504,416,9,1883,Flareon, ,Electric,Electric,15839,Voltorb 2,Voltorb,Oddish Lass,00:25:10.20,00:25:28.67,01:40:13.47,25,0,0,25,28,67,SonicBoom,SCREECH,TACKLE,THUNDER WAVE,1,40,33,20,0,0,0,0,13,66,31,41,43,43,66,3333,4670,4693,3093,3093,4774,15,15,15,15,0,0,0,0,0,-1,0,34,41,43,43,66,362768,96750,259321,4728,1969,0,0,0,3216,3216,0,0,212,53,51,2,0,0,3687,3003,1496,1458,435,95,356,0,0,0,0,0,23,0,32,0,0,0,0,0,0,0,0,0,0,0,0,0,0,0,0,0,0,0,0,0,0,0,0,0,0,0,25,88,15714,0,0,0,0,9,24,0,0,0,3,24,6,24,Flareon
10-25,13:16:49,NINTEN,Voltorb,Pecking Lass,1,Cerulean City - Gym,1,26:08.54,26:08,0h26m8s,0,24,24,25,1:42,6.913,SonicBoom,SCREECH,TACKLE,THUNDER WAVE,0,3398,235,52,2,523,507,418,11,2078,Flareon, ,Electric,Electric,16290,Voltorb 2,Voltorb,,00:26:01.63,00:26:08.54,01:42:51.33,25,0,0,26,8,54,SonicBoom,SCREECH,TACKLE,THUNDER WAVE,17,40,35,20,0,0,0,0,64,66,31,41,43,43,66,3378,4737,4753,3143,3143,4837,15,15,15,15,0,0,0,0,0,0,0,34,41,43,43,66,372234,104098,261439,4728,1969,0,0,0,3398,3398,0,0,235,54,52,2,0,0,3747,3052,1498,1460,438,95,358,0,0,0,0,0,23,0,32,0,0,1,0,0,0,0,0,0,0,0,0,0,0,0,1,0,0,0,0,0,0,0,0,0,0,0,25,89,16165,0,0,0,0,10,24,0,0,0,3,24,6,24,Flareon
10-25,13:17:35,NINTEN,Voltorb,Misty,1,Cerulean City - Gym,2,26:55.11,26:55,0h26m55s,0,25,25,26,1:45,17.519,SonicBoom,SCREECH,TACKLE,THUNDER WAVE,0,3435,238,54,2,539,521,429,11,1229,Flareon, ,Electric,Electric,18037,Voltorb 2,Voltorb,Misty,00:26:37.60,00:26:55.11,01:45:55.32,26,0,0,26,55,11,SonicBoom,SCREECH,TACKLE,THUNDER WAVE,15,39,34,19,0,0,0,0,19,68,32,43,45,45,69,3498,4902,4948,3383,3383,5122,15,15,15,15,0,0,0,0,0,0,0,36,43,45,45,69,383273,105850,270726,4728,1969,0,0,0,3435,3435,0,0,238,56,54,2,0,0,3949,3233,1696,1603,451,96,368,0,0,0,0,0,23,0,33,0,0,1,1,0,0,0,0,0,0,0,0,0,0,0,1,0,0,0,0,0,3,0,0,0,0,0,27,92,17912,0,0,0,0,10,24,0,0,0,3,25,6,25,Flareon
10-25,13:18:08,NINTEN,Voltorb,Cerulean Rocket,5,Cerulean City,2,27:27.46,27:27,0h27m27s,0,25,25,26,1:48,15.646,SonicBoom,SCREECH,TACKLE,THUNDER WAVE,0,3522,242,55,2,549,531,437,12,3308,Flareon, ,Electric,Electric,18726,Voltorb 2,Voltorb,Rocket,00:27:11.82,00:27:27.47,01:48:03.14,26,0,0,27,27,47,SonicBoom,SCREECH,TACKLE,THUNDER WAVE,10,40,35,20,0,0,0,0,30,68,32,43,45,45,69,3628,5030,5043,3508,3508,5199,15,15,15,15,0,0,0,0,0,0,0,36,43,45,45,69,390935,109180,275058,4728,1969,0,0,0,3522,3522,0,0,242,57,55,2,0,0,4069,3336,1734,1641,457,102,373,0,0,0,0,0,23,0,34,0,0,1,1,0,0,0,0,0,0,0,0,0,0,0,1,0,0,0,0,0,3,0,0,0,0,0,27,94,18601,0,0,0,0,10,24,0,0,0,3,25,6,25,Flareon
10-25,13:19:00,NINTEN,Voltorb,Sandy,3,Route 6,3,28:19.67,28:19,0h28m19s,0,25,25,26,1:51,24.482,SonicBoom,SCREECH,TACKLE,THUNDER WAVE,0,3758,251,56,2,565,547,450,14,3818,Flareon, ,Electric,Electric,19287,Voltorb 2,Voltorb,,00:27:55.19,00:28:19.67,01:51:29.32,26,0,0,28,19,67,SonicBoom,SCREECH,TACKLE,THUNDER WAVE,18,40,21,20,0,0,0,0,39,68,32,43,45,45,69,3748,5165,5163,3613,3613,5367,15,15,15,15,0,0,0,0,0,-6,0,70,43,45,45,69,403314,115212,281404,4728,1969,0,0,0,3758,3758,0,0,251,58,56,2,0,0,4237,3459,1763,1670,464,112,385,0,0,0,0,0,24,0,34,0,0,1,1,0,0,0,0,0,0,0,0,0,0,0,1,0,0,0,0,0,3,0,0,0,0,0,27,97,19162,0,0,0,0,11,24,0,0,0,3,25,6,25,Flareon
10-25,13:19:20,NINTEN,Voltorb,Jr Trainer M,5,Route 6,2,28:39.54,28:39,0h28m39s,0,25,25,27,1:52,14.584,SonicBoom,SCREECH,TACKLE,THUNDER WAVE,0,3762,251,57,2,571,553,455,14,4138,Flareon, ,Electric,Electric,19882,Voltorb 2,Voltorb,,00:28:24.97,00:28:39.55,01:52:47.56,27,0,0,28,39,55,SonicBoom,SCREECH,TACKLE,THUNDER WAVE,13,40,20,20,0,0,0,0,22,70,34,44,46,46,71,3843,5306,5253,3694,3694,5534,15,15,15,15,-1,0,0,0,0,0,0,24,44,46,46,71,408017,115513,285362,5173,1969,0,0,0,3762,3762,0,0,251,59,57,2,0,0,4363,3546,1802,1709,470,112,390,0,0,0,0,0,25,0,35,0,0,1,1,0,0,0,0,0,0,0,0,0,0,0,1,0,0,0,0,0,3,0,0,0,0,0,27,99,19757,0,0,0,0,11,24,0,0,0,3,25,6,25,Flareon
10-25,13:20:02,NINTEN,Voltorb,Sailor,5,SS Anne,2,29:22.01,29:22,0h29m22s,0,25,25,27,1:55,15.93,SonicBoom,SCREECH,TACKLE,THUNDER WAVE,0,3900,269,58,2,580,559,459,16,958,Flareon, ,Electric,Electric,20695,Voltorb 2,Voltorb,,00:29:06.08,00:29:22.01,01:55:34.58,27,0,0,29,22,1,SonicBoom,SCREECH,TACKLE,THUNDER WAVE,9,40,18,20,0,0,0,0,38,70,34,44,46,46,71,3913,5391,5343,3864,3864,5689,15,15,15,15,0,0,0,0,0,0,0,38,44,46,46,71,418039,120432,289553,6085,1969,0,0,0,3900,3900,0,0,269,60,58,2,0,0,4468,3632,1826,1733,476,112,394,0,0,0,0,0,25,0,35,0,0,1,1,0,0,0,0,0,0,0,0,0,0,0,1,0,0,0,0,0,3,0,0,0,0,0,27,101,20570,0,0,0,0,13,29,0,0,0,3,25,6,25,Flareon
10-25,13:20:30,NINTEN,Voltorb,Gentleman,5,SS Anne,2,29:50.06,29:50,0h29m50s,0,25,25,27,1:57,14.918,SonicBoom,SCREECH,TACKLE,THUNDER WAVE,0,4000,272,59,2,587,566,464,17,1498,Flareon, ,Electric,Electric,21579,Voltorb 2,Voltorb,,00:29:35.15,00:29:50.07,01:57:25.36,27,0,0,29,50,7,SonicBoom,SCREECH,TACKLE,THUNDER WAVE,5,40,16,19,0,0,0,0,34,70,34,44,46,46,71,4018,5546,5443,3979,3979,5839,15,15,15,15,0,0,0,0,0,0,0,38,44,46,46,71,424677,122726,293491,6491,1969,0,0,0,4000,4000,0,0,272,61,59,2,0,0,4581,3726,1850,1757,483,112,397,0,0,0,0,0,26,0,35,0,0,1,2,0,0,0,0,0,0,0,0,0,0,0,1,0,0,0,0,0,4,0,0,0,0,0,27,103,21454,0,0,0,0,14,29,0,0,0,3,25,6,25,Flareon
10-25,13:21:14,NINTEN,Voltorb,Rival3-SS Anne,1,SS Anne,4,30:33.97,30:33,0h30m33s,0,25,25,28,2:00,28.055,SonicBoom,SCREECH,TACKLE,THUNDER WAVE,1,4030,275,60,2,603,582,476,17,2688,Flareon, ,Electric,Electric,22760,Voltorb 2,Voltorb,Rival (SS Anne),00:30:05.92,00:30:33.98,02:00:19.01,28,0,0,30,33,98,SonicBoom,SCREECH,TACKLE,THUNDER WAVE,0,40,15,19,0,0,0,0,10,73,35,46,48,48,74,4193,5792,5643,4130,4130,6076,15,15,15,15,-1,-1,0,0,0,-1,0,31,30,48,48,74,435082,124107,300574,8432,1969,1,0,0,4030,4030,0,0,275,62,60,2,0,0,4792,3914,1913,1820,494,119,407,0,0,0,0,0,26,0,35,0,0,1,2,0,0,0,0,0,0,0,0,0,0,0,1,0,0,0,0,0,4,0,0,0,0,0,27,107,22635,0,0,0,0,15,29,0,0,0,3,25,6,25,Flareon
10-25,13:22:21,NINTEN,Voltorb,Surge,1,Vermilion City - Gym,1,31:41.37,31:41,0h31m41s,0,25,25,28,2:04,10.943,SonicBoom,REST,TACKLE,THUNDER WAVE,2,4209,297,61,2,608,587,479,14,3988,Flareon, ,Electric,Electric,23492,Voltorb 2,Voltorb,Lt. Surge,00:31:30.43,00:31:41.37,02:04:45.11,28,0,0,31,41,37,SonicBoom,REST,TACKLE,THUNDER WAVE,6,10,15,18,0,0,0,0,44,73,35,46,48,48,74,4253,5882,5698,4220,4220,6176,15,15,15,15,-2,0,0,0,0,0,0,19,46,48,48,74,451052,130818,303732,14533,1969,2,0,0,4209,4209,0,0,297,63,61,2,0,0,4872,3990,1942,1849,499,119,410,0,0,0,0,0,26,0,35,0,0,1,3,0,0,0,0,0,0,0,0,0,0,0,1,0,0,0,0,0,8,1,0,0,0,0,27,108,23367,0,0,0,0,15,29,0,0,0,6,25,6,25,Flareon
10-25,13:23:59,NINTEN,Voltorb,Wrapping Lass,5,Route 9,4,33:18.72,33:18,0h33m18s,0,25,25,29,2:11,44.246,THUNDERBOLT,REST,TACKLE,SonicBoom,3,4399,324,62,2,638,597,491,15,6760,Flareon, ,Electric,Electric,24740,Voltorb 2,Voltorb,RTG1 - Wrapping Lass,00:32:34.47,00:33:18.72,02:11:10.03,29,0,0,33,18,72,THUNDERBOLT,REST,TACKLE,SonicBoom,8,10,35,17,0,0,0,0,29,75,36,48,50,50,77,4443,6132,5878,4510,4510,6316,15,15,15,15,0,0,0,0,0,0,0,40,54,50,50,77,474144,138675,314856,18644,1969,3,0,0,4399,4347,52,0,324,64,62,2,0,0,5097,4180,1988,1895,508,120,416,0,0,0,0,0,27,0,36,0,0,1,3,0,0,0,0,0,0,0,0,0,0,0,1,0,0,0,0,0,8,1,7,0,0,0,27,112,24615,0,0,0,0,15,29,0,0,0,7,25,6,25,Flareon
10-25,13:24:14,NINTEN,Voltorb,Hiker,11,Route 9,2,33:33.63,33:33,0h33m33s,0,25,25,29,2:12,10.2,THUNDERBOLT,REST,TACKLE,SonicBoom,3,4409,336,63,2,643,601,493,15,7120,Flareon, ,Electric,Electric,25578,Voltorb 2,Voltorb,,00:33:23.43,00:33:33.63,02:12:08.56,29,0,0,33,33,63,THUNDERBOLT,REST,TACKLE,SonicBoom,7,10,35,14,0,0,0,0,17,75,36,48,50,50,77,4548,6257,6088,4575,4575,6421,15,15,15,15,0,0,0,0,0,0,0,40,54,50,50,77,477677,139291,317773,18644,1969,3,0,0,4409,4347,62,0,336,65,63,2,0,0,5299,4288,2000,1907,512,120,418,0,0,0,0,0,28,0,36,0,0,1,3,0,0,0,0,0,0,0,0,0,0,0,1,0,0,0,0,0,8,1,7,0,0,0,27,114,25453,0,0,0,0,15,29,0,0,0,7,25,6,25,Flareon
10-25,13:24:28,NINTEN,Voltorb,Bug Catcher,14,Route 9,3,33:47.63,33:47,0h33m47s,0,25,25,29,2:13,8.282,THUNDERBOLT,REST,TACKLE,SonicBoom,3,4444,341,64,2,646,604,493,15,7820,Flareon, ,Electric,Electric,26347,Voltorb 2,Voltorb,,00:33:39.35,00:33:47.63,02:13:04.06,29,0,0,33,47,63,THUNDERBOLT,REST,TACKLE,SonicBoom,4,10,35,14,0,0,0,0,17,75,36,48,50,50,77,4693,6377,6203,4655,4655,6561,15,15,15,15,0,0,0,0,0,0,0,40,54,50,50,77,480987,140112,320262,18644,1969,3,0,0,4444,4347,97,0,341,66,64,2,0,0,5576,4445,2000,1907,515,120,418,0,0,0,0,0,28,0,36,0,0,1,3,0,0,0,0,0,0,0,0,0,0,0,1,0,0,0,0,0,8,1,7,0,0,0,27,117,26222,0,0,0,0,15,29,0,0,0,7,25,6,25,Flareon
10-25,13:24:58,NINTEN,Voltorb,Slowbone,7,Rock Tunnel - 1,2,34:17.97,34:17,0h34m17s,0,25,25,30,2:15,11.898,THUNDERBOLT,REST,TACKLE,SonicBoom,3,4573,359,65,2,651,609,496,15,8020,Flareon, ,Electric,Electric,27261,Voltorb 2,Voltorb,,00:34:06.08,00:34:17.97,02:15:03.58,30,0,0,34,17,97,THUNDERBOLT,REST,TACKLE,SonicBoom,14,10,35,16,0,0,0,0,25,78,38,50,52,52,80,4833,6492,6363,4735,4735,6611,15,15,15,15,0,0,0,0,0,0,0,42,56,52,52,80,488179,143434,323490,19286,1969,3,0,0,4573,4356,217,0,359,67,65,2,0,0,5865,4582,2053,1960,519,122,420,0,0,0,0,0,29,0,36,0,0,1,3,0,0,0,0,0,0,0,0,0,0,0,1,0,0,0,0,0,8,1,7,0,0,0,27,119,27136,0,0,0,0,15,29,0,0,0,7,25,6,25,Flareon
10-25,13:25:14,NINTEN,Voltorb,Pokemaniac,5,Rock Tunnel,1,34:34.16,34:34,0h34m34s,0,25,25,30,2:16,4.047,THUNDERBOLT,REST,TACKLE,SonicBoom,3,4611,360,66,2,652,610,496,14,9170,Flareon, ,Electric,Electric,27790,Voltorb 2,Voltorb,,00:34:30.12,00:34:34.17,02:16:07.07,30,0,0,34,34,17,THUNDERBOLT,REST,TACKLE,SonicBoom,13,10,35,16,0,0,0,0,78,78,38,50,52,52,80,4923,6557,6428,4775,4775,6626,15,15,15,15,0,0,0,0,0,0,0,42,56,52,52,80,491968,144086,325227,20686,1969,3,0,0,4611,4356,255,0,360,68,66,2,0,0,6008,4666,2053,1960,520,122,420,0,0,0,0,0,29,0,36,0,0,1,3,0,0,0,0,0,0,0,0,0,0,0,1,0,0,0,0,0,8,1,7,0,0,0,27,120,27665,0,0,0,0,15,29,0,0,0,7,25,6,25,Flareon
10-25,13:25:36,NINTEN,Voltorb,Status-Condition-Jr-Trainer,10,Rock Tunnel,2,34:56.26,34:56,0h34m56s,0,25,25,30,2:17,16.476,THUNDERBOLT,REST,TACKLE,SonicBoom,4,4624,361,67,2,660,615,502,14,10420,Flareon, ,Electric,Electric,28458,Voltorb 2,Voltorb,RTG4 - Status Jr Trainer,00:34:39.79,00:34:56.27,02:17:34.36,30,0,0,34,56,27,THUNDERBOLT,REST,TACKLE,SonicBoom,9,10,34,16,0,0,0,0,48,78,38,50,52,52,80,5013,6656,6532,4915,4915,6701,15,15,15,15,0,0,0,0,0,0,0,42,56,52,52,80,497217,144493,329533,21222,1969,4,0,0,4624,4356,268,0,361,69,67,2,0,0,6145,4789,2083,1990,525,122,426,0,0,0,0,0,30,0,36,0,0,1,4,0,0,0,0,0,0,0,0,0,0,0,1,0,0,0,0,0,9,1,9,0,0,0,27,122,28333,0,0,0,0,15,29,0,0,0,7,25,6,25,Flareon
10-25,13:26:15,NINTEN,Voltorb,Selfdestructing Hiker,9,Rock Tunnel,3,35:34.51,35:34,0h35m34s,0,25,25,31,2:20,20.01,THUNDERBOLT,REST,TACKLE,SonicBoom,5,4737,370,68,2,667,619,509,14,10860,Flareon,Asleep,Electric,Electric,29835,Voltorb 2,Voltorb,,00:35:14.50,00:35:34.51,02:20:05.43,31,0,0,35,34,51,THUNDERBOLT,REST,TACKLE,SonicBoom,9,8,34,14,0,0,0,0,41,80,39,51,53,53,82,5148,6911,6847,5020,5020,6776,15,15,15,15,0,0,0,0,0,0,0,43,57,53,53,82,506284,146654,334664,22997,1969,5,0,0,4737,4356,381,0,370,70,68,2,0,0,6185,4829,2207,2114,527,122,431,0,0,0,0,0,30,0,36,0,0,1,4,0,0,0,0,0,0,0,0,0,0,0,1,0,0,0,0,0,9,1,11,0,0,0,27,125,29710,0,0,0,0,15,29,0,0,0,7,25,6,25,Flareon
10-25,13:26:35,NINTEN,Voltorb,Pokemaniac,3,Rock Tunnel,3,35:54.61,35:54,0h35m54s,0,25,25,31,2:21,9.374,THUNDERBOLT,REST,TACKLE,SonicBoom,5,4753,370,69,2,671,622,510,14,11595,Flareon, ,Electric,Electric,31104,Voltorb 2,Voltorb,,00:35:45.24,00:35:54.62,02:21:24.55,31,0,0,35,54,62,THUNDERBOLT,REST,TACKLE,SonicBoom,6,8,34,14,0,0,0,0,72,80,39,51,53,53,82,5418,7106,7042,5140,5140,6821,15,15,15,15,0,0,0,0,0,0,0,43,57,53,53,82,511036,147630,337661,23776,1969,5,0,0,4753,4356,397,0,370,71,69,2,0,0,6685,5036,2215,2122,530,122,432,0,0,0,0,0,30,0,36,0,0,1,4,0,0,0,0,0,0,0,0,0,0,0,1,0,0,0,0,0,9,1,11,0,0,0,27,128,30979,0,0,0,0,15,29,0,0,0,7,25,6,25,Flareon
10-25,13:26:54,NINTEN,Voltorb,Finisher,18,Rock Tunnel - 1,3,36:13.79,36:13,0h36m13s,0,25,25,31,2:22,10.313,THUNDERBOLT,REST,TACKLE,SonicBoom,5,4802,384,70,2,675,626,511,13,12595,Flareon, ,Electric,Electric,31967,Voltorb 2,Voltorb,RTG6 - Finisher,00:36:03.48,00:36:13.79,02:22:40.33,31,0,0,36,13,79,THUNDERBOLT,REST,TACKLE,SonicBoom,2,8,34,14,0,0,0,0,67,80,39,51,53,53,82,5543,7246,7172,5290,5290,6997,15,15,15,15,0,0,0,0,0,0,0,43,57,53,53,82,515574,148878,340490,24237,1969,5,0,0,4802,4356,446,0,384,72,70,2,0,0,7020,5187,2220,2127,534,122,433,0,0,0,0,0,31,0,36,0,0,1,4,0,0,0,0,0,0,0,0,0,0,0,1,0,0,0,0,0,9,1,11,0,0,0,27,131,31842,0,0,0,0,15,29,0,0,0,7,25,6,25,Flareon
10-25,13:27:13,NINTEN,Voltorb,Gambler,7,Route 8,2,36:32.71,36:32,0h36m32s,0,25,25,31,2:23,8.559,THUNDERBOLT,REST,TACKLE,SonicBoom,5,4894,398,71,2,678,629,512,14,12995,Flareon, ,Electric,Electric,32759,Voltorb 2,Voltorb,,00:36:24.16,00:36:32.72,02:23:55.15,31,0,0,36,32,72,THUNDERBOLT,REST,TACKLE,SonicBoom,0,8,33,14,0,0,0,0,57,80,39,51,53,53,82,5636,7357,7257,5405,5405,7122,15,15,15,15,0,0,0,0,0,0,0,43,57,53,53,82,520056,150866,342984,24237,1969,5,0,0,4894,4356,538,0,398,73,71,2,0,0,7164,5307,2230,2137,537,122,434,0,0,0,0,0,32,0,36,0,0,1,4,0,0,0,0,0,0,0,0,0,0,0,1,0,0,0,0,0,9,1,11,0,0,0,27,133,32634,0,0,0,0,16,29,0,0,0,7,25,6,25,Flareon
10-25,13:27:52,NINTEN,Voltorb,Super Nerd,4,Route 8,3,37:12.28,37:12,0h37m12s,0,25,25,32,2:26,10.363,THUNDERBOLT,REST,SWIFT,SonicBoom,5,5073,413,72,2,682,633,512,14,14675,Flareon, ,Electric,Electric,34344,Voltorb 2,Voltorb,,00:37:01.92,00:37:12.29,02:26:31.21,32,0,0,37,12,29,THUNDERBOLT,REST,SWIFT,SonicBoom,11,10,20,20,0,0,0,0,83,83,40,53,55,55,85,5901,7622,7432,5550,5550,7222,15,15,15,15,0,0,0,0,0,0,0,45,59,55,55,85,529422,155822,345926,25705,1969,5,0,0,5073,4508,565,0,413,74,72,2,0,0,7543,5528,2230,2137,541,122,434,0,0,0,0,0,34,0,36,0,0,1,5,0,0,0,0,0,0,0,0,0,0,0,1,0,0,0,0,0,10,2,11,0,0,0,27,136,34219,0,0,0,0,16,29,0,0,0,8,25,6,25,Flareon
10-25,13:28:09,NINTEN,Voltorb,Gambler,5,Route 8,3,37:29.04,37:29,0h37m29s,0,25,25,32,2:27,8.65,THUNDERBOLT,REST,SWIFT,SonicBoom,5,5117,414,73,2,685,636,512,14,15225,Flareon, ,Electric,Electric,35686,Voltorb 2,Voltorb,,00:37:20.39,00:37:29.04,02:27:37.23,32,0,0,37,29,4,THUNDERBOLT,REST,SWIFT,SonicBoom,8,10,20,20,0,0,0,0,83,83,40,53,55,55,85,6046,7787,7577,5680,5680,7492,15,15,15,15,0,0,0,0,0,0,0,45,59,55,55,85,533384,156841,348869,25705,1969,5,0,0,5117,4552,565,0,414,75,73,2,0,0,8141,5698,2230,2137,544,122,434,0,0,0,0,0,35,0,36,0,0,1,5,0,0,0,0,0,0,0,0,0,0,0,1,0,0,0,0,0,10,2,11,0,0,0,27,139,35561,0,0,0,0,16,29,0,0,0,8,25,6,25,Flareon
10-25,13:28:29,NINTEN,Voltorb,Super Nerd,3,Route 8,4,37:49.05,37:49,0h37m49s,0,25,25,33,2:28,16.339,THUNDERBOLT,REST,SWIFT,SonicBoom,5,5124,414,74,2,691,642,514,14,16765,Flareon, ,Electric,Electric,37436,Voltorb 2,Voltorb,,00:37:32.72,00:37:49.05,02:28:56.21,33,0,0,37,49,5,THUNDERBOLT,REST,SWIFT,SonicBoom,5,10,17,20,0,0,0,0,79,85,41,55,57,57,88,6191,7947,7842,5945,5945,7772,15,15,15,15,0,0,0,0,0,0,0,46,61,57,57,88,538122,157219,353229,25705,1969,5,0,0,5124,4559,565,0,414,76,74,2,0,0,8365,5888,2236,2143,547,122,436,0,0,0,0,0,36,0,36,0,0,1,5,0,0,0,0,0,0,0,0,0,0,0,1,0,0,0,0,0,10,2,11,0,0,0,27,143,37311,0,0,0,0,16,29,0,0,0,8,25,6,25,Flareon
10-25,13:29:13,NINTEN,Voltorb,Rocket,7,Celadon City - Game Corner,2,38:33.32,38:33,0h38m33s,0,25,25,33,2:31,7,THUNDERBOLT,REST,SWIFT,SonicBoom,5,5328,427,75,2,693,644,515,12,17265,Flareon, ,Electric,Electric,38163,Voltorb 2,Voltorb,,00:38:26.33,00:38:33.33,02:31:51.02,33,0,0,38,33,33,THUNDERBOLT,REST,SWIFT,SonicBoom,13,10,20,20,0,0,0,0,76,85,41,55,57,57,88,6286,8073,7937,6035,6035,7924,15,15,15,15,0,0,0,0,0,0,0,46,61,57,57,88,548603,164883,355784,25967,1969,5,0,0,5328,4763,565,0,427,77,75,2,0,0,8629,5992,2245,2152,549,122,437,0,0,0,0,0,36,0,36,0,0,1,5,0,0,0,0,0,0,0,0,0,0,0,1,0,0,0,0,0,10,2,11,0,0,0,27,145,38038,0,0,0,0,19,29,0,0,0,8,25,6,25,Flareon
10-25,13:29:38,NINTEN,Voltorb,Rocket,13,Rocket Hideout 2,5,38:58.33,38:58,0h38m58s,0,25,25,34,2:33,13.811,THUNDERBOLT,REST,SWIFT,SonicBoom,5,5382,431,76,2,698,649,515,12,17865,Flareon, ,Electric,Electric,39717,Voltorb 2,Voltorb,,00:38:44.52,00:38:58.33,02:33:29.30,34,0,0,38,58,33,THUNDERBOLT,REST,SWIFT,SonicBoom,8,10,20,20,0,0,0,0,79,88,43,56,59,59,90,6541,8389,8212,6265,6265,8191,15,15,15,15,0,0,0,0,0,0,0,48,63,59,59,90,554511,167040,359535,25967,1969,5,0,0,5382,4817,565,0,431,78,76,2,0,0,9571,6225,2245,2152,554,122,437,0,0,0,0,0,37,0,36,0,0,1,5,0,0,0,0,0,0,0,0,0,0,0,1,0,0,0,0,0,10,2,11,0,0,0,27,150,39592,0,0,0,0,20,29,0,0,0,8,25,6,25,Flareon
10-25,13:30:06,NINTEN,Voltorb,Rocket,15,Rocket Hideout 3,2,39:25.63,39:25,0h39m25s,0,25,25,34,2:35,6.084,THUNDERBOLT,REST,SWIFT,SonicBoom,5,5496,441,77,2,700,651,515,13,18375,Flareon, ,Electric,Electric,40509,Voltorb 2,Voltorb,,00:39:19.55,00:39:25.63,02:35:17.35,34,0,0,39,25,63,THUNDERBOLT,REST,SWIFT,SonicBoom,6,10,20,20,0,0,0,0,79,88,43,56,59,59,90,6681,8549,8312,6335,6335,8261,15,15,15,15,0,0,0,0,0,0,0,48,63,59,59,90,560996,171192,361868,25967,1969,5,0,0,5496,4931,565,0,441,79,77,2,0,0,9788,6351,2245,2152,556,122,437,0,0,0,0,0,37,0,36,0,0,1,5,0,0,0,0,0,0,0,0,0,0,0,1,0,0,0,0,0,10,2,11,0,0,0,27,152,40384,0,0,0,0,22,29,0,0,0,8,25,6,25,Flareon
10-25,13:33:24,NINTEN,Voltorb,Rival4-Pkmn Tower,3,Pokemon Tower - 2F,5,42:44.28,42:44,0h42m44s,0,25,25,35,2:48,21.502,THUNDERBOLT,REST,SWIFT,SonicBoom,5,6049,486,78,3,712,662,521,14,455,Flareon, ,Electric,Electric,43159,Voltorb 2,Voltorb,Rival (Pokemon Tower),00:42:22.78,00:42:44.28,02:48:22.33,35,0,0,42,44,28,THUNDERBOLT,REST,SWIFT,SonicBoom,11,10,16,17,0,0,0,0,65,90,44,62,61,61,93,6906,8869,18922,6631,6631,8541,15,15,15,15,0,0,0,0,0,0,0,49,69,61,61,93,608094,201338,370468,34319,1969,5,0,0,6049,5484,565,0,486,81,78,3,0,0,10404,6697,2270,2177,563,124,441,0,0,0,0,0,39,0,37,0,0,1,5,0,0,0,0,0,0,0,0,0,0,0,1,0,0,0,0,0,10,2,11,0,0,0,27,157,43034,0,0,0,0,27,62,13,2,1,9,25,6,25,Flareon
10-25,14:07:47,NINTEN,Voltorb,Agatha Jr,10,Pokemon Tower - 4F,2,43:08.86,43:08,0h43m8s,0,25,25,35,2:49,8.997,THUNDERBOLT,REST,SWIFT,SonicBoom,6,6098,490,79,3,716,666,523,14,2080,Flareon, ,Electric,Electric,44095,Voltorb 2,Voltorb,,00:42:59.86,00:43:08.86,02:49:59.36,35,0,0,43,8,86,THUNDERBOLT,REST,SWIFT,SonicBoom,7,10,16,17,0,0,0,0,59,90,44,62,61,61,93,6966,8939,18982,6831,6831,8701,15,15,15,15,0,0,0,0,0,0,0,49,69,61,61,93,613917,203409,373452,35087,1969,6,0,0,6098,5533,565,0,490,82,79,3,0,0,10597,6797,2276,2183,567,124,443,0,0,0,0,0,39,0,37,0,0,1,5,0,0,0,0,0,0,0,0,0,0,0,1,0,0,0,0,0,10,2,11,0,0,0,27,159,43970,0,0,0,0,27,62,13,2,1,9,25,6,25,Flareon
10-25,14:08:12,NINTEN,Voltorb,Channeler,21,Pokemon Tower - 6F,1,43:33.03,43:33,0h43m33s,0,25,25,35,2:51,5.622,THUNDERBOLT,REST,SWIFT,SonicBoom,6,6191,517,80,3,718,668,524,16,2770,Flareon, ,Electric,Electric,44582,Voltorb 2,Voltorb,,00:43:27.41,00:43:33.04,02:51:35.21,35,0,0,43,33,4,THUNDERBOLT,REST,SWIFT,SonicBoom,13,10,20,20,0,0,0,0,90,90,44,62,61,61,93,6996,8974,19012,6931,6931,8781,15,15,15,15,0,0,0,0,0,0,0,49,69,61,61,93,619662,207432,375174,35087,1969,6,0,0,6191,5626,565,0,517,83,80,3,0,0,10689,6849,2276,2183,569,124,444,0,0,0,0,0,39,0,37,0,0,2,5,0,0,0,0,0,0,0,0,0,0,0,2,0,0,0,0,0,10,2,11,0,0,0,27,160,44457,0,0,0,0,31,62,13,2,1,9,25,6,25,Flareon
10-25,14:08:20,NINTEN,Voltorb,Channeler,20,Pokemon Tower - 6F,1,43:41.32,43:41,0h43m41s,0,25,25,35,2:52,5.604,THUNDERBOLT,REST,SWIFT,SonicBoom,6,6200,518,81,3,720,670,525,16,3490,Flareon, ,Electric,Electric,45069,Voltorb 2,Voltorb,,00:43:35.72,00:43:41.32,02:52:08.01,35,0,0,43,41,32,THUNDERBOLT,REST,SWIFT,SonicBoom,11,10,20,20,0,0,0,0,66,90,44,62,61,61,93,7026,9009,19042,7031,7031,8861,15,15,15,15,0,0,0,0,0,0,0,49,69,61,61,93,621622,207656,376910,35087,1969,6,0,0,6200,5635,565,0,518,84,81,3,0,0,10782,6901,2300,2207,571,124,445,0,0,0,0,0,39,0,37,0,0,2,5,0,0,0,0,0,0,0,0,0,0,0,2,0,0,0,0,0,10,2,11,0,0,0,27,161,44944,0,0,0,0,31,62,13,2,1,9,25,6,25,Flareon
10-25,14:08:43,NINTEN,Voltorb,Rocket,44,Pokemon Tower - 7F,3,44:04.36,44:04,0h44m4s,0,25,25,36,2:53,10.611,THUNDERBOLT,REST,SWIFT,SonicBoom,6,6227,521,82,4,724,674,525,16,4210,Flareon, ,Electric,Electric,47318,Voltorb 2,Voltorb,,00:43:53.75,00:44:04.36,02:53:38.54,36,0,0,44,4,36,THUNDERBOLT,REST,SWIFT,SonicBoom,7,10,20,20,0,0,0,0,69,93,46,64,62,62,96,7191,9229,19266,7221,7221,9091,15,15,15,15,0,0,0,0,0,0,0,51,72,62,62,96,627075,209230,380789,35087,1969,6,0,0,6227,5662,565,0,521,86,82,4,0,0,11144,7112,2300,2207,575,124,445,0,0,0,0,0,41,0,37,0,0,2,6,0,0,0,0,0,0,0,0,0,0,0,2,0,0,0,0,0,11,3,11,0,0,0,27,164,47193,0,0,0,0,32,62,13,2,1,9,25,6,25,Flareon
10-25,14:10:15,NINTEN,Voltorb,Biker,5,Route 16,2,45:35.95,45:35,0h45m35s,0,25,25,36,2:59,9.361,THUNDERBOLT,REST,SWIFT,SonicBoom,6,6452,541,83,5,732,682,530,16,320,Flareon, ,Electric,Electric,48584,Voltorb 2,Voltorb,,00:45:26.60,00:45:35.96,02:59:40.29,36,0,0,45,35,96,THUNDERBOLT,REST,SWIFT,SonicBoom,10,10,20,17,0,0,0,0,79,93,46,65,62,62,96,7311,9374,21971,7321,7321,9151,15,15,15,15,0,0,0,0,0,0,0,51,73,62,62,96,648770,222783,386209,37809,1969,6,0,0,6452,5885,567,0,541,88,83,5,1,0,11553,7350,2314,2221,581,126,447,0,0,0,0,0,42,0,37,0,0,2,6,0,0,0,0,0,0,0,0,0,0,0,2,0,0,0,0,0,11,3,11,1,0,0,27,166,48459,0,0,0,0,32,69,15,2,1,9,25,6,25,Flareon
10-25,14:10:25,NINTEN,Voltorb,Cue Ball,1,Route 16,3,45:46.86,45:46,0h45m46s,0,25,25,36,3:00,8.315,THUNDERBOLT,REST,SWIFT,SonicBoom,6,6456,541,84,5,735,685,530,16,900,Flareon, ,Electric,Electric,50084,Voltorb 2,Voltorb,,00:45:38.55,00:45:46.87,03:00:23.22,36,0,0,45,46,87,THUNDERBOLT,REST,SWIFT,SonicBoom,7,10,20,17,0,0,0,0,79,93,46,65,62,62,96,7491,9614,22106,7426,7426,9291,15,15,15,15,0,0,0,0,0,0,0,51,73,62,62,96,651344,222904,388662,37809,1969,6,0,0,6456,5885,571,0,541,89,84,5,1,0,11830,7576,2314,2221,584,126,447,0,0,0,0,0,42,0,37,0,0,2,6,0,0,0,0,0,0,0,0,0,0,0,2,0,0,0,0,0,11,3,11,1,0,0,27,169,49959,0,0,0,0,32,69,15,2,1,9,25,6,25,Flareon
10-25,14:10:35,NINTEN,Voltorb,Cue Ball,2,Route 16,2,45:56.30,45:56,0h45m56s,0,25,25,37,3:01,6.875,THUNDERBOLT,REST,SWIFT,SonicBoom,6,6458,541,85,5,737,687,530,16,1600,Flareon, ,Electric,Electric,51089,Voltorb 2,Voltorb,,00:45:49.43,00:45:56.31,03:01:00.31,37,0,0,45,56,31,THUNDERBOLT,REST,SWIFT,SonicBoom,5,10,20,17,0,0,0,0,81,95,47,66,64,64,98,7601,9774,22191,7496,7496,9396,15,15,15,15,0,0,0,0,0,0,0,52,74,64,64,98,653572,223018,390776,37809,1969,6,0,0,6458,5885,573,0,541,90,85,5,1,0,12006,7726,2314,2221,586,126,447,0,0,0,0,0,42,0,37,0,0,2,6,0,0,0,0,0,0,0,0,0,0,0,2,0,0,0,0,0,11,3,11,1,0,0,27,171,50964,0,0,0,0,32,69,15,2,1,9,25,6,25,Flareon
10-25,14:10:45,NINTEN,Voltorb,Cue Ball,3,Route 16,1,46:06.74,46:06,0h46m6s,0,25,25,37,3:01,5.507,THUNDERBOLT,REST,SWIFT,SonicBoom,6,6464,541,86,5,739,689,531,16,2325,Flareon, ,Electric,Electric,51710,Voltorb 2,Voltorb,,00:46:01.24,00:46:06.74,03:01:41.36,37,0,0,46,6,74,THUNDERBOLT,REST,SWIFT,SonicBoom,4,10,20,16,0,0,0,0,81,95,47,66,64,64,98,7671,9854,22241,7531,7531,9431,15,15,15,15,0,0,0,0,0,0,0,52,74,64,64,98,656037,223274,392985,37809,1969,6,0,0,6464,5885,579,0,541,91,86,5,1,0,12104,7820,2314,2221,588,126,447,0,0,0,0,0,42,0,37,0,0,2,6,0,0,0,0,0,0,0,0,0,0,0,2,0,0,0,0,0,11,3,11,1,0,0,27,172,51585,0,0,0,0,32,69,15,2,1,9,25,6,25,Flareon
10-25,14:10:56,NINTEN,Voltorb,Biker,6,Route 16,1,46:17.11,46:17,0h46m17s,0,25,25,37,3:02,7.621,THUNDERBOLT,REST,SWIFT,SonicBoom,6,6465,541,87,5,742,692,533,16,3150,Flareon, ,Electric,Electric,52932,Voltorb 2,Voltorb,,00:46:09.49,00:46:17.11,03:02:22.30,37,0,0,46,17,11,THUNDERBOLT,REST,SWIFT,SonicBoom,2,10,20,15,0,0,0,0,63,95,47,66,64,64,98,7736,9944,22361,7616,7616,9491,15,15,15,15,0,0,0,0,0,0,0,52,74,64,64,98,658491,223431,395282,37809,1969,6,0,0,6465,5885,580,0,541,92,87,5,1,0,12206,7911,2332,2239,591,126,449,0,0,0,0,0,42,0,37,0,0,2,7,0,0,0,0,0,0,0,0,0,0,0,2,0,0,0,0,0,13,3,11,1,0,0,27,173,52807,0,0,0,0,32,69,15,2,1,9,25,6,25,Flareon
10-25,14:11:15,NINTEN,Voltorb,Biker,7,Route 16,4,46:36.61,46:36,0h46m36s,0,25,25,38,3:03,16.595,THUNDERBOLT,REST,SWIFT,SonicBoom,6,6470,541,88,5,750,700,537,16,3810,Flareon, ,Electric,Electric,54936,Voltorb 2,Voltorb,,00:46:20.02,00:46:36.61,03:03:39.22,38,0,0,46,36,61,THUNDERBOLT,REST,SWIFT,SonicBoom,0,10,14,15,0,0,0,0,52,98,48,68,66,66,101,8056,10264,22561,7776,7776,9591,15,15,15,15,0,0,0,0,0,0,0,54,76,66,66,101,663103,223639,399686,37809,1969,6,0,0,6470,5885,585,0,541,93,88,5,1,0,12607,8235,2346,2253,593,127,452,0,0,0,0,0,44,0,37,0,0,2,7,0,0,0,0,0,0,0,0,0,0,0,2,0,0,0,0,0,13,3,11,1,0,0,27,177,54811,0,0,0,0,32,69,15,2,1,9,25,6,25,Flareon
10-25,14:11:39,NINTEN,Voltorb,Biker,8,Route 17,3,47:00.59,47:00,0h47m0s,0,25,25,38,3:05,10.217,THUNDERBOLT,REST,SWIFT,SonicBoom,6,6491,541,89,5,754,704,538,15,4330,Flareon, ,Electric,Electric,57696,Voltorb 2,Voltorb,,00:46:50.38,00:47:00.60,03:05:13.37,38,0,0,47,0,60,THUNDERBOLT,REST,SWIFT,SonicBoom,2,10,14,15,2,0,0,0,90,98,48,68,66,66,101,8226,10509,22896,8006,8006,9746,15,15,15,15,0,0,0,0,0,0,0,54,76,66,66,101,668758,224176,403007,39606,1969,6,0,0,6491,5885,606,0,541,94,89,5,1,0,12918,8455,2354,2261,597,127,453,0,0,0,0,0,46,0,37,0,0,2,7,0,0,0,0,0,0,0,0,0,0,0,2,0,0,0,0,0,13,3,11,1,0,0,27,180,57571,0,0,0,0,32,69,15,2,1,9,25,6,25,Flareon
10-25,14:11:51,NINTEN,Voltorb,Cue Ball,5,Route 17,2,47:12.48,47:12,0h47m12s,0,25,25,38,3:06,7.928,THUNDERBOLT,REST,SWIFT,SonicBoom,6,6500,553,90,5,757,707,539,15,4890,Flareon, ,Electric,Electric,59148,Voltorb 2,Voltorb,,00:47:04.56,00:47:12.48,03:06:00.29,38,0,0,47,12,48,THUNDERBOLT,REST,SWIFT,SonicBoom,0,10,13,15,2,0,0,0,90,98,48,68,66,66,101,8376,10689,23016,8091,8091,9826,15,15,15,15,0,-1,0,0,0,0,0,60,49,66,66,101,671570,224619,405376,39606,1969,6,0,0,6500,5885,615,0,553,95,90,5,1,0,13129,8629,2354,2261,599,127,454,0,0,0,0,0,46,0,37,0,0,2,7,0,0,0,0,0,0,0,0,0,0,0,2,0,0,0,0,0,13,3,11,1,0,0,27,182,59023,0,0,0,0,32,69,15,2,1,9,25,6,25,Flareon
10-25,14:12:08,NINTEN,Voltorb,Cue Ball,4,Route 17,2,47:29.24,47:29,0h47m29s,0,25,25,39,3:07,10.645,THUNDERBOLT,REST,SWIFT,SonicBoom,6,6504,556,91,5,760,710,540,14,5615,Flareon, ,Electric,Electric,60532,Voltorb 2,Voltorb,,00:47:18.59,00:47:29.24,03:07:06.31,39,0,0,47,29,24,THUNDERBOLT,REST,SWIFT,SonicBoom,19,10,12,15,2,0,0,0,65,100,50,70,68,68,104,8481,10874,23111,8186,8186,9991,15,15,15,15,0,0,0,0,0,0,0,56,78,68,68,104,675532,224821,408386,40356,1969,6,0,0,6504,5885,619,0,556,96,91,5,1,0,13411,8776,2381,2288,601,127,455,0,0,0,0,0,47,0,38,0,0,2,7,0,0,0,0,0,0,0,0,0,0,0,2,0,0,0,0,0,13,3,11,1,0,0,27,184,60407,0,0,0,0,32,69,15,2,1,9,25,6,25,Flareon
10-25,14:12:28,NINTEN,Voltorb,Biker,10,Route 17,2,47:49.33,47:49,0h47m49s,0,25,25,39,3:08,12.384,THUNDERBOLT,REST,SWIFT,SonicBoom,6,6529,568,92,5,765,715,543,14,6340,Flareon, ,Electric,Electric,61810,Voltorb 2,Voltorb,,00:47:36.95,00:47:49.33,03:08:25.56,39,0,0,47,49,33,THUNDERBOLT,REST,SWIFT,SonicBoom,14,10,12,15,2,0,0,0,65,100,50,70,68,68,104,8561,10934,23211,8296,8296,10191,15,15,15,15,0,-4,0,0,0,0,0,70,25,68,68,104,680297,225748,412224,40356,1969,6,0,0,6529,5885,644,0,568,97,92,5,1,0,13597,8908,2381,2288,606,127,458,0,0,0,0,0,48,0,38,0,0,2,7,0,0,0,0,0,0,0,0,0,0,0,2,0,0,0,0,0,13,3,11,1,0,0,27,186,61685,0,0,0,0,33,69,15,2,1,9,25,6,25,Flareon
10-25,14:12:37,NINTEN,Voltorb,Cue Ball,6,Route 17,1,47:58.42,47:58,0h47m58s,0,25,25,39,3:09,5.36,THUNDERBOLT,REST,SWIFT,SonicBoom,6,6556,575,93,5,767,717,544,14,6920,Flareon, ,Electric,Electric,62842,Voltorb 2,Voltorb,,00:47:53.06,00:47:58.42,03:09:01.44,39,0,0,47,58,42,THUNDERBOLT,REST,SWIFT,SonicBoom,12,10,12,15,2,0,0,0,65,100,50,70,68,68,104,8641,11034,23281,8346,8346,10236,15,15,15,15,0,-1,0,0,0,0,0,63,51,68,68,104,682445,226146,413974,40356,1969,6,0,0,6556,5885,671,0,575,98,93,5,1,0,13735,9009,2381,2288,608,127,459,0,0,0,0,0,48,0,38,0,0,2,7,0,0,0,0,0,0,0,0,0,0,0,2,0,0,0,0,0,13,3,11,1,0,0,27,187,62717,0,0,0,0,33,69,15,2,1,9,25,6,25,Flareon
10-25,14:12:55,NINTEN,Voltorb,Cue Ball,8,Route 17,2,48:16.80,48:16,0h48m16s,0,25,25,40,3:10,9.497,THUNDERBOLT,REST,SWIFT,SonicBoom,6,6601,579,94,5,770,720,545,14,7745,Flareon, ,Electric,Electric,64673,Voltorb 2,Voltorb,,00:48:07.31,00:48:16.81,03:10:14.13,40,0,0,48,16,81,THUNDERBOLT,REST,SWIFT,SonicBoom,12,10,12,15,3,0,0,0,58,103,51,72,70,70,107,8786,11239,23411,8456,8456,10376,15,15,15,15,0,0,0,0,0,0,0,57,81,70,70,107,686794,227028,416702,41095,1969,6,0,0,6601,5885,716,0,579,99,94,5,1,0,14092,9180,2391,2298,611,127,460,0,0,0,0,0,50,0,38,0,0,2,7,0,0,0,0,0,0,0,0,0,0,0,2,0,0,0,0,0,13,3,11,1,0,0,27,189,64548,0,0,0,0,34,69,15,2,1,9,25,6,25,Flareon
10-25,14:13:17,NINTEN,Voltorb,Biker,12,Route 17,5,48:38.19,48:38,0h48m38s,0,25,25,40,3:11,15.839,THUNDERBOLT,REST,SWIFT,SonicBoom,6,6629,580,95,5,776,726,546,14,8470,Flareon,Poisoned,Electric,Electric,68353,Voltorb 2,Voltorb,,00:48:22.35,00:48:38.19,03:11:38.27,40,0,0,48,38,19,THUNDERBOLT,REST,SWIFT,SonicBoom,7,10,11,15,3,0,0,0,43,103,51,72,70,70,107,9036,11614,23936,8806,8806,10601,15,15,15,15,0,0,0,0,0,0,0,57,81,70,70,107,691848,227439,421345,41095,1969,6,0,0,6629,5885,744,0,580,100,95,5,1,0,14552,9499,2406,2313,616,127,461,0,0,0,0,0,51,0,38,0,0,2,7,0,0,0,0,0,0,1,0,0,0,0,2,0,0,0,0,0,13,3,11,1,0,0,27,194,68228,0,0,0,0,34,69,15,2,1,9,25,6,25,Flareon
10-25,14:13:39,NINTEN,Voltorb,Biker,11,Route 17,2,49:00.75,49:00,0h49m0s,0,25,25,41,3:13,10.826,THUNDERBOLT,REST,SWIFT,SonicBoom,6,6676,583,96,5,780,730,548,15,8970,Flareon,Poisoned,Electric,Electric,70402,Voltorb 2,Voltorb,,00:48:49.93,00:49:00.76,03:13:07.20,41,0,0,49,0,76,THUNDERBOLT,REST,SWIFT,SonicBoom,3,10,11,15,3,0,0,0,75,105,52,74,71,71,109,9206,11809,24131,8956,8956,10711,15,15,15,15,0,0,0,0,0,0,0,58,83,71,71,109,697181,228752,424407,42053,1969,6,0,0,6676,5885,791,0,583,101,96,5,1,0,14892,9684,2426,2333,620,127,463,0,0,0,0,0,52,0,38,0,0,2,7,0,0,0,0,0,0,2,0,0,0,0,2,0,0,0,0,0,13,3,11,1,0,0,27,196,70277,0,0,0,0,35,69,15,2,1,9,25,6,25,Flareon
10-25,14:14:10,NINTEN,Voltorb,Cue Ball,7,Route 17,4,49:31.18,49:31,0h49m31s,0,25,25,41,3:15,12.905,THUNDERBOLT,REST,SWIFT,SonicBoom,6,6719,587,97,5,785,735,549,15,9550,Flareon, ,Electric,Electric,72526,Voltorb 2,Voltorb,,00:49:18.28,00:49:31.19,03:15:07.14,41,0,0,49,31,19,THUNDERBOLT,REST,SWIFT,SonicBoom,1,10,8,15,3,0,0,0,94,105,52,74,71,71,109,9436,12149,24321,9111,9111,10931,15,15,15,15,0,0,0,0,0,0,0,58,83,71,71,109,704375,229741,428356,44309,1969,6,0,0,6719,5885,834,0,587,102,97,5,1,0,15272,9961,2437,2344,622,127,464,0,0,0,0,0,53,0,38,0,0,2,7,0,0,0,0,0,0,2,0,0,0,0,2,0,0,0,0,0,13,3,11,1,0,0,27,200,72401,0,0,0,0,35,69,15,2,1,9,25,6,25,Flareon
10-25,14:14:25,NINTEN,Voltorb,Biker,9,Route 17,1,49:45.89,49:45,0h49m45s,0,25,25,41,3:16,9.268,THUNDERBOLT,REST,SWIFT,SonicBoom,6,6760,588,98,5,789,739,552,15,10200,Flareon, ,Electric,Electric,73636,Voltorb 2,Voltorb,,00:49:36.63,00:49:45.90,03:16:05.23,41,0,0,49,45,90,THUNDERBOLT,REST,SWIFT,SonicBoom,0,10,7,13,3,0,0,0,94,105,52,74,71,71,109,9541,12254,24396,9176,9176,10981,15,15,15,15,0,0,0,0,0,0,0,58,83,71,71,109,707864,230533,431053,44309,1969,6,0,0,6760,5885,875,0,588,103,98,5,1,0,15394,10078,2437,2344,625,127,465,0,0,0,0,0,53,0,38,0,0,2,7,0,0,0,0,0,0,2,0,0,0,0,2,0,0,0,0,0,13,3,11,1,0,0,27,201,73511,0,0,0,0,35,69,15,2,1,9,25,6,25,Flareon
10-25,14:15:00,NINTEN,Voltorb,Bird Keeper,10,Route 18,4,50:21.53,50:21,0h50m21s,0,25,25,42,3:18,12.221,THUNDERBOLT,REST,SWIFT,SonicBoom,6,7033,611,99,5,793,743,552,15,10860,Flareon, ,Electric,Electric,75503,Voltorb 2,Voltorb,,00:50:09.31,00:50:21.53,03:18:26.04,42,0,0,50,21,53,THUNDERBOLT,REST,SWIFT,SonicBoom,20,10,20,20,3,0,0,0,108,108,54,75,73,73,112,9726,12524,24551,9330,9330,11291,15,15,15,15,0,0,0,0,0,0,0,60,84,73,73,112,716305,235611,434416,44309,1969,6,0,0,7033,5992,1041,0,611,104,99,5,1,0,16535,10331,2437,2344,629,127,465,0,0,0,0,0,54,0,38,0,0,2,7,0,0,0,0,0,0,2,0,0,0,0,2,0,0,0,0,0,13,3,11,1,0,0,27,205,75378,0,0,0,0,35,69,15,2,1,9,25,6,25,Flareon
10-25,14:15:12,NINTEN,Voltorb,Bird Keeper,8,Route 18,2,50:33.47,50:33,0h50m33s,0,25,25,42,3:19,6.559,THUNDERBOLT,REST,SWIFT,SonicBoom,6,7037,611,100,5,795,745,552,15,11510,Flareon, ,Electric,Electric,76869,Voltorb 2,Voltorb,,00:50:26.91,00:50:33.47,03:19:13.01,42,0,0,50,33,47,THUNDERBOLT,REST,SWIFT,SonicBoom,18,10,20,20,3,0,0,0,108,108,54,75,73,73,112,9831,12674,24646,9422,9422,11461,15,15,15,15,0,0,0,0,0,0,0,60,84,73,73,112,719122,235971,436873,44309,1969,6,0,0,7037,5996,1041,0,611,105,100,5,1,0,16957,10478,2437,2344,631,127,465,0,0,0,0,0,54,0,38,0,0,2,7,0,0,0,0,0,0,2,0,0,0,0,2,0,0,0,0,0,13,3,11,1,0,0,27,207,76744,0,0,0,0,35,69,15,2,1,9,25,6,25,Flareon
10-25,14:15:19,NINTEN,Voltorb,Bird Keeper,9,Route 18,1,50:40.67,50:40,0h50m40s,0,25,25,42,3:19,4.257,THUNDERBOLT,REST,SWIFT,SonicBoom,6,7041,611,101,5,796,746,552,15,12235,Flareon, ,Electric,Electric,78019,Voltorb 2,Voltorb,,00:50:36.42,00:50:40.68,03:19:41.21,42,0,0,50,40,68,THUNDERBOLT,REST,SWIFT,SonicBoom,17,10,20,20,3,0,0,0,108,108,54,75,73,73,112,9891,12784,24716,9482,9482,11561,15,15,15,15,0,0,0,0,0,0,0,60,84,73,73,112,720822,236181,438363,44309,1969,6,0,0,7041,6000,1041,0,611,106,101,5,1,0,17105,10568,2437,2344,632,127,465,0,0,0,0,0,54,0,38,0,0,2,7,0,0,0,0,0,0,2,0,0,0,0,2,0,0,0,0,0,13,3,11,1,0,0,27,208,77894,0,0,0,0,35,69,15,2,1,9,25,6,25,Flareon
10-25,14:16:32,NINTEN,Voltorb,Swimmer,2,Route 19,2,51:52.87,51:52,0h51m52s,0,25,25,42,3:24,6.536,THUNDERBOLT,REST,SWIFT,SonicBoom,6,7484,646,102,6,798,748,552,17,12585,Flareon, ,Electric,Electric,79316,Voltorb 2,Voltorb,,00:51:46.34,00:51:52.88,03:24:26.04,42,0,0,51,52,88,THUNDERBOLT,REST,SWIFT,SonicBoom,22,10,20,20,3,0,0,0,108,108,55,75,73,73,113,9961,15449,24851,9627,9627,14231,15,15,15,15,0,0,0,0,0,0,0,61,84,73,73,113,737905,246541,440971,48424,1969,6,0,0,7484,6118,1366,0,646,108,102,6,2,0,17492,10698,2437,2344,634,127,465,0,0,0,0,0,55,0,38,0,0,2,7,0,0,0,0,0,0,2,0,0,0,0,2,0,0,0,0,0,13,3,11,1,0,0,27,210,79191,0,0,0,0,39,69,15,2,1,10,25,6,25,Flareon
10-25,14:16:46,NINTEN,Voltorb,Swimmer,3,Route 19,3,52:07.80,52:07,0h52m7s,0,25,25,43,3:25,11.773,THUNDERBOLT,REST,SWIFT,SonicBoom,6,7489,647,103,6,801,751,552,17,12735,Flareon, ,Electric,Electric,81176,Voltorb 2,Voltorb,,00:51:56.04,00:52:07.81,03:25:24.57,43,0,0,52,7,81,THUNDERBOLT,REST,SWIFT,SonicBoom,19,10,20,20,3,0,0,0,111,111,57,77,75,75,116,10066,15601,25036,9817,9817,14439,15,15,15,15,0,0,0,0,0,0,0,64,86,75,75,116,741438,246802,444243,48424,1969,6,0,0,7489,6123,1366,0,647,109,103,6,2,0,18143,10889,2437,2344,637,127,465,0,0,0,0,0,56,0,38,0,0,2,7,0,0,0,0,0,0,2,0,0,0,0,2,0,0,0,0,0,13,3,11,1,0,0,27,213,81051,0,0,0,0,39,69,15,2,1,10,25,6,25,Flareon
10-25,14:17:27,NINTEN,Voltorb,Blackbelt,5,Saffron City - Fighting Dojo,3,52:48.00,52:48,0h52m48s,0,25,25,43,3:28,12.343,THUNDERBOLT,REST,SWIFT,SonicBoom,6,7619,655,104,6,805,755,553,16,12880,Flareon, ,Electric,Electric,83237,Voltorb 2,Voltorb,,00:52:35.66,00:52:48.01,03:28:03.23,43,0,0,52,48,1,THUNDERBOLT,REST,SWIFT,SonicBoom,21,10,19,20,3,0,0,0,96,111,57,77,75,75,116,10241,15866,25181,9947,9947,14639,15,15,15,15,0,0,0,0,0,0,0,64,86,75,75,116,750944,251533,448073,49369,1969,6,0,0,7619,6253,1366,0,655,110,104,6,2,0,18500,11134,2452,2359,640,127,466,0,0,0,0,0,56,0,38,0,0,2,8,0,0,0,0,0,0,2,0,0,0,0,2,0,0,0,0,0,14,3,11,1,0,0,27,216,83112,0,0,0,0,39,69,15,2,1,10,25,6,25,Flareon
10-25,14:17:38,NINTEN,Voltorb,Blackbelt,3,Saffron City - Fighting Dojo,2,52:59.19,52:59,0h52m59s,0,25,25,43,3:28,8.405,THUNDERBOLT,REST,SWIFT,SonicBoom,6,7620,655,105,6,808,758,554,16,13655,Flareon, ,Electric,Electric,84840,Voltorb 2,Voltorb,,00:52:50.78,00:52:59.19,03:28:47.29,43,0,0,52,59,19,THUNDERBOLT,REST,SWIFT,SonicBoom,19,10,18,20,3,0,0,0,71,111,57,77,75,75,116,10391,16046,25301,10032,10032,14719,15,15,15,15,0,0,0,0,0,0,0,64,86,75,75,116,753590,251690,450562,49369,1969,6,0,0,7620,6254,1366,0,655,111,105,6,2,0,18745,11323,2477,2384,642,127,467,0,0,0,0,0,56,0,39,0,0,2,8,0,0,0,0,0,0,2,0,0,0,0,2,0,0,0,0,0,14,3,11,1,0,0,27,218,84715,0,0,0,0,39,69,15,2,1,10,25,6,25,Flareon
10-25,14:17:46,NINTEN,Voltorb,Blackbelt,4,Saffron City - Fighting Dojo,1,53:07.12,53:07,0h53m7s,0,25,25,44,3:29,4.969,THUNDERBOLT,REST,SWIFT,SonicBoom,6,7621,655,106,6,809,759,554,16,14455,Flareon, ,Electric,Electric,85989,Voltorb 2,Voltorb,,00:53:02.16,00:53:07.13,03:29:18.46,44,0,0,53,7,13,THUNDERBOLT,REST,SWIFT,SonicBoom,18,10,18,20,3,0,0,0,73,113,58,79,77,77,119,10456,16151,25361,10092,10092,14814,15,15,15,15,0,0,0,0,0,0,0,65,88,77,77,119,755467,251899,452230,49369,1969,6,0,0,7621,6255,1366,0,655,112,106,6,2,0,18882,11421,2477,2384,643,127,467,0,0,0,0,0,57,0,39,0,0,2,8,0,0,0,0,0,0,2,0,0,0,0,2,0,0,0,0,0,14,3,11,1,0,0,27,219,85864,0,0,0,0,39,69,15,2,1,10,25,6,25,Flareon
10-25,14:17:59,NINTEN,Voltorb,Blackbelt,2,Saffron City - Fighting Dojo,3,53:20.23,53:20,0h53m20s,0,25,25,44,3:30,8.567,THUNDERBOLT,REST,SWIFT,SonicBoom,6,7622,655,107,6,812,762,554,16,15355,Flareon, ,Electric,Electric,87957,Voltorb 2,Voltorb,,00:53:11.67,00:53:20.24,03:30:10.19,44,0,0,53,20,24,THUNDERBOLT,REST,SWIFT,SonicBoom,15,10,18,20,3,0,0,0,73,113,58,79,77,77,119,10601,16416,25491,10222,10222,15049,15,15,15,15,0,0,0,0,0,0,0,65,88,77,77,119,758560,252055,455167,49369,1969,6,0,0,7622,6256,1366,0,655,113,107,6,2,0,19233,11647,2477,2384,646,127,467,0,0,0,0,0,57,0,39,0,0,2,8,0,0,0,0,0,0,2,0,0,0,0,2,0,0,0,0,0,14,3,11,1,0,0,27,222,87832,0,0,0,0,39,69,15,2,1,10,25,6,25,Flareon
10-25,14:18:09,NINTEN,Voltorb,Blackbelt,1,Saffron City - Fighting Dojo,2,53:29.90,53:29,0h53m29s,0,25,25,44,3:30,6.441,THUNDERBOLT,REST,SWIFT,SonicBoom,6,7623,655,108,6,814,764,554,16,16130,Flareon, ,Electric,Electric,90168,Voltorb 2,Voltorb,,00:53:23.46,00:53:29.90,03:30:48.23,44,0,0,53,29,90,THUNDERBOLT,REST,SWIFT,SonicBoom,13,10,18,20,3,0,0,0,73,113,58,79,77,77,119,10701,16641,25623,10292,10292,15212,15,15,15,15,0,0,0,0,0,0,0,65,88,77,77,119,760844,252326,457180,49369,1969,6,0,0,7623,6257,1366,0,655,114,108,6,2,0,19449,11825,2477,2384,648,127,467,0,0,0,0,0,57,0,39,0,0,2,8,0,0,0,0,0,0,2,0,0,0,0,2,0,0,0,0,0,14,3,11,1,0,0,27,224,90043,0,0,0,0,39,69,15,2,1,10,25,6,25,Flareon
10-25,14:18:42,NINTEN,Voltorb,Rocket,24,Silph Co - 2F,5,54:03.20,54:03,0h54m3s,0,25,25,45,3:32,14.55,THUNDERBOLT,REST,SWIFT,SonicBoom,6,7715,656,109,6,819,769,554,16,17055,Flareon, ,Electric,Electric,92568,Voltorb 2,Voltorb,,00:53:48.65,00:54:03.20,03:32:59.20,45,0,0,54,3,20,THUNDERBOLT,REST,SWIFT,SonicBoom,19,10,20,20,3,0,0,0,116,116,59,81,79,79,122,10951,16937,25858,10537,10537,15564,15,15,15,15,0,0,0,0,0,0,0,66,91,79,79,122,768701,255941,461029,49762,1969,6,0,0,7715,6349,1366,0,656,115,109,6,2,0,21210,12144,2477,2384,653,127,467,0,0,0,0,0,60,0,39,0,0,2,8,0,0,0,0,0,0,2,0,0,0,0,2,0,0,0,0,0,14,3,11,1,0,0,27,229,92443,0,0,0,0,39,69,15,2,1,10,25,6,25,Flareon
10-25,14:18:58,NINTEN,Voltorb,Rocket,25,Silph Co - 3F,3,54:18.97,54:18,0h54m18s,0,25,25,45,3:34,10.043,THUNDERBOLT,REST,SWIFT,SonicBoom,6,7733,658,110,6,823,773,555,16,17805,Flareon, ,Electric,Electric,94950,Voltorb 2,Voltorb,,00:54:08.93,00:54:18.97,03:34:01.18,45,0,0,54,18,97,THUNDERBOLT,REST,SWIFT,SonicBoom,15,10,20,20,3,0,0,0,104,116,59,81,79,79,122,11146,17172,26048,10752,10752,15825,15,15,15,15,0,0,0,0,0,0,0,66,91,79,79,122,772419,256483,464205,49762,1969,6,0,0,7733,6367,1366,0,658,116,110,6,2,0,21548,12380,2489,2396,657,127,468,0,0,0,0,0,60,0,39,0,0,2,8,0,0,0,0,0,0,2,0,0,0,0,2,0,0,0,0,0,14,3,11,1,0,0,27,232,94825,0,0,0,0,39,69,15,2,1,10,25,6,25,Flareon
10-25,14:19:19,NINTEN,Voltorb,Rocket,26,Silph Co - 4F,2,54:40.76,54:40,0h54m40s,0,25,25,45,3:35,8.128,THUNDERBOLT,REST,SWIFT,SonicBoom,6,7821,662,111,6,826,776,556,16,18645,Flareon, ,Electric,Electric,96129,Voltorb 2,Voltorb,,00:54:32.64,00:54:40.77,03:35:26.53,45,0,0,54,40,77,THUNDERBOLT,REST,SWIFT,SonicBoom,14,10,18,20,3,0,0,0,96,116,59,81,79,79,122,11276,17300,26143,10877,10877,15902,15,15,15,15,0,0,0,0,0,0,0,66,91,79,79,122,777554,259297,466526,49762,1969,6,0,0,7821,6455,1366,0,662,117,111,6,2,0,21892,12542,2497,2404,658,127,469,0,0,0,0,0,61,0,39,0,0,2,8,0,0,0,0,0,0,2,0,0,0,0,2,0,0,0,0,0,14,3,11,1,0,0,27,234,96004,0,0,0,0,39,69,15,2,1,10,25,6,25,Flareon
10-25,14:19:39,NINTEN,Voltorb,Rocket,27,Silph Co - 4F,3,55:00.30,55:00,0h55m0s,0,25,25,46,3:36,13.271,THUNDERBOLT,REST,SWIFT,SonicBoom,6,7859,663,112,6,831,781,558,16,19515,Flareon, ,Electric,Electric,97347,Voltorb 2,Voltorb,,00:54:47.03,00:55:00.30,03:36:43.57,46,0,0,55,0,30,THUNDERBOLT,REST,SWIFT,SonicBoom,12,10,16,19,3,0,0,0,67,118,61,83,81,81,125,11401,17455,26317,10997,10997,16047,15,15,15,15,0,-1,0,0,0,0,0,68,60,81,81,125,782178,260394,470053,49762,1969,6,0,0,7859,6493,1366,0,663,118,112,6,2,0,22607,12738,2528,2435,661,127,471,0,0,0,0,0,63,0,39,0,0,2,8,0,0,0,0,0,0,2,0,0,0,0,2,0,0,0,0,0,14,3,11,1,0,0,27,237,97222,0,0,0,0,39,69,15,2,1,10,25,6,25,Flareon
10-25,14:19:57,NINTEN,Voltorb,Rocket,28,Silph Co - 5F,1,55:18.09,55:18,0h55m18s,0,25,25,46,3:37,5.462,THUNDERBOLT,REST,SWIFT,SonicBoom,6,7900,664,113,6,833,783,559,16,20355,Flareon, ,Electric,Electric,98386,Voltorb 2,Voltorb,,00:55:12.63,00:55:18.09,03:37:53.53,46,0,0,55,18,9,THUNDERBOLT,REST,SWIFT,SonicBoom,10,10,16,19,3,0,0,0,111,118,61,83,81,81,125,11461,17540,26386,11062,11062,16127,15,15,15,15,0,0,0,0,0,0,0,68,93,81,81,125,786374,261801,472150,50454,1969,6,0,0,7900,6534,1366,0,664,119,113,6,2,0,22779,12825,2534,2441,663,127,472,0,0,0,0,0,63,0,39,0,0,2,8,0,0,0,0,0,0,2,0,0,0,0,2,0,0,0,0,0,14,3,11,1,0,0,27,238,98261,0,0,0,0,40,69,15,2,1,10,25,6,25,Flareon
10-25,14:20:17,NINTEN,Voltorb,Scientist,10,Silph Co - 9F,3,55:38.04,55:38,0h55m38s,0,25,25,46,3:39,12.49,THUNDERBOLT,REST,SWIFT,SonicBoom,6,7934,670,114,6,838,788,561,17,21345,Flareon, ,Electric,Electric,100654,Voltorb 2,Voltorb,,00:55:25.55,00:55:38.04,03:39:12.12,46,0,0,55,38,4,THUNDERBOLT,REST,SWIFT,SonicBoom,7,10,14,19,3,0,0,0,98,118,61,83,81,81,125,11591,17695,26626,11297,11297,16332,15,15,15,15,0,0,0,0,0,0,0,68,93,81,81,125,791073,263063,475587,50454,1969,6,0,0,7934,6568,1366,0,670,120,114,6,2,0,23080,13023,2547,2454,666,127,474,0,0,0,0,0,66,0,40,0,0,2,8,0,0,0,0,0,0,2,0,0,0,0,2,0,0,0,0,0,14,3,11,1,0,0,27,241,100529,0,0,0,0,41,69,15,2,1,10,25,6,25,Flareon
10-25,14:20:43,NINTEN,Voltorb,Scientist,6,Silph Co - 5F,4,56:04.30,56:04,0h56m4s,0,25,25,46,3:40,16.996,THUNDERBOLT,REST,SWIFT,SonicBoom,6,7961,675,115,6,845,795,564,17,22745,Flareon, ,Electric,Electric,103643,Voltorb 2,Voltorb,,00:55:47.31,00:56:04.30,03:40:55.39,46,0,0,56,4,30,THUNDERBOLT,REST,SWIFT,SonicBoom,2,10,13,18,3,0,0,0,69,119,62,83,81,81,125,11771,20505,27006,11657,11657,16542,15,15,15,15,0,0,0,0,0,0,0,69,93,81,81,125,797280,264209,480016,51086,1969,6,0,0,7961,6595,1366,0,675,121,115,6,2,0,23423,13275,2576,2483,671,128,477,0,0,0,0,0,67,0,40,0,0,2,8,0,0,0,0,0,0,2,0,0,0,0,2,0,0,0,0,0,14,3,11,1,0,0,27,245,103518,0,0,0,0,42,69,15,2,1,10,25,6,25,Flareon
10-25,14:21:14,NINTEN,Voltorb,Rocket,30,Silph Co - 6F,2,56:35.15,56:35,0h56m35s,0,25,25,47,3:42,6.963,THUNDERBOLT,REST,SWIFT,TAKE DOWN,6,8080,697,116,6,847,797,564,17,24045,Flareon, ,Electric,Electric,105095,Voltorb 2,Voltorb,,00:56:28.19,00:56:35.16,03:42:57.20,47,0,0,56,35,16,THUNDERBOLT,REST,SWIFT,TAKE DOWN,0,10,13,20,3,0,0,0,71,121,64,85,83,83,128,11921,20685,27126,11742,11742,16622,15,15,15,15,0,0,0,0,0,0,0,72,95,83,83,128,804581,267988,482076,52548,1969,6,0,0,8080,6714,1366,0,697,122,116,6,2,0,23690,13449,2576,2483,673,128,477,0,0,0,0,0,67,0,40,0,0,2,8,0,0,0,0,0,0,2,0,0,0,0,2,0,0,0,0,0,14,3,11,1,0,0,27,247,104970,0,0,0,0,43,69,15,2,1,11,25,6,25,Flareon
10-25,14:21:48,NINTEN,Voltorb,Scientist,11,Silph Co - 10F,2,57:09.67,57:09,0h57m9s,0,25,25,47,3:45,8.96,THUNDERBOLT,REST,SWIFT,TAKE DOWN,6,8197,712,117,6,850,800,565,17,24915,Flareon, ,Electric,Electric,106355,Voltorb 2,Voltorb,,00:57:00.72,00:57:09.68,03:45:13.17,47,0,0,57,9,68,THUNDERBOLT,REST,SWIFT,TAKE DOWN,22,10,19,20,3,0,0,0,121,121,64,85,83,83,128,11986,20785,27291,11897,11897,16702,15,15,15,15,0,0,0,0,0,0,0,72,95,83,83,128,812739,272778,485096,52895,1969,6,0,0,8197,6831,1366,0,712,123,117,6,2,0,23881,13573,2576,2483,675,129,477,0,0,0,0,0,68,0,40,0,0,2,8,0,0,0,0,0,0,2,0,0,0,0,2,0,0,0,0,0,14,3,11,1,0,0,27,249,106230,0,0,0,0,43,69,15,2,1,11,25,6,25,Flareon
10-25,14:22:07,NINTEN,Voltorb,Rocket,40,Silph Co - 11F,5,57:28.45,57:28,0h57m28s,0,25,25,47,3:46,14.001,THUNDERBOLT,REST,SWIFT,TAKE DOWN,6,8214,713,118,6,855,805,566,17,26365,Flareon, ,Electric,Electric,107886,Voltorb 2,Voltorb,,00:57:14.45,00:57:28.45,03:46:27.12,47,0,0,57,28,45,THUNDERBOLT,REST,SWIFT,TAKE DOWN,21,10,15,20,3,0,0,0,116,121,64,85,83,83,128,12151,21058,27475,12052,12052,17028,15,15,15,15,0,0,0,0,0,0,0,72,95,83,83,128,817173,273402,488907,52895,1969,6,0,0,8214,6848,1366,0,713,124,118,6,2,0,24328,13850,2581,2488,676,129,478,0,0,0,0,0,69,0,40,0,0,2,8,0,0,0,0,0,0,2,0,0,0,0,2,0,0,0,0,0,14,3,11,1,0,0,27,254,107761,0,0,0,0,43,69,15,2,1,11,25,6,25,Flareon
10-25,14:22:19,NINTEN,Voltorb,Rocket,39,Silph Co - 10F,1,57:40.37,57:40,0h57m40s,0,25,25,47,3:47,5.833,THUNDERBOLT,REST,SWIFT,TAKE DOWN,6,8248,716,119,6,857,807,567,17,27115,Flareon, ,Electric,Electric,108918,Voltorb 2,Voltorb,,00:57:34.54,00:57:40.37,03:47:14.09,47,0,0,57,40,37,THUNDERBOLT,REST,SWIFT,TAKE DOWN,20,10,14,20,3,0,0,0,116,121,64,85,83,83,128,12231,21158,27545,12102,12102,17073,15,15,15,15,0,-1,0,0,0,0,0,81,63,83,83,128,819990,274341,490785,52895,1969,6,0,0,8248,6882,1366,0,716,125,119,6,2,0,24459,13951,2581,2488,677,129,479,0,0,0,0,0,69,0,40,0,0,2,8,0,0,0,0,0,0,2,0,0,0,0,2,0,0,0,0,0,14,3,11,1,0,0,27,255,108793,0,0,0,0,43,69,15,2,1,11,25,6,25,Flareon
10-25,14:22:44,NINTEN,Voltorb,Hypno Rocket,38,Silph Co - 9F,3,58:05.04,58:05,0h58m5s,0,25,25,48,3:48,11.339,THUNDERBOLT,REST,SWIFT,TAKE DOWN,6,8314,720,120,6,861,811,568,17,28105,Flareon, ,Electric,Electric,111546,Voltorb 2,Voltorb,,00:57:53.71,00:58:05.05,03:48:51.32,48,0,0,58,5,5,THUNDERBOLT,REST,SWIFT,TAKE DOWN,16,10,14,20,3,0,0,0,109,124,65,87,85,85,132,12451,21359,27730,12382,12382,19832,15,15,15,15,0,0,0,0,0,0,0,73,97,85,85,132,825833,276148,493956,53760,1969,6,0,0,8314,6948,1366,0,720,126,120,6,2,0,24906,14201,2591,2498,681,129,480,0,0,0,0,0,70,0,40,0,0,2,8,0,0,0,0,0,0,2,0,0,0,0,2,0,0,0,0,0,14,3,11,1,0,0,27,258,111421,0,0,0,0,45,69,15,2,1,11,25,6,25,Flareon
10-25,14:23:03,NINTEN,Voltorb,Rocket,37,Silph Co - 9F,3,58:24.02,58:24,0h58m24s,0,25,25,48,3:50,8.592,THUNDERBOLT,REST,SWIFT,TAKE DOWN,6,8353,729,121,6,864,814,568,17,28945,Flareon, ,Electric,Electric,113226,Voltorb 2,Voltorb,,00:58:15.43,00:58:24.02,03:50:06.08,48,0,0,58,24,2,THUNDERBOLT,REST,SWIFT,TAKE DOWN,21,10,20,20,3,0,0,0,124,124,65,87,85,85,132,12661,21567,27875,12547,12547,19934,15,15,15,15,0,0,0,0,0,0,0,73,97,85,85,132,830309,277691,496889,53760,1969,6,0,0,8353,6987,1366,0,729,127,121,6,2,0,25363,14445,2591,2498,684,129,480,0,0,0,0,0,71,0,40,0,0,2,8,0,0,0,0,0,0,2,0,0,0,0,2,0,0,0,0,0,14,3,11,1,0,0,27,261,113101,0,0,0,0,45,69,15,2,1,11,25,6,25,Flareon
10-25,14:23:20,NINTEN,Voltorb,Rocket,35,Silph Co - 8F,4,58:41.75,58:41,0h58m41s,0,25,25,48,3:51,12.025,THUNDERBOLT,REST,SWIFT,TAKE DOWN,6,8394,733,122,6,868,818,568,17,29785,Flareon, ,Electric,Electric,115439,Voltorb 2,Voltorb,,00:58:29.74,00:58:41.76,03:51:15.58,48,0,0,58,41,76,THUNDERBOLT,REST,SWIFT,TAKE DOWN,19,10,18,20,3,0,0,0,124,124,65,87,85,85,132,12861,21829,28075,12737,12737,20248,15,15,15,15,0,0,0,0,0,0,0,73,97,85,85,132,834500,278649,500122,53760,1969,6,0,0,8394,7028,1366,0,733,128,122,6,2,0,25820,14707,2591,2498,686,129,480,0,0,0,0,0,71,0,40,0,0,2,8,0,0,0,0,0,0,2,0,0,0,0,2,0,0,0,0,0,14,3,11,1,0,0,27,265,115314,0,0,0,0,45,69,15,2,1,11,25,6,25,Flareon
10-25,14:23:36,NINTEN,Voltorb,Rocket,36,Silph Co - 8F,3,58:57.67,58:57,0h58m57s,0,25,25,49,3:52,12.058,THUNDERBOLT,REST,SWIFT,TAKE DOWN,6,8414,735,123,6,872,822,569,17,30565,Flareon, ,Electric,Electric,118187,Voltorb 2,Voltorb,,00:58:45.61,00:58:57.67,03:52:18.46,49,0,0,58,57,67,THUNDERBOLT,REST,SWIFT,TAKE DOWN,16,10,17,20,3,0,0,0,120,126,67,89,87,87,134,13041,22064,28360,12957,12957,20433,15,15,15,15,0,0,0,0,0,0,0,75,100,87,87,134,838267,279159,503379,53760,1969,6,0,0,8414,7048,1366,0,735,129,123,6,2,0,26212,14933,2597,2504,689,129,481,0,0,0,0,0,71,0,40,0,0,2,8,0,0,0,0,0,0,2,0,0,0,0,2,0,0,0,0,0,14,3,11,1,0,0,27,268,118062,0,0,0,0,45,69,15,2,1,11,25,6,25,Flareon
10-25,14:23:52,NINTEN,Voltorb,Rocket,33,Silph Co - 7F,2,59:13.53,59:13,0h59m13s,0,25,25,49,3:53,9.559,THUNDERBOLT,REST,SWIFT,TAKE DOWN,6,8435,736,124,6,876,826,571,17,31405,Flareon, ,Electric,Electric,119267,Voltorb 2,Voltorb,,00:59:03.97,00:59:13.53,03:53:21.12,49,0,0,59,13,53,THUNDERBOLT,REST,SWIFT,TAKE DOWN,16,10,17,16,3,0,0,0,85,126,67,89,87,87,134,13141,22164,28550,13037,13037,20503,15,15,15,15,0,-1,0,0,0,0,0,84,65,87,87,134,842013,279834,506450,53760,1969,6,0,0,8435,7069,1366,0,736,130,124,6,2,0,26382,15077,2632,2539,693,130,482,0,0,0,0,0,71,0,40,0,0,2,8,0,0,0,0,0,0,2,0,0,0,0,2,0,0,0,0,0,14,3,11,1,0,0,27,270,119142,0,0,0,0,45,69,15,2,1,11,25,6,25,Flareon
10-25,14:24:07,NINTEN,Voltorb,Rocket,32,Silph Co - 7F,4,59:27.97,59:27,0h59m27s,0,25,25,49,3:54,11.095,THUNDERBOLT,REST,SWIFT,TAKE DOWN,6,8445,737,125,6,880,830,571,17,32275,Flareon, ,Electric,Electric,122317,Voltorb 2,Voltorb,,00:59:16.88,00:59:27.98,03:54:18.00,49,0,0,59,27,98,THUNDERBOLT,REST,SWIFT,TAKE DOWN,12,10,17,16,3,0,0,0,85,126,67,89,87,87,134,13371,22475,28844,13287,13287,20805,15,15,15,15,0,0,0,0,0,0,0,75,100,87,87,134,845421,280204,509488,53760,1969,6,0,0,8445,7079,1366,0,737,131,125,6,2,0,27066,15355,2632,2539,697,130,482,0,0,0,0,0,72,0,40,0,0,2,8,0,0,0,0,0,0,2,0,0,0,0,2,0,0,0,0,0,14,3,11,1,0,0,27,274,122192,0,0,0,0,45,69,15,2,1,11,25,6,25,Flareon
10-25,14:24:26,NINTEN,Voltorb,Scientist,8,Silph Co - 7F,2,59:47.32,59:47,0h59m47s,0,25,25,49,3:55,13.977,THUNDERBOLT,REST,SWIFT,TAKE DOWN,6,8482,743,126,6,885,833,575,17,33055,Flareon, ,Electric,Electric,124223,Voltorb 2,Voltorb,,00:59:33.35,00:59:47.33,03:55:34.27,49,0,0,59,47,33,THUNDERBOLT,REST,SWIFT,TAKE DOWN,10,9,17,16,3,0,0,0,126,126,67,89,87,87,134,13536,22630,28989,13432,13432,20995,15,15,15,15,0,0,0,0,0,0,0,75,100,87,87,134,850008,281075,513204,53760,1969,6,0,0,8482,7116,1366,0,743,132,126,6,2,0,27212,15499,2683,2590,699,131,485,0,0,0,0,0,72,0,41,0,0,2,8,0,0,0,0,0,0,2,0,0,0,0,2,0,0,0,0,0,14,3,12,1,0,0,27,276,124098,0,0,0,0,45,69,15,2,1,11,25,6,25,Flareon
10-25,14:24:55,NINTEN,Voltorb,Scientist,7,Silph Co - 6F,5,1:00:16.19,1:00:16,1h0m16s,0,25,25,50,3:57,16.982,THUNDERBOLT,REST,SWIFT,TAKE DOWN,6,8544,748,127,6,891,839,576,17,34505,Flareon, ,Electric,Electric,127330,Voltorb 2,Voltorb,,00:59:59.21,01:00:16.20,03:57:28.17,50,0,1,0,16,20,THUNDERBOLT,REST,SWIFT,TAKE DOWN,7,9,15,15,3,0,0,0,96,129,68,91,90,90,138,13731,22885,29394,16382,16382,21280,15,15,15,15,0,0,0,0,0,0,0,76,102,90,90,138,856839,282861,517617,54392,1969,6,0,0,8544,7178,1366,0,748,133,127,6,2,0,27736,15791,2715,2622,703,131,486,0,0,0,0,0,73,0,41,0,0,2,8,0,0,0,0,0,0,2,0,0,0,0,2,0,0,0,0,0,14,3,12,1,0,0,27,281,127205,0,0,0,0,46,69,15,2,1,11,25,6,25,Flareon
10-25,14:25:15,NINTEN,Voltorb,Scientist,4,Silph Co - 3F,2,1:00:35.92,1:00:35,1h0m35s,0,25,25,50,3:58,6.791,THUNDERBOLT,REST,SWIFT,TAKE DOWN,6,8631,758,128,6,893,841,576,17,35755,Flareon, ,Electric,Electric,129335,Voltorb 2,Voltorb,,01:00:29.13,01:00:35.92,03:58:45.57,50,0,1,0,35,92,THUNDERBOLT,REST,SWIFT,TAKE DOWN,5,9,15,15,3,0,0,0,96,129,68,91,90,90,138,13856,23025,29584,16547,16547,21480,15,15,15,15,0,0,0,0,0,0,0,76,102,90,90,138,861498,285101,520036,54392,1969,6,0,0,8631,7265,1366,0,758,134,128,6,2,0,27918,15950,2715,2622,705,131,486,0,0,0,0,0,74,0,41,0,0,2,8,0,0,0,0,0,0,2,0,0,0,0,2,0,0,0,0,0,14,3,12,1,0,0,27,283,129210,0,0,0,0,46,69,15,2,1,11,25,6,25,Flareon
10-25,14:25:44,NINTEN,Voltorb,Juggler,8,Fuchsia City - Gym,2,1:01:05.34,1:01:05,1h1m5s,0,25,25,50,4:00,9.233,THUNDERBOLT,REST,SWIFT,TAKE DOWN,6,8670,764,129,6,896,844,577,18,37205,Flareon, ,Electric,Electric,131133,Voltorb 2,Voltorb,,01:00:56.11,01:01:05.34,04:00:41.47,50,0,1,1,5,34,THUNDERBOLT,REST,SWIFT,TAKE DOWN,22,10,20,19,3,0,0,0,78,129,68,91,90,90,138,13956,23108,29659,16757,16757,21627,15,15,15,15,0,0,-1,-1,0,0,0,85,114,59,59,138,868448,288263,522726,55490,1969,6,0,0,8670,7304,1366,0,764,135,129,6,2,0,28148,16116,2766,2673,708,131,487,0,0,0,0,0,74,0,41,0,0,2,9,0,0,0,0,0,0,2,0,0,0,0,2,0,0,0,0,0,15,3,12,1,0,0,27,285,131008,0,0,0,0,47,69,15,2,1,11,25,6,25,Flareon
10-25,14:25:54,NINTEN,Voltorb,Juggler,7,Fuchsia City - Gym,1,1:01:15.87,1:01:15,1h1m15s,0,25,25,50,4:01,6.009,THUNDERBOLT,REST,SWIFT,TAKE DOWN,6,8688,765,130,6,898,846,578,18,38395,Flareon, ,Electric,Electric,132475,Voltorb 2,Voltorb,,01:01:09.86,01:01:15.87,04:01:23.20,50,0,1,1,15,87,THUNDERBOLT,REST,SWIFT,TAKE DOWN,20,10,20,19,3,0,0,0,52,129,68,91,90,90,138,14041,23181,29729,16872,16872,21694,15,15,15,15,0,0,0,0,0,0,0,76,102,90,90,138,870941,288834,524648,55490,1969,6,0,0,8688,7322,1366,0,765,136,130,6,2,0,28349,16234,2792,2699,710,131,488,0,0,0,0,0,76,0,41,0,0,2,9,0,0,0,0,0,0,2,0,0,0,0,2,0,0,0,0,0,15,3,12,1,0,0,27,286,132350,0,0,0,0,47,69,15,2,1,11,25,6,25,Flareon
10-25,14:26:16,NINTEN,Voltorb,Juggler,3,Fuchsia City - Gym,4,1:01:37.49,1:01:37,1h1m37s,0,25,25,51,4:02,15.804,THUNDERBOLT,REST,SWIFT,TAKE DOWN,6,8694,766,131,6,904,852,580,18,39725,Flareon, ,Electric,Electric,135466,Voltorb 2,Voltorb,,01:01:21.70,01:01:37.50,04:02:48.36,51,0,1,1,37,50,THUNDERBOLT,REST,SWIFT,TAKE DOWN,15,10,19,19,3,0,0,0,60,131,70,93,92,92,141,14261,23360,29894,17262,17262,21925,15,15,15,15,0,0,0,0,0,0,0,78,104,92,92,141,876057,289147,528887,56054,1969,6,0,0,8694,7328,1366,0,766,137,131,6,2,0,28770,16553,2836,2743,715,131,490,0,0,0,0,0,76,0,42,0,0,2,9,0,0,0,0,0,0,2,0,0,0,0,2,0,0,0,0,0,15,3,12,1,0,0,27,290,135341,0,0,0,0,47,69,15,2,1,11,25,6,25,Flareon
10-25,14:26:52,NINTEN,Voltorb,Tamer,2,Fuchsia City - Gym,3,1:02:13.41,1:02:13,1h2m13s,0,25,25,51,4:05,25.03,THUNDERBOLT,REST,SWIFT,TAKE DOWN,7,8705,767,132,6,916,862,590,18,40810,Flareon,Paralyzed,Electric,Electric,138696,Voltorb 2,Voltorb,,01:01:48.38,01:02:13.41,04:05:10.39,51,0,1,2,13,41,THUNDERBOLT,REST,SWIFT,TAKE DOWN,11,9,19,14,3,0,0,0,77,131,70,93,92,92,141,14456,23630,30142,17447,17447,22150,15,15,15,15,0,-1,0,0,0,-1,0,97,68,92,92,35,884580,289782,535735,57094,1969,7,0,0,8705,7339,1366,0,767,138,132,6,2,0,29206,16824,2989,2896,720,135,500,0,0,0,0,0,77,0,47,0,0,2,9,1,0,0,0,0,0,2,0,0,0,0,2,0,1,0,0,0,15,3,13,1,0,0,27,293,138571,0,0,0,0,47,69,15,2,1,11,25,6,25,Flareon
10-25,14:27:26,NINTEN,Voltorb,Jr Trainer F,23,Route 15,3,1:02:46.96,1:02:46,1h2m46s,0,25,25,52,4:07,17.883,THUNDERBOLT,REST,SWIFT,TAKE DOWN,7,8805,772,133,6,926,868,593,18,42130,Flareon, ,Electric,Electric,140732,Voltorb 2,Voltorb,,01:02:29.08,01:02:46.96,04:07:23.02,52,0,1,2,46,96,THUNDERBOLT,REST,SWIFT,TAKE DOWN,21,10,18,19,3,0,0,0,105,134,71,94,94,94,143,14616,23810,30347,17692,17692,22280,15,15,15,15,0,0,0,0,0,0,0,79,105,94,94,143,892523,292860,540457,57237,1969,7,0,0,8805,7439,1366,0,772,139,133,6,2,0,29526,17046,3018,2925,724,135,502,0,0,0,0,0,77,0,47,0,0,2,9,1,0,0,0,0,0,2,0,0,0,0,2,0,1,0,0,0,15,3,13,1,0,0,27,296,140607,0,0,0,0,47,69,15,2,1,11,25,6,25,Flareon
10-25,14:27:43,NINTEN,Voltorb,Bird Keeper,6,Route 15,4,1:03:04.01,1:03:04,1h3m4s,0,25,25,52,4:08,11.253,THUNDERBOLT,REST,SWIFT,TAKE DOWN,7,8820,772,134,6,930,872,593,18,42710,Flareon, ,Electric,Electric,142723,Voltorb 2,Voltorb,,01:02:52.76,01:03:04.01,04:08:30.08,52,0,1,3,4,1,THUNDERBOLT,REST,SWIFT,TAKE DOWN,17,10,18,19,3,0,0,0,105,134,71,94,94,94,143,14806,24065,30542,17870,17870,22542,15,15,15,15,0,0,0,0,0,0,0,79,105,94,94,143,896549,293318,544025,57237,1969,7,0,0,8820,7454,1366,0,772,140,134,6,2,0,31353,17303,3018,2925,728,135,502,0,0,0,0,0,78,0,47,0,0,2,9,1,0,0,0,0,0,2,0,0,0,0,2,0,1,0,0,0,15,3,13,1,0,0,27,300,142598,0,0,0,0,47,69,15,2,1,11,25,6,25,Flareon
10-25,14:27:55,NINTEN,Voltorb,Bird Keeper,7,Route 15,3,1:03:16.44,1:03:16,1h3m16s,0,25,25,52,4:09,9.178,THUNDERBOLT,REST,SWIFT,TAKE DOWN,7,8824,772,135,6,933,875,593,18,43360,Flareon, ,Electric,Electric,144823,Voltorb 2,Voltorb,,01:03:07.27,01:03:16.45,04:09:19.07,52,0,1,3,16,45,THUNDERBOLT,REST,SWIFT,TAKE DOWN,14,10,18,19,3,0,0,0,105,134,71,94,94,94,143,14936,24345,30702,18000,18000,22792,15,15,15,15,0,0,0,0,0,0,0,79,105,94,94,143,899488,293581,546701,57237,1969,7,0,0,8824,7458,1366,0,772,141,135,6,2,0,32752,17503,3018,2925,731,135,502,0,0,0,0,0,79,0,47,0,0,2,9,1,0,0,0,0,0,2,0,0,0,0,2,0,1,0,0,0,15,3,13,1,0,0,27,303,144698,0,0,0,0,47,69,15,2,1,11,25,6,25,Flareon
10-25,14:28:12,NINTEN,Voltorb,Jr Trainer F,20,Route 15,3,1:03:33.72,1:03:33,1h3m33s,0,25,25,52,4:10,13.666,THUNDERBOLT,REST,SWIFT,TAKE DOWN,7,8831,773,136,6,940,881,597,18,44060,Flareon,Paralyzed,Electric,Electric,146551,Voltorb 2,Voltorb,,01:03:20.06,01:03:33.73,04:10:27.15,52,0,1,3,33,73,THUNDERBOLT,REST,SWIFT,TAKE DOWN,14,10,12,19,3,0,0,0,93,134,71,94,94,94,143,15086,24510,30882,18235,18235,22892,15,15,15,15,0,0,0,0,0,0,0,79,105,94,94,35,903576,293935,550435,57237,1969,7,0,0,8831,7465,1366,0,773,142,136,6,2,0,33034,17713,3030,2937,731,135,505,0,0,0,0,0,79,0,47,0,0,2,9,2,0,0,0,0,0,2,0,0,0,0,2,0,3,1,0,0,15,3,13,1,0,0,27,306,146426,0,0,0,0,47,69,15,2,1,11,25,6,25,Flareon
10-25,14:28:29,NINTEN,Voltorb,Beauty,10,Route 15,2,1:03:50.27,1:03:50,1h3m50s,0,25,25,52,4:11,8.747,THUNDERBOLT,REST,SWIFT,TAKE DOWN,7,8837,773,137,6,943,884,598,18,44620,Flareon,Poisoned,Electric,Electric,147824,Voltorb 2,Voltorb,,01:03:41.52,01:03:50.27,04:11:32.24,52,0,1,3,50,27,THUNDERBOLT,REST,SWIFT,TAKE DOWN,12,10,12,18,3,0,0,0,76,134,71,94,94,94,143,15191,24621,30994,18380,18380,22997,15,15,15,15,0,0,0,0,0,0,0,79,105,94,94,143,907485,294339,553003,58174,1969,7,0,0,8837,7471,1366,0,773,143,137,6,2,0,33212,17860,3047,2954,734,135,506,0,0,0,0,0,79,0,47,0,0,2,9,2,0,0,0,0,0,3,0,0,0,0,2,0,3,1,0,0,15,3,13,1,0,0,27,308,147699,0,0,0,0,47,69,15,2,1,11,25,6,25,Flareon
10-25,14:28:43,NINTEN,Voltorb,Biker,4,Route 15,3,1:04:04.68,1:04:04,1h4m4s,0,25,25,53,4:12,9.383,THUNDERBOLT,REST,SWIFT,TAKE DOWN,7,8838,774,138,6,946,887,598,18,46650,Flareon, ,Electric,Electric,150086,Voltorb 2,Voltorb,,01:03:55.30,01:04:04.68,04:12:28.59,53,0,1,4,4,68,THUNDERBOLT,REST,SWIFT,TAKE DOWN,9,10,12,18,3,0,0,0,79,137,73,97,97,97,147,15376,24856,31259,18565,18565,23117,15,15,15,15,0,0,0,0,0,0,0,82,109,97,97,147,910881,294550,555722,58640,1969,7,0,0,8838,7472,1366,0,774,144,138,6,2,0,33636,18089,3047,2954,737,135,506,0,0,0,0,0,79,0,47,0,0,2,9,2,0,0,0,0,0,3,0,0,0,0,2,0,3,1,0,0,15,3,13,1,0,0,27,311,149961,0,0,0,0,47,69,15,2,1,11,25,6,25,Flareon
10-25,14:29:02,NINTEN,Voltorb,Biker,3,Route 15,5,1:04:22.98,1:04:22,1h4m22s,0,25,25,53,4:13,13.278,THUNDERBOLT,REST,SWIFT,TAKE DOWN,7,8842,774,139,6,951,892,598,18,47210,Flareon, ,Electric,Electric,153322,Voltorb 2,Voltorb,,01:04:09.71,01:04:22.99,04:13:41.00,53,0,1,4,22,99,THUNDERBOLT,REST,SWIFT,TAKE DOWN,4,10,12,18,3,0,0,0,79,137,73,97,97,97,147,15641,25221,31714,18870,18870,23307,15,15,15,15,0,0,0,0,0,0,0,82,109,97,97,147,915201,294836,559756,58640,1969,7,0,0,8842,7476,1366,0,774,145,139,6,2,0,34569,18416,3047,2954,742,135,506,0,0,0,0,0,80,0,47,0,0,2,9,2,0,0,0,0,0,3,0,0,0,0,2,0,3,1,0,0,15,3,13,1,0,0,27,316,153197,0,0,0,0,47,69,15,2,1,11,25,6,25,Flareon
10-25,14:29:29,NINTEN,Voltorb,Juggler,4,Fuchsia City - Gym,2,1:04:49.99,1:04:49,1h4m49s,0,25,25,53,4:15,9.84,THUNDERBOLT,REST,SWIFT,TAKE DOWN,7,8908,781,140,6,955,896,598,18,47710,Flareon, ,Electric,Electric,155265,Voltorb 2,Voltorb,,01:04:40.16,01:04:50.00,04:15:27.15,53,0,1,4,50,0,THUNDERBOLT,REST,SWIFT,TAKE DOWN,20,10,20,20,3,0,0,0,137,137,73,97,97,97,147,15786,25342,31829,19075,19075,23416,15,15,15,15,0,0,0,0,0,0,0,82,109,97,97,147,921576,297929,562553,59125,1969,7,0,0,8908,7542,1366,0,781,146,140,6,2,0,34865,18613,3047,2954,746,135,506,0,0,0,0,0,80,0,47,0,0,2,9,2,0,0,0,0,0,3,0,0,0,0,2,0,3,1,0,0,15,3,13,1,0,0,27,318,155140,0,0,0,0,47,69,15,2,1,11,25,6,25,Flareon
10-25,14:29:46,NINTEN,Voltorb,Tamer,1,Fuchsia City - Gym,2,1:05:07.64,1:05:07,1h5m7s,0,25,25,54,4:16,11.171,THUNDERBOLT,REST,SWIFT,TAKE DOWN,8,8921,782,141,6,959,900,600,18,48900,Flareon, ,Electric,Electric,157522,Voltorb 2,Voltorb,,01:04:56.48,01:05:07.65,04:16:37.04,54,0,1,5,7,65,THUNDERBOLT,REST,SWIFT,TAKE DOWN,19,10,20,17,3,0,0,0,108,140,75,98,98,98,149,15921,25527,32008,19195,19195,23561,15,15,15,15,0,0,0,0,0,0,0,84,110,98,98,149,925765,298460,565689,59647,1969,8,0,0,8921,7555,1366,0,782,147,141,6,2,0,35083,18803,3079,2986,750,135,508,0,0,0,0,0,80,0,47,0,0,2,9,2,0,0,0,0,0,3,0,0,0,0,2,0,3,1,0,0,15,3,13,1,0,0,27,320,157397,0,0,0,0,47,69,15,2,1,11,25,6,25,Flareon
10-25,14:30:13,NINTEN,Voltorb,Koga,1,Fuchsia City - Gym,4,1:05:34.08,1:05:34,1h5m34s,0,25,25,54,4:18,15.927,THUNDERBOLT,REST,SWIFT,TAKE DOWN,8,8931,788,142,6,966,907,603,18,50260,Flareon, ,Electric,Electric,161214,Voltorb 2,Voltorb,Koga,01:05:18.15,01:05:34.08,04:18:21.20,54,0,1,5,34,8,THUNDERBOLT,REST,SWIFT,TAKE DOWN,13,10,19,17,3,0,0,0,129,140,75,98,98,98,149,16171,25757,32218,19405,19405,23786,15,15,15,15,0,0,0,0,0,0,0,84,110,98,98,149,932021,299366,570364,60322,1969,8,0,0,8931,7565,1366,0,788,148,142,6,2,0,35736,19300,3090,2997,755,136,509,0,0,0,0,0,81,0,47,0,0,2,10,2,0,0,0,0,0,3,0,0,0,0,2,0,3,1,0,0,18,3,13,1,0,0,27,324,161089,0,0,0,0,47,69,15,2,1,11,25,6,25,Flareon
10-25,14:31:03,NINTEN,Voltorb,Fisher,7,Route 21,4,1:06:24.66,1:06:24,1h6m24s,0,25,25,54,4:21,11.561,THUNDERBOLT,REST,SWIFT,TAKE DOWN,8,9076,799,143,6,970,911,603,19,55210,Flareon, ,Electric,Electric,164940,Voltorb 2,Voltorb,,01:06:13.10,01:06:24.67,04:21:40.46,54,0,1,6,24,67,THUNDERBOLT,REST,SWIFT,TAKE DOWN,20,10,20,20,3,0,0,0,140,140,75,98,98,98,149,16456,26100,32473,19695,19695,24053,15,15,15,15,0,0,0,0,0,0,0,84,110,98,98,167,943987,304844,573661,63513,1969,8,0,0,9076,7681,1366,29,799,149,143,6,2,0,36729,19628,3090,2997,759,136,509,0,0,0,0,0,81,0,47,0,0,2,10,2,0,0,0,0,0,3,0,0,0,0,2,0,3,1,0,0,18,3,13,1,0,0,27,328,164815,0,0,0,0,47,69,15,2,1,12,25,6,25,Flareon
10-25,14:31:14,NINTEN,Voltorb,Swimmer,12,Route 21,2,1:06:35.85,1:06:35,1h6m35s,0,25,25,55,4:22,7.553,THUNDERBOLT,REST,SWIFT,TAKE DOWN,8,9091,799,144,6,972,913,603,19,56190,Flareon, ,Electric,Electric,167484,Voltorb 2,Voltorb,,01:06:28.30,01:06:35.85,04:22:24.51,55,0,1,6,35,85,THUNDERBOLT,REST,SWIFT,TAKE DOWN,18,10,20,20,3,0,0,0,143,143,76,101,101,101,152,16591,26235,32633,19910,19910,24238,15,15,15,15,0,0,0,0,0,0,0,85,113,101,101,171,946632,305218,575932,63513,1969,8,0,0,9091,7681,1366,44,799,150,144,6,2,0,37152,19813,3090,2997,761,136,509,0,0,0,0,0,82,0,47,0,0,2,10,2,0,0,0,0,0,3,0,0,0,0,2,0,3,1,0,0,18,3,13,1,0,0,27,330,167359,0,0,0,0,47,69,15,2,1,12,25,6,25,Flareon
10-25,14:31:29,NINTEN,Voltorb,Cue Ball,9,Route 21,3,1:06:50.53,1:06:50,1h6m50s,0,25,25,55,4:23,10.327,THUNDERBOLT,REST,SWIFT,TAKE DOWN,8,9094,800,145,6,976,917,604,19,56355,Flareon, ,Electric,Electric,170238,Voltorb 2,Voltorb,,01:06:40.21,01:06:50.54,04:23:22.38,55,0,1,6,50,54,THUNDERBOLT,REST,SWIFT,TAKE DOWN,14,10,20,20,3,0,0,0,140,143,76,101,101,101,152,16751,26385,32768,20230,20230,24478,15,15,15,15,0,0,0,0,0,0,0,85,113,101,101,171,950099,305362,579255,63513,1969,8,0,0,9094,7681,1366,47,800,151,145,6,2,0,37823,20048,3093,3000,764,137,510,0,0,0,0,0,83,0,47,0,0,2,10,2,0,0,0,0,0,3,0,0,0,0,2,0,3,1,0,0,18,3,13,1,0,0,27,333,170113,0,0,0,0,47,69,15,2,1,12,25,6,25,Flareon
10-25,14:31:41,NINTEN,Voltorb,Fisher,8,Route 21,2,1:07:02.74,1:07:02,1h7m2s,0,25,25,55,4:24,6.758,THUNDERBOLT,REST,SWIFT,TAKE DOWN,8,9126,803,146,6,978,919,604,19,57130,Flareon, ,Electric,Electric,172229,Voltorb 2,Voltorb,,01:06:55.99,01:07:02.74,04:24:10.47,55,0,1,7,2,74,THUNDERBOLT,REST,SWIFT,TAKE DOWN,12,10,20,20,3,0,0,0,140,143,76,101,101,101,152,16831,26545,33048,20360,20360,24588,15,15,15,15,0,0,0,0,0,0,0,85,113,101,101,171,952988,306162,581344,63513,1969,8,0,0,9126,7684,1366,76,803,152,146,6,2,0,38731,20188,3093,3000,766,137,510,0,0,0,0,0,84,0,47,0,0,2,10,2,0,0,0,0,0,3,0,0,0,0,2,0,3,1,0,0,18,3,13,1,0,0,27,335,172104,0,0,0,0,47,69,15,2,1,12,25,6,25,Flareon
10-25,14:31:51,NINTEN,Voltorb,Fisher,10,Route 21,2,1:07:12.20,1:07:12,1h7m12s,0,25,25,55,4:24,6.63,THUNDERBOLT,REST,SWIFT,TAKE DOWN,8,9128,804,147,6,980,921,604,19,58215,Flareon, ,Electric,Electric,174214,Voltorb 2,Voltorb,,01:07:05.58,01:07:12.21,04:24:48.01,55,0,1,7,12,21,THUNDERBOLT,REST,SWIFT,TAKE DOWN,10,10,20,20,3,0,0,0,140,143,76,101,101,101,152,16956,26704,33173,20490,20490,24719,15,15,15,15,0,0,0,0,0,0,0,85,113,101,101,171,955222,306325,583415,63513,1969,8,0,0,9128,7686,1366,76,804,153,147,6,2,0,39266,20366,3093,3000,768,137,510,0,0,0,0,0,84,0,47,0,0,2,10,2,0,0,0,0,0,3,0,0,0,0,2,0,3,1,0,0,18,3,13,1,0,0,27,337,174089,0,0,0,0,47,69,15,2,1,12,25,6,25,Flareon
10-25,14:32:01,NINTEN,Voltorb,Swimmer,13,Route 21,1,1:07:22.73,1:07:22,1h7m22s,0,25,25,56,4:25,5.074,THUNDERBOLT,REST,SWIFT,TAKE DOWN,8,9139,805,148,6,981,922,604,19,59370,Flareon, ,Electric,Electric,175855,Voltorb 2,Voltorb,,01:07:17.66,01:07:22.73,04:25:29.25,56,0,1,7,22,73,THUNDERBOLT,REST,SWIFT,TAKE DOWN,9,10,20,20,3,0,0,0,142,145,78,103,103,103,155,17016,26779,33258,20590,20590,24834,15,15,15,15,0,0,0,0,0,0,0,87,115,103,103,174,957706,306746,585109,63882,1969,8,0,0,9139,7689,1366,84,805,154,148,6,2,0,39422,20463,3093,3000,769,137,510,0,0,0,0,0,84,0,47,0,0,2,10,2,0,0,0,0,0,3,0,0,0,0,2,0,3,1,0,0,18,3,13,1,0,0,27,338,175730,0,0,0,0,47,69,15,2,1,12,25,6,25,Flareon
10-25,14:32:15,NINTEN,Voltorb,Swimmer,15,Route 21,3,1:07:36.58,1:07:36,1h7m36s,0,25,25,56,4:26,8.697,THUNDERBOLT,REST,SWIFT,TAKE DOWN,8,9148,805,149,6,984,925,604,19,59555,Flareon, ,Electric,Electric,178534,Voltorb 2,Voltorb,,01:07:27.89,01:07:36.58,04:26:23.54,56,0,1,7,36,58,THUNDERBOLT,REST,SWIFT,TAKE DOWN,6,10,20,20,3,0,0,0,142,145,78,103,103,103,155,17176,26949,33453,20835,20835,25079,15,15,15,15,0,0,0,0,0,0,0,87,115,103,103,174,960975,307066,588058,63882,1969,8,0,0,9148,7689,1366,93,805,155,149,6,2,0,40080,20705,3093,3000,772,137,510,0,0,0,0,0,84,0,47,0,0,2,10,2,0,0,0,0,0,3,0,0,0,0,2,0,3,1,0,0,18,3,13,1,0,0,27,341,178409,0,0,0,0,47,69,15,2,1,12,25,6,25,Flareon
10-25,14:32:25,NINTEN,Voltorb,Swimmer,14,Route 21,2,1:07:46.78,1:07:46,1h7m46s,0,25,25,56,4:27,6.76,THUNDERBOLT,REST,SWIFT,TAKE DOWN,8,9154,805,150,6,986,927,604,19,59715,Flareon, ,Electric,Electric,180293,Voltorb 2,Voltorb,,01:07:40.03,01:07:46.79,04:27:04.04,56,0,1,7,46,79,THUNDERBOLT,REST,SWIFT,TAKE DOWN,4,10,20,20,3,0,0,0,142,145,78,103,103,103,155,17265,27057,33588,20970,20970,25222,15,15,15,15,0,0,0,0,0,0,0,87,115,103,103,174,963385,307396,590138,63882,1969,8,0,0,9154,7689,1366,99,805,156,150,6,2,0,40753,20860,3093,3000,774,137,510,0,0,0,0,0,85,0,47,0,0,2,10,2,0,0,0,0,0,3,0,0,0,0,2,0,3,1,0,0,18,3,13,1,0,0,27,343,180168,0,0,0,0,47,69,15,2,1,12,25,6,25,Flareon
10-25,14:32:52,NINTEN,Voltorb,Burglar,7,Cinnabar Mansion,2,1:08:13.11,1:08:13,1h8m13s,0,25,25,56,4:28,6.291,THUNDERBOLT,REST,SWIFT,TAKE DOWN,8,9275,821,151,6,988,929,604,19,59880,Flareon, ,Electric,Electric,181798,Voltorb 2,Voltorb,,01:08:06.83,01:08:13.12,04:28:47.53,56,0,1,8,13,12,THUNDERBOLT,REST,SWIFT,TAKE DOWN,22,10,20,20,3,0,0,0,145,145,78,103,103,103,155,17362,27173,33689,21085,21085,25367,15,15,15,15,0,0,0,0,0,0,0,87,115,103,103,174,969614,311416,592027,64202,1969,8,0,0,9275,7774,1366,135,821,157,151,6,2,0,41018,21023,3093,3000,776,137,510,0,0,0,0,0,85,0,47,0,0,2,10,2,0,0,0,0,0,3,0,0,0,0,2,0,3,1,0,0,18,3,13,1,0,0,27,345,181673,0,0,0,0,47,69,15,2,1,12,25,6,25,Flareon
10-25,14:33:26,NINTEN,Voltorb,Scientist,12,Cinnabar Mansion,3,1:08:47.20,1:08:47,1h8m47s,0,25,25,56,4:31,12.219,THUNDERBOLT,REST,SWIFT,TAKE DOWN,8,9417,835,152,6,992,933,605,20,62940,Flareon, ,Electric,Electric,184291,Voltorb 2,Voltorb,,01:08:34.98,01:08:47.20,04:31:02.39,56,0,1,8,47,20,THUNDERBOLT,REST,SWIFT,TAKE DOWN,21,10,20,17,3,0,0,0,93,146,78,103,104,104,156,17477,27298,33904,23915,23915,25582,15,15,15,15,0,0,0,0,0,0,0,87,115,104,104,175,977700,314885,595328,65518,1969,8,0,0,9417,7916,1366,135,835,158,152,6,2,0,41298,21242,3145,3052,780,137,511,0,0,0,0,0,86,0,47,0,0,2,10,2,0,0,0,0,0,3,0,0,0,0,2,0,3,1,0,0,18,3,13,1,0,0,27,348,184166,0,0,0,0,49,69,15,2,1,12,25,6,25,Flareon
10-25,14:33:38,NINTEN,Voltorb,Scientist,4,Cinnabar Mansion,2,1:08:59.21,1:08:59,1h8m59s,0,25,25,57,4:31,7.712,THUNDERBOLT,REST,SWIFT,TAKE DOWN,8,9425,835,153,6,994,935,605,20,64590,Flareon, ,Electric,Electric,186296,Voltorb 2,Voltorb,,01:08:51.51,01:08:59.22,04:31:49.32,57,0,1,8,59,22,THUNDERBOLT,REST,SWIFT,TAKE DOWN,19,10,20,17,3,0,0,0,95,148,79,105,106,106,158,17602,27438,34094,24080,24080,25782,15,15,15,15,0,0,0,0,0,0,0,88,118,106,106,177,980513,315395,597631,65518,1969,8,0,0,9425,7924,1366,135,835,159,153,6,2,0,41533,21401,3145,3052,782,137,511,0,0,0,0,0,87,0,47,0,0,2,10,2,0,0,0,0,0,3,0,0,0,0,2,0,3,1,0,0,18,3,13,1,0,0,27,350,186171,0,0,0,0,49,69,15,2,1,12,25,6,25,Flareon
10-25,14:33:57,NINTEN,Voltorb,Burglar,9,Cinnabar Mansion,2,1:09:17.87,1:09:17,1h9m17s,0,25,25,57,4:33,6.256,THUNDERBOLT,REST,SWIFT,TAKE DOWN,8,9483,846,154,6,996,937,605,20,66040,Flareon, ,Electric,Electric,188066,Voltorb 2,Voltorb,,01:09:11.63,01:09:17.88,04:33:03.00,57,0,1,9,17,88,THUNDERBOLT,REST,SWIFT,TAKE DOWN,17,10,20,17,3,0,0,0,95,148,79,105,106,106,158,17707,27593,34194,24195,24195,25932,15,15,15,15,0,0,0,0,0,0,0,88,118,106,106,177,984922,317262,599915,65776,1969,8,0,0,9483,7982,1366,135,846,160,154,6,2,0,41825,21570,3145,3052,784,137,511,0,0,0,0,0,87,0,47,0,0,2,10,2,0,0,0,0,0,3,0,0,0,0,2,0,3,1,0,0,18,3,13,1,0,0,27,352,187941,0,0,0,0,49,69,15,2,1,12,25,6,25,Flareon
10-25,14:34:37,NINTEN,Voltorb,Beauty,8,Route 20,2,1:09:58.71,1:09:58,1h9m58s,0,25,25,57,4:35,6.57,THUNDERBOLT,REST,SWIFT,TAKE DOWN,8,9622,857,155,6,998,939,605,20,69100,Flareon, ,Electric,Electric,189705,Voltorb 2,Voltorb,,01:09:52.14,01:09:58.71,04:35:44.21,57,0,1,9,58,71,THUNDERBOLT,REST,SWIFT,TAKE DOWN,22,10,20,20,3,0,0,0,148,148,79,105,106,106,158,17827,27735,34299,24315,24315,26090,15,15,15,15,0,0,0,0,0,0,0,88,118,106,106,177,994602,322441,601944,68248,1969,8,0,0,9622,8102,1366,154,857,161,155,6,2,0,42449,21735,3145,3052,786,137,511,0,0,0,0,0,87,0,47,0,0,2,10,2,0,0,0,0,0,3,0,0,0,0,2,0,3,1,0,0,18,3,13,1,0,0,27,354,189580,0,0,0,0,52,69,15,2,1,12,25,6,25,Flareon
10-25,14:34:48,NINTEN,Voltorb,Jr Trainer F,16,Route 20,2,1:10:09.65,1:10:09,1h10m9s,0,25,25,57,4:36,6.723,THUNDERBOLT,REST,SWIFT,TAKE DOWN,8,9646,858,156,6,1000,941,605,20,71270,Flareon, ,Electric,Electric,191569,Voltorb 2,Voltorb,,01:10:02.93,01:10:09.65,04:36:27.28,57,0,1,10,9,65,THUNDERBOLT,REST,SWIFT,TAKE DOWN,20,10,20,20,3,0,0,0,148,148,79,105,106,106,158,17952,27894,34424,24445,24445,26221,15,15,15,15,0,0,0,0,0,0,0,88,118,106,106,177,997189,322961,604011,68248,1969,8,0,0,9646,8102,1366,178,858,162,156,6,2,0,43337,21903,3145,3052,788,137,511,0,0,0,0,0,88,0,47,0,0,2,10,2,0,0,0,0,0,3,0,0,0,0,2,0,3,1,0,0,18,3,13,1,0,0,27,356,191444,0,0,0,0,52,69,15,2,1,12,25,6,25,Flareon
10-25,14:35:00,NINTEN,Voltorb,Beauty,7,Route 20,3,1:10:21.79,1:10:21,1h10m21s,0,25,25,57,4:37,9.225,THUNDERBOLT,REST,SWIFT,TAKE DOWN,8,9650,858,157,6,1003,944,605,20,71890,Flareon, ,Electric,Electric,194118,Voltorb 2,Voltorb,,01:10:12.58,01:10:21.80,04:37:15.17,57,0,1,10,21,80,THUNDERBOLT,REST,SWIFT,TAKE DOWN,17,10,20,20,3,0,0,0,148,148,79,105,106,106,158,18062,28119,34804,24620,24620,26371,15,15,15,15,0,0,0,0,0,0,0,88,118,106,106,177,1000058,323150,606691,68248,1969,8,0,0,9650,8102,1366,182,858,163,157,6,2,0,45228,22101,3145,3052,791,137,511,0,0,0,0,0,91,0,47,0,0,2,10,2,0,0,0,0,0,3,0,0,0,0,2,0,3,1,0,0,18,3,13,1,0,0,27,359,193993,0,0,0,0,52,69,15,2,1,12,25,6,25,Flareon
10-25,14:35:14,NINTEN,Voltorb,Bird Keeper,11,Route 20,3,1:10:35.23,1:10:35,1h10m35s,0,25,25,58,4:38,10.035,THUNDERBOLT,REST,SWIFT,TAKE DOWN,8,9659,858,158,6,1006,947,605,20,73990,Flareon, ,Electric,Electric,196926,Voltorb 2,Voltorb,,01:10:25.20,01:10:35.23,04:38:08.12,58,0,1,10,35,23,THUNDERBOLT,REST,SWIFT,TAKE DOWN,14,10,20,20,3,0,0,0,150,150,81,107,108,108,161,18255,28359,34989,24792,24792,26642,15,15,15,15,0,0,0,0,0,0,0,91,120,108,108,181,1003233,323461,609555,68248,1969,8,0,0,9659,8105,1366,188,858,164,158,6,2,0,46215,22349,3145,3052,794,137,511,0,0,0,0,0,91,0,47,0,0,2,10,2,0,0,0,0,0,3,0,0,0,0,2,0,3,1,0,0,18,3,13,1,0,0,27,362,196801,0,0,0,0,52,69,15,2,1,12,25,6,25,Flareon
10-25,14:35:25,NINTEN,Voltorb,Swimmer,10,Route 20,1,1:10:46.24,1:10:46,1h10m46s,0,25,25,58,4:38,4.221,THUNDERBOLT,REST,SWIFT,TAKE DOWN,8,9667,869,159,6,1007,948,605,20,74740,Flareon, ,Electric,Electric,197721,Voltorb 2,Voltorb,,01:10:42.02,01:10:46.24,04:38:51.26,58,0,1,10,46,24,THUNDERBOLT,REST,SWIFT,TAKE DOWN,13,10,20,20,3,0,0,0,150,150,81,107,108,108,161,18285,28404,35044,24862,24862,26727,15,15,15,15,0,0,0,0,0,0,0,91,120,108,108,181,1005827,323780,611452,68626,1969,8,0,0,9667,8106,1366,195,869,165,159,6,2,0,46461,22420,3145,3052,795,137,511,0,0,0,0,0,91,0,47,0,0,2,10,2,0,0,0,0,0,3,0,0,0,0,2,0,3,1,0,0,18,3,13,1,0,0,27,363,197596,0,0,0,0,52,69,15,2,1,12,25,6,25,Flareon
10-25,14:35:38,NINTEN,Voltorb,Jr Trainer F,24,Route 20,3,1:10:59.73,1:10:59,1h10m59s,0,25,25,58,4:39,8.909,THUNDERBOLT,REST,SWIFT,TAKE DOWN,8,9691,869,160,6,1010,951,605,20,74915,Flareon, ,Electric,Electric,199570,Voltorb 2,Voltorb,,01:10:50.83,01:10:59.74,04:39:44.36,58,0,1,10,59,74,THUNDERBOLT,REST,SWIFT,TAKE DOWN,10,10,20,20,3,0,0,0,150,150,81,107,108,108,161,18420,28529,35204,25102,25102,26902,15,15,15,15,0,0,0,0,0,0,0,91,120,108,108,181,1009017,324389,614033,68626,1969,8,0,0,9691,8106,1366,219,869,166,160,6,2,0,47528,22633,3145,3052,798,137,511,0,0,0,0,0,92,0,47,0,0,2,10,2,0,0,0,0,0,3,0,0,0,0,2,0,3,1,0,0,18,3,13,1,0,0,27,366,199445,0,0,0,0,52,69,15,2,1,12,25,6,25,Flareon
10-25,14:36:40,NINTEN,Voltorb,Burglar,4,Cinnabar Island - Gym,3,1:12:00.94,1:12:00,1h12m0s,0,25,25,58,4:43,10.176,THUNDERBOLT,REST,SWIFT,TAKE DOWN,8,10073,891,161,6,1014,955,606,20,75515,Flareon, ,Electric,Electric,202130,Voltorb 2,Voltorb,,01:11:50.78,01:12:00.95,04:43:46.06,58,0,1,12,0,95,THUNDERBOLT,REST,SWIFT,TAKE DOWN,20,10,20,20,3,0,0,0,142,150,81,107,108,108,161,18586,28716,35364,25317,25317,27127,15,15,15,15,0,0,0,0,0,0,0,91,120,108,108,181,1023507,333594,616936,71008,1969,8,0,0,10073,8315,1511,247,891,167,161,6,2,0,47971,22907,3153,3060,802,137,512,0,0,0,0,0,92,0,47,0,0,2,10,2,0,0,0,0,0,3,0,0,0,0,2,0,3,1,0,0,18,3,13,1,0,0,27,369,202005,0,0,0,0,53,69,15,2,1,12,25,6,25,Flareon
10-25,14:36:54,NINTEN,Voltorb,Super Nerd,9,Cinnabar Island - Gym,3,1:12:14.99,1:12:14,1h12m14s,0,25,25,58,4:44,10.322,THUNDERBOLT,REST,SWIFT,TAKE DOWN,8,10083,895,162,6,1018,959,607,20,78755,Flareon, ,Electric,Electric,204474,Voltorb 2,Voltorb,,01:12:04.67,01:12:14.99,04:44:41.24,58,0,1,12,14,99,THUNDERBOLT,REST,SWIFT,TAKE DOWN,16,10,20,20,3,0,0,0,142,150,81,107,108,108,161,18735,28874,35519,25547,25547,27357,15,15,15,15,0,-1,0,0,0,0,0,102,78,108,108,203,1026825,333982,619866,71008,1969,8,0,0,10083,8325,1511,247,895,168,162,6,2,0,48394,23169,3153,3060,806,137,513,0,0,0,0,0,92,0,47,0,0,2,10,2,0,0,0,0,0,3,0,0,0,0,2,0,3,1,0,0,18,3,13,1,0,0,27,372,204349,0,0,0,0,53,69,15,2,1,12,25,6,25,Flareon
10-25,14:37:12,NINTEN,Voltorb,Super Nerd,10,Cinnabar Island - Gym,4,1:12:33.43,1:12:33,1h12m33s,0,25,25,59,4:45,12.662,THUNDERBOLT,REST,SWIFT,TAKE DOWN,8,10095,896,163,6,1022,963,608,20,79655,Flareon, ,Electric,Electric,207175,Voltorb 2,Voltorb,,01:12:20.77,01:12:33.43,04:45:54.04,59,0,1,12,33,43,THUNDERBOLT,REST,SWIFT,TAKE DOWN,12,10,20,20,3,0,0,0,136,153,82,109,111,111,164,18917,29122,35702,25777,25777,27637,15,15,15,15,0,0,0,0,0,0,0,92,122,111,111,184,1031185,334854,623354,71008,1969,8,0,0,10095,8337,1511,247,896,169,163,6,2,0,49164,23488,3162,3069,810,137,514,0,0,0,0,0,93,0,48,0,0,2,10,2,0,0,0,0,0,3,0,0,0,0,2,0,3,1,0,0,18,3,13,1,0,0,27,376,207050,0,0,0,0,53,69,15,2,1,12,25,6,25,Flareon
10-25,14:37:23,NINTEN,Voltorb,Burglar,5,Cinnabar Island - Gym,1,1:12:44.37,1:12:44,1h12m44s,0,25,25,59,4:46,4.106,THUNDERBOLT,REST,SWIFT,TAKE DOWN,8,10107,900,164,6,1023,964,608,20,80505,Flareon, ,Electric,Electric,208510,Voltorb 2,Voltorb,,01:12:40.27,01:12:44.37,04:46:37.02,59,0,1,12,44,37,THUNDERBOLT,REST,SWIFT,TAKE DOWN,11,10,20,20,3,0,0,0,136,153,82,109,111,111,164,18967,29207,35757,25842,25842,27727,15,15,15,15,0,0,0,0,0,0,0,92,122,111,111,184,1033763,335555,625231,71008,1969,8,0,0,10107,8349,1511,247,900,170,164,6,2,0,49280,23586,3162,3069,811,137,514,0,0,0,0,0,93,0,48,0,0,2,10,2,0,0,0,0,0,3,0,0,0,0,2,0,3,1,0,0,18,3,13,1,0,0,27,377,208385,0,0,0,0,53,69,15,2,1,12,25,6,25,Flareon
10-25,14:37:34,NINTEN,Voltorb,Super Nerd,11,Cinnabar Island - Gym,1,1:12:55.43,1:12:55,1h12m55s,0,25,25,59,4:47,5.206,THUNDERBOLT,REST,SWIFT,TAKE DOWN,8,10123,906,165,6,1025,966,609,20,84195,Flareon, ,Electric,Electric,210196,Voltorb 2,Voltorb,,01:12:50.23,01:12:55.44,04:47:20.37,59,0,1,12,55,44,THUNDERBOLT,REST,SWIFT,TAKE DOWN,9,10,20,20,3,0,0,0,136,153,82,109,111,111,164,19032,29307,35827,25922,25922,27832,15,15,15,15,0,0,0,0,0,0,0,92,122,111,111,184,1036378,336451,626950,71008,1969,8,0,0,10123,8365,1511,247,906,171,165,6,2,0,49464,23696,3162,3069,813,138,514,0,0,0,0,0,93,0,48,0,0,2,10,2,0,0,0,0,0,3,0,0,0,0,2,0,3,1,0,0,18,3,13,1,0,0,27,378,210071,0,0,0,0,53,69,15,2,1,12,25,6,25,Flareon
10-25,14:37:46,NINTEN,Voltorb,Burglar,6,Cinnabar Island - Gym,2,1:13:07.49,1:13:07,1h13m7s,0,25,25,59,4:48,6.378,THUNDERBOLT,REST,SWIFT,TAKE DOWN,8,10139,908,166,6,1027,968,609,20,85220,Flareon, ,Electric,Electric,211416,Voltorb 2,Voltorb,,01:13:01.11,01:13:07.49,04:48:08.04,59,0,1,13,7,49,THUNDERBOLT,REST,SWIFT,TAKE DOWN,7,10,20,20,3,0,0,0,136,153,82,109,111,111,164,19125,29418,35912,26037,26037,27957,15,15,15,15,0,0,0,0,0,0,0,92,122,111,111,184,1039225,337301,628947,71008,1969,8,0,0,10139,8381,1511,247,908,172,166,6,2,0,49745,23870,3162,3069,815,138,514,0,0,0,0,0,93,0,48,0,0,2,10,2,0,0,0,0,0,3,0,0,0,0,2,0,3,1,0,0,18,3,13,1,0,0,27,380,211291,0,0,0,0,53,69,15,2,1,12,25,6,25,Flareon
10-25,14:37:57,NINTEN,Voltorb,Super Nerd,12,Cinnabar Island - Gym,2,1:13:18.84,1:13:18,1h13m18s,0,25,25,59,4:48,6.399,THUNDERBOLT,REST,SWIFT,TAKE DOWN,8,10151,909,167,6,1029,970,609,20,88550,Flareon, ,Electric,Electric,212636,Voltorb 2,Voltorb,,01:13:12.45,01:13:18.85,04:48:52.43,59,0,1,13,18,85,THUNDERBOLT,REST,SWIFT,TAKE DOWN,5,10,20,20,3,0,0,0,136,153,82,109,111,111,164,19218,29529,35997,26152,26152,28082,15,15,15,15,0,0,0,0,0,0,0,92,122,111,111,184,1041904,337982,630945,71008,1969,8,0,0,10151,8393,1511,247,909,173,167,6,2,0,50027,24044,3162,3069,817,138,514,0,0,0,0,0,93,0,48,0,0,2,10,2,0,0,0,0,0,3,0,0,0,0,2,0,3,1,0,0,18,3,13,1,0,0,27,382,212511,0,0,0,0,53,69,15,2,1,12,25,6,25,Flareon
10-25,14:40:51,NINTEN,Voltorb,Blaine,1,Cinnabar Island - Gym,3,1:16:12.63,1:16:12,1h16m12s,0,28,28,61,5:00,31.264,THUNDERBOLT,REST,REFLECT,TAKE DOWN,9,10390,916,171,6,1082,1000,647,19,11184,Flareon,Burned,Electric,Electric,228588,Voltorb 2,Voltorb,Blaine,01:15:41.37,01:16:12.63,05:00:19.02,61,0,1,16,12,63,THUNDERBOLT,REST,REFLECT,TAKE DOWN,17,9,19,20,3,0,0,0,73,159,86,113,115,115,170,19795,30243,36587,26872,26872,28892,15,15,15,15,-1,0,0,0,0,0,0,31,127,115,115,191,1083084,343546,663425,74144,1969,9,0,0,10390,8632,1511,247,916,177,171,6,2,0,51799,25534,5734,4280,844,143,547,0,0,0,0,0,96,0,53,0,0,3,11,2,0,2,0,0,0,3,0,0,0,0,6,3,3,1,0,0,19,3,16,1,0,0,39,390,228463,0,0,0,0,53,69,15,2,1,13,28,6,28,Flareon
10-25,14:41:43,NINTEN,Voltorb,Rival5-Silph,6,Silph Co - 7F,5,1:17:04.01,1:17:04,1h17m4s,0,28,28,61,5:03,19.797,THUNDERBOLT,REST,REFLECT,TAKE DOWN,10,10504,918,172,6,1090,1008,650,20,16530,Flareon, ,Electric,Electric,235495,Voltorb 2,Voltorb,Rival (Silph Co.),01:16:44.22,01:17:04.02,05:03:41.09,61,0,1,17,4,2,THUNDERBOLT,REST,REFLECT,TAKE DOWN,18,10,20,18,3,0,0,0,88,159,86,113,115,115,170,20075,30663,37062,27362,27362,29267,15,15,15,15,0,0,0,0,0,0,0,96,127,129,129,191,1095210,348948,668992,75301,1969,10,0,0,10504,8746,1511,247,918,178,172,6,2,0,52678,26005,5805,4351,852,143,550,0,0,0,0,0,100,0,53,0,0,3,11,2,0,2,0,0,0,3,0,0,0,0,6,3,3,1,0,0,19,3,16,1,0,0,39,395,235370,0,0,0,0,53,69,15,2,1,13,28,6,28,Flareon
10-25,14:41:59,NINTEN,Voltorb,Rocket,45,Silph Co - 11F,3,1:17:20.67,1:17:20,1h17m20s,0,28,28,61,5:04,8.623,THUNDERBOLT,REST,REFLECT,TAKE DOWN,10,10512,918,173,6,1093,1011,650,20,19130,Flareon, ,Electric,Electric,238077,Voltorb 2,Voltorb,,01:17:12.05,01:17:20.67,05:04:46.42,61,0,1,17,20,67,THUNDERBOLT,REST,REFLECT,TAKE DOWN,15,10,20,18,3,0,0,0,88,159,86,113,115,115,170,20240,30883,37286,27552,27552,29497,15,15,15,15,0,0,0,0,0,0,0,96,127,129,129,191,1099143,350323,671550,75301,1969,10,0,0,10512,8754,1511,247,918,179,173,6,2,0,53250,26244,5805,4351,855,143,550,0,0,0,0,0,100,0,53,0,0,3,11,2,0,2,0,0,0,3,0,0,0,0,6,3,3,1,0,0,19,3,16,1,0,0,39,398,237952,0,0,0,0,53,69,15,2,1,13,28,6,28,Flareon
10-25,14:42:37,NINTEN,Voltorb,Giovanni-Silph,2,Silph Co - 11F,4,1:17:57.95,1:17:57,1h17m57s,0,28,28,62,5:07,24.384,THUNDERBOLT,REST,REFLECT,TAKE DOWN,11,10527,919,174,6,1103,1021,655,19,20060,Flareon, ,Electric,Electric,242894,Voltorb 2,Voltorb,Giovanni (Silph),01:17:33.57,01:17:57.95,05:07:13.57,62,0,1,17,57,95,THUNDERBOLT,REST,REFLECT,TAKE DOWN,13,10,19,11,3,0,0,0,73,161,88,115,117,117,174,20536,31192,37585,27777,27777,29778,15,15,15,15,0,-1,0,0,0,0,0,111,84,147,147,219,1107978,351552,677827,76630,1969,11,0,0,10527,8769,1511,247,919,180,174,6,2,0,53886,26681,5893,4439,865,143,555,0,0,0,0,0,101,0,53,0,0,3,11,2,0,2,0,0,0,3,0,0,0,0,6,3,3,1,0,0,19,3,16,1,0,0,39,402,242769,0,0,0,0,53,69,15,2,1,13,28,6,28,Flareon
10-25,14:43:13,NINTEN,Voltorb,Psychic,3,Saffron City - Gym,3,1:18:34.71,1:18:34,1h18m34s,0,28,28,62,5:09,8.965,THUNDERBOLT,REST,REFLECT,TAKE DOWN,11,10648,931,175,6,1106,1024,655,19,24119,Flareon, ,Electric,Electric,245451,Voltorb 2,Voltorb,,01:18:25.75,01:18:34.72,05:09:38.18,62,0,1,18,34,72,THUNDERBOLT,REST,REFLECT,TAKE DOWN,21,10,20,20,3,0,0,0,161,161,88,115,117,117,174,20811,31397,37825,27937,27937,29838,15,15,15,15,0,0,0,0,0,0,0,99,129,131,131,195,1116639,356958,680848,76864,1969,11,0,0,10648,8890,1511,247,931,181,175,6,2,0,55658,27005,5893,4439,868,143,555,0,0,0,0,0,103,0,53,0,0,3,11,2,0,2,0,0,0,3,0,0,0,0,6,3,3,1,0,0,19,3,16,1,0,0,39,405,245326,0,0,0,0,53,69,15,2,1,13,28,6,28,Flareon
10-25,14:43:23,NINTEN,Voltorb,Psychic,4,Saffron City - Gym,1,1:18:44.80,1:18:44,1h18m44s,0,28,28,62,5:10,4.316,THUNDERBOLT,REST,REFLECT,TAKE DOWN,11,10658,945,176,6,1107,1025,655,19,24449,Flareon, ,Electric,Electric,246786,Voltorb 2,Voltorb,,01:18:40.49,01:18:44.81,05:10:17.48,62,0,1,18,44,81,THUNDERBOLT,REST,REFLECT,TAKE DOWN,20,10,20,20,3,0,0,0,161,161,88,115,117,117,174,20906,31472,37935,28017,28017,29868,15,15,15,15,0,0,0,0,0,0,0,99,129,131,131,195,1119009,357819,682357,76864,1969,11,0,0,10658,8900,1511,247,945,182,176,6,2,0,55929,27131,5893,4439,869,143,555,0,0,0,0,0,103,0,53,0,0,3,11,2,0,2,0,0,0,3,0,0,0,0,6,3,3,1,0,0,19,3,16,1,0,0,39,406,246661,0,0,0,0,53,69,15,2,1,13,28,6,28,Flareon
10-25,14:43:55,NINTEN,Voltorb,Sabrina,1,Saffron City - Gym,3,1:19:16.66,1:19:16,1h19m16s,0,28,28,63,5:12,20.328,THUNDERBOLT,REST,REFLECT,TAKE DOWN,12,10665,950,177,6,1117,1035,660,19,24829,Flareon, ,Electric,Electric,251111,Voltorb 2,Voltorb,Sabrina,01:18:56.33,01:19:16.66,05:12:23.33,63,0,1,19,16,66,THUNDERBOLT,REST,REFLECT,TAKE DOWN,11,10,20,19,3,0,0,0,83,164,89,117,119,119,176,21026,31577,38025,28377,28377,30183,15,15,15,15,0,0,0,0,0,-2,0,100,131,133,133,198,1126554,358506,687657,78422,1969,12,0,0,10665,8907,1511,247,950,183,177,6,2,0,56558,27565,5974,4520,875,147,558,0,0,0,0,0,106,0,53,0,0,3,12,2,0,2,0,0,0,3,0,0,0,0,6,3,3,1,0,0,23,4,16,1,0,0,39,409,250986,0,0,0,0,53,69,15,2,1,13,28,6,28,Flareon
10-25,14:44:37,NINTEN,Voltorb,Cooltrainer F,1,Celadon City - Gym,3,1:19:58.42,1:19:58,1h19m58s,0,28,28,63,5:15,9.417,THUNDERBOLT,REST,REFLECT,TAKE DOWN,12,10789,955,178,6,1120,1038,660,20,29779,Flareon, ,Electric,Electric,253288,Voltorb 2,Voltorb,,01:19:49.01,01:19:58.42,05:15:07.56,63,0,1,19,58,42,THUNDERBOLT,REST,REFLECT,TAKE DOWN,21,10,20,20,3,0,0,0,164,164,89,117,119,119,176,21211,31794,38208,28627,28627,30338,15,15,15,15,0,0,0,0,0,0,0,100,131,133,133,198,1136417,363746,690960,79742,1969,12,0,0,10789,9031,1511,247,955,184,178,6,2,0,56929,27766,5974,4520,878,147,558,0,0,0,0,0,107,0,53,0,0,3,12,2,0,2,0,0,0,3,0,0,0,0,6,3,3,1,0,0,23,4,16,1,0,0,39,412,253163,0,0,0,0,53,69,15,2,1,13,28,6,28,Flareon
10-25,14:44:57,NINTEN,Voltorb,Erika,1,Celadon City - Gym,3,1:20:17.90,1:20:17,1h20m17s,0,28,28,63,5:16,11.64,THUNDERBOLT,REST,REFLECT,TAKE DOWN,13,10792,955,179,6,1124,1042,661,20,30619,Flareon, ,Electric,Electric,256293,Voltorb 2,Voltorb,Erika,01:20:06.27,01:20:17.91,05:16:24.54,63,0,1,20,17,91,THUNDERBOLT,REST,REFLECT,TAKE DOWN,19,10,20,18,3,0,0,0,112,164,89,117,119,119,176,21401,32004,38443,28897,28897,30493,15,15,15,15,0,0,0,0,0,0,0,100,131,133,133,198,1141035,364587,694209,80270,1969,13,0,0,10792,9034,1511,247,955,185,179,6,2,0,57407,28026,6026,4572,882,147,559,0,0,0,0,0,109,0,53,0,0,3,12,2,0,2,0,0,0,3,0,0,0,0,6,3,3,1,0,0,23,4,16,1,0,0,39,415,256168,0,0,0,0,53,69,15,2,1,13,28,6,28,Flareon
10-25,14:45:33,NINTEN,Voltorb,Cooltrainer M,10,Viridian City - Gym,1,1:20:54.49,1:20:54,1h20m54s,0,28,28,63,5:18,14.48,THUNDERBOLT,REST,REFLECT,TAKE DOWN,13,10888,958,180,6,1130,1048,665,20,33787,Flareon, ,Electric,Electric,257536,Voltorb 2,Voltorb,,01:20:40.01,01:20:54.49,05:18:49.15,63,0,1,20,54,49,THUNDERBOLT,REST,REFLECT,TAKE DOWN,24,10,19,15,3,0,0,0,115,164,89,117,119,119,176,21481,32089,38538,28927,28927,30518,15,15,15,15,0,0,0,0,0,0,0,100,131,133,133,198,1149696,368579,698245,80903,1969,13,0,0,10888,9130,1511,247,958,186,180,6,2,0,57560,28154,6075,4621,888,148,562,0,0,0,0,0,111,0,53,0,0,3,12,2,0,2,0,0,0,3,0,0,0,0,6,3,3,1,0,0,23,4,16,1,0,0,39,416,257411,0,0,0,0,53,69,15,2,1,13,28,6,28,Flareon
10-25,14:45:46,NINTEN,Voltorb,Blackbelt,8,Viridian City - Gym,3,1:21:07.31,1:21:07,1h21m7s,0,28,28,63,5:19,8.884,THUNDERBOLT,REST,REFLECT,TAKE DOWN,13,10896,963,181,6,1133,1051,665,20,35292,Flareon, ,Electric,Electric,260627,Voltorb 2,Voltorb,,01:20:58.43,01:21:07.31,05:19:39.45,63,0,1,21,7,31,THUNDERBOLT,REST,REFLECT,TAKE DOWN,21,10,19,15,3,0,0,0,115,164,89,117,119,119,176,21711,32369,38728,29062,29062,30643,15,15,15,15,0,0,0,0,0,0,0,100,131,133,133,198,1152727,369008,700847,80903,1969,13,0,0,10896,9138,1511,247,963,187,181,6,2,0,58339,28489,6075,4621,891,148,562,0,0,0,0,0,112,0,53,0,0,3,12,2,0,2,0,0,0,3,0,0,0,0,6,3,3,1,0,0,23,4,16,1,0,0,39,419,260502,0,0,0,0,53,69,15,2,1,13,28,6,28,Flareon
10-25,14:46:01,NINTEN,Voltorb,Tamer,4,Viridian City - Gym,2,1:21:22.25,1:21:22,1h21m22s,0,28,28,64,5:20,7.35,THUNDERBOLT,REST,REFLECT,TAKE DOWN,13,10935,980,182,6,1135,1053,665,20,36242,Flareon, ,Electric,Electric,263617,Voltorb 2,Voltorb,,01:21:14.91,01:21:22.26,05:20:38.50,64,0,1,21,22,26,THUNDERBOLT,REST,REFLECT,TAKE DOWN,19,10,19,15,3,0,0,0,119,168,91,119,121,121,180,21846,32554,38892,29197,29197,30833,15,15,15,15,0,0,0,0,0,0,0,102,133,136,136,202,1156271,370336,703063,80903,1969,13,0,0,10935,9177,1511,247,980,188,182,6,2,0,58629,28704,6075,4621,893,148,562,0,0,0,0,0,112,0,53,0,0,3,12,2,0,2,0,0,0,3,0,0,0,0,6,3,3,1,0,0,23,4,16,1,0,0,39,421,263492,0,0,0,0,53,69,15,2,1,13,28,6,28,Flareon
10-25,14:48:23,NINTEN,Voltorb,Giovanni,3,Viridian City - Gym,5,1:23:44.71,1:23:44,1h23m44s,0,28,28,75,5:30,48.896,THUNDERBOLT,REST,MIMIC,TAKE DOWN,14,11101,1005,183,6,1159,1075,681,18,37802,Flareon, ,Electric,Electric,432096,Voltorb 2,Voltorb,Giovanni,01:22:55.82,01:23:44.71,05:30:00.22,75,0,1,23,44,71,THUNDERBOLT,REST,MIMIC,TAKE DOWN,17,9,3,3,3,0,0,0,69,195,106,139,141,141,210,22222,33008,39286,29527,29527,31269,15,15,15,15,0,-2,0,0,0,0,6,265,86,355,355,534,1189963,376442,715601,95951,1969,14,0,0,11101,9343,1511,247,1005,189,183,6,2,0,59884,29464,6382,4928,905,161,566,0,0,0,0,0,113,0,54,0,0,3,12,2,0,2,0,0,0,3,0,0,0,0,6,3,3,1,0,0,23,4,17,1,0,0,39,426,273713,0,0,0,0,54,69,15,2,1,14,28,6,28,Flareon
10-25,14:49:25,NINTEN,Voltorb,Rival6-Route 22,9,Route 22,6,1:24:46.17,1:24:46,1h24m46s,0,28,28,76,5:34,30.435,THUNDERBOLT,REST,MIMIC,TAKE DOWN,15,11236,1032,184,7,1170,1086,685,19,43247,Flareon,Poisoned,Electric,Electric,442060,Voltorb 2,Voltorb,Rival (Final),01:24:15.75,01:24:46.18,05:34:03.28,76,0,1,24,46,18,THUNDERBOLT,REST,MIMIC,TAKE DOWN,21,10,2,20,3,0,0,0,48,197,107,141,144,144,213,22562,33468,39841,30077,30077,31684,15,15,15,15,0,0,0,0,0,0,0,120,158,162,162,239,1204549,381767,724330,96483,1969,15,0,0,11236,9478,1511,247,1032,191,184,7,3,0,61111,30201,6531,5077,916,162,568,0,0,0,0,0,120,0,55,0,0,3,12,2,0,2,0,0,0,4,0,0,0,0,6,3,3,1,0,0,23,4,17,1,0,0,39,432,283677,0,0,0,0,54,69,15,2,1,14,28,6,28,Flareon
10-25,14:50:45,NINTEN,Voltorb,Cooltrainer M,5,Victory Road,4,1:26:06.34,1:26:06,1h26m6s,0,28,28,76,5:39,13.327,THUNDERBOLT,REST,MIMIC,TAKE DOWN,15,11586,1107,185,7,1175,1091,686,20,46692,Flareon, ,Electric,Electric,447775,Voltorb 2,Voltorb,,01:25:53.01,01:26:06.34,05:39:20.52,76,0,1,26,6,34,THUNDERBOLT,REST,MIMIC,TAKE DOWN,16,10,2,20,3,0,0,0,197,197,107,141,144,144,213,22817,33741,40120,30372,30372,31982,15,15,15,15,0,0,0,0,0,0,0,120,158,162,162,239,1223593,394322,728322,98980,1969,15,0,0,11586,9599,1704,283,1107,192,185,7,3,0,62252,30649,6531,5077,921,162,568,0,0,0,0,0,120,0,55,0,0,3,12,2,0,2,0,0,0,4,0,0,0,0,6,3,3,1,0,0,23,4,17,1,0,0,39,436,289392,0,0,0,0,56,69,15,2,1,14,28,6,28,Flareon
10-25,14:51:10,NINTEN,Voltorb,Tamer,5,Victory Road,2,1:26:31.20,1:26:31,1h26m31s,0,28,28,76,5:40,6.752,THUNDERBOLT,REST,MIMIC,TAKE DOWN,15,11672,1122,186,7,1177,1093,686,20,48162,Flareon, ,Electric,Electric,450809,Voltorb 2,Voltorb,,01:26:24.45,01:26:31.20,05:40:59.11,76,0,1,26,31,20,THUNDERBOLT,REST,MIMIC,TAKE DOWN,14,10,2,20,3,0,0,0,197,197,107,141,144,144,213,22962,33893,40258,30517,30517,32182,15,15,15,15,0,0,0,0,0,0,0,120,158,162,162,239,1229492,397344,730423,99756,1969,15,0,0,11672,9599,1790,283,1122,193,186,7,3,0,62785,30898,6531,5077,923,162,568,0,0,0,0,0,120,0,55,0,0,3,12,2,0,2,0,0,0,4,0,0,0,0,6,3,3,1,0,0,23,4,17,1,0,0,39,438,292426,0,0,0,0,56,69,15,2,1,14,28,6,28,Flareon
10-25,14:51:33,NINTEN,Voltorb,Cooltrainer M,2,Victory Road,3,1:26:54.46,1:26:54,1h26m54s,0,28,28,77,5:42,14.865,THUNDERBOLT,REST,MIMIC,TAKE DOWN,15,11690,1125,187,7,1182,1098,687,20,49922,Flareon, ,Electric,Electric,456594,Voltorb 2,Voltorb,,01:26:39.60,01:26:54.46,05:42:30.54,77,0,1,26,54,46,THUNDERBOLT,REST,MIMIC,TAKE DOWN,12,10,2,17,3,0,0,0,158,200,109,143,146,146,216,23197,34193,40603,30807,30807,32402,15,15,15,15,0,0,0,0,0,0,0,122,160,164,164,243,1234995,398210,734444,100372,1969,15,0,0,11690,9599,1808,283,1125,194,187,7,3,0,63718,31278,6573,5119,927,163,569,0,0,0,0,0,121,0,55,0,0,3,12,2,0,2,0,0,0,4,0,0,0,0,6,3,3,1,0,0,23,4,17,1,0,0,39,441,298211,0,0,0,0,56,69,15,2,1,14,28,6,28,Flareon
10-25,14:52:07,NINTEN,Voltorb,Cooltrainer M,3,Victory Road,3,1:27:28.66,1:27:28,1h27m28s,0,28,28,77,5:44,9.769,THUNDERBOLT,REST,MIMIC,TAKE DOWN,15,11809,1163,188,7,1185,1101,687,20,51427,Flareon, ,Electric,Electric,462314,Voltorb 2,Voltorb,,01:27:18.90,01:27:28.67,05:44:46.24,77,0,1,27,28,67,THUNDERBOLT,REST,MIMIC,TAKE DOWN,9,10,2,17,3,0,0,0,158,200,109,143,146,146,216,23411,34476,40883,31062,31062,32655,15,15,15,15,0,0,0,0,0,0,0,122,160,164,164,243,1243126,402655,737675,100826,1969,15,0,0,11809,9599,1927,283,1163,195,188,7,3,0,64802,31640,6573,5119,930,163,569,0,0,0,0,0,121,0,55,0,0,3,12,2,0,2,0,0,0,4,0,0,0,0,6,3,3,1,0,0,23,4,17,1,0,0,39,444,303931,0,0,0,0,56,69,15,2,1,14,28,6,28,Flareon
10-25,14:52:34,NINTEN,Voltorb,Blackbelt,9,Victory Road,3,1:27:55.01,1:27:55,1h27m55s,0,28,28,77,5:46,9.012,THUNDERBOLT,REST,MIMIC,TAKE DOWN,15,11860,1195,189,7,1188,1104,687,20,52932,Flareon, ,Electric,Electric,465812,Voltorb 2,Voltorb,,01:27:46.00,01:27:55.02,05:46:30.31,77,0,1,27,55,2,THUNDERBOLT,REST,MIMIC,TAKE DOWN,6,10,2,17,3,0,0,0,158,200,109,143,146,146,216,23641,34756,41073,31197,31197,32780,15,15,15,15,0,0,0,0,0,0,0,122,160,164,164,243,1249372,405542,740309,101552,1969,15,0,0,11860,9603,1974,283,1195,196,189,7,3,0,65642,32016,6573,5119,933,163,569,0,0,0,0,0,121,0,55,0,0,3,12,2,0,2,0,0,0,4,0,0,0,0,6,3,3,1,0,0,23,4,17,1,0,0,39,447,307429,0,0,0,0,56,69,15,2,1,14,28,6,28,Flareon
10-25,14:52:51,NINTEN,Voltorb,Juggler,2,Victory Road,4,1:28:11.89,1:28:11,1h28m11s,0,28,28,77,5:47,11.761,THUNDERBOLT,REST,MIMIC,TAKE DOWN,15,11883,1199,190,7,1192,1108,687,20,54007,Flareon, ,Electric,Electric,470702,Voltorb 2,Voltorb,,01:28:00.14,01:28:11.90,05:47:36.58,77,0,1,28,11,90,THUNDERBOLT,REST,MIMIC,TAKE DOWN,2,10,2,17,3,0,0,0,158,200,109,143,146,146,216,23866,34947,41248,31642,31642,33099,15,15,15,15,0,0,0,0,0,0,0,122,160,164,164,243,1253359,406253,743585,101552,1969,15,0,0,11883,9603,1997,283,1199,197,190,7,3,0,66198,32429,6573,5119,937,163,569,0,0,0,0,0,121,0,55,0,0,3,12,2,0,2,0,0,0,4,0,0,0,0,6,3,3,1,0,0,23,4,17,1,0,0,39,451,312319,0,0,0,0,56,69,15,2,1,14,28,6,28,Flareon
10-25,14:53:57,NINTEN,Voltorb,Lorelei,1,Lorelei's Room,5,1:29:03.85,1:29:03,1h29m3s,0,28,28,78,5:51,21.108,THUNDERBOLT,REST,MIMIC,TAKE DOWN,15,11992,1211,191,7,1199,1115,689,20,40442,Flareon, ,Electric,Electric,481211,Voltorb 2,Voltorb,Lorelei,01:28:42.75,01:29:03.85,05:51:02.12,78,0,1,29,3,85,THUNDERBOLT,REST,MIMIC,TAKE DOWN,19,10,8,20,3,0,0,0,203,203,111,146,148,148,219,24296,35322,41733,32092,32092,33424,15,15,15,15,0,0,2,2,0,0,0,139,184,333,333,276,1265673,411038,749076,103590,1969,15,0,0,11992,9636,2073,283,1211,198,191,7,3,0,67958,33264,6573,5119,943,163,569,0,0,0,0,0,122,0,55,0,0,3,12,2,0,2,0,0,0,4,0,0,0,0,6,3,3,1,0,0,23,4,17,1,0,0,39,456,322828,0,0,0,0,56,74,15,2,1,14,28,6,28,Flareon
10-25,14:54:33,NINTEN,Voltorb,Bruno,1,Bruno's Room,5,1:29:40.34,1:29:40,1h29m40s,0,28,28,78,5:53,25.692,THUNDERBOLT,REST,MIMIC,TAKE DOWN,16,12003,1212,192,7,1212,1124,694,20,45986,Flareon, ,Electric,Electric,489418,Voltorb 2,Voltorb,Bruno,01:29:14.65,01:29:40.34,05:53:26.25,78,0,1,29,40,34,THUNDERBOLT,REST,MIMIC,TAKE DOWN,15,10,3,20,3,0,0,0,144,203,111,146,148,148,219,24556,35767,42265,32287,32287,33782,15,15,15,15,0,0,0,0,0,0,0,124,164,166,166,246,1274326,412040,756081,104236,1969,16,0,0,12003,9647,2073,283,1212,199,192,7,3,0,69273,33923,6632,5178,952,166,571,0,0,0,0,0,123,0,56,0,0,3,12,2,0,2,0,0,0,4,0,0,0,0,6,3,3,1,0,0,23,4,17,1,0,0,39,461,331035,0,0,0,0,56,74,15,2,1,14,28,6,28,Flareon
10-25,14:55:06,NINTEN,Voltorb,Agatha,1,Agatha's Room,5,1:30:12.70,1:30:12,1h30m12s,0,28,28,79,5:55,19.652,THUNDERBOLT,REST,MIMIC,TAKE DOWN,17,12014,1213,193,7,1220,1132,696,20,51728,Flareon, ,Electric,Electric,499504,Voltorb 2,Voltorb,Agatha,01:29:53.06,01:30:12.71,05:55:34.02,79,0,1,30,12,71,THUNDERBOLT,REST,MIMIC,TAKE DOWN,16,10,10,20,3,0,0,0,146,206,113,147,151,151,223,24856,36112,42569,32802,32802,34267,15,15,15,15,0,0,0,0,0,0,0,127,165,169,169,250,1281983,413015,761230,105769,1969,17,0,0,12014,9658,2073,283,1213,200,193,7,3,0,70319,34643,6692,5238,960,166,573,0,0,0,0,0,123,0,57,0,0,3,13,2,0,2,0,0,0,4,0,0,0,0,6,3,3,1,0,0,24,5,17,1,0,0,39,466,341121,0,0,0,0,56,74,15,2,1,14,28,6,28,Flareon
10-25,14:55:50,NINTEN,Voltorb,Lance,1,Lance's Room,5,1:30:57.18,1:30:57,1h30m57s,0,28,28,79,5:58,23.082,THUNDERBOLT,REST,MIMIC,TAKE DOWN,18,12064,1215,194,7,1228,1140,698,20,57668,Flareon, ,Electric,Electric,511110,Voltorb 2,Voltorb,Lance,01:30:34.11,01:30:57.19,05:58:29.46,79,0,1,30,57,19,THUNDERBOLT,REST,MIMIC,TAKE DOWN,19,10,7,20,3,0,0,0,161,206,113,147,151,151,223,25244,36644,42938,33202,33202,34698,15,15,15,15,0,0,0,0,0,0,0,127,165,169,169,250,1292527,414938,767552,108068,1969,18,0,0,12064,9708,2073,283,1215,201,194,7,3,0,72011,35621,6737,5283,968,167,574,0,0,0,0,0,126,0,57,0,0,3,13,2,0,2,0,0,0,4,0,0,0,0,6,3,3,1,0,0,24,5,17,1,0,0,39,471,352727,0,0,0,0,56,74,15,2,1,14,28,6,28,Flareon
10-25,15:02:19,NINTEN,Voltorb,Champion,2,Champions Room,6,1:37:26.02,1:37:26,1h37m26s,4,28,32,80,6:10,141.823,REFLECT,REST,MIMIC,TOXIC,19,12072,1215,195,7,1263,1159,729,17,63806,Flareon, ,Electric,Electric,526851,Voltorb 2,Voltorb,Champion,01:35:04.20,01:37:26.02,06:10:17.15,80,4,1,37,26,2,REFLECT,REST,MIMIC,TOXIC,19,4,3,5,0,0,0,0,95,209,115,150,153,153,225,25634,37174,43513,33832,33832,35143,15,15,15,15,0,0,0,0,0,0,0,129,168,172,172,253,1334982,416620,801906,114330,2126,19,1,0,12072,9716,2073,283,1215,202,195,7,3,0,73303,36823,7718,6264,981,172,594,0,0,0,0,0,132,0,59,0,0,3,13,2,0,2,0,0,0,4,5,0,0,0,6,3,3,1,0,0,24,5,24,1,0,0,39,477,367578,0,0,0,0,56,74,15,2,1,16,28,6,32,Flareon
10-25,15:12:44,NINTEN,Voltorb,Prof Oak,2,Pallet Town - Blue's House,5,1:37:26.02,1:37:26,1h37m26s,8,28,36,81,6:23,95.683,REFLECT,REST,MIMIC,TOXIC,20,12110,1223,196,7,1290,1178,748,17,70241,Flareon, ,Electric,Electric,542265,Voltorb 3,Voltorb,,01:37:26.02,01:37:26.02,06:23:00.01,81,8,1,37,26,2,REFLECT,REST,MIMIC,TOXIC,18,6,1,6,0,0,0,0,111,212,116,152,155,155,229,26069,37686,43935,34307,34307,35564,15,15,15,15,0,-3,0,0,0,0,0,184,67,246,246,365,1410864,440222,825390,114672,30580,20,3,0,12110,9754,2073,283,1223,203,196,7,3,0,74554,38020,8251,6797,995,174,611,0,0,0,0,0,133,0,63,0,0,3,13,2,0,2,0,0,0,4,9,0,0,0,6,3,3,1,0,0,24,5,28,1,0,0,39,482,382992,0,0,0,0,56,74,15,2,1,16,28,6,36,Flareon
