date_string,time_string,player_name,pokemon,trainer_name,trainer_id,location,total_pokemon,real_time_total,real_time_hmmss,real_time_file_label,resets,blackouts,failures,level,game_time,battle_duration,move1,move2,move3,move4,move1pp,move2pp,move3pp,move4pp,move1ppUp,move2ppUp,move3ppUp,move4ppUp,saves,steps,bonks,trainerBattles,wildBattles,battleTurns,playerTurns,enemyTurns,itemsInBag,money,rivalTeam,statusCondition,type1,type2,experience,ROM,Species,Trainer,Start Time,Real Time,Game Time,Level,Resets,RTHours,RTMinutes,RTSeconds,RTMilliseconds,Move 1,Move 2,Move 3,Move 4,Hp,Max HP,Attack,Defense,Sp. Attack,Sp. Defense,Speed,Attack DV,Defense DV,Speed DV,Special DV,StatExp HP,StatExp Attack,StatExp Def,StatExp Sp. Attack,StatExp Sp. Defense,StatExp Speed,Attack Stage,Defense Stage,Sp. Attack Stage,Sp. Defense Stage,Speed Stage,Accuracy Stage,Evasion Stage,Battle Attack,Battle Defense,Battle Sp. Attack,Battle Sp. Defense,Battle Speed,Frame Count,Overworld Frame Count,Battle Frame Count,Menu Frame Count,Intro Frame Count,Save Count,Reload Count,Clock Reset Count,Steps Count,Steps Count Walk,Steps Count Bike,Steps Count Surf,Bonks,Battles,Trainer Battles,Wild Battles,Battles Fled,Failed Runs,Total Damage Dealt,Actual Damage Dealt,Total Damage Taken,Actual Damage Taken,Own Moves Hit,Own Moves Missed,Enemy Moves Hit,Enemy Moves Missed,Own Moves Super Effective,Own Moves Not Very Effective,Enemy Moves Super Effective,Enemy Moves Not Very Effective,Criticals Dealt,OHKOs Dealt,Criticals Taken,OHKOs Taken,Was Confused,Enemy Became Confused,Was Paralyzed,Enemy Was Paralyzed,Was Burned,Enemy Was Burned,Was Frozen,Enemy Was Frozen,Was Poisoned,Enemy Was Poisoned,Was Badly Poisoned,Enemy Was Badly Poisoned,Fell Asleep,Enemy Fell Asleep,Player Turns Confused,Player Turns Confused Hit Self,Player Turns Paralyzed,Player Turns Paralyzed Fully,Enemy Turns Confused,Enemy Turns Confused Hit Self,Enemy Turns Paralyzed,Enemy Turns Paralyzed Fully, Player Turns Asleep, Enemy Turns Asleep,Player HP Healed,Enemy HP Healed,Player Pokemon Fainted,Enemy Pokemon Fainted,Experience Gained,Switchouts,Money Made,Money Spent,Money Lost,Items Picked Up,Items Bought,Items Sold,Balls Thrown,Pokemon Caught In Balls,Moves Learnt,Blackouts,Attempt Number,Failures, Rival's Team
2-07,05:59:15,NINTEN,Seadra,Rival1-Lab,1,Pallet Town - Oak's Lab,1,53.84,53,0h0m53s,0,0,0,6,0:03,10.762,BUBBLE,SMOKESCREEN,,,0,71,19,1,1,5,5,4,0,3000,Jolteon, ,Water,Water,222,Seadra2,Seadra,Rival (Lab),00:00:43.08,00:00:53.84,00:03:00.09,6,0,0,0,53,84,BUBBLE,SMOKESCREEN,,,26,19,0,0,0,0,0,0,21,24,14,18,18,18,17,55,55,50,65,65,55,15,15,15,15,0,-1,0,0,0,0,0,14,11,18,18,17,12769,6989,3792,0,1988,0,0,0,71,71,0,0,19,2,1,1,0,0,21,21,3,3,5,2,2,0,0,0,0,0,2,0,0,0,0,0,0,0,0,0,0,0,0,0,0,0,0,0,0,0,0,0,0,0,0,0,0,0,0,0,0,1,97,0,0,0,0,0,0,0,0,0,0,0,2,0,Jolteon
2-07,06:01:01,NINTEN,Seadra,Bug Catcher,2,Viridian Forest,3,2:40.04,2:40,0h2m40s,0,0,0,8,0:09,17.38,BUBBLE,SMOKESCREEN,,,0,543,43,2,6,18,18,13,4,75,Flareon, ,Water,Water,512,Seadra2,Seadra,,00:02:22.66,00:02:40.04,00:09:59.11,8,0,0,2,40,4,BUBBLE,SMOKESCREEN,,,17,20,0,0,0,0,0,0,27,29,18,22,22,22,21,250,145,250,160,160,190,15,15,15,15,0,0,0,0,0,0,0,18,22,22,22,21,37911,22617,13306,0,1988,0,0,0,543,543,0,0,43,8,2,6,3,0,119,105,5,5,18,2,3,0,0,0,0,0,6,0,0,0,0,0,0,0,0,0,0,0,0,0,0,0,0,0,0,0,0,0,0,0,0,0,0,0,0,0,0,5,387,0,0,0,0,0,13,0,0,0,0,0,2,0,Flareon
2-07,06:01:53,NINTEN,Seadra,Bug Catcher,3,Viridian Forest,1,3:31.73,3:31,0h3m31s,0,0,0,9,0:13,8.572,BUBBLE,SMOKESCREEN,,,0,626,46,3,13,31,30,22,3,135,Flareon, ,Water,Water,747,Seadra2,Seadra,,00:03:23.16,00:03:31.73,00:13:22.46,9,0,0,3,31,73,BUBBLE,SMOKESCREEN,,,5,20,0,0,0,0,0,0,20,32,19,25,25,25,23,445,235,450,255,255,325,15,15,15,15,0,0,0,0,-1,0,0,19,25,25,25,15,50126,24570,23568,0,1988,0,0,0,626,626,0,0,46,16,3,13,7,0,229,199,15,15,30,2,8,0,0,0,0,0,7,0,0,0,0,0,0,0,0,0,0,0,0,0,0,0,0,0,0,0,0,0,0,0,0,0,0,0,0,0,0,9,622,0,0,0,0,1,13,0,1,0,0,0,2,0,Flareon
2-07,06:02:23,NINTEN,Seadra,Jr Trainer M,1,Pewter City - Gym,2,4:01.73,4:01,0h4m1s,0,0,0,10,0:15,10.126,BUBBLE,SMOKESCREEN,,,0,742,46,4,14,35,34,24,3,235,Flareon, ,Water,Water,1081,Seadra2,Seadra,,00:03:51.60,00:04:01.73,00:15:20.52,10,0,0,4,1,73,BUBBLE,SMOKESCREEN,,,26,20,0,0,0,0,0,0,25,34,21,27,27,27,25,505,365,560,330,330,460,15,15,15,15,0,0,0,0,0,0,0,21,27,27,27,25,57212,27875,27349,0,1988,0,0,0,742,742,0,0,46,18,4,14,8,0,288,250,24,24,34,2,10,0,0,0,0,0,7,0,1,0,0,0,0,0,0,0,0,0,0,0,0,0,0,0,0,0,0,0,0,0,0,0,0,0,0,0,0,11,956,0,0,0,0,1,13,0,1,0,0,0,2,0,Flareon
2-07,06:02:37,NINTEN,Seadra,Brock,1,Pewter City - Gym,2,4:15.88,4:15,0h4m15s,0,0,0,11,0:16,7.242,BUBBLE,SMOKESCREEN,,,0,746,47,5,14,37,36,24,3,415,Flareon, ,Water,Water,1541,Seadra2,Seadra,Brock,00:04:08.64,00:04:15.88,00:16:16.30,11,0,0,4,15,88,BUBBLE,SMOKESCREEN,,,24,20,0,0,0,0,0,0,37,37,23,29,29,29,27,580,490,820,390,390,550,15,15,15,15,0,0,0,0,0,0,0,23,29,29,29,27,60550,28390,29621,551,1988,0,0,0,746,746,0,0,47,19,5,14,8,0,380,311,24,24,36,2,10,0,0,0,0,0,8,0,1,0,0,0,0,0,0,0,0,0,0,0,0,0,0,0,0,0,0,0,0,0,0,0,0,0,0,0,0,13,1416,0,0,0,0,1,13,0,1,0,0,0,2,0,Flareon
2-07,06:03:11,NINTEN,Seadra,Bug Catcher,4,Route 3,3,4:50.00,4:50,0h4m50s,0,0,0,12,0:18,19.067,BUBBLE,SMOKESCREEN,,,0,823,49,6,14,46,45,33,4,1603,Flareon, ,Water,Water,1876,Seadra2,Seadra,,00:04:30.93,00:04:50.00,00:18:31.34,12,0,0,4,50,0,BUBBLE,SMOKESCREEN,,,15,20,0,0,0,0,0,0,31,39,24,32,32,32,29,710,585,920,450,450,690,15,15,15,15,0,0,0,0,-4,0,0,33,32,32,32,9,68654,30648,35151,867,1988,0,0,0,823,823,0,0,49,20,6,14,8,0,478,400,32,32,45,3,18,0,0,0,0,0,8,0,1,0,0,0,0,0,0,0,0,0,0,0,0,0,0,0,0,0,0,0,0,0,0,0,0,0,0,0,0,16,1751,0,0,0,0,1,13,0,1,0,0,0,2,0,Flareon
2-07,06:03:25,NINTEN,Seadra,Youngster,1,Route 3,2,5:04.07,5:04,0h5m4s,0,0,0,12,0:19,10.846,BUBBLE,SMOKESCREEN,,,0,827,53,7,14,52,50,36,4,1703,Flareon, ,Water,Water,2154,Seadra2,Seadra,,00:04:53.22,00:05:04.07,00:19:27.05,12,0,0,5,4,7,BUBBLE,SMOKESCREEN,,,10,20,0,0,0,0,0,0,22,39,24,32,32,32,29,775,701,999,515,515,817,15,15,15,15,0,0,0,0,0,0,0,27,32,32,32,29,71985,30912,38218,867,1988,0,0,0,827,827,0,0,53,21,7,14,8,0,543,459,41,41,50,4,20,0,0,0,0,0,11,0,1,0,0,0,0,0,0,0,0,0,0,0,0,0,0,0,0,0,0,0,0,0,0,0,0,0,0,0,0,18,2029,0,0,0,0,1,13,0,1,0,0,0,2,0,Flareon
2-07,06:03:43,NINTEN,Seadra,Lass,2,Route 3,2,5:21.38,5:21,0h5m21s,0,0,0,13,0:20,11.449,BUBBLE,SMOKESCREEN,,,0,845,54,8,14,57,55,40,4,1868,Flareon, ,Water,Water,2402,Seadra2,Seadra,,00:05:09.93,00:05:21.38,00:20:35.25,13,0,0,5,21,38,BUBBLE,SMOKESCREEN,,,5,20,0,0,0,0,0,0,7,42,26,34,34,34,31,851,814,1074,580,580,939,15,15,15,15,0,0,0,0,0,0,0,29,34,34,34,31,76085,31808,41422,867,1988,0,0,0,845,845,0,0,54,22,8,14,8,0,615,516,59,59,55,4,24,0,0,0,0,0,13,0,1,0,0,0,0,0,0,0,0,0,0,0,0,0,0,0,0,0,0,0,0,0,0,0,0,0,0,0,0,20,2277,0,0,0,0,1,13,0,1,0,0,0,2,0,Flareon
2-07,06:04:12,NINTEN,Seadra,Bug Catcher,6,Route 3,2,5:50.34,5:50,0h5m50s,0,0,0,13,0:22,11.062,BUBBLE,SMOKESCREEN,,,0,985,69,9,14,63,61,44,4,2018,Flareon, ,Water,Water,2695,Seadra2,Seadra,,00:05:39.28,00:05:50.34,00:22:29.54,13,0,0,5,50,34,BUBBLE,SMOKESCREEN,,,24,20,0,0,0,0,0,0,40,42,26,34,34,34,31,946,864,1164,625,625,1014,15,15,15,15,0,0,0,0,0,0,0,29,34,34,34,31,82954,35582,44517,867,1988,0,0,0,985,985,0,0,69,23,9,14,8,0,690,581,61,61,61,5,25,0,0,0,0,0,13,0,1,0,0,0,0,0,0,0,0,0,0,0,0,0,0,0,0,0,0,0,0,0,0,0,0,0,0,0,0,22,2570,0,0,0,0,1,13,0,1,0,0,0,2,0,Flareon
2-07,06:04:58,NINTEN,Seadra,Super Nerd,1,Mt Moon - 1,2,6:36.67,6:36,0h6m36s,0,0,0,14,0:25,11.95,WATER GUN,SMOKESCREEN,BUBBLE,,0,1146,88,10,18,68,66,47,4,2128,Flareon, ,Water,Water,3144,Seadra2,Seadra,,00:06:24.72,00:06:36.67,00:25:32.42,14,0,0,6,36,67,WATER GUN,SMOKESCREEN,BUBBLE,,20,20,24,0,0,0,0,0,38,44,28,37,36,36,34,1011,929,1284,775,775,1159,15,15,15,15,0,0,0,0,0,0,0,31,37,36,36,34,93922,39227,50991,1716,1988,0,0,0,1146,1146,0,0,88,28,10,18,12,0,777,640,65,65,66,6,27,0,0,0,0,0,15,0,1,0,0,0,0,0,0,0,0,0,0,0,0,0,0,0,0,0,0,0,0,0,0,0,0,0,0,0,0,24,3019,0,0,0,0,2,13,0,1,0,1,0,2,0,Flareon
2-07,06:05:18,NINTEN,Seadra,Bug Catcher,8,Mt Moon - 1,3,6:56.54,6:56,0h6m56s,0,0,0,15,0:26,14.327,WATER GUN,SMOKESCREEN,BUBBLE,,0,1168,91,11,18,74,72,50,5,2403,Flareon, ,Water,Water,3521,Seadra2,Seadra,,00:06:42.21,00:06:56.54,00:26:51.15,15,0,0,6,56,54,WATER GUN,SMOKESCREEN,BUBBLE,,18,20,20,0,0,0,0,0,39,47,30,39,39,39,36,1151,1009,1409,840,840,1279,15,15,15,15,0,0,0,0,0,0,0,33,39,39,39,36,98635,40135,54796,1716,1988,0,0,0,1168,1168,0,0,91,29,11,18,12,0,902,731,67,67,72,7,28,0,0,0,0,0,15,0,1,0,0,0,0,0,0,0,0,0,0,0,0,0,0,0,0,0,0,0,0,0,0,0,0,0,0,0,0,27,3396,0,0,0,0,3,13,0,1,0,1,0,2,0,Flareon
2-07,06:05:54,NINTEN,Seadra,Rocket,3,Mt Moon - 3,2,7:33.17,7:33,0h7m33s,0,0,0,16,0:29,10.761,WATER GUN,SMOKESCREEN,BUBBLE,,0,1240,93,12,22,81,79,52,6,2503,Flareon, ,Water,Water,4210,Seadra2,Seadra,,00:07:22.41,00:07:33.17,00:29:15.22,16,0,0,7,33,17,WATER GUN,SMOKESCREEN,BUBBLE,,14,20,17,0,0,0,0,0,39,49,32,41,41,41,38,1346,1354,1788,1010,1010,1449,15,15,15,15,0,-1,0,0,0,0,0,36,27,41,41,38,107282,42127,61451,1716,1988,0,0,0,1240,1240,0,0,93,34,12,22,13,0,1180,890,69,69,79,7,30,0,0,0,0,0,16,0,1,0,0,0,0,0,0,0,0,0,0,0,0,0,0,0,0,0,0,0,0,0,0,0,0,0,0,0,0,32,4085,0,0,0,0,4,13,0,1,0,1,0,2,0,Flareon
2-07,06:10:26,NINTEN,Seadra,Youngster,3,Mt Moon - 1,3,7:54.63,7:54,0h7m54s,0,0,0,16,0:30,10.766,WATER GUN,SMOKESCREEN,BUBBLE,,0,1273,96,13,23,85,83,53,7,2863,Flareon, ,Water,Water,4567,Seadra2,Seadra,,00:07:43.86,00:07:54.63,00:30:39.47,16,0,0,7,54,63,WATER GUN,SMOKESCREEN,BUBBLE,,11,20,16,0,0,0,0,0,37,49,32,41,41,41,38,1446,1511,1893,1100,1100,1648,15,15,15,15,0,0,0,0,0,0,0,36,41,41,41,38,112347,43520,65123,1716,1988,0,0,0,1273,1273,0,0,96,36,13,23,14,0,1313,974,71,71,83,7,31,0,0,0,0,0,17,0,1,0,0,0,0,0,0,0,0,0,0,0,0,0,0,0,0,0,0,0,0,0,0,0,0,0,0,0,0,35,4442,0,0,0,0,5,13,0,1,0,1,0,2,0,Flareon
2-07,06:10:44,NINTEN,Seadra,Hiker,1,Mt Moon - 1,3,8:12.68,8:12,0h8m12s,0,0,0,17,0:31,10.09,WATER GUN,SMOKESCREEN,BUBBLE,,0,1290,96,14,24,89,87,53,7,3013,Flareon, ,Water,Water,5286,Seadra2,Seadra,,00:08:02.59,00:08:12.68,00:31:50.49,17,0,0,8,12,68,WATER GUN,SMOKESCREEN,BUBBLE,,11,20,12,0,0,0,0,0,40,52,33,44,43,43,40,1601,1796,2353,1220,1220,1778,15,15,15,15,0,0,0,0,0,0,0,37,44,43,43,40,116609,43985,68920,1716,1988,0,0,0,1290,1290,0,0,96,38,14,24,14,0,1705,1088,71,71,87,7,31,0,0,0,0,0,19,0,1,0,0,0,0,0,0,0,0,0,0,0,0,0,0,0,0,0,0,0,0,0,0,0,0,0,0,0,0,39,5161,0,0,0,0,5,13,0,1,0,1,0,2,0,Flareon
2-07,06:11:04,NINTEN,Seadra,Rocket,1,Mt Moon - 3,2,8:32.73,8:32,0h8m32s,0,0,0,17,0:33,8.936,WATER GUN,SMOKESCREEN,BUBBLE,,0,1335,99,15,25,92,90,55,7,3363,Flareon, ,Water,Water,5593,Seadra2,Seadra,,00:08:23.79,00:08:32.73,00:33:09.45,17,0,0,8,32,73,WATER GUN,SMOKESCREEN,BUBBLE,,8,20,12,0,0,0,0,0,33,52,33,44,43,43,40,1671,1897,2423,1285,1285,1905,15,15,15,15,0,0,0,0,0,0,0,37,44,43,43,40,121345,45491,72150,1716,1988,0,0,0,1335,1335,0,0,99,40,15,25,15,0,1788,1156,78,78,90,7,33,0,0,0,0,0,19,0,1,0,0,0,0,0,0,0,0,0,0,0,0,0,0,0,0,0,0,0,0,0,0,0,0,0,0,0,0,41,5468,0,0,0,0,5,13,0,1,0,1,0,2,0,Flareon
2-07,06:11:48,NINTEN,Seadra,Super Nerd,2,Mt Moon - 3,3,9:16.92,9:16,0h9m16s,0,0,0,18,0:36,13.296,WATER GUN,SMOKESCREEN,BUBBLE,BIDE,0,1411,99,16,30,97,95,57,5,3753,Flareon, ,Water,Water,6380,Seadra2,Seadra,,00:09:03.62,00:09:16.92,00:36:03.24,18,0,0,9,16,92,WATER GUN,SMOKESCREEN,BUBBLE,BIDE,13,20,12,10,0,0,0,0,50,55,35,46,46,46,42,1831,2072,2618,1440,1440,2065,15,15,15,15,0,-2,0,0,0,0,0,39,23,46,46,42,131764,47008,79282,3486,1988,0,0,0,1411,1411,0,0,99,46,16,30,20,0,1917,1265,83,83,95,7,35,0,0,0,0,0,20,0,1,0,0,0,0,0,0,0,0,0,0,0,0,0,0,0,0,0,0,0,0,0,0,0,0,0,0,0,0,44,6255,0,0,0,0,5,13,0,1,0,2,0,2,0,Flareon
2-07,06:12:25,NINTEN,Seadra,Rocket,42,Mt Moon - 3,3,9:54.38,9:54,0h9m54s,0,0,0,19,0:38,26.482,WATER GUN,SMOKESCREEN,BIDE,BUBBLE,0,1427,104,17,31,113,101,62,6,4053,Flareon, ,Water,Water,7115,Seadra2,Seadra,,00:09:27.90,00:09:54.38,00:38:31.41,19,0,0,9,54,38,WATER GUN,SMOKESCREEN,BIDE,BUBBLE,8,20,9,12,0,0,0,0,21,57,37,49,48,48,45,1946,2242,2792,1580,1580,2245,15,15,15,15,-1,0,0,0,0,0,0,27,49,48,48,45,140661,48398,86789,3486,1988,0,0,0,1427,1427,0,0,104,48,17,31,21,0,2064,1375,114,114,100,7,40,0,0,0,0,0,21,0,1,0,0,0,0,0,0,0,0,0,0,0,0,0,0,0,0,0,0,0,0,0,0,0,0,0,0,0,0,47,6990,0,0,0,0,5,13,0,1,0,2,0,2,0,Flareon
2-07,06:13:00,NINTEN,Seadra,Jr Trainer F,1,Cerulean City - Gym,1,10:29.51,10:29,0h10m29s,0,0,0,19,0:40,15.458,WATER GUN,SMOKESCREEN,BIDE,BUBBLE,0,1575,113,18,31,120,107,68,6,4473,Flareon, ,Water,Water,7566,Seadra2,Seadra,,00:10:14.05,00:10:29.51,00:40:50.33,19,0,0,10,29,51,WATER GUN,SMOKESCREEN,BIDE,BUBBLE,19,20,10,30,0,0,0,0,28,57,37,49,48,48,45,1991,2309,2852,1630,1630,2308,15,15,15,15,0,-1,0,0,0,0,0,46,32,48,48,45,148993,52567,90952,3486,1988,0,0,0,1575,1575,0,0,113,49,18,31,21,0,2116,1424,143,143,106,9,44,0,0,0,0,0,21,0,3,0,0,1,0,0,0,0,0,0,0,0,0,0,0,0,4,1,0,0,0,0,0,0,0,0,0,0,0,48,7441,0,0,0,0,5,13,0,1,0,2,0,2,0,Flareon
2-07,06:13:26,NINTEN,Seadra,Swimmer,1,Cerulean City - Gym,2,10:54.95,10:54,0h10m54s,0,0,0,20,0:42,18.466,WATER GUN,SMOKESCREEN,BIDE,BUBBLE,0,1583,114,19,31,128,115,74,6,4853,Flareon, ,Water,Water,8180,Seadra2,Seadra,,00:10:36.48,00:10:54.95,00:42:30.58,20,0,0,10,54,95,WATER GUN,SMOKESCREEN,BIDE,BUBBLE,12,20,10,29,0,0,0,0,45,60,39,51,51,51,47,2051,2414,3022,1745,1745,2408,15,15,15,15,0,0,0,0,-1,0,0,43,51,51,51,31,155018,53000,95841,4189,1988,0,0,0,1583,1583,0,0,114,50,19,31,21,0,2196,1500,158,158,114,9,50,0,0,0,0,0,22,0,3,0,0,1,0,0,0,0,0,0,0,0,0,0,0,0,4,1,0,0,0,0,0,0,0,0,0,0,0,50,8055,0,0,0,0,5,13,0,1,0,2,0,2,0,Flareon
2-07,06:14:07,NINTEN,Seadra,Misty,1,Cerulean City - Gym,2,11:36.00,11:36,0h11m36s,0,0,0,21,0:45,32.038,WATER GUN,SMOKESCREEN,BIDE,BUBBLE,1,1592,118,20,31,145,127,89,6,4933,Flareon, ,Water,Water,9519,Seadra2,Seadra,Misty,00:11:03.96,00:11:36.00,00:45:13.41,21,0,0,11,36,0,WATER GUN,SMOKESCREEN,BIDE,BUBBLE,4,18,8,29,0,0,0,0,15,62,41,54,53,53,49,2141,2534,3162,1915,1915,2608,15,15,15,15,0,0,0,0,0,0,0,46,54,53,53,49,164781,53656,103956,5181,1988,1,0,0,1592,1592,0,0,118,51,20,31,21,0,2311,1600,205,205,124,10,59,0,0,0,0,0,24,0,5,0,0,1,0,0,0,0,0,0,0,0,0,0,0,0,4,1,0,0,0,0,0,0,0,0,0,0,0,52,9394,0,0,0,0,5,13,0,1,0,2,0,2,0,Flareon
2-07,06:14:49,NINTEN,Seadra,Rival2-Nugget Bridge,3,Cerulean City,4,12:18.29,12:18,0h12m18s,0,0,0,21,0:48,12.566,BUBBLEBEAM,SMOKESCREEN,BIDE,WATER GUN,1,1700,129,21,31,149,131,89,6,7012,Flareon, ,Water,Water,10557,Seadra2,Seadra,Rival (Nugget Bridge),00:12:05.72,00:12:18.29,00:48:00.29,21,0,0,12,18,29,BUBBLEBEAM,SMOKESCREEN,BIDE,WATER GUN,18,20,10,23,0,0,0,0,62,62,41,54,53,53,49,2316,2780,3362,2066,2066,2845,15,15,15,15,0,0,0,0,0,0,0,46,54,53,53,49,174789,58202,107547,7052,1988,1,0,0,1700,1700,0,0,129,52,21,31,21,0,2540,1771,205,205,128,10,59,0,0,0,0,0,25,0,5,0,0,1,0,0,0,0,0,0,0,0,0,0,0,0,4,1,0,0,0,0,0,0,0,0,0,0,0,56,10432,0,0,0,0,6,13,0,1,0,3,0,2,0,Flareon
2-07,06:15:04,NINTEN,Seadra,Bug Catcher,9,Route 24,2,12:32.74,12:32,0h12m32s,0,0,0,22,0:48,6.768,BUBBLEBEAM,SMOKESCREEN,BIDE,WATER GUN,1,1711,129,22,31,151,133,89,6,7607,Flareon, ,Water,Water,10872,Seadra2,Seadra,,00:12:25.97,00:12:32.74,00:48:57.32,22,0,0,12,32,74,BUBBLEBEAM,SMOKESCREEN,BIDE,WATER GUN,16,20,10,23,0,0,0,0,65,65,43,56,55,55,51,2401,2845,3427,2106,2106,2940,15,15,15,15,0,0,0,0,0,0,0,48,56,55,55,51,178212,59510,109662,7052,1988,1,0,0,1711,1711,0,0,129,53,22,31,21,0,2706,1846,205,205,130,10,59,0,0,0,0,0,25,0,5,0,0,1,0,0,0,0,0,0,0,0,0,0,0,0,4,1,0,0,0,0,0,0,0,0,0,0,0,58,10747,0,0,0,0,6,13,0,1,0,3,0,2,0,Flareon
2-07,06:15:12,NINTEN,Seadra,Lass,8,Route 24,2,12:41.32,12:41,0h12m41s,0,0,0,22,0:49,5.9,BUBBLEBEAM,SMOKESCREEN,BIDE,WATER GUN,1,1713,129,23,31,153,135,89,6,7747,Flareon, ,Water,Water,11214,Seadra2,Seadra,,00:12:35.42,00:12:41.32,00:49:31.15,22,0,0,12,41,32,BUBBLEBEAM,SMOKESCREEN,BIDE,WATER GUN,14,20,10,23,0,0,0,0,65,65,43,56,55,55,51,2496,2937,3519,2181,2181,3037,15,15,15,15,0,0,0,0,0,0,0,48,56,55,55,51,180235,59644,111551,7052,1988,1,0,0,1713,1713,0,0,129,54,23,31,21,0,2875,1924,205,205,132,10,59,0,0,0,0,0,26,0,5,0,0,1,0,0,0,0,0,0,0,0,0,0,0,0,4,1,0,0,0,0,0,0,0,0,0,0,0,60,11089,0,0,0,0,6,13,0,1,0,3,0,2,0,Flareon
2-07,06:15:23,NINTEN,Seadra,Youngster,4,Route 24,3,12:52.38,12:52,0h12m52s,0,0,0,22,0:50,8.275,BUBBLEBEAM,SMOKESCREEN,BIDE,WATER GUN,1,1717,132,24,31,156,138,89,6,7957,Flareon, ,Water,Water,11733,Seadra2,Seadra,,00:12:44.11,00:12:52.38,00:50:14.46,22,0,0,12,52,38,BUBBLEBEAM,SMOKESCREEN,BIDE,WATER GUN,11,20,10,23,0,0,0,0,65,65,43,56,55,55,51,2601,3098,3633,2286,2286,3219,15,15,15,15,0,0,0,0,0,0,0,48,56,55,55,51,182846,59832,113974,7052,1988,1,0,0,1717,1717,0,0,132,55,24,31,21,0,3109,2031,205,205,135,10,59,0,0,0,0,0,27,0,5,0,0,1,0,0,0,0,0,0,0,0,0,0,0,0,4,1,0,0,0,0,0,0,0,0,0,0,0,63,11608,0,0,0,0,6,13,0,1,0,3,0,2,0,Flareon
2-07,06:15:32,NINTEN,Seadra,Lass,7,Route 24,2,13:00.98,13:00,0h13m0s,0,0,0,22,0:50,5.786,BUBBLEBEAM,SMOKESCREEN,BIDE,WATER GUN,1,1721,138,25,31,158,140,89,6,8167,Flareon, ,Water,Water,12121,Seadra2,Seadra,,00:12:55.20,00:13:00.98,00:50:48.32,22,0,0,13,0,98,BUBBLEBEAM,SMOKESCREEN,BIDE,WATER GUN,9,20,10,23,0,0,0,0,65,65,43,56,55,55,51,2696,3190,3725,2361,2361,3316,15,15,15,15,0,0,0,0,0,0,0,48,56,55,55,51,184872,60006,115826,7052,1988,1,0,0,1721,1721,0,0,138,56,25,31,21,0,3211,2118,205,205,137,10,59,0,0,0,0,0,27,0,5,0,0,1,0,0,0,0,0,0,0,0,0,0,0,0,4,1,0,0,0,0,0,0,0,0,0,0,0,65,11996,0,0,0,0,6,13,0,1,0,3,0,2,0,Flareon
2-07,06:15:39,NINTEN,Seadra,Jr Trainer M,3,Route 24,1,13:08.34,13:08,0h13m8s,0,0,0,23,0:51,4.601,BUBBLEBEAM,SMOKESCREEN,BIDE,WATER GUN,1,1725,142,26,31,159,141,89,6,8407,Flareon, ,Water,Water,12406,Seadra2,Seadra,,00:13:03.74,00:13:08.34,00:51:17.28,23,0,0,13,8,34,BUBBLEBEAM,SMOKESCREEN,BIDE,WATER GUN,8,20,10,23,0,0,0,0,68,68,45,59,58,58,54,2736,3270,3760,2396,2396,3386,15,15,15,15,0,0,0,0,0,0,0,50,59,58,58,54,186608,60180,117388,7052,1988,1,0,0,1725,1725,0,0,142,57,26,31,21,0,3259,2163,205,205,138,10,59,0,0,0,0,0,27,0,5,0,0,1,0,0,0,0,0,0,0,0,0,0,0,0,4,1,0,0,0,0,0,0,0,0,0,0,0,66,12281,0,0,0,0,6,13,0,1,0,3,0,2,0,Flareon
2-07,06:15:52,NINTEN,Seadra,Rocket,6,Route 24,2,13:20.62,13:20,0h13m20s,0,0,0,23,0:52,6.053,BUBBLEBEAM,SMOKESCREEN,BIDE,WATER GUN,1,1731,146,27,31,161,143,89,7,8767,Flareon, ,Water,Water,12776,Seadra2,Seadra,,00:13:14.57,00:13:20.62,00:52:05.55,23,0,0,13,20,62,BUBBLEBEAM,SMOKESCREEN,BIDE,WATER GUN,6,20,10,23,0,0,0,0,68,68,45,59,58,58,54,2811,3375,3839,2476,2476,3496,15,15,15,15,0,0,0,0,0,0,0,50,59,58,58,54,189515,61160,119315,7052,1988,1,0,0,1731,1731,0,0,146,58,27,31,21,0,3385,2239,205,205,140,10,59,0,0,0,0,0,27,0,5,0,0,1,0,0,0,0,0,0,0,0,0,0,0,0,4,1,0,0,0,0,0,0,0,0,0,0,0,68,12651,0,0,0,0,6,13,0,1,0,3,0,2,0,Flareon
2-07,06:16:07,NINTEN,Seadra,Hiker,2,Route 25,2,13:35.99,13:35,0h13m35s,0,0,0,23,0:53,6.625,BUBBLEBEAM,SMOKESCREEN,BIDE,WATER GUN,1,1773,147,28,31,163,145,89,7,9217,Flareon, ,Water,Water,13334,Seadra2,Seadra,,00:13:29.36,00:13:35.99,00:53:06.38,23,0,0,13,35,99,BUBBLEBEAM,SMOKESCREEN,BIDE,WATER GUN,5,20,10,22,0,0,0,0,68,68,45,59,58,58,54,2921,3535,3989,2541,2541,3551,15,15,15,15,0,0,0,0,0,0,0,50,59,58,58,54,193158,62750,121368,7052,1988,1,0,0,1773,1773,0,0,147,59,28,31,21,0,3630,2326,205,205,142,10,59,0,0,0,0,0,27,0,5,0,0,1,0,0,0,0,0,0,0,0,0,0,0,0,4,1,0,0,0,0,0,0,0,0,0,0,0,70,13209,0,0,0,0,6,13,0,1,0,3,0,2,0,Flareon
2-07,06:16:19,NINTEN,Seadra,Hiker,4,Route 25,1,13:47.68,13:47,0h13m47s,0,0,0,23,0:53,4.613,BUBBLEBEAM,SMOKESCREEN,BIDE,WATER GUN,1,1791,151,29,31,164,146,89,8,9742,Flareon, ,Water,Water,13727,Seadra2,Seadra,,00:13:43.07,00:13:47.68,00:53:52.49,23,0,0,13,47,68,BUBBLEBEAM,SMOKESCREEN,BIDE,WATER GUN,5,20,10,21,0,0,0,0,68,68,45,59,58,58,54,2956,3580,4149,2571,2571,3621,15,15,15,15,0,0,0,0,0,0,0,50,59,58,58,54,195929,63942,122947,7052,1988,1,0,0,1791,1791,0,0,151,60,29,31,21,0,3802,2367,205,205,143,10,59,0,0,0,0,0,27,0,5,0,0,1,0,0,0,0,0,0,0,0,0,0,0,0,4,1,0,0,0,0,0,0,0,0,0,0,0,71,13602,0,0,0,0,7,13,0,1,0,3,0,2,0,Flareon
2-07,06:16:32,NINTEN,Seadra,Lass,9,Route 25,2,14:01.29,14:01,0h14m1s,0,0,0,24,0:54,8.722,BUBBLEBEAM,SMOKESCREEN,BIDE,WATER GUN,1,1803,154,30,31,166,148,89,8,10337,Flareon, ,Water,Water,14108,Seadra2,Seadra,,00:13:52.57,00:14:01.29,00:54:46.32,24,0,0,14,1,29,BUBBLEBEAM,SMOKESCREEN,BIDE,WATER GUN,3,20,10,21,0,0,0,0,70,70,47,61,60,60,56,3057,3684,4241,2651,2651,3712,15,15,15,15,0,0,0,0,0,0,0,52,61,60,60,56,199152,64617,125495,7052,1988,1,0,0,1803,1803,0,0,154,61,30,31,21,0,3931,2451,205,205,145,10,59,0,0,0,0,0,27,0,5,0,0,1,0,0,0,0,0,0,0,0,0,0,0,0,4,1,0,0,0,0,0,0,0,0,0,0,0,73,13983,0,0,0,0,7,13,0,1,0,3,0,2,0,Flareon
2-07,06:16:46,NINTEN,Seadra,Jr Trainer M,2,Route 25,2,14:14.72,14:14,0h14m14s,0,0,0,24,0:55,6.138,BUBBLEBEAM,SMOKESCREEN,BIDE,WATER GUN,1,1813,158,31,31,168,150,89,7,10562,Flareon, ,Water,Water,14465,Seadra2,Seadra,,00:14:08.59,00:14:14.72,00:55:39.27,24,0,0,14,14,72,BUBBLEBEAM,SMOKESCREEN,BIDE,WATER GUN,11,20,10,25,0,0,0,0,70,70,47,61,60,60,56,3122,3800,4320,2716,2716,3839,15,15,15,15,0,0,0,0,0,0,0,52,61,60,60,56,202327,65087,127420,7832,1988,1,0,0,1813,1813,0,0,158,62,31,31,21,0,4177,2521,205,205,147,10,59,0,0,0,0,0,28,0,5,0,0,1,0,0,0,0,0,0,0,0,0,0,0,0,4,1,0,0,0,0,0,0,0,0,0,0,0,75,14340,0,0,0,0,7,13,0,1,0,3,0,2,0,Flareon
2-07,06:17:01,NINTEN,Seadra,Hiker,3,Route 25,4,14:30.54,14:30,0h14m30s,0,0,0,24,0:56,12.851,BUBBLEBEAM,SMOKESCREEN,BIDE,WATER GUN,1,1817,159,32,31,172,154,89,7,10842,Flareon, ,Water,Water,15423,Seadra2,Seadra,,00:14:17.68,00:14:30.54,00:56:41.44,24,0,0,14,30,54,BUBBLEBEAM,SMOKESCREEN,BIDE,WATER GUN,10,20,10,22,0,0,0,0,70,70,47,61,60,60,56,3312,4120,4670,2841,2841,3934,15,15,15,15,0,0,0,0,0,0,0,52,61,60,60,56,206064,65295,130949,7832,1988,1,0,0,1817,1817,0,0,159,63,32,31,21,0,5101,2669,205,205,151,10,59,0,0,0,0,0,29,0,5,0,0,1,0,0,0,0,0,0,0,0,0,0,0,0,4,1,0,0,0,0,0,0,0,0,0,0,0,79,15298,0,0,0,0,7,13,0,1,0,3,0,2,0,Flareon
2-07,06:17:19,NINTEN,Seadra,Lass,10,Route 25,3,14:48.01,14:48,0h14m48s,0,0,0,25,0:57,13.273,BUBBLEBEAM,SMOKESCREEN,BIDE,WATER GUN,1,1836,160,33,31,177,159,91,7,11297,Flareon, ,Water,Water,16008,Seadra2,Seadra,Oddish Lass,00:14:34.73,00:14:48.01,00:57:50.42,25,0,0,14,48,1,BUBBLEBEAM,SMOKESCREEN,BIDE,WATER GUN,5,20,10,22,0,0,0,0,61,73,49,64,63,63,58,3442,4265,4820,3026,3026,4050,15,15,15,15,0,0,0,0,0,0,0,55,64,63,63,58,210202,65815,134567,7832,1988,1,0,0,1836,1836,0,0,160,64,33,31,21,0,5360,2782,217,217,156,10,61,0,0,0,0,0,30,0,5,0,0,1,0,0,0,0,0,0,0,0,0,0,0,0,4,1,0,0,0,0,0,0,0,0,0,0,0,82,15883,0,0,0,0,7,13,0,1,0,3,0,2,0,Flareon
2-07,06:17:30,NINTEN,Seadra,Youngster,7,Route 25,2,14:58.73,14:58,0h14m58s,0,0,0,25,0:58,6.16,BUBBLEBEAM,SMOKESCREEN,BIDE,WATER GUN,1,1848,161,34,31,179,161,91,8,11492,Flareon, ,Water,Water,16473,Seadra2,Seadra,,00:14:52.57,00:14:58.73,00:58:32.54,25,0,0,14,58,73,BUBBLEBEAM,SMOKESCREEN,BIDE,WATER GUN,3,20,10,22,0,0,0,0,61,73,49,64,63,63,58,3527,4400,4949,3096,3096,4145,15,15,15,15,0,0,0,0,0,0,0,55,64,63,63,58,212734,66417,136497,7832,1988,1,0,0,1848,1848,0,0,161,65,34,31,21,0,5625,2858,217,217,158,10,61,0,0,0,0,0,30,0,5,0,0,1,0,0,0,0,0,0,0,0,0,0,0,0,4,1,0,0,0,0,0,0,0,0,0,0,0,84,16348,0,0,0,0,8,13,0,1,0,3,0,2,0,Flareon
2-07,06:18:05,NINTEN,Seadra,Cerulean Rocket,5,Cerulean City,2,15:34.22,15:34,0h15m34s,0,0,0,25,1:00,8.465,BUBBLEBEAM,SMOKESCREEN,BIDE,WATER GUN,1,2014,176,35,31,182,164,92,9,11702,Flareon, ,Water,Water,17162,Seadra2,Seadra,Rocket,00:15:25.75,00:15:34.22,01:00:53.13,25,0,0,15,34,22,BUBBLEBEAM,SMOKESCREEN,BIDE,WATER GUN,1,20,10,21,0,0,0,0,48,73,49,64,63,63,58,3657,4528,5044,3221,3221,4222,15,15,15,15,0,0,0,0,0,0,0,55,64,63,63,58,221153,72341,138992,7832,1988,1,0,0,2014,2014,0,0,176,66,35,31,21,0,5777,2961,230,230,161,10,62,0,0,0,0,0,31,0,6,0,0,1,0,0,0,0,0,0,0,0,0,0,0,0,4,1,0,0,0,0,0,0,0,0,0,0,0,86,17037,0,0,0,0,8,13,0,1,0,3,0,2,0,Flareon
2-07,06:18:42,NINTEN,Seadra,Jr Trainer F,3,Route 6,3,16:10.84,16:10,0h16m10s,0,0,0,26,1:03,11.085,BUBBLEBEAM,SMOKESCREEN,BIDE,WATER GUN,1,2162,183,36,32,185,167,94,10,12212,Flareon, ,Water,Water,17723,Seadra2,Seadra,,00:15:59.75,00:16:10.84,01:03:17.22,26,0,0,16,10,84,BUBBLEBEAM,SMOKESCREEN,BIDE,WATER GUN,11,20,10,18,0,0,0,0,61,76,51,66,65,65,61,3777,4663,5164,3326,3326,4390,15,15,15,15,0,0,0,0,0,0,0,57,66,65,65,61,229802,76029,142932,8853,1988,1,0,0,2162,2162,0,0,183,68,36,32,22,0,5921,3084,240,240,164,10,64,0,0,0,0,0,31,0,6,0,0,1,0,0,0,0,0,0,0,0,0,0,0,0,4,1,0,0,0,0,0,0,0,0,0,0,0,89,17598,0,0,0,0,9,13,0,1,0,3,0,2,0,Flareon
2-07,06:18:52,NINTEN,Seadra,Jr Trainer M,5,Route 6,2,16:20.79,16:20,0h16m20s,0,0,0,26,1:03,6.978,BUBBLEBEAM,SMOKESCREEN,BIDE,WATER GUN,1,2165,183,37,32,187,169,94,10,12532,Flareon, ,Water,Water,18318,Seadra2,Seadra,,00:16:13.81,00:16:20.79,01:03:56.33,26,0,0,16,20,79,BUBBLEBEAM,SMOKESCREEN,BIDE,WATER GUN,10,20,10,17,0,0,0,0,61,76,51,66,65,65,61,3872,4804,5254,3407,3407,4557,15,15,15,15,0,0,0,0,0,0,0,57,66,65,65,61,232153,76235,145077,8853,1988,1,0,0,2165,2165,0,0,183,69,37,32,22,0,6040,3171,240,240,166,10,64,0,0,0,0,0,31,0,6,0,0,1,0,0,0,0,0,0,0,0,0,0,0,0,4,1,0,0,0,0,0,0,0,0,0,0,0,91,18193,0,0,0,0,9,13,0,1,0,3,0,2,0,Flareon
2-07,06:19:24,NINTEN,Seadra,Sailor,5,SS Anne,2,16:52.88,16:52,0h16m52s,0,0,0,26,1:06,11.517,BUBBLEBEAM,SMOKESCREEN,BIDE,WATER GUN,1,2301,203,38,32,192,174,97,13,11802,Flareon, ,Water,Water,19131,Seadra2,Seadra,,00:16:41.36,00:16:52.88,01:06:02.45,26,0,0,16,52,88,BUBBLEBEAM,SMOKESCREEN,BIDE,WATER GUN,5,20,10,17,0,0,0,0,49,76,51,66,65,65,61,3942,4889,5344,3577,3577,4712,15,15,15,15,0,-1,0,0,0,0,0,64,43,65,65,61,239725,80668,148216,8853,1988,1,0,0,2301,2301,0,0,203,70,38,32,22,0,6128,3257,252,252,171,10,67,0,0,0,0,0,31,0,6,0,0,1,0,0,0,0,0,0,0,0,0,0,0,0,4,1,0,0,0,0,0,0,0,0,0,0,0,93,19006,0,0,0,0,11,16,0,1,0,3,0,2,0,Flareon
2-07,06:19:44,NINTEN,Seadra,Gentleman,5,SS Anne,2,17:12.85,17:12,0h17m12s,0,0,0,27,1:07,8.059,BUBBLEBEAM,SMOKESCREEN,BIDE,WATER GUN,1,2400,208,39,32,194,176,97,14,12342,Flareon, ,Water,Water,20015,Seadra2,Seadra,,00:17:04.79,00:17:12.85,01:07:21.18,27,0,0,17,12,85,BUBBLEBEAM,SMOKESCREEN,BIDE,WATER GUN,5,20,10,15,0,0,0,0,52,79,53,69,68,68,63,4047,5044,5444,3692,3692,4862,15,15,15,15,0,0,0,0,0,0,0,59,69,68,68,63,244438,83078,150519,8853,1988,1,0,0,2400,2400,0,0,208,71,39,32,22,0,6327,3351,252,252,173,10,67,0,0,0,0,0,32,0,6,0,0,1,0,0,0,0,0,0,0,0,0,0,0,0,4,1,0,0,0,0,0,0,0,0,0,0,0,95,19890,0,0,0,0,12,16,0,1,0,3,0,2,0,Flareon
2-07,06:19:52,NINTEN,Seadra,Lass,12,SS Anne,1,17:21.08,17:21,0h17m21s,0,0,0,27,1:07,3.682,BUBBLEBEAM,SMOKESCREEN,BIDE,WATER GUN,1,2403,210,40,32,195,177,97,14,13532,Flareon, ,Water,Water,20340,Seadra2,Seadra,,00:17:17.40,00:17:21.08,01:07:53.44,27,0,0,17,21,8,BUBBLEBEAM,SMOKESCREEN,BIDE,WATER GUN,4,20,10,15,0,0,0,0,52,79,53,69,68,68,63,4162,5089,5464,3717,3717,4882,15,15,15,15,0,0,0,0,0,0,0,59,69,68,68,63,246384,83603,151789,9004,1988,1,0,0,2403,2403,0,0,210,72,40,32,22,0,6410,3430,252,252,174,10,67,0,0,0,0,0,32,0,6,0,0,1,0,0,0,0,0,0,0,0,0,0,0,0,4,1,0,0,0,0,0,0,0,0,0,0,0,96,20215,0,0,0,0,13,16,0,1,0,3,0,2,0,Flareon
2-07,06:20:17,NINTEN,Seadra,Rival3-SS Anne,1,SS Anne,4,17:45.73,17:45,0h17m45s,0,0,0,27,1:09,11.776,BUBBLEBEAM,SMOKESCREEN,BIDE,WATER GUN,1,2427,211,41,32,200,182,98,13,13832,Flareon, ,Water,Water,21521,Seadra2,Seadra,Rival (SS Anne),00:17:33.95,00:17:45.73,01:09:30.35,27,0,0,17,45,73,BUBBLEBEAM,SMOKESCREEN,BIDE,WATER GUN,9,20,10,15,0,0,0,0,73,79,53,69,68,68,63,4337,5335,5664,3868,3868,5119,15,15,15,15,0,0,0,0,0,0,0,59,69,68,68,63,252195,84681,154957,10569,1988,1,0,0,2427,2427,0,0,211,73,41,32,22,0,6819,3618,258,258,179,10,68,0,0,0,0,0,32,0,6,0,0,1,0,0,0,0,0,0,0,0,0,0,0,0,4,1,0,0,0,0,0,0,0,0,0,0,0,100,21396,0,0,0,0,13,16,0,1,0,3,0,2,0,Flareon
2-07,06:20:56,NINTEN,Seadra,Youngster,12,Route 11,2,18:25.38,18:25,0h18m25s,0,0,0,28,1:12,10.766,BUBBLEBEAM,SMOKESCREEN,BIDE,WATER GUN,1,2603,215,42,32,204,186,100,14,15132,Flareon, ,Water,Water,22206,Seadra2,Seadra,,00:18:14.61,00:18:25.38,01:12:07.28,28,0,0,18,25,38,BUBBLEBEAM,SMOKESCREEN,BIDE,WATER GUN,9,20,10,11,0,0,0,0,66,81,54,71,70,70,66,4444,5464,5761,3963,3963,5234,15,15,15,15,0,0,0,0,0,0,0,60,71,70,70,66,261608,90998,158053,10569,1988,1,0,0,2603,2603,0,0,215,74,42,32,22,0,7005,3717,267,267,183,10,70,0,0,0,0,0,33,0,6,0,0,1,0,0,0,0,0,0,0,0,0,0,0,0,4,1,0,0,0,0,0,0,0,0,0,0,0,102,22081,0,0,0,0,13,16,0,1,0,3,0,2,0,Flareon
2-07,06:21:34,NINTEN,Seadra,Surge,1,Vermilion City - Gym,1,19:02.89,19:02,0h19m2s,0,0,0,28,1:14,9.153,BUBBLEBEAM,SMOKESCREEN,BIDE,WATER GUN,2,2692,223,43,32,208,190,102,12,15402,Flareon, ,Water,Water,22938,Seadra2,Seadra,Lt. Surge,00:18:53.74,00:19:02.89,01:14:35.36,28,0,0,19,2,89,BUBBLEBEAM,SMOKESCREEN,BIDE,WATER GUN,6,19,10,11,0,0,0,0,57,81,54,71,70,70,66,4504,5554,5816,4053,4053,5334,15,15,15,15,-1,0,0,0,0,0,0,39,71,70,70,66,270496,93457,160726,14325,1988,2,0,0,2692,2692,0,0,223,75,43,32,22,0,7092,3793,291,291,187,10,72,0,0,0,0,0,33,0,6,0,0,1,0,0,0,0,0,0,0,0,0,0,0,0,4,1,0,0,0,0,0,0,0,0,0,0,0,103,22813,0,0,0,0,13,16,0,1,0,5,0,2,0,Flareon
2-07,06:22:59,NINTEN,Seadra,Wrapping Lass,5,Route 9,4,20:28.39,20:28,0h20m28s,0,0,0,28,1:20,26.244,BUBBLEBEAM,SMOKESCREEN,BIDE,WATER GUN,3,2886,249,44,32,220,200,108,14,18174,Flareon,Poisoned,Water,Water,24186,Seadra2,Seadra,RTG1 - Wrapping Lass,00:20:02.15,00:20:28.39,01:20:13.05,28,0,0,20,28,39,BUBBLEBEAM,SMOKESCREEN,BIDE,WATER GUN,10,20,10,25,0,0,0,0,26,81,54,71,70,70,66,4694,5804,5996,4343,4343,5474,15,15,15,15,0,0,0,0,0,0,0,60,79,70,70,66,290745,102627,167549,18581,1988,3,0,0,2886,2834,52,0,249,76,44,32,22,0,7373,3989,346,346,197,12,76,0,0,0,0,0,35,0,6,0,0,1,0,0,0,0,0,0,0,1,0,0,0,0,4,1,0,0,0,0,0,0,0,0,0,0,0,107,24061,0,0,0,0,13,16,0,1,0,5,0,2,0,Flareon
2-07,06:23:23,NINTEN,Seadra,Bug Catcher,14,Route 9,3,20:52.06,20:52,0h20m52s,0,0,0,29,1:21,9.932,BUBBLEBEAM,SMOKESCREEN,BIDE,WATER GUN,3,2929,259,45,32,223,203,108,13,18534,Flareon, ,Water,Water,24955,Seadra2,Seadra,,00:20:42.13,00:20:52.06,01:21:46.21,29,0,0,20,52,6,BUBBLEBEAM,SMOKESCREEN,BIDE,WATER GUN,9,20,10,23,0,0,0,0,84,84,56,74,73,73,68,4839,5924,6111,4423,4423,5614,15,15,15,15,0,0,0,0,0,0,0,63,83,73,73,68,296341,103720,170385,20248,1988,3,0,0,2929,2834,95,0,259,77,45,32,22,0,7580,4146,346,346,200,12,76,0,0,0,0,0,35,0,6,0,0,1,0,0,0,0,0,0,0,1,0,0,0,0,4,1,0,0,0,0,0,0,0,0,0,0,0,110,24830,0,0,0,0,13,16,0,1,0,5,0,2,0,Flareon
2-07,06:23:45,NINTEN,Seadra,Pokemaniac,7,Rock Tunnel - 1,2,21:13.70,21:13,0h21m13s,0,0,0,29,1:23,9.437,BUBBLEBEAM,SMOKESCREEN,BIDE,WATER GUN,3,3043,277,46,32,226,206,109,13,18734,Flareon, ,Water,Water,25869,Seadra2,Seadra,,00:21:04.26,00:21:13.70,01:23:11.50,29,0,0,21,13,70,BUBBLEBEAM,SMOKESCREEN,BIDE,WATER GUN,8,20,10,21,0,0,0,0,76,84,56,74,73,73,68,4979,6039,6271,4503,4503,5664,15,15,15,15,0,0,0,0,0,0,0,63,83,73,73,68,301470,105379,173019,21084,1988,3,0,0,3043,2834,209,0,277,78,46,32,22,0,7820,4283,354,354,203,12,77,0,0,0,0,0,37,0,6,0,0,1,0,0,0,0,0,0,0,1,0,0,0,0,4,1,0,0,0,0,0,0,0,0,0,0,0,112,25744,0,0,0,0,13,16,0,1,0,5,0,2,0,Flareon
2-07,06:24:05,NINTEN,Seadra,Pokemaniac,5,Rock Tunnel,1,21:33.61,21:33,0h21m33s,0,0,0,29,1:24,15.643,BUBBLEBEAM,SMOKESCREEN,BIDE,WATER GUN,3,3080,278,47,32,234,209,116,13,19884,Flareon, ,Water,Water,26398,Seadra2,Seadra,,00:21:17.97,00:21:33.61,01:24:30.39,29,0,0,21,33,61,BUBBLEBEAM,SMOKESCREEN,BIDE,WATER GUN,8,20,8,20,0,0,0,0,25,84,56,74,73,73,68,5069,6104,6336,4543,4543,5679,15,15,15,15,0,0,0,0,0,0,0,63,83,73,73,68,306199,106003,177124,21084,1988,3,0,0,3080,2834,246,0,278,79,47,32,22,0,7906,4367,405,405,204,12,84,0,0,0,0,0,37,0,6,0,0,1,0,0,0,0,0,0,0,1,0,0,0,0,4,1,0,0,0,0,0,0,0,0,0,0,0,113,26273,0,0,0,0,13,16,0,1,0,5,0,2,0,Flareon
2-07,06:24:30,NINTEN,Seadra,Jr Trainer F,10,Rock Tunnel,2,21:59.39,21:59,0h21m59s,0,0,0,30,1:26,15.467,BUBBLEBEAM,SMOKESCREEN,BIDE,WATER GUN,4,3092,281,48,32,240,215,120,12,21134,Flareon,Poisoned,Water,Water,27066,Seadra2,Seadra,RTG4 - Status Jr Trainer,00:21:43.93,00:21:59.39,01:26:12.38,30,0,0,21,59,39,BUBBLEBEAM,SMOKESCREEN,BIDE,WATER GUN,3,20,8,19,0,0,0,0,62,87,58,77,76,76,70,5159,6203,6440,4683,4683,5754,15,15,15,15,0,0,0,0,0,0,0,65,86,76,76,70,312318,106604,181181,22545,1988,4,0,0,3092,2834,258,0,281,80,48,32,22,0,8037,4482,430,430,210,13,87,0,0,0,0,0,38,0,6,0,0,1,0,0,0,0,0,0,0,2,0,0,0,0,4,1,0,0,0,0,0,0,0,0,0,0,0,115,26941,0,0,0,0,13,16,0,1,0,5,0,2,0,Flareon
2-07,06:25:01,NINTEN,Seadra,Selfdestructing Hiker,9,Rock Tunnel,3,22:29.66,22:29,0h22m29s,0,0,0,30,1:28,10.284,BUBBLEBEAM,SMOKESCREEN,BIDE,WATER GUN,4,3204,295,49,32,243,218,120,12,21574,Flareon, ,Water,Water,28443,Seadra2,Seadra,,00:22:19.38,00:22:29.66,01:28:12.09,30,0,0,22,29,66,BUBBLEBEAM,SMOKESCREEN,BIDE,WATER GUN,3,20,8,16,0,0,0,0,62,87,58,77,76,76,70,5294,6458,6755,4788,4788,5829,15,15,15,15,0,0,0,0,0,0,0,65,86,76,76,70,319489,109389,183992,24120,1988,4,0,0,3204,2834,370,0,295,81,49,32,22,0,8958,4641,430,430,213,13,87,0,0,0,0,0,39,0,6,0,0,1,0,0,0,0,0,0,0,2,0,0,0,0,4,1,0,0,0,0,0,0,0,0,0,0,0,118,28318,0,0,0,0,13,16,0,1,0,5,0,2,0,Flareon
2-07,06:26:16,NINTEN,Seadra,Jr Trainer F,18,Rock Tunnel - 1,3,23:44.99,23:44,0h23m44s,2,0,2,30,1:29,12.46,BUBBLEBEAM,SMOKESCREEN,BIDE,WATER GUN,5,3258,311,50,32,247,222,121,11,22309,Flareon, ,Water,Water,29306,Seadra2,Seadra,RTG6 - Finisher,00:23:32.53,00:23:44.99,01:29:50.58,30,2,0,23,44,99,BUBBLEBEAM,SMOKESCREEN,BIDE,WATER GUN,2,20,8,13,0,0,0,0,51,87,58,77,76,76,70,5419,6598,6885,4938,4938,6005,15,15,15,15,0,0,0,0,0,0,0,65,86,76,76,70,325424,111236,187319,24723,2146,5,1,0,3258,2834,424,0,311,82,50,32,22,0,9129,4795,441,441,217,13,88,0,0,0,0,0,40,0,6,0,0,1,0,0,0,0,0,0,0,2,0,0,0,0,4,1,0,0,0,0,0,0,0,0,0,0,0,121,29181,0,0,0,0,13,16,0,1,0,5,0,2,2,Flareon
2-07,06:26:56,NINTEN,Seadra,Gambler,7,Route 8,2,24:24.63,24:24,0h24m24s,2,1,3,31,1:32,9.149,BUBBLEBEAM,SWIFT,SMOKESCREEN,WATER GUN,5,3445,347,51,33,249,224,121,12,22709,Flareon, ,Water,Water,30098,Seadra2,Seadra,,00:24:15.48,00:24:24.63,01:32:27.21,31,2,0,24,24,63,BUBBLEBEAM,SWIFT,SMOKESCREEN,WATER GUN,2,20,20,11,0,0,0,0,53,89,60,79,78,78,72,5512,6709,6970,5053,5053,6130,15,15,15,15,0,0,0,0,0,0,0,67,88,78,78,72,334807,115629,190644,26388,2146,5,1,0,3445,2923,522,0,347,84,51,33,23,0,9273,4915,441,441,219,13,88,0,0,0,0,0,40,0,6,0,0,1,0,0,0,0,0,0,0,2,0,0,0,0,4,1,0,0,0,0,0,0,0,0,0,0,0,123,29973,0,0,0,0,14,16,0,1,0,6,1,2,3,Flareon
2-07,06:27:11,NINTEN,Seadra,Super Nerd,4,Route 8,3,24:40.33,24:40,0h24m40s,2,1,3,31,1:33,12.377,WATER GUN,SWIFT,SMOKESCREEN,BUBBLEBEAM,5,3456,348,52,33,253,228,122,12,24389,Flareon, ,Water,Water,31683,Seadra2,Seadra,,00:24:27.95,00:24:40.33,01:33:29.16,31,2,0,24,40,33,WATER GUN,SWIFT,SMOKESCREEN,BUBBLEBEAM,9,20,20,0,0,0,0,0,53,89,60,79,78,78,72,5777,6974,7145,5198,5198,6230,15,15,15,15,0,0,0,0,0,0,0,67,88,78,78,72,338522,115921,194067,26388,2146,5,1,0,3456,2934,522,0,348,85,52,33,23,0,9518,5136,441,441,223,13,88,0,0,0,0,0,41,0,6,0,0,1,0,0,0,0,0,0,0,2,0,0,0,0,4,1,0,0,0,0,0,0,0,0,0,0,0,126,31558,0,0,0,0,14,16,0,1,0,6,1,2,3,Flareon
2-07,06:28:00,NINTEN,Seadra,Rocket,7,Celadon City - Game Corner,2,25:28.65,25:28,0h25m28s,2,1,3,31,1:36,6.268,WATER GUN,SWIFT,SMOKESCREEN,BUBBLEBEAM,5,3697,360,53,33,255,230,122,11,24939,Flareon, ,Water,Water,32410,Seadra2,Seadra,,00:25:22.38,00:25:28.65,01:36:40.11,31,2,0,25,28,65,WATER GUN,SWIFT,SMOKESCREEN,BUBBLEBEAM,25,20,20,18,0,0,0,0,89,89,60,79,78,78,72,5872,7100,7240,5288,5288,6382,15,15,15,15,0,0,0,0,0,0,0,67,88,78,78,72,349977,125082,196045,26704,2146,5,1,0,3697,3175,522,0,360,86,53,33,23,0,9677,5240,441,441,225,13,88,0,0,0,0,0,41,0,6,0,0,1,0,0,0,0,0,0,0,2,0,0,0,0,4,1,0,0,0,0,0,0,0,0,0,0,0,128,32285,0,0,0,0,17,16,0,1,0,6,1,2,3,Flareon
2-07,06:28:36,NINTEN,Seadra,Rocket,15,Rocket Hideout 3,2,26:05.22,26:05,0h26m5s,2,1,3,32,1:39,8.624,WATER GUN,SWIFT,SMOKESCREEN,BUBBLEBEAM,5,3871,370,54,33,258,233,123,12,25539,Flareon, ,Water,Water,33202,Seadra2,Seadra,,00:25:56.60,00:26:05.22,01:39:04.56,32,2,0,26,5,22,WATER GUN,SWIFT,SMOKESCREEN,BUBBLEBEAM,25,20,20,15,0,0,0,0,85,92,62,82,81,81,75,6012,7260,7340,5358,5358,6452,15,15,15,15,0,0,0,0,0,0,0,69,92,81,81,75,358662,131247,198565,26704,2146,5,1,0,3871,3349,522,0,370,87,54,33,23,0,9931,5366,448,448,227,14,89,0,0,0,0,0,42,0,6,0,0,1,0,0,0,0,0,0,0,2,0,0,0,0,4,1,0,0,0,0,0,0,0,0,0,0,0,130,33077,0,0,0,0,20,16,0,1,0,6,1,2,3,Flareon
2-07,06:31:44,NINTEN,Seadra,Rival4-Pkmn Tower,3,Pokemon Tower - 2F,5,29:13.52,29:13,0h29m13s,2,1,3,32,1:51,25.371,BUBBLEBEAM,SWIFT,WATER GUN,ICE BEAM,6,4364,421,55,35,269,241,129,13,7919,Flareon, ,Water,Water,35852,Seadra2,Seadra,Rival (Pokemon Tower),00:28:48.15,00:29:13.52,01:51:29.42,32,2,0,29,13,52,BUBBLEBEAM,SWIFT,WATER GUN,ICE BEAM,8,20,25,9,0,0,0,0,52,92,62,82,85,85,75,6237,7580,7710,15894,15894,6732,15,15,15,15,-1,0,0,0,0,0,0,45,103,85,85,75,403348,159459,207972,33771,2146,6,1,0,4364,3842,522,0,421,90,55,35,24,0,10517,5652,481,481,235,17,92,0,0,0,0,0,42,0,6,0,0,2,0,0,0,0,0,0,0,2,0,0,0,0,8,4,0,0,0,0,0,0,0,0,0,0,0,135,35727,0,0,0,0,25,43,13,2,1,8,1,2,3,Flareon
2-07,06:32:16,NINTEN,Seadra,Channeler,10,Pokemon Tower - 4F,2,29:44.87,29:44,0h29m44s,2,1,3,33,1:53,10.486,BUBBLEBEAM,SWIFT,WATER GUN,ICE BEAM,7,4412,424,56,35,273,245,131,12,9544,Flareon, ,Water,Water,36788,Seadra2,Seadra,,00:29:34.38,00:29:44.87,01:53:33.47,33,2,0,29,44,87,BUBBLEBEAM,SWIFT,WATER GUN,ICE BEAM,4,20,25,9,0,0,0,0,32,95,65,84,87,87,77,6297,7650,7770,16094,16094,6892,15,15,15,15,0,0,0,0,0,0,0,73,94,87,87,77,410793,161608,210904,36135,2146,7,1,0,4412,3890,522,0,424,91,56,35,24,0,10719,5752,504,504,239,17,94,0,0,0,0,0,43,0,6,0,0,3,0,0,0,0,0,0,0,2,0,0,0,0,9,4,0,0,0,0,0,0,0,0,0,0,0,137,36663,0,0,0,0,25,43,13,2,1,8,1,2,3,Flareon
2-07,06:32:42,NINTEN,Seadra,Channeler,21,Pokemon Tower - 6F,1,30:11.43,30:11,0h30m11s,2,1,3,33,1:55,5.5,BUBBLEBEAM,SWIFT,WATER GUN,ICE BEAM,8,4482,440,57,36,275,247,132,12,10234,Flareon, ,Water,Water,37275,Seadra2,Seadra,,00:30:05.93,00:30:11.43,01:55:18.47,33,2,0,30,11,43,BUBBLEBEAM,SWIFT,WATER GUN,ICE BEAM,18,20,25,10,0,0,0,0,71,95,65,84,87,87,77,6327,7685,7800,16194,16194,6972,15,15,15,15,0,0,0,0,0,0,0,73,94,87,87,77,417093,164662,213283,37002,2146,8,1,0,4482,3960,522,0,440,93,57,36,25,0,10804,5804,528,528,241,17,95,0,0,0,0,0,43,0,6,0,0,3,0,0,0,0,0,0,0,2,0,0,0,0,9,4,0,0,0,0,0,0,0,0,0,0,0,138,37150,0,0,0,0,27,43,13,2,1,8,1,2,3,Flareon
2-07,06:32:52,NINTEN,Seadra,Channeler,20,Pokemon Tower - 6F,1,30:21.43,30:21,0h30m21s,2,1,3,33,1:55,7.361,BUBBLEBEAM,SWIFT,WATER GUN,ICE BEAM,8,4491,441,58,36,278,249,134,12,10954,Flareon, ,Water,Water,37762,Seadra2,Seadra,,00:30:14.06,00:30:21.43,01:55:58.12,33,2,0,30,21,43,BUBBLEBEAM,SWIFT,WATER GUN,ICE BEAM,16,20,25,10,0,0,0,0,36,95,65,84,87,87,77,6357,7720,7830,16294,16294,7052,15,15,15,15,0,0,0,0,0,0,0,73,94,87,87,77,419458,164893,215417,37002,2146,8,1,0,4491,3969,522,0,441,94,58,36,25,0,10895,5856,563,563,243,17,97,0,0,0,0,0,43,0,6,0,0,4,0,0,0,0,0,0,0,2,0,0,0,0,10,5,0,0,0,0,0,0,0,0,0,0,0,139,37637,0,0,0,0,27,43,13,2,1,8,1,2,3,Flareon
2-07,06:33:21,NINTEN,Seadra,Rocket,44,Pokemon Tower - 7F,3,30:50.51,30:50,0h30m50s,2,1,3,34,1:57,12.181,BUBBLEBEAM,SWIFT,WATER GUN,ICE BEAM,9,4517,446,59,37,283,254,136,12,11674,Flareon, ,Water,Water,40011,Seadra2,Seadra,,00:30:38.33,00:30:50.51,01:57:53.05,34,2,0,30,50,51,BUBBLEBEAM,SWIFT,WATER GUN,ICE BEAM,11,20,25,10,0,0,0,0,29,98,66,87,90,90,80,6522,7940,8054,16484,16484,7282,15,15,15,15,0,0,0,0,0,0,0,74,97,90,90,80,426351,166532,219557,38116,2146,9,1,0,4517,3995,522,0,446,96,59,37,25,0,11232,6067,573,573,248,17,98,0,0,0,0,0,44,0,7,0,0,4,0,0,0,0,0,0,0,2,0,0,0,0,10,5,0,0,0,0,0,0,0,0,0,0,0,142,39886,0,0,0,0,28,43,13,2,1,8,1,2,3,Flareon
2-07,06:34:10,NINTEN,Seadra,Biker,7,Route 16,4,31:38.96,31:38,0h31m38s,2,1,3,34,2:01,11.7,BUBBLEBEAM,SWIFT,WATER GUN,ICE BEAM,9,4639,453,60,38,288,259,137,13,12484,Flareon, ,Water,Water,42015,Seadra2,Seadra,,00:31:27.26,00:31:38.96,02:01:04.00,34,2,0,31,38,96,BUBBLEBEAM,SWIFT,WATER GUN,ICE BEAM,15,20,25,10,0,0,0,0,92,98,66,87,90,90,80,6842,8260,8254,16644,16644,7382,15,15,15,15,0,0,0,0,0,0,0,74,97,90,90,80,437806,172122,223586,39952,2146,9,1,0,4639,4100,539,0,453,98,60,38,26,0,11647,6391,579,579,253,17,99,0,0,0,0,0,44,0,7,0,0,4,0,0,0,0,0,0,0,2,0,0,0,0,10,5,0,0,0,0,0,0,0,0,0,0,0,146,41890,0,0,0,0,28,43,13,2,1,8,1,2,3,Flareon
2-07,06:34:25,NINTEN,Seadra,Biker,8,Route 17,3,31:54.22,31:54,0h31m54s,2,1,3,35,2:02,10.883,BUBBLEBEAM,SWIFT,WATER GUN,ICE BEAM,9,4660,453,61,38,292,263,138,13,13004,Flareon, ,Water,Water,44775,Seadra2,Seadra,,00:31:43.33,00:31:54.22,02:02:04.09,35,2,0,31,54,22,BUBBLEBEAM,SWIFT,WATER GUN,ICE BEAM,11,20,25,10,0,0,0,0,89,101,69,90,93,93,82,7012,8505,8589,16874,16874,7537,15,15,15,15,0,0,0,0,0,0,0,77,101,93,93,82,441415,172664,226653,39952,2146,9,1,0,4660,4100,560,0,453,99,61,38,26,0,11894,6611,585,585,257,17,100,0,0,0,0,0,45,0,7,0,0,4,0,0,0,0,0,0,0,2,0,0,0,0,10,5,0,0,0,0,0,0,0,0,0,0,0,149,44650,0,0,0,0,28,43,13,2,1,8,1,2,3,Flareon
2-07,06:34:43,NINTEN,Seadra,Cue Ball,8,Route 17,2,32:12.54,32:12,0h32m12s,2,1,3,35,2:03,7.749,BUBBLEBEAM,SWIFT,WATER GUN,ICE BEAM,9,4764,464,62,38,295,266,139,13,13564,Flareon, ,Water,Water,46606,Seadra2,Seadra,,00:32:04.79,00:32:12.54,02:03:16.36,35,2,0,32,12,54,BUBBLEBEAM,SWIFT,WATER GUN,ICE BEAM,8,20,25,10,0,0,0,0,89,101,69,90,93,93,82,7157,8710,8719,16984,16984,7677,15,15,15,15,0,-1,0,0,0,0,0,86,66,93,93,82,445762,174689,228975,39952,2146,9,1,0,4764,4100,664,0,464,100,62,38,26,0,12160,6782,585,585,260,17,101,0,0,0,0,0,46,0,7,0,0,4,0,0,0,0,0,0,0,2,0,0,0,0,10,5,0,0,0,0,0,0,0,0,0,0,0,151,46481,0,0,0,0,30,43,13,2,1,8,1,2,3,Flareon
2-07,06:35:06,NINTEN,Seadra,Biker,12,Route 17,5,32:34.72,32:34,0h32m34s,2,1,3,36,2:04,17.404,BUBBLEBEAM,SWIFT,WATER GUN,ICE BEAM,9,4800,472,63,38,302,273,141,13,14289,Flareon, ,Water,Water,50286,Seadra2,Seadra,,00:32:17.32,00:32:34.72,02:04:44.07,36,2,0,32,34,72,BUBBLEBEAM,SWIFT,WATER GUN,ICE BEAM,1,20,25,10,0,0,0,0,72,103,70,92,95,95,84,7407,9085,9244,17334,17334,7902,15,15,15,15,0,0,0,0,0,0,0,78,103,95,95,84,451013,175339,233576,39952,2146,9,1,0,4800,4100,700,0,472,101,63,38,26,0,12720,7101,604,604,267,17,103,0,0,0,0,0,48,0,7,0,0,4,0,0,0,0,0,0,0,2,0,0,0,0,10,5,0,0,0,0,0,0,0,0,0,0,0,156,50161,0,0,0,0,30,43,13,2,1,8,1,2,3,Flareon
2-07,06:36:39,NINTEN,Seadra,Cooltrainer F,1,Celadon City - Gym,3,34:08.47,34:08,0h34m8s,2,1,3,37,2:10,9.919,BUBBLEBEAM,SWIFT,SURF,ICE BEAM,9,5412,514,64,38,305,276,141,16,14289,Flareon, ,Water,Water,52463,Seadra2,Seadra,,00:33:58.55,00:34:08.47,02:10:54.12,37,2,0,34,8,47,BUBBLEBEAM,SWIFT,SURF,ICE BEAM,20,20,15,7,0,0,0,0,106,106,74,95,98,98,88,7592,11862,9427,17584,17584,10617,15,15,15,15,0,0,0,0,0,0,0,83,106,98,98,88,473218,189270,236415,45387,2146,9,1,0,5412,4327,1085,0,514,102,64,38,26,0,13076,7302,604,604,270,17,103,0,0,0,0,0,48,0,7,0,0,4,0,0,0,0,0,0,0,2,0,0,0,0,10,5,0,0,0,0,0,0,0,0,0,0,0,159,52338,0,0,0,0,34,43,13,2,1,9,1,2,3,Flareon
2-07,06:36:57,NINTEN,Seadra,Erika,1,Celadon City - Gym,3,34:25.72,34:25,0h34m25s,2,1,3,38,2:12,9.871,BUBBLEBEAM,SWIFT,SURF,ICE BEAM,10,5415,514,65,38,308,279,141,16,15129,Flareon, ,Water,Water,55468,Seadra2,Seadra,Erika,00:34:15.84,00:34:25.72,02:12:02.20,38,2,0,34,25,72,BUBBLEBEAM,SWIFT,SURF,ICE BEAM,20,20,15,4,0,0,0,0,109,109,76,97,101,101,90,7782,12072,9662,17854,17854,10772,15,15,15,15,0,0,0,0,0,0,0,85,109,101,101,90,477306,190002,239245,45913,2146,10,1,0,5415,4330,1085,0,514,103,65,38,26,0,13420,7558,604,604,273,17,103,0,0,0,0,0,49,0,7,0,0,4,0,0,0,0,0,0,0,2,0,0,0,0,10,5,0,0,0,0,0,0,0,0,0,0,0,162,55343,0,0,0,0,34,43,13,2,1,9,1,2,3,Flareon
2-07,06:38:11,NINTEN,Seadra,Rocket,39,Silph Co - 10F,1,35:40.26,35:40,0h35m40s,2,1,3,38,2:16,4.982,SURF,SWIFT,BUBBLEBEAM,ICE BEAM,10,5800,555,66,38,309,280,141,16,18097,Flareon, ,Water,Water,56500,Seadra2,Seadra,,00:35:35.28,00:35:40.26,02:16:55.11,38,2,0,35,40,26,SURF,SWIFT,BUBBLEBEAM,ICE BEAM,20,20,20,12,2,0,0,1,109,109,76,97,101,101,90,7862,12172,9732,17904,17904,10817,15,15,15,15,0,0,0,0,0,0,0,85,109,101,101,90,494877,203037,241026,48668,2146,10,1,0,5800,4715,1085,0,555,104,66,38,26,0,13527,7659,604,604,274,17,103,0,0,0,0,0,49,0,7,0,0,4,0,0,0,0,0,0,0,2,0,0,0,0,10,5,0,0,0,0,0,0,0,0,0,0,0,163,56375,0,0,0,0,34,44,13,2,1,9,1,2,3,Flareon
2-07,06:38:32,NINTEN,Seadra,Rocket,35,Silph Co - 8F,4,36:01.09,36:01,0h36m1s,2,1,3,38,2:18,11.794,SURF,SWIFT,BUBBLEBEAM,ICE BEAM,10,5852,563,67,38,313,284,141,17,19087,Flareon, ,Water,Water,58713,Seadra2,Seadra,,00:35:49.30,00:36:01.09,02:18:17.12,38,2,0,36,1,9,SURF,SWIFT,BUBBLEBEAM,ICE BEAM,18,20,19,11,2,0,0,1,109,109,76,97,101,101,90,8062,12434,9932,18094,18094,11131,15,15,15,15,0,0,0,0,0,0,0,85,109,101,101,90,499798,204770,244214,48668,2146,10,1,0,5852,4767,1085,0,563,105,67,38,26,0,14074,7921,604,604,278,17,103,0,0,0,0,0,49,0,7,0,0,4,0,0,0,0,0,0,0,2,0,0,0,0,10,5,0,0,0,0,0,0,0,0,0,0,0,167,58588,0,0,0,0,36,44,13,2,1,9,1,2,3,Flareon
2-07,06:38:44,NINTEN,Seadra,Rocket,33,Silph Co - 7F,2,36:12.92,36:12,0h36m12s,2,1,3,39,2:19,7.626,SURF,SWIFT,BUBBLEBEAM,ICE BEAM,10,5863,564,68,38,315,286,141,17,19867,Flareon, ,Water,Water,59793,Seadra2,Seadra,,00:36:05.30,00:36:12.92,02:19:03.44,39,2,0,36,12,92,SURF,SWIFT,BUBBLEBEAM,ICE BEAM,18,20,17,11,2,0,0,1,112,112,78,100,103,103,93,8162,12534,10122,18174,18174,11201,15,15,15,15,0,0,0,0,0,0,0,87,112,103,103,93,502590,205352,246424,48668,2146,10,1,0,5863,4778,1085,0,564,106,68,38,26,0,14443,8065,604,604,280,17,103,0,0,0,0,0,49,0,7,0,0,4,0,0,0,0,0,0,0,2,0,0,0,0,10,5,0,0,0,0,0,0,0,0,0,0,0,169,59668,0,0,0,0,36,44,13,2,1,9,1,2,3,Flareon
2-07,06:39:00,NINTEN,Seadra,Rocket,32,Silph Co - 7F,4,36:29.10,36:29,0h36m29s,2,1,3,39,2:20,12.311,SURF,SWIFT,BUBBLEBEAM,ICE BEAM,10,5875,570,69,38,319,290,141,17,20737,Flareon, ,Water,Water,62843,Seadra2,Seadra,,00:36:16.79,00:36:29.10,02:20:07.21,39,2,0,36,29,10,SURF,SWIFT,BUBBLEBEAM,ICE BEAM,18,20,14,10,2,0,0,1,112,112,78,100,103,103,93,8392,12845,10416,18424,18424,11503,15,15,15,15,0,0,0,0,0,0,0,87,112,103,103,93,506407,205842,249751,48668,2146,10,1,0,5875,4790,1085,0,570,107,69,38,26,0,14838,8343,604,604,284,17,103,0,0,0,0,0,49,0,7,0,0,4,0,0,0,0,0,0,0,2,0,0,0,0,10,5,0,0,0,0,0,0,0,0,0,0,0,173,62718,0,0,0,0,36,44,13,2,1,9,1,2,3,Flareon
2-07,06:39:19,NINTEN,Seadra,Scientist,8,Silph Co - 7F,2,36:48.48,36:48,0h36m48s,2,1,3,40,2:21,7.657,SURF,SWIFT,BUBBLEBEAM,ICE BEAM,10,5916,575,70,38,321,292,141,16,21517,Flareon, ,Water,Water,64749,Seadra2,Seadra,,00:36:40.83,00:36:48.48,02:21:23.48,40,2,0,36,48,48,SURF,SWIFT,BUBBLEBEAM,ICE BEAM,16,20,14,10,2,0,0,1,115,115,80,103,107,107,97,8557,13000,10561,21129,21129,14253,15,15,15,15,0,0,0,0,0,0,0,90,115,107,107,97,510994,206997,251959,49892,2146,10,1,0,5916,4831,1085,0,575,108,70,38,26,0,15100,8525,604,604,286,17,103,0,0,0,0,0,50,0,7,0,0,4,0,0,0,0,0,0,0,2,0,0,0,0,10,5,0,0,0,0,0,0,0,0,0,0,0,175,64624,0,0,0,0,37,44,13,2,1,9,1,2,3,Flareon
2-07,06:39:41,NINTEN,Seadra,Scientist,7,Silph Co - 6F,5,37:10.08,37:10,0h37m10s,2,1,3,40,2:22,14.628,SURF,SWIFT,BUBBLEBEAM,ICE BEAM,10,5974,577,71,38,326,297,141,16,22967,Flareon, ,Water,Water,67856,Seadra2,Seadra,,00:36:55.46,00:37:10.08,02:22:48.54,40,2,0,37,10,8,SURF,SWIFT,BUBBLEBEAM,ICE BEAM,11,20,14,10,2,0,0,1,115,115,80,103,107,107,97,8752,13255,10966,21519,21519,14538,15,15,15,15,0,0,0,0,0,0,0,90,115,107,107,97,516100,208246,255816,49892,2146,10,1,0,5974,4889,1085,0,577,109,71,38,26,0,15813,8817,604,604,291,17,103,0,0,0,0,0,52,0,7,0,0,4,0,0,0,0,0,0,0,2,0,0,0,0,10,5,0,0,0,0,0,0,0,0,0,0,0,180,67731,0,0,0,0,37,44,13,2,1,9,1,2,3,Flareon
2-07,06:40:06,NINTEN,Seadra,Scientist,6,Silph Co - 5F,4,37:34.77,37:34,0h37m34s,2,1,3,41,2:24,18.079,SURF,SWIFT,AGILITY,ICE BEAM,10,6008,581,72,38,330,301,141,16,24217,Flareon, ,Water,Water,70845,Seadra2,Seadra,,00:37:16.69,00:37:34.77,02:24:26.25,41,2,0,37,34,77,SURF,SWIFT,AGILITY,ICE BEAM,8,20,30,10,2,0,0,1,117,117,82,105,110,110,99,8932,13505,11346,21879,21879,14748,15,15,15,15,0,0,0,0,0,0,0,92,118,110,110,99,521951,209405,260508,49892,2146,10,1,0,6008,4923,1085,0,581,110,72,38,26,0,16267,9069,604,604,295,17,103,0,0,0,0,0,53,0,7,0,0,4,0,0,0,0,0,0,0,2,0,0,0,0,10,5,0,0,0,0,0,0,0,0,0,0,0,184,70720,0,0,0,0,38,44,13,2,1,10,1,2,3,Flareon
2-07,06:40:13,NINTEN,Seadra,Rocket,28,Silph Co - 5F,1,37:42.10,37:42,0h37m42s,2,1,3,41,2:24,4.228,SURF,SWIFT,AGILITY,ICE BEAM,10,6019,582,73,38,331,302,141,16,25517,Flareon, ,Water,Water,71884,Seadra2,Seadra,,00:37:37.87,00:37:42.10,02:24:55.11,41,2,0,37,42,10,SURF,SWIFT,AGILITY,ICE BEAM,7,20,30,10,2,0,0,1,117,117,82,105,110,110,99,8992,13590,11415,21944,21944,14828,15,15,15,15,0,0,0,0,0,0,0,92,118,110,110,99,523677,209730,261909,49892,2146,10,1,0,6019,4934,1085,0,582,111,73,38,26,0,16444,9156,604,604,296,17,103,0,0,0,0,0,54,0,7,0,0,4,0,0,0,0,0,0,0,2,0,0,0,0,10,5,0,0,0,0,0,0,0,0,0,0,0,185,71759,0,0,0,0,38,44,13,2,1,10,1,2,3,Flareon
2-07,06:40:39,NINTEN,Seadra,Scientist,10,Silph Co - 9F,3,38:07.74,38:07,0h38m7s,2,1,3,42,2:26,10.438,SURF,SWIFT,AGILITY,ICE BEAM,10,6084,586,74,38,334,305,141,17,26507,Flareon, ,Water,Water,74152,Seadra2,Seadra,,00:37:57.31,00:38:07.74,02:26:35.42,42,2,0,38,7,74,SURF,SWIFT,AGILITY,ICE BEAM,6,20,30,8,2,0,0,1,120,120,85,108,112,112,101,9122,16305,11655,22179,22179,15033,15,15,15,15,0,0,0,0,0,0,0,95,121,112,112,101,529708,212130,264863,50569,2146,10,1,0,6084,4999,1085,0,586,112,74,38,26,0,16747,9354,604,604,299,17,103,0,0,0,0,0,55,0,7,0,0,4,0,0,0,0,0,0,0,2,0,0,0,0,10,5,0,0,0,0,0,0,0,0,0,0,0,188,74027,0,0,0,0,40,44,13,2,1,10,1,2,3,Flareon
2-07,06:40:56,NINTEN,Seadra,Rocket,38,Silph Co - 9F,3,38:24.62,38:24,0h38m24s,2,1,3,42,2:27,10.025,SURF,SWIFT,AGILITY,ICE BEAM,10,6122,591,75,38,337,308,141,17,27907,Flareon, ,Water,Water,76780,Seadra2,Seadra,,00:38:14.60,00:38:24.62,02:27:42.14,42,2,0,38,24,62,SURF,SWIFT,AGILITY,ICE BEAM,4,20,30,7,2,0,0,1,120,120,85,108,112,112,101,9342,16506,11840,22459,22459,15232,15,15,15,15,0,0,0,0,0,0,0,95,121,112,112,101,533700,213259,267726,50569,2146,10,1,0,6122,5037,1085,0,591,113,75,38,26,0,17119,9604,604,604,302,17,103,0,0,0,0,0,56,0,7,0,0,4,0,0,0,0,0,0,0,2,0,0,0,0,10,5,0,0,0,0,0,0,0,0,0,0,0,191,76655,0,0,0,0,40,44,13,2,1,10,1,2,3,Flareon
2-07,06:41:14,NINTEN,Seadra,Rocket,37,Silph Co - 9F,3,38:42.86,38:42,0h38m42s,2,1,3,42,2:28,9.159,SURF,SWIFT,AGILITY,ICE BEAM,10,6153,596,76,38,340,311,141,18,28747,Flareon, ,Water,Water,78460,Seadra2,Seadra,,00:38:33.70,00:38:42.86,02:28:54.02,42,2,0,38,42,86,SURF,SWIFT,AGILITY,ICE BEAM,18,20,30,12,2,0,0,1,120,120,85,108,112,112,101,9552,16714,11985,22624,22624,15334,15,15,15,15,0,0,0,0,0,0,0,95,121,112,112,101,538008,214897,270396,50569,2146,10,1,0,6153,5068,1085,0,596,114,76,38,26,0,17724,9848,604,604,305,17,103,0,0,0,0,0,57,0,7,0,0,4,0,0,0,0,0,0,0,2,0,0,0,0,10,5,0,0,0,0,0,0,0,0,0,0,0,194,78335,0,0,0,0,41,44,13,2,1,10,1,2,3,Flareon
2-07,06:41:26,NINTEN,Seadra,Scientist,4,Silph Co - 3F,2,38:55.01,38:55,0h38m55s,2,1,3,43,2:29,7.856,SURF,SWIFT,AGILITY,ICE BEAM,10,6168,596,77,38,342,313,141,18,29587,Flareon, ,Water,Water,80465,Seadra2,Seadra,,00:38:47.15,00:38:55.01,02:29:41.44,43,2,0,38,55,1,SURF,SWIFT,AGILITY,ICE BEAM,16,20,30,12,2,0,0,1,123,123,87,111,115,115,104,9677,16854,12175,22789,22789,15534,15,15,15,15,0,0,0,0,0,0,0,97,124,115,115,104,540870,215513,272642,50569,2146,10,1,0,6168,5083,1085,0,596,115,77,38,26,0,18074,10007,604,604,307,17,103,0,0,0,0,0,59,0,7,0,0,4,0,0,0,0,0,0,0,2,0,0,0,0,10,5,0,0,0,0,0,0,0,0,0,0,0,196,80340,0,0,0,0,41,44,13,2,1,10,1,2,3,Flareon
2-07,06:41:45,NINTEN,Seadra,Rocket,25,Silph Co - 3F,3,39:14.40,39:14,0h39m14s,2,1,3,43,2:30,12.246,SURF,SWIFT,AGILITY,ICE BEAM,10,6196,603,78,38,346,317,142,19,31037,Flareon, ,Water,Water,82847,Seadra2,Seadra,,00:39:02.15,00:39:14.40,02:30:58.10,43,2,0,39,14,40,SURF,SWIFT,AGILITY,ICE BEAM,14,20,30,10,2,0,0,1,123,123,87,111,115,115,104,9872,17089,12365,23004,23004,15795,15,15,15,15,0,0,0,0,0,0,0,97,124,115,115,104,545456,216794,275947,50569,2146,10,1,0,6196,5111,1085,0,603,116,78,38,26,0,18629,10243,604,604,311,17,104,0,0,0,0,0,60,0,7,0,0,4,0,0,0,0,0,0,0,2,0,0,0,0,10,5,0,0,0,0,0,0,0,0,0,0,0,199,82722,0,0,0,0,42,44,13,2,1,10,1,2,3,Flareon
2-07,06:42:17,NINTEN,Seadra,Rival5-Silph,6,Silph Co - 7F,5,39:46.42,39:46,0h39m46s,2,1,3,44,2:33,23.68,SURF,SWIFT,AGILITY,ICE BEAM,11,6211,603,79,38,355,326,146,19,31877,Flareon, ,Water,Water,89754,Seadra2,Seadra,Rival (Silph Co.),00:39:22.74,00:39:46.42,02:33:04.39,44,2,0,39,46,42,SURF,SWIFT,AGILITY,ICE BEAM,5,20,30,10,2,0,0,1,94,126,89,114,118,118,106,10152,17509,12840,23494,23494,16170,15,15,15,15,0,0,0,0,0,0,0,100,128,118,118,106,553045,217812,281948,51139,2146,11,1,0,6211,5126,1085,0,603,117,79,38,26,0,19356,10753,636,636,320,18,106,0,0,0,0,0,60,0,7,0,0,5,0,0,0,0,0,0,0,2,0,0,0,0,12,5,0,0,0,0,0,0,0,0,0,0,0,204,89629,0,0,0,0,42,44,13,2,1,10,1,2,3,Flareon
2-07,06:42:35,NINTEN,Seadra,Rocket,45,Silph Co - 11F,3,40:04.42,40:04,0h40m4s,2,1,3,45,2:34,9.959,SURF,SWIFT,AGILITY,ICE BEAM,11,6219,605,80,38,358,329,146,19,34477,Flareon, ,Water,Water,92336,Seadra2,Seadra,,00:39:54.46,00:40:04.42,02:34:15.35,45,2,0,40,4,42,SURF,SWIFT,AGILITY,ICE BEAM,2,20,30,10,2,0,0,1,97,129,91,116,121,121,109,10317,17729,13064,23684,23684,16400,15,15,15,15,0,0,0,0,0,0,0,102,130,121,121,109,557301,219187,284829,51139,2146,11,1,0,6219,5134,1085,0,605,118,80,38,26,0,19737,10992,636,636,323,18,106,0,0,0,0,0,60,0,7,0,0,5,0,0,0,0,0,0,0,2,0,0,0,0,12,5,0,0,0,0,0,0,0,0,0,0,0,207,92211,0,0,0,0,42,44,13,2,1,10,1,2,3,Flareon
2-07,06:42:58,NINTEN,Seadra,Giovanni-Silph,2,Silph Co - 11F,4,40:26.88,40:26,0h40m26s,2,1,3,45,2:35,12.804,SURF,SWIFT,AGILITY,ICE BEAM,11,6234,606,81,38,362,333,146,18,35407,Flareon, ,Water,Water,97153,Seadra2,Seadra,Giovanni (Silph),00:40:14.08,00:40:26.88,02:35:44.12,45,2,0,40,26,88,SURF,SWIFT,AGILITY,ICE BEAM,17,20,30,10,2,0,0,1,97,129,91,116,121,121,109,10613,18038,13363,23909,23909,16681,15,15,15,15,0,0,0,0,0,0,0,102,130,121,121,109,562618,220392,288345,51735,2146,11,1,0,6234,5149,1085,0,606,119,81,38,26,0,21648,11429,636,636,327,18,106,0,0,0,0,0,61,0,7,0,0,5,0,0,0,0,0,0,0,2,0,0,0,0,12,5,0,0,0,0,0,0,0,0,0,0,0,211,97028,0,0,0,0,42,44,13,2,1,10,1,2,3,Flareon
2-07,06:43:53,NINTEN,Seadra,Sabrina,1,Saffron City - Gym,3,41:21.66,41:21,0h41m21s,2,1,3,46,2:39,26.111,SURF,SWIFT,AGILITY,ICE BEAM,11,6358,616,82,38,374,345,154,18,39466,Flareon, ,Water,Water,101478,Seadra2,Seadra,Sabrina,00:40:55.55,00:41:21.66,02:39:20.04,46,2,0,41,21,66,SURF,SWIFT,AGILITY,ICE BEAM,18,16,27,10,2,0,0,1,131,132,93,119,123,123,111,10733,18143,13453,24269,24269,16996,15,15,15,15,0,0,0,0,6,-1,0,104,133,123,123,444,575570,226344,295021,52059,2146,11,1,0,6358,5273,1085,0,616,120,82,38,26,0,22116,11814,637,637,330,24,109,0,0,0,0,0,63,0,7,0,0,5,0,0,0,0,0,0,0,2,0,0,0,0,12,5,0,0,0,0,0,0,0,0,0,0,0,214,101353,0,0,0,0,42,44,13,2,1,10,1,2,3,Flareon
2-07,06:44:28,NINTEN,Seadra,Juggler,3,Fuchsia City - Gym,4,41:57.19,41:57,0h41m57s,2,1,3,47,2:41,13.133,SURF,SWIFT,AGILITY,ICE BEAM,11,6398,616,83,38,378,349,154,19,44416,Flareon, ,Water,Water,104469,Seadra2,Seadra,,00:41:44.06,00:41:57.19,02:41:39.59,47,2,0,41,57,19,SURF,SWIFT,AGILITY,ICE BEAM,17,20,30,12,2,0,0,1,135,135,96,122,126,126,114,10953,18322,13618,24659,24659,17227,15,15,15,15,0,0,0,0,0,0,0,108,137,126,126,114,583965,229672,298797,53350,2146,11,1,0,6398,5313,1085,0,616,121,83,38,26,0,22567,12133,637,637,334,24,109,0,0,0,0,0,64,0,7,0,0,5,0,0,0,0,0,0,0,2,0,0,0,0,12,5,0,0,0,0,0,0,0,0,0,0,0,218,104344,0,0,0,0,42,44,13,2,1,10,1,2,3,Flareon
2-07,06:44:41,NINTEN,Seadra,Tamer,2,Fuchsia City - Gym,3,42:10.25,42:10,0h42m10s,2,1,3,47,2:42,9.489,SURF,SWIFT,AGILITY,ICE BEAM,11,6405,621,84,38,381,352,154,19,45501,Flareon, ,Water,Water,107699,Seadra2,Seadra,,00:42:00.76,00:42:10.25,02:42:31.27,47,2,0,42,10,25,SURF,SWIFT,AGILITY,ICE BEAM,14,20,30,12,2,0,0,1,135,135,96,122,126,126,114,11148,18592,13866,24844,24844,17452,15,15,15,15,0,0,0,0,0,0,0,108,137,126,126,114,587053,230033,301524,53350,2146,11,1,0,6405,5320,1085,0,621,122,84,38,26,0,23222,12404,637,637,337,24,109,0,0,0,0,0,65,0,7,0,0,5,0,0,0,0,0,0,0,2,0,0,0,0,12,5,0,0,0,0,0,0,0,0,0,0,0,221,107574,0,0,0,0,42,44,13,2,1,10,1,2,3,Flareon
2-07,06:44:58,NINTEN,Seadra,Juggler,4,Fuchsia City - Gym,2,42:26.75,42:26,0h42m26s,2,1,3,47,2:43,10.668,SURF,SWIFT,AGILITY,ICE BEAM,11,6424,625,85,38,385,356,154,19,46821,Flareon, ,Water,Water,109642,Seadra2,Seadra,,00:42:16.08,00:42:26.75,02:43:36.31,47,2,0,42,26,75,SURF,SWIFT,AGILITY,ICE BEAM,12,18,30,12,2,0,0,1,135,135,96,122,126,126,114,11293,18713,13981,25049,25049,17561,15,15,15,15,0,0,0,0,0,0,0,108,137,126,126,114,590957,230938,304523,53350,2146,11,1,0,6424,5339,1085,0,625,123,85,38,26,0,23484,12601,637,637,339,24,109,0,0,0,0,0,65,0,7,0,0,5,0,0,0,0,0,0,0,2,0,0,0,0,12,5,0,0,0,0,0,0,0,0,0,0,0,223,109517,0,0,0,0,42,44,13,2,1,10,1,2,3,Flareon
2-07,06:45:08,NINTEN,Seadra,Tamer,1,Fuchsia City - Gym,2,42:37.51,42:37,0h42m37s,2,1,3,48,2:44,7.657,SURF,SWIFT,AGILITY,ICE BEAM,11,6427,626,86,38,387,358,154,19,48011,Flareon, ,Water,Water,111899,Seadra2,Seadra,,00:42:29.85,00:42:37.51,02:44:18.56,48,2,0,42,37,51,SURF,SWIFT,AGILITY,ICE BEAM,10,18,30,12,2,0,0,1,137,137,98,124,129,129,116,11428,18898,14160,25169,25169,17706,15,15,15,15,0,0,0,0,0,0,0,110,139,129,129,116,593502,231181,306825,53350,2146,11,1,0,6427,5342,1085,0,626,124,86,38,26,0,23923,12791,637,637,341,24,109,0,0,0,0,0,65,0,7,0,0,5,0,0,0,0,0,0,0,2,0,0,0,0,12,5,0,0,0,0,0,0,0,0,0,0,0,225,111774,0,0,0,0,42,44,13,2,1,10,1,2,3,Flareon
2-07,06:45:29,NINTEN,Seadra,Koga,1,Fuchsia City - Gym,4,42:58.06,42:58,0h42m58s,2,1,3,48,2:45,13.504,SURF,SWIFT,AGILITY,ICE BEAM,12,6435,628,87,38,392,363,155,19,49371,Flareon, ,Water,Water,115591,Seadra2,Seadra,Koga,00:42:44.56,00:42:58.06,02:45:40.07,48,2,0,42,58,6,SURF,SWIFT,AGILITY,ICE BEAM,5,18,30,12,2,0,0,1,137,137,98,124,129,129,116,11678,19128,14370,25379,25379,17931,15,15,15,15,0,0,0,0,0,0,0,110,139,129,129,116,598373,231841,310510,53876,2146,12,1,0,6435,5350,1085,0,628,125,87,38,26,0,24663,13283,637,637,346,24,109,0,0,0,0,0,66,0,7,0,0,5,0,0,0,0,0,0,0,2,0,0,0,0,12,5,0,0,0,0,0,0,0,0,0,0,0,229,115466,0,0,0,0,42,44,13,2,1,10,1,2,3,Flareon
2-07,06:46:25,NINTEN,Seadra,Fisher,7,Route 21,4,43:54.35,43:54,0h43m54s,2,1,3,49,2:49,18.398,SURF,SWIFT,AGILITY,ICE BEAM,12,6573,659,88,38,399,369,158,20,54321,Flareon, ,Water,Water,119317,Seadra2,Seadra,,00:43:35.94,00:43:54.35,02:49:22.30,49,2,0,43,54,35,SURF,SWIFT,AGILITY,ICE BEAM,0,17,30,12,2,0,0,1,121,140,100,127,132,132,119,11963,19471,14625,25669,25669,18198,15,15,15,15,0,0,0,0,0,0,0,112,142,132,132,133,611716,236803,315451,57316,2146,12,1,0,6573,5459,1085,29,659,126,88,38,26,0,25143,13611,656,656,351,25,111,0,0,0,0,0,67,0,7,0,0,6,0,0,0,0,0,0,0,2,0,0,0,0,14,6,0,0,0,0,0,0,0,0,0,0,0,233,119192,0,0,0,0,43,44,13,2,1,11,1,2,3,Flareon
2-07,06:48:07,NINTEN,Seadra,Blaine,1,Cinnabar Island - Gym,3,45:35.81,45:35,0h45m35s,2,1,3,50,2:56,13.048,SURF,SWIFT,AGILITY,ICE BEAM,13,7013,692,89,38,403,373,158,20,55301,Flareon, ,Water,Water,125667,Seadra2,Seadra,Blaine,00:45:22.77,00:45:35.81,02:56:03.35,50,2,0,45,35,81,SURF,SWIFT,AGILITY,ICE BEAM,17,20,30,12,2,0,0,1,143,143,102,130,135,135,123,12191,19757,14850,25929,25929,21058,15,15,15,15,0,0,0,0,0,0,0,114,146,135,135,138,635781,252544,318991,62100,2146,13,1,0,7013,5827,1085,101,692,127,89,38,26,0,26004,14098,656,656,355,25,111,0,0,0,0,0,69,0,7,0,0,6,0,0,0,0,0,0,0,2,0,0,0,0,14,6,0,0,0,0,0,0,0,0,0,0,0,236,125542,0,0,0,0,48,44,13,2,1,11,1,2,3,Flareon
2-07,06:48:35,NINTEN,Seadra,Cooltrainer M,10,Viridian City - Gym,1,46:03.80,46:03,0h46m3s,2,1,3,50,2:57,4.672,SURF,SWIFT,AGILITY,ICE BEAM,13,7094,714,90,38,404,374,158,20,60647,Flareon, ,Water,Water,126910,Seadra2,Seadra,,00:45:59.13,00:46:03.80,02:57:53.43,50,2,0,46,3,80,SURF,SWIFT,AGILITY,ICE BEAM,20,20,30,12,2,0,0,1,143,143,102,130,135,135,123,12271,19842,14945,25959,25959,21083,15,15,15,15,0,0,0,0,0,0,0,114,146,151,151,138,642389,256772,320654,62817,2146,13,1,0,7094,5908,1085,101,714,128,90,38,26,0,27007,14226,656,656,356,25,111,0,0,0,0,0,69,0,7,0,0,6,0,0,0,0,0,0,0,2,0,0,0,0,14,6,0,0,0,0,0,0,0,0,0,0,0,237,126785,0,0,0,0,48,44,13,2,1,11,1,2,3,Flareon
2-07,06:48:48,NINTEN,Seadra,Blackbelt,8,Viridian City - Gym,3,46:17.20,46:17,0h46m17s,2,1,3,50,2:58,9.256,SURF,SWIFT,AGILITY,ICE BEAM,13,7102,718,91,38,407,377,158,20,62152,Flareon, ,Water,Water,130001,Seadra2,Seadra,,00:46:07.94,00:46:17.20,02:58:46.34,50,2,0,46,17,20,SURF,SWIFT,AGILITY,ICE BEAM,17,20,30,12,2,0,0,1,143,143,102,130,135,135,123,12501,20122,15135,26094,26094,21208,15,15,15,15,0,0,0,0,0,0,0,114,146,151,151,138,645560,257252,323345,62817,2146,13,1,0,7102,5916,1085,101,718,129,91,38,26,0,27631,14561,656,656,359,25,111,0,0,0,0,0,69,0,7,0,0,6,0,0,0,0,0,0,0,2,0,0,0,0,14,6,0,0,0,0,0,0,0,0,0,0,0,240,129876,0,0,0,0,48,44,13,2,1,11,1,2,3,Flareon
2-07,06:49:22,NINTEN,Seadra,Giovanni,3,Viridian City - Gym,5,46:50.69,46:50,0h46m50s,2,1,3,51,3:00,20.032,SURF,SWIFT,AGILITY,ICE BEAM,14,7172,729,92,38,413,383,159,20,63102,Flareon, ,Water,Water,140222,Seadra2,Seadra,Giovanni,00:46:30.65,00:46:50.69,03:00:58.54,51,2,0,46,50,69,SURF,SWIFT,AGILITY,ICE BEAM,11,20,30,12,2,0,0,1,122,146,104,133,137,137,125,12877,20576,15529,26424,26424,21644,15,15,15,15,0,0,0,0,0,0,0,117,149,154,154,140,653500,259447,328559,63348,2146,14,1,0,7172,5986,1085,101,729,130,92,38,26,0,29227,15321,680,680,365,25,112,0,0,0,0,0,70,0,7,0,0,6,0,0,0,0,0,0,0,2,0,0,0,0,14,6,0,0,0,0,0,0,0,0,0,0,0,245,140097,0,0,0,0,48,44,13,2,1,11,1,2,3,Flareon
2-07,06:50:54,NINTEN,Seadra,Rival6-Route 22,9,Route 22,6,48:23.06,48:23,0h48m23s,3,1,4,53,3:04,31.288,SURF,SWIFT,AGILITY,ICE BEAM,15,7276,736,93,39,424,394,164,19,68547,Flareon, ,Water,Water,150186,Seadra2,Seadra,Rival (Final),00:47:51.77,00:48:23.06,03:04:40.48,53,3,0,48,23,6,SURF,SWIFT,AGILITY,ICE BEAM,4,17,30,11,2,0,0,1,33,152,108,138,143,143,130,13217,21036,16084,26974,26974,22059,15,15,15,15,0,0,0,0,0,0,0,121,155,160,160,146,666820,262460,337452,64605,2303,15,2,0,7276,6090,1085,101,736,132,93,39,27,0,30385,16092,799,799,373,27,114,0,0,0,0,0,71,0,8,0,0,6,0,0,0,0,0,0,0,2,0,0,0,0,14,6,0,0,0,0,0,0,0,0,0,0,0,251,150061,0,0,0,0,48,44,13,2,1,11,1,2,4,Flareon
2-07,06:55:00,NINTEN,Seadra,Lorelei,1,Lorelei's Room,5,52:29.43,52:29,0h52m29s,4,1,5,60,3:18,44.863,SURF,MIMIC,AGILITY,ICE BEAM,16,7980,895,94,40,444,414,175,17,56992,Flareon, ,Water,Water,226509,Seadra2,Seadra,Lorelei,00:51:44.56,00:52:29.43,03:18:12.36,60,4,0,52,29,43,SURF,MIMIC,AGILITY,ICE BEAM,8,6,27,12,2,0,0,1,64,170,122,155,161,161,147,13647,21411,16569,27424,27424,22384,15,15,15,15,0,0,6,6,6,0,0,275,348,724,724,939,715533,289523,349415,74053,2542,16,3,0,7980,6296,1547,137,895,134,94,40,28,0,31960,17052,905,905,387,28,119,0,0,0,0,0,72,0,8,0,0,6,0,0,0,0,0,0,0,2,0,0,0,0,14,6,0,0,0,0,0,0,0,2,0,0,0,256,160570,0,0,0,0,50,49,13,2,1,12,1,2,5,Flareon
2-07,06:55:36,NINTEN,Seadra,Bruno,1,Bruno's Room,5,53:04.59,53:04,0h53m4s,4,1,5,61,3:20,18.14,SURF,MIMIC,AGILITY,ICE BEAM,17,7993,896,95,40,450,420,176,17,62536,Flareon, ,Water,Water,234716,Seadra2,Seadra,Bruno,00:52:46.45,00:53:04.59,03:20:31.25,61,4,0,53,4,59,SURF,MIMIC,AGILITY,ICE BEAM,12,10,30,12,2,0,0,1,129,174,124,158,164,164,149,13907,21856,17101,27619,27619,22742,15,15,15,15,0,0,0,0,0,0,0,139,177,184,184,167,723862,290529,354205,76586,2542,17,3,0,7993,6309,1547,137,896,135,95,40,28,0,34983,17711,950,950,393,28,120,0,0,0,0,0,72,0,9,0,0,6,0,0,0,0,0,0,0,2,0,0,0,0,14,6,0,0,0,0,0,0,0,2,0,0,0,261,168777,0,0,0,0,50,49,13,2,1,12,1,2,5,Flareon
2-07,06:56:24,NINTEN,Seadra,Agatha,1,Agatha's Room,5,53:53.40,53:53,0h53m53s,4,1,5,62,3:23,38.496,SURF,MIMIC,AGILITY,ICE BEAM,18,8004,897,96,40,463,433,183,17,68278,Flareon, ,Water,Water,244802,Seadra2,Seadra,Agatha,00:53:14.90,00:53:53.40,03:23:44.07,62,4,0,53,53,40,SURF,MIMIC,AGILITY,ICE BEAM,3,7,30,11,2,0,0,1,56,176,127,161,166,166,152,14207,22201,17405,28134,28134,23227,15,15,15,15,0,0,0,0,0,0,0,142,181,186,186,171,735424,291448,363839,77595,2542,18,3,0,8004,6320,1547,137,897,136,96,40,28,0,36192,18481,1055,984,404,32,123,0,0,0,0,0,74,0,9,0,0,6,0,0,0,0,0,0,0,2,0,0,0,0,14,6,0,0,0,0,0,0,0,2,0,0,0,266,178863,0,0,0,0,50,49,13,2,1,12,1,2,5,Flareon
2-07,06:57:11,NINTEN,Seadra,Lance,1,Lance's Room,5,54:39.67,54:39,0h54m39s,4,1,5,65,3:26,20.97,SURF,MIMIC,AGILITY,ICE BEAM,19,8054,899,97,40,471,441,185,17,74218,Flareon, ,Water,Water,286231,Seadra2,Seadra,Lance,00:54:18.70,00:54:39.67,03:26:46.42,65,4,0,54,39,67,SURF,MIMIC,AGILITY,ICE BEAM,12,10,30,5,2,0,0,1,88,185,133,169,175,175,159,14595,22733,17774,28534,28534,23658,15,15,15,15,0,0,0,0,0,0,0,149,190,196,196,178,746379,293247,369245,81345,2542,19,3,0,8054,6370,1547,137,899,137,97,40,28,0,37433,19323,1152,1081,411,33,125,0,0,0,0,0,74,0,9,0,0,6,0,0,0,0,1,0,0,2,0,0,0,0,14,6,0,0,0,0,0,0,0,2,0,0,0,271,190469,0,0,0,0,50,49,13,2,1,12,1,2,5,Flareon
2-07,06:58:24,NINTEN,Seadra,Champion,2,Champions Room,6,55:53.12,55:53,0h55m53s,4,1,5,67,3:31,54.824,SURF,MIMIC,AGILITY,ICE BEAM,20,8062,899,98,40,485,455,193,16,80356,Flareon, ,Water,Water,302347,Seadra2,Seadra,Champion,00:54:58.30,00:55:53.12,03:31:37.34,67,4,0,55,53,12,SURF,MIMIC,AGILITY,ICE BEAM,15,7,27,10,2,0,0,1,69,190,137,175,180,180,165,14985,23263,18349,29164,29164,24103,15,15,15,15,0,0,0,0,6,0,0,154,196,202,202,742,763831,295049,382874,83366,2542,20,3,0,8062,6378,1547,137,899,138,98,40,28,0,39240,20454,1273,1202,422,33,131,0,0,0,0,0,76,0,9,0,0,6,0,0,0,0,1,0,0,2,0,0,0,0,14,6,0,0,0,0,0,0,0,2,0,0,0,277,205320,0,0,0,0,50,49,13,2,1,12,1,2,5,Flareon
2-07,06:58:46,NINTEN,Seadra,Champion,2,Hall of Fame,6,55:53.13,55:53,0h55m53s,4,1,5,67,3:33,77.106,SURF,MIMIC,AGILITY,ICE BEAM,20,8071,900,98,40,485,455,193,16,86791,Flareon, ,Water,Water,302347,Seadra2,Seadra,Champion,00:54:58.30,00:55:53.13,03:33:05.53,67,4,0,55,53,13,SURF,MIMIC,AGILITY,ICE BEAM,15,7,27,10,2,0,0,1,69,190,137,175,180,180,165,14985,23263,18349,29164,29164,24103,15,15,15,15,0,0,0,0,6,0,0,154,196,202,202,742,769130,299874,383348,83366,2542,20,3,0,8071,6387,1547,137,900,138,98,40,28,0,39240,20454,1273,1202,422,33,131,0,0,0,0,0,76,0,9,0,0,6,0,0,0,0,1,0,0,2,0,0,0,0,14,6,0,0,0,0,0,0,0,2,0,0,0,277,205320,0,0,0,0,50,49,13,2,1,12,1,2,5,Flareon
7-15,15:07:06,NINTEN,Seadra,Rival1-Lab,1,Pallet Town - Oak's Lab,1,43.48,43,0h0m43s,0,0,0,6,0:02,9.407,BUBBLE,SMOKESCREEN,,,0,71,3,1,1,5,5,4,0,3000,Jolteon, ,Water,Water,222,Seadra2,Seadra,Rival (Lab),00:00:34.07,00:00:43.48,00:02:18.10,6,0,0,0,43,48,BUBBLE,SMOKESCREEN,,,25,20,0,0,0,0,0,0,24,24,14,18,18,18,17,55,55,50,65,65,55,15,15,15,15,0,-3,0,0,0,0,0,14,7,18,18,17,10290,4793,3469,0,2028,0,0,0,71,71,0,0,3,2,1,1,0,0,25,21,0,0,5,1,3,0,0,0,0,0,0,0,0,0,0,0,0,0,0,0,0,0,0,0,0,0,0,0,0,0,0,0,0,0,0,0,0,0,0,0,0,1,97,0,0,0,0,0,0,0,0,0,0,0,2,0,Jolteon
7-15,15:08:36,NINTEN,Seadra,Bug Catcher,2,Viridian Forest,3,2:13.62,2:13,0h2m13s,0,0,0,7,0:08,17.701,BUBBLE,SMOKESCREEN,,,0,544,32,2,2,15,15,11,4,75,Flareon, ,Water,Water,471,Seadra2,Seadra,,00:01:55.92,00:02:13.62,00:08:14.25,7,0,0,2,13,62,BUBBLE,SMOKESCREEN,,,20,20,0,0,0,0,0,0,22,27,16,20,20,20,19,200,125,195,135,135,160,15,15,15,15,0,0,0,0,-1,0,0,16,20,20,20,12,31665,20579,9058,0,2028,0,0,0,544,544,0,0,32,4,2,2,0,0,101,87,5,5,15,1,6,0,0,0,0,0,3,0,0,0,0,0,0,0,0,0,0,0,0,0,0,0,0,0,0,0,0,0,0,0,0,0,0,0,0,0,0,4,346,0,0,0,0,0,13,0,0,0,0,0,2,0,Flareon
7-15,15:09:04,NINTEN,Seadra,Bug Catcher,3,Viridian Forest,1,2:41.19,2:41,0h2m41s,0,1,1,8,0:10,10.045,BUBBLE,SMOKESCREEN,,,0,631,32,3,3,21,21,16,3,135,Flareon, ,Water,Water,583,Seadra2,Seadra,,00:02:31.14,00:02:41.19,00:10:03.25,8,0,0,2,41,19,BUBBLE,SMOKESCREEN,,,14,20,0,0,0,0,0,0,15,29,18,22,22,22,21,245,155,230,155,155,205,15,15,15,15,0,0,0,0,-2,0,0,18,22,22,22,10,38205,22428,13749,0,2028,0,0,0,631,631,0,0,32,6,3,3,0,0,147,129,14,14,21,1,11,0,0,0,0,0,5,0,0,0,0,0,0,0,0,0,0,0,0,0,0,0,0,0,0,0,0,0,0,0,0,0,0,0,0,0,0,5,458,0,0,0,0,1,13,0,1,1,0,1,2,1,Flareon
7-15,15:09:31,NINTEN,Seadra,Jr Trainer M,1,Pewter City - Gym,2,3:08.58,3:08,0h3m8s,0,1,1,9,0:11,10.684,BUBBLE,SMOKESCREEN,,,0,745,38,4,3,25,25,19,3,235,Flareon, ,Water,Water,917,Seadra2,Seadra,,00:02:57.90,00:03:08.58,00:11:51.24,9,0,0,3,8,58,BUBBLE,SMOKESCREEN,,,26,20,0,0,0,0,0,0,18,31,19,25,25,25,23,305,285,340,230,230,340,15,15,15,15,0,0,0,0,0,0,0,19,25,25,25,23,44684,25839,16817,0,2028,0,0,0,745,745,0,0,38,7,4,3,0,0,220,180,27,27,25,1,14,0,0,0,0,0,7,0,1,0,0,0,0,0,0,0,0,0,0,0,0,0,0,0,0,0,0,0,0,0,0,0,0,0,0,0,0,7,792,0,0,0,0,1,13,0,1,1,0,1,2,1,Flareon
7-15,15:09:45,NINTEN,Seadra,Brock,1,Pewter City - Gym,2,3:22.49,3:22,0h3m22s,0,1,1,11,0:12,8.842,BUBBLE,SMOKESCREEN,,,0,751,41,5,3,28,28,20,3,415,Flareon, ,Water,Water,1377,Seadra2,Seadra,Brock,00:03:13.65,00:03:22.49,00:12:46.21,11,0,0,3,22,49,BUBBLE,SMOKESCREEN,,,23,20,0,0,0,0,0,0,23,36,23,29,29,29,27,380,410,600,290,290,430,15,15,15,15,0,0,0,0,0,0,0,23,29,29,29,27,47981,26489,19464,0,2028,0,0,0,751,751,0,0,41,8,5,3,0,0,315,241,27,27,28,2,14,0,0,0,0,0,7,0,1,0,0,0,0,0,0,0,0,0,0,0,0,0,0,0,0,0,0,0,0,0,0,0,0,0,0,0,0,9,1252,0,0,0,0,1,13,0,1,1,0,1,2,1,Flareon
7-15,15:10:15,NINTEN,Seadra,Bug Catcher,4,Route 3,3,3:52.55,3:52,0h3m52s,0,1,1,11,0:14,16.71,BUBBLE,SMOKESCREEN,,,0,824,41,6,3,37,37,27,4,1603,Flareon, ,Water,Water,1712,Seadra2,Seadra,,00:03:35.84,00:03:52.55,00:14:45.14,11,0,0,3,52,55,BUBBLE,SMOKESCREEN,,,14,20,0,0,0,0,0,0,15,36,23,29,29,29,27,510,505,700,350,350,570,15,15,15,15,0,0,0,0,-2,0,0,31,29,29,29,13,55114,28648,24438,0,2028,0,0,0,824,824,0,0,41,9,6,3,0,0,418,330,35,35,37,3,20,0,0,0,0,0,8,0,1,0,0,0,0,0,0,0,0,0,0,0,0,0,0,0,0,0,0,0,0,0,0,0,0,0,0,0,0,12,1587,0,0,0,0,1,13,0,1,1,0,1,2,1,Flareon
7-15,15:10:35,NINTEN,Seadra,Youngster Ben,1,Route 3,2,4:12.39,4:12,0h4m12s,0,1,1,12,0:16,14.365,BUBBLE,SMOKESCREEN,,,0,827,41,7,3,45,45,33,4,1703,Flareon, ,Water,Water,1990,Seadra2,Seadra,,00:03:58.02,00:04:12.39,00:16:03.25,12,0,0,4,12,39,BUBBLE,SMOKESCREEN,,,6,20,0,0,0,0,0,0,17,39,24,32,32,32,29,575,621,779,415,415,697,15,15,15,15,0,0,0,0,0,0,0,27,32,32,32,29,59805,29058,28344,375,2028,0,0,0,827,827,0,0,41,10,7,3,0,0,496,389,56,56,45,5,24,0,0,0,0,0,9,0,2,0,0,0,0,0,0,0,0,0,0,0,0,0,0,0,0,0,0,0,0,0,0,0,0,0,0,0,0,14,1865,0,0,0,0,1,13,0,1,1,0,1,2,1,Flareon
7-15,15:11:03,NINTEN,Seadra,Lass,2,Route 3,2,4:40.41,4:40,0h4m40s,0,1,1,13,0:17,11.737,BUBBLE,SMOKESCREEN,,,0,950,43,8,3,51,51,37,4,1868,Flareon, ,Water,Water,2238,Seadra2,Seadra,,00:04:28.67,00:04:40.41,00:17:54.12,13,0,0,4,40,41,BUBBLE,SMOKESCREEN,,,24,20,0,0,0,0,0,0,41,41,26,34,34,34,31,651,734,854,480,480,819,15,15,15,15,0,-3,0,0,0,0,0,29,13,34,34,31,66452,32424,31625,375,2028,0,0,0,950,950,0,0,43,11,8,3,0,0,563,446,56,56,51,6,27,0,0,0,0,0,10,0,2,0,0,0,0,0,0,0,0,0,0,0,0,0,0,0,0,0,0,0,0,0,0,0,0,0,0,0,0,16,2113,0,0,0,0,1,13,0,1,1,0,1,2,1,Flareon
7-15,15:11:22,NINTEN,Seadra,Bug Catcher,6,Route 3,2,4:59.05,4:59,0h4m59s,0,1,1,13,0:19,10.867,BUBBLE,SMOKESCREEN,,,0,1008,53,9,3,57,57,41,4,2018,Flareon, ,Water,Water,2531,Seadra2,Seadra,,00:04:48.19,00:04:59.05,00:19:07.53,13,0,0,4,59,5,BUBBLE,SMOKESCREEN,,,18,20,0,0,0,0,0,0,39,41,26,34,34,34,31,746,784,944,525,525,894,15,15,15,15,0,0,0,0,-1,0,0,32,34,34,34,20,70873,33785,34685,375,2028,0,0,0,1008,1008,0,0,53,12,9,3,0,0,639,511,58,58,57,6,29,0,0,0,0,0,10,0,2,0,0,0,0,0,0,0,0,0,0,0,0,0,0,0,0,0,0,0,0,0,0,0,0,0,0,0,0,18,2406,0,0,0,0,1,13,0,1,1,0,1,2,1,Flareon
7-15,15:11:52,NINTEN,Seadra,Super Nerd,1,Mt Moon - 1,2,5:29.36,5:29,0h5m29s,0,1,1,14,0:21,11.496,WATER GUN,SMOKESCREEN,BUBBLE,,0,1165,58,10,3,61,61,43,4,2128,Flareon, ,Water,Water,2980,Seadra2,Seadra,,00:05:17.86,00:05:29.36,00:21:07.49,14,0,0,5,29,36,WATER GUN,SMOKESCREEN,BUBBLE,,21,20,18,0,0,0,0,0,38,44,28,36,36,36,34,811,849,1064,675,675,1039,15,15,15,15,0,0,0,0,0,0,0,31,36,36,36,34,78069,37120,37841,1080,2028,0,0,0,1165,1165,0,0,58,13,10,3,0,0,701,570,62,62,61,6,31,0,0,0,0,0,11,0,2,0,0,0,0,0,0,0,0,0,0,0,0,0,0,0,0,0,0,0,0,0,0,0,0,0,0,0,0,20,2855,0,0,0,0,2,13,0,1,1,1,1,2,1,Flareon
7-15,15:12:10,NINTEN,Seadra,Bug Catcher,8,Mt Moon - 1,3,5:47.13,5:47,0h5m47s,0,1,1,14,0:22,12.216,WATER GUN,SMOKESCREEN,BUBBLE,,0,1185,76,11,3,66,66,45,5,2403,Flareon, ,Water,Water,3357,Seadra2,Seadra,,00:05:34.91,00:05:47.13,00:22:18.01,14,0,0,5,47,13,WATER GUN,SMOKESCREEN,BUBBLE,,18,20,16,0,0,0,0,0,35,44,28,36,36,36,34,951,929,1189,740,740,1159,15,15,15,15,0,0,0,0,0,0,0,31,36,36,36,34,82281,38010,41163,1080,2028,0,0,0,1185,1185,0,0,76,14,11,3,0,0,819,661,65,65,66,6,32,0,0,0,0,0,11,0,2,0,0,0,0,0,0,0,0,0,0,0,0,0,0,0,0,0,0,0,0,0,0,0,0,0,0,0,0,23,3232,0,0,0,0,3,13,0,1,1,1,1,2,1,Flareon
7-15,15:12:28,NINTEN,Seadra,Youngster,3,Mt Moon - 1,3,6:04.83,6:04,0h6m4s,0,1,1,15,0:23,11.331,WATER GUN,SMOKESCREEN,BUBBLE,,0,1242,77,12,3,70,70,46,5,2503,Flareon, ,Water,Water,3714,Seadra2,Seadra,,00:05:53.50,00:06:04.83,00:23:27.54,15,0,0,6,4,83,WATER GUN,SMOKESCREEN,BUBBLE,,15,20,15,0,0,0,0,0,37,47,30,39,39,39,36,1051,1086,1294,830,830,1358,15,15,15,15,0,0,0,0,0,0,0,33,39,39,39,36,86474,39114,44252,1080,2028,0,0,0,1242,1242,0,0,77,15,12,3,0,0,917,745,66,66,70,6,33,0,0,0,0,0,11,0,2,0,0,0,0,0,0,0,0,0,0,0,0,0,0,0,0,0,0,0,0,0,0,0,0,0,0,0,0,26,3589,0,0,0,0,3,13,0,1,1,1,1,2,1,Flareon
7-15,15:12:41,NINTEN,Seadra,Hiker,1,Mt Moon - 1,3,6:18.64,6:18,0h6m18s,0,1,1,16,0:24,9.894,WATER GUN,SMOKESCREEN,BUBBLE,,0,1259,77,13,3,73,73,46,5,2653,Flareon, ,Water,Water,4311,Seadra2,Seadra,,00:06:08.75,00:06:18.64,00:24:22.21,16,0,0,6,18,64,WATER GUN,SMOKESCREEN,BUBBLE,,15,20,12,0,0,0,0,0,39,49,32,41,41,41,38,1166,1291,1654,920,920,1468,15,15,15,15,0,0,0,0,0,0,0,36,41,41,41,38,89741,39617,47016,1080,2028,0,0,0,1259,1259,0,0,77,16,13,3,0,0,1161,831,66,66,73,6,33,0,0,0,0,0,12,0,2,0,0,0,0,0,0,0,0,0,0,0,0,0,0,0,0,0,0,0,0,0,0,0,0,0,0,0,0,29,4186,0,0,0,0,3,13,0,1,1,1,1,2,1,Flareon
7-15,15:12:58,NINTEN,Seadra,Rocket,1,Mt Moon - 3,2,6:35.28,6:35,0h6m35s,0,1,1,16,0:25,10.228,WATER GUN,SMOKESCREEN,BUBBLE,,0,1302,79,14,3,77,77,48,5,3003,Flareon, ,Water,Water,4618,Seadra2,Seadra,,00:06:25.05,00:06:35.28,00:25:27.57,16,0,0,6,35,28,WATER GUN,SMOKESCREEN,BUBBLE,,13,20,10,0,0,0,0,0,29,49,32,41,41,41,38,1236,1392,1724,985,985,1595,15,15,15,15,0,0,0,0,0,0,0,36,41,41,41,38,93677,40713,49856,1080,2028,0,0,0,1302,1302,0,0,79,17,14,3,0,0,1250,899,76,76,77,6,35,0,0,0,0,0,13,0,3,0,0,0,0,0,0,0,0,0,0,0,0,0,0,0,0,0,0,0,0,0,0,0,0,0,0,0,0,31,4493,0,0,0,0,3,13,0,1,1,1,1,2,1,Flareon
7-15,15:13:20,NINTEN,Seadra,Fossil Nerd,2,Mt Moon - 3,3,6:57.10,6:57,0h6m57s,0,1,1,17,0:26,13.85,WATER GUN,SMOKESCREEN,BUBBLE,,0,1380,79,15,3,83,83,51,5,3393,Flareon, ,Water,Water,5405,Seadra2,Seadra,,00:06:43.24,00:06:57.10,00:26:54.07,17,0,0,6,57,10,WATER GUN,SMOKESCREEN,BUBBLE,,9,20,8,0,0,0,0,0,30,52,33,44,43,43,40,1396,1567,1919,1140,1140,1755,15,15,15,15,0,0,0,0,0,0,0,37,44,43,43,40,98847,42205,53534,1080,2028,0,0,0,1380,1380,0,0,79,18,15,3,0,0,1388,1008,78,78,83,8,36,0,0,0,0,0,15,0,3,0,0,0,0,0,0,0,0,0,0,0,0,0,0,0,0,0,0,0,0,0,0,0,0,0,0,0,0,34,5280,0,0,0,0,3,13,0,1,1,1,1,2,1,Flareon
7-15,15:13:45,NINTEN,Seadra,Rocket,42,Mt Moon - 3,3,7:22.26,7:22,0h7m22s,0,1,1,18,0:28,15.749,WATER GUN,SMOKESCREEN,BUBBLE,,0,1396,80,16,3,90,90,55,6,3693,Flareon, ,Water,Water,6140,Seadra2,Seadra,,00:07:06.51,00:07:22.26,00:28:33.30,18,0,0,7,22,26,WATER GUN,SMOKESCREEN,BUBBLE,,3,20,7,0,0,0,0,0,42,54,35,46,46,46,42,1511,1737,2093,1280,1280,1935,15,15,15,15,-1,-1,0,0,0,0,0,25,30,46,46,42,104810,43642,57682,1458,2028,0,0,0,1396,1396,0,0,80,19,16,3,0,0,1524,1118,88,88,90,8,40,0,0,0,0,0,16,0,3,0,0,0,0,0,0,0,0,0,0,0,0,0,0,0,0,0,0,0,0,0,0,0,0,0,0,0,0,37,6015,0,0,0,0,3,13,0,1,1,1,1,2,1,Flareon
7-15,15:14:32,NINTEN,Seadra,Rival2-Nugget Bridge,3,Cerulean City,4,8:09.07,8:09,0h8m9s,0,1,1,19,0:31,19.405,WATER GUN,SMOKESCREEN,BUBBLE,,1,1574,88,17,3,99,99,61,6,4113,Flareon, ,Water,Water,7178,Seadra2,Seadra,Rival (Nugget Bridge),00:07:49.67,00:08:09.07,00:31:38.13,19,0,0,8,9,7,WATER GUN,SMOKESCREEN,BUBBLE,,16,20,30,0,0,0,0,0,39,57,37,49,48,48,45,1686,1983,2293,1431,1431,2172,15,15,15,15,-1,0,0,0,0,-1,0,27,49,48,48,45,115893,49058,62790,2017,2028,1,0,0,1574,1574,0,0,88,20,17,3,0,0,1747,1289,106,106,98,10,45,0,0,0,0,0,16,0,3,0,0,0,0,0,0,0,0,0,0,0,0,0,0,0,0,0,0,0,0,0,0,0,0,0,0,0,0,41,7053,0,0,0,0,4,13,0,1,1,1,1,2,1,Flareon
7-15,15:14:46,NINTEN,Seadra,Bug Catcher,9,Route 24,2,8:23.18,8:23,0h8m23s,0,1,1,19,0:32,6.281,WATER GUN,SMOKESCREEN,BUBBLE,,1,1585,88,18,3,101,101,61,6,4708,Flareon, ,Water,Water,7493,Seadra2,Seadra,,00:08:16.90,00:08:23.18,00:32:33.53,19,0,0,8,23,18,WATER GUN,SMOKESCREEN,BUBBLE,,14,20,30,0,0,0,0,0,39,57,37,49,48,48,45,1771,2048,2358,1471,1471,2267,15,15,15,15,0,0,0,0,0,0,0,41,49,48,48,45,119233,50380,64808,2017,2028,1,0,0,1585,1585,0,0,88,21,18,3,0,0,1832,1364,106,106,100,10,45,0,0,0,0,0,16,0,3,0,0,0,0,0,0,0,0,0,0,0,0,0,0,0,0,0,0,0,0,0,0,0,0,0,0,0,0,43,7368,0,0,0,0,4,13,0,1,1,1,1,2,1,Flareon
7-15,15:15:00,NINTEN,Seadra,Lass,8,Route 24,2,8:37.11,8:37,0h8m37s,0,1,1,19,0:33,11.196,WATER GUN,SMOKESCREEN,BUBBLE,,1,1587,90,19,3,105,105,64,6,4848,Flareon, ,Water,Water,7835,Seadra2,Seadra,,00:08:25.92,00:08:37.11,00:33:28.52,19,0,0,8,37,11,WATER GUN,SMOKESCREEN,BUBBLE,,12,20,28,0,0,0,0,0,25,57,37,49,48,48,45,1866,2140,2450,1546,1546,2364,15,15,15,15,0,0,0,0,0,0,0,41,49,48,48,45,122532,50514,67973,2017,2028,1,0,0,1587,1587,0,0,90,22,19,3,0,0,1922,1442,120,120,104,10,48,0,0,0,0,0,16,0,3,0,0,0,0,0,0,0,0,0,0,0,0,0,0,0,0,0,0,0,0,0,0,0,0,0,0,0,0,45,7710,0,0,0,0,4,13,0,1,1,1,1,2,1,Flareon
7-15,15:15:16,NINTEN,Seadra,Youngster,4,Route 24,3,8:53.14,8:53,0h8m53s,0,1,1,20,0:34,13.13,WATER GUN,SMOKESCREEN,BUBBLE,,1,1591,93,20,3,110,110,66,6,5058,Flareon, ,Water,Water,8354,Seadra2,Seadra,,00:08:40.01,00:08:53.14,00:34:32.05,20,0,0,8,53,14,WATER GUN,SMOKESCREEN,BUBBLE,,9,20,26,0,0,0,0,0,28,60,39,51,51,51,47,1971,2301,2564,1651,1651,2546,15,15,15,15,0,-1,0,0,0,0,0,48,33,51,51,47,126325,50704,71576,2017,2028,1,0,0,1591,1591,0,0,93,23,20,3,0,0,2063,1549,120,120,109,10,50,0,0,0,0,0,16,0,3,0,0,1,0,0,0,0,0,0,0,0,0,0,0,0,1,0,0,0,0,0,0,0,0,0,0,0,0,48,8229,0,0,0,0,4,13,0,1,1,1,1,2,1,Flareon
7-15,15:15:29,NINTEN,Seadra,Lass,7,Route 24,2,9:06.54,9:06,0h9m6s,0,1,1,20,0:35,8.942,WATER GUN,SMOKESCREEN,BUBBLE,,1,1595,94,21,3,113,113,67,6,5268,Flareon, ,Water,Water,8742,Seadra2,Seadra,,00:08:57.60,00:09:06.54,00:35:24.43,20,0,0,9,6,54,WATER GUN,SMOKESCREEN,BUBBLE,,6,20,26,0,0,0,0,0,42,60,39,51,51,51,47,2066,2393,2656,1726,1726,2643,15,15,15,15,0,0,0,0,0,0,0,43,51,51,51,47,129483,50892,74191,2372,2028,1,0,0,1595,1595,0,0,94,24,21,3,0,0,2183,1636,126,126,112,10,51,0,0,0,0,0,17,0,3,0,0,1,0,0,0,0,0,0,0,0,0,0,0,0,1,0,0,0,0,0,0,0,0,0,0,0,0,50,8617,0,0,0,0,4,13,0,1,1,1,1,2,1,Flareon
7-15,15:15:36,NINTEN,Seadra,Jr Trainer M,3,Route 24,1,9:13.41,9:13,0h9m13s,0,1,1,20,0:35,4.107,WATER GUN,SMOKESCREEN,BUBBLE,,1,1599,95,22,3,114,114,67,6,5508,Flareon, ,Water,Water,9027,Seadra2,Seadra,,00:09:09.30,00:09:13.41,00:35:51.44,20,0,0,9,13,41,WATER GUN,SMOKESCREEN,BUBBLE,,5,20,26,0,0,0,0,0,42,60,39,51,51,51,47,2106,2473,2691,1761,1761,2713,15,15,15,15,0,0,0,0,0,0,0,43,51,51,51,47,131104,51058,75646,2372,2028,1,0,0,1599,1599,0,0,95,25,22,3,0,0,2238,1681,126,126,113,10,51,0,0,0,0,0,18,0,3,0,0,1,0,0,0,0,0,0,0,0,0,0,0,0,1,0,0,0,0,0,0,0,0,0,0,0,0,51,8902,0,0,0,0,4,13,0,1,1,1,1,2,1,Flareon
7-15,15:15:54,NINTEN,Seadra,Rocket,6,Route 24,2,9:31.25,9:31,0h9m31s,0,1,1,21,0:37,11.537,WATER GUN,SMOKESCREEN,BUBBLE,,1,1605,97,23,3,118,118,69,7,5868,Flareon,Poisoned,Water,Water,9397,Seadra2,Seadra,,00:09:19.71,00:09:31.25,00:37:02.16,21,0,0,9,31,25,WATER GUN,SMOKESCREEN,BUBBLE,,3,20,24,0,0,0,0,0,34,62,41,53,53,53,49,2181,2578,2770,1841,1841,2823,15,15,15,15,0,0,0,0,0,0,0,46,53,53,53,49,135336,52042,78894,2372,2028,1,0,0,1605,1605,0,0,97,26,23,3,0,0,2331,1757,136,136,117,10,53,0,0,0,0,0,18,0,3,0,0,1,0,0,0,0,0,0,0,1,0,0,0,0,1,0,0,0,0,0,0,0,0,0,0,0,0,53,9272,0,0,0,0,4,13,0,1,1,1,1,2,1,Flareon
7-15,15:16:13,NINTEN,Seadra,Hiker,2,Route 25,2,9:50.46,9:50,0h9m50s,0,1,1,21,0:38,6.591,WATER GUN,SMOKESCREEN,BUBBLE,,1,1649,98,24,3,120,120,69,7,6318,Flareon, ,Water,Water,9955,Seadra2,Seadra,,00:09:43.87,00:09:50.46,00:38:17.49,21,0,0,9,50,46,WATER GUN,SMOKESCREEN,BUBBLE,,2,20,23,0,0,0,0,0,54,62,41,53,53,53,49,2291,2738,2920,1906,1906,2878,15,15,15,15,0,0,0,0,0,0,0,46,53,53,53,49,139869,53835,80961,3045,2028,1,0,0,1649,1649,0,0,98,27,24,3,0,0,2477,1844,136,136,119,10,53,0,0,0,0,0,19,0,3,0,0,1,0,0,0,0,0,0,0,1,0,0,0,0,1,0,0,0,0,0,0,0,0,0,0,0,0,55,9830,0,0,0,0,4,13,0,1,1,1,1,2,1,Flareon
7-15,15:16:26,NINTEN,Seadra,Hiker,4,Route 25,1,10:03.67,10:03,0h10m3s,0,1,1,21,0:39,4.293,WATER GUN,SMOKESCREEN,BUBBLE,,1,1659,99,25,3,121,121,69,7,6843,Flareon, ,Water,Water,10348,Seadra2,Seadra,,00:09:59.37,00:10:03.67,00:39:09.40,21,0,0,10,3,67,WATER GUN,SMOKESCREEN,BUBBLE,,12,20,29,0,0,0,0,0,62,62,41,53,53,53,49,2326,2783,3080,1936,1936,2948,15,15,15,15,0,0,0,0,0,0,0,46,53,53,53,49,142980,54710,82479,3763,2028,1,0,0,1659,1659,0,0,99,28,25,3,0,0,2560,1885,136,136,120,10,53,0,0,0,0,0,19,0,3,0,0,1,0,0,0,0,0,0,0,1,0,0,0,0,1,0,0,0,0,0,0,0,0,0,0,0,0,56,10223,0,0,0,0,5,13,0,1,1,1,1,2,1,Flareon
7-15,15:16:41,NINTEN,Seadra,Lass,9,Route 25,2,10:18.68,10:18,0h10m18s,0,1,1,22,0:40,11.038,WATER GUN,SMOKESCREEN,BUBBLE,,1,1669,102,26,3,125,125,71,7,7438,Flareon, ,Water,Water,10729,Seadra2,Seadra,,00:10:07.65,00:10:18.68,00:40:08.59,22,0,0,10,18,68,WATER GUN,SMOKESCREEN,BUBBLE,,10,20,27,0,0,0,0,0,59,65,43,56,55,55,52,2427,2887,3172,2016,2016,3039,15,15,15,15,-1,0,0,0,0,0,0,31,56,55,55,52,146539,55151,85597,3763,2028,1,0,0,1669,1669,0,0,102,29,26,3,0,0,2657,1969,142,142,124,10,55,0,0,0,0,0,19,0,3,0,0,1,0,0,0,0,0,0,0,1,0,0,0,0,1,0,0,0,0,0,0,0,0,0,0,0,0,58,10604,0,0,0,0,5,13,0,1,1,1,1,2,1,Flareon
7-15,15:16:58,NINTEN,Seadra,Hiker,3,Route 25,4,10:35.41,10:35,0h10m35s,0,1,1,22,0:41,13.112,WATER GUN,SMOKESCREEN,BUBBLE,,1,1675,103,27,3,130,130,72,7,7663,Flareon, ,Water,Water,11687,Seadra2,Seadra,,00:10:22.30,00:10:35.41,00:41:14.57,22,0,0,10,35,41,WATER GUN,SMOKESCREEN,BUBBLE,,9,20,23,0,0,0,0,0,53,65,43,56,55,55,52,2617,3207,3522,2141,2141,3134,15,15,15,15,0,0,0,0,0,0,0,48,56,55,55,52,150497,55509,89197,3763,2028,1,0,0,1675,1675,0,0,103,30,27,3,0,0,2993,2117,148,148,129,10,56,0,0,0,0,0,19,0,4,0,0,1,0,0,0,0,0,0,0,1,0,0,0,0,1,0,0,0,0,0,0,0,0,0,0,0,0,62,11562,0,0,0,0,5,13,0,1,1,1,1,2,1,Flareon
7-15,15:17:09,NINTEN,Seadra,Jr Trainer M,2,Route 25,2,10:46.38,10:46,0h10m46s,0,1,1,22,0:41,7.098,WATER GUN,SMOKESCREEN,BUBBLE,,1,1679,103,28,3,132,132,73,7,8118,Flareon, ,Water,Water,12044,Seadra2,Seadra,,00:10:39.28,00:10:46.38,00:41:58.08,22,0,0,10,46,38,WATER GUN,SMOKESCREEN,BUBBLE,,7,20,23,0,0,0,0,0,48,65,43,56,55,55,52,2682,3323,3601,2206,2206,3261,15,15,15,15,0,0,0,0,0,0,0,48,56,55,55,52,153088,55927,91370,3763,2028,1,0,0,1679,1679,0,0,103,31,28,3,0,0,3110,2187,153,153,131,10,57,0,0,0,0,0,20,0,4,0,0,1,0,0,0,0,0,0,0,1,0,0,0,0,1,0,0,0,0,0,0,0,0,0,0,0,0,64,11919,0,0,0,0,5,13,0,1,1,1,1,2,1,Flareon
7-15,15:17:20,NINTEN,Seadra,Youngster,7,Route 25,2,10:57.41,10:57,0h10m57s,0,1,1,23,0:42,7.347,WATER GUN,SMOKESCREEN,BUBBLE,,1,1690,108,29,3,134,134,73,7,8398,Flareon, ,Water,Water,12509,Seadra2,Seadra,,00:10:50.07,00:10:57.41,00:42:41.37,23,0,0,10,57,41,WATER GUN,SMOKESCREEN,BUBBLE,,6,20,22,0,0,0,0,0,51,68,45,59,58,58,54,2767,3458,3730,2276,2276,3356,15,15,15,15,0,0,0,0,0,0,0,50,59,58,58,54,155697,56286,93620,3763,2028,1,0,0,1690,1690,0,0,108,32,29,3,0,0,3233,2263,153,153,133,10,57,0,0,0,0,0,21,0,4,0,0,1,0,0,0,0,0,0,0,1,0,0,0,0,1,0,0,0,0,0,0,0,0,0,0,0,0,66,12384,0,0,0,0,5,13,0,1,1,1,1,2,1,Flareon
7-15,15:17:48,NINTEN,Seadra,Oddish Lass,10,Route 25,3,11:25.18,11:25,0h11m25s,0,1,1,23,0:44,19.552,WATER GUN,SMOKESCREEN,BUBBLE,,2,1696,108,30,3,142,142,78,7,8608,Flareon, ,Water,Water,13094,Seadra2,Seadra,Oddish Lass,00:11:05.62,00:11:25.18,00:44:31.18,23,0,0,11,25,18,WATER GUN,SMOKESCREEN,BUBBLE,,0,20,20,0,0,0,0,0,33,68,45,59,58,58,54,2897,3603,3880,2461,2461,3472,15,15,15,15,0,0,0,0,0,0,0,50,59,58,58,54,162278,56778,98763,4709,2028,2,0,0,1696,1696,0,0,108,33,30,3,0,0,3375,2385,188,188,141,10,62,0,0,0,0,0,23,0,4,0,0,1,0,0,0,0,0,0,0,1,0,0,0,0,1,0,0,0,0,0,0,0,0,0,0,0,0,69,12969,0,0,0,0,5,13,0,1,1,1,1,2,1,Flareon
7-15,15:18:37,NINTEN,Seadra,Pecking Lass,1,Cerulean City - Gym,1,12:13.81,12:13,0h12m13s,0,1,1,23,0:47,15.782,WATER GUN,SMOKESCREEN,BUBBLE,,2,1876,121,31,3,150,148,85,9,8803,Flareon, ,Water,Water,13545,Seadra2,Seadra,,00:11:58.02,00:12:13.81,00:47:43.54,23,0,0,12,13,81,WATER GUN,SMOKESCREEN,BUBBLE,,22,18,29,0,0,0,0,0,46,68,45,59,58,58,54,2942,3670,3940,2511,2511,3535,15,15,15,15,0,-2,0,0,0,0,0,63,29,58,58,54,173834,64083,103014,4709,2028,2,0,0,1876,1876,0,0,121,34,31,3,0,0,3424,2434,210,210,147,13,66,0,0,0,0,0,23,0,4,0,0,2,0,0,0,0,0,0,0,1,0,0,0,0,3,2,0,0,0,0,0,0,0,0,0,0,0,70,13420,0,0,0,0,6,13,0,1,1,1,1,2,1,Flareon
7-15,15:19:25,NINTEN,Seadra,Misty,1,Cerulean City - Gym,2,13:01.87,13:01,0h13m1s,0,1,1,24,0:50,37.311,WATER GUN,SMOKESCREEN,BUBBLE,BIDE,3,1877,123,32,3,169,160,101,8,9183,Flareon, ,Water,Water,14884,Seadra2,Seadra,Misty,00:12:24.56,00:13:01.87,00:50:54.26,24,0,0,13,1,87,WATER GUN,SMOKESCREEN,BUBBLE,BIDE,16,16,28,7,0,0,0,0,31,70,47,61,60,60,56,3032,3790,4080,2681,2681,3735,15,15,15,15,0,0,0,0,0,0,0,52,61,60,60,56,185266,64589,112422,6227,2028,3,0,0,1877,1877,0,0,123,35,32,3,0,0,3535,2534,247,247,156,16,74,0,0,0,0,0,26,0,6,0,0,2,0,0,0,0,0,0,0,1,0,0,0,0,3,2,0,0,0,0,0,0,0,0,0,0,0,72,14759,0,0,0,0,6,13,0,1,1,2,1,2,1,Flareon
7-15,15:19:58,NINTEN,Seadra,Cerulean Rocket,5,Cerulean City,2,13:35.09,13:35,0h13m35s,0,1,1,24,0:53,9.623,BUBBLEBEAM,WATER GUN,SMOKESCREEN,BIDE,3,1964,127,33,3,172,163,102,8,11262,Flareon, ,Water,Water,15573,Seadra2,Seadra,Rocket,00:13:25.46,00:13:35.09,00:53:05.31,24,0,0,13,35,9,BUBBLEBEAM,WATER GUN,SMOKESCREEN,BIDE,17,25,20,10,0,0,0,0,67,70,47,61,60,60,56,3162,3918,4175,2806,2806,3812,15,15,15,15,0,0,0,0,0,0,0,52,61,60,60,56,193131,68024,115328,7751,2028,3,0,0,1964,1964,0,0,127,36,33,3,0,0,3663,2637,250,250,159,16,75,0,0,0,0,0,26,0,6,0,0,2,0,0,0,0,0,0,0,1,0,0,0,0,3,2,0,0,0,0,0,0,0,0,0,0,0,74,15448,0,0,0,0,6,13,0,1,1,3,1,2,1,Flareon
7-15,15:20:24,NINTEN,Seadra,Sandy,3,Route 6,3,14:00.95,14:00,0h14m0s,0,1,1,25,0:54,9.411,BUBBLEBEAM,WATER GUN,SMOKESCREEN,BIDE,3,2108,128,34,3,175,166,102,10,11772,Flareon, ,Water,Water,16134,Seadra2,Seadra,,00:13:51.54,00:14:00.95,00:54:47.29,25,0,0,14,0,95,BUBBLEBEAM,WATER GUN,SMOKESCREEN,BIDE,16,23,20,10,0,0,0,0,70,73,48,64,63,63,58,3282,4053,4295,2911,2911,3980,15,15,15,15,0,0,0,0,0,0,0,54,64,63,63,58,199249,71374,118096,7751,2028,3,0,0,2108,2108,0,0,128,37,34,3,0,0,3867,2760,250,250,162,16,75,0,0,0,0,0,27,0,6,0,0,2,0,0,0,0,0,0,0,1,0,0,0,0,3,2,0,0,0,0,0,0,0,0,0,0,0,77,16009,0,0,0,0,7,13,0,1,1,3,1,2,1,Flareon
7-15,15:20:34,NINTEN,Seadra,Jr Trainer M,5,Route 6,2,14:11.08,14:11,0h14m11s,0,1,1,25,0:55,6.816,BUBBLEBEAM,WATER GUN,SMOKESCREEN,BIDE,3,2112,128,35,3,177,168,102,10,12092,Flareon, ,Water,Water,16729,Seadra2,Seadra,,00:14:04.26,00:14:11.08,00:55:27.21,25,0,0,14,11,8,BUBBLEBEAM,WATER GUN,SMOKESCREEN,BIDE,15,22,20,10,0,0,0,0,70,73,48,64,63,63,58,3377,4194,4385,2992,2992,4147,15,15,15,15,0,0,0,0,0,0,0,54,64,63,63,58,201641,71636,120226,7751,2028,3,0,0,2112,2112,0,0,128,38,35,3,0,0,3977,2847,250,250,164,16,75,0,0,0,0,0,27,0,6,0,0,2,0,0,0,0,0,0,0,1,0,0,0,0,3,2,0,0,0,0,0,0,0,0,0,0,0,79,16604,0,0,0,0,7,13,0,1,1,3,1,2,1,Flareon
7-15,15:21:06,NINTEN,Seadra,Sailor,5,SS Anne,2,14:43.39,14:43,0h14m43s,0,1,1,25,0:57,11.834,BUBBLEBEAM,WATER GUN,SMOKESCREEN,BIDE,3,2255,143,36,3,182,173,105,12,11362,Flareon, ,Water,Water,17542,Seadra2,Seadra,,00:14:31.56,00:14:43.39,00:57:34.26,25,0,0,14,43,39,BUBBLEBEAM,WATER GUN,SMOKESCREEN,BIDE,10,22,20,10,0,0,0,0,62,73,48,64,63,63,58,3447,4279,4475,3162,3162,4302,15,15,15,15,0,0,0,0,0,0,0,54,64,63,63,58,209266,76021,123466,7751,2028,3,0,0,2255,2255,0,0,143,39,36,3,0,0,4079,2933,258,258,169,16,78,0,0,0,0,0,28,0,6,0,0,3,0,0,0,0,0,0,0,1,0,0,0,0,5,2,0,0,0,0,0,0,0,0,0,0,0,81,17417,0,0,0,0,9,16,0,1,1,3,1,2,1,Flareon
7-15,15:21:25,NINTEN,Seadra,Gentleman,5,SS Anne,2,15:02.12,15:02,0h15m2s,0,1,1,26,0:58,7.014,BUBBLEBEAM,WATER GUN,SMOKESCREEN,BIDE,3,2354,147,37,3,184,175,105,13,11902,Flareon, ,Water,Water,18426,Seadra2,Seadra,,00:14:55.11,00:15:02.12,00:58:48.10,26,0,0,15,2,12,BUBBLEBEAM,WATER GUN,SMOKESCREEN,BIDE,8,22,20,10,0,0,0,0,65,76,50,66,65,65,61,3552,4434,4575,3277,3277,4452,15,15,15,15,0,0,0,0,0,0,0,56,66,65,65,61,213690,78361,125550,7751,2028,3,0,0,2354,2354,0,0,147,40,37,3,0,0,4381,3027,258,258,171,16,78,0,0,0,0,0,29,0,6,0,0,3,0,0,0,0,0,0,0,1,0,0,0,0,5,2,0,0,0,0,0,0,0,0,0,0,0,83,18301,0,0,0,0,10,16,0,1,1,3,1,2,1,Flareon
7-15,15:21:45,NINTEN,Seadra,Rival3-SS Anne,1,SS Anne,4,15:22.46,15:22,0h15m22s,0,1,1,26,1:00,13.122,BUBBLEBEAM,WATER GUN,SMOKESCREEN,BIDE,3,2382,151,38,3,189,180,106,13,13092,Flareon, ,Water,Water,19607,Seadra2,Seadra,Rival (SS Anne),00:15:09.34,00:15:22.46,01:00:08.22,26,0,0,15,22,46,BUBBLEBEAM,WATER GUN,SMOKESCREEN,BIDE,5,20,20,10,0,0,0,0,65,76,50,66,65,65,61,3727,4680,4775,3428,3428,4689,15,15,15,15,-1,0,0,0,0,0,0,37,66,65,65,61,218502,79653,129070,7751,2028,3,0,0,2382,2382,0,0,151,41,38,3,0,0,4725,3215,258,258,176,16,79,0,0,0,0,0,29,0,6,0,0,3,0,0,0,0,0,0,0,1,0,0,0,0,5,2,0,0,0,0,0,0,0,0,0,0,0,87,19482,0,0,0,0,11,16,0,1,1,3,1,2,1,Flareon
7-15,15:22:41,NINTEN,Seadra,Surge,1,Vermilion City - Gym,1,16:18.04,16:18,0h16m18s,0,1,1,27,1:03,8.812,BUBBLEBEAM,WATER GUN,SMOKESCREEN,BIDE,4,2561,166,39,3,193,184,108,12,14392,Flareon, ,Water,Water,20339,Seadra2,Seadra,Lt. Surge,00:16:09.23,00:16:18.04,01:03:47.59,27,0,0,16,18,4,BUBBLEBEAM,WATER GUN,SMOKESCREEN,BIDE,1,20,20,10,0,0,0,0,8,78,52,68,68,68,63,3787,4770,4830,3518,3518,4789,15,15,15,15,-1,0,0,0,0,0,0,38,68,68,68,63,231679,86489,131728,11434,2028,4,0,0,2561,2561,0,0,166,42,39,3,0,0,4823,3291,328,328,180,16,81,0,0,0,0,0,29,0,6,0,0,3,0,0,0,0,0,0,0,1,0,0,0,0,5,2,0,0,0,0,0,0,0,0,0,0,0,88,20214,0,0,0,0,11,16,0,1,1,5,1,2,1,Flareon
7-15,15:23:56,NINTEN,Seadra,Wrapping Lass,5,Route 9,4,17:33.62,17:33,0h17m33s,0,1,1,27,1:08,28.005,BUBBLEBEAM,WATER GUN,SMOKESCREEN,BIDE,5,2752,186,40,3,207,195,115,14,17164,Flareon,Poisoned,Water,Water,21587,Seadra2,Seadra,RTG1 - Wrapping Lass,00:17:05.62,00:17:33.62,01:08:46.06,27,0,0,17,33,62,BUBBLEBEAM,WATER GUN,SMOKESCREEN,BIDE,9,25,20,10,0,0,0,0,24,78,52,68,68,68,63,3977,5020,5010,3808,3808,4929,15,15,15,15,0,0,0,0,0,0,0,58,76,68,68,63,249566,94749,138957,13832,2028,5,0,0,2752,2700,52,0,186,43,40,3,0,0,5069,3487,382,382,191,16,85,0,0,0,0,0,30,0,6,0,0,3,0,0,0,0,0,0,0,2,0,0,0,0,5,2,0,0,0,0,0,0,0,0,0,0,0,92,21462,0,0,0,0,11,16,0,1,1,5,1,2,1,Flareon
7-15,15:24:18,NINTEN,Seadra,Bug Catcher,14,Route 9,3,17:55.14,17:55,0h17m55s,0,1,1,28,1:10,8.828,BUBBLEBEAM,WATER GUN,SMOKESCREEN,BIDE,5,2791,187,41,3,210,198,115,13,17524,Flareon, ,Water,Water,22356,Seadra2,Seadra,,00:17:46.31,00:17:55.14,01:10:10.31,28,0,0,17,55,14,BUBBLEBEAM,WATER GUN,SMOKESCREEN,BIDE,6,25,20,10,0,0,0,0,67,81,54,71,70,70,65,4122,5140,5125,3888,3888,5069,15,15,15,15,0,0,0,0,0,0,0,60,79,70,70,65,254631,95588,141560,15455,2028,5,0,0,2791,2700,91,0,187,44,41,3,0,0,5322,3644,382,382,194,16,85,0,0,0,0,0,30,0,6,0,0,3,0,0,0,0,0,0,0,2,0,0,0,0,5,2,0,0,0,0,0,0,0,0,0,0,0,95,22231,0,0,0,0,11,16,0,1,1,5,1,2,1,Flareon
7-15,15:24:51,NINTEN,Seadra,Slowbone,7,Rock Tunnel - 1,2,18:28.18,18:28,0h18m28s,0,1,1,28,1:12,10.084,BUBBLEBEAM,WATER GUN,SMOKESCREEN,BIDE,5,2885,206,42,3,214,202,117,14,17724,Flareon, ,Water,Water,23270,Seadra2,Seadra,,00:18:18.10,00:18:28.18,01:12:20.42,28,0,0,18,28,18,BUBBLEBEAM,WATER GUN,SMOKESCREEN,BIDE,16,25,20,10,0,0,0,0,66,81,54,71,70,70,65,4262,5255,5285,3968,3968,5119,15,15,15,15,0,0,0,0,0,0,0,60,79,70,70,65,262442,99522,144360,16532,2028,5,0,0,2885,2709,176,0,206,45,42,3,0,0,5540,3781,397,397,198,16,87,0,0,0,0,0,30,0,6,0,0,3,0,0,0,0,0,0,0,2,0,0,0,0,5,2,0,0,0,0,0,0,0,0,0,0,0,97,23145,0,0,0,0,12,16,0,1,1,5,1,2,1,Flareon
7-15,15:25:12,NINTEN,Seadra,Pokemaniac,5,Rock Tunnel,1,18:49.40,18:49,0h18m49s,0,1,1,28,1:13,9.792,BUBBLEBEAM,WATER GUN,SMOKESCREEN,BIDE,5,2924,207,43,4,218,206,120,14,18874,Flareon, ,Water,Water,23799,Seadra2,Seadra,,00:18:39.61,00:18:49.40,01:13:44.29,28,0,0,18,49,40,BUBBLEBEAM,WATER GUN,SMOKESCREEN,BIDE,13,24,20,10,0,0,0,0,50,81,54,71,70,70,65,4352,5320,5350,4008,4008,5134,15,15,15,15,0,0,0,0,0,0,0,60,79,70,70,65,267469,100338,147705,17398,2028,5,0,0,2924,2709,215,0,207,47,43,4,1,0,5638,3865,413,413,202,16,90,0,0,0,0,0,30,0,6,0,0,3,0,0,0,0,0,0,0,2,0,0,0,0,5,2,0,0,0,0,0,0,0,0,0,0,0,98,23674,0,0,0,0,12,16,0,1,1,5,1,2,1,Flareon
7-15,15:26:37,NINTEN,Seadra,Status-Condition-Jr-Trainer,10,Rock Tunnel,2,20:14.34,20:14,0h20m14s,2,1,3,29,1:15,19.225,BUBBLEBEAM,WATER GUN,SMOKESCREEN,BIDE,6,2939,208,44,4,228,212,128,13,20124,Flareon,Poisoned,Water,Water,24467,Seadra2,Seadra,RTG4 - Status Jr Trainer,00:19:55.11,00:20:14.34,01:15:38.56,29,2,0,20,14,34,BUBBLEBEAM,WATER GUN,SMOKESCREEN,BIDE,7,24,20,10,0,0,0,0,42,84,56,74,73,73,68,4442,5419,5454,4148,4148,5209,15,15,15,15,-1,0,0,0,0,0,0,40,83,73,73,68,274342,100845,152668,18643,2186,6,1,0,2939,2709,230,0,208,48,44,4,1,0,5783,3995,455,455,208,16,97,0,0,0,0,0,31,0,6,0,0,3,0,0,0,0,0,0,0,3,0,0,0,0,5,2,0,0,0,0,0,0,3,0,0,0,0,100,24342,0,0,0,0,12,16,0,1,1,5,1,2,3,Flareon
7-15,15:27:08,NINTEN,Seadra,Selfdestructing Hiker,9,Rock Tunnel,3,20:44.94,20:44,0h20m44s,2,2,4,29,1:17,9.947,BUBBLEBEAM,WATER GUN,SMOKESCREEN,BIDE,6,3052,221,45,5,231,215,128,11,20564,Flareon, ,Water,Water,25844,Seadra2,Seadra,,00:20:34.99,00:20:44.94,01:17:39.28,29,2,0,20,44,94,BUBBLEBEAM,WATER GUN,SMOKESCREEN,BIDE,7,21,20,10,0,0,0,0,42,84,56,74,73,73,68,4577,5674,5769,4253,4253,5284,15,15,15,15,0,0,0,0,0,0,0,63,83,73,73,68,281574,103393,156082,19913,2186,6,1,0,3052,2709,343,0,221,50,45,5,2,0,6538,4154,455,455,211,16,97,0,0,0,0,0,32,0,6,0,0,3,0,0,0,0,0,0,0,3,0,0,0,0,5,2,0,0,0,0,0,0,3,0,0,0,0,103,25719,0,0,0,0,12,16,0,1,1,5,2,2,4,Flareon
7-15,15:27:30,NINTEN,Seadra,Finisher,18,Rock Tunnel - 1,3,21:07.41,21:07,0h21m7s,2,2,4,29,1:19,11.413,BUBBLEBEAM,WATER GUN,SMOKESCREEN,BIDE,7,3107,237,46,5,236,220,130,11,21299,Flareon, ,Water,Water,26707,Seadra2,Seadra,RTG6 - Finisher,00:20:56.00,00:21:07.41,01:19:08.11,29,2,0,21,7,41,BUBBLEBEAM,WATER GUN,SMOKESCREEN,BIDE,2,21,20,10,0,0,0,0,31,84,56,74,73,73,68,4702,5814,5899,4403,4403,5460,15,15,15,15,0,0,0,0,0,0,0,63,83,73,73,68,286897,105077,159172,20462,2186,7,1,0,3107,2709,398,0,237,51,46,5,2,0,6833,4308,466,466,216,16,98,0,0,0,0,0,33,0,6,0,0,3,0,0,0,0,0,0,0,3,0,0,0,0,5,2,0,0,0,0,0,0,3,0,0,0,0,106,26582,0,0,0,0,12,16,0,1,1,5,2,2,4,Flareon
7-15,15:28:04,NINTEN,Seadra,Gambler,7,Route 8,2,21:41.33,21:41,0h21m41s,2,2,4,30,1:21,7.091,BUBBLEBEAM,WATER GUN,SWIFT,BIDE,7,3295,279,47,5,238,222,130,12,21699,Flareon, ,Water,Water,27499,Seadra2,Seadra,,00:21:34.24,00:21:41.33,01:21:21.59,30,2,0,21,41,33,BUBBLEBEAM,WATER GUN,SWIFT,BIDE,0,21,20,10,0,0,0,0,34,87,58,76,75,75,70,4795,5925,5984,4518,4518,5585,15,15,15,15,0,0,0,0,0,0,0,65,85,75,75,70,294925,109413,161331,21995,2186,7,1,0,3295,2794,501,0,279,52,47,5,2,0,7044,4428,466,466,218,16,98,0,0,0,0,0,33,0,6,0,0,3,0,0,0,0,0,0,0,3,0,0,0,0,5,2,0,0,0,0,0,0,3,0,0,0,0,108,27374,0,0,0,0,13,16,0,1,1,6,2,2,4,Flareon
7-15,15:28:52,NINTEN,Seadra,Rocket,7,Celadon City - Game Corner,2,22:28.87,22:28,0h22m28s,2,2,4,30,1:24,5.886,BUBBLEBEAM,WATER GUN,SWIFT,BIDE,7,3551,290,48,5,240,224,130,11,23379,Flareon, ,Water,Water,28226,Seadra2,Seadra,,00:22:22.99,00:22:28.87,01:24:29.49,30,2,0,22,28,87,BUBBLEBEAM,WATER GUN,SWIFT,BIDE,18,25,20,10,0,0,0,0,87,87,58,76,75,75,70,4890,6051,6079,4608,4608,5737,15,15,15,15,0,0,0,0,0,0,0,65,85,75,75,70,306195,118478,163228,22303,2186,7,1,0,3551,3050,501,0,290,53,48,5,2,0,7195,4532,466,466,220,16,98,0,0,0,0,0,33,0,6,0,0,3,0,0,0,0,0,0,0,3,0,0,0,0,5,2,0,0,0,0,0,0,3,0,0,0,0,110,28101,0,0,0,0,16,16,0,1,1,6,2,2,4,Flareon
7-15,15:29:23,NINTEN,Seadra,Rocket,15,Rocket Hideout 3,2,23:00.44,23:00,0h23m0s,2,2,4,30,1:26,5.776,BUBBLEBEAM,WATER GUN,SWIFT,BIDE,7,3715,298,49,5,242,226,130,12,23979,Flareon, ,Water,Water,29018,Seadra2,Seadra,,00:22:54.66,00:23:00.44,01:26:34.40,30,2,0,23,0,44,BUBBLEBEAM,WATER GUN,SWIFT,BIDE,16,25,20,10,0,0,0,0,87,87,58,76,75,75,70,5030,6211,6179,4678,4678,5807,15,15,15,15,0,0,0,0,0,0,0,65,85,75,75,70,313686,124120,165077,22303,2186,7,1,0,3715,3214,501,0,298,54,49,5,2,0,7357,4658,466,466,222,16,98,0,0,0,0,0,33,0,6,0,0,3,0,0,0,0,0,0,0,3,0,0,0,0,5,2,0,0,0,0,0,0,3,0,0,0,0,112,28893,0,0,0,0,19,16,0,1,1,6,2,2,4,Flareon
7-15,15:31:23,NINTEN,Seadra,Rival4-Pkmn Tower,3,Pokemon Tower - 2F,5,25:00.67,25:00,0h25m0s,2,2,4,31,1:34,20.138,BUBBLEBEAM,WATER GUN,SWIFT,ICE BEAM,7,4158,351,50,5,250,234,133,14,5909,Flareon, ,Water,Water,31668,Seadra2,Seadra,Rival (Pokemon Tower),00:24:40.53,00:25:00.67,01:34:29.04,31,2,0,25,0,67,BUBBLEBEAM,WATER GUN,SWIFT,ICE BEAM,11,25,19,8,0,0,0,0,69,89,60,79,82,82,72,5255,6531,6549,15214,15214,6087,15,15,15,15,0,-1,0,0,0,0,0,75,58,82,82,72,342150,142990,170263,26711,2186,7,1,0,4158,3657,501,0,351,55,50,5,2,0,7941,4944,486,486,229,17,100,0,0,0,0,0,34,0,6,0,0,3,0,0,0,0,0,0,0,3,0,0,0,0,5,2,0,0,0,0,0,0,3,0,0,0,0,117,31543,0,0,0,0,24,34,8,1,1,8,2,2,4,Flareon
7-15,15:32:08,NINTEN,Seadra,Agatha Jr,10,Pokemon Tower - 4F,2,25:45.61,25:45,0h25m45s,3,2,5,31,1:36,9.258,BUBBLEBEAM,WATER GUN,SWIFT,ICE BEAM,8,4206,357,51,5,254,238,135,14,7534,Flareon, ,Water,Water,32604,Seadra2,Seadra,,00:25:36.35,00:25:45.61,01:36:13.40,31,3,0,25,45,61,BUBBLEBEAM,WATER GUN,SWIFT,ICE BEAM,11,25,19,4,0,0,0,0,63,89,60,79,82,82,72,5315,6601,6609,15414,15414,6247,15,15,15,15,0,0,0,0,0,0,0,67,88,82,82,72,348431,145159,172934,27998,2340,8,2,0,4206,3705,501,0,357,56,51,5,2,0,8126,5044,492,492,233,17,102,0,0,0,0,0,35,0,6,0,0,3,0,0,0,0,0,0,0,3,0,0,0,0,5,2,0,0,0,0,0,0,3,0,0,0,0,119,32479,0,0,0,0,24,34,8,1,1,8,2,2,5,Flareon
7-15,15:32:32,NINTEN,Seadra,Channeler,21,Pokemon Tower - 6F,1,26:09.17,26:09,0h26m9s,3,2,5,32,1:37,6.752,BUBBLEBEAM,WATER GUN,SWIFT,ICE BEAM,8,4276,370,52,6,256,240,136,14,8224,Flareon, ,Water,Water,33091,Seadra2,Seadra,,00:26:02.42,00:26:09.17,01:37:46.41,32,3,0,26,9,17,BUBBLEBEAM,WATER GUN,SWIFT,ICE BEAM,19,25,20,9,0,0,0,0,68,92,62,81,85,85,75,5345,6636,6639,15514,15514,6327,15,15,15,15,0,0,0,0,0,0,0,69,91,85,85,75,354012,147728,175606,28338,2340,8,2,0,4276,3775,501,0,370,58,52,6,3,0,8200,5096,516,516,235,17,103,0,0,0,0,0,35,0,6,0,0,3,0,0,0,0,0,0,0,3,0,0,0,0,5,2,0,0,0,0,0,0,3,0,0,0,0,120,32966,0,0,0,0,26,34,8,1,1,8,2,2,5,Flareon
7-15,15:32:42,NINTEN,Seadra,Channeler,20,Pokemon Tower - 6F,1,26:19.66,26:19,0h26m19s,3,2,5,32,1:38,7.34,BUBBLEBEAM,WATER GUN,SWIFT,ICE BEAM,8,4287,370,53,6,259,242,138,14,8944,Flareon, ,Water,Water,33578,Seadra2,Seadra,,00:26:12.32,00:26:19.66,01:38:28.05,32,3,0,26,19,66,BUBBLEBEAM,WATER GUN,SWIFT,ICE BEAM,18,25,20,8,0,0,0,0,58,92,62,81,85,85,75,5375,6671,6669,15614,15614,6407,15,15,15,15,0,0,0,0,0,0,0,69,91,85,85,75,356496,148056,177762,28338,2340,8,2,0,4287,3786,501,0,370,59,53,6,3,0,8277,5148,526,526,237,18,105,0,0,0,0,0,35,0,6,0,0,4,0,0,0,0,0,0,0,3,0,0,0,0,7,3,0,0,0,0,0,0,3,0,0,0,0,121,33453,0,0,0,0,26,34,8,1,1,8,2,2,5,Flareon
7-15,15:33:11,NINTEN,Seadra,Rocket,44,Pokemon Tower - 7F,3,26:48.13,26:48,0h26m48s,3,2,5,32,1:40,9.867,BUBBLEBEAM,WATER GUN,SWIFT,ICE BEAM,9,4312,374,54,7,263,246,139,14,9664,Flareon, ,Water,Water,35827,Seadra2,Seadra,,00:26:38.27,00:26:48.13,01:40:20.29,32,3,0,26,48,13,BUBBLEBEAM,WATER GUN,SWIFT,ICE BEAM,14,25,20,8,0,0,0,0,58,92,62,81,85,85,75,5540,6891,6893,15804,15804,6637,15,15,15,15,0,0,0,0,0,0,0,69,91,85,85,75,363240,149760,181374,29766,2340,9,2,0,4312,3811,501,0,374,61,54,7,3,0,8621,5359,526,526,241,19,105,0,0,0,0,0,38,0,6,0,0,4,0,0,0,0,0,0,0,3,0,0,0,0,7,3,0,0,0,0,0,0,3,0,0,0,0,124,35702,0,0,0,0,27,34,8,1,1,8,2,2,5,Flareon
7-15,15:34:00,NINTEN,Seadra,Biker,7,Route 16,4,27:37.37,27:37,0h27m37s,3,2,5,33,1:43,12.7,BUBBLEBEAM,WATER GUN,SWIFT,ICE BEAM,9,4433,378,55,8,268,251,140,15,10474,Flareon, ,Water,Water,37831,Seadra2,Seadra,,00:27:24.67,00:27:37.37,01:43:34.34,33,3,0,27,37,37,BUBBLEBEAM,WATER GUN,SWIFT,ICE BEAM,15,25,20,10,0,0,0,0,89,95,64,84,87,87,77,5860,7211,7093,15964,15964,6737,15,15,15,15,0,0,0,0,0,0,0,72,94,87,87,77,374885,155470,185648,31427,2340,9,2,0,4433,3915,518,0,378,63,55,8,4,0,9094,5683,532,532,246,19,106,0,0,0,0,0,39,0,6,0,0,4,0,0,0,0,0,0,0,3,0,0,0,0,7,3,0,0,0,0,0,0,3,0,0,0,0,128,37706,0,0,0,0,27,34,8,1,1,8,2,2,5,Flareon
7-15,15:34:16,NINTEN,Seadra,Biker,8,Route 17,3,27:53.69,27:53,0h27m53s,3,2,5,34,1:44,12.25,BUBBLEBEAM,WATER GUN,SWIFT,ICE BEAM,9,4454,378,56,8,273,256,142,15,10994,Flareon,Poisoned,Water,Water,40591,Seadra2,Seadra,,00:27:41.44,00:27:53.69,01:44:38.54,34,3,0,27,53,69,BUBBLEBEAM,WATER GUN,SWIFT,ICE BEAM,10,25,20,10,0,0,0,0,86,98,66,86,90,90,79,6030,7456,7428,16194,16194,6892,15,15,15,15,0,0,0,0,0,0,0,74,96,90,90,79,378745,155925,189053,31427,2340,9,2,0,4454,3915,539,0,378,64,56,8,4,0,9371,5903,538,538,251,20,107,0,0,0,0,0,40,0,6,0,0,4,0,0,0,0,0,0,0,4,0,0,0,0,7,3,0,0,0,0,0,0,3,0,0,0,0,131,40466,0,0,0,0,27,34,8,1,1,8,2,2,5,Flareon
7-15,15:34:49,NINTEN,Seadra,Cue Ball,8,Route 17,2,28:26.39,28:26,0h28m26s,3,2,5,34,1:46,9.316,BUBBLEBEAM,WATER GUN,SWIFT,ICE BEAM,9,4564,385,57,8,277,260,144,14,11554,Flareon, ,Water,Water,42422,Seadra2,Seadra,,00:28:17.08,00:28:26.39,01:46:48.22,34,3,0,28,26,39,BUBBLEBEAM,WATER GUN,SWIFT,ICE BEAM,6,25,20,10,0,0,0,0,84,98,66,86,90,90,79,6175,7661,7558,16304,16304,7032,15,15,15,15,0,0,0,0,0,0,0,74,96,90,90,79,386513,158839,191752,33582,2340,9,2,0,4564,3915,649,0,385,65,57,8,4,0,9607,6074,552,552,255,20,108,0,0,0,0,0,40,0,6,0,0,4,0,0,0,0,0,0,0,4,0,0,0,0,7,3,0,0,0,0,0,0,3,0,0,0,0,133,42297,0,0,0,0,29,34,8,1,1,8,2,2,5,Flareon
7-15,15:35:12,NINTEN,Seadra,Biker,12,Route 17,5,28:49.27,28:49,0h28m49s,3,2,5,35,1:48,18.939,BUBBLEBEAM,WATER GUN,SWIFT,ICE BEAM,9,4590,387,58,8,284,267,146,14,12279,Flareon, ,Water,Water,46102,Seadra2,Seadra,,00:28:30.33,00:28:49.27,01:48:18.37,35,3,0,28,49,27,BUBBLEBEAM,WATER GUN,SWIFT,ICE BEAM,1,23,20,10,0,0,0,0,60,100,68,89,93,93,82,6425,8036,8083,16654,16654,7257,15,15,15,15,0,0,0,0,0,0,0,76,100,93,93,82,391928,159260,196746,33582,2340,9,2,0,4590,3915,675,0,387,66,58,8,4,0,10139,6393,578,578,262,20,110,0,0,0,0,0,43,0,6,0,0,4,0,0,0,0,0,0,0,4,0,0,0,0,7,3,0,0,0,0,0,0,3,0,0,0,0,138,45977,0,0,0,0,29,34,8,1,1,8,2,2,5,Flareon
7-15,15:36:40,NINTEN,Seadra,Cooltrainer F,1,Celadon City - Gym,3,30:17.74,30:17,0h30m17s,3,2,5,36,1:54,9.647,BUBBLEBEAM,SURF,SWIFT,ICE BEAM,9,5184,426,59,8,287,270,146,17,12279,Flareon, ,Water,Water,48279,Seadra2,Seadra,,00:30:08.08,00:30:17.74,01:54:07.33,36,3,0,30,17,74,BUBBLEBEAM,SURF,SWIFT,ICE BEAM,20,15,20,7,0,0,0,0,103,103,71,92,95,95,86,6610,10813,8266,16904,16904,9972,15,15,15,15,0,0,0,0,0,0,0,79,103,95,95,86,412864,172444,199526,38554,2340,9,2,0,5184,4133,1051,0,426,67,59,8,4,0,10477,6594,578,578,265,20,110,0,0,0,0,0,43,0,6,0,0,4,0,0,0,0,0,0,0,4,0,0,0,0,7,3,0,0,0,0,0,0,3,0,0,0,0,141,48154,0,0,0,0,33,34,8,1,1,9,2,2,5,Flareon
7-15,15:37:01,NINTEN,Seadra,Erika,1,Celadon City - Gym,3,30:38.62,30:38,0h30m38s,3,2,5,37,1:55,13.384,BUBBLEBEAM,SURF,SWIFT,ICE BEAM,10,5187,426,60,8,292,275,147,17,13119,Flareon, ,Water,Water,51284,Seadra2,Seadra,Erika,00:30:25.24,00:30:38.62,01:55:30.03,37,3,0,30,38,62,BUBBLEBEAM,SURF,SWIFT,ICE BEAM,20,15,20,2,0,0,0,0,80,106,73,94,98,98,88,6800,11023,8501,17174,17174,10127,15,15,15,15,0,0,0,0,0,0,0,82,105,98,98,88,417814,173193,203207,39074,2340,10,2,0,5187,4136,1051,0,426,68,60,8,4,0,10892,6913,604,604,270,20,111,0,0,0,0,0,43,0,6,0,0,4,0,0,0,0,0,0,0,4,0,0,0,0,7,3,0,0,0,0,0,0,3,0,0,0,0,144,51159,0,0,0,0,33,34,8,1,1,9,2,2,5,Flareon
7-15,15:37:45,NINTEN,Seadra,Rocket,39,Silph Co - 10F,1,31:21.95,31:21,0h31m21s,3,2,5,37,1:58,7.085,SURF,BUBBLEBEAM,SWIFT,ICE BEAM,10,5359,461,61,8,294,277,148,17,16287,Flareon, ,Water,Water,52316,Seadra2,Seadra,,00:31:14.86,00:31:21.95,01:58:20.49,37,3,0,31,21,95,SURF,BUBBLEBEAM,SWIFT,ICE BEAM,14,19,20,10,0,0,0,0,106,106,73,94,98,98,88,6880,11123,8571,17224,17224,10172,15,15,15,15,0,0,0,0,0,0,0,82,105,98,98,88,428060,180203,205484,40033,2340,10,2,0,5359,4308,1051,0,461,69,61,8,4,0,11054,7014,604,604,272,21,111,0,0,0,0,0,43,0,6,0,0,4,0,0,0,0,0,0,0,4,0,0,0,0,7,3,0,0,0,0,0,0,3,0,0,0,0,145,52191,0,0,0,0,33,34,8,1,1,9,2,2,5,Flareon
7-15,15:38:07,NINTEN,Seadra,Rocket,35,Silph Co - 8F,4,31:44.52,31:44,0h31m44s,3,2,5,37,1:59,12.455,SURF,BUBBLEBEAM,SWIFT,ICE BEAM,10,5411,477,62,8,298,281,149,18,17277,Flareon, ,Water,Water,54529,Seadra2,Seadra,,00:31:32.07,00:31:44.52,01:59:49.47,37,3,0,31,44,52,SURF,BUBBLEBEAM,SWIFT,ICE BEAM,13,18,20,8,0,0,0,0,98,106,73,94,98,98,88,7080,11385,8771,17414,17414,10486,15,15,15,15,0,0,0,0,0,0,0,82,105,98,98,88,433398,182190,208835,40033,2340,10,2,0,5411,4360,1051,0,477,70,62,8,4,0,11635,7276,612,612,276,21,112,0,0,0,0,0,43,0,6,0,0,4,0,0,0,0,0,0,0,4,0,0,0,0,7,3,0,0,0,0,0,0,3,0,0,0,0,149,54404,0,0,0,0,35,34,8,1,1,9,2,2,5,Flareon
7-15,15:38:24,NINTEN,Seadra,Rocket,32,Silph Co - 7F,4,32:01.39,32:01,0h32m1s,3,2,5,38,2:00,12.508,SURF,BUBBLEBEAM,SWIFT,ICE BEAM,10,5424,479,63,8,302,285,149,18,18057,Flareon, ,Water,Water,57579,Seadra2,Seadra,,00:31:48.88,00:32:01.39,02:00:56.08,38,3,0,32,1,39,SURF,BUBBLEBEAM,SWIFT,ICE BEAM,10,18,20,7,0,0,0,0,101,109,76,97,101,101,90,7310,11696,9065,17664,17664,10788,15,15,15,15,0,0,0,0,0,0,0,85,109,101,101,90,437379,182788,212218,40033,2340,10,2,0,5424,4373,1051,0,479,71,63,8,4,0,12209,7554,612,612,280,21,112,0,0,0,0,0,44,0,6,0,0,4,0,0,0,0,0,0,0,4,0,0,0,0,7,3,0,0,0,0,0,0,3,0,0,0,0,153,57454,0,0,0,0,35,34,8,1,1,9,2,2,5,Flareon
7-15,15:38:36,NINTEN,Seadra,Rocket,33,Silph Co - 7F,2,32:12.85,32:12,0h32m12s,3,2,5,38,2:01,6.636,SURF,BUBBLEBEAM,SWIFT,ICE BEAM,10,5438,480,64,8,304,287,149,18,18837,Flareon, ,Water,Water,58659,Seadra2,Seadra,,00:32:06.21,00:32:12.85,02:01:40.59,38,3,0,32,12,85,SURF,BUBBLEBEAM,SWIFT,ICE BEAM,10,16,20,7,0,0,0,0,101,109,76,97,101,101,90,7410,11796,9255,17744,17744,10858,15,15,15,15,0,0,0,0,0,0,0,85,109,101,101,90,440070,183500,214197,40033,2340,10,2,0,5438,4387,1051,0,480,72,64,8,4,0,12591,7698,612,612,282,21,112,0,0,0,0,0,44,0,6,0,0,4,0,0,0,0,0,0,0,4,0,0,0,0,7,3,0,0,0,0,0,0,3,0,0,0,0,155,58534,0,0,0,0,35,34,8,1,1,9,2,2,5,Flareon
7-15,15:39:02,NINTEN,Seadra,Scientist,7,Silph Co - 6F,5,32:39.70,32:39,0h32m39s,3,2,5,39,2:03,15.011,SURF,BUBBLEBEAM,SWIFT,ICE BEAM,10,5539,483,65,8,309,292,149,19,19707,Flareon, ,Water,Water,61766,Seadra2,Seadra,,00:32:24.69,00:32:39.70,02:03:26.59,39,3,0,32,39,70,SURF,BUBBLEBEAM,SWIFT,ICE BEAM,5,16,20,7,0,0,0,0,103,111,77,100,103,103,93,7605,12051,9660,18134,18134,11143,15,15,15,15,0,0,0,0,0,0,0,86,112,103,103,93,446430,185901,218156,40033,2340,10,2,0,5539,4488,1051,0,483,73,65,8,4,0,13197,7990,612,612,287,21,112,0,0,0,0,0,45,0,6,0,0,4,0,0,0,0,0,0,0,4,0,0,0,0,7,3,0,0,0,0,0,0,3,0,0,0,0,160,61641,0,0,0,0,36,34,8,1,1,9,2,2,5,Flareon
7-15,15:39:22,NINTEN,Seadra,Scientist,6,Silph Co - 5F,4,32:58.88,32:58,0h32m58s,3,2,5,40,2:04,12.488,SURF,BUBBLEBEAM,SWIFT,ICE BEAM,10,5573,486,66,8,313,296,149,19,20957,Flareon, ,Water,Water,64755,Seadra2,Seadra,,00:32:46.40,00:32:58.88,02:04:42.35,40,3,0,32,58,88,SURF,BUBBLEBEAM,SWIFT,ICE BEAM,1,16,20,7,0,0,0,0,106,114,79,103,106,106,95,7785,12301,10040,18494,18494,11353,15,15,15,15,0,0,0,0,0,0,0,88,115,106,106,95,450966,187082,221511,40033,2340,10,2,0,5573,4522,1051,0,486,74,66,8,4,0,13595,8242,612,612,291,21,112,0,0,0,0,0,46,0,6,0,0,4,0,0,0,0,0,0,0,4,0,0,0,0,7,3,0,0,0,0,0,0,3,0,0,0,0,164,64630,0,0,0,0,37,34,8,1,1,9,2,2,5,Flareon
7-15,15:39:29,NINTEN,Seadra,Rocket,28,Silph Co - 5F,1,33:06.10,33:06,0h33m6s,3,2,5,40,2:05,4.094,SURF,BUBBLEBEAM,SWIFT,ICE BEAM,10,5584,486,67,8,314,297,149,19,22257,Flareon, ,Water,Water,65794,Seadra2,Seadra,,00:33:02.01,00:33:06.10,02:05:10.56,40,3,0,33,6,10,SURF,BUBBLEBEAM,SWIFT,ICE BEAM,0,16,20,7,0,0,0,0,106,114,79,103,106,106,95,7845,12386,10109,18559,18559,11433,15,15,15,15,0,0,0,0,0,0,0,88,115,106,106,95,452667,187386,222908,40033,2340,10,2,0,5584,4533,1051,0,486,75,67,8,4,0,13696,8329,612,612,292,21,112,0,0,0,0,0,46,0,6,0,0,4,0,0,0,0,0,0,0,4,0,0,0,0,7,3,0,0,0,0,0,0,3,0,0,0,0,165,65669,0,0,0,0,37,34,8,1,1,9,2,2,5,Flareon
7-15,15:40:08,NINTEN,Seadra,Rocket,37,Silph Co - 9F,3,33:45.23,33:45,0h33m45s,3,2,5,40,2:07,9.917,SURF,BUBBLEBEAM,SWIFT,ICE BEAM,10,5704,503,68,8,318,301,150,19,23247,Flareon, ,Water,Water,67474,Seadra2,Seadra,,00:33:35.31,00:33:45.23,02:07:44.39,40,3,0,33,45,23,SURF,BUBBLEBEAM,SWIFT,ICE BEAM,0,12,20,7,0,0,0,0,106,114,81,103,107,107,96,8055,15154,10254,21284,21284,14095,15,15,15,15,0,0,0,0,0,0,0,91,115,107,107,96,461890,192076,225742,41732,2340,10,2,0,5704,4653,1051,0,503,76,68,8,4,0,14047,8573,612,612,296,22,112,0,0,0,0,0,46,0,6,0,0,4,0,0,0,0,0,0,0,4,0,0,0,0,7,3,0,0,0,0,0,0,3,0,0,0,0,168,67349,0,0,0,0,40,34,8,1,1,9,2,2,5,Flareon
7-15,15:40:30,NINTEN,Seadra,Scientist,4,Silph Co - 3F,2,34:06.91,34:06,0h34m6s,3,2,5,41,2:09,10.688,SURF,AGILITY,SWIFT,ICE BEAM,10,5758,508,69,8,320,303,150,20,24087,Flareon, ,Water,Water,69479,Seadra2,Seadra,,00:33:56.23,00:34:06.91,02:09:10.15,41,3,0,34,6,91,SURF,AGILITY,SWIFT,ICE BEAM,13,30,20,10,0,0,0,0,117,117,83,105,109,109,99,8180,15294,10444,21449,21449,14295,15,15,15,15,0,0,0,0,0,0,0,93,118,109,109,99,467026,194274,228680,41732,2340,10,2,0,5758,4707,1051,0,508,77,69,8,4,0,14237,8732,612,612,298,22,112,0,0,0,0,0,46,0,6,0,0,4,0,0,0,0,0,0,0,4,0,0,0,0,7,3,0,0,0,0,0,0,3,0,0,0,0,170,69354,0,0,0,0,41,34,8,1,1,9,2,2,5,Flareon
7-15,15:41:07,NINTEN,Seadra,Rival5-Silph,6,Silph Co - 7F,5,34:44.55,34:44,0h34m44s,3,2,5,42,2:11,28.853,SURF,AGILITY,SWIFT,ICE BEAM,11,5770,513,70,8,331,313,156,20,25537,Flareon, ,Water,Water,76386,Seadra2,Seadra,Rival (Silph Co.),00:34:15.69,00:34:44.55,02:11:38.56,42,3,0,34,44,55,SURF,AGILITY,SWIFT,ICE BEAM,4,30,19,10,0,0,0,0,72,120,85,108,112,112,101,8460,15714,10919,21939,21939,14670,15,15,15,15,0,0,0,0,0,0,0,95,121,112,112,101,475947,195341,235943,42323,2340,11,2,0,5770,4719,1051,0,513,78,70,8,4,0,14962,9242,660,660,307,25,114,0,0,0,0,0,47,0,6,0,0,5,0,0,0,0,0,0,0,4,0,0,0,0,10,4,0,0,0,0,0,0,3,0,0,0,0,175,76261,0,0,0,0,41,34,8,1,1,10,2,2,5,Flareon
7-15,15:41:24,NINTEN,Seadra,Rocket,45,Silph Co - 11F,3,35:01.62,35:01,0h35m1s,3,2,5,42,2:12,9.077,SURF,AGILITY,SWIFT,ICE BEAM,11,5778,513,71,8,334,316,156,20,28137,Flareon, ,Water,Water,78968,Seadra2,Seadra,,00:34:52.55,00:35:01.62,02:12:46.13,42,3,0,35,1,62,SURF,AGILITY,SWIFT,ICE BEAM,1,30,19,10,0,0,0,0,72,120,85,108,112,112,101,8625,15934,11143,22129,22129,14900,15,15,15,15,0,0,0,0,0,0,0,95,121,112,112,101,479984,196692,238629,42323,2340,11,2,0,5778,4727,1051,0,513,79,71,8,4,0,15437,9481,660,660,310,25,114,0,0,0,0,0,48,0,6,0,0,5,0,0,0,0,0,0,0,4,0,0,0,0,10,4,0,0,0,0,0,0,3,0,0,0,0,178,78843,0,0,0,0,41,34,8,1,1,10,2,2,5,Flareon
7-15,15:41:51,NINTEN,Seadra,Giovanni-Silph,2,Silph Co - 11F,4,35:27.94,35:27,0h35m27s,3,2,5,43,2:14,12.945,SURF,AGILITY,SWIFT,ICE BEAM,11,5793,514,72,8,338,320,156,18,29067,Flareon, ,Water,Water,83785,Seadra2,Seadra,Giovanni (Silph),00:35:14.99,00:35:27.94,02:14:29.57,43,3,0,35,27,94,SURF,AGILITY,SWIFT,ICE BEAM,11,30,19,10,0,0,0,0,123,123,87,110,115,115,103,8921,16243,11442,22354,22354,15181,15,15,15,15,0,0,0,0,0,0,0,97,123,115,115,103,486208,197936,242183,43749,2340,11,2,0,5793,4742,1051,0,514,80,72,8,4,0,16659,9918,660,660,314,25,114,0,0,0,0,0,49,0,6,0,0,5,0,0,0,0,0,0,0,4,0,0,0,0,10,4,0,0,0,0,0,0,3,0,0,0,0,182,83660,0,0,0,0,41,34,8,1,1,10,2,2,5,Flareon
7-15,15:42:27,NINTEN,Seadra,Psychic,2,Saffron City - Gym,2,36:04.02,36:04,0h36m4s,3,2,5,44,2:16,10.433,SURF,AGILITY,SWIFT,ICE BEAM,11,5912,520,73,8,342,324,158,18,33126,Flareon, ,Water,Water,85831,Seadra2,Seadra,,00:35:53.58,00:36:04.02,02:16:51.53,44,3,0,36,4,2,SURF,AGILITY,SWIFT,ICE BEAM,11,30,20,10,0,0,0,0,106,125,89,113,118,118,106,9001,16323,11537,22574,22574,15376,15,15,15,15,0,0,0,0,0,0,0,100,127,118,118,106,494724,203088,245171,44125,2340,11,2,0,5912,4861,1051,0,520,81,73,8,4,0,16899,10070,679,679,318,25,116,0,0,0,0,0,49,0,6,0,0,5,0,0,0,0,0,0,0,4,0,0,0,0,10,4,0,0,0,0,0,0,3,0,0,0,0,184,85706,0,0,0,0,41,34,8,1,1,10,2,2,5,Flareon
7-15,15:42:59,NINTEN,Seadra,Sabrina,1,Saffron City - Gym,3,36:36.06,36:36,0h36m36s,3,2,5,44,2:18,22.677,SURF,AGILITY,SWIFT,ICE BEAM,12,5933,522,74,8,357,339,170,18,33466,Flareon, ,Water,Water,90156,Seadra2,Seadra,Sabrina,00:36:13.38,00:36:36.06,02:18:58.36,44,3,0,36,36,6,SURF,AGILITY,SWIFT,ICE BEAM,11,19,16,10,0,0,0,0,106,125,89,113,118,118,106,9121,16428,11627,22934,22934,15691,15,15,15,15,0,0,0,0,6,-6,0,281,358,118,118,424,502327,204285,251041,44661,2340,12,2,0,5933,4882,1051,0,522,82,74,8,4,0,17422,10394,679,679,318,30,123,0,0,0,0,0,49,0,6,0,0,5,0,0,0,0,0,0,0,4,0,0,0,0,10,4,0,0,0,0,0,0,3,0,0,0,0,187,90031,0,0,0,0,41,34,8,1,1,10,2,2,5,Flareon
7-15,15:43:37,NINTEN,Seadra,Juggler,3,Fuchsia City - Gym,4,37:13.94,37:13,0h37m13s,3,2,5,45,2:21,13.495,SURF,AGILITY,SWIFT,ICE BEAM,13,5973,525,75,8,361,343,170,19,38416,Flareon, ,Water,Water,93147,Seadra2,Seadra,,00:37:00.45,00:37:13.94,02:21:27.55,45,3,0,37,13,94,SURF,AGILITY,SWIFT,ICE BEAM,12,30,19,10,0,0,0,0,128,128,91,116,121,121,108,9341,16607,11792,23324,23324,15922,15,15,15,15,0,0,0,0,0,0,0,102,130,121,121,108,511286,207803,254919,46224,2340,13,2,0,5973,4922,1051,0,525,83,75,8,4,0,17782,10713,679,679,321,30,123,0,0,0,0,0,49,0,6,0,0,5,0,0,0,0,0,0,0,4,0,0,0,0,10,4,0,0,0,0,0,0,3,0,0,0,0,191,93022,0,0,0,0,41,34,8,1,1,10,2,2,5,Flareon
7-15,15:43:50,NINTEN,Seadra,Tamer,2,Fuchsia City - Gym,3,37:27.11,37:27,0h37m27s,3,2,5,45,2:22,9.549,SURF,AGILITY,SWIFT,ICE BEAM,13,5980,526,76,8,364,346,170,19,39501,Flareon, ,Water,Water,96377,Seadra2,Seadra,,00:37:17.56,00:37:27.11,02:22:19.49,45,3,0,37,27,11,SURF,AGILITY,SWIFT,ICE BEAM,9,30,19,10,0,0,0,0,128,128,91,116,121,121,108,9536,16877,12040,23509,23509,16147,15,15,15,15,0,0,0,0,0,0,0,102,130,121,121,108,514400,208159,257677,46224,2340,13,2,0,5980,4929,1051,0,526,84,76,8,4,0,18315,10984,679,679,324,30,123,0,0,0,0,0,49,0,6,0,0,5,0,0,0,0,0,0,0,4,0,0,0,0,10,4,0,0,0,0,0,0,3,0,0,0,0,194,96252,0,0,0,0,41,34,8,1,1,10,2,2,5,Flareon
7-15,15:44:02,NINTEN,Seadra,Tamer,1,Fuchsia City - Gym,2,37:39.16,37:39,0h37m39s,3,2,5,46,2:23,7.429,SURF,AGILITY,SWIFT,ICE BEAM,13,5994,531,77,8,366,348,170,19,40821,Flareon, ,Water,Water,98634,Seadra2,Seadra,,00:37:31.73,00:37:39.16,02:23:07.21,46,3,0,37,39,16,SURF,AGILITY,SWIFT,ICE BEAM,7,30,19,10,0,0,0,0,131,131,93,118,123,123,111,9671,17062,12219,23629,23629,16292,15,15,15,15,0,0,0,0,0,0,0,104,132,123,123,111,517252,208758,259930,46224,2340,13,2,0,5994,4943,1051,0,531,85,77,8,4,0,18683,11174,679,679,326,30,123,0,0,0,0,0,49,0,6,0,0,5,0,0,0,0,0,0,0,4,0,0,0,0,10,4,0,0,0,0,0,0,3,0,0,0,0,196,98509,0,0,0,0,41,34,8,1,1,10,2,2,5,Flareon
7-15,15:44:14,NINTEN,Seadra,Juggler,4,Fuchsia City - Gym,2,37:51.64,37:51,0h37m51s,3,2,5,46,2:23,8.503,SURF,AGILITY,SWIFT,ICE BEAM,13,5999,534,78,8,369,351,171,19,42181,Flareon, ,Water,Water,100577,Seadra2,Seadra,,00:37:43.14,00:37:51.64,02:23:56.35,46,3,0,37,51,64,SURF,AGILITY,SWIFT,ICE BEAM,4,30,19,10,0,0,0,0,115,131,93,118,123,123,111,9816,17183,12334,23834,23834,16401,15,15,15,15,0,0,0,0,0,0,0,104,132,123,123,111,520206,209199,262443,46224,2340,13,2,0,5999,4948,1051,0,534,86,78,8,4,0,18932,11371,695,695,329,30,124,0,0,0,0,0,49,0,6,0,0,5,0,0,0,0,0,0,0,4,0,0,0,0,10,4,0,0,0,0,0,0,3,0,0,0,0,198,100452,0,0,0,0,41,34,8,1,1,10,2,2,5,Flareon
7-15,15:44:49,NINTEN,Seadra,Koga,1,Fuchsia City - Gym,4,38:26.59,38:26,0h38m26s,3,2,5,47,2:26,16.283,SURF,AGILITY,SWIFT,ICE BEAM,14,6004,535,79,8,375,357,173,18,43371,Flareon, ,Water,Water,104269,Seadra2,Seadra,Koga,00:38:10.31,00:38:26.59,02:26:14.46,47,3,0,38,26,59,SURF,AGILITY,SWIFT,ICE BEAM,8,30,19,10,0,0,0,0,81,134,95,121,126,126,114,10066,17413,12544,24044,24044,16626,15,15,15,15,0,0,0,0,0,0,0,106,136,126,126,114,528497,209857,266787,49513,2340,14,2,0,6004,4953,1051,0,535,87,79,8,4,0,19629,11872,748,748,335,30,126,0,0,0,0,0,50,0,7,0,0,5,0,0,0,0,0,0,0,4,0,0,0,0,10,4,0,0,0,0,0,0,3,0,0,0,0,202,104144,0,0,0,0,41,34,8,1,1,10,2,2,5,Flareon
7-15,15:45:50,NINTEN,Seadra,Fisher,7,Route 21,4,39:27.55,39:27,0h39m27s,3,2,5,47,2:30,19.352,SURF,AGILITY,SWIFT,ICE BEAM,14,6158,559,80,8,382,364,176,18,48321,Flareon, ,Water,Water,107995,Seadra2,Seadra,,00:39:08.19,00:39:27.55,02:30:15.10,47,3,0,39,27,55,SURF,AGILITY,SWIFT,ICE BEAM,14,30,14,10,0,0,0,0,118,134,95,121,126,126,114,10351,17756,12799,24334,24334,16893,15,15,15,15,0,0,0,0,0,0,0,106,136,126,126,128,542921,215721,271948,52912,2340,14,2,0,6158,5078,1051,29,559,88,80,8,4,0,20043,12200,764,764,336,31,128,0,0,0,0,0,50,0,7,0,0,5,0,0,0,0,0,0,0,4,0,0,0,0,10,4,0,0,0,0,0,0,3,0,0,0,0,206,107870,0,0,0,0,42,34,8,1,1,11,2,2,5,Flareon
7-15,15:47:01,NINTEN,Seadra,Burglar,4,Cinnabar Island - Gym,3,40:38.23,40:38,0h40m38s,3,2,5,47,2:34,11.415,SURF,AGILITY,SWIFT,ICE BEAM,14,6531,574,81,8,385,367,178,20,49301,Flareon, ,Water,Water,110555,Seadra2,Seadra,,00:40:26.82,00:40:38.23,02:34:54.13,47,3,0,40,38,23,SURF,AGILITY,SWIFT,ICE BEAM,11,30,14,10,0,0,0,0,107,134,95,121,127,127,115,10517,17943,12959,27109,27109,19678,15,15,15,15,0,0,0,0,0,0,0,106,136,127,127,129,559664,226955,275141,55228,2340,14,2,0,6531,5379,1051,101,574,89,81,8,4,0,20975,12474,775,775,339,31,130,0,0,0,0,0,51,0,7,0,0,5,0,0,0,0,0,0,0,4,0,0,0,0,10,4,0,0,0,0,0,0,3,0,0,0,0,209,110430,0,0,0,0,48,34,8,1,1,11,2,2,5,Flareon
7-15,15:47:15,NINTEN,Seadra,Super Nerd,9,Cinnabar Island - Gym,3,40:52.25,40:52,0h40m52s,3,2,5,48,2:35,10.599,SURF,AGILITY,SWIFT,ICE BEAM,14,6539,576,82,8,388,370,178,20,52541,Flareon, ,Water,Water,112899,Seadra2,Seadra,,00:40:41.65,00:40:52.25,02:35:49.25,48,3,0,40,52,25,SURF,AGILITY,SWIFT,ICE BEAM,8,30,14,10,0,0,0,0,110,137,97,124,130,130,117,10666,18101,13114,27339,27339,19908,15,15,15,15,0,0,0,0,0,0,0,109,139,130,130,131,562976,227263,278145,55228,2340,14,2,0,6539,5387,1051,101,576,90,82,8,4,0,21876,12736,775,775,342,31,130,0,0,0,0,0,52,0,7,0,0,5,0,0,0,0,0,0,0,4,0,0,0,0,10,4,0,0,0,0,0,0,3,0,0,0,0,212,112774,0,0,0,0,48,34,8,1,1,11,2,2,5,Flareon
7-15,15:47:34,NINTEN,Seadra,Super Nerd,11,Cinnabar Island - Gym,1,41:11.17,41:11,0h41m11s,3,2,5,48,2:37,7.413,SURF,AGILITY,SWIFT,ICE BEAM,14,6579,581,83,8,389,371,178,20,53441,Flareon, ,Water,Water,114585,Seadra2,Seadra,,00:41:03.75,00:41:11.17,02:37:04.10,48,3,0,41,11,17,SURF,AGILITY,SWIFT,ICE BEAM,7,30,14,10,0,0,0,0,110,137,97,124,130,130,117,10731,18201,13184,27419,27419,20013,15,15,15,15,0,0,0,0,0,0,0,109,139,130,130,131,567461,229473,280420,55228,2340,14,2,0,6579,5427,1051,101,581,91,83,8,4,0,22066,12846,775,775,343,31,130,0,0,0,0,0,52,0,7,0,0,5,0,0,0,0,0,0,0,4,0,0,0,0,10,4,0,0,0,0,0,0,3,0,0,0,0,213,114460,0,0,0,0,48,34,8,1,1,11,2,2,5,Flareon
7-15,15:48:06,NINTEN,Seadra,Blaine,1,Cinnabar Island - Gym,3,41:42.80,41:42,0h41m42s,3,2,5,49,2:39,12.189,SURF,AGILITY,SWIFT,ICE BEAM,15,6612,588,84,8,393,375,179,18,54466,Flareon, ,Water,Water,120935,Seadra2,Seadra,Blaine,00:41:30.61,00:41:42.80,02:39:08.55,49,3,0,41,42,80,SURF,AGILITY,SWIFT,ICE BEAM,11,30,14,10,0,0,0,0,140,140,100,127,132,132,120,10959,18487,13409,27679,27679,20313,15,15,15,15,0,0,0,0,0,0,0,112,142,132,132,135,574946,231434,283764,57408,2340,15,2,0,6612,5460,1051,101,588,92,84,8,4,0,22652,13283,775,775,347,32,130,0,0,0,0,0,52,0,7,0,0,5,0,0,0,0,0,0,0,4,0,0,0,0,10,4,0,0,0,0,0,0,3,0,0,0,0,216,120810,0,0,0,0,48,34,8,1,1,11,2,2,5,Flareon
7-15,15:48:33,NINTEN,Seadra,Cooltrainer M,10,Viridian City - Gym,1,42:10.22,42:10,0h42m10s,3,2,5,49,2:40,4.579,SURF,AGILITY,SWIFT,ICE BEAM,15,6693,594,85,8,394,376,179,19,59812,Flareon, ,Water,Water,122178,Seadra2,Seadra,,00:42:05.64,00:42:10.22,02:40:56.48,49,3,0,42,10,22,SURF,AGILITY,SWIFT,ICE BEAM,14,30,20,10,0,0,0,0,140,140,100,127,132,132,120,11039,18572,13504,27709,27709,20338,15,15,15,15,0,0,0,0,0,0,0,112,142,148,148,135,581419,235565,285402,58112,2340,15,2,0,6693,5541,1051,101,594,93,85,8,4,0,24140,13411,775,775,348,32,130,0,0,0,0,0,53,0,7,0,0,5,0,0,0,0,0,0,0,4,0,0,0,0,10,4,0,0,0,0,0,0,3,0,0,0,0,217,122053,0,0,0,0,48,34,8,1,1,11,2,2,5,Flareon
7-15,15:48:47,NINTEN,Seadra,Blackbelt,8,Viridian City - Gym,3,42:24.17,42:24,0h42m24s,3,2,5,50,2:41,9.888,SURF,AGILITY,SWIFT,ICE BEAM,15,6701,596,86,8,397,379,179,19,61317,Flareon, ,Water,Water,125269,Seadra2,Seadra,,00:42:14.28,00:42:24.17,02:41:51.50,50,3,0,42,24,17,SURF,AGILITY,SWIFT,ICE BEAM,11,30,20,10,0,0,0,0,143,143,102,129,135,135,123,11269,18852,13694,27844,27844,20463,15,15,15,15,0,0,0,0,0,0,0,114,145,151,151,138,584721,235995,288274,58112,2340,15,2,0,6701,5549,1051,101,596,94,86,8,4,0,24703,13746,775,775,351,32,130,0,0,0,0,0,53,0,7,0,0,5,0,0,0,0,0,0,0,4,0,0,0,0,10,4,0,0,0,0,0,0,3,0,0,0,0,220,125144,0,0,0,0,48,34,8,1,1,11,2,2,5,Flareon
7-15,15:49:18,NINTEN,Seadra,Giovanni,3,Viridian City - Gym,5,42:55.36,42:55,0h42m55s,3,2,5,51,2:43,18.744,SURF,AGILITY,SWIFT,ICE BEAM,16,6769,610,87,8,403,385,180,19,62267,Flareon, ,Water,Water,135490,Seadra2,Seadra,Giovanni,00:42:36.61,00:42:55.36,02:43:55.00,51,3,0,42,55,36,SURF,AGILITY,SWIFT,ICE BEAM,5,30,20,10,0,0,0,0,89,146,103,131,138,138,125,11645,19306,14088,28174,28174,20899,15,15,15,15,0,0,0,0,0,0,0,115,147,155,155,140,592111,237907,293176,58688,2340,16,2,0,6769,5617,1051,101,610,95,87,8,4,0,26468,14506,832,832,357,32,131,0,0,0,0,0,54,0,8,0,0,5,0,0,0,0,0,0,0,4,0,0,0,0,10,4,0,0,0,0,0,0,3,0,0,0,0,225,135365,0,0,0,0,48,34,8,1,1,11,2,2,5,Flareon
7-15,15:52:15,NINTEN,Seadra,Rival6-Route 22,9,Route 22,6,45:52.37,45:52,0h45m52s,5,2,7,53,2:50,30.546,SURF,AGILITY,SWIFT,ICE BEAM,18,6970,626,88,8,415,397,186,20,64712,Flareon, ,Water,Water,150572,Seadra2,Seadra,Rival (Final),00:45:21.83,00:45:52.37,02:50:33.16,53,5,0,45,52,37,SURF,AGILITY,SWIFT,ICE BEAM,7,27,20,9,0,0,0,0,92,151,108,137,143,143,130,11985,19766,14643,28724,28724,21314,15,15,15,15,0,0,0,0,6,0,0,121,154,160,160,585,616012,247691,301145,64674,2502,18,3,0,6970,5818,1051,101,626,96,88,8,4,0,27883,15277,891,891,366,32,134,0,0,0,0,0,55,0,8,0,0,6,0,0,0,0,0,0,0,4,0,0,0,0,12,4,0,0,0,0,0,0,3,0,0,0,0,231,145329,0,0,0,0,48,39,10,1,1,11,2,2,7,Flareon
7-15,15:55:33,NINTEN,Seadra,Lorelei,1,Lorelei's Room,5,49:10.45,49:10,0h49m10s,5,2,7,60,3:03,41.687,SURF,AGILITY,MIMIC,ICE BEAM,19,7660,782,89,8,433,415,196,19,58657,Flareon, ,Water,Water,226509,Seadra2,Seadra,Lorelei,00:48:28.77,00:49:10.45,03:03:37.51,60,5,0,49,10,45,SURF,AGILITY,MIMIC,ICE BEAM,4,27,6,10,0,0,0,0,15,170,122,155,162,162,146,12415,20141,15128,29174,29174,21639,15,15,15,15,0,0,6,6,6,0,0,275,348,729,729,934,663087,276412,311598,72575,2502,19,3,0,7660,6016,1507,137,782,97,89,8,4,0,29474,16283,1046,1046,378,32,141,0,0,0,0,0,57,0,9,0,0,6,0,0,0,0,0,0,0,4,0,0,0,0,12,4,0,0,0,0,0,0,3,2,0,0,0,236,155838,0,0,0,0,49,43,11,1,1,12,2,2,7,Flareon
7-15,15:56:06,NINTEN,Seadra,Bruno,1,Bruno's Room,5,49:43.63,49:43,0h49m43s,5,2,7,61,3:05,17.151,SURF,AGILITY,MIMIC,ICE BEAM,20,7671,783,90,8,439,421,197,19,64201,Flareon, ,Water,Water,234716,Seadra2,Seadra,Bruno,00:49:26.48,00:49:43.63,03:05:48.42,61,5,0,49,43,63,SURF,AGILITY,MIMIC,ICE BEAM,8,30,10,10,0,0,0,0,173,173,123,158,164,164,149,12675,20586,15660,29369,29369,21997,15,15,15,15,0,0,0,0,0,0,0,138,177,184,184,167,670938,277338,316171,74927,2502,20,3,0,7671,6027,1507,137,783,98,90,8,4,0,32338,16942,1046,1046,384,33,141,0,0,0,0,0,57,0,9,0,0,6,0,0,0,0,0,0,0,4,0,0,0,0,12,4,0,0,0,0,0,0,3,2,0,0,0,241,164045,0,0,0,0,49,43,11,1,1,12,2,2,7,Flareon
7-15,15:56:52,NINTEN,Seadra,Agatha,1,Agatha's Room,5,50:29.44,50:29,0h50m29s,5,2,7,62,3:08,31.397,SURF,AGILITY,MIMIC,ICE BEAM,21,7682,784,91,8,450,432,203,19,69943,Flareon, ,Water,Water,244802,Seadra2,Seadra,Agatha,00:49:58.05,00:50:29.44,03:08:49.33,62,5,0,50,29,44,SURF,AGILITY,MIMIC,ICE BEAM,7,30,8,9,0,0,0,0,133,176,126,160,168,168,151,12975,20931,15964,29884,29884,22482,15,15,15,15,0,0,0,0,0,0,0,141,180,189,189,169,681789,278404,324131,76752,2502,21,3,0,7682,6038,1507,137,784,99,91,8,4,0,33432,17627,1059,1046,394,35,143,0,0,0,0,0,59,0,9,0,0,6,0,0,0,0,0,0,0,4,0,0,0,0,12,4,0,0,0,0,0,0,3,2,0,0,0,246,174131,0,0,0,0,49,43,11,1,1,12,2,2,7,Flareon
7-15,15:57:33,NINTEN,Seadra,Lance,1,Lance's Room,5,51:09.81,51:09,0h51m9s,5,2,7,63,3:11,21.179,SURF,AGILITY,MIMIC,ICE BEAM,22,7732,786,92,8,458,440,206,19,75883,Flareon, ,Water,Water,261653,Seadra2,Seadra,Lance,00:50:48.62,00:51:09.81,03:11:28.51,63,5,0,51,9,81,SURF,AGILITY,MIMIC,ICE BEAM,15,28,10,4,0,0,0,0,98,178,128,163,170,170,154,13363,21463,16333,30284,30284,22913,15,15,15,15,0,-1,0,0,4,0,0,204,120,270,270,583,691347,280196,329609,79040,2502,22,3,0,7732,6088,1507,137,786,100,92,8,4,0,34871,18469,1139,1126,400,35,146,0,0,0,0,0,59,0,9,0,0,6,0,0,0,0,0,0,0,4,0,0,0,0,12,4,0,0,0,0,0,0,3,2,0,0,0,251,185737,0,0,0,0,49,43,11,1,1,12,2,2,7,Flareon
7-15,15:59:25,NINTEN,Seadra,Champion,2,Champions Room,6,53:01.85,53:01,0h53m1s,6,2,8,66,3:15,46.502,SURF,AGILITY,MIMIC,ICE BEAM,23,7740,786,93,8,470,452,212,17,82021,Flareon, ,Water,Water,289476,Seadra2,Seadra,Champion,00:52:15.34,00:53:01.85,03:15:48.19,66,6,0,53,1,85,SURF,AGILITY,MIMIC,ICE BEAM,10,27,7,9,0,0,0,0,54,187,135,171,179,179,162,13753,21993,16908,30914,30914,23358,15,15,15,15,0,0,0,0,6,0,0,151,192,201,201,729,706920,282069,341268,80925,2658,23,4,0,7740,6096,1507,137,786,101,93,8,4,0,36230,19447,1272,1259,409,35,151,0,0,0,0,0,61,0,10,0,0,6,0,0,0,0,0,0,0,4,0,0,0,0,12,4,0,0,0,0,0,0,3,2,0,0,0,257,200588,0,0,0,0,49,43,11,1,1,12,2,2,8,Flareon
7-15,15:59:47,NINTEN,Seadra,Champion,2,Hall of Fame,6,53:01.85,53:01,0h53m1s,6,2,8,66,3:17,68.847,SURF,AGILITY,MIMIC,ICE BEAM,23,7749,787,93,8,470,452,212,17,88456,Flareon, ,Water,Water,289476,Seadra2,Seadra,Champion,00:52:15.34,00:53:01.85,03:17:16.53,66,6,0,53,1,85,SURF,AGILITY,MIMIC,ICE BEAM,10,27,7,9,0,0,0,0,54,187,135,171,179,179,162,13753,21993,16908,30914,30914,23358,15,15,15,15,0,0,0,0,6,0,0,151,192,201,201,729,712234,286916,341735,80925,2658,23,4,0,7749,6105,1507,137,787,101,93,8,4,0,36230,19447,1272,1259,409,35,151,0,0,0,0,0,61,0,10,0,0,6,0,0,0,0,0,0,0,4,0,0,0,0,12,4,0,0,0,0,0,0,3,2,0,0,0,257,200588,0,0,0,0,49,43,11,1,1,12,2,2,8,Flareon
