date_string,time_string,player_name,pokemon,trainer_name,trainer_id,location,total_pokemon,real_time_total,real_time_hmmss,real_time_file_label,resets,blackouts,failures,level,game_time,battle_duration,move1,move2,move3,move4,move1pp,move2pp,move3pp,move4pp,move1ppUp,move2ppUp,move3ppUp,move4ppUp,saves,steps,bonks,trainerBattles,wildBattles,battleTurns,playerTurns,enemyTurns,itemsInBag,money,rivalTeam,statusCondition,type1,type2,experience,ROM,Species,Trainer,Start Time,Real Time,Game Time,Level,Resets,RTHours,RTMinutes,RTSeconds,RTMilliseconds,Move 1,Move 2,Move 3,Move 4,Hp,Max HP,Attack,Defense,Sp. Attack,Sp. Defense,Speed,Attack DV,Defense DV,Speed DV,Special DV,StatExp HP,StatExp Attack,StatExp Def,StatExp Sp. Attack,StatExp Sp. Defense,StatExp Speed,Attack Stage,Defense Stage,Sp. Attack Stage,Sp. Defense Stage,Speed Stage,Accuracy Stage,Evasion Stage,Battle Attack,Battle Defense,Battle Sp. Attack,Battle Sp. Defense,Battle Speed,Frame Count,Overworld Frame Count,Battle Frame Count,Menu Frame Count,Intro Frame Count,Save Count,Reload Count,Clock Reset Count,Steps Count,Steps Count Walk,Steps Count Bike,Steps Count Surf,Bonks,Battles,Trainer Battles,Wild Battles,Battles Fled,Failed Runs,Total Damage Dealt,Actual Damage Dealt,Total Damage Taken,Actual Damage Taken,Own Moves Hit,Own Moves Missed,Enemy Moves Hit,Enemy Moves Missed,Own Moves Super Effective,Own Moves Not Very Effective,Enemy Moves Super Effective,Enemy Moves Not Very Effective,Criticals Dealt,OHKOs Dealt,Criticals Taken,OHKOs Taken,Was Confused,Enemy Became Confused,Was Paralyzed,Enemy Was Paralyzed,Was Burned,Enemy Was Burned,Was Frozen,Enemy Was Frozen,Was Poisoned,Enemy Was Poisoned,Was Badly Poisoned,Enemy Was Badly Poisoned,Fell Asleep,Enemy Fell Asleep,Player Turns Confused,Player Turns Confused Hit Self,Player Turns Paralyzed,Player Turns Paralyzed Fully,Enemy Turns Confused,Enemy Turns Confused Hit Self,Enemy Turns Paralyzed,Enemy Turns Paralyzed Fully, Player Turns Asleep, Enemy Turns Asleep,Player HP Healed,Enemy HP Healed,Player Pokemon Fainted,Enemy Pokemon Fainted,Experience Gained,Switchouts,Money Made,Money Spent,Money Lost,Items Picked Up,Items Bought,Items Sold,Balls Thrown,Pokemon Caught In Balls,Moves Learnt,Blackouts,Attempt Number,Failures, Rival's Team
12-15,15:02:43,NINTEN,Ditto,Rival1a-Route 22,2,Route 22,2,6:25.48,6:25,0h6m25s,0,10,10,10,0:24,14.998,TRANSFORM,,,,0,969,51,11,4,99,99,93,1,0,Vaporeon, ,Normal,Normal,1281,Ditto 2,Ditto,Rival (Optional),00:06:10.48,00:06:25.48,00:24:52.25,10,0,0,6,25,48,TRANSFORM,,,,9,0,0,0,0,0,0,0,25,33,18,18,18,18,18,415,595,320,344,344,685,15,15,15,15,0,-1,0,0,0,-1,0,17,7,12,12,19,91474,33229,56289,0,1956,0,0,0,969,969,0,0,51,15,11,4,3,0,386,357,365,281,83,21,77,0,0,0,0,0,4,0,3,0,0,0,0,0,0,0,0,0,0,0,0,0,0,0,0,0,0,0,0,0,0,0,0,0,0,0,10,10,1156,0,0,0,0,0,10,0,0,0,0,10,20,10,Vaporeon
12-15,15:03:48,NINTEN,Ditto,Bug Catcher,3,Viridian Forest,1,7:30.33,7:30,0h7m30s,0,10,10,11,0:29,20.631,TRANSFORM,,,,0,1261,65,12,5,111,111,104,2,280,Vaporeon, ,Normal,Normal,1393,Ditto 2,Ditto,,00:07:09.71,00:07:30.34,00:29:09.27,11,0,0,7,30,34,TRANSFORM,,,,9,0,0,0,0,0,0,0,12,35,19,19,19,19,19,460,625,355,364,364,730,15,15,15,15,0,0,0,0,-2,0,0,12,13,10,10,7,106895,42388,62551,0,1956,0,0,0,1261,1261,0,0,65,17,12,5,3,0,418,387,388,304,94,25,84,0,0,0,0,0,5,0,4,0,0,0,0,0,0,0,0,0,0,0,0,0,0,0,0,0,0,0,0,0,0,0,0,0,0,0,10,11,1268,0,0,0,0,5,10,0,0,0,0,10,20,10,Vaporeon
12-15,15:17:02,NINTEN,Ditto,Jr Trainer M,1,Pewter City - Gym,2,20:44.83,20:44,0h20m44s,0,33,33,18,1:21,15.718,TRANSFORM,,,,0,3248,133,36,32,373,373,337,2,0,Vaporeon, ,Normal,Normal,6208,Ditto 2,Ditto,,00:20:29.12,00:20:44.84,01:21:25.25,18,0,0,20,44,84,TRANSFORM,,,,9,0,0,0,0,0,0,0,6,52,30,29,29,29,30,1850,3417,2142,2374,2374,4602,15,15,15,15,0,0,0,0,0,0,0,16,10,14,14,23,295054,85231,207866,0,1956,0,0,0,3248,3248,0,0,133,68,36,32,3,0,2291,1740,1532,1351,298,50,299,0,0,0,0,0,33,0,28,0,0,0,0,0,0,0,0,0,0,0,0,0,0,0,0,0,0,0,0,0,0,0,0,0,0,0,33,63,6083,0,0,0,0,5,11,0,0,0,0,33,20,33,Vaporeon
12-15,15:19:09,NINTEN,Ditto,Bug Catcher,1,Viridian Forest,2,22:51.33,22:51,0h22m51s,0,33,33,18,1:29,7.1,TRANSFORM,,,,0,3538,166,37,42,413,413,375,2,180,Vaporeon, ,Normal,Normal,6573,Ditto 2,Ditto,,00:22:44.24,00:22:51.34,01:29:44.33,18,0,0,22,51,34,TRANSFORM,,,,0,0,0,0,0,0,0,0,28,52,30,29,29,29,30,2255,3687,2457,2554,2554,5007,15,15,15,15,0,0,0,0,0,0,0,30,29,29,29,30,325001,92756,229394,895,1956,0,0,0,3538,3538,0,0,166,79,37,42,6,0,2571,1916,1591,1410,322,62,326,0,0,0,0,0,35,0,29,0,0,0,0,0,0,0,0,0,0,0,0,0,0,0,0,0,0,0,0,0,0,0,0,0,0,0,33,72,6448,0,0,0,0,5,11,0,0,0,0,33,20,33,Vaporeon
12-15,15:19:27,NINTEN,Ditto,Bug Catcher,2,Viridian Forest,3,23:09.82,23:09,0h23m9s,0,33,33,18,1:30,9.982,TRANSFORM,,,,1,3556,171,38,42,416,416,375,2,250,Vaporeon, ,Normal,Normal,6822,Ditto 2,Ditto,,00:22:59.85,00:23:09.84,01:30:57.24,18,0,0,23,9,84,TRANSFORM,,,,0,0,0,0,0,0,0,0,15,52,30,29,29,29,30,2400,3757,2602,2624,2624,5112,15,15,15,15,0,0,0,0,0,0,0,30,29,29,29,30,329372,93435,232206,1775,1956,1,0,0,3556,3556,0,0,171,80,38,42,6,0,2680,1982,1624,1443,325,62,326,0,0,0,0,0,35,0,29,0,0,0,0,0,0,0,0,0,0,0,0,0,0,0,0,0,0,0,0,0,0,0,0,0,0,0,33,75,6697,0,0,0,0,5,11,0,0,0,0,33,20,33,Vaporeon
12-15,15:19:55,NINTEN,Ditto,Bug Catcher,15,Viridian Forest,2,23:38.02,23:38,0h23m38s,0,33,33,19,1:32,7.301,TRANSFORM,,,,1,3593,177,39,44,420,420,375,2,310,Vaporeon, ,Normal,Normal,7118,Ditto 2,Ditto,,00:23:30.73,00:23:38.03,01:32:48.04,19,0,0,23,38,3,TRANSFORM,,,,0,0,0,0,0,0,0,0,29,55,31,31,31,31,32,2590,3857,2782,2714,2714,5262,15,15,15,15,0,0,0,0,0,0,0,31,31,31,31,32,336012,94783,236578,2695,1956,1,0,0,3593,3593,0,0,177,83,39,44,6,0,2834,2073,1669,1488,329,62,326,0,0,0,0,0,35,0,29,0,0,0,0,0,0,0,0,0,0,0,0,0,0,0,0,0,0,0,0,0,0,0,0,0,0,0,33,79,6993,0,0,0,0,5,11,0,0,0,0,33,20,33,Vaporeon
12-15,15:21:25,NINTEN,Ditto,Brock,1,Pewter City - Gym,2,25:07.79,25:07,0h25m7s,1,33,34,19,1:37,25.765,TRANSFORM,,,,2,3745,184,40,50,434,432,384,2,390,Vaporeon, ,Normal,Normal,7608,Ditto 2,Ditto,Brock,00:24:42.03,00:25:07.79,01:37:05.45,19,1,0,25,7,79,TRANSFORM,,,,0,0,0,0,0,0,0,0,7,55,31,31,31,31,32,2710,4012,3077,2794,2794,5397,15,15,15,15,0,0,0,0,0,0,0,31,31,31,31,32,351478,98119,247587,3659,2113,2,1,0,3745,3745,0,0,184,90,40,50,11,0,2948,2151,1725,1544,341,63,334,0,0,0,0,0,36,0,29,0,0,0,0,0,0,0,0,0,0,0,0,0,0,0,0,0,0,0,0,0,0,0,0,0,0,0,33,82,7483,0,0,0,0,5,11,0,0,0,0,33,20,34,Vaporeon
12-15,15:22:05,NINTEN,Ditto,Bug Catcher,4,Route 3,3,25:47.11,25:47,0h25m47s,1,33,34,19,1:39,9.919,TRANSFORM,,,,3,3828,192,41,50,437,435,384,2,78,Vaporeon, ,Normal,Normal,7943,Ditto 2,Ditto,,00:25:37.19,00:25:47.11,01:39:40.39,19,1,0,25,47,11,TRANSFORM,,,,0,0,0,0,0,0,0,0,11,55,31,31,31,31,32,2840,4107,3177,2854,2854,5537,15,15,15,15,0,0,0,0,0,0,0,34,31,31,31,32,360772,102506,250947,5206,2113,3,1,0,3828,3828,0,0,192,91,41,50,11,0,3056,2240,1769,1588,344,63,334,0,0,0,0,0,36,0,29,0,0,0,0,0,0,0,0,0,0,0,0,0,0,0,0,0,0,0,0,0,0,0,0,0,0,0,33,85,7818,0,0,0,0,5,20,1,0,0,0,33,20,34,Vaporeon
12-15,15:22:18,NINTEN,Ditto,Youngster Ben,1,Route 3,2,26:00.71,26:00,0h26m0s,1,33,34,20,1:40,7.802,TRANSFORM,,,,3,3832,193,42,50,439,437,384,2,178,Vaporeon, ,Normal,Normal,8221,Ditto 2,Ditto,,00:25:52.92,00:26:00.72,01:40:33.52,20,1,0,26,0,72,TRANSFORM,,,,0,0,0,0,0,0,0,0,24,57,33,33,32,32,33,2905,4223,3256,2919,2919,5664,15,15,15,15,0,0,0,0,0,0,0,37,33,32,32,33,363965,102753,253311,5788,2113,3,1,0,3832,3832,0,0,193,92,42,50,11,0,3121,2299,1798,1617,346,63,334,0,0,0,0,0,36,0,29,0,0,0,0,0,0,0,0,0,0,0,0,0,0,0,0,0,0,0,0,0,0,0,0,0,0,0,33,87,8096,0,0,0,0,5,20,1,0,0,0,33,20,34,Vaporeon
12-15,15:22:33,NINTEN,Ditto,Lass,2,Route 3,2,26:15.87,26:15,0h26m15s,1,33,34,20,1:41,6.89,TRANSFORM,,,,4,3840,194,43,50,441,439,384,2,343,Vaporeon, ,Normal,Normal,8469,Ditto 2,Ditto,,00:26:08.99,00:26:15.88,01:41:33.32,20,1,0,26,15,88,TRANSFORM,,,,0,0,0,0,0,0,0,0,16,57,33,33,32,32,33,2981,4336,3331,2984,2984,5786,15,15,15,15,0,0,0,0,0,0,0,37,33,32,32,33,367545,103365,255434,6633,2113,4,1,0,3840,3840,0,0,194,93,43,50,11,0,3202,2356,1826,1645,348,63,334,0,0,0,0,0,36,0,29,0,0,0,0,0,0,0,0,0,0,0,0,0,0,0,0,0,0,0,0,0,0,0,0,0,0,0,33,89,8344,0,0,0,0,5,20,1,0,0,0,33,20,34,Vaporeon
12-15,15:22:51,NINTEN,Ditto,Bug Catcher,6,Route 3,2,26:33.69,26:33,0h26m33s,1,33,34,20,1:42,7.339,TRANSFORM,,,,4,3896,201,44,50,443,441,384,2,493,Vaporeon, ,Normal,Normal,8762,Ditto 2,Ditto,,00:26:26.37,00:26:33.71,01:42:43.30,20,1,0,26,33,71,TRANSFORM,,,,0,0,0,0,0,0,0,0,24,57,33,33,32,32,33,3076,4386,3421,3029,3029,5861,15,15,15,15,0,0,0,0,0,0,0,37,33,32,32,33,371743,104689,257653,7288,2113,4,1,0,3896,3896,0,0,201,94,44,50,11,0,3286,2421,1858,1677,350,63,334,0,0,0,0,0,37,0,29,0,0,0,0,0,0,0,0,0,0,0,0,0,0,0,0,0,0,0,0,0,0,0,0,0,0,0,33,91,8637,0,0,0,0,5,20,1,0,0,0,33,20,34,Vaporeon
12-15,15:23:37,NINTEN,Ditto,Super Nerd,1,Mt Moon - 1,2,27:19.56,27:19,0h27m19s,1,33,34,20,1:45,9.081,TRANSFORM,,,,5,4159,215,45,51,446,444,385,4,603,Vaporeon, ,Normal,Normal,9211,Ditto 2,Ditto,,00:27:10.48,00:27:19.56,01:45:44.27,20,1,0,27,19,56,TRANSFORM,,,,0,0,0,0,0,0,0,0,13,57,33,33,32,32,33,3141,4451,3541,3179,3179,6006,15,15,15,15,0,0,0,0,0,0,0,37,33,32,32,33,382600,110870,261001,8616,2113,5,1,0,4159,4159,0,0,215,96,45,51,12,0,3368,2480,1889,1708,353,63,335,0,0,0,0,0,37,0,30,0,0,0,0,0,0,0,0,0,0,0,0,0,0,0,0,0,0,0,0,0,0,0,0,0,0,0,33,93,9086,0,0,0,0,9,20,1,0,0,0,33,20,34,Vaporeon
12-15,15:24:05,NINTEN,Ditto,Rocket,3,Mt Moon - 3,2,27:48.06,27:48,0h27m48s,1,33,34,21,1:47,9.319,TRANSFORM,,,,6,4254,227,46,51,449,447,386,7,878,Vaporeon, ,Normal,Normal,9508,Ditto 2,Ditto,,00:27:38.75,00:27:48.07,01:47:36.45,21,1,0,27,48,7,TRANSFORM,,,,0,0,0,0,0,0,0,0,24,60,35,34,34,34,35,3216,4556,3620,3259,3259,6116,15,15,15,15,0,0,0,0,0,0,0,39,34,34,34,35,389338,113655,263635,9935,2113,6,1,0,4254,4254,0,0,227,97,46,51,12,0,3461,2545,1921,1740,356,64,335,0,0,0,0,0,37,0,30,0,0,0,0,0,0,0,0,0,0,0,0,0,0,0,0,0,0,0,0,0,0,0,0,0,0,0,33,95,9383,0,0,0,0,12,20,1,0,0,0,33,20,34,Vaporeon
12-15,15:24:57,NINTEN,Ditto,Lass,6,Mt Moon - 1,1,28:39.59,28:39,0h28m39s,1,33,34,21,1:51,6.04,TRANSFORM,,,,7,4437,250,47,51,451,449,387,4,38,Vaporeon, ,Normal,Normal,9712,Ditto 2,Ditto,,00:28:33.57,00:28:39.61,01:51:00.37,21,1,0,28,39,61,TRANSFORM,,,,0,0,0,0,0,0,0,0,38,60,35,34,34,34,35,3286,4601,3668,3319,3319,6151,15,15,15,15,-1,0,0,0,0,0,0,25,34,34,34,35,401570,122152,265479,11826,2113,7,1,0,4437,4437,0,0,250,98,47,51,12,0,3511,2590,1943,1762,358,64,336,0,0,0,0,0,37,0,30,0,0,0,0,0,0,0,0,0,0,0,0,0,0,0,0,0,0,0,0,0,0,0,0,0,0,0,33,96,9587,0,0,0,0,13,47,4,0,0,0,33,20,34,Vaporeon
12-15,15:25:18,NINTEN,Ditto,Bug Catcher,8,Mt Moon - 1,3,29:00.59,29:00,0h29m0s,1,33,34,21,1:52,9.987,TRANSFORM,,,,8,4469,250,48,51,454,452,387,4,248,Vaporeon, ,Normal,Normal,10089,Ditto 2,Ditto,,00:28:50.62,00:29:00.61,01:52:23.21,21,1,0,29,0,61,TRANSFORM,,,,0,0,0,0,0,0,0,0,13,60,35,34,34,34,35,3426,4681,3793,3384,3384,6271,15,15,15,15,0,0,0,0,0,0,0,39,34,34,34,35,406534,123266,268232,12923,2113,8,1,0,4469,4469,0,0,250,99,48,51,12,0,3630,2681,1988,1807,361,64,336,0,0,0,0,0,37,0,30,0,0,0,0,0,0,0,0,0,0,0,0,0,0,0,0,0,0,0,0,0,0,0,0,0,0,0,33,99,9964,0,0,0,0,13,47,4,0,0,0,33,20,34,Vaporeon
12-15,15:25:36,NINTEN,Ditto,Lass,5,Mt Moon - 1,2,29:18.71,29:18,0h29m18s,1,33,34,21,1:53,9.175,TRANSFORM,,,,9,4492,252,49,51,457,455,388,4,348,Vaporeon, ,Normal,Normal,10470,Ditto 2,Ditto,,00:29:09.54,00:29:18.72,01:53:34.34,21,1,0,29,18,72,TRANSFORM,,,,0,0,0,0,0,0,0,0,18,60,35,34,34,34,35,3521,4806,3883,3529,3529,6341,15,15,15,15,0,0,0,0,0,0,0,39,34,34,34,35,410807,123902,270817,13975,2113,9,1,0,4492,4492,0,0,252,100,49,51,12,0,3770,2747,2023,1842,364,64,337,0,0,0,0,0,39,0,30,0,0,0,0,0,0,0,0,0,0,0,0,0,0,0,0,0,0,0,0,0,0,0,0,0,0,0,33,101,10345,0,0,0,0,13,47,4,0,0,0,33,20,34,Vaporeon
12-15,15:25:58,NINTEN,Ditto,Youngster,3,Mt Moon - 1,3,29:40.96,29:40,0h29m40s,1,33,34,22,1:55,11.076,TRANSFORM,,,,10,4532,253,50,51,460,458,389,4,513,Vaporeon, ,Normal,Normal,10827,Ditto 2,Ditto,,00:29:29.89,00:29:40.97,01:55:02.10,22,1,0,29,40,97,TRANSFORM,,,,0,0,0,0,0,0,0,0,16,63,36,36,36,36,37,3621,4963,3988,3619,3619,6540,15,15,15,15,0,0,0,0,0,0,0,40,36,36,36,37,416063,125098,273837,15015,2113,10,1,0,4532,4532,0,0,253,101,50,51,12,0,3902,2830,2068,1887,367,64,338,0,0,0,0,0,39,0,30,0,0,0,0,0,0,0,0,0,0,0,0,0,0,0,0,0,0,0,0,0,0,0,0,0,0,0,33,104,10702,0,0,0,0,13,47,4,0,0,0,33,20,34,Vaporeon
12-15,15:26:20,NINTEN,Ditto,Rocket,1,Mt Moon - 3,2,30:02.95,30:02,0h30m2s,1,33,34,22,1:56,8.94,TRANSFORM,,,,11,4590,255,51,51,463,461,390,4,663,Vaporeon, ,Normal,Normal,11134,Ditto 2,Ditto,,00:29:54.02,00:30:02.96,01:56:28.38,22,1,0,30,2,96,TRANSFORM,,,,0,0,0,0,0,0,0,0,20,63,36,36,36,36,37,3691,5064,4058,3684,3684,6667,15,15,15,15,0,0,0,0,0,0,0,40,36,36,36,37,421251,126700,276365,16073,2113,11,1,0,4590,4590,0,0,255,102,51,51,12,0,4011,2898,2104,1923,370,64,339,0,0,0,0,0,39,0,30,0,0,0,0,0,0,0,0,0,0,0,0,0,0,0,0,0,0,0,0,0,0,0,0,0,0,0,33,106,11009,0,0,0,0,13,47,4,0,0,0,33,20,34,Vaporeon
12-15,15:26:48,NINTEN,Ditto,Fossil Nerd,2,Mt Moon - 3,3,30:30.36,30:30,0h30m30s,1,33,34,22,1:58,13.222,TRANSFORM,,,,12,4670,258,52,51,468,466,392,4,1053,Vaporeon, ,Normal,Normal,11921,Ditto 2,Ditto,,00:30:17.14,00:30:30.36,01:58:16.40,22,1,0,30,30,36,TRANSFORM,,,,0,0,0,0,0,0,0,0,4,63,36,36,36,36,37,3851,5239,4253,3839,3839,6827,15,15,15,15,0,0,0,0,0,0,0,40,36,36,36,37,427733,128580,279898,17142,2113,12,1,0,4670,4670,0,0,258,103,52,51,12,0,4167,3007,2160,1979,375,65,341,0,0,0,0,0,40,0,30,0,0,0,0,0,0,0,0,0,0,0,0,0,0,0,0,0,0,0,0,0,0,0,0,0,0,0,33,109,11796,0,0,0,0,13,47,4,0,0,0,33,20,34,Vaporeon
12-15,15:27:16,NINTEN,Ditto,Rocket,42,Mt Moon - 3,3,30:58.96,30:58,0h30m58s,1,33,34,23,2:00,13.907,TRANSFORM,,,,13,4688,262,53,51,473,471,394,5,1353,Vaporeon, ,Normal,Normal,12656,Ditto 2,Ditto,,00:30:45.07,00:30:58.98,02:00:09.19,23,1,0,30,58,98,TRANSFORM,,,,0,0,0,0,0,0,0,0,12,65,38,37,37,37,38,3966,5409,4427,3979,3979,7007,15,15,15,15,0,-1,0,0,0,0,0,42,24,37,37,38,434492,130277,283618,18484,2113,13,1,0,4688,4688,0,0,262,104,53,51,12,0,4318,3117,2213,2032,380,66,342,0,0,0,0,0,40,0,30,0,0,0,0,0,0,0,0,0,0,0,0,0,0,0,0,0,0,0,0,0,0,0,0,0,0,0,33,112,12531,0,0,0,0,13,47,4,0,0,0,33,20,34,Vaporeon
12-15,15:28:13,NINTEN,Ditto,Pecking Lass,1,Cerulean City - Gym,1,31:55.75,31:55,0h31m55s,1,33,34,23,2:03,6.53,TRANSFORM,,,,15,4902,281,54,51,475,473,395,5,73,Vaporeon, ,Normal,Normal,13107,Ditto 2,Ditto,,00:31:49.23,00:31:55.76,02:03:53.48,23,1,0,31,55,76,TRANSFORM,,,,0,0,0,0,0,0,0,0,17,65,38,37,37,37,38,4011,5476,4487,4029,4029,7070,15,15,15,15,0,0,0,0,0,0,0,42,37,37,37,38,447961,139239,285652,20957,2113,15,1,0,4902,4902,0,0,281,105,54,51,12,0,4375,3166,2248,2067,382,66,343,0,0,0,0,0,41,0,31,0,0,0,0,0,0,0,0,0,0,0,0,0,0,0,0,0,0,0,0,0,0,0,0,0,0,0,33,113,12982,0,0,0,0,15,56,6,0,0,0,33,20,34,Vaporeon
12-15,15:28:35,NINTEN,Ditto,Swimmer,1,Cerulean City - Gym,2,32:17.37,32:17,0h32m17s,1,33,34,23,2:05,12.384,TRANSFORM,,,,16,4910,284,55,51,480,478,398,5,453,Vaporeon, ,Normal,Normal,13721,Ditto 2,Ditto,,00:32:04.99,00:32:17.37,02:05:18.52,23,1,0,32,17,37,TRANSFORM,,,,0,0,0,0,0,0,0,0,11,65,38,37,37,37,38,4071,5581,4657,4144,4144,7170,15,15,15,15,0,0,0,0,0,0,0,42,37,37,37,38,453065,139827,289100,22025,2113,16,1,0,4910,4910,0,0,284,106,55,51,12,0,4477,3242,2294,2113,387,66,345,0,0,0,0,0,42,0,31,0,0,0,0,0,0,0,0,0,0,0,0,0,0,0,0,0,0,0,0,0,0,0,0,0,0,0,33,115,13596,0,0,0,0,15,56,6,0,0,0,33,20,34,Vaporeon
12-15,15:30:23,NINTEN,Ditto,Rival2-Nugget Bridge,3,Cerulean City,4,34:05.30,34:05,0h34m5s,1,35,36,24,2:12,29.142,TRANSFORM,,,,16,5146,306,58,51,505,502,418,6,8,Vaporeon, ,Normal,Normal,15280,Ditto 2,Ditto,Rival (Nugget Bridge),00:33:36.16,00:34:05.30,02:12:25.31,24,1,0,34,5,30,TRANSFORM,,,,9,0,0,0,0,0,0,0,29,68,39,39,39,39,40,4336,5962,4972,4356,4356,7517,15,15,15,15,-2,-1,0,0,0,-2,0,18,11,19,19,33,478664,148594,305932,22025,2113,16,1,0,5146,5146,0,0,306,109,58,51,12,0,4860,3566,2485,2285,405,70,364,0,0,0,0,0,45,0,31,0,0,0,0,0,0,0,0,0,0,0,0,0,0,0,0,0,0,0,0,0,0,0,0,0,0,0,35,121,15155,0,0,0,0,16,58,6,0,0,0,35,20,36,Vaporeon
12-15,15:32:01,NINTEN,Ditto,Bug Catcher,9,Route 24,2,35:43.74,35:43,0h35m43s,1,35,36,24,2:18,7.323,TRANSFORM,,,,17,5426,339,59,61,517,514,428,6,3,Vaporeon, ,Normal,Normal,15595,Ditto 2,Ditto,,00:35:36.43,00:35:43.75,02:18:52.36,24,1,0,35,43,75,TRANSFORM,,,,0,0,0,0,0,0,0,0,29,68,39,39,39,39,40,4421,6027,5037,4396,4396,7612,15,15,15,15,0,0,0,0,0,0,0,43,39,39,39,40,501889,157175,319118,23483,2113,17,1,0,5426,5426,0,0,339,120,59,61,22,0,4973,3641,2564,2364,407,71,373,0,0,0,0,0,46,0,31,0,0,0,0,0,0,0,0,0,0,0,0,0,0,0,0,0,0,0,0,0,0,0,0,0,0,0,35,123,15470,0,0,0,0,16,60,6,0,0,0,35,20,36,Vaporeon
12-15,15:32:20,NINTEN,Ditto,Lass,8,Route 24,2,36:03.04,36:03,0h36m3s,1,35,36,25,2:20,10.811,TRANSFORM,,,,18,5430,341,60,61,521,518,430,6,143,Vaporeon, ,Normal,Normal,15937,Ditto 2,Ditto,,00:35:52.23,00:36:03.04,02:20:08.26,25,1,0,36,3,4,TRANSFORM,,,,0,0,0,0,0,0,0,0,28,70,41,41,40,40,42,4516,6119,5129,4471,4471,7709,15,15,15,15,0,0,0,0,0,0,0,46,41,40,40,42,506439,157418,322187,24721,2113,18,1,0,5430,5430,0,0,341,121,60,61,22,0,5129,3719,2606,2406,411,72,374,0,0,0,0,0,46,0,31,0,0,0,0,0,0,0,0,0,0,0,0,0,0,0,0,0,0,0,0,0,0,0,0,0,0,0,35,125,15812,0,0,0,0,16,60,6,0,0,0,35,20,36,Vaporeon
12-15,15:32:38,NINTEN,Ditto,Youngster,4,Route 24,3,36:20.67,36:20,0h36m20s,1,35,36,25,2:21,9.839,TRANSFORM,,,,19,5434,343,61,61,524,521,430,6,353,Vaporeon, ,Normal,Normal,16456,Ditto 2,Ditto,,00:36:10.84,00:36:20.68,02:21:17.38,25,1,0,36,20,68,TRANSFORM,,,,0,0,0,0,0,0,0,0,15,70,41,41,40,40,42,4621,6280,5243,4576,4576,7891,15,15,15,15,0,0,0,0,0,0,0,46,41,40,40,42,510591,157694,325003,25781,2113,19,1,0,5434,5434,0,0,343,122,61,61,22,0,5259,3826,2659,2459,414,72,374,0,0,0,0,0,46,0,31,0,0,0,0,0,0,0,0,0,0,0,0,0,0,0,0,0,0,0,0,0,0,0,0,0,0,0,35,128,16331,0,0,0,0,16,60,6,0,0,0,35,20,36,Vaporeon
12-15,15:32:59,NINTEN,Ditto,Lass,7,Route 24,2,36:41.26,36:41,0h36m41s,1,35,36,25,2:22,11.818,TRANSFORM,,,,20,5438,345,62,61,528,525,432,6,563,Vaporeon, ,Normal,Normal,16844,Ditto 2,Ditto,,00:36:29.44,00:36:41.26,02:22:38.21,25,1,0,36,41,26,TRANSFORM,,,,0,0,0,0,0,0,0,0,13,70,41,41,40,40,42,4716,6372,5335,4651,4651,7988,15,15,15,15,0,0,0,0,0,-1,0,51,41,40,40,42,515434,157975,328313,27033,2113,20,1,0,5438,5438,0,0,345,123,62,61,22,0,5433,3913,2716,2516,418,72,376,0,0,0,0,0,47,0,31,0,0,0,0,0,0,0,0,0,0,0,0,0,0,0,0,0,0,0,0,0,0,0,0,0,0,0,35,130,16719,0,0,0,0,16,60,6,0,0,0,35,20,36,Vaporeon
12-15,15:33:23,NINTEN,Ditto,Jr Trainer M,3,Route 24,1,37:05.47,37:05,0h37m5s,2,35,37,25,2:23,4.59,TRANSFORM,,,,21,5442,351,63,61,529,526,432,6,803,Vaporeon, ,Normal,Normal,17129,Ditto 2,Ditto,,00:37:00.89,00:37:05.48,02:23:29.32,25,2,0,37,5,48,TRANSFORM,,,,0,0,0,0,0,0,0,0,48,70,41,41,40,40,42,4756,6452,5370,4686,4686,8058,15,15,15,15,0,0,0,0,0,0,0,46,41,40,40,42,518511,158329,329885,28027,2270,21,2,0,5442,5442,0,0,351,124,63,61,22,0,5502,3958,2738,2538,419,72,376,0,0,0,0,0,48,0,31,0,0,0,0,0,0,0,0,0,0,0,0,0,0,0,0,0,0,0,0,0,0,0,0,0,0,0,35,131,17004,0,0,0,0,16,60,6,0,0,0,35,20,37,Vaporeon
12-15,15:33:38,NINTEN,Ditto,Rocket,6,Route 24,2,37:21.04,37:21,0h37m21s,2,35,37,25,2:24,7.197,TRANSFORM,,,,21,5448,352,64,61,531,528,432,7,1163,Vaporeon, ,Normal,Normal,17499,Ditto 2,Ditto,,00:37:13.85,00:37:21.04,02:24:30.47,25,2,0,37,21,4,TRANSFORM,,,,0,0,0,0,0,0,0,0,31,70,41,41,40,40,42,4831,6557,5449,4766,4766,8168,15,15,15,15,0,0,0,0,0,0,0,46,41,40,40,42,522186,159383,332095,28438,2270,21,2,0,5448,5448,0,0,352,125,64,61,22,0,5587,4034,2775,2575,421,72,376,0,0,0,0,0,48,0,31,0,0,0,0,0,0,0,0,0,0,0,0,0,0,0,0,0,0,0,0,0,0,0,0,0,0,0,35,133,17374,0,0,0,0,16,60,6,0,0,0,35,20,37,Vaporeon
12-15,15:34:18,NINTEN,Ditto,Hiker,4,Route 25,1,38:01.04,38:01,0h38m1s,2,35,37,26,2:27,23.022,TRANSFORM,,,,22,5498,355,65,61,546,535,438,8,1613,Vaporeon, ,Normal,Normal,17892,Ditto 2,Ditto,,00:37:38.03,00:38:01.06,02:27:09.13,26,2,0,38,1,6,TRANSFORM,,,,0,0,0,0,0,0,0,0,24,73,42,42,42,42,43,4866,6602,5609,4796,4796,8238,15,15,15,15,0,0,0,0,0,0,0,47,42,42,42,43,531692,161836,338094,29492,2270,22,2,0,5498,5498,0,0,355,126,65,61,22,0,5633,4075,2824,2624,428,73,381,0,0,0,0,0,49,0,31,0,0,0,0,0,0,0,0,0,0,0,0,0,0,0,0,0,0,0,0,0,0,0,0,0,0,0,35,134,17767,0,0,0,0,17,60,6,0,0,0,35,20,37,Vaporeon
12-15,15:34:40,NINTEN,Ditto,Lass,9,Route 25,2,38:22.63,38:22,0h38m22s,2,35,37,26,2:28,11.521,TRANSFORM,,,,23,5508,357,66,61,550,539,440,8,2208,Vaporeon, ,Normal,Normal,18273,Ditto 2,Ditto,,00:38:11.12,00:38:22.64,02:28:34.11,26,2,0,38,22,64,TRANSFORM,,,,0,0,0,0,0,0,0,0,4,73,42,42,42,42,43,4967,6706,5701,4876,4876,8329,15,15,15,15,0,-1,0,0,0,0,0,52,27,42,42,43,536790,162586,341311,30623,2270,23,2,0,5508,5508,0,0,357,127,66,61,22,0,5799,4159,2884,2684,432,73,383,0,0,0,0,0,49,0,31,0,0,0,0,0,0,0,0,0,0,0,0,0,0,0,0,0,0,0,0,0,0,0,0,0,0,0,35,136,18148,0,0,0,0,17,60,6,0,0,0,35,20,37,Vaporeon
12-15,15:34:58,NINTEN,Ditto,Jr Trainer M,2,Route 25,2,38:40.59,38:40,0h38m40s,2,35,37,26,2:29,7.158,TRANSFORM,,,,24,5520,359,67,61,552,541,440,8,2433,Vaporeon, ,Normal,Normal,18630,Ditto 2,Ditto,,00:38:33.45,00:38:40.61,02:29:44.34,26,2,0,38,40,61,TRANSFORM,,,,0,0,0,0,0,0,0,0,29,73,42,42,42,42,43,5032,6822,5780,4941,4941,8456,15,15,15,15,0,0,0,0,0,0,0,47,42,42,42,43,541013,163309,343490,31944,2270,24,2,0,5520,5520,0,0,359,128,67,61,22,0,5889,4229,2919,2719,434,73,383,0,0,0,0,0,49,0,31,0,0,0,0,0,0,0,0,0,0,0,0,0,0,0,0,0,0,0,0,0,0,0,0,0,0,0,35,138,18505,0,0,0,0,17,60,6,0,0,0,35,20,37,Vaporeon
12-15,15:35:18,NINTEN,Ditto,Oddish Lass,10,Route 25,3,39:00.98,39:00,0h39m0s,2,35,37,26,2:31,10.405,TRANSFORM,,,,25,5535,359,68,61,555,544,441,8,2713,Vaporeon, ,Normal,Normal,19215,Ditto 2,Ditto,Oddish Lass,00:38:50.58,00:39:00.99,02:31:04.38,26,2,0,39,0,99,TRANSFORM,,,,0,0,0,0,0,0,0,0,11,73,42,42,42,42,43,5162,6967,5930,5126,5126,8572,15,15,15,15,0,0,0,0,0,0,0,47,42,42,42,43,545817,164003,346444,33100,2270,25,2,0,5535,5535,0,0,359,129,68,61,22,0,6018,4336,2977,2777,437,73,384,0,0,0,0,0,49,0,31,0,0,0,0,0,0,0,0,0,0,0,0,0,0,0,0,0,0,0,0,0,0,0,0,0,0,0,35,141,19090,0,0,0,0,17,60,6,0,0,0,35,20,37,Vaporeon
12-15,15:36:27,NINTEN,Ditto,Cerulean Rocket,5,Cerulean City,2,40:09.68,40:09,0h40m9s,2,35,37,27,2:35,11.182,TRANSFORM,,,,26,5761,391,69,61,559,548,443,7,8,Vaporeon, ,Normal,Normal,19904,Ditto 2,Ditto,Rocket,00:39:58.50,00:40:09.68,02:35:36.01,27,2,0,40,9,68,TRANSFORM,,,,0,0,0,0,0,0,0,0,5,75,44,44,43,43,45,5292,7095,6025,5251,5251,8649,15,15,15,15,0,0,0,0,0,0,0,49,44,43,43,45,562100,175405,349589,34836,2270,26,2,0,5761,5761,0,0,391,130,69,61,22,0,6177,4439,3045,2845,441,73,386,0,0,0,0,0,50,0,32,0,0,0,0,0,0,0,0,0,0,0,0,0,0,0,0,0,0,0,0,0,0,0,0,0,0,0,35,143,19779,0,0,0,0,18,90,8,0,0,0,35,20,37,Vaporeon
12-15,15:38:18,NINTEN,Ditto,Misty,1,Cerulean City - Gym,2,42:00.71,42:00,0h42m0s,2,36,38,27,2:42,30.131,TRANSFORM,,,,26,6022,418,71,61,591,580,469,8,9,Vaporeon, ,Normal,Normal,21651,Ditto 2,Ditto,Misty,00:41:30.60,00:42:00.73,02:42:55.26,27,2,0,42,0,73,TRANSFORM,,,,9,0,0,0,0,0,0,0,8,75,44,44,43,43,45,5412,7260,6220,5491,5491,8934,15,15,15,15,0,0,0,0,0,0,0,24,27,33,33,38,588465,184895,365012,36288,2270,26,2,0,6022,6022,0,0,418,132,71,61,22,0,6397,4632,3188,2988,471,74,400,0,0,0,0,0,55,0,34,0,0,0,0,0,0,0,0,0,0,0,0,0,0,0,0,0,0,0,0,0,0,0,0,0,0,0,36,146,21526,0,0,0,0,18,92,8,0,0,0,36,20,38,Vaporeon
12-15,15:40:30,NINTEN,Ditto,Jr Trainer F,25,Route 6,1,44:12.19,44:12,0h44m12s,2,36,38,28,2:51,8.338,TRANSFORM,,,,27,6672,449,72,71,604,593,481,9,88,Vaporeon, ,Normal,Normal,22023,Ditto 2,Ditto,,00:44:03.86,00:44:12.20,02:51:33.41,28,2,0,44,12,20,TRANSFORM,,,,0,0,0,0,0,0,0,0,50,78,46,45,45,45,46,5462,7310,6315,5531,5531,8969,15,15,15,15,0,-1,0,0,0,0,0,51,29,45,45,46,619560,201205,378226,37859,2270,27,2,0,6672,6672,0,0,449,143,72,71,32,0,6458,4685,3256,3056,474,75,411,0,0,0,0,0,55,0,34,0,0,0,0,0,0,0,0,0,0,0,0,0,0,0,0,0,0,0,0,0,0,0,0,0,0,0,36,147,21898,0,0,0,0,19,102,9,0,0,0,36,20,38,Vaporeon
12-15,15:40:42,NINTEN,Ditto,Jr Trainer M,10,Route 6,1,44:24.20,44:24,0h44m24s,2,36,38,28,2:52,4.665,TRANSFORM,,,,28,6675,450,73,71,605,594,481,9,488,Vaporeon, ,Normal,Normal,22540,Ditto 2,Ditto,,00:44:19.55,00:44:24.21,02:52:20.58,28,2,0,44,24,21,TRANSFORM,,,,0,0,0,0,0,0,0,0,46,78,46,45,45,45,46,5527,7400,6365,5616,5616,9024,15,15,15,15,0,0,0,0,0,0,0,51,45,45,45,46,622397,201494,379843,38790,2270,28,2,0,6675,6675,0,0,450,144,73,71,32,0,6530,4734,3280,3080,475,75,411,0,0,0,0,0,56,0,34,0,0,0,0,0,0,0,0,0,0,0,0,0,0,0,0,0,0,0,0,0,0,0,0,0,0,0,36,148,22415,0,0,0,0,19,102,9,0,0,0,36,20,38,Vaporeon
12-15,15:41:01,NINTEN,Ditto,Bug Catcher,10,Route 6,3,44:43.80,44:43,0h44m43s,2,36,38,28,2:53,10.035,TRANSFORM,,,,29,6686,450,74,71,608,597,481,9,808,Vaporeon, ,Normal,Normal,23075,Ditto 2,Ditto,,00:44:33.78,00:44:43.81,02:53:37.57,28,2,0,44,43,81,TRANSFORM,,,,0,0,0,0,0,0,0,0,17,78,46,45,45,45,46,5652,7500,6460,5676,5676,9169,15,15,15,15,0,0,0,0,0,0,0,51,45,45,45,46,627016,202057,382730,39959,2270,29,2,0,6686,6686,0,0,450,145,74,71,32,0,6738,4858,3341,3141,478,75,411,0,0,0,0,0,57,0,34,0,0,0,0,0,0,0,0,0,0,0,0,0,0,0,0,0,0,0,0,0,0,0,0,0,0,0,36,151,22950,0,0,0,0,19,102,9,0,0,0,36,20,38,Vaporeon
12-15,15:41:22,NINTEN,Ditto,Sandy,3,Route 6,3,45:05.09,45:05,0h45m5s,2,36,38,28,2:55,9.84,TRANSFORM,,,,30,6715,451,75,71,611,600,481,9,968,Vaporeon, ,Normal,Normal,23636,Ditto 2,Ditto,,00:44:55.25,00:45:05.09,02:55:01.26,28,2,0,45,5,9,TRANSFORM,,,,0,0,0,0,0,0,0,0,17,78,46,45,45,45,46,5772,7635,6580,5781,5781,9337,15,15,15,15,0,0,0,0,0,0,0,51,45,45,45,46,632025,202972,385564,41219,2270,30,2,0,6715,6715,0,0,451,146,75,71,32,0,6946,4981,3401,3201,481,75,411,0,0,0,0,0,59,0,34,0,0,0,0,0,0,0,0,0,0,0,0,0,0,0,0,0,0,0,0,0,0,0,0,0,0,0,36,154,23511,0,0,0,0,19,102,9,0,0,0,36,20,38,Vaporeon
12-15,15:41:41,NINTEN,Ditto,Jr Trainer M,5,Route 6,2,45:23.32,45:23,0h45m23s,2,36,38,28,2:56,9.315,TRANSFORM,,,,31,6718,451,76,71,614,603,482,9,1288,Vaporeon, ,Normal,Normal,24231,Ditto 2,Ditto,,00:45:14.01,00:45:23.32,02:56:12.50,28,2,0,45,23,32,TRANSFORM,,,,0,0,0,0,0,0,0,0,10,78,46,45,45,45,46,5867,7776,6670,5862,5862,9504,15,15,15,15,0,0,0,0,0,0,0,51,45,45,45,46,636309,203319,388268,42452,2270,31,2,0,6718,6718,0,0,451,147,76,71,32,0,7079,5068,3468,3268,484,75,412,0,0,0,0,0,59,0,35,0,0,0,0,0,0,0,0,0,0,0,0,0,0,0,0,0,0,0,0,0,0,0,0,0,0,0,36,156,24106,0,0,0,0,19,102,9,0,0,0,36,20,38,Vaporeon
12-15,15:42:04,NINTEN,Ditto,Youngster,9,Route 11,1,45:46.82,45:46,0h45m46s,2,36,38,29,2:57,8.583,TRANSFORM,,,,32,6773,452,77,71,617,606,484,9,1608,Vaporeon, ,Normal,Normal,24510,Ditto 2,Ditto,,00:45:38.25,00:45:46.83,02:57:45.15,29,2,0,45,46,83,TRANSFORM,,,,0,0,0,0,0,0,0,0,32,81,47,47,47,47,48,5902,7836,6714,5902,5902,9559,15,15,15,15,0,0,0,0,0,0,0,52,47,47,47,48,641854,205063,390813,43708,2270,32,2,0,6773,6773,0,0,452,148,77,71,32,0,7151,5117,3509,3309,486,76,414,0,0,0,0,0,59,0,35,0,0,0,0,0,0,0,0,0,0,0,0,0,0,0,0,0,0,0,0,0,0,0,0,0,0,0,36,157,24385,0,0,0,0,19,102,9,0,0,0,36,20,38,Vaporeon
12-15,15:42:18,NINTEN,Ditto,Youngster,9,Route 11,1,46:00.97,46:00,0h46m0s,3,36,39,29,2:57,7.871,TRANSFORM,,,,32,6773,452,77,71,617,605,483,9,1608,Vaporeon, ,Normal,Normal,24510,Ditto 2,Ditto,,00:45:53.11,00:46:00.98,02:57:40.20,29,3,0,46,0,98,TRANSFORM,,,,0,0,0,0,0,0,0,0,43,81,47,47,47,47,48,5902,7836,6714,5902,5902,9559,15,15,15,15,0,0,0,0,0,0,0,52,47,47,47,48,641565,205063,390643,43432,2427,32,3,0,6773,6773,0,0,452,148,77,71,32,0,7148,5117,3498,3298,486,75,413,0,0,0,0,0,59,0,35,0,0,0,0,0,0,0,0,0,0,0,0,0,0,0,0,0,0,0,0,0,0,0,0,0,0,0,36,157,24385,0,0,0,0,19,102,9,0,0,0,36,20,39,Vaporeon
12-15,15:42:43,NINTEN,Ditto,Gambler,1,Route 11,2,46:25.87,46:25,0h46m25s,3,36,39,29,2:59,15.788,TRANSFORM,,,,33,6784,453,78,71,625,609,490,9,1923,Vaporeon, ,Normal,Normal,25126,Ditto 2,Ditto,,00:46:10.09,00:46:25.88,02:59:18.32,29,3,0,46,25,88,TRANSFORM,,,,0,0,0,0,0,0,0,0,19,81,47,47,47,47,48,5972,7926,6824,6012,6012,9709,15,15,15,15,0,0,0,0,-1,0,0,58,47,47,47,31,647457,205640,394905,44485,2427,33,3,0,6784,6784,0,0,453,149,78,71,32,0,7301,5203,3560,3360,490,75,420,0,0,0,0,0,59,0,35,0,0,0,0,0,0,0,0,0,0,0,0,0,0,0,0,0,0,0,0,0,0,0,3,0,0,0,36,159,25001,0,0,0,0,19,102,9,0,0,0,36,20,39,Vaporeon
12-15,15:43:07,NINTEN,Ditto,Youngster,10,Route 11,2,46:49.24,46:49,0h46m49s,3,36,39,29,3:00,12.306,TRANSFORM,,,,34,6806,453,79,71,630,614,493,9,3183,Vaporeon, ,Normal,Normal,25723,Ditto 2,Ditto,,00:46:36.95,00:46:49.25,03:00:50.21,29,3,0,46,49,25,TRANSFORM,,,,0,0,0,0,0,0,0,0,13,81,47,47,47,47,48,6062,8046,6944,6082,6082,9804,15,15,15,15,0,0,0,0,0,0,0,52,47,47,47,48,652966,206460,398338,45741,2427,34,3,0,6806,6806,0,0,453,150,79,71,32,0,7463,5301,3626,3426,495,75,423,0,0,0,0,0,59,0,35,0,0,0,0,0,0,0,0,0,0,0,0,0,0,0,0,0,0,0,0,0,0,0,3,0,0,0,36,161,25598,0,0,0,0,19,102,9,0,0,0,36,20,39,Vaporeon
12-15,15:43:27,NINTEN,Ditto,Youngster,12,Route 11,2,47:09.74,47:09,0h47m9s,3,36,39,29,3:02,10.843,TRANSFORM,,,,35,6810,453,80,71,634,618,495,9,3468,Vaporeon, ,Normal,Normal,26408,Ditto 2,Ditto,,00:46:58.90,00:47:09.74,03:02:10.44,29,3,0,47,9,74,TRANSFORM,,,,0,0,0,0,0,0,0,0,21,81,47,47,47,47,48,6169,8175,7041,6177,6177,9919,15,15,15,15,0,-1,0,0,0,0,0,58,31,47,47,48,657789,206917,401408,47037,2427,35,3,0,6810,6810,0,0,453,151,80,71,32,0,7620,5400,3678,3478,499,75,425,0,0,0,0,0,59,0,35,0,0,0,0,0,0,0,0,0,0,0,0,0,0,0,0,0,0,0,0,0,0,0,3,0,0,0,36,163,26283,0,0,0,0,19,102,9,0,0,0,36,20,39,Vaporeon
12-15,15:43:47,NINTEN,Ditto,Gambler,2,Route 11,2,47:29.11,47:29,0h47m29s,3,36,39,30,3:03,9.908,TRANSFORM,,,,36,6813,453,81,71,637,621,496,9,3738,Vaporeon, ,Normal,Normal,27032,Ditto 2,Ditto,,00:47:19.20,00:47:29.11,03:03:26.39,30,3,0,47,29,11,TRANSFORM,,,,0,0,0,0,0,0,0,0,30,83,49,49,48,48,50,6264,8300,7131,6322,6322,9989,15,15,15,15,0,0,0,0,0,0,0,55,49,48,48,50,662344,207325,404270,48322,2427,36,3,0,6813,6813,0,0,453,152,81,71,32,0,7739,5497,3731,3531,502,75,426,0,0,0,0,0,59,0,35,0,0,0,0,0,0,0,0,0,0,0,0,0,0,0,0,0,0,0,0,0,0,0,3,0,0,0,36,165,26907,0,0,0,0,19,102,9,0,0,0,36,20,39,Vaporeon
12-15,15:44:39,NINTEN,Ditto,Sailor,5,SS Anne,2,48:21.96,48:21,0h48m21s,3,36,39,30,3:06,7.269,TRANSFORM,,,,61441,5004,27928,22,30976,15,51971,62977,10,4998,Vaporeon, ,Normal,Normal,27845,Ditto 2,Ditto,,00:48:14.69,00:48:21.96,03:06:54.38,30,3,0,48,21,96,TRANSFORM,,,,0,0,0,0,0,0,0,0,28,83,49,49,48,48,50,6334,8385,7221,6492,6492,10144,15,15,15,15,0,0,0,0,0,0,0,55,49,48,48,50,6818,-603966336,50333490,751,0,61441,0,0,5004,1711278476,20736,1191345410,27928,30998,22,30976,17152,31744,1118,86,402757418,10794,2,0,47872,18688,0,0,0,0,0,0,0,0,0,0,0,0,0,0,768,0,9216,42240,18,24576,0,0,0,0,0,0,0,0,0,0,0,0,0,0,0,2,813,0,0,20000000,692100,32,15104,14,43520,19200,37632,36,20,39,Vaporeon
12-15,15:45:00,NINTEN,Ditto,Youngster,8,SS Anne,1,48:42.46,48:42,0h48m42s,3,36,39,30,3:08,4.495,TRANSFORM,,,,61442,5067,27932,23,30976,16,51972,62977,11,5538,Vaporeon, ,Normal,Normal,28115,Ditto 2,Ditto,,00:48:37.97,00:48:42.46,03:08:15.00,30,3,0,48,42,46,TRANSFORM,,,,0,0,0,0,0,0,0,0,57,83,49,49,48,48,50,6380,8442,7261,6532,6532,10194,15,15,15,15,0,0,0,0,0,0,0,55,49,48,48,50,11640,-603964342,50334969,2100,0,61442,0,0,5067,1711278539,20736,1191345410,27932,30999,23,30976,17152,31744,1191,139,402757444,10820,3,0,47872,18688,0,0,0,0,1,0,0,0,0,0,0,0,0,0,768,0,9216,42240,18,24576,0,0,0,0,0,0,0,0,0,0,0,0,0,0,0,3,1083,0,0,20000000,692100,33,15104,14,43520,19200,37632,36,20,39,Vaporeon
12-15,15:45:19,NINTEN,Ditto,Gentleman,2,SS Anne,2,49:01.66,49:01,0h49m1s,3,36,39,30,3:09,7.45,TRANSFORM,,,,61443,5098,27938,24,30976,18,51974,62977,12,5853,Vaporeon, ,Normal,Normal,28598,Ditto 2,Ditto,,00:48:54.22,00:49:01.67,03:09:30.33,30,3,0,49,1,67,TRANSFORM,,,,0,0,0,0,0,0,0,0,27,83,49,49,48,48,50,6481,8546,7353,6612,6612,10285,15,15,15,15,0,0,0,0,0,0,0,55,49,48,48,50,16173,-603962935,50337152,3043,0,61443,0,0,5098,1711278570,20736,1191345410,27938,31000,24,30976,17152,31744,1341,240,402757494,10870,5,0,47872,18688,0,0,0,0,3,0,0,0,0,0,0,0,0,0,768,0,9216,42240,18,24576,0,0,0,0,0,0,0,0,0,0,0,0,0,0,0,5,1566,0,0,20000000,692100,34,15104,14,43520,19200,37632,36,20,39,Vaporeon
12-15,15:45:39,NINTEN,Ditto,Gentleman,1,SS Anne,2,49:22.04,49:22,0h49m22s,3,36,39,30,3:10,8.738,TRANSFORM,,,,61444,5117,27940,25,30976,21,51977,62978,12,7183,Vaporeon, ,Normal,Normal,29300,Ditto 2,Ditto,,00:49:13.32,00:49:22.05,03:10:50.21,30,3,0,49,22,5,TRANSFORM,,,,0,0,0,0,0,0,0,0,33,83,49,49,48,48,50,6591,8686,7443,6712,6712,10405,15,15,15,15,0,0,0,0,0,0,0,55,49,48,48,50,20961,-603962027,50339644,4431,0,61444,0,0,5117,1711278589,20736,1191345410,27940,31001,25,30976,17152,31744,1483,340,402757544,10920,8,0,47872,18688,0,0,0,0,3,0,0,0,0,0,0,0,0,0,768,0,9216,42240,18,24576,0,0,0,0,0,0,0,0,0,0,0,0,0,0,0,7,2268,0,0,20000000,692100,34,15104,14,43520,19200,37632,36,20,39,Vaporeon
12-15,15:46:03,NINTEN,Ditto,Gentleman,5,SS Anne,2,49:46.06,49:46,0h49m46s,3,36,39,31,3:12,9.869,TRANSFORM,,,,61445,5181,27942,26,30976,24,51980,62979,12,8443,Vaporeon, ,Normal,Normal,30184,Ditto 2,Ditto,,00:49:36.20,00:49:46.07,03:12:24.45,31,3,0,49,46,7,TRANSFORM,,,,0,0,0,0,0,0,0,0,23,86,51,50,50,50,51,6696,8841,7543,6827,6827,10555,15,15,15,15,0,0,0,0,0,0,0,57,50,50,50,51,26625,-603960460,50342392,5780,0,61445,0,0,5181,1711278653,20736,1191345410,27942,31002,26,30976,17152,31744,1615,434,402757597,10973,11,0,47873,18688,0,0,0,0,3,0,0,0,0,0,0,0,0,0,768,0,9216,42240,18,24576,0,0,0,0,0,0,0,0,0,0,0,0,0,0,0,9,3152,0,0,20000000,692100,34,15104,14,43520,19200,37632,36,20,39,Vaporeon
12-15,15:46:20,NINTEN,Ditto,Lass,12,SS Anne,1,50:02.56,50:02,0h50m2s,3,36,39,31,3:13,6.179,TRANSFORM,,,,61446,5186,27943,27,30976,26,51982,62980,12,9633,Vaporeon, ,Normal,Normal,30509,Ditto 2,Ditto,,00:49:56.39,00:50:02.57,03:13:29.23,31,3,0,50,2,57,TRANSFORM,,,,0,0,0,0,0,0,0,0,37,86,51,50,50,50,51,6811,8886,7563,6852,6852,10575,15,15,15,15,0,0,0,0,0,0,0,57,50,50,50,51,30503,-603959831,50344265,7156,0,61446,0,0,5186,1711278658,20736,1191345410,27943,31003,27,30976,17152,31744,1760,513,402757643,11019,13,0,47874,18688,0,0,0,0,3,0,0,0,0,0,0,0,0,0,768,0,9216,42240,18,24576,0,0,0,0,0,0,0,0,0,0,0,0,0,0,0,10,3477,0,0,20000000,692100,35,15104,14,43520,19200,37632,36,20,39,Vaporeon
12-15,15:46:41,NINTEN,Ditto,Fisher,1,SS Anne,3,50:23.99,50:23,0h50m23s,3,36,39,31,3:14,11.33,TRANSFORM,,,,61447,5202,27944,28,30976,30,51986,62981,12,9933,Vaporeon, ,Normal,Normal,31697,Ditto 2,Ditto,,00:50:12.68,00:50:24.01,03:14:53.31,31,3,0,50,24,1,TRANSFORM,,,,0,0,0,0,0,0,0,0,12,86,51,50,50,50,51,6941,9060,7718,7052,7052,10771,15,15,15,15,0,0,0,0,0,0,0,57,50,50,50,51,35551,-603959013,50347335,8316,0,61447,0,0,5202,1711278674,20736,1191345410,27944,31004,28,30976,17152,31744,1960,646,402757708,11084,17,1,47874,18688,0,0,0,0,4,0,0,0,0,0,0,0,0,0,768,0,9216,42240,18,24576,0,0,0,0,0,0,0,0,0,0,0,0,0,0,0,13,4665,0,0,20000000,692100,35,15104,14,43520,19200,37632,36,20,39,Vaporeon
12-15,15:47:02,NINTEN,Ditto,Gentleman,3,SS Anne,2,50:44.74,50:44,0h50m44s,3,36,39,31,3:16,10.482,TRANSFORM,,,,61448,5205,27947,29,30976,33,51989,62983,11,10528,Vaporeon, ,Normal,Normal,32599,Ditto 2,Ditto,,00:50:34.27,00:50:44.75,03:16:15.22,31,3,0,50,44,75,TRANSFORM,,,,0,0,0,0,0,0,0,0,17,86,51,50,50,50,51,7006,9125,7838,7202,7202,10916,15,15,15,15,0,-2,0,0,0,0,0,64,25,50,50,51,40462,-603958723,50350226,10046,0,61448,0,0,5205,1711278677,20736,1191345410,27947,31005,29,30976,17152,31744,2090,745,402757777,11153,20,1,47876,18688,0,0,0,0,5,0,0,0,0,0,0,0,0,0,768,0,9216,42240,18,24576,0,0,0,0,0,0,0,0,0,0,0,0,0,0,0,15,5567,0,0,20000000,692100,35,15104,14,43520,19200,37632,36,20,39,Vaporeon
12-15,15:48:43,NINTEN,Ditto,Engineer,2,Route 11,1,52:25.73,52:25,0h52m25s,3,36,39,32,3:22,6.956,TRANSFORM,,,,61449,5663,27974,30,30976,35,51991,62984,7,68,Vaporeon, ,Normal,Normal,32999,Ditto 2,Ditto,,00:52:18.78,00:52:25.73,03:22:53.35,32,3,0,52,25,73,TRANSFORM,,,,0,0,0,0,0,0,0,0,55,89,53,52,52,52,53,7031,9160,7908,7297,7297,10961,15,15,15,15,0,0,0,0,0,0,0,59,52,52,52,53,64355,-603941007,50352413,14036,0,61449,0,0,5663,1711279135,20736,1191345410,27974,31006,30,30976,17152,31744,2154,789,402757802,11178,22,1,47877,18688,0,0,0,0,5,0,0,0,0,0,0,0,0,0,768,0,9216,42240,18,24576,0,0,0,0,0,0,0,0,0,0,0,0,0,0,0,16,5967,0,0,20000000,692100,35,15159,17,43520,19200,37633,36,20,39,Vaporeon
12-15,15:49:05,NINTEN,Ditto,Gambler,3,Route 11,2,52:47.90,52:47,0h52m47s,3,36,39,32,3:24,9.156,TRANSFORM,,,,61450,5698,27976,31,30976,38,51994,62985,7,1118,Vaporeon, ,Normal,Normal,33737,Ditto 2,Ditto,,00:52:38.75,00:52:47.91,03:24:20.57,32,3,0,52,47,91,TRANSFORM,,,,0,0,0,0,0,0,0,0,45,89,53,52,52,52,53,7096,9225,8028,7447,7447,11106,15,15,15,15,0,0,0,0,0,0,0,59,52,52,52,53,69597,-603939821,50355084,15421,0,61450,0,0,5698,1711279170,20736,1191345410,27976,31007,31,30976,17152,31744,2306,873,402757846,11222,25,1,47878,18688,0,0,0,0,6,0,0,0,0,0,0,0,0,0,768,0,9216,42240,18,24576,0,0,0,0,0,0,0,0,0,0,0,0,0,0,0,18,6705,0,0,20000000,692100,35,15159,17,43520,19200,37633,36,20,39,Vaporeon
12-15,15:49:27,NINTEN,Ditto,Gambler,4,Route 11,2,53:09.63,53:09,0h53m9s,3,36,39,32,3:25,9.867,TRANSFORM,,,,61451,5720,27977,32,30976,41,51997,62987,7,2378,Vaporeon, ,Normal,Normal,34331,Ditto 2,Ditto,,00:52:59.77,00:53:09.64,03:25:46.33,32,3,0,53,9,64,TRANSFORM,,,,0,0,0,0,0,0,0,0,27,89,53,52,52,52,53,7189,9336,8113,7562,7562,11231,15,15,15,15,0,0,0,0,0,0,0,59,52,52,52,53,74733,-603938895,50357924,16791,0,61451,0,0,5720,1711279192,20736,1191345410,27977,31008,32,30976,17152,31744,2459,967,402757904,11280,28,1,47880,18688,0,0,0,0,6,0,0,0,0,0,0,0,0,0,768,0,9216,42240,18,24576,0,0,0,0,0,0,0,0,0,0,0,0,0,0,0,20,7299,0,0,20000000,692100,35,15159,17,43520,19200,37633,36,20,39,Vaporeon
12-15,15:49:50,NINTEN,Ditto,Youngster,11,Route 11,3,53:32.72,53:32,0h53m32s,3,36,39,32,3:27,12.322,TRANSFORM,,,,61452,5734,27977,33,30976,45,52001,62989,7,3638,Vaporeon, ,Normal,Normal,35166,Ditto 2,Ditto,,00:53:20.40,00:53:32.72,03:27:17.07,32,3,0,53,32,72,TRANSFORM,,,,0,0,0,0,0,0,0,0,7,89,53,52,52,52,53,7304,9529,8243,7662,7662,11472,15,15,15,15,0,0,0,0,0,0,0,59,52,52,52,53,80167,-603938263,50361349,18168,0,61452,0,0,5734,1711279206,20736,1191345410,27977,31009,33,30976,17152,31744,2700,1093,402757984,11360,32,1,47882,18688,0,0,0,0,7,0,0,0,0,0,0,0,0,0,768,0,9216,42240,18,24576,0,0,0,0,0,0,0,0,0,0,0,0,0,0,0,23,8134,0,0,20000000,692100,35,15159,17,43520,19200,37633,36,20,39,Vaporeon
12-15,15:50:18,NINTEN,Ditto,Engineer,3,Route 11,3,54:00.73,54:00,0h54m0s,3,36,39,33,3:29,13.971,TRANSFORM,,,,61453,5757,27980,34,30976,50,52006,62991,7,3893,Vaporeon, ,Normal,Normal,36471,Ditto 2,Ditto,,00:53:46.76,00:54:00.73,03:29:07.07,33,3,0,54,0,73,TRANSFORM,,,,0,0,0,0,0,0,0,0,16,91,54,54,53,53,55,7404,9659,8478,7972,7972,11632,15,15,15,15,0,0,0,0,0,0,0,60,54,53,53,55,86767,-603937120,50365207,19767,0,61453,0,0,5757,1711279229,20736,1191345410,27980,31010,34,30976,17152,31744,2863,1219,402758057,11433,37,2,47883,18688,0,0,0,0,7,0,0,0,0,0,0,0,0,0,768,0,9216,42240,18,24576,0,0,0,0,0,0,0,0,0,0,0,0,0,0,0,26,9439,0,0,20000000,692100,35,15159,17,43520,19200,37633,36,20,39,Vaporeon
12-15,15:51:04,NINTEN,Ditto,Sailor,4,SS Anne,3,54:46.92,54:46,0h54m46s,3,36,39,33,3:32,11.29,TRANSFORM,,,,61454,5940,27997,35,30976,54,52010,62992,8,593,Vaporeon, ,Normal,Normal,37506,Ditto 2,Ditto,,00:54:35.64,00:54:46.93,03:32:08.40,33,3,0,54,46,93,TRANSFORM,,,,0,0,0,0,0,0,0,0,32,91,54,54,53,53,55,7504,9804,8683,8187,8187,11802,15,15,15,15,0,0,0,0,0,0,0,60,54,53,53,55,97660,-603930955,50368315,21387,0,61454,0,0,5940,1711279412,20736,1191345410,27997,31011,35,30976,17152,31744,3034,1340,402758116,11492,41,3,47883,18688,0,0,0,0,7,0,0,0,0,0,0,0,0,0,768,0,9216,42240,18,24576,0,0,0,0,0,0,0,0,0,0,0,0,0,0,0,29,10474,0,0,20000000,692100,35,15165,17,43520,19200,37633,36,20,39,Vaporeon
12-15,15:51:21,NINTEN,Ditto,Sailor,3,SS Anne,1,55:03.30,55:03,0h55m3s,3,36,39,33,3:33,6.433,TRANSFORM,,,,61455,5942,27998,36,30976,56,52012,62993,8,1103,Vaporeon, ,Normal,Normal,37942,Ditto 2,Ditto,,00:54:56.87,00:55:03.30,03:33:12.52,33,3,0,55,3,30,TRANSFORM,,,,0,0,0,0,0,0,0,0,68,91,54,54,53,53,55,7534,9869,8783,8232,8232,11842,15,15,15,15,0,0,0,0,0,0,0,60,54,53,53,55,101512,-603930385,50370249,22735,0,61455,0,0,5942,1711279414,20736,1191345410,27998,31012,36,30976,17152,31744,3087,1386,402758139,11515,43,3,47884,18688,0,0,0,0,7,0,0,0,0,1,0,0,0,0,768,0,9216,42240,18,24576,0,0,1,0,0,0,0,0,0,0,0,0,0,0,0,30,10910,0,0,20000000,692100,35,15165,17,43520,19200,37633,36,20,39,Vaporeon
12-15,15:51:39,NINTEN,Ditto,Sailor,6,SS Anne,3,55:21.89,55:21,0h55m21s,3,36,39,33,3:34,9.754,TRANSFORM,,,,61456,5953,27999,37,30976,59,52015,62993,8,1733,Vaporeon, ,Normal,Normal,38845,Ditto 2,Ditto,,00:55:12.14,00:55:21.89,03:34:25.54,33,3,0,55,21,89,TRANSFORM,,,,0,0,0,0,0,0,0,0,31,91,54,54,53,53,55,7624,9989,8993,8442,8442,12022,15,15,15,15,0,0,0,0,0,0,0,60,54,53,53,55,105894,-603929638,50372985,23634,0,61456,0,0,5953,1711279425,20736,1191345410,27999,31013,37,30976,17152,31744,3207,1503,402758196,11572,46,3,47884,18688,0,0,0,0,7,0,0,0,0,1,0,0,0,0,768,0,9216,42240,18,24576,0,0,1,0,0,0,0,0,0,0,0,0,0,0,0,33,11813,0,0,20000000,692100,35,15165,17,43520,19200,37633,36,20,39,Vaporeon
12-15,15:52:04,NINTEN,Ditto,Fisher,2,SS Anne,3,55:46.64,55:46,0h55m46s,3,36,39,34,3:36,12.669,TRANSFORM,,,,61457,5969,28001,38,30976,63,52019,62994,8,2243,Vaporeon, ,Normal,Normal,39964,Ditto 2,Ditto,,00:55:33.97,00:55:46.64,03:36:02.51,34,3,0,55,46,64,TRANSFORM,,,,0,0,0,0,0,0,0,0,35,94,56,56,55,55,57,7724,10139,9183,8657,8657,12217,15,15,15,15,0,0,0,0,0,0,0,63,56,55,55,57,111711,-603928593,50376393,24998,0,61457,0,0,5969,1711279441,20736,1191345410,28001,31014,38,30976,17152,31744,3378,1624,402758255,11631,50,3,47884,18688,0,0,0,0,7,0,0,0,0,1,0,0,0,0,768,0,9216,42240,18,24576,0,0,1,0,0,0,0,0,0,0,0,0,0,0,0,36,12932,0,0,20000000,692100,35,15165,17,43520,19200,37633,36,20,39,Vaporeon
12-15,15:52:19,NINTEN,Ditto,Sailor,7,SS Anne,1,56:01.49,56:01,0h56m1s,3,36,39,34,3:37,6.579,TRANSFORM,,,,61458,5973,28001,39,30976,65,52021,62995,8,2838,Vaporeon, ,Normal,Normal,40340,Ditto 2,Ditto,,00:55:54.92,00:56:01.50,03:37:01.13,34,3,0,56,1,50,TRANSFORM,,,,0,0,0,0,0,0,0,0,22,94,56,56,55,55,57,7794,10219,9233,8692,8692,12252,15,15,15,15,0,0,0,0,0,0,0,63,56,55,55,57,115213,-603928185,50378406,26079,0,61458,0,0,5973,1711279445,20736,1191345410,28001,31015,39,30976,17152,31744,3477,1685,402758308,11684,52,3,47885,18688,0,0,0,0,7,0,0,0,0,1,0,0,0,0,768,0,9216,42240,18,24576,0,0,1,0,0,0,0,0,0,0,0,0,0,0,0,37,13308,0,0,20000000,692100,35,15165,17,43520,19200,37633,36,20,39,Vaporeon
12-15,15:52:47,NINTEN,Ditto,Sailor,2,SS Anne,2,56:29.77,56:29,0h56m29s,3,36,39,34,3:38,7.29,TRANSFORM,,,,61459,6101,28012,40,30976,67,52023,62995,8,3438,Vaporeon, ,Normal,Normal,41041,Ditto 2,Ditto,,00:56:22.48,00:56:29.77,03:38:52.01,34,3,0,56,29,77,TRANSFORM,,,,0,0,0,0,0,0,0,0,35,94,56,56,55,55,57,7904,10339,9318,8827,8827,12357,15,15,15,15,0,0,0,0,0,0,0,63,56,55,55,57,121861,-603924982,50380541,27389,0,61459,0,0,6101,1711279573,20736,1191345410,28012,31016,40,30976,17152,31744,3654,1781,402758355,11731,54,3,47885,18688,0,0,0,0,8,0,0,0,0,1,0,0,0,0,768,0,9216,42240,18,24576,0,0,1,0,0,0,0,0,0,0,0,0,0,0,0,39,14009,0,0,20000000,692100,35,15165,17,43520,19200,37633,36,20,39,Vaporeon
12-15,15:53:03,NINTEN,Ditto,Sailor,1,SS Anne,2,56:45.95,56:45,0h56m45s,3,36,39,34,3:39,7.331,TRANSFORM,,,,61460,6108,28013,41,30976,69,52025,62995,8,3948,Vaporeon, ,Normal,Normal,41753,Ditto 2,Ditto,,00:56:38.63,00:56:45.96,03:39:55.38,34,3,0,56,45,96,TRANSFORM,,,,0,0,0,0,0,0,0,0,27,94,56,56,55,55,57,8004,10484,9468,8907,8907,12432,15,15,15,15,0,0,0,0,0,0,0,63,56,55,55,57,125678,-603924397,50382700,28462,0,61460,0,0,6108,1711279580,20736,1191345410,28013,31017,41,30976,17152,31744,3761,1878,402758403,11779,56,3,47885,18688,0,0,0,0,9,0,0,0,0,1,0,0,0,0,768,0,9216,42240,18,24576,0,0,1,0,0,0,0,0,0,0,0,0,0,0,0,41,14721,0,0,20000000,692100,35,15165,17,43520,19200,37633,36,20,39,Vaporeon
12-15,15:53:37,NINTEN,Ditto,Lass,11,SS Anne,2,57:19.62,57:19,0h57m19s,3,36,39,34,3:42,7.655,TRANSFORM,,,,61461,6231,28030,42,30976,71,52027,62996,8,4488,Vaporeon, ,Normal,Normal,42190,Ditto 2,Ditto,,00:57:11.97,00:57:19.63,03:42:07.30,34,3,0,57,19,63,TRANSFORM,,,,0,0,0,0,0,0,0,0,34,94,56,56,55,55,57,8099,10576,9560,8982,8982,12529,15,15,15,15,0,0,0,0,0,0,0,63,56,55,55,57,133590,-603919927,50384918,29686,0,61461,0,0,6231,1711279703,20736,1191345410,28030,31018,42,30976,17152,31744,3872,1973,402758456,11832,58,3,47886,18688,0,0,0,0,9,0,0,0,0,1,0,0,0,0,768,0,9216,42240,18,24576,0,0,1,0,0,0,0,0,0,0,0,0,0,0,0,43,15158,0,0,20000000,692100,35,15165,17,43520,19200,37633,36,20,39,Vaporeon
12-15,15:55:42,NINTEN,Ditto,Rival3-SS Anne,1,SS Anne,4,59:24.11,59:24,0h59m24s,4,36,40,35,3:48,43.343,TRANSFORM,,,,61462,6474,28042,43,30978,96,52052,63017,8,4758,Vaporeon, ,Normal,Normal,43908,Ditto 2,Ditto,Rival (SS Anne),00:58:40.77,00:59:24.12,03:48:15.15,35,4,0,59,24,12,TRANSFORM,,,,9,0,0,0,0,0,0,0,4,96,58,57,57,57,58,8397,10930,9860,9273,9273,12879,15,15,15,15,-2,-6,0,0,0,-3,0,27,4,19,19,34,155660,-603914088,50398125,32554,156,61462,1,0,6474,1711279946,20736,1191345410,28042,31021,43,30978,17152,31744,4215,2261,402758603,11979,74,16,47902,18688,0,0,0,0,10,0,1,0,0,1,0,0,0,0,768,0,9216,42240,18,24576,0,0,1,0,0,0,0,0,0,0,0,0,0,0,0,49,16876,0,0,20000000,692100,35,15165,17,43520,19200,37633,36,20,40,Vaporeon
12-15,15:56:53,NINTEN,Ditto,Surge,1,Vermilion City - Gym,1,1:00:35.74,1:00:35,1h0m35s,4,36,40,35,3:52,9.283,TRANSFORM,,,,61463,6729,28076,44,30978,100,52056,63020,9,458,Vaporeon, ,Normal,Normal,44640,Ditto 2,Ditto,Lt. Surge,01:00:26.48,01:00:35.76,03:52:58.31,35,4,1,0,35,76,TRANSFORM,,,,9,0,0,0,0,0,0,0,67,96,58,57,57,57,58,8457,11020,9915,9363,9363,12979,15,15,15,15,0,0,0,0,0,0,0,60,40,59,59,65,172656,-603902574,50400878,35283,156,61463,1,0,6729,1711280201,20736,1191345410,28076,31022,44,30978,17152,31744,4307,2337,402758632,12008,76,18,47904,18688,0,0,0,0,10,0,1,0,0,1,0,0,0,0,768,0,9216,42240,18,24576,0,0,1,0,0,0,0,0,0,0,0,0,0,0,0,50,17608,0,0,20000000,692100,35,15173,17,43520,19200,37634,36,20,40,Vaporeon
12-15,15:59:30,NINTEN,Ditto,Wrapping Lass,5,Route 9,4,1:03:12.38,1:03:12,1h3m12s,4,36,40,35,4:03,12.869,TRANSFORM,,,,61464,7351,28147,45,30988,114,52070,63030,11,180,Vaporeon, ,Normal,Normal,45888,Ditto 2,Ditto,RTG1 - Wrapping Lass,01:02:59.52,01:03:12.39,04:03:14.45,35,4,1,3,12,39,TRANSFORM,,,,0,0,0,0,0,0,0,0,2,96,58,57,57,57,58,8647,11270,10095,9653,9653,13119,15,15,15,15,0,0,0,0,0,0,0,65,64,57,57,58,209630,-603882980,50415399,38142,156,61464,1,0,7351,1711280823,20736,1191345410,28147,31033,45,30988,17162,31744,4570,2527,402758769,12145,80,20,47912,18688,0,0,0,0,10,0,3,0,0,1,0,0,0,0,768,0,9216,42240,18,24576,0,0,1,0,0,0,0,0,0,0,0,0,0,0,0,54,18856,0,0,20000000,692100,35,15186,18,43520,19200,37634,36,20,40,Vaporeon
12-15,15:59:53,NINTEN,Ditto,Youngster,14,Route 9,1,1:03:35.13,1:03:35,1h3m35s,4,36,40,35,4:04,6.319,TRANSFORM,,,,61465,7395,28152,46,30988,116,52072,63031,12,540,Vaporeon, ,Normal,Normal,46365,Ditto 2,Ditto,,01:03:28.82,01:03:35.14,04:04:44.18,35,4,1,3,35,14,TRANSFORM,,,,0,0,0,0,0,0,0,0,62,96,58,57,57,57,58,8697,11345,10180,9683,9683,13159,15,15,15,15,0,0,0,0,0,-1,0,73,72,57,57,58,215003,-603881493,50417404,40023,156,61465,1,0,7395,1711280867,20736,1191345410,28152,31034,46,30988,17162,31744,4655,2588,402758799,12175,82,20,47913,18688,0,0,0,0,11,0,3,0,0,1,0,0,0,0,768,0,9216,42240,18,24576,0,0,1,0,0,0,0,0,0,0,0,0,0,0,0,55,19333,0,0,20000000,692100,36,15186,18,43520,19200,37634,36,20,40,Vaporeon
12-15,16:00:09,NINTEN,Ditto,Bug Catcher,13,Route 9,2,1:03:51.27,1:03:51,1h3m51s,4,36,40,36,4:05,8.396,TRANSFORM,,,,61466,7406,28156,47,30988,118,52074,63031,12,900,Vaporeon, ,Normal,Normal,47657,Ditto 2,Ditto,,01:03:42.88,01:03:51.27,04:05:47.49,36,4,1,3,51,27,TRANSFORM,,,,0,0,0,0,0,0,0,0,29,99,59,59,59,59,60,8827,11505,10260,9773,9773,13309,15,15,15,15,0,0,0,0,0,0,0,66,66,59,59,60,218814,-603881050,50419900,40895,156,61466,1,0,7406,1711280878,20736,1191345410,28156,31035,47,30988,17162,31744,4778,2700,402758855,12231,84,20,47913,18688,0,0,0,0,11,0,3,0,0,1,0,0,0,0,768,0,9216,42240,18,24576,0,0,1,0,0,0,0,0,0,0,0,0,0,0,0,57,20625,0,0,20000000,692100,36,15186,18,43520,19200,37634,36,20,40,Vaporeon
12-15,16:00:36,NINTEN,Ditto,Bug Catcher,14,Route 9,3,1:04:18.67,1:04:18,1h4m18s,4,36,40,36,4:07,13.756,TRANSFORM,,,,61467,7438,28158,48,30988,123,52078,63033,12,1090,Vaporeon, ,Normal,Normal,48426,Ditto 2,Ditto,,01:04:04.93,01:04:18.68,04:07:35.52,36,4,1,4,18,68,TRANSFORM,,,,0,0,0,0,0,0,0,0,3,99,59,59,59,59,60,8972,11625,10375,9853,9853,13449,15,15,15,15,0,0,0,0,0,0,0,66,66,59,59,60,225297,-603880110,50423713,42625,156,61467,1,0,7438,1711280910,20736,1191345410,28158,31036,48,30988,17162,31744,5019,2857,402758951,12327,88,21,47914,18688,0,0,0,0,11,0,3,0,0,2,0,0,0,0,768,0,9216,42240,18,24576,0,0,3,1,0,0,0,0,0,0,0,0,0,0,0,60,21394,0,0,20000000,692100,36,15186,18,43520,19200,37634,36,20,40,Vaporeon
12-15,16:00:52,NINTEN,Ditto,Jr Trainer F,6,Route 9,1,1:04:34.93,1:04:34,1h4m34s,4,36,40,36,4:08,4.463,TRANSFORM,,,,61468,7468,28163,49,30988,124,52079,63033,12,1290,Vaporeon, ,Normal,Normal,48765,Ditto 2,Ditto,,01:04:30.48,01:04:34.94,04:08:39.48,36,4,1,4,34,94,TRANSFORM,,,,0,0,0,0,0,0,0,0,72,99,59,59,59,59,60,9012,11670,10410,9893,9893,13539,15,15,15,15,0,0,0,0,0,0,0,66,66,59,59,60,229133,-603879249,50425270,44043,156,61468,1,0,7468,1711280940,20736,1191345410,28163,31037,49,30988,17162,31744,5086,2912,402758978,12354,89,21,47914,18688,0,0,0,0,11,0,3,0,0,2,0,0,0,0,768,0,9216,42240,18,24576,0,0,3,1,0,0,0,0,0,0,0,0,0,0,0,61,21733,0,0,20000000,692100,36,15186,18,43520,19200,37634,36,20,40,Vaporeon
12-15,16:01:17,NINTEN,Ditto,Jr Trainer F,7,Route 10,2,1:04:59.68,1:04:59,1h4m59s,4,36,40,36,4:10,8.986,TRANSFORM,,,,61469,7522,28167,50,30988,127,52082,63034,12,1750,Vaporeon, ,Normal,Normal,49381,Ditto 2,Ditto,,01:04:50.71,01:04:59.69,04:10:17.14,36,4,1,4,59,69,TRANSFORM,,,,0,0,0,0,0,0,0,0,23,99,59,59,59,59,60,9197,11760,10478,9978,9978,13594,15,15,15,15,-1,0,0,0,0,0,0,42,74,59,59,60,234979,-603877610,50427924,45596,156,61469,1,0,7522,1711280994,20736,1191345410,28167,31038,50,30988,17162,31744,5270,3052,402759047,12423,92,21,47915,18688,0,0,0,0,11,0,3,0,0,2,0,0,0,0,768,0,9216,42240,18,24576,0,0,3,1,0,0,0,0,0,0,0,0,0,0,0,63,22349,0,0,20000000,692100,37,15186,18,43520,19200,37634,36,20,40,Vaporeon
12-15,16:01:46,NINTEN,Ditto,Slowbone,7,Rock Tunnel - 1,2,1:05:28.52,1:05:28,1h5m28s,4,36,40,36,4:12,10.78,TRANSFORM,,,,61470,7550,28168,51,30988,131,52086,63036,12,2150,Vaporeon, ,Normal,Normal,50295,Ditto 2,Ditto,,01:05:17.75,01:05:28.53,04:12:10.54,36,4,1,5,28,53,TRANSFORM,,,,0,0,0,0,0,0,0,0,25,99,59,59,59,59,60,9337,11875,10638,10058,10058,13644,15,15,15,15,0,-1,0,0,0,0,0,74,42,59,59,60,241799,-603876717,50430904,48543,156,61470,1,0,7550,1711281021,20737,1191345410,28168,31039,51,30988,17162,31744,5446,3189,402759115,12491,96,22,47917,18688,0,0,0,0,12,0,3,0,0,2,0,0,0,0,768,0,9216,42240,18,24576,0,0,3,1,0,0,0,0,0,0,0,0,0,0,0,65,23263,0,0,20000000,692100,37,15186,18,43520,19200,37634,36,20,40,Vaporeon
12-15,16:02:06,NINTEN,Ditto,Pokemaniac,5,Rock Tunnel,1,1:05:48.54,1:05:48,1h5m48s,4,36,40,37,4:13,8.619,TRANSFORM,,,,61471,7587,28172,52,30988,134,52089,63038,12,3300,Vaporeon, ,Normal,Normal,50824,Ditto 2,Ditto,,01:05:39.92,01:05:48.54,04:13:29.38,37,4,1,5,48,54,TRANSFORM,,,,0,0,0,0,0,0,0,0,48,102,61,61,60,60,62,9427,11940,10703,10098,10098,13659,15,15,15,15,0,0,0,0,0,0,0,68,68,60,60,62,246523,-603875925,50433336,50043,156,61471,1,0,7587,1711281021,20774,1191345410,28172,31040,52,30988,17162,31744,5554,3273,402759165,12541,99,23,47918,18688,0,0,0,0,12,0,3,0,0,2,0,0,0,0,768,0,9216,42240,18,24576,0,0,3,1,0,0,0,0,0,0,0,0,0,0,0,66,23792,0,0,20000000,692100,37,15186,18,43520,19200,37634,36,20,40,Vaporeon
12-15,16:02:27,NINTEN,Ditto,Status-Condition-Jr-Trainer,10,Rock Tunnel,2,1:06:09.34,1:06:09,1h6m9s,4,36,40,37,4:14,10.895,TRANSFORM,,,,61472,7603,28174,53,30988,138,52093,63040,12,4550,Vaporeon,Poisoned,Normal,Normal,51492,Ditto 2,Ditto,RTG4 - Status Jr Trainer,01:05:58.45,01:06:09.34,04:14:51.46,37,4,1,6,9,34,TRANSFORM,,,,0,0,0,0,0,0,0,0,38,102,61,61,60,60,62,9517,12039,10807,10238,10238,13734,15,15,15,15,0,0,0,0,0,0,0,68,68,60,60,62,251451,-603875322,50436318,51386,156,61472,1,0,7603,1711281021,20790,1191345410,28174,31041,53,30988,17162,31744,5792,3383,402759225,12601,103,24,47919,18688,0,0,0,0,13,0,3,0,0,2,0,0,0,0,768,0,9216,42241,18,24576,0,0,3,1,0,0,0,0,0,0,0,0,0,0,0,68,24460,0,0,20000000,692100,37,15186,18,43520,19200,37634,36,20,40,Vaporeon
12-15,16:02:48,NINTEN,Ditto,Pokemaniac,4,Rock Tunnel,2,1:06:30.99,1:06:30,1h6m30s,4,36,40,37,4:16,8.71,TRANSFORM,,,,61473,7614,28176,54,30988,141,52096,63041,12,4990,Vaporeon, ,Normal,Normal,52207,Ditto 2,Ditto,,01:06:22.28,01:06:30.99,04:16:16.51,37,4,1,6,30,99,TRANSFORM,,,,0,0,0,0,0,0,0,0,48,102,61,61,60,60,62,9606,12141,10945,10328,10328,13834,15,15,15,15,0,0,0,0,0,0,0,68,68,60,60,62,256556,-603874846,50438766,53567,156,61473,1,0,7614,1711281021,20801,1191345410,28176,31042,54,30988,17162,31744,5910,3492,402759279,12655,106,25,47919,18688,0,0,0,0,13,0,3,0,0,2,0,0,0,0,768,0,9216,42241,18,24576,0,0,3,1,0,0,0,0,0,0,0,0,0,0,0,70,25175,0,0,20000000,692100,37,15186,18,43520,19200,37634,36,20,40,Vaporeon
12-15,16:03:22,NINTEN,Ditto,Jr Trainer F,9,Rock Tunnel,3,1:07:04.61,1:07:04,1h7m4s,4,36,40,37,4:18,10.031,TRANSFORM,,,,61474,7719,28192,55,30988,144,52099,63041,12,6090,Vaporeon, ,Normal,Normal,53106,Ditto 2,Ditto,,01:06:54.58,01:07:04.62,04:18:29.41,37,4,1,7,4,62,TRANSFORM,,,,0,0,0,0,0,0,0,0,7,102,61,61,60,60,62,9801,12276,11040,10428,10428,14000,15,15,15,15,0,0,0,0,0,0,0,68,68,60,60,62,264526,-603871821,50441525,55753,156,61474,1,0,7719,1711281021,20906,1191345410,28192,31043,55,30988,17162,31744,6179,3676,402759370,12746,109,25,47919,18688,0,0,0,0,14,0,3,0,0,2,0,0,0,0,768,0,9216,42241,18,24576,0,0,3,1,0,0,0,0,0,0,0,0,0,0,0,73,26074,0,0,20000000,692100,37,15186,18,43520,19200,37634,36,20,40,Vaporeon
12-15,16:03:54,NINTEN,Ditto,Selfdestructing Hiker,9,Rock Tunnel,3,1:07:36.77,1:07:36,1h7m36s,4,36,40,37,4:20,15.272,TRANSFORM,,,,61476,7725,28192,56,30988,151,52103,63048,12,6510,Vaporeon, ,Normal,Normal,54483,Ditto 2,Ditto,,01:07:21.51,01:07:36.78,04:20:36.39,37,4,1,7,36,78,TRANSFORM,,,,9,0,0,0,0,0,0,0,74,102,61,61,60,60,62,9936,12531,11355,10533,10533,14075,15,15,15,15,0,3,0,0,0,0,0,58,140,20,20,16,272144,-603871198,50445556,58717,156,61476,1,0,7725,1711281021,20912,1191345410,28192,31044,56,30988,17162,31744,6179,3676,402759398,12774,109,26,47924,18688,0,0,0,0,14,0,3,0,0,2,0,0,0,0,768,0,9216,42241,18,24576,0,0,3,1,0,0,0,0,0,0,0,0,0,0,0,76,27451,0,0,20000000,692100,37,15186,18,43520,19200,37634,36,20,40,Vaporeon
12-15,16:04:32,NINTEN,Ditto,Finisher,18,Rock Tunnel - 1,3,1:08:14.29,1:08:14,1h8m14s,4,36,40,38,4:23,14.538,TRANSFORM,,,,61477,7784,28208,57,30989,157,52109,63052,11,7245,Vaporeon, ,Normal,Normal,55346,Ditto 2,Ditto,RTG6 - Finisher,01:07:59.76,01:08:14.30,04:23:04.37,38,4,1,8,14,30,TRANSFORM,,,,8,0,0,0,0,0,0,0,62,105,63,62,62,62,64,10061,12671,11485,10683,10683,14251,15,15,15,15,0,0,0,0,0,-1,0,32,27,24,24,44,281022,-603869098,50450067,60984,156,61477,1,0,7784,1711281021,20971,1191345410,28208,31046,57,30989,17163,31744,6417,3825,402759441,12817,114,26,47928,18688,0,0,0,0,15,0,3,0,0,2,0,0,0,0,768,0,9216,42241,18,24576,0,0,3,1,0,0,0,0,0,0,0,0,0,0,0,79,28314,0,0,20000000,692100,37,15186,18,43520,19200,37634,36,20,40,Vaporeon
12-15,16:05:09,NINTEN,Ditto,Gambler,7,Route 8,2,1:08:51.96,1:08:51,1h8m51s,4,36,40,38,4:25,11.19,TRANSFORM,,,,61478,7978,28232,58,30989,162,52114,63056,13,7645,Vaporeon, ,Normal,Normal,56138,Ditto 2,Ditto,,01:08:40.77,01:08:51.96,04:25:33.19,38,4,1,8,51,96,TRANSFORM,,,,7,0,0,0,0,0,0,0,50,105,63,62,62,62,64,10154,12782,11570,10798,10798,14376,15,15,15,15,0,-2,0,0,0,0,0,52,16,32,32,37,289944,-603864839,50453177,62537,156,61478,1,0,7978,1711281057,21129,1191345410,28232,31047,58,30989,17163,31744,6551,3945,402759453,12829,118,26,47931,18688,0,0,0,0,15,0,3,0,0,2,0,0,0,0,768,0,9216,42241,18,24576,0,0,3,1,0,0,0,0,0,0,0,0,0,0,0,81,29106,0,0,20000000,692100,38,15186,18,43520,19200,37634,36,20,40,Vaporeon
12-15,16:05:58,NINTEN,Ditto,Rocket,7,Celadon City - Game Corner,2,1:09:40.21,1:09:40,1h9m40s,4,36,40,38,4:28,10.188,TRANSFORM,,,,61478,8202,28249,59,30989,166,52118,63059,12,9325,Vaporeon, ,Normal,Normal,56865,Ditto 2,Ditto,,01:09:30.03,01:09:40.22,04:28:43.45,38,4,1,9,40,22,TRANSFORM,,,,9,0,0,0,0,0,0,0,63,105,63,62,62,62,64,10249,12908,11665,10888,10888,14528,15,15,15,15,0,0,0,0,0,0,0,41,32,28,28,47,301370,-603856336,50456100,62537,156,61478,1,0,8202,1711281223,21187,1191345410,28249,31048,59,30989,17163,31744,6805,4049,402759495,12871,121,27,47933,18688,0,0,0,0,16,0,4,0,0,2,0,0,0,0,768,0,9216,42241,18,24576,0,0,3,1,0,0,0,0,0,0,0,0,0,0,0,83,29833,0,0,20000000,692100,40,15186,18,43520,19200,37634,36,20,40,Vaporeon
12-15,16:06:26,NINTEN,Ditto,Rocket,9,Rocket Hideout 1,2,1:10:08.18,1:10:08,1h10m8s,4,36,40,38,4:30,11.931,TRANSFORM,,,,61479,8248,28253,60,30989,171,52123,63063,13,9925,Vaporeon, ,Normal,Normal,57909,Ditto 2,Ditto,,01:09:56.25,01:10:08.19,04:30:34.03,38,4,1,10,8,19,TRANSFORM,,,,8,0,0,0,0,0,0,0,65,105,63,62,62,62,64,10359,13070,11785,10988,10988,14722,15,15,15,15,0,-1,0,0,0,0,0,47,23,29,29,49,307988,-603854419,50459420,63918,156,61479,1,0,8248,1711281269,21187,1191345410,28253,31049,60,30989,17163,31744,7064,4163,402759533,12909,125,27,47937,18688,0,0,0,0,17,0,5,0,0,2,0,0,0,0,768,0,9216,42241,18,24576,0,0,3,1,0,0,0,0,0,0,0,0,0,0,0,85,30877,0,0,20000000,692100,41,15186,18,43520,19200,37634,36,20,40,Vaporeon
12-15,16:07:13,NINTEN,Ditto,Rocket,15,Rocket Hideout 3,2,1:10:55.58,1:10:55,1h10m55s,4,36,40,38,4:33,14.241,TRANSFORM,,,,61480,8420,28270,61,30989,177,52128,63068,14,10555,Vaporeon, ,Normal,Normal,58701,Ditto 2,Ditto,,01:10:41.34,01:10:55.59,04:33:41.40,38,4,1,10,55,59,TRANSFORM,,,,7,0,0,0,0,0,0,0,35,105,63,62,62,62,64,10499,13230,11885,11058,11058,14792,15,15,15,15,0,0,0,0,0,0,0,42,29,23,23,23,319245,-603848139,50463285,65030,156,61480,1,0,8420,1711281441,21187,1191345410,28270,31050,61,30989,17163,31744,7240,4289,402759603,12979,129,28,47941,18688,0,0,0,0,19,0,6,0,0,2,0,0,0,0,768,0,9216,42241,18,24576,0,0,3,1,0,0,0,0,0,0,0,0,0,0,0,87,31669,0,0,20000000,692100,43,15186,18,43520,19200,37634,36,20,40,Vaporeon
12-15,16:12:10,NINTEN,Ditto,Lass,17,Celadon City - Gym,2,1:15:53.08,1:15:53,1h15m53s,4,36,40,39,4:53,9.595,TRANSFORM,,,,61481,8927,28309,62,30997,188,52138,63077,15,35,Vaporeon, ,Normal,Normal,59859,Ditto 2,Ditto,,01:15:43.49,01:15:53.09,04:53:18.27,39,4,1,15,53,9,TRANSFORM,,,,0,0,0,0,0,0,0,0,48,109,65,64,64,64,65,13174,13395,11970,11213,11213,14887,15,15,15,15,0,0,0,0,0,0,0,73,72,64,64,65,389852,-603799369,50476012,74140,156,61481,1,0,8927,1711281948,21187,1191345410,28309,31059,62,30997,17168,31744,7420,4414,402759710,13086,132,30,47946,18688,0,0,0,0,19,0,6,0,0,2,0,0,0,0,768,0,9216,42241,18,24576,0,0,3,1,0,0,0,0,0,0,0,0,0,0,0,89,32827,0,0,20000000,692100,45,15305,29,43522,19201,37635,36,20,40,Vaporeon
12-15,16:12:27,NINTEN,Ditto,Beauty,2,Celadon City - Gym,2,1:16:09.80,1:16:09,1h16m9s,4,36,40,39,4:54,7.206,TRANSFORM,,,,61482,8934,28312,63,30997,190,52140,63077,14,380,Vaporeon, ,Normal,Normal,60723,Ditto 2,Ditto,,01:16:02.60,01:16:09.81,04:54:23.58,39,4,1,16,9,81,TRANSFORM,,,,0,0,0,0,0,0,0,0,48,109,65,64,64,64,65,13274,13545,12040,11353,11353,14967,15,15,15,15,0,0,0,0,0,0,0,73,72,64,64,65,393783,-603798942,50478200,75456,156,61482,1,0,8934,1711281955,21187,1191345410,28312,31060,63,30997,17168,31744,7566,4536,402759770,13146,134,30,47946,18688,0,0,0,0,19,0,6,0,0,2,0,0,0,0,768,0,9216,42241,18,24576,0,0,3,1,0,0,0,0,0,0,0,0,0,0,0,91,33691,0,0,20000000,692100,45,15305,29,43522,19201,37635,36,20,40,Vaporeon
12-15,16:13:02,NINTEN,Ditto,Beauty,3,Celadon City - Gym,1,1:16:45.05,1:16:45,1h16m45s,4,36,40,39,4:56,20.53,TRANSFORM,,,,61483,8938,28314,64,30997,199,52143,63085,14,2060,Vaporeon, ,Normal,Normal,61269,Ditto 2,Ditto,,01:16:24.53,01:16:45.06,04:56:43.34,39,4,1,16,45,6,TRANSFORM,,,,0,0,0,0,0,0,0,0,35,109,65,64,64,64,65,13334,13585,12120,11413,11413,15007,15,15,15,15,0,0,0,0,0,0,0,73,72,64,64,65,402159,-603798511,50483575,78026,156,61483,1,0,8938,1711281959,21187,1191345410,28314,31061,64,30997,17168,31744,7637,4607,402759833,13209,137,32,47952,18688,0,0,0,0,19,0,6,0,0,2,0,0,0,0,768,0,9216,42241,18,24576,0,0,3,1,0,0,0,0,0,0,5,0,0,0,0,92,34237,0,0,20000000,692100,45,15305,29,43522,19201,37635,36,20,40,Vaporeon
12-15,16:13:23,NINTEN,Ditto,Jr Trainer F,11,Celadon City - Gym,2,1:17:05.64,1:17:05,1h17m5s,4,36,40,39,4:58,8.911,TRANSFORM,,,,61484,8954,28316,65,30997,202,52146,63086,14,3880,Vaporeon, ,Normal,Normal,62321,Ditto 2,Ditto,,01:16:56.73,01:17:05.64,04:58:04.25,39,4,1,17,5,64,TRANSFORM,,,,0,0,0,0,0,0,0,0,47,109,65,64,64,64,65,13439,13696,12232,11558,11558,15112,15,15,15,15,0,0,0,0,0,0,0,73,72,64,64,65,407010,-603797904,50486173,79672,156,61484,1,0,8954,1711281975,21187,1191345410,28316,31062,65,30997,17168,31744,7788,4732,402759895,13271,140,32,47953,18688,0,0,0,0,19,0,6,0,0,2,0,0,0,0,768,0,9216,42241,18,24576,0,0,3,1,0,0,0,0,0,0,5,0,0,0,0,94,35289,0,0,20000000,692100,45,15305,29,43522,19201,37635,36,20,40,Vaporeon
12-15,16:13:47,NINTEN,Ditto,Lass,18,Celadon City - Gym,2,1:17:29.92,1:17:29,1h17m29s,4,36,40,39,4:59,14.37,TRANSFORM,,,,61485,8956,28317,66,30997,208,52150,63091,14,4360,Vaporeon,Paralyzed,Normal,Normal,63354,Ditto 2,Ditto,,01:17:15.56,01:17:29.94,04:59:40.15,39,4,1,17,29,94,TRANSFORM,,,,0,0,0,0,0,0,0,0,16,109,65,64,64,64,65,13544,13811,12357,11718,11718,15182,15,15,15,15,0,0,0,0,0,0,0,73,72,64,64,16,412760,-603797465,50490089,81067,156,61485,1,0,8956,1711281977,21187,1191345410,28317,31063,66,30997,17168,31744,8032,4861,402759976,13352,144,33,47957,18688,0,0,0,0,20,0,6,0,0,2,0,1,0,0,768,0,9216,42241,18,24576,0,0,3,1,3,2,0,0,0,0,5,0,0,0,0,96,36322,0,0,20000000,692100,45,15305,29,43522,19201,37635,36,20,40,Vaporeon
12-15,16:17:14,NINTEN,Ditto,Rival4-Pkmn Tower,4,Pokemon Tower - 2F,5,1:20:56.91,1:20:56,1h20m56s,4,37,41,40,5:13,30.781,TRANSFORM,,,,61487,9152,28337,68,31000,275,52222,63149,14,2352,Vaporeon, ,Normal,Normal,67965,Ditto 2,Ditto,Rival (Pokemon Tower),01:20:26.14,01:20:56.92,05:13:17.14,40,4,1,20,56,92,TRANSFORM,,,,9,0,0,8,0,0,0,0,44,112,67,66,66,66,67,14000,14394,12932,12420,12420,15915,15,15,15,15,-1,0,0,0,0,0,0,39,46,39,39,59,461779,-603788375,50524176,86909,156,61487,1,0,9152,1711282173,21187,1191345410,28337,31068,68,31000,17168,31744,8973,5511,402760411,13720,183,66,48003,18688,0,0,0,0,25,0,9,0,0,2,0,1,0,0,768,0,9216,42241,18,24576,0,0,3,1,3,2,0,0,0,0,5,0,0,0,3,108,40933,0,0,20000000,692100,45,15305,29,43522,19201,37635,37,20,41,Vaporeon
12-15,16:17:52,NINTEN,Ditto,Agatha Jr,10,Pokemon Tower - 4F,2,1:21:34.98,1:21:34,1h21m34s,4,37,41,40,5:15,16.44,TRANSFORM,,,,61488,9201,28340,69,31000,282,52228,63156,14,3977,Vaporeon, ,Normal,Normal,68901,Ditto 2,Ditto,,01:21:18.55,01:21:34.99,05:15:47.37,40,4,1,21,34,99,TRANSFORM,,,,8,0,0,8,0,0,0,0,16,112,67,66,66,66,67,14060,14464,12992,12620,12620,16075,15,15,15,15,0,0,0,0,0,0,0,25,22,54,54,45,470802,-603786239,50528525,89447,156,61488,1,0,9201,1711282222,21187,1191345410,28340,31069,69,31000,17168,31744,9084,5611,402760507,13816,187,69,48010,18688,0,0,0,0,25,0,9,0,0,3,0,1,0,0,768,0,9216,42241,18,24576,0,0,6,2,3,2,0,0,0,0,5,0,0,0,3,110,41869,0,0,20000000,692100,45,15305,29,43522,19201,37635,37,20,41,Vaporeon
12-15,16:18:28,NINTEN,Ditto,Channeler,14,Pokemon Tower - 5F,1,1:22:10.88,1:22:10,1h22m10s,4,37,41,41,5:18,10.68,TRANSFORM,,,,61488,9262,28367,70,31000,286,52232,63160,15,4667,Vaporeon, ,Normal,Normal,69522,Ditto 2,Ditto,,01:22:00.21,01:22:10.89,05:18:09.24,41,4,1,22,10,89,TRANSFORM,,,,7,0,0,8,0,0,0,0,44,115,68,68,68,68,69,16665,14514,13037,12735,12735,16170,15,15,15,15,0,0,0,0,0,0,0,36,32,61,61,52,479309,-603782528,50531469,91299,156,61488,1,0,9262,1711282283,21187,1191345410,28367,31070,70,31000,17168,31744,9155,5668,402760578,13887,190,69,48014,18688,0,0,0,0,25,0,11,0,0,3,0,1,0,0,768,0,9216,42241,18,24576,0,0,6,2,3,2,0,0,0,0,5,0,0,0,3,111,42490,0,0,20000000,692100,49,15305,29,43522,19201,37635,37,20,41,Vaporeon
12-15,16:18:44,NINTEN,Ditto,Channeler,21,Pokemon Tower - 6F,1,1:22:26.51,1:22:26,1h22m26s,4,37,41,41,5:19,7.073,TRANSFORM,,,,61489,9276,28369,71,31000,289,52235,63162,15,5357,Vaporeon, ,Normal,Normal,70009,Ditto 2,Ditto,,01:22:19.44,01:22:26.51,05:19:10.53,41,4,1,22,26,51,TRANSFORM,,,,6,0,0,8,0,0,0,0,46,115,68,68,68,68,69,16695,14549,13067,12835,12835,16250,15,15,15,15,0,0,0,0,0,0,0,26,23,56,56,47,482998,-603781875,50533565,92239,156,61489,1,0,9276,1711282297,21187,1191345410,28369,31071,71,31000,17168,31744,9209,5720,402760626,13935,192,69,48016,18688,0,0,0,0,25,0,11,0,0,3,0,1,0,0,768,0,9216,42241,18,24576,0,0,6,2,3,2,0,0,0,0,5,0,0,0,3,112,42977,0,0,20000000,692100,49,15305,29,43522,19201,37635,37,20,41,Vaporeon
12-15,16:18:57,NINTEN,Ditto,Channeler,20,Pokemon Tower - 6F,1,1:22:39.40,1:22:39,1h22m39s,4,37,41,41,5:20,5.868,TRANSFORM,,,,61490,9285,28370,72,31000,291,52237,63163,15,6077,Vaporeon, ,Normal,Normal,70496,Ditto 2,Ditto,,01:22:33.54,01:22:39.41,05:20:01.40,41,4,1,22,39,41,TRANSFORM,,,,5,0,0,8,0,0,0,0,96,115,68,68,68,68,69,16725,14584,13097,12935,12935,16330,15,15,15,15,0,0,0,0,0,0,0,26,23,56,56,47,486045,-603781539,50535368,93147,156,61490,1,0,9285,1711282306,21187,1191345410,28370,31072,72,31000,17168,31744,9316,5772,402760626,13935,193,69,48017,18688,0,0,0,0,26,0,11,0,0,4,0,1,0,0,768,0,9216,42241,18,24576,0,0,7,2,3,2,0,0,0,0,5,0,0,0,3,113,43464,0,0,20000000,692100,49,15305,29,43522,19201,37635,37,20,41,Vaporeon
12-15,16:21:04,NINTEN,Ditto,Rocket,44,Pokemon Tower - 7F,3,1:24:46.97,1:24:46,1h24m46s,7,37,44,41,5:22,20.805,TRANSFORM,,,,61491,9310,28372,73,31001,300,52246,63169,14,6797,Vaporeon, ,Normal,Normal,72745,Ditto 2,Ditto,,01:24:26.16,01:24:46.97,05:22:46.36,41,7,1,24,46,97,TRANSFORM,,,,4,0,0,8,0,0,0,0,20,115,68,68,68,68,69,16890,14804,13321,13125,13125,16560,15,15,15,15,0,-3,0,0,0,0,0,42,12,30,30,57,495946,-603779697,50542513,93904,313,61491,2,0,9310,1711282331,21187,1191345410,28372,31074,73,31001,17168,31744,9590,5983,402760721,14030,201,69,48022,18688,0,0,0,0,28,0,11,0,0,4,0,1,0,0,768,0,9216,42241,18,24576,0,0,7,2,3,2,0,0,0,0,5,0,0,0,3,116,45713,0,0,20000000,692100,50,15305,29,43522,19201,37635,37,20,44,Vaporeon
12-15,16:37:14,NINTEN,Ditto,Rocket,27,Silph Co - 4F,3,1:39:10.45,1:39:10,1h39m10s,8,49,57,43,6:18,14.674,TRANSFORM,,,,11777,597,42,1,9,14,14,11,14,0,Vaporeon,Poisoned,Normal,Normal,82205,Ditto 2,Ditto,,01:38:55.78,01:39:10.46,06:18:55.49,43,8,1,39,10,46,TRANSFORM,,,,0,0,0,0,0,0,0,1,12,121,72,71,71,71,73,17945,16339,14225,13987,13987,18305,15,15,15,15,0,-1,0,0,0,0,0,91,51,71,71,73,594875,-2063541828,654324247,1375755892,0,11777,0,0,597,13653,0,0,42,10,1,9,9,0,269,196,136,3208,5637,1,10,0,0,0,0,0,0,0,0,0,0,0,0,0,0,0,0,0,0,1,0,0,0,0,0,0,0,0,0,0,0,0,0,0,0,0,0,3,1218,0,800,4000000,0,0,0,0,0,0,0,49,20,57,Vaporeon
12-15,16:37:38,NINTEN,Ditto,Rocket,26,Silph Co - 4F,2,1:39:35.28,1:39:35,1h39m35s,8,49,57,43,6:20,11.016,TRANSFORM,,,,11778,629,48,2,9,18,18,13,14,840,Vaporeon, ,Normal,Normal,83384,Ditto 2,Ditto,,01:39:24.28,01:39:35.30,06:20:33.31,43,8,1,39,35,30,TRANSFORM,,,,0,0,0,0,0,0,0,1,12,121,72,71,71,71,73,18075,16467,14320,14112,14112,18382,15,15,15,15,0,0,0,0,0,0,0,81,79,71,71,73,600737,-2063540825,654327274,1375757724,0,11778,0,0,629,13685,0,0,48,11,2,9,9,0,506,358,236,3308,5641,1,12,0,0,0,0,0,0,0,0,0,0,0,0,0,0,0,0,0,0,1,0,0,0,0,0,0,0,0,0,0,0,0,0,0,0,0,0,5,2397,0,800,4000000,0,0,0,0,0,0,0,49,20,57,Vaporeon
12-15,16:38:03,NINTEN,Ditto,Juggler,1,Silph Co - 5F,2,1:39:59.85,1:39:59,1h39m59s,8,49,57,43,6:22,9.582,TRANSFORM,,,,11778,686,52,3,9,21,21,14,14,1710,Vaporeon, ,Normal,Normal,85128,Ditto 2,Ditto,,01:39:50.27,01:39:59.85,06:22:09.45,43,8,1,39,59,85,TRANSFORM,,,,0,0,0,0,0,0,0,1,26,121,72,71,71,71,73,18155,16547,14415,14332,14332,18577,15,15,15,15,0,0,0,0,0,0,0,81,79,71,71,73,606511,-2063538718,654329942,1375758723,0,11778,0,0,686,13742,0,0,52,12,3,9,9,0,678,490,322,3394,5644,1,13,0,0,0,0,0,0,0,0,0,0,0,0,0,0,0,0,0,0,1,0,0,0,0,0,0,0,0,0,0,0,0,0,0,0,0,0,7,4141,0,800,4000000,0,0,0,0,0,0,0,49,20,57,Vaporeon
12-15,16:38:24,NINTEN,Ditto,Rocket,30,Silph Co - 6F,2,1:40:20.93,1:40:20,1h40m20s,8,49,57,44,6:23,11.468,TRANSFORM,,,,11779,704,54,4,9,25,25,16,14,2725,Vaporeon, ,Normal,Normal,86580,Ditto 2,Ditto,,01:40:09.47,01:40:20.94,06:23:32.29,44,8,1,40,20,94,TRANSFORM,,,,0,0,0,0,0,0,0,1,36,123,74,73,73,73,75,18305,16727,14535,14417,14417,18657,15,15,15,15,0,-1,0,0,0,0,0,93,54,73,73,75,611475,-2063537999,654333066,1375759844,0,11779,0,0,704,13760,0,0,54,13,4,9,9,0,901,664,409,3481,5648,2,14,0,0,0,0,0,0,0,0,0,0,0,0,0,0,0,0,0,0,1,0,0,0,0,0,0,0,0,0,0,0,0,0,0,0,0,0,9,5593,0,800,4000000,0,0,0,0,0,0,0,49,20,57,Vaporeon
12-15,16:38:50,NINTEN,Ditto,Rocket,28,Silph Co - 5F,1,1:40:46.97,1:40:46,1h40m46s,8,49,57,44,6:25,8.342,TRANSFORM,,,,11780,786,55,5,9,28,28,18,14,3595,Vaporeon, ,Normal,Normal,87619,Ditto 2,Ditto,,01:40:38.63,01:40:46.97,06:25:14.56,44,8,1,40,46,97,TRANSFORM,,,,0,0,0,0,0,0,0,1,60,123,74,73,73,73,75,18365,16812,14604,14482,14482,18737,15,15,15,15,0,0,0,0,0,0,0,83,82,73,73,75,617622,-2063535351,654335449,1375760960,0,11780,0,0,786,13842,0,0,55,14,5,9,9,0,1024,751,472,3544,5651,2,16,0,0,0,0,0,0,0,0,0,0,0,0,0,0,0,0,0,0,1,0,0,0,0,0,0,0,0,0,0,0,0,0,0,0,0,0,10,6632,0,800,4000000,0,1,0,0,0,0,0,49,20,57,Vaporeon
12-15,16:39:25,NINTEN,Ditto,Scientist,8,Silph Co - 7F,2,1:41:21.99,1:41:21,1h41m21s,8,49,57,44,6:27,12.879,TRANSFORM,,,,11781,897,63,6,9,33,33,22,16,4585,Vaporeon, ,Normal,Normal,89525,Ditto 2,Ditto,,01:41:09.12,01:41:22.00,06:27:32.35,44,8,1,41,22,0,TRANSFORM,,,,0,0,0,0,0,0,0,1,20,123,74,73,73,73,75,18530,16967,14749,14627,14627,18927,15,15,15,15,0,0,0,0,0,0,0,83,82,73,73,75,625881,-2063531448,654338897,1375761868,0,11781,0,0,897,13953,0,0,63,15,6,9,9,0,1267,933,562,3634,5656,5,19,0,0,0,0,0,1,0,0,0,0,0,0,0,0,0,0,0,0,1,0,0,0,0,0,0,0,0,0,0,0,0,0,0,0,0,0,12,8538,0,800,4000000,0,3,0,0,0,0,0,49,20,57,Vaporeon
12-15,16:40:32,NINTEN,Ditto,Scientist,9,Silph Co - 8F,2,1:42:28.80,1:42:28,1h42m28s,11,49,60,44,6:29,8.135,TRANSFORM,,,,11783,986,71,7,9,35,35,23,16,6035,Vaporeon, ,Normal,Normal,91014,Ditto 2,Ditto,,01:42:20.67,01:42:28.81,06:29:16.26,44,11,1,42,28,81,TRANSFORM,,,,0,0,0,0,0,0,0,1,36,123,74,73,73,73,75,18670,17097,14869,14747,14747,19092,15,15,15,15,0,0,0,0,0,0,0,83,82,73,73,75,632123,-2063529117,654341225,1375763072,379,11783,2,0,986,14042,0,0,71,16,7,9,9,0,1455,1101,646,3718,5658,6,19,0,0,0,0,0,3,0,0,0,0,0,0,0,0,0,0,0,0,1,0,0,0,0,0,0,0,0,0,0,0,0,0,0,0,0,0,14,10027,0,800,4000000,0,3,0,0,0,0,0,49,20,60,Vaporeon
12-15,16:40:57,NINTEN,Ditto,Scientist,11,Silph Co - 10F,2,1:42:53.65,1:42:53,1h42m53s,11,49,60,45,6:30,11.996,TRANSFORM,,,,11784,1028,73,8,9,39,39,25,16,7485,Vaporeon, ,Normal,Normal,92274,Ditto 2,Ditto,,01:42:41.67,01:42:53.67,06:30:54.14,45,11,1,42,53,67,TRANSFORM,,,,0,0,0,0,0,0,0,1,40,127,76,75,75,75,77,18735,17197,15034,14902,14902,19172,15,15,15,15,0,0,0,0,0,0,0,85,84,75,75,77,637991,-2063527720,654344576,1375764192,379,11784,2,0,1028,14084,0,0,73,17,8,9,9,0,1617,1225,733,3805,5662,6,21,0,0,0,0,0,3,0,0,0,0,0,0,0,0,0,0,0,0,1,0,0,0,0,0,0,0,0,0,0,0,0,0,0,0,0,0,16,11287,0,800,4000000,0,3,0,0,0,0,0,49,20,60,Vaporeon
12-15,16:41:14,NINTEN,Ditto,Rocket,39,Silph Co - 10F,1,1:43:10.75,1:43:10,1h43m10s,11,49,60,45,6:32,7.443,TRANSFORM,,,,11785,1043,73,9,9,42,42,27,16,8935,Vaporeon, ,Normal,Normal,93306,Ditto 2,Ditto,,01:43:03.32,01:43:10.77,06:32:01.36,45,11,1,43,10,77,TRANSFORM,,,,0,0,0,0,0,0,0,1,77,127,76,75,75,75,77,18815,17297,15104,14952,14952,19217,15,15,15,15,0,0,0,0,0,0,0,85,84,75,75,77,642033,-2063527081,654346859,1375765312,379,11785,2,0,1043,14099,0,0,73,18,9,9,9,0,1746,1326,783,3855,5665,8,21,0,0,0,0,0,3,0,0,0,0,0,0,0,0,0,0,0,0,1,0,0,0,0,0,0,0,0,0,0,0,0,0,0,0,0,0,17,12319,0,800,4000000,0,3,0,0,0,0,0,49,20,60,Vaporeon
12-15,16:42:07,NINTEN,Ditto,Rocket,29,Silph Co - 5F,1,1:44:03.77,1:44:03,1h44m3s,12,49,61,45,6:34,6.715,TRANSFORM,,,,11787,1144,84,10,9,44,44,28,18,9925,Vaporeon,Poisoned,Normal,Normal,94471,Ditto 2,Ditto,,01:43:57.06,01:44:03.78,06:34:11.45,45,12,1,44,3,78,TRANSFORM,,,,0,0,0,0,0,0,0,1,76,127,76,75,75,75,77,18900,17370,15174,15067,15067,19284,15,15,15,15,0,0,0,0,0,0,0,85,84,75,75,77,649847,-2063522671,654348850,1375766566,538,11787,3,0,1144,14200,0,0,84,19,10,9,9,0,1857,1430,834,3906,5667,8,22,0,0,0,0,0,4,0,0,0,0,0,0,0,0,0,0,0,0,2,0,0,0,0,0,0,0,0,0,0,0,0,0,0,0,0,0,18,13484,0,800,4000000,0,6,0,0,0,0,0,49,20,61,Vaporeon
12-15,16:42:32,NINTEN,Ditto,Juggler,8,Fuchsia City - Gym,2,1:44:28.94,1:44:28,1h44m28s,12,49,61,45,6:35,10.452,TRANSFORM,,,,11788,1168,87,11,9,47,47,29,17,10915,Vaporeon, ,Normal,Normal,96269,Ditto 2,Ditto,,01:44:18.50,01:44:28.95,06:35:50.34,45,12,1,44,28,95,TRANSFORM,,,,0,0,0,0,0,0,0,1,44,127,76,75,75,75,77,19000,17453,15249,15277,15277,19431,15,15,15,15,0,0,0,0,0,0,0,85,84,75,75,77,655776,-2063521610,654351821,1375768463,538,11788,3,0,1168,14224,0,0,87,20,11,9,9,0,2110,1596,916,3988,5670,9,22,0,0,0,0,0,5,0,0,0,0,0,0,0,0,0,0,0,0,2,0,0,0,0,0,0,0,0,0,0,0,0,0,0,0,0,0,20,15282,0,800,4000000,0,6,0,0,0,0,0,49,20,61,Vaporeon
12-15,16:42:51,NINTEN,Ditto,Juggler,7,Fuchsia City - Gym,1,1:44:48.16,1:44:48,1h44m48s,12,49,61,46,6:37,9.21,TRANSFORM,,,,11789,1186,92,12,9,50,50,31,17,12105,Vaporeon, ,Normal,Normal,97611,Ditto 2,Ditto,,01:44:38.96,01:44:48.17,06:37:06.16,46,12,1,44,48,17,TRANSFORM,,,,0,0,0,0,0,0,0,1,22,129,78,77,77,77,79,19085,17526,15319,15392,15392,19498,15,15,15,15,0,0,0,0,0,0,0,87,86,77,77,79,660318,-2063520899,654354511,1375769604,538,11789,3,0,1186,14242,0,0,92,21,12,9,9,0,2252,1714,1023,4095,5673,9,24,0,0,0,0,0,6,0,0,0,0,0,0,0,0,0,0,0,0,2,0,0,0,0,0,0,0,0,0,0,0,0,0,0,0,0,0,21,16624,0,800,4000000,0,6,0,0,0,0,0,49,20,61,Vaporeon
12-15,16:43:12,NINTEN,Ditto,Swimmer,2,Route 19,2,1:45:09.27,1:45:09,1h45m9s,12,49,61,46,6:38,9.241,TRANSFORM,,,,11790,1223,132,13,9,53,53,32,17,13435,Vaporeon, ,Normal,Normal,98908,Ditto 2,Ditto,,01:45:00.03,01:45:09.28,06:38:29.14,46,12,1,45,9,28,TRANSFORM,,,,0,0,0,0,0,0,0,1,48,129,78,77,77,77,79,19155,17631,15454,15537,15537,19608,15,15,15,15,0,0,0,0,0,0,0,87,86,77,77,79,665296,-2063519822,654357210,1375770806,538,11790,3,0,1223,14279,0,0,132,22,13,9,9,0,2407,1844,1097,4169,5676,9,25,0,0,0,0,0,6,0,0,0,0,0,0,0,0,0,0,0,0,2,0,0,0,0,0,0,0,0,0,0,0,0,0,0,0,0,0,23,17921,0,800,4000000,0,6,0,0,0,0,0,49,20,61,Vaporeon
12-15,16:43:35,NINTEN,Ditto,Swimmer,3,Route 19,3,1:45:31.89,1:45:31,1h45m31s,12,49,61,46,6:39,14.419,TRANSFORM,,,,11791,1228,132,14,9,58,58,35,17,13585,Vaporeon, ,Normal,Normal,100768,Ditto 2,Ditto,,01:45:17.48,01:45:31.89,06:39:58.11,46,12,1,45,31,89,TRANSFORM,,,,0,0,0,0,0,0,0,1,19,129,78,77,77,77,79,19260,17783,15639,15727,15727,19816,15,15,15,15,0,0,0,0,-1,0,0,97,96,77,77,52,670633,-2063519518,654361125,1375771924,538,11791,3,0,1228,14284,0,0,132,23,14,9,9,0,2694,2035,1207,4279,5681,9,28,0,0,0,0,0,6,0,0,0,0,0,0,0,0,0,0,0,0,2,0,0,0,0,0,0,0,0,0,0,0,0,0,0,0,0,0,26,19781,0,800,4000000,0,6,0,0,0,0,0,49,20,61,Vaporeon
12-15,16:44:00,NINTEN,Ditto,Bird Keeper,8,Route 18,2,1:45:56.91,1:45:56,1h45m56s,12,49,61,46,6:41,10.27,TRANSFORM,,,,11792,1296,134,15,9,61,61,37,17,13730,Vaporeon, ,Normal,Normal,102134,Ditto 2,Ditto,,01:45:46.65,01:45:56.92,06:41:36.46,46,12,1,45,56,92,TRANSFORM,,,,0,0,0,0,0,0,0,1,24,129,78,77,77,77,79,19365,17933,15734,15819,15819,19986,15,15,15,15,0,0,0,0,0,0,0,87,86,77,77,79,676548,-2063517743,654364064,1375773125,538,11792,3,0,1296,14352,0,0,134,24,15,9,9,0,2980,2182,1302,4374,5684,9,29,0,0,0,0,0,7,0,1,0,0,0,0,0,0,0,0,0,0,2,0,0,0,0,0,0,0,0,0,0,0,0,0,0,0,0,0,28,21147,0,800,4000000,0,6,0,0,0,0,0,49,20,61,Vaporeon
12-15,16:44:50,NINTEN,Ditto,Biker,5,Route 16,2,1:46:46.58,1:46:46,1h46m46s,13,49,62,46,6:43,9.385,TRANSFORM,,,,11794,1377,137,16,9,64,64,38,17,14455,Vaporeon, ,Normal,Normal,103400,Ditto 2,Ditto,,01:46:37.20,01:46:46.58,06:43:41.00,46,13,1,46,46,58,TRANSFORM,,,,0,0,0,0,0,0,0,1,39,129,78,77,77,77,79,19485,18078,15879,15919,15919,20046,15,15,15,15,0,0,0,0,0,0,0,87,86,77,77,79,684008,-2063515373,654366783,1375775292,742,11794,4,0,1377,14432,1,0,137,25,16,9,9,0,3226,2338,1387,4459,5687,9,30,0,0,0,0,0,9,0,1,0,0,0,0,0,0,0,0,0,0,2,0,0,0,0,0,0,0,0,0,0,0,0,0,0,0,0,0,30,22413,0,800,4000000,0,6,0,0,0,0,0,49,20,62,Vaporeon
12-15,16:45:28,NINTEN,Ditto,Cue Ball,2,Route 16,2,1:47:24.79,1:47:24,1h47m24s,14,49,63,47,6:44,9.618,TRANSFORM,,,,11795,1383,145,17,9,67,67,39,17,15035,Vaporeon, ,Normal,Normal,104405,Ditto 2,Ditto,,01:47:15.18,01:47:24.80,06:44:55.08,47,14,1,47,24,80,TRANSFORM,,,,0,0,0,0,0,0,0,1,57,132,79,78,78,78,80,19595,18238,15964,15989,15989,20151,15,15,15,15,0,0,0,0,0,0,0,88,87,78,78,80,688463,-2063514723,654369575,1375776151,896,11795,5,0,1383,14432,7,0,145,26,17,9,9,0,3453,2488,1462,4534,5690,10,30,0,0,0,0,0,9,0,1,0,0,0,0,0,0,0,0,0,0,2,0,0,0,0,0,0,0,0,0,0,0,0,0,0,0,0,0,32,23418,0,800,4000000,0,6,0,0,0,0,0,49,20,63,Vaporeon
12-15,16:45:45,NINTEN,Ditto,Biker,6,Route 16,1,1:47:41.96,1:47:41,1h47m41s,14,49,63,47,6:46,8.683,TRANSFORM,,,,11796,1386,146,18,9,70,70,41,17,15760,Vaporeon,Poisoned,Normal,Normal,105627,Ditto 2,Ditto,,01:47:33.29,01:47:41.98,06:46:02.41,47,14,1,47,41,98,TRANSFORM,,,,0,0,0,0,0,0,0,1,66,132,79,78,78,78,80,19660,18328,16084,16074,16074,20211,15,15,15,15,0,0,0,0,0,0,0,88,87,78,78,80,692515,-2063514419,654372140,1375777334,896,11796,5,0,1386,14432,10,0,146,27,18,9,9,0,3559,2579,1528,4600,5693,11,31,0,0,0,0,0,10,0,1,0,0,0,0,0,0,0,0,0,0,3,0,0,0,0,0,0,0,0,0,0,0,0,0,0,0,0,0,33,24640,0,800,4000000,0,6,0,0,0,0,0,49,20,63,Vaporeon
12-15,16:46:52,NINTEN,Ditto,Cue Ball,5,Route 17,2,1:48:48.85,1:48:48,1h48m48s,15,49,64,47,6:49,11.144,TRANSFORM,,,,11797,1546,181,19,9,74,74,43,18,15820,Vaporeon, ,Normal,Normal,107079,Ditto 2,Ditto,,01:48:37.72,01:48:48.86,06:49:20.04,47,15,1,48,48,86,TRANSFORM,,,,0,0,0,0,0,0,0,1,46,132,79,78,78,78,80,19810,18508,16204,16159,16159,20291,15,15,15,15,0,-2,0,0,0,0,0,111,43,78,78,80,704364,-2063509274,654375271,1375780750,1053,11797,6,0,1546,14553,49,0,181,28,19,9,9,0,3799,2753,1614,4686,5697,11,33,0,0,0,0,0,10,0,1,0,0,0,0,0,0,0,0,0,0,3,0,0,0,0,0,0,0,0,0,0,0,0,0,0,0,0,0,35,26092,0,800,4000000,0,6,6,0,0,0,0,49,20,64,Vaporeon
12-15,16:47:09,NINTEN,Ditto,Cue Ball,4,Route 17,2,1:49:06.03,1:49:06,1h49m6s,15,49,64,47,6:50,9.085,TRANSFORM,,,,11798,1550,189,20,9,77,77,44,18,16545,Vaporeon, ,Normal,Normal,108463,Ditto 2,Ditto,,01:48:56.95,01:49:06.03,06:50:27.27,47,15,1,49,6,3,TRANSFORM,,,,0,0,0,0,0,0,0,1,59,132,79,78,78,78,80,19915,18693,16299,16254,16254,20456,15,15,15,15,0,0,0,0,0,0,0,88,87,78,78,80,708407,-2063509013,654377911,1375781892,1053,11798,6,0,1550,14553,53,0,189,29,20,9,9,0,4005,2900,1687,4759,5700,12,33,0,0,0,0,0,10,0,1,0,0,0,0,0,0,0,0,0,0,3,0,0,0,0,0,0,0,0,0,0,0,0,0,0,0,0,0,37,27476,0,800,4000000,0,6,6,0,0,0,0,49,20,64,Vaporeon
12-15,16:47:27,NINTEN,Ditto,Biker,10,Route 17,2,1:49:23.93,1:49:23,1h49m23s,15,49,64,47,6:51,9.275,TRANSFORM,,,,11799,1567,198,21,9,80,80,45,18,17270,Vaporeon, ,Normal,Normal,109741,Ditto 2,Ditto,,01:49:14.67,01:49:23.94,06:51:37.50,47,15,1,49,23,94,TRANSFORM,,,,0,0,0,0,0,0,0,1,66,132,79,78,78,78,80,19995,18753,16399,16364,16364,20656,15,15,15,15,0,0,0,0,0,0,0,88,87,78,78,80,712630,-2063508630,654380618,1375783025,1053,11799,6,0,1567,14553,70,0,198,30,21,9,9,0,4198,3032,1753,4825,5703,12,34,0,0,0,0,0,10,0,1,0,0,0,0,0,0,0,0,0,0,3,0,0,0,0,0,0,0,0,0,0,0,0,0,0,0,0,0,39,28754,0,800,4000000,0,6,6,0,0,0,0,49,20,64,Vaporeon
12-15,16:47:46,NINTEN,Ditto,Cue Ball,6,Route 17,1,1:49:42.81,1:49:42,1h49m42s,15,49,64,48,6:52,9.529,TRANSFORM,,,,11800,1594,207,22,9,83,83,47,18,17850,Vaporeon, ,Normal,Normal,110773,Ditto 2,Ditto,,01:49:33.30,01:49:42.83,06:52:52.08,48,15,1,49,42,83,TRANSFORM,,,,0,0,0,0,0,0,0,1,32,135,81,80,80,80,82,20075,18853,16469,16414,16414,20701,15,15,15,15,0,0,0,0,0,0,0,91,90,80,80,82,717088,-2063508112,654383389,1375784194,1053,11800,6,0,1594,14553,97,0,207,31,22,9,9,0,4372,3133,1856,4928,5706,12,36,0,0,0,0,0,11,0,1,0,0,0,0,0,0,0,0,0,0,3,0,0,0,0,0,0,0,0,0,0,0,0,0,0,0,0,0,40,29786,0,800,4000000,0,6,6,0,0,0,0,49,20,64,Vaporeon
12-15,16:48:07,NINTEN,Ditto,Cue Ball,8,Route 17,2,1:50:04.22,1:50:04,1h50m4s,15,49,64,48,6:54,11.529,TRANSFORM,,,,11801,1637,214,23,9,87,87,49,18,18675,Vaporeon, ,Normal,Normal,112604,Ditto 2,Ditto,,01:49:52.69,01:50:04.22,06:54:16.17,48,15,1,50,4,22,TRANSFORM,,,,0,0,0,0,0,0,0,1,22,135,81,80,80,80,82,20220,19058,16599,16524,16524,20841,15,15,15,15,0,0,0,0,0,0,0,91,90,80,80,82,722137,-2063507485,654386616,1375785389,1053,11801,6,0,1637,14553,140,0,214,32,23,9,9,0,4632,3304,1966,5038,5710,12,38,0,0,0,0,0,12,0,2,0,0,0,0,0,0,0,0,0,0,3,0,0,0,0,0,0,0,0,0,0,0,0,0,0,0,0,0,42,31617,0,800,4000000,0,6,6,0,0,0,0,49,20,64,Vaporeon
12-15,16:49:02,NINTEN,Ditto,Jr Trainer F,23,Route 15,3,1:50:58.98,1:50:58,1h50m58s,16,49,65,48,6:56,13.907,TRANSFORM,,,,11803,1692,222,24,9,92,92,51,18,19400,Vaporeon, ,Normal,Normal,114640,Ditto 2,Ditto,,01:50:45.09,01:50:58.99,06:56:30.48,48,16,1,50,58,99,TRANSFORM,,,,0,0,0,0,0,0,0,1,3,135,81,80,80,80,82,20380,19238,16804,16769,16769,20971,15,15,15,15,0,0,0,0,0,0,0,91,90,80,80,82,730214,-2063505744,654390403,1375787777,1214,11803,7,0,1692,14608,140,0,222,33,24,9,9,0,4901,3530,2098,5170,5715,12,40,0,0,0,0,0,12,0,2,0,0,0,0,0,0,0,0,0,0,3,0,0,0,0,0,0,0,0,0,0,0,0,0,0,0,0,0,45,33653,0,800,4000000,0,6,6,0,0,0,0,49,20,65,Vaporeon
12-15,16:49:28,NINTEN,Ditto,Bird Keeper,6,Route 15,4,1:51:24.47,1:51:24,1h51m24s,16,49,65,48,6:58,14.587,TRANSFORM,,,,11804,1707,225,25,9,97,97,52,18,19980,Vaporeon, ,Normal,Normal,116325,Ditto 2,Ditto,,01:51:09.89,01:51:24.48,06:58:10.51,48,16,1,51,24,48,TRANSFORM,,,,0,0,0,0,0,0,0,1,0,135,81,80,80,80,82,20530,19448,16959,16912,16912,21177,15,15,15,15,0,0,0,0,0,0,0,91,90,80,80,82,736217,-2063505124,654394373,1375789190,1214,11804,7,0,1707,14623,140,0,225,34,25,9,9,0,5283,3787,2240,5312,5720,12,41,0,0,0,0,0,12,0,3,0,0,0,0,0,0,0,0,0,0,3,0,0,0,0,0,0,0,0,0,0,0,0,0,0,0,0,0,49,35338,0,800,4000000,0,6,6,0,0,0,0,49,20,65,Vaporeon
12-15,16:50:11,NINTEN,Ditto,Beauty,10,Route 15,2,1:52:07.63,1:52:07,1h52m7s,18,49,67,48,6:58,11.149,TRANSFORM,,,,11805,1728,227,25,9,96,96,53,18,19980,Vaporeon,Poisoned,Normal,Normal,115913,Ditto 2,Ditto,,01:51:56.50,01:52:07.65,06:58:15.09,48,18,1,52,7,65,TRANSFORM,,,,0,0,0,0,0,0,0,1,40,135,81,80,80,80,82,20485,19349,16916,16914,16914,21076,15,15,15,15,0,0,0,0,0,0,0,91,90,80,80,82,736480,-2063504521,654393563,1375789455,1419,11805,8,0,1728,14644,140,0,227,34,25,9,9,0,5152,3677,2193,5265,5719,12,42,0,0,0,0,0,12,0,3,0,0,0,0,0,0,0,0,0,0,4,0,0,0,0,0,0,0,0,0,0,0,0,0,0,0,0,0,47,34926,0,800,4000000,0,6,6,0,0,0,0,49,20,67,Vaporeon
12-15,16:50:39,NINTEN,Ditto,Jr Trainer F,20,Route 15,3,1:52:35.92,1:52:35,1h52m35s,18,49,67,48,7:00,14.165,TRANSFORM,,,,11806,1731,231,26,9,101,101,55,18,22010,Vaporeon,Poisoned,Normal,Normal,117641,Ditto 2,Ditto,,01:52:21.76,01:52:35.92,07:00:06.22,48,18,1,52,35,92,TRANSFORM,,,,0,0,0,0,0,0,0,1,15,135,81,80,80,80,82,20635,19514,17096,17149,17149,21176,15,15,15,15,0,-1,0,0,0,0,0,102,58,80,80,82,743153,-2063504130,654397417,1375791883,1419,11806,8,0,1731,14647,140,0,231,35,26,9,9,0,5471,3887,2313,5385,5724,12,44,0,0,0,0,0,12,0,3,0,0,0,0,0,0,0,0,0,0,5,0,0,0,0,0,0,0,0,0,0,0,0,0,0,0,0,0,50,36654,0,800,4000000,0,6,6,0,0,0,0,49,20,67,Vaporeon
12-15,16:51:24,NINTEN,Ditto,Jr Trainer F,21,Route 15,2,1:53:21.12,1:53:21,1h53m21s,18,49,67,49,7:03,9.413,TRANSFORM,,,,11806,1794,231,27,11,108,108,58,18,22570,Vaporeon, ,Normal,Normal,119895,Ditto 2,Ditto,,01:53:11.72,01:53:21.14,07:03:03.40,49,18,1,53,21,14,TRANSFORM,,,,0,0,0,0,0,0,0,1,49,138,83,82,82,82,84,20863,19774,17311,17404,17404,21398,15,15,15,15,0,0,0,0,0,0,0,93,92,82,82,84,753792,-2063502183,654403376,1375794616,1419,11806,8,0,1794,14710,140,0,231,38,27,11,9,0,5959,4192,2481,5553,5731,12,46,0,0,0,0,0,13,0,4,0,0,0,0,0,0,0,0,0,0,6,0,0,0,0,0,0,0,0,0,0,0,0,0,0,0,0,0,54,38908,0,800,4000000,0,6,6,0,0,0,0,49,20,67,Vaporeon
12-15,16:51:44,NINTEN,Ditto,Beauty,9,Route 15,2,1:53:41.44,1:53:41,1h53m41s,18,49,67,49,7:04,10.995,TRANSFORM,,,,11807,1799,234,28,11,112,112,60,18,23150,Vaporeon, ,Normal,Normal,121273,Ditto 2,Ditto,,01:53:30.44,01:53:41.44,07:04:23.32,49,18,1,53,41,44,TRANSFORM,,,,0,0,0,0,0,0,0,1,36,138,83,82,82,82,84,21066,19904,17411,17504,17504,21514,15,15,15,15,0,0,0,0,0,-1,0,104,103,82,82,84,758583,-2063501709,654406484,1375795825,1419,11807,8,0,1799,14715,140,0,234,39,28,11,9,0,6267,4396,2583,5655,5735,12,47,0,0,0,0,0,13,0,4,0,0,0,0,0,0,0,0,0,0,6,0,0,0,0,0,0,0,0,0,0,0,0,0,0,0,0,0,56,40286,0,800,4000000,0,6,6,0,0,0,0,49,20,67,Vaporeon
12-15,16:52:07,NINTEN,Ditto,Bird Keeper,5,Route 14,2,1:54:03.56,1:54:03,1h54m3s,18,49,67,49,7:05,10.972,TRANSFORM,,,,11808,1824,236,29,11,115,115,61,18,25180,Vaporeon, ,Normal,Normal,122639,Ditto 2,Ditto,,01:53:52.59,01:54:03.56,07:05:50.37,49,18,1,54,3,56,TRANSFORM,,,,0,0,0,0,0,0,0,1,36,138,83,82,82,82,84,21171,20054,17506,17596,17596,21684,15,15,15,15,0,0,0,0,0,0,0,93,92,82,82,84,763808,-2063500865,654409599,1375797091,1419,11808,8,0,1824,14740,140,0,236,40,29,11,9,0,6490,4543,2683,5755,5738,12,48,0,0,0,0,0,13,0,5,0,0,0,0,0,0,0,0,0,0,6,0,0,0,0,0,0,0,0,0,0,0,0,0,0,0,0,0,58,41652,0,800,4000000,0,6,6,0,0,0,0,49,20,67,Vaporeon
12-15,16:52:25,NINTEN,Ditto,Bird Keeper,4,Route 14,1,1:54:22.21,1:54:22,1h54m22s,18,49,67,49,7:07,7.865,TRANSFORM,,,,11809,1853,237,30,11,117,117,62,18,25905,Vaporeon, ,Normal,Normal,123303,Ditto 2,Ditto,,01:54:14.34,01:54:22.21,07:07:04.01,49,18,1,54,22,21,TRANSFORM,,,,0,0,0,0,0,0,0,1,80,138,83,82,82,82,84,21223,20119,17561,17654,17654,21744,15,15,15,15,0,0,0,0,0,0,0,93,92,82,82,84,768212,-2063500111,654411968,1375798372,1419,11809,8,0,1853,14769,140,0,237,41,30,11,9,0,6649,4625,2739,5811,5740,12,49,0,0,0,0,0,14,0,5,0,0,0,0,0,0,0,0,0,0,6,0,0,0,0,0,0,0,0,0,0,0,0,0,0,0,0,0,59,42316,0,800,4000000,0,6,6,0,0,0,0,49,20,67,Vaporeon
12-15,16:52:41,NINTEN,Ditto,Biker,15,Route 14,2,1:54:38.24,1:54:38,1h54m38s,18,49,67,49,7:08,10.809,TRANSFORM,,,,11809,1854,238,31,11,121,121,64,18,26730,Vaporeon, ,Normal,Normal,124986,Ditto 2,Ditto,,01:54:27.43,01:54:38.24,07:08:07.05,49,18,1,54,38,24,TRANSFORM,,,,0,0,0,0,0,0,0,1,39,138,83,82,82,82,84,21368,20289,17731,17779,17779,21829,15,15,15,15,0,0,0,0,0,0,0,93,92,82,82,84,771996,-2063499860,654415048,1375798825,1419,11809,8,0,1854,14770,140,0,238,42,31,11,9,0,6849,4795,2830,5902,5744,13,50,0,0,0,0,0,14,0,5,0,0,0,0,0,0,0,0,0,0,6,0,0,0,0,0,0,0,0,0,0,0,0,0,0,0,0,0,61,43999,0,800,4000000,0,6,6,0,0,0,0,49,20,67,Vaporeon
12-15,16:53:06,NINTEN,Ditto,Bird Keeper,17,Route 14,3,1:55:02.74,1:55:02,1h55m2s,18,49,67,50,7:09,13.032,TRANSFORM,,,,11810,1874,240,32,11,125,125,65,18,27310,Vaporeon, ,Normal,Normal,126882,Ditto 2,Ditto,,01:54:49.72,01:55:02.75,07:09:43.37,50,18,1,55,2,75,TRANSFORM,,,,0,0,0,0,0,0,0,1,39,141,85,84,84,84,86,21508,20524,17871,17906,17906,22074,15,15,15,15,0,-1,0,0,0,0,0,106,61,84,84,86,777788,-2063499083,654418642,1375800246,1419,11810,8,0,1874,14790,140,0,240,43,32,11,9,0,7169,4999,2932,6004,5748,13,51,0,0,0,0,0,14,0,5,0,0,0,0,0,0,0,0,0,0,6,0,0,0,0,0,0,0,0,0,0,0,0,0,0,0,0,0,64,45895,0,800,4000000,0,6,6,0,0,0,0,49,20,67,Vaporeon
12-15,16:53:26,NINTEN,Ditto,Bird Keeper,16,Route 14,2,1:55:22.64,1:55:22,1h55m22s,18,49,67,50,7:11,11.2,TRANSFORM,,,,11811,1878,241,33,11,129,129,67,18,28010,Vaporeon, ,Normal,Normal,128590,Ditto 2,Ditto,,01:55:11.45,01:55:22.65,07:11:01.54,50,18,1,55,22,65,TRANSFORM,,,,0,0,0,0,0,0,0,1,52,141,85,84,84,84,86,21636,20674,17991,18017,18017,22245,15,15,15,15,-1,0,0,0,0,0,0,63,105,84,84,86,782485,-2063498734,654421808,1375801428,1419,11811,8,0,1878,14794,140,0,241,44,33,11,9,0,7412,5160,3019,6091,5752,13,53,0,0,0,0,0,14,0,5,0,0,0,0,0,0,0,0,0,0,6,0,0,0,0,0,0,0,0,0,0,0,0,0,0,0,0,0,66,47603,0,800,4000000,0,6,6,0,0,0,0,49,20,67,Vaporeon
12-15,16:53:50,NINTEN,Ditto,Bird Keeper,14,Route 14,3,1:55:47.34,1:55:47,1h55m47s,18,49,67,50,7:12,12.193,TRANSFORM,,,,11812,1907,244,34,11,133,133,68,18,28735,Vaporeon, ,Normal,Normal,130174,Ditto 2,Ditto,,01:55:35.16,01:55:47.36,07:12:39.14,50,18,1,55,47,36,TRANSFORM,,,,0,0,0,0,0,0,0,1,32,141,85,84,84,84,86,21774,20864,18131,18137,18137,22447,15,15,15,15,0,0,0,0,0,0,0,95,94,84,84,86,788325,-2063497590,654425206,1375802726,1419,11812,8,0,1907,14823,140,0,244,45,34,11,9,0,7874,5363,3128,6200,5756,13,54,0,0,0,0,0,16,0,5,0,0,0,0,0,0,0,0,0,0,6,0,0,0,0,0,0,0,0,0,0,0,0,0,0,0,0,0,69,49187,0,800,4000000,0,6,6,0,0,0,0,49,20,67,Vaporeon
12-15,16:54:28,NINTEN,Ditto,Biker,1,Route 13,3,1:56:25.13,1:56:25,1h56m25s,18,49,67,50,7:15,16.559,TRANSFORM,,,,11813,2008,253,35,11,139,139,71,18,29435,Vaporeon,Poisoned,Normal,Normal,132226,Ditto 2,Ditto,,01:56:08.57,01:56:25.13,07:15:08.00,50,18,1,56,25,13,TRANSFORM,,,,0,0,0,0,0,0,0,1,25,141,85,84,84,84,86,21894,21059,18416,18317,18317,22552,15,15,15,15,0,0,0,0,0,0,0,95,94,84,84,86,797251,-2063495127,654429639,1375804756,1419,11813,8,0,2008,14924,140,0,253,46,35,11,9,0,8153,5555,3244,6316,5762,15,55,0,0,0,0,0,16,0,5,0,0,0,0,0,0,0,0,0,0,7,0,0,0,0,0,0,0,0,0,0,0,0,0,0,0,0,0,72,51239,0,800,4000000,0,6,6,0,0,0,0,49,20,67,Vaporeon
12-15,16:57:56,NINTEN,Ditto,Rocket,25,Silph Co - 3F,3,1:59:52.51,1:59:52,1h59m52s,19,49,68,53,7:28,17.201,TRANSFORM,,,,11815,2524,274,36,16,150,150,77,18,395,Vaporeon, ,Normal,Normal,151259,Ditto 2,Ditto,,01:59:35.32,01:59:52.52,07:28:13.19,53,19,1,59,52,52,TRANSFORM,,,,7,0,0,0,0,0,0,1,115,149,90,89,89,89,91,22194,21399,18711,18647,18647,22888,15,15,15,15,0,-1,0,0,0,0,0,61,31,37,37,63,844376,-2063463471,654439240,1375810467,1576,11815,9,0,2524,15440,140,0,274,52,36,16,11,0,8691,5922,3343,6415,5770,15,59,0,0,0,0,0,16,0,5,0,0,0,0,0,0,0,0,0,0,7,0,0,0,0,0,0,0,0,0,0,0,0,0,0,0,0,0,77,54167,0,800,4000000,0,6,94,0,0,0,0,49,20,68,Vaporeon
12-15,18:02:16,NINTEN,Ditto,Rival5-Silph,7,Silph Co - 7F,5,3:04:12.64,3:04:12,3h4m12s,19,152,171,86,11:41,21.78,TRANSFORM,,,,11822,12657,694,140,16,1090,971,842,18,0,Vaporeon, ,Normal,Normal,656729,Ditto 2,Ditto,Rival (Silph Co.),03:03:50.87,03:04:12.65,11:41:57.29,86,19,3,4,12,65,TRANSFORM,,,,9,0,0,0,0,0,0,1,110,249,159,160,164,164,164,46238,48842,50261,58037,58037,56663,15,15,15,15,0,0,0,0,0,0,0,87,94,52,52,60,1757826,-2063210676,655077541,1375832821,1576,11822,9,0,12657,22275,3438,0,694,156,140,16,11,0,82103,46750,28857,27642,6291,172,622,0,0,0,0,0,440,0,152,0,0,15,0,0,0,2,0,0,17,17,0,0,0,0,30,16,0,0,0,0,0,0,0,0,0,0,103,478,559637,0,800,4000000,0,6,94,0,0,0,0,152,20,171,Vaporeon
12-15,18:02:52,NINTEN,Ditto,Rocket,45,Silph Co - 11F,3,3:04:49.18,3:04:49,3h4m49s,19,152,171,87,11:44,19.243,TRANSFORM,,,,11823,12664,694,141,16,1098,979,849,18,2600,Vaporeon, ,Normal,Normal,659311,Ditto 2,Ditto,,03:04:29.95,03:04:49.19,11:44:21.29,87,19,3,4,49,19,TRANSFORM,,,,8,0,0,0,0,0,0,1,206,253,162,163,166,166,165,46403,49062,50485,58227,58227,56893,15,15,15,15,0,0,0,0,0,0,0,74,94,62,62,47,1766466,-2063209088,655082656,1375834758,1576,11823,9,0,12664,22282,3438,0,694,157,141,16,11,0,82432,46989,28904,27689,6298,173,628,0,0,0,0,0,440,0,152,0,0,15,0,0,0,2,0,0,17,17,0,0,0,0,30,16,0,0,0,0,0,0,0,0,0,0,103,481,562219,0,800,4000000,0,6,94,0,0,0,0,152,20,171,Vaporeon
12-15,18:06:32,NINTEN,Ditto,Giovanni-Silph,2,Silph Co - 11F,4,3:08:28.95,3:08:28,3h8m28s,23,152,175,87,11:47,38.74,TRANSFORM,,,,11824,12679,699,142,16,1112,993,858,18,3592,Vaporeon, ,Normal,Normal,664128,Ditto 2,Ditto,Giovanni (Silph),03:07:50.22,03:08:28.96,11:47:46.30,87,23,3,8,28,96,TRANSFORM,,,,7,0,0,0,0,0,0,1,132,253,162,163,166,166,165,46699,49371,50784,58452,58452,57174,15,15,15,15,0,-2,0,0,0,0,0,81,29,51,51,59,1778772,-2063207586,655092390,1375835671,1733,11824,10,0,12679,22297,3438,0,699,158,142,16,11,0,82906,47426,29025,27810,6311,174,635,0,0,0,0,0,441,0,152,0,0,15,0,0,0,2,0,0,17,17,0,0,0,0,30,16,0,0,0,0,0,0,0,0,0,0,103,485,567036,0,800,4000000,0,6,94,0,0,0,0,152,20,175,Vaporeon
12-15,18:08:10,NINTEN,Ditto,Sabrina,1,Saffron City - Gym,3,3:10:07.15,3:10:07,3h10m7s,23,152,175,87,11:54,11.533,TRANSFORM,,,,52481,2316,60,513,7,10,4362,4359,18,7651,Vaporeon, ,Normal,Normal,668453,Ditto 2,Ditto,Sabrina,03:09:55.63,03:10:07.16,11:54:11.43,87,23,3,10,7,16,TRANSFORM,,,,0,0,0,0,0,0,0,1,92,253,162,163,166,166,165,46819,49476,50874,58812,58812,57489,15,15,15,15,0,0,0,0,0,0,0,182,183,166,166,165,7137997,-1493003233,-1375721736,33585310,3584,52481,0,0,2316,33724684,33554688,3840,60,520,513,7,5,7680,813,324,175,26544,58627,22785,67,0,0,0,0,0,1,0,0,0,0,0,0,0,0,0,0,0,0,0,0,0,0,0,0,0,0,0,0,0,0,0,0,0,0,0,0,3,8421,0,21021900,98000000,0,3840,0,0,0,0,0,152,20,175,Vaporeon
12-15,18:08:48,NINTEN,Ditto,Juggler,3,Fuchsia City - Gym,4,3:10:44.64,3:10:44,3h10m44s,23,152,175,87,11:56,14.231,TRANSFORM,,,,52482,2345,61,514,7,14,4366,4359,19,12601,Vaporeon, ,Normal,Normal,671444,Ditto 2,Ditto,,03:10:30.41,03:10:44.64,11:56:38.42,87,23,3,10,44,64,TRANSFORM,,,,0,0,0,0,0,0,0,1,95,253,162,163,166,166,165,47039,49655,51039,59202,59202,57720,15,15,15,15,0,0,0,0,0,0,0,182,183,166,166,165,7146816,-1493000968,-1375717687,33587815,3584,52482,0,0,2345,33724713,33554688,3840,61,521,514,7,5,7680,1843,643,333,26702,58631,22785,67,0,0,0,0,0,1,0,0,0,0,0,0,0,0,0,0,0,0,0,0,0,0,0,0,0,0,0,0,0,0,0,0,0,0,0,0,7,11412,0,21021900,98000000,0,3840,0,0,0,0,0,152,20,175,Vaporeon
12-15,18:09:10,NINTEN,Ditto,Tamer,2,Fuchsia City - Gym,3,3:11:06.57,3:11:06,3h11m6s,23,152,175,87,11:58,10.793,TRANSFORM,,,,52483,2353,62,515,7,17,4369,4359,19,13686,Vaporeon, ,Normal,Normal,674674,Ditto 2,Ditto,,03:10:55.79,03:11:06.59,11:58:04.43,87,23,3,11,6,59,TRANSFORM,,,,0,0,0,0,0,0,0,1,119,253,162,163,166,166,165,47234,49925,51287,59387,59387,57945,15,15,15,15,0,0,0,0,0,0,0,182,183,166,166,165,7151977,-1493000509,-1375714637,33589467,3584,52483,0,0,2353,33724721,33554688,3840,62,522,515,7,5,7680,2295,914,467,26836,58634,22785,67,0,0,0,0,0,1,0,0,0,0,0,0,0,0,0,0,0,0,0,0,0,0,0,0,0,0,0,0,0,0,0,0,0,0,0,0,10,14642,0,21021900,98000000,0,3840,0,0,0,0,0,152,20,175,Vaporeon
12-15,18:09:28,NINTEN,Ditto,Tamer,1,Fuchsia City - Gym,2,3:11:24.69,3:11:24,3h11m24s,23,152,175,87,11:59,7.782,TRANSFORM,,,,52484,2369,66,516,7,19,4371,4359,19,15006,Vaporeon, ,Normal,Normal,676931,Ditto 2,Ditto,,03:11:16.92,03:11:24.70,11:59:15.49,87,23,3,11,24,70,TRANSFORM,,,,0,0,0,0,0,0,0,1,158,253,162,163,166,166,165,47369,50110,51466,59507,59507,58090,15,15,15,15,0,0,0,0,0,0,0,182,183,166,166,165,7156243,-1492999883,-1375712307,33590777,3584,52484,0,0,2369,33724737,33554688,3840,66,523,516,7,5,7680,2551,1104,562,26931,58636,22785,67,0,0,0,0,0,1,0,0,0,0,0,0,0,0,0,0,0,0,0,0,0,0,0,0,0,0,0,0,0,0,0,0,0,0,0,0,12,16899,0,21021900,98000000,0,3840,0,0,0,0,0,152,20,175,Vaporeon
12-15,18:09:45,NINTEN,Ditto,Juggler,4,Fuchsia City - Gym,2,3:11:41.77,3:11:41,3h11m41s,23,152,175,87,12:00,8.13,TRANSFORM,,,,52485,2372,66,517,7,21,4373,4359,19,16366,Vaporeon, ,Normal,Normal,678874,Ditto 2,Ditto,,03:11:33.64,03:11:41.77,12:00:22.56,87,23,3,11,41,77,TRANSFORM,,,,0,0,0,0,0,0,0,1,155,253,162,163,166,166,165,47514,50231,51581,59712,59712,58199,15,15,15,15,0,0,0,0,0,0,0,182,183,166,166,165,7160270,-1492999461,-1375709884,33591959,3584,52485,0,0,2372,33724740,33554688,3840,66,524,517,7,5,7680,2940,1301,660,27029,58638,22785,67,0,0,0,0,0,1,0,0,0,0,0,0,0,0,0,0,0,0,0,0,0,0,0,0,0,0,0,0,0,0,0,0,0,0,0,0,14,18842,0,21021900,98000000,0,3840,0,0,0,0,0,152,20,175,Vaporeon
12-15,18:10:31,NINTEN,Ditto,Koga,1,Fuchsia City - Gym,4,3:12:27.99,3:12:27,3h12m27s,24,152,176,88,12:02,15.907,TRANSFORM,,,,52486,2377,74,518,7,26,4378,4360,19,17556,Vaporeon, ,Normal,Normal,682566,Ditto 2,Ditto,Koga,03:12:12.10,03:12:28.01,12:02:01.42,88,24,3,12,28,1,TRANSFORM,,,,0,0,0,0,0,0,0,1,11,256,165,166,169,169,168,47764,50461,51791,59922,59922,58424,15,15,15,15,0,0,0,0,0,0,0,185,186,169,169,168,7166202,-1492998889,-1375705609,33592887,3741,52486,1,0,2377,33724745,33554688,3840,74,525,518,7,5,7680,3679,1793,905,27274,58643,22785,67,0,0,0,0,0,1,0,0,0,0,0,0,0,0,0,0,0,0,0,0,0,0,0,0,0,0,0,0,0,0,0,0,0,0,0,0,18,22534,0,21021900,98000000,0,3840,0,0,0,0,0,152,20,176,Vaporeon
12-15,18:11:19,NINTEN,Ditto,Erika,1,Celadon City - Gym,3,3:13:15.66,3:13:15,3h13m15s,24,152,176,88,12:05,10.539,TRANSFORM,,,,52487,2538,91,519,7,29,4381,4360,20,22506,Vaporeon, ,Normal,Normal,685571,Ditto 2,Ditto,Erika,03:13:05.13,03:13:15.67,12:05:08.59,88,24,3,13,15,67,TRANSFORM,,,,0,0,0,0,0,0,0,1,129,256,165,166,169,169,168,47954,50671,52026,60192,60192,58579,15,15,15,15,0,0,0,0,0,0,0,185,186,169,169,189,7177439,-1492994251,-1375702550,33596427,3741,52487,1,0,2538,33724810,33554784,3840,91,526,519,7,5,7680,4214,2049,1032,27401,58646,22785,67,0,0,0,0,0,1,0,0,0,0,0,0,0,0,0,0,0,0,0,0,0,0,0,0,0,0,0,0,0,0,0,0,0,0,0,0,21,25539,0,21021900,98000000,0,3840,0,0,0,0,0,152,20,176,Vaporeon
12-15,18:13:26,NINTEN,Ditto,Fisher,7,Route 21,4,3:15:22.78,3:15:22,3h15m22s,24,152,176,88,12:13,13.876,TRANSFORM,,,,52488,3060,149,520,7,33,4385,4360,20,25174,Vaporeon, ,Normal,Normal,689297,Ditto 2,Ditto,,03:15:08.92,03:15:22.79,12:13:29.44,88,24,3,15,22,79,TRANSFORM,,,,0,0,0,0,0,0,0,1,94,256,165,166,169,169,168,48239,51014,52281,60482,60482,58846,15,15,15,15,0,0,0,0,0,0,0,185,186,169,169,189,7207484,-1492979674,-1375698673,33608018,3741,52488,1,0,3060,33724982,33555105,3869,149,527,520,7,5,7680,5063,2377,1194,27563,58650,22785,67,0,0,0,0,0,1,0,0,0,0,0,0,0,0,0,0,0,0,0,0,0,0,0,0,0,0,0,0,0,0,0,0,0,0,0,0,25,29265,0,21021900,98000000,0,3843,0,0,0,0,2,152,20,176,Vaporeon
12-15,18:15:39,NINTEN,Ditto,Blaine,1,Cinnabar Island - Gym,3,3:17:35.80,3:17:35,3h17m35s,26,152,178,88,12:19,16.921,TRANSFORM,,,,52489,3472,201,521,7,39,4391,4363,20,26154,Vaporeon, ,Normal,Normal,695647,Ditto 2,Ditto,Blaine,03:17:18.89,03:17:35.81,12:19:48.59,88,26,3,17,35,81,TRANSFORM,,,,0,0,0,0,0,0,0,1,2,256,165,166,169,169,168,48467,51300,52506,60742,60742,59146,15,15,15,15,-1,0,0,0,0,0,0,121,209,169,169,212,7230244,-1492965834,-1375694168,33612279,3895,52489,2,0,3472,33725320,33555105,3943,201,528,521,7,5,7680,5680,2814,1448,27817,58656,22786,69,0,0,0,0,0,2,0,0,0,0,0,0,0,0,0,0,0,0,0,0,0,0,0,0,0,0,0,0,0,0,0,0,0,0,0,0,28,35615,0,21021900,98000000,0,3846,0,0,0,0,2,152,20,178,Vaporeon
12-15,18:17:09,NINTEN,Ditto,Cooltrainer M,10,Viridian City - Gym,1,3:19:06.08,3:19:06,3h19m6s,26,152,178,88,12:25,9.047,TRANSFORM,,,,52490,3890,245,522,7,42,4394,4365,18,31500,Vaporeon, ,Normal,Normal,696890,Ditto 2,Ditto,,03:18:57.04,03:19:06.09,12:25:45.19,88,26,3,19,6,9,TRANSFORM,,,,0,0,0,0,0,0,0,1,171,256,165,166,169,169,168,48547,51385,52601,60772,60772,59171,15,15,15,15,0,0,0,0,0,0,0,185,186,190,190,189,7251624,-1492955457,-1375691460,33620574,3895,52490,2,0,3890,33725544,33555269,3973,245,529,522,7,5,7680,5836,2942,1533,27902,58659,22786,71,0,0,0,0,0,2,0,0,0,0,0,0,0,0,0,0,0,0,0,0,0,0,0,0,0,0,0,0,0,0,0,0,0,0,0,0,29,36858,0,21021900,98000000,0,3847,0,0,0,0,2,152,20,178,Vaporeon
12-15,18:17:29,NINTEN,Ditto,Blackbelt,8,Viridian City - Gym,3,3:19:26.45,3:19:26,3h19m26s,26,152,178,88,12:27,11.023,TRANSFORM,,,,52491,3898,251,523,7,45,4397,4365,18,33005,Vaporeon, ,Normal,Normal,699981,Ditto 2,Ditto,,03:19:15.43,03:19:26.46,12:27:05.25,88,26,3,19,26,46,TRANSFORM,,,,0,0,0,0,0,0,0,1,89,256,165,166,169,169,168,48777,51665,52791,60907,60907,59296,15,15,15,15,0,0,0,0,0,0,0,185,186,190,190,189,7256430,-1492954970,-1375688330,33621763,3895,52491,2,0,3898,33725552,33555269,3973,251,530,523,7,5,7680,6332,3277,1700,28069,58662,22786,71,0,0,0,0,0,2,0,0,0,0,0,0,0,0,0,0,0,0,0,0,0,0,0,0,0,0,0,0,0,0,0,0,0,0,0,0,32,39949,0,21021900,98000000,0,3847,0,0,0,0,2,152,20,178,Vaporeon
12-15,18:17:48,NINTEN,Ditto,Blackbelt,6,Viridian City - Gym,2,3:19:45.07,3:19:45,3h19m45s,26,152,178,88,12:28,7.956,TRANSFORM,,,,52491,3919,255,524,7,47,4399,4365,18,33955,Vaporeon, ,Normal,Normal,701985,Ditto 2,Ditto,,03:19:37.11,03:19:45.07,12:28:18.13,88,26,3,19,45,7,TRANSFORM,,,,0,0,0,0,0,0,0,1,140,256,165,166,169,169,168,48927,51845,52911,60992,60992,59376,15,15,15,15,0,0,0,0,0,0,0,185,186,190,190,189,7260798,-1492954117,-1375685945,33622893,3895,52491,2,0,3919,33725573,33555269,3973,255,531,524,7,5,7680,6681,3509,1816,28185,58664,22786,71,0,0,0,0,0,2,0,0,0,0,0,0,0,0,0,0,0,0,0,0,0,0,0,0,0,0,0,0,0,0,0,0,0,0,0,0,34,41953,0,21021900,98000000,0,3847,0,0,0,0,2,152,20,178,Vaporeon
12-15,18:19:05,NINTEN,Ditto,Cooltrainer M,9,Viridian City - Gym,2,3:20:18.43,3:20:18,3h20m18s,26,152,178,88,12:30,9.577,TRANSFORM,,,,52491,3920,255,525,7,50,4402,4365,18,34955,Vaporeon, ,Normal,Normal,704625,Ditto 2,Ditto,,03:20:08.86,03:20:18.44,12:30:29.45,88,26,3,20,18,44,TRANSFORM,,,,0,0,0,0,0,0,0,1,159,256,165,166,169,169,168,49037,52025,53071,61117,61117,59561,15,15,15,15,0,0,0,0,0,0,0,185,186,190,190,189,7268691,-1492953735,-1375683172,33627631,3895,52491,2,0,3920,33725574,33555269,3973,255,532,525,7,5,7680,7080,3704,1913,28282,58667,22786,71,0,0,0,0,0,2,0,0,0,0,0,0,0,0,0,0,0,0,0,0,0,0,0,0,0,0,0,0,0,0,0,0,0,0,0,0,36,44593,0,21021900,98000000,0,3847,0,0,0,0,2,152,20,178,Vaporeon
12-15,18:19:47,NINTEN,Ditto,Giovanni,3,Viridian City - Gym,5,3:21:00.80,3:21:00,3h21m0s,26,152,178,89,12:33,20.084,TRANSFORM,,,,52492,3998,269,526,7,57,4408,4367,18,36320,Vaporeon, ,Normal,Normal,714846,Ditto 2,Ditto,Giovanni,03:20:40.72,03:21:00.81,12:33:16.52,89,26,3,21,0,81,TRANSFORM,,,,9,0,0,0,0,0,0,1,260,260,167,167,172,172,171,49413,52479,53465,61447,61447,59997,15,15,15,15,0,0,0,0,0,0,0,105,70,93,93,149,7278717,-1492951201,-1375677903,33629854,3895,52492,2,0,3998,33725652,33555269,3973,269,533,526,7,5,7680,9558,4464,1913,28282,58672,22788,71,0,0,0,0,0,6,0,0,0,0,0,0,0,0,0,0,0,0,0,0,0,0,0,0,0,0,0,0,0,0,0,0,0,0,0,0,41,54814,0,21021900,98000000,0,3847,0,0,0,0,2,152,20,178,Vaporeon
12-15,18:21:37,NINTEN,Ditto,Rival6-Route 22,10,Route 22,6,3:22:50.40,3:22:50,3h22m50s,27,152,179,89,12:37,28.606,TRANSFORM,,,,52493,4178,290,527,7,66,4417,4373,19,41765,Vaporeon, ,Normal,Normal,724554,Ditto 2,Ditto,Rival (Final),03:22:21.80,03:22:50.41,12:37:51.57,89,27,3,22,50,41,TRANSFORM,,,,8,0,0,0,0,0,0,1,87,260,167,167,172,172,171,49841,52855,53915,62012,62012,60442,15,15,15,15,0,0,0,0,0,0,0,107,115,64,64,73,7295227,-1492944755,-1375670408,33632267,4051,52493,3,0,4178,33725779,33555322,3973,290,534,527,7,5,7680,10701,5346,2086,28455,58677,22788,75,0,0,0,0,0,11,0,1,0,0,0,0,0,0,0,0,0,0,0,0,0,0,0,0,0,0,0,0,0,0,0,0,0,0,0,0,47,64522,0,21021900,98000000,0,3848,0,0,0,0,2,152,20,179,Vaporeon
12-15,18:34:32,NINTEN,Ditto,Lorelei,1,Lorelei's Room,5,3:35:46.06,3:35:46,3h35m46s,38,152,190,99,12:53,85.292,TRANSFORM,,,,52495,4900,457,528,7,102,4441,4402,19,30210,Vaporeon, ,Normal,Normal,980808,Ditto 2,Ditto,Lorelei,03:34:20.78,03:35:46.07,12:53:43.42,99,38,3,35,46,7,TRANSFORM,,,,9,0,0,0,0,0,0,1,221,289,186,187,191,191,190,50271,53230,54400,62462,62462,60767,15,15,15,15,0,0,0,0,-1,0,0,101,112,130,130,4,7352337,-1492917936,-1375649562,33641558,4205,52495,4,0,4900,33725964,33555823,4009,457,535,528,7,5,7680,11781,6181,2858,29227,58692,22800,105,0,0,0,0,0,14,0,1,0,0,5,0,2,0,0,0,0,0,0,0,0,0,0,8,2,2,0,2,2,0,0,5,0,0,0,0,52,75031,0,21021900,98000000,0,3849,5,0,0,0,2,152,20,190,Vaporeon
12-15,18:45:13,NINTEN,Ditto,Bruno,1,Bruno's Room,5,3:39:17.76,3:39:17,3h39m17s,43,152,195,99,12:56,37.017,TRANSFORM,,,,52496,4911,459,529,7,120,4455,4410,19,35754,Vaporeon, ,Normal,Normal,989015,Ditto 2,Ditto,Bruno,03:38:40.75,03:39:17.76,12:56:52.04,99,43,3,39,17,76,TRANSFORM,,,,8,0,0,0,0,0,0,1,245,289,186,187,191,191,190,50531,53675,54932,62657,62657,61125,15,15,15,15,0,-4,0,0,0,0,0,77,67,56,56,109,7363644,-1492916954,-1375640266,33642427,4365,52496,5,0,4911,33725975,33555823,4009,459,536,529,7,5,7680,12764,6840,2902,29271,58703,22804,109,0,0,0,0,0,15,0,1,0,0,5,0,2,0,0,0,0,0,0,0,0,0,0,8,2,2,0,2,2,0,0,5,0,0,0,0,57,83238,0,21021900,98000000,0,3849,5,0,0,0,2,152,20,195,Vaporeon
12-15,18:54:25,NINTEN,Ditto,Agatha,1,Agatha's Room,5,3:48:30.03,3:48:30,3h48m30s,69,152,221,99,13:01,56.304,TRANSFORM,,,,52499,4928,465,530,7,138,4473,4418,19,41496,Vaporeon, ,Normal,Normal,999101,Ditto 2,Ditto,Agatha,03:47:33.74,03:48:30.04,13:01:52.36,99,69,3,48,30,4,TRANSFORM,,,,7,0,0,0,0,0,0,1,247,289,186,187,191,191,190,50831,54020,55236,63172,63172,61610,15,15,15,15,0,0,0,0,0,0,0,87,81,159,159,137,7381691,-1492915327,-1375626367,33644485,4828,52499,8,0,4928,33725992,33555823,4009,465,537,530,7,5,7680,13838,7560,2997,29302,58718,22806,112,0,0,0,0,0,19,0,1,0,5,5,0,2,0,0,0,0,0,0,0,0,0,0,8,2,2,0,12,10,0,0,5,0,0,0,0,62,93324,0,21021900,98000000,0,3849,5,0,0,0,2,152,20,221,Vaporeon
12-15,19:01:46,NINTEN,Ditto,Lance,1,Lance's Room,5,3:53:25.66,3:53:25,3h53m25s,78,152,230,100,13:04,27.156,TRANSFORM,,,,52500,4978,467,531,7,148,4482,4423,19,47436,Vaporeon, ,Normal,Normal,1000000,Ditto 2,Ditto,Lance,03:52:58.50,03:53:25.66,13:04:32.18,100,78,3,53,25,66,TRANSFORM,,,,6,0,0,0,0,0,0,1,44,292,189,190,194,194,193,51219,54552,55605,63572,63572,62041,15,15,15,15,0,-2,0,0,0,0,0,180,58,146,146,121,7391278,-1492913464,-1375619468,33645154,4984,52500,9,0,4978,33726042,33555823,4009,467,538,531,7,5,7680,15445,8578,3245,29550,58726,22807,116,0,0,0,0,0,19,0,2,0,5,5,0,2,0,0,0,0,0,0,0,0,0,0,8,2,2,0,12,10,0,0,5,0,0,0,0,67,104930,0,21021900,98000000,0,3849,5,0,0,0,2,152,20,230,Vaporeon
12-15,19:08:51,NINTEN,Ditto,Champion,3,Champions Room,6,3:58:44.07,3:58:44,3h58m44s,84,152,236,100,13:08,44.497,TRANSFORM,,,,52501,4986,467,532,7,159,4493,4430,19,53574,Vaporeon, ,Normal,Normal,1000000,Ditto 2,Ditto,Champion,03:57:59.58,03:58:44.08,13:08:32.14,100,84,3,58,44,8,TRANSFORM,,,,5,0,0,0,0,0,0,1,55,292,189,190,194,194,193,51697,54998,56075,64217,64217,62516,15,15,15,15,-1,-1,0,0,0,0,0,101,122,102,102,118,7405679,-1492911753,-1375608328,33646549,5139,52501,10,0,4986,33726050,33555823,4009,467,539,532,7,5,7680,17413,9902,3482,29787,58736,22808,122,0,0,0,0,0,24,0,4,0,5,5,0,2,0,0,0,0,0,0,0,0,0,0,8,2,2,0,12,10,0,0,5,0,0,0,0,73,119409,0,21021900,98000000,0,3849,5,0,0,0,2,152,20,236,Vaporeon
12-15,19:09:13,NINTEN,Ditto,Hall of Fame,3,Hall of Fame,6,3:58:44.07,3:58:44,3h58m44s,84,152,236,100,13:10,66.909,TRANSFORM,,,,52501,4995,468,532,7,159,4493,4430,19,60009,Vaporeon, ,Normal,Normal,1000000,Ditto 2,Ditto,Hall of Fame,03:57:59.58,03:58:44.08,13:10:01.03,100,84,3,58,44,8,TRANSFORM,,,,5,0,0,0,0,0,0,1,55,292,189,190,194,194,193,51697,54998,56075,64217,64217,62516,15,15,15,15,-1,-1,0,0,0,0,0,101,122,102,102,118,7411009,-1492906896,-1375607855,33646549,5139,52501,10,0,4995,33726059,33555823,4009,468,539,532,7,5,7680,17413,9902,3482,29787,58736,22808,122,0,0,0,0,0,24,0,4,0,5,5,0,2,0,0,0,0,0,0,0,0,0,0,8,2,2,0,12,10,0,0,5,0,0,0,0,73,119409,0,21021900,98000000,0,3849,5,0,0,0,2,152,20,236,Vaporeon
