date_string,time_string,player_name,pokemon,trainer_name,trainer_id,location,total_pokemon,real_time_total,real_time_hmmss,real_time_file_label,resets,blackouts,failures,level,game_time,battle_duration,move1,move2,move3,move4,move1pp,move2pp,move3pp,move4pp,move1ppUp,move2ppUp,move3ppUp,move4ppUp,saves,steps,bonks,trainerBattles,wildBattles,battleTurns,playerTurns,enemyTurns,itemsInBag,money,rivalTeam,statusCondition,type1,type2,experience,ROM,Species,Trainer,Start Time,Real Time,Game Time,Level,Resets,RTHours,RTMinutes,RTSeconds,RTMilliseconds,Move 1,Move 2,Move 3,Move 4,Hp,Max HP,Attack,Defense,Sp. Attack,Sp. Defense,Speed,Attack DV,Defense DV,Speed DV,Special DV,StatExp HP,StatExp Attack,StatExp Def,StatExp Sp. Attack,StatExp Sp. Defense,StatExp Speed,Attack Stage,Defense Stage,Sp. Attack Stage,Sp. Defense Stage,Speed Stage,Accuracy Stage,Evasion Stage,Battle Attack,Battle Defense,Battle Sp. Attack,Battle Sp. Defense,Battle Speed,Frame Count,Overworld Frame Count,Battle Frame Count,Menu Frame Count,Intro Frame Count,Save Count,Reload Count,Clock Reset Count,Steps Count,Steps Count Walk,Steps Count Bike,Steps Count Surf,Bonks,Battles,Trainer Battles,Wild Battles,Battles Fled,Failed Runs,Total Damage Dealt,Actual Damage Dealt,Total Damage Taken,Actual Damage Taken,Own Moves Hit,Own Moves Missed,Enemy Moves Hit,Enemy Moves Missed,Own Moves Super Effective,Own Moves Not Very Effective,Enemy Moves Super Effective,Enemy Moves Not Very Effective,Criticals Dealt,OHKOs Dealt,Criticals Taken,OHKOs Taken,Was Confused,Enemy Became Confused,Was Paralyzed,Enemy Was Paralyzed,Was Burned,Enemy Was Burned,Was Frozen,Enemy Was Frozen,Was Poisoned,Enemy Was Poisoned,Was Badly Poisoned,Enemy Was Badly Poisoned,Fell Asleep,Enemy Fell Asleep,Player Turns Confused,Player Turns Confused Hit Self,Player Turns Paralyzed,Player Turns Paralyzed Fully,Enemy Turns Confused,Enemy Turns Confused Hit Self,Enemy Turns Paralyzed,Enemy Turns Paralyzed Fully, Player Turns Asleep, Enemy Turns Asleep,Player HP Healed,Enemy HP Healed,Player Pokemon Fainted,Enemy Pokemon Fainted,Experience Gained,Switchouts,Money Made,Money Spent,Money Lost,Items Picked Up,Items Bought,Items Sold,Balls Thrown,Pokemon Caught In Balls,Moves Learnt,Blackouts,Attempt Number,Failures, Rival's Team
12-14,12:53:29,NINTEN,Ditto,Rival1a-Route 22,2,Route 22,2,6:27.90,6:27,0h6m27s,0,9,9,10,0:25,17.515,TRANSFORM,,,,0,912,33,10,8,108,107,101,1,0,Vaporeon, ,Normal,Normal,1281,Ditto 2,Ditto,Rival (Optional),00:06:10.39,00:06:27.91,00:25:01.53,10,0,0,6,27,91,TRANSFORM,,,,9,0,0,0,0,0,0,0,21,33,18,18,18,18,18,415,595,320,344,344,685,15,15,15,15,-1,-2,0,0,0,-2,0,11,5,12,12,19,92025,31291,58794,0,1940,0,0,0,912,912,0,0,33,18,10,8,7,0,390,357,316,266,92,25,81,0,0,0,0,0,7,0,4,0,0,0,0,0,0,0,0,0,0,0,0,0,0,0,0,0,0,0,0,0,0,0,0,0,0,0,8,10,1156,0,0,0,0,0,10,0,0,0,0,9,18,9,Vaporeon
12-14,12:54:29,NINTEN,Ditto,Bug Catcher,3,Viridian Forest,1,7:27.77,7:27,0h7m27s,0,9,9,11,0:28,21.751,TRANSFORM,,,,0,1174,54,11,9,121,120,113,2,280,Vaporeon, ,Normal,Normal,1393,Ditto 2,Ditto,,00:07:06.02,00:07:27.77,00:28:59.04,11,0,0,7,27,77,TRANSFORM,,,,8,0,0,0,0,0,0,0,15,35,19,19,19,19,19,460,625,355,364,364,730,15,15,15,15,0,0,0,0,-4,0,0,12,13,10,10,4,106256,38666,65307,343,1940,0,0,0,1174,1174,0,0,54,20,11,9,7,0,424,387,336,286,103,30,89,0,0,0,0,0,8,0,4,0,0,0,0,0,0,0,0,0,0,0,0,0,0,0,0,0,0,0,0,0,0,0,0,0,0,0,8,11,1268,0,0,0,0,5,10,0,0,0,0,9,18,9,Vaporeon
12-14,13:06:44,NINTEN,Ditto,Jr Trainer M,1,Pewter City - Gym,2,19:42.78,19:42,0h19m42s,0,33,33,18,1:17,13.167,TRANSFORM,,,,0,3210,124,36,29,352,351,319,2,0,Vaporeon, ,Normal,Normal,5998,Ditto 2,Ditto,,00:19:29.62,00:19:42.79,01:17:20.09,18,0,0,19,42,79,TRANSFORM,,,,9,0,0,0,0,0,0,0,19,52,30,29,29,29,30,1358,2897,1675,2034,2034,4119,15,15,15,15,0,0,0,0,0,0,0,16,10,14,14,23,280321,82404,195634,343,1940,0,0,0,3210,3210,0,0,124,65,36,29,11,0,2088,1601,1512,1355,271,54,289,0,0,0,0,0,32,0,30,0,0,0,0,0,0,0,0,0,0,0,0,0,0,0,0,0,0,0,0,0,0,0,0,0,0,0,32,53,5873,0,0,0,0,5,11,0,0,0,0,33,18,33,Vaporeon
12-14,13:07:48,NINTEN,Ditto,Bug Catcher,2,Viridian Forest,3,20:46.74,20:46,0h20m46s,0,33,33,18,1:21,42.941,TRANSFORM,,,,0,3402,134,37,29,378,377,344,2,180,Vaporeon, ,Normal,Normal,6247,Ditto 2,Ditto,,00:20:03.81,00:20:46.75,01:21:33.22,18,0,0,20,46,75,TRANSFORM,,,,8,0,0,0,0,0,0,0,19,52,30,29,29,29,30,1503,2967,1820,2104,2104,4224,15,15,15,15,0,5,0,0,0,0,0,8,42,8,8,9,295515,86205,206366,1004,1940,0,0,0,3402,3402,0,0,134,66,37,29,11,0,2194,1667,1545,1388,291,55,291,0,0,0,0,0,33,0,31,0,0,0,0,0,0,0,0,0,0,0,0,0,0,0,0,0,0,0,0,0,0,0,0,0,0,0,32,56,6122,0,0,0,0,5,11,0,0,0,0,33,18,33,Vaporeon
12-14,13:10:20,NINTEN,Ditto,Brock,1,Pewter City - Gym,2,23:18.94,23:18,0h23m18s,2,33,35,18,1:27,21.481,TRANSFORM,,,,1,3645,152,38,37,396,395,358,2,40,Vaporeon, ,Normal,Normal,6707,Ditto 2,Ditto,Brock,00:22:57.48,00:23:18.96,01:27:38.08,18,2,0,23,18,96,TRANSFORM,,,,0,0,0,0,0,0,0,0,8,52,30,29,29,29,30,1578,3092,2080,2164,2164,4314,15,15,15,15,0,-2,0,0,0,0,0,30,14,29,29,30,317405,93125,219755,2431,2094,1,1,0,3645,3645,0,0,152,75,38,37,19,0,2258,1728,1601,1444,301,56,300,0,0,0,0,0,34,0,33,0,0,0,0,0,0,0,0,0,0,0,0,0,0,0,0,0,0,0,0,0,0,0,0,0,0,0,32,58,6582,0,0,0,0,5,13,0,0,0,0,33,18,35,Vaporeon
12-14,13:10:56,NINTEN,Ditto,Bug Catcher,4,Route 3,3,23:54.55,23:54,0h23m54s,2,33,35,19,1:29,10.593,TRANSFORM,,,,2,3726,161,39,37,399,398,358,2,128,Vaporeon, ,Normal,Normal,7042,Ditto 2,Ditto,,00:23:43.96,00:23:54.55,01:29:58.11,19,2,0,23,54,55,TRANSFORM,,,,0,0,0,0,0,0,0,0,10,54,31,31,31,31,31,1708,3187,2180,2224,2224,4454,15,15,15,15,0,0,0,0,0,0,0,34,31,31,31,31,325809,96695,223267,3753,2094,2,1,0,3726,3726,0,0,161,76,39,37,19,0,2365,1817,1645,1488,304,56,300,0,0,0,0,0,34,0,33,0,0,0,0,0,0,0,0,0,0,0,0,0,0,0,0,0,0,0,0,0,0,0,0,0,0,0,32,61,6917,0,0,0,0,5,20,1,0,0,0,33,18,35,Vaporeon
12-14,13:11:09,NINTEN,Ditto,Youngster Ben,1,Route 3,2,24:07.36,24:07,0h24m7s,2,33,35,19,1:30,7.126,TRANSFORM,,,,2,3730,162,40,37,401,400,358,2,228,Vaporeon, ,Normal,Normal,7320,Ditto 2,Ditto,,00:24:00.25,00:24:07.38,01:30:48.18,19,2,0,24,7,38,TRANSFORM,,,,0,0,0,0,0,0,0,0,21,54,31,31,31,31,31,1773,3303,2259,2289,2289,4581,15,15,15,15,0,0,0,0,0,0,0,34,31,31,31,31,328815,96938,225457,4326,2094,2,1,0,3730,3730,0,0,162,77,40,37,19,0,2427,1876,1674,1517,306,56,300,0,0,0,0,0,34,0,33,0,0,0,0,0,0,0,0,0,0,0,0,0,0,0,0,0,0,0,0,0,0,0,0,0,0,0,32,63,7195,0,0,0,0,5,20,1,0,0,0,33,18,35,Vaporeon
12-14,13:11:23,NINTEN,Ditto,Lass,2,Route 3,2,24:21.76,24:21,0h24m21s,2,33,35,19,1:31,7.801,TRANSFORM,,,,2,3738,163,41,37,403,402,359,2,393,Vaporeon, ,Normal,Normal,7568,Ditto 2,Ditto,,00:24:13.97,00:24:21.77,01:31:44.40,19,2,0,24,21,77,TRANSFORM,,,,0,0,0,0,0,0,0,0,21,54,31,31,31,31,31,1849,3416,2334,2354,2354,4703,15,15,15,15,0,0,0,0,0,0,0,34,31,31,31,31,332197,97420,227812,4871,2094,2,1,0,3738,3738,0,0,163,78,41,37,19,0,2515,1933,1707,1550,308,56,301,0,0,0,0,0,35,0,33,0,0,0,0,0,0,0,0,0,0,0,0,0,0,0,0,0,0,0,0,0,0,0,0,0,0,0,32,65,7443,0,0,0,0,5,20,1,0,0,0,33,18,35,Vaporeon
12-14,13:11:42,NINTEN,Ditto,Bug Catcher,6,Route 3,2,24:40.86,24:40,0h24m40s,2,33,35,19,1:32,10.477,TRANSFORM,,,,2,3794,168,42,37,407,406,361,2,543,Vaporeon, ,Normal,Normal,7861,Ditto 2,Ditto,,00:24:30.40,00:24:40.88,01:32:59.55,19,2,0,24,40,88,TRANSFORM,,,,0,0,0,0,0,0,0,0,7,54,31,31,31,31,31,1944,3466,2424,2399,2399,4778,15,15,15,15,0,0,0,0,0,0,0,34,31,31,31,31,336712,98631,230773,5214,2094,2,1,0,3794,3794,0,0,168,79,42,37,19,0,2616,1998,1741,1584,312,56,302,0,0,0,0,0,35,0,33,0,0,0,0,0,0,0,0,0,0,0,0,0,0,0,0,0,0,0,0,0,0,0,0,0,0,0,32,67,7736,0,0,0,0,5,20,1,0,0,0,33,18,35,Vaporeon
12-14,13:13:09,NINTEN,Ditto,Super Nerd,1,Mt Moon - 1,2,26:08.22,26:08,0h26m8s,2,33,35,20,1:38,9.807,TRANSFORM,,,,3,4357,207,43,37,410,409,362,3,3,Vaporeon, ,Normal,Normal,8310,Ditto 2,Ditto,,00:25:58.42,00:26:08.23,01:38:45.21,20,2,0,26,8,23,TRANSFORM,,,,0,0,0,0,0,0,0,0,18,58,33,32,32,32,33,4569,3531,2544,2549,2549,4923,15,15,15,15,0,0,0,0,0,0,0,37,32,32,32,33,357438,114351,233524,7469,2094,3,1,0,4357,4357,0,0,207,80,43,37,19,0,2688,2057,1772,1615,315,56,303,0,0,0,0,0,35,0,33,0,0,0,0,0,0,0,0,0,0,0,0,0,0,0,0,0,0,0,0,0,0,0,0,0,0,0,32,69,8185,0,0,0,0,12,29,4,0,0,0,33,18,35,Vaporeon
12-14,13:14:27,NINTEN,Ditto,Fossil Nerd,2,Mt Moon - 3,3,27:26.12,27:26,0h27m26s,4,33,37,20,1:41,14.59,TRANSFORM,,,,4,4578,208,44,37,416,415,365,3,278,Vaporeon, ,Normal,Normal,9097,Ditto 2,Ditto,,00:27:11.54,00:27:26.13,01:41:22.50,20,4,0,27,26,13,TRANSFORM,,,,0,0,0,0,0,0,0,0,3,58,33,32,32,32,33,4729,3706,2739,2704,2704,5083,15,15,15,15,0,0,0,0,0,0,0,37,32,32,32,33,366892,118980,237397,8258,2257,4,2,0,4578,4578,0,0,208,81,44,37,19,0,2841,2166,1827,1670,321,58,305,0,0,0,0,0,35,0,33,0,0,0,0,0,0,0,0,0,0,0,0,0,0,0,0,0,0,0,0,0,0,0,0,0,0,0,32,72,8972,0,0,0,0,12,29,4,0,0,0,33,18,37,Vaporeon
12-14,13:19:50,NINTEN,Ditto,Rocket,42,Mt Moon - 3,3,32:49.20,32:49,0h32m49s,18,34,52,21,1:43,15.838,TRANSFORM,,,,5,4596,210,45,37,422,421,368,4,578,Vaporeon, ,Normal,Normal,9832,Ditto 2,Ditto,,00:32:33.37,00:32:49.21,01:43:19.41,21,18,0,32,49,21,TRANSFORM,,,,0,0,0,0,0,0,0,0,2,61,34,34,34,34,35,4844,3876,2913,2844,2844,5263,15,15,15,15,-1,0,0,0,0,0,0,24,34,34,34,35,373908,120682,241563,9251,2412,5,3,0,4596,4596,0,0,210,82,45,37,19,0,2988,2276,1886,1729,327,59,307,0,0,0,0,0,36,0,33,0,0,0,0,0,0,0,0,0,0,0,0,0,0,0,0,0,0,0,0,0,0,0,0,0,0,0,32,75,9707,0,0,0,0,12,29,4,0,0,0,34,18,52,Vaporeon
12-14,13:23:00,NINTEN,Ditto,Rival2-Nugget Bridge,3,Cerulean City,4,35:58.49,35:58,0h35m58s,18,39,57,22,1:55,25.962,TRANSFORM,,,,5,5021,247,51,37,465,462,406,4,9,Vaporeon, ,Normal,Normal,12060,Ditto 2,Ditto,Rival (Nugget Bridge),00:35:32.53,00:35:58.49,01:55:47.44,22,18,0,35,58,49,TRANSFORM,,,,9,0,0,0,0,0,0,0,10,63,36,35,35,35,36,5229,4437,3318,3149,3149,5820,15,15,15,15,-1,-1,0,0,0,-1,0,23,11,19,19,33,418791,135826,271302,9251,2412,5,3,0,5021,5021,0,0,247,88,51,37,19,0,3568,2804,2287,2093,355,72,339,0,0,0,0,0,39,0,33,0,0,0,0,0,0,0,0,0,0,0,0,0,0,0,0,0,0,0,0,0,0,0,0,0,0,0,37,84,11935,0,0,0,0,15,34,6,0,0,0,39,18,57,Vaporeon
12-14,13:24:30,NINTEN,Ditto,Bug Catcher,9,Route 24,2,37:28.62,37:28,0h37m28s,18,39,57,23,2:01,9.617,TRANSFORM,,,,6,5276,260,52,47,478,475,417,4,604,Vaporeon, ,Normal,Normal,12375,Ditto 2,Ditto,,00:37:19.02,00:37:28.64,02:01:42.23,23,18,0,37,28,64,TRANSFORM,,,,0,0,0,0,0,0,0,0,20,66,37,37,37,37,38,5314,4502,3383,3189,3189,5915,15,15,15,15,0,0,0,0,-1,0,0,41,37,37,37,25,440071,142865,284622,10172,2412,6,3,0,5276,5276,0,0,260,99,52,47,29,0,3689,2879,2353,2159,358,73,349,0,0,0,0,0,39,0,34,0,0,0,0,0,0,0,0,0,0,0,0,0,0,0,0,0,0,0,0,0,0,0,0,0,0,0,37,86,12250,0,0,0,0,15,34,6,0,0,0,39,18,57,Vaporeon
12-14,13:24:47,NINTEN,Ditto,Lass,8,Route 24,2,37:45.79,37:45,0h37m45s,18,39,57,23,2:02,9.535,TRANSFORM,,,,7,5280,262,53,47,481,478,419,4,744,Vaporeon, ,Normal,Normal,12717,Ditto 2,Ditto,,00:37:36.26,00:37:45.79,02:02:49.43,23,18,0,37,45,79,TRANSFORM,,,,0,0,0,0,0,0,0,0,15,66,37,37,37,37,38,5409,4594,3475,3264,3264,6012,15,15,15,15,-1,0,0,0,0,0,0,27,37,37,37,38,444110,143104,287395,11199,2412,7,3,0,5280,5280,0,0,262,100,53,47,29,0,3804,2957,2398,2204,361,73,351,0,0,0,0,0,40,0,34,0,0,0,0,0,0,0,0,0,0,0,0,0,0,0,0,0,0,0,0,0,0,0,0,0,0,0,37,88,12592,0,0,0,0,15,34,6,0,0,0,39,18,57,Vaporeon
12-14,13:25:06,NINTEN,Ditto,Youngster,4,Route 24,3,38:04.93,38:04,0h38m4s,18,39,57,23,2:04,11.39,TRANSFORM,,,,8,5284,264,54,47,485,482,420,4,954,Vaporeon, ,Normal,Normal,13236,Ditto 2,Ditto,,00:37:53.55,00:38:04.94,02:04:04.54,23,18,0,38,4,94,TRANSFORM,,,,0,0,0,0,0,0,0,0,2,66,37,37,37,37,38,5514,4755,3589,3369,3369,6194,15,15,15,15,0,-1,0,0,0,0,0,46,24,37,37,38,448621,143408,290585,12216,2412,8,3,0,5284,5284,0,0,264,101,54,47,29,0,3922,3064,2451,2257,364,74,352,0,0,0,0,0,40,0,34,0,0,0,0,0,0,0,0,0,0,0,0,0,0,0,0,0,0,0,0,0,0,0,0,0,0,0,37,91,13111,0,0,0,0,15,34,6,0,0,0,39,18,57,Vaporeon
12-14,13:25:44,NINTEN,Ditto,Lass,7,Route 24,2,38:42.68,38:42,0h38m42s,18,39,57,23,2:06,10.948,TRANSFORM,,,,9,5417,279,55,47,489,486,423,4,14,Vaporeon, ,Normal,Normal,13624,Ditto 2,Ditto,,00:38:31.73,00:38:42.68,02:06:33.37,23,18,0,38,42,68,TRANSFORM,,,,0,0,0,0,0,0,0,0,3,66,37,37,37,37,38,5609,4847,3681,3444,3444,6291,15,15,15,15,0,0,0,0,0,0,0,41,37,37,37,38,457544,147968,293678,13486,2412,9,3,0,5417,5417,0,0,279,102,55,47,29,0,4044,3151,2510,2316,368,74,355,0,0,0,0,0,40,0,34,0,0,0,0,0,0,0,0,0,0,0,0,0,0,0,0,0,0,0,0,0,0,0,0,0,0,0,37,93,13499,0,0,0,0,15,38,7,0,0,0,39,18,57,Vaporeon
12-14,13:25:59,NINTEN,Ditto,Jr Trainer M,3,Route 24,1,38:57.94,38:57,0h38m57s,18,39,57,24,2:07,6.68,TRANSFORM,,,,10,5421,281,56,47,491,488,424,4,254,Vaporeon, ,Normal,Normal,13909,Ditto 2,Ditto,,00:38:51.27,00:38:57.95,02:07:33.22,24,18,0,38,57,95,TRANSFORM,,,,0,0,0,0,0,0,0,0,43,68,39,38,38,38,40,5649,4927,3716,3479,3479,6361,15,15,15,15,0,0,0,0,0,0,0,43,38,38,38,40,461129,148232,295754,14731,2412,10,3,0,5421,5421,0,0,281,103,56,47,29,0,4109,3196,2532,2338,370,75,355,0,0,0,0,0,40,0,34,0,0,0,0,0,0,0,0,0,0,0,0,0,0,0,0,0,0,0,0,0,0,0,0,0,0,0,37,94,13784,0,0,0,0,15,38,7,0,0,0,39,18,57,Vaporeon
12-14,13:26:19,NINTEN,Ditto,Rocket,6,Route 24,2,39:17.59,39:17,0h39m17s,18,39,57,24,2:08,9.299,TRANSFORM,,,,11,5427,283,57,47,494,491,425,5,614,Vaporeon, ,Normal,Normal,14279,Ditto 2,Ditto,,00:39:08.31,00:39:17.61,02:08:50.55,24,18,0,39,17,61,TRANSFORM,,,,0,0,0,0,0,0,0,0,23,68,39,38,38,38,40,5724,5032,3795,3559,3559,6471,15,15,15,15,0,0,0,0,0,0,0,43,38,38,38,40,465782,149334,298467,15569,2412,11,3,0,5427,5427,0,0,283,104,57,47,29,0,4249,3273,2572,2378,373,75,356,0,0,0,0,0,41,0,34,0,0,0,0,0,0,0,0,0,0,0,0,0,0,0,0,0,0,0,0,0,0,0,0,0,0,0,37,96,14154,0,0,0,0,15,38,7,0,0,0,39,18,57,Vaporeon
12-14,13:26:55,NINTEN,Ditto,Hiker,2,Route 25,2,39:53.43,39:53,0h39m53s,18,39,57,24,2:11,14.814,TRANSFORM,,,,12,5469,285,58,47,500,497,429,6,1064,Vaporeon, ,Normal,Normal,14837,Ditto 2,Ditto,,00:39:38.63,00:39:53.45,02:11:12.20,24,18,0,39,53,45,TRANSFORM,,,,0,0,0,0,0,0,0,0,5,68,39,38,38,38,40,5834,5192,3945,3624,3624,6526,15,15,15,15,0,0,0,0,0,0,0,43,38,38,38,40,474267,152233,302492,17130,2412,12,3,0,5469,5469,0,0,285,105,58,47,29,0,4355,3360,2630,2436,379,75,358,0,0,0,0,0,43,0,35,0,0,0,0,0,0,0,0,0,0,0,0,0,0,0,0,0,0,0,0,0,0,0,0,0,0,0,37,98,14712,0,0,0,0,16,38,7,0,0,0,39,18,57,Vaporeon
12-14,13:27:21,NINTEN,Ditto,Lass,9,Route 25,2,40:19.40,40:19,0h40m19s,18,39,57,24,2:12,11.696,TRANSFORM,,,,13,5489,289,59,47,504,501,431,7,1589,Vaporeon, ,Normal,Normal,15218,Ditto 2,Ditto,,00:40:07.72,00:40:19.41,02:12:54.30,24,18,0,40,19,41,TRANSFORM,,,,0,0,0,0,0,0,0,0,4,68,39,38,38,38,40,5935,5296,4037,3704,3704,6617,15,15,15,15,0,-1,0,0,0,0,0,48,25,38,38,40,480397,153735,305756,18494,2412,13,3,0,5489,5489,0,0,289,106,59,47,29,0,4515,3444,2691,2497,383,75,360,0,0,0,0,0,44,0,35,0,0,0,0,0,0,0,0,0,0,0,0,0,0,0,0,0,0,0,0,0,0,0,0,0,0,0,37,100,15093,0,0,0,0,17,38,7,0,0,0,39,18,57,Vaporeon
12-14,13:27:40,NINTEN,Ditto,Jr Trainer M,2,Route 25,2,40:38.62,40:38,0h40m38s,18,39,57,24,2:14,8.493,TRANSFORM,,,,14,5501,291,60,47,507,504,432,7,1814,Vaporeon, ,Normal,Normal,15575,Ditto 2,Ditto,,00:40:30.13,00:40:38.62,02:14:09.48,24,18,0,40,38,62,TRANSFORM,,,,0,0,0,0,0,0,0,0,30,68,39,38,38,38,40,6000,5412,4116,3769,3769,6744,15,15,15,15,0,0,0,0,0,0,0,43,38,38,38,40,484915,154378,308253,19872,2412,14,3,0,5501,5501,0,0,291,107,60,47,29,0,4624,3514,2725,2531,386,76,360,0,0,0,0,0,44,0,35,0,0,0,0,0,0,0,0,0,0,0,0,0,0,0,0,0,0,0,0,0,0,0,0,0,0,0,37,102,15450,0,0,0,0,17,38,7,0,0,0,39,18,57,Vaporeon
12-14,13:28:02,NINTEN,Ditto,Oddish Lass,10,Route 25,3,41:01.03,41:01,0h41m1s,18,39,57,25,2:15,12.811,TRANSFORM,,,,15,5516,291,61,47,511,508,434,7,2094,Vaporeon, ,Normal,Normal,16160,Ditto 2,Ditto,Oddish Lass,00:40:48.23,00:41:01.04,02:15:38.02,25,18,0,41,1,4,TRANSFORM,,,,0,0,0,0,0,0,0,0,15,71,41,40,40,40,41,6130,5557,4266,3954,3954,6860,15,15,15,15,0,0,0,0,0,0,0,46,40,40,40,41,490209,155063,311784,20950,2412,15,3,0,5516,5516,0,0,291,108,61,47,29,0,4772,3622,2781,2587,390,77,361,0,0,0,0,0,44,0,35,0,0,0,0,0,0,0,0,0,0,0,0,0,0,0,0,0,0,0,0,0,0,0,0,0,0,0,37,105,16035,0,0,0,0,17,38,7,0,0,0,39,18,57,Vaporeon
12-14,13:29:08,NINTEN,Ditto,Swimmer,1,Cerulean City - Gym,2,42:06.57,42:06,0h42m6s,18,39,57,25,2:19,12.32,TRANSFORM,,,,16,5714,305,62,47,516,513,437,7,189,Vaporeon, ,Normal,Normal,16774,Ditto 2,Ditto,,00:41:54.25,00:42:06.57,02:19:56.53,25,18,0,42,6,57,TRANSFORM,,,,0,0,0,0,0,0,0,0,24,71,41,40,40,40,41,6190,5662,4436,4069,4069,6960,15,15,15,15,0,0,0,0,0,0,0,46,40,40,40,41,505740,165262,315197,22869,2412,16,3,0,5714,5714,0,0,305,109,62,47,29,0,4892,3698,2828,2634,395,77,363,0,0,0,0,0,45,0,35,0,0,0,0,0,0,0,0,0,0,0,0,0,0,0,0,0,0,0,0,0,0,0,0,0,0,0,37,107,16649,0,0,0,0,18,65,9,0,0,0,39,18,57,Vaporeon
12-14,13:29:21,NINTEN,Ditto,Pecking Lass,1,Cerulean City - Gym,1,42:19.70,42:19,0h42m19s,18,39,57,25,2:20,6.19,TRANSFORM,,,,16,5722,308,63,47,518,515,438,7,269,Vaporeon, ,Normal,Normal,17225,Ditto 2,Ditto,,00:42:13.52,00:42:19.71,02:20:48.24,25,18,0,42,19,71,TRANSFORM,,,,0,0,0,0,0,0,0,0,34,71,41,40,40,40,41,6235,5729,4496,4119,4119,7023,15,15,15,15,0,0,0,0,0,0,0,46,40,40,40,41,508831,165754,317169,23496,2412,16,3,0,5722,5722,0,0,308,110,63,47,29,0,4950,3747,2858,2664,397,77,364,0,0,0,0,0,45,0,35,0,0,0,0,0,0,0,0,0,0,0,0,0,0,0,0,0,0,0,0,0,0,0,0,0,0,0,37,108,17100,0,0,0,0,18,65,9,0,0,0,39,18,57,Vaporeon
12-14,13:31:40,NINTEN,Ditto,Misty,1,Cerulean City - Gym,2,44:38.56,44:38,0h44m38s,18,42,60,27,2:29,27.528,TRANSFORM,,,,17,5819,329,67,47,572,563,485,7,81,Vaporeon, ,Normal,Normal,19788,Ditto 2,Ditto,Misty,00:44:11.04,00:44:38.57,02:29:57.32,27,18,0,44,38,57,TRANSFORM,,,,9,0,0,0,0,0,0,0,9,76,44,43,43,43,44,6415,5984,4801,4499,4499,7478,15,15,15,15,0,0,0,0,0,0,0,27,27,33,33,38,541780,169603,345207,24558,2412,17,3,0,5819,5819,0,0,329,114,67,47,29,0,5329,4087,3416,3037,440,82,393,0,0,0,0,0,52,0,36,0,0,0,0,0,0,0,0,0,0,0,0,0,0,0,0,0,0,0,0,0,0,0,0,0,0,0,43,113,19663,0,0,0,0,18,65,9,0,0,0,42,18,60,Vaporeon
12-14,13:34:04,NINTEN,Ditto,Cerulean Rocket,5,Cerulean City,2,47:02.56,47:02,0h47m2s,20,42,62,27,2:36,11.379,TRANSFORM,,,,18,6116,351,68,56,586,577,498,7,160,Vaporeon, ,Normal,Normal,20477,Ditto 2,Ditto,Rocket,00:46:51.20,00:47:02.58,02:36:19.32,27,20,0,47,2,58,TRANSFORM,,,,0,0,0,0,0,0,0,0,52,76,44,43,43,43,44,6545,6112,4896,4624,4624,7555,15,15,15,15,0,0,0,0,0,0,0,35,24,19,19,19,564704,178537,358187,25413,2567,18,4,0,6116,6116,0,0,351,124,68,56,38,0,5469,4190,3468,3089,444,84,403,0,0,0,0,0,55,0,37,0,0,0,0,0,0,0,0,0,0,0,0,0,0,0,0,0,0,0,0,0,0,0,0,0,0,0,43,115,20352,0,0,0,0,18,75,10,0,0,0,42,18,62,Vaporeon
12-14,13:35:15,NINTEN,Ditto,Jr Trainer F,25,Route 6,1,48:13.46,48:13,0h48m13s,22,42,64,27,2:38,10.018,TRANSFORM,,,,19,6273,363,69,56,590,581,501,9,670,Vaporeon, ,Normal,Normal,20849,Ditto 2,Ditto,,00:48:03.46,00:48:13.48,02:38:27.00,27,22,0,48,13,48,TRANSFORM,,,,0,0,0,0,0,0,0,0,32,76,44,43,43,43,44,6595,6162,4991,4664,4664,7590,15,15,15,15,-1,-1,0,0,0,0,0,36,28,43,43,44,572358,182479,361102,26053,2724,19,5,0,6273,6273,0,0,363,125,69,56,38,0,5553,4243,3508,3129,448,84,406,0,0,0,0,0,56,0,37,0,0,0,0,0,0,0,0,0,0,0,0,0,0,0,0,0,0,0,0,0,0,0,0,0,0,0,43,116,20724,0,0,0,0,19,75,10,0,0,0,42,18,64,Vaporeon
12-14,13:35:30,NINTEN,Ditto,Jr Trainer M,10,Route 6,1,48:28.60,48:28,0h48m28s,22,42,64,27,2:39,6.277,TRANSFORM,,,,20,6278,364,70,56,592,583,502,9,1070,Vaporeon, ,Normal,Normal,21366,Ditto 2,Ditto,,00:48:22.33,00:48:28.60,02:39:26.24,27,22,0,48,28,60,TRANSFORM,,,,0,0,0,0,0,0,0,0,40,76,44,43,43,43,44,6660,6252,5041,4749,4749,7645,15,15,15,15,0,0,0,0,0,0,0,49,43,43,43,44,575922,182952,363119,27127,2724,20,5,0,6278,6278,0,0,364,126,70,56,38,0,5626,4292,3540,3161,450,84,407,0,0,0,0,0,56,0,37,0,0,0,0,0,0,0,0,0,0,0,0,0,0,0,0,0,0,0,0,0,0,0,0,0,0,0,43,117,21241,0,0,0,0,19,75,10,0,0,0,42,18,64,Vaporeon
12-14,13:36:06,NINTEN,Ditto,Bug Catcher,10,Route 6,3,49:04.53,49:04,0h49m4s,23,42,65,27,2:40,9.978,TRANSFORM,,,,21,6289,364,71,56,595,586,502,9,1390,Vaporeon, ,Normal,Normal,21901,Ditto 2,Ditto,,00:48:54.56,00:49:04.54,02:40:43.45,27,23,0,49,4,54,TRANSFORM,,,,0,0,0,0,0,0,0,0,15,76,44,43,43,43,44,6785,6352,5136,4809,4809,7790,15,15,15,15,0,0,0,0,0,0,0,49,43,43,43,44,580569,183633,365976,28082,2878,21,6,0,6289,6289,0,0,364,127,71,56,38,0,5772,4416,3601,3222,453,84,407,0,0,0,0,0,56,0,37,0,0,0,0,0,0,0,0,0,0,0,0,0,0,0,0,0,0,0,0,0,0,0,0,0,0,0,43,120,21776,0,0,0,0,19,75,10,0,0,0,42,18,65,Vaporeon
12-14,13:36:29,NINTEN,Ditto,Sandy,3,Route 6,3,49:27.73,49:27,0h49m27s,23,42,65,28,2:42,11.786,TRANSFORM,,,,22,6318,367,72,56,598,589,504,9,1550,Vaporeon, ,Normal,Normal,22462,Ditto 2,Ditto,,00:49:15.96,00:49:27.74,02:42:14.51,28,23,0,49,27,74,TRANSFORM,,,,0,0,0,0,0,0,0,0,5,78,45,45,45,45,46,6905,6487,5256,4914,4914,7958,15,15,15,15,0,0,0,0,0,0,0,50,45,45,45,46,586035,184521,369286,29350,2878,22,6,0,6318,6318,0,0,367,128,72,56,38,0,5910,4539,3673,3294,456,84,409,0,0,0,0,0,56,0,37,0,0,0,0,0,0,0,0,0,0,0,0,0,0,0,0,0,0,0,0,0,0,0,0,0,0,0,43,123,22337,0,0,0,0,19,75,10,0,0,0,42,18,65,Vaporeon
12-14,13:36:46,NINTEN,Ditto,Jr Trainer M,5,Route 6,2,49:45.15,49:45,0h49m45s,23,42,65,28,2:43,7.48,TRANSFORM,,,,23,6321,367,73,56,600,591,504,9,1870,Vaporeon, ,Normal,Normal,23057,Ditto 2,Ditto,,00:49:37.69,00:49:45.17,02:43:22.50,28,23,0,49,45,17,TRANSFORM,,,,0,0,0,0,0,0,0,0,35,78,45,45,45,45,46,7000,6628,5346,4995,4995,8125,15,15,15,15,0,0,0,0,0,0,0,50,45,45,45,46,590114,184830,371561,30845,2878,23,6,0,6321,6321,0,0,367,129,73,56,38,0,6022,4626,3716,3337,458,84,409,0,0,0,0,0,57,0,37,0,0,0,0,0,0,0,0,0,0,0,0,0,0,0,0,0,0,0,0,0,0,0,0,0,0,0,43,125,22932,0,0,0,0,19,75,10,0,0,0,42,18,65,Vaporeon
12-14,13:37:06,NINTEN,Ditto,Youngster,9,Route 11,1,50:04.83,50:04,0h50m4s,23,42,65,28,2:44,6.265,TRANSFORM,,,,24,6384,368,74,56,602,593,505,9,2190,Vaporeon, ,Normal,Normal,23336,Ditto 2,Ditto,,00:49:58.57,00:50:04.84,02:44:40.16,28,23,0,50,4,84,TRANSFORM,,,,0,0,0,0,0,0,0,0,46,78,45,45,45,45,46,7035,6688,5390,5035,5035,8180,15,15,15,15,0,0,0,0,0,0,0,50,45,45,45,46,594760,186288,373560,32034,2878,24,6,0,6384,6384,0,0,368,130,74,56,38,0,6095,4675,3745,3366,460,84,410,0,0,0,0,0,57,0,37,0,0,0,0,0,0,0,0,0,0,0,0,0,0,0,0,0,0,0,0,0,0,0,0,0,0,0,43,126,23211,0,0,0,0,19,75,10,0,0,0,42,18,65,Vaporeon
12-14,13:37:26,NINTEN,Ditto,Youngster,10,Route 11,2,50:24.37,50:24,0h50m24s,23,42,65,28,2:45,10.822,TRANSFORM,,,,25,6405,368,75,56,606,597,507,9,2505,Vaporeon, ,Normal,Normal,23933,Ditto 2,Ditto,,00:50:13.55,00:50:24.37,02:45:57.16,28,23,0,50,24,37,TRANSFORM,,,,0,0,0,0,0,0,0,0,9,78,45,45,45,45,46,7125,6808,5510,5105,5105,8275,15,15,15,15,0,0,0,0,0,0,0,50,45,45,45,46,599380,187019,376617,32866,2878,25,6,0,6405,6405,0,0,368,131,75,56,38,0,6247,4774,3802,3423,464,84,412,0,0,0,0,0,58,0,37,0,0,0,0,0,0,0,0,0,0,0,0,0,0,0,0,0,0,0,0,0,0,0,0,0,0,0,43,128,23808,0,0,0,0,19,75,10,0,0,0,42,18,65,Vaporeon
12-14,13:37:46,NINTEN,Ditto,Youngster,12,Route 11,2,50:45.15,50:45,0h50m45s,23,42,65,29,2:47,11.433,TRANSFORM,,,,26,6409,368,76,56,610,601,509,9,2790,Vaporeon, ,Normal,Normal,24618,Ditto 2,Ditto,,00:50:33.73,00:50:45.17,02:47:18.52,29,23,0,50,45,17,TRANSFORM,,,,0,0,0,0,0,0,0,0,20,81,47,46,46,46,48,7232,6937,5607,5200,5200,8390,15,15,15,15,0,-1,0,0,0,0,0,52,30,46,46,48,604276,187440,379830,34128,2878,26,6,0,6409,6409,0,0,368,132,76,56,38,0,6394,4873,3854,3475,468,84,414,0,0,0,0,0,58,0,37,0,0,0,0,0,0,0,0,0,0,0,0,0,0,0,0,0,0,0,0,0,0,0,0,0,0,0,43,130,24493,0,0,0,0,19,75,10,0,0,0,42,18,65,Vaporeon
12-14,13:38:07,NINTEN,Ditto,Gambler,2,Route 11,2,51:05.99,51:05,0h51m5s,23,42,65,29,2:48,11.002,TRANSFORM,,,,27,6414,368,77,56,614,605,511,9,3060,Vaporeon,Poisoned,Normal,Normal,25242,Ditto 2,Ditto,,00:50:55.00,00:51:06.00,02:48:40.37,29,23,0,51,6,0,TRANSFORM,,,,0,0,0,0,0,0,0,0,22,81,47,46,46,46,48,7327,7062,5697,5345,5345,8460,15,15,15,15,0,0,0,0,0,0,0,52,46,46,46,48,609182,187973,382950,35381,2878,27,6,0,6414,6414,0,0,368,133,77,56,38,0,6516,4970,3912,3533,471,85,416,0,0,0,0,0,58,0,37,0,0,0,0,0,0,0,0,0,0,1,0,0,0,0,0,0,0,0,0,0,0,0,0,0,0,0,43,132,25117,0,0,0,0,19,75,10,0,0,0,42,18,65,Vaporeon
12-14,13:38:45,NINTEN,Ditto,Sailor,5,SS Anne,2,51:44.14,51:44,0h51m44s,23,42,65,29,2:51,8.923,TRANSFORM,,,,28,6557,380,78,56,617,608,512,9,4320,Vaporeon, ,Normal,Normal,26055,Ditto 2,Ditto,,00:51:35.23,00:51:44.15,02:51:10.19,29,23,0,51,44,15,TRANSFORM,,,,0,0,0,0,0,0,0,0,31,81,47,46,46,46,48,7397,7147,5787,5515,5515,8615,15,15,15,15,0,0,0,0,0,0,0,52,46,46,46,48,618163,192007,385470,37808,2878,28,6,0,6557,6557,0,0,380,134,78,56,38,0,6634,5056,3962,3583,474,85,417,0,0,0,0,0,58,0,37,0,0,0,0,0,0,0,0,0,0,1,0,0,0,0,0,0,0,0,0,0,0,0,0,0,0,0,43,134,25930,0,0,0,0,21,75,10,0,0,0,42,18,65,Vaporeon
12-14,13:39:08,NINTEN,Ditto,Youngster,8,SS Anne,1,52:07.09,52:07,0h52m7s,23,42,65,29,2:52,6.729,TRANSFORM,,,,29,6629,384,79,56,619,610,513,10,4860,Vaporeon,Poisoned,Normal,Normal,26325,Ditto 2,Ditto,,00:52:00.37,00:52:07.10,02:52:40.31,29,23,0,52,7,10,TRANSFORM,,,,0,0,0,0,0,0,0,0,39,81,47,46,46,46,48,7443,7204,5827,5555,5555,8665,15,15,15,15,0,0,0,0,0,0,0,52,46,46,46,48,623575,194282,387471,38944,2878,29,6,0,6629,6629,0,0,384,135,79,56,38,0,6712,5109,3994,3615,476,85,418,0,0,0,0,0,58,0,37,0,0,0,0,0,0,0,0,0,0,2,0,0,0,0,0,0,0,0,0,0,0,0,0,0,0,0,43,135,26200,0,0,0,0,22,75,10,0,0,0,42,18,65,Vaporeon
12-14,13:39:34,NINTEN,Ditto,Gentleman,5,SS Anne,2,52:32.77,52:32,0h52m32s,23,42,65,30,2:54,11.355,TRANSFORM,,,,30,6683,390,80,56,623,614,515,10,5175,Vaporeon, ,Normal,Normal,27209,Ditto 2,Ditto,,00:52:21.43,00:52:32.78,02:54:21.46,30,23,0,52,32,78,TRANSFORM,,,,0,0,0,0,0,0,0,0,29,84,49,48,48,48,49,7548,7359,5927,5670,5670,8815,15,15,15,15,0,0,0,0,0,0,0,55,48,48,48,49,629650,196016,390579,40177,2878,30,6,0,6683,6683,0,0,390,136,80,56,38,0,6875,5203,4049,3670,480,85,419,0,0,0,0,0,58,0,37,0,0,0,0,0,0,0,0,0,0,2,0,0,0,0,0,0,0,0,0,0,0,0,0,0,0,0,43,137,27084,0,0,0,0,23,75,10,0,0,0,42,18,65,Vaporeon
12-14,13:41:01,NINTEN,Ditto,Gambler,1,Route 11,2,53:59.44,53:59,0h53m59s,23,42,65,30,3:00,9.002,TRANSFORM,,,,31,7212,418,81,56,626,617,516,7,65,Vaporeon, ,Normal,Normal,27825,Ditto 2,Ditto,,00:53:50.45,00:53:59.46,03:00:03.14,30,23,0,53,59,46,TRANSFORM,,,,0,0,0,0,0,0,0,0,35,84,49,48,48,48,49,7618,7449,6037,5780,5780,8965,15,15,15,15,0,0,0,0,0,0,0,55,48,48,48,49,650138,210567,393214,43479,2878,31,6,0,7212,7212,0,0,418,137,81,56,38,0,7018,5289,4098,3719,483,85,420,0,0,0,0,0,59,0,38,0,0,0,0,0,0,0,0,0,0,2,0,0,0,0,0,0,0,0,0,0,0,0,0,0,0,0,43,139,27700,0,0,0,0,24,106,12,0,0,1,42,18,65,Vaporeon
12-14,13:41:20,NINTEN,Ditto,Gambler,1,Route 11,2,54:18.94,54:18,0h54m18s,24,42,66,30,2:59,7.147,TRANSFORM,,,,31,7212,418,81,56,625,616,515,7,65,Vaporeon, ,Normal,Normal,27825,Ditto 2,Ditto,,00:54:11.80,00:54:18.94,02:59:54.45,30,24,0,54,18,94,TRANSFORM,,,,0,0,0,0,0,0,0,0,42,84,49,48,48,48,49,7618,7449,6037,5780,5780,8965,15,15,15,15,0,0,0,0,0,0,0,55,48,48,48,49,649635,210627,392773,43202,3033,31,7,0,7212,7212,0,0,418,137,81,56,38,0,6977,5289,4091,3712,482,85,419,0,0,0,0,0,59,0,37,0,0,0,0,0,0,0,0,0,0,2,0,0,0,0,0,0,0,0,0,0,0,0,0,0,0,0,43,139,27700,0,0,0,0,24,106,12,0,0,1,42,18,66,Vaporeon
12-14,13:41:39,NINTEN,Ditto,Engineer,2,Route 11,1,54:37.73,54:37,0h54m37s,24,42,66,30,3:01,6.203,TRANSFORM,,,,31,7261,418,82,56,627,618,516,7,1325,Vaporeon, ,Normal,Normal,28225,Ditto 2,Ditto,,00:54:31.53,00:54:37.73,03:01:08.44,30,24,0,54,37,73,TRANSFORM,,,,0,0,0,0,0,0,0,0,57,84,49,48,48,48,49,7643,7484,6107,5875,5875,9010,15,15,15,15,0,0,0,0,0,0,0,55,48,48,48,49,654074,212033,394752,44256,3033,31,7,0,7261,7261,0,0,418,138,82,56,38,0,7039,5333,4116,3737,484,85,420,0,0,0,0,0,59,0,37,0,0,0,0,0,0,0,0,0,0,2,0,0,0,0,0,0,0,0,0,0,0,0,0,0,0,0,43,140,28100,0,0,0,0,24,106,12,0,0,1,42,18,66,Vaporeon
12-14,13:41:57,NINTEN,Ditto,Gambler,3,Route 11,2,54:56.04,54:56,0h54m56s,24,42,66,30,3:02,9.05,TRANSFORM,,,,32,7284,420,83,56,630,621,517,7,2375,Vaporeon, ,Normal,Normal,28963,Ditto 2,Ditto,,00:54:47.00,00:54:56.05,03:02:20.57,30,24,0,54,56,5,TRANSFORM,,,,0,0,0,0,0,0,0,0,33,84,49,48,48,48,49,7708,7549,6227,6025,6025,9155,15,15,15,15,0,0,0,0,0,0,0,55,48,48,48,49,658407,212798,397401,45175,3033,32,7,0,7284,7284,0,0,420,139,83,56,38,0,7156,5417,4160,3781,487,85,421,0,0,0,0,0,59,0,37,0,0,0,0,0,0,0,0,0,0,2,0,0,0,0,0,0,0,0,0,0,0,0,0,0,0,0,43,142,28838,0,0,0,0,24,106,12,0,0,1,42,18,66,Vaporeon
12-14,13:43:04,NINTEN,Ditto,Gambler,4,Route 11,2,56:02.65,56:02,0h56m2s,26,42,68,30,3:04,9.261,TRANSFORM,,,,33,7321,422,84,57,634,625,518,7,3635,Vaporeon, ,Normal,Normal,29679,Ditto 2,Ditto,,00:55:53.39,00:56:02.65,03:04:06.37,30,26,0,56,2,65,TRANSFORM,,,,0,0,0,0,0,0,0,0,24,84,49,48,48,48,49,7831,7716,6347,6165,6165,9352,15,15,15,15,0,0,0,0,0,0,0,55,48,48,48,49,664753,214019,401163,46377,3194,33,8,0,7321,7321,0,0,422,141,84,57,38,0,7388,5545,4229,3850,491,85,422,0,0,0,0,0,60,0,37,0,0,0,0,0,0,0,0,0,0,2,0,0,0,0,0,0,0,0,0,0,0,0,0,0,0,0,43,145,29554,0,0,0,0,24,106,12,0,0,1,42,18,68,Vaporeon
12-14,13:44:10,NINTEN,Ditto,Rival3-SS Anne,1,SS Anne,4,57:09.07,57:09,0h57m9s,26,42,68,31,3:08,22.693,TRANSFORM,,,,34,7560,430,85,58,644,635,523,7,4895,Vaporeon, ,Normal,Normal,31001,Ditto 2,Ditto,Rival (SS Anne),00:56:46.38,00:57:09.08,03:08:28.23,31,26,0,57,9,8,TRANSFORM,,,,9,0,0,0,0,0,0,0,16,86,50,50,49,49,51,8046,8007,6587,6351,6351,9645,15,15,15,15,0,-1,0,0,0,0,0,34,12,19,19,34,680459,219410,408630,49225,3194,34,8,0,7560,7560,0,0,430,143,85,58,38,0,7705,5780,4328,3949,500,85,427,0,0,0,0,0,62,0,37,0,0,0,0,0,0,0,0,0,0,2,0,0,0,0,0,0,0,0,0,0,0,0,0,0,0,0,43,150,30876,0,0,0,0,24,106,12,0,0,1,42,18,68,Vaporeon
12-14,13:45:25,NINTEN,Ditto,Surge,1,Vermilion City - Gym,1,58:23.42,58:23,0h58m23s,26,42,68,31,3:13,9.256,TRANSFORM,,,,35,7749,456,86,58,647,638,525,11,45,Vaporeon, ,Normal,Normal,31733,Ditto 2,Ditto,Lt. Surge,00:58:14.16,00:58:23.42,03:13:22.09,31,26,0,58,23,42,TRANSFORM,,,,8,0,0,0,0,0,0,0,5,86,50,50,49,49,51,8106,8097,6642,6441,6441,9745,15,15,15,15,0,0,0,0,0,0,0,60,40,59,59,65,698085,229905,411368,53618,3194,35,8,0,7749,7749,0,0,456,144,86,58,38,0,7801,5856,4409,4030,502,85,429,0,0,0,0,0,62,0,38,0,0,0,0,0,0,0,0,0,0,2,0,0,0,0,0,0,0,0,0,0,0,0,0,0,0,0,43,151,31608,0,0,0,0,24,117,12,0,0,2,42,18,68,Vaporeon
12-14,13:47:44,NINTEN,Ditto,Youngster,5,Route 25,2,1:00:42.62,1:00:42,1h0m42s,26,42,68,31,3:22,7.282,TRANSFORM,,,,35,8151,480,87,68,673,664,545,13,2817,Vaporeon, ,Normal,Normal,32652,Ditto 2,Ditto,,01:00:35.35,01:00:42.63,03:22:30.14,31,26,1,0,42,63,TRANSFORM,,,,0,0,0,0,0,0,0,0,49,86,50,50,49,49,51,8466,8648,6972,6713,6713,10347,15,15,15,15,0,0,0,0,0,0,0,56,56,49,49,51,730970,242082,429456,56238,3194,35,8,0,8151,8151,0,0,480,155,87,68,41,0,8315,6119,4528,4149,518,85,449,0,0,0,0,0,64,0,38,0,0,0,0,0,0,0,0,0,0,2,0,0,0,0,0,0,0,0,0,0,0,0,0,0,0,0,43,160,32527,0,0,0,0,24,117,12,0,0,2,42,18,68,Vaporeon
12-14,13:47:59,NINTEN,Ditto,Youngster,6,Route 25,1,1:00:57.49,1:00:57,1h0m57s,26,42,68,32,3:23,7.487,TRANSFORM,,,,35,8159,481,88,68,675,666,546,13,3042,Vaporeon, ,Normal,Normal,33012,Ditto 2,Ditto,,01:00:50.01,01:00:57.49,03:23:28.34,32,26,1,0,57,49,TRANSFORM,,,,0,0,0,0,0,0,0,0,53,89,52,52,51,51,53,8556,8713,7037,6753,6753,10362,15,15,15,15,0,0,0,0,0,0,0,58,58,51,51,53,734470,242649,431732,56895,3194,35,8,0,8159,8159,0,0,481,156,88,68,41,0,8399,6179,4564,4185,520,85,450,0,0,0,0,0,64,0,38,0,0,1,0,0,0,0,0,0,0,2,0,0,0,0,1,0,0,0,0,0,0,0,0,0,0,0,43,161,32887,0,0,0,0,24,117,12,0,0,2,42,18,68,Vaporeon
12-14,13:50:27,NINTEN,Ditto,Wrapping Lass,5,Route 9,4,1:02:09.33,1:02:09,1h2m9s,26,42,68,35,3:28,12.72,TRANSFORM,,,,36,8421,510,89,68,679,670,546,11,97,Vaporeon, ,Normal,Normal,44123,Ditto 2,Ditto,RTG1 - Wrapping Lass,01:01:56.61,01:02:09.33,03:28:12.01,35,26,1,2,9,33,TRANSFORM,,,,0,0,0,0,0,0,0,0,3,97,57,56,56,56,57,8746,8963,7217,7043,7043,10502,15,15,15,15,0,0,0,0,0,0,0,64,63,56,56,57,751477,250880,435246,62157,3194,36,8,0,8421,8369,52,0,510,157,89,68,41,0,8657,6369,4658,4279,524,85,450,0,0,0,0,0,64,0,38,0,0,1,0,0,0,0,0,0,0,2,0,0,0,0,1,0,0,0,0,0,0,0,0,0,0,0,43,165,34135,0,0,0,0,25,136,14,0,0,2,42,18,68,Vaporeon
12-14,13:50:54,NINTEN,Ditto,Bug Catcher,14,Route 9,3,1:02:36.50,1:02:36,1h2m36s,26,42,68,35,3:29,10.062,TRANSFORM,,,,36,8490,518,90,68,682,673,546,12,457,Vaporeon, ,Normal,Normal,44892,Ditto 2,Ditto,,01:02:26.45,01:02:36.51,03:29:58.56,35,26,1,2,36,51,TRANSFORM,,,,0,0,0,0,0,0,0,0,16,97,57,56,56,56,57,8891,9083,7332,7123,7123,10642,15,15,15,15,0,0,0,0,0,0,0,64,63,56,56,57,757892,252625,438129,63944,3194,36,8,0,8490,8369,121,0,518,158,90,68,41,0,8858,6526,4735,4356,527,85,450,0,0,0,0,0,64,0,38,0,0,1,0,0,0,0,0,0,0,2,0,0,0,0,1,0,0,0,0,0,0,0,0,0,0,0,43,168,34904,0,0,0,0,26,136,14,0,0,2,42,18,68,Vaporeon
12-14,13:51:37,NINTEN,Ditto,Slowbone,7,Rock Tunnel - 1,2,1:03:19.24,1:03:19,1h3m19s,26,42,68,35,3:32,14.136,TRANSFORM,,,,37,8594,533,91,68,688,679,550,12,657,Vaporeon, ,Normal,Normal,45806,Ditto 2,Ditto,,01:03:05.11,01:03:19.25,03:32:47.16,35,26,1,3,19,25,TRANSFORM,,,,0,0,0,0,0,0,0,0,3,97,57,56,56,56,57,9031,9198,7492,7203,7203,10692,15,15,15,15,0,0,0,0,0,0,0,64,63,56,56,57,767992,255233,441894,67671,3194,37,8,0,8594,8369,225,0,533,159,91,68,41,0,9053,6663,4829,4450,533,86,453,0,0,0,0,0,64,0,38,0,0,1,0,0,0,0,0,0,0,2,0,0,0,0,1,0,0,0,0,0,0,0,0,0,0,0,43,170,35818,0,0,0,0,27,136,14,0,0,2,42,18,68,Vaporeon
12-14,13:51:54,NINTEN,Ditto,Pokemaniac,5,Rock Tunnel,1,1:03:36.27,1:03:36,1h3m36s,26,42,68,35,3:33,6.436,TRANSFORM,,,,38,8629,537,92,68,690,681,551,12,1807,Vaporeon, ,Normal,Normal,46335,Ditto 2,Ditto,,01:03:29.84,01:03:36.28,03:33:54.12,35,26,1,3,36,28,TRANSFORM,,,,0,0,0,0,0,0,0,0,45,97,57,56,56,56,57,9121,9263,7557,7243,7243,10707,15,15,15,15,0,0,0,0,0,0,0,64,63,56,56,57,772008,256056,443804,68954,3194,38,8,0,8629,8369,260,0,537,160,92,68,41,0,9145,6747,4881,4502,535,86,454,0,0,0,0,0,65,0,38,0,0,1,0,0,0,0,0,0,0,2,0,0,0,0,1,0,0,0,0,0,0,0,0,0,0,0,43,171,36347,0,0,0,0,27,136,14,0,0,2,42,18,68,Vaporeon
12-14,13:52:13,NINTEN,Ditto,Status-Condition-Jr-Trainer,10,Rock Tunnel,2,1:03:56.16,1:03:56,1h3m56s,26,42,68,36,3:35,11.285,TRANSFORM,,,,39,8646,538,93,68,694,685,553,12,3057,Vaporeon, ,Normal,Normal,47003,Ditto 2,Ditto,RTG4 - Status Jr Trainer,01:03:44.88,01:03:56.16,03:35:12.40,36,26,1,3,56,16,TRANSFORM,,,,0,0,0,0,0,0,0,0,37,100,59,58,57,57,59,9211,9362,7661,7383,7383,10782,15,15,15,15,0,0,0,0,0,0,0,66,65,57,57,59,776716,256634,446872,70016,3194,39,8,0,8646,8369,277,0,538,161,93,68,41,0,9334,6857,4942,4563,539,86,455,0,0,0,0,0,65,0,38,0,0,1,0,0,0,0,0,0,0,2,0,0,0,0,1,0,0,0,0,0,0,0,0,0,0,0,43,173,37015,0,0,0,0,27,136,14,0,0,2,42,18,68,Vaporeon
12-14,13:53:17,NINTEN,Ditto,Selfdestructing Hiker,9,Rock Tunnel,3,1:04:59.91,1:04:59,1h4m59s,26,42,68,36,3:39,34.616,TRANSFORM,,,,40,8759,550,94,68,711,700,570,10,3497,Vaporeon, ,Normal,Normal,48380,Ditto 2,Ditto,,01:04:25.30,01:04:59.92,03:39:25.05,36,26,1,4,59,92,TRANSFORM,,,,9,0,0,0,0,0,0,0,33,100,59,58,57,57,59,9346,9617,7976,7488,7488,10857,15,15,15,15,0,5,0,0,0,0,0,73,196,20,20,16,791861,259386,455501,73780,3194,40,8,0,8759,8369,390,0,550,162,94,68,41,0,9373,6896,5009,4630,547,89,465,0,0,0,0,0,65,0,39,0,0,1,0,0,0,0,0,0,0,2,0,0,0,0,1,0,0,0,0,0,0,0,0,0,0,0,43,176,38392,0,0,0,0,27,136,14,0,0,2,42,18,68,Vaporeon
12-14,13:54:22,NINTEN,Ditto,Finisher,18,Rock Tunnel - 1,3,1:06:04.33,1:06:04,1h6m4s,27,42,69,36,3:41,19.866,TRANSFORM,,,,41,8814,562,95,68,720,709,577,9,4232,Vaporeon,Poisoned,Normal,Normal,49243,Ditto 2,Ditto,RTG6 - Finisher,01:05:44.47,01:06:04.34,03:41:48.06,36,27,1,6,4,34,TRANSFORM,,,,8,0,0,0,0,0,0,0,23,100,59,58,57,57,59,9471,9757,8106,7638,7638,11033,15,15,15,15,-1,0,0,0,0,0,0,19,24,24,24,44,800448,261044,460597,75456,3351,41,9,0,8814,8369,445,0,562,163,95,68,41,0,9705,7050,5086,4707,555,89,472,0,0,0,0,0,67,0,41,0,0,1,0,0,0,0,0,0,0,3,0,0,0,0,1,0,0,0,0,0,0,0,0,0,0,0,43,179,39255,0,0,0,0,27,136,14,0,0,2,42,18,69,Vaporeon
12-14,13:55:09,NINTEN,Ditto,Gambler,7,Route 8,2,1:06:51.86,1:06:51,1h6m51s,27,42,69,36,3:44,14.739,TRANSFORM,,,,42,9011,629,96,68,727,716,583,10,4848,Vaporeon, ,Normal,Normal,50035,Ditto 2,Ditto,,01:06:37.12,01:06:51.86,03:44:55.29,36,27,1,6,51,86,TRANSFORM,,,,9,0,0,0,0,0,0,0,45,100,59,58,57,57,59,9564,9868,8191,7753,7753,11158,15,15,15,15,0,-2,0,0,0,0,0,52,16,32,32,37,811691,266892,464613,76835,3351,42,9,0,9011,8503,508,0,629,164,96,68,41,0,9888,7170,5141,4762,561,90,477,0,0,0,0,0,67,0,41,0,0,1,0,0,0,0,0,0,0,3,0,0,0,0,1,0,0,0,0,0,0,0,0,0,0,0,43,181,40047,0,0,0,0,28,136,14,0,0,2,42,18,69,Vaporeon
12-14,13:55:55,NINTEN,Ditto,Rocket,7,Celadon City - Game Corner,2,1:07:37.49,1:07:37,1h7m37s,27,42,69,37,3:47,9.55,TRANSFORM,,,,43,9239,649,97,68,730,719,585,11,6528,Vaporeon, ,Normal,Normal,50762,Ditto 2,Ditto,,01:07:27.94,01:07:37.50,03:47:55.45,37,27,1,7,37,50,TRANSFORM,,,,9,0,0,0,0,0,0,0,74,102,60,60,59,59,61,9659,9994,8286,7843,7843,11310,15,15,15,15,0,-1,0,0,0,0,0,46,23,28,28,47,822507,274132,467387,77637,3351,43,9,0,9239,8731,508,0,649,165,97,68,41,0,10127,7274,5169,4790,563,90,479,0,0,0,0,0,68,0,42,0,0,1,0,0,0,0,0,0,0,3,0,0,0,0,1,0,0,0,0,0,0,0,0,0,0,0,43,183,40774,0,0,0,0,30,136,14,0,0,2,42,18,69,Vaporeon
12-14,13:57:05,NINTEN,Ditto,Rocket,15,Rocket Hideout 3,2,1:08:48.14,1:08:48,1h8m48s,28,42,70,37,3:51,12.038,TRANSFORM,,,,44,9455,678,98,68,735,724,589,14,7128,Vaporeon, ,Normal,Normal,51554,Ditto 2,Ditto,,01:08:36.10,01:08:48.14,03:51:19.04,37,28,1,8,48,14,TRANSFORM,,,,8,0,0,0,0,0,0,0,49,102,60,60,59,59,61,9799,10154,8386,7913,7913,11380,15,15,15,15,0,0,0,0,0,0,0,42,29,23,23,23,834711,281914,470725,78564,3508,44,10,0,9455,8947,508,0,678,166,98,68,41,0,10330,7400,5222,4843,567,90,483,0,0,0,0,0,71,0,45,0,0,1,0,0,0,0,0,0,0,3,0,0,0,0,1,0,0,0,0,0,0,0,0,0,0,0,43,185,41566,0,0,0,0,34,136,14,0,0,2,42,18,70,Vaporeon
12-14,14:03:36,NINTEN,Ditto,Lass,16,Route 8,2,1:15:19.19,1:15:19,1h15m19s,28,42,70,37,4:17,8.713,TRANSFORM,,,,45,10216,754,99,77,746,735,598,15,183,Vaporeon, ,Normal,Normal,52192,Ditto 2,Ditto,,01:15:10.48,01:15:19.20,04:17:07.10,37,28,1,15,19,20,TRANSFORM,,,,0,0,0,0,0,0,0,0,36,102,60,60,59,59,61,9939,10244,8482,8033,8033,11450,15,15,15,15,0,0,0,0,0,0,0,67,67,59,59,61,927597,354420,483146,86523,3508,45,10,0,10216,9708,508,0,754,176,99,77,46,0,10520,7532,5307,4928,570,91,487,0,0,0,0,0,72,0,45,0,0,1,0,0,0,0,0,0,0,3,0,0,0,0,1,0,0,0,0,0,0,0,0,0,0,0,43,187,42204,0,0,0,0,39,313,48,1,1,3,42,18,70,Vaporeon
12-14,14:04:18,NINTEN,Ditto,Lass,14,Route 8,3,1:16:00.51,1:16:00,1h16m0s,29,42,71,37,4:18,11.738,TRANSFORM,,,,46,10246,755,100,77,750,739,599,15,513,Vaporeon, ,Normal,Normal,53254,Ditto 2,Ditto,,01:15:48.78,01:16:00.51,04:18:43.11,37,29,1,16,0,51,TRANSFORM,,,,0,0,0,0,0,0,0,0,11,102,60,60,59,59,61,10059,10379,8587,8153,8153,11720,15,15,15,15,0,0,0,0,0,0,0,67,67,59,59,61,933364,355556,486456,87690,3662,46,11,0,10246,9738,508,0,755,177,100,77,46,0,10766,7703,5398,5019,574,91,488,0,0,0,0,0,72,0,45,0,0,1,0,0,0,0,0,0,0,3,0,0,0,0,1,0,0,0,0,0,0,0,0,0,0,0,43,190,43266,0,0,0,0,39,313,48,1,1,3,42,18,71,Vaporeon
12-14,14:04:32,NINTEN,Ditto,Super Nerd,5,Route 8,1,1:16:14.79,1:16:14,1h16m14s,29,42,71,37,4:19,8.098,TRANSFORM,,,,46,10247,755,101,77,753,742,601,15,921,Vaporeon, ,Normal,Normal,53888,Ditto 2,Ditto,,01:16:06.70,01:16:14.80,04:19:39.14,37,29,1,16,14,80,TRANSFORM,,,,0,0,0,0,0,0,0,0,61,102,60,60,59,59,61,10099,10444,8682,8213,8213,11755,15,15,15,15,0,0,0,0,0,0,0,67,67,59,59,61,936727,355823,488883,88359,3662,46,11,0,10247,9739,508,0,755,178,101,77,46,0,10844,7763,5439,5060,577,91,490,0,0,0,0,0,72,0,45,0,0,1,0,0,0,0,0,0,0,3,0,0,0,0,1,0,0,0,0,0,0,0,0,0,0,0,43,191,43900,0,0,0,0,39,313,48,1,1,3,42,18,71,Vaporeon
12-14,14:04:49,NINTEN,Ditto,Lass,13,Route 8,2,1:16:31.56,1:16:31,1h16m31s,29,42,71,37,4:20,11.919,TRANSFORM,,,,46,10248,756,102,77,757,746,603,15,1571,Vaporeon, ,Normal,Normal,54753,Ditto 2,Ditto,,01:16:19.65,01:16:31.57,04:20:45.14,37,29,1,16,31,57,TRANSFORM,,,,0,0,0,0,0,0,0,0,20,102,60,60,59,59,61,10224,10553,8801,8308,8308,11852,15,15,15,15,0,0,0,0,0,0,0,67,67,59,59,61,940687,356017,492224,88784,3662,46,11,0,10248,9740,508,0,756,179,102,77,46,0,11015,7892,5521,5142,581,91,492,0,0,0,0,0,72,0,45,0,0,1,0,0,0,0,0,0,0,3,0,0,0,0,1,0,0,0,0,0,0,0,0,0,0,0,43,193,44765,0,0,0,0,39,313,48,1,1,3,42,18,71,Vaporeon
12-14,14:05:13,NINTEN,Ditto,Gambler,5,Route 8,3,1:16:55.63,1:16:55,1h16m55s,29,42,71,38,4:22,12.596,TRANSFORM,,,,47,10285,759,103,77,761,750,604,15,1916,Vaporeon, ,Normal,Normal,56095,Ditto 2,Ditto,,01:16:43.03,01:16:55.63,04:22:19.57,38,29,1,16,55,63,TRANSFORM,,,,0,0,0,0,0,0,0,0,15,105,62,61,61,61,63,10369,10718,8946,8438,8438,12122,15,15,15,15,0,0,0,0,0,0,0,69,68,61,61,63,946370,357103,495691,89914,3662,47,11,0,10285,9777,508,0,759,180,103,77,46,0,11271,8062,5611,5232,585,91,493,0,0,0,0,0,73,0,45,0,0,1,0,0,0,0,0,0,0,3,0,0,0,0,1,0,0,0,0,0,0,0,0,0,0,0,43,196,46107,0,0,0,0,39,313,48,1,1,3,42,18,71,Vaporeon
12-14,14:05:47,NINTEN,Ditto,Lass,17,Celadon City - Gym,2,1:17:29.75,1:17:29,1h17m29s,29,42,71,38,4:24,11.517,TRANSFORM,,,,48,10392,766,104,77,766,753,607,15,3456,Vaporeon,Paralyzed,Normal,Normal,57253,Ditto 2,Ditto,,01:17:18.24,01:17:29.76,04:24:34.08,38,29,1,17,29,76,TRANSFORM,,,,0,0,0,0,0,0,0,0,37,105,62,61,61,61,63,10484,10883,9031,8593,8593,12217,15,15,15,15,0,0,0,0,0,0,0,69,68,61,61,15,954421,359143,498929,92687,3662,48,11,0,10392,9786,606,0,766,181,104,77,46,0,11454,8187,5679,5300,588,92,495,0,0,0,0,0,73,0,45,0,0,1,0,1,0,0,0,0,0,3,0,0,0,0,1,0,1,0,0,0,0,0,0,0,0,0,43,198,47265,0,0,0,0,39,313,48,1,1,3,42,18,71,Vaporeon
12-14,14:06:05,NINTEN,Ditto,Beauty,2,Celadon City - Gym,2,1:17:47.61,1:17:47,1h17m47s,29,42,71,38,4:25,7.159,TRANSFORM,,,,49,10399,769,105,77,768,755,607,14,3801,Vaporeon, ,Normal,Normal,58117,Ditto 2,Ditto,,01:17:40.46,01:17:47.62,04:25:44.22,38,29,1,17,47,62,TRANSFORM,,,,0,0,0,0,0,0,0,0,27,105,62,61,61,61,63,10584,11033,9101,8733,8733,12297,15,15,15,15,0,0,0,0,0,0,0,69,68,61,61,63,958635,359589,501110,94274,3662,49,11,0,10399,9793,606,0,769,182,105,77,46,0,11588,8309,5739,5360,590,92,495,0,0,0,0,0,73,0,45,0,0,1,0,1,0,0,0,0,0,3,0,0,0,0,1,0,1,0,0,0,0,0,0,0,0,0,43,200,48129,0,0,0,0,39,313,48,1,1,3,42,18,71,Vaporeon
12-14,14:06:26,NINTEN,Ditto,Beauty,3,Celadon City - Gym,1,1:18:08.54,1:18:08,1h18m8s,29,42,71,38,4:27,9.158,TRANSFORM,,,,50,10403,771,106,77,771,758,609,14,5481,Vaporeon, ,Normal,Normal,58663,Ditto 2,Ditto,,01:17:59.38,01:18:08.54,04:27:06.45,38,29,1,18,8,54,TRANSFORM,,,,0,0,0,0,0,0,0,0,61,105,62,61,61,61,63,10644,11073,9181,8793,8793,12337,15,15,15,15,0,0,0,0,0,0,0,69,68,61,61,63,963578,360052,503771,96093,3662,50,11,0,10403,9797,606,0,771,183,106,77,46,0,11691,8380,5783,5404,593,92,496,0,0,0,0,0,73,0,45,0,0,1,0,1,0,0,0,0,0,3,0,0,0,0,1,0,1,0,0,0,0,0,0,0,0,0,43,201,48675,0,0,0,0,39,313,48,1,1,3,42,18,71,Vaporeon
12-14,14:06:51,NINTEN,Ditto,Jr Trainer F,11,Celadon City - Gym,2,1:18:34.09,1:18:34,1h18m34s,29,42,71,39,4:28,11.468,TRANSFORM,,,,51,10419,777,107,77,775,762,611,14,7301,Vaporeon, ,Normal,Normal,59715,Ditto 2,Ditto,,01:18:22.63,01:18:34.09,04:28:47.18,39,29,1,18,34,9,TRANSFORM,,,,0,0,0,0,0,0,0,0,39,108,64,63,63,63,65,10749,11184,9293,8938,8938,12442,15,15,15,15,0,0,0,0,0,0,0,72,70,63,63,65,969611,360853,506988,98108,3662,51,11,0,10419,9813,606,0,777,184,107,77,46,0,11890,8505,5852,5473,597,92,497,0,0,0,0,0,73,0,45,0,0,1,0,1,0,0,0,0,0,3,0,0,0,0,1,0,1,0,0,0,0,0,0,0,0,0,43,203,49727,0,0,0,0,39,313,48,1,1,3,42,18,71,Vaporeon
12-14,14:07:14,NINTEN,Ditto,Lass,18,Celadon City - Gym,2,1:18:57.14,1:18:57,1h18m57s,29,42,71,39,4:30,11.483,TRANSFORM,,,,52,10423,779,108,77,779,766,613,14,7781,Vaporeon,Poisoned,Normal,Normal,60748,Ditto 2,Ditto,,01:18:45.66,01:18:57.15,04:30:18.01,39,29,1,18,57,15,TRANSFORM,,,,0,0,0,0,0,0,0,0,35,108,64,63,63,63,65,10854,11299,9418,9098,9098,12512,15,15,15,15,0,0,0,0,0,0,0,72,70,63,63,65,975054,361427,510210,99755,3662,52,11,0,10423,9817,606,0,779,185,108,77,46,0,12127,8629,5925,5546,601,92,499,0,0,0,0,0,74,0,45,0,0,1,0,1,0,0,0,0,0,4,0,0,0,0,1,0,1,0,0,0,0,0,0,0,0,0,43,205,50760,0,0,0,0,39,313,48,1,1,3,42,18,71,Vaporeon
12-14,14:09:38,NINTEN,Ditto,Rocket,9,Rocket Hideout 1,2,1:21:20.52,1:21:20,1h21m20s,31,42,73,39,4:37,10.939,TRANSFORM,,,,53,10745,836,109,77,783,770,615,14,126,Vaporeon, ,Normal,Normal,61792,Ditto 2,Ditto,,01:21:09.58,01:21:20.52,04:37:35.38,39,31,1,21,20,52,TRANSFORM,,,,0,0,0,0,0,0,0,0,31,109,64,63,63,63,65,13524,11461,9538,9198,9198,12706,15,15,15,15,0,0,0,0,0,0,0,72,70,63,63,65,1001317,377771,513287,106443,3816,53,12,0,10745,10097,648,0,836,186,109,77,46,0,12382,8743,6003,5624,605,92,501,0,0,0,0,0,75,0,45,0,0,1,0,1,0,0,0,0,0,4,0,0,0,0,1,0,1,0,0,0,0,0,0,0,0,0,43,207,51804,0,0,0,0,39,344,51,1,1,3,42,18,73,Vaporeon
12-14,14:09:56,NINTEN,Ditto,Rocket,8,Rocket Hideout 1,2,1:21:39.05,1:21:39,1h21m39s,31,42,73,39,4:38,9.345,TRANSFORM,,,,54,10761,838,110,77,786,773,616,14,756,Vaporeon, ,Normal,Normal,62647,Ditto 2,Ditto,,01:21:29.71,01:21:39.06,04:38:48.34,39,31,1,21,39,6,TRANSFORM,,,,0,0,0,0,0,0,0,0,37,109,64,63,63,63,65,13654,11589,9633,9323,9323,12783,15,15,15,15,0,0,0,0,0,0,0,72,70,63,63,65,1005693,378358,515989,107530,3816,54,12,0,10761,10113,648,0,838,187,110,77,46,0,12570,8865,6075,5696,608,92,502,0,0,0,0,0,75,0,46,0,0,1,0,1,0,0,0,0,0,4,0,0,0,0,1,0,1,0,0,0,0,0,0,0,0,0,43,209,52659,0,0,0,0,39,344,51,1,1,3,42,18,73,Vaporeon
12-14,14:13:21,NINTEN,Ditto,Rival4-Pkmn Tower,4,Pokemon Tower - 2F,5,1:25:03.84,1:25:03,1h25m3s,33,42,75,40,4:47,50.15,TRANSFORM,,,,56,11010,861,111,83,816,807,641,14,1386,Vaporeon, ,Normal,Normal,66382,Ditto 2,Ditto,Rival (Pokemon Tower),01:24:13.70,01:25:03.85,04:47:30.08,40,33,1,25,3,85,TRANSFORM,,,,9,0,0,4,0,0,0,0,19,112,66,65,65,65,66,14225,12170,10178,9854,9854,13403,15,15,15,15,-3,-6,0,0,0,-2,0,23,13,39,39,59,1036992,384292,535555,113175,3970,56,13,0,11010,10362,648,0,861,194,111,83,46,0,13442,9504,6355,5976,635,97,519,0,0,0,0,0,76,0,47,0,0,1,0,1,0,0,0,0,0,4,0,0,0,0,1,0,1,0,0,0,0,0,0,0,0,0,43,220,56394,0,0,0,0,39,344,51,1,1,3,42,18,75,Vaporeon
12-14,14:13:58,NINTEN,Ditto,Agatha Jr,10,Pokemon Tower - 4F,2,1:25:40.41,1:25:40,1h25m40s,33,42,75,40,4:49,13.631,TRANSFORM,,,,57,11063,867,112,83,821,812,646,14,3011,Vaporeon, ,Normal,Normal,67318,Ditto 2,Ditto,,01:25:26.78,01:25:40.41,04:49:54.30,40,33,1,25,40,41,TRANSFORM,,,,8,0,0,4,0,0,0,0,20,112,66,65,65,65,66,14285,12240,10238,10054,10054,13563,15,15,15,15,0,0,0,0,0,0,0,25,22,54,54,45,1045654,386646,539254,115784,3970,57,13,0,11063,10415,648,0,867,195,112,83,46,0,13548,9604,6447,6068,639,97,524,0,0,0,0,0,76,0,47,0,0,2,0,1,0,0,0,0,0,4,0,0,0,0,2,0,1,0,0,0,0,0,0,0,0,0,43,222,57330,0,0,0,0,39,344,51,1,1,3,42,18,75,Vaporeon
12-14,14:14:42,NINTEN,Ditto,Channeler,21,Pokemon Tower - 6F,1,1:26:24.65,1:26:24,1h26m24s,33,42,75,40,4:52,10.47,TRANSFORM,,,,59,11162,897,113,83,826,815,650,15,3701,Vaporeon, ,Normal,Normal,67805,Ditto 2,Ditto,,01:26:14.19,01:26:24.66,04:52:49.36,40,33,1,26,24,66,TRANSFORM,,,,9,0,0,4,0,0,0,0,29,113,66,65,65,65,67,16875,12275,10268,10154,10154,13643,15,15,15,15,0,0,0,0,0,0,0,26,23,56,56,47,1056160,391742,542149,118299,3970,59,13,0,11162,10514,648,0,897,196,113,83,46,0,13603,9656,6531,6152,641,98,528,0,0,0,0,0,76,0,47,0,0,3,0,1,0,0,0,0,0,4,0,0,0,0,4,2,1,0,0,0,0,0,0,0,0,0,43,223,57817,0,0,0,0,43,344,51,1,1,3,42,18,75,Vaporeon
12-14,14:14:56,NINTEN,Ditto,Channeler,20,Pokemon Tower - 6F,1,1:26:38.34,1:26:38,1h26m38s,33,42,75,40,4:53,8.127,TRANSFORM,,,,59,11171,898,114,83,829,818,653,15,4421,Vaporeon, ,Normal,Normal,68292,Ditto 2,Ditto,,01:26:30.22,01:26:38.34,04:53:43.19,40,33,1,26,38,34,TRANSFORM,,,,8,0,0,4,0,0,0,0,77,113,66,65,65,65,67,16905,12310,10298,10254,10254,13723,15,15,15,15,0,0,0,0,0,0,0,26,23,56,56,47,1059383,392007,544486,118920,3970,59,13,0,11171,10523,648,0,898,197,114,83,46,0,13656,9708,6567,6188,643,98,531,0,0,0,0,0,76,0,48,0,0,4,0,1,0,0,0,0,0,4,0,0,0,0,5,2,1,0,0,0,0,0,0,0,0,0,43,224,58304,0,0,0,0,43,344,51,1,1,3,42,18,75,Vaporeon
12-14,14:27:22,NINTEN,Ditto,Rocket,44,Pokemon Tower - 7F,3,1:39:04.49,1:39:04,1h39m4s,60,42,102,41,4:56,21.197,TRANSFORM,,,,61,11196,899,115,85,840,829,661,14,5141,Vaporeon, ,Normal,Normal,70541,Ditto 2,Ditto,,01:38:43.30,01:39:04.50,04:56:30.55,41,60,1,39,4,50,TRANSFORM,,,,7,0,0,4,0,0,0,0,30,115,68,66,66,66,68,17070,12530,10522,10444,10444,13953,15,15,15,15,0,0,0,0,0,0,0,38,31,30,30,57,1069449,393639,551628,119877,4305,61,15,0,11196,10548,648,0,899,200,115,85,47,0,13909,9919,6652,6273,653,100,536,0,0,0,0,0,77,0,48,0,0,4,0,1,0,0,0,0,0,4,0,0,0,0,5,2,1,0,0,0,0,0,0,0,0,0,43,227,60553,0,0,0,0,44,344,51,1,1,3,42,18,102,Vaporeon
12-14,14:38:11,NINTEN,Ditto,Bird Keeper,10,Route 18,4,1:49:27.07,1:49:27,1h49m27s,60,52,112,42,5:37,51.554,TRANSFORM,,,,61,12151,952,126,88,1047,1080,906,15,5,Vaporeon, ,Normal,Normal,78204,Ditto 2,Ditto,,01:48:35.52,01:49:27.07,05:37:36.41,42,60,1,49,27,7,TRANSFORM,,,,9,0,0,57,0,0,0,0,54,118,70,68,68,68,70,17975,13880,11217,11156,11156,15523,15,15,15,15,-6,-5,0,0,0,0,0,12,6,25,25,45,1217395,418356,671622,123112,4305,61,15,0,12151,11264,887,0,952,214,126,88,50,0,15784,11451,8088,7634,826,157,672,0,0,0,0,0,86,0,58,0,0,4,0,1,0,0,0,0,0,4,0,0,0,0,5,2,1,0,0,0,0,0,0,0,0,0,56,249,68216,0,0,0,0,45,346,51,1,1,3,52,18,112,Vaporeon
12-14,14:41:48,NINTEN,Ditto,Rocket,27,Silph Co - 4F,3,1:53:03.26,1:53:03,1h53m3s,60,52,112,43,5:51,12.937,TRANSFORM,,,,12801,615,9,1,0,4,4,1025,15,655,Vaporeon, ,Normal,Normal,80159,Ditto 2,Ditto,,01:52:50.33,01:53:03.26,05:51:47.15,43,60,1,53,3,26,TRANSFORM,,,,0,0,0,0,0,0,0,1,16,121,71,70,70,70,72,18205,14185,11486,11368,11368,15838,15,15,15,15,0,0,0,0,0,0,0,79,78,70,70,72,2032513,1124253348,-1610609550,-973012888,16777472,12801,2560,0,615,587353959,134217728,16781312,9,1,1,0,0,1280,494,196,105,14441,64260,9984,1,0,0,0,0,0,1,0,0,0,0,0,0,0,0,0,0,0,0,0,0,0,0,0,0,0,0,0,0,0,0,0,0,0,0,0,0,3,1730,0,68005700,41000000,0,1024,0,256,0,0,0,52,18,112,Vaporeon
12-14,14:42:09,NINTEN,Ditto,Rocket,26,Silph Co - 4F,2,1:53:24.37,1:53:24,1h53m24s,60,52,112,43,5:53,10.61,TRANSFORM,,,,12802,645,11,2,0,8,8,1027,15,1495,Vaporeon, ,Normal,Normal,81338,Ditto 2,Ditto,,01:53:13.76,01:53:24.37,05:53:10.19,43,60,1,53,24,37,TRANSFORM,,,,0,0,0,0,0,0,0,1,37,121,71,70,70,70,72,18335,14313,11581,11493,11493,15915,15,15,15,15,0,0,0,0,0,0,0,79,78,70,70,72,2037497,1124254247,-1610606633,-973011720,16777472,12802,2560,0,645,587353989,134217728,16781312,11,2,2,0,0,1280,730,358,184,14520,64264,9985,1,0,0,0,0,0,1,0,0,0,0,0,0,0,0,0,0,0,0,0,0,0,0,0,0,0,0,0,0,0,0,0,0,0,0,0,0,5,2909,0,68005700,41000000,0,1024,0,256,0,0,0,52,18,112,Vaporeon
12-14,14:43:12,NINTEN,Ditto,Rocket,33,Silph Co - 7F,2,1:54:27.13,1:54:27,1h54m27s,62,52,114,43,5:55,12.369,TRANSFORM,,,,12804,718,15,3,0,13,13,1030,15,2365,Vaporeon, ,Normal,Normal,82418,Ditto 2,Ditto,,01:54:14.76,01:54:27.13,05:55:14.20,43,62,1,54,27,13,TRANSFORM,,,,0,0,0,0,0,0,0,1,42,121,71,70,70,70,72,18435,14413,11771,11573,11573,15985,15,15,15,15,0,-1,0,0,0,0,0,88,51,70,70,72,2044943,1124256780,-1610603300,-973010297,16777629,12804,2561,0,718,587354062,134217728,16781312,15,3,3,0,0,1280,923,502,263,14599,64269,9986,3,0,0,0,0,0,2,0,0,0,0,0,0,0,0,0,0,0,0,0,0,0,0,0,0,0,0,0,0,0,0,0,0,0,0,0,0,7,3989,0,68005700,41000000,0,1025,0,256,0,0,0,52,18,114,Vaporeon
12-14,14:43:37,NINTEN,Ditto,Scientist,8,Silph Co - 7F,2,1:54:52.16,1:54:52,1h54m52s,62,52,114,43,5:56,13.852,TRANSFORM,,,,12805,759,20,4,0,18,18,1034,15,3235,Vaporeon,Poisoned,Normal,Normal,84324,Ditto 2,Ditto,,01:54:38.31,01:54:52.17,05:56:52.57,43,62,1,54,52,17,TRANSFORM,,,,0,0,0,0,0,0,0,1,25,121,71,70,70,70,72,18600,14568,11916,11718,11718,16175,15,15,15,15,0,-2,0,0,0,0,0,88,39,70,70,72,2050860,1124257864,-1610599595,-973009169,16777629,12805,2561,0,759,587354103,134217728,16781312,20,4,4,0,0,1280,1154,684,359,14695,64274,9987,7,0,0,0,0,0,2,0,0,0,0,0,0,0,0,0,0,0,0,1,0,0,0,0,0,0,0,0,0,0,0,0,0,0,0,0,0,9,5895,0,68005700,41000000,0,1025,0,256,0,0,0,52,18,114,Vaporeon
12-14,14:44:11,NINTEN,Ditto,Scientist,11,Silph Co - 10F,2,1:55:26.97,1:55:26,1h55m26s,62,52,114,44,5:59,11.55,TRANSFORM,,,,12806,834,24,5,0,22,22,1036,16,4685,Vaporeon, ,Normal,Normal,85584,Ditto 2,Ditto,,01:55:15.42,01:55:26.97,05:59:09.35,44,62,1,55,26,97,TRANSFORM,,,,0,0,0,0,0,0,0,1,60,124,73,72,72,72,74,18665,14668,12081,11873,11873,16255,15,15,15,15,0,0,0,0,0,0,0,82,81,72,72,74,2059058,1124260614,-1610596357,-973006959,16777629,12806,2561,0,834,587354178,134217728,16781312,24,5,5,0,0,1280,1338,808,423,14759,64278,9988,8,0,0,0,0,0,3,0,0,0,0,0,0,0,0,0,0,0,0,1,0,0,0,0,0,0,0,0,0,0,0,0,0,0,0,0,0,11,7155,0,68005700,41000000,0,1026,0,256,0,0,0,52,18,114,Vaporeon
12-14,14:44:29,NINTEN,Ditto,Rocket,39,Silph Co - 10F,1,1:55:44.80,1:55:44,1h55m44s,62,52,114,44,6:00,8.165,TRANSFORM,,,,12807,849,26,6,0,25,25,1038,16,6135,Vaporeon, ,Normal,Normal,86616,Ditto 2,Ditto,,01:55:36.63,01:55:44.80,06:00:19.49,44,62,1,55,44,80,TRANSFORM,,,,0,0,0,0,0,0,0,1,74,124,73,72,72,72,74,18745,14768,12151,11923,11923,16300,15,15,15,15,0,-2,0,0,0,0,0,103,40,72,72,74,2063272,1124261232,-1610593899,-973005821,16777629,12807,2561,0,849,587354193,134217728,16781312,26,6,6,0,0,1280,1472,909,473,14809,64281,9988,10,0,0,0,0,0,3,0,0,0,0,0,0,0,0,0,0,0,0,1,0,0,0,0,0,0,0,0,0,0,0,0,0,0,0,0,0,12,8187,0,68005700,41000000,0,1026,0,256,0,0,0,52,18,114,Vaporeon
12-14,14:45:48,NINTEN,Ditto,Rocket,29,Silph Co - 5F,1,1:57:03.16,1:57:03,1h57m3s,64,52,116,44,6:02,6.437,TRANSFORM,,,,12808,952,35,7,0,27,27,1039,17,7125,Vaporeon, ,Normal,Normal,87781,Ditto 2,Ditto,,01:56:56.74,01:57:03.17,06:02:22.39,44,64,1,57,3,17,TRANSFORM,,,,0,0,0,0,0,0,0,1,73,124,73,72,72,72,74,18830,14841,12221,12038,12038,16367,15,15,15,15,0,0,0,0,0,0,0,82,81,72,72,74,2070647,1124265432,-1610591968,-973004732,16777784,12808,2562,0,952,587354296,134217728,16781312,35,7,7,0,0,1280,1580,1013,524,14860,64283,9989,10,0,0,0,0,0,4,0,0,0,0,0,0,0,0,0,0,0,0,1,0,0,0,0,0,0,0,0,0,0,0,0,0,0,0,0,0,13,9352,0,68005700,41000000,0,1028,0,256,0,0,0,52,18,116,Vaporeon
12-14,14:46:03,NINTEN,Ditto,Rocket,28,Silph Co - 5F,1,1:57:18.17,1:57:18,1h57m18s,64,52,116,44,6:03,8.142,TRANSFORM,,,,12808,986,35,8,0,30,30,1041,17,8115,Vaporeon, ,Normal,Normal,88820,Ditto 2,Ditto,,01:57:10.04,01:57:18.19,06:03:21.47,44,64,1,57,18,19,TRANSFORM,,,,0,0,0,0,0,0,0,1,80,124,73,72,72,72,74,18890,14926,12290,12103,12103,16447,15,15,15,15,0,-2,0,0,0,0,0,103,40,72,72,74,2074195,1124266241,-1610589623,-973004338,16777784,12808,2562,0,986,587354330,134217728,16781312,35,8,8,0,0,1280,1713,1100,567,14903,64286,9989,12,0,0,0,0,0,4,0,0,0,0,0,0,0,0,0,0,0,0,1,0,0,0,0,0,0,0,0,0,0,0,0,0,0,0,0,0,14,10391,0,68005700,41000000,0,1028,0,256,0,0,0,52,18,116,Vaporeon
12-14,14:47:09,NINTEN,Ditto,Scientist,10,Silph Co - 9F,3,1:58:24.19,1:58:24,1h58m24s,66,52,118,44,6:05,14.769,TRANSFORM,,,,12809,1020,39,9,0,35,35,1044,18,9105,Vaporeon, ,Normal,Normal,91088,Ditto 2,Ditto,,01:58:09.43,01:58:24.20,06:05:05.47,44,66,1,58,24,20,TRANSFORM,,,,0,0,0,0,0,0,0,1,6,124,73,72,72,72,74,19020,15081,12530,12338,12338,16652,15,15,15,15,0,0,0,0,0,0,0,82,81,72,72,74,2080440,1124267575,-1610585645,-973003568,16777947,12809,2563,0,1020,587354364,134217728,16781312,39,9,9,0,0,1280,1865,1234,685,15021,64290,9990,15,0,0,0,0,0,4,0,1,0,0,0,0,0,0,0,0,0,0,1,0,0,0,0,0,0,0,0,0,0,0,0,0,0,0,0,0,17,12659,0,68005700,41000000,0,1029,0,256,0,0,0,52,18,118,Vaporeon
12-14,14:48:19,NINTEN,Ditto,Scientist,4,Silph Co - 3F,2,1:59:34.68,1:59:34,1h59m34s,68,52,120,45,6:07,14.613,TRANSFORM,,,,12810,1080,46,10,0,40,40,1048,18,10505,Vaporeon, ,Normal,Normal,93093,Ditto 2,Ditto,,01:59:20.07,01:59:34.68,06:07:07.14,45,68,1,59,34,68,TRANSFORM,,,,0,0,0,0,0,0,0,1,1,127,75,74,74,74,76,19145,15221,12720,12503,12503,16852,15,15,15,15,0,0,0,0,0,0,0,84,83,74,74,76,2087732,1124269714,-1610581768,-973002448,16778103,12810,2564,0,1080,587354424,134217728,16781312,46,10,10,0,0,1280,2049,1393,811,15147,64295,9990,19,0,0,0,0,0,4,0,1,0,0,0,0,0,0,0,0,0,0,1,0,0,0,0,0,0,0,0,0,0,0,0,0,0,0,0,0,19,14664,0,68005700,41000000,0,1029,0,256,0,0,0,52,18,120,Vaporeon
12-14,14:48:44,NINTEN,Ditto,Rocket,25,Silph Co - 3F,3,1:59:59.73,1:59:59,1h59m59s,68,52,120,45,6:08,13.555,TRANSFORM,,,,12811,1103,50,11,0,45,45,1050,19,11955,Vaporeon, ,Normal,Normal,95475,Ditto 2,Ditto,,01:59:46.19,01:59:59.74,06:08:45.44,45,68,1,59,59,74,TRANSFORM,,,,0,0,0,0,0,0,0,1,10,127,75,74,74,74,76,19340,15456,12910,12718,12718,17113,15,15,15,15,0,0,0,0,0,0,0,84,83,74,74,76,2093642,1124270627,-1610578139,-973001080,16778103,12811,2564,0,1103,587354447,134217728,16781312,50,11,11,0,0,1280,2359,1629,928,15264,64300,9990,19,0,0,0,0,0,5,0,1,0,0,0,0,0,0,0,0,0,0,1,0,0,0,0,0,0,0,0,0,0,0,0,0,0,0,0,0,22,17046,0,68005700,41000000,0,1030,0,256,0,0,0,52,18,120,Vaporeon
12-14,14:49:17,NINTEN,Ditto,Juggler,8,Fuchsia City - Gym,2,2:00:32.88,2:00:32,2h0m32s,68,52,120,45,6:10,10.34,TRANSFORM,,,,12812,1178,56,12,0,48,48,1052,19,12795,Vaporeon, ,Normal,Normal,96217,Ditto 2,Ditto,,02:00:22.55,02:00:32.90,06:10:56.00,45,68,2,0,32,90,TRANSFORM,,,,0,0,0,0,0,0,0,1,0,127,75,74,74,74,76,19400,15504,12955,12808,12808,17155,15,15,15,15,0,0,0,0,0,0,0,84,83,74,74,76,2101458,1124273629,-1610575194,-972999211,16778103,12812,2564,0,1178,587354522,134217728,16781312,56,12,12,0,0,1280,2561,1795,1071,15407,64303,9990,21,0,0,0,0,0,5,0,1,0,0,0,0,0,0,0,0,0,0,1,0,0,0,0,0,0,0,0,0,0,0,0,0,0,0,0,0,24,17788,0,68005700,41000000,0,1030,0,256,0,0,0,52,18,120,Vaporeon
12-14,14:49:40,NINTEN,Ditto,Juggler,8,Fuchsia City - Gym,2,2:00:55.15,2:00:55,2h0m55s,69,52,121,45,6:10,11.838,TRANSFORM,,,,12812,1149,52,12,0,48,48,1051,19,12795,Vaporeon, ,Normal,Normal,97273,Ditto 2,Ditto,,02:00:43.32,02:00:55.16,06:10:34.44,45,69,2,0,55,16,TRANSFORM,,,,0,0,0,0,0,0,0,1,17,127,75,74,74,74,76,19440,15539,12985,12928,12928,17260,15,15,15,15,0,0,0,0,0,0,0,84,83,74,74,76,2100187,1124272332,-1610574844,-972999689,16778257,12812,2565,0,1149,587354493,134217728,16781312,52,12,12,0,0,1280,2554,1795,1038,15374,64303,9990,20,0,0,0,0,0,5,0,1,0,0,0,0,0,0,0,0,0,0,1,0,0,0,0,0,0,0,0,0,0,0,0,0,0,0,0,0,24,18844,0,68005700,41000000,0,1030,0,256,0,0,0,52,18,121,Vaporeon
12-14,14:49:59,NINTEN,Ditto,Juggler,7,Fuchsia City - Gym,1,2:01:15.10,2:01:15,2h1m15s,69,52,121,46,6:11,9.175,TRANSFORM,,,,12813,1167,54,13,0,51,51,1053,19,13985,Vaporeon, ,Normal,Normal,98615,Ditto 2,Ditto,,02:01:05.94,02:01:15.11,06:11:53.08,46,69,2,1,15,11,TRANSFORM,,,,0,0,0,0,0,0,0,1,22,130,77,75,75,75,78,19525,15612,13055,13043,13043,17327,15,15,15,15,0,0,0,0,0,0,0,86,84,75,75,78,2104891,1124272971,-1610572162,-972998306,16778257,12813,2565,0,1167,587354511,134217728,16781312,54,13,13,0,0,1280,2676,1913,1146,15482,64306,9990,22,0,0,0,0,0,5,0,1,0,0,0,0,0,0,0,0,0,0,1,0,0,0,0,0,0,0,0,0,0,0,0,0,0,0,0,0,25,20186,0,68005700,41000000,0,1030,0,256,0,0,0,52,18,121,Vaporeon
12-14,14:50:24,NINTEN,Ditto,Bird Keeper,8,Route 18,2,2:01:39.80,2:01:39,2h1m39s,69,52,121,46,6:13,9.144,TRANSFORM,,,,12814,1205,59,14,0,54,54,1054,19,15315,Vaporeon, ,Normal,Normal,99981,Ditto 2,Ditto,,02:01:30.66,02:01:39.80,06:13:30.00,46,69,2,1,39,80,TRANSFORM,,,,0,0,0,0,0,0,0,1,57,130,77,75,75,75,78,19630,15762,13150,13135,13135,17497,15,15,15,15,0,0,0,0,0,0,0,86,84,75,75,78,2110703,1124274334,-1610569490,-972996529,16778257,12814,2565,0,1205,587354549,134217728,16781312,59,14,14,0,0,1280,2875,2060,1219,15555,64309,9991,22,0,0,0,0,0,5,0,1,0,0,0,0,0,0,0,0,0,0,1,0,0,0,0,0,0,0,0,0,0,0,0,0,0,0,0,0,27,21552,0,68005700,41000000,0,1030,0,256,0,0,0,52,18,121,Vaporeon
12-14,14:50:48,NINTEN,Ditto,Bird Keeper,9,Route 18,1,2:02:03.40,2:02:03,2h2m3s,69,52,121,46,6:15,8.32,TRANSFORM,,,,12814,1209,60,15,1,59,59,1058,19,16040,Vaporeon, ,Normal,Normal,101686,Ditto 2,Ditto,,02:01:55.08,02:02:03.40,06:15:02.37,46,69,2,2,3,40,TRANSFORM,,,,0,0,0,0,0,0,0,1,86,130,77,75,75,75,78,19755,15962,13285,13256,13256,17697,15,15,15,15,-1,0,0,0,0,0,0,56,94,75,75,78,2116260,1124274681,-1610565282,-972995527,16778257,12814,2565,0,1209,587354553,134217728,16781312,60,16,15,1,0,1280,3087,2218,1303,15639,64314,9993,24,0,0,0,0,0,5,0,1,0,0,0,0,0,0,0,0,0,0,1,0,0,0,0,0,0,0,0,0,0,0,0,0,0,0,0,0,29,23257,0,68005700,41000000,0,1030,0,256,0,0,0,52,18,121,Vaporeon
12-14,14:51:16,NINTEN,Ditto,Biker,5,Route 16,2,2:02:31.22,2:02:31,2h2m31s,69,52,121,46,6:16,11.207,TRANSFORM,,,,12815,1282,70,16,1,63,63,1060,19,16890,Vaporeon,Poisoned,Normal,Normal,102952,Ditto 2,Ditto,,02:02:20.01,02:02:31.22,06:16:52.02,46,69,2,2,31,22,TRANSFORM,,,,0,0,0,0,0,0,0,1,48,130,77,75,75,75,78,19875,16107,13430,13356,13356,17757,15,15,15,15,0,0,0,0,0,0,0,86,84,75,75,78,2122825,1124276355,-1610562115,-972993803,16778257,12815,2565,0,1282,587354560,134217794,16781312,70,17,16,1,0,1280,3293,2374,1385,15721,64318,9994,25,0,0,0,0,0,5,0,1,0,0,0,0,0,0,0,0,0,0,2,0,0,0,0,0,0,0,0,0,0,0,0,0,0,0,0,0,31,24523,0,68005700,41000000,0,1030,0,256,0,0,0,52,18,121,Vaporeon
12-14,14:51:39,NINTEN,Ditto,Cue Ball,1,Route 16,3,2:02:54.89,2:02:54,2h2m54s,69,52,121,47,6:18,12.951,TRANSFORM,,,,12816,1286,71,17,1,67,67,1061,18,17470,Vaporeon, ,Normal,Normal,104452,Ditto 2,Ditto,,02:02:41.94,02:02:54.89,06:18:24.58,47,69,2,2,54,89,TRANSFORM,,,,0,0,0,0,0,0,0,1,5,132,79,77,77,77,79,20055,16347,13565,13461,13461,17897,15,15,15,15,0,0,0,0,0,0,0,88,86,77,77,79,2128401,1124276645,-1610558545,-972992087,16778257,12816,2565,0,1286,587354560,134217798,16781312,71,18,17,1,0,1280,3631,2600,1512,15848,64322,9994,26,0,0,0,0,0,6,0,2,0,0,0,0,0,0,0,0,0,0,2,0,0,0,0,0,0,0,0,0,0,0,0,0,0,0,0,0,34,26023,0,68005700,41000000,0,1030,0,256,0,0,0,52,18,121,Vaporeon
12-14,14:51:58,NINTEN,Ditto,Cue Ball,2,Route 16,2,2:03:13.59,2:03:13,2h3m13s,69,52,121,47,6:19,9.276,TRANSFORM,,,,12817,1288,71,18,1,70,70,1062,18,18170,Vaporeon, ,Normal,Normal,105457,Ditto 2,Ditto,,02:03:04.32,02:03:13.60,06:19:38.17,47,69,2,3,13,60,TRANSFORM,,,,0,0,0,0,0,0,0,1,57,132,79,77,77,77,79,20165,16507,13650,13531,13531,18002,15,15,15,15,0,-1,0,0,0,0,0,99,56,77,77,79,2132800,1124276979,-1610555850,-972990717,16778257,12817,2565,0,1288,587354560,134217800,16781312,71,19,18,1,0,1280,3854,2750,1587,15923,64325,9994,27,0,0,0,0,0,6,0,2,0,0,0,0,0,0,0,0,0,0,2,0,0,0,0,0,0,0,0,0,0,0,0,0,0,0,0,0,36,27028,0,68005700,41000000,0,1030,0,256,0,0,0,52,18,121,Vaporeon
12-14,14:52:16,NINTEN,Ditto,Biker,6,Route 16,1,2:03:31.62,2:03:31,2h3m31s,69,52,121,47,6:20,11.391,TRANSFORM,,,,12817,1291,71,19,1,74,74,1065,18,18895,Vaporeon,Poisoned,Normal,Normal,106679,Ditto 2,Ditto,,02:03:20.23,02:03:31.62,06:20:49.11,47,69,2,3,31,62,TRANSFORM,,,,0,0,0,0,0,0,0,1,28,132,79,77,77,77,79,20230,16597,13770,13616,13616,18062,15,15,15,15,0,0,0,0,0,0,0,88,86,77,77,79,2137054,1124277351,-1610552646,-972990039,16778257,12817,2565,0,1291,587354560,134217803,16781312,71,20,19,1,0,1280,3984,2841,1691,16027,64329,9994,30,0,0,0,0,0,7,0,2,0,0,0,0,0,0,0,0,0,0,3,0,0,0,0,0,0,0,0,0,0,0,0,0,0,0,0,0,37,28250,0,68005700,41000000,0,1030,0,256,0,0,0,52,18,121,Vaporeon
12-14,14:53:42,NINTEN,Ditto,Cue Ball,3,Route 16,1,2:04:57.76,2:04:57,2h4m57s,69,52,121,47,6:26,6.13,TRANSFORM,,,,12817,1487,85,20,1,76,76,1066,19,9455,Vaporeon, ,Normal,Normal,107300,Ditto 2,Ditto,,02:04:51.63,02:04:57.76,06:26:29.18,47,69,2,4,57,76,TRANSFORM,,,,0,0,0,0,0,0,0,1,67,132,79,77,77,77,79,20300,16677,13820,13651,13651,18097,15,15,15,15,0,0,0,0,0,0,0,88,86,77,77,79,2157461,1124294290,-1610550705,-972988512,16778257,12817,2565,0,1487,587354739,134217820,16781312,85,21,20,1,0,1280,4094,2935,1738,16074,64331,9994,30,0,0,0,0,0,7,0,2,0,0,0,0,0,0,0,0,0,0,3,0,0,0,0,0,0,0,0,0,0,0,0,0,0,0,0,0,38,28871,0,68005700,41000000,0,1030,53,256,0,0,0,52,18,121,Vaporeon
12-14,14:54:23,NINTEN,Ditto,Cue Ball,2,Route 16,2,2:05:38.61,2:05:38,2h5m38s,70,52,122,47,6:19,9.559,TRANSFORM,,,,12817,1288,87,18,1,70,70,1062,18,18170,Vaporeon, ,Normal,Normal,105457,Ditto 2,Ditto,,02:05:29.05,02:05:38.61,06:19:37.54,47,70,2,5,38,61,TRANSFORM,,,,0,0,0,0,0,0,0,1,32,132,79,77,77,77,79,20165,16507,13650,13531,13531,18002,15,15,15,15,0,0,0,0,0,0,0,88,86,77,77,79,2132783,1124277021,-1610555782,-972991001,16778414,12817,2566,0,1288,587354560,134217800,16781312,87,19,18,1,0,1280,3854,2750,1612,15948,64325,9994,27,0,0,0,0,0,6,0,2,0,0,0,0,0,0,0,0,0,0,2,0,0,0,0,0,0,0,0,0,0,0,0,0,0,0,0,0,36,27028,0,68005700,41000000,0,1030,0,256,0,0,0,52,18,122,Vaporeon
12-14,14:54:43,NINTEN,Ditto,Biker,6,Route 16,1,2:05:58.59,2:05:58,2h5m58s,70,52,122,47,6:20,10.56,TRANSFORM,,,,12818,1293,88,19,1,74,74,1065,18,18895,Vaporeon,Poisoned,Normal,Normal,106679,Ditto 2,Ditto,,02:05:48.04,02:05:58.60,06:20:56.36,47,70,2,5,58,60,TRANSFORM,,,,0,0,0,0,0,0,0,1,47,132,79,77,77,77,79,20230,16597,13770,13616,13616,18062,15,15,15,15,0,0,0,0,0,0,0,88,86,77,77,79,2137505,1124277600,-1610552761,-972989879,16778414,12818,2566,0,1293,587354560,134217805,16781312,88,20,19,1,0,1280,3965,2841,1697,16033,64329,9994,30,0,0,0,0,0,6,0,2,0,0,0,0,0,0,0,0,0,0,3,0,0,0,0,0,0,0,0,0,0,0,0,0,0,0,0,0,37,28250,0,68005700,41000000,0,1030,0,256,0,0,0,52,18,122,Vaporeon
12-14,14:55:43,NINTEN,Ditto,Cue Ball,5,Route 17,2,2:06:58.18,2:06:58,2h6m58s,71,52,123,47,6:23,11.052,TRANSFORM,,,,12819,1448,95,20,1,78,78,1067,19,19055,Vaporeon, ,Normal,Normal,108131,Ditto 2,Ditto,,02:06:47.13,02:06:58.18,06:23:41.50,47,71,2,6,58,18,TRANSFORM,,,,0,0,0,0,0,0,0,1,20,132,79,77,77,77,79,20380,16777,13890,13701,13701,18142,15,15,15,15,0,0,0,0,0,0,0,88,86,77,77,79,2147424,1124281790,-1610549644,-972987422,16778569,12819,2567,0,1448,587354678,134217842,16781312,95,21,20,1,0,1280,4196,3015,1809,16145,64333,9995,31,0,0,0,0,0,6,0,2,0,0,0,0,0,0,0,0,0,0,3,0,0,0,0,0,0,0,0,0,0,0,0,0,0,0,0,0,39,29702,0,68005700,41000000,0,1030,5,256,0,0,0,52,18,123,Vaporeon
12-14,14:56:01,NINTEN,Ditto,Cue Ball,4,Route 17,2,2:07:16.96,2:07:16,2h7m16s,71,52,123,47,6:24,10.096,TRANSFORM,,,,12820,1452,107,21,1,81,81,1068,19,19780,Vaporeon, ,Normal,Normal,109515,Ditto 2,Ditto,,02:07:06.88,02:07:16.98,06:24:55.42,47,71,2,7,16,98,TRANSFORM,,,,0,0,0,0,0,0,0,1,39,132,79,77,77,77,79,20485,16962,13985,13796,13796,18307,15,15,15,15,0,0,0,0,0,0,0,88,86,77,77,79,2151856,1124282174,-1610546760,-972986258,16778569,12820,2567,0,1452,587354678,134217846,16781312,107,22,21,1,0,1280,4398,3162,1890,16226,64336,9995,32,0,0,0,0,0,6,0,2,0,0,0,0,0,0,0,0,0,0,3,0,0,0,0,0,0,0,0,0,0,0,0,0,0,0,0,0,41,31086,0,68005700,41000000,0,1030,5,256,0,0,0,52,18,123,Vaporeon
12-14,14:56:20,NINTEN,Ditto,Biker,10,Route 17,2,2:07:35.61,2:07:35,2h7m35s,71,52,123,48,6:26,9.739,TRANSFORM,,,,12821,1469,113,22,1,83,83,1069,19,20505,Vaporeon, ,Normal,Normal,110793,Ditto 2,Ditto,,02:07:25.88,02:07:35.62,06:26:08.59,48,71,2,7,35,62,TRANSFORM,,,,0,0,0,0,0,0,0,1,49,135,80,79,79,79,81,20565,17022,14085,13906,13906,18507,15,15,15,15,0,0,0,0,0,0,0,90,88,79,79,81,2156253,1124282515,-1610543947,-972985015,16778569,12821,2567,0,1469,587354678,134217863,16781312,113,23,22,1,0,1280,4573,3293,1976,16312,64338,9995,33,0,0,0,0,0,7,0,2,0,0,0,0,0,0,0,0,0,0,3,0,0,0,0,0,0,0,0,0,0,0,0,0,0,0,0,0,43,32364,0,68005700,41000000,0,1030,5,256,0,0,0,52,18,123,Vaporeon
12-14,14:56:35,NINTEN,Ditto,Cue Ball,6,Route 17,1,2:07:50.86,2:07:50,2h7m50s,71,52,123,48,6:27,8.316,TRANSFORM,,,,12821,1496,123,23,1,86,86,1071,19,21085,Vaporeon, ,Normal,Normal,111825,Ditto 2,Ditto,,02:07:42.55,02:07:50.87,06:27:08.49,48,71,2,7,50,87,TRANSFORM,,,,0,0,0,0,0,0,0,1,47,135,80,79,79,79,81,20645,17122,14155,13956,13956,18552,15,15,15,15,0,0,0,0,0,0,0,90,88,79,79,81,2159843,1124282992,-1610541477,-972984372,16778569,12821,2567,0,1496,587354678,134217890,16781312,123,24,23,1,0,1280,4723,3394,2064,16400,64341,9996,34,0,0,0,0,0,7,0,2,0,0,0,0,0,0,0,0,0,0,3,0,0,0,0,0,0,0,0,0,0,0,0,0,0,0,0,0,44,33396,0,68005700,41000000,0,1030,5,256,0,0,0,52,18,123,Vaporeon
12-14,14:56:56,NINTEN,Ditto,Cue Ball,8,Route 17,2,2:08:11.80,2:08:11,2h8m11s,71,52,123,48,6:28,11.28,TRANSFORM,,,,12822,1539,125,24,1,90,90,1073,19,21910,Vaporeon, ,Normal,Normal,113656,Ditto 2,Ditto,,02:08:00.53,02:08:11.81,06:28:31.12,48,71,2,8,11,81,TRANSFORM,,,,0,0,0,0,0,0,0,1,45,135,80,79,79,79,81,20790,17327,14285,14066,14066,18692,15,15,15,15,0,-1,0,0,0,0,0,101,58,79,79,81,2164787,1124283554,-1610538291,-972983176,16778569,12822,2567,0,1539,587354678,134217933,16781312,125,25,24,1,0,1280,4961,3565,2154,16490,64345,9996,36,0,0,0,0,0,7,0,2,0,0,0,0,0,0,0,0,0,0,3,0,0,0,0,0,0,0,0,0,0,0,0,0,0,0,0,0,46,35227,0,68005700,41000000,0,1030,5,256,0,0,0,52,18,123,Vaporeon
12-14,14:57:47,NINTEN,Ditto,Swimmer,2,Route 19,2,2:09:02.78,2:09:02,2h9m2s,72,52,124,48,6:30,9.538,TRANSFORM,,,,12823,1700,144,25,1,93,93,1074,19,22635,Vaporeon, ,Normal,Normal,114953,Ditto 2,Ditto,,02:08:53.24,02:09:02.78,06:30:19.30,48,72,2,9,2,78,TRANSFORM,,,,0,0,0,0,0,0,0,1,71,135,80,79,79,79,81,20860,17432,14420,14211,14211,18802,15,15,15,15,0,0,0,0,0,0,0,90,88,79,79,81,2171290,1124286273,-1610535534,-972982306,16778726,12823,2568,0,1700,587354750,134218022,16781312,144,26,25,1,0,1280,5129,3695,2218,16554,64348,9996,37,0,0,0,0,0,7,0,2,0,0,1,0,0,0,0,0,0,0,3,0,0,0,0,1,0,0,0,0,0,0,0,0,0,0,0,0,48,36524,0,68005700,41000000,0,1030,5,256,0,0,0,52,18,124,Vaporeon
12-14,14:58:07,NINTEN,Ditto,Swimmer,3,Route 19,3,2:09:22.82,2:09:22,2h9m22s,72,52,124,48,6:31,14.97,TRANSFORM,,,,12823,1705,144,26,1,99,99,1077,19,22785,Vaporeon, ,Normal,Normal,116813,Ditto 2,Ditto,,02:09:07.85,02:09:22.82,06:31:38.26,48,72,2,9,22,82,TRANSFORM,,,,0,0,0,0,0,0,0,1,27,135,80,79,79,79,81,20965,17584,14605,14401,14401,19010,15,15,15,15,0,-1,0,0,0,-1,0,113,65,79,79,81,2176026,1124286583,-1610531485,-972981929,16778726,12823,2568,0,1705,587354755,134218022,16781312,144,27,26,1,0,1280,5476,3886,2312,16648,64353,9998,39,0,0,0,0,0,7,0,2,0,0,1,0,0,0,0,0,0,0,3,0,0,0,0,1,0,0,0,0,0,0,0,0,0,0,0,0,51,38384,0,68005700,41000000,0,1030,5,256,0,0,0,52,18,124,Vaporeon
12-14,14:59:02,NINTEN,Ditto,Swimmer,2,Route 19,2,2:10:17.88,2:10:17,2h10m17s,73,52,125,48,6:30,11.627,TRANSFORM,,,,12823,1698,145,25,1,94,93,1075,19,22635,Vaporeon, ,Normal,Normal,114953,Ditto 2,Ditto,,02:10:06.26,02:10:17.89,06:30:27.50,48,73,2,10,17,89,TRANSFORM,,,,0,0,0,0,0,0,0,1,42,135,80,79,79,79,81,20860,17432,14420,14211,14211,18802,15,15,15,15,-1,0,0,0,0,0,0,58,99,79,79,81,2171790,1124286272,-1610535036,-972982306,16778729,12823,2568,0,1698,587354748,134218022,16781312,145,26,25,1,0,1280,5117,3695,2247,16583,64348,9996,38,0,0,0,0,0,7,0,2,0,0,1,0,0,0,0,0,0,0,3,0,0,0,0,2,1,0,0,0,0,0,0,0,0,0,0,0,48,36524,0,68005700,41000000,0,1030,5,256,0,0,0,52,18,125,Vaporeon
12-14,14:59:22,NINTEN,Ditto,Swimmer,3,Route 19,3,2:10:37.82,2:10:37,2h10m37s,73,52,125,48,6:31,13.802,TRANSFORM,,,,12823,1703,145,26,1,99,98,1077,19,22785,Vaporeon, ,Normal,Normal,116813,Ditto 2,Ditto,,02:10:24.03,02:10:37.83,06:31:46.12,48,73,2,10,37,83,TRANSFORM,,,,0,0,0,0,0,0,0,1,40,135,80,79,79,79,81,20965,17584,14605,14401,14401,19010,15,15,15,15,0,-2,0,0,0,0,0,113,43,79,79,81,2176492,1124286559,-1610531264,-972981663,16778729,12823,2568,0,1703,587354753,134218022,16781312,145,27,26,1,0,1280,5452,3886,2342,16678,64353,9996,40,0,0,0,0,0,7,0,2,0,0,1,0,0,0,0,0,0,0,3,0,0,0,0,2,1,0,0,0,0,0,0,0,0,0,0,0,51,38384,0,68005700,41000000,0,1030,5,256,0,0,0,52,18,125,Vaporeon
12-14,14:59:56,NINTEN,Ditto,Jr Trainer F,23,Route 15,3,2:11:11.35,2:11:11,2h11m11s,73,52,125,49,6:33,18.383,TRANSFORM,,,,12824,1787,157,27,1,107,104,1082,19,22930,Vaporeon, ,Normal,Normal,118849,Ditto 2,Ditto,,02:10:52.97,02:11:11.36,06:33:58.18,49,73,2,11,11,36,TRANSFORM,,,,0,0,0,0,0,0,0,1,7,138,82,81,81,81,83,21125,17764,14810,14646,14646,19140,15,15,15,15,0,-1,0,0,0,0,0,92,59,81,81,83,2184419,1124288504,-1610526392,-972980553,16778729,12824,2568,0,1787,587354837,134218022,16781312,157,28,27,1,0,1280,5792,4108,2473,16809,64359,9996,45,0,0,0,0,0,7,0,2,0,0,1,0,0,0,0,0,0,0,3,0,0,0,0,2,1,0,0,0,0,0,0,1,0,0,0,0,54,40420,0,68005700,41000000,0,1030,5,256,0,0,0,52,18,125,Vaporeon
12-14,15:00:20,NINTEN,Ditto,Bird Keeper,6,Route 15,4,2:11:35.77,2:11:35,2h11m35s,73,52,125,49,6:35,13.227,TRANSFORM,,,,12825,1804,159,28,1,111,108,1082,19,23510,Vaporeon, ,Normal,Normal,120840,Ditto 2,Ditto,,02:11:22.55,02:11:35.78,06:35:34.10,49,73,2,11,35,78,TRANSFORM,,,,0,0,0,0,0,0,0,1,10,138,82,81,81,81,83,21315,18019,15005,14824,14824,19402,15,15,15,15,0,0,0,0,0,0,0,92,91,81,81,83,2190170,1124289221,-1610522747,-972979164,16778729,12825,2568,0,1804,587354854,134218022,16781312,159,29,28,1,0,1280,6195,4365,2601,16937,64363,9996,45,0,0,0,0,0,8,0,2,0,0,1,0,0,0,0,0,0,0,3,0,0,0,0,2,1,0,0,0,0,0,0,1,0,0,0,0,58,42411,0,68005700,41000000,0,1030,5,256,0,0,0,52,18,125,Vaporeon
12-14,15:00:44,NINTEN,Ditto,Bird Keeper,7,Route 15,3,2:11:59.17,2:11:59,2h11m59s,73,52,125,49,6:37,13.64,TRANSFORM,,,,12826,1810,161,29,1,115,112,1083,19,24160,Vaporeon, ,Normal,Normal,122940,Ditto 2,Ditto,,02:11:45.54,02:11:59.18,06:37:06.03,49,73,2,11,59,18,TRANSFORM,,,,0,0,0,0,0,0,0,1,21,138,82,81,81,81,83,21445,18299,15165,14954,14954,19652,15,15,15,15,0,0,0,0,0,0,0,92,91,81,81,83,2195683,1124289638,-1610519001,-972977814,16778729,12826,2568,0,1810,587354860,134218022,16781312,161,30,29,1,0,1280,6478,4565,2718,17054,64367,9996,46,0,0,0,0,0,8,0,2,0,0,1,0,0,0,0,0,0,0,3,0,0,0,0,2,1,0,0,0,0,0,0,1,0,0,0,0,61,44511,0,68005700,41000000,0,1030,5,256,0,0,0,52,18,125,Vaporeon
12-14,15:01:45,NINTEN,Ditto,Beauty,10,Route 15,2,2:13:00.94,2:13:00,2h13m0s,75,52,127,49,6:38,7.601,TRANSFORM,,,,12828,1819,167,30,1,117,114,1083,19,24860,Vaporeon, ,Normal,Normal,124213,Ditto 2,Ditto,,02:12:53.35,02:13:00.95,06:38:25.35,49,75,2,13,0,95,TRANSFORM,,,,0,0,0,0,0,0,0,1,65,138,82,81,81,81,83,21550,18410,15277,15099,15099,19757,15,15,15,15,0,0,0,0,0,0,0,92,91,81,81,83,2200467,1124290344,-1610516688,-972976357,16779037,12828,2570,0,1819,587354869,134218022,16781312,167,31,30,1,0,1280,6656,4712,2791,17127,64369,9996,46,0,0,0,0,0,9,0,2,0,0,1,0,0,0,0,0,0,0,3,0,0,0,0,2,1,0,0,0,0,0,0,1,0,0,0,0,63,45784,0,68005700,41000000,0,1030,5,256,0,0,0,52,18,127,Vaporeon
12-14,15:56:21,NINTEN,Ditto,Rival5-Silph,7,Silph Co - 7F,5,3:07:36.42,3:07:36,3h7m36s,75,134,209,80,10:13,25.495,TRANSFORM,,,,12829,10313,583,113,3,911,813,1743,19,0,Vaporeon, ,Normal,Normal,518418,Ditto 2,Ditto,Rival (Silph Co.),03:07:10.94,03:07:36.44,10:13:50.29,80,75,3,7,36,44,TRANSFORM,,,,9,0,0,0,0,0,0,1,122,230,145,145,148,148,148,40393,39925,40042,45824,45824,46053,15,15,15,15,0,0,0,0,0,0,0,97,105,52,52,60,2975961,1124527778,-1609995154,-972959831,16779037,12829,2570,0,10313,587360702,134220683,16781312,583,116,113,3,0,1280,56223,36573,21475,32707,64760,10161,510,0,0,0,0,0,347,0,137,0,0,11,0,0,0,2,0,0,7,8,0,0,0,0,27,15,0,0,0,0,0,0,1,0,0,0,82,377,439989,0,68005700,41000000,0,1030,94,256,0,0,0,134,18,209,Vaporeon
12-14,16:01:31,NINTEN,Ditto,Rocket,45,Silph Co - 11F,3,3:09:47.82,3:09:47,3h9m47s,75,134,209,80,10:22,10.644,TRANSFORM,,,,24833,1640,19,513,10,13,1805,2058,19,2600,Vaporeon, ,Normal,Normal,521000,Ditto 2,Ditto,,03:09:37.19,03:09:47.83,10:22:26.38,80,75,3,9,47,83,TRANSFORM,,,,0,0,0,0,0,0,0,1,111,230,145,145,148,148,148,40558,40145,40266,46014,46014,46283,15,15,15,15,0,0,0,0,0,0,0,163,163,148,148,148,8396506,-134077734,-1325387491,117468430,6400,24833,0,0,1640,126297,15,0,19,523,513,10,6,6912,501,495,142,21135,30979,1,42,0,0,0,0,0,0,0,1,0,0,0,0,0,0,0,0,0,0,0,0,0,0,0,0,0,0,0,0,0,0,0,0,0,0,0,0,3,6422,0,22016100,89000000,0,2816,0,0,0,0,0,134,18,209,Vaporeon
12-14,16:04:49,NINTEN,Ditto,Giovanni-Silph,2,Silph Co - 11F,4,3:13:06.06,3:13:06,3h13m6s,77,135,212,80,10:31,32.849,TRANSFORM,,,,24834,1801,28,515,10,47,1835,2082,18,1765,Vaporeon,Paralyzed,Normal,Normal,528930,Ditto 2,Ditto,Giovanni (Silph),03:12:33.23,03:13:06.08,10:31:03.40,80,77,3,13,6,8,TRANSFORM,,,,9,0,0,0,0,0,0,1,136,230,145,145,148,148,148,41060,40681,40777,46389,46389,46769,15,15,15,15,0,-1,0,0,0,0,0,72,38,51,51,3,8427533,-134071267,-1325364924,117470269,6555,24834,1,0,1801,126458,15,0,28,525,515,10,6,6912,1401,1309,699,21570,31004,4,63,0,0,0,0,0,1,0,6,0,0,0,0,1,0,0,0,0,0,0,0,0,0,0,0,0,3,0,0,0,0,0,0,0,0,0,4,10,14352,0,22016100,89000000,0,2816,0,0,0,0,0,135,18,212,Vaporeon
12-14,16:06:51,NINTEN,Ditto,Psychic,3,Saffron City - Gym,3,3:15:07.37,3:15:07,3h15m7s,77,135,212,81,10:39,12.997,TRANSFORM,,,,1025,1622,28,1,10,15,15,12,18,5824,Vaporeon, ,Normal,Normal,531649,Ditto 2,Ditto,,03:14:54.38,03:15:07.37,10:39:00.52,81,77,3,15,7,37,TRANSFORM,,,,0,0,0,0,0,0,0,1,73,234,147,147,150,150,150,41365,40942,41052,46574,46574,46901,15,15,15,15,0,0,0,0,0,0,0,165,165,150,150,150,5546030,469786228,67123062,3531,0,1025,0,0,1622,50335318,67109632,3328,28,11,1,10,8,0,1355,366,249,1273,2565,22787,70,0,0,0,0,0,1,0,0,0,0,0,0,0,0,0,0,0,0,0,0,0,0,0,0,0,0,0,0,0,0,0,0,0,0,0,0,4,2719,0,1000100,6000000,0,0,0,256,0,0,0,135,18,212,Vaporeon
12-14,16:07:15,NINTEN,Ditto,Psychic,1,Saffron City - Gym,4,3:15:32.02,3:15:32,3h15m32s,77,135,212,81,10:40,13.703,TRANSFORM,,,,1026,1630,29,2,10,19,19,12,18,6154,Vaporeon, ,Normal,Normal,535135,Ditto 2,Ditto,,03:15:18.32,03:15:32.03,10:40:37.26,81,77,3,15,32,3,TRANSFORM,,,,0,0,0,0,0,0,0,1,79,234,147,147,150,150,150,41575,41122,41242,46954,46954,47216,15,15,15,15,0,0,0,0,0,0,0,165,165,150,150,150,5551824,469786750,67126820,5045,0,1026,0,0,1630,50335326,67109632,3328,29,12,2,10,8,0,2204,677,404,1428,2569,22787,70,0,0,0,0,0,1,0,0,0,0,0,0,0,0,0,0,0,0,0,0,0,0,0,0,0,0,0,0,0,0,0,0,0,0,0,0,8,6205,0,1000100,6000000,0,0,0,256,0,0,0,135,18,212,Vaporeon
12-14,16:07:34,NINTEN,Ditto,Psychic,4,Saffron City - Gym,1,3:15:50.62,3:15:50,3h15m50s,77,135,212,81,10:41,6.672,TRANSFORM,,,,1027,1640,32,3,10,21,21,13,18,6464,Vaporeon, ,Normal,Normal,536470,Ditto 2,Ditto,,03:15:43.95,03:15:50.63,10:41:50.10,81,77,3,15,50,63,TRANSFORM,,,,0,0,0,0,0,0,0,1,162,234,147,147,150,150,150,41670,41197,41352,47034,47034,47246,15,15,15,15,0,0,0,0,0,0,0,165,165,150,150,150,5556189,469787493,67128905,6582,0,1027,0,0,1640,50335336,67109632,3328,32,13,3,10,8,0,2380,803,476,1500,2571,22787,71,0,0,0,0,0,1,0,0,0,0,0,0,0,0,0,0,0,0,0,0,0,0,0,0,0,0,0,0,0,0,0,0,0,0,0,0,9,7540,0,1000100,6000000,0,0,0,256,0,0,0,135,18,212,Vaporeon
12-14,16:07:56,NINTEN,Ditto,Sabrina,1,Saffron City - Gym,3,3:16:12.17,3:16:12,3h16m12s,77,135,212,81,10:43,11.5,TRANSFORM,,,,1028,1649,34,4,10,24,24,13,18,6844,Vaporeon, ,Normal,Normal,540795,Ditto 2,Ditto,Sabrina,03:16:00.69,03:16:12.19,10:43:14.55,81,77,3,16,12,19,TRANSFORM,,,,0,0,0,0,0,0,0,1,73,234,147,147,150,150,150,41790,41302,41442,47394,47394,47561,15,15,15,15,0,0,0,0,0,0,0,165,165,150,150,150,5561273,469788329,67132118,7617,0,1028,0,0,1649,50335345,67109632,3328,34,14,4,10,8,0,3109,1127,637,1661,2574,22787,71,0,0,0,0,0,2,0,0,0,0,0,0,0,0,0,0,0,0,0,0,0,0,0,0,0,0,0,0,0,0,0,0,0,0,0,0,12,11865,0,1000100,6000000,0,0,0,256,0,0,0,135,18,212,Vaporeon
12-14,16:08:42,NINTEN,Ditto,Cooltrainer F,1,Celadon City - Gym,3,3:16:58.52,3:16:58,3h16m58s,77,135,212,81,10:46,10.437,TRANSFORM,,,,1029,1765,46,5,10,27,27,13,19,11794,Vaporeon, ,Normal,Normal,542972,Ditto 2,Ditto,,03:16:48.09,03:16:58.53,10:46:16.49,81,77,3,16,58,53,TRANSFORM,,,,0,0,0,0,0,0,0,1,134,234,147,147,150,150,150,41975,41519,41625,47644,47644,47716,15,15,15,15,0,0,0,0,0,0,0,165,165,150,150,150,5572187,469792161,67135279,11538,0,1029,0,0,1765,50335365,67109728,3328,46,15,5,10,8,0,3754,1328,737,1761,2577,22787,71,0,0,0,0,0,2,0,0,0,0,0,0,0,0,0,0,0,0,0,0,0,0,0,0,0,0,0,0,0,0,0,0,0,0,0,0,15,14042,0,1000100,6000000,0,0,0,256,0,0,0,135,18,212,Vaporeon
12-14,16:09:03,NINTEN,Ditto,Erika,1,Celadon City - Gym,3,3:17:19.56,3:17:19,3h17m19s,77,135,212,81,10:47,10.562,TRANSFORM,,,,1030,1768,46,6,10,30,30,13,19,12634,Vaporeon, ,Normal,Normal,545977,Ditto 2,Ditto,Erika,03:17:09.01,03:17:19.57,10:47:39.37,81,77,3,17,19,57,TRANSFORM,,,,0,0,0,0,0,0,0,1,107,234,147,147,150,150,150,42165,41729,41860,47914,47914,47871,15,15,15,15,0,0,0,0,0,0,0,165,165,150,150,150,5577155,469792962,67138284,12700,0,1030,0,0,1768,50335368,67109728,3328,46,16,6,10,8,0,4181,1584,864,1888,2580,22787,71,0,0,0,0,0,2,0,0,0,0,0,0,0,0,0,0,0,0,0,0,0,0,0,0,0,0,0,0,0,0,0,0,0,0,0,0,18,17047,0,1000100,6000000,0,0,0,256,0,0,0,135,18,212,Vaporeon
12-14,16:09:44,NINTEN,Ditto,Juggler,3,Fuchsia City - Gym,4,3:18:00.18,3:18:00,3h18m0s,77,135,212,81,10:50,15.849,TRANSFORM,,,,1031,1814,50,7,10,35,35,13,20,15802,Vaporeon, ,Normal,Normal,548968,Ditto 2,Ditto,,03:17:44.33,03:18:00.18,10:50:19.08,81,77,3,18,0,18,TRANSFORM,,,,0,0,0,0,0,0,0,1,76,234,147,147,150,150,150,42385,41908,42025,48304,48304,48102,15,15,15,15,0,0,0,0,0,0,0,165,165,150,150,150,5586726,469795579,67142633,15305,0,1031,0,0,1814,50335414,67109728,3328,50,17,7,10,8,0,5071,1903,1022,2046,2584,22788,71,0,0,0,0,0,2,0,0,0,0,0,0,0,0,0,0,0,0,0,0,0,0,0,0,0,0,0,0,0,0,0,0,0,0,0,0,22,20038,0,1000100,6000000,0,0,0,256,0,0,0,135,18,212,Vaporeon
12-14,16:10:07,NINTEN,Ditto,Tamer,2,Fuchsia City - Gym,3,3:18:23.28,3:18:23,3h18m23s,77,135,212,82,10:51,11.639,TRANSFORM,,,,1032,1820,51,8,10,38,38,13,20,16887,Vaporeon, ,Normal,Normal,552198,Ditto 2,Ditto,,03:18:11.64,03:18:23.28,10:51:49.42,82,77,3,18,23,28,TRANSFORM,,,,0,0,0,0,0,0,0,1,103,237,150,150,153,153,153,42580,42178,42273,48489,48489,48327,15,15,15,15,0,0,0,0,0,0,0,168,168,153,153,153,5592160,469795997,67145893,17061,0,1032,0,0,1820,50335420,67109728,3328,51,18,8,10,8,0,5462,2174,1156,2180,2587,22788,71,0,0,0,0,0,2,0,0,0,0,0,0,0,0,0,0,0,0,0,0,0,0,0,0,0,0,0,0,0,0,0,0,0,0,0,0,25,23268,0,1000100,6000000,0,0,0,256,0,0,0,135,18,212,Vaporeon
12-14,16:10:28,NINTEN,Ditto,Tamer,1,Fuchsia City - Gym,2,3:18:44.48,3:18:44,3h18m44s,77,135,212,82,10:53,9.546,TRANSFORM,,,,1033,1836,58,9,10,41,41,14,20,18207,Vaporeon, ,Normal,Normal,554455,Ditto 2,Ditto,,03:18:34.95,03:18:44.49,10:53:13.08,82,77,3,18,44,49,TRANSFORM,,,,0,0,0,0,0,0,0,1,139,237,150,150,153,153,153,42715,42363,42452,48609,48609,48472,15,15,15,15,0,0,0,0,0,0,0,168,168,153,153,153,5597166,469796854,67148645,18458,0,1033,0,0,1836,50335436,67109728,3328,58,19,9,10,8,0,5807,2364,1254,2278,2590,22788,72,0,0,0,0,0,2,0,0,0,0,0,0,0,0,0,0,0,0,0,0,0,0,0,0,0,0,0,0,0,0,0,0,0,0,0,0,27,25525,0,1000100,6000000,0,0,0,256,0,0,0,135,18,212,Vaporeon
12-14,16:10:45,NINTEN,Ditto,Juggler,4,Fuchsia City - Gym,2,3:19:01.25,3:19:01,3h19m1s,77,135,212,82,10:54,8.097,TRANSFORM,,,,1034,1839,58,10,10,43,43,14,20,19567,Vaporeon, ,Normal,Normal,556398,Ditto 2,Ditto,,03:18:53.15,03:19:01.25,10:54:19.01,82,77,3,19,1,25,TRANSFORM,,,,0,0,0,0,0,0,0,1,139,237,150,150,153,153,153,42860,42484,42567,48814,48814,48581,15,15,15,15,0,0,0,0,0,0,0,168,168,153,153,153,5601119,469797260,67151061,19589,0,1034,0,0,1839,50335439,67109728,3328,58,20,10,10,8,0,6149,2561,1352,2376,2592,22788,72,0,0,0,0,0,2,0,0,0,0,0,0,0,0,0,0,0,0,0,0,0,0,0,0,0,0,0,0,0,0,0,0,0,0,0,0,29,27468,0,1000100,6000000,0,0,0,256,0,0,0,135,18,212,Vaporeon
12-14,16:11:09,NINTEN,Ditto,Koga,1,Fuchsia City - Gym,4,3:19:26.08,3:19:26,3h19m26s,77,135,212,82,10:55,15.611,TRANSFORM,,,,1035,1844,59,11,10,48,48,14,20,20757,Vaporeon, ,Normal,Normal,558613,Ditto 2,Ditto,Koga,03:19:10.47,03:19:26.08,10:55:56.46,82,77,3,19,26,8,TRANSFORM,,,,0,0,0,0,0,0,0,1,0,237,150,150,153,153,153,43040,42649,42717,48934,48934,48716,15,15,15,15,0,0,0,0,0,0,0,168,168,153,153,153,5606984,469797794,67155273,20708,0,1035,0,0,1844,50335444,67109728,3328,59,21,11,10,8,0,6883,3053,1597,2621,2597,22788,72,0,0,0,0,0,3,0,0,0,0,0,0,0,0,0,0,0,0,0,0,0,0,0,0,0,0,0,0,0,0,0,0,0,0,0,0,33,29683,0,1000100,6000000,0,0,0,256,0,0,0,135,18,212,Vaporeon
12-14,16:12:59,NINTEN,Ditto,Blackbelt,5,Saffron City - Fighting Dojo,3,3:21:15.95,3:21:15,3h21m15s,79,135,214,82,11:00,10.62,TRANSFORM,,,,1035,2156,88,11,11,46,46,14,20,20757,Vaporeon, ,Normal,Normal,558459,Ditto 2,Ditto,,03:21:05.34,03:21:15.96,11:00:08.55,82,79,3,21,15,96,TRANSFORM,,,,0,0,0,0,0,0,0,1,115,237,150,150,153,153,153,43035,42749,42712,48944,48944,48781,15,15,15,15,0,0,0,0,0,0,0,168,168,153,153,153,5622119,469804782,67154871,29067,190,1035,1,0,2156,50335588,67109896,3328,88,22,11,11,9,0,6771,2806,1474,2498,2595,22788,72,0,0,0,0,0,2,0,0,0,0,0,0,0,0,0,0,0,0,0,0,0,0,0,0,0,0,0,0,0,0,0,0,0,0,0,0,32,29529,0,1000100,6000000,0,0,0,256,0,0,0,135,18,214,Vaporeon
12-14,16:13:15,NINTEN,Ditto,Blackbelt,3,Saffron City - Fighting Dojo,2,3:21:31.33,3:21:31,3h21m31s,79,135,214,82,11:01,7.639,TRANSFORM,,,,1035,2159,89,12,11,48,48,14,20,21532,Vaporeon, ,Normal,Normal,560062,Ditto 2,Ditto,,03:21:23.70,03:21:31.33,11:01:09.07,82,79,3,21,31,33,TRANSFORM,,,,0,0,0,0,0,0,0,1,143,237,150,150,153,153,153,43185,42929,42832,49029,49029,48861,15,15,15,15,0,0,0,0,0,0,0,168,168,153,153,153,5625731,469805183,67157191,29958,190,1035,1,0,2159,50335591,67109896,3328,89,23,12,11,9,0,7107,2995,1568,2592,2597,22788,72,0,0,0,0,0,2,0,0,0,0,0,0,0,0,0,0,0,0,0,0,0,0,0,0,0,0,0,0,0,0,0,0,0,0,0,0,34,31132,0,1000100,6000000,0,0,0,256,0,0,0,135,18,214,Vaporeon
12-14,16:13:26,NINTEN,Ditto,Blackbelt,4,Saffron City - Fighting Dojo,1,3:21:42.88,3:21:42,3h21m42s,79,135,214,82,11:01,4.697,TRANSFORM,,,,1035,2162,90,13,11,49,49,14,20,22332,Vaporeon, ,Normal,Normal,561211,Ditto 2,Ditto,,03:21:38.19,03:21:42.89,11:01:54.24,82,79,3,21,42,89,TRANSFORM,,,,0,0,0,0,0,0,0,1,188,237,150,150,153,153,153,43250,43034,42892,49089,49089,48956,15,15,15,15,0,0,0,0,0,0,0,168,168,153,153,153,5628448,469805671,67158806,30572,190,1035,1,0,2162,50335594,67109896,3328,90,24,13,11,9,0,7251,3093,1617,2641,2598,22788,72,0,0,0,0,0,2,0,0,0,0,0,0,0,0,0,0,0,0,0,0,0,0,0,0,0,0,0,0,0,0,0,0,0,0,0,0,35,32281,0,1000100,6000000,0,0,0,256,0,0,0,135,18,214,Vaporeon
12-14,16:13:42,NINTEN,Ditto,Blackbelt,2,Saffron City - Fighting Dojo,3,3:21:58.73,3:21:58,3h21m58s,79,135,214,82,11:02,10.581,TRANSFORM,,,,1035,2165,91,14,11,52,52,14,20,23232,Vaporeon, ,Normal,Normal,563179,Ditto 2,Ditto,,03:21:48.15,03:21:58.74,11:02:56.45,82,79,3,21,58,74,TRANSFORM,,,,0,0,0,0,0,0,0,1,124,237,150,150,153,153,153,43395,43299,43022,49219,49219,49191,15,15,15,15,0,0,0,0,0,0,0,168,168,153,153,153,5632189,469805978,67161824,30988,190,1035,1,0,2165,50335597,67109896,3328,91,25,14,11,9,0,7947,3319,1730,2754,2601,22788,72,0,0,0,0,0,2,0,0,0,0,0,0,0,0,0,0,0,0,0,0,0,0,0,0,0,0,0,0,0,0,0,0,0,0,0,0,38,34249,0,1000100,6000000,0,0,0,256,0,0,0,135,18,214,Vaporeon
12-14,16:13:59,NINTEN,Ditto,Blackbelt,1,Saffron City - Fighting Dojo,2,3:22:16.12,3:22:16,3h22m16s,79,135,214,82,11:04,7.805,TRANSFORM,,,,1036,2168,91,15,11,54,54,14,20,24007,Vaporeon, ,Normal,Normal,565390,Ditto 2,Ditto,,03:22:08.33,03:22:16.13,11:04:05.01,82,79,3,22,16,13,TRANSFORM,,,,0,0,0,0,0,0,0,1,149,237,150,150,153,153,153,43495,43524,43154,49289,49289,49354,15,15,15,15,0,0,0,0,0,0,0,168,168,153,153,153,5636285,469806435,67164170,32281,190,1036,1,0,2168,50335600,67109896,3328,91,26,15,11,9,0,8228,3497,1818,2842,2603,22788,72,0,0,0,0,0,2,0,0,0,0,0,0,0,0,0,0,0,0,0,0,0,0,0,0,0,0,0,0,0,0,0,0,0,0,0,0,40,36460,0,1000100,6000000,0,0,0,256,0,0,0,135,18,214,Vaporeon
12-14,16:14:42,NINTEN,Ditto,Biker,12,Route 17,5,3:22:58.52,3:22:58,3h22m58s,79,135,214,82,11:06,16.732,TRANSFORM,,,,1036,2297,95,16,11,59,59,14,20,24932,Vaporeon, ,Normal,Normal,569070,Ditto 2,Ditto,,03:22:41.80,03:22:58.53,11:06:51.55,82,79,3,22,58,53,TRANSFORM,,,,0,0,0,0,0,0,0,1,80,237,150,150,153,153,153,43745,43899,43679,49639,49639,49579,15,15,15,15,0,0,0,0,0,0,0,168,168,153,153,153,5646299,469809754,67168644,34502,190,1036,1,0,2297,50335616,67110009,3328,95,27,16,11,9,0,9105,3816,1975,2999,2608,22788,72,0,0,0,0,0,4,0,0,0,0,0,0,0,0,0,0,0,0,0,0,0,0,0,0,0,0,0,0,0,0,0,0,0,0,0,0,45,40140,0,1000100,6000000,0,0,0,256,0,0,0,135,18,214,Vaporeon
12-14,16:14:59,NINTEN,Ditto,Biker,11,Route 17,2,3:23:15.99,3:23:15,3h23m15s,79,135,214,82,11:08,7.771,TRANSFORM,,,,1036,2326,97,17,11,61,61,14,20,25432,Vaporeon, ,Normal,Normal,571119,Ditto 2,Ditto,,03:23:08.22,03:23:15.99,11:08:00.03,82,79,3,23,15,99,TRANSFORM,,,,0,0,0,0,0,0,0,1,145,237,150,150,153,153,153,43915,44094,43874,49789,49789,49689,15,15,15,15,0,0,0,0,0,0,0,168,168,153,153,153,5650387,469810371,67170985,35632,190,1036,1,0,2326,50335616,67110038,3328,97,28,17,11,9,0,9360,4001,2067,3091,2610,22788,72,0,0,0,0,0,4,0,0,0,0,0,0,0,0,0,0,0,0,0,0,0,0,0,0,0,0,0,0,0,0,0,0,0,0,0,0,47,42189,0,1000100,6000000,0,0,0,256,0,0,0,135,18,214,Vaporeon
12-14,16:15:22,NINTEN,Ditto,Cue Ball,7,Route 17,4,3:23:38.67,3:23:38,3h23m38s,79,135,214,83,11:09,14.168,TRANSFORM,,,,1036,2365,97,18,11,65,65,14,20,26012,Vaporeon, ,Normal,Normal,573243,Ditto 2,Ditto,,03:23:24.52,03:23:38.68,11:09:29.17,83,79,3,23,38,68,TRANSFORM,,,,0,0,0,0,0,0,0,1,102,240,152,152,156,156,156,44145,44434,44064,49944,49944,49909,15,15,15,15,0,0,0,0,0,0,0,171,171,156,156,156,5655741,469811203,67174827,36312,190,1036,1,0,2365,50335616,67110077,3328,97,29,18,11,9,0,10357,4278,2205,3229,2614,22788,72,0,0,0,0,0,4,0,0,0,0,0,0,0,0,0,0,0,0,0,0,0,0,0,0,0,0,0,0,0,0,0,0,0,0,0,0,51,44313,0,1000100,6000000,0,0,0,256,0,0,0,135,18,214,Vaporeon
12-14,16:16:06,NINTEN,Ditto,Koga,1,Fuchsia City - Gym,4,3:24:22.69,3:24:22,3h24m22s,79,135,214,87,11:12,15.845,TRANSFORM,,,,1037,2427,102,19,11,70,70,15,19,26662,Vaporeon, ,Normal,Normal,662195,Ditto 2,Ditto,Koga,03:24:06.85,03:24:22.70,11:12:21.54,87,79,3,24,22,70,TRANSFORM,,,,0,0,0,0,0,0,0,1,7,251,159,159,163,163,163,44395,44664,44274,50154,50154,50134,15,15,15,15,0,0,0,0,0,0,0,178,178,163,163,163,5666098,469813326,67179101,40272,190,1037,1,0,2427,50335675,67110080,3328,102,30,19,11,9,0,11062,4770,2449,3473,2619,22788,72,0,0,0,0,0,4,0,0,0,0,0,0,0,0,0,0,0,0,0,0,0,0,0,0,0,0,0,0,0,0,0,0,0,0,0,0,55,48005,0,1000100,6000000,0,0,0,256,0,0,0,135,18,214,Vaporeon
12-14,16:18:13,NINTEN,Ditto,Fisher,7,Route 21,4,3:26:29.49,3:26:29,3h26m29s,79,135,214,87,11:20,13.852,TRANSFORM,,,,1038,2971,154,20,11,74,74,15,20,31112,Vaporeon, ,Normal,Normal,665921,Ditto 2,Ditto,,03:26:15.66,03:26:29.51,11:20:41.32,87,79,3,26,29,51,TRANSFORM,,,,0,0,0,0,0,0,0,1,89,251,159,159,163,163,163,44680,45007,44529,50444,50444,50401,15,15,15,15,0,0,0,0,0,0,0,178,178,163,163,183,5696076,469827626,67182948,52103,190,1038,1,0,2971,50335858,67110411,3358,154,31,20,11,9,0,12014,5098,2611,3635,2623,22788,72,0,0,0,0,0,5,0,0,0,0,0,0,0,0,0,0,0,0,0,0,0,0,0,0,0,0,0,0,0,0,0,0,0,0,0,0,59,51731,0,1000100,6000000,0,2,0,256,0,0,2,135,18,214,Vaporeon
12-14,16:18:29,NINTEN,Ditto,Swimmer,12,Route 21,2,3:26:45.18,3:26:45,3h26m45s,79,135,214,87,11:21,7.679,TRANSFORM,,,,1038,2984,155,21,11,76,76,15,20,32092,Vaporeon, ,Normal,Normal,668465,Ditto 2,Ditto,,03:26:37.50,03:26:45.18,11:21:42.48,87,79,3,26,45,18,TRANSFORM,,,,0,0,0,0,0,0,0,1,147,251,159,159,163,163,163,44815,45142,44689,50659,50659,50586,15,15,15,15,0,0,0,0,0,0,0,178,178,163,163,183,5699752,469828041,67185264,53048,190,1038,1,0,2984,50335858,67110411,3371,155,32,21,11,9,0,12318,5283,2703,3727,2625,22788,72,0,0,0,0,0,5,0,0,0,0,0,0,0,0,0,0,0,0,0,0,0,0,0,0,0,0,0,0,0,0,0,0,0,0,0,0,61,54275,0,1000100,6000000,0,2,0,256,0,0,2,135,18,214,Vaporeon
12-14,16:18:46,NINTEN,Ditto,Cue Ball,9,Route 21,3,3:27:02.43,3:27:02,3h27m2s,79,135,214,87,11:22,10.585,TRANSFORM,,,,1038,2987,156,22,11,79,79,15,20,32257,Vaporeon, ,Normal,Normal,671219,Ditto 2,Ditto,,03:26:51.85,03:27:02.43,11:22:50.14,87,79,3,27,2,43,TRANSFORM,,,,0,0,0,0,0,0,0,1,134,251,159,159,163,163,163,44975,45292,44824,50979,50979,50826,15,15,15,15,0,0,0,0,0,0,0,178,178,163,163,183,5703798,469828269,67188270,53860,190,1038,1,0,2987,50335858,67110411,3374,156,33,22,11,9,0,13055,5518,2820,3844,2628,22788,72,0,0,0,0,0,5,0,0,0,0,0,0,0,0,0,0,0,0,0,0,0,0,0,0,0,0,0,0,0,0,0,0,0,0,0,0,64,57029,0,1000100,6000000,0,2,0,256,0,0,2,135,18,214,Vaporeon
12-14,16:19:01,NINTEN,Ditto,Swimmer,13,Route 21,1,3:27:17.73,3:27:17,3h27m17s,79,135,214,87,11:23,4.731,TRANSFORM,,,,1038,3034,156,23,11,80,80,15,20,33032,Vaporeon, ,Normal,Normal,672860,Ditto 2,Ditto,,03:27:13.00,03:27:17.73,11:23:50.07,87,79,3,27,17,73,TRANSFORM,,,,0,0,0,0,0,0,0,1,203,251,159,159,163,163,163,45035,45367,44909,51079,51079,50941,15,15,15,15,0,0,0,0,0,0,0,178,178,163,163,183,5707391,469829385,67189890,54717,190,1038,1,0,3034,50335858,67110411,3421,156,34,23,11,9,0,13182,5615,2868,3892,2629,22788,72,0,0,0,0,0,5,0,0,0,0,0,0,0,0,0,0,0,0,0,0,0,0,0,0,0,0,0,0,0,0,0,0,0,0,0,0,65,58670,0,1000100,6000000,0,2,0,256,0,0,2,135,18,214,Vaporeon
12-14,16:19:17,NINTEN,Ditto,Fisher,8,Route 21,2,3:27:33.76,3:27:33,3h27m33s,79,135,214,87,11:24,12.775,TRANSFORM,,,,1038,3043,156,24,11,87,83,16,20,33217,Vaporeon, ,Normal,Normal,674851,Ditto 2,Ditto,,03:27:20.99,03:27:33.76,11:24:53.27,87,79,3,27,33,76,TRANSFORM,,,,0,0,0,0,0,0,0,1,104,251,159,159,163,163,163,45115,45527,45189,51209,51209,51051,15,15,15,15,0,0,0,0,0,0,0,178,178,163,163,183,5711191,469829658,67193417,54717,190,1038,1,0,3043,50335859,67110411,3429,156,35,24,11,9,0,13456,5755,2967,3991,2632,22788,73,0,0,0,0,0,5,0,0,0,0,0,0,0,0,0,0,0,0,0,0,0,0,0,0,0,0,0,0,0,0,0,0,0,0,0,0,67,60661,0,1000100,6000000,0,2,0,256,0,0,2,135,18,214,Vaporeon
12-14,16:19:32,NINTEN,Ditto,Fisher,10,Route 21,2,3:27:48.28,3:27:48,3h27m48s,79,135,214,87,11:25,7.76,TRANSFORM,,,,1038,3045,158,25,11,89,85,16,20,34302,Vaporeon, ,Normal,Normal,676836,Ditto 2,Ditto,,03:27:40.52,03:27:48.29,11:25:50.08,87,79,3,27,48,29,TRANSFORM,,,,0,0,0,0,0,0,0,1,163,251,159,159,163,163,163,45240,45686,45314,51339,51339,51182,15,15,15,15,0,0,0,0,0,0,0,178,178,163,163,183,5714593,469829826,67195773,55595,190,1038,1,0,3045,50335861,67110411,3429,158,36,25,11,9,0,13806,5933,3055,4079,2634,22788,73,0,0,0,0,0,5,0,0,0,0,0,0,0,0,0,0,0,0,0,0,0,0,0,0,0,0,0,0,0,0,0,0,0,0,0,0,69,62646,0,1000100,6000000,0,2,0,256,0,0,2,135,18,214,Vaporeon
12-14,16:19:50,NINTEN,Ditto,Swimmer,14,Route 21,2,3:28:06.91,3:28:06,3h28m6s,79,135,214,87,11:27,7.617,TRANSFORM,,,,1038,3070,159,26,11,91,87,16,20,35457,Vaporeon, ,Normal,Normal,678595,Ditto 2,Ditto,,03:27:59.30,03:28:06.92,11:27:03.17,87,79,3,28,6,92,TRANSFORM,,,,0,0,0,0,0,0,0,1,174,251,159,159,163,163,163,45329,45794,45449,51474,51474,51325,15,15,15,15,0,0,0,0,0,0,0,178,178,163,163,183,5718981,469830606,67198093,56883,190,1038,1,0,3070,50335863,67110411,3452,159,37,26,11,9,0,14136,6088,3132,4156,2636,22788,73,0,0,0,0,0,5,0,0,0,0,0,0,0,0,0,0,0,0,0,0,0,0,0,0,0,0,0,0,0,0,0,0,0,0,0,0,71,64405,0,1000100,6000000,0,2,0,256,0,0,2,135,18,214,Vaporeon
12-14,16:20:25,NINTEN,Ditto,Scientist,12,Cinnabar Mansion,3,3:28:41.46,3:28:41,3h28m41s,79,135,214,88,11:29,11.768,TRANSFORM,,,,1038,3162,164,27,12,95,91,16,20,35622,Vaporeon, ,Normal,Normal,681750,Ditto 2,Ditto,,03:28:29.70,03:28:41.46,11:29:18.47,88,79,3,28,41,46,TRANSFORM,,,,0,0,0,0,0,0,0,1,146,255,162,162,166,166,166,45499,46000,45724,51794,51794,51637,15,15,15,15,0,0,0,0,0,0,0,182,182,166,166,186,5727111,469833036,67202371,58305,190,1038,1,0,3162,50335935,67110411,3472,164,39,27,12,9,0,14935,6402,3288,4312,2640,22788,73,0,0,0,0,0,6,0,0,0,0,0,0,0,0,0,0,0,0,0,0,0,0,0,0,0,0,0,0,0,0,0,0,0,0,0,0,75,67560,0,1000100,6000000,0,2,0,256,0,0,2,135,18,214,Vaporeon
12-14,16:20:41,NINTEN,Ditto,Scientist,4,Cinnabar Mansion,2,3:28:57.30,3:28:57,3h28m57s,79,135,214,88,11:30,7.871,TRANSFORM,,,,1038,3169,164,28,12,97,93,16,20,37272,Vaporeon, ,Normal,Normal,683755,Ditto 2,Ditto,,03:28:49.43,03:28:57.30,11:30:20.34,88,79,3,28,57,30,TRANSFORM,,,,0,0,0,0,0,0,0,1,176,255,162,162,166,166,166,45624,46140,45914,51959,51959,51837,15,15,15,15,0,0,0,0,0,0,0,182,182,166,166,186,5730819,469833577,67204745,59098,190,1038,1,0,3169,50335942,67110411,3472,164,40,28,12,9,0,15264,6561,3367,4391,2642,22788,73,0,0,0,0,0,6,0,0,0,0,0,0,0,0,0,0,0,0,0,0,0,0,0,0,0,0,0,0,0,0,0,0,0,0,0,0,77,69565,0,1000100,6000000,0,2,0,256,0,0,2,135,18,214,Vaporeon
12-14,16:22:14,NINTEN,Ditto,Burglar,4,Cinnabar Island - Gym,3,3:30:30.97,3:30:30,3h30m30s,79,135,214,88,11:36,11.032,TRANSFORM,,,,1038,3690,205,29,13,101,97,16,20,38722,Vaporeon, ,Normal,Normal,687055,Ditto 2,Ditto,,03:30:19.94,03:30:30.97,11:36:29.51,88,79,3,30,30,97,TRANSFORM,,,,0,0,0,0,0,0,0,1,119,255,162,162,166,166,166,45895,46432,46149,52239,52239,52112,15,15,15,15,0,0,0,0,0,0,0,182,182,166,166,186,5752975,469846340,67209033,64203,190,1038,1,0,3690,50336273,67110573,3500,205,42,29,13,9,0,16187,6951,3561,4585,2646,22788,73,0,0,0,0,0,7,0,0,0,0,0,0,0,0,0,0,0,0,0,0,0,0,0,0,0,0,0,0,0,0,0,0,0,0,0,0,81,72865,0,1000100,6000000,0,6,0,256,0,0,2,135,18,214,Vaporeon
12-14,16:22:35,NINTEN,Ditto,Super Nerd,9,Cinnabar Island - Gym,3,3:30:51.32,3:30:51,3h30m51s,79,135,214,88,11:37,12.425,TRANSFORM,,,,1038,3700,210,30,13,104,100,18,20,41962,Vaporeon, ,Normal,Normal,689399,Ditto 2,Ditto,,03:30:38.90,03:30:51.33,11:37:49.41,88,79,3,30,51,33,TRANSFORM,,,,0,0,0,0,0,0,0,1,117,255,162,162,166,166,166,46044,46590,46304,52469,52469,52342,15,15,15,15,0,0,0,0,0,0,0,182,182,166,166,186,5757765,469846800,67212477,65089,190,1038,1,0,3700,50336283,67110573,3500,210,43,30,13,9,0,17013,7213,3699,4723,2649,22788,75,0,0,0,0,0,8,0,0,0,0,0,0,0,0,0,0,0,0,0,0,0,0,0,0,0,0,0,0,0,0,0,0,0,0,0,0,84,75209,0,1000100,6000000,0,6,0,256,0,0,2,135,18,214,Vaporeon
12-14,16:22:59,NINTEN,Ditto,Super Nerd,10,Cinnabar Island - Gym,4,3:31:15.17,3:31:15,3h31m15s,79,135,214,88,11:39,13.628,TRANSFORM,,,,1038,3716,212,31,13,108,104,18,20,42862,Vaporeon, ,Normal,Normal,692100,Ditto 2,Ditto,,03:31:01.56,03:31:15.18,11:39:23.15,88,79,3,31,15,18,TRANSFORM,,,,0,0,0,0,0,0,0,1,97,255,162,162,166,166,166,46226,46838,46487,52699,52699,52622,15,15,15,15,0,0,0,0,0,0,0,182,182,166,166,186,5763379,469847767,67216208,66005,190,1038,1,0,3716,50336299,67110573,3500,212,44,31,13,9,0,17974,7532,3857,4881,2653,22788,75,0,0,0,0,0,8,0,0,0,0,0,0,0,0,0,0,0,0,0,0,0,0,0,0,0,0,0,0,0,0,0,0,0,0,0,0,88,77910,0,1000100,6000000,0,6,0,256,0,0,2,135,18,214,Vaporeon
12-14,16:23:14,NINTEN,Ditto,Burglar,5,Cinnabar Island - Gym,1,3:31:31.09,3:31:31,3h31m31s,79,135,214,88,11:40,4.693,TRANSFORM,,,,1038,3728,219,32,13,109,105,18,20,43712,Vaporeon, ,Normal,Normal,693435,Ditto 2,Ditto,,03:31:26.39,03:31:31.09,11:40:25.26,88,79,3,31,31,9,TRANSFORM,,,,0,0,0,0,0,0,0,1,198,255,162,162,166,166,166,46276,46923,46542,52764,52764,52712,15,15,15,15,0,0,0,0,0,0,0,182,182,166,166,186,5767110,469849028,67217826,66857,190,1038,1,0,3728,50336311,67110573,3500,219,45,32,13,9,0,18134,7630,3906,4930,2654,22788,75,0,0,0,0,0,8,0,0,0,0,0,0,0,0,0,0,0,0,0,0,0,0,0,0,0,0,0,0,0,0,0,0,0,0,0,0,89,79245,0,1000100,6000000,0,6,0,256,0,0,2,135,18,214,Vaporeon
12-14,16:23:25,NINTEN,Ditto,Super Nerd,11,Cinnabar Island - Gym,1,3:31:42.04,3:31:42,3h31m42s,79,135,214,88,11:41,4.947,TRANSFORM,,,,1038,3742,236,33,13,110,106,18,20,47402,Vaporeon, ,Normal,Normal,695121,Ditto 2,Ditto,,03:31:37.10,03:31:42.05,11:41:08.34,88,79,3,31,42,5,TRANSFORM,,,,0,0,0,0,0,0,0,1,143,255,162,162,166,166,166,46341,47023,46612,52844,52844,52817,15,15,15,15,0,0,0,0,0,0,0,182,182,166,166,186,5769699,469849946,67219497,66857,190,1038,1,0,3742,50336325,67110573,3500,236,46,33,13,9,0,18273,7740,3961,4985,2655,22788,75,0,0,0,0,0,8,0,0,0,0,0,0,0,0,0,0,0,0,0,0,0,0,0,0,0,0,0,0,0,0,0,0,0,0,0,0,90,80931,0,1000100,6000000,0,6,0,256,0,0,2,135,18,214,Vaporeon
12-14,16:23:42,NINTEN,Ditto,Burglar,6,Cinnabar Island - Gym,2,3:31:58.72,3:31:58,3h31m58s,79,135,214,88,11:42,7.666,TRANSFORM,,,,1038,3756,239,34,13,112,108,18,20,48427,Vaporeon, ,Normal,Normal,696341,Ditto 2,Ditto,,03:31:51.06,03:31:58.73,11:42:14.01,88,79,3,31,58,73,TRANSFORM,,,,0,0,0,0,0,0,0,1,157,255,162,162,166,166,166,46434,47134,46697,52959,52959,52942,15,15,15,15,0,0,0,0,0,0,0,182,182,166,166,186,5773625,469850936,67221805,67485,190,1038,1,0,3756,50336339,67110573,3500,239,47,34,13,9,0,18722,7914,4047,5071,2657,22788,75,0,0,0,0,0,8,0,0,0,0,0,0,0,0,0,0,0,0,0,0,0,0,0,0,0,0,0,0,0,0,0,0,0,0,0,0,92,82151,0,1000100,6000000,0,6,0,256,0,0,2,135,18,214,Vaporeon
12-14,16:23:58,NINTEN,Ditto,Super Nerd,12,Cinnabar Island - Gym,2,3:32:14.44,3:32:14,3h32m14s,79,135,214,88,11:43,7.696,TRANSFORM,,,,1038,3768,241,35,13,114,110,18,20,51757,Vaporeon, ,Normal,Normal,697561,Ditto 2,Ditto,,03:32:06.75,03:32:14.45,11:43:15.38,88,79,3,32,14,45,TRANSFORM,,,,0,0,0,0,0,0,0,1,169,255,162,162,166,166,166,46527,47245,46782,53074,53074,53067,15,15,15,15,0,0,0,0,0,0,0,182,182,166,166,186,5777322,469851681,67224132,68110,190,1038,1,0,3768,50336351,67110573,3500,241,48,35,13,9,0,19183,8088,4133,5157,2659,22788,75,0,0,0,0,0,8,0,0,0,0,0,0,0,0,0,0,0,0,0,0,0,0,0,0,0,0,0,0,0,0,0,0,0,0,0,0,94,83371,0,1000100,6000000,0,6,0,256,0,0,2,135,18,214,Vaporeon
12-14,16:25:26,NINTEN,Ditto,Blaine,1,Cinnabar Island - Gym,3,3:33:42.61,3:33:42,3h33m42s,82,135,217,88,11:45,18.419,TRANSFORM,,,,1039,3775,242,36,13,121,116,22,20,52682,Vaporeon, ,Normal,Normal,701447,Ditto 2,Ditto,Blaine,03:33:24.20,03:33:42.62,11:45:02.22,88,82,3,33,42,62,TRANSFORM,,,,0,0,0,0,0,0,0,1,0,255,162,162,166,166,166,46665,47421,46927,53254,53254,53272,15,15,15,15,0,0,0,0,0,0,0,182,182,166,166,186,5783732,469852170,67229010,68999,344,1039,2,0,3775,50336358,67110573,3500,242,49,36,13,9,0,19799,8525,4389,5413,2665,22789,78,0,0,0,0,0,9,0,0,0,0,1,0,0,0,0,0,0,0,0,0,0,0,0,1,1,0,0,0,0,0,0,0,0,0,0,0,97,87257,0,1000100,6000000,0,6,0,256,0,0,2,135,18,217,Vaporeon
12-14,16:29:29,NINTEN,Ditto,Blaine,1,Cinnabar Island - Gym,3,3:37:45.62,3:37:45,3h37m45s,94,135,229,88,11:45,17.936,TRANSFORM,,,,1039,3775,243,36,13,120,116,22,20,52682,Vaporeon, ,Normal,Normal,703911,Ditto 2,Ditto,Blaine,03:37:27.68,03:37:45.62,11:45:00.38,88,94,3,37,45,62,TRANSFORM,,,,0,0,0,0,0,0,0,1,14,255,162,162,166,166,166,46755,47531,47007,53334,53334,53367,15,15,15,15,0,0,0,0,0,0,0,182,182,166,166,186,5783628,469852175,67228894,68999,351,1039,2,0,3775,50336358,67110573,3500,243,49,36,13,9,0,19842,8525,4374,5398,2665,22789,78,0,0,0,0,0,8,0,0,0,0,1,0,0,0,0,0,0,0,0,0,0,0,0,1,0,0,0,0,0,0,0,0,0,0,0,0,97,89721,0,1000100,6000000,0,6,0,256,0,0,2,135,18,229,Vaporeon
12-14,16:30:07,NINTEN,Ditto,Cooltrainer M,10,Viridian City - Gym,1,3:38:23.80,3:38:23,3h38m23s,94,135,229,89,11:47,8.178,TRANSFORM,,,,1040,3846,245,37,13,122,118,23,20,58028,Vaporeon, ,Normal,Normal,705154,Ditto 2,Ditto,,03:38:15.63,03:38:23.81,11:47:30.08,89,94,3,38,23,81,TRANSFORM,,,,0,0,0,0,0,0,0,1,184,259,165,165,168,168,168,46835,47616,47102,53364,53364,53392,15,15,15,15,0,0,0,0,0,0,0,185,185,189,189,189,5792598,469855520,67231391,72127,351,1040,2,0,3846,50336429,67110573,3500,245,50,37,13,9,0,19978,8653,4449,5473,2667,22789,79,0,0,0,0,0,9,0,0,0,0,1,0,0,0,0,0,0,0,0,0,0,0,0,1,0,0,0,0,0,0,0,0,0,0,0,0,98,90964,0,1000100,6000000,0,6,0,256,0,0,2,135,18,229,Vaporeon
12-14,16:30:22,NINTEN,Ditto,Blackbelt,8,Viridian City - Gym,3,3:38:39.10,3:38:39,3h38m39s,94,135,229,89,11:48,11.238,TRANSFORM,,,,1040,3854,249,38,13,125,121,23,20,59533,Vaporeon, ,Normal,Normal,708245,Ditto 2,Ditto,,03:38:27.87,03:38:39.11,11:48:30.27,89,94,3,38,39,11,TRANSFORM,,,,0,0,0,0,0,0,0,1,17,259,165,165,168,168,168,47065,47896,47292,53499,53499,53517,15,15,15,15,0,0,0,0,0,0,0,185,185,189,189,189,5796217,469855968,67234562,72127,351,1040,2,0,3854,50336437,67110573,3500,249,51,38,13,9,0,20598,8988,4616,5640,2670,22789,79,0,0,0,0,0,10,0,0,0,0,1,0,0,0,0,0,0,0,0,0,0,0,0,1,0,0,0,0,0,0,0,0,0,0,0,0,101,94055,0,1000100,6000000,0,6,0,256,0,0,2,135,18,229,Vaporeon
12-14,16:31:42,NINTEN,Ditto,Giovanni,3,Viridian City - Gym,5,3:39:58.20,3:39:58,3h39m58s,95,135,230,89,11:51,21.66,TRANSFORM,,,,1041,3922,265,39,13,134,129,28,20,60483,Vaporeon, ,Normal,Normal,718466,Ditto 2,Ditto,Giovanni,03:39:36.56,03:39:58.22,11:51:25.44,89,95,3,39,58,22,TRANSFORM,,,,9,0,0,0,0,0,0,1,211,259,165,165,168,168,168,47441,48350,47686,53829,53829,53953,15,15,15,15,0,0,0,0,0,0,0,94,63,83,83,133,5806740,469858090,67240194,74739,508,1041,3,0,3922,50336505,67110573,3500,265,52,39,13,9,0,82716,9748,4664,5688,2676,22792,80,0,0,0,0,0,11,1,1,0,0,1,0,0,0,0,0,0,0,0,0,0,0,0,1,0,0,0,0,0,0,0,0,0,0,0,0,106,104276,0,1000100,6000000,0,6,0,256,0,0,2,135,18,230,Vaporeon
12-14,16:32:34,NINTEN,Ditto,Rival6-Route 22,10,Route 22,6,3:40:50.17,3:40:50,3h40m50s,95,135,230,89,11:54,30.069,TRANSFORM,,,,1042,4028,306,40,13,145,140,37,20,65928,Vaporeon, ,Normal,Normal,728174,Ditto 2,Ditto,Rival (Final),03:40:20.12,03:40:50.19,11:54:51.19,89,95,3,40,50,19,TRANSFORM,,,,8,0,0,0,0,0,0,1,206,259,165,165,168,168,168,47869,48726,48136,54394,54394,54398,15,15,15,15,0,0,0,0,0,0,0,107,115,64,64,73,5819075,469861525,67248058,75775,508,1042,3,0,4028,50336611,67110573,3500,306,53,40,13,9,0,83809,10610,4717,5741,2682,22794,85,0,0,0,0,0,16,1,2,0,0,1,0,0,0,0,0,0,0,0,0,0,0,0,1,0,0,0,0,0,0,0,0,0,0,0,0,112,113984,0,1000100,6000000,0,6,0,256,0,0,2,135,18,230,Vaporeon
12-14,16:49:39,NINTEN,Ditto,Lorelei,1,Lorelei's Room,5,3:57:55.49,3:57:55,3h57m55s,116,135,251,95,12:13,86.974,TRANSFORM,,,,1044,4844,502,41,17,190,166,68,19,54373,Vaporeon,Paralyzed,Normal,Normal,867884,Ditto 2,Ditto,Lorelei,03:56:28.53,03:57:55.50,12:13:34.09,95,116,3,57,55,50,TRANSFORM,,,,9,0,0,0,0,0,0,1,62,276,176,176,179,179,179,48394,49276,48836,54919,54919,54778,15,15,15,15,0,0,0,0,0,0,0,90,100,116,116,5,5886455,469892893,67273659,85863,831,1044,5,0,4844,50336923,67111041,3536,502,58,41,17,11,0,84922,11495,5630,6654,2699,22801,116,0,0,0,0,0,20,1,3,0,0,4,0,2,0,0,0,0,0,0,0,0,0,0,8,3,7,2,7,3,0,0,7,0,0,0,0,119,125834,0,1000100,6000000,0,7,5,256,0,0,2,135,18,251,Vaporeon
12-14,16:54:26,NINTEN,Ditto,Bruno,1,Bruno's Room,5,4:02:42.23,4:02:42,4h2m42s,122,135,257,95,12:17,43.07,TRANSFORM,,,,1045,4855,506,42,17,209,180,83,19,59917,Vaporeon, ,Normal,Normal,876091,Ditto 2,Ditto,Bruno,04:01:59.18,04:02:42.25,12:17:09.38,95,122,4,2,42,25,TRANSFORM,,,,8,0,0,0,0,0,0,1,17,276,176,176,179,179,179,48654,49721,49368,55114,55114,55136,15,15,15,15,0,0,0,0,0,0,0,62,183,45,45,87,5899389,469893907,67284408,86873,992,1045,6,0,4855,50336934,67111041,3536,506,59,42,17,11,0,86275,12154,5889,6913,2710,22804,125,0,0,0,0,0,22,1,3,0,0,4,0,2,0,0,0,0,0,0,0,0,0,0,8,3,7,2,7,3,0,0,7,0,0,0,0,124,134041,0,1000100,6000000,0,7,5,256,0,0,2,135,18,257,Vaporeon
