date_string,time_string,player_name,pokemon,trainer_name,trainer_id,location,total_pokemon,real_time_total,real_time_hmmss,real_time_file_label,resets,blackouts,failures,level,game_time,battle_duration,move1,move2,move3,move4,move1pp,move2pp,move3pp,move4pp,move1ppUp,move2ppUp,move3ppUp,move4ppUp,saves,steps,bonks,trainerBattles,wildBattles,battleTurns,playerTurns,enemyTurns,itemsInBag,money,rivalTeam,statusCondition,type1,type2,experience,ROM,Species,Trainer,Start Time,Real Time,Game Time,Level,Resets,RTHours,RTMinutes,RTSeconds,RTMilliseconds,Move 1,Move 2,Move 3,Move 4,Hp,Max HP,Attack,Defense,Sp. Attack,Sp. Defense,Speed,Attack DV,Defense DV,Speed DV,Special DV,StatExp HP,StatExp Attack,StatExp Def,StatExp Sp. Attack,StatExp Sp. Defense,StatExp Speed,Attack Stage,Defense Stage,Sp. Attack Stage,Sp. Defense Stage,Speed Stage,Accuracy Stage,Evasion Stage,Battle Attack,Battle Defense,Battle Sp. Attack,Battle Sp. Defense,Battle Speed,Frame Count,Overworld Frame Count,Battle Frame Count,Menu Frame Count,Intro Frame Count,Save Count,Reload Count,Clock Reset Count,Steps Count,Steps Count Walk,Steps Count Bike,Steps Count Surf,Bonks,Battles,Trainer Battles,Wild Battles,Battles Fled,Failed Runs,Total Damage Dealt,Actual Damage Dealt,Total Damage Taken,Actual Damage Taken,Own Moves Hit,Own Moves Missed,Enemy Moves Hit,Enemy Moves Missed,Own Moves Super Effective,Own Moves Not Very Effective,Enemy Moves Super Effective,Enemy Moves Not Very Effective,Criticals Dealt,OHKOs Dealt,Criticals Taken,OHKOs Taken,Was Confused,Enemy Became Confused,Was Paralyzed,Enemy Was Paralyzed,Was Burned,Enemy Was Burned,Was Frozen,Enemy Was Frozen,Was Poisoned,Enemy Was Poisoned,Was Badly Poisoned,Enemy Was Badly Poisoned,Fell Asleep,Enemy Fell Asleep,Player Turns Confused,Player Turns Confused Hit Self,Player Turns Paralyzed,Player Turns Paralyzed Fully,Enemy Turns Confused,Enemy Turns Confused Hit Self,Enemy Turns Paralyzed,Enemy Turns Paralyzed Fully, Player Turns Asleep, Enemy Turns Asleep,Player HP Healed,Enemy HP Healed,Player Pokemon Fainted,Enemy Pokemon Fainted,Experience Gained,Switchouts,Money Made,Money Spent,Money Lost,Items Picked Up,Items Bought,Items Sold,Balls Thrown,Pokemon Caught In Balls,Moves Learnt,Blackouts,Attempt Number,Failures, Rival's Team
1-09,11:54:10,NINTEN,Pidgey,Rival1-Lab,1,Pallet Town - Oak's Lab,1,1:54.39,1:54,0h1m54s,0,0,0,6,0:01,8.802,GUST,SAND-ATTACK,,,0,57,4,1,0,4,4,3,0,3000,No Team Selected, ,Normal,Flying,205,Pidgey2,Pidgey,Rival (Lab),00:01:45.60,00:01:54.39,00:01:46.34,6,0,0,1,54,39,GUST,SAND-ATTACK,,,31,15,0,0,0,0,0,0,17,22,12,11,11,11,13,44,48,65,50,50,43,15,15,15,15,0,-1,0,0,0,0,0,12,7,11,11,13,2170,4061,2308,0,2170,0,0,0,57,57,0,0,4,1,1,0,0,0,20,20,5,5,4,1,2,0,0,0,0,0,0,0,1,0,0,0,0,0,0,0,0,0,0,0,0,0,0,0,0,0,0,0,0,0,0,0,0,0,0,0,0,1,70,0,0,0,0,0,0,0,0,0,0,0,2,0,No Team Selected
1-09,12:00:13,NINTEN,Pidgey,Rival1-Lab,1,Pallet Town - Oak's Lab,1,44.88,44,0h0m44s,0,0,0,6,0:02,8.969,GUST,SAND-ATTACK,,,0,57,7,1,0,4,4,3,0,3000,No Team Selected, ,Normal,Flying,205,Pidgey2,Pidgey,Rival (Lab),00:00:35.91,00:00:44.88,00:02:25.37,6,0,0,0,44,88,GUST,SAND-ATTACK,,,31,15,0,0,0,0,0,0,11,22,12,11,11,11,13,44,48,65,50,50,43,15,15,15,15,0,0,0,0,0,0,0,12,11,11,11,13,1980,6363,2349,0,1980,0,0,0,57,57,0,0,7,1,1,0,0,0,23,20,11,11,4,0,3,0,0,0,0,0,1,0,1,0,0,0,0,0,0,0,0,0,0,0,0,0,0,0,0,0,0,0,0,0,0,0,0,0,0,0,0,1,70,0,0,0,0,0,0,0,0,0,0,0,2,0,No Team Selected
1-09,12:02:00,NINTEN,Pidgey,Bug Catcher,1,Viridian Forest,2,2:32.19,2:32,0h2m32s,0,0,0,9,0:09,12.081,GUST,SAND-ATTACK,,,0,539,44,2,6,21,21,14,1,3175,No Team Selected, ,Normal,Flying,463,Pidgey2,Pidgey,,00:02:20.11,00:02:32.19,00:09:30.49,9,0,0,2,32,19,GUST,SAND-ATTACK,,,30,15,0,0,0,0,0,0,25,29,16,15,14,14,18,339,416,355,270,270,522,15,15,15,15,0,0,0,0,-2,0,0,16,15,14,14,9,1980,20815,13409,0,1980,0,0,0,539,539,0,0,44,8,2,6,0,0,202,150,33,33,21,1,13,0,0,0,0,0,4,0,3,0,0,0,0,0,0,0,0,0,0,0,0,0,0,0,0,0,0,0,0,0,0,0,0,0,0,0,0,9,328,0,0,0,0,0,0,0,0,0,0,0,2,0,No Team Selected
1-09,12:02:22,NINTEN,Pidgey,Bug Catcher,2,Viridian Forest,3,2:54.82,2:54,0h2m54s,0,0,0,10,0:11,17.811,GUST,SAND-ATTACK,,,0,561,49,3,6,29,29,19,1,3235,No Team Selected,Poisoned,Normal,Flying,725,Pidgey2,Pidgey,,00:02:37.00,00:02:54.82,00:11:00.47,10,0,0,2,54,82,GUST,SAND-ATTACK,,,22,15,0,0,0,0,0,0,17,31,17,16,15,15,19,464,511,465,335,335,657,15,15,15,15,0,0,0,0,0,0,0,17,16,15,15,19,1980,21521,18101,0,1980,0,0,0,561,561,0,0,49,9,3,6,0,0,285,220,43,43,29,1,16,0,0,0,0,0,5,0,4,0,0,0,0,0,0,0,0,0,1,0,0,0,0,0,0,0,0,0,0,0,0,0,0,0,0,0,0,12,590,0,0,0,0,0,0,0,0,0,0,0,2,0,No Team Selected
1-09,12:02:48,NINTEN,Pidgey,Bug Catcher,3,Viridian Forest,1,3:20.26,3:20,0h3m20s,0,0,0,11,0:12,7.505,GUST,SAND-ATTACK,,,0,674,62,4,6,32,32,21,0,3305,No Team Selected, ,Normal,Flying,824,Pidgey2,Pidgey,,00:03:12.75,00:03:20.26,00:12:41.53,11,0,0,3,20,26,GUST,SAND-ATTACK,,,19,15,0,0,0,0,0,0,27,33,18,17,16,16,21,504,546,495,355,355,707,15,15,15,15,0,0,0,0,0,0,0,18,17,16,16,21,1980,24267,20319,1102,1980,0,0,0,674,674,0,0,62,10,4,6,0,0,320,247,49,49,32,1,18,0,0,0,0,0,5,0,4,0,0,0,0,0,0,0,0,0,1,0,0,0,0,0,0,0,0,0,0,0,0,0,0,0,0,0,0,13,689,0,0,0,0,1,0,0,0,0,0,0,2,0,No Team Selected
1-09,12:06:35,NINTEN,Pidgey,Jr Trainer M,1,Pewter City - Gym,2,7:07.14,7:07,0h7m7s,0,0,0,15,0:27,12.041,QUICK ATTACK,SAND-ATTACK,GUST,,0,1438,81,5,39,86,86,40,0,3395,No Team Selected, ,Normal,Flying,2506,Pidgey2,Pidgey,,00:06:55.10,00:07:07.14,00:27:41.08,15,0,0,7,7,14,QUICK ATTACK,SAND-ATTACK,GUST,,24,15,35,0,0,0,0,0,29,43,24,23,21,21,27,1994,1642,1990,1185,1185,2214,15,15,15,15,0,0,0,0,0,0,0,24,23,21,21,27,1980,39252,59289,1102,1980,0,0,0,1438,1438,0,0,81,44,5,39,0,0,1234,906,63,63,86,2,21,0,0,0,0,0,7,0,4,0,0,0,0,0,0,0,0,0,1,0,0,0,0,0,0,0,0,0,0,0,0,0,0,0,0,0,0,48,2371,0,0,0,0,1,0,0,0,0,1,0,2,0,No Team Selected
1-09,12:08:20,NINTEN,Pidgey,Brock,1,Pewter City - Gym,2,8:52.09,8:52,0h8m52s,0,0,0,16,0:34,86.449,QUICK ATTACK,SAND-ATTACK,GUST,,1,1548,91,6,39,140,140,77,0,3615,No Team Selected, ,Normal,Flying,3050,Pidgey2,Pidgey,Brock,00:07:25.64,00:08:52.09,00:34:38.29,16,0,0,8,52,9,QUICK ATTACK,SAND-ATTACK,GUST,,0,0,26,0,0,0,0,0,9,45,25,24,22,22,29,2069,1767,2250,1245,1245,2304,15,15,15,15,0,-2,0,0,0,0,0,25,12,22,22,29,1980,42570,80513,1601,1980,1,0,0,1548,1548,0,0,91,45,6,39,0,0,1311,975,99,99,140,21,26,0,0,0,0,0,11,0,4,0,0,0,0,0,0,0,0,0,1,0,0,0,0,0,0,0,0,0,0,0,0,0,0,0,0,0,0,50,2915,0,0,0,0,1,0,0,0,0,1,0,2,0,No Team Selected
1-09,12:09:09,NINTEN,Pidgey,Bug Catcher,4,Route 3,3,9:41.04,9:41,0h9m41s,0,0,0,17,0:37,11.769,QUICK ATTACK,SAND-ATTACK,GUST,,1,1674,104,7,39,145,145,79,4,1,No Team Selected, ,Normal,Flying,3385,Pidgey2,Pidgey,,00:09:29.27,00:09:41.04,00:37:52.47,17,0,0,9,41,4,QUICK ATTACK,SAND-ATTACK,GUST,,25,15,35,0,0,0,0,0,44,47,27,25,23,23,31,2199,1862,2350,1305,1305,2444,15,15,15,15,0,0,0,0,0,0,0,30,25,23,23,31,1980,50363,84378,1601,1980,1,0,0,1674,1674,0,0,104,46,7,39,0,0,1437,1064,102,102,145,22,27,0,0,0,0,0,12,0,4,0,0,0,0,0,0,0,0,0,1,0,0,0,0,0,0,0,0,0,0,0,0,0,0,0,0,0,0,53,3250,0,0,0,0,1,27,1,0,0,1,0,2,0,No Team Selected
1-09,12:09:23,NINTEN,Pidgey,Youngster Ben,1,Route 3,2,9:55.26,9:55,0h9m55s,0,0,0,17,0:38,11.151,QUICK ATTACK,SAND-ATTACK,GUST,,1,1678,105,8,39,152,149,81,4,101,No Team Selected, ,Normal,Flying,3663,Pidgey2,Pidgey,,00:09:44.11,00:09:55.26,00:38:49.14,17,0,0,9,55,26,QUICK ATTACK,SAND-ATTACK,GUST,,21,15,35,0,0,0,0,0,36,47,27,25,23,23,31,2264,1978,2429,1370,1370,2571,15,15,15,15,0,0,0,0,0,0,0,30,25,23,23,31,1980,50591,87537,1601,1980,1,0,0,1678,1678,0,0,105,47,8,39,0,0,1534,1123,110,110,149,23,28,0,0,0,0,0,14,0,4,0,0,0,0,0,0,0,0,0,1,0,0,0,0,0,0,0,0,0,0,0,0,0,0,0,0,0,0,55,3528,0,0,0,0,1,27,1,0,0,1,0,2,0,No Team Selected
1-09,12:09:42,NINTEN,Pidgey,Bug Catcher,5,Route 3,4,10:13.93,10:13,0h10m13s,0,0,0,18,0:40,15.573,QUICK ATTACK,SAND-ATTACK,GUST,,1,1684,106,9,39,159,156,84,4,266,No Team Selected, ,Normal,Flying,4138,Pidgey2,Pidgey,,00:09:58.36,00:10:13.93,00:40:03.26,18,0,0,10,13,93,QUICK ATTACK,SAND-ATTACK,GUST,,14,15,35,0,0,0,0,0,36,49,28,26,24,24,32,2444,2088,2599,1460,1460,2731,15,15,15,15,0,0,0,0,0,0,0,31,26,24,24,32,1980,50840,91740,1601,1980,1,0,0,1684,1684,0,0,106,48,9,39,0,0,1686,1235,112,112,156,23,29,0,0,0,0,0,14,0,4,0,0,0,0,0,0,0,0,0,1,0,0,0,0,0,0,0,0,0,0,0,0,0,0,0,0,0,0,59,4003,0,0,0,0,1,27,1,0,0,1,0,2,0,No Team Selected
1-09,12:09:54,NINTEN,Pidgey,Lass,1,Route 3,2,10:26.08,10:26,0h10m26s,0,0,0,18,0:40,7.337,QUICK ATTACK,SAND-ATTACK,GUST,,1,1689,112,10,39,162,159,85,4,356,No Team Selected, ,Normal,Flying,4348,Pidgey2,Pidgey,,00:10:18.75,00:10:26.08,00:40:51.38,18,0,0,10,26,8,QUICK ATTACK,SAND-ATTACK,GUST,,11,15,35,0,0,0,0,0,36,49,28,26,24,24,32,2524,2178,2679,1530,1530,2843,15,15,15,15,0,0,0,0,0,-1,0,34,26,24,24,32,1980,51144,94328,1601,1980,1,0,0,1689,1689,0,0,112,49,10,39,0,0,1774,1289,112,112,159,23,30,0,0,0,0,0,15,0,4,0,0,0,0,0,0,0,0,0,1,0,0,0,0,0,0,0,0,0,0,0,0,0,0,0,0,0,0,61,4213,0,0,0,0,1,27,1,0,0,1,0,2,0,No Team Selected
1-09,12:10:09,NINTEN,Pidgey,Lass,2,Route 3,2,10:41.13,10:41,0h10m41s,0,0,0,19,0:41,10.247,QUICK ATTACK,SAND-ATTACK,GUST,WHIRLWIND,1,1711,113,11,39,166,163,87,4,491,No Team Selected, ,Normal,Flying,4596,Pidgey2,Pidgey,,00:10:30.89,00:10:41.13,00:41:51.24,19,0,0,10,41,13,QUICK ATTACK,SAND-ATTACK,GUST,WHIRLWIND,7,15,35,20,0,0,0,0,39,52,30,28,25,25,34,2600,2291,2754,1595,1595,2965,15,15,15,15,0,-2,0,0,0,0,0,33,14,25,25,34,1980,51818,97240,1601,1980,1,0,0,1711,1711,0,0,113,50,11,39,0,0,1880,1346,112,112,163,23,32,0,0,0,0,0,15,0,4,0,0,0,0,0,0,0,0,0,1,0,0,0,0,0,0,0,0,0,0,0,0,0,0,0,0,0,0,63,4461,0,0,0,0,1,27,1,0,0,1,0,2,0,No Team Selected
1-09,12:10:18,NINTEN,Pidgey,Youngster,2,Route 3,1,10:50.83,10:50,0h10m50s,0,0,0,19,0:42,5.41,QUICK ATTACK,SAND-ATTACK,GUST,WHIRLWIND,1,1715,115,12,39,168,165,88,4,641,No Team Selected, ,Normal,Flying,4770,Pidgey2,Pidgey,,00:10:45.42,00:10:50.83,00:42:29.51,19,0,0,10,50,83,QUICK ATTACK,SAND-ATTACK,GUST,WHIRLWIND,5,15,35,20,0,0,0,0,39,52,30,28,25,25,34,2640,2351,2784,1626,1626,3035,15,15,15,15,0,-1,0,0,0,0,0,37,18,25,25,34,1980,52052,99313,1601,1980,1,0,0,1715,1715,0,0,115,51,12,39,0,0,1928,1383,112,112,165,23,33,0,0,0,0,0,15,0,4,0,0,0,0,0,0,0,0,0,1,0,0,0,0,0,0,0,0,0,0,0,0,0,0,0,0,0,0,64,4635,0,0,0,0,1,27,1,0,0,2,0,2,0,No Team Selected
1-09,12:10:34,NINTEN,Pidgey,Bug Catcher,6,Route 3,2,11:06.15,11:06,0h11m6s,0,0,0,19,0:43,8.916,QUICK ATTACK,SAND-ATTACK,GUST,WHIRLWIND,1,1754,126,13,39,172,169,90,4,851,No Team Selected, ,Normal,Flying,5063,Pidgey2,Pidgey,,00:10:57.23,00:11:06.15,00:43:30.42,19,0,0,11,6,15,QUICK ATTACK,SAND-ATTACK,GUST,WHIRLWIND,1,15,35,20,0,0,0,0,37,52,30,28,25,25,34,2735,2401,2874,1671,1671,3110,15,15,15,15,0,0,0,0,0,0,0,33,28,25,25,34,1980,53083,101933,1601,1980,1,0,0,1754,1754,0,0,126,52,13,39,0,0,2012,1448,114,114,169,23,34,0,0,0,0,0,15,0,4,0,0,0,0,0,0,0,0,0,1,0,0,0,0,0,0,0,0,0,0,0,0,0,0,0,0,0,0,66,4928,0,0,0,0,1,27,1,0,0,2,0,2,0,No Team Selected
1-09,12:10:43,NINTEN,Pidgey,Lass,3,Route 3,1,11:15.69,11:15,0h11m15s,0,0,0,19,0:44,5.878,QUICK ATTACK,SAND-ATTACK,GUST,WHIRLWIND,1,1767,127,14,39,174,171,91,4,961,No Team Selected, ,Normal,Flying,5291,Pidgey2,Pidgey,,00:11:09.82,00:11:15.69,00:44:08.33,19,0,0,11,15,69,QUICK ATTACK,SAND-ATTACK,GUST,WHIRLWIND,1,15,33,20,0,0,0,0,29,52,30,28,25,25,34,2850,2446,2894,1696,1696,3130,15,15,15,15,0,0,0,0,0,0,0,33,28,25,25,34,1980,53462,103825,1601,1980,1,0,0,1767,1767,0,0,127,53,14,39,0,0,2072,1506,122,122,171,23,35,0,0,0,0,0,15,0,4,0,0,0,0,0,0,0,0,0,1,0,0,0,0,0,0,0,0,0,0,0,0,0,0,0,0,0,0,67,5156,0,0,0,0,1,27,1,0,0,2,0,2,0,No Team Selected
1-09,12:11:06,NINTEN,Pidgey,Bug Catcher,7,Mt Moon - 1,2,11:38.28,11:38,0h11m38s,0,0,0,20,0:45,8.477,QUICK ATTACK,SAND-ATTACK,GUST,WHIRLWIND,1,1874,134,15,39,177,174,92,4,1171,No Team Selected, ,Normal,Flying,5578,Pidgey2,Pidgey,,00:11:29.80,00:11:38.28,00:45:38.02,20,0,0,11,38,28,QUICK ATTACK,SAND-ATTACK,GUST,WHIRLWIND,27,15,35,20,0,0,0,0,54,54,31,29,27,27,36,2935,2506,2974,1741,1741,3215,15,15,15,15,0,0,0,0,0,0,0,34,29,27,27,36,1980,56427,106229,1601,1980,1,0,0,1874,1874,0,0,134,54,15,39,0,0,2170,1569,122,122,174,23,35,0,0,0,0,0,17,0,4,0,0,0,0,0,0,0,0,0,1,0,0,0,0,0,0,0,0,0,0,0,0,0,0,0,0,0,0,69,5443,0,0,0,0,1,27,1,0,0,2,0,2,0,No Team Selected
1-09,12:11:23,NINTEN,Pidgey,Lass,6,Mt Moon - 1,1,11:54.88,11:54,0h11m54s,0,0,0,20,0:46,7.815,QUICK ATTACK,SAND-ATTACK,GUST,WHIRLWIND,1,1883,134,16,40,182,179,95,4,1281,No Team Selected, ,Normal,Flying,5782,Pidgey2,Pidgey,,00:11:47.06,00:11:54.88,00:46:43.51,20,0,0,11,54,88,QUICK ATTACK,SAND-ATTACK,GUST,WHIRLWIND,23,15,35,19,0,0,0,0,54,54,31,29,27,27,36,3005,2551,3022,1801,1801,3250,15,15,15,15,-2,0,0,0,0,0,0,16,29,27,27,36,1980,56985,109621,1601,1980,1,0,0,1883,1883,0,0,134,56,16,40,0,0,2224,1614,122,122,178,23,37,0,0,0,0,0,17,0,4,0,0,0,0,0,0,0,0,0,1,0,0,0,0,0,0,0,0,0,0,0,0,0,0,0,0,0,0,70,5647,0,0,0,0,1,27,1,0,0,2,0,2,0,No Team Selected
1-09,12:11:40,NINTEN,Pidgey,Super Nerd,1,Mt Moon - 1,2,12:12.82,12:12,0h12m12s,0,0,0,20,0:47,9.153,QUICK ATTACK,SAND-ATTACK,GUST,WHIRLWIND,1,1917,135,17,41,187,184,97,4,1491,No Team Selected, ,Normal,Flying,6311,Pidgey2,Pidgey,,00:12:03.67,00:12:12.82,00:47:55.03,20,0,0,12,12,82,QUICK ATTACK,SAND-ATTACK,GUST,WHIRLWIND,18,15,35,19,0,0,0,0,49,54,31,29,27,27,36,3105,2686,3197,2006,2006,3420,15,15,15,15,0,0,0,0,0,0,0,34,29,27,27,36,1980,57773,113104,1601,1980,1,0,0,1917,1917,0,0,135,58,17,41,0,0,2339,1696,127,127,183,23,39,0,0,0,0,0,17,0,4,0,0,0,0,0,0,0,0,0,1,0,0,0,0,0,0,0,0,0,0,0,0,0,0,0,0,0,0,73,6176,0,0,0,0,1,27,1,0,0,2,0,2,0,No Team Selected
1-09,12:12:12,NINTEN,Pidgey,Bug Catcher,8,Mt Moon - 1,3,12:44.31,12:44,0h12m44s,0,0,0,21,0:50,10.588,QUICK ATTACK,SAND-ATTACK,GUST,WHIRLWIND,1,1951,138,18,42,194,188,101,6,1766,No Team Selected, ,Normal,Flying,6688,Pidgey2,Pidgey,,00:12:33.72,00:12:44.31,00:50:00.13,21,0,0,12,44,31,QUICK ATTACK,SAND-ATTACK,GUST,WHIRLWIND,14,15,35,19,0,0,0,0,43,57,32,31,28,28,37,3245,2766,3322,2071,2071,3540,15,15,15,15,0,0,0,0,0,0,0,36,31,28,28,37,1980,59026,119361,1601,1980,1,0,0,1951,1951,0,0,138,60,18,42,0,0,2447,1787,136,136,187,23,42,0,0,0,0,0,17,0,4,0,0,0,0,0,0,0,0,0,1,0,0,0,0,0,0,0,0,0,0,0,0,0,0,0,0,0,0,76,6553,0,0,0,0,3,27,1,4,1,2,0,2,0,No Team Selected
1-09,12:12:40,NINTEN,Pidgey,Rocket,2,Mt Moon - 3,3,13:12.41,13:12,0h13m12s,0,0,0,21,0:51,11.533,QUICK ATTACK,SAND-ATTACK,GUST,WHIRLWIND,1,2001,144,19,44,201,195,103,6,1866,No Team Selected, ,Normal,Flying,7289,Pidgey2,Pidgey,,00:13:00.88,00:13:12.41,00:51:51.35,21,0,0,13,12,41,QUICK ATTACK,SAND-ATTACK,GUST,WHIRLWIND,7,15,35,19,0,0,0,0,32,57,32,31,28,28,37,3445,3032,3547,2246,2246,3817,15,15,15,15,0,0,0,0,0,0,0,36,31,28,28,37,1980,60429,124640,1601,1980,1,0,0,2001,2001,0,0,144,63,19,44,0,0,2689,1931,147,147,194,23,44,0,0,0,0,0,20,0,5,0,0,0,0,0,0,0,0,0,1,0,0,0,0,0,0,0,0,0,0,0,0,0,0,0,0,0,0,81,7154,0,0,0,0,3,27,1,4,1,2,0,2,0,No Team Selected
1-09,12:13:36,NINTEN,Pidgey,Lass,5,Mt Moon - 1,2,14:08.09,14:08,0h14m8s,0,0,0,22,0:55,9.124,QUICK ATTACK,SAND-ATTACK,GUST,WHIRLWIND,1,2160,150,20,50,213,207,107,6,2196,No Team Selected, ,Normal,Flying,8079,Pidgey2,Pidgey,,00:13:58.96,00:14:08.09,00:55:31.53,22,0,0,14,8,9,QUICK ATTACK,SAND-ATTACK,GUST,WHIRLWIND,25,15,35,20,0,0,0,0,58,59,34,32,29,29,39,3810,3427,3860,2651,2651,4197,15,15,15,15,0,0,0,0,0,0,0,38,32,29,29,39,1980,64567,133720,1601,1980,1,0,0,2160,2160,0,0,150,70,20,50,0,0,3105,2157,151,151,206,24,46,0,0,0,0,0,21,0,5,0,0,0,0,0,0,0,0,0,1,0,0,0,0,0,0,0,0,0,0,0,0,0,0,0,0,0,0,89,7944,0,0,0,0,3,27,1,4,1,2,0,2,0,No Team Selected
1-09,12:13:50,NINTEN,Pidgey,Rocket,3,Mt Moon - 3,2,14:21.92,14:21,0h14m21s,0,0,0,22,0:56,8.815,QUICK ATTACK,SAND-ATTACK,GUST,WHIRLWIND,1,2193,151,21,50,217,211,109,6,2361,No Team Selected, ,Normal,Flying,8376,Pidgey2,Pidgey,,00:14:13.10,00:14:21.92,00:56:26.43,22,0,0,14,21,92,QUICK ATTACK,SAND-ATTACK,GUST,WHIRLWIND,21,15,35,20,0,0,0,0,58,59,34,32,29,29,39,3885,3532,3939,2731,2731,4307,15,15,15,15,0,-1,0,0,0,0,0,42,21,29,29,39,1980,65362,136215,1601,1980,1,0,0,2193,2193,0,0,151,71,21,50,0,0,3219,2222,151,151,210,25,47,0,0,0,0,0,21,0,5,0,0,0,0,0,0,0,0,0,1,0,0,0,0,0,0,0,0,0,0,0,0,0,0,0,0,0,0,91,8241,0,0,0,0,3,27,1,4,1,2,0,2,0,No Team Selected
1-09,12:14:15,NINTEN,Pidgey,Youngster,3,Mt Moon - 1,3,14:46.94,14:46,0h14m46s,0,0,0,23,0:58,9.085,QUICK ATTACK,SAND-ATTACK,GUST,WHIRLWIND,1,2234,154,22,52,222,216,109,8,2721,No Team Selected, ,Normal,Flying,8856,Pidgey2,Pidgey,,00:14:37.85,00:14:46.94,00:58:05.51,23,0,0,14,46,94,QUICK ATTACK,SAND-ATTACK,GUST,WHIRLWIND,16,15,35,20,0,0,0,0,60,61,36,33,30,30,41,4065,3779,4114,2901,2901,4616,15,15,15,15,0,0,0,0,0,0,0,40,33,30,30,41,1980,66954,140571,1601,1980,1,0,0,2234,2234,0,0,154,74,22,52,0,0,3400,2356,151,151,215,25,47,0,0,0,0,0,21,0,5,0,0,0,0,0,0,0,0,0,1,0,0,0,0,0,0,0,0,0,0,0,0,0,0,0,0,0,0,96,8721,0,0,0,0,5,27,1,4,1,2,0,2,0,No Team Selected
1-09,12:14:42,NINTEN,Pidgey,Rocket,4,Mt Moon - 3,1,15:14.68,15:14,0h15m14s,0,0,0,23,0:59,6.485,QUICK ATTACK,SAND-ATTACK,GUST,WHIRLWIND,1,2299,156,23,55,228,222,111,8,2871,No Team Selected, ,Normal,Flying,9480,Pidgey2,Pidgey,,00:15:08.20,00:15:14.68,00:59:55.41,23,0,0,15,14,68,QUICK ATTACK,SAND-ATTACK,GUST,WHIRLWIND,10,15,35,20,0,0,0,0,60,61,36,33,30,30,41,4270,3995,4292,3091,3091,4858,15,15,15,15,0,0,0,0,0,0,0,40,33,30,30,41,1980,68632,145483,1601,1980,1,0,0,2299,2299,0,0,156,78,23,55,0,0,3581,2489,151,151,221,27,47,0,0,0,0,0,21,0,5,0,0,0,0,0,0,0,0,0,1,0,0,0,0,0,0,0,0,0,0,0,0,0,0,0,0,0,0,100,9345,0,0,0,0,5,27,1,4,1,2,0,2,0,No Team Selected
1-09,12:15:09,NINTEN,Pidgey,Rocket,1,Mt Moon - 3,2,15:41.68,15:41,0h15m41s,0,0,0,23,1:01,8.526,QUICK ATTACK,SAND-ATTACK,GUST,WHIRLWIND,2,2376,161,24,57,232,226,112,8,3351,No Team Selected, ,Normal,Flying,9887,Pidgey2,Pidgey,,00:15:33.16,00:15:41.68,01:01:42.52,23,0,0,15,41,68,QUICK ATTACK,SAND-ATTACK,GUST,WHIRLWIND,6,15,35,20,0,0,0,0,59,61,36,33,30,30,41,4375,4166,4417,3211,3211,5010,15,15,15,15,0,0,0,0,0,0,0,40,33,30,30,41,1980,70481,149594,2072,1980,2,0,0,2376,2376,0,0,161,81,24,57,1,0,3712,2585,152,152,225,27,48,0,0,0,0,0,21,0,5,0,0,0,0,0,0,0,0,0,1,0,0,0,0,0,0,0,0,0,0,0,0,0,0,0,0,0,0,103,9752,0,0,0,0,5,27,1,4,1,2,0,2,0,No Team Selected
1-09,12:15:27,NINTEN,Pidgey,Fossil Nerd,2,Mt Moon - 3,3,15:59.09,15:59,0h15m59s,0,0,0,24,1:02,14.177,QUICK ATTACK,SAND-ATTACK,GUST,WHIRLWIND,2,2387,161,25,57,238,232,115,8,3741,No Team Selected, ,Normal,Flying,10674,Pidgey2,Pidgey,,00:15:44.91,00:15:59.09,01:02:52.04,24,0,0,15,59,9,QUICK ATTACK,SAND-ATTACK,GUST,WHIRLWIND,0,15,35,20,0,0,0,0,52,64,37,35,32,32,43,4535,4341,4612,3366,3366,5170,15,15,15,15,0,-2,0,0,0,0,0,41,17,32,32,43,1980,70854,153373,2072,1980,2,0,0,2387,2387,0,0,161,82,25,57,1,0,3880,2694,162,162,231,27,51,0,0,0,0,0,22,0,5,0,0,0,0,0,0,0,0,0,1,0,0,0,0,0,0,0,0,0,0,0,0,0,0,0,0,0,0,106,10539,0,0,0,0,5,27,1,4,1,2,0,2,0,No Team Selected
1-09,12:16:32,NINTEN,Pidgey,Rival2-Nugget Bridge,7,Cerulean City,4,17:03.90,17:03,0h17m3s,0,0,0,25,1:07,18.707,QUICK ATTACK,SAND-ATTACK,GUST,WHIRLWIND,3,2632,174,26,58,247,241,120,10,291,No Team Selected, ,Normal,Flying,11766,Pidgey2,Pidgey,Rival (Nugget Bridge),00:16:45.19,00:17:03.90,01:07:08.56,25,0,0,17,3,90,QUICK ATTACK,SAND-ATTACK,GUST,WHIRLWIND,21,15,35,20,0,0,0,0,41,66,39,36,33,33,45,4697,4525,4782,3596,3596,5446,15,15,15,15,0,-1,0,0,0,0,0,43,23,33,33,45,1980,79768,159322,2621,1980,3,0,0,2632,2632,0,0,174,84,26,58,2,0,4109,2861,187,187,240,28,55,0,0,0,0,0,22,0,5,0,0,0,0,0,0,0,0,0,1,0,0,0,0,0,0,0,0,0,0,0,0,0,0,0,0,0,0,110,11631,0,0,0,0,6,39,1,4,1,2,0,2,0,No Team Selected
1-09,12:16:48,NINTEN,Pidgey,Bug Catcher,9,Route 24,2,17:20.68,17:20,0h17m20s,0,0,0,25,1:08,7.726,QUICK ATTACK,SAND-ATTACK,GUST,WHIRLWIND,3,2643,174,27,58,250,244,121,10,886,No Team Selected, ,Normal,Flying,12081,Pidgey2,Pidgey,,00:17:12.95,00:17:20.68,01:08:15.28,25,0,0,17,20,68,QUICK ATTACK,SAND-ATTACK,GUST,WHIRLWIND,18,15,35,20,0,0,0,0,41,66,39,36,33,33,45,4782,4590,4847,3636,3636,5541,15,15,15,15,0,0,0,0,-1,0,0,48,36,33,33,29,1980,81088,161994,2621,1980,3,0,0,2643,2643,0,0,174,85,27,58,2,0,4245,2936,187,187,243,28,56,0,0,0,0,0,23,0,5,0,0,0,0,0,0,0,0,0,1,0,0,0,0,0,0,0,0,0,0,0,0,0,0,0,0,0,0,112,11946,0,0,0,0,6,39,1,4,1,2,0,2,0,No Team Selected
1-09,12:17:01,NINTEN,Pidgey,Lass,8,Route 24,2,17:32.95,17:32,0h17m32s,0,0,0,25,1:09,9.504,QUICK ATTACK,SAND-ATTACK,GUST,WHIRLWIND,3,2645,181,28,58,254,248,123,10,1026,No Team Selected,Poisoned,Normal,Flying,12423,Pidgey2,Pidgey,,00:17:23.45,00:17:32.95,01:09:04.11,25,0,0,17,32,95,QUICK ATTACK,SAND-ATTACK,GUST,WHIRLWIND,14,15,35,20,0,0,0,0,32,66,39,36,33,33,45,4877,4682,4939,3711,3711,5638,15,15,15,15,0,0,0,0,0,0,0,43,36,33,33,45,1980,81248,164757,2621,1980,3,0,0,2645,2645,0,0,181,86,28,58,2,0,4365,3014,196,196,247,28,58,0,0,0,0,0,23,0,5,0,0,0,0,0,0,0,0,0,2,0,0,0,0,0,0,0,0,0,0,0,0,0,0,0,0,0,0,114,12288,0,0,0,0,6,39,1,4,1,2,0,2,0,No Team Selected
1-09,12:17:19,NINTEN,Pidgey,Youngster,4,Route 24,3,17:51.20,17:51,0h17m51s,0,0,0,25,1:10,10.332,QUICK ATTACK,SAND-ATTACK,GUST,WHIRLWIND,3,2649,183,29,58,258,252,124,10,1236,No Team Selected, ,Normal,Flying,12942,Pidgey2,Pidgey,,00:17:40.86,00:17:51.20,01:10:16.29,25,0,0,17,51,20,QUICK ATTACK,SAND-ATTACK,GUST,WHIRLWIND,10,15,35,20,0,0,0,0,47,66,39,36,33,33,45,4982,4843,5053,3816,3816,5820,15,15,15,15,0,0,0,0,0,0,0,43,36,33,33,45,1980,81523,167700,3741,1980,3,0,0,2649,2649,0,0,183,87,29,58,2,0,4533,3121,201,201,251,28,59,0,0,0,0,0,25,0,6,0,0,0,0,0,0,0,0,0,2,0,0,0,0,0,0,0,0,0,0,0,0,0,0,0,0,0,0,117,12807,0,0,0,0,6,39,1,4,1,2,0,2,0,No Team Selected
1-09,12:17:29,NINTEN,Pidgey,Lass,7,Route 24,2,18:01.45,18:01,0h18m1s,0,0,0,25,1:10,7.415,QUICK ATTACK,SAND-ATTACK,GUST,WHIRLWIND,3,2653,184,30,58,261,255,125,10,1446,No Team Selected, ,Normal,Flying,13330,Pidgey2,Pidgey,,00:17:54.04,00:18:01.45,01:10:57.10,25,0,0,18,1,45,QUICK ATTACK,SAND-ATTACK,GUST,WHIRLWIND,7,15,35,20,0,0,0,0,43,66,39,36,33,33,45,5077,4935,5145,3891,3891,5917,15,15,15,15,0,0,0,0,0,0,0,43,36,33,33,45,1980,81712,169952,3741,1980,3,0,0,2653,2653,0,0,184,88,30,58,2,0,4629,3208,205,205,254,28,60,0,0,0,0,0,26,0,6,0,0,0,0,0,0,0,0,0,2,0,0,0,0,0,0,0,0,0,0,0,0,0,0,0,0,0,0,119,13195,0,0,0,0,6,39,1,4,1,2,0,2,0,No Team Selected
1-09,12:17:37,NINTEN,Pidgey,Jr Trainer M,3,Route 24,1,18:08.93,18:08,0h18m8s,0,0,0,26,1:11,4.687,QUICK ATTACK,SAND-ATTACK,GUST,WHIRLWIND,3,2657,184,31,58,262,256,125,10,1686,No Team Selected, ,Normal,Flying,13615,Pidgey2,Pidgey,,00:18:04.25,00:18:08.93,01:11:26.48,26,0,0,18,8,93,QUICK ATTACK,SAND-ATTACK,GUST,WHIRLWIND,6,15,35,20,0,0,0,0,46,69,40,38,34,34,46,5117,5015,5180,3926,3926,5987,15,15,15,15,0,0,0,0,0,0,0,45,38,34,34,46,1980,81903,171539,3741,1980,3,0,0,2657,2657,0,0,184,89,31,58,2,0,4678,3253,205,205,255,28,60,0,0,0,0,0,27,0,6,0,0,0,0,0,0,0,0,0,2,0,0,0,0,0,0,0,0,0,0,0,0,0,0,0,0,0,0,120,13480,0,0,0,0,6,39,1,4,1,2,0,2,0,No Team Selected
1-09,12:17:52,NINTEN,Pidgey,Rocket,6,Route 24,2,18:24.26,18:24,0h18m24s,0,0,0,26,1:12,7.819,QUICK ATTACK,SAND-ATTACK,GUST,WHIRLWIND,3,2663,187,32,58,265,259,126,11,2046,No Team Selected, ,Normal,Flying,13985,Pidgey2,Pidgey,,00:18:16.44,00:18:24.26,01:12:27.39,26,0,0,18,24,26,QUICK ATTACK,SAND-ATTACK,GUST,WHIRLWIND,3,15,35,20,0,0,0,0,43,69,40,38,34,34,46,5192,5120,5259,4006,4006,6097,15,15,15,15,0,0,0,0,0,0,0,45,38,34,34,46,1980,82882,174211,3741,1980,3,0,0,2663,2663,0,0,187,90,32,58,2,0,4798,3329,208,208,258,28,61,0,0,0,0,0,28,0,6,0,0,0,0,0,0,0,0,0,2,0,0,0,0,0,0,0,0,0,0,0,0,0,0,0,0,0,0,122,13850,0,0,0,0,6,39,1,4,1,2,0,2,0,No Team Selected
1-09,12:18:20,NINTEN,Pidgey,Hiker,2,Route 25,2,18:52.02,18:52,0h18m52s,0,0,0,26,1:14,21.645,QUICK ATTACK,SAND-ATTACK,GUST,WHIRLWIND,3,2693,187,33,58,277,271,136,11,2496,No Team Selected, ,Normal,Flying,14543,Pidgey2,Pidgey,,00:18:30.37,00:18:52.02,01:14:18.01,26,0,0,18,52,2,QUICK ATTACK,SAND-ATTACK,GUST,WHIRLWIND,1,13,27,20,0,0,0,0,17,69,40,38,34,34,46,5302,5280,5409,4071,4071,6152,15,15,15,15,0,0,0,0,0,0,0,45,38,34,34,46,1980,83792,179872,3792,1980,3,0,0,2693,2693,0,0,187,91,33,58,2,0,4892,3416,234,234,270,30,65,0,0,0,0,0,29,0,7,0,0,0,0,0,0,0,0,0,2,0,0,0,0,0,0,0,0,0,0,0,0,0,0,0,0,0,0,124,14408,0,0,0,0,6,39,1,4,1,2,0,2,0,No Team Selected
1-09,12:18:39,NINTEN,Pidgey,Youngster,5,Route 25,2,19:11.12,19:11,0h19m11s,0,0,0,26,1:15,9.044,GUST,SAND-ATTACK,QUICK ATTACK,WHIRLWIND,3,2702,188,34,58,280,274,137,12,3021,No Team Selected, ,Normal,Flying,14912,Pidgey2,Pidgey,,00:19:02.08,00:19:11.12,01:15:33.38,26,0,0,19,11,12,GUST,SAND-ATTACK,QUICK ATTACK,WHIRLWIND,25,13,0,20,0,0,0,0,63,69,40,38,34,34,46,5372,5396,5474,4127,4127,6294,15,15,15,15,0,0,0,0,0,0,0,45,38,34,34,46,1980,84617,182516,4860,1980,3,0,0,2702,2702,0,0,188,92,34,58,2,0,5008,3491,240,240,273,30,66,0,0,0,0,0,29,0,7,0,0,0,0,0,0,0,0,0,2,0,0,0,0,0,0,0,0,0,0,0,0,0,0,0,0,0,0,126,14777,0,0,0,0,7,39,1,4,1,2,0,2,0,No Team Selected
1-09,12:18:50,NINTEN,Pidgey,Youngster,6,Route 25,1,19:22.54,19:22,0h19m22s,0,0,0,27,1:16,7.521,GUST,SAND-ATTACK,QUICK ATTACK,WHIRLWIND,3,2708,189,35,58,283,277,139,12,3246,No Team Selected, ,Normal,Flying,15272,Pidgey2,Pidgey,,00:19:15.02,00:19:22.54,01:16:18.56,27,0,0,19,22,54,GUST,SAND-ATTACK,QUICK ATTACK,WHIRLWIND,22,13,0,20,0,0,0,0,50,71,42,39,36,36,48,5462,5461,5539,4167,4167,6309,15,15,15,15,0,0,0,0,0,0,0,47,39,36,36,48,1980,85061,184790,4860,1980,3,0,0,2708,2708,0,0,189,93,35,58,2,0,5070,3551,255,255,276,30,68,0,0,0,0,0,29,0,7,0,0,0,0,0,0,0,0,0,2,0,0,0,0,0,0,0,0,0,0,0,0,0,0,0,0,0,0,127,15137,0,0,0,0,7,39,1,4,1,2,0,2,0,No Team Selected
1-09,12:19:02,NINTEN,Pidgey,Lass,9,Route 25,2,19:34.47,19:34,0h19m34s,0,0,0,27,1:17,7.319,GUST,SAND-ATTACK,QUICK ATTACK,WHIRLWIND,3,2713,189,36,58,286,280,140,12,3501,No Team Selected, ,Normal,Flying,15653,Pidgey2,Pidgey,,00:19:27.15,00:19:34.47,01:17:06.15,27,0,0,19,34,47,GUST,SAND-ATTACK,QUICK ATTACK,WHIRLWIND,19,13,0,20,0,0,0,0,46,71,42,39,36,36,48,5563,5565,5631,4247,4247,6400,15,15,15,15,0,0,0,0,0,0,0,47,39,36,36,48,1980,85368,187322,4860,1980,3,0,0,2713,2713,0,0,189,94,36,58,2,0,5191,3635,259,259,279,30,69,0,0,0,0,0,30,0,7,0,0,0,0,0,0,0,0,0,2,0,0,0,0,0,0,0,0,0,0,0,0,0,0,0,0,0,0,129,15518,0,0,0,0,7,39,1,4,1,2,0,2,0,No Team Selected
1-09,12:19:13,NINTEN,Pidgey,Jr Trainer M,2,Route 25,2,19:45.79,19:45,0h19m45s,0,0,0,27,1:17,7.474,GUST,SAND-ATTACK,QUICK ATTACK,WHIRLWIND,3,2723,195,37,58,289,283,141,12,3726,No Team Selected, ,Normal,Flying,16010,Pidgey2,Pidgey,,00:19:38.32,00:19:45.79,01:17:51.12,27,0,0,19,45,79,GUST,SAND-ATTACK,QUICK ATTACK,WHIRLWIND,16,13,0,20,0,0,0,0,46,71,42,39,36,36,48,5628,5681,5710,4312,4312,6527,15,15,15,15,0,-1,0,0,0,0,0,52,25,36,36,48,1980,85793,189594,4860,1980,3,0,0,2723,2723,0,0,195,95,37,58,2,0,5327,3705,259,259,282,30,70,0,0,0,0,0,31,0,7,0,0,0,0,0,0,0,0,0,2,0,0,0,0,0,0,0,0,0,0,0,0,0,0,0,0,0,0,131,15875,0,0,0,0,7,39,1,4,1,2,0,2,0,No Team Selected
1-09,12:19:29,NINTEN,Pidgey,Oddish Lass,10,Route 25,3,20:01.67,20:01,0h20m1s,0,0,0,27,1:18,11.598,GUST,SAND-ATTACK,QUICK ATTACK,WHIRLWIND,3,2738,195,38,58,294,288,143,12,4006,No Team Selected, ,Normal,Flying,16595,Pidgey2,Pidgey,Oddish Lass,00:19:50.07,00:20:01.67,01:18:54.17,27,0,0,20,1,67,GUST,SAND-ATTACK,QUICK ATTACK,WHIRLWIND,11,13,0,20,0,0,0,0,42,71,42,39,36,36,48,5758,5826,5860,4497,4497,6643,15,15,15,15,0,0,0,0,0,0,0,47,39,36,36,48,1980,86315,192857,4860,1980,3,0,0,2738,2738,0,0,195,96,38,58,2,0,5494,3814,263,263,287,30,72,0,0,0,0,0,31,0,7,0,0,0,0,0,0,0,0,0,2,0,0,0,0,0,0,0,0,0,0,0,0,0,0,0,0,0,0,134,16460,0,0,0,0,7,39,1,4,1,2,0,2,0,No Team Selected
1-09,12:20:17,NINTEN,Pidgey,Cerulean Rocket,5,Cerulean City,2,20:49.77,20:49,0h20m49s,0,0,0,28,1:22,14.614,GUST,SAND-ATTACK,QUICK ATTACK,WING ATTACK,3,2932,204,39,58,298,292,145,13,4201,No Team Selected, ,Normal,Flying,17284,Pidgey2,Pidgey,Rocket,00:20:35.16,00:20:49.77,01:22:05.05,28,0,0,20,49,77,GUST,SAND-ATTACK,QUICK ATTACK,WING ATTACK,31,15,30,35,0,0,0,0,62,74,43,41,37,37,50,5888,5954,5955,4622,4622,6720,15,15,15,15,0,0,0,0,0,0,0,48,41,37,37,50,1980,93794,196826,4860,1980,3,0,0,2932,2932,0,0,204,97,39,58,2,0,5606,3917,275,275,291,31,73,0,0,0,0,0,31,0,8,0,0,0,0,0,0,0,0,0,2,0,0,0,0,0,0,0,0,0,0,0,0,0,0,0,0,0,0,136,17149,0,0,0,0,8,39,1,4,1,2,0,2,0,No Team Selected
1-09,12:20:49,NINTEN,Pidgey,Bug Catcher,10,Route 6,3,21:20.88,21:20,0h21m20s,0,0,0,28,1:24,9.362,GUST,SAND-ATTACK,QUICK ATTACK,WING ATTACK,3,3110,212,40,58,301,295,145,15,4711,No Team Selected, ,Normal,Flying,17819,Pidgey2,Pidgey,,00:21:11.52,00:21:20.88,01:24:08.27,28,0,0,21,20,88,GUST,SAND-ATTACK,QUICK ATTACK,WING ATTACK,31,15,30,32,0,0,0,0,62,74,43,41,37,37,50,6013,6054,6050,4682,4682,6865,15,15,15,15,0,0,0,0,0,0,0,48,41,37,37,50,1980,98136,199886,4860,1980,3,0,0,3110,3110,0,0,212,98,40,58,2,0,5814,4041,275,275,294,31,73,0,0,0,0,0,31,0,8,0,0,0,0,0,0,0,0,0,2,0,0,0,0,0,0,0,0,0,0,0,0,0,0,0,0,0,0,139,17684,0,0,0,0,9,39,1,4,1,3,0,2,0,No Team Selected
1-09,12:20:59,NINTEN,Pidgey,Jr Trainer M,4,Route 6,1,21:31.52,21:31,0h21m31s,0,0,0,28,1:24,6.78,GUST,SAND-ATTACK,QUICK ATTACK,WING ATTACK,3,3122,213,41,58,304,298,147,15,4871,No Team Selected, ,Normal,Flying,18101,Pidgey2,Pidgey,,00:21:24.73,00:21:31.52,01:24:50.39,28,0,0,21,31,52,GUST,SAND-ATTACK,QUICK ATTACK,WING ATTACK,28,15,30,32,0,0,0,0,50,74,43,41,37,37,50,6057,6102,6115,4732,4732,6908,15,15,15,15,0,0,0,0,0,0,0,48,41,37,37,50,1980,98544,202010,4860,1980,3,0,0,3122,3122,0,0,213,99,41,58,2,0,5878,4091,287,287,297,31,75,0,0,0,0,0,31,0,8,0,0,0,0,0,0,0,0,0,2,0,0,0,0,0,0,0,0,0,0,0,0,0,0,0,0,0,0,140,17966,0,0,0,0,9,39,1,4,1,3,0,2,0,No Team Selected
1-09,12:21:08,NINTEN,Pidgey,Jr Trainer F,2,Route 6,2,21:40.65,21:40,0h21m40s,0,0,0,28,1:25,6.3,GUST,SAND-ATTACK,QUICK ATTACK,WING ATTACK,3,3123,215,42,58,306,300,147,15,5271,No Team Selected, ,Normal,Flying,18576,Pidgey2,Pidgey,,00:21:34.35,00:21:40.65,01:25:26.53,28,0,0,21,40,65,GUST,SAND-ATTACK,QUICK ATTACK,WING ATTACK,26,15,30,32,0,0,0,0,50,74,43,41,37,37,50,6122,6213,6180,4807,4807,7070,15,15,15,15,0,0,0,0,0,0,0,48,41,37,37,50,1980,98714,204014,4860,1980,3,0,0,3123,3123,0,0,215,100,42,58,2,0,5961,4168,287,287,299,31,75,0,0,0,0,0,31,0,8,0,0,0,0,0,0,0,0,0,2,0,0,0,0,0,0,0,0,0,0,0,0,0,0,0,0,0,0,142,18441,0,0,0,0,9,39,1,4,1,3,0,2,0,No Team Selected
1-09,12:21:19,NINTEN,Pidgey,Bug Catcher,11,Route 6,1,21:51.01,21:51,0h21m51s,0,0,0,28,1:26,6.108,GUST,SAND-ATTACK,QUICK ATTACK,WING ATTACK,3,3134,215,43,58,308,302,148,15,5591,No Team Selected, ,Normal,Flying,19261,Pidgey2,Pidgey,,00:21:44.89,00:21:51.01,01:26:07.56,28,0,0,21,51,1,GUST,SAND-ATTACK,QUICK ATTACK,WING ATTACK,26,15,30,30,0,0,0,0,40,74,43,41,37,37,50,6182,6258,6230,4887,4887,7140,15,15,15,15,0,0,0,0,0,0,0,48,41,37,37,50,1980,99208,205983,4860,1980,3,0,0,3134,3134,0,0,215,101,43,58,2,0,6050,4225,297,297,301,31,76,0,0,0,0,0,31,0,8,0,0,0,0,0,0,0,0,0,2,0,0,0,0,0,0,0,0,0,0,0,0,0,0,0,0,0,0,143,19126,0,0,0,0,9,39,1,4,1,3,0,2,0,No Team Selected
1-09,12:21:38,NINTEN,Pidgey,Sandy,3,Route 6,3,22:10.67,22:10,0h22m10s,0,0,0,29,1:27,12.008,GUST,SAND-ATTACK,QUICK ATTACK,WING ATTACK,3,3144,215,44,58,313,307,150,15,5791,No Team Selected, ,Normal,Flying,19822,Pidgey2,Pidgey,,00:21:58.67,00:22:10.67,01:27:25.53,29,0,0,22,10,67,GUST,SAND-ATTACK,QUICK ATTACK,WING ATTACK,21,15,30,30,0,0,0,0,70,76,45,42,38,38,52,6302,6393,6350,4992,4992,7308,15,15,15,15,0,0,0,0,0,-1,0,56,42,38,38,52,1980,99642,209344,5743,1980,3,0,0,3144,3144,0,0,215,102,44,58,2,0,6259,4348,303,303,306,31,78,0,0,0,0,0,32,0,8,0,0,0,0,0,0,0,0,0,2,0,0,0,0,0,0,0,0,0,0,0,0,0,0,0,0,0,0,146,19687,0,0,0,0,9,39,1,4,1,3,0,2,0,No Team Selected
1-09,12:21:50,NINTEN,Pidgey,Jr Trainer M,5,Route 6,2,22:22.50,22:22,0h22m22s,0,0,0,29,1:28,7.578,GUST,SAND-ATTACK,QUICK ATTACK,WING ATTACK,3,3145,215,45,58,316,310,151,15,6111,No Team Selected, ,Normal,Flying,20417,Pidgey2,Pidgey,,00:22:14.92,00:22:22.50,01:28:12.48,29,0,0,22,22,50,GUST,SAND-ATTACK,QUICK ATTACK,WING ATTACK,18,15,30,30,0,0,0,0,61,76,45,42,38,38,52,6397,6534,6440,5073,5073,7475,15,15,15,15,0,0,0,0,0,0,0,50,42,38,38,52,1980,99852,211948,5743,1980,3,0,0,3145,3145,0,0,215,103,45,58,2,0,6366,4435,312,312,309,31,79,0,0,0,0,0,32,0,8,0,0,0,0,0,0,0,0,0,2,0,0,0,0,0,0,0,0,0,0,0,0,0,0,0,0,0,0,148,20282,0,0,0,0,9,39,1,4,1,3,0,2,0,No Team Selected
1-09,12:22:25,NINTEN,Pidgey,Sailor,5,SS Anne,2,22:57.35,22:57,0h22m57s,0,0,0,29,1:30,10.123,GUST,SAND-ATTACK,QUICK ATTACK,WING ATTACK,3,3284,234,46,58,320,314,153,17,2931,No Team Selected, ,Normal,Flying,21230,Pidgey2,Pidgey,,00:22:47.22,00:22:57.35,01:30:30.37,29,0,0,22,57,35,GUST,SAND-ATTACK,QUICK ATTACK,WING ATTACK,14,15,30,30,0,0,0,0,51,76,45,42,38,38,52,6467,6619,6530,5243,5243,7630,15,15,15,15,0,0,0,0,0,0,0,50,42,38,38,52,1980,105297,214772,5743,1980,3,0,0,3284,3284,0,0,234,104,46,58,2,0,6507,4521,322,322,313,31,81,0,0,0,0,0,32,0,8,0,1,0,0,0,0,0,0,0,2,0,0,0,0,0,3,0,0,0,0,0,0,0,0,0,0,0,0,150,21095,0,0,0,0,11,44,1,4,1,3,0,2,0,No Team Selected
1-09,12:22:51,NINTEN,Pidgey,Fisher,2,SS Anne,3,23:23.29,23:23,0h23m23s,0,0,0,30,1:32,16.385,GUST,SAND-ATTACK,QUICK ATTACK,WING ATTACK,3,3304,235,47,58,329,321,157,18,3471,No Team Selected, ,Normal,Flying,22349,Pidgey2,Pidgey,,00:23:06.90,00:23:23.29,01:32:13.30,30,0,0,23,23,29,GUST,SAND-ATTACK,QUICK ATTACK,WING ATTACK,7,15,30,30,0,0,0,0,64,79,47,44,40,40,54,6567,6769,6720,5458,5458,7825,15,15,15,15,0,0,0,0,0,0,0,52,44,40,40,54,1980,106326,219093,6566,1980,3,0,0,3304,3304,0,0,235,105,47,58,2,0,6695,4642,337,337,320,31,83,0,0,0,0,0,32,0,8,0,1,0,0,0,0,0,0,0,2,0,0,0,0,0,3,0,0,0,0,0,0,0,0,0,0,0,0,153,22214,0,0,0,0,12,44,1,4,1,3,0,2,0,No Team Selected
1-09,12:23:00,NINTEN,Pidgey,Sailor,7,SS Anne,1,23:32.46,23:32,0h23m32s,0,0,0,30,1:32,4.888,GUST,SAND-ATTACK,QUICK ATTACK,WING ATTACK,3,3306,235,48,58,331,323,158,18,4066,No Team Selected, ,Normal,Flying,22725,Pidgey2,Pidgey,,00:23:27.57,00:23:32.46,01:32:49.52,30,0,0,23,32,46,GUST,SAND-ATTACK,QUICK ATTACK,WING ATTACK,5,15,30,30,0,0,0,0,64,79,47,44,40,40,54,6637,6849,6770,5493,5493,7860,15,15,15,15,0,0,0,0,0,0,0,52,44,40,40,54,1980,106599,221002,6566,1980,3,0,0,3306,3306,0,0,235,106,48,58,2,0,6757,4703,337,337,322,32,83,0,0,0,0,0,32,0,8,0,1,0,0,0,0,0,0,0,2,0,0,0,0,0,3,0,0,0,0,0,0,0,0,0,0,0,0,154,22590,0,0,0,0,12,44,1,4,1,3,0,2,0,No Team Selected
1-09,12:23:20,NINTEN,Pidgey,Sailor,6,SS Anne,3,23:52.22,23:52,0h23m52s,0,0,0,30,1:34,14.75,QUICK ATTACK,SAND-ATTACK,GUST,WING ATTACK,3,3325,236,49,58,337,329,161,18,4666,No Team Selected, ,Normal,Flying,23628,Pidgey2,Pidgey,,00:23:37.47,00:23:52.22,01:34:08.07,30,0,0,23,52,22,QUICK ATTACK,SAND-ATTACK,GUST,WING ATTACK,29,15,0,30,0,0,0,0,46,79,47,44,40,40,54,6727,6969,6980,5703,5703,8040,15,15,15,15,0,0,0,0,0,0,0,52,44,40,40,54,1980,107361,224935,6566,1980,3,0,0,3325,3325,0,0,236,107,49,58,2,0,6952,4820,355,355,328,32,86,0,0,0,0,0,34,0,9,0,1,0,0,0,0,0,0,0,2,0,0,0,0,0,3,0,0,0,0,0,0,0,0,0,0,0,0,157,23493,0,0,0,0,12,44,1,4,1,3,0,2,0,No Team Selected
1-09,12:23:36,NINTEN,Pidgey,Sailor,4,SS Anne,3,24:08.51,24:08,0h24m8s,0,0,0,31,1:35,12.212,QUICK ATTACK,SAND-ATTACK,GUST,WING ATTACK,3,3333,236,50,58,342,334,163,18,5176,No Team Selected, ,Normal,Flying,24663,Pidgey2,Pidgey,,00:23:56.30,00:24:08.51,01:35:12.44,31,0,0,24,8,51,QUICK ATTACK,SAND-ATTACK,GUST,WING ATTACK,24,15,0,30,0,0,0,0,39,81,48,45,41,41,55,6827,7114,7185,5918,5918,8210,15,15,15,15,0,0,0,0,-1,0,0,54,45,41,41,36,1980,107925,228248,6566,1980,3,0,0,3333,3333,0,0,236,108,50,58,2,0,7107,4941,364,364,333,32,88,0,0,0,0,0,34,0,9,0,1,0,0,0,0,0,0,0,2,0,0,0,0,0,3,0,0,0,0,0,0,0,0,0,0,0,0,160,24528,0,0,0,0,12,44,1,4,1,3,0,2,0,No Team Selected
1-09,12:23:53,NINTEN,Pidgey,Sailor,3,SS Anne,1,24:25.07,24:25,0h24m25s,0,0,0,31,1:36,8.742,QUICK ATTACK,SAND-ATTACK,GUST,WING ATTACK,3,3335,236,51,58,346,337,166,18,5686,No Team Selected, ,Normal,Flying,25099,Pidgey2,Pidgey,,00:24:16.34,00:24:25.07,01:36:18.24,31,0,0,24,25,7,QUICK ATTACK,SAND-ATTACK,GUST,WING ATTACK,21,15,0,30,0,0,0,0,64,81,48,45,41,41,55,6857,7179,7285,5963,5963,8250,15,15,15,15,0,0,0,0,0,0,0,54,45,41,41,55,1980,108272,231046,7361,1980,3,0,0,3335,3335,0,0,236,109,51,58,2,0,7153,4987,379,379,336,32,89,0,0,0,0,0,34,0,9,0,2,0,0,0,0,0,0,0,2,0,0,0,0,0,6,1,0,0,0,0,0,0,0,0,0,0,0,161,24964,0,0,0,0,12,44,1,4,1,3,0,2,0,No Team Selected
1-09,12:24:09,NINTEN,Pidgey,Gentleman,1,SS Anne,2,24:41.53,24:41,0h24m41s,0,0,0,31,1:37,9.113,QUICK ATTACK,SAND-ATTACK,GUST,WING ATTACK,3,3377,240,52,58,350,341,168,18,6316,No Team Selected,Burned,Normal,Flying,25801,Pidgey2,Pidgey,,00:24:32.42,00:24:41.53,01:37:23.23,31,0,0,24,41,53,QUICK ATTACK,SAND-ATTACK,GUST,WING ATTACK,17,15,0,30,0,0,0,0,56,81,48,45,41,41,55,6967,7319,7375,6063,6063,8370,15,15,15,15,0,0,0,0,0,0,0,27,45,41,41,55,1980,109605,233612,7361,1980,3,0,0,3377,3377,0,0,240,110,52,58,2,0,7279,5087,387,387,340,33,90,0,0,0,0,0,34,0,9,0,2,0,0,0,1,0,0,0,2,0,0,0,0,0,6,1,0,0,0,0,0,0,0,0,0,0,0,163,25666,0,0,0,0,12,44,1,4,1,3,0,2,0,No Team Selected
1-09,12:24:50,NINTEN,Pidgey,Swimmer,1,Cerulean City - Gym,2,25:22.74,25:22,0h25m22s,0,0,0,31,1:40,9,QUICK ATTACK,SAND-ATTACK,GUST,WING ATTACK,3,3470,243,53,58,354,345,170,17,7576,No Team Selected, ,Normal,Flying,26415,Pidgey2,Pidgey,,00:25:13.74,00:25:22.74,01:40:06.29,31,0,0,25,22,74,QUICK ATTACK,SAND-ATTACK,GUST,WING ATTACK,26,15,35,35,0,0,0,0,76,81,48,45,41,41,55,7027,7424,7545,6178,6178,8470,15,15,15,15,0,0,0,0,0,0,0,54,45,41,41,55,1980,113000,236229,11135,1980,3,0,0,3470,3470,0,0,243,111,53,58,2,0,7398,5163,392,392,344,33,91,0,0,0,0,0,35,0,9,0,2,0,0,0,1,0,0,0,2,0,0,0,0,0,6,1,0,0,0,0,0,0,0,0,0,0,0,165,26280,0,0,0,0,12,44,1,4,1,4,0,2,0,No Team Selected
1-09,12:25:00,NINTEN,Pidgey,Pecking Lass,1,Cerulean City - Gym,1,25:31.93,25:31,0h25m31s,0,0,0,31,1:40,5.363,QUICK ATTACK,SAND-ATTACK,GUST,WING ATTACK,3,3478,243,54,58,356,347,171,17,7656,No Team Selected, ,Normal,Flying,26866,Pidgey2,Pidgey,,00:25:26.56,00:25:31.93,01:40:42.57,31,0,0,25,31,93,QUICK ATTACK,SAND-ATTACK,GUST,WING ATTACK,24,15,35,35,0,0,0,0,71,81,48,45,41,41,55,7072,7491,7605,6228,6228,8533,15,15,15,15,0,0,0,0,0,0,0,54,45,41,41,55,1980,113438,237979,11135,1980,3,0,0,3478,3478,0,0,243,112,54,58,2,0,7473,5212,397,397,346,33,92,0,0,0,0,0,36,0,9,0,2,0,0,0,1,0,0,0,2,0,0,0,0,0,6,1,0,0,0,0,0,0,0,0,0,0,0,166,26731,0,0,0,0,12,44,1,4,1,4,0,2,0,No Team Selected
1-09,12:25:20,NINTEN,Pidgey,Misty,1,Cerulean City - Gym,2,25:52.16,25:52,0h25m52s,0,0,0,32,1:42,11.448,QUICK ATTACK,SAND-ATTACK,GUST,WING ATTACK,4,3479,245,55,58,361,352,174,17,8036,No Team Selected, ,Normal,Flying,28205,Pidgey2,Pidgey,Misty,00:25:40.72,00:25:52.16,01:42:03.21,32,0,0,25,52,16,QUICK ATTACK,SAND-ATTACK,GUST,WING ATTACK,19,15,35,35,0,0,0,0,67,83,50,47,43,43,57,7162,7611,7745,6398,6398,8733,15,15,15,15,0,0,0,0,0,0,0,56,47,43,43,57,1980,114004,241219,12153,1980,4,0,0,3479,3479,0,0,245,113,55,58,2,0,7602,5312,413,413,351,33,95,0,0,0,0,0,36,0,9,0,2,0,0,0,1,0,0,0,2,0,0,0,0,0,6,1,0,0,0,0,0,0,0,0,0,0,0,168,28070,0,0,0,0,12,44,1,4,1,4,0,2,0,No Team Selected
1-09,12:26:17,NINTEN,Pidgey,Gentleman,2,SS Anne,2,26:48.98,26:48,0h26m48s,0,0,0,32,1:45,9.94,QUICK ATTACK,SAND-ATTACK,GUST,WING ATTACK,4,3813,265,56,60,367,358,176,18,10115,No Team Selected,Poisoned,Normal,Flying,28992,Pidgey2,Pidgey,,00:26:39.03,00:26:48.98,01:45:47.52,32,0,0,26,48,98,QUICK ATTACK,SAND-ATTACK,GUST,WING ATTACK,24,15,35,35,0,0,0,0,68,83,50,47,43,43,57,7348,7845,7927,6588,6588,8924,15,15,15,15,0,0,0,0,0,0,0,56,47,43,43,57,1980,122393,246301,12153,1980,4,0,0,3813,3813,0,0,265,116,56,60,2,0,7881,5487,428,428,357,33,97,0,0,0,0,0,37,0,10,0,2,0,0,0,1,0,0,0,3,0,0,0,0,0,6,1,0,0,0,0,0,0,0,0,0,0,0,172,28857,0,0,0,0,12,44,1,4,1,4,0,2,0,No Team Selected
1-09,12:26:38,NINTEN,Pidgey,Youngster,8,SS Anne,1,27:10.12,27:10,0h27m10s,0,0,0,32,1:47,5.17,QUICK ATTACK,SAND-ATTACK,GUST,WING ATTACK,4,3872,290,57,60,369,360,177,18,11445,No Team Selected, ,Normal,Flying,29262,Pidgey2,Pidgey,,00:27:04.96,00:27:10.12,01:47:11.03,32,0,0,27,10,12,QUICK ATTACK,SAND-ATTACK,GUST,WING ATTACK,22,15,35,35,0,0,0,0,78,83,50,47,43,43,57,7394,7902,7967,6628,6628,8974,15,15,15,15,0,0,0,0,0,0,0,56,47,43,43,57,1980,124544,247943,13351,1980,4,0,0,3872,3872,0,0,290,117,57,60,2,0,7959,5540,433,433,359,33,98,0,0,0,0,0,37,0,10,0,2,0,0,0,1,0,0,0,3,0,0,0,0,0,6,1,0,0,0,0,0,0,0,0,0,0,0,173,29127,0,0,0,0,12,44,1,4,1,4,0,2,0,No Team Selected
1-09,12:26:49,NINTEN,Pidgey,Lass,11,SS Anne,2,27:21.74,27:21,0h27m21s,0,0,0,32,1:47,8.815,QUICK ATTACK,SAND-ATTACK,GUST,WING ATTACK,4,3874,291,58,60,373,364,179,18,11760,No Team Selected, ,Normal,Flying,29699,Pidgey2,Pidgey,,00:27:12.92,00:27:21.74,01:47:57.09,32,0,0,27,21,74,QUICK ATTACK,SAND-ATTACK,GUST,WING ATTACK,18,15,35,35,0,0,0,0,68,83,50,47,43,43,57,7489,7994,8059,6703,6703,9071,15,15,15,15,0,0,0,0,0,0,0,56,47,43,43,57,1980,124800,250453,13351,1980,4,0,0,3874,3874,0,0,291,118,58,60,2,0,8113,5635,443,443,363,33,100,0,0,0,0,0,37,0,10,0,2,0,0,0,1,0,0,0,3,0,0,0,0,0,6,1,0,0,0,0,0,0,0,0,0,0,0,175,29564,0,0,0,0,12,44,1,4,1,4,0,2,0,No Team Selected
1-09,12:27:09,NINTEN,Pidgey,Sailor,2,SS Anne,2,27:41.63,27:41,0h27m41s,0,0,0,33,1:49,8.428,QUICK ATTACK,SAND-ATTACK,GUST,WING ATTACK,4,3938,309,59,60,376,367,180,19,12030,No Team Selected, ,Normal,Flying,30400,Pidgey2,Pidgey,,00:27:33.20,00:27:41.63,01:49:15.44,33,0,0,27,41,63,QUICK ATTACK,SAND-ATTACK,GUST,WING ATTACK,15,15,35,35,0,0,0,0,65,86,51,48,44,44,59,7599,8114,8144,6838,6838,9176,15,15,15,15,0,0,0,0,0,0,0,57,48,44,44,59,1980,127073,252895,13351,1980,4,0,0,3938,3938,0,0,309,119,59,60,2,0,8246,5731,449,449,366,33,101,0,0,0,0,0,37,0,10,0,2,0,0,0,1,0,0,0,3,0,0,0,0,0,6,1,0,0,0,0,0,0,0,0,0,0,0,177,30265,0,0,0,0,13,44,1,4,1,4,0,2,0,No Team Selected
1-09,12:27:23,NINTEN,Pidgey,Sailor,1,SS Anne,2,27:55.10,27:55,0h27m55s,0,0,0,33,1:50,9.049,QUICK ATTACK,SAND-ATTACK,GUST,WING ATTACK,4,3944,309,60,60,380,371,182,19,12540,No Team Selected, ,Normal,Flying,31112,Pidgey2,Pidgey,,00:27:46.05,00:27:55.10,01:50:09.15,33,0,0,27,55,10,QUICK ATTACK,SAND-ATTACK,GUST,WING ATTACK,11,15,35,35,0,0,0,0,53,86,51,48,44,44,59,7699,8259,8294,6918,6918,9251,15,15,15,15,0,0,0,0,0,0,0,57,48,44,44,59,1980,127398,255781,13351,1980,4,0,0,3944,3944,0,0,309,120,60,60,2,0,8369,5828,461,461,370,34,102,0,0,0,0,0,37,0,11,0,2,0,0,0,1,0,0,0,3,0,0,0,0,0,6,1,0,0,0,0,0,0,0,0,0,0,0,179,30977,0,0,0,0,13,44,1,4,1,4,0,2,0,No Team Selected
1-09,12:27:44,NINTEN,Pidgey,Fisher,1,SS Anne,3,28:16.62,28:16,0h28m16s,0,0,0,33,1:51,11.318,QUICK ATTACK,SAND-ATTACK,GUST,WING ATTACK,4,3989,316,61,60,385,376,184,19,13080,No Team Selected, ,Normal,Flying,32300,Pidgey2,Pidgey,,00:28:05.30,00:28:16.62,01:51:34.18,33,0,0,28,16,62,QUICK ATTACK,SAND-ATTACK,GUST,WING ATTACK,6,15,35,35,0,0,0,0,69,86,51,48,44,44,59,7829,8433,8449,7118,7118,9447,15,15,15,15,0,0,0,0,0,0,0,57,48,44,44,59,1980,128816,258896,13921,1980,4,0,0,3989,3989,0,0,316,121,61,60,2,0,8578,5961,465,465,375,35,103,0,0,0,0,0,38,0,11,0,2,0,0,0,1,0,0,0,3,0,0,0,0,0,6,1,0,0,0,0,0,0,0,0,0,0,0,182,32165,0,0,0,0,13,44,1,4,1,4,0,2,0,No Team Selected
1-09,12:27:52,NINTEN,Pidgey,Gentleman,3,SS Anne,1,28:24.60,28:24,0h28m24s,0,0,0,33,1:52,5.282,QUICK ATTACK,SAND-ATTACK,GUST,WING ATTACK,4,3992,316,62,60,387,378,185,19,13675,No Team Selected, ,Normal,Flying,32703,Pidgey2,Pidgey,,00:28:19.31,00:28:24.60,01:52:05.56,33,0,0,28,24,60,QUICK ATTACK,SAND-ATTACK,GUST,WING ATTACK,4,15,35,35,0,0,0,0,62,86,51,48,44,44,59,7864,8488,8479,7168,7168,9537,15,15,15,15,0,0,0,0,0,0,0,57,48,44,44,59,1980,129040,260570,13921,1980,4,0,0,3992,3992,0,0,316,122,62,60,2,0,8668,6013,472,472,377,35,104,0,0,0,0,0,38,0,11,0,2,0,0,0,1,0,0,0,3,0,0,0,0,0,6,1,0,0,0,0,0,0,0,0,0,0,0,183,32568,0,0,0,0,13,44,1,4,1,4,0,2,0,No Team Selected
1-09,12:28:09,NINTEN,Pidgey,Gentleman,5,SS Anne,2,28:41.11,28:41,0h28m41s,0,0,0,34,1:53,10.183,QUICK ATTACK,SAND-ATTACK,GUST,WING ATTACK,4,4012,322,63,60,391,382,187,20,15285,No Team Selected, ,Normal,Flying,33587,Pidgey2,Pidgey,,00:28:30.93,00:28:41.11,01:53:11.14,34,0,0,28,41,11,QUICK ATTACK,SAND-ATTACK,GUST,WING ATTACK,0,15,35,35,0,0,0,0,49,88,53,50,46,46,61,7969,8643,8579,7283,7283,9687,15,15,15,15,0,0,0,0,0,0,0,59,50,46,46,61,1980,130091,263437,13921,1980,4,0,0,4012,4012,0,0,322,123,63,60,2,0,8847,6107,487,487,381,35,106,0,0,0,0,0,39,0,11,0,2,0,0,0,1,0,0,0,3,0,0,0,0,0,6,1,0,0,0,0,0,0,0,0,0,0,0,185,33452,0,0,0,0,14,44,1,4,1,4,0,2,0,No Team Selected
1-09,12:28:22,NINTEN,Pidgey,Lass,12,SS Anne,2,28:54.06,28:54,0h28m54s,0,0,0,34,1:54,7.387,QUICK ATTACK,SAND-ATTACK,GUST,WING ATTACK,4,4017,324,64,60,393,384,187,20,16475,No Team Selected, ,Normal,Flying,34121,Pidgey2,Pidgey,,00:28:46.67,00:28:54.06,01:54:02.36,34,0,0,28,54,6,QUICK ATTACK,SAND-ATTACK,GUST,WING ATTACK,0,15,33,35,0,0,0,0,49,88,53,50,46,46,61,8034,8754,8644,7358,7358,9849,15,15,15,15,0,0,0,0,0,0,0,59,50,46,46,61,1980,130688,265922,13921,1980,4,0,0,4017,4017,0,0,324,124,64,60,2,0,8950,6191,487,487,383,35,106,0,0,0,0,0,39,0,11,0,2,0,0,0,1,0,0,0,3,0,0,0,0,0,6,1,0,0,0,0,0,0,0,0,0,0,0,187,33986,0,0,0,0,15,44,1,4,1,4,0,2,0,No Team Selected
1-09,12:28:50,NINTEN,Pidgey,Rival3-SS Anne,1,SS Anne,4,29:22.41,29:22,0h29m22s,0,0,0,34,1:55,17.093,GUST,SAND-ATTACK,QUICK ATTACK,WING ATTACK,5,4041,324,65,60,400,391,191,20,16745,No Team Selected, ,Normal,Flying,36147,Pidgey2,Pidgey,Rival (SS Anne),00:29:05.32,00:29:22.41,01:55:55.11,34,0,0,29,22,41,GUST,SAND-ATTACK,QUICK ATTACK,WING ATTACK,26,15,0,35,0,0,0,0,64,88,53,50,46,46,61,8251,8993,8869,7643,7643,10180,15,15,15,15,0,-1,0,0,0,0,0,66,33,46,46,61,1980,131738,270389,15159,1980,5,0,0,4041,4041,0,0,324,125,65,60,2,0,9237,6393,511,511,390,35,110,0,0,0,0,0,40,0,11,0,2,0,0,0,1,0,0,0,3,0,0,0,0,0,6,1,0,0,0,0,0,0,0,0,0,0,0,191,36012,0,0,0,0,15,44,1,4,1,4,0,2,0,No Team Selected
1-09,12:31:09,NINTEN,Pidgey,Surge,1,Vermilion City - Gym,3,31:41.33,31:41,0h31m41s,1,0,1,35,2:03,13.374,GUST,SAND-ATTACK,QUICK ATTACK,WING ATTACK,6,4516,381,66,60,405,396,192,17,21845,No Team Selected, ,Normal,Flying,37552,Pidgey2,Pidgey,Lt. Surge,00:31:27.95,00:31:41.33,02:03:37.20,35,1,0,31,41,33,GUST,SAND-ATTACK,QUICK ATTACK,WING ATTACK,26,15,25,35,0,0,0,0,85,91,55,51,47,47,63,8386,9168,9004,7838,7838,10470,15,15,15,15,0,0,0,0,0,0,0,61,51,47,47,63,2134,150242,274142,20482,2134,6,1,0,4516,4516,0,0,381,126,66,60,2,0,9436,6553,517,517,395,35,111,0,0,0,0,0,40,0,12,0,2,0,0,0,1,0,0,0,3,0,0,0,0,0,6,1,0,0,0,0,0,0,0,0,0,0,0,194,37417,0,0,0,0,15,44,11,4,1,5,0,2,1,No Team Selected
1-09,12:32:08,NINTEN,Pidgey,Wrapping Lass,5,Route 9,4,32:40.58,32:40,0h32m40s,1,0,1,35,2:07,12.923,GUST,SAND-ATTACK,QUICK ATTACK,WING ATTACK,6,4710,405,67,60,409,400,192,19,24221,No Team Selected, ,Normal,Flying,38800,Pidgey2,Pidgey,RTG1 - Wrapping Lass,00:32:27.65,00:32:40.58,02:07:31.55,35,1,0,32,40,58,GUST,SAND-ATTACK,QUICK ATTACK,WING ATTACK,35,15,30,31,0,0,0,0,91,91,55,51,47,47,63,8576,9418,9184,8128,8128,10610,15,15,15,15,0,0,0,0,0,0,0,61,57,47,47,63,2134,157741,278136,23064,2134,6,1,0,4710,4656,54,0,405,127,67,60,2,0,9767,6743,517,517,399,35,111,0,0,0,0,0,40,0,12,0,2,0,0,0,1,0,0,0,3,0,0,0,0,0,6,1,0,0,0,0,0,0,0,0,0,0,0,198,38665,0,0,0,0,15,44,11,4,1,5,0,2,1,No Team Selected
1-09,12:32:24,NINTEN,Pidgey,Bug Catcher,14,Route 9,3,32:56.38,32:56,0h32m56s,1,0,1,35,2:08,9.179,GUST,SAND-ATTACK,QUICK ATTACK,WING ATTACK,6,4753,409,68,60,412,403,192,19,24581,No Team Selected, ,Normal,Flying,39569,Pidgey2,Pidgey,,00:32:47.19,00:32:56.38,02:08:34.39,35,1,0,32,56,38,GUST,SAND-ATTACK,QUICK ATTACK,WING ATTACK,35,15,30,28,0,0,0,0,91,91,55,51,47,47,63,8721,9538,9299,8208,8208,10750,15,15,15,15,0,0,0,0,0,0,0,61,57,47,47,63,2134,158544,280818,23343,2134,6,1,0,4753,4656,97,0,409,128,68,60,2,0,10033,6900,517,517,402,35,111,0,0,0,0,0,40,0,12,0,2,0,0,0,1,0,0,0,3,0,0,0,0,0,6,1,0,0,0,0,0,0,0,0,0,0,0,201,39434,0,0,0,0,15,44,11,4,1,5,0,2,1,No Team Selected
1-09,12:32:57,NINTEN,Pidgey,Slowbone,7,Rock Tunnel - 1,2,33:29.15,33:29,0h33m29s,1,0,1,36,2:10,18.961,AGILITY,SAND-ATTACK,QUICK ATTACK,WING ATTACK,6,4859,428,69,60,418,409,196,19,24781,No Team Selected, ,Normal,Flying,40483,Pidgey2,Pidgey,,00:33:10.19,00:33:29.15,02:10:44.56,36,1,0,33,29,15,AGILITY,SAND-ATTACK,QUICK ATTACK,WING ATTACK,30,15,30,22,0,0,0,0,72,93,56,53,49,49,65,8861,9653,9459,8288,8288,10800,15,15,15,15,0,0,0,0,0,0,0,63,59,49,49,65,2134,160209,285742,24571,2134,6,1,0,4859,4656,203,0,428,129,69,60,2,0,10187,7037,538,538,408,36,114,0,0,0,0,0,41,0,12,0,2,0,0,0,1,0,0,0,3,0,0,0,0,0,6,1,0,0,0,0,0,0,0,0,0,0,0,203,40348,0,0,0,0,15,44,11,4,1,5,0,2,1,No Team Selected
1-09,12:33:10,NINTEN,Pidgey,Pokemaniac,5,Rock Tunnel,1,33:42.74,33:42,0h33m42s,1,0,1,36,2:11,8.085,QUICK ATTACK,SAND-ATTACK,AGILITY,WING ATTACK,6,4896,429,70,60,421,412,198,19,25931,No Team Selected, ,Normal,Flying,41012,Pidgey2,Pidgey,,00:33:34.65,00:33:42.74,02:11:38.49,36,1,0,33,42,74,QUICK ATTACK,SAND-ATTACK,AGILITY,WING ATTACK,27,15,30,22,0,0,0,0,61,93,56,53,49,49,65,8951,9718,9524,8328,8328,10815,15,15,15,15,0,0,0,0,0,0,0,63,59,49,49,65,2134,160826,288358,24571,2134,6,1,0,4896,4656,240,0,429,130,70,60,2,0,10274,7121,549,549,411,36,116,0,0,0,0,0,41,0,12,0,2,0,0,0,1,0,0,0,3,0,0,0,0,0,6,1,0,0,0,0,0,0,0,0,0,0,0,204,40877,0,0,0,0,15,44,11,4,1,6,0,2,1,No Team Selected
1-09,12:33:21,NINTEN,Pidgey,Status-Condition-Jr-Trainer,10,Rock Tunnel,2,33:52.99,33:52,0h33m52s,1,0,1,36,2:12,6.92,QUICK ATTACK,SAND-ATTACK,AGILITY,WING ATTACK,6,4909,431,71,60,423,414,198,19,27181,No Team Selected, ,Normal,Flying,41680,Pidgey2,Pidgey,RTG4 - Status Jr Trainer,00:33:46.07,00:33:52.99,02:12:19.32,36,1,0,33,52,99,QUICK ATTACK,SAND-ATTACK,AGILITY,WING ATTACK,27,15,30,20,0,0,0,0,61,93,56,53,49,49,65,9041,9817,9628,8468,8468,10890,15,15,15,15,0,0,0,0,0,0,0,63,59,49,49,65,2134,161244,290383,24571,2134,6,1,0,4909,4656,253,0,431,131,71,60,2,0,10413,7231,549,549,413,36,116,0,0,0,0,0,41,0,12,0,2,0,0,0,1,0,0,0,3,0,0,0,0,0,6,1,0,0,0,0,0,0,0,0,0,0,0,206,41545,0,0,0,0,15,44,11,4,1,6,0,2,1,No Team Selected
1-09,12:34:23,NINTEN,Pidgey,Selfdestructing Hiker,9,Rock Tunnel,3,34:55.78,34:55,0h34m55s,2,0,2,36,2:14,13.156,QUICK ATTACK,SAND-ATTACK,AGILITY,WING ATTACK,7,5024,445,72,61,428,419,203,19,27621,No Team Selected, ,Normal,Flying,43057,Pidgey2,Pidgey,,00:34:42.63,00:34:55.78,02:14:44.59,36,2,0,34,55,78,QUICK ATTACK,SAND-ATTACK,AGILITY,WING ATTACK,27,10,30,20,0,0,0,0,93,93,56,53,49,49,65,9176,10072,9943,8573,8573,10965,15,15,15,15,0,0,0,0,0,0,0,63,59,49,49,65,2287,164082,294576,26119,2287,7,2,0,5024,4656,368,0,445,133,72,61,3,0,10413,7231,549,549,418,40,116,0,0,0,0,0,41,0,12,0,2,0,0,0,1,0,0,0,3,0,0,0,0,0,6,1,0,0,0,0,0,0,0,0,0,0,0,209,42922,0,0,0,0,15,44,11,4,1,6,0,2,2,No Team Selected
1-09,12:34:48,NINTEN,Pidgey,Finisher,18,Rock Tunnel - 1,3,35:20.09,35:20,0h35m20s,2,0,2,37,2:16,12.206,QUICK ATTACK,SAND-ATTACK,AGILITY,WING ATTACK,7,5081,457,73,62,433,424,205,18,28356,No Team Selected, ,Normal,Flying,43920,Pidgey2,Pidgey,RTG6 - Finisher,00:35:07.89,00:35:20.09,02:16:21.28,37,2,0,35,20,9,QUICK ATTACK,SAND-ATTACK,AGILITY,WING ATTACK,22,10,30,20,0,0,0,0,94,96,58,54,50,50,67,9301,10212,10073,8723,8723,11141,15,15,15,15,0,0,0,0,0,0,0,65,60,50,50,67,2287,165624,298499,26443,2287,7,2,0,5081,4656,425,0,457,135,73,62,4,0,10643,7381,551,551,423,40,117,0,0,0,0,0,41,0,12,0,2,0,0,0,1,0,0,0,3,0,0,0,0,0,6,1,0,0,0,0,0,0,0,0,0,0,0,212,43785,0,0,0,0,15,44,11,4,1,6,0,2,2,No Team Selected
1-09,12:35:17,NINTEN,Pidgey,Gambler,7,Route 8,2,35:49.77,35:49,0h35m49s,2,0,2,37,2:18,9.334,QUICK ATTACK,SAND-ATTACK,AGILITY,WING ATTACK,7,5269,480,74,62,437,428,207,20,28756,No Team Selected, ,Normal,Flying,44712,Pidgey2,Pidgey,,00:35:40.44,00:35:49.77,02:18:18.58,37,2,0,35,49,77,QUICK ATTACK,SAND-ATTACK,AGILITY,WING ATTACK,18,10,30,20,0,0,0,0,80,96,58,54,50,50,67,9394,10323,10158,8838,8838,11266,15,15,15,15,0,0,0,0,0,0,0,65,60,50,50,67,2287,169653,301520,26443,2287,7,2,0,5269,4741,528,0,480,136,74,62,4,0,10802,7501,565,565,427,40,119,0,0,0,0,0,41,0,12,0,2,0,0,0,1,0,0,0,3,0,0,0,0,0,6,1,0,0,0,0,0,0,0,0,0,0,0,214,44577,0,0,0,0,16,44,11,4,1,6,0,2,2,No Team Selected
1-09,12:35:34,NINTEN,Pidgey,Lass,16,Route 8,2,36:06.63,36:06,0h36m6s,2,0,2,37,2:19,6.378,SWIFT,SAND-ATTACK,AGILITY,WING ATTACK,7,5276,480,75,62,440,431,208,19,30436,No Team Selected, ,Normal,Flying,45350,Pidgey2,Pidgey,,00:36:00.25,00:36:06.63,02:19:25.51,37,2,0,36,6,63,SWIFT,SAND-ATTACK,AGILITY,WING ATTACK,17,10,30,20,0,0,0,0,80,96,58,54,50,50,67,9534,10413,10254,8958,8958,11336,15,15,15,15,0,0,0,0,0,0,0,65,60,50,50,67,2287,170076,303531,28022,2287,7,2,0,5276,4748,528,0,480,137,75,62,4,0,11028,7633,565,565,427,40,119,0,0,0,0,0,42,0,12,0,2,0,0,0,1,0,0,0,3,0,0,0,0,0,6,1,0,0,0,0,0,0,0,0,0,0,0,216,45215,0,0,0,0,16,44,11,4,1,7,0,2,2,No Team Selected
1-09,12:35:50,NINTEN,Pidgey,Super Nerd,4,Route 8,3,36:21.94,36:21,0h36m21s,2,0,2,37,2:20,11.587,SWIFT,SAND-ATTACK,AGILITY,WING ATTACK,7,5289,480,76,62,446,437,211,19,30766,No Team Selected, ,Normal,Flying,46935,Pidgey2,Pidgey,,00:36:10.36,00:36:21.94,02:20:26.40,37,2,0,36,21,94,SWIFT,SAND-ATTACK,AGILITY,WING ATTACK,11,10,30,20,0,0,0,0,68,96,58,54,50,50,67,9799,10678,10429,9103,9103,11436,15,15,15,15,0,0,0,0,0,0,0,65,60,50,50,67,2287,170439,306817,28022,2287,7,2,0,5289,4761,528,0,480,138,76,62,4,0,11347,7854,577,577,427,40,122,0,0,0,0,0,42,0,12,0,2,0,0,0,1,0,0,0,3,0,0,0,0,0,6,1,0,0,0,0,0,0,0,0,0,0,0,219,46800,0,0,0,0,16,44,11,4,1,7,0,2,2,No Team Selected
1-09,12:36:07,NINTEN,Pidgey,Lass,15,Route 8,5,36:39.07,36:39,0h36m39s,2,0,2,38,2:21,12.895,SWIFT,SAND-ATTACK,AGILITY,WING ATTACK,7,5304,480,77,62,451,442,212,19,31316,No Team Selected, ,Normal,Flying,48245,Pidgey2,Pidgey,,00:36:26.17,00:36:39.07,02:21:34.41,38,2,0,36,39,7,SWIFT,SAND-ATTACK,AGILITY,WING ATTACK,6,10,30,20,0,0,0,0,65,99,60,56,52,52,69,9990,10936,10609,9293,9293,11794,15,15,15,15,0,0,0,0,0,0,0,67,63,52,52,69,2287,170954,310383,28022,2287,7,2,0,5304,4776,528,0,480,139,77,62,4,0,11779,8085,583,583,427,40,123,0,0,0,0,0,42,0,12,0,2,0,0,0,1,0,0,0,3,0,0,0,0,0,6,1,0,0,0,0,0,0,0,0,0,0,0,224,48110,0,0,0,0,16,44,11,4,1,7,0,2,2,No Team Selected
1-09,12:36:18,NINTEN,Pidgey,Lass,14,Route 8,3,36:50.59,36:50,0h36m50s,2,0,2,38,2:22,7.45,SWIFT,SAND-ATTACK,AGILITY,WING ATTACK,7,5306,480,78,62,454,445,212,19,31601,No Team Selected, ,Normal,Flying,49307,Pidgey2,Pidgey,,00:36:43.14,00:36:50.59,02:22:20.25,38,2,0,36,50,59,SWIFT,SAND-ATTACK,AGILITY,WING ATTACK,3,10,30,20,0,0,0,0,65,99,60,56,52,52,69,10110,11071,10714,9413,9413,12064,15,15,15,15,0,0,0,0,0,0,0,67,63,52,52,69,2287,171125,312956,28022,2287,7,2,0,5306,4778,528,0,480,140,78,62,4,0,12071,8256,583,583,427,40,123,0,0,0,0,0,43,0,12,0,2,0,0,0,1,0,0,0,3,0,0,0,0,0,6,1,0,0,0,0,0,0,0,0,0,0,0,227,49172,0,0,0,0,16,44,11,4,1,7,0,2,2,No Team Selected
1-09,12:36:26,NINTEN,Pidgey,Super Nerd,5,Route 8,1,36:58.51,36:58,0h36m58s,2,0,2,38,2:22,4.935,SWIFT,SAND-ATTACK,AGILITY,WING ATTACK,7,5307,480,79,62,456,447,213,19,31961,No Team Selected, ,Normal,Flying,49941,Pidgey2,Pidgey,,00:36:53.58,00:36:58.51,02:22:51.48,38,2,0,36,58,51,SWIFT,SAND-ATTACK,AGILITY,WING ATTACK,1,10,30,20,0,0,0,0,59,99,60,56,52,52,69,10150,11136,10809,9473,9473,12099,15,15,15,15,0,0,0,0,0,0,0,67,63,52,52,69,2287,171364,314600,28022,2287,7,2,0,5307,4779,528,0,480,141,79,62,4,0,12154,8316,589,589,427,40,124,0,0,0,0,0,44,0,12,0,2,0,0,0,1,0,0,0,3,0,0,0,0,0,6,1,0,0,0,0,0,0,0,0,0,0,0,228,49806,0,0,0,0,16,44,11,4,1,7,0,2,2,No Team Selected
1-09,12:36:41,NINTEN,Pidgey,Lass,13,Route 8,2,37:12.94,37:12,0h37m12s,2,0,2,38,2:23,10.415,SWIFT,SAND-ATTACK,AGILITY,WING ATTACK,7,5308,495,80,62,460,451,215,19,32611,No Team Selected, ,Normal,Flying,50806,Pidgey2,Pidgey,,00:37:02.53,00:37:12.94,02:23:49.06,38,2,0,37,12,94,SWIFT,SAND-ATTACK,AGILITY,WING ATTACK,0,10,30,17,0,0,0,0,52,99,60,56,52,52,69,10275,11245,10928,9568,9568,12196,15,15,15,15,0,0,0,0,0,0,0,67,63,52,52,69,2287,171827,317575,28022,2287,7,2,0,5308,4780,528,0,495,142,80,62,4,0,12323,8445,596,596,430,40,126,0,0,0,0,0,45,0,12,0,2,0,0,0,1,0,0,0,3,0,0,0,0,0,6,1,0,0,0,0,0,0,0,0,0,0,0,230,50671,0,0,0,0,16,44,11,4,1,7,0,2,2,No Team Selected
1-09,12:36:59,NINTEN,Pidgey,Gambler,5,Route 8,3,37:31.36,37:31,0h37m31s,2,0,2,39,2:25,13.814,SWIFT,SAND-ATTACK,AGILITY,WING ATTACK,7,5337,496,81,62,466,457,218,19,32956,No Team Selected, ,Normal,Flying,52148,Pidgey2,Pidgey,,00:37:17.55,00:37:31.36,02:25:02.18,39,2,0,37,31,36,SWIFT,SAND-ATTACK,AGILITY,WING ATTACK,0,10,30,11,0,0,0,0,42,101,61,58,53,53,71,10420,11410,11073,9698,9698,12466,15,15,15,15,0,0,0,0,0,0,0,68,65,53,53,71,2287,172452,321342,28022,2287,7,2,0,5337,4809,528,0,496,143,81,62,4,0,12561,8615,608,608,436,40,128,0,0,0,0,0,45,0,12,0,2,0,0,0,1,0,0,0,3,0,0,0,0,0,6,1,0,0,0,0,0,0,0,0,0,0,0,233,52013,0,0,0,0,16,44,11,4,1,7,0,2,2,No Team Selected
1-09,12:38:56,NINTEN,Pidgey,Lass,17,Celadon City - Gym,2,39:28.07,39:28,0h39m28s,2,0,2,39,2:32,6.805,SWIFT,SAND-ATTACK,AGILITY,WING ATTACK,7,5806,554,82,62,468,459,218,16,8821,No Team Selected, ,Normal,Flying,53306,Pidgey2,Pidgey,,00:39:21.26,00:39:28.07,02:32:45.08,39,2,0,39,28,7,SWIFT,SAND-ATTACK,AGILITY,WING ATTACK,20,15,30,33,0,0,0,0,101,101,65,58,53,53,71,10535,19255,11158,9853,9853,12561,15,15,15,15,0,0,0,0,0,0,0,73,65,53,53,71,2287,195538,323777,30271,2287,7,2,0,5806,5278,528,0,554,144,82,62,4,0,12748,8740,608,608,438,40,128,0,0,0,0,0,45,0,12,0,2,0,0,0,1,0,0,0,3,0,0,0,0,0,6,1,0,0,0,0,0,0,0,0,0,0,0,235,53171,0,0,0,0,19,62,17,4,1,7,0,2,2,No Team Selected
1-09,12:39:08,NINTEN,Pidgey,Beauty,2,Celadon City - Gym,2,39:40.47,39:40,0h39m40s,2,0,2,39,2:33,6.624,SWIFT,SAND-ATTACK,AGILITY,WING ATTACK,8,5813,557,83,62,470,461,218,16,9166,No Team Selected, ,Normal,Flying,54170,Pidgey2,Pidgey,,00:39:33.84,00:39:40.47,02:33:34.24,39,2,0,39,40,47,SWIFT,SAND-ATTACK,AGILITY,WING ATTACK,20,15,30,31,0,0,0,0,101,101,65,58,53,53,71,10635,19405,11228,9993,9993,12641,15,15,15,15,0,0,0,0,0,0,0,73,65,53,53,71,2287,195972,325823,30747,2287,8,2,0,5813,5285,528,0,557,145,83,62,4,0,12948,8862,608,608,440,40,128,0,0,0,0,0,45,0,12,0,2,0,0,0,1,0,0,0,3,0,0,0,0,0,6,1,0,0,0,0,0,0,0,0,0,0,0,237,54035,0,0,0,0,19,62,17,4,1,7,0,2,2,No Team Selected
1-09,12:39:24,NINTEN,Pidgey,Beauty,1,Celadon City - Gym,4,39:56.26,39:56,0h39m56s,2,0,2,39,2:34,11.608,SWIFT,SAND-ATTACK,AGILITY,WING ATTACK,8,5823,557,84,62,474,465,218,16,10846,No Team Selected, ,Normal,Flying,55628,Pidgey2,Pidgey,,00:39:44.64,00:39:56.26,02:34:37.08,39,2,0,39,56,26,SWIFT,SAND-ATTACK,AGILITY,WING ATTACK,20,15,30,27,0,0,0,0,101,101,65,58,53,53,71,10825,19655,11408,10283,10283,12781,15,15,15,15,0,0,0,0,0,0,0,73,65,53,53,71,2287,196499,329060,30747,2287,8,2,0,5823,5295,528,0,557,146,84,62,4,0,13311,9078,608,608,444,40,128,0,0,0,0,0,45,0,12,0,2,0,0,0,1,0,0,0,3,0,0,0,0,0,6,1,0,0,0,0,0,0,0,0,0,0,0,241,55493,0,0,0,0,19,62,17,4,1,7,0,2,2,No Team Selected
1-09,12:39:38,NINTEN,Pidgey,Jr Trainer F,11,Celadon City - Gym,2,40:10.83,40:10,0h40m10s,2,0,2,40,2:35,9.502,SWIFT,SAND-ATTACK,AGILITY,WING ATTACK,8,5837,558,85,62,477,468,219,16,12316,No Team Selected, ,Normal,Flying,56680,Pidgey2,Pidgey,,00:40:01.33,00:40:10.83,02:35:35.02,40,2,0,40,10,83,SWIFT,SAND-ATTACK,AGILITY,WING ATTACK,20,15,30,24,0,0,0,0,99,104,67,59,55,55,73,10930,19766,11520,10428,10428,12886,15,15,15,15,0,0,0,0,0,0,0,75,66,55,55,73,2287,196988,331806,30986,2287,8,2,0,5837,5309,528,0,558,147,85,62,4,0,13526,9203,613,613,447,40,129,0,0,0,0,0,45,0,12,0,2,0,0,0,1,0,0,0,3,0,0,0,0,0,6,1,0,0,0,0,0,0,0,0,0,0,0,243,56545,0,0,0,0,19,62,17,4,1,7,0,2,2,No Team Selected
1-09,12:39:52,NINTEN,Pidgey,Lass,18,Celadon City - Gym,2,40:24.24,40:24,0h40m24s,2,0,2,40,2:36,6.647,SWIFT,SAND-ATTACK,AGILITY,WING ATTACK,8,5841,560,86,62,479,470,219,16,12796,No Team Selected, ,Normal,Flying,57713,Pidgey2,Pidgey,,00:40:17.59,00:40:24.24,02:36:28.15,40,2,0,40,24,24,SWIFT,SAND-ATTACK,AGILITY,WING ATTACK,20,15,30,22,0,0,0,0,99,104,67,59,55,55,73,11035,19881,11645,10588,10588,12956,15,15,15,15,0,0,0,0,0,0,0,75,66,55,55,73,2287,197423,334191,31359,2287,8,2,0,5841,5313,528,0,560,148,86,62,4,0,13680,9324,613,613,449,40,129,0,0,0,0,0,45,0,12,0,2,0,0,0,1,0,0,0,3,0,0,0,0,0,6,1,0,0,0,0,0,0,0,0,0,0,0,245,57578,0,0,0,0,19,62,17,4,1,7,0,2,2,No Team Selected
1-09,12:40:07,NINTEN,Pidgey,Cooltrainer F,1,Celadon City - Gym,3,40:39.11,40:39,0h40m39s,2,0,2,40,2:37,11.611,SWIFT,SAND-ATTACK,AGILITY,WING ATTACK,8,5842,560,87,62,483,474,219,16,13141,No Team Selected, ,Normal,Flying,59890,Pidgey2,Pidgey,,00:40:27.50,00:40:39.11,02:37:27.21,40,2,0,40,39,11,SWIFT,SAND-ATTACK,AGILITY,WING ATTACK,20,15,30,18,0,0,0,0,99,104,67,59,55,55,73,11220,20098,11828,10838,10838,13111,15,15,15,15,0,0,0,0,0,0,0,75,66,55,55,73,2287,197730,337430,31359,2287,8,2,0,5842,5314,528,0,560,149,87,62,4,0,13972,9590,613,613,453,40,129,0,0,0,0,0,45,0,12,0,2,0,0,0,1,0,0,0,3,0,0,0,0,0,6,1,0,0,0,0,0,0,0,0,0,0,0,248,59755,0,0,0,0,19,62,17,4,1,7,0,2,2,No Team Selected
1-09,12:40:26,NINTEN,Pidgey,Beauty,3,Celadon City - Gym,1,40:58.66,40:58,0h40m58s,2,0,2,40,2:38,16.411,SWIFT,SAND-ATTACK,AGILITY,WING ATTACK,8,5844,560,88,62,492,476,227,16,13981,No Team Selected, ,Normal,Flying,60436,Pidgey2,Pidgey,,00:40:42.25,00:40:58.66,02:38:45.05,40,2,0,40,58,66,SWIFT,SAND-ATTACK,AGILITY,WING ATTACK,20,15,30,16,0,0,0,0,79,104,67,59,55,55,73,11280,20138,11908,10898,10898,13151,15,15,15,15,0,0,0,0,0,0,0,75,66,55,55,73,2287,197984,341840,31359,2287,8,2,0,5844,5316,528,0,560,150,88,62,4,0,14053,9661,633,633,455,42,135,0,0,0,0,0,45,0,12,0,2,0,0,0,1,0,0,0,3,0,0,0,0,0,6,1,0,0,0,0,0,0,6,0,0,0,0,249,60301,0,0,0,0,19,62,17,4,1,7,0,2,2,No Team Selected
1-09,12:40:58,NINTEN,Pidgey,Erika,1,Celadon City - Gym,3,41:30.27,41:30,0h41m30s,2,0,2,41,2:40,21.769,SWIFT,SAND-ATTACK,AGILITY,WING ATTACK,9,5846,561,89,62,500,482,230,16,15801,No Team Selected, ,Normal,Flying,63618,Pidgey2,Pidgey,Erika,00:41:08.51,00:41:30.27,02:40:50.47,41,2,0,41,30,27,SWIFT,SAND-ATTACK,AGILITY,WING ATTACK,20,15,30,10,0,0,0,0,68,106,68,61,56,56,74,11500,20378,12173,11198,11198,13331,15,15,15,15,0,0,0,0,0,0,0,76,68,56,56,74,2287,198713,347522,32490,2287,9,2,0,5846,5318,528,0,561,151,89,62,4,0,14362,9911,671,671,461,42,138,0,0,0,0,0,45,0,13,0,2,0,0,0,1,0,0,0,3,0,0,0,0,0,6,1,0,0,0,0,0,0,6,0,0,0,0,252,63483,0,0,0,0,19,62,17,4,1,7,0,2,2,No Team Selected
1-09,12:41:26,NINTEN,Pidgey,Rocket,7,Celadon City - Game Corner,2,41:58.14,41:58,0h41m58s,2,0,2,41,2:42,5.728,SWIFT,SAND-ATTACK,AGILITY,WING ATTACK,9,5955,574,90,62,502,484,230,17,18672,No Team Selected, ,Normal,Flying,64345,Pidgey2,Pidgey,,00:41:52.41,00:41:58.14,02:42:41.13,41,2,0,41,58,14,SWIFT,SAND-ATTACK,AGILITY,WING ATTACK,18,15,30,10,0,0,0,0,68,106,68,61,56,56,74,11595,20504,12268,11288,11288,13483,15,15,15,15,0,0,0,0,0,0,0,76,68,56,56,74,2287,201824,349811,33716,2287,9,2,0,5955,5427,528,0,574,152,90,62,4,0,14528,10015,671,671,461,42,138,0,0,0,0,0,45,0,13,0,2,0,0,0,1,0,0,0,3,0,0,0,0,0,6,1,0,0,0,0,0,0,6,0,0,0,0,254,64210,0,0,0,0,19,62,17,4,1,7,0,2,2,No Team Selected
1-09,12:41:49,NINTEN,Pidgey,Rocket,13,Rocket Hideout 2,5,42:21.65,42:21,0h42m21s,2,0,2,41,2:44,12.214,SWIFT,SAND-ATTACK,AGILITY,WING ATTACK,9,6011,584,91,62,507,489,230,17,19272,No Team Selected, ,Normal,Flying,65899,Pidgey2,Pidgey,,00:42:09.43,00:42:21.65,02:44:14.36,41,2,0,42,21,65,SWIFT,SAND-ATTACK,AGILITY,WING ATTACK,13,15,30,10,0,0,0,0,68,106,68,61,56,56,74,11850,20820,12543,11518,11518,13750,15,15,15,15,0,0,0,0,0,0,0,76,68,56,56,74,2287,204033,353205,33716,2287,9,2,0,6011,5483,528,0,584,153,91,62,4,0,15009,10248,671,671,461,42,138,0,0,0,0,0,45,0,13,0,2,0,0,0,1,0,0,0,3,0,0,0,0,0,6,1,0,0,0,0,0,0,6,0,0,0,0,259,65764,0,0,0,0,20,62,17,4,1,7,0,2,2,No Team Selected
1-09,12:42:18,NINTEN,Pidgey,Rocket,15,Rocket Hideout 3,2,42:50.77,42:50,0h42m50s,2,0,2,42,2:46,8.212,SWIFT,SAND-ATTACK,AGILITY,WING ATTACK,9,6133,595,92,62,509,491,230,19,19782,No Team Selected, ,Normal,Flying,66691,Pidgey2,Pidgey,,00:42:42.55,00:42:50.77,02:46:10.21,42,2,0,42,50,77,SWIFT,SAND-ATTACK,AGILITY,WING ATTACK,13,15,30,8,0,0,0,0,71,109,70,62,58,58,76,11990,20980,12643,11588,11588,13820,15,15,15,15,0,0,0,0,0,0,0,78,69,58,58,76,2287,208528,355655,33716,2287,9,2,0,6133,5605,528,0,595,154,92,62,4,0,15201,10374,671,671,463,42,138,0,0,0,0,0,45,0,13,0,2,0,0,0,1,0,0,0,3,0,0,0,0,0,6,1,0,0,0,0,0,0,6,0,0,0,0,261,66556,0,0,0,0,22,62,17,4,1,7,0,2,2,No Team Selected
1-09,12:44:22,NINTEN,Pidgey,Rival4-Pkmn Tower,4,Pokemon Tower - 2F,5,44:53.87,44:53,0h44m53s,2,0,2,42,2:54,20.282,SWIFT,FLY,AGILITY,WING ATTACK,10,6543,629,93,62,516,497,233,18,9412,No Team Selected, ,Normal,Flying,69591,Pidgey2,Pidgey,Rival (Pokemon Tower),00:44:33.59,00:44:53.87,02:54:18.02,42,2,0,44,53,87,SWIFT,FLY,AGILITY,WING ATTACK,15,14,30,35,0,0,0,0,91,109,72,62,58,58,76,12267,26368,12933,11933,11933,14154,15,15,15,15,0,0,0,0,0,0,0,81,69,58,58,76,2287,226835,361210,39115,2287,10,2,0,6543,6015,528,0,629,155,93,62,4,0,15706,10683,689,689,464,42,140,0,0,0,0,0,45,0,13,0,2,0,0,0,1,0,0,0,3,0,0,0,0,0,6,1,0,0,0,0,0,0,6,0,0,0,0,266,69456,0,0,0,0,25,65,22,4,1,8,0,2,2,No Team Selected
1-09,12:44:43,NINTEN,Pidgey,Agatha Jr,10,Pokemon Tower - 4F,2,45:15.56,45:15,0h45m15s,2,0,2,42,2:55,7.942,SWIFT,FLY,AGILITY,WING ATTACK,10,6591,631,94,62,520,499,235,18,11037,No Team Selected, ,Normal,Flying,70527,Pidgey2,Pidgey,,00:45:07.62,00:45:15.56,02:55:44.11,42,2,0,45,15,56,SWIFT,FLY,AGILITY,WING ATTACK,15,12,30,35,0,0,0,0,91,109,72,62,58,58,76,12327,26438,12993,12133,12133,14314,15,15,15,15,0,0,0,0,0,0,0,81,69,58,58,76,2287,228793,363556,39980,2287,10,2,0,6591,6063,528,0,631,156,94,62,4,0,15961,10783,689,689,466,44,140,0,0,0,0,0,45,0,13,0,2,0,0,0,1,0,0,0,3,0,0,0,0,0,6,1,0,0,0,0,0,0,6,0,0,0,0,268,70392,0,0,0,0,25,65,22,4,1,8,0,2,2,No Team Selected
1-09,12:45:02,NINTEN,Pidgey,Channeler,21,Pokemon Tower - 6F,1,45:34.15,45:34,0h45m34s,2,0,2,42,2:56,5.096,SWIFT,FLY,AGILITY,WING ATTACK,10,6663,643,95,62,522,500,236,18,11727,No Team Selected, ,Normal,Flying,71014,Pidgey2,Pidgey,,00:45:29.06,00:45:34.15,02:56:57.59,42,2,0,45,34,15,SWIFT,FLY,AGILITY,WING ATTACK,20,14,30,35,0,0,0,0,109,109,72,62,58,58,76,12357,26473,13023,12233,12233,14394,15,15,15,15,0,0,0,0,0,0,0,81,69,58,58,76,2287,231612,365165,39980,2287,10,2,0,6663,6135,528,0,643,157,95,62,4,0,16094,10835,689,689,467,44,140,0,0,0,0,0,45,0,13,0,2,0,0,0,1,0,0,0,3,0,0,0,0,0,6,1,0,0,0,0,0,0,6,0,0,0,0,269,70879,0,0,0,0,27,65,22,4,1,8,0,2,2,No Team Selected
1-09,12:45:10,NINTEN,Pidgey,Channeler,20,Pokemon Tower - 6F,1,45:42.31,45:42,0h45m42s,2,0,2,42,2:57,5.008,SWIFT,FLY,AGILITY,WING ATTACK,10,6674,644,96,62,524,501,237,18,12447,No Team Selected, ,Normal,Flying,71501,Pidgey2,Pidgey,,00:45:37.29,00:45:42.31,02:57:30.19,42,2,0,45,42,31,SWIFT,FLY,AGILITY,WING ATTACK,20,13,30,35,0,0,0,0,109,109,72,62,58,58,76,12387,26508,13053,12333,12333,14474,15,15,15,15,0,0,0,0,0,0,0,81,69,58,58,76,2287,231961,366756,39980,2287,10,2,0,6674,6146,528,0,644,158,96,62,4,0,16209,10887,689,689,468,45,140,0,0,0,0,0,45,0,13,0,2,0,0,0,1,0,0,0,3,0,0,0,0,0,6,1,0,0,0,0,0,0,6,0,0,0,0,270,71366,0,0,0,0,27,65,22,4,1,8,0,2,2,No Team Selected
1-09,12:45:33,NINTEN,Pidgey,Rocket,19,Pokemon Tower - 7F,3,46:05.79,46:05,0h46m5s,2,0,2,43,2:59,9.721,SWIFT,FLY,AGILITY,WING ATTACK,10,6698,645,97,63,528,504,238,18,13167,No Team Selected, ,Normal,Flying,72992,Pidgey2,Pidgey,,00:45:56.07,00:46:05.79,02:59:03.35,43,2,0,46,5,79,SWIFT,FLY,AGILITY,WING ATTACK,18,12,30,35,0,0,0,0,112,112,74,64,60,60,78,12542,26678,13193,12488,12488,14674,15,15,15,15,0,0,0,0,0,0,0,83,72,60,60,78,2287,233183,371130,39980,2287,10,2,0,6698,6170,528,0,645,160,97,63,4,0,16529,11081,689,689,469,46,140,0,0,0,0,0,46,0,13,0,2,0,0,0,1,0,0,0,3,0,0,0,0,0,6,1,0,0,0,0,0,0,6,0,0,0,0,273,72857,0,0,0,0,28,65,22,4,1,8,0,2,2,No Team Selected
1-09,12:45:46,NINTEN,Pidgey,Rocket,20,Pokemon Tower - 7F,2,46:18.57,46:18,0h46m18s,2,0,2,43,2:59,7.209,SWIFT,FLY,AGILITY,WING ATTACK,10,6700,645,98,63,531,507,239,18,13917,No Team Selected, ,Normal,Flying,74193,Pidgey2,Pidgey,,00:46:11.36,00:46:18.57,02:59:54.20,43,2,0,46,18,57,SWIFT,FLY,AGILITY,WING ATTACK,15,12,30,35,0,0,0,0,106,112,74,64,60,60,78,12642,26791,13333,12638,12638,14751,15,15,15,15,0,0,0,0,0,0,0,83,72,60,60,78,2287,233799,373559,39980,2287,10,2,0,6700,6172,528,0,645,161,98,63,4,0,16753,11212,695,695,469,46,141,0,0,0,0,0,47,0,13,0,2,0,0,0,1,0,0,0,3,0,0,0,0,0,6,1,0,0,0,0,0,0,6,0,0,0,0,275,74058,0,0,0,0,28,65,22,4,1,8,0,2,2,No Team Selected
1-09,12:46:01,NINTEN,Pidgey,Rocket,21,Pokemon Tower - 7F,4,46:32.96,46:32,0h46m32s,2,0,2,43,3:00,10.529,SWIFT,FLY,AGILITY,WING ATTACK,10,6702,645,99,63,535,511,240,18,14697,No Team Selected, ,Normal,Flying,75574,Pidgey2,Pidgey,,00:46:22.43,00:46:32.96,03:00:51.31,43,2,0,46,32,96,SWIFT,FLY,AGILITY,WING ATTACK,11,12,30,35,0,0,0,0,99,112,74,64,60,60,78,12807,27018,13498,12793,12793,15030,15,15,15,15,0,0,0,0,0,0,0,83,72,60,60,78,2287,234306,376483,39980,2287,10,2,0,6702,6174,528,0,645,162,99,63,4,0,17155,11433,702,702,469,46,142,0,0,0,0,0,47,0,13,0,2,0,0,0,1,0,0,0,3,0,0,0,0,0,6,1,0,0,0,0,0,0,6,0,0,0,0,279,75439,0,0,0,0,28,65,22,4,1,8,0,2,2,No Team Selected
1-09,12:46:59,NINTEN,Pidgey,Biker,7,Route 16,4,47:31.82,47:31,0h47m31s,2,0,2,44,3:04,22.36,SWIFT,FLY,AGILITY,WING ATTACK,10,6820,654,100,64,543,519,244,19,15387,No Team Selected, ,Normal,Flying,77578,Pidgey2,Pidgey,,00:47:09.46,00:47:31.82,03:04:44.49,44,2,0,47,31,82,SWIFT,FLY,AGILITY,WING ATTACK,12,15,30,35,0,0,0,0,92,114,75,66,61,61,81,13127,27338,13698,12953,12953,15130,15,15,15,15,0,0,0,0,0,0,0,84,74,61,61,81,2287,239830,383026,41911,2287,10,2,0,6820,6275,545,0,654,164,100,64,5,0,17756,11757,724,724,469,47,145,0,0,0,0,0,47,0,13,0,2,0,0,0,1,0,0,0,3,0,0,0,0,0,6,1,0,0,0,0,0,0,6,0,0,0,0,283,77443,0,0,0,0,28,65,22,4,1,8,0,2,2,No Team Selected
1-09,12:47:20,NINTEN,Pidgey,Biker,8,Route 17,3,47:52.19,47:52,0h47m52s,2,0,2,44,3:06,14.821,SWIFT,FLY,AGILITY,WING ATTACK,10,6840,654,101,64,550,524,248,19,15907,No Team Selected,Poisoned,Normal,Flying,80338,Pidgey2,Pidgey,,00:47:37.37,00:47:52.19,03:06:05.45,44,2,0,47,52,19,SWIFT,FLY,AGILITY,WING ATTACK,9,13,30,35,0,0,0,0,70,114,75,66,61,61,81,13297,27583,14033,13183,13183,15285,15,15,15,15,0,0,0,0,0,0,0,84,74,61,61,81,2287,240353,387359,41911,2287,10,2,0,6840,6275,565,0,654,165,101,64,5,0,17992,11977,746,746,471,50,146,0,0,0,0,0,48,0,13,0,2,0,0,0,1,0,0,0,4,0,0,0,0,0,6,1,0,0,0,0,0,0,6,0,0,0,0,286,80203,0,0,0,0,28,65,22,4,1,8,0,2,2,No Team Selected
1-09,12:47:44,NINTEN,Pidgey,Cue Ball,5,Route 17,2,48:16.15,48:16,0h48m16s,2,0,2,44,3:07,10.098,SWIFT,FLY,AGILITY,WING ATTACK,10,6860,666,102,64,556,527,252,18,16467,No Team Selected, ,Normal,Flying,81790,Pidgey2,Pidgey,,00:48:06.06,00:48:16.15,03:07:40.48,44,2,0,48,16,15,SWIFT,FLY,AGILITY,WING ATTACK,9,10,30,35,0,0,0,0,98,114,75,66,61,61,81,13447,27763,14153,13268,13268,15365,15,15,15,15,0,0,0,0,0,0,0,84,74,61,61,81,2287,241644,390256,43426,2287,10,2,0,6860,6275,585,0,666,166,102,64,5,0,18285,12151,762,762,473,54,147,0,0,0,0,0,48,0,13,0,2,0,0,0,1,0,0,0,4,0,0,0,0,0,6,1,0,0,0,0,0,0,6,0,0,0,0,288,81655,0,0,0,0,29,65,22,4,1,8,0,2,2,No Team Selected
1-09,12:47:55,NINTEN,Pidgey,Cue Ball,4,Route 17,2,48:27.23,48:27,0h48m27s,2,0,2,44,3:08,7.979,SWIFT,FLY,AGILITY,WING ATTACK,10,6864,673,103,64,559,529,253,18,17192,No Team Selected, ,Normal,Flying,83174,Pidgey2,Pidgey,,00:48:19.25,00:48:27.23,03:08:24.44,44,2,0,48,27,23,SWIFT,FLY,AGILITY,WING ATTACK,9,9,30,34,0,0,0,0,98,114,75,66,61,61,81,13552,27948,14248,13363,13363,15530,15,15,15,15,0,0,0,0,0,0,0,84,74,61,61,81,2287,241894,392642,43426,2287,10,2,0,6864,6275,589,0,673,167,103,64,5,0,18543,12298,762,762,475,55,147,0,0,0,0,0,48,0,13,0,2,0,0,0,1,0,0,0,4,0,0,0,0,0,6,1,0,0,0,0,0,0,6,0,0,0,0,290,83039,0,0,0,0,29,65,22,4,1,8,0,2,2,No Team Selected
1-09,12:48:06,NINTEN,Pidgey,Cue Ball,6,Route 17,1,48:38.35,48:38,0h48m38s,2,0,2,45,3:09,5.813,SWIFT,FLY,AGILITY,WING ATTACK,10,6910,691,104,64,561,530,254,18,17917,No Team Selected, ,Normal,Flying,84206,Pidgey2,Pidgey,,00:48:32.53,00:48:38.35,03:09:08.50,45,2,0,48,38,35,SWIFT,FLY,AGILITY,WING ATTACK,9,8,30,34,0,0,0,0,101,117,77,68,63,63,82,13632,28048,14318,13413,13413,15575,15,15,15,15,0,0,0,0,0,0,0,86,76,63,63,82,2287,242664,394518,43426,2287,10,2,0,6910,6275,635,0,691,168,104,64,5,0,18649,12399,762,762,476,56,147,0,0,0,0,0,48,0,13,0,2,0,0,0,1,0,0,0,4,0,0,0,0,0,6,1,0,0,0,0,0,0,6,0,0,0,0,291,84071,0,0,0,0,29,65,22,4,1,8,0,2,2,No Team Selected
1-09,12:48:23,NINTEN,Pidgey,Cue Ball,8,Route 17,2,48:55.53,48:55,0h48m55s,2,0,2,45,3:10,8.045,SWIFT,FLY,AGILITY,WING ATTACK,10,6983,701,105,64,565,532,256,18,18742,No Team Selected, ,Normal,Flying,86037,Pidgey2,Pidgey,,00:48:47.49,00:48:55.53,03:10:17.05,45,2,0,48,55,53,SWIFT,FLY,AGILITY,WING ATTACK,9,6,30,34,0,0,0,0,101,117,77,68,63,63,82,13777,28253,14448,13523,13523,15715,15,15,15,15,0,0,0,0,0,0,0,86,76,63,63,82,2287,244043,397234,43426,2287,10,2,0,6983,6275,708,0,701,169,105,64,5,0,18943,12570,762,762,478,58,147,0,0,0,0,0,48,0,13,0,2,0,0,0,1,0,0,0,4,0,0,0,0,0,6,1,0,0,0,0,0,0,6,0,0,0,0,293,85902,0,0,0,0,30,65,22,4,1,8,0,2,2,No Team Selected
1-09,12:48:57,NINTEN,Pidgey,Biker,12,Route 17,5,49:29.33,49:29,0h49m29s,2,0,2,46,3:12,21.153,SWIFT,FLY,AGILITY,WING ATTACK,10,7015,704,106,64,576,540,262,18,19467,No Team Selected,Poisoned,Normal,Flying,89717,Pidgey2,Pidgey,,00:49:08.18,00:49:29.33,03:12:31.25,46,2,0,49,29,33,SWIFT,FLY,AGILITY,WING ATTACK,4,3,30,34,0,0,0,0,100,119,79,69,64,64,84,14027,28628,14973,13873,13873,15940,15,15,15,15,0,0,0,0,0,0,0,88,77,64,64,84,2287,244746,402781,45236,2287,10,2,0,7015,6275,740,0,704,170,106,64,5,0,19382,12889,781,781,480,62,150,0,0,0,0,0,51,0,13,0,2,0,0,0,1,0,0,0,5,0,0,0,0,0,6,1,0,0,0,0,0,0,6,0,0,0,0,298,89582,0,0,0,0,30,65,22,4,1,8,0,2,2,No Team Selected
1-09,12:50:36,NINTEN,Pidgey,Juggler,3,Fuchsia City - Gym,4,51:08.06,51:08,0h51m8s,2,0,2,46,3:19,14.559,SWIFT,FLY,AGILITY,WING ATTACK,11,7601,752,107,64,582,546,264,19,19467,No Team Selected,Poisoned,Normal,Flying,92708,Pidgey2,Pidgey,,00:50:53.50,00:51:08.06,03:19:02.53,46,2,0,51,8,6,SWIFT,FLY,AGILITY,WING ATTACK,14,15,30,35,0,0,0,0,91,119,79,69,64,64,85,14247,28807,15138,14263,14263,18731,15,15,15,15,0,0,0,0,0,0,0,88,77,64,64,85,2287,257744,407069,51438,2287,11,2,0,7601,6469,1132,0,752,171,107,64,5,0,19948,13208,809,809,480,62,152,0,0,0,0,0,52,0,14,0,2,0,0,0,1,0,0,0,6,0,0,0,0,0,6,1,0,0,0,0,0,0,6,0,0,0,0,302,92573,0,0,0,0,34,65,22,4,1,8,0,2,2,No Team Selected
1-09,12:51:13,NINTEN,Pidgey,Tamer,2,Fuchsia City - Gym,3,51:45.58,51:45,0h51m45s,2,0,2,46,3:21,19.518,SWIFT,FLY,AGILITY,WING ATTACK,12,7686,780,108,64,594,554,273,19,20552,No Team Selected, ,Normal,Flying,95938,Pidgey2,Pidgey,,00:51:26.06,00:51:45.58,03:21:31.44,46,2,0,51,45,58,SWIFT,FLY,AGILITY,WING ATTACK,16,11,30,35,0,0,0,0,20,119,79,69,64,64,85,14442,29077,15386,14448,14448,18956,15,15,15,15,0,-1,0,0,0,0,0,99,50,64,64,85,2287,260992,412207,51983,2287,12,2,0,7686,6554,1132,0,780,172,108,64,5,0,20333,13479,908,908,483,66,156,0,0,0,0,0,52,0,16,0,2,0,0,0,1,0,0,0,6,0,0,0,0,0,6,1,0,0,0,0,0,0,6,0,0,0,0,305,95803,0,0,0,0,34,65,22,4,1,8,0,2,2,No Team Selected
1-09,12:51:44,NINTEN,Pidgey,Juggler,4,Fuchsia City - Gym,2,52:16.47,52:16,0h52m16s,2,0,2,47,3:23,13.666,SWIFT,FLY,AGILITY,WING ATTACK,13,7787,803,109,64,601,558,278,19,21872,No Team Selected,Poisoned,Normal,Flying,97881,Pidgey2,Pidgey,,00:52:02.80,00:52:16.47,03:23:34.13,47,2,0,52,16,47,SWIFT,FLY,AGILITY,WING ATTACK,19,12,30,35,0,0,0,0,115,122,81,71,66,66,87,14587,29198,15501,14653,14653,19065,15,15,15,15,0,0,0,0,0,0,0,91,79,66,66,87,2287,264077,415938,52516,2287,13,2,0,7787,6655,1132,0,803,173,109,64,5,0,20602,13676,915,915,486,69,157,0,0,0,0,0,52,0,16,0,2,0,0,0,1,0,0,0,7,0,0,0,0,0,6,1,0,0,0,0,0,0,6,0,0,0,0,307,97746,0,0,0,0,34,65,22,4,1,8,0,2,2,No Team Selected
1-09,12:52:36,NINTEN,Pidgey,Koga,1,Fuchsia City - Gym,4,53:08.25,53:08,0h53m8s,2,0,2,47,3:26,30.287,SWIFT,FLY,AGILITY,WING ATTACK,14,7909,812,110,64,613,568,285,19,23062,No Team Selected,Poisoned,Normal,Flying,102591,Pidgey2,Pidgey,Koga,00:52:37.96,00:53:08.25,03:26:59.51,47,2,0,53,8,25,SWIFT,FLY,AGILITY,WING ATTACK,14,14,27,35,0,0,0,0,3,122,81,71,66,66,87,14837,29523,15886,14923,14923,19245,15,15,15,15,0,0,0,0,6,0,0,128,111,66,66,348,2287,267865,423966,53038,2287,14,2,0,7909,6777,1132,0,812,174,110,64,5,0,21004,13977,1034,1034,487,72,161,0,0,0,0,0,52,0,16,0,2,0,0,0,1,0,0,0,8,0,0,0,0,0,6,1,0,0,0,0,0,0,6,0,0,0,0,311,102456,0,0,0,0,34,65,22,4,1,8,0,2,2,No Team Selected
1-09,12:53:41,NINTEN,Pidgey,Blackbelt,5,Saffron City - Fighting Dojo,3,54:13.06,54:13,0h54m13s,2,0,2,48,3:31,12.205,SWIFT,FLY,AGILITY,WING ATTACK,15,8139,826,111,64,619,571,288,19,27319,No Team Selected, ,Normal,Flying,104652,Pidgey2,Pidgey,,00:54:00.86,00:54:13.06,03:31:16.26,48,2,0,54,13,6,SWIFT,FLY,AGILITY,WING ATTACK,20,12,30,35,0,0,0,0,125,125,83,72,67,67,89,15012,29788,16031,15053,15053,19445,15,15,15,15,0,0,0,0,0,0,0,93,81,67,67,100,2287,276540,427463,56261,2287,15,2,0,8139,7007,1132,0,826,175,111,64,5,0,21574,14222,1034,1034,490,74,161,0,0,0,0,0,52,0,16,0,2,0,0,0,1,0,0,0,8,0,0,0,0,0,6,1,0,0,0,0,0,0,6,0,0,0,0,314,104517,0,0,0,0,34,65,22,4,1,8,0,2,2,No Team Selected
1-09,12:53:53,NINTEN,Pidgey,Blackbelt,3,Saffron City - Fighting Dojo,2,54:25.27,54:25,0h54m25s,2,0,2,48,3:32,8.083,SWIFT,FLY,AGILITY,WING ATTACK,15,8140,826,112,64,623,573,290,19,28094,No Team Selected, ,Normal,Flying,106255,Pidgey2,Pidgey,,00:54:17.18,00:54:25.27,03:32:04.56,48,2,0,54,25,27,SWIFT,FLY,AGILITY,WING ATTACK,20,10,30,35,0,0,0,0,125,125,83,72,67,67,89,15162,29968,16151,15138,15138,19525,15,15,15,15,0,0,0,0,0,0,0,93,81,67,67,100,2287,276718,430195,56261,2287,15,2,0,8140,7008,1132,0,826,176,112,64,5,0,21904,14411,1034,1034,492,76,161,0,0,0,0,0,52,0,16,0,2,0,0,0,1,0,0,0,8,0,0,0,0,0,6,1,0,0,0,0,0,0,6,0,0,0,0,316,106120,0,0,0,0,34,65,22,4,1,8,0,2,2,No Team Selected
1-09,12:54:01,NINTEN,Pidgey,Blackbelt,4,Saffron City - Fighting Dojo,1,54:33.23,54:33,0h54m33s,2,0,2,48,3:32,4.955,SWIFT,FLY,AGILITY,WING ATTACK,15,8141,826,113,64,625,574,291,19,28894,No Team Selected, ,Normal,Flying,107404,Pidgey2,Pidgey,,00:54:28.27,00:54:33.23,03:32:36.31,48,2,0,54,33,23,SWIFT,FLY,AGILITY,WING ATTACK,20,9,30,35,0,0,0,0,125,125,83,72,67,67,89,15227,30073,16211,15198,15198,19620,15,15,15,15,0,0,0,0,0,0,0,93,81,67,67,100,2287,276926,431882,56261,2287,15,2,0,8141,7009,1132,0,826,177,113,64,5,0,22162,14509,1034,1034,493,77,161,0,0,0,0,0,53,0,16,0,2,0,0,0,1,0,0,0,8,0,0,0,0,0,6,1,0,0,0,0,0,0,6,0,0,0,0,317,107269,0,0,0,0,34,65,22,4,1,8,0,2,2,No Team Selected
1-09,12:54:15,NINTEN,Pidgey,Blackbelt,2,Saffron City - Fighting Dojo,3,54:47.09,54:47,0h54m47s,2,0,2,48,3:33,11.075,SWIFT,FLY,AGILITY,WING ATTACK,15,8142,826,114,64,631,577,294,19,29794,No Team Selected, ,Normal,Flying,109372,Pidgey2,Pidgey,,00:54:36.02,00:54:47.09,03:33:31.38,48,2,0,54,47,9,SWIFT,FLY,AGILITY,WING ATTACK,20,6,30,35,0,0,0,0,125,125,83,72,67,67,89,15372,30338,16341,15328,15328,19855,15,15,15,15,0,0,0,0,0,0,0,93,81,67,67,100,2287,277079,435036,56261,2287,15,2,0,8142,7010,1132,0,826,178,114,64,5,0,22841,14735,1034,1034,496,80,161,0,0,0,0,0,53,0,16,0,2,0,0,0,1,0,0,0,8,0,0,0,0,0,6,1,0,0,0,0,0,0,6,0,0,0,0,320,109237,0,0,0,0,34,65,22,4,1,8,0,2,2,No Team Selected
1-09,12:54:27,NINTEN,Pidgey,Blackbelt,1,Saffron City - Fighting Dojo,2,54:59.37,54:59,0h54m59s,2,0,2,49,3:34,9.045,SWIFT,FLY,AGILITY,WING ATTACK,15,8143,826,115,64,635,579,296,19,30569,No Team Selected, ,Normal,Flying,111583,Pidgey2,Pidgey,,00:54:50.32,00:54:59.37,03:34:20.24,49,2,0,54,59,37,SWIFT,FLY,AGILITY,WING ATTACK,20,4,30,35,0,0,0,0,128,128,84,74,69,69,91,15472,30563,16473,15398,15398,20018,15,15,15,15,0,0,0,0,0,0,0,94,83,69,69,102,2287,277361,437680,56261,2287,15,2,0,8143,7011,1132,0,826,179,115,64,5,0,23108,14913,1034,1034,498,82,161,0,0,0,0,0,53,0,16,0,2,0,0,0,1,0,0,0,8,0,0,0,0,0,6,1,0,0,0,0,0,0,6,0,0,0,0,322,111448,0,0,0,0,34,65,22,4,1,8,0,2,2,No Team Selected
1-09,12:54:57,NINTEN,Pidgey,Scientist,11,Silph Co - 10F,2,55:29.34,55:29,0h55m29s,2,0,2,49,3:36,7.33,SWIFT,FLY,AGILITY,WING ATTACK,15,8236,830,116,64,638,582,297,19,31494,No Team Selected, ,Normal,Flying,112843,Pidgey2,Pidgey,,00:55:22.01,00:55:29.34,03:36:18.53,49,2,0,55,29,34,SWIFT,FLY,AGILITY,WING ATTACK,17,15,30,35,0,0,0,0,123,128,84,74,69,69,91,15537,30663,16638,15553,15553,20098,15,15,15,15,0,0,0,0,0,0,0,94,83,69,69,102,2287,281426,440245,56740,2287,15,2,0,8236,7104,1132,0,830,180,116,64,5,0,23287,15037,1039,1039,498,82,162,0,0,0,0,0,53,0,16,0,2,0,0,0,1,0,0,0,8,0,0,0,0,0,6,1,0,0,0,0,0,0,6,0,0,0,0,324,112708,0,0,0,0,34,65,22,4,1,8,0,2,2,No Team Selected
1-09,12:55:06,NINTEN,Pidgey,Rocket,39,Silph Co - 10F,1,55:38.42,55:38,0h55m38s,2,0,2,49,3:36,4.835,SWIFT,FLY,AGILITY,WING ATTACK,15,8250,830,117,64,640,583,298,19,32944,No Team Selected, ,Normal,Flying,113875,Pidgey2,Pidgey,,00:55:33.59,00:55:38.42,03:36:54.56,49,2,0,55,38,42,SWIFT,FLY,AGILITY,WING ATTACK,17,14,30,35,0,0,0,0,123,128,84,74,69,69,91,15617,30763,16708,15603,15603,20143,15,15,15,15,0,0,0,0,0,0,0,94,83,69,69,102,2287,281941,441893,56740,2287,15,2,0,8250,7118,1132,0,830,181,117,64,5,0,23425,15138,1039,1039,499,83,162,0,0,0,0,0,53,0,16,0,2,0,0,0,1,0,0,0,8,0,0,0,0,0,6,1,0,0,0,0,0,0,6,0,0,0,0,325,113740,0,0,0,0,34,65,22,4,1,8,0,2,2,No Team Selected
1-09,12:55:29,NINTEN,Pidgey,Rocket,35,Silph Co - 8F,4,56:01.22,56:01,0h56m1s,2,0,2,49,3:38,12.747,SWIFT,FLY,AGILITY,WING ATTACK,15,8311,840,118,64,645,588,300,20,33934,No Team Selected, ,Normal,Flying,116088,Pidgey2,Pidgey,,00:55:48.48,00:56:01.22,03:38:25.27,49,2,0,56,1,22,SWIFT,FLY,AGILITY,WING ATTACK,12,14,30,35,0,0,0,0,110,128,84,74,69,69,91,15817,31025,16908,15793,15793,20457,15,15,15,15,0,0,0,0,0,0,0,94,83,69,69,102,2287,283938,445327,56740,2287,15,2,0,8311,7179,1132,0,840,182,118,64,5,0,23884,15400,1052,1052,499,83,164,0,0,0,0,0,53,0,17,0,3,0,0,0,1,0,0,0,8,0,0,0,0,0,8,1,0,0,0,0,0,0,6,0,0,0,0,329,115953,0,0,0,0,36,65,22,4,1,8,0,2,2,No Team Selected
1-09,12:55:57,NINTEN,Pidgey,Scientist,8,Silph Co - 7F,2,56:29.15,56:29,0h56m29s,2,0,2,50,3:40,9.488,SWIFT,FLY,AGILITY,WING ATTACK,16,8357,843,119,64,649,592,302,19,34714,No Team Selected, ,Normal,Flying,117994,Pidgey2,Pidgey,,00:56:19.67,00:56:29.15,03:40:16.22,50,2,0,56,29,15,SWIFT,FLY,AGILITY,WING ATTACK,8,14,30,35,0,0,0,0,103,130,87,76,72,72,95,15982,31180,17053,18498,18498,23207,15,15,15,15,0,0,0,0,0,0,0,97,85,72,72,106,2287,285419,447987,59254,2287,16,2,0,8357,7225,1132,0,843,183,119,64,5,0,24186,15582,1061,1061,499,84,165,0,0,0,0,0,54,0,17,0,3,0,0,0,1,0,0,0,8,0,0,0,0,0,8,1,0,0,0,0,0,0,6,0,0,0,0,331,117859,0,0,0,0,37,65,22,4,1,8,0,2,2,No Team Selected
1-09,12:56:16,NINTEN,Pidgey,Rocket,32,Silph Co - 7F,4,56:48.54,56:48,0h56m48s,2,0,2,50,3:41,11.67,SWIFT,FLY,AGILITY,WING ATTACK,16,8398,846,120,64,653,596,303,19,36164,No Team Selected, ,Normal,Flying,121044,Pidgey2,Pidgey,,00:56:36.88,00:56:48.54,03:41:33.26,50,2,0,56,48,54,SWIFT,FLY,AGILITY,WING ATTACK,4,14,30,35,0,0,0,0,94,130,87,76,72,72,95,16212,31491,17347,18748,18748,23509,15,15,15,15,0,0,0,0,0,0,0,97,85,72,72,106,2287,286553,451477,59254,2287,16,2,0,8398,7266,1132,0,846,184,120,64,5,0,24497,15860,1070,1070,499,84,166,0,0,0,0,0,54,0,17,0,3,0,0,0,1,0,0,0,8,0,0,0,0,0,8,1,0,0,0,0,0,0,6,0,0,0,0,335,120909,0,0,0,0,37,65,22,4,1,8,0,2,2,No Team Selected
1-09,12:56:30,NINTEN,Pidgey,Rocket,33,Silph Co - 7F,2,57:02.74,57:02,0h57m2s,2,0,2,50,3:42,10.773,SWIFT,FLY,AGILITY,WING ATTACK,16,8404,847,121,64,661,600,309,19,36944,No Team Selected, ,Normal,Flying,122124,Pidgey2,Pidgey,,00:56:51.97,00:57:02.74,03:42:29.49,50,2,0,57,2,74,SWIFT,FLY,AGILITY,WING ATTACK,4,10,30,35,0,0,0,0,94,130,87,76,72,72,95,16312,31591,17537,18828,18828,23579,15,15,15,15,0,0,0,0,0,0,0,97,85,72,72,106,2287,286978,454435,59254,2287,16,2,0,8404,7272,1132,0,847,185,121,64,5,0,24757,16004,1070,1070,503,86,168,0,0,0,0,0,54,0,17,0,3,0,0,0,1,0,0,0,8,0,0,0,0,0,8,1,0,0,0,0,0,0,6,0,0,0,0,337,121989,0,0,0,0,37,65,22,4,1,8,0,2,2,No Team Selected
1-09,12:56:42,NINTEN,Pidgey,Rocket,30,Silph Co - 6F,2,57:14.31,57:14,0h57m14s,2,0,2,50,3:43,7.684,SWIFT,FLY,AGILITY,WING ATTACK,16,8420,849,122,64,665,602,311,19,37814,No Team Selected, ,Normal,Flying,123576,Pidgey2,Pidgey,,00:57:06.62,00:57:14.31,03:43:15.40,50,2,0,57,14,31,SWIFT,FLY,AGILITY,WING ATTACK,4,8,30,35,0,0,0,0,94,130,87,76,72,72,95,16462,31771,17657,18913,18913,23659,15,15,15,15,0,0,0,0,0,0,0,97,85,72,72,106,2287,287488,456676,59254,2287,16,2,0,8420,7288,1132,0,849,186,122,64,5,0,25145,16178,1070,1070,505,88,168,0,0,0,0,0,54,0,17,0,3,0,0,0,1,0,0,0,8,0,0,0,0,0,8,1,0,0,0,0,0,0,6,0,0,0,0,339,123441,0,0,0,0,37,65,22,4,1,8,0,2,2,No Team Selected
1-09,12:56:57,NINTEN,Pidgey,Rocket,28,Silph Co - 5F,1,57:29.12,57:29,0h57m29s,2,0,2,50,3:44,6.336,SWIFT,FLY,AGILITY,WING ATTACK,16,8460,854,123,64,667,604,313,19,38684,No Team Selected,Paralyzed,Normal,Flying,124615,Pidgey2,Pidgey,,00:57:22.79,00:57:29.12,03:44:14.28,50,2,0,57,29,12,SWIFT,FLY,AGILITY,WING ATTACK,2,8,30,35,0,0,0,0,83,130,87,76,72,72,95,16522,31856,17726,18978,18978,23739,15,15,15,15,0,0,0,0,0,0,0,97,85,72,72,26,2287,289105,458587,59254,2287,16,2,0,8460,7328,1132,0,854,187,123,64,5,0,25274,16265,1081,1081,505,88,170,0,0,0,0,0,54,0,18,0,3,0,1,0,1,0,0,0,8,0,0,0,0,0,8,1,1,0,0,0,0,0,6,0,0,0,0,340,124480,0,0,0,0,38,65,22,4,1,8,0,2,2,No Team Selected
1-09,12:57:29,NINTEN,Pidgey,Rocket,24,Silph Co - 2F,5,58:01.42,58:01,0h58m1s,2,0,2,51,3:46,12.99,SWIFT,FLY,AGILITY,WING ATTACK,16,8551,864,124,64,672,609,313,19,39674,No Team Selected, ,Normal,Flying,127015,Pidgey2,Pidgey,,00:57:48.43,00:58:01.42,03:46:22.18,51,2,0,58,1,42,SWIFT,FLY,AGILITY,WING ATTACK,15,15,30,35,0,0,0,0,133,133,88,77,73,73,96,16772,32152,17961,19223,19223,24091,15,15,15,15,0,0,0,0,0,0,0,99,86,73,73,108,2287,292513,462077,60026,2287,16,2,0,8551,7419,1132,0,864,188,124,64,5,0,25878,16584,1081,1081,505,88,170,0,0,0,0,0,54,0,18,0,3,0,1,0,1,0,0,0,8,0,0,0,0,0,8,1,1,0,0,0,0,0,6,0,0,0,0,345,126880,0,0,0,0,38,65,22,4,1,8,0,2,2,No Team Selected
1-09,12:57:42,NINTEN,Pidgey,Rocket,23,Silph Co - 2F,2,58:13.99,58:13,0h58m13s,2,0,2,51,3:47,7.217,SWIFT,FLY,AGILITY,WING ATTACK,16,8567,869,125,64,675,612,314,19,40424,No Team Selected, ,Normal,Flying,127889,Pidgey2,Pidgey,,00:58:06.78,00:58:13.99,03:47:12.13,51,2,0,58,13,99,SWIFT,FLY,AGILITY,WING ATTACK,12,15,30,35,0,0,0,0,133,133,88,77,73,73,96,16862,32247,18091,19303,19303,24181,15,15,15,15,0,-1,0,0,0,0,0,111,56,73,73,121,2287,293070,464515,60026,2287,16,2,0,8567,7435,1132,0,869,189,125,64,5,0,26198,16722,1081,1081,505,88,171,0,0,0,0,0,55,0,18,0,3,0,1,0,1,0,0,0,8,0,0,0,0,0,8,1,1,0,0,0,0,0,6,0,0,0,0,347,127754,0,0,0,0,38,65,22,4,1,8,0,2,2,No Team Selected
1-09,12:57:55,NINTEN,Pidgey,Scientist,3,Silph Co - 2F,3,58:27.28,58:27,0h58m27s,2,0,2,51,3:48,9.713,SWIFT,FLY,AGILITY,WING ATTACK,16,8576,869,126,64,679,616,315,19,41294,No Team Selected, ,Normal,Flying,130007,Pidgey2,Pidgey,,00:58:17.57,00:58:27.28,03:48:05.02,51,2,0,58,27,28,SWIFT,FLY,AGILITY,WING ATTACK,8,15,30,35,0,0,0,0,128,133,88,77,73,73,96,16977,32372,18306,19573,19573,24396,15,15,15,15,0,0,0,0,0,0,0,99,86,73,73,108,2287,293534,467220,60026,2287,16,2,0,8576,7444,1132,0,869,190,126,64,5,0,26484,16912,1086,1086,505,88,172,0,0,0,0,0,55,0,18,0,3,0,1,0,1,0,0,0,8,0,0,0,0,0,8,1,1,0,0,0,0,0,6,0,0,0,0,350,129872,0,0,0,0,38,65,22,4,1,8,0,2,2,No Team Selected
1-09,12:58:15,NINTEN,Pidgey,Rocket,25,Silph Co - 3F,3,58:47.10,58:47,0h58m47s,2,0,2,51,3:49,14.677,SWIFT,FLY,AGILITY,WING ATTACK,16,8607,872,127,64,686,620,321,19,42694,No Team Selected, ,Normal,Flying,132389,Pidgey2,Pidgey,,00:58:32.43,00:58:47.10,03:49:23.47,51,2,0,58,47,10,SWIFT,FLY,AGILITY,WING ATTACK,7,12,30,35,0,0,0,0,82,133,88,77,73,73,96,17172,32607,18496,19788,19788,24657,15,15,15,15,0,0,0,0,0,0,0,99,86,73,73,108,2287,294363,471116,60026,2287,16,2,0,8607,7475,1132,0,872,191,127,64,5,0,26910,17148,1132,1132,508,92,174,0,0,0,0,0,56,0,19,0,3,0,1,0,1,0,0,0,8,0,0,0,0,0,8,1,1,0,0,0,0,0,6,0,0,0,0,353,132254,0,0,0,0,38,65,22,4,1,8,0,2,2,No Team Selected
1-09,12:58:30,NINTEN,Pidgey,Rocket,27,Silph Co - 4F,3,59:02.76,59:02,0h59m2s,2,0,2,52,3:50,10.385,SWIFT,FLY,AGILITY,WING ATTACK,16,8625,873,128,64,690,624,322,19,43534,No Team Selected, ,Normal,Flying,133607,Pidgey2,Pidgey,,00:58:52.37,00:59:02.76,03:50:25.56,52,2,0,59,2,76,SWIFT,FLY,AGILITY,WING ATTACK,3,12,30,35,0,0,0,0,85,136,90,79,75,75,99,17297,32762,18670,19908,19908,24802,15,15,15,15,0,0,0,0,0,0,0,101,88,75,75,111,2287,295221,473987,60026,2287,16,2,0,8625,7493,1132,0,873,192,128,64,5,0,27356,17344,1132,1132,508,93,174,0,0,0,0,0,57,0,19,0,3,0,1,0,1,0,0,0,8,0,0,0,0,0,8,1,1,0,0,0,0,0,6,0,0,0,0,356,133472,0,0,0,0,38,65,22,4,1,8,0,2,2,No Team Selected
1-09,12:59:01,NINTEN,Pidgey,Scientist,6,Silph Co - 5F,4,59:32.98,59:32,0h59m32s,2,0,2,52,3:52,22.276,SWIFT,FLY,AGILITY,WING ATTACK,16,8657,875,129,64,700,632,328,19,44374,No Team Selected, ,Normal,Flying,136596,Pidgey2,Pidgey,,00:59:10.71,00:59:32.98,03:52:26.03,52,2,0,59,32,98,SWIFT,FLY,AGILITY,WING ATTACK,0,10,30,32,0,0,0,0,31,136,90,79,75,75,99,17477,33012,19050,20268,20268,25012,15,15,15,15,0,0,0,0,0,0,0,101,88,75,75,111,2287,296401,480014,60026,2287,16,2,0,8657,7525,1132,0,875,193,129,64,5,0,27719,17596,1186,1186,512,96,178,0,0,0,0,0,58,0,20,0,3,0,1,0,1,0,0,0,8,0,0,0,0,0,8,1,1,0,0,0,0,0,6,0,0,0,0,360,136461,0,0,0,0,38,65,22,4,1,8,0,2,2,No Team Selected
1-09,12:59:34,NINTEN,Pidgey,Rocket,26,Silph Co - 4F,2,1:00:06.14,1:00:06,1h0m6s,2,0,2,52,3:54,8.697,SWIFT,FLY,AGILITY,WING ATTACK,16,8803,887,130,64,703,635,329,19,45674,No Team Selected, ,Normal,Flying,137775,Pidgey2,Pidgey,,00:59:57.45,01:00:06.14,03:54:37.13,52,2,1,0,6,14,SWIFT,FLY,AGILITY,WING ATTACK,20,15,30,32,0,0,0,0,121,136,90,79,75,75,99,17607,33140,19145,20393,20393,25089,15,15,15,15,0,0,0,0,0,0,0,101,88,75,75,111,2287,301364,482493,60454,2287,16,2,0,8803,7671,1132,0,887,194,130,64,5,0,27949,17758,1201,1201,515,96,179,0,0,0,0,0,58,0,20,0,3,0,1,0,1,0,0,0,8,0,0,0,0,0,8,1,1,0,0,0,0,0,6,0,0,0,0,362,137640,0,0,0,0,38,65,22,4,1,8,0,2,2,No Team Selected
1-09,13:00:27,NINTEN,Pidgey,Scientist,7,Silph Co - 6F,5,1:00:59.65,1:00:59,1h0m59s,2,0,2,52,3:58,13.487,SWIFT,FLY,AGILITY,WING ATTACK,17,9072,898,131,64,708,640,329,19,46544,No Team Selected, ,Normal,Flying,140882,Pidgey2,Pidgey,,01:00:46.17,01:00:59.65,03:58:08.48,52,2,1,0,59,65,SWIFT,FLY,AGILITY,WING ATTACK,15,15,30,35,0,0,0,0,136,136,90,79,75,75,99,17802,33395,19550,20783,20783,25374,15,15,15,15,0,0,0,0,0,0,0,101,88,75,75,111,2287,309584,486097,61325,2287,17,2,0,9072,7940,1132,0,898,195,131,64,5,0,28379,18050,1201,1201,515,96,179,0,0,0,0,0,59,0,20,0,3,0,1,0,1,0,0,0,8,0,0,0,0,0,8,1,1,0,0,0,0,0,6,0,0,0,0,367,140747,0,0,0,0,38,65,22,4,1,8,0,2,2,No Team Selected
1-09,13:00:41,NINTEN,Pidgey,Rocket,31,Silph Co - 6F,3,1:01:13.29,1:01:13,1h1m13s,2,0,2,53,3:59,10.254,SWIFT,FLY,AGILITY,WING ATTACK,17,9088,899,132,64,712,644,330,19,47794,No Team Selected, ,Normal,Flying,142556,Pidgey2,Pidgey,,01:01:03.03,01:01:13.29,03:59:02.59,53,2,1,1,13,29,SWIFT,FLY,AGILITY,WING ATTACK,11,15,30,35,0,0,0,0,138,138,92,81,77,77,101,17957,33565,19690,20938,20938,25574,15,15,15,15,0,0,0,0,0,0,0,103,91,77,77,113,2287,309991,488941,61325,2287,17,2,0,9088,7956,1132,0,899,196,132,64,5,0,28775,18262,1201,1201,515,96,180,0,0,0,0,0,59,0,20,0,4,0,1,0,1,0,0,0,8,0,0,0,0,0,9,1,1,0,0,0,0,0,6,0,0,0,0,370,142421,0,0,0,0,38,65,22,4,1,8,0,2,2,No Team Selected
1-09,13:01:15,NINTEN,Pidgey,Scientist,10,Silph Co - 9F,3,1:01:47.51,1:01:47,1h1m47s,2,0,2,53,4:01,11.45,SWIFT,FLY,AGILITY,WING ATTACK,18,9193,911,133,64,717,648,332,19,48634,No Team Selected, ,Normal,Flying,144824,Pidgey2,Pidgey,,01:01:36.06,01:01:47.51,04:01:18.16,53,2,1,1,47,51,SWIFT,FLY,AGILITY,WING ATTACK,8,14,30,35,0,0,0,0,118,138,92,81,77,77,101,18087,33720,19930,21173,21173,25779,15,15,15,15,0,0,0,0,0,0,0,103,91,77,77,113,2287,314045,492478,61851,2287,18,2,0,9193,8061,1132,0,911,197,133,64,5,0,29093,18460,1221,1221,516,97,181,0,0,0,0,0,59,0,20,0,4,0,1,0,1,0,0,0,8,0,0,0,0,0,9,1,1,0,0,0,0,0,6,0,0,0,0,373,144689,0,0,0,0,38,65,22,4,1,8,0,2,2,No Team Selected
1-09,13:01:35,NINTEN,Pidgey,Hypno Rocket,38,Silph Co - 9F,3,1:02:07.03,1:02:07,1h2m7s,2,0,2,53,4:02,10.186,SWIFT,FLY,AGILITY,WING ATTACK,19,9234,917,134,64,721,652,333,19,50034,No Team Selected, ,Normal,Flying,147452,Pidgey2,Pidgey,,01:01:56.84,01:02:07.03,04:02:35.53,53,2,1,2,7,3,SWIFT,FLY,AGILITY,WING ATTACK,4,14,30,35,0,0,0,0,118,138,92,81,77,77,101,18307,33921,20115,21453,21453,25978,15,15,15,15,0,0,0,0,0,0,0,103,91,77,77,113,2287,315260,495409,62362,2287,19,2,0,9234,8102,1132,0,917,198,134,64,5,0,29459,18710,1221,1221,516,97,182,0,0,0,0,0,59,0,20,0,5,0,1,0,1,0,0,0,8,0,0,0,0,0,10,1,1,0,0,0,0,0,6,0,0,0,0,376,147317,0,0,0,0,38,65,22,4,1,8,0,2,2,No Team Selected
1-09,13:02:14,NINTEN,Pidgey,Rocket,37,Silph Co - 9F,3,1:02:46.13,1:02:46,1h2m46s,2,0,2,53,4:05,7.892,SWIFT,FLY,AGILITY,WING ATTACK,19,9397,933,135,64,724,655,333,20,50874,No Team Selected, ,Normal,Flying,149132,Pidgey2,Pidgey,,01:02:38.23,01:02:46.13,04:05:10.32,53,2,1,2,46,13,SWIFT,FLY,AGILITY,WING ATTACK,1,14,30,35,0,0,0,0,138,138,92,81,77,77,101,18517,34129,20260,21618,21618,26080,15,15,15,15,0,0,0,0,0,0,0,103,91,77,77,113,2287,321124,497788,63398,2287,19,2,0,9397,8265,1132,0,933,199,135,64,5,0,29808,18954,1221,1221,516,97,182,0,0,0,0,0,59,0,20,0,5,0,1,0,1,0,0,0,8,0,0,0,0,0,10,1,1,0,0,0,0,0,6,0,0,0,0,379,148997,0,0,0,0,40,65,22,4,1,8,0,2,2,No Team Selected
1-09,13:02:40,NINTEN,Pidgey,Scientist,4,Silph Co - 3F,2,1:03:11.96,1:03:11,1h3m11s,2,0,2,54,4:06,7.103,SWIFT,FLY,AGILITY,WING ATTACK,20,9481,945,136,64,726,657,333,20,51714,No Team Selected, ,Normal,Flying,151137,Pidgey2,Pidgey,,01:03:04.85,01:03:11.96,04:06:53.01,54,2,1,3,11,96,SWIFT,FLY,AGILITY,WING ATTACK,18,15,30,35,0,0,0,0,141,141,94,83,78,78,103,18642,34269,20450,21783,21783,26280,15,15,15,15,0,0,0,0,0,0,0,105,93,78,78,115,2287,324608,499867,63984,2287,20,2,0,9481,8349,1132,0,945,200,136,64,5,0,29971,19113,1221,1221,516,97,182,0,0,0,0,0,60,0,20,0,5,0,1,0,1,0,0,0,8,0,0,0,0,0,10,1,1,0,0,0,0,0,6,0,0,0,0,381,151002,0,0,0,0,41,65,22,4,1,8,0,2,2,No Team Selected
1-09,13:03:27,NINTEN,Pidgey,Rival5-Silph,7,Silph Co - 7F,5,1:03:59.28,1:03:59,1h3m59s,2,0,2,54,4:10,26.442,SWIFT,FLY,AGILITY,WING ATTACK,21,9587,957,137,64,739,666,341,20,53164,No Team Selected, ,Normal,Flying,157171,Pidgey2,Pidgey,Rival (Silph Co.),01:03:32.83,01:03:59.28,04:10:00.47,54,2,1,3,59,28,SWIFT,FLY,AGILITY,WING ATTACK,13,11,30,35,0,0,0,0,79,141,94,83,78,78,103,18974,34592,20795,22183,22183,26669,15,15,15,15,0,0,0,0,0,0,0,105,93,78,78,115,2287,328350,506904,64471,2287,21,2,0,9587,8455,1132,0,957,201,137,64,5,0,30789,19622,1283,1283,520,99,186,0,0,0,0,0,62,0,20,0,5,0,1,0,1,0,0,0,8,0,0,0,0,0,10,1,1,0,0,0,0,0,6,0,0,0,0,386,157036,0,0,0,0,41,65,22,4,1,8,0,2,2,No Team Selected
1-09,13:04:01,NINTEN,Pidgey,Rocket,41,Silph Co - 11F,3,1:04:33.65,1:04:33,1h4m33s,2,0,2,54,4:12,10.832,SWIFT,FLY,AGILITY,WING ATTACK,22,9698,974,138,64,744,671,343,20,55764,No Team Selected, ,Normal,Flying,159314,Pidgey2,Pidgey,,01:04:22.82,01:04:33.65,04:12:17.08,54,2,1,4,33,65,SWIFT,FLY,AGILITY,WING ATTACK,15,15,30,35,0,0,0,0,141,141,94,83,78,78,103,19144,34770,21045,22363,22363,26791,15,15,15,15,0,-1,0,0,0,0,0,118,60,78,78,129,2287,332935,510010,64961,2287,22,2,0,9698,8566,1132,0,974,202,138,64,5,0,31162,19871,1283,1283,520,99,188,0,0,0,0,0,63,0,20,0,5,0,1,0,1,0,0,0,8,0,0,0,0,0,10,1,1,0,0,0,0,0,6,0,0,0,0,389,159179,0,0,0,0,41,65,22,4,1,8,0,2,2,No Team Selected
1-09,13:04:33,NINTEN,Pidgey,Giovanni-Silph,2,Silph Co - 11F,4,1:05:05.42,1:05:05,1h5m5s,2,0,2,55,4:14,23.866,SWIFT,FLY,AGILITY,WING ATTACK,23,9702,975,139,64,756,683,349,20,56724,No Team Selected, ,Normal,Flying,164333,Pidgey2,Pidgey,Giovanni (Silph),01:04:41.56,01:05:05.42,04:14:23.30,55,2,1,5,5,42,SWIFT,FLY,AGILITY,WING ATTACK,3,15,30,35,0,0,0,0,57,144,96,85,80,80,105,19480,35104,21364,22563,22563,27047,15,15,15,15,0,0,0,0,0,0,0,108,95,80,80,118,2287,333835,516194,65459,2287,23,2,0,9702,8570,1132,0,975,203,139,64,5,0,31741,20336,1370,1370,520,99,193,0,0,0,0,0,63,0,20,0,5,0,1,0,1,0,0,0,8,0,0,0,0,0,10,1,1,0,0,0,0,0,6,0,0,0,0,393,164198,0,0,0,0,41,65,22,4,1,8,0,2,2,No Team Selected
1-09,13:05:17,NINTEN,Pidgey,Sabrina,1,Saffron City - Gym,4,1:05:49.30,1:05:49,1h5m49s,2,0,2,56,4:17,19.909,SWIFT,FLY,AGILITY,WING ATTACK,24,9795,975,140,64,765,690,354,20,60783,No Team Selected, ,Normal,Flying,169426,Pidgey2,Pidgey,Sabrina,01:05:29.39,01:05:49.30,04:17:17.13,56,2,1,5,49,30,SWIFT,FLY,AGILITY,WING ATTACK,15,13,30,35,0,0,0,0,95,147,98,86,82,82,107,19685,35299,21564,23008,23008,27452,15,15,15,15,0,0,0,0,0,0,0,110,96,82,82,120,2287,337866,521735,66310,2287,24,2,0,9795,8663,1132,0,975,204,140,64,5,0,32320,20716,1422,1422,521,102,195,0,0,0,0,0,64,0,20,0,5,0,1,0,1,0,0,0,8,0,0,0,0,0,10,1,1,0,0,0,0,0,6,0,0,0,0,397,169291,0,0,0,0,41,65,22,4,1,8,0,2,2,No Team Selected
1-09,13:06:07,NINTEN,Pidgey,Fisher,7,Route 21,4,1:06:39.06,1:06:39,1h6m39s,2,0,2,56,4:20,11.122,SWIFT,FLY,AGILITY,WING ATTACK,24,9849,978,141,64,769,694,354,20,65040,No Team Selected, ,Normal,Flying,173152,Pidgey2,Pidgey,,01:06:27.94,01:06:39.06,04:20:34.20,56,2,1,6,39,6,SWIFT,FLY,AGILITY,WING ATTACK,16,15,30,35,0,0,0,0,147,147,98,86,82,82,107,19970,35642,21819,23298,23298,27719,15,15,15,15,0,0,0,0,0,0,0,110,96,82,82,120,2287,341319,525374,71045,2287,24,2,0,9849,8686,1132,0,978,205,141,64,5,0,32728,21044,1422,1422,521,102,195,0,0,0,0,0,64,0,20,0,5,0,1,0,1,0,0,0,8,0,0,0,0,0,10,1,1,0,0,0,0,0,6,0,0,0,0,401,173017,0,0,0,0,41,65,22,4,1,10,0,2,2,No Team Selected
1-09,13:06:21,NINTEN,Pidgey,Swimmer,14,Route 21,2,1:06:53.06,1:06:53,1h6m53s,2,0,2,56,4:21,7.149,SWIFT,FLY,AGILITY,WING ATTACK,24,9901,979,142,64,772,697,355,20,66020,No Team Selected, ,Normal,Flying,174911,Pidgey2,Pidgey,,01:06:45.92,01:06:53.06,04:21:29.57,56,2,1,6,53,6,SWIFT,FLY,AGILITY,WING ATTACK,13,15,30,35,0,0,0,0,141,147,98,86,82,82,107,20059,35750,21954,23433,23433,27862,15,15,15,15,0,0,0,0,0,0,0,110,96,82,82,120,2287,342478,527552,71045,2287,24,2,0,9901,8686,1132,0,979,206,142,64,5,0,32973,21199,1428,1428,521,102,196,0,0,0,0,0,64,0,20,0,5,0,1,0,1,0,0,0,8,0,0,0,0,0,10,1,1,0,0,0,0,0,6,0,0,0,0,403,174776,0,0,0,0,41,65,22,4,1,10,0,2,2,No Team Selected
1-09,13:07:33,NINTEN,Pidgey,Burglar,4,Cinnabar Island - Gym,3,1:08:05.13,1:08:05,1h8m5s,2,0,2,56,4:26,13.392,SWIFT,FLY,AGILITY,WING ATTACK,25,10194,991,143,64,780,701,360,20,66185,No Team Selected, ,Normal,Flying,177471,Pidgey2,Pidgey,,01:07:51.73,01:08:05.13,04:26:15.44,56,2,1,8,5,13,SWIFT,FLY,AGILITY,WING ATTACK,20,11,30,35,0,0,0,0,139,147,98,86,82,82,107,20225,35937,22114,23648,23648,28087,15,15,15,15,0,0,0,0,0,0,0,110,96,82,82,120,2287,352703,531243,74276,2287,25,2,0,10194,8955,1132,0,991,207,143,64,5,0,33391,21473,1436,1436,525,104,197,0,0,0,0,0,64,0,20,0,5,0,1,0,1,0,0,0,8,0,0,0,0,0,10,1,1,0,0,0,0,0,6,0,0,0,0,406,177336,0,0,0,0,44,65,22,4,1,10,0,2,2,No Team Selected
1-09,13:07:48,NINTEN,Pidgey,Super Nerd,9,Cinnabar Island - Gym,3,1:08:19.98,1:08:19,1h8m19s,2,0,2,57,4:27,11.622,SWIFT,FLY,AGILITY,WING ATTACK,25,10200,992,144,64,784,705,362,20,69425,No Team Selected, ,Normal,Flying,179815,Pidgey2,Pidgey,,01:08:08.36,01:08:19.98,04:27:14.45,57,2,1,8,19,98,SWIFT,FLY,AGILITY,WING ATTACK,16,11,30,35,0,0,0,0,129,149,100,88,83,83,109,20374,36095,22269,23878,23878,28317,15,15,15,15,0,-1,0,0,0,0,0,112,65,83,83,122,2287,352987,534500,74276,2287,25,2,0,10200,8961,1132,0,992,208,144,64,5,0,33771,21735,1448,1448,525,104,199,0,0,0,0,0,64,0,21,0,5,0,1,0,1,0,0,0,8,0,0,0,0,0,10,1,1,0,0,0,0,0,6,0,0,0,0,409,179680,0,0,0,0,44,65,22,4,1,10,0,2,2,No Team Selected
1-09,13:08:07,NINTEN,Pidgey,Super Nerd,10,Cinnabar Island - Gym,4,1:08:39.78,1:08:39,1h8m39s,2,0,2,57,4:28,13.825,SWIFT,FLY,AGILITY,WING ATTACK,25,10210,1001,145,64,791,710,365,20,70325,No Team Selected, ,Normal,Flying,182516,Pidgey2,Pidgey,,01:08:25.96,01:08:39.78,04:28:33.28,57,2,1,8,39,78,SWIFT,FLY,AGILITY,WING ATTACK,13,9,30,35,0,0,0,0,129,149,100,88,83,83,109,20556,36343,22452,24108,24108,28597,15,15,15,15,0,-1,0,0,0,0,0,126,65,83,83,137,2287,353599,538611,74276,2287,25,2,0,10210,8971,1132,0,1001,209,145,64,5,0,34281,22054,1448,1448,526,107,200,0,0,0,0,0,64,0,21,0,5,0,1,0,1,0,0,0,8,0,0,0,0,0,10,1,1,0,0,0,0,0,6,0,0,0,0,413,182381,0,0,0,0,44,65,22,4,1,10,0,2,2,No Team Selected
1-09,13:08:15,NINTEN,Pidgey,Burglar,5,Cinnabar Island - Gym,1,1:08:47.41,1:08:47,1h8m47s,2,0,2,57,4:29,4.447,SWIFT,FLY,AGILITY,WING ATTACK,25,10216,1003,146,64,792,711,365,20,71175,No Team Selected, ,Normal,Flying,183851,Pidgey2,Pidgey,,01:08:42.96,01:08:47.41,04:29:03.43,57,2,1,8,47,41,SWIFT,FLY,AGILITY,WING ATTACK,12,9,30,35,0,0,0,0,129,149,100,88,83,83,109,20606,36428,22507,24173,24173,28687,15,15,15,15,0,0,0,0,0,0,0,112,99,83,83,122,2287,353870,540155,74276,2287,25,2,0,10216,8977,1132,0,1003,210,146,64,5,0,34417,22152,1448,1448,526,107,200,0,0,0,0,0,65,0,21,0,5,0,1,0,1,0,0,0,8,0,0,0,0,0,10,1,1,0,0,0,0,0,6,0,0,0,0,414,183716,0,0,0,0,44,65,22,4,1,10,0,2,2,No Team Selected
1-09,13:08:24,NINTEN,Pidgey,Super Nerd,11,Cinnabar Island - Gym,1,1:08:56.01,1:08:56,1h8m56s,2,0,2,57,4:29,5.237,SWIFT,FLY,AGILITY,WING ATTACK,25,10222,1004,147,64,794,713,366,20,74865,No Team Selected, ,Normal,Flying,185537,Pidgey2,Pidgey,,01:08:50.78,01:08:56.01,04:29:37.52,57,2,1,8,56,1,SWIFT,FLY,AGILITY,WING ATTACK,10,9,30,35,0,0,0,0,129,149,100,88,83,83,109,20671,36528,22577,24253,24253,28792,15,15,15,15,-1,0,0,0,0,0,0,74,111,83,83,137,2287,354178,541896,74276,2287,25,2,0,10222,8983,1132,0,1004,211,147,64,5,0,34537,22262,1448,1448,526,107,201,0,0,0,0,0,65,0,21,0,5,0,1,0,1,0,0,0,8,0,0,0,0,0,10,1,1,0,0,0,0,0,6,0,0,0,0,415,185402,0,0,0,0,44,65,22,4,1,10,0,2,2,No Team Selected
1-09,13:08:35,NINTEN,Pidgey,Burglar,6,Cinnabar Island - Gym,2,1:09:07.51,1:09:07,1h9m7s,2,0,2,57,4:30,6.964,SWIFT,FLY,AGILITY,WING ATTACK,25,10236,1005,148,64,796,715,367,20,75890,No Team Selected, ,Normal,Flying,186757,Pidgey2,Pidgey,,01:09:00.55,01:09:07.51,04:30:23.00,57,2,1,9,7,51,SWIFT,FLY,AGILITY,WING ATTACK,8,9,30,35,0,0,0,0,118,149,100,88,83,83,109,20764,36639,22662,24368,24368,28917,15,15,15,15,0,0,0,0,0,0,0,112,99,83,83,122,2287,354734,544048,74276,2287,25,2,0,10236,8997,1132,0,1005,212,148,64,5,0,34829,22436,1459,1459,526,107,202,0,0,0,0,0,66,0,22,0,5,0,1,0,1,0,0,0,8,0,0,0,0,0,10,1,1,0,0,0,0,0,6,0,0,0,0,417,186622,0,0,0,0,44,65,22,4,1,10,0,2,2,No Team Selected
1-09,13:08:44,NINTEN,Pidgey,Super Nerd,12,Cinnabar Island - Gym,2,1:09:16.51,1:09:16,1h9m16s,2,0,2,57,4:30,5.929,SWIFT,FLY,AGILITY,WING ATTACK,25,10242,1006,149,64,798,717,367,20,79220,No Team Selected, ,Normal,Flying,187977,Pidgey2,Pidgey,,01:09:10.59,01:09:16.51,04:30:58.45,57,2,1,9,16,51,SWIFT,FLY,AGILITY,WING ATTACK,6,9,30,35,0,0,0,0,118,149,100,88,83,83,109,20857,36750,22747,24483,24483,29042,15,15,15,15,0,0,0,0,0,0,0,112,99,83,83,122,2287,354980,545947,74276,2287,25,2,0,10242,9003,1132,0,1006,213,149,64,5,0,35039,22610,1459,1459,526,107,202,0,0,0,0,0,66,0,22,0,5,0,1,0,1,0,0,0,8,0,0,0,0,0,10,1,1,0,0,0,0,0,6,0,0,0,0,419,187842,0,0,0,0,44,65,22,4,1,10,0,2,2,No Team Selected
1-09,13:09:24,NINTEN,Pidgey,Blaine,1,Cinnabar Island - Gym,4,1:09:56.31,1:09:56,1h9m56s,2,0,2,58,4:33,27.799,SWIFT,FLY,AGILITY,WING ATTACK,26,10247,1008,150,64,814,727,377,19,80145,No Team Selected, ,Normal,Flying,193971,Pidgey2,Pidgey,Blaine,01:09:28.51,01:09:56.31,04:33:37.01,58,2,1,9,56,31,SWIFT,FLY,AGILITY,WING ATTACK,2,3,30,35,0,0,0,0,22,152,102,90,85,85,111,21117,37115,22997,24758,24758,29392,15,15,15,15,0,-1,0,0,0,0,0,114,66,85,85,124,2287,355617,553073,76009,2287,26,2,0,10247,9008,1132,0,1008,214,150,64,5,0,35883,23172,1589,1589,531,112,206,0,0,0,0,0,68,0,23,0,5,0,1,0,1,0,0,0,8,0,0,0,0,0,10,1,1,0,0,0,0,0,6,0,0,0,0,423,193836,0,0,0,0,44,65,22,4,1,10,0,2,2,No Team Selected
1-09,13:10:05,NINTEN,Pidgey,Cooltrainer M,9,Viridian City - Gym,2,1:10:37.82,1:10:37,1h10m37s,2,0,2,58,4:36,9.072,SWIFT,FLY,AGILITY,WING ATTACK,27,10378,1025,151,64,818,731,378,20,84798,No Team Selected, ,Normal,Flying,196611,Pidgey2,Pidgey,,01:10:28.74,01:10:37.82,04:36:21.29,58,2,1,10,37,82,SWIFT,FLY,AGILITY,WING ATTACK,16,15,30,35,0,0,0,0,147,152,102,90,85,85,111,21227,37295,23157,24883,24883,29577,15,15,15,15,0,0,0,0,0,0,0,114,101,95,95,124,2287,361117,556083,77367,2287,27,2,0,10378,9139,1132,0,1025,215,151,64,5,0,36170,23367,1594,1594,531,112,207,0,0,0,0,0,69,0,23,0,5,0,1,0,1,0,0,0,8,0,0,0,0,0,10,1,1,0,0,0,0,0,6,0,0,0,0,425,196476,0,0,0,0,44,65,22,4,1,10,0,2,2,No Team Selected
1-09,13:10:21,NINTEN,Pidgey,Cooltrainer M,10,Viridian City - Gym,1,1:10:53.48,1:10:53,1h10m53s,2,0,2,58,4:37,12.201,SWIFT,FLY,AGILITY,WING ATTACK,27,10382,1025,152,64,824,736,382,20,86163,No Team Selected, ,Normal,Flying,197854,Pidgey2,Pidgey,,01:10:41.28,01:10:53.48,04:37:23.43,58,2,1,10,53,48,SWIFT,FLY,AGILITY,WING ATTACK,12,14,30,35,0,0,0,0,56,152,102,90,85,85,111,21307,37380,23252,24913,24913,29602,15,15,15,15,0,-2,0,0,0,0,0,144,50,119,119,156,2287,361428,559507,77367,2287,27,2,0,10382,9143,1132,0,1025,216,152,64,5,0,36315,23495,1685,1685,532,112,211,0,0,0,0,0,69,0,23,0,5,0,1,0,1,0,0,0,8,0,0,0,0,0,10,1,1,0,0,0,0,0,6,0,0,0,0,426,197719,0,0,0,0,44,65,22,4,1,10,0,2,2,No Team Selected
1-09,13:10:54,NINTEN,Pidgey,Blackbelt,8,Viridian City - Gym,3,1:11:26.83,1:11:26,1h11m26s,2,0,2,59,4:39,12.184,SWIFT,FLY,AGILITY,WING ATTACK,27,10523,1043,153,64,830,739,385,20,87668,No Team Selected, ,Normal,Flying,200945,Pidgey2,Pidgey,,01:11:14.65,01:11:26.83,04:39:36.01,59,2,1,11,26,83,SWIFT,FLY,AGILITY,WING ATTACK,20,12,30,35,0,0,0,0,155,155,104,92,87,87,114,21537,37660,23442,25048,25048,29727,15,15,15,15,0,0,0,0,0,0,0,117,103,97,97,128,2287,365453,562916,77870,2287,27,2,0,10523,9284,1132,0,1043,217,153,64,5,0,36893,23830,1685,1685,535,113,211,0,0,0,0,0,69,0,23,0,5,0,1,0,1,0,0,0,8,0,0,0,0,0,10,1,1,0,0,0,0,0,6,0,0,0,0,429,200810,0,0,0,0,44,65,22,4,1,10,0,2,2,No Team Selected
1-09,13:11:52,NINTEN,Pidgey,Giovanni,3,Viridian City - Gym,5,1:12:24.82,1:12:24,1h12m24s,2,0,2,59,4:43,40.7,SWIFT,FLY,AGILITY,WING ATTACK,28,10593,1061,154,64,848,757,396,20,88618,No Team Selected, ,Normal,Flying,209514,Pidgey2,Pidgey,Giovanni,01:11:44.12,01:12:24.82,04:43:26.33,59,2,1,12,24,82,SWIFT,FLY,AGILITY,WING ATTACK,5,12,27,35,0,0,0,0,62,155,104,92,87,87,114,21928,38129,23871,25343,25343,30073,15,15,15,15,0,-2,0,0,6,0,0,208,51,173,173,649,2287,368200,573433,78438,2287,28,2,0,10593,9354,1132,0,1061,218,154,64,5,0,37725,24500,1778,1778,535,114,216,0,0,0,0,0,71,0,23,0,5,0,1,0,1,0,0,0,8,0,0,0,0,0,10,1,1,0,0,0,0,0,6,0,0,0,0,434,209379,0,0,0,0,44,65,22,4,1,10,0,2,2,No Team Selected
1-09,13:13:43,NINTEN,Pidgey,Rival6-Route 22,10,Route 22,6,1:14:14.93,1:14:14,1h14m14s,3,0,3,60,4:47,38.822,SWIFT,FLY,AGILITY,WING ATTACK,29,10733,1072,155,65,869,772,409,20,93568,No Team Selected, ,Normal,Flying,218786,Pidgey2,Pidgey,Rival (Final),01:13:36.10,01:14:14.93,04:47:47.11,60,3,1,14,14,93,SWIFT,FLY,AGILITY,WING ATTACK,14,9,27,35,0,0,0,0,77,158,106,93,89,89,116,22340,38537,24311,25773,25773,30487,15,15,15,15,0,-2,0,0,6,0,0,210,51,177,177,587,2434,372762,584132,78674,2434,29,3,0,10733,9494,1132,0,1072,220,155,65,6,0,38866,25285,1859,1859,541,118,222,0,0,0,0,0,73,0,23,0,5,0,1,0,1,0,0,0,8,0,0,0,0,0,10,1,1,0,0,0,0,0,6,0,0,0,0,440,218651,0,0,0,0,44,65,22,4,1,10,0,2,3,No Team Selected
1-09,13:15:01,NINTEN,Pidgey,Cooltrainer F,5,Victory Road,2,1:15:33.70,1:15:33,1h15m33s,3,0,3,60,4:53,10.019,SWIFT,FLY,AGILITY,WING ATTACK,30,11094,1161,156,65,873,776,411,20,97013,No Team Selected, ,Normal,Flying,221858,Pidgey2,Pidgey,,01:15:23.68,01:15:33.70,04:53:00.19,60,3,1,15,33,70,SWIFT,FLY,AGILITY,WING ATTACK,10,9,27,35,0,0,0,0,47,158,106,93,89,89,116,22478,38683,24446,25938,25938,30702,15,15,15,15,0,0,0,0,0,0,0,119,104,100,100,130,2434,386456,587261,80639,2434,30,3,0,11094,9665,1282,0,1161,221,156,65,6,0,39160,25528,1889,1889,541,118,223,0,0,0,0,0,73,0,24,0,5,0,1,0,1,0,0,0,8,0,0,0,0,0,10,1,1,0,0,0,0,0,6,0,0,0,0,442,221723,0,0,0,0,46,65,22,4,1,10,0,2,3,No Team Selected
1-09,13:15:31,NINTEN,Pidgey,Cooltrainer M,5,Victory Road,4,1:16:03.03,1:16:03,1h16m3s,3,0,3,61,4:54,15.838,SWIFT,FLY,AGILITY,WING ATTACK,31,11109,1167,157,65,880,783,412,20,98553,No Team Selected, ,Normal,Flying,227573,Pidgey2,Pidgey,,01:15:47.20,01:16:03.03,04:54:56.56,61,3,1,16,3,3,SWIFT,FLY,AGILITY,WING ATTACK,3,9,27,35,0,0,0,0,146,160,108,95,90,90,118,22733,38956,24725,26233,26233,31000,15,15,15,15,0,0,0,0,0,0,0,121,106,101,101,132,2434,387418,591445,82490,2434,31,3,0,11109,9665,1297,0,1167,222,157,65,6,0,39742,25976,1903,1903,541,118,224,0,0,0,0,0,74,0,24,0,5,0,1,0,1,0,0,0,8,0,0,0,0,0,10,1,1,0,0,0,0,0,6,0,0,0,0,446,227438,0,0,0,0,46,65,22,4,1,10,0,2,3,No Team Selected
1-09,13:16:02,NINTEN,Pidgey,Blackbelt,9,Victory Road,3,1:16:33.87,1:16:33,1h16m33s,3,0,3,61,4:56,11.273,SWIFT,FLY,AGILITY,WING ATTACK,31,11153,1183,158,65,886,786,415,20,100023,No Team Selected, ,Normal,Flying,231071,Pidgey2,Pidgey,,01:16:22.60,01:16:33.87,04:56:59.26,61,3,1,16,33,87,SWIFT,FLY,AGILITY,WING ATTACK,3,6,27,35,0,0,0,0,146,160,108,95,90,90,118,22963,39236,24915,26368,26368,31125,15,15,15,15,0,0,0,0,0,0,0,121,106,101,101,132,2434,389481,594947,84275,2434,31,3,0,11153,9665,1341,0,1183,223,158,65,6,0,40334,26352,1903,1903,544,121,224,0,0,0,0,0,74,0,24,0,5,0,1,0,1,0,0,0,8,0,0,0,0,0,10,1,1,0,0,0,0,0,6,0,0,0,0,449,230936,0,0,0,0,46,65,22,4,1,10,0,2,3,No Team Selected
1-09,13:16:26,NINTEN,Pidgey,Juggler,2,Victory Road,4,1:16:58.17,1:16:58,1h16m58s,3,0,3,62,4:58,17.084,SWIFT,FLY,AGILITY,WING ATTACK,32,11168,1186,159,65,893,791,417,20,101098,No Team Selected, ,Normal,Flying,235961,Pidgey2,Pidgey,,01:16:41.08,01:16:58.17,04:58:36.04,62,3,1,16,58,17,SWIFT,FLY,AGILITY,WING ATTACK,1,4,27,34,0,0,0,0,100,163,109,97,92,92,120,23188,39427,25090,26813,26813,31444,15,15,15,15,0,0,-1,-1,0,0,0,122,109,67,67,135,2434,390227,599519,84755,2434,32,3,0,11168,9665,1356,0,1186,224,159,65,6,0,40986,26765,1952,1952,547,122,225,0,0,0,0,0,75,0,24,0,5,0,1,0,1,0,0,0,8,0,0,0,0,0,10,1,1,0,0,0,0,0,6,0,0,0,0,453,235826,0,0,0,0,46,65,22,4,1,10,0,2,3,No Team Selected
1-09,13:16:52,NINTEN,Pidgey,Tamer,5,Victory Road,2,1:17:24.00,1:17:24,1h17m24s,3,0,3,62,5:00,16.062,SWIFT,FLY,AGILITY,WING ATTACK,33,11193,1190,160,65,899,796,421,20,102533,No Team Selected, ,Normal,Flying,238995,Pidgey2,Pidgey,,01:17:07.94,01:17:24.00,05:00:18.48,62,3,1,17,24,0,SWIFT,FLY,AGILITY,WING ATTACK,0,3,27,31,0,0,0,0,67,163,109,97,92,92,120,23333,39579,25228,26958,26958,31644,15,15,15,15,0,0,0,0,0,0,0,122,109,103,103,135,2434,391095,604148,85422,2434,33,3,0,11193,9665,1381,0,1190,225,160,65,6,0,41313,27014,1985,1985,551,123,228,0,0,0,0,0,76,0,24,0,5,0,1,0,1,0,0,0,8,0,0,0,0,0,10,1,1,0,0,0,0,0,6,0,0,0,0,455,238860,0,0,0,0,46,65,22,4,1,10,0,2,3,No Team Selected
1-09,13:17:38,NINTEN,Pidgey,Cooltrainer F,3,Victory Road,3,1:18:10.43,1:18:10,1h18m10s,3,0,3,62,5:03,13.592,SWIFT,FLY,AGILITY,WING ATTACK,34,11282,1228,161,65,905,800,424,19,104293,No Team Selected, ,Normal,Flying,244144,Pidgey2,Pidgey,,01:17:56.84,01:18:10.43,05:03:23.14,62,3,1,18,10,43,SWIFT,FLY,AGILITY,WING ATTACK,18,1,27,31,0,0,0,0,101,163,109,97,92,92,120,23733,39749,25393,27238,27238,31794,15,15,15,15,0,0,0,0,0,0,0,122,109,103,103,135,2434,395383,607870,88478,2434,34,3,0,11282,9665,1470,0,1228,226,161,65,6,0,42103,27536,2047,2047,553,125,229,0,0,0,0,0,76,0,24,0,5,0,1,0,1,0,0,0,8,0,0,0,0,0,10,1,1,0,0,0,0,0,6,0,0,0,0,458,244009,0,0,0,0,46,65,22,4,1,10,0,2,3,No Team Selected
1-09,13:17:59,NINTEN,Pidgey,Cooltrainer F,2,Victory Road,3,1:18:31.15,1:18:31,1h18m31s,3,0,3,63,5:04,13.491,SWIFT,FLY,AGILITY,WING ATTACK,34,11318,1236,162,65,910,804,425,18,105798,No Team Selected, ,Normal,Flying,248067,Pidgey2,Pidgey,,01:18:17.66,01:18:31.15,05:04:45.38,63,3,1,18,31,15,SWIFT,FLY,AGILITY,WING ATTACK,18,1,27,27,0,0,0,0,80,166,112,99,93,93,122,23928,40019,25543,27493,27493,31959,15,15,15,15,0,0,0,0,0,0,0,126,111,104,104,137,2434,396241,611593,88841,2434,34,3,0,11318,9665,1506,0,1236,227,162,65,6,0,42682,27881,2071,2071,557,125,230,0,0,0,0,0,77,0,25,0,5,0,1,0,1,0,0,0,8,0,0,0,0,0,10,1,1,0,0,0,0,0,6,0,0,0,0,461,247932,0,0,0,0,46,65,22,4,1,10,0,2,3,No Team Selected
1-09,13:44:41,NINTEN,Pidgey,Lorelei,1,Lorelei's Room,5,1:45:13.82,1:45:13,1h45m13s,29,20,49,76,6:05,60.387,REST,FLY,AGILITY,MIMIC,44033,12984,9833,130,11008,313,7581,12018,16,0,No Team Selected, ,Normal,Flying,449864,Pidgey2,Pidgey,Lorelei,01:44:13.43,01:45:13.82,06:05:30.38,76,29,1,45,13,82,REST,FLY,AGILITY,MIMIC,9,10,27,6,0,3,0,0,75,200,134,120,113,113,147,26338,42074,28098,30018,30018,33779,15,15,15,15,-1,0,6,6,6,0,0,99,135,508,508,661,0,1342215420,117561971,1170,0,44033,1024,0,12984,1342183608,201368064,1208193539,9833,11138,130,11008,5632,11264,8363,721436416,805415580,4487,125,127,46933,0,0,0,0,0,13,2560,11,0,0,256,0,256,0,0,0,1536,52736,1,5120,1,0,0,0,0,0,0,0,0,0,0,4,4,0,0,20,27,56567,0,1000000,12000000,4299000,168,43520,8,59136,32768,7424,20,2,49,No Team Selected
1-09,13:45:42,NINTEN,Pidgey,Bruno,1,Bruno's Room,5,1:46:14.50,1:46:14,1h46m14s,29,20,49,76,6:09,44.261,REST,FLY,AGILITY,MIMIC,44034,12995,9835,131,11008,338,7595,12036,16,5544,No Team Selected, ,Normal,Flying,458071,Pidgey2,Pidgey,Bruno,01:45:30.24,01:46:14.50,06:09:31.59,76,29,1,46,14,50,REST,FLY,AGILITY,MIMIC,10,9,27,10,0,3,0,0,145,200,134,120,113,113,147,26598,42519,28630,30213,30213,34137,15,15,15,15,0,0,0,0,6,0,0,212,190,178,178,661,0,1342216551,117573345,3146,0,44034,1024,0,12995,1342183619,201368064,1208193539,9835,11139,131,11008,5632,11264,9565,721437075,805415635,4542,136,136,46941,0,0,0,0,0,15,2560,11,0,0,256,0,256,0,0,0,1536,52736,1,5120,1,0,0,0,0,0,0,0,0,0,0,4,4,0,0,20,32,64774,0,1000000,12000000,4299000,168,43520,8,59136,32768,7424,20,2,49,No Team Selected
1-09,13:47:19,NINTEN,Pidgey,Agatha,1,Agatha's Room,5,1:47:50.85,1:47:50,1h47m50s,30,20,50,77,6:12,33.227,REST,FLY,AGILITY,MIMIC,44035,13006,9856,132,11008,358,7606,12049,16,11286,No Team Selected, ,Normal,Flying,468157,Pidgey2,Pidgey,Agatha,01:47:17.62,01:47:50.85,06:12:46.23,77,30,1,47,50,85,REST,FLY,AGILITY,MIMIC,9,11,28,10,0,3,0,0,153,203,137,122,115,115,149,26898,42864,28934,30728,30728,34622,15,15,15,15,0,0,0,0,2,0,0,154,137,129,129,335,149,1342217616,117581775,5171,149,44035,1025,0,13006,1342183630,201368064,1208193539,9856,11140,132,11008,5632,11264,10516,721437795,805415685,4592,144,145,46944,0,0,0,0,0,16,2560,11,0,1,256,0,256,0,0,0,1536,52736,1,5120,1,0,0,4,1,0,0,0,0,0,0,4,4,0,0,20,37,74860,0,1000000,12000000,4299000,168,43520,8,59136,32768,7424,20,2,50,No Team Selected
1-09,13:48:54,NINTEN,Pidgey,Lance,1,Lance's Room,5,1:49:26.31,1:49:26,1h49m26s,30,20,50,77,6:19,68.683,REST,FLY,AGILITY,MIMIC,44036,13056,9858,133,11008,379,7620,12062,16,17226,No Team Selected, ,Normal,Flying,479763,Pidgey2,Pidgey,Lance,01:48:17.62,01:49:26.31,06:19:06.10,77,30,1,49,26,31,REST,FLY,AGILITY,MIMIC,7,20,27,3,0,3,0,0,96,203,137,122,115,115,149,27286,43396,29303,31128,31128,35053,15,15,15,15,0,-1,0,0,6,0,0,245,113,205,205,670,149,1342219857,117598918,8574,149,44036,1025,0,13056,1342183680,201368064,1208193539,9858,11141,133,11008,5632,11264,12022,721438637,805416246,5153,151,147,46954,0,0,0,0,0,16,2560,12,0,1,256,0,256,0,0,0,1536,52736,1,5120,1,0,0,4,1,0,0,0,0,0,0,7,4,0,0,20,42,86466,0,1000000,12000000,4299000,168,43520,8,59136,32768,7424,20,2,50,No Team Selected
1-09,13:52:49,NINTEN,Pidgey,Champion,1,Champions Room,6,1:53:21.62,1:53:21,1h53m21s,33,20,53,79,6:23,46.88,REST,FLY,AGILITY,MIMIC,44037,13064,9858,134,11008,410,7637,12087,15,23364,No Team Selected, ,Normal,Flying,521624,Pidgey2,Pidgey,Champion,01:52:34.74,01:53:21.62,06:23:33.33,79,33,1,53,21,62,REST,FLY,AGILITY,MIMIC,7,6,24,3,0,3,0,0,122,208,140,125,118,118,154,27793,43944,29808,31668,31668,35532,15,15,15,15,0,-3,0,0,6,0,0,315,56,264,264,779,302,1342221534,117610672,11038,302,44037,1026,0,13064,1342183688,201368064,1208193539,9858,11142,134,11008,5632,11264,13811,721439750,805416332,5239,164,155,46959,0,0,0,0,0,18,2560,12,0,1,256,0,256,0,0,0,1536,52736,1,5120,1,0,0,4,1,0,0,0,0,0,0,7,4,0,0,20,48,102299,0,1000000,12000000,4299000,168,43520,8,59136,32768,7424,20,2,53,No Team Selected
