date_string,time_string,player_name,pokemon,trainer_name,trainer_id,location,total_pokemon,real_time_total,real_time_hmmss,real_time_file_label,resets,blackouts,failures,level,game_time,battle_duration,move1,move2,move3,move4,move1pp,move2pp,move3pp,move4pp,move1ppUp,move2ppUp,move3ppUp,move4ppUp,saves,steps,bonks,trainerBattles,wildBattles,battleTurns,playerTurns,enemyTurns,itemsInBag,money,rivalTeam,statusCondition,type1,type2,experience,ROM,Species,Trainer,Start Time,Real Time,Game Time,Level,Resets,RTHours,RTMinutes,RTSeconds,RTMilliseconds,Move 1,Move 2,Move 3,Move 4,Hp,Max HP,Attack,Defense,Sp. Attack,Sp. Defense,Speed,Attack DV,Defense DV,Speed DV,Special DV,StatExp HP,StatExp Attack,StatExp Def,StatExp Sp. Attack,StatExp Sp. Defense,StatExp Speed,Attack Stage,Defense Stage,Sp. Attack Stage,Sp. Defense Stage,Speed Stage,Accuracy Stage,Evasion Stage,Battle Attack,Battle Defense,Battle Sp. Attack,Battle Sp. Defense,Battle Speed,Frame Count,Overworld Frame Count,Battle Frame Count,Menu Frame Count,Intro Frame Count,Save Count,Reload Count,Clock Reset Count,Steps Count,Steps Count Walk,Steps Count Bike,Steps Count Surf,Bonks,Battles,Trainer Battles,Wild Battles,Battles Fled,Failed Runs,Total Damage Dealt,Actual Damage Dealt,Total Damage Taken,Actual Damage Taken,Own Moves Hit,Own Moves Missed,Enemy Moves Hit,Enemy Moves Missed,Own Moves Super Effective,Own Moves Not Very Effective,Enemy Moves Super Effective,Enemy Moves Not Very Effective,Criticals Dealt,OHKOs Dealt,Criticals Taken,OHKOs Taken,Was Confused,Enemy Became Confused,Was Paralyzed,Enemy Was Paralyzed,Was Burned,Enemy Was Burned,Was Frozen,Enemy Was Frozen,Was Poisoned,Enemy Was Poisoned,Was Badly Poisoned,Enemy Was Badly Poisoned,Fell Asleep,Enemy Fell Asleep,Player Turns Confused,Player Turns Confused Hit Self,Player Turns Paralyzed,Player Turns Paralyzed Fully,Enemy Turns Confused,Enemy Turns Confused Hit Self,Enemy Turns Paralyzed,Enemy Turns Paralyzed Fully, Player Turns Asleep, Enemy Turns Asleep,Player HP Healed,Enemy HP Healed,Player Pokemon Fainted,Enemy Pokemon Fainted,Experience Gained,Switchouts,Money Made,Money Spent,Money Lost,Items Picked Up,Items Bought,Items Sold,Balls Thrown,Pokemon Caught In Balls,Moves Learnt,Blackouts,Attempt Number,Failures, Rival's Team
11-27,12:41:13,NINTEN,Tauros,Rocket,42,Mt Moon - 3,3,2.76,2,0h0m2s,0,0,0,16,0:38,0.5,TACKLE,,,,1,1853,78,16,13,134,128,85,6,2850,Jolteon, ,Normal,Normal,5529,Tauros2,Tauros,,00:00:02.26,00:00:02.76,00:38:17.57,16,0,0,0,2,76,TACKLE,,,,19,0,0,0,0,0,0,0,37,56,43,41,33,33,46,1881,1966,2122,1417,1417,2276,15,15,15,15,0,-2,0,0,0,0,0,48,20,33,33,46,139861,56028,80324,1345,2164,1,1,0,1853,1853,0,0,78,29,16,13,1,0,1662,1193,193,193,116,20,66,0,0,0,0,0,26,0,5,0,0,0,0,0,0,0,0,0,0,1,0,0,0,0,0,0,0,0,0,0,0,0,0,0,0,0,1,44,5031,0,0,0,0,2,13,0,1,1,0,0,2,0,Jolteon
11-27,12:41:18,NINTEN,Tauros,Brock,1,Pewter City - Gym,2,7.91,7,0h0m7s,0,0,0,12,0:27,4.259,TACKLE,,,,1,1298,57,10,13,93,87,61,3,897,Jolteon, ,Normal,Normal,2626,Tauros2,Tauros,Brock,00:00:03.64,00:00:07.91,00:27:01.36,12,0,0,0,7,91,TACKLE,,,,16,0,0,0,0,0,0,0,5,44,33,32,26,26,36,1136,1250,1314,862,862,1434,15,15,15,15,0,-6,0,0,0,0,0,33,8,26,26,36,99280,41000,55846,270,2164,1,1,0,1298,1298,0,0,57,23,10,13,1,0,902,649,135,135,79,15,47,0,0,0,0,0,20,0,3,0,0,0,0,0,0,0,0,0,0,0,0,0,0,0,0,0,0,0,0,0,0,0,0,0,0,0,1,27,2470,0,0,0,0,1,13,0,1,1,0,0,2,0,Jolteon
11-27,12:42:24,NINTEN,Tauros,Bug Catcher,4,Route 3,3,17.37,17,0h0m17s,0,0,0,13,0:31,14.894,TACKLE,,,,2,1409,63,11,13,99,93,64,4,2085,Jolteon,Poisoned,Normal,Normal,2961,Tauros2,Tauros,,00:00:02.48,00:00:17.37,00:31:18.39,13,0,0,0,17,37,TACKLE,,,,29,0,0,0,0,0,0,0,39,47,36,34,28,28,38,1266,1345,1414,922,922,1574,15,15,15,15,0,0,0,0,0,0,0,40,34,28,28,38,114703,50675,60621,1243,2164,2,1,0,1409,1409,0,0,63,24,11,13,1,0,1023,738,143,143,85,15,50,0,0,0,0,0,20,0,3,0,0,0,0,0,0,0,0,0,0,1,0,0,0,0,0,0,0,0,0,0,0,0,0,0,0,0,1,30,2805,0,0,0,0,1,13,0,1,1,0,0,2,0,Jolteon
11-27,12:42:41,NINTEN,Tauros,Youngster Ben,1,Route 3,2,34.73,34,0h0m34s,0,0,0,13,0:32,11.843,TACKLE,,,,2,1413,63,12,13,104,98,68,4,2185,Jolteon,Poisoned,Normal,Normal,3239,Tauros2,Tauros,,00:00:22.89,00:00:34.73,00:32:27.00,13,0,0,0,34,73,TACKLE,,,,24,0,0,0,0,0,0,0,26,47,36,34,28,28,38,1331,1461,1493,987,987,1701,15,15,15,15,0,-1,0,0,0,0,0,45,22,28,28,38,118804,51039,63921,1680,2164,2,1,0,1413,1413,0,0,63,25,12,13,1,0,1103,797,156,156,89,16,54,0,0,0,0,0,20,0,3,0,0,0,0,0,0,0,0,0,0,2,0,0,0,0,0,0,0,0,0,0,0,0,0,0,0,0,1,32,3083,0,0,0,0,1,13,0,1,1,0,0,2,0,Jolteon
11-27,12:43:05,NINTEN,Tauros,Bug Catcher,5,Route 3,4,58.67,58,0h0m58s,0,0,0,14,0:34,17.83,TACKLE,,,,2,1417,64,13,13,112,106,72,4,2350,Jolteon, ,Normal,Normal,3714,Tauros2,Tauros,,00:00:40.84,00:00:58.67,00:34:01.08,14,0,0,0,58,67,TACKLE,,,,16,0,0,0,0,0,0,0,45,50,38,37,29,29,41,1511,1571,1663,1077,1077,1861,15,15,15,15,0,0,0,0,0,0,0,42,37,29,29,41,124452,51240,68640,2408,2164,2,1,0,1417,1417,0,0,64,26,13,13,1,0,1278,909,160,160,97,16,56,0,0,0,0,0,21,0,3,0,0,0,0,0,0,0,0,0,0,2,0,0,0,0,0,0,0,0,0,0,0,0,0,0,0,0,1,36,3558,0,0,0,0,1,13,0,1,1,0,0,2,0,Jolteon
11-27,12:43:21,NINTEN,Tauros,Lass,2,Route 3,2,1:14.17,1:14,0h1m14s,0,0,0,14,0:35,11.122,TACKLE,,,,2,1424,65,14,13,118,112,76,4,2440,Jolteon, ,Normal,Normal,3962,Tauros2,Tauros,,00:01:03.05,00:01:14.17,00:35:02.23,14,0,0,1,14,17,TACKLE,,,,10,0,0,0,0,0,0,0,36,50,38,37,29,29,41,1587,1684,1738,1142,1142,1983,15,15,15,15,0,-1,0,0,0,0,0,47,24,29,29,41,128127,51743,71812,2408,2164,2,1,0,1424,1424,0,0,65,27,14,13,1,0,1368,966,169,169,101,19,59,0,0,0,0,0,21,0,3,0,0,0,0,0,0,0,0,0,0,2,0,0,0,0,0,0,0,0,0,0,0,0,0,0,0,0,1,38,3806,0,0,0,0,1,13,0,1,1,0,0,2,0,Jolteon
11-27,12:43:34,NINTEN,Tauros,Bug Catcher,6,Route 3,2,1:27.03,1:27,0h1m27s,0,0,0,15,0:35,10.261,TACKLE,,,,2,1425,67,15,13,122,116,78,4,2590,Jolteon, ,Normal,Normal,4255,Tauros2,Tauros,,00:01:16.77,00:01:27.03,00:35:53.05,15,0,0,1,27,3,TACKLE,,,,6,0,0,0,0,0,0,0,39,53,41,39,31,31,44,1682,1734,1828,1187,1187,2058,15,15,15,15,0,0,0,0,-1,0,0,46,39,31,31,29,131169,51883,74714,2408,2164,2,1,0,1425,1425,0,0,67,28,15,13,1,0,1456,1031,169,169,105,19,60,0,0,0,0,0,22,0,3,0,0,0,0,0,0,0,0,0,0,2,0,0,0,0,0,0,0,0,0,0,0,0,0,0,0,0,1,40,4099,0,0,0,0,1,13,0,1,1,0,0,2,0,Jolteon
11-27,12:44:00,NINTEN,Tauros,Super Nerd,1,Mt Moon - 1,2,1:53.31,1:53,0h1m53s,0,0,0,15,0:37,9.346,TACKLE,,,,2,1572,71,16,13,126,120,80,4,2700,Jolteon, ,Normal,Normal,4704,Tauros2,Tauros,,00:01:43.96,00:01:53.31,00:37:36.47,15,0,0,1,53,31,TACKLE,,,,31,0,0,0,0,0,0,0,51,53,41,39,31,31,44,1747,1799,1948,1337,1337,2203,15,15,15,15,0,0,0,0,0,0,0,46,39,31,31,44,137391,55481,77338,2408,2164,2,1,0,1572,1572,0,0,71,29,16,13,1,0,1534,1090,171,171,109,20,61,0,0,0,0,0,22,0,3,0,0,0,0,0,0,0,0,0,0,2,0,0,0,0,0,0,0,0,0,0,0,0,0,0,0,0,1,42,4548,0,0,0,0,1,13,0,1,1,0,0,2,0,Jolteon
11-27,12:44:15,NINTEN,Tauros,Bug Catcher,8,Mt Moon - 1,3,2:08.28,2:08,0h2m8s,0,0,0,15,0:38,10.393,TACKLE,,,,2,1592,72,17,13,130,124,81,5,2975,Jolteon, ,Normal,Normal,5081,Tauros2,Tauros,,00:01:57.88,00:02:08.28,00:38:35.52,15,0,0,2,8,28,TACKLE,,,,27,0,0,0,0,0,0,0,49,53,41,39,31,31,44,1887,1879,2073,1402,1402,2323,15,15,15,15,0,0,0,0,0,0,0,46,39,31,31,44,140936,56163,80201,2408,2164,2,1,0,1592,1592,0,0,72,30,17,13,1,0,1647,1181,173,173,113,20,62,0,0,0,0,0,23,0,3,0,0,0,0,0,0,0,0,0,0,2,0,0,0,0,0,0,0,0,0,0,0,0,0,0,0,0,1,45,4925,0,0,0,0,2,13,0,1,1,0,0,2,0,Jolteon
11-27,12:44:29,NINTEN,Tauros,Lass,5,Mt Moon - 1,2,2:22.57,2:22,0h2m22s,0,0,0,16,0:39,10,TACKLE,,,,2,1613,72,18,13,134,128,83,5,3075,Jolteon, ,Normal,Normal,5462,Tauros2,Tauros,,00:02:12.57,00:02:22.57,00:39:32.17,16,0,0,2,22,57,TACKLE,,,,23,0,0,0,0,0,0,0,44,56,43,41,33,33,46,1982,2004,2163,1547,1547,2393,15,15,15,15,0,0,0,0,0,0,0,48,41,33,33,46,144321,56787,82962,2408,2164,2,1,0,1613,1613,0,0,72,31,18,13,1,0,1745,1247,181,181,116,21,64,0,0,0,0,0,25,0,3,0,0,0,0,0,0,0,0,0,0,2,0,0,0,0,0,0,0,0,0,0,0,0,0,0,0,0,1,47,5306,0,0,0,0,2,13,0,1,1,0,0,2,0,Jolteon
11-27,12:44:42,NINTEN,Tauros,Youngster,3,Mt Moon - 1,3,2:35.63,2:35,0h2m35s,0,0,0,16,0:40,8.673,TACKLE,,,,2,1645,74,19,13,137,131,83,5,3240,Jolteon, ,Normal,Normal,5819,Tauros2,Tauros,,00:02:26.95,00:02:35.63,00:40:23.46,16,0,0,2,35,63,TACKLE,,,,20,0,0,0,0,0,0,0,44,56,43,41,33,33,46,2082,2161,2268,1637,1637,2592,15,15,15,15,0,0,0,0,0,0,0,48,41,33,33,46,147410,57443,85395,2408,2164,2,1,0,1645,1645,0,0,74,32,19,13,1,0,1855,1330,181,181,119,21,64,0,0,0,0,0,26,0,3,0,0,0,0,0,0,0,0,0,0,2,0,0,0,0,0,0,0,0,0,0,0,0,0,0,0,0,1,50,5663,0,0,0,0,2,13,0,1,1,0,0,2,0,Jolteon
11-27,12:45:13,NINTEN,Tauros,Fossil Nerd,2,Mt Moon - 3,3,3:05.99,3:05,0h3m5s,0,0,0,17,0:42,16.225,TACKLE,,,,2,1787,77,20,13,145,139,88,5,3390,Jolteon, ,Normal,Normal,6606,Tauros2,Tauros,,00:02:49.76,00:03:05.99,00:42:23.50,17,0,0,3,5,99,TACKLE,,,,12,0,0,0,0,0,0,0,38,59,46,44,35,35,49,2242,2336,2463,1792,1792,2752,15,15,15,15,0,0,0,0,0,0,0,51,44,35,35,49,154614,60401,89641,2408,2164,2,1,0,1787,1787,0,0,77,33,20,13,1,0,1987,1439,190,190,126,24,67,0,0,0,0,0,26,0,4,0,0,0,0,0,0,0,0,0,0,2,0,0,0,0,0,0,0,0,0,0,0,0,0,0,0,0,1,53,6450,0,0,0,0,2,13,0,1,1,0,0,2,0,Jolteon
11-27,12:45:39,NINTEN,Tauros,Rocket,42,Mt Moon - 3,3,3:32.27,3:32,0h3m32s,0,0,0,18,0:44,17.013,TACKLE,,,,2,1803,78,21,13,154,146,92,6,3690,Jolteon, ,Normal,Normal,7341,Tauros2,Tauros,,00:03:15.26,00:03:32.27,00:44:07.39,18,0,0,3,32,27,TACKLE,,,,5,0,0,0,0,0,0,0,45,62,48,46,37,37,52,2357,2506,2637,1932,1932,2932,15,15,15,15,0,-1,0,0,0,0,0,54,30,37,37,52,160843,61833,94079,2767,2164,2,1,0,1803,1803,0,0,78,34,21,13,1,0,2132,1549,206,206,132,25,71,0,0,0,0,0,28,0,4,0,0,0,0,0,0,0,0,0,0,2,0,0,0,0,0,0,0,0,0,0,0,0,0,0,0,0,1,56,7185,0,0,0,0,2,13,0,1,1,0,0,2,0,Jolteon
11-27,12:46:11,NINTEN,Tauros,Swimmer,1,Cerulean City - Gym,2,4:04.49,4:04,0h4m4s,0,0,0,18,0:46,13.503,TACKLE,,,,2,1939,81,22,13,161,153,97,6,4110,Jolteon, ,Normal,Normal,7955,Tauros2,Tauros,,00:03:50.99,00:04:04.49,00:46:14.50,18,0,0,4,4,49,TACKLE,,,,28,0,0,0,0,0,0,0,52,62,48,46,37,37,52,2417,2611,2807,2047,2047,3032,15,15,15,15,0,0,0,0,0,0,0,54,46,37,37,52,168474,65779,97764,2767,2164,2,1,0,1939,1939,0,0,81,35,22,13,1,0,2232,1625,216,216,138,26,73,0,0,0,0,0,30,0,4,0,0,0,0,0,0,0,0,0,0,2,0,0,0,0,0,0,0,0,0,0,0,0,0,0,0,0,1,58,7799,0,0,0,0,2,13,0,1,1,0,0,2,0,Jolteon
11-27,12:46:23,NINTEN,Tauros,Pecking Lass,1,Cerulean City - Gym,1,4:16.94,4:16,0h4m16s,0,0,0,18,0:47,8.668,TACKLE,,,,2,1947,82,23,13,165,156,100,6,4190,Jolteon, ,Normal,Normal,8406,Tauros2,Tauros,,00:04:08.27,00:04:16.94,00:47:04.02,18,0,0,4,16,94,TACKLE,,,,25,0,0,0,0,0,0,0,37,62,48,46,37,37,52,2462,2678,2867,2097,2097,3095,15,15,15,15,0,0,0,0,0,0,0,54,46,37,37,52,171426,66190,100305,2767,2164,2,1,0,1947,1947,0,0,82,36,23,13,1,0,2292,1674,231,231,141,27,75,0,0,0,0,0,31,0,4,0,0,1,0,0,0,0,0,0,0,2,0,0,0,0,1,1,0,0,0,0,0,0,0,0,0,0,1,59,8250,0,0,0,0,2,13,0,1,1,0,0,2,0,Jolteon
11-27,12:47:20,NINTEN,Tauros,Rival2-Nugget Bridge,3,Cerulean City,4,5:13.37,5:13,0h5m13s,0,0,0,21,0:50,11.413,STOMP,TACKLE,,,2,2122,88,24,16,176,167,103,5,4570,Jolteon, ,Normal,Normal,12614,Tauros2,Tauros,Rival (Nugget Bridge),00:05:01.96,00:05:13.37,00:50:46.13,21,0,0,5,13,37,STOMP,TACKLE,,,15,19,0,0,0,0,0,0,39,71,56,53,43,43,60,2767,3119,3212,2340,2340,3512,15,15,15,15,0,0,0,0,0,0,0,63,53,43,43,60,184757,70756,107609,4228,2164,2,1,0,2122,2122,0,0,88,40,24,16,1,0,2682,1924,238,238,150,29,78,0,0,0,0,0,31,0,5,0,0,1,0,0,0,0,0,0,0,2,0,0,0,0,1,1,0,0,0,0,0,0,0,0,0,0,1,66,9534,0,0,0,0,3,13,0,1,1,1,0,2,0,Jolteon
11-27,12:47:34,NINTEN,Tauros,Bug Catcher,9,Route 24,2,5:27.14,5:27,0h5m27s,0,0,0,21,0:51,6.062,STOMP,TACKLE,,,2,2133,88,25,16,178,169,103,5,5165,Jolteon, ,Normal,Normal,12929,Tauros2,Tauros,,00:05:21.08,00:05:27.14,00:51:40.31,21,0,0,5,27,14,STOMP,TACKLE,,,13,19,0,0,0,0,0,0,39,71,56,53,43,43,60,2852,3184,3277,2380,2380,3607,15,15,15,15,0,0,0,0,0,0,0,63,53,43,43,60,188016,72070,109553,4228,2164,2,1,0,2133,2133,0,0,88,41,25,16,1,0,2877,1999,238,238,152,29,78,0,0,0,0,0,32,0,5,0,0,1,0,0,0,0,0,0,0,2,0,0,0,0,1,1,0,0,0,0,0,0,0,0,0,0,1,68,9849,0,0,0,0,3,13,0,1,1,1,0,2,0,Jolteon
11-27,12:47:43,NINTEN,Tauros,Lass,8,Route 24,2,5:36.23,5:36,0h5m36s,0,0,0,21,0:52,6.45,STOMP,TACKLE,,,2,2135,88,26,16,180,171,104,5,5305,Jolteon, ,Normal,Normal,13271,Tauros2,Tauros,,00:05:29.77,00:05:36.23,00:52:16.11,21,0,0,5,36,23,STOMP,TACKLE,,,11,19,0,0,0,0,0,0,34,71,56,53,43,43,60,2947,3276,3369,2455,2455,3704,15,15,15,15,0,0,0,0,0,0,0,63,53,43,43,60,190155,72192,111571,4228,2164,2,1,0,2135,2135,0,0,88,42,26,16,1,0,2994,2077,243,243,154,29,79,0,0,0,0,0,32,0,5,0,0,1,0,0,0,0,0,0,0,2,0,0,0,0,1,1,0,0,0,0,0,0,0,0,0,0,1,70,10191,0,0,0,0,3,13,0,1,1,1,0,2,0,Jolteon
11-27,12:47:54,NINTEN,Tauros,Youngster,4,Route 24,3,5:47.88,5:47,0h5m47s,0,0,0,22,0:53,8.873,STOMP,TACKLE,,,2,2139,92,27,16,183,174,104,5,5515,Jolteon, ,Normal,Normal,13790,Tauros2,Tauros,,00:05:39.01,00:05:47.88,00:53:02.01,22,0,0,5,47,88,STOMP,TACKLE,,,8,19,0,0,0,0,0,0,37,74,58,56,45,45,63,3052,3437,3483,2560,2560,3886,15,15,15,15,0,0,0,0,0,0,0,65,56,45,45,63,192905,72374,114139,4228,2164,2,1,0,2139,2139,0,0,92,43,27,16,1,0,3230,2184,243,243,157,29,79,0,0,0,0,0,33,0,5,0,0,1,0,0,0,0,0,0,0,2,0,0,0,0,1,1,0,0,0,0,0,0,0,0,0,0,1,73,10710,0,0,0,0,3,13,0,1,1,1,0,2,0,Jolteon
11-27,12:48:04,NINTEN,Tauros,Lass,7,Route 24,2,5:57.05,5:57,0h5m57s,0,0,0,22,0:53,6.434,STOMP,TACKLE,,,2,2143,93,28,16,185,176,105,5,5725,Jolteon, ,Normal,Normal,14178,Tauros2,Tauros,,00:05:50.62,00:05:57.05,00:53:38.04,22,0,0,5,57,5,STOMP,TACKLE,,,6,19,0,0,0,0,0,0,32,74,58,56,45,45,63,3147,3529,3575,2635,2635,3983,15,15,15,15,0,0,0,0,0,0,0,65,56,45,45,63,195068,72532,116144,4228,2164,2,1,0,2143,2143,0,0,93,44,28,16,1,0,3347,2271,248,248,159,29,80,0,0,0,0,0,33,0,5,0,0,1,0,0,0,0,0,0,0,2,0,0,0,0,1,1,0,0,0,0,0,0,0,0,0,0,1,75,11098,0,0,0,0,3,13,0,1,1,1,0,2,0,Jolteon
11-27,12:48:10,NINTEN,Tauros,Jr Trainer M,3,Route 24,1,6:03.66,6:03,0h6m3s,0,0,0,22,0:54,3.92,STOMP,TACKLE,,,2,2147,96,29,16,186,177,105,5,5965,Jolteon, ,Normal,Normal,14463,Tauros2,Tauros,,00:05:59.74,00:06:03.66,00:54:03.58,22,0,0,6,3,66,STOMP,TACKLE,,,5,19,0,0,0,0,0,0,32,74,58,56,45,45,63,3187,3609,3610,2670,2670,4053,15,15,15,15,0,0,0,0,0,0,0,65,56,45,45,63,196622,72694,117536,4228,2164,2,1,0,2147,2147,0,0,96,45,29,16,1,0,3404,2316,248,248,160,29,80,0,0,0,0,0,33,0,5,0,0,1,0,0,0,0,0,0,0,2,0,0,0,0,1,1,0,0,0,0,0,0,0,0,0,0,1,76,11383,0,0,0,0,3,13,0,1,1,1,0,2,0,Jolteon
11-27,12:48:22,NINTEN,Tauros,Rocket,6,Route 24,2,6:15.81,6:15,0h6m15s,0,0,0,22,0:54,5.981,STOMP,TACKLE,,,2,2153,96,30,16,188,179,105,6,6325,Jolteon, ,Normal,Normal,14833,Tauros2,Tauros,,00:06:09.82,00:06:15.81,00:54:51.51,22,0,0,6,15,81,STOMP,TACKLE,,,3,19,0,0,0,0,0,0,32,74,58,56,45,45,63,3262,3714,3689,2750,2750,4163,15,15,15,15,0,0,0,0,0,0,0,65,56,45,45,63,199495,73656,119447,4228,2164,2,1,0,2153,2153,0,0,96,46,30,16,1,0,3532,2392,248,248,162,29,80,0,0,0,0,0,33,0,5,0,0,1,0,0,0,0,0,0,0,2,0,0,0,0,1,1,0,0,0,0,0,0,0,0,0,0,1,78,11753,0,0,0,0,3,13,0,1,1,1,0,2,0,Jolteon
11-27,12:48:41,NINTEN,Tauros,Hiker,2,Route 25,2,6:34.33,6:34,0h6m34s,0,0,0,23,0:56,9.66,STOMP,TACKLE,,,2,2195,98,31,16,192,183,106,6,6775,Jolteon, ,Normal,Normal,15391,Tauros2,Tauros,,00:06:24.67,00:06:34.33,00:56:05.03,23,0,0,6,34,33,STOMP,TACKLE,,,0,18,0,0,0,0,0,0,35,77,61,59,47,47,66,3372,3874,3839,2815,2815,4218,15,15,15,15,0,0,0,0,0,0,0,68,59,47,47,66,203887,75258,122237,4228,2164,2,1,0,2195,2195,0,0,98,47,31,16,1,0,3628,2479,248,248,166,29,80,0,0,0,0,0,33,0,5,0,0,1,0,0,0,0,0,0,0,2,0,0,0,0,1,1,0,0,0,0,0,0,0,0,0,0,1,80,12311,0,0,0,0,3,13,0,1,1,1,0,2,0,Jolteon
11-27,12:48:57,NINTEN,Tauros,Lass,9,Route 25,2,6:50.76,6:50,0h6m50s,0,0,0,23,0:57,5.921,STOMP,TACKLE,,,2,2215,102,32,16,194,185,106,6,7300,Jolteon, ,Normal,Normal,15772,Tauros2,Tauros,,00:06:44.84,00:06:50.76,00:57:09.27,23,0,0,6,50,76,STOMP,TACKLE,,,8,28,0,0,0,0,0,0,75,77,61,59,47,47,66,3473,3978,3931,2895,2895,4309,15,15,15,15,0,0,0,0,0,0,0,68,59,47,47,66,207751,76377,124118,5092,2164,2,1,0,2215,2215,0,0,102,48,32,16,1,0,3797,2563,248,248,168,29,80,0,0,0,0,0,34,0,5,0,0,1,0,0,0,0,0,0,0,2,0,0,0,0,1,1,0,0,0,0,0,0,0,0,0,0,1,82,12692,0,0,0,0,4,13,0,1,1,1,0,2,0,Jolteon
11-27,12:49:08,NINTEN,Tauros,Jr Trainer M,2,Route 25,2,7:01.23,7:01,0h7m1s,0,0,0,23,0:57,6.625,STOMP,TACKLE,,,2,2227,105,33,16,196,187,107,6,7525,Jolteon, ,Normal,Normal,16129,Tauros2,Tauros,,00:06:54.60,00:07:01.23,00:57:50.41,23,0,0,7,1,23,STOMP,TACKLE,,,6,28,0,0,0,0,0,0,70,77,61,59,47,47,66,3538,4094,4010,2960,2960,4436,15,15,15,15,0,0,0,0,0,0,0,68,59,47,47,66,210225,76814,126155,5092,2164,2,1,0,2227,2227,0,0,105,49,33,16,1,0,3947,2633,253,253,170,29,81,0,0,0,0,0,34,0,5,0,0,1,0,0,0,0,0,0,0,2,0,0,0,0,1,1,0,0,0,0,0,0,0,0,0,0,1,84,13049,0,0,0,0,4,13,0,1,1,1,0,2,0,Jolteon
11-27,12:49:20,NINTEN,Tauros,Oddish Lass,10,Route 25,3,7:13.13,7:13,0h7m13s,0,0,0,23,0:58,7.816,STOMP,TACKLE,,,2,2242,105,34,16,199,190,107,6,7805,Jolteon, ,Normal,Normal,16714,Tauros2,Tauros,Oddish Lass,00:07:05.32,00:07:13.13,00:58:37.31,23,0,0,7,13,13,STOMP,TACKLE,,,3,28,0,0,0,0,0,0,70,77,61,59,47,47,66,3668,4239,4160,3145,3145,4552,15,15,15,15,0,0,0,0,0,0,0,68,59,47,47,66,213035,77298,128481,5092,2164,2,1,0,2242,2242,0,0,105,50,34,16,1,0,4169,2740,253,253,173,29,81,0,0,0,0,0,34,0,5,0,0,1,0,0,0,0,0,0,0,2,0,0,0,0,1,1,0,0,0,0,0,0,0,0,0,0,1,87,13634,0,0,0,0,4,13,0,1,1,1,0,2,0,Jolteon
11-27,12:49:53,NINTEN,Tauros,Cerulean Rocket,5,Cerulean City,2,7:46.65,7:46,0h7m46s,0,0,0,24,1:00,6.831,STOMP,TACKLE,,,2,2388,121,35,16,201,192,107,8,8000,Jolteon, ,Normal,Normal,17403,Tauros2,Tauros,Rocket,00:07:39.81,00:07:46.65,01:00:49.59,24,0,0,7,46,65,STOMP,TACKLE,,,1,28,0,0,0,0,0,0,73,80,64,61,49,49,69,3798,4367,4255,3270,3270,4629,15,15,15,15,0,0,0,0,0,0,0,72,61,49,49,69,220983,83150,130577,5092,2164,2,1,0,2388,2388,0,0,121,51,35,16,1,0,4287,2843,253,253,175,29,81,0,0,0,0,0,34,0,5,0,0,1,0,0,0,0,0,0,0,2,0,0,0,0,1,1,0,0,0,0,0,0,0,0,0,0,1,89,14323,0,0,0,0,5,13,0,1,1,1,0,2,0,Jolteon
11-27,12:50:12,NINTEN,Tauros,Misty,1,Cerulean City - Gym,2,8:04.95,8:04,0h8m4s,0,0,0,24,1:02,6.878,STOMP,TACKLE,,,2,2428,124,36,16,204,195,107,8,8510,Jolteon, ,Normal,Normal,18742,Tauros2,Tauros,Misty,00:07:58.07,00:08:04.95,01:02:02.07,24,0,0,8,4,95,STOMP,TACKLE,,,8,28,0,0,0,0,0,0,73,80,64,61,49,49,69,3888,4487,4395,3440,3440,4829,15,15,15,15,0,0,0,0,0,0,0,72,61,49,49,69,225311,84718,132726,5703,2164,2,1,0,2428,2428,0,0,124,52,36,16,1,0,4409,2943,253,253,178,29,81,0,0,0,0,0,34,0,5,0,0,1,0,0,0,0,0,0,0,2,0,0,0,0,1,1,0,0,0,0,0,0,0,0,0,0,1,91,15662,0,0,0,0,5,13,0,1,1,1,0,2,0,Jolteon
11-27,12:50:53,NINTEN,Tauros,Sandy,3,Route 6,3,8:46.14,8:46,0h8m46s,0,0,0,24,1:04,8.499,STOMP,TACKLE,,,2,2737,142,37,16,207,198,108,10,10589,Jolteon, ,Normal,Normal,19303,Tauros2,Tauros,,00:08:37.64,00:08:46.14,01:04:44.34,24,0,0,8,46,14,STOMP,TACKLE,,,5,28,0,0,0,0,0,0,68,80,64,61,49,49,69,4008,4622,4515,3545,3545,4997,15,15,15,15,0,0,0,0,0,0,0,72,61,49,49,69,235058,91841,135350,5703,2164,2,1,0,2737,2737,0,0,142,53,37,16,1,0,4631,3066,258,258,181,29,82,0,0,0,0,0,34,0,5,0,0,1,0,0,0,0,0,0,0,2,0,0,0,0,1,1,0,0,0,0,0,0,0,0,0,0,1,94,16223,0,0,0,0,6,13,0,1,1,1,0,2,0,Jolteon
11-27,12:51:03,NINTEN,Tauros,Jr Trainer M,5,Route 6,2,8:56.60,8:56,0h8m56s,0,0,0,25,1:05,7.636,STOMP,TACKLE,,,2,2738,142,38,16,209,200,109,10,10909,Jolteon, ,Normal,Normal,19898,Tauros2,Tauros,,00:08:48.96,00:08:56.60,01:05:25.43,25,0,0,8,56,60,STOMP,TACKLE,,,3,28,0,0,0,0,0,0,66,84,66,64,51,51,72,4103,4763,4605,3626,3626,5164,15,15,15,15,0,0,0,0,0,0,0,74,64,51,51,72,237527,92008,137652,5703,2164,2,1,0,2738,2738,0,0,142,54,38,16,1,0,4865,3153,264,264,183,29,83,0,0,0,0,0,36,0,5,0,0,1,0,0,0,0,0,0,0,2,0,0,0,0,1,1,0,0,0,0,0,0,0,0,0,0,1,96,16818,0,0,0,0,6,13,0,1,1,1,0,2,0,Jolteon
11-27,12:51:23,NINTEN,Tauros,Youngster,8,SS Anne,1,9:16.75,9:16,0h9m16s,0,0,0,25,1:06,3.825,STOMP,TACKLE,,,2,2836,149,39,16,210,201,109,11,10179,Jolteon, ,Normal,Normal,20168,Tauros2,Tauros,,00:09:12.92,00:09:16.75,01:06:45.01,25,0,0,9,16,75,STOMP,TACKLE,,,2,28,0,0,0,0,0,0,66,84,66,64,51,51,72,4149,4820,4645,3666,3666,5214,15,15,15,15,0,0,0,0,0,0,0,74,64,51,51,72,242285,95460,138958,5703,2164,2,1,0,2836,2836,0,0,149,55,39,16,1,0,4935,3206,264,264,184,29,83,0,0,0,0,0,36,0,5,0,0,1,0,0,0,0,0,0,0,2,0,0,0,0,1,1,0,0,0,0,0,0,0,0,0,0,1,97,17088,0,0,0,0,6,16,0,1,1,1,0,2,0,Jolteon
11-27,12:51:51,NINTEN,Tauros,Rival1a-Route 22,2,Route 22,2,4.80,4,0h0m4s,0,0,0,7,0:09,0.141,TACKLE,,,,0,530,31,3,2,20,20,17,4,37,Flareon, ,Normal,Normal,632,Tauros2,Tauros,Rival (Optional),00:00:04.66,00:00:04.80,00:09:30.27,7,0,0,0,4,80,TACKLE,,,,24,0,0,0,0,0,0,0,12,29,21,20,17,17,22,190,230,160,192,192,250,15,15,15,15,-1,-3,0,0,0,-1,0,13,8,17,17,22,36206,21133,13066,0,2007,0,0,0,530,530,0,0,31,5,3,2,1,0,133,115,49,49,19,3,15,0,0,0,0,0,3,0,3,0,0,0,0,0,0,0,0,0,0,0,0,0,0,0,0,0,0,0,0,0,0,0,0,0,0,0,1,4,476,0,0,0,0,0,13,0,0,0,0,0,2,0,Flareon
11-27,12:52:54,NINTEN,Tauros,Bug Catcher,4,Route 3,3,16.11,16,0h0m16s,0,0,0,13,0:29,14.15,TACKLE,,,,1,1419,60,11,13,99,93,64,4,2085,Jolteon, ,Normal,Normal,2961,Tauros2,Tauros,,00:00:01.96,00:00:16.11,00:29:32.11,13,0,0,0,16,11,TACKLE,,,,29,0,0,0,0,0,0,0,43,47,36,34,28,28,38,1266,1345,1414,922,922,1574,15,15,15,15,0,0,0,0,-1,0,0,45,34,28,28,25,108315,45666,60215,270,2164,1,1,0,1419,1419,0,0,60,24,11,13,1,0,1033,738,139,139,85,15,50,0,0,0,0,0,21,0,3,0,0,0,0,0,0,0,0,0,0,0,0,0,0,0,0,0,0,0,0,0,0,0,0,0,0,0,1,30,2805,0,0,0,0,1,13,0,1,1,0,0,2,0,Jolteon
11-27,12:53:07,NINTEN,Tauros,Youngster Ben,1,Route 3,2,29.01,29,0h0m29s,0,0,0,13,0:30,9.562,TACKLE,,,,1,1423,60,12,13,103,97,66,4,2185,Jolteon, ,Normal,Normal,3239,Tauros2,Tauros,,00:00:19.45,00:00:29.01,00:30:23.03,13,0,0,0,29,1,TACKLE,,,,25,0,0,0,0,0,0,0,35,47,36,34,28,28,38,1331,1461,1493,987,987,1701,15,15,15,15,0,0,0,0,0,0,0,40,34,28,28,38,111367,45962,62971,270,2164,1,1,0,1423,1423,0,0,60,25,12,13,1,0,1123,797,147,147,89,15,52,0,0,0,0,0,22,0,3,0,0,0,0,0,0,0,0,0,0,0,0,0,0,0,0,0,0,0,0,0,0,0,0,0,0,0,1,32,3083,0,0,0,0,1,13,0,1,1,0,0,2,0,Jolteon
11-27,12:53:32,NINTEN,Tauros,Bug Catcher,5,Route 3,4,54.52,54,0h0m54s,0,0,0,14,0:32,22.585,TACKLE,,,,1,1427,60,13,13,113,107,72,4,2350,Jolteon,Poisoned,Normal,Normal,3714,Tauros2,Tauros,,00:00:31.93,00:00:54.52,00:32:03.50,14,0,0,0,54,52,TACKLE,,,,15,0,0,0,0,0,0,0,24,50,38,37,29,29,41,1511,1571,1663,1077,1077,1861,15,15,15,15,0,0,0,0,0,0,0,42,37,29,29,41,117414,46161,68819,270,2164,1,1,0,1427,1427,0,0,60,26,13,13,1,0,1306,909,161,161,98,17,53,0,0,0,0,0,23,0,3,0,0,0,0,0,0,0,0,0,0,1,0,0,0,0,0,0,0,0,0,0,0,0,0,0,0,0,1,36,3558,0,0,0,0,1,13,0,1,1,0,0,2,0,Jolteon
11-27,12:53:51,NINTEN,Tauros,Bug Catcher,6,Route 3,2,1:12.70,1:12,0h1m12s,0,0,0,14,0:33,10.759,TACKLE,,,,1,1435,61,14,13,118,112,75,4,2440,Jolteon, ,Normal,Normal,4007,Tauros2,Tauros,,00:01:01.94,00:01:12.70,00:33:15.14,14,0,0,1,12,70,TACKLE,,,,10,0,0,0,0,0,0,0,42,50,38,37,29,29,41,1606,1621,1753,1122,1122,1936,15,15,15,15,0,0,0,0,0,0,0,42,37,29,29,41,121698,46657,71895,982,2164,1,1,0,1435,1435,0,0,61,27,14,13,1,0,1388,974,163,163,103,17,54,0,0,0,0,0,23,0,3,0,0,0,0,0,0,0,0,0,0,1,0,0,0,0,0,0,0,0,0,0,0,0,0,0,0,0,1,38,3851,0,0,0,0,1,13,0,1,1,0,0,2,0,Jolteon
11-27,12:54:41,NINTEN,Tauros,Fossil Nerd,2,Mt Moon - 3,3,2:03.59,2:03,0h2m3s,0,0,0,15,0:36,16.286,TACKLE,,,,1,1797,66,15,13,126,120,80,5,2550,Jolteon, ,Normal,Normal,4794,Tauros2,Tauros,,00:01:47.30,00:02:03.59,00:36:36.37,15,0,0,2,3,59,TACKLE,,,,27,0,0,0,0,0,0,0,44,53,41,39,31,31,44,1766,1796,1948,1277,1277,2096,15,15,15,15,0,0,0,0,0,0,0,46,39,31,31,44,133781,54471,76164,982,2164,1,1,0,1797,1797,0,0,66,28,15,13,1,0,1515,1083,172,172,110,20,57,0,0,0,0,0,24,0,3,0,0,0,0,0,0,0,0,0,0,1,0,0,0,0,0,0,0,0,0,0,0,0,0,0,0,0,1,41,4638,0,0,0,0,2,13,0,1,1,0,0,2,0,Jolteon
11-27,12:55:09,NINTEN,Tauros,Rocket,42,Mt Moon - 3,3,2:31.33,2:31,0h2m31s,0,0,0,16,0:38,19.195,TACKLE,,,,1,1817,71,16,13,137,129,86,6,2850,Jolteon, ,Normal,Normal,5529,Tauros2,Tauros,,00:02:12.13,00:02:31.33,00:38:26.27,16,0,0,2,31,33,TACKLE,,,,18,0,0,0,0,0,0,0,25,56,43,41,33,33,46,1881,1966,2122,1417,1417,2276,15,15,15,15,0,0,0,0,0,0,0,48,41,33,33,46,140371,56099,81126,982,2164,1,1,0,1817,1817,0,0,71,29,16,13,1,0,1652,1193,194,194,117,23,62,0,0,0,0,0,25,0,4,0,0,0,0,0,0,0,0,0,0,1,0,0,0,0,0,0,0,0,0,0,0,0,0,0,0,0,1,44,5373,0,0,0,0,2,13,0,1,1,0,0,2,0,Jolteon
11-27,12:55:57,NINTEN,Tauros,Rival2-Nugget Bridge,3,Cerulean City,4,3:18.94,3:18,0h3m18s,0,0,0,17,0:41,25.08,TACKLE,,,,1,1975,79,17,13,150,142,96,6,3270,Jolteon, ,Normal,Normal,6567,Tauros2,Tauros,Rival (Nugget Bridge),00:02:53.85,00:03:18.94,00:41:34.06,17,0,0,3,18,94,TACKLE,,,,5,0,0,0,0,0,0,0,16,59,45,44,35,35,49,2056,2212,2322,1568,1568,2513,15,15,15,15,0,-2,0,0,0,-3,0,63,22,35,35,49,151630,60302,87568,1596,2164,1,1,0,1975,1975,0,0,79,30,17,13,1,0,1892,1364,237,237,126,28,71,0,0,0,0,0,30,0,4,0,0,0,0,0,0,0,0,0,0,1,0,0,0,0,0,0,0,0,0,0,0,0,0,0,0,0,1,48,6411,0,0,0,0,3,13,0,1,1,0,0,2,0,Jolteon
11-27,12:56:21,NINTEN,Tauros,Bug Catcher,9,Route 24,2,3:43.04,3:43,0h3m43s,0,0,0,17,0:43,8.092,TACKLE,,,,1,2050,81,18,13,153,145,97,6,3865,Jolteon, ,Normal,Normal,6882,Tauros2,Tauros,,00:03:34.95,00:03:43.04,00:43:09.18,17,0,0,3,43,4,TACKLE,,,,32,0,0,0,0,0,0,0,57,59,45,44,35,35,49,2141,2277,2387,1608,1608,2608,15,15,15,15,0,0,0,0,0,0,0,50,44,35,35,49,157342,63594,89988,1596,2164,1,1,0,2050,2050,0,0,81,31,18,13,1,0,1983,1439,239,239,129,28,72,0,0,0,0,0,31,0,4,0,0,0,0,0,0,0,0,0,0,1,0,0,0,0,0,0,0,0,0,0,0,0,0,0,0,0,1,50,6726,0,0,0,0,3,13,0,1,1,0,0,2,0,Jolteon
11-27,12:56:33,NINTEN,Tauros,Lass,8,Route 24,2,3:55.07,3:55,0h3m55s,0,0,0,17,0:43,9.403,TACKLE,,,,1,2052,81,19,13,157,149,99,6,4005,Jolteon, ,Normal,Normal,7224,Tauros2,Tauros,,00:03:45.66,00:03:55.07,00:43:56.42,17,0,0,3,55,7,TACKLE,,,,28,0,0,0,0,0,0,0,54,59,45,44,35,35,49,2236,2369,2479,1683,1683,2705,15,15,15,15,0,0,0,0,0,-1,0,56,44,35,35,49,160186,63716,92710,1596,2164,1,1,0,2052,2052,0,0,81,32,19,13,1,0,2099,1517,242,242,133,28,74,0,0,0,0,0,33,0,4,0,0,0,0,0,0,0,0,0,0,1,0,0,0,0,0,0,0,0,0,0,0,0,0,0,0,0,1,52,7068,0,0,0,0,3,13,0,1,1,0,0,2,0,Jolteon
11-27,12:56:49,NINTEN,Tauros,Youngster,4,Route 24,3,4:11.36,4:11,0h4m11s,0,0,0,18,0:45,13.456,TACKLE,,,,1,2056,83,20,13,163,154,101,6,4215,Jolteon, ,Normal,Normal,7743,Tauros2,Tauros,,00:03:57.90,00:04:11.36,00:45:00.56,18,0,0,4,11,36,TACKLE,,,,23,0,0,0,0,0,0,0,53,62,48,46,37,37,52,2341,2530,2593,1788,1788,2887,15,15,15,15,0,-1,0,0,0,0,0,54,30,37,37,52,164040,63906,96374,1596,2164,1,1,0,2056,2056,0,0,83,33,20,13,1,0,2244,1624,246,246,138,28,76,0,0,0,0,0,34,0,4,0,0,0,0,0,0,0,0,0,0,1,0,0,0,0,0,0,0,0,0,0,0,0,0,0,0,0,1,55,7587,0,0,0,0,3,13,0,1,1,0,0,2,0,Jolteon
11-27,12:57:01,NINTEN,Tauros,Lass,7,Route 24,2,4:23.19,4:23,0h4m23s,0,0,0,18,0:45,9.067,TACKLE,,,,1,2060,86,21,13,167,158,103,6,4425,Jolteon, ,Normal,Normal,8131,Tauros2,Tauros,,00:04:14.13,00:04:23.19,00:45:47.34,18,0,0,4,23,19,TACKLE,,,,19,0,0,0,0,0,0,0,47,62,48,46,37,37,52,2436,2622,2685,1863,1863,2984,15,15,15,15,0,0,0,0,0,0,0,54,46,37,37,52,166838,64074,99004,1596,2164,1,1,0,2060,2060,0,0,86,34,21,13,1,0,2349,1711,252,252,142,29,77,0,0,0,0,0,35,0,4,0,0,0,0,0,0,0,0,0,0,1,0,0,0,0,0,0,0,0,0,0,0,0,0,0,0,0,1,57,7975,0,0,0,0,3,13,0,1,1,0,0,2,0,Jolteon
11-27,12:57:09,NINTEN,Tauros,Jr Trainer M,3,Route 24,1,4:31.68,4:31,0h4m31s,0,0,0,18,0:46,5.79,TACKLE,,,,1,2064,86,22,13,169,160,104,6,4665,Jolteon, ,Normal,Normal,8416,Tauros2,Tauros,,00:04:25.89,00:04:31.68,00:46:20.56,18,0,0,4,31,68,TACKLE,,,,17,0,0,0,0,0,0,0,34,62,48,46,37,37,52,2476,2702,2720,1898,1898,3054,15,15,15,15,0,0,0,0,0,0,0,54,46,37,37,52,168840,64236,100844,1596,2164,1,1,0,2064,2064,0,0,86,35,22,13,1,0,2402,1756,265,265,144,29,78,0,0,0,0,0,35,0,5,0,0,0,0,0,0,0,0,0,0,1,0,0,0,0,0,0,0,0,0,0,0,0,0,0,0,0,1,58,8260,0,0,0,0,3,13,0,1,1,0,0,2,0,Jolteon
11-27,12:57:27,NINTEN,Tauros,Rocket,6,Route 24,2,4:49.54,4:49,0h4m49s,0,0,0,19,0:47,10.071,TACKLE,,,,1,2070,87,23,13,173,164,106,7,5025,Jolteon, ,Normal,Normal,8786,Tauros2,Tauros,,00:04:39.47,00:04:49.54,00:47:31.20,19,0,0,4,49,54,TACKLE,,,,13,0,0,0,0,0,0,0,57,65,51,49,39,39,55,2551,2807,2799,1978,1978,3164,15,15,15,15,0,-1,0,0,0,0,0,57,32,39,39,55,173064,65238,103726,1936,2164,1,1,0,2070,2070,0,0,87,36,23,13,1,0,2535,1832,265,265,148,30,79,0,0,0,0,0,36,0,5,0,0,0,0,0,0,0,0,0,0,1,0,0,0,0,0,0,0,0,0,0,0,0,0,0,0,0,1,60,8630,0,0,0,0,3,13,0,1,1,0,0,2,0,Jolteon
11-27,12:57:53,NINTEN,Tauros,Hiker,2,Route 25,2,5:14.78,5:14,0h5m14s,0,0,0,19,0:49,16.397,TACKLE,,,,1,2112,89,24,13,181,172,112,7,5475,Jolteon, ,Normal,Normal,9344,Tauros2,Tauros,,00:04:58.38,00:05:14.78,00:49:11.15,19,0,0,5,14,78,TACKLE,,,,5,0,0,0,0,0,0,0,31,65,51,49,39,39,55,2661,2967,2949,2043,2043,3219,15,15,15,15,0,0,0,0,0,0,0,57,49,39,39,55,179059,66840,108119,1936,2164,1,1,0,2112,2112,0,0,89,37,24,13,1,0,2639,1919,291,291,156,30,85,0,0,0,0,0,37,0,5,0,0,0,0,0,0,0,0,0,0,1,0,0,0,0,0,0,0,0,0,0,0,0,0,0,0,0,1,62,9188,0,0,0,0,3,13,0,1,1,0,0,2,0,Jolteon
11-27,12:58:15,NINTEN,Tauros,Lass,9,Route 25,2,5:37.28,5:37,0h5m37s,0,0,0,19,0:50,10.623,TACKLE,,,,1,2136,94,25,13,185,176,114,7,6000,Jolteon, ,Normal,Normal,9725,Tauros2,Tauros,,00:05:26.65,00:05:37.28,00:50:39.42,19,0,0,5,37,28,TACKLE,,,,11,0,0,0,0,0,0,0,49,65,51,49,39,39,55,2762,3071,3041,2123,2123,3310,15,15,15,15,0,-1,0,0,0,0,0,64,32,39,39,55,184366,68126,111122,2954,2164,1,1,0,2136,2136,0,0,94,38,25,13,1,0,2759,2003,307,307,160,30,87,0,0,0,0,0,38,0,5,0,0,0,0,0,0,0,0,0,0,1,0,0,0,0,0,0,0,0,0,0,0,0,0,0,0,0,1,64,9569,0,0,0,0,4,13,0,1,1,0,0,2,0,Jolteon
11-27,12:58:29,NINTEN,Tauros,Jr Trainer M,2,Route 25,2,5:50.78,5:50,0h5m50s,0,0,0,20,0:51,9.715,TACKLE,,,,1,2148,96,26,13,188,179,116,7,6225,Jolteon, ,Normal,Normal,10082,Tauros2,Tauros,,00:05:41.06,00:05:50.78,00:51:32.58,20,0,0,5,50,78,TACKLE,,,,8,0,0,0,0,0,0,0,36,68,53,51,41,41,57,2827,3187,3120,2188,2188,3437,15,15,15,15,0,0,0,0,0,0,0,59,51,41,41,57,187562,68546,113898,2954,2164,1,1,0,2148,2148,0,0,96,39,26,13,1,0,2862,2073,323,323,163,30,89,0,0,0,0,0,39,0,6,0,0,0,0,0,0,0,0,0,0,1,0,0,0,0,0,0,0,0,0,0,0,0,0,0,0,0,1,66,9926,0,0,0,0,4,13,0,1,1,0,0,2,0,Jolteon
11-27,12:58:47,NINTEN,Tauros,Oddish Lass,10,Route 25,3,6:08.79,6:08,0h6m8s,0,0,0,20,0:52,11.747,TACKLE,,,,1,2165,98,27,13,193,184,118,7,6505,Jolteon, ,Normal,Normal,10667,Tauros2,Tauros,Oddish Lass,00:05:57.04,00:06:08.79,00:52:43.52,20,0,0,6,8,79,TACKLE,,,,3,0,0,0,0,0,0,0,50,68,53,51,41,41,57,2957,3332,3270,2373,2373,3553,15,15,15,15,0,0,0,0,0,0,0,59,51,41,41,57,191816,69138,117167,3347,2164,1,1,0,2165,2165,0,0,98,40,27,13,1,0,3017,2181,329,329,167,31,91,0,0,0,0,0,41,0,6,0,0,0,0,0,0,0,0,0,0,1,0,0,0,0,0,0,0,0,0,0,0,0,0,0,0,0,1,69,10511,0,0,0,0,4,13,0,1,1,0,0,2,0,Jolteon
11-27,12:59:23,NINTEN,Tauros,Cerulean Rocket,5,Cerulean City,2,6:44.87,6:44,0h6m44s,0,0,0,20,0:55,10.206,TACKLE,,,,1,2307,107,28,13,197,188,120,9,6700,Jolteon, ,Normal,Normal,11356,Tauros2,Tauros,Rocket,00:06:34.67,00:06:44.87,00:55:06.29,20,0,0,6,44,87,TACKLE,,,,0,0,0,0,0,0,0,0,13,68,53,51,41,41,57,3087,3460,3365,2498,2498,3630,15,15,15,15,0,0,0,0,0,0,0,59,51,41,41,57,200373,74802,120060,3347,2164,1,1,0,2307,2307,0,0,107,41,28,13,1,0,3149,2284,366,366,171,31,93,0,0,0,0,0,42,0,6,0,0,0,0,0,0,0,0,0,0,1,0,0,0,0,0,0,0,0,0,0,0,0,0,0,0,0,1,71,11200,0,0,0,0,5,13,0,1,1,0,0,2,0,Jolteon
11-27,12:59:46,NINTEN,Tauros,Pecking Lass,1,Cerulean City - Gym,1,7:08.09,7:08,0h7m8s,0,0,0,21,0:56,8.737,TACKLE,STOMP,,,1,2382,110,29,13,200,191,122,10,7210,Jolteon, ,Normal,Normal,11807,Tauros2,Tauros,,00:06:59.35,00:07:08.09,00:56:38.12,21,0,0,7,8,9,TACKLE,STOMP,,,32,20,0,0,0,0,0,0,66,71,56,54,43,43,60,3132,3527,3425,2548,2548,3693,15,15,15,15,0,0,0,0,0,0,0,63,54,43,43,60,205876,77703,122662,3347,2164,1,1,0,2382,2382,0,0,110,42,29,13,1,0,3210,2333,371,371,174,31,95,0,0,0,0,0,42,0,6,0,0,1,0,0,0,0,0,0,0,1,0,0,0,0,1,0,0,0,0,0,0,0,0,0,0,0,1,72,11651,0,0,0,0,5,13,0,1,1,0,0,2,0,Jolteon
11-27,12:59:59,NINTEN,Tauros,Misty,1,Cerulean City - Gym,2,7:20.96,7:20,0h7m20s,0,0,0,21,0:57,8.821,STOMP,TACKLE,,,1,2383,114,30,13,204,195,122,10,7590,Jolteon, ,Normal,Normal,13146,Tauros2,Tauros,Misty,00:07:12.14,00:07:20.96,00:57:28.59,21,0,0,7,20,96,STOMP,TACKLE,,,16,32,0,0,0,0,0,0,66,71,56,54,43,43,60,3222,3647,3565,2718,2718,3893,15,15,15,15,0,0,0,0,0,0,0,63,54,43,43,60,208923,78168,125244,3347,2164,1,1,0,2383,2383,0,0,114,43,30,13,1,0,3354,2433,371,371,178,31,95,0,0,0,0,0,43,0,6,0,0,1,0,0,0,0,0,0,0,1,0,0,0,0,1,0,0,0,0,0,0,0,0,0,0,0,1,74,12990,0,0,0,0,5,13,0,1,1,1,0,2,0,Jolteon
11-27,13:00:35,NINTEN,Tauros,Sandy,3,Route 6,3,7:57.55,7:57,0h7m57s,0,0,0,22,0:59,9.979,STOMP,TACKLE,,,1,2622,124,31,13,207,198,124,12,9669,Jolteon, ,Normal,Normal,13707,Tauros2,Tauros,,00:07:47.57,00:07:57.55,00:59:53.21,22,0,0,7,57,55,STOMP,TACKLE,,,13,32,0,0,0,0,0,0,56,74,58,56,45,45,63,3342,3782,3685,2823,2823,4061,15,15,15,15,0,0,0,0,0,0,0,65,56,45,45,63,217585,83863,128211,3347,2164,1,1,0,2622,2622,0,0,124,44,31,13,1,0,3533,2556,384,384,181,31,97,0,0,0,0,0,43,0,7,0,0,1,0,0,0,0,0,0,0,1,0,0,0,0,1,0,0,0,0,0,0,0,0,0,0,0,1,77,13551,0,0,0,0,6,13,0,1,1,1,0,2,0,Jolteon
11-27,13:00:46,NINTEN,Tauros,Jr Trainer M,5,Route 6,2,8:08.20,8:08,0h8m8s,0,0,0,22,1:00,7.68,STOMP,TACKLE,,,1,2625,124,32,13,210,201,126,12,9989,Jolteon, ,Normal,Normal,14302,Tauros2,Tauros,,00:08:00.53,00:08:08.20,01:00:35.18,22,0,0,8,8,20,STOMP,TACKLE,,,10,32,0,0,0,0,0,0,50,74,58,56,45,45,63,3437,3923,3775,2904,2904,4228,15,15,15,15,0,0,0,0,0,0,0,65,56,45,45,63,220102,84075,130516,3347,2164,1,1,0,2625,2625,0,0,124,45,32,13,1,0,3696,2643,390,390,184,32,98,0,0,0,0,0,43,0,7,0,0,1,0,0,0,0,0,0,0,1,0,0,0,0,1,0,0,0,0,0,0,0,0,0,0,0,1,79,14146,0,0,0,0,6,13,0,1,1,1,0,2,0,Jolteon
11-27,13:01:06,NINTEN,Tauros,Youngster,8,SS Anne,1,8:28.14,8:28,0h8m28s,0,0,0,22,1:01,5.066,STOMP,TACKLE,,,1,2722,136,33,13,212,203,127,13,9259,Jolteon, ,Normal,Normal,14572,Tauros2,Tauros,,00:08:23.07,00:08:28.14,01:01:53.44,22,0,0,8,28,14,STOMP,TACKLE,,,8,32,0,0,0,0,0,0,45,74,58,56,45,45,63,3483,3980,3815,2944,2944,4278,15,15,15,15,0,0,0,0,0,0,0,65,56,45,45,63,224808,87176,132121,3347,2164,1,1,0,2722,2722,0,0,136,46,33,13,1,0,3792,2696,395,395,186,32,99,0,0,0,0,0,43,0,7,0,0,1,0,0,0,0,0,0,0,1,0,0,0,0,1,0,0,0,0,0,0,0,0,0,0,0,1,80,14416,0,0,0,0,6,16,0,1,1,1,0,2,0,Jolteon
11-27,13:01:48,NINTEN,Tauros,Brock,1,Pewter City - Gym,2,10.53,10,0h0m10s,0,0,0,12,0:27,0.086,TACKLE,,,,1,1298,57,10,13,93,87,61,3,897,Jolteon, ,Normal,Normal,2626,Tauros2,Tauros,Brock,00:00:10.45,00:00:10.53,00:27:01.35,12,0,0,0,10,53,TACKLE,,,,16,0,0,0,0,0,0,0,5,44,33,32,26,26,36,1136,1250,1314,862,862,1434,15,15,15,15,0,-6,0,0,0,0,0,33,8,26,26,36,99279,41000,55845,270,2164,1,1,0,1298,1298,0,0,57,23,10,13,1,0,902,649,135,135,79,15,47,0,0,0,0,0,20,0,3,0,0,0,0,0,0,0,0,0,0,0,0,0,0,0,0,0,0,0,0,0,0,0,0,0,0,0,1,27,2470,0,0,0,0,1,13,0,1,1,0,0,2,0,Jolteon
11-27,13:02:24,NINTEN,Tauros,Bug Catcher,4,Route 3,3,16.07,16,0h0m16s,0,0,0,13,0:29,14.131,TACKLE,,,,1,1445,59,11,13,99,93,64,4,2085,Jolteon, ,Normal,Normal,2961,Tauros2,Tauros,,00:00:01.94,00:00:16.07,00:29:43.16,13,0,0,0,16,7,TACKLE,,,,29,0,0,0,0,0,0,0,41,47,36,34,28,28,38,1266,1345,1414,922,922,1574,15,15,15,15,0,0,0,0,0,0,0,40,34,28,28,38,108980,45848,60212,756,2164,1,1,0,1445,1445,0,0,59,24,11,13,1,0,1044,738,141,141,85,15,50,0,0,0,0,0,22,0,3,0,0,0,0,0,0,0,0,0,0,0,0,0,0,0,0,0,0,0,0,0,0,0,0,0,0,0,1,30,2805,0,0,0,0,1,13,0,1,1,0,0,2,0,Jolteon
11-27,13:02:38,NINTEN,Tauros,Youngster Ben,1,Route 3,2,30.21,30,0h0m30s,0,0,0,13,0:30,10.811,TACKLE,,,,1,1449,59,12,13,103,97,67,4,2185,Jolteon,Poisoned,Normal,Normal,3239,Tauros2,Tauros,,00:00:19.39,00:00:30.21,00:30:39.01,13,0,0,0,30,21,TACKLE,,,,25,0,0,0,0,0,0,0,28,47,36,34,28,28,38,1331,1461,1493,987,987,1701,15,15,15,15,0,0,0,0,0,0,0,40,34,28,28,38,112325,46136,63269,756,2164,1,1,0,1449,1449,0,0,59,25,12,13,1,0,1128,797,154,154,89,15,53,0,0,0,0,0,23,0,3,0,0,0,0,0,0,0,0,0,0,1,0,0,0,0,0,0,0,0,0,0,0,0,0,0,0,0,1,32,3083,0,0,0,0,1,13,0,1,1,0,0,2,0,Jolteon
11-27,13:03:00,NINTEN,Tauros,Bug Catcher,5,Route 3,4,52.25,52,0h0m52s,0,0,0,14,0:32,16.862,TACKLE,,,,1,1453,59,13,13,111,105,71,4,2350,Jolteon, ,Normal,Normal,3714,Tauros2,Tauros,,00:00:35.39,00:00:52.25,00:32:05.53,14,0,0,0,52,25,TACKLE,,,,17,0,0,0,0,0,0,0,31,50,38,37,29,29,41,1511,1571,1663,1077,1077,1861,15,15,15,15,0,0,0,0,-1,0,0,47,37,29,29,27,117537,46348,67749,1276,2164,1,1,0,1453,1453,0,0,59,26,13,13,1,0,1283,909,154,154,95,18,54,0,0,0,0,0,25,0,3,0,0,0,0,0,0,0,0,0,0,1,0,0,0,0,0,0,0,0,0,0,0,0,0,0,0,0,1,36,3558,0,0,0,0,1,13,0,1,1,0,0,2,0,Jolteon
11-27,13:03:15,NINTEN,Tauros,Bug Catcher,6,Route 3,2,1:07.70,1:07,0h1m7s,0,0,0,14,0:33,10.802,TACKLE,,,,1,1461,60,14,13,116,110,74,4,2440,Jolteon, ,Normal,Normal,4007,Tauros2,Tauros,,00:00:56.90,00:01:07.70,00:33:06.53,14,0,0,1,7,70,TACKLE,,,,12,0,0,0,0,0,0,0,29,50,38,37,29,29,41,1606,1621,1753,1122,1122,1936,15,15,15,15,0,0,0,0,0,0,0,42,37,29,29,41,121197,46925,70832,1276,2164,1,1,0,1461,1461,0,0,60,27,14,13,1,0,1364,974,156,156,100,18,55,0,0,0,0,0,25,0,3,0,0,0,0,0,0,0,0,0,0,1,0,0,0,0,0,0,0,0,0,0,0,0,0,0,0,0,1,38,3851,0,0,0,0,1,13,0,1,1,0,0,2,0,Jolteon
11-27,13:04:08,NINTEN,Tauros,Fossil Nerd,2,Mt Moon - 3,3,2:00.27,2:00,0h2m0s,0,0,0,15,0:36,16.991,TACKLE,,,,1,1825,75,15,13,123,117,78,5,2550,Jolteon, ,Normal,Normal,4794,Tauros2,Tauros,,00:01:43.27,00:02:00.27,00:36:34.55,15,0,0,2,0,27,TACKLE,,,,32,0,0,0,0,0,0,0,12,53,41,39,31,31,44,1766,1796,1948,1277,1277,2096,15,15,15,15,0,0,0,0,0,0,0,46,39,31,31,44,133679,54967,75272,1276,2164,1,1,0,1825,1825,0,0,75,28,15,13,1,0,1529,1083,197,197,107,20,57,0,0,0,0,0,27,0,3,0,0,0,0,0,0,0,0,0,0,1,0,0,0,0,0,0,0,0,0,0,0,0,0,0,0,0,1,41,4638,0,0,0,0,2,13,0,1,1,0,0,2,0,Jolteon
11-27,13:04:37,NINTEN,Tauros,Rocket,42,Mt Moon - 3,3,2:29.50,2:29,0h2m29s,0,0,0,16,0:38,18.912,TACKLE,,,,1,1841,77,16,13,133,125,83,6,2850,Jolteon,Poisoned,Normal,Normal,5529,Tauros2,Tauros,,00:02:10.59,00:02:29.50,00:38:30.20,16,0,0,2,29,50,TACKLE,,,,24,0,0,0,0,0,0,0,36,56,43,41,33,33,46,1881,1966,2122,1417,1417,2276,15,15,15,15,0,0,0,0,0,0,0,48,41,33,33,46,140604,56360,80168,1912,2164,1,1,0,1841,1841,0,0,77,29,16,13,1,0,1676,1193,216,216,114,22,61,0,0,0,0,0,29,0,4,0,0,0,0,0,0,0,0,0,0,2,0,0,0,0,0,0,0,0,0,0,0,0,0,0,0,0,1,44,5373,0,0,0,0,2,13,0,1,1,0,0,2,0,Jolteon
11-27,13:05:30,NINTEN,Tauros,Rival2-Nugget Bridge,3,Cerulean City,4,3:22.47,3:22,0h3m22s,0,0,0,17,0:41,28.973,TACKLE,,,,1,2003,81,17,13,149,141,96,6,3270,Jolteon, ,Normal,Normal,6567,Tauros2,Tauros,Rival (Nugget Bridge),00:02:53.50,00:03:22.47,00:41:59.23,17,0,0,3,22,47,TACKLE,,,,8,0,0,0,0,0,0,0,30,59,45,44,35,35,49,2056,2212,2322,1568,1568,2513,15,15,15,15,-2,-1,0,0,0,-3,0,24,29,35,35,49,153147,60641,87543,2799,2164,1,1,0,2003,2003,0,0,81,30,17,13,1,0,1874,1364,245,245,124,31,71,0,0,0,0,0,31,0,4,0,0,0,0,0,0,0,0,0,0,2,0,0,0,0,0,0,0,0,0,0,0,0,0,0,0,0,1,48,6411,0,0,0,0,3,13,0,1,1,0,0,2,0,Jolteon
11-27,13:05:54,NINTEN,Tauros,Bug Catcher,9,Route 24,2,3:46.15,3:46,0h3m46s,0,0,0,17,0:43,6.605,TACKLE,,,,1,2080,87,18,13,151,143,96,6,3865,Jolteon, ,Normal,Normal,6882,Tauros2,Tauros,,00:03:39.54,00:03:46.15,00:43:32.54,17,0,0,3,46,15,TACKLE,,,,33,0,0,0,0,0,0,0,59,59,45,44,35,35,49,2141,2277,2387,1608,1608,2608,15,15,15,15,0,0,0,0,0,0,0,50,44,35,35,49,158758,64189,89606,2799,2164,1,1,0,2080,2080,0,0,87,31,18,13,1,0,1954,1439,245,245,126,31,71,0,0,0,0,0,33,0,4,0,0,0,0,0,0,0,0,0,0,2,0,0,0,0,0,0,0,0,0,0,0,0,0,0,0,0,1,50,6726,0,0,0,0,3,13,0,1,1,0,0,2,0,Jolteon
11-27,13:06:07,NINTEN,Tauros,Lass,8,Route 24,2,3:59.61,3:59,0h3m59s,0,0,0,17,0:44,10.829,TACKLE,,,,1,2082,87,19,13,156,148,99,6,4005,Jolteon, ,Normal,Normal,7224,Tauros2,Tauros,,00:03:48.78,00:03:59.61,00:44:25.59,17,0,0,3,59,61,TACKLE,,,,28,0,0,0,0,0,0,0,51,59,45,44,35,35,49,2236,2369,2479,1683,1683,2705,15,15,15,15,-1,0,0,0,0,0,0,32,44,35,35,49,161943,64311,92669,2799,2164,1,1,0,2082,2082,0,0,87,32,19,13,1,0,2061,1517,253,253,131,31,74,0,0,0,0,0,34,0,4,0,0,0,0,0,0,0,0,0,0,2,0,0,0,0,0,0,0,0,0,0,0,0,0,0,0,0,1,52,7068,0,0,0,0,3,13,0,1,1,0,0,2,0,Jolteon
11-27,13:06:26,NINTEN,Tauros,Youngster,4,Route 24,3,4:18.50,4:18,0h4m18s,0,0,0,18,0:45,16.129,TACKLE,,,,1,2086,87,20,13,164,154,102,6,4215,Jolteon, ,Normal,Normal,7743,Tauros2,Tauros,,00:04:02.37,00:04:18.50,00:45:40.34,18,0,0,4,18,50,TACKLE,,,,22,0,0,0,0,0,0,0,39,62,48,46,37,37,52,2341,2530,2593,1788,1788,2887,15,15,15,15,0,0,0,0,0,0,0,54,46,37,37,52,166418,64485,96970,2799,2164,1,1,0,2086,2086,0,0,87,33,20,13,1,0,2221,1624,268,268,137,31,77,0,0,0,0,0,34,0,4,0,0,1,0,0,0,0,0,0,0,2,0,0,0,0,1,0,0,0,0,0,0,0,0,0,0,0,1,55,7587,0,0,0,0,3,13,0,1,1,0,0,2,0,Jolteon
11-27,13:06:38,NINTEN,Tauros,Lass,7,Route 24,2,4:30.61,4:30,0h4m30s,0,0,0,18,0:46,9.316,TACKLE,,,,1,2090,88,21,13,168,158,104,6,4425,Jolteon, ,Normal,Normal,8131,Tauros2,Tauros,,00:04:21.29,00:04:30.61,00:46:28.15,18,0,0,4,30,61,TACKLE,,,,18,0,0,0,0,0,0,0,30,62,48,46,37,37,52,2436,2622,2685,1863,1863,2984,15,15,15,15,0,0,0,0,0,0,0,54,46,37,37,52,169279,64659,99657,2799,2164,1,1,0,2090,2090,0,0,88,34,21,13,1,0,2338,1711,277,277,141,31,79,0,0,0,0,0,36,0,4,0,0,1,0,0,0,0,0,0,0,2,0,0,0,0,1,0,0,0,0,0,0,0,0,0,0,0,1,57,7975,0,0,0,0,3,13,0,1,1,0,0,2,0,Jolteon
11-27,13:06:48,NINTEN,Tauros,Jr Trainer M,3,Route 24,1,4:40.70,4:40,0h4m40s,0,0,0,18,0:47,5.729,TACKLE,,,,1,2094,89,22,13,170,160,105,6,4665,Jolteon, ,Normal,Normal,8416,Tauros2,Tauros,,00:04:34.97,00:04:40.70,00:47:07.53,18,0,0,4,40,70,TACKLE,,,,16,0,0,0,0,0,0,0,50,62,48,46,37,37,52,2476,2702,2720,1898,1898,3054,15,15,15,15,0,-1,0,0,0,0,0,60,30,37,37,52,171657,64866,101485,3142,2164,1,1,0,2094,2094,0,0,89,35,22,13,1,0,2400,1756,277,277,143,31,80,0,0,0,0,0,37,0,4,0,0,1,0,0,0,0,0,0,0,2,0,0,0,0,1,0,0,0,0,0,0,0,0,0,0,0,1,58,8260,0,0,0,0,3,13,0,1,1,0,0,2,0,Jolteon
11-27,13:07:05,NINTEN,Tauros,Rocket,6,Route 24,2,4:57.57,4:57,0h4m57s,0,0,0,19,0:48,10.66,TACKLE,,,,1,2100,93,23,13,174,164,107,7,5025,Jolteon, ,Normal,Normal,8786,Tauros2,Tauros,,00:04:46.91,00:04:57.57,00:48:14.31,19,0,0,4,57,57,TACKLE,,,,12,0,0,0,0,0,0,0,50,65,51,49,39,39,55,2551,2807,2799,1978,1978,3164,15,15,15,15,0,-1,0,0,0,0,0,57,32,39,39,55,175655,65846,104503,3142,2164,1,1,0,2100,2100,0,0,93,36,23,13,1,0,2523,1833,280,280,147,31,82,0,0,0,0,0,38,0,5,0,0,1,0,0,0,0,0,0,0,2,0,0,0,0,1,0,0,0,0,0,0,0,0,0,0,0,1,60,8630,0,0,0,0,3,13,0,1,1,0,0,2,0,Jolteon
11-27,13:07:31,NINTEN,Tauros,Hiker,2,Route 25,2,5:23.22,5:23,0h5m23s,0,0,0,21,0:49,10.707,STOMP,TACKLE,,,1,2142,95,24,13,179,169,109,6,5475,Jolteon, ,Normal,Normal,12134,Tauros2,Tauros,,00:05:12.51,00:05:23.22,00:49:55.49,21,0,0,5,23,22,STOMP,TACKLE,,,15,12,0,0,0,0,0,0,52,71,56,53,43,43,60,2661,2967,2949,2043,2043,3219,15,15,15,15,0,0,0,0,0,0,0,63,53,43,43,60,181733,67939,107539,4091,2164,1,1,0,2142,2142,0,0,95,37,24,13,1,0,2626,1920,284,284,152,31,83,0,0,0,0,0,38,0,5,0,0,1,0,0,0,0,0,0,0,2,0,0,0,0,1,0,0,0,0,0,0,0,0,0,0,0,1,62,9188,0,0,0,0,3,13,0,1,1,1,0,2,0,Jolteon
11-27,13:07:43,NINTEN,Tauros,Lass,9,Route 25,2,5:35.71,5:35,0h5m35s,0,0,0,21,0:50,5.797,STOMP,TACKLE,,,1,2162,99,25,13,181,171,109,7,6000,Jolteon, ,Normal,Normal,12515,Tauros2,Tauros,,00:05:29.91,00:05:35.71,00:50:45.04,21,0,0,5,35,71,STOMP,TACKLE,,,13,12,0,0,0,0,0,0,52,71,56,53,43,43,60,2762,3071,3041,2123,2123,3310,15,15,15,15,0,0,0,0,0,0,0,63,53,43,43,60,184688,69044,109389,4091,2164,1,1,0,2162,2162,0,0,99,38,25,13,1,0,2733,2004,284,284,154,31,83,0,0,0,0,0,38,0,5,0,0,1,0,0,0,0,0,0,0,2,0,0,0,0,1,0,0,0,0,0,0,0,0,0,0,0,1,64,9569,0,0,0,0,4,13,0,1,1,1,0,2,0,Jolteon
11-27,13:07:54,NINTEN,Tauros,Jr Trainer M,2,Route 25,2,5:46.27,5:46,0h5m46s,0,0,0,21,0:51,6.605,STOMP,TACKLE,,,1,2174,102,26,13,183,173,110,7,6225,Jolteon, ,Normal,Normal,12872,Tauros2,Tauros,,00:05:39.66,00:05:46.27,00:51:26.40,21,0,0,5,46,27,STOMP,TACKLE,,,11,12,0,0,0,0,0,0,47,71,56,53,43,43,60,2827,3187,3120,2188,2188,3437,15,15,15,15,0,0,0,0,0,0,0,63,53,43,43,60,187184,69507,111422,4091,2164,1,1,0,2174,2174,0,0,102,39,26,13,1,0,2868,2074,289,289,156,31,84,0,0,0,0,0,38,0,5,0,0,1,0,0,0,0,0,0,0,2,0,0,0,0,1,0,0,0,0,0,0,0,0,0,0,0,1,66,9926,0,0,0,0,4,13,0,1,1,1,0,2,0,Jolteon
11-27,13:08:08,NINTEN,Tauros,Oddish Lass,10,Route 25,3,6:00.21,6:00,0h6m0s,0,0,0,22,0:52,9.151,STOMP,TACKLE,,,1,2193,102,27,13,186,176,111,7,6505,Jolteon, ,Normal,Normal,13457,Tauros2,Tauros,Oddish Lass,00:05:51.05,00:06:00.21,00:52:21.37,22,0,0,6,0,21,STOMP,TACKLE,,,8,12,0,0,0,0,0,0,45,74,58,56,45,45,63,2957,3332,3270,2373,2373,3553,15,15,15,15,0,0,0,0,0,0,0,65,56,45,45,63,190481,70154,114072,4091,2164,1,1,0,2193,2193,0,0,102,40,27,13,1,0,3050,2181,294,294,159,31,85,0,0,0,0,0,38,0,5,0,0,1,0,0,0,0,0,0,0,2,0,0,0,0,1,0,0,0,0,0,0,0,0,0,0,0,1,69,10511,0,0,0,0,4,13,0,1,1,1,0,2,0,Jolteon
11-27,13:08:43,NINTEN,Tauros,Pecking Lass,1,Cerulean City - Gym,1,6:35.35,6:35,0h6m35s,0,0,0,22,0:54,7.052,STOMP,TACKLE,,,1,2364,111,28,13,189,178,113,9,6700,Jolteon, ,Normal,Normal,13908,Tauros2,Tauros,,00:06:28.31,00:06:35.35,00:54:40.48,22,0,0,6,35,35,STOMP,TACKLE,,,6,12,0,0,0,0,0,0,30,74,58,56,45,45,63,3002,3399,3330,2423,2423,3616,15,15,15,15,0,0,0,0,0,0,0,65,56,45,45,63,198832,76359,116218,4091,2164,1,1,0,2364,2364,0,0,111,41,28,13,1,0,3130,2230,309,309,161,31,87,0,0,0,0,0,38,0,5,0,0,2,0,0,0,0,0,0,0,2,0,0,0,0,3,1,0,0,0,0,0,0,0,0,0,0,1,70,10962,0,0,0,0,5,13,0,1,1,1,0,2,0,Jolteon
11-27,13:08:59,NINTEN,Tauros,Misty,1,Cerulean City - Gym,2,6:51.36,6:51,0h6m51s,0,0,0,23,0:55,9.422,STOMP,TACKLE,,,1,2365,112,29,13,193,182,115,9,7080,Jolteon, ,Normal,Normal,15247,Tauros2,Tauros,Misty,00:06:41.93,00:06:51.36,00:55:43.36,23,0,0,6,51,36,STOMP,TACKLE,,,2,12,0,0,0,0,0,0,54,77,61,58,46,46,65,3092,3519,3470,2593,2593,3816,15,15,15,15,0,0,0,0,0,0,0,68,58,46,46,65,202600,76828,118946,4662,2164,1,1,0,2365,2365,0,0,112,42,29,13,1,0,3256,2330,328,328,165,31,89,0,0,0,0,0,38,0,5,0,0,2,0,0,0,0,0,0,0,2,0,0,0,0,3,1,0,0,0,0,0,0,0,0,0,0,1,72,12301,0,0,0,0,5,13,0,1,1,1,0,2,0,Jolteon
11-27,13:09:22,NINTEN,Tauros,Cerulean Rocket,5,Cerulean City,2,7:14.59,7:14,0h7m14s,0,0,0,23,0:57,6.106,STOMP,TACKLE,,,1,2452,117,30,13,195,184,115,10,9159,Jolteon, ,Normal,Normal,15936,Tauros2,Tauros,Rocket,00:07:08.49,00:07:14.59,00:57:15.06,23,0,0,7,14,59,STOMP,TACKLE,,,18,35,0,0,0,0,0,0,77,77,61,58,46,46,65,3222,3647,3565,2718,2718,3893,15,15,15,15,0,0,0,0,0,0,0,68,58,46,46,65,208090,80265,120999,4662,2164,1,1,0,2452,2452,0,0,117,43,30,13,1,0,3375,2433,328,328,167,31,89,0,0,0,0,0,38,0,5,0,0,2,0,0,0,0,0,0,0,2,0,0,0,0,3,1,0,0,0,0,0,0,0,0,0,0,1,74,12990,0,0,0,0,5,13,0,1,1,1,0,2,0,Jolteon
11-27,13:09:49,NINTEN,Tauros,Sandy,3,Route 6,3,7:41.73,7:41,0h7m41s,0,0,0,23,0:59,9.895,STOMP,TACKLE,,,1,2600,119,31,13,198,187,118,12,9669,Jolteon, ,Normal,Normal,16497,Tauros2,Tauros,,00:07:31.84,00:07:41.73,00:59:02.08,23,0,0,7,41,73,STOMP,TACKLE,,,15,35,0,0,0,0,0,0,62,77,61,58,46,46,65,3342,3782,3685,2823,2823,4061,15,15,15,15,0,0,0,0,0,0,0,68,58,46,46,65,214512,83822,123864,4662,2164,1,1,0,2600,2600,0,0,119,44,31,13,1,0,3621,2556,343,343,170,31,92,0,0,0,0,0,39,0,5,0,0,2,0,0,0,0,0,0,0,2,0,0,0,0,3,1,0,0,0,0,0,0,0,0,0,0,1,77,13551,0,0,0,0,6,13,0,1,1,1,0,2,0,Jolteon
11-27,13:09:58,NINTEN,Tauros,Jr Trainer M,5,Route 6,2,7:50.71,7:50,0h7m50s,0,0,0,23,0:59,6.147,STOMP,TACKLE,,,1,2601,119,32,13,200,189,118,12,9989,Jolteon, ,Normal,Normal,17092,Tauros2,Tauros,,00:07:44.56,00:07:50.71,00:59:37.26,23,0,0,7,50,71,STOMP,TACKLE,,,13,35,0,0,0,0,0,0,62,77,61,58,46,46,65,3437,3923,3775,2904,2904,4228,15,15,15,15,0,0,0,0,0,0,0,68,58,46,46,65,216630,83992,125812,4662,2164,1,1,0,2601,2601,0,0,119,45,32,13,1,0,3788,2643,343,343,172,31,92,0,0,0,0,0,40,0,5,0,0,2,0,0,0,0,0,0,0,2,0,0,0,0,3,1,0,0,0,0,0,0,0,0,0,0,1,79,14146,0,0,0,0,6,13,0,1,1,1,0,2,0,Jolteon
11-27,13:10:18,NINTEN,Tauros,Youngster,8,SS Anne,1,8:10.34,8:10,0h8m10s,0,0,0,24,1:00,4.536,STOMP,TACKLE,,,1,2702,129,33,13,201,190,118,13,9259,Jolteon, ,Normal,Normal,17362,Tauros2,Tauros,,00:08:05.80,00:08:10.34,01:00:54.39,24,0,0,8,10,34,STOMP,TACKLE,,,12,35,0,0,0,0,0,0,65,80,64,61,48,48,68,3483,3980,3815,2944,2944,4278,15,15,15,15,0,0,0,0,0,0,0,72,61,48,48,68,221263,87149,127288,4662,2164,1,1,0,2702,2702,0,0,129,46,33,13,1,0,3843,2696,343,343,173,31,92,0,0,0,0,0,40,0,5,0,0,2,0,0,0,0,0,0,0,2,0,0,0,0,3,1,0,0,0,0,0,0,0,0,0,0,1,80,14416,0,0,0,0,6,16,0,1,1,1,0,2,0,Jolteon
11-27,13:44:04,NINTEN,Tauros,Rival1-Lab,1,Pallet Town - Oak's Lab,1,41.85,41,0h0m41s,0,0,0,5,0:02,7.841,TACKLE,,,,0,71,1,1,1,4,4,3,0,3000,Jolteon, ,Normal,Normal,253,Tauros2,Tauros,Rival (Lab),00:00:34.01,00:00:41.85,00:02:12.43,5,0,0,0,41,85,TACKLE,,,,31,0,0,0,0,0,0,0,18,24,16,16,13,13,17,55,55,50,65,65,55,15,15,15,15,0,-1,0,0,0,0,0,16,10,13,13,17,9901,4829,3106,0,1966,0,0,0,71,71,0,0,1,2,1,1,0,0,23,21,6,6,3,2,2,0,0,0,0,0,0,0,0,0,0,0,0,0,0,0,0,0,0,0,0,0,0,0,0,0,0,0,0,0,0,0,0,0,0,0,0,1,97,0,0,0,0,0,0,0,0,0,0,0,2,0,Jolteon
11-27,13:45:32,NINTEN,Tauros,Rival1a-Route 22,2,Route 22,2,2:09.98,2:09,0h2m9s,0,0,0,7,0:08,17.179,TACKLE,,,,0,483,26,2,2,15,15,11,4,75,Flareon, ,Normal,Normal,552,Tauros2,Tauros,Rival (Optional),00:01:52.80,00:02:09.98,00:08:00.54,7,0,0,2,9,98,TACKLE,,,,24,0,0,0,0,0,0,0,13,29,21,20,17,17,22,190,250,165,196,196,250,15,15,15,15,-1,0,0,0,0,-1,0,13,20,17,17,22,30792,19566,9260,0,1966,0,0,0,483,483,0,0,26,4,2,2,0,0,103,91,22,22,14,4,8,0,0,0,0,0,1,0,0,0,0,0,0,0,0,0,0,0,0,0,0,0,0,0,0,0,0,0,0,0,0,0,0,0,0,0,0,4,396,0,0,0,0,0,13,0,0,0,0,0,2,0,Flareon
11-27,13:46:17,NINTEN,Tauros,Lass,19,Viridian Forest,2,2:54.86,2:54,0h2m54s,0,0,0,8,0:10,10.097,TACKLE,,,,0,654,34,3,4,21,21,14,4,355,Jolteon, ,Normal,Normal,719,Tauros2,Tauros,,00:02:44.76,00:02:54.86,00:10:58.04,8,0,0,2,54,86,TACKLE,,,,31,0,0,0,0,0,0,0,30,32,23,22,18,18,25,346,401,309,316,316,382,15,15,15,15,-1,0,0,0,0,0,0,15,22,18,18,25,41422,25134,14322,0,1966,0,0,0,654,654,0,0,34,7,3,4,0,0,180,150,25,25,20,4,11,0,0,0,0,0,3,0,0,0,0,0,0,0,0,0,0,0,0,0,0,0,0,0,0,0,0,0,0,0,0,0,0,0,0,0,0,7,563,0,0,0,0,0,13,0,0,0,0,0,2,0,Jolteon
11-27,13:46:32,NINTEN,Tauros,Bug Catcher,1,Viridian Forest,2,3:09.50,3:09,0h3m9s,0,0,0,8,0:11,9.152,TACKLE,,,,0,692,35,4,4,25,25,16,4,445,Jolteon, ,Normal,Normal,877,Tauros2,Tauros,,00:03:00.35,00:03:09.50,00:11:55.51,8,0,0,3,9,50,TACKLE,,,,27,0,0,0,0,0,0,0,28,32,23,22,18,18,25,436,461,379,356,356,472,15,15,15,15,0,0,0,0,0,0,0,23,22,18,18,25,44889,26050,16873,0,1966,0,0,0,692,692,0,0,35,8,4,4,0,0,232,198,27,27,24,5,12,0,0,0,0,0,4,0,0,0,0,0,0,0,0,0,0,0,0,0,0,0,0,0,0,0,0,0,0,0,0,0,0,0,0,0,0,9,721,0,0,0,0,0,13,0,0,0,0,0,2,0,Jolteon
11-27,13:46:53,NINTEN,Tauros,Bug Catcher,2,Viridian Forest,3,3:30.96,3:30,0h3m30s,0,0,0,9,0:13,13.752,TACKLE,,,,0,706,35,5,5,32,32,19,4,515,Jolteon, ,Normal,Normal,1157,Tauros2,Tauros,,00:03:17.21,00:03:30.96,00:13:20.25,9,0,0,3,30,96,TACKLE,,,,20,0,0,0,0,0,0,0,31,35,26,25,20,20,28,621,576,564,461,461,633,15,15,15,15,0,0,0,0,0,0,0,26,25,20,20,28,49963,26542,21455,0,1966,0,0,0,706,706,0,0,35,10,5,5,0,0,337,281,27,27,31,6,12,0,0,0,0,0,6,0,0,0,0,0,0,0,0,0,0,0,0,0,0,0,0,0,0,0,0,0,0,0,0,0,0,0,0,0,0,13,1001,0,0,0,0,0,13,0,0,0,0,0,2,0,Jolteon
11-27,13:47:18,NINTEN,Tauros,Bug Catcher,15,Viridian Forest,2,3:55.91,3:55,0h3m55s,0,0,0,10,0:14,11.576,TACKLE,,,,0,737,36,6,6,38,38,23,3,575,Jolteon, ,Normal,Normal,1370,Tauros2,Tauros,,00:03:44.34,00:03:55.91,00:14:58.55,10,0,0,3,55,91,TACKLE,,,,14,0,0,0,0,0,0,0,30,38,28,27,22,22,30,716,626,654,506,506,708,15,15,15,15,0,0,0,0,-1,0,0,28,27,22,22,19,55873,27347,26560,0,1966,0,0,0,737,737,0,0,36,12,6,6,0,0,417,350,31,31,37,7,15,0,0,0,0,0,7,0,0,0,0,0,0,0,0,0,0,0,0,0,0,0,0,0,0,0,0,0,0,0,0,0,0,0,0,0,0,15,1214,0,0,0,0,1,13,0,1,1,0,0,2,0,Jolteon
11-27,13:47:32,NINTEN,Tauros,Bug Catcher,3,Viridian Forest,1,4:09.89,4:09,0h4m9s,0,0,0,10,0:15,5.584,TACKLE,,,,0,807,45,7,6,40,40,24,3,655,Jolteon, ,Normal,Normal,1482,Tauros2,Tauros,,00:04:04.31,00:04:09.89,00:15:54.13,10,0,0,4,9,89,TACKLE,,,,12,0,0,0,0,0,0,0,30,38,28,27,22,22,30,761,656,689,526,526,753,15,15,15,15,0,0,0,0,-1,0,0,28,27,22,22,19,59191,28937,28288,0,1966,0,0,0,807,807,0,0,45,13,7,6,0,0,447,380,31,31,39,7,16,0,0,0,0,0,7,0,0,0,0,0,0,0,0,0,0,0,0,0,0,0,0,0,0,0,0,0,0,0,0,0,0,0,0,0,0,16,1326,0,0,0,0,2,13,0,1,1,0,0,2,0,Jolteon
11-27,13:49:04,NINTEN,Tauros,Jr Trainer M,1,Pewter City - Gym,2,5:42.04,5:42,0h5m42s,0,0,0,12,0:21,10.215,TACKLE,,,,0,1057,73,8,18,58,58,28,3,755,Jolteon, ,Normal,Normal,2227,Tauros2,Tauros,,00:05:31.82,00:05:42.04,00:21:56.28,12,0,0,5,42,4,TACKLE,,,,29,0,0,0,0,0,0,0,38,44,33,32,26,26,36,1338,1378,1305,1026,1026,1535,15,15,15,15,0,0,0,0,0,0,0,33,32,26,26,36,80926,34968,43992,0,1966,0,0,0,1057,1057,0,0,73,26,8,18,0,0,872,647,40,40,57,8,19,0,0,0,0,0,13,0,0,0,0,0,0,0,0,0,0,0,0,0,0,0,0,0,0,0,0,0,0,0,0,0,0,0,0,0,0,30,2071,0,0,0,0,2,13,0,1,1,0,0,2,0,Jolteon
11-27,13:50:28,NINTEN,Tauros,Rival1-Lab,1,Pallet Town - Oak's Lab,1,42.05,42,0h0m42s,0,0,0,5,0:02,7.917,TACKLE,,,,0,71,8,1,1,4,4,3,0,3000,Jolteon, ,Normal,Normal,253,Tauros2,Tauros,Rival (Lab),00:00:34.13,00:00:42.05,00:02:13.17,5,0,0,0,42,5,TACKLE,,,,31,0,0,0,0,0,0,0,18,24,16,16,13,13,17,55,55,50,65,65,55,15,15,15,15,0,-1,0,0,0,0,0,16,10,13,13,17,9952,4846,3123,0,1983,0,0,0,71,71,0,0,8,2,1,1,0,0,25,21,6,6,3,2,2,0,0,0,0,0,1,0,0,0,0,0,0,0,0,0,0,0,0,0,0,0,0,0,0,0,0,0,0,0,0,0,0,0,0,0,0,1,97,0,0,0,0,0,0,0,0,0,0,0,2,0,Jolteon
11-27,13:52:35,NINTEN,Tauros,Rival1-Lab,1,Pallet Town - Oak's Lab,1,41.58,41,0h0m41s,0,0,0,5,0:02,6.792,TACKLE,,,,0,71,3,1,1,3,3,2,0,3000,Jolteon, ,Normal,Normal,253,Tauros2,Tauros,Rival (Lab),00:00:34.78,00:00:41.58,00:02:11.20,5,0,0,0,41,58,TACKLE,,,,32,0,0,0,0,0,0,0,24,24,16,16,13,13,17,55,55,50,65,65,55,15,15,15,15,0,-1,0,0,0,0,0,16,10,13,13,17,9835,5000,2852,0,1983,0,0,0,71,71,0,0,3,2,1,1,0,0,25,21,0,0,3,1,1,0,0,0,0,0,1,0,0,0,0,0,0,0,0,0,0,0,0,0,0,0,0,0,0,0,0,0,0,0,0,0,0,0,0,0,0,1,97,0,0,0,0,0,0,0,0,0,0,0,2,0,Jolteon
11-27,13:53:46,NINTEN,Tauros,Rival1-Lab,1,Pallet Town - Oak's Lab,1,41.77,41,0h0m41s,0,0,0,5,0:02,8.15,TACKLE,,,,0,71,1,1,1,4,4,3,0,3000,Jolteon, ,Normal,Normal,253,Tauros2,Tauros,Rival (Lab),00:00:33.62,00:00:41.77,00:02:11.58,5,0,0,0,41,77,TACKLE,,,,31,0,0,0,0,0,0,0,18,24,16,16,13,13,17,55,55,50,65,65,55,15,15,15,15,0,-1,0,0,0,0,0,16,10,13,13,17,9884,4711,3179,0,1994,0,0,0,71,71,0,0,1,2,1,1,0,0,22,21,6,6,3,1,3,0,0,0,0,0,0,0,0,0,0,0,0,0,0,0,0,0,0,0,0,0,0,0,0,0,0,0,0,0,0,0,0,0,0,0,0,1,97,0,0,0,0,0,0,0,0,0,0,0,2,0,Jolteon
11-27,13:55:11,NINTEN,Tauros,Rival1a-Route 22,2,Route 22,2,2:06.53,2:06,0h2m6s,0,0,0,7,0:07,19.648,TACKLE,,,,0,485,48,2,1,14,14,12,4,75,Flareon, ,Normal,Normal,521,Tauros2,Tauros,Rival (Optional),00:01:46.89,00:02:06.53,00:07:46.59,7,0,0,2,6,53,TACKLE,,,,25,0,0,0,0,0,0,0,10,29,21,20,17,17,22,150,170,130,161,161,180,15,15,15,15,0,-2,0,0,0,-2,0,21,10,17,17,22,29985,19649,8342,0,1994,0,0,0,485,485,0,0,48,3,2,1,0,0,80,76,25,25,12,5,9,0,0,0,0,0,0,0,1,0,0,0,0,0,0,0,0,0,0,0,0,0,0,0,0,0,0,0,0,0,0,0,0,0,0,0,0,3,365,0,0,0,0,0,13,0,0,0,0,0,2,0,Flareon
11-27,13:56:04,NINTEN,Tauros,Lass,19,Viridian Forest,2,3:00.35,3:00,0h3m0s,0,0,0,8,0:11,11.458,TACKLE,,,,0,661,67,3,4,24,24,18,4,355,Jolteon, ,Normal,Normal,752,Tauros2,Tauros,,00:02:48.89,00:03:00.35,00:11:19.19,8,0,0,3,0,35,TACKLE,,,,28,0,0,0,0,0,0,0,23,32,23,22,18,18,25,346,366,314,316,316,368,15,15,15,15,0,0,0,0,0,0,0,23,22,18,18,25,42725,25425,15306,0,1994,0,0,0,661,661,0,0,67,7,3,4,0,0,187,161,35,35,22,6,14,0,0,0,0,0,2,0,1,0,0,0,0,0,0,0,0,0,0,0,0,0,0,0,0,0,0,0,0,0,0,0,0,0,0,0,0,7,596,0,0,0,0,0,13,0,0,0,0,0,2,0,Jolteon
11-27,13:56:20,NINTEN,Tauros,Bug Catcher,1,Viridian Forest,2,3:15.65,3:15,0h3m15s,0,0,0,8,0:12,9.645,TACKLE,,,,0,699,68,4,4,28,28,20,4,445,Jolteon, ,Normal,Normal,910,Tauros2,Tauros,,00:03:06.00,00:03:15.65,00:12:19.45,8,0,0,3,15,65,TACKLE,,,,24,0,0,0,0,0,0,0,21,32,23,22,18,18,25,436,426,384,356,356,458,15,15,15,15,0,0,0,0,-1,0,0,23,22,18,18,16,46351,26385,17972,0,1994,0,0,0,699,699,0,0,68,8,4,4,0,0,244,209,37,37,26,6,16,0,0,0,0,0,4,0,1,0,0,0,0,0,0,0,0,0,0,0,0,0,0,0,0,0,0,0,0,0,0,0,0,0,0,0,0,9,754,0,0,0,0,0,13,0,0,0,0,0,2,0,Jolteon
11-27,13:56:43,NINTEN,Tauros,Bug Catcher,2,Viridian Forest,3,3:39.01,3:39,0h3m39s,0,0,0,9,0:13,13.419,TACKLE,,,,0,713,68,5,5,36,36,24,4,515,Jolteon, ,Normal,Normal,1190,Tauros2,Tauros,,00:03:25.59,00:03:39.01,00:13:51.53,9,0,0,3,39,1,TACKLE,,,,16,0,0,0,0,0,0,0,20,35,26,25,20,20,27,621,541,569,461,461,619,15,15,15,15,0,0,0,0,0,0,0,26,25,20,20,27,51879,26873,23012,0,1994,0,0,0,713,713,0,0,68,10,5,5,0,0,376,292,41,41,34,6,18,0,0,0,0,0,7,0,1,0,0,0,0,0,0,0,0,0,0,0,0,0,0,0,0,0,0,0,0,0,0,0,0,0,0,0,0,13,1034,0,0,0,0,0,13,0,0,0,0,0,2,0,Jolteon
11-27,13:57:07,NINTEN,Tauros,Bug Catcher,15,Viridian Forest,2,4:02.54,4:02,0h4m2s,0,0,0,10,0:15,10.355,TACKLE,,,,0,744,73,6,6,41,41,27,3,575,Jolteon, ,Normal,Normal,1403,Tauros2,Tauros,,00:03:52.18,00:04:02.54,00:15:24.37,10,0,0,4,2,54,TACKLE,,,,11,0,0,0,0,0,0,0,18,38,28,27,22,22,30,716,591,659,506,506,694,15,15,15,15,0,0,0,0,0,0,0,28,27,22,22,30,57443,27669,27780,0,1994,0,0,0,744,744,0,0,73,12,6,6,0,0,455,361,46,46,39,6,20,0,0,0,0,0,9,0,2,0,0,0,0,0,0,0,0,0,0,0,0,0,0,0,0,0,0,0,0,0,0,0,0,0,0,0,0,15,1247,0,0,0,0,1,13,0,1,1,0,0,2,0,Jolteon
11-27,13:57:21,NINTEN,Tauros,Bug Catcher,3,Viridian Forest,1,4:17.14,4:17,0h4m17s,0,0,0,10,0:16,7.033,TACKLE,,,,0,790,77,7,6,44,44,29,3,655,Jolteon, ,Normal,Normal,1515,Tauros2,Tauros,,00:04:10.11,00:04:17.14,00:16:22.14,10,0,0,4,17,14,TACKLE,,,,8,0,0,0,0,0,0,0,34,38,28,27,22,22,30,761,621,694,526,526,739,15,15,15,15,0,0,0,0,0,0,0,28,27,22,22,30,60900,28625,29854,427,1994,0,0,0,790,790,0,0,77,13,7,6,0,0,506,391,50,50,42,6,22,0,0,0,0,0,10,0,2,0,0,0,0,0,0,0,0,0,0,0,0,0,0,0,0,0,0,0,0,0,0,0,0,0,0,0,0,16,1359,0,0,0,0,1,13,0,1,1,0,0,2,0,Jolteon
11-27,13:59:07,NINTEN,Tauros,Jr Trainer M,1,Pewter City - Gym,2,6:02.78,6:02,0h6m2s,0,0,0,12,0:23,12.674,TACKLE,,,,0,1088,83,8,19,66,66,36,3,755,Jolteon, ,Normal,Normal,2257,Tauros2,Tauros,,00:05:50.10,00:06:02.78,00:23:17.58,12,0,0,6,2,78,TACKLE,,,,22,0,0,0,0,0,0,0,32,44,33,32,26,26,36,1316,1419,1325,1001,1001,1669,15,15,15,15,0,0,0,0,0,0,0,33,32,26,26,36,85844,35995,47428,427,1994,0,0,0,1088,1088,0,0,83,27,8,19,0,0,944,662,70,70,61,9,29,0,0,0,0,0,13,0,2,0,0,0,0,0,0,0,0,0,0,0,0,0,0,0,0,0,0,0,0,0,0,0,0,0,0,0,0,31,2101,0,0,0,0,1,13,0,1,1,0,0,2,0,Jolteon
11-27,14:00:30,NINTEN,Tauros,Rival1-Lab,1,Pallet Town - Oak's Lab,1,39.40,39,0h0m39s,0,0,0,5,0:02,5.694,TACKLE,,,,0,71,3,1,1,2,2,1,0,3000,Jolteon, ,Normal,Normal,253,Tauros2,Tauros,Rival (Lab),00:00:33.71,00:00:39.40,00:02:02.29,5,0,0,0,39,40,TACKLE,,,,33,0,0,0,0,0,0,0,24,24,16,16,13,13,17,55,55,50,65,65,55,15,15,15,15,0,-1,0,0,0,0,0,16,10,13,13,17,9318,4728,2593,0,1997,0,0,0,71,71,0,0,3,2,1,1,0,0,21,21,0,0,2,0,1,0,0,0,0,0,1,0,0,0,0,0,0,0,0,0,0,0,0,0,0,0,0,0,0,0,0,0,0,0,0,0,0,0,0,0,0,1,0,0,0,0,0,0,0,0,0,0,0,0,2,0,Jolteon
11-27,14:02:17,NINTEN,Tauros,Rival1a-Route 22,2,Route 22,2,2:26.98,2:26,0h2m26s,0,1,1,8,0:09,17.339,TACKLE,,,,0,524,38,3,2,17,17,13,4,37,Flareon, ,Normal,Normal,649,Tauros2,Tauros,Rival (Optional),00:02:09.64,00:02:26.98,00:09:07.34,8,0,0,2,26,98,TACKLE,,,,26,0,0,0,0,0,0,0,26,32,23,22,18,18,25,236,287,200,232,232,300,15,15,15,15,0,-2,0,0,0,-3,0,23,11,18,18,25,34823,20601,12225,0,1997,0,0,0,524,524,0,0,38,5,3,2,0,0,148,129,34,32,17,0,13,0,0,0,0,0,4,0,0,0,0,0,0,0,0,0,0,0,0,0,0,0,0,0,0,0,0,0,0,0,0,0,0,0,0,0,1,5,493,0,0,0,0,0,13,0,0,0,0,1,2,1,Flareon
11-27,14:02:52,NINTEN,Tauros,Lass,19,Viridian Forest,2,3:01.71,3:01,0h3m1s,0,1,1,8,0:11,12.436,TACKLE,,,,0,660,51,4,3,23,23,17,4,317,Jolteon, ,Normal,Normal,800,Tauros2,Tauros,,00:02:49.28,00:03:01.71,00:11:24.50,8,0,0,3,1,71,TACKLE,,,,20,0,0,0,0,0,0,0,19,32,23,22,18,18,25,337,391,292,312,312,391,15,15,15,15,-1,0,0,0,0,0,0,15,22,18,18,25,43059,24559,16503,0,1997,0,0,0,660,660,0,0,51,7,4,3,0,0,219,174,41,39,23,0,17,0,0,0,0,0,6,0,1,0,0,0,0,0,0,0,0,0,0,0,0,0,0,0,0,0,0,0,0,0,0,0,0,0,0,0,1,7,644,0,0,0,0,0,13,0,0,0,0,1,2,1,Jolteon
11-27,14:03:12,NINTEN,Tauros,Bug Catcher,1,Viridian Forest,2,3:21.43,3:21,0h3m21s,0,1,1,9,0:12,14.082,TACKLE,,,,0,700,53,5,3,29,29,23,4,407,Jolteon, ,Normal,Normal,958,Tauros2,Tauros,,00:03:07.35,00:03:21.43,00:12:42.50,9,0,0,3,21,43,TACKLE,,,,14,0,0,0,0,0,0,0,18,35,26,25,20,20,27,427,451,362,352,352,481,15,15,15,15,0,0,0,0,-3,0,0,26,25,20,20,10,47739,25514,20228,0,1997,0,0,0,700,700,0,0,53,8,5,3,0,0,282,222,45,43,28,2,22,0,0,0,0,0,7,0,1,0,0,0,0,0,0,0,0,0,0,0,0,0,0,0,0,0,0,0,0,0,0,0,0,0,0,0,1,9,802,0,0,0,0,0,13,0,0,0,0,1,2,1,Jolteon
11-27,14:03:44,NINTEN,Tauros,Bug Catcher,2,Viridian Forest,3,3:53.88,3:53,0h3m53s,0,1,1,10,0:14,15.608,TACKLE,,,,0,714,53,6,5,40,40,29,4,477,Jolteon, ,Normal,Normal,1285,Tauros2,Tauros,,00:03:38.27,00:03:53.88,00:14:50.36,10,0,0,3,53,88,TACKLE,,,,3,0,0,0,0,0,0,0,34,38,28,27,22,22,30,652,611,587,492,492,698,15,15,15,15,0,0,0,0,0,0,0,28,27,22,22,30,55405,26046,26775,587,1997,0,0,0,714,714,0,0,53,11,6,5,0,0,433,326,49,47,38,3,25,0,0,0,0,0,10,0,1,0,0,0,0,0,0,0,0,0,0,0,0,0,0,0,0,0,0,0,0,0,0,0,0,0,0,0,1,14,1129,0,0,0,0,0,13,0,0,0,0,1,2,1,Jolteon
11-27,14:04:09,NINTEN,Tauros,Bug Catcher,15,Viridian Forest,2,4:19.06,4:19,0h4m19s,0,1,1,10,0:16,8.806,TACKLE,,,,0,747,67,7,7,45,45,30,4,537,Jolteon, ,Normal,Normal,1560,Tauros2,Tauros,,00:04:10.25,00:04:19.06,00:16:29.36,10,0,0,4,19,6,TACKLE,,,,0,0,0,0,0,0,0,0,19,38,28,27,22,22,30,827,751,757,607,607,885,15,15,15,15,0,0,0,0,0,0,0,28,27,22,22,30,61345,27153,31083,1112,1997,0,0,0,747,747,0,0,67,14,7,7,0,0,546,413,68,66,43,3,26,0,0,0,0,0,11,0,1,0,0,0,0,0,0,0,0,0,0,0,0,0,0,0,0,0,0,0,0,0,0,0,0,0,0,0,1,18,1404,0,0,0,0,1,13,0,0,0,0,1,2,1,Jolteon
11-27,14:04:33,NINTEN,Tauros,Bug Catcher,3,Viridian Forest,1,4:42.65,4:42,0h4m42s,0,1,1,11,0:18,6.932,TACKLE,,,,0,797,73,8,9,49,49,31,4,617,Jolteon, ,Normal,Normal,1734,Tauros2,Tauros,,00:04:35.72,00:04:42.65,00:18:02.22,11,0,0,4,42,65,TACKLE,,,,0,0,0,0,0,0,0,0,10,41,31,29,24,24,33,952,871,872,697,697,1042,15,15,15,15,0,0,0,0,0,0,0,31,29,24,24,33,66911,28243,35092,1579,1997,0,0,0,797,797,0,0,73,17,8,9,0,0,643,477,100,98,47,3,27,0,0,0,0,0,11,0,1,0,0,0,0,0,0,0,0,0,0,0,0,0,0,0,0,0,0,0,0,0,0,0,0,0,0,0,1,21,1578,0,0,0,0,1,13,0,0,0,0,1,2,1,Jolteon
11-27,14:05:40,NINTEN,Tauros,Jr Trainer M,1,Pewter City - Gym,2,5:49.51,5:49,0h5m49s,0,1,1,12,0:22,11.76,TACKLE,,,,0,1013,88,9,14,62,61,37,3,717,Jolteon, ,Normal,Normal,2228,Tauros2,Tauros,,00:05:37.75,00:05:49.51,00:22:25.44,12,0,0,5,49,51,TACKLE,,,,25,0,0,0,0,0,0,0,31,44,33,32,26,26,36,1208,1249,1177,942,942,1467,15,15,15,15,0,0,0,0,0,0,0,33,32,26,26,36,82713,33509,44960,2247,1997,0,0,0,1013,1013,0,0,88,23,9,14,0,0,939,614,131,129,58,4,33,0,0,0,0,0,15,0,2,0,0,0,0,0,0,0,0,0,0,0,0,0,0,0,0,0,0,0,0,0,0,0,0,0,0,0,1,28,2072,0,0,0,0,1,13,0,1,0,0,1,2,1,Jolteon
11-27,14:07:30,NINTEN,Tauros,Rival1-Lab,1,Pallet Town - Oak's Lab,1,40.49,40,0h0m40s,0,0,0,5,0:02,7.154,TACKLE,,,,0,71,2,1,1,3,3,2,0,3000,Jolteon, ,Normal,Normal,253,Tauros2,Tauros,Rival (Lab),00:00:33.34,00:00:40.49,00:02:07.35,5,0,0,0,40,49,TACKLE,,,,32,0,0,0,0,0,0,0,18,24,16,16,13,13,17,55,55,50,65,65,55,15,15,15,15,0,-1,0,0,0,0,0,16,10,13,13,17,9579,4682,2945,0,1952,0,0,0,71,71,0,0,2,2,1,1,0,0,25,21,6,6,3,0,2,0,0,0,0,0,1,0,0,0,0,0,0,0,0,0,0,0,0,0,0,0,0,0,0,0,0,0,0,0,0,0,0,0,0,0,0,1,0,0,0,0,0,0,0,0,0,0,0,0,2,0,Jolteon
11-27,14:09:24,NINTEN,Tauros,Rival1a-Route 22,2,Route 22,2,2:34.47,2:34,0h2m34s,0,1,1,7,0:09,19.155,TACKLE,,,,0,531,29,3,1,23,23,20,4,37,Flareon, ,Normal,Normal,632,Tauros2,Tauros,Rival (Optional),00:02:15.32,00:02:34.47,00:09:38.18,7,0,0,2,34,47,TACKLE,,,,25,0,0,0,0,0,0,0,1,29,21,20,17,17,22,190,230,160,192,192,250,15,15,15,15,-1,-2,0,0,0,0,0,13,10,17,17,22,36622,21427,13243,0,1952,0,0,0,531,531,0,0,29,4,3,1,0,0,128,115,67,60,22,4,17,0,0,0,0,0,2,0,4,0,0,0,0,0,0,0,0,0,0,0,0,0,0,0,0,0,0,0,0,0,0,0,0,0,0,0,1,4,476,0,0,0,0,0,13,0,0,0,0,1,2,1,Flareon
11-27,14:10:09,NINTEN,Tauros,Lass,19,Viridian Forest,2,3:19.95,3:19,0h3m19s,0,1,1,8,0:12,16.798,TACKLE,,,,0,700,41,4,2,32,32,27,4,317,Jolteon, ,Normal,Normal,783,Tauros2,Tauros,,00:03:03.15,00:03:19.95,00:12:38.06,8,0,0,3,19,95,TACKLE,,,,26,0,0,0,0,0,0,0,27,32,23,22,18,18,25,291,334,252,272,272,341,15,15,15,15,-2,-2,0,0,0,0,0,11,11,18,18,25,47410,26901,18557,0,1952,0,0,0,700,700,0,0,41,6,4,2,0,0,179,160,72,65,30,6,23,0,0,0,0,0,2,0,4,0,0,0,0,0,0,0,0,0,0,0,0,0,0,0,0,0,0,0,0,0,0,0,0,0,0,0,1,6,627,0,0,0,0,0,13,0,0,0,0,1,2,1,Jolteon
11-27,14:10:38,NINTEN,Tauros,Bug Catcher,1,Viridian Forest,2,3:49.04,3:49,0h3m49s,0,1,1,9,0:14,11.804,TACKLE,,,,0,734,41,5,4,39,39,31,3,407,Jolteon, ,Normal,Normal,971,Tauros2,Tauros,,00:03:37.24,00:03:49.04,00:14:32.47,9,0,0,3,49,4,TACKLE,,,,19,0,0,0,0,0,0,0,23,35,26,25,20,20,27,426,424,357,332,332,476,15,15,15,15,0,0,0,0,-1,0,0,26,25,20,20,17,54291,27764,24575,0,1952,0,0,0,734,734,0,0,41,9,5,4,0,0,288,242,79,72,37,6,27,0,0,0,0,0,6,0,4,0,0,0,0,0,0,0,0,0,0,0,0,0,0,0,0,0,0,0,0,0,0,0,0,0,0,0,1,9,815,0,0,0,0,0,13,0,1,1,0,1,2,1,Jolteon
11-27,14:11:07,NINTEN,Tauros,Bug Catcher,2,Viridian Forest,3,4:17.17,4:17,0h4m17s,0,1,1,10,0:16,17.915,TACKLE,,,,0,748,41,6,5,49,49,37,3,477,Jolteon, ,Normal,Normal,1261,Tauros2,Tauros,,00:03:59.25,00:04:17.17,00:16:23.53,10,0,0,4,17,17,TACKLE,,,,9,0,0,0,0,0,0,0,24,38,28,27,22,22,30,621,514,557,427,427,611,15,15,15,15,0,0,0,0,-1,0,0,28,27,22,22,19,60957,28775,30230,0,1952,0,0,0,748,748,0,0,41,11,6,5,0,0,410,327,81,74,46,7,29,0,0,0,0,0,8,0,4,0,0,0,0,0,0,0,0,0,0,0,0,0,0,0,0,0,0,0,0,0,0,0,0,0,0,0,1,13,1105,0,0,0,0,0,13,0,1,1,0,1,2,1,Jolteon
11-27,14:11:26,NINTEN,Tauros,Bug Catcher,15,Viridian Forest,2,4:36.81,4:36,0h4m36s,0,1,1,10,0:17,9.578,TACKLE,,,,0,779,49,7,6,54,54,39,3,537,Jolteon, ,Normal,Normal,1504,Tauros2,Tauros,,00:04:27.23,00:04:36.81,00:17:41.18,10,0,0,4,36,81,TACKLE,,,,4,0,0,0,0,0,0,0,20,38,28,27,22,22,30,761,594,682,492,492,731,15,15,15,15,0,0,0,0,0,0,0,28,27,22,22,30,65602,29787,33863,0,1952,0,0,0,779,779,0,0,49,13,7,6,0,0,495,398,85,78,51,7,31,0,0,0,0,0,9,0,4,0,0,0,0,0,0,0,0,0,0,0,0,0,0,0,0,0,0,0,0,0,0,0,0,0,0,0,1,16,1348,0,0,0,0,1,13,0,1,1,0,1,2,1,Jolteon
11-27,14:11:45,NINTEN,Tauros,Bug Catcher,3,Viridian Forest,1,4:55.83,4:55,0h4m55s,0,1,1,10,0:18,7.062,TACKLE,,,,0,827,49,8,7,58,58,41,3,617,Jolteon, ,Normal,Normal,1646,Tauros2,Tauros,,00:04:48.76,00:04:55.83,00:18:56.09,10,0,0,4,55,83,TACKLE,,,,0,0,0,0,0,0,0,0,36,38,28,27,22,22,30,851,654,752,532,532,821,15,15,15,15,0,0,0,0,-1,0,0,28,27,22,22,19,70093,30837,36881,423,1952,0,0,0,827,827,0,0,49,15,8,7,0,0,560,446,87,80,55,7,33,0,0,0,0,0,9,0,4,0,0,0,0,0,0,0,0,0,0,0,0,0,0,0,0,0,0,0,0,0,0,0,0,0,0,0,1,18,1490,0,0,0,0,1,13,0,1,1,0,1,2,1,Jolteon
11-27,14:12:49,NINTEN,Tauros,Jr Trainer M,1,Pewter City - Gym,2,5:59.32,5:59,0h5m59s,0,1,1,12,0:23,11.39,TACKLE,,,,0,977,51,9,13,70,70,45,3,717,Jolteon, ,Normal,Normal,2228,Tauros2,Tauros,,00:05:47.93,00:05:59.32,00:23:05.44,12,0,0,5,59,32,TACKLE,,,,30,0,0,0,0,0,0,0,35,44,33,32,26,26,36,1181,1044,1136,807,807,1252,15,15,15,15,0,0,0,0,0,0,0,33,32,26,26,36,85068,34889,47015,1212,1952,0,0,0,977,977,0,0,51,22,9,13,0,0,830,618,158,151,66,8,37,0,0,0,0,0,12,0,4,0,0,0,0,0,0,0,0,0,0,0,0,0,0,0,0,0,0,0,0,0,0,0,0,0,0,0,1,26,2072,0,0,0,0,1,13,0,1,1,0,1,2,1,Jolteon
11-27,14:14:13,NINTEN,Tauros,Rival1-Lab,1,Pallet Town - Oak's Lab,1,40.54,40,0h0m40s,0,0,0,5,0:02,6.805,TACKLE,,,,0,71,2,1,1,3,3,2,0,3000,Jolteon, ,Normal,Normal,253,Tauros2,Tauros,Rival (Lab),00:00:33.73,00:00:40.54,00:02:07.08,5,0,0,0,40,54,TACKLE,,,,32,0,0,0,0,0,0,0,24,24,16,16,13,13,17,55,55,50,65,65,55,15,15,15,15,0,-1,0,0,0,0,0,16,10,13,13,17,9586,4734,2866,0,1986,0,0,0,71,71,0,0,2,2,1,1,0,0,26,21,0,0,3,1,1,0,0,0,0,0,1,0,0,0,0,0,0,0,0,0,0,0,0,0,0,0,0,0,0,0,0,0,0,0,0,0,0,0,0,0,0,1,0,0,0,0,0,0,0,0,0,0,0,0,2,0,Jolteon
11-27,14:17:01,NINTEN,Tauros,Rival1-Lab,1,Pallet Town - Oak's Lab,1,40.68,40,0h0m40s,0,0,0,5,0:02,7.051,TACKLE,,,,0,71,1,1,1,3,3,2,0,3000,Jolteon, ,Normal,Normal,253,Tauros2,Tauros,Rival (Lab),00:00:33.62,00:00:40.68,00:02:07.59,5,0,0,0,40,68,TACKLE,,,,32,0,0,0,0,0,0,0,18,24,16,16,13,13,17,55,55,50,65,65,55,15,15,15,15,0,0,0,0,0,0,0,16,16,13,13,17,9623,4735,2916,0,1972,0,0,0,71,71,0,0,1,2,1,1,0,0,27,21,6,6,3,0,2,0,0,0,0,0,1,0,0,0,0,0,0,0,0,0,0,0,0,0,0,0,0,0,0,0,0,0,0,0,0,0,0,0,0,0,0,1,97,0,0,0,0,0,0,0,0,0,0,0,2,0,Jolteon
11-27,14:18:53,NINTEN,Tauros,Rival1a-Route 22,2,Route 22,2,2:32.44,2:32,0h2m32s,0,1,1,8,0:09,16.578,TACKLE,,,,0,550,16,3,2,21,21,17,4,37,Flareon, ,Normal,Normal,648,Tauros2,Tauros,Rival (Optional),00:02:15.86,00:02:32.44,00:09:29.36,8,0,0,2,32,44,TACKLE,,,,25,0,0,0,0,0,0,0,18,32,23,22,18,18,25,245,277,212,232,232,291,15,15,15,15,0,-1,0,0,0,-1,0,23,14,18,18,25,36120,20884,13264,0,1972,0,0,0,550,550,0,0,16,5,3,2,0,0,181,144,52,46,21,5,12,0,0,0,0,0,5,0,1,0,0,0,0,0,0,0,0,0,0,0,0,0,0,0,0,0,0,0,0,0,0,0,0,0,0,0,1,5,492,0,0,0,0,0,13,0,0,0,0,1,2,1,Flareon
11-27,14:19:37,NINTEN,Tauros,Lass,19,Viridian Forest,2,3:17.07,3:17,0h3m17s,0,1,1,8,0:12,10.754,TACKLE,,,,0,719,26,4,4,28,28,21,4,317,Jolteon, ,Normal,Normal,836,Tauros2,Tauros,,00:03:06.31,00:03:17.07,00:12:25.50,8,0,0,3,17,7,TACKLE,,,,28,0,0,0,0,0,0,0,26,32,23,22,18,18,25,391,411,339,332,332,427,15,15,15,15,0,-1,0,0,0,0,0,23,14,18,18,25,46694,26376,18346,0,1972,0,0,0,719,719,0,0,26,8,4,4,0,0,266,209,58,52,27,6,16,0,0,0,0,0,7,0,1,0,0,0,0,0,0,0,0,0,0,0,0,0,0,0,0,0,0,0,0,0,0,0,0,0,0,0,1,8,680,0,0,0,0,0,13,0,0,0,0,1,2,1,Jolteon
11-27,14:20:04,NINTEN,Tauros,Bug Catcher,1,Viridian Forest,2,3:43.34,3:43,0h3m43s,0,1,1,9,0:14,11.471,TACKLE,,,,0,753,30,5,6,36,36,25,4,407,Jolteon, ,Normal,Normal,1063,Tauros2,Tauros,,00:03:31.88,00:03:43.34,00:14:09.26,9,0,0,3,43,34,TACKLE,,,,20,0,0,0,0,0,0,0,26,35,26,25,20,20,28,566,546,484,427,427,618,15,15,15,15,0,0,0,0,-2,0,0,26,25,20,20,14,52910,27313,23625,0,1972,0,0,0,753,753,0,0,30,11,5,6,0,0,379,294,61,55,35,7,19,0,0,0,0,0,8,0,1,0,0,0,0,0,0,0,0,0,0,0,0,0,0,0,0,0,0,0,0,0,0,0,0,0,0,0,1,12,907,0,0,0,0,0,13,0,0,0,0,1,2,1,Jolteon
11-27,14:20:28,NINTEN,Tauros,Bug Catcher,2,Viridian Forest,3,4:07.49,4:07,0h4m7s,0,1,1,10,0:15,14.803,TACKLE,,,,0,767,30,6,7,45,45,30,4,477,Jolteon, ,Normal,Normal,1353,Tauros2,Tauros,,00:03:52.68,00:04:07.49,00:15:44.37,10,0,0,4,7,49,TACKLE,,,,11,0,0,0,0,0,0,0,27,38,28,27,22,22,30,761,636,684,522,522,753,15,15,15,15,0,0,0,0,0,0,0,28,27,22,22,30,58621,27800,28849,0,1972,0,0,0,767,767,0,0,30,13,6,7,0,0,487,378,63,57,43,9,20,0,0,0,0,0,9,0,1,0,0,0,0,0,0,0,0,0,0,0,0,0,0,0,0,0,0,0,0,0,0,0,0,0,0,0,1,16,1197,0,0,0,0,0,13,0,0,0,0,1,2,1,Jolteon
11-27,14:21:00,NINTEN,Tauros,Bug Catcher,15,Viridian Forest,2,4:39.57,4:39,0h4m39s,0,1,1,10,0:17,10.573,TACKLE,,,,0,798,39,7,10,53,53,34,3,537,Jolteon, ,Normal,Normal,1618,Tauros2,Tauros,,00:04:28.99,00:04:39.57,00:17:50.58,10,0,0,4,39,57,TACKLE,,,,3,0,0,0,0,0,0,0,22,38,28,27,22,22,30,946,746,844,607,607,918,15,15,15,15,0,0,0,0,0,0,0,28,27,22,22,30,66202,28711,35519,0,1972,0,0,0,798,798,0,0,39,17,7,10,0,0,612,482,68,62,51,10,22,0,0,0,0,0,9,0,1,0,0,0,0,0,0,0,0,0,0,0,0,0,0,0,0,0,0,0,0,0,0,0,0,0,0,0,1,20,1462,0,0,0,0,1,13,0,1,1,0,1,2,1,Jolteon
11-27,14:21:20,NINTEN,Tauros,Bug Catcher,3,Viridian Forest,1,5:00.13,5:00,0h5m0s,0,1,1,11,0:19,5.962,TACKLE,,,,0,848,39,8,12,57,57,35,3,617,Jolteon, ,Normal,Normal,1782,Tauros2,Tauros,,00:04:54.17,00:05:00.13,00:19:11.57,11,0,0,5,0,13,TACKLE,,,,0,0,0,0,0,0,0,0,18,41,31,29,24,24,33,1081,836,949,667,667,1053,15,15,15,15,0,0,0,0,-1,0,0,31,29,24,24,21,71061,29729,39360,0,1972,0,0,0,848,848,0,0,39,20,8,12,0,0,695,546,75,69,55,10,23,0,0,0,0,0,9,0,1,0,0,0,0,0,0,0,0,0,0,0,0,0,0,0,0,0,0,0,0,0,0,0,0,0,0,0,1,23,1626,0,0,0,0,1,13,0,1,1,0,1,2,1,Jolteon
11-27,14:23:58,NINTEN,Tauros,Jr Trainer M,1,Pewter City - Gym,2,7:37.60,7:37,0h7m37s,0,1,1,13,0:29,11.268,TACKLE,,,,0,1280,55,9,33,87,87,42,3,167,Jolteon, ,Normal,Normal,2854,Tauros2,Tauros,,00:07:26.34,00:07:37.60,00:29:30.50,13,0,0,7,37,60,TACKLE,,,,30,0,0,0,0,0,0,0,38,47,36,35,28,28,38,2101,1576,1904,1217,1217,2080,15,15,15,15,0,0,0,0,0,0,0,36,35,28,28,38,108194,41036,64084,1102,1972,0,0,0,1280,1280,0,0,55,42,9,33,0,0,1377,983,139,133,83,12,28,0,0,0,0,0,12,0,1,0,0,0,0,0,0,0,0,0,0,0,0,0,0,0,0,0,0,0,0,0,0,0,0,0,0,0,1,46,2698,0,0,0,0,1,14,0,1,1,0,1,2,1,Jolteon
11-27,14:25:17,NINTEN,Tauros,Rival1-Lab,1,Pallet Town - Oak's Lab,1,42.04,42,0h0m42s,0,0,0,5,0:02,8.233,TACKLE,,,,0,72,1,1,1,4,4,3,0,3000,Jolteon, ,Normal,Normal,253,Tauros2,Tauros,Rival (Lab),00:00:33.81,00:00:42.04,00:02:13.34,5,0,0,0,42,4,TACKLE,,,,31,0,0,0,0,0,0,0,12,24,16,16,13,13,17,55,55,50,65,65,55,15,15,15,15,0,-1,0,0,0,0,0,16,10,13,13,17,9945,4781,3205,0,1959,0,0,0,72,72,0,0,1,2,1,1,0,0,22,21,12,12,3,1,3,0,0,0,0,0,0,0,0,0,0,0,0,0,0,0,0,0,0,0,0,0,0,0,0,0,0,0,0,0,0,0,0,0,0,0,0,1,97,0,0,0,0,0,0,0,0,0,0,0,2,0,Jolteon
11-27,14:27:11,NINTEN,Tauros,Rival1a-Route 22,2,Route 22,2,2:36.35,2:36,0h2m36s,0,1,1,8,0:09,15.002,TACKLE,,,,0,533,20,3,2,23,23,18,4,37,Flareon, ,Normal,Normal,684,Tauros2,Tauros,Rival (Optional),00:02:21.34,00:02:36.35,00:09:45.24,8,0,0,2,36,35,TACKLE,,,,28,0,0,0,0,0,0,0,21,32,23,22,18,18,25,230,310,195,227,227,320,15,15,15,15,0,-1,0,0,0,0,0,23,14,18,18,25,37055,21257,13839,0,1959,0,0,0,533,533,0,0,20,5,3,2,0,0,164,147,49,49,22,6,13,0,0,0,0,0,3,0,2,0,0,0,0,0,0,0,0,0,0,0,0,0,0,0,0,0,0,0,0,0,0,0,0,0,0,0,1,5,528,0,0,0,0,0,13,0,0,0,0,1,2,1,Flareon
11-27,14:27:51,NINTEN,Tauros,Lass,19,Viridian Forest,2,3:15.97,3:15,0h3m15s,0,1,1,8,0:12,9.42,TACKLE,,,,0,712,39,4,3,27,27,20,4,317,Jolteon, ,Normal,Normal,835,Tauros2,Tauros,,00:03:06.56,00:03:15.97,00:12:21.57,8,0,0,3,15,97,TACKLE,,,,31,0,0,0,0,0,0,0,28,32,23,22,18,18,25,331,414,287,307,307,411,15,15,15,15,0,0,0,0,0,0,0,23,22,18,18,25,46448,27095,17394,0,1959,0,0,0,712,712,0,0,39,7,4,3,0,0,228,192,53,53,26,6,15,0,0,0,0,0,6,0,2,0,0,0,0,0,0,0,0,0,0,0,0,0,0,0,0,0,0,0,0,0,0,0,0,0,0,0,1,7,679,0,0,0,0,0,13,0,0,0,0,1,2,1,Jolteon
11-27,14:28:16,NINTEN,Tauros,Bug Catcher,1,Viridian Forest,2,3:40.98,3:40,0h3m40s,0,1,1,9,0:14,10.192,TACKLE,,,,0,750,49,5,4,34,34,24,4,407,Jolteon, ,Normal,Normal,1034,Tauros2,Tauros,,00:03:30.79,00:03:40.98,00:14:00.44,9,0,0,3,40,98,TACKLE,,,,24,0,0,0,0,0,0,0,29,35,26,25,20,20,27,471,494,412,372,372,531,15,15,15,15,0,0,0,0,-1,0,0,26,25,20,20,17,52375,28696,21720,0,1959,0,0,0,750,750,0,0,49,9,5,4,0,0,308,258,55,55,32,7,17,0,0,0,0,0,7,0,2,0,0,0,0,0,0,0,0,0,0,0,0,0,0,0,0,0,0,0,0,0,0,0,0,0,0,0,1,10,878,0,0,0,0,0,13,0,0,0,0,1,2,1,Jolteon
11-27,14:28:35,NINTEN,Tauros,Bug Catcher,2,Viridian Forest,3,3:59.92,3:59,0h3m59s,0,1,1,10,0:15,15.072,TACKLE,,,,0,764,49,6,4,41,41,28,4,477,Jolteon, ,Normal,Normal,1283,Tauros2,Tauros,,00:03:44.85,00:03:59.92,00:15:15.32,10,0,0,3,59,92,TACKLE,,,,17,0,0,0,0,0,0,0,32,38,28,27,22,22,30,616,564,557,442,442,636,15,15,15,15,0,0,0,0,0,0,0,28,27,22,22,30,56863,29185,25719,0,1959,0,0,0,764,764,0,0,49,10,6,4,0,0,387,324,55,55,38,8,17,0,0,0,0,0,9,0,2,0,0,0,0,0,0,0,0,0,0,0,0,0,0,0,0,0,0,0,0,0,0,0,0,0,0,0,1,13,1127,0,0,0,0,0,13,0,0,0,0,1,2,1,Jolteon
11-27,14:28:55,NINTEN,Tauros,Bug Catcher,15,Viridian Forest,2,4:19.86,4:19,0h4m19s,0,1,1,10,0:16,9.473,TACKLE,,,,0,795,51,7,5,46,46,30,4,537,Jolteon, ,Normal,Normal,1537,Tauros2,Tauros,,00:04:10.39,00:04:19.86,00:16:34.13,10,0,0,4,19,86,TACKLE,,,,12,0,0,0,0,0,0,0,28,38,28,27,22,22,30,761,634,702,512,512,741,15,15,15,15,0,0,0,0,0,0,0,28,27,22,22,30,61584,30263,29362,0,1959,0,0,0,795,795,0,0,51,12,7,5,0,0,470,395,59,59,43,8,19,0,0,0,0,0,10,0,2,0,0,0,0,0,0,0,0,0,0,0,0,0,0,0,0,0,0,0,0,0,0,0,0,0,0,0,1,16,1381,0,0,0,0,1,13,0,0,0,0,1,2,1,Jolteon
11-27,14:29:11,NINTEN,Tauros,Bug Catcher,3,Viridian Forest,1,4:35.80,4:35,0h4m35s,0,1,1,11,0:17,6.248,TACKLE,,,,0,843,54,8,6,49,49,31,4,617,Jolteon, ,Normal,Normal,1686,Tauros2,Tauros,,00:04:29.55,00:04:35.80,00:17:37.07,11,0,0,4,35,80,TACKLE,,,,9,0,0,0,0,0,0,0,29,41,30,29,24,24,33,851,694,772,552,552,831,15,15,15,15,0,0,0,0,0,0,0,30,29,24,24,33,65358,31207,32192,0,1959,0,0,0,843,843,0,0,54,14,8,6,0,0,537,444,61,61,46,8,20,0,0,0,0,0,12,0,2,0,0,0,0,0,0,0,0,0,0,0,0,0,0,0,0,0,0,0,0,0,0,0,0,0,0,0,1,18,1530,0,0,0,0,1,13,0,0,0,0,1,2,1,Jolteon
11-27,14:29:49,NINTEN,Tauros,Jr Trainer M,1,Pewter City - Gym,2,5:14.53,5:14,0h5m14s,0,1,1,11,0:20,9.604,TACKLE,,,,0,963,65,9,8,55,55,34,3,717,Jolteon, ,Normal,Normal,2050,Tauros2,Tauros,,00:05:04.93,00:05:14.53,00:20:09.37,11,0,0,5,14,53,TACKLE,,,,31,0,0,0,0,0,0,0,33,41,30,29,24,24,33,956,854,917,647,647,1011,15,15,15,15,0,0,0,0,0,0,0,30,29,24,24,33,74508,34700,37849,0,1959,0,0,0,963,963,0,0,65,17,9,8,0,0,637,529,72,72,52,8,23,0,0,0,0,0,13,0,3,0,0,0,0,0,0,0,0,0,0,0,0,0,0,0,0,0,0,0,0,0,0,0,0,0,0,0,1,21,1894,0,0,0,0,1,13,0,1,1,0,1,2,1,Jolteon
11-27,14:31:13,NINTEN,Tauros,Rival1-Lab,1,Pallet Town - Oak's Lab,1,40.73,40,0h0m40s,0,0,0,5,0:02,6.982,TACKLE,,,,0,71,4,1,1,3,3,2,0,3000,Jolteon, ,Normal,Normal,253,Tauros2,Tauros,Rival (Lab),00:00:33.75,00:00:40.73,00:02:08.13,5,0,0,0,40,73,TACKLE,,,,32,0,0,0,0,0,0,0,18,24,16,16,13,13,17,55,55,50,65,65,55,15,15,15,15,0,0,0,0,0,0,0,16,16,13,13,17,9634,4763,2902,0,1969,0,0,0,71,71,0,0,4,2,1,1,0,0,24,21,6,6,3,0,2,0,0,0,0,0,0,0,0,0,0,0,0,0,0,0,0,0,0,0,0,0,0,0,0,0,0,0,0,0,0,0,0,0,0,0,0,1,0,0,0,0,0,0,0,0,0,0,0,0,2,0,Jolteon
11-27,14:32:41,NINTEN,Tauros,Lass,19,Viridian Forest,2,2:08.36,2:08,0h2m8s,0,0,0,6,0:07,20.137,TACKLE,,,,0,514,39,2,2,14,14,11,3,275,Flareon, ,Normal,Normal,404,Tauros2,Tauros,,00:01:48.22,00:02:08.36,00:07:54.31,6,0,0,2,8,36,TACKLE,,,,24,0,0,0,0,0,0,0,16,26,18,18,15,15,20,156,159,142,145,145,146,15,15,15,15,-3,-2,0,0,0,0,0,7,9,15,15,20,30412,19387,9056,0,1969,0,0,0,514,514,0,0,39,4,2,2,0,0,70,66,16,16,13,2,10,0,0,0,0,0,2,0,0,0,0,0,0,0,0,0,0,0,0,0,0,0,0,0,0,0,0,0,0,0,0,0,0,0,0,0,0,3,248,0,0,0,0,0,12,0,0,0,0,0,2,0,Flareon
11-27,14:33:19,NINTEN,Tauros,Bug Catcher,1,Viridian Forest,2,2:46.87,2:46,0h2m46s,0,0,0,8,0:10,11.44,TACKLE,,,,0,560,43,3,5,26,26,18,3,365,Flareon, ,Normal,Normal,670,Tauros2,Tauros,,00:02:35.43,00:02:46.87,00:10:26.16,8,0,0,2,46,87,TACKLE,,,,12,0,0,0,0,0,0,0,27,32,23,22,18,18,25,386,299,337,250,250,356,15,15,15,15,0,0,0,0,0,0,0,23,22,18,18,25,39517,20675,16483,390,1969,0,0,0,560,560,0,0,43,8,3,5,0,0,204,169,23,23,25,4,14,0,0,0,0,0,5,0,0,0,0,0,0,0,0,0,0,0,0,0,0,0,0,0,0,0,0,0,0,0,0,0,0,0,0,0,0,8,514,0,0,0,0,0,12,0,0,0,0,0,2,0,Flareon
11-27,14:33:44,NINTEN,Tauros,Bug Catcher,2,Viridian Forest,3,3:11.68,3:11,0h3m11s,0,0,0,9,0:12,19.978,TACKLE,,,,0,580,62,4,5,37,37,26,3,435,Flareon, ,Normal,Normal,919,Tauros2,Tauros,,00:02:51.70,00:03:11.68,00:12:04.25,9,0,0,3,11,68,TACKLE,,,,1,0,0,0,0,0,0,0,30,35,26,25,20,20,27,531,369,482,320,320,461,15,15,15,15,0,0,0,0,-1,0,0,26,25,20,20,17,45406,21391,21656,390,1969,0,0,0,580,580,0,0,62,9,4,5,0,0,279,235,23,23,34,7,15,0,0,0,0,0,5,0,0,0,0,0,0,0,0,0,0,0,0,0,0,0,0,0,0,0,0,0,0,0,0,0,0,0,0,0,0,11,763,0,0,0,0,0,12,0,0,0,0,0,2,0,Flareon
11-27,14:34:11,NINTEN,Tauros,Bug Catcher,15,Viridian Forest,2,3:38.10,3:38,0h3m38s,0,0,0,9,0:13,12.349,TACKLE,,,,0,615,69,5,6,44,44,30,3,495,Flareon, ,Normal,Normal,1179,Tauros2,Tauros,,00:03:25.75,00:03:38.10,00:13:48.36,9,0,0,3,38,10,TACKLE,,,,0,0,0,0,0,0,0,0,11,35,26,25,20,20,27,666,464,612,400,400,592,15,15,15,15,0,0,0,0,-1,0,0,26,25,20,20,17,51657,22421,26356,911,1969,0,0,0,615,615,0,0,69,11,5,6,0,0,392,309,53,53,41,7,17,0,0,0,0,0,6,0,0,0,0,0,0,0,0,0,0,0,0,0,0,0,0,0,0,0,0,0,0,0,0,0,0,0,0,0,0,14,1023,0,0,0,0,1,12,0,0,0,0,0,2,0,Flareon
11-27,14:35:02,NINTEN,Tauros,Bug Catcher,3,Viridian Forest,1,4:29.39,4:29,0h4m29s,0,0,0,10,0:17,6.29,TACKLE,,,,0,665,72,6,11,56,56,36,3,575,Flareon, ,Normal,Normal,1573,Tauros2,Tauros,,00:04:23.10,00:04:29.39,00:17:10.07,10,0,0,4,29,39,TACKLE,,,,0,0,0,0,0,0,0,0,21,38,28,27,22,22,30,959,664,862,555,555,873,15,15,15,15,0,0,0,0,0,0,0,28,27,22,22,30,63748,23882,35338,2559,1969,0,0,0,665,665,0,0,72,17,6,11,0,0,589,443,126,126,49,12,22,0,0,0,0,0,9,0,0,0,0,0,0,0,0,0,0,0,0,0,0,0,0,0,0,0,0,0,0,0,0,0,0,0,0,0,0,20,1417,0,0,0,0,1,12,0,0,0,0,0,2,0,Flareon
11-27,14:35:36,NINTEN,Tauros,Jr Trainer M,1,Pewter City - Gym,2,5:03.16,5:03,0h5m3s,0,0,0,11,0:19,10.889,TACKLE,,,,0,781,73,7,12,63,63,40,3,675,Flareon, ,Normal,Normal,2052,Tauros2,Tauros,,00:04:52.27,00:05:03.16,00:19:23.08,11,0,0,5,3,16,TACKLE,,,,30,0,0,0,0,0,0,0,31,41,30,29,24,24,33,1082,854,1027,680,680,1079,15,15,15,15,0,0,0,0,0,0,0,30,29,24,24,33,71729,27184,40017,2559,1969,0,0,0,781,781,0,0,73,19,7,12,0,0,700,525,151,151,56,13,25,0,0,0,0,0,10,0,0,0,0,0,0,0,0,0,0,0,0,0,0,0,0,0,0,0,0,0,0,0,0,0,0,0,0,0,0,23,1896,0,0,0,0,1,12,0,0,0,0,0,2,0,Flareon
11-27,14:38:57,NINTEN,Tauros,Brock,1,Pewter City - Gym,2,8:24.30,8:24,0h8m24s,0,4,4,13,0:32,36.419,TACKLE,,,,0,995,83,12,12,164,155,103,3,53,Flareon, ,Normal,Normal,3244,Tauros2,Tauros,Brock,00:07:47.88,00:08:24.30,00:32:40.39,13,0,0,8,24,30,TACKLE,,,,14,0,0,0,0,0,0,0,3,47,35,34,28,28,38,1317,1299,1687,860,860,1249,15,15,15,15,0,0,0,0,0,0,0,35,34,28,28,38,119580,33499,81180,2932,1969,0,0,0,995,995,0,0,83,24,12,12,0,0,988,794,388,374,141,32,67,0,0,0,0,0,27,0,6,0,0,0,0,0,0,0,0,0,0,0,0,0,0,0,0,0,0,0,0,0,0,0,0,0,0,0,4,29,3088,0,0,0,0,1,12,0,0,0,0,4,2,4,Flareon
11-27,14:39:29,NINTEN,Tauros,Bug Catcher,4,Route 3,3,8:56.55,8:56,0h8m56s,0,4,4,14,0:34,12.285,TACKLE,,,,0,1108,89,13,12,169,160,105,4,1241,Flareon, ,Normal,Normal,3579,Tauros2,Tauros,,00:08:44.27,00:08:56.55,00:34:48.04,14,0,0,8,56,55,TACKLE,,,,30,0,0,0,0,0,0,0,46,50,38,37,29,29,41,1447,1394,1787,920,920,1389,15,15,15,15,0,0,0,0,0,0,0,42,37,29,29,41,127225,37227,85097,2932,1969,0,0,0,1108,1108,0,0,89,25,13,12,0,0,1101,883,392,378,145,33,69,0,0,0,0,0,29,0,6,0,0,0,0,0,0,0,0,0,0,0,0,0,0,0,0,0,0,0,0,0,0,0,0,0,0,0,4,32,3423,0,0,0,0,1,12,0,0,0,0,4,2,4,Flareon
11-27,14:39:41,NINTEN,Tauros,Youngster Ben,1,Route 3,2,9:08.99,9:08,0h9m8s,0,4,4,14,0:35,9.097,TACKLE,,,,0,1112,89,14,12,173,164,107,4,1341,Flareon, ,Normal,Normal,3857,Tauros2,Tauros,,00:08:59.89,00:09:08.99,00:35:37.05,14,0,0,9,8,99,TACKLE,,,,26,0,0,0,0,0,0,0,41,50,38,37,29,29,41,1512,1510,1866,985,985,1516,15,15,15,15,0,0,0,0,0,0,0,42,37,29,29,41,130166,37523,87742,2932,1969,0,0,0,1112,1112,0,0,89,26,14,12,0,0,1182,942,397,383,149,34,70,0,0,0,0,0,29,0,6,0,0,0,0,0,0,0,0,0,0,0,0,0,0,0,0,0,0,0,0,0,0,0,0,0,0,0,4,34,3701,0,0,0,0,1,12,0,0,0,0,4,2,4,Flareon
11-27,14:40:00,NINTEN,Tauros,Bug Catcher,5,Route 3,4,9:27.85,9:27,0h9m27s,0,4,4,15,0:36,16.016,TACKLE,,,,0,1116,90,15,12,180,171,110,4,1506,Flareon, ,Normal,Normal,4332,Tauros2,Tauros,,00:09:11.83,00:09:27.85,00:36:51.31,15,0,0,9,27,85,TACKLE,,,,19,0,0,0,0,0,0,0,39,53,41,39,31,31,44,1692,1620,2036,1075,1075,1676,15,15,15,15,0,0,0,0,-1,0,0,46,39,31,31,29,134632,37697,92034,2932,1969,0,0,0,1116,1116,0,0,90,27,15,12,0,0,1348,1054,402,388,154,36,73,0,0,0,0,0,32,0,7,0,0,0,0,0,0,0,0,0,0,0,0,0,0,0,0,0,0,0,0,0,0,0,0,0,0,0,4,38,4176,0,0,0,0,1,12,0,0,0,0,4,2,4,Flareon
11-27,14:40:15,NINTEN,Tauros,Bug Catcher,6,Route 3,2,9:42.26,9:42,0h9m42s,0,4,4,15,0:37,9.471,TACKLE,,,,0,1124,91,16,12,184,175,112,4,1596,Flareon, ,Normal,Normal,4625,Tauros2,Tauros,,00:09:32.79,00:09:42.26,00:37:48.24,15,0,0,9,42,26,TACKLE,,,,15,0,0,0,0,0,0,0,39,53,41,39,31,31,44,1787,1670,2126,1120,1120,1751,15,15,15,15,0,0,0,0,-1,0,0,51,39,31,31,29,138045,38339,94805,2932,1969,0,0,0,1124,1124,0,0,91,28,16,12,0,0,1446,1119,402,388,158,36,74,0,0,0,0,0,32,0,7,0,0,0,0,0,0,0,0,0,0,0,0,0,0,0,0,0,0,0,0,0,0,0,0,0,0,0,4,40,4469,0,0,0,0,1,12,0,0,0,0,4,2,4,Flareon
11-27,14:41:07,NINTEN,Tauros,Fossil Nerd,2,Mt Moon - 3,3,10:34.29,10:34,0h10m34s,0,4,4,16,0:41,16.101,TACKLE,,,,0,1498,100,17,12,190,181,115,5,1706,Flareon, ,Normal,Normal,5412,Tauros2,Tauros,,00:10:18.19,00:10:34.29,00:41:14.20,16,0,0,10,34,29,TACKLE,,,,34,0,0,0,0,0,0,0,14,56,43,42,33,33,46,1947,1845,2321,1275,1275,1911,15,15,15,15,0,-2,0,0,0,0,0,48,21,33,33,46,150401,46469,99031,2932,1969,0,0,0,1498,1498,0,0,100,29,17,12,0,0,1617,1228,444,430,164,37,76,0,0,0,0,0,34,0,7,0,0,0,0,0,0,0,0,0,0,0,0,0,0,0,0,0,0,0,0,0,0,0,0,0,0,0,4,43,5256,0,0,0,0,2,12,0,0,0,0,4,2,4,Flareon
11-27,14:41:37,NINTEN,Tauros,Rocket,42,Mt Moon - 3,3,11:04.12,11:04,0h11m4s,0,4,4,17,0:43,19.235,TACKLE,,,,0,1514,101,18,12,200,188,119,5,2006,Flareon,Poisoned,Normal,Normal,6147,Tauros2,Tauros,,00:10:44.88,00:11:04.12,00:43:12.00,17,0,0,11,4,12,TACKLE,,,,27,0,0,0,0,0,0,0,33,59,45,44,35,35,49,2062,2015,2495,1415,1415,2091,15,15,15,15,0,0,0,0,0,0,0,50,44,35,35,49,157461,47934,103995,3563,1969,0,0,0,1514,1514,0,0,101,30,18,12,0,0,1759,1338,468,454,171,37,80,0,0,0,0,0,35,0,7,0,0,0,0,0,0,0,0,0,0,1,0,0,0,0,0,0,0,0,0,0,0,0,0,0,0,0,4,46,5991,0,0,0,0,2,12,0,0,0,0,4,2,4,Flareon
11-27,14:43:11,NINTEN,Tauros,Rival1-Lab,1,Pallet Town - Oak's Lab,1,40.65,40,0h0m40s,0,0,0,5,0:02,7.12,TACKLE,,,,0,71,3,1,1,3,3,2,0,3000,Jolteon, ,Normal,Normal,253,Tauros2,Tauros,Rival (Lab),00:00:33.53,00:00:40.65,00:02:08.00,5,0,0,0,40,65,TACKLE,,,,32,0,0,0,0,0,0,0,21,24,16,16,13,13,17,55,55,50,65,65,55,15,15,15,15,0,-1,0,0,0,0,0,16,10,13,13,17,9617,4718,2934,0,1965,0,0,0,71,71,0,0,3,2,1,1,0,0,25,21,3,3,3,0,2,0,0,0,0,0,1,0,0,0,0,0,0,0,0,0,0,0,0,0,0,0,0,0,0,0,0,0,0,0,0,0,0,0,0,0,0,1,97,0,0,0,0,0,0,0,0,0,0,0,2,0,Jolteon
11-27,14:44:40,NINTEN,Tauros,Rival1a-Route 22,2,Route 22,2,2:09.67,2:09,0h2m9s,0,0,0,7,0:07,19.622,TACKLE,,,,0,473,20,2,2,16,16,12,3,275,Flareon, ,Normal,Normal,545,Tauros2,Tauros,Rival (Optional),00:01:50.05,00:02:09.67,00:07:59.43,7,0,0,2,9,67,TACKLE,,,,22,0,0,0,0,0,0,0,6,29,21,20,17,17,22,180,226,165,186,186,252,15,15,15,15,-1,-3,0,0,0,-1,0,13,8,17,17,22,30720,19119,9636,0,1965,0,0,0,473,473,0,0,20,4,2,2,0,0,103,91,26,26,15,2,11,0,0,0,0,0,2,0,0,0,0,0,0,0,0,0,0,0,0,0,0,0,0,0,0,0,0,0,0,0,0,0,0,0,0,0,0,4,389,0,0,0,0,0,12,0,0,0,0,0,2,0,Flareon
11-27,14:45:21,NINTEN,Tauros,Lass,19,Viridian Forest,2,2:51.09,2:51,0h2m51s,0,0,0,8,0:10,12.784,TACKLE,,,,0,640,29,3,3,22,22,16,3,555,Jolteon, ,Normal,Normal,696,Tauros2,Tauros,,00:02:38.30,00:02:51.09,00:10:43.19,8,0,0,2,51,9,TACKLE,,,,29,0,0,0,0,0,0,0,24,32,23,22,18,18,25,281,330,257,266,266,343,15,15,15,15,0,0,0,0,0,0,0,23,22,18,18,25,40536,24577,13994,0,1965,0,0,0,640,640,0,0,29,6,3,3,0,0,155,136,34,34,21,2,15,0,0,0,0,0,2,0,0,0,0,0,0,0,0,0,0,0,0,0,0,0,0,0,0,0,0,0,0,0,0,0,0,0,0,0,0,6,540,0,0,0,0,0,12,0,0,0,0,0,2,0,Jolteon
11-27,14:45:51,NINTEN,Tauros,Bug Catcher,1,Viridian Forest,2,3:20.73,3:20,0h3m20s,0,0,0,9,0:12,12.327,TACKLE,,,,0,676,30,4,5,32,32,23,3,645,Jolteon, ,Normal,Normal,923,Tauros2,Tauros,,00:03:08.40,00:03:20.73,00:12:40.17,9,0,0,3,20,73,TACKLE,,,,19,0,0,0,0,0,0,0,21,35,26,25,20,20,28,456,465,402,361,361,534,15,15,15,15,0,0,0,0,-3,0,0,26,25,20,20,11,47554,25577,20012,0,1965,0,0,0,676,676,0,0,30,9,4,5,0,0,268,222,40,40,29,5,21,0,0,0,0,0,4,0,0,0,0,0,0,0,0,0,0,0,0,0,0,0,0,0,0,0,0,0,0,0,0,0,0,0,0,0,0,10,767,0,0,0,0,0,12,0,0,0,0,0,2,0,Jolteon
11-27,14:46:18,NINTEN,Tauros,Bug Catcher,2,Viridian Forest,3,3:48.37,3:48,0h3m48s,0,0,0,9,0:14,15.782,TACKLE,,,,0,690,30,5,7,42,42,28,3,715,Jolteon, ,Normal,Normal,1247,Tauros2,Tauros,,00:03:32.59,00:03:48.37,00:14:29.11,9,0,0,3,48,37,TACKLE,,,,9,0,0,0,0,0,0,0,19,35,26,25,20,20,28,691,595,617,471,471,729,15,15,15,15,0,0,0,0,0,0,0,26,25,20,20,28,54088,26069,26054,0,1965,0,0,0,690,690,0,0,30,12,5,7,0,0,406,327,42,42,38,6,22,0,0,0,0,0,7,0,0,0,0,0,0,0,0,0,0,0,0,0,0,0,0,0,0,0,0,0,0,0,0,0,0,0,0,0,0,15,1091,0,0,0,0,0,12,0,0,0,0,0,2,0,Jolteon
11-27,14:46:45,NINTEN,Tauros,Bug Catcher,15,Viridian Forest,2,4:15.40,4:15,0h4m15s,0,0,0,10,0:16,9.595,TACKLE,,,,0,721,40,6,9,49,49,31,3,775,Jolteon, ,Normal,Normal,1512,Tauros2,Tauros,,00:04:05.80,00:04:15.40,00:16:15.27,10,0,0,4,15,40,TACKLE,,,,2,0,0,0,0,0,0,0,38,38,28,27,22,22,30,876,705,777,556,556,894,15,15,15,15,0,0,0,0,-1,0,0,28,27,22,22,19,60465,26993,31049,458,1965,0,0,0,721,721,0,0,40,15,6,9,0,0,514,414,43,43,44,7,24,0,0,0,0,0,8,0,0,0,0,0,0,0,0,0,0,0,0,0,0,0,0,0,0,0,0,0,0,0,0,0,0,0,0,0,0,19,1356,0,0,0,0,1,12,0,0,0,0,0,2,0,Jolteon
11-27,14:47:02,NINTEN,Tauros,Bug Catcher,3,Viridian Forest,1,4:32.40,4:32,0h4m32s,0,0,0,10,0:17,6.382,TACKLE,,,,0,769,41,7,10,53,53,33,3,855,Jolteon, ,Normal,Normal,1661,Tauros2,Tauros,,00:04:26.02,00:04:32.40,00:17:22.32,10,0,0,4,32,40,TACKLE,,,,0,0,0,0,0,0,0,0,23,38,28,27,22,22,30,966,765,847,596,596,984,15,15,15,15,0,0,0,0,-1,0,0,28,27,22,22,19,64489,27891,34175,458,1965,0,0,0,769,769,0,0,41,17,7,10,0,0,599,464,58,58,48,8,25,0,0,0,0,0,9,0,0,0,0,0,0,0,0,0,0,0,0,0,0,0,0,0,0,0,0,0,0,0,0,0,0,0,0,0,0,21,1505,0,0,0,0,1,12,0,0,0,0,0,2,0,Jolteon
11-27,14:47:40,NINTEN,Tauros,Jr Trainer M,1,Pewter City - Gym,2,5:10.46,5:10,0h5m10s,0,0,0,11,0:19,10.883,TACKLE,,,,0,899,44,8,12,60,60,36,3,955,Jolteon, ,Normal,Normal,2041,Tauros2,Tauros,,00:04:59.58,00:05:10.46,00:19:52.23,11,0,0,5,10,46,TACKLE,,,,30,0,0,0,0,0,0,0,32,41,31,29,24,24,33,1106,985,1037,741,741,1231,15,15,15,15,0,0,0,0,0,0,0,31,29,24,24,33,73480,31457,39600,458,1965,0,0,0,899,899,0,0,44,20,8,12,0,0,790,546,82,82,55,8,28,0,0,0,0,0,11,0,0,0,0,0,0,0,0,0,0,0,0,0,0,0,0,0,0,0,0,0,0,0,0,0,0,0,0,0,0,25,1885,0,0,0,0,1,12,0,0,0,0,0,2,0,Jolteon
11-27,14:50:49,NINTEN,Tauros,Brock,1,Pewter City - Gym,2,8:18.62,8:18,0h8m18s,0,4,4,13,0:32,31.339,TACKLE,,,,0,1107,46,13,12,151,145,88,3,70,Jolteon, ,Normal,Normal,3233,Tauros2,Tauros,Brock,00:07:47.28,00:08:18.62,00:32:18.10,13,0,0,8,18,62,TACKLE,,,,17,0,0,0,0,0,0,0,12,47,36,34,28,28,38,1341,1430,1697,921,921,1401,15,15,15,15,0,0,0,0,0,0,0,36,34,28,28,38,118227,37329,78143,790,1965,0,0,0,1107,1107,0,0,46,25,13,12,0,0,1066,812,317,296,136,16,65,0,0,0,0,0,28,0,1,0,0,0,0,0,0,0,0,0,0,0,0,0,0,0,0,0,0,0,0,0,0,0,0,0,0,0,4,31,3077,0,0,0,0,1,12,0,0,0,0,4,2,4,Jolteon
11-27,14:51:22,NINTEN,Tauros,Bug Catcher,4,Route 3,3,8:51.97,8:51,0h8m51s,0,4,4,14,0:34,13.725,TACKLE,,,,0,1218,50,14,12,157,151,91,4,1258,Jolteon, ,Normal,Normal,3568,Tauros2,Tauros,,00:08:38.24,00:08:51.97,00:34:29.54,14,0,0,8,51,97,TACKLE,,,,29,0,0,0,0,0,0,0,48,50,38,37,29,29,41,1471,1525,1797,981,981,1541,15,15,15,15,0,0,0,0,-2,0,0,42,37,29,29,20,126131,40972,82404,790,1965,0,0,0,1218,1218,0,0,50,26,14,12,0,0,1194,901,319,298,141,17,68,0,0,0,0,0,29,0,1,0,0,0,0,0,0,0,0,0,0,0,0,0,0,0,0,0,0,0,0,0,0,0,0,0,0,0,4,34,3412,0,0,0,0,1,12,0,0,0,0,4,2,4,Jolteon
11-27,14:51:37,NINTEN,Tauros,Youngster Ben,1,Route 3,2,9:07.38,9:07,0h9m7s,0,4,4,14,0:35,11.987,TACKLE,,,,0,1222,50,15,12,164,155,93,4,1358,Jolteon, ,Normal,Normal,3846,Tauros2,Tauros,,00:08:55.39,00:09:07.38,00:35:30.45,14,0,0,9,7,38,TACKLE,,,,25,0,0,0,0,0,0,0,39,50,38,37,29,29,41,1536,1641,1876,1046,1046,1668,15,15,15,15,0,0,0,0,0,0,0,42,37,29,29,41,129782,41282,85745,790,1965,0,0,0,1222,1222,0,0,50,27,15,12,0,0,1289,960,328,307,145,17,70,0,0,0,0,0,30,0,1,0,0,0,0,0,0,0,0,0,0,0,0,0,0,0,0,0,0,0,0,0,0,0,0,0,0,0,4,36,3690,0,0,0,0,1,12,0,0,0,0,4,2,4,Jolteon
11-27,14:51:55,NINTEN,Tauros,Bug Catcher,5,Route 3,4,9:25.18,9:25,0h9m25s,0,4,4,15,0:36,14.961,TACKLE,,,,0,1226,51,16,12,170,161,95,4,1523,Jolteon, ,Normal,Normal,4321,Tauros2,Tauros,,00:09:10.22,00:09:25.18,00:36:40.56,15,0,0,9,25,18,TACKLE,,,,19,0,0,0,0,0,0,0,39,53,41,39,31,31,44,1716,1751,2046,1136,1136,1828,15,15,15,15,0,0,0,0,0,0,0,46,39,31,31,44,133993,41456,89782,790,1965,0,0,0,1226,1226,0,0,51,28,16,12,0,0,1448,1072,331,310,151,17,71,0,0,0,0,0,32,0,1,0,0,0,0,0,0,0,0,0,0,0,0,0,0,0,0,0,0,0,0,0,0,0,0,0,0,0,4,40,4165,0,0,0,0,1,12,0,0,0,0,4,2,4,Jolteon
11-27,14:52:08,NINTEN,Tauros,Bug Catcher,6,Route 3,2,9:38.34,9:38,0h9m38s,0,4,4,15,0:37,8.043,TACKLE,,,,0,1234,52,17,12,173,164,96,4,1613,Jolteon, ,Normal,Normal,4614,Tauros2,Tauros,,00:09:30.29,00:09:38.34,00:37:32.51,15,0,0,9,38,34,TACKLE,,,,16,0,0,0,0,0,0,0,39,53,41,39,31,31,44,1811,1801,2136,1181,1181,1903,15,15,15,15,0,0,0,0,0,0,0,46,39,31,31,44,137108,42140,92213,790,1965,0,0,0,1234,1234,0,0,52,29,17,12,0,0,1526,1137,331,310,154,17,71,0,0,0,0,0,33,0,1,0,0,0,0,0,0,0,0,0,0,0,0,0,0,0,0,0,0,0,0,0,0,0,0,0,0,0,4,42,4458,0,0,0,0,1,12,0,0,0,0,4,2,4,Jolteon
11-27,14:52:59,NINTEN,Tauros,Fossil Nerd,2,Mt Moon - 3,3,10:29.18,10:29,0h10m29s,0,4,4,16,0:40,15.898,TACKLE,,,,0,1598,62,18,12,179,170,99,5,1723,Jolteon,Poisoned,Normal,Normal,5401,Tauros2,Tauros,,00:10:13.28,00:10:29.18,00:40:54.03,16,0,0,10,29,18,TACKLE,,,,31,0,0,0,0,0,0,0,23,56,43,42,33,33,46,1971,1976,2331,1336,1336,2063,15,15,15,15,0,0,0,0,0,0,0,48,42,33,33,46,149180,50033,96392,790,1965,0,0,0,1598,1598,0,0,62,30,18,12,0,0,1659,1246,364,343,160,17,74,0,0,0,0,0,34,0,1,0,0,0,0,0,0,0,0,0,0,1,0,0,0,0,0,0,0,0,0,0,0,0,0,0,0,0,4,45,5245,0,0,0,0,2,12,0,0,0,0,4,2,4,Jolteon
11-27,14:53:28,NINTEN,Tauros,Rocket,42,Mt Moon - 3,3,10:57.78,10:57,0h10m57s,0,4,4,16,0:42,17.035,TACKLE,,,,0,1614,63,19,12,188,178,104,6,2023,Jolteon, ,Normal,Normal,6136,Tauros2,Tauros,,00:10:40.74,00:10:57.78,00:42:46.39,16,0,0,10,57,78,TACKLE,,,,23,0,0,0,0,0,0,0,46,56,43,42,33,33,46,2086,2146,2505,1476,1476,2243,15,15,15,15,-1,0,0,0,0,0,0,31,42,33,33,46,155936,51482,100838,1651,1965,0,0,0,1614,1614,0,0,63,31,19,12,0,0,1790,1356,374,353,168,18,78,0,0,0,0,0,35,0,1,0,0,0,0,0,0,0,0,0,0,1,0,0,0,0,0,0,0,0,0,0,0,0,0,0,0,0,4,48,5980,0,0,0,0,2,12,0,0,0,0,4,2,4,Jolteon
11-27,14:59:17,NINTEN,Tauros,Rival1-Lab,1,Pallet Town - Oak's Lab,1,40.72,40,0h0m40s,0,0,0,5,0:02,7.085,TACKLE,,,,0,71,1,1,1,3,3,2,0,3000,Jolteon, ,Normal,Normal,253,Tauros2,Tauros,Rival (Lab),00:00:33.64,00:00:40.72,00:02:07.41,5,0,0,0,40,72,TACKLE,,,,32,0,0,0,0,0,0,0,18,24,16,16,13,13,17,55,55,50,65,65,55,15,15,15,15,0,0,0,0,0,0,0,16,16,13,13,17,9630,4701,2932,0,1997,0,0,0,71,71,0,0,1,2,1,1,0,0,26,21,6,6,3,0,2,0,0,0,0,0,1,0,0,0,0,0,0,0,0,0,0,0,0,0,0,0,0,0,0,0,0,0,0,0,0,0,0,0,0,0,0,1,0,0,0,0,0,0,0,0,0,0,0,0,2,0,Jolteon
11-27,15:01:12,NINTEN,Tauros,Rival1a-Route 22,2,Route 22,2,2:35.94,2:35,0h2m35s,0,1,1,8,0:09,14.916,TACKLE,,,,0,526,37,3,2,23,23,19,3,137,Flareon, ,Normal,Normal,649,Tauros2,Tauros,Rival (Optional),00:02:21.02,00:02:35.94,00:09:43.12,8,0,0,2,35,94,TACKLE,,,,27,0,0,0,0,0,0,0,18,32,23,22,18,18,25,236,287,200,232,232,300,15,15,15,15,0,-1,0,0,0,0,0,23,14,18,18,25,36961,20954,14010,0,1997,0,0,0,526,526,0,0,37,5,3,2,0,0,152,135,52,46,21,5,16,0,0,0,0,0,5,0,1,0,0,0,0,0,0,0,0,0,0,0,0,0,0,0,0,0,0,0,0,0,0,0,0,0,0,0,1,5,493,0,0,0,0,0,12,0,0,0,0,1,2,1,Flareon
11-27,15:01:52,NINTEN,Tauros,Lass,19,Viridian Forest,2,3:15.27,3:15,0h3m15s,0,1,1,8,0:12,10.825,TACKLE,,,,0,695,44,4,3,28,28,22,3,417,Jolteon, ,Normal,Normal,800,Tauros2,Tauros,,00:03:04.44,00:03:15.27,00:12:18.32,8,0,0,3,15,27,TACKLE,,,,30,0,0,0,0,0,0,0,28,32,23,22,18,18,25,337,391,292,312,312,391,15,15,15,15,-1,0,0,0,0,0,0,15,22,18,18,25,46281,26384,17900,0,1997,0,0,0,695,695,0,0,44,7,4,3,0,0,208,180,56,50,26,5,19,0,0,0,0,0,6,0,1,0,0,0,0,0,0,0,0,0,0,0,0,0,0,0,0,0,0,0,0,0,0,0,0,0,0,0,1,7,644,0,0,0,0,0,12,0,0,0,0,1,2,1,Jolteon
11-27,15:02:12,NINTEN,Tauros,Bug Catcher,1,Viridian Forest,2,3:35.15,3:35,0h3m35s,0,1,1,9,0:13,13.768,TACKLE,,,,0,739,52,5,3,35,35,27,3,507,Jolteon, ,Normal,Normal,958,Tauros2,Tauros,,00:03:21.39,00:03:35.15,00:13:37.12,9,0,0,3,35,15,TACKLE,,,,23,0,0,0,0,0,0,0,23,35,26,25,20,20,27,427,451,362,352,352,481,15,15,15,15,0,0,0,0,0,0,0,26,25,20,20,27,51001,27448,21556,0,1997,0,0,0,739,739,0,0,52,8,5,3,0,0,278,228,64,58,32,7,23,0,0,0,0,0,6,0,1,0,0,0,0,0,0,0,0,0,0,0,0,0,0,0,0,0,0,0,0,0,0,0,0,0,0,0,1,9,802,0,0,0,0,0,12,0,0,0,0,1,2,1,Jolteon
11-27,15:02:37,NINTEN,Tauros,Bug Catcher,2,Viridian Forest,3,4:00.56,4:00,0h4m0s,0,1,1,9,0:15,16.032,TACKLE,,,,0,753,52,6,4,45,45,33,3,577,Jolteon, ,Normal,Normal,1244,Tauros2,Tauros,,00:03:44.53,00:04:00.56,00:15:17.24,9,0,0,4,0,56,TACKLE,,,,13,0,0,0,0,0,0,0,19,35,26,25,20,20,27,617,551,542,442,442,631,15,15,15,15,0,0,0,0,0,0,0,26,25,20,20,27,57013,27948,27068,0,1997,0,0,0,753,753,0,0,52,10,6,4,0,0,390,314,68,62,42,7,25,0,0,0,0,0,6,0,1,0,0,0,0,0,0,0,0,0,0,0,0,0,0,0,0,0,0,0,0,0,0,0,0,0,0,0,1,13,1088,0,0,0,0,0,12,0,0,0,0,1,2,1,Jolteon
11-27,15:02:56,NINTEN,Tauros,Bug Catcher,15,Viridian Forest,2,4:19.40,4:19,0h4m19s,0,1,1,10,0:16,11.801,TACKLE,,,,0,784,54,7,4,50,50,36,3,637,Jolteon, ,Normal,Normal,1457,Tauros2,Tauros,,00:04:07.60,00:04:19.40,00:16:31.46,10,0,0,4,19,40,TACKLE,,,,8,0,0,0,0,0,0,0,31,38,28,27,22,22,30,712,601,632,487,487,706,15,15,15,15,0,0,0,0,0,0,0,28,27,22,22,30,61475,28791,30295,392,1997,0,0,0,784,784,0,0,54,11,7,4,0,0,458,367,75,69,47,7,28,0,0,0,0,0,7,0,2,0,0,0,0,0,0,0,0,0,0,0,0,0,0,0,0,0,0,0,0,0,0,0,0,0,0,0,1,15,1301,0,0,0,0,1,12,0,0,0,0,1,2,1,Jolteon
11-27,15:03:33,NINTEN,Tauros,Bug Catcher,3,Viridian Forest,1,4:56.46,4:56,0h4m56s,0,1,1,11,0:18,8.03,TACKLE,,,,0,836,59,8,9,59,59,39,3,717,Jolteon, ,Normal,Normal,1731,Tauros2,Tauros,,00:04:48.43,00:04:56.46,00:18:57.27,11,0,0,4,56,46,TACKLE,,,,0,0,0,0,0,0,0,0,38,41,31,29,24,24,33,977,801,872,642,642,983,15,15,15,15,0,0,0,0,-1,0,0,31,29,24,24,21,70216,29875,37611,733,1997,0,0,0,836,836,0,0,59,17,8,9,0,0,651,486,79,73,56,7,31,0,0,0,0,0,9,0,2,0,0,0,0,0,0,0,0,0,0,0,0,0,0,0,0,0,0,0,0,0,0,0,0,0,0,0,1,21,1575,0,0,0,0,1,12,0,0,0,0,1,2,1,Jolteon
11-27,15:04:07,NINTEN,Tauros,Jr Trainer M,1,Pewter City - Gym,2,5:30.37,5:30,0h5m30s,0,1,1,11,0:21,8.233,TACKLE,,,,0,954,92,9,11,64,64,40,3,817,Jolteon, ,Normal,Normal,2110,Tauros2,Tauros,,00:05:22.14,00:05:30.37,00:21:10.47,11,0,0,5,30,37,TACKLE,,,,32,0,0,0,0,0,0,0,38,41,31,29,24,24,33,1122,1006,1057,772,772,1219,15,15,15,15,0,0,0,0,0,0,0,31,29,24,24,33,78216,33325,42161,733,1997,0,0,0,954,954,0,0,92,20,9,11,0,0,812,568,97,91,61,7,32,0,0,0,0,0,13,0,2,0,0,0,0,0,0,0,0,0,0,0,0,0,0,0,0,0,0,0,0,0,0,0,0,0,0,0,1,25,1954,0,0,0,0,1,12,0,0,0,0,1,2,1,Jolteon
11-27,15:07:22,NINTEN,Tauros,Brock,1,Pewter City - Gym,2,8:45.14,8:45,0h8m45s,0,5,5,13,0:34,35.399,TACKLE,,,,0,1170,100,14,11,156,152,103,3,62,Jolteon, ,Normal,Normal,3302,Tauros2,Tauros,Brock,00:08:09.74,00:08:45.14,00:34:02.49,13,0,0,8,45,14,TACKLE,,,,16,0,0,0,0,0,0,0,13,47,36,34,28,28,38,1357,1451,1717,952,952,1389,15,15,15,15,0,-6,0,0,0,0,0,36,8,28,28,38,124538,39545,81984,1012,1997,0,0,0,1170,1170,0,0,100,25,14,11,0,0,1093,841,328,304,145,20,78,0,0,0,0,0,30,0,5,0,0,0,0,0,0,0,0,0,0,0,0,0,0,0,0,0,0,0,0,0,0,0,0,0,0,0,5,31,3146,0,0,0,0,1,12,0,0,0,0,5,2,5,Jolteon
11-27,15:07:53,NINTEN,Tauros,Bug Catcher,4,Route 3,3,9:16.74,9:16,0h9m16s,0,5,5,14,0:36,11.971,TACKLE,,,,0,1283,101,15,11,161,157,105,4,1250,Jolteon, ,Normal,Normal,3637,Tauros2,Tauros,,00:09:04.77,00:09:16.74,00:36:07.39,14,0,0,9,16,74,TACKLE,,,,30,0,0,0,0,0,0,0,50,50,38,37,29,29,41,1487,1546,1817,1012,1012,1529,15,15,15,15,0,0,0,0,0,0,0,42,37,29,29,41,132028,43189,85830,1012,1997,0,0,0,1283,1283,0,0,101,26,15,11,0,0,1222,930,328,304,150,22,78,0,0,0,0,0,31,0,5,0,0,0,0,0,0,0,0,0,0,0,0,0,0,0,0,0,0,0,0,0,0,0,0,0,0,0,5,34,3481,0,0,0,0,1,12,0,0,0,0,5,2,5,Jolteon
11-27,15:08:07,NINTEN,Tauros,Youngster Ben,1,Route 3,2,9:30.31,9:30,0h9m30s,0,5,5,14,0:37,10.124,TACKLE,,,,0,1287,102,16,11,165,161,108,4,1350,Jolteon, ,Normal,Normal,3915,Tauros2,Tauros,,00:09:20.19,00:09:30.31,00:37:01.11,14,0,0,9,30,31,TACKLE,,,,26,0,0,0,0,0,0,0,37,50,38,37,29,29,41,1552,1662,1896,1077,1077,1656,15,15,15,15,0,0,0,0,0,0,0,42,37,29,29,41,135240,43504,88727,1012,1997,0,0,0,1287,1287,0,0,102,27,16,11,0,0,1303,989,341,317,154,22,81,0,0,0,0,0,31,0,5,0,0,0,0,0,0,0,0,0,0,0,0,0,0,0,0,0,0,0,0,0,0,0,0,0,0,0,5,36,3759,0,0,0,0,1,12,0,0,0,0,5,2,5,Jolteon
11-27,15:08:29,NINTEN,Tauros,Bug Catcher,5,Route 3,4,9:52.59,9:52,0h9m52s,0,5,5,15,0:38,18.632,TACKLE,,,,0,1293,105,17,11,174,170,113,4,1515,Jolteon, ,Normal,Normal,4390,Tauros2,Tauros,,00:09:33.96,00:09:52.59,00:38:29.14,15,0,0,9,52,59,TACKLE,,,,17,0,0,0,0,0,0,0,38,53,41,39,31,31,44,1732,1772,2066,1167,1167,1816,15,15,15,15,0,0,0,0,-1,0,0,46,39,31,31,29,140523,43869,93645,1012,1997,0,0,0,1293,1293,0,0,105,28,17,11,0,0,1514,1101,343,319,161,24,83,0,0,0,0,0,34,0,5,0,0,0,0,0,0,0,0,0,0,0,0,0,0,0,0,0,0,0,0,0,0,0,0,0,0,0,5,40,4234,0,0,0,0,1,12,0,0,0,0,5,2,5,Jolteon
11-27,15:08:42,NINTEN,Tauros,Bug Catcher,6,Route 3,2,10:05.55,10:05,0h10m5s,0,5,5,15,0:39,8.087,TACKLE,,,,0,1301,108,18,11,177,173,114,4,1605,Jolteon, ,Normal,Normal,4683,Tauros2,Tauros,,00:09:57.46,00:10:05.55,00:39:20.21,15,0,0,10,5,55,TACKLE,,,,14,0,0,0,0,0,0,0,38,53,41,39,31,31,44,1827,1822,2156,1212,1212,1891,15,15,15,15,0,0,0,0,0,0,0,46,39,31,31,44,143590,44481,96100,1012,1997,0,0,0,1301,1301,0,0,108,29,18,11,0,0,1607,1166,343,319,164,24,83,0,0,0,0,0,36,0,5,0,0,0,0,0,0,0,0,0,0,0,0,0,0,0,0,0,0,0,0,0,0,0,0,0,0,0,5,42,4527,0,0,0,0,1,12,0,0,0,0,5,2,5,Jolteon
11-27,15:09:11,NINTEN,Tauros,Super Nerd,1,Mt Moon - 1,2,10:34.35,10:34,0h10m34s,0,5,5,16,0:41,11.398,TACKLE,,,,0,1450,116,19,11,182,178,117,4,1715,Jolteon, ,Normal,Normal,5132,Tauros2,Tauros,,00:10:22.95,00:10:34.35,00:41:14.07,16,0,0,10,34,35,TACKLE,,,,30,0,0,0,0,0,0,0,50,56,43,42,33,33,46,1892,1887,2276,1362,1362,2036,15,15,15,15,0,0,0,0,0,0,0,48,42,33,33,46,150416,48197,99210,1012,1997,0,0,0,1450,1450,0,0,116,30,19,11,0,0,1684,1225,349,325,168,25,86,0,0,0,0,0,36,0,5,0,0,0,0,0,0,0,0,0,0,0,0,0,0,0,0,0,0,0,0,0,0,0,0,0,0,0,5,44,4976,0,0,0,0,1,12,0,0,0,0,5,2,5,Jolteon
11-27,15:09:26,NINTEN,Tauros,Bug Catcher,8,Mt Moon - 1,3,10:49.32,10:49,0h10m49s,0,5,5,16,0:42,10.12,TACKLE,,,,0,1470,117,20,11,186,182,118,5,1990,Jolteon, ,Normal,Normal,5509,Tauros2,Tauros,,00:10:39.20,00:10:49.32,00:42:13.11,16,0,0,10,49,32,TACKLE,,,,26,0,0,0,0,0,0,0,50,56,43,42,33,33,46,2032,1967,2401,1427,1427,2156,15,15,15,15,0,0,0,0,-1,0,0,54,42,33,33,30,153960,48940,102011,1012,1997,0,0,0,1470,1470,0,0,117,31,20,11,0,0,1791,1316,349,325,171,26,87,0,0,0,0,0,37,0,5,0,0,0,0,0,0,0,0,0,0,0,0,0,0,0,0,0,0,0,0,0,0,0,0,0,0,0,5,47,5353,0,0,0,0,2,12,0,0,0,0,5,2,5,Jolteon
11-27,15:09:41,NINTEN,Tauros,Youngster,3,Mt Moon - 1,3,11:04.31,11:04,0h11m4s,0,5,5,16,0:43,8.57,TACKLE,,,,0,1529,118,21,11,189,185,118,5,2090,Jolteon, ,Normal,Normal,5866,Tauros2,Tauros,,00:10:55.74,00:11:04.31,00:43:12.21,16,0,0,11,4,31,TACKLE,,,,23,0,0,0,0,0,0,0,50,56,43,42,33,33,46,2132,2124,2506,1517,1517,2355,15,15,15,15,0,0,0,0,0,0,0,48,42,33,33,46,157510,50072,104429,1012,1997,0,0,0,1529,1529,0,0,118,32,21,11,0,0,1880,1399,349,325,174,26,87,0,0,0,0,0,37,0,5,0,0,0,0,0,0,0,0,0,0,0,0,0,0,0,0,0,0,0,0,0,0,0,0,0,0,0,5,50,5710,0,0,0,0,2,12,0,0,0,0,5,2,5,Jolteon
11-27,15:10:13,NINTEN,Tauros,Fossil Nerd,2,Mt Moon - 3,3,11:36.65,11:36,0h11m36s,0,5,5,17,0:45,17.092,TACKLE,,,,0,1671,123,22,11,196,192,122,5,2240,Jolteon, ,Normal,Normal,6653,Tauros2,Tauros,,00:11:19.55,00:11:36.65,00:45:20.04,17,0,0,11,36,65,TACKLE,,,,19,0,0,0,0,0,0,0,23,59,46,44,35,35,49,2292,2299,2701,1672,1672,2515,15,15,15,15,0,0,0,0,0,0,0,51,44,35,35,49,165173,52989,108880,1307,1997,0,0,0,1671,1671,0,0,123,33,22,11,0,0,2045,1508,385,361,181,26,91,0,0,0,0,0,38,0,6,0,0,0,0,0,0,0,0,0,0,0,0,0,0,0,0,0,0,0,0,0,0,0,0,0,0,0,5,53,6497,0,0,0,0,2,12,0,0,0,0,5,2,5,Jolteon
11-27,15:10:42,NINTEN,Tauros,Rocket,42,Mt Moon - 3,3,12:05.31,12:05,0h12m5s,0,5,5,18,0:47,18.471,TACKLE,,,,0,1687,125,23,11,205,201,128,6,2540,Jolteon,Poisoned,Normal,Normal,7388,Tauros2,Tauros,,00:11:46.84,00:12:05.31,00:47:13.10,18,0,0,12,5,31,TACKLE,,,,10,0,0,0,0,0,0,0,40,62,48,46,37,37,52,2407,2469,2875,1812,1812,2695,15,15,15,15,-1,0,0,0,0,0,0,34,46,37,37,52,171959,54449,113665,1848,1997,0,0,0,1687,1687,0,0,125,34,23,11,0,0,2170,1618,407,383,188,29,96,0,0,0,0,0,39,0,7,0,0,0,0,0,0,0,0,0,0,1,0,0,0,0,0,0,0,0,0,0,0,0,0,0,0,0,5,56,7232,0,0,0,0,2,12,0,0,0,0,5,2,5,Jolteon
11-27,15:11:11,NINTEN,Tauros,Pecking Lass,1,Cerulean City - Gym,1,12:34.47,12:34,0h12m34s,0,5,5,18,0:49,7.193,TACKLE,,,,0,1841,131,24,11,208,204,130,6,2960,Jolteon, ,Normal,Normal,7839,Tauros2,Tauros,,00:12:27.28,00:12:34.47,00:49:08.07,18,0,0,12,34,47,TACKLE,,,,32,0,0,0,0,0,0,0,62,62,48,46,37,37,52,2452,2536,2935,1862,1862,2758,15,15,15,15,0,-2,0,0,0,0,0,67,23,37,37,52,178856,58766,115862,2231,1997,0,0,0,1841,1841,0,0,131,35,24,11,0,0,2226,1667,407,383,191,29,98,0,0,0,0,0,39,0,7,0,0,0,0,0,0,0,0,0,0,1,0,0,0,0,0,0,0,0,0,0,0,0,0,0,0,0,5,57,7683,0,0,0,0,2,12,0,0,0,0,5,2,5,Jolteon
11-27,15:11:57,NINTEN,Tauros,Misty,1,Cerulean City - Gym,2,13:20.03,13:20,0h13m20s,1,5,6,19,0:50,16.694,TACKLE,,,,1,1842,159,25,11,216,212,136,6,3340,Jolteon, ,Normal,Normal,9178,Tauros2,Tauros,Misty,00:13:03.34,00:13:20.03,00:50:39.42,19,1,0,13,20,3,TACKLE,,,,24,0,0,0,0,0,0,0,5,65,51,49,39,39,54,2542,2656,3075,2032,2032,2958,15,15,15,15,0,0,0,0,0,0,0,57,49,39,39,54,184356,59399,120295,2508,2154,1,1,0,1842,1842,0,0,159,36,25,11,0,0,2358,1767,467,443,199,29,103,0,0,0,0,0,42,0,8,0,0,0,0,0,0,0,0,0,0,1,0,0,0,0,0,0,0,0,0,0,0,0,0,0,0,0,5,59,9022,0,0,0,0,2,12,0,0,0,0,5,2,6,Jolteon
11-27,15:12:40,NINTEN,Tauros,Rival2-Nugget Bridge,3,Cerulean City,4,14:03.44,14:03,0h14m3s,1,5,6,21,0:53,15.441,STOMP,TACKLE,,,1,1944,164,26,11,224,220,139,6,5419,Jolteon, ,Normal,Normal,12614,Tauros2,Tauros,Rival (Nugget Bridge),00:13:48.00,00:14:03.44,00:53:30.46,21,1,0,14,3,44,STOMP,TACKLE,,,15,32,0,0,0,0,0,0,71,71,56,54,43,43,60,2717,2902,3275,2183,2183,3195,15,15,15,15,-1,0,0,0,0,-2,0,40,54,43,43,60,194620,63756,124568,4142,2154,1,1,0,1944,1944,0,0,164,37,26,11,0,0,2654,1938,467,443,205,31,106,0,0,0,0,0,43,0,8,0,0,0,0,0,0,0,0,0,0,1,0,0,0,0,0,0,0,0,0,0,0,0,0,0,0,0,5,63,10060,0,0,0,0,3,12,0,0,0,1,5,2,6,Jolteon
11-27,15:12:53,NINTEN,Tauros,Bug Catcher,9,Route 24,2,14:16.96,14:16,0h14m16s,1,5,6,21,0:54,5.919,STOMP,TACKLE,,,1,1955,164,27,11,226,222,139,6,6014,Jolteon, ,Normal,Normal,12929,Tauros2,Tauros,,00:14:11.04,00:14:16.96,00:54:24.06,21,1,0,14,16,96,STOMP,TACKLE,,,13,32,0,0,0,0,0,0,71,71,56,54,43,43,60,2802,2967,3340,2223,2223,3290,15,15,15,15,0,0,0,0,0,0,0,63,54,43,43,60,197820,65058,126466,4142,2154,1,1,0,1955,1955,0,0,164,38,27,11,0,0,2798,2013,467,443,207,31,106,0,0,0,0,0,43,0,8,0,0,0,0,0,0,0,0,0,0,1,0,0,0,0,0,0,0,0,0,0,0,0,0,0,0,0,5,65,10375,0,0,0,0,3,12,0,0,0,1,5,2,6,Jolteon
11-27,15:13:02,NINTEN,Tauros,Lass,8,Route 24,2,14:25.30,14:25,0h14m25s,1,5,6,21,0:54,5.726,STOMP,TACKLE,,,1,1957,164,28,11,228,224,139,6,6154,Jolteon, ,Normal,Normal,13271,Tauros2,Tauros,,00:14:19.58,00:14:25.30,00:54:56.51,21,1,0,14,25,30,STOMP,TACKLE,,,11,32,0,0,0,0,0,0,71,71,56,54,43,43,60,2897,3059,3432,2298,2298,3387,15,15,15,15,0,0,0,0,0,0,0,63,54,43,43,60,199785,65180,128309,4142,2154,1,1,0,1957,1957,0,0,164,39,28,11,0,0,2919,2091,467,443,209,31,106,0,0,0,0,0,43,0,8,0,0,0,0,0,0,0,0,0,0,1,0,0,0,0,0,0,0,0,0,0,0,0,0,0,0,0,5,67,10717,0,0,0,0,3,12,0,0,0,1,5,2,6,Jolteon
11-27,15:13:13,NINTEN,Tauros,Youngster,4,Route 24,3,14:36.88,14:36,0h14m36s,1,5,6,22,0:55,8.833,STOMP,TACKLE,,,1,1961,167,29,11,231,227,139,6,6364,Jolteon, ,Normal,Normal,13790,Tauros2,Tauros,,00:14:28.05,00:14:36.88,00:55:42.25,22,1,0,14,36,88,STOMP,TACKLE,,,8,32,0,0,0,0,0,0,74,74,58,56,45,45,63,3002,3220,3546,2403,2403,3569,15,15,15,15,0,0,0,0,0,0,0,65,56,45,45,63,202519,65356,130867,4142,2154,1,1,0,1961,1961,0,0,167,40,29,11,0,0,3163,2198,467,443,212,31,106,0,0,0,0,0,44,0,8,0,0,0,0,0,0,0,0,0,0,1,0,0,0,0,0,0,0,0,0,0,0,0,0,0,0,0,5,70,11236,0,0,0,0,3,12,0,0,0,1,5,2,6,Jolteon
11-27,15:13:23,NINTEN,Tauros,Lass,7,Route 24,2,14:46.54,14:46,0h14m46s,1,5,6,22,0:56,6.476,STOMP,TACKLE,,,1,1965,170,30,11,233,229,140,6,6574,Jolteon, ,Normal,Normal,14178,Tauros2,Tauros,,00:14:40.06,00:14:46.54,00:56:20.24,22,1,0,14,46,54,STOMP,TACKLE,,,6,32,0,0,0,0,0,0,69,74,58,56,45,45,63,3097,3312,3638,2478,2478,3666,15,15,15,15,0,0,0,0,0,0,0,65,56,45,45,63,204798,65621,132881,4142,2154,1,1,0,1965,1965,0,0,170,41,30,11,0,0,3309,2285,472,448,214,31,107,0,0,0,0,0,45,0,8,0,0,0,0,0,0,0,0,0,0,1,0,0,0,0,0,0,0,0,0,0,0,0,0,0,0,0,5,72,11624,0,0,0,0,3,12,0,0,0,1,5,2,6,Jolteon
11-27,15:13:30,NINTEN,Tauros,Jr Trainer M,3,Route 24,1,14:53.17,14:53,0h14m53s,1,5,6,22,0:56,3.875,STOMP,TACKLE,,,1,1969,172,31,11,234,230,140,6,6814,Jolteon, ,Normal,Normal,14463,Tauros2,Tauros,,00:14:49.29,00:14:53.17,00:56:46.27,22,1,0,14,53,17,STOMP,TACKLE,,,5,32,0,0,0,0,0,0,69,74,58,56,45,45,63,3137,3392,3673,2513,2513,3736,15,15,15,15,0,0,0,0,0,0,0,65,56,45,45,63,206361,65796,134269,4142,2154,1,1,0,1969,1969,0,0,172,42,31,11,0,0,3365,2330,472,448,215,31,107,0,0,0,0,0,45,0,8,0,0,0,0,0,0,0,0,0,0,1,0,0,0,0,0,0,0,0,0,0,0,0,0,0,0,0,5,73,11909,0,0,0,0,3,12,0,0,0,1,5,2,6,Jolteon
11-27,15:13:42,NINTEN,Tauros,Rocket,6,Route 24,2,15:05.38,15:05,0h15m5s,1,5,6,22,0:57,6.011,STOMP,TACKLE,,,1,1975,173,32,11,236,232,140,7,7174,Jolteon, ,Normal,Normal,14833,Tauros2,Tauros,,00:14:59.36,00:15:05.38,00:57:34.37,22,1,0,15,5,38,STOMP,TACKLE,,,3,32,0,0,0,0,0,0,69,74,58,56,45,45,63,3212,3497,3752,2593,2593,3846,15,15,15,15,0,0,0,0,0,0,0,65,56,45,45,63,209251,66767,136188,4142,2154,1,1,0,1975,1975,0,0,173,43,32,11,0,0,3494,2406,472,448,217,31,107,0,0,0,0,0,45,0,8,0,0,0,0,0,0,0,0,0,0,1,0,0,0,0,0,0,0,0,0,0,0,0,0,0,0,0,5,75,12279,0,0,0,0,3,12,0,0,0,1,5,2,6,Jolteon
11-27,15:14:04,NINTEN,Tauros,Hiker,2,Route 25,2,15:27.20,15:27,0h15m27s,1,5,6,23,0:59,13.011,STOMP,TACKLE,,,1,2017,175,33,11,241,237,142,7,7624,Jolteon, ,Normal,Normal,15391,Tauros2,Tauros,,00:15:14.20,00:15:27.20,00:59:00.58,23,1,0,15,27,20,STOMP,TACKLE,,,0,30,0,0,0,0,0,0,68,77,61,59,47,47,65,3322,3657,3902,2658,2658,3901,15,15,15,15,0,0,0,0,0,0,0,68,59,47,47,65,214432,68369,139767,4142,2154,1,1,0,2017,2017,0,0,175,44,33,11,0,0,3591,2493,476,452,222,31,108,0,0,0,0,0,45,0,8,0,0,0,0,0,0,0,0,0,0,1,0,0,0,0,0,0,0,0,0,0,0,0,0,0,0,0,5,77,12837,0,0,0,0,3,12,0,0,0,1,5,2,6,Jolteon
11-27,15:14:21,NINTEN,Tauros,Lass,9,Route 25,2,15:44.68,15:44,0h15m44s,1,5,6,23,1:00,5.894,STOMP,TACKLE,,,1,2041,182,34,11,243,239,142,7,8149,Jolteon, ,Normal,Normal,15772,Tauros2,Tauros,,00:15:38.79,00:15:44.68,01:00:09.44,23,1,0,15,44,68,STOMP,TACKLE,,,8,35,0,0,0,0,0,0,77,77,61,59,47,47,65,3423,3761,3994,2738,2738,3992,15,15,15,15,0,0,0,0,0,0,0,68,59,47,47,65,218558,69964,141639,4801,2154,1,1,0,2041,2041,0,0,182,45,34,11,0,0,3765,2577,476,452,224,31,108,0,0,0,0,0,46,0,8,0,0,0,0,0,0,0,0,0,0,1,0,0,0,0,0,0,0,0,0,0,0,0,0,0,0,0,5,79,13218,0,0,0,0,4,12,0,0,0,1,5,2,6,Jolteon
11-27,15:14:31,NINTEN,Tauros,Jr Trainer M,2,Route 25,2,15:54.59,15:54,0h15m54s,1,5,6,23,1:00,5.896,STOMP,TACKLE,,,1,2053,185,35,11,245,241,142,7,8374,Jolteon, ,Normal,Normal,16129,Tauros2,Tauros,,00:15:48.69,00:15:54.59,01:00:48.41,23,1,0,15,54,59,STOMP,TACKLE,,,6,35,0,0,0,0,0,0,77,77,61,59,47,47,65,3488,3877,4073,2803,2803,4119,15,15,15,15,0,0,0,0,0,0,0,68,59,47,47,65,220895,70438,143502,4801,2154,1,1,0,2053,2053,0,0,185,46,35,11,0,0,3914,2647,476,452,226,31,108,0,0,0,0,0,46,0,8,0,0,0,0,0,0,0,0,0,0,1,0,0,0,0,0,0,0,0,0,0,0,0,0,0,0,0,5,81,13575,0,0,0,0,4,12,0,0,0,1,5,2,6,Jolteon
11-27,15:14:44,NINTEN,Tauros,Oddish Lass,10,Route 25,3,16:07.16,16:07,0h16m7s,1,5,6,23,1:01,8.483,STOMP,TACKLE,,,1,2068,185,36,11,248,244,143,7,8654,Jolteon, ,Normal,Normal,16714,Tauros2,Tauros,Oddish Lass,00:15:58.68,00:16:07.16,01:01:38.14,23,1,0,16,7,16,STOMP,TACKLE,,,3,35,0,0,0,0,0,0,74,77,61,59,47,47,65,3618,4022,4223,2988,2988,4235,15,15,15,15,0,0,0,0,0,0,0,68,59,47,47,65,223868,70924,145989,4801,2154,1,1,0,2068,2068,0,0,185,47,36,11,0,0,4133,2754,479,455,229,31,109,0,0,0,0,0,46,0,8,0,0,0,0,0,0,0,0,0,0,1,0,0,0,0,0,0,0,0,0,0,0,0,0,0,0,0,5,84,14160,0,0,0,0,4,12,0,0,0,1,5,2,6,Jolteon
11-27,15:15:18,NINTEN,Tauros,Cerulean Rocket,5,Cerulean City,2,16:41.64,16:41,0h16m41s,1,5,6,24,1:03,6.81,STOMP,TACKLE,,,1,2206,190,37,11,250,246,143,8,8849,Jolteon, ,Normal,Normal,17403,Tauros2,Tauros,Rocket,00:16:34.82,00:16:41.64,01:03:54.20,24,1,0,16,41,64,STOMP,TACKLE,,,11,35,0,0,0,0,0,0,77,80,64,61,49,49,68,3748,4150,4318,3113,3113,4312,15,15,15,15,0,0,0,0,0,0,0,72,61,49,49,68,232034,76410,148078,5392,2154,1,1,0,2206,2206,0,0,190,48,37,11,0,0,4257,2857,479,455,231,31,109,0,0,0,0,0,46,0,8,0,0,0,0,0,0,0,0,0,0,1,0,0,0,0,0,0,0,0,0,0,0,0,0,0,0,0,5,86,14849,0,0,0,0,5,12,0,0,0,1,5,2,6,Jolteon
11-27,15:15:44,NINTEN,Tauros,Sandy,3,Route 6,3,17:07.35,17:07,0h17m7s,1,5,6,24,1:05,8.486,STOMP,TACKLE,,,1,2354,195,38,11,253,249,144,10,9359,Jolteon, ,Normal,Normal,17964,Tauros2,Tauros,,00:16:58.87,00:17:07.35,01:05:35.45,24,1,0,17,7,35,STOMP,TACKLE,,,8,35,0,0,0,0,0,0,72,80,64,61,49,49,68,3868,4285,4438,3218,3218,4480,15,15,15,15,0,0,0,0,0,0,0,72,61,49,49,68,238119,79965,150608,5392,2154,1,1,0,2354,2354,0,0,195,49,38,11,0,0,4531,2980,484,460,234,31,110,0,0,0,0,0,47,0,8,0,0,0,0,0,0,0,0,0,0,1,0,0,0,0,0,0,0,0,0,0,0,0,0,0,0,0,5,89,15410,0,0,0,0,6,12,0,0,0,1,5,2,6,Jolteon
11-27,15:15:53,NINTEN,Tauros,Jr Trainer M,5,Route 6,2,17:16.42,17:16,0h17m16s,1,5,6,24,1:06,6.011,STOMP,TACKLE,,,1,2357,195,39,11,255,251,144,10,9679,Jolteon, ,Normal,Normal,18559,Tauros2,Tauros,,00:17:10.40,00:17:16.42,01:06:11.19,24,1,0,17,16,42,STOMP,TACKLE,,,6,35,0,0,0,0,0,0,72,80,64,61,49,49,68,3963,4426,4528,3299,3299,4647,15,15,15,15,0,0,0,0,0,0,0,72,61,49,49,68,240253,80186,152521,5392,2154,1,1,0,2357,2357,0,0,195,50,39,11,0,0,4675,3067,484,460,236,31,110,0,0,0,0,0,47,0,8,0,0,0,0,0,0,0,0,0,0,1,0,0,0,0,0,0,0,0,0,0,0,0,0,0,0,0,5,91,16005,0,0,0,0,6,12,0,0,0,1,5,2,6,Jolteon
11-27,15:16:11,NINTEN,Tauros,Youngster,8,SS Anne,1,17:34.74,17:34,0h17m34s,1,5,6,24,1:07,3.879,STOMP,TACKLE,,,1,2456,201,40,11,256,252,144,11,8949,Jolteon, ,Normal,Normal,18829,Tauros2,Tauros,,00:17:30.86,00:17:34.74,01:07:23.20,24,1,0,17,34,74,STOMP,TACKLE,,,5,35,0,0,0,0,0,0,72,80,64,61,49,49,68,4009,4483,4568,3339,3339,4697,15,15,15,15,0,0,0,0,0,0,0,72,61,49,49,68,244574,83187,153841,5392,2154,1,1,0,2456,2456,0,0,201,51,40,11,0,0,4767,3120,484,460,237,31,110,0,0,0,0,0,48,0,8,0,0,0,0,0,0,0,0,0,0,1,0,0,0,0,0,0,0,0,0,0,0,0,0,0,0,0,5,92,16275,0,0,0,0,6,15,0,0,0,1,5,2,6,Jolteon
11-27,15:16:30,NINTEN,Tauros,Gentleman,5,SS Anne,2,17:53.95,17:53,0h17m53s,1,5,6,25,1:08,7.185,BODY SLAM,TACKLE,STOMP,,1,2510,211,41,11,258,254,144,11,9264,Jolteon, ,Normal,Normal,19713,Tauros2,Tauros,,00:17:46.76,00:17:53.95,01:08:38.54,25,1,0,17,53,95,BODY SLAM,TACKLE,STOMP,,13,35,5,0,0,0,0,0,76,84,66,64,51,51,71,4114,4638,4668,3454,3454,4847,15,15,15,15,0,0,0,0,0,0,0,74,64,51,51,71,249108,84889,155939,6126,2154,1,1,0,2510,2510,0,0,211,52,41,11,0,0,4918,3214,484,460,239,31,110,0,0,0,0,0,48,0,8,0,0,0,0,0,0,0,0,0,0,1,0,0,0,0,0,0,0,0,0,0,0,0,0,0,0,0,5,94,17159,0,0,0,0,7,15,0,0,0,2,5,2,6,Jolteon
11-27,15:16:49,NINTEN,Tauros,Rival3-SS Anne,1,SS Anne,4,18:12.28,18:12,0h18m12s,1,5,6,25,1:09,10.93,BODY SLAM,TACKLE,STOMP,,1,2538,217,42,11,262,258,145,12,10454,Jolteon, ,Normal,Normal,20894,Tauros2,Tauros,Rival (SS Anne),00:18:01.35,00:18:12.28,01:09:51.09,25,1,0,18,12,28,BODY SLAM,TACKLE,STOMP,,9,35,5,0,0,0,0,0,71,84,66,64,51,51,71,4289,4884,4868,3605,3605,5084,15,15,15,15,0,0,0,0,0,0,0,74,64,51,51,71,253443,86236,158927,6126,2154,1,1,0,2538,2538,0,0,217,53,42,11,0,0,5310,3402,489,465,243,31,111,0,0,0,0,0,49,0,8,0,0,0,0,0,0,0,0,0,0,1,0,0,0,0,0,0,0,0,0,0,0,0,0,0,0,0,5,98,18340,0,0,0,0,8,15,0,0,0,2,5,2,6,Jolteon
11-27,15:17:32,NINTEN,Tauros,Surge,1,Vermilion City - Gym,1,18:55.27,18:55,0h18m55s,1,5,6,25,1:12,4.112,BODY SLAM,TACKLE,STOMP,,1,2715,225,43,11,263,259,145,12,11754,Jolteon, ,Normal,Normal,21626,Tauros2,Tauros,Lt. Surge,00:18:51.16,00:18:55.27,01:12:40.57,25,1,0,18,55,27,BODY SLAM,TACKLE,STOMP,,8,35,5,0,0,0,0,0,71,84,66,64,51,51,71,4349,4974,4923,3695,3695,5184,15,15,15,15,0,0,0,0,0,0,0,74,64,51,51,71,263631,92721,160424,8332,2154,1,1,0,2715,2715,0,0,225,54,43,11,0,0,5392,3478,489,465,244,31,111,0,0,0,0,0,50,0,8,0,0,0,0,0,0,0,0,0,0,1,0,0,0,0,0,0,0,0,0,0,0,0,0,0,0,0,5,99,19072,0,0,0,0,8,15,0,0,0,4,5,2,6,Jolteon
11-27,15:18:27,NINTEN,Tauros,Wrapping Lass,5,Route 9,4,19:50.33,19:50,0h19m50s,1,5,6,26,1:16,10.981,BODY SLAM,TACKLE,STOMP,THUNDERBOLT,1,2899,240,44,11,267,263,145,13,14526,Jolteon, ,Normal,Normal,22874,Tauros2,Tauros,RTG1 - Wrapping Lass,00:19:39.35,00:19:50.33,01:16:17.44,26,1,0,19,50,33,BODY SLAM,TACKLE,STOMP,THUNDERBOLT,4,35,5,15,0,0,0,0,73,86,69,66,53,53,74,4539,5224,5103,3985,3985,5324,15,15,15,15,0,0,0,0,0,0,0,77,74,53,53,74,276638,99660,163611,11213,2154,1,1,0,2899,2847,52,0,240,55,44,11,0,0,5836,3668,489,465,248,31,111,0,0,0,0,0,51,0,8,0,0,0,0,0,0,0,0,0,0,1,0,0,0,0,0,0,0,0,0,0,0,0,0,0,0,0,5,103,20320,0,0,0,0,8,15,0,0,0,5,5,2,6,Jolteon
11-27,15:18:40,NINTEN,Tauros,Bug Catcher,14,Route 9,3,20:03.55,20:03,0h20m3s,1,5,6,26,1:17,8.225,BODY SLAM,TACKLE,STOMP,THUNDERBOLT,1,2938,242,45,11,270,266,145,13,14886,Jolteon, ,Normal,Normal,23643,Tauros2,Tauros,,00:19:55.32,00:20:03.55,01:17:09.48,26,1,0,20,3,55,BODY SLAM,TACKLE,STOMP,THUNDERBOLT,1,35,5,15,0,0,0,0,73,86,69,66,53,53,74,4684,5344,5218,4065,4065,5464,15,15,15,15,0,0,0,0,0,0,0,77,74,53,53,74,279762,100347,166048,11213,2154,1,1,0,2938,2847,91,0,242,56,45,11,0,0,6194,3825,489,465,251,31,111,0,0,0,0,0,52,0,8,0,0,0,0,0,0,0,0,0,0,1,0,0,0,0,0,0,0,0,0,0,0,0,0,0,0,0,5,106,21089,0,0,0,0,8,15,0,0,0,5,5,2,6,Jolteon
11-27,15:19:10,NINTEN,Tauros,Slowbone,7,Rock Tunnel - 1,2,20:33.38,20:33,0h20m33s,1,5,6,26,1:19,8.091,BODY SLAM,TACKLE,STOMP,THUNDERBOLT,1,3062,253,46,11,273,269,146,13,15086,Jolteon, ,Normal,Normal,24557,Tauros2,Tauros,,00:20:25.29,00:20:33.38,01:19:07.27,26,1,0,20,33,38,BODY SLAM,TACKLE,STOMP,THUNDERBOLT,14,35,19,14,0,0,0,0,86,86,69,66,53,53,74,4824,5459,5378,4145,4145,5514,15,15,15,15,-1,0,0,0,0,0,0,50,83,53,53,74,286821,103207,168358,13102,2154,1,1,0,3062,2856,206,0,253,57,46,11,0,0,6342,3962,489,465,254,31,112,0,0,0,0,0,52,0,8,0,0,0,0,0,0,0,0,0,0,1,0,0,0,0,0,0,0,0,0,0,0,0,0,0,0,0,5,108,22003,0,0,0,0,8,15,0,0,0,5,5,2,6,Jolteon
11-27,15:19:20,NINTEN,Tauros,Pokemaniac,5,Rock Tunnel,1,20:43.40,20:43,0h20m43s,1,5,6,27,1:19,6.412,BODY SLAM,TACKLE,STOMP,THUNDERBOLT,1,3097,255,47,11,275,271,146,13,16236,Jolteon, ,Normal,Normal,25086,Tauros2,Tauros,,00:20:36.99,00:20:43.40,01:19:46.52,27,1,0,20,43,40,BODY SLAM,TACKLE,STOMP,THUNDERBOLT,13,35,18,14,0,0,0,0,90,90,71,69,55,55,77,4914,5524,5443,4185,4185,5529,15,15,15,15,0,0,0,0,0,0,0,79,77,55,55,77,289186,103677,170253,13102,2154,1,1,0,3097,2856,241,0,255,58,47,11,0,0,6441,4046,489,465,256,31,112,0,0,0,0,0,52,0,8,0,0,0,1,0,0,0,0,0,0,1,0,0,0,0,0,0,0,0,0,0,1,1,0,0,0,0,5,109,22532,0,0,0,0,8,15,0,0,0,5,5,2,6,Jolteon
11-27,15:19:30,NINTEN,Tauros,Status-Condition-Jr-Trainer,10,Rock Tunnel,2,20:53.16,20:53,0h20m53s,1,5,6,27,1:20,6.147,BODY SLAM,TACKLE,STOMP,THUNDERBOLT,1,3113,256,48,11,277,273,146,13,17486,Jolteon, ,Normal,Normal,25754,Tauros2,Tauros,RTG4 - Status Jr Trainer,00:20:47.01,00:20:53.16,01:20:25.16,27,1,0,20,53,16,BODY SLAM,TACKLE,STOMP,THUNDERBOLT,11,35,18,14,0,0,0,0,90,90,71,69,55,55,77,5004,5623,5547,4325,4325,5604,15,15,15,15,0,0,0,0,0,0,0,79,77,55,55,77,291490,104140,172094,13102,2154,1,1,0,3113,2856,257,0,256,59,48,11,0,0,6641,4156,489,465,258,31,112,0,0,0,0,0,53,0,8,0,0,0,1,0,0,0,0,0,0,1,0,0,0,0,0,0,0,0,0,0,1,1,0,0,0,0,5,111,23200,0,0,0,0,8,15,0,0,0,5,5,2,6,Jolteon
11-27,15:20:02,NINTEN,Tauros,Selfdestructing Hiker,9,Rock Tunnel,3,21:25.68,21:25,0h21m25s,1,5,6,27,1:22,16.583,BODY SLAM,TACKLE,STOMP,THUNDERBOLT,2,3224,277,49,11,282,278,151,13,17926,Jolteon, ,Normal,Normal,27131,Tauros2,Tauros,,00:21:09.10,00:21:25.68,01:22:33.52,27,1,0,21,25,68,BODY SLAM,TACKLE,STOMP,THUNDERBOLT,6,35,18,14,0,0,0,0,2,90,71,69,55,55,77,5139,5878,5862,4430,4430,5679,15,15,15,15,0,0,0,0,0,0,0,79,77,55,55,77,299206,106751,176399,13902,2154,2,1,0,3224,2856,368,0,277,60,49,11,0,0,6737,4252,577,553,263,31,115,0,0,0,0,0,53,0,8,0,0,0,3,0,0,0,0,0,0,1,0,0,0,0,0,0,0,0,0,0,3,1,0,0,0,0,5,114,24577,0,0,0,0,8,15,0,0,0,5,5,2,6,Jolteon
11-27,15:20:30,NINTEN,Tauros,Finisher,18,Rock Tunnel - 1,3,21:53.90,21:53,0h21m53s,1,5,6,28,1:24,11.013,BODY SLAM,TACKLE,STOMP,THUNDERBOLT,2,3279,287,50,11,285,281,151,11,18661,Jolteon, ,Normal,Normal,27994,Tauros2,Tauros,RTG6 - Finisher,00:21:42.89,00:21:53.90,01:24:25.05,28,1,0,21,53,90,BODY SLAM,TACKLE,STOMP,THUNDERBOLT,3,35,18,14,0,0,0,0,45,93,74,71,57,57,80,5264,6018,5992,4580,4580,5855,15,15,15,15,0,0,0,0,0,0,0,83,79,57,57,80,305879,108289,179377,16059,2154,2,1,0,3279,2856,423,0,287,61,50,11,0,0,7006,4401,577,553,266,31,115,0,0,0,0,0,53,0,8,0,0,0,3,0,0,0,0,0,0,1,0,0,0,0,0,0,0,0,0,0,3,1,0,0,0,0,5,117,25440,0,0,0,0,8,15,0,0,0,5,5,2,6,Jolteon
11-27,15:20:46,NINTEN,Tauros,Gambler,7,Route 8,2,22:09.71,22:09,0h22m9s,1,5,6,28,1:25,6.17,BODY SLAM,TACKLE,STOMP,THUNDERBOLT,2,3363,297,51,11,287,283,151,12,19061,Jolteon, ,Normal,Normal,28786,Tauros2,Tauros,,00:22:03.54,00:22:09.71,01:25:27.23,28,1,0,22,9,71,BODY SLAM,TACKLE,STOMP,THUNDERBOLT,1,35,18,14,0,0,0,0,45,93,74,71,57,57,80,5357,6129,6077,4695,4695,5980,15,15,15,15,0,0,0,0,0,0,0,83,79,57,57,80,309617,110104,181300,16059,2154,2,1,0,3363,2856,507,0,297,62,51,11,0,0,7183,4521,577,553,268,31,115,0,0,0,0,0,53,0,8,0,0,0,3,0,0,0,0,0,0,1,0,0,0,0,0,0,0,0,0,0,3,1,0,0,0,0,5,119,26232,0,0,0,0,9,15,0,0,0,5,5,2,6,Jolteon
11-27,15:21:29,NINTEN,Tauros,Rocket,7,Celadon City - Game Corner,2,22:52.52,22:52,0h22m52s,1,5,6,28,1:28,6.439,BODY SLAM,TACKLE,STOMP,THUNDERBOLT,2,3591,313,52,11,289,285,151,10,20741,Jolteon, ,Normal,Normal,29513,Tauros2,Tauros,,00:22:46.08,00:22:52.52,01:28:16.32,28,1,0,22,52,52,BODY SLAM,TACKLE,STOMP,THUNDERBOLT,14,35,20,14,0,0,0,0,93,93,74,71,57,57,80,5452,6255,6172,4785,4785,6132,15,15,15,15,0,0,0,0,0,0,0,83,79,57,57,80,319766,118238,183315,16059,2154,2,1,0,3591,3022,569,0,313,63,52,11,0,0,7418,4625,577,553,270,31,115,0,0,0,0,0,54,0,8,0,0,0,3,0,0,0,0,0,0,1,0,0,0,0,0,0,0,0,0,0,3,1,0,0,0,0,5,121,26959,0,0,0,0,11,15,0,0,0,5,5,2,6,Jolteon
11-27,15:23:29,NINTEN,Tauros,Rival4-Pkmn Tower,2,Pokemon Tower - 2F,5,24:52.80,24:52,0h24m52s,1,5,6,29,1:36,17.91,BODY SLAM,ICE BEAM,STOMP,THUNDERBOLT,2,3948,342,53,12,296,292,153,12,4941,Jolteon, ,Normal,Normal,32043,Tauros2,Tauros,Rival (Pokemon Tower),00:24:34.89,00:24:52.80,01:36:10.56,29,1,0,24,52,80,BODY SLAM,ICE BEAM,STOMP,THUNDERBOLT,10,9,20,13,0,0,0,0,72,96,77,74,61,61,83,5690,6581,6512,10171,10171,6432,15,15,15,15,0,0,0,0,0,0,0,86,83,61,61,83,348230,133808,190386,21882,2154,2,1,0,3948,3379,569,0,342,65,53,12,0,0,8247,4956,601,577,277,31,117,0,0,0,0,0,57,0,9,0,0,0,3,0,0,0,0,0,0,1,0,0,0,0,0,0,0,0,0,0,3,1,0,0,0,0,5,126,29489,0,0,0,0,13,34,4,1,1,7,5,2,6,Jolteon
11-27,15:24:41,NINTEN,Tauros,Agatha Jr,10,Pokemon Tower - 4F,2,26:04.78,26:04,0h26m4s,1,6,7,29,1:40,9.068,BODY SLAM,ICE BEAM,STOMP,THUNDERBOLT,2,4083,354,55,12,315,302,168,12,3283,Jolteon, ,Normal,Normal,33447,Tauros2,Tauros,,00:25:55.71,00:26:04.78,01:40:54.51,29,1,0,26,4,78,BODY SLAM,ICE BEAM,STOMP,THUNDERBOLT,15,6,20,15,0,0,0,0,73,96,77,74,61,61,83,5780,6686,6602,10471,10471,6672,15,15,15,15,0,0,0,0,0,0,0,86,83,61,61,83,365265,138800,201505,22806,2154,2,1,0,4083,3514,569,0,354,67,55,12,0,0,8473,5155,805,739,287,32,132,0,0,0,0,0,58,0,9,0,0,4,3,0,0,0,1,0,0,1,0,0,0,0,10,6,0,0,0,0,3,1,0,0,0,0,9,129,30893,0,0,0,0,13,34,4,1,1,7,6,2,7,Jolteon
11-27,15:25:01,NINTEN,Tauros,Channeler,21,Pokemon Tower - 6F,1,26:24.41,26:24,0h26m24s,1,6,7,30,1:42,7.603,BODY SLAM,ICE BEAM,STOMP,THUNDERBOLT,2,4153,364,56,12,318,305,169,12,3973,Jolteon, ,Normal,Normal,33934,Tauros2,Tauros,,00:26:16.81,00:26:24.41,01:42:12.29,30,1,0,26,24,41,BODY SLAM,ICE BEAM,STOMP,THUNDERBOLT,15,8,20,14,0,0,0,0,99,99,80,77,63,63,86,5810,6721,6632,10571,10571,6752,15,15,15,15,0,0,0,0,0,0,0,90,86,63,63,86,369923,141264,203699,22806,2154,2,1,0,4153,3584,569,0,364,68,56,12,0,0,8551,5207,805,739,290,32,133,0,0,0,0,0,58,0,9,0,0,4,3,0,0,0,2,0,0,1,0,0,0,0,10,6,0,0,0,0,3,1,0,0,0,0,9,130,31380,0,0,0,0,15,34,4,1,1,7,6,2,7,Jolteon
11-27,15:25:10,NINTEN,Tauros,Channeler,20,Pokemon Tower - 6F,1,26:33.06,26:33,0h26m33s,1,6,7,30,1:42,5.741,BODY SLAM,ICE BEAM,STOMP,THUNDERBOLT,2,4162,369,57,12,320,307,170,12,4693,Jolteon, ,Normal,Normal,34421,Tauros2,Tauros,,00:26:27.32,00:26:33.06,01:42:46.33,30,1,0,26,33,6,BODY SLAM,ICE BEAM,STOMP,THUNDERBOLT,15,6,20,14,0,0,0,0,75,99,80,77,63,63,86,5840,6756,6662,10671,10671,6832,15,15,15,15,0,0,0,0,0,0,0,90,86,63,63,86,371967,141560,205447,22806,2154,2,1,0,4162,3593,569,0,369,69,57,12,0,0,8607,5259,829,763,292,32,134,0,0,0,0,0,58,0,9,0,0,4,3,0,0,0,2,0,0,1,0,0,0,0,10,6,0,0,0,0,3,1,0,0,0,0,9,131,31867,0,0,0,0,15,34,4,1,1,7,6,2,7,Jolteon
11-27,15:25:33,NINTEN,Tauros,Rocket,44,Pokemon Tower - 7F,3,26:56.28,26:56,0h26m56s,1,6,7,30,1:44,10.825,BODY SLAM,ICE BEAM,STOMP,THUNDERBOLT,2,4188,370,58,13,324,311,171,11,5413,Jolteon,Poisoned,Normal,Normal,36670,Tauros2,Tauros,,00:26:45.45,00:26:56.28,01:44:18.07,30,1,0,26,56,28,BODY SLAM,ICE BEAM,STOMP,THUNDERBOLT,11,6,20,14,0,0,0,0,69,99,80,77,63,63,86,6005,6976,6886,10861,10861,7062,15,15,15,15,0,0,0,0,0,0,0,90,86,63,63,86,377461,143085,209416,22806,2154,2,1,0,4188,3619,569,0,370,71,58,13,0,0,8966,5470,835,769,296,32,135,0,0,0,0,0,60,0,9,0,0,4,4,0,0,0,2,0,0,2,0,0,0,0,10,6,0,0,0,0,4,1,0,0,0,0,9,134,34116,0,0,0,0,16,34,4,1,1,7,6,2,7,Jolteon
11-27,15:26:18,NINTEN,Tauros,Cooltrainer F,1,Celadon City - Gym,3,27:41.74,27:41,0h27m41s,1,6,7,31,1:47,9.113,BODY SLAM,ICE BEAM,STOMP,THUNDERBOLT,2,4335,380,59,14,327,314,171,12,6223,Jolteon, ,Normal,Normal,38847,Tauros2,Tauros,,00:27:32.62,00:27:41.74,01:47:17.06,31,1,0,27,41,74,BODY SLAM,ICE BEAM,STOMP,THUNDERBOLT,12,10,20,15,0,0,0,0,102,102,82,79,65,65,89,6190,7193,7069,11111,11111,7217,15,15,15,15,0,0,0,0,0,0,0,92,88,65,65,89,388200,149272,212804,23970,2154,2,1,0,4335,3766,569,0,380,73,59,14,1,0,9221,5671,835,769,299,32,135,0,0,0,0,0,60,0,9,0,0,4,4,0,0,0,2,0,0,2,0,0,0,0,10,6,0,0,0,0,4,1,0,0,0,0,9,137,36293,0,0,0,0,16,34,4,1,1,7,6,2,7,Jolteon
11-27,15:26:37,NINTEN,Tauros,Erika,1,Celadon City - Gym,3,28:00.54,28:00,0h28m0s,1,6,7,32,1:48,13.412,BODY SLAM,ICE BEAM,STOMP,THUNDERBOLT,2,4338,381,60,14,333,320,173,12,7063,Jolteon, ,Normal,Normal,41852,Tauros2,Tauros,Erika,00:27:47.13,00:28:00.54,01:48:31.19,32,1,0,28,0,54,BODY SLAM,ICE BEAM,STOMP,THUNDERBOLT,6,10,20,15,0,0,0,0,45,106,85,82,67,67,91,6380,7403,7304,11381,11381,7372,15,15,15,15,0,0,0,0,0,0,0,95,92,67,67,91,392653,150063,216466,23970,2154,2,1,0,4338,3769,569,0,381,74,60,14,1,0,9582,5927,896,830,305,32,137,0,0,0,0,0,61,0,10,0,0,4,5,0,0,0,2,0,0,2,0,0,0,0,10,6,0,0,0,0,5,2,0,0,0,0,9,140,39298,0,0,0,0,16,34,4,1,1,7,6,2,7,Jolteon
11-27,15:27:16,NINTEN,Tauros,Rocket,39,Silph Co - 10F,1,28:39.73,28:39,0h28m39s,1,6,7,32,1:51,5.334,BODY SLAM,ICE BEAM,STOMP,THUNDERBOLT,2,4505,388,61,14,335,322,174,12,10231,Jolteon, ,Normal,Normal,42884,Tauros2,Tauros,,00:28:34.41,00:28:39.73,01:51:05.38,32,1,0,28,39,73,BODY SLAM,ICE BEAM,STOMP,THUNDERBOLT,13,10,20,15,0,0,0,0,106,106,85,82,67,67,91,6460,7503,7374,11431,11431,7417,15,15,15,15,0,-1,0,0,0,0,0,106,60,67,67,91,401912,156714,218335,24709,2154,2,1,0,4505,3936,569,0,388,75,61,14,1,0,9744,6028,896,830,307,32,138,0,0,0,0,0,62,0,10,0,0,4,5,0,0,0,2,0,0,2,0,0,0,0,10,6,0,0,0,0,5,2,0,0,0,0,9,141,40330,0,0,0,0,16,34,4,1,1,7,6,2,7,Jolteon
11-27,15:27:43,NINTEN,Tauros,Rocket,32,Silph Co - 7F,4,29:06.39,29:06,0h29m6s,1,6,7,33,1:52,16.216,BODY SLAM,ICE BEAM,STOMP,THUNDERBOLT,2,4572,394,62,14,342,328,177,14,11221,Jolteon, ,Normal,Normal,45934,Tauros2,Tauros,,00:28:50.18,00:29:06.39,01:52:50.41,33,1,0,29,6,39,BODY SLAM,ICE BEAM,STOMP,THUNDERBOLT,7,10,20,15,0,0,0,0,83,109,88,84,70,70,94,6690,7814,7668,11681,11681,7719,15,15,15,15,0,0,0,0,0,0,0,99,94,70,70,94,408215,158773,222579,24709,2154,2,1,0,4572,4003,569,0,394,76,62,14,1,0,10160,6306,922,856,313,32,141,0,0,0,0,0,62,0,12,0,0,4,7,0,0,0,2,0,0,2,0,0,0,0,10,6,0,0,0,0,8,3,0,0,0,0,9,145,43380,0,0,0,0,19,34,4,1,1,7,6,2,7,Jolteon
11-27,15:28:12,NINTEN,Tauros,Scientist,7,Silph Co - 6F,5,29:35.93,29:35,0h29m35s,1,6,7,33,1:54,15.517,BODY SLAM,ICE BEAM,EARTHQUAKE,THUNDERBOLT,2,4601,399,63,14,347,333,177,12,12001,Jolteon, ,Normal,Normal,49041,Tauros2,Tauros,,00:29:20.41,00:29:35.93,01:54:47.09,33,1,0,29,35,93,BODY SLAM,ICE BEAM,EARTHQUAKE,THUNDERBOLT,7,10,5,15,0,0,0,0,83,109,88,84,70,70,95,6885,8069,8073,12071,12071,10564,15,15,15,15,0,0,0,0,0,0,0,99,94,70,70,95,415203,159746,226641,26662,2154,2,1,0,4601,4032,569,0,399,77,63,14,1,0,10860,6598,922,856,318,32,141,0,0,0,0,0,64,0,12,0,0,4,7,0,0,0,2,0,0,2,0,0,0,0,10,6,0,0,0,0,8,3,0,0,0,0,9,150,46487,0,0,0,0,19,34,4,1,1,8,6,2,7,Jolteon
11-27,15:28:32,NINTEN,Tauros,Scientist,6,Silph Co - 5F,4,29:55.77,29:55,0h29m55s,1,6,7,34,1:56,13.512,BODY SLAM,ICE BEAM,EARTHQUAKE,THUNDERBOLT,2,4635,400,64,14,351,337,177,12,13251,Jolteon, ,Normal,Normal,52030,Tauros2,Tauros,,00:29:42.26,00:29:55.77,01:56:05.23,34,1,0,29,55,77,BODY SLAM,ICE BEAM,EARTHQUAKE,THUNDERBOLT,7,10,1,15,0,0,0,0,86,112,90,87,71,71,98,7065,8319,8453,12431,12431,10774,15,15,15,15,0,0,0,0,0,0,0,101,97,71,71,98,419897,160849,230232,26662,2154,2,1,0,4635,4066,569,0,400,78,64,14,1,0,11266,6850,922,856,322,32,141,0,0,0,0,0,64,0,12,0,0,4,7,0,0,0,2,0,0,2,0,0,0,0,10,6,0,0,0,0,8,3,0,0,0,0,9,154,49476,0,0,0,0,20,34,4,1,1,8,6,2,7,Jolteon
11-27,15:28:40,NINTEN,Tauros,Rocket,28,Silph Co - 5F,1,30:03.49,30:03,0h30m3s,1,6,7,34,1:56,4.73,BODY SLAM,ICE BEAM,EARTHQUAKE,THUNDERBOLT,2,4646,401,65,14,352,338,177,12,14551,Jolteon, ,Normal,Normal,53069,Tauros2,Tauros,,00:29:58.76,00:30:03.49,01:56:35.43,34,1,0,30,3,49,BODY SLAM,ICE BEAM,EARTHQUAKE,THUNDERBOLT,7,10,0,15,0,0,0,0,86,112,90,87,71,71,98,7125,8404,8522,12496,12496,10854,15,15,15,15,0,0,0,0,0,0,0,101,97,71,71,98,421717,161150,231751,26662,2154,2,1,0,4646,4077,569,0,401,79,65,14,1,0,11378,6937,922,856,323,32,141,0,0,0,0,0,64,0,12,0,0,4,7,0,0,0,2,0,0,2,0,0,0,0,10,6,0,0,0,0,8,3,0,0,0,0,9,155,50515,0,0,0,0,20,34,4,1,1,8,6,2,7,Jolteon
11-27,15:29:18,NINTEN,Tauros,Scientist,4,Silph Co - 3F,2,30:41.62,30:41,0h30m41s,1,6,7,35,1:59,12.457,BODY SLAM,ICE BEAM,EARTHQUAKE,THUNDERBOLT,2,4756,418,66,14,355,341,178,13,15541,Jolteon,Poisoned,Normal,Normal,55074,Tauros2,Tauros,,00:30:29.16,00:30:41.62,01:59:05.45,35,1,0,30,41,62,BODY SLAM,ICE BEAM,EARTHQUAKE,THUNDERBOLT,7,9,10,15,0,0,1,0,83,115,93,90,74,74,101,7250,8544,8712,12661,12661,11054,15,15,15,15,0,0,0,0,0,0,0,104,101,74,74,101,430719,165216,235108,28241,2154,2,1,0,4756,4187,569,0,418,80,66,14,1,0,11602,7096,928,862,326,32,142,0,0,0,0,0,64,0,12,0,0,4,7,0,0,0,2,0,0,3,0,0,0,0,10,6,0,0,0,0,8,3,0,0,0,0,9,157,52520,0,0,0,0,23,34,4,1,1,8,6,2,7,Jolteon
11-27,15:29:35,NINTEN,Tauros,Rocket,25,Silph Co - 3F,3,30:58.83,30:58,0h30m58s,1,6,7,35,2:00,10.825,BODY SLAM,ICE BEAM,EARTHQUAKE,THUNDERBOLT,2,4777,424,67,14,359,345,180,13,16991,Jolteon, ,Normal,Normal,57456,Tauros2,Tauros,,00:30:48.00,00:30:58.83,02:00:13.30,35,1,0,30,58,83,BODY SLAM,ICE BEAM,EARTHQUAKE,THUNDERBOLT,3,9,10,15,0,0,1,0,36,115,93,90,74,74,101,7445,8779,8902,12876,12876,11315,15,15,15,15,0,0,0,0,0,0,0,104,101,74,74,101,434784,165855,238086,28689,2154,2,1,0,4777,4208,569,0,424,81,67,14,1,0,11942,7332,970,904,330,32,144,0,0,0,0,0,64,0,13,0,0,4,7,0,0,0,2,0,0,3,0,0,0,0,10,6,0,0,0,0,8,3,0,0,0,0,9,160,54902,0,0,0,0,23,34,4,1,1,8,6,2,7,Jolteon
11-27,15:29:50,NINTEN,Tauros,Rocket,37,Silph Co - 9F,3,31:13.50,31:13,0h31m13s,1,6,7,36,2:01,9.081,BODY SLAM,ICE BEAM,EARTHQUAKE,THUNDERBOLT,2,4810,424,68,14,362,348,180,13,17831,Jolteon, ,Normal,Normal,59136,Tauros2,Tauros,,00:31:04.41,00:31:13.50,02:01:11.12,36,1,0,31,13,50,BODY SLAM,ICE BEAM,EARTHQUAKE,THUNDERBOLT,0,9,10,15,0,0,1,0,39,118,96,92,76,76,104,7655,8987,9047,13041,13041,11417,15,15,15,15,0,0,0,0,0,0,0,108,103,76,76,104,438246,166686,240717,28689,2154,2,1,0,4810,4241,569,0,424,82,68,14,1,0,12273,7576,970,904,333,32,144,0,0,0,0,0,64,0,13,0,0,4,7,0,0,0,2,0,0,3,0,0,0,0,10,6,0,0,0,0,8,3,0,0,0,0,9,163,56582,0,0,0,0,23,34,4,1,1,8,6,2,7,Jolteon
11-27,15:30:32,NINTEN,Tauros,Rival5-Silph,5,Silph Co - 7F,5,31:55.11,31:55,0h31m55s,1,6,7,41,2:03,20.692,BODY SLAM,ICE BEAM,EARTHQUAKE,THUNDERBOLT,3,4876,430,69,14,368,354,182,13,18671,Jolteon, ,Normal,Normal,87044,Tauros2,Tauros,Rival (Silph Co.),00:31:34.42,00:31:55.11,02:03:55.05,41,1,0,31,55,11,BODY SLAM,ICE BEAM,EARTHQUAKE,THUNDERBOLT,14,9,10,13,0,0,1,0,53,133,109,105,86,86,118,7958,9358,9502,13511,13511,11887,15,15,15,15,0,0,0,0,0,0,0,122,118,86,86,118,448079,169416,246011,30498,2154,3,1,0,4876,4307,569,0,430,83,69,14,1,0,13046,8063,1050,984,339,32,146,0,0,0,0,0,65,0,14,0,0,4,7,0,0,0,2,0,0,3,0,0,0,0,10,6,0,0,0,0,8,3,0,0,0,0,9,168,63626,0,0,0,0,24,34,4,1,1,8,6,2,7,Jolteon
11-27,15:30:52,NINTEN,Tauros,Rocket,45,Silph Co - 11F,3,32:15.88,32:15,0h32m15s,1,6,7,41,2:05,10,BODY SLAM,ICE BEAM,EARTHQUAKE,THUNDERBOLT,3,4884,430,70,14,371,357,182,12,21271,Jolteon, ,Normal,Normal,89626,Tauros2,Tauros,,00:32:05.88,00:32:15.88,02:05:16.50,41,1,0,32,15,88,BODY SLAM,ICE BEAM,EARTHQUAKE,THUNDERBOLT,14,9,7,13,0,0,1,0,133,133,109,105,86,86,118,8123,9578,9726,13701,13701,12117,15,15,15,15,0,0,0,0,0,0,0,122,118,86,86,118,452984,170791,248901,31138,2154,3,1,0,4884,4315,569,0,430,84,70,14,1,0,13447,8302,1050,984,342,32,146,0,0,0,0,0,65,0,14,0,0,4,7,0,0,0,2,0,0,3,0,0,0,0,10,6,0,0,0,0,8,3,0,0,0,0,9,171,66208,0,0,0,0,24,34,4,1,1,8,6,2,7,Jolteon
11-27,15:31:18,NINTEN,Tauros,Giovanni-Silph,2,Silph Co - 11F,4,32:41.89,32:41,0h32m41s,1,6,7,42,2:06,18.856,BODY SLAM,ICE BEAM,EARTHQUAKE,THUNDERBOLT,3,4901,431,71,14,377,363,184,12,22201,Jolteon, ,Normal,Normal,94443,Tauros2,Tauros,Giovanni (Silph),00:32:23.04,00:32:41.89,02:06:59.45,42,1,0,32,41,89,BODY SLAM,ICE BEAM,EARTHQUAKE,THUNDERBOLT,14,8,2,13,0,0,1,0,89,137,112,107,88,88,121,8419,9887,10025,13926,13926,12398,15,15,15,15,0,0,0,0,0,0,0,126,120,88,88,121,459159,172005,253862,31138,2154,3,1,0,4901,4332,569,0,431,85,71,14,1,0,14219,8739,1098,1032,348,32,148,0,0,0,0,0,66,0,14,0,0,4,7,0,0,0,2,0,0,3,0,0,0,0,10,6,0,0,0,0,8,3,0,0,0,0,9,175,71025,0,0,0,0,24,34,4,1,1,8,6,2,7,Jolteon
11-27,15:31:53,NINTEN,Tauros,Sabrina,1,Saffron City - Gym,3,33:16.61,33:16,0h33m16s,1,6,7,42,2:09,11.691,BODY SLAM,ICE BEAM,EARTHQUAKE,THUNDERBOLT,3,4998,434,72,14,381,367,185,12,26260,Jolteon, ,Normal,Normal,98768,Tauros2,Tauros,Sabrina,00:33:04.92,00:33:16.61,02:09:16.11,42,1,0,33,16,61,BODY SLAM,ICE BEAM,EARTHQUAKE,THUNDERBOLT,11,10,12,15,0,0,1,0,49,137,112,107,88,88,121,8539,9992,10115,14286,14286,12713,15,15,15,15,0,0,0,0,0,0,0,126,120,88,88,121,467345,176358,257097,31736,2154,3,1,0,4998,4429,569,0,434,86,72,14,1,0,14764,9063,1186,1120,352,32,149,0,0,0,0,0,67,0,14,0,0,4,7,0,0,0,2,0,0,3,0,0,0,0,10,6,0,0,0,0,8,3,0,0,0,0,9,178,75350,0,0,0,0,24,34,4,1,1,8,6,2,7,Jolteon
11-27,15:32:44,NINTEN,Tauros,Biker,8,Route 17,3,34:07.86,34:07,0h34m7s,1,6,7,43,2:12,10.968,BODY SLAM,ICE BEAM,EARTHQUAKE,THUNDERBOLT,3,5116,439,73,15,384,370,185,12,31210,Jolteon, ,Normal,Normal,101528,Tauros2,Tauros,,00:33:56.90,00:34:07.86,02:12:38.06,43,1,0,34,7,86,BODY SLAM,ICE BEAM,EARTHQUAKE,THUNDERBOLT,15,10,9,15,0,0,1,0,140,140,115,110,91,91,124,8709,12797,10450,14516,14516,12868,15,15,15,15,0,0,0,0,0,0,0,129,123,91,91,124,479460,181378,261101,34827,2154,3,1,0,5116,4511,605,0,439,88,73,15,2,0,15240,9283,1186,1120,355,32,149,0,0,0,0,0,68,0,14,0,0,4,7,0,0,0,2,0,0,3,0,0,0,0,10,6,0,0,0,0,8,3,0,0,0,0,9,181,78110,0,0,0,0,24,34,4,1,1,8,6,2,7,Jolteon
11-27,15:33:10,NINTEN,Tauros,Biker,12,Route 17,5,34:33.89,34:33,0h34m33s,1,6,7,43,2:14,15.541,BODY SLAM,ICE BEAM,EARTHQUAKE,THUNDERBOLT,3,5246,447,74,15,389,375,185,13,31770,Jolteon, ,Normal,Normal,105208,Tauros2,Tauros,,00:34:18.35,00:34:33.89,02:14:20.48,43,1,0,34,33,89,BODY SLAM,ICE BEAM,EARTHQUAKE,THUNDERBOLT,15,10,4,15,0,0,1,0,140,140,115,110,91,91,124,8959,13172,10975,14866,14866,13093,15,15,15,15,0,0,0,0,0,0,0,129,123,91,91,124,485622,183380,265261,34827,2154,3,1,0,5246,4511,735,0,447,89,74,15,2,0,16082,9602,1186,1120,360,32,149,0,0,0,0,0,69,0,14,0,0,4,7,0,0,0,2,0,0,3,0,0,0,0,10,6,0,0,0,0,8,3,0,0,0,0,9,186,81790,0,0,0,0,25,34,4,1,1,8,6,2,7,Jolteon
11-27,15:34:28,NINTEN,Tauros,Juggler,3,Fuchsia City - Gym,4,35:51.75,35:51,0h35m51s,1,6,7,44,2:19,13.938,BODY SLAM,ICE BEAM,EARTHQUAKE,THUNDERBOLT,3,5749,476,75,15,393,379,185,16,31770,Jolteon, ,Normal,Normal,108199,Tauros2,Tauros,,00:35:37.81,00:35:51.75,02:19:27.30,44,1,0,35,51,75,BODY SLAM,ICE BEAM,EARTHQUAKE,THUNDERBOLT,11,10,12,15,0,0,1,0,143,143,119,113,93,93,127,9179,15911,11140,15256,15256,13324,15,15,15,15,0,0,0,0,0,0,0,133,127,93,93,127,504024,194614,269054,38202,2154,3,1,0,5749,4655,1094,0,476,90,75,15,2,0,16769,9921,1186,1120,364,32,149,0,0,0,0,0,69,0,14,0,0,4,7,0,0,0,2,0,0,3,0,0,0,0,10,6,0,0,0,0,8,3,0,0,0,0,9,190,84781,0,0,0,0,28,34,4,1,1,9,6,2,7,Jolteon
11-27,15:34:42,NINTEN,Tauros,Tamer,2,Fuchsia City - Gym,3,36:05.51,36:05,0h36m5s,1,6,7,44,2:20,10.259,BODY SLAM,ICE BEAM,EARTHQUAKE,THUNDERBOLT,3,5756,478,76,15,396,382,185,16,32855,Jolteon, ,Normal,Normal,111429,Tauros2,Tauros,,00:35:55.26,00:36:05.51,02:20:21.48,44,1,0,36,5,51,BODY SLAM,ICE BEAM,EARTHQUAKE,THUNDERBOLT,11,9,11,14,0,0,1,0,143,143,119,113,93,93,127,9374,16181,11388,15441,15441,13549,15,15,15,15,0,0,0,0,0,0,0,133,127,93,93,127,507282,194960,271966,38202,2154,3,1,0,5756,4662,1094,0,478,91,76,15,2,0,17201,10192,1186,1120,367,32,149,0,0,0,0,0,70,0,14,0,0,4,7,0,0,0,2,0,0,3,0,0,0,0,10,6,0,0,0,0,8,3,0,0,0,0,9,193,88011,0,0,0,0,28,34,4,1,1,9,6,2,7,Jolteon
11-27,15:34:54,NINTEN,Tauros,Juggler,4,Fuchsia City - Gym,2,36:17.21,36:17,0h36m17s,1,6,7,44,2:21,6.523,BODY SLAM,ICE BEAM,EARTHQUAKE,THUNDERBOLT,3,5775,486,77,15,398,384,185,16,34175,Jolteon, ,Normal,Normal,113372,Tauros2,Tauros,,00:36:10.69,00:36:17.21,02:21:07.55,44,1,0,36,17,21,BODY SLAM,ICE BEAM,EARTHQUAKE,THUNDERBOLT,9,9,11,14,0,0,1,0,143,143,119,113,93,93,127,9519,16302,11503,15646,15646,13658,15,15,15,15,0,0,0,0,0,0,0,133,127,93,93,127,510049,195708,273985,38202,2154,3,1,0,5775,4681,1094,0,486,92,77,15,2,0,17457,10389,1186,1120,369,32,149,0,0,0,0,0,70,0,14,0,0,4,7,0,0,0,2,0,0,3,0,0,0,0,10,6,0,0,0,0,8,3,0,0,0,0,9,195,89954,0,0,0,0,28,34,4,1,1,9,6,2,7,Jolteon
11-27,15:35:21,NINTEN,Tauros,Koga,1,Fuchsia City - Gym,4,36:44.79,36:44,0h36m44s,1,6,7,45,2:22,21.162,BODY SLAM,ICE BEAM,EARTHQUAKE,THUNDERBOLT,4,5780,487,78,15,409,390,192,16,35365,Jolteon, ,Normal,Normal,117064,Tauros2,Tauros,Koga,00:36:23.63,00:36:44.79,02:22:57.02,45,1,0,36,44,79,BODY SLAM,ICE BEAM,EARTHQUAKE,THUNDERBOLT,3,9,11,14,0,0,1,0,1,146,122,116,95,95,130,9769,16532,11713,15856,15856,13883,15,15,15,15,0,0,-2,-2,0,0,0,173,164,47,47,130,516596,196246,279472,38724,2154,4,1,0,5780,4686,1094,0,487,93,78,15,2,0,18293,10881,1331,1265,375,32,156,0,0,0,0,0,72,0,15,0,0,4,7,0,0,0,2,0,0,3,0,0,0,0,10,6,0,0,0,0,8,3,4,0,0,0,9,199,93646,0,0,0,0,28,34,4,1,1,9,6,2,7,Jolteon
11-27,15:36:13,NINTEN,Tauros,Fisher,7,Route 21,4,37:36.57,37:36,0h37m36s,1,6,7,45,2:26,11.731,BODY SLAM,ICE BEAM,EARTHQUAKE,THUNDERBOLT,4,5932,505,79,15,413,394,192,16,40315,Jolteon, ,Normal,Normal,120790,Tauros2,Tauros,,00:37:24.84,00:37:36.57,02:26:21.15,45,1,0,37,36,57,BODY SLAM,ICE BEAM,EARTHQUAKE,THUNDERBOLT,15,10,12,11,0,0,1,0,146,146,122,116,95,95,130,10054,16875,11968,16146,16146,14150,15,15,15,15,0,0,0,0,0,0,0,137,130,95,95,146,528849,201847,282822,42026,2154,4,1,0,5932,4809,1094,29,505,94,79,15,2,0,19084,11209,1331,1265,379,32,156,0,0,0,0,0,74,0,15,0,0,4,7,0,0,0,2,0,0,3,0,0,0,0,10,6,0,0,0,0,8,3,4,0,0,0,9,203,97372,0,0,0,0,29,34,4,1,1,10,6,2,7,Jolteon
11-27,15:36:27,NINTEN,Tauros,Swimmer,14,Route 21,2,37:50.05,37:50,0h37m50s,1,6,7,46,2:27,7.405,BODY SLAM,ICE BEAM,EARTHQUAKE,THUNDERBOLT,4,5982,505,80,15,415,396,192,16,41295,Jolteon, ,Normal,Normal,122549,Tauros2,Tauros,,00:37:42.65,00:37:50.05,02:27:14.29,46,1,0,37,50,5,BODY SLAM,ICE BEAM,EARTHQUAKE,THUNDERBOLT,15,10,12,9,0,0,1,0,150,150,125,118,97,97,133,10143,16983,12103,16281,16281,14293,15,15,15,15,0,0,0,0,0,0,0,140,132,97,97,149,532043,202810,285053,42026,2154,4,1,0,5982,4809,1094,79,505,95,80,15,2,0,19318,11364,1331,1265,381,32,156,0,0,0,0,0,74,0,15,0,0,4,7,0,0,0,2,0,0,3,0,0,0,0,10,6,0,0,0,0,8,3,4,0,0,0,9,205,99131,0,0,0,0,29,34,4,1,1,10,6,2,7,Jolteon
11-27,15:37:56,NINTEN,Tauros,Blaine,1,Cinnabar Island - Gym,3,39:19.71,39:19,0h39m19s,1,6,7,50,2:33,12.233,BODY SLAM,ICE BEAM,EARTHQUAKE,THUNDERBOLT,5,6346,554,81,16,419,400,193,17,41460,Jolteon, ,Normal,Normal,162600,Tauros2,Tauros,Blaine,00:39:07.47,00:39:19.71,02:33:08.08,50,1,0,39,19,71,BODY SLAM,ICE BEAM,EARTHQUAKE,THUNDERBOLT,15,10,8,9,0,0,1,0,162,162,136,128,106,106,145,10371,17269,12328,16541,16541,14593,15,15,15,15,0,0,0,0,0,0,0,153,144,106,106,163,553262,215495,289097,46516,2154,5,1,0,6346,5149,1094,103,554,97,81,16,3,0,19792,11801,1331,1265,385,32,157,0,0,0,0,0,74,0,15,0,0,4,7,0,0,0,2,0,0,3,0,0,0,0,10,6,0,0,0,0,8,3,4,0,0,0,9,208,105481,0,0,0,0,33,34,4,1,1,10,6,2,7,Jolteon
11-27,15:38:19,NINTEN,Tauros,Cooltrainer M,10,Viridian City - Gym,1,39:42.77,39:42,0h39m42s,1,6,7,50,2:34,4.539,BODY SLAM,ICE BEAM,EARTHQUAKE,THUNDERBOLT,5,6415,557,82,16,420,401,193,18,46806,Jolteon, ,Normal,Normal,163843,Tauros2,Tauros,,00:39:38.22,00:39:42.77,02:34:38.52,50,1,0,39,42,77,BODY SLAM,ICE BEAM,EARTHQUAKE,THUNDERBOLT,15,9,8,9,0,0,1,0,162,162,136,128,106,106,145,10451,17354,12423,16571,16571,14618,15,15,15,15,0,0,0,0,0,0,0,153,144,119,119,163,558706,218578,290726,47248,2154,5,1,0,6415,5218,1094,103,557,98,82,16,3,0,20036,11929,1331,1265,386,32,157,0,0,0,0,0,74,0,15,0,0,4,7,0,0,0,2,0,0,3,0,0,0,0,10,6,0,0,0,0,8,3,4,0,0,0,9,209,106724,0,0,0,0,33,34,4,1,1,10,6,2,7,Jolteon
11-27,15:38:35,NINTEN,Tauros,Blackbelt,8,Viridian City - Gym,3,39:58.25,39:58,0h39m58s,1,6,7,51,2:35,11.459,BODY SLAM,ICE BEAM,EARTHQUAKE,THUNDERBOLT,5,6423,563,83,16,423,404,193,18,48311,Jolteon, ,Normal,Normal,166934,Tauros2,Tauros,,00:39:46.79,00:39:58.25,02:35:40.01,51,1,0,39,58,25,BODY SLAM,ICE BEAM,EARTHQUAKE,THUNDERBOLT,12,9,8,9,0,0,1,0,166,166,139,131,108,108,147,10681,17634,12613,16706,16706,14743,15,15,15,15,0,0,0,0,0,0,0,156,147,121,121,165,562375,219030,293943,47248,2154,5,1,0,6423,5226,1094,103,563,99,83,16,3,0,20748,12264,1331,1265,389,32,157,0,0,0,0,0,77,0,15,0,0,4,7,0,0,0,2,0,0,3,0,0,0,0,10,6,0,0,0,0,8,3,4,0,0,0,9,212,109815,0,0,0,0,33,34,4,1,1,10,6,2,7,Jolteon
11-27,15:39:11,NINTEN,Tauros,Giovanni,3,Viridian City - Gym,5,40:34.23,40:34,0h40m34s,1,6,7,52,2:38,22.377,BODY SLAM,ICE BEAM,EARTHQUAKE,THUNDERBOLT,6,6497,576,84,16,430,411,195,18,49261,Jolteon, ,Normal,Normal,177155,Tauros2,Tauros,Giovanni,00:40:11.85,00:40:34.23,02:38:02.14,52,1,0,40,34,23,BODY SLAM,ICE BEAM,EARTHQUAKE,THUNDERBOLT,8,8,6,9,0,0,1,0,83,169,141,133,110,110,151,11057,18088,13007,17036,17036,15179,15,15,15,15,0,0,0,0,0,0,0,158,149,123,123,169,570908,221283,299699,47772,2154,6,1,0,6497,5300,1094,103,576,100,84,16,3,0,21820,13024,1417,1351,396,32,159,0,0,0,0,0,80,0,15,0,0,4,7,0,0,0,2,0,0,3,0,0,0,0,10,6,0,0,0,0,8,3,4,0,0,0,9,217,120036,0,0,0,0,33,34,4,1,1,10,6,2,7,Jolteon
11-27,15:39:59,NINTEN,Tauros,Rival6-Route 22,8,Route 22,6,41:22.40,41:22,0h41m22s,1,6,7,53,2:41,19.904,BODY SLAM,ICE BEAM,EARTHQUAKE,THUNDERBOLT,7,6641,593,85,16,436,417,195,19,54706,Jolteon, ,Normal,Normal,187289,Tauros2,Tauros,Rival (Final),00:41:02.49,00:41:22.40,02:41:12.48,53,1,0,41,22,40,BODY SLAM,ICE BEAM,EARTHQUAKE,THUNDERBOLT,14,8,10,14,0,0,1,0,172,172,144,136,112,112,153,11420,18499,13542,17566,17566,15689,15,15,15,15,0,0,0,0,0,0,0,162,153,126,126,172,582342,226638,305132,48418,2154,7,1,0,6641,5444,1094,103,593,101,85,16,3,0,22755,13761,1417,1351,402,32,159,0,0,0,0,0,80,0,15,0,0,4,7,0,0,0,2,0,0,3,0,0,0,0,10,6,0,0,0,0,8,3,4,0,0,0,9,223,130170,0,0,0,0,33,34,4,1,1,10,6,2,7,Jolteon
11-27,15:43:02,NINTEN,Tauros,Lorelei,1,Lorelei's Room,5,44:25.34,44:25,0h44m25s,2,6,8,54,2:51,26.59,BODY SLAM,ICE BEAM,EARTHQUAKE,THUNDERBOLT,8,7333,753,86,17,447,428,199,19,46151,Jolteon, ,Normal,Normal,197798,Tauros2,Tauros,Lorelei,00:43:58.74,00:44:25.34,02:51:23.51,54,2,0,44,25,34,BODY SLAM,ICE BEAM,EARTHQUAKE,THUNDERBOLT,11,10,12,8,0,0,1,0,102,175,147,139,114,114,156,11850,18874,14027,18016,18016,16014,15,15,15,15,0,0,0,0,0,0,0,165,156,128,128,175,619010,252000,312690,52009,2311,8,2,0,7333,5640,1554,139,753,103,86,17,4,0,23863,14686,1490,1424,413,34,160,0,0,0,0,0,80,0,15,0,0,4,9,0,0,0,2,0,0,3,0,0,0,0,10,6,0,0,0,0,11,4,4,1,0,0,9,228,140679,0,0,0,0,34,38,4,1,1,10,6,2,8,Jolteon
11-27,15:43:53,NINTEN,Tauros,Bruno,1,Bruno's Room,5,45:16.30,45:16,0h45m16s,3,6,9,54,2:53,18.556,BODY SLAM,ICE BEAM,EARTHQUAKE,THUNDERBOLT,9,7344,757,87,17,453,434,200,19,51695,Jolteon, ,Normal,Normal,206005,Tauros2,Tauros,Bruno,00:44:57.74,00:45:16.30,02:53:29.27,54,3,0,45,16,30,BODY SLAM,ICE BEAM,EARTHQUAKE,THUNDERBOLT,8,7,12,8,0,0,1,0,57,175,147,139,114,114,156,12110,19319,14559,18211,18211,16372,15,15,15,15,0,0,0,0,0,0,0,165,156,128,128,175,626551,252998,317546,53539,2468,9,3,0,7344,5651,1554,139,757,104,87,17,4,0,24956,15345,1608,1542,419,34,161,0,0,0,0,0,83,0,15,0,0,4,10,0,0,0,2,0,0,3,0,0,0,0,10,6,0,0,0,0,12,4,4,1,0,0,9,233,148886,0,0,0,0,34,38,4,1,1,10,6,2,9,Jolteon
11-27,15:44:23,NINTEN,Tauros,Agatha,1,Agatha's Room,5,45:46.69,45:46,0h45m46s,3,6,9,55,2:55,18.687,BODY SLAM,ICE BEAM,EARTHQUAKE,THUNDERBOLT,10,7355,758,88,17,459,440,201,19,57437,Jolteon, ,Normal,Normal,216091,Tauros2,Tauros,Agatha,00:45:28.01,00:45:46.69,02:55:29.14,55,3,0,45,46,69,BODY SLAM,ICE BEAM,EARTHQUAKE,THUNDERBOLT,15,8,8,15,0,0,1,0,178,178,150,142,117,117,160,12410,19664,14863,18726,18726,16857,15,15,15,15,0,0,0,0,0,0,0,168,159,131,131,180,633738,254013,322447,54810,2468,10,3,0,7355,5662,1554,139,758,105,88,17,4,0,26029,16065,1608,1542,425,35,161,0,0,0,0,0,84,0,15,0,0,4,10,0,0,0,2,0,0,3,0,0,0,0,10,6,0,0,0,0,12,4,4,1,0,0,9,238,158972,0,0,0,0,34,38,4,1,1,10,6,2,9,Jolteon
11-27,15:45:04,NINTEN,Tauros,Lance,1,Lance's Room,5,46:27.28,46:27,0h46m27s,3,6,9,56,2:58,19.429,BODY SLAM,BLIZZARD,EARTHQUAKE,THUNDERBOLT,11,7405,763,89,17,465,446,202,18,63377,Jolteon, ,Normal,Normal,227697,Tauros2,Tauros,Lance,00:46:07.85,00:46:27.28,02:58:09.32,56,3,0,46,27,28,BODY SLAM,BLIZZARD,EARTHQUAKE,THUNDERBOLT,15,2,12,12,0,0,1,0,115,182,153,145,119,119,162,12798,20196,15232,19126,19126,17288,15,15,15,15,0,0,0,0,0,0,0,172,163,133,133,182,643356,256032,327491,57365,2468,11,3,0,7405,5712,1554,139,763,106,89,17,4,0,27114,16907,1675,1609,431,35,162,0,0,0,0,0,85,0,15,0,0,4,10,0,0,0,2,0,0,3,0,0,0,0,10,6,0,0,0,0,12,4,4,1,0,0,9,243,170578,0,0,0,0,34,38,4,1,1,11,6,2,9,Jolteon
11-27,15:45:54,NINTEN,Tauros,Champion,1,Champions Room,6,47:17.16,47:17,0h47m17s,3,6,9,58,3:01,30.935,BODY SLAM,BLIZZARD,EARTHQUAKE,THUNDERBOLT,12,7413,763,90,17,474,455,205,17,69515,Jolteon, ,Normal,Normal,246540,Tauros2,Tauros,Champion,00:46:46.23,00:47:17.16,03:01:26.47,58,3,0,47,17,16,BODY SLAM,BLIZZARD,EARTHQUAKE,THUNDERBOLT,12,3,9,14,0,0,1,0,174,188,159,150,123,123,169,13211,20677,15787,19736,19736,17828,15,15,15,15,0,-1,0,0,0,0,0,178,111,138,138,190,655191,257672,335384,59667,2468,12,3,0,7413,5720,1554,139,763,107,90,17,4,0,28346,17903,1689,1623,440,35,164,0,0,0,0,0,86,0,15,0,0,4,10,0,0,0,2,0,0,3,0,0,0,0,10,6,0,0,0,0,12,4,4,1,0,0,9,249,185627,0,0,0,0,34,38,4,1,1,11,6,2,9,Jolteon
11-27,15:46:16,NINTEN,Tauros,Champion,1,Hall of Fame,6,47:17.17,47:17,0h47m17s,3,6,9,58,3:02,53.432,BODY SLAM,BLIZZARD,EARTHQUAKE,THUNDERBOLT,12,7422,764,90,17,474,455,205,17,75950,Jolteon, ,Normal,Normal,246540,Tauros2,Tauros,Champion,00:46:46.23,00:47:17.17,03:02:55.57,58,3,0,47,17,17,BODY SLAM,BLIZZARD,EARTHQUAKE,THUNDERBOLT,12,3,9,14,0,0,1,0,174,188,159,150,123,123,169,13211,20677,15787,19736,19736,17828,15,15,15,15,0,-1,0,0,0,0,0,178,111,138,138,190,660541,262555,335851,59667,2468,12,3,0,7422,5729,1554,139,764,107,90,17,4,0,28346,17903,1689,1623,440,35,164,0,0,0,0,0,86,0,15,0,0,4,10,0,0,0,2,0,0,3,0,0,0,0,10,6,0,0,0,0,12,4,4,1,0,0,9,249,185627,0,0,0,0,34,38,4,1,1,11,6,2,9,Jolteon
11-27,15:59:25,NINTEN,Tauros,Rival1-Lab,1,Pallet Town - Oak's Lab,1,42.08,42,0h0m42s,0,0,0,5,0:02,7.205,TACKLE,,,,0,71,7,1,1,3,3,2,0,3000,Jolteon, ,Normal,Normal,253,Tauros2,Tauros,Rival (Lab),00:00:34.87,00:00:42.08,00:02:12.58,5,0,0,0,42,8,TACKLE,,,,32,0,0,0,0,0,0,0,24,24,16,16,13,13,17,55,55,50,65,65,55,15,15,15,15,0,-2,0,0,0,0,0,16,8,13,13,17,9957,4996,2954,0,2007,0,0,0,71,71,0,0,7,2,1,1,0,0,26,21,0,0,3,0,2,0,0,0,0,0,1,0,0,0,0,0,0,0,0,0,0,0,0,0,0,0,0,0,0,0,0,0,0,0,0,0,0,0,0,0,0,1,97,0,0,0,0,0,0,0,0,0,0,0,2,0,Jolteon
11-27,16:00:42,NINTEN,Tauros,Rival1a-Route 22,2,Route 22,2,1:59.18,1:59,0h1m59s,0,0,0,7,0:07,19.358,TACKLE,,,,0,459,23,2,1,12,12,10,4,75,Flareon, ,Normal,Normal,521,Tauros2,Tauros,Rival (Optional),00:01:39.82,00:01:59.18,00:07:17.50,7,0,0,1,59,18,TACKLE,,,,26,0,0,0,0,0,0,0,19,29,21,20,17,17,22,150,170,130,161,161,180,15,15,15,15,-4,0,0,0,0,-1,0,6,20,17,17,22,28249,18181,8061,0,2007,0,0,0,459,459,0,0,23,3,2,1,0,0,89,76,10,10,12,1,9,0,0,0,0,0,6,0,0,0,0,0,0,0,0,0,0,0,0,0,0,0,0,0,0,0,0,0,0,0,0,0,0,0,0,0,0,3,365,0,0,0,0,0,13,0,0,0,0,0,2,0,Flareon
11-27,16:01:38,NINTEN,Tauros,Lass,19,Viridian Forest,2,2:55.24,2:55,0h2m55s,0,0,0,8,0:10,14.386,TACKLE,,,,0,634,47,3,4,23,23,17,4,355,Jolteon, ,Normal,Normal,711,Tauros2,Tauros,,00:02:40.85,00:02:55.24,00:10:59.14,8,0,0,2,55,24,TACKLE,,,,26,0,0,0,0,0,0,0,26,32,23,22,18,18,25,342,361,297,301,301,366,15,15,15,15,-1,-1,0,0,0,0,0,15,14,18,18,25,41533,24153,15373,0,2007,0,0,0,634,634,0,0,47,7,3,4,0,0,202,150,16,16,23,3,14,0,0,0,0,0,8,0,1,0,0,0,0,0,0,0,0,0,0,0,0,0,0,0,0,0,0,0,0,0,0,0,0,0,0,0,0,7,555,0,0,0,0,0,13,0,0,0,0,0,2,0,Jolteon
11-27,16:01:54,NINTEN,Tauros,Bug Catcher,1,Viridian Forest,2,3:10.71,3:10,0h3m10s,0,0,0,8,0:12,9.609,TACKLE,,,,0,674,52,4,4,27,27,19,4,445,Jolteon, ,Normal,Normal,869,Tauros2,Tauros,,00:03:01.10,00:03:10.71,00:12:00.21,8,0,0,3,10,71,TACKLE,,,,22,0,0,0,0,0,0,0,21,32,23,22,18,18,25,432,421,367,341,341,456,15,15,15,15,0,0,0,0,0,0,0,23,22,18,18,25,45200,25167,18026,0,2007,0,0,0,674,674,0,0,52,8,4,4,0,0,256,198,21,21,27,3,16,0,0,0,0,0,10,0,2,0,0,0,0,0,0,0,0,0,0,0,0,0,0,0,0,0,0,0,0,0,0,0,0,0,0,0,0,9,713,0,0,0,0,0,13,0,0,0,0,0,2,0,Jolteon
11-27,16:02:21,NINTEN,Tauros,Bug Catcher,2,Viridian Forest,3,3:38.24,3:38,0h3m38s,0,0,0,9,0:13,18.007,TACKLE,,,,0,688,52,5,5,39,39,27,4,515,Jolteon, ,Normal,Normal,1155,Tauros2,Tauros,,00:03:20.23,00:03:38.24,00:13:49.02,9,0,0,3,38,24,TACKLE,,,,10,0,0,0,0,0,0,0,22,35,26,25,20,20,28,622,521,547,431,431,606,15,15,15,15,0,0,0,0,0,0,0,26,25,20,20,28,51721,25716,23998,0,2007,0,0,0,688,688,0,0,52,10,5,5,0,0,355,284,23,23,36,7,17,0,0,0,0,0,11,0,2,0,0,0,0,0,0,0,0,0,0,0,0,0,0,0,0,0,0,0,0,0,0,0,0,0,0,0,0,13,999,0,0,0,0,0,13,0,0,0,0,0,2,0,Jolteon
11-27,16:02:37,NINTEN,Tauros,Bug Catcher,15,Viridian Forest,2,3:53.75,3:53,0h3m53s,0,0,0,10,0:14,10.328,TACKLE,,,,0,719,54,6,5,43,43,29,4,575,Jolteon, ,Normal,Normal,1368,Tauros2,Tauros,,00:03:43.42,00:03:53.75,00:14:50.18,10,0,0,3,53,75,TACKLE,,,,6,0,0,0,0,0,0,0,23,38,28,27,22,22,30,717,571,637,476,476,681,15,15,15,15,0,0,0,0,-1,0,0,28,27,22,22,19,55397,26512,26878,0,2007,0,0,0,719,719,0,0,54,11,6,5,0,0,410,337,25,25,40,7,19,0,0,0,0,0,12,0,2,0,0,0,0,0,0,0,0,0,0,0,0,0,0,0,0,0,0,0,0,0,0,0,0,0,0,0,0,15,1212,0,0,0,0,1,13,0,0,0,0,0,2,0,Jolteon
11-27,16:02:55,NINTEN,Tauros,Bug Catcher,3,Viridian Forest,1,4:11.36,4:11,0h4m11s,0,0,0,10,0:15,7.116,TACKLE,,,,0,767,54,7,6,48,48,32,4,655,Jolteon, ,Normal,Normal,1511,Tauros2,Tauros,,00:04:04.24,00:04:11.36,00:15:59.45,10,0,0,4,11,36,TACKLE,,,,1,0,0,0,0,0,0,0,19,38,28,27,22,22,30,802,646,712,531,531,782,15,15,15,15,0,0,0,0,-1,0,0,28,27,22,22,19,59564,27433,30124,0,2007,0,0,0,767,767,0,0,54,13,7,6,0,0,474,384,29,29,44,8,22,0,0,0,0,0,12,0,2,0,0,0,0,0,0,0,0,0,0,0,0,0,0,0,0,0,0,0,0,0,0,0,0,0,0,0,0,17,1355,0,0,0,0,1,13,0,0,0,0,0,2,0,Jolteon
11-27,16:03:31,NINTEN,Tauros,Jr Trainer M,1,Pewter City - Gym,2,4:47.80,4:47,0h4m47s,0,0,0,11,0:18,10.44,TACKLE,,,,0,905,59,8,8,54,54,34,4,755,Jolteon, ,Normal,Normal,1922,Tauros2,Tauros,,00:04:37.36,00:04:47.80,00:18:23.09,11,0,0,4,47,80,TACKLE,,,,31,0,0,0,0,0,0,0,33,41,31,29,24,24,33,947,851,897,661,661,1018,15,15,15,15,0,0,0,0,0,0,0,31,29,24,24,33,68168,31125,35036,0,2007,0,0,0,905,905,0,0,59,16,8,8,0,0,588,473,47,47,50,8,24,0,0,0,0,0,14,0,3,0,0,0,0,0,0,0,0,0,0,0,0,0,0,0,0,0,0,0,0,0,0,0,0,0,0,0,0,21,1766,0,0,0,0,1,13,0,0,0,0,0,2,0,Jolteon
11-27,16:08:42,NINTEN,Tauros,Rival1-Lab,1,Pallet Town - Oak's Lab,1,40.96,40,0h0m40s,0,0,0,5,0:02,6.938,TACKLE,,,,0,71,5,1,1,3,3,2,0,3000,Jolteon, ,Normal,Normal,253,Tauros2,Tauros,Rival (Lab),00:00:34.03,00:00:40.96,00:02:07.55,5,0,0,0,40,96,TACKLE,,,,32,0,0,0,0,0,0,0,19,24,16,16,13,13,17,55,55,50,65,65,55,15,15,15,15,0,0,0,0,0,0,0,16,16,13,13,17,9691,4757,2890,0,2044,0,0,0,71,71,0,0,5,2,1,1,0,0,24,21,5,5,3,1,1,0,0,0,0,0,1,0,1,0,0,0,0,0,0,0,0,0,0,0,0,0,0,0,0,0,0,0,0,0,0,0,0,0,0,0,0,1,97,0,0,0,0,0,0,0,0,0,0,0,2,0,Jolteon
11-27,16:10:07,NINTEN,Tauros,Rival1a-Route 22,2,Route 22,2,2:05.94,2:05,0h2m5s,0,0,0,7,0:07,20.789,TACKLE,,,,0,481,29,2,1,15,15,13,4,75,Flareon, ,Normal,Normal,521,Tauros2,Tauros,Rival (Optional),00:01:45.15,00:02:05.94,00:07:43.49,7,0,0,2,5,94,TACKLE,,,,23,0,0,0,0,0,0,0,5,29,21,20,17,17,22,150,170,130,161,161,180,15,15,15,15,-1,-1,0,0,0,0,0,13,13,17,17,22,29845,19468,8333,0,2044,0,0,0,481,481,0,0,29,3,2,1,0,0,88,76,29,29,13,8,7,0,0,0,0,0,3,0,1,0,0,0,0,0,0,0,0,0,0,0,0,0,0,0,0,0,0,0,0,0,0,0,0,0,0,0,0,3,365,0,0,0,0,0,13,0,0,0,0,0,2,0,Flareon
11-27,16:10:48,NINTEN,Tauros,Lass,19,Viridian Forest,2,2:47.03,2:47,0h2m47s,0,0,0,8,0:10,12.588,TACKLE,,,,0,648,38,3,2,21,21,17,4,355,Jolteon, ,Normal,Normal,672,Tauros2,Tauros,,00:02:34.44,00:02:47.03,00:10:26.08,8,0,0,2,47,3,TACKLE,,,,29,0,0,0,0,0,0,0,28,32,23,22,18,18,25,251,274,222,241,241,271,15,15,15,15,0,-1,0,0,0,0,0,23,14,18,18,25,39584,24895,12645,0,2044,0,0,0,648,648,0,0,38,5,3,2,0,0,137,121,33,33,19,9,10,0,0,0,0,0,3,0,1,0,0,0,0,0,0,0,0,0,0,0,0,0,0,0,0,0,0,0,0,0,0,0,0,0,0,0,0,5,516,0,0,0,0,0,13,0,0,0,0,0,2,0,Jolteon
11-27,16:11:03,NINTEN,Tauros,Bug Catcher,1,Viridian Forest,2,3:02.37,3:02,0h3m2s,0,0,0,8,0:11,9.524,TACKLE,,,,0,686,40,4,2,25,25,19,4,445,Jolteon, ,Normal,Normal,830,Tauros2,Tauros,,00:02:52.84,00:03:02.37,00:11:26.43,8,0,0,3,2,37,TACKLE,,,,25,0,0,0,0,0,0,0,26,32,23,22,18,18,25,341,334,292,281,281,361,15,15,15,15,0,0,0,0,-1,0,0,23,22,18,18,16,43219,25893,15282,0,2044,0,0,0,686,686,0,0,40,6,4,2,0,0,190,169,35,35,23,9,12,0,0,0,0,0,4,0,1,0,0,0,0,0,0,0,0,0,0,0,0,0,0,0,0,0,0,0,0,0,0,0,0,0,0,0,0,7,674,0,0,0,0,0,13,0,0,0,0,0,2,0,Jolteon
11-27,16:11:21,NINTEN,Tauros,Bug Catcher,2,Viridian Forest,3,3:20.21,3:20,0h3m20s,0,0,0,9,0:12,13.975,TACKLE,,,,0,700,40,5,2,31,31,22,4,515,Jolteon, ,Normal,Normal,1079,Tauros2,Tauros,,00:03:06.23,00:03:20.21,00:12:37.09,9,0,0,3,20,21,TACKLE,,,,19,0,0,0,0,0,0,0,29,35,26,25,20,20,27,486,404,437,351,351,466,15,15,15,15,0,0,0,0,0,0,0,26,25,20,20,27,47445,26382,19019,0,2044,0,0,0,700,700,0,0,40,7,5,2,0,0,262,235,35,35,29,9,12,0,0,0,0,0,6,0,1,0,0,0,0,0,0,0,0,0,0,0,0,0,0,0,0,0,0,0,0,0,0,0,0,0,0,0,0,10,923,0,0,0,0,0,13,0,0,0,0,0,2,0,Jolteon
11-27,16:11:42,NINTEN,Tauros,Bug Catcher,15,Viridian Forest,2,3:41.23,3:41,0h3m41s,0,0,0,10,0:14,11.636,TACKLE,,,,0,731,44,6,3,37,37,25,4,575,Jolteon, ,Normal,Normal,1333,Tauros2,Tauros,,00:03:29.59,00:03:41.23,00:14:00.05,10,0,0,3,41,23,TACKLE,,,,13,0,0,0,0,0,0,0,28,38,28,27,22,22,30,631,474,582,421,421,571,15,15,15,15,0,0,0,0,0,0,0,28,27,22,22,30,52421,27215,23162,0,2044,0,0,0,731,731,0,0,44,9,6,3,0,0,342,306,39,39,35,9,14,0,0,0,0,0,7,0,1,0,0,0,0,0,0,0,0,0,0,0,0,0,0,0,0,0,0,0,0,0,0,0,0,0,0,0,0,13,1177,0,0,0,0,1,13,0,0,0,0,0,2,0,Jolteon
11-27,16:12:15,NINTEN,Tauros,Bug Catcher,3,Viridian Forest,1,4:14.40,4:14,0h4m14s,0,0,0,10,0:16,5.713,TACKLE,,,,0,781,44,7,7,46,46,29,4,655,Jolteon, ,Normal,Normal,1625,Tauros2,Tauros,,00:04:08.70,00:04:14.40,00:16:10.42,10,0,0,4,14,40,TACKLE,,,,4,0,0,0,0,0,0,0,27,38,28,27,22,22,30,861,614,777,526,526,781,15,15,15,15,0,0,0,0,-1,0,0,28,27,22,22,19,60258,28549,29665,0,2044,0,0,0,781,781,0,0,44,14,7,7,0,0,511,419,40,40,44,10,16,0,0,0,0,0,9,0,1,0,0,0,0,0,0,0,0,0,0,0,0,0,0,0,0,0,0,0,0,0,0,0,0,0,0,0,0,18,1469,0,0,0,0,2,13,0,0,0,0,0,2,0,Jolteon
11-27,16:13:04,NINTEN,Tauros,Jr Trainer M,1,Pewter City - Gym,2,5:03.01,5:03,0h5m3s,0,0,0,11,0:19,13.305,TACKLE,,,,0,941,50,8,10,58,58,36,4,755,Jolteon, ,Normal,Normal,2104,Tauros2,Tauros,,00:04:49.70,00:05:03.01,00:19:22.20,11,0,0,5,3,1,TACKLE,,,,28,0,0,0,0,0,0,0,25,41,30,29,24,24,33,1056,839,1017,681,681,1047,15,15,15,15,0,0,0,0,0,0,0,30,29,24,24,33,71756,32650,37062,0,2044,0,0,0,941,941,0,0,50,18,8,10,0,0,689,533,68,68,54,12,22,0,0,0,0,0,11,0,2,0,0,0,0,0,0,0,0,0,0,0,0,0,0,0,0,0,0,0,0,0,0,0,0,0,0,0,0,23,1948,0,0,0,0,2,13,0,0,0,0,0,2,0,Jolteon
11-27,16:16:35,NINTEN,Tauros,Brock,1,Pewter City - Gym,2,8:33.58,8:33,0h8m33s,0,4,4,13,0:33,36.684,TACKLE,,,,0,1153,56,13,10,162,150,106,4,58,Jolteon, ,Normal,Normal,3296,Tauros2,Tauros,Brock,00:07:56.89,00:08:33.58,00:33:17.10,13,0,0,8,33,58,TACKLE,,,,16,0,0,0,0,0,0,0,9,47,35,34,28,28,38,1291,1284,1677,861,861,1217,15,15,15,15,0,-6,0,0,0,0,0,35,8,28,28,38,121846,38789,80072,941,2044,0,0,0,1153,1153,0,0,56,23,13,10,0,0,969,801,312,285,136,27,79,0,0,0,0,0,32,0,5,0,0,0,0,0,0,0,0,0,0,0,0,0,0,0,0,0,0,0,0,0,0,0,0,0,0,0,4,29,3140,0,0,0,0,2,13,0,0,0,0,4,2,4,Jolteon
11-27,16:17:08,NINTEN,Tauros,Bug Catcher,4,Route 3,3,9:07.05,9:07,0h9m7s,0,4,4,14,0:35,14.052,TACKLE,,,,0,1264,57,14,10,168,156,109,5,1246,Jolteon, ,Normal,Normal,3631,Tauros2,Tauros,,00:08:52.99,00:09:07.05,00:35:29.23,14,0,0,9,7,5,TACKLE,,,,29,0,0,0,0,0,0,0,44,50,38,37,29,29,41,1421,1379,1777,921,921,1357,15,15,15,15,0,0,0,0,0,0,0,42,37,29,29,41,129779,42387,84407,941,2044,0,0,0,1264,1264,0,0,57,24,14,10,0,0,1119,890,318,291,142,27,82,0,0,0,0,0,33,0,5,0,0,0,0,0,0,0,0,0,0,0,0,0,0,0,0,0,0,0,0,0,0,0,0,0,0,0,4,32,3475,0,0,0,0,2,13,0,0,0,0,4,2,4,Jolteon
11-27,16:17:22,NINTEN,Tauros,Youngster Ben,1,Route 3,2,9:21.13,9:21,0h9m21s,0,4,4,14,0:36,10.754,TACKLE,,,,0,1268,57,15,10,172,160,112,5,1346,Jolteon,Poisoned,Normal,Normal,3909,Tauros2,Tauros,,00:09:10.37,00:09:21.13,00:36:24.56,14,0,0,9,21,13,TACKLE,,,,25,0,0,0,0,0,0,0,29,50,38,37,29,29,41,1486,1495,1856,986,986,1484,15,15,15,15,0,0,0,0,0,0,0,42,37,29,29,41,133112,42677,87450,941,2044,0,0,0,1268,1268,0,0,57,25,15,10,0,0,1201,949,333,306,146,27,85,0,0,0,0,0,33,0,6,0,0,0,0,0,0,0,0,0,0,1,0,0,0,0,0,0,0,0,0,0,0,0,0,0,0,0,4,34,3753,0,0,0,0,2,13,0,0,0,0,4,2,4,Jolteon
11-27,16:17:47,NINTEN,Tauros,Bug Catcher,5,Route 3,4,9:46.45,9:46,0h9m46s,0,4,4,15,0:38,16.827,TACKLE,,,,0,1274,57,16,10,180,168,116,5,1511,Jolteon, ,Normal,Normal,4384,Tauros2,Tauros,,00:09:29.63,00:09:46.45,00:38:04.37,15,0,0,9,46,45,TACKLE,,,,17,0,0,0,0,0,0,0,50,53,41,39,31,31,44,1666,1605,2026,1076,1076,1644,15,15,15,15,0,0,0,0,0,0,0,46,39,31,31,44,139093,43327,91924,1798,2044,0,0,0,1274,1274,0,0,57,26,16,10,0,0,1347,1061,335,308,152,29,86,0,0,0,0,0,34,0,6,0,0,0,0,0,0,0,0,0,0,1,0,0,0,0,0,0,0,0,0,0,0,0,0,0,0,0,4,38,4228,0,0,0,0,2,13,0,0,0,0,4,2,4,Jolteon
11-27,16:17:58,NINTEN,Tauros,Bug Catcher,6,Route 3,2,9:57.02,9:57,0h9m57s,0,4,4,15,0:38,6.687,TACKLE,,,,0,1280,59,17,10,182,170,116,5,1601,Jolteon, ,Normal,Normal,4677,Tauros2,Tauros,,00:09:50.33,00:09:57.02,00:38:46.14,15,0,0,9,57,2,TACKLE,,,,15,0,0,0,0,0,0,0,50,53,41,39,31,31,44,1761,1655,2116,1121,1121,1719,15,15,15,15,0,0,0,0,0,0,0,46,39,31,31,44,141590,43717,94031,1798,2044,0,0,0,1280,1280,0,0,59,27,17,10,0,0,1421,1126,335,308,154,29,86,0,0,0,0,0,36,0,6,0,0,0,0,0,0,0,0,0,0,1,0,0,0,0,0,0,0,0,0,0,0,0,0,0,0,0,4,40,4521,0,0,0,0,2,13,0,0,0,0,4,2,4,Jolteon
11-27,16:18:25,NINTEN,Tauros,Super Nerd,1,Mt Moon - 1,2,10:24.44,10:24,0h10m24s,0,4,4,16,0:40,10.602,TACKLE,,,,0,1423,64,18,10,186,174,118,5,1711,Jolteon, ,Normal,Normal,5126,Tauros2,Tauros,,00:10:13.84,00:10:24.44,00:40:34.31,16,0,0,10,24,44,TACKLE,,,,31,0,0,0,0,0,0,0,54,56,43,42,33,33,46,1826,1720,2236,1271,1271,1864,15,15,15,15,0,-2,0,0,0,0,0,48,21,33,33,46,148087,47293,96952,1798,2044,0,0,0,1423,1423,0,0,64,28,18,10,0,0,1500,1185,337,310,158,29,88,0,0,0,0,0,36,0,6,0,0,0,0,0,0,0,0,0,0,1,0,0,0,0,0,0,0,0,0,0,0,0,0,0,0,0,4,42,4970,0,0,0,0,2,13,0,0,0,0,4,2,4,Jolteon
11-27,16:18:44,NINTEN,Tauros,Youngster,3,Mt Moon - 1,3,10:42.64,10:42,0h10m42s,0,4,4,16,0:41,9.362,TACKLE,,,,0,1504,67,19,10,189,177,119,6,1986,Jolteon, ,Normal,Normal,5483,Tauros2,Tauros,,00:10:33.28,00:10:42.64,00:41:46.27,16,0,0,10,42,64,TACKLE,,,,28,0,0,0,0,0,0,0,49,56,43,42,33,33,46,1926,1877,2341,1361,1361,2063,15,15,15,15,0,0,0,0,0,0,0,48,42,33,33,46,152403,48995,99566,1798,2044,0,0,0,1504,1504,0,0,67,29,19,10,0,0,1608,1268,342,315,161,29,89,0,0,0,0,0,37,0,6,0,0,0,0,0,0,0,0,0,0,1,0,0,0,0,0,0,0,0,0,0,0,0,0,0,0,0,4,45,5327,0,0,0,0,3,13,0,0,0,0,4,2,4,Jolteon
11-27,16:19:15,NINTEN,Tauros,Fossil Nerd,2,Mt Moon - 3,3,11:13.60,11:13,0h11m13s,0,4,4,17,0:43,17.493,TACKLE,,,,0,1642,71,20,10,197,185,124,6,2136,Jolteon,Poisoned,Normal,Normal,6270,Tauros2,Tauros,,00:10:56.11,00:11:13.60,00:43:48.56,17,0,0,11,13,60,TACKLE,,,,20,0,0,0,0,0,0,0,36,59,45,44,35,35,49,2086,2052,2536,1516,1516,2223,15,15,15,15,0,0,0,0,0,0,0,50,44,35,35,49,159752,51789,104121,1798,2044,0,0,0,1642,1642,0,0,71,30,20,10,0,0,1752,1377,358,331,168,31,93,0,0,0,0,0,38,0,6,0,0,0,0,0,0,0,0,0,0,2,0,0,0,0,0,0,0,0,0,0,0,0,0,0,0,0,4,48,6114,0,0,0,0,3,13,0,0,0,0,4,2,4,Jolteon
11-27,16:19:40,NINTEN,Tauros,Rocket,42,Mt Moon - 3,3,11:39.25,11:39,0h11m39s,0,4,4,17,0:45,14.584,TACKLE,,,,0,1658,74,21,10,204,192,128,7,2436,Jolteon, ,Normal,Normal,7005,Tauros2,Tauros,,00:11:24.67,00:11:39.25,00:45:30.01,17,0,0,11,39,25,TACKLE,,,,13,0,0,0,0,0,0,0,45,59,45,44,35,35,49,2201,2222,2710,1656,1656,2403,15,15,15,15,0,-1,0,0,0,0,0,56,29,35,35,49,165817,53236,107983,2554,2044,0,0,0,1658,1658,0,0,74,31,21,10,0,0,1893,1487,369,342,175,32,96,0,0,0,0,0,38,0,6,0,0,0,0,0,0,0,0,0,0,2,0,0,0,0,0,0,0,0,0,0,0,0,0,0,0,0,4,51,6849,0,0,0,0,3,13,0,0,0,0,4,2,4,Jolteon
11-27,16:20:15,NINTEN,Tauros,Swimmer,1,Cerulean City - Gym,2,12:13.58,12:13,0h12m13s,0,4,4,18,0:47,14.721,TACKLE,,,,0,1804,79,22,10,211,199,133,7,2856,Jolteon, ,Normal,Normal,7619,Tauros2,Tauros,,00:11:58.86,00:12:13.58,00:47:45.36,18,0,0,12,13,58,TACKLE,,,,28,0,0,0,0,0,0,0,44,62,48,46,37,37,52,2261,2327,2880,1771,1771,2503,15,15,15,15,0,0,0,0,-1,0,0,54,46,37,37,34,173952,57378,111976,2554,2044,0,0,0,1804,1804,0,0,79,32,22,10,0,0,1983,1563,387,360,182,32,100,0,0,0,0,0,39,0,6,0,0,0,0,0,0,0,0,0,0,2,0,0,0,0,0,0,0,0,0,0,0,0,0,0,0,0,4,53,7463,0,0,0,0,3,13,0,0,0,0,4,2,4,Jolteon
11-27,16:20:26,NINTEN,Tauros,Pecking Lass,1,Cerulean City - Gym,1,12:24.63,12:24,0h12m24s,0,4,4,18,0:48,7.028,TACKLE,,,,0,1812,96,23,10,214,202,135,7,2936,Jolteon, ,Normal,Normal,8070,Tauros2,Tauros,,00:12:17.60,00:12:24.63,00:48:29.11,18,0,0,12,24,63,TACKLE,,,,25,0,0,0,0,0,0,0,34,62,48,46,37,37,52,2306,2394,2940,1821,1821,2566,15,15,15,15,0,0,0,0,0,0,0,54,46,37,37,52,176567,57851,114118,2554,2044,0,0,0,1812,1812,0,0,96,33,23,10,0,0,2034,1612,397,370,185,32,102,0,0,0,0,0,39,0,6,0,0,0,0,0,0,0,0,0,0,2,0,0,0,0,0,0,0,0,0,0,0,0,0,0,0,0,4,54,7914,0,0,0,0,3,13,0,0,0,0,4,2,4,Jolteon
11-27,16:21:40,NINTEN,Tauros,Misty,1,Cerulean City - Gym,2,13:38.73,13:38,0h13m38s,2,4,6,19,0:50,14.565,TACKLE,BIDE,,,2,1813,98,24,10,222,206,141,6,3316,Jolteon, ,Normal,Normal,9409,Tauros2,Tauros,Misty,00:13:24.17,00:13:38.73,00:50:23.07,19,2,0,13,38,73,TACKLE,BIDE,,,23,8,0,0,0,0,0,0,10,65,50,49,39,39,54,2396,2514,3080,1991,1991,2766,15,15,15,15,0,0,0,0,0,0,0,56,49,39,39,54,183408,58381,118043,4783,2201,2,1,0,1813,1813,0,0,98,34,24,10,0,0,2156,1712,452,425,187,33,106,0,0,0,0,0,40,0,7,0,0,0,0,0,0,0,0,0,0,2,0,0,0,0,0,0,0,0,0,0,0,0,0,0,0,0,4,56,9253,0,0,0,0,3,13,0,0,0,1,4,2,6,Jolteon
11-27,16:23:12,NINTEN,Tauros,Rival1-Lab,1,Pallet Town - Oak's Lab,1,40.49,40,0h0m40s,0,0,0,5,0:02,7.058,TACKLE,,,,0,71,1,1,1,3,3,2,0,3000,Jolteon, ,Normal,Normal,253,Tauros2,Tauros,Rival (Lab),00:00:33.43,00:00:40.49,00:02:07.17,5,0,0,0,40,49,TACKLE,,,,32,0,0,0,0,0,0,0,18,24,16,16,13,13,17,55,55,50,65,65,55,15,15,15,15,0,-1,0,0,0,0,0,16,10,13,13,17,9575,4691,2918,0,1966,0,0,0,71,71,0,0,1,2,1,1,0,0,24,21,6,6,3,0,2,0,0,0,0,0,0,0,0,0,0,0,0,0,0,0,0,0,0,0,0,0,0,0,0,0,0,0,0,0,0,0,0,0,0,0,0,1,97,0,0,0,0,0,0,0,0,0,0,0,2,0,Jolteon
11-27,16:25:13,NINTEN,Tauros,Rival1a-Route 22,2,Route 22,2,2:41.45,2:41,0h2m41s,0,1,1,8,0:10,20.648,TACKLE,,,,0,531,30,3,2,30,30,25,4,37,Flareon, ,Normal,Normal,656,Tauros2,Tauros,Rival (Optional),00:02:20.81,00:02:41.45,00:10:05.29,8,0,0,2,41,45,TACKLE,,,,24,0,0,0,0,0,0,0,15,32,23,22,18,18,25,220,286,195,217,217,322,15,15,15,15,-2,-1,0,0,0,-1,0,11,14,18,18,25,38267,20702,15599,0,1966,0,0,0,531,531,0,0,30,5,3,2,0,0,165,142,50,49,23,14,18,0,0,0,0,0,2,0,1,0,0,0,0,0,0,0,0,0,0,0,0,0,0,0,0,0,0,0,0,0,0,0,0,0,0,0,1,5,500,0,0,0,0,0,13,0,0,0,0,1,2,1,Flareon
11-27,16:25:54,NINTEN,Tauros,Lass,19,Viridian Forest,2,3:22.43,3:22,0h3m22s,0,1,1,8,0:12,11.947,TACKLE,,,,0,702,43,4,3,36,36,29,4,317,Jolteon, ,Normal,Normal,807,Tauros2,Tauros,,00:03:10.47,00:03:22.43,00:12:47.22,8,0,0,3,22,43,TACKLE,,,,29,0,0,0,0,0,0,0,27,32,23,22,18,18,25,321,390,287,297,297,413,15,15,15,15,-1,-1,0,0,0,0,0,15,14,18,18,25,47980,26248,19766,0,1966,0,0,0,702,702,0,0,43,7,4,3,0,0,218,187,55,54,28,15,22,0,0,0,0,0,3,0,1,0,0,0,0,0,0,0,0,0,0,0,0,0,0,0,0,0,0,0,0,0,0,0,0,0,0,0,1,7,651,0,0,0,0,0,13,0,0,0,0,1,2,1,Jolteon
11-27,16:26:09,NINTEN,Tauros,Bug Catcher,1,Viridian Forest,2,3:38.14,3:38,0h3m38s,0,1,1,9,0:13,10.28,TACKLE,,,,0,740,44,5,3,40,40,31,4,407,Jolteon, ,Normal,Normal,965,Tauros2,Tauros,,00:03:27.86,00:03:38.14,00:13:49.26,9,0,0,3,38,14,TACKLE,,,,25,0,0,0,0,0,0,0,28,35,26,25,20,20,27,411,450,357,337,337,503,15,15,15,15,0,0,0,0,-1,0,0,26,25,20,20,17,51704,27156,22582,0,1966,0,0,0,740,740,0,0,44,8,5,3,0,0,276,235,57,56,32,15,24,0,0,0,0,0,5,0,1,0,0,0,0,0,0,0,0,0,0,0,0,0,0,0,0,0,0,0,0,0,0,0,0,0,0,0,1,9,809,0,0,0,0,0,13,0,0,0,0,1,2,1,Jolteon
11-27,16:26:28,NINTEN,Tauros,Bug Catcher,2,Viridian Forest,3,3:56.73,3:56,0h3m56s,0,1,1,9,0:15,14.298,TACKLE,,,,0,754,44,6,3,47,47,35,4,477,Jolteon, ,Normal,Normal,1214,Tauros2,Tauros,,00:03:42.43,00:03:56.73,00:15:02.52,9,0,0,3,56,73,TACKLE,,,,18,0,0,0,0,0,0,0,28,35,26,25,20,20,27,556,520,502,407,407,608,15,15,15,15,0,0,0,0,0,0,0,26,25,20,20,27,56110,27747,26397,0,1966,0,0,0,754,754,0,0,44,9,6,3,0,0,359,301,57,56,38,16,24,0,0,0,0,0,7,0,1,0,0,0,0,0,0,0,0,0,0,0,0,0,0,0,0,0,0,0,0,0,0,0,0,0,0,0,1,12,1058,0,0,0,0,0,13,0,0,0,0,1,2,1,Jolteon
11-27,16:26:54,NINTEN,Tauros,Bug Catcher,15,Viridian Forest,2,4:22.85,4:22,0h4m22s,0,1,1,10,0:16,9.421,TACKLE,,,,0,791,48,7,5,54,54,38,4,537,Jolteon, ,Normal,Normal,1510,Tauros2,Tauros,,00:04:13.42,00:04:22.85,00:16:45.50,10,0,0,4,22,85,TACKLE,,,,11,0,0,0,0,0,0,0,31,38,28,27,22,22,30,746,620,682,497,497,758,15,15,15,15,0,0,0,0,-1,0,0,28,27,22,22,19,62288,28855,31467,0,1966,0,0,0,791,791,0,0,48,12,7,5,0,0,486,392,57,56,45,17,25,0,0,0,0,0,10,0,1,0,0,0,0,0,0,0,0,0,0,0,0,0,0,0,0,0,0,0,0,0,0,0,0,0,0,0,1,16,1354,0,0,0,0,1,13,0,0,0,0,1,2,1,Jolteon
11-27,16:27:20,NINTEN,Tauros,Bug Catcher,3,Viridian Forest,1,4:49.35,4:49,0h4m49s,0,1,1,11,0:18,7.74,TACKLE,,,,0,843,71,8,8,60,60,40,4,617,Jolteon, ,Normal,Normal,1735,Tauros2,Tauros,,00:04:41.61,00:04:49.35,00:18:30.13,11,0,0,4,49,35,TACKLE,,,,5,0,0,0,0,0,0,0,32,41,31,29,24,24,33,931,730,842,582,582,923,15,15,15,15,0,0,0,0,-1,0,0,31,29,24,24,21,68551,30030,36555,0,1966,0,0,0,843,843,0,0,71,16,8,8,0,0,611,478,59,58,51,17,27,0,0,0,0,0,12,0,1,0,0,0,0,0,0,0,0,0,0,0,0,0,0,0,0,0,0,0,0,0,0,0,0,0,0,0,1,20,1579,0,0,0,0,1,13,0,0,0,0,1,2,1,Jolteon
11-27,16:28:18,NINTEN,Tauros,Jr Trainer M,1,Pewter City - Gym,2,5:46.44,5:46,0h5m46s,0,1,1,12,0:22,10.27,TACKLE,,,,0,997,79,9,14,72,72,44,4,717,Jolteon, ,Normal,Normal,2290,Tauros2,Tauros,,00:05:36.17,00:05:46.44,00:22:14.47,12,0,0,5,46,44,TACKLE,,,,31,0,0,0,0,0,0,0,38,44,33,32,26,26,36,1266,1077,1209,832,832,1331,15,15,15,15,0,0,0,0,0,0,0,33,32,26,26,36,82025,34143,45916,0,1966,0,0,0,997,997,0,0,79,23,9,14,0,0,849,643,88,87,62,19,30,0,0,0,0,0,14,0,1,0,0,0,0,0,0,0,0,0,0,0,0,0,0,0,0,0,0,0,0,0,0,0,0,0,0,0,1,28,2134,0,0,0,0,1,13,0,0,0,0,1,2,1,Jolteon
11-27,16:31:05,NINTEN,Tauros,Rival1-Lab,1,Pallet Town - Oak's Lab,1,40.73,40,0h0m40s,0,0,0,5,0:02,6.772,TACKLE,,,,0,71,4,1,1,3,3,2,0,3000,Jolteon, ,Normal,Normal,253,Tauros2,Tauros,Rival (Lab),00:00:33.96,00:00:40.73,00:02:07.34,5,0,0,0,40,73,TACKLE,,,,32,0,0,0,0,0,0,0,24,24,16,16,13,13,17,55,55,50,65,65,55,15,15,15,15,0,-1,0,0,0,0,0,16,10,13,13,17,9633,4777,2849,0,2007,0,0,0,71,71,0,0,4,2,1,1,0,0,25,21,0,0,3,1,1,0,0,0,0,0,0,0,0,0,0,0,0,0,0,0,0,0,0,0,0,0,0,0,0,0,0,0,0,0,0,0,0,0,0,0,0,1,0,0,0,0,0,0,0,0,0,0,0,0,2,0,Jolteon
11-27,16:32:34,NINTEN,Tauros,Rival1a-Route 22,2,Route 22,2,2:10.08,2:10,0h2m10s,0,0,0,7,0:08,20.365,TACKLE,,,,0,471,20,2,2,17,17,13,4,75,Flareon, ,Normal,Normal,552,Tauros2,Tauros,Rival (Optional),00:01:49.71,00:02:10.08,00:08:00.36,7,0,0,2,10,8,TACKLE,,,,21,0,0,0,0,0,0,0,6,29,21,20,17,17,22,190,250,165,196,196,250,15,15,15,15,-1,-1,0,0,0,-3,0,13,13,17,17,22,30815,19035,9773,0,2007,0,0,0,471,471,0,0,20,4,2,2,0,0,111,92,23,23,14,5,11,0,0,0,0,0,3,0,0,0,0,0,0,0,0,0,0,0,0,0,0,0,0,0,0,0,0,0,0,0,0,0,0,0,0,0,0,4,396,0,0,0,0,0,13,0,0,0,0,0,2,0,Flareon
11-27,16:33:17,NINTEN,Tauros,Lass,19,Viridian Forest,2,2:53.07,2:53,0h2m53s,0,0,0,8,0:10,14.508,TACKLE,,,,0,640,29,3,3,24,24,18,4,355,Jolteon, ,Normal,Normal,703,Tauros2,Tauros,,00:02:38.57,00:02:53.07,00:10:50.31,8,0,0,2,53,7,TACKLE,,,,28,0,0,0,0,0,0,0,27,32,23,22,18,18,25,291,354,257,276,276,341,15,15,15,15,-1,-1,0,0,0,0,0,15,14,18,18,25,41010,24461,14542,0,2007,0,0,0,640,640,0,0,29,6,3,3,0,0,175,137,28,28,21,6,15,0,0,0,0,0,5,0,1,0,0,0,0,0,0,0,0,0,0,0,0,0,0,0,0,0,0,0,0,0,0,0,0,0,0,0,0,6,547,0,0,0,0,0,13,0,0,0,0,0,2,0,Jolteon
11-27,16:33:37,NINTEN,Tauros,Bug Catcher,1,Viridian Forest,2,3:13.17,3:13,0h3m13s,0,0,0,8,0:12,10.744,TACKLE,,,,0,673,29,4,4,30,30,21,4,445,Jolteon, ,Normal,Normal,891,Tauros2,Tauros,,00:03:02.43,00:03:13.17,00:12:09.47,8,0,0,3,13,17,TACKLE,,,,22,0,0,0,0,0,0,0,27,32,23,22,18,18,25,426,444,362,336,336,476,15,15,15,15,0,0,0,0,-2,0,0,23,22,18,18,12,45766,25343,18416,0,2007,0,0,0,673,673,0,0,29,8,4,4,0,0,259,203,28,28,27,7,17,0,0,0,0,0,6,0,1,0,0,0,0,0,0,0,0,0,0,0,0,0,0,0,0,0,0,0,0,0,0,0,0,0,0,0,0,9,735,0,0,0,0,0,13,0,0,0,0,0,2,0,Jolteon
11-27,16:33:57,NINTEN,Tauros,Bug Catcher,2,Viridian Forest,3,3:32.45,3:32,0h3m32s,0,0,0,9,0:13,15.223,TACKLE,,,,0,688,30,5,4,37,37,25,4,515,Jolteon, ,Normal,Normal,1140,Tauros2,Tauros,,00:03:17.23,00:03:32.45,00:13:25.54,9,0,0,3,32,45,TACKLE,,,,15,0,0,0,0,0,0,0,28,35,26,25,20,20,27,571,514,507,406,406,581,15,15,15,15,0,0,0,0,-1,0,0,26,25,20,20,17,50333,25874,22452,0,2007,0,0,0,688,688,0,0,30,9,5,4,0,0,343,269,30,30,33,8,19,0,0,0,0,0,8,0,1,0,0,0,0,0,0,0,0,0,0,0,0,0,0,0,0,0,0,0,0,0,0,0,0,0,0,0,0,12,984,0,0,0,0,0,13,0,0,0,0,0,2,0,Jolteon
11-27,16:34:14,NINTEN,Tauros,Bug Catcher,15,Viridian Forest,2,3:49.60,3:49,0h3m49s,0,0,0,10,0:14,11.416,TACKLE,,,,0,718,34,6,4,42,42,28,4,575,Jolteon, ,Normal,Normal,1353,Tauros2,Tauros,,00:03:38.19,00:03:49.60,00:14:33.45,10,0,0,3,49,60,TACKLE,,,,10,0,0,0,0,0,0,0,29,38,28,27,22,22,30,666,564,597,451,451,656,15,15,15,15,0,0,0,0,0,0,0,28,27,22,22,30,54404,26807,25590,0,2007,0,0,0,718,718,0,0,34,10,6,4,0,0,413,322,32,32,38,9,20,0,0,0,0,0,10,0,1,0,0,0,0,0,0,0,0,0,0,0,0,0,0,0,0,0,0,0,0,0,0,0,0,0,0,0,0,14,1197,0,0,0,0,1,13,0,0,0,0,0,2,0,Jolteon
11-27,16:34:39,NINTEN,Tauros,Bug Catcher,3,Viridian Forest,1,4:14.54,4:14,0h4m14s,0,0,0,10,0:16,7.174,TACKLE,,,,0,773,37,7,6,47,47,31,3,655,Jolteon, ,Normal,Normal,1496,Tauros2,Tauros,,00:04:07.36,00:04:14.54,00:16:12.02,10,0,0,4,14,54,TACKLE,,,,5,0,0,0,0,0,0,0,22,38,28,27,22,22,30,751,639,672,506,506,757,15,15,15,15,0,0,0,0,-1,0,0,28,27,22,22,19,60301,27858,30436,0,2007,0,0,0,773,773,0,0,37,13,7,6,0,0,495,384,39,39,43,9,23,0,0,0,0,0,10,0,2,0,0,0,0,0,0,0,0,0,0,0,0,0,0,0,0,0,0,0,0,0,0,0,0,0,0,0,0,16,1340,0,0,0,0,1,13,0,1,1,0,0,2,0,Jolteon
11-27,16:37:39,NINTEN,Tauros,Jr Trainer M,1,Pewter City - Gym,2,7:15.11,7:15,0h7m15s,0,0,0,13,0:28,10.27,TACKLE,,,,0,1298,50,8,33,86,86,41,3,755,Jolteon, ,Normal,Normal,2808,Tauros2,Tauros,,00:07:04.84,00:07:15.11,00:28:02.03,13,0,0,7,15,11,TACKLE,,,,31,0,0,0,0,0,0,0,41,47,36,35,28,28,38,2031,1594,1872,1226,1226,2072,15,15,15,15,0,0,0,0,0,0,0,36,35,28,28,38,102902,39564,61331,0,2007,0,0,0,1298,1298,0,0,50,41,8,33,0,0,1317,943,57,57,79,13,31,0,0,0,0,0,15,0,2,0,0,0,0,0,0,0,0,0,0,0,0,0,0,0,0,0,0,0,0,0,0,0,0,0,0,0,0,45,2652,0,0,0,0,1,13,0,1,1,0,0,2,0,Jolteon
11-27,16:40:43,NINTEN,Tauros,Rival1-Lab,1,Pallet Town - Oak's Lab,1,41.71,41,0h0m41s,0,0,0,5,0:02,8.07,TACKLE,,,,0,71,2,1,1,4,4,3,0,3000,Jolteon, ,Normal,Normal,253,Tauros2,Tauros,Rival (Lab),00:00:33.64,00:00:41.71,00:02:11.48,5,0,0,0,41,71,TACKLE,,,,31,0,0,0,0,0,0,0,15,24,16,16,13,13,17,55,55,50,65,65,55,15,15,15,15,0,0,0,0,0,0,0,16,16,13,13,17,9869,4722,3158,0,1989,0,0,0,71,71,0,0,2,2,1,1,0,0,24,21,9,9,3,1,3,0,0,0,0,0,0,0,0,0,0,0,0,0,0,0,0,0,0,0,0,0,0,0,0,0,0,0,0,0,0,0,0,0,0,0,0,1,97,0,0,0,0,0,0,0,0,0,0,0,2,0,Jolteon
11-27,16:42:37,NINTEN,Tauros,Rival1a-Route 22,2,Route 22,2,2:35.92,2:35,0h2m35s,0,1,1,8,0:09,18.11,TACKLE,,,,0,522,21,3,2,24,24,19,4,37,Flareon, ,Normal,Normal,663,Tauros2,Tauros,Rival (Optional),00:02:17.81,00:02:35.92,00:09:43.14,8,0,0,2,35,92,TACKLE,,,,25,0,0,0,0,0,0,0,12,32,23,22,18,18,25,230,310,195,227,227,320,15,15,15,15,0,0,0,0,0,-2,0,23,22,18,18,25,36955,20973,13993,0,1989,0,0,0,522,522,0,0,21,5,3,2,0,0,162,145,61,55,19,8,16,0,0,0,0,0,4,0,2,0,0,0,0,0,0,0,0,0,0,0,0,0,0,0,0,0,0,0,0,0,0,0,0,0,0,0,1,5,507,0,0,0,0,0,13,0,0,0,0,1,2,1,Flareon
11-27,16:43:16,NINTEN,Tauros,Lass,19,Viridian Forest,2,3:14.09,3:14,0h3m14s,0,1,1,8,0:12,9.794,TACKLE,,,,0,689,30,4,3,29,29,22,4,317,Jolteon, ,Normal,Normal,814,Tauros2,Tauros,,00:03:04.30,00:03:14.09,00:12:13.54,8,0,0,3,14,9,TACKLE,,,,30,0,0,0,0,0,0,0,32,32,23,22,18,18,25,331,414,287,307,307,411,15,15,15,15,0,0,0,0,0,0,0,23,22,18,18,25,45995,26369,17637,0,1989,0,0,0,689,689,0,0,30,7,4,3,0,0,221,190,61,55,24,11,16,0,0,0,0,0,4,0,2,0,0,0,0,0,0,0,0,0,0,0,0,0,0,0,0,0,0,0,0,0,0,0,0,0,0,0,1,7,658,0,0,0,0,0,13,0,0,0,0,1,2,1,Jolteon
11-27,16:43:47,NINTEN,Tauros,Bug Catcher,1,Viridian Forest,2,3:45.44,3:45,0h3m45s,0,1,1,9,0:14,9.566,TACKLE,,,,0,724,30,5,6,39,39,27,4,407,Jolteon, ,Normal,Normal,1118,Tauros2,Tauros,,00:03:35.87,00:03:45.44,00:14:17.29,9,0,0,3,45,44,TACKLE,,,,20,0,0,0,0,0,0,0,23,35,26,25,20,20,27,546,594,472,437,437,658,15,15,15,15,0,0,0,0,-1,0,0,26,25,20,20,17,53410,27269,24152,0,1989,0,0,0,724,724,0,0,30,11,5,6,0,0,364,304,73,67,32,13,21,0,0,0,0,0,9,0,2,0,0,0,0,0,0,0,0,0,0,0,0,0,0,0,0,0,0,0,0,0,0,0,0,0,0,0,1,12,962,0,0,0,0,0,13,0,0,0,0,1,2,1,Jolteon
11-27,16:44:07,NINTEN,Tauros,Bug Catcher,2,Viridian Forest,3,4:05.70,4:05,0h4m5s,0,1,1,10,0:15,16.298,TACKLE,,,,0,739,30,6,6,47,47,32,4,477,Jolteon, ,Normal,Normal,1367,Tauros2,Tauros,,00:03:49.40,00:04:05.70,00:15:37.32,10,0,0,4,5,70,TACKLE,,,,12,0,0,0,0,0,0,0,24,38,28,27,22,22,30,691,664,617,507,507,763,15,15,15,15,0,0,0,0,0,0,0,28,27,22,22,30,58213,27776,28448,0,1989,0,0,0,739,739,0,0,30,12,6,6,0,0,443,370,75,69,39,14,22,0,0,0,0,0,9,0,2,0,0,0,0,0,0,0,0,0,0,0,0,0,0,0,0,0,0,0,0,0,0,0,0,0,0,0,1,15,1211,0,0,0,0,0,13,0,0,0,0,1,2,1,Jolteon
11-27,16:44:26,NINTEN,Tauros,Bug Catcher,15,Viridian Forest,2,4:24.76,4:24,0h4m24s,0,1,1,10,0:16,9.626,TACKLE,,,,0,774,32,7,7,52,52,34,4,537,Jolteon, ,Normal,Normal,1627,Tauros2,Tauros,,00:04:15.14,00:04:24.76,00:16:52.40,10,0,0,4,24,76,TACKLE,,,,7,0,0,0,0,0,0,0,22,38,28,27,22,22,30,826,759,747,587,587,894,15,15,15,15,0,0,0,0,-1,0,0,28,27,22,22,19,62721,28671,32061,0,1989,0,0,0,774,774,0,0,32,14,7,7,0,0,528,444,77,71,44,14,24,0,0,0,0,0,10,0,2,0,0,0,0,0,0,0,0,0,0,0,0,0,0,0,0,0,0,0,0,0,0,0,0,0,0,0,1,18,1471,0,0,0,0,1,13,0,0,0,0,1,2,1,Jolteon
11-27,16:44:49,NINTEN,Tauros,Bug Catcher,3,Viridian Forest,1,4:47.16,4:47,0h4m47s,0,1,1,11,0:18,5.548,TACKLE,,,,0,844,57,8,9,56,56,35,4,617,Jolteon, ,Normal,Normal,1783,Tauros2,Tauros,,00:04:41.62,00:04:47.16,00:18:20.57,11,0,0,4,47,16,TACKLE,,,,3,0,0,0,0,0,0,0,23,41,31,29,24,24,33,961,849,852,647,647,1029,15,15,15,15,0,0,0,0,0,0,0,31,29,24,24,33,68018,30225,35804,0,1989,0,0,0,844,844,0,0,57,17,8,9,0,0,610,506,79,73,48,14,25,0,0,0,0,0,10,0,2,0,0,0,0,0,0,0,0,0,0,0,0,0,0,0,0,0,0,0,0,0,0,0,0,0,0,0,1,21,1627,0,0,0,0,2,13,0,0,0,0,1,2,1,Jolteon
11-27,16:47:06,NINTEN,Tauros,Jr Trainer M,1,Pewter City - Gym,2,7:04.73,7:04,0h7m4s,0,1,1,13,0:27,11.754,TACKLE,,,,0,1255,68,9,27,87,87,46,4,717,Jolteon, ,Normal,Normal,2776,Tauros2,Tauros,,00:06:52.98,00:07:04.73,00:27:21.57,13,0,0,7,4,73,TACKLE,,,,30,0,0,0,0,0,0,0,37,47,36,34,28,28,38,1816,1579,1682,1187,1187,1995,15,15,15,15,0,0,0,0,0,0,0,36,34,28,28,38,100478,39941,58548,0,1989,0,0,0,1255,1255,0,0,68,36,9,27,0,0,1235,901,105,99,75,19,34,0,0,0,0,0,14,0,4,0,0,0,0,0,0,0,0,0,0,0,0,0,0,0,0,0,0,0,0,0,0,0,0,0,0,0,1,41,2620,0,0,0,0,2,13,0,0,0,0,1,2,1,Jolteon
11-27,16:47:44,NINTEN,Tauros,Brock,1,Pewter City - Gym,2,7:42.11,7:42,0h7m42s,0,1,1,13,0:29,28.242,TACKLE,,,,1,1259,68,10,27,104,103,55,4,897,Jolteon, ,Normal,Normal,3236,Tauros2,Tauros,Brock,00:07:13.87,00:07:42.11,00:29:49.59,13,0,0,7,42,11,TACKLE,,,,14,0,0,0,0,0,0,0,1,47,36,34,28,28,38,1891,1704,1942,1247,1247,2085,15,15,15,15,0,0,0,0,0,0,0,36,34,28,28,38,109360,40465,65832,1074,1989,1,0,0,1259,1259,0,0,68,37,10,27,0,0,1300,962,151,145,91,22,38,0,0,0,0,0,20,0,4,0,0,0,0,0,0,0,0,0,0,0,0,0,0,0,0,0,0,0,0,0,0,0,0,0,0,0,1,43,3080,0,0,0,0,2,13,0,0,0,0,1,2,1,Jolteon
11-27,16:48:15,NINTEN,Tauros,Bug Catcher,4,Route 3,3,8:13.20,8:13,0h8m13s,0,1,1,14,0:31,11.102,TACKLE,,,,1,1372,73,11,27,108,107,56,5,2085,Jolteon, ,Normal,Normal,3571,Tauros2,Tauros,,00:08:02.09,00:08:13.20,00:31:52.49,14,0,0,8,13,20,TACKLE,,,,31,0,0,0,0,0,0,0,50,50,38,37,30,30,41,2021,1799,2042,1307,1307,2225,15,15,15,15,0,0,0,0,-1,0,0,42,37,30,30,27,116730,44201,69466,1074,1989,1,0,0,1372,1372,0,0,73,38,11,27,0,0,1424,1051,151,145,95,22,39,0,0,0,0,0,22,0,4,0,0,0,0,0,0,0,0,0,0,0,0,0,0,0,0,0,0,0,0,0,0,0,0,0,0,0,1,46,3415,0,0,0,0,2,13,0,0,0,0,1,2,1,Jolteon
11-27,16:48:28,NINTEN,Tauros,Youngster Ben,1,Route 3,2,8:26.50,8:26,0h8m26s,0,1,1,14,0:32,9.793,TACKLE,,,,1,1376,73,12,27,112,111,59,5,2185,Jolteon, ,Normal,Normal,3849,Tauros2,Tauros,,00:08:16.71,00:08:26.50,00:32:45.20,14,0,0,8,26,50,TACKLE,,,,27,0,0,0,0,0,0,0,40,50,38,37,30,30,41,2086,1915,2121,1372,1372,2352,15,15,15,15,0,0,0,0,0,0,0,42,37,30,30,41,119881,44537,72281,1074,1989,1,0,0,1376,1376,0,0,73,39,12,27,0,0,1508,1110,161,155,99,23,41,0,0,0,0,0,22,0,4,0,0,0,0,0,0,0,0,0,0,0,0,0,0,0,0,0,0,0,0,0,0,0,0,0,0,0,1,48,3693,0,0,0,0,2,13,0,0,0,0,1,2,1,Jolteon
11-27,16:48:46,NINTEN,Tauros,Bug Catcher,5,Route 3,4,8:44.27,8:44,0h8m44s,0,1,1,15,0:33,14.971,TACKLE,,,,1,1380,73,13,27,118,117,61,5,2350,Jolteon, ,Normal,Normal,4324,Tauros2,Tauros,,00:08:29.29,00:08:44.27,00:33:55.18,15,0,0,8,44,27,TACKLE,,,,21,0,0,0,0,0,0,0,43,53,41,39,31,31,44,2266,2025,2291,1462,1462,2512,15,15,15,15,0,0,0,0,0,0,0,46,39,31,31,44,124079,44705,76311,1074,1989,1,0,0,1380,1380,0,0,73,40,13,27,0,0,1667,1222,161,155,105,23,41,0,0,0,0,0,24,0,4,0,0,0,0,0,0,0,0,0,0,0,0,0,0,0,0,0,0,0,0,0,0,0,0,0,0,0,1,52,4168,0,0,0,0,2,13,0,0,0,0,1,2,1,Jolteon
11-27,16:49:00,NINTEN,Tauros,Bug Catcher,6,Route 3,2,8:58.07,8:58,0h8m58s,0,1,1,15,0:34,9.08,TACKLE,,,,1,1388,74,14,27,122,121,63,5,2440,Jolteon, ,Normal,Normal,4617,Tauros2,Tauros,,00:08:48.99,00:08:58.07,00:34:49.48,15,0,0,8,58,7,TACKLE,,,,17,0,0,0,0,0,0,0,43,53,41,39,31,31,44,2361,2075,2381,1507,1507,2587,15,15,15,15,0,0,0,0,0,0,0,46,39,31,31,44,127349,45296,78990,1074,1989,1,0,0,1388,1388,0,0,74,41,14,27,0,0,1748,1287,161,155,108,24,41,0,0,0,0,0,26,0,4,0,0,0,0,0,0,0,0,0,0,0,0,0,0,0,0,0,0,0,0,0,0,0,0,0,0,0,1,54,4461,0,0,0,0,2,13,0,0,0,0,1,2,1,Jolteon
11-27,16:49:26,NINTEN,Tauros,Super Nerd,1,Mt Moon - 1,2,9:24.87,9:24,0h9m24s,0,1,1,15,0:36,9.964,TACKLE,,,,1,1531,82,15,27,126,125,65,5,2550,Jolteon, ,Normal,Normal,5066,Tauros2,Tauros,,00:09:14.91,00:09:24.87,00:36:35.37,15,0,0,9,24,87,TACKLE,,,,31,0,0,0,0,0,0,0,51,53,41,39,31,31,44,2426,2140,2501,1657,1657,2732,15,15,15,15,0,-2,0,0,0,0,0,51,19,31,31,44,133698,48874,81761,1074,1989,1,0,0,1531,1531,0,0,82,42,15,27,0,0,1841,1346,163,157,112,24,43,0,0,0,0,0,27,0,4,0,0,0,0,0,0,0,0,0,0,0,0,0,0,0,0,0,0,0,0,0,0,0,0,0,0,0,1,56,4910,0,0,0,0,2,13,0,0,0,0,1,2,1,Jolteon
11-27,16:50:01,NINTEN,Tauros,Fossil Nerd,2,Mt Moon - 3,3,9:59.19,9:59,0h9m59s,0,1,1,16,0:38,14.306,TACKLE,,,,1,1752,83,16,27,131,130,67,6,2825,Jolteon, ,Normal,Normal,5853,Tauros2,Tauros,,00:09:44.89,00:09:59.19,00:38:51.25,16,0,0,9,59,19,TACKLE,,,,29,0,0,0,0,0,0,0,10,56,43,42,33,33,47,2586,2315,2696,1812,1812,2892,15,15,15,15,0,0,0,0,0,0,0,48,42,33,33,47,141846,53223,85560,1074,1989,1,0,0,1752,1752,0,0,83,43,16,27,0,0,1999,1455,207,201,117,24,45,0,0,0,0,0,30,0,4,0,0,0,0,0,0,0,0,0,0,0,0,0,0,0,0,0,0,0,0,0,0,0,0,0,0,0,1,59,5697,0,0,0,0,3,13,0,0,0,0,1,2,1,Jolteon
11-27,16:50:33,NINTEN,Tauros,Rocket,42,Mt Moon - 3,3,10:31.27,10:31,0h10m31s,0,1,1,17,0:40,19.124,TACKLE,,,,1,1770,86,17,27,142,137,71,7,3125,Jolteon,Poisoned,Normal,Normal,6588,Tauros2,Tauros,,00:10:12.15,00:10:31.27,00:40:57.55,17,0,0,10,31,27,TACKLE,,,,22,0,0,0,0,0,0,0,40,59,46,44,35,35,49,2701,2485,2870,1952,1952,3072,15,15,15,15,0,0,0,0,0,0,0,51,44,35,35,49,149436,54755,90507,2185,1989,1,0,0,1770,1770,0,0,86,44,17,27,0,0,2128,1565,226,220,123,26,48,0,0,0,0,0,32,0,4,0,0,0,0,0,0,0,0,0,0,1,0,0,0,0,0,0,0,0,0,0,0,0,0,0,0,0,1,62,6432,0,0,0,0,3,13,0,0,0,0,1,2,1,Jolteon
11-27,16:51:04,NINTEN,Tauros,Swimmer,1,Cerulean City - Gym,2,11:02.28,11:02,0h11m2s,0,1,1,17,0:43,14.12,TACKLE,,,,1,1896,89,18,27,149,144,76,7,3545,Jolteon, ,Normal,Normal,7202,Tauros2,Tauros,,00:10:48.16,00:11:02.28,00:43:00.17,17,0,0,11,2,28,TACKLE,,,,15,0,0,0,0,0,0,0,14,59,46,44,35,35,49,2761,2590,3040,2067,2067,3172,15,15,15,15,0,0,0,0,0,0,0,51,44,35,35,49,156778,57658,94348,2783,1989,1,0,0,1896,1896,0,0,89,45,18,27,0,0,2214,1641,252,246,130,26,53,0,0,0,0,0,32,0,5,0,0,0,0,0,0,0,0,0,0,1,0,0,0,0,0,0,0,0,0,0,0,0,0,0,0,0,1,64,7046,0,0,0,0,3,13,0,0,0,0,1,2,1,Jolteon
11-27,16:51:22,NINTEN,Tauros,Pecking Lass,1,Cerulean City - Gym,1,11:20.00,11:20,0h11m20s,0,1,1,18,0:44,10.805,TACKLE,,,,1,1904,89,19,27,154,149,80,7,3625,Jolteon, ,Normal,Normal,7653,Tauros2,Tauros,,00:11:09.20,00:11:20.00,00:44:10.03,18,0,0,11,20,0,TACKLE,,,,10,0,0,0,0,0,0,0,47,62,48,47,37,37,52,2806,2657,3100,2117,2117,3235,15,15,15,15,0,0,0,0,0,0,0,54,47,37,37,52,160964,58111,97400,3464,1989,1,0,0,1904,1904,0,0,89,46,19,27,0,0,2271,1690,262,256,134,28,56,0,0,0,0,0,32,0,5,0,0,1,0,0,0,0,0,0,0,1,0,0,0,0,2,0,0,0,0,0,0,0,0,0,0,0,1,65,7497,0,0,0,0,3,13,0,0,0,0,1,2,1,Jolteon
11-27,16:51:47,NINTEN,Tauros,Misty,1,Cerulean City - Gym,2,11:45.43,11:45,0h11m45s,0,1,1,19,0:45,14.287,TACKLE,BIDE,,,2,1905,93,20,27,160,153,84,6,4005,Jolteon, ,Normal,Normal,8992,Tauros2,Tauros,Misty,00:11:31.14,00:11:45.43,00:45:50.30,19,0,0,11,45,43,TACKLE,BIDE,,,7,9,0,0,0,0,0,0,23,65,51,49,39,39,55,2896,2777,3240,2287,2287,3435,15,15,15,15,0,0,0,0,0,0,0,57,49,39,39,55,166991,58601,101258,5143,1989,2,0,0,1905,1905,0,0,93,47,20,27,0,0,2390,1790,304,298,137,28,59,0,0,0,0,0,34,0,6,0,0,1,0,0,0,0,0,0,0,1,0,0,0,0,2,0,0,0,0,0,0,0,0,0,0,0,1,67,8836,0,0,0,0,3,13,0,0,0,1,1,2,1,Jolteon
11-27,16:52:24,NINTEN,Tauros,Rival2-Nugget Bridge,3,Cerulean City,4,12:22.65,12:22,0h12m22s,0,1,1,21,0:48,11.554,STOMP,BIDE,TACKLE,,2,2007,98,21,27,164,157,85,6,6084,Jolteon, ,Normal,Normal,12614,Tauros2,Tauros,Rival (Nugget Bridge),00:12:11.09,00:12:22.65,00:48:16.54,21,0,0,12,22,65,STOMP,BIDE,TACKLE,,16,10,35,0,0,0,0,0,66,71,56,54,43,43,60,3071,3023,3440,2438,2438,3672,15,15,15,15,0,0,0,0,0,0,0,63,54,43,43,60,175775,62947,104602,6237,1989,2,0,0,2007,2007,0,0,98,48,21,27,0,0,2664,1961,309,303,141,28,60,0,0,0,0,0,36,0,6,0,0,1,0,0,0,0,0,0,0,1,0,0,0,0,2,0,0,0,0,0,0,0,0,0,0,0,1,71,9874,0,0,0,0,4,13,0,0,0,2,1,2,1,Jolteon
11-27,16:52:38,NINTEN,Tauros,Bug Catcher,9,Route 24,2,12:36.13,12:36,0h12m36s,0,1,1,21,0:49,5.907,STOMP,BIDE,TACKLE,,2,2018,98,22,27,166,159,85,6,6679,Jolteon, ,Normal,Normal,12929,Tauros2,Tauros,,00:12:30.23,00:12:36.13,00:49:10.06,21,0,0,12,36,13,STOMP,BIDE,TACKLE,,14,10,35,0,0,0,0,0,66,71,56,54,43,43,60,3156,3088,3505,2478,2478,3767,15,15,15,15,0,0,0,0,0,0,0,63,54,43,43,60,178967,64237,106504,6237,1989,2,0,0,2018,2018,0,0,98,49,22,27,0,0,2810,2036,309,303,143,28,60,0,0,0,0,0,36,0,6,0,0,1,0,0,0,0,0,0,0,1,0,0,0,0,2,0,0,0,0,0,0,0,0,0,0,0,1,73,10189,0,0,0,0,4,13,0,0,0,2,1,2,1,Jolteon
11-27,16:52:46,NINTEN,Tauros,Lass,8,Route 24,2,12:44.47,12:44,0h12m44s,0,1,1,21,0:49,5.702,STOMP,BIDE,TACKLE,,2,2020,98,23,27,168,161,85,6,6819,Jolteon, ,Normal,Normal,13271,Tauros2,Tauros,,00:12:38.76,00:12:44.47,00:49:42.50,21,0,0,12,44,47,STOMP,BIDE,TACKLE,,12,10,35,0,0,0,0,0,66,71,56,54,43,43,60,3251,3180,3597,2553,2553,3864,15,15,15,15,0,0,0,0,0,0,0,63,54,43,43,60,180931,64359,108346,6237,1989,2,0,0,2020,2020,0,0,98,50,23,27,0,0,2933,2114,309,303,145,28,60,0,0,0,0,0,36,0,6,0,0,1,0,0,0,0,0,0,0,1,0,0,0,0,2,0,0,0,0,0,0,0,0,0,0,0,1,75,10531,0,0,0,0,4,13,0,0,0,2,1,2,1,Jolteon
11-27,16:52:58,NINTEN,Tauros,Youngster,4,Route 24,3,12:56.73,12:56,0h12m56s,0,1,1,22,0:50,9.528,STOMP,BIDE,TACKLE,,2,2024,99,24,27,171,164,86,6,7029,Jolteon, ,Normal,Normal,13790,Tauros2,Tauros,,00:12:47.20,00:12:56.73,00:50:31.07,22,0,0,12,56,73,STOMP,BIDE,TACKLE,,9,10,35,0,0,0,0,0,64,74,58,56,45,45,63,3356,3341,3711,2658,2658,4046,15,15,15,15,0,0,0,0,0,0,0,65,56,45,45,63,183828,64527,111075,6237,1989,2,0,0,2024,2024,0,0,99,51,24,27,0,0,3176,2221,314,308,148,28,61,0,0,0,0,0,37,0,6,0,0,1,0,0,0,0,0,0,0,1,0,0,0,0,2,0,0,0,0,0,0,0,0,0,0,0,1,78,11050,0,0,0,0,4,13,0,0,0,2,1,2,1,Jolteon
11-27,16:53:07,NINTEN,Tauros,Lass,7,Route 24,2,13:05.22,13:05,0h13m5s,0,1,1,22,0:51,5.772,STOMP,BIDE,TACKLE,,2,2028,100,25,27,173,166,86,6,7239,Jolteon, ,Normal,Normal,14178,Tauros2,Tauros,,00:12:59.45,00:13:05.22,00:51:04.27,22,0,0,13,5,22,STOMP,BIDE,TACKLE,,7,10,35,0,0,0,0,0,64,74,58,56,45,45,63,3451,3433,3803,2733,2733,4143,15,15,15,15,0,0,0,0,0,0,0,65,56,45,45,63,185828,64680,112922,6237,1989,2,0,0,2028,2028,0,0,100,52,25,27,0,0,3316,2308,314,308,150,28,61,0,0,0,0,0,38,0,6,0,0,1,0,0,0,0,0,0,0,1,0,0,0,0,2,0,0,0,0,0,0,0,0,0,0,0,1,80,11438,0,0,0,0,4,13,0,0,0,2,1,2,1,Jolteon
11-27,16:53:13,NINTEN,Tauros,Jr Trainer M,3,Route 24,1,13:11.88,13:11,0h13m11s,0,1,1,22,0:51,3.862,STOMP,BIDE,TACKLE,,2,2032,105,26,27,174,167,86,6,7479,Jolteon, ,Normal,Normal,14463,Tauros2,Tauros,,00:13:08.02,00:13:11.88,00:51:30.37,22,0,0,13,11,88,STOMP,BIDE,TACKLE,,6,10,35,0,0,0,0,0,64,74,58,56,45,45,63,3491,3513,3838,2768,2768,4213,15,15,15,15,0,0,0,0,0,0,0,65,56,45,45,63,187398,64866,114306,6237,1989,2,0,0,2032,2032,0,0,105,53,26,27,0,0,3375,2353,314,308,151,28,61,0,0,0,0,0,38,0,6,0,0,1,0,0,0,0,0,0,0,1,0,0,0,0,2,0,0,0,0,0,0,0,0,0,0,0,1,81,11723,0,0,0,0,4,13,0,0,0,2,1,2,1,Jolteon
11-27,16:53:30,NINTEN,Tauros,Rocket,6,Route 24,2,13:28.86,13:28,0h13m28s,0,1,1,22,0:52,10.764,STOMP,BIDE,TACKLE,,2,2038,105,27,27,176,169,86,7,7839,Jolteon, ,Normal,Normal,14833,Tauros2,Tauros,,00:13:18.09,00:13:28.86,00:52:37.46,22,0,0,13,28,86,STOMP,BIDE,TACKLE,,4,10,35,0,0,0,0,0,64,74,58,56,45,45,63,3566,3618,3917,2848,2848,4323,15,15,15,15,0,0,0,0,0,0,0,65,56,45,45,63,191427,65846,117355,6237,1989,2,0,0,2038,2038,0,0,105,54,27,27,0,0,3497,2429,314,308,153,28,61,0,0,0,0,0,38,0,6,0,0,1,0,0,0,0,0,0,0,1,0,0,0,0,2,0,0,0,0,0,0,0,0,0,0,0,1,83,12093,0,0,0,0,4,13,0,0,0,2,1,2,1,Jolteon
11-27,16:53:52,NINTEN,Tauros,Hiker,2,Route 25,2,13:50.12,13:50,0h13m50s,0,1,1,23,0:54,11.644,STOMP,BIDE,TACKLE,,2,2082,113,28,27,181,174,89,7,8289,Jolteon, ,Normal,Normal,15391,Tauros2,Tauros,,00:13:38.47,00:13:50.12,00:54:01.54,23,0,0,13,50,12,STOMP,BIDE,TACKLE,,0,10,34,0,0,0,0,0,63,77,61,59,47,47,66,3676,3778,4067,2913,2913,4378,15,15,15,15,0,0,0,0,0,0,0,68,59,47,47,66,196475,67632,120617,6237,1989,2,0,0,2082,2082,0,0,113,55,28,27,0,0,3596,2516,318,312,158,28,62,0,0,0,0,0,38,0,6,0,0,1,0,0,0,0,0,0,0,1,0,0,0,0,2,0,0,0,0,0,0,0,0,0,0,0,1,85,12651,0,0,0,0,4,13,0,0,0,2,1,2,1,Jolteon
11-27,16:54:10,NINTEN,Tauros,Lass,9,Route 25,2,14:08.18,14:08,0h14m8s,0,1,1,23,0:55,5.821,STOMP,BIDE,TACKLE,,2,2104,115,29,27,183,176,89,7,8814,Jolteon, ,Normal,Normal,15772,Tauros2,Tauros,,00:14:02.36,00:14:08.18,00:55:12.58,23,0,0,14,8,18,STOMP,BIDE,TACKLE,,8,10,35,0,0,0,0,0,77,77,61,59,47,47,66,3777,3882,4159,2993,2993,4469,15,15,15,15,0,0,0,0,0,0,0,68,59,47,47,66,200739,69056,122471,7223,1989,2,0,0,2104,2104,0,0,115,56,29,27,0,0,3733,2600,318,312,160,28,62,0,0,0,0,0,38,0,6,0,0,1,0,0,0,0,0,0,0,1,0,0,0,0,2,0,0,0,0,0,0,0,0,0,0,0,1,87,13032,0,0,0,0,5,13,0,0,0,2,1,2,1,Jolteon
11-27,16:54:19,NINTEN,Tauros,Jr Trainer M,2,Route 25,2,14:17.94,14:17,0h14m17s,0,1,1,23,0:55,6.001,STOMP,BIDE,TACKLE,,2,2114,121,30,27,185,178,89,7,9039,Jolteon, ,Normal,Normal,16129,Tauros2,Tauros,,00:14:11.94,00:14:17.94,00:55:51.22,23,0,0,14,17,94,STOMP,BIDE,TACKLE,,6,10,35,0,0,0,0,0,77,77,61,59,47,47,66,3842,3998,4238,3058,3058,4596,15,15,15,15,0,0,0,0,0,0,0,68,59,47,47,66,203043,69474,124357,7223,1989,2,0,0,2114,2114,0,0,121,57,30,27,0,0,3926,2670,318,312,162,28,62,0,0,0,0,0,39,0,6,0,0,1,0,0,0,0,0,0,0,1,0,0,0,0,2,0,0,0,0,0,0,0,0,0,0,0,1,89,13389,0,0,0,0,5,13,0,0,0,2,1,2,1,Jolteon
11-27,16:54:32,NINTEN,Tauros,Oddish Lass,10,Route 25,3,14:30.62,14:30,0h14m30s,0,1,1,23,0:56,8.501,STOMP,BIDE,TACKLE,,2,2129,121,31,27,188,181,90,7,9319,Jolteon, ,Normal,Normal,16714,Tauros2,Tauros,Oddish Lass,00:14:22.12,00:14:30.62,00:56:41.17,23,0,0,14,30,62,STOMP,BIDE,TACKLE,,3,10,35,0,0,0,0,0,74,77,61,59,47,47,66,3972,4143,4388,3243,3243,4712,15,15,15,15,0,0,0,0,0,0,0,68,59,47,47,66,206038,69977,126849,7223,1989,2,0,0,2129,2129,0,0,121,58,31,27,0,0,4136,2777,321,315,165,28,63,0,0,0,0,0,39,0,6,0,0,1,0,0,0,0,0,0,0,1,0,0,0,0,2,0,0,0,0,0,0,0,0,0,0,0,1,92,13974,0,0,0,0,5,13,0,0,0,2,1,2,1,Jolteon
11-27,16:55:05,NINTEN,Tauros,Cerulean Rocket,5,Cerulean City,2,15:03.17,15:03,0h15m3s,0,1,1,24,0:58,6.836,STOMP,BIDE,TACKLE,,2,2267,130,32,27,190,183,90,9,9514,Jolteon, ,Normal,Normal,17403,Tauros2,Tauros,Rocket,00:14:56.33,00:15:03.17,00:58:49.56,24,0,0,15,3,17,STOMP,BIDE,TACKLE,,1,10,35,0,0,0,0,0,78,81,64,61,49,49,69,4102,4271,4483,3368,3368,4789,15,15,15,15,0,0,0,0,0,0,0,72,61,49,49,69,213757,75599,128946,7223,1989,2,0,0,2267,2267,0,0,130,59,32,27,0,0,4260,2880,321,315,167,28,63,0,0,0,0,0,39,0,6,0,0,1,0,0,0,0,0,0,0,1,0,0,0,0,2,0,0,0,0,0,0,0,0,0,0,0,1,94,14663,0,0,0,0,6,13,0,0,0,2,1,2,1,Jolteon
11-27,16:55:38,NINTEN,Tauros,Sandy,3,Route 6,3,15:36.69,15:36,0h15m36s,0,1,1,24,1:01,9.199,STOMP,BIDE,TACKLE,,2,2419,135,33,27,193,186,92,10,10024,Jolteon, ,Normal,Normal,17964,Tauros2,Tauros,,00:15:27.49,00:15:36.69,01:01:01.59,24,0,0,15,36,69,STOMP,BIDE,TACKLE,,8,10,35,0,0,0,0,0,71,81,64,61,49,49,69,4222,4406,4603,3473,3473,4957,15,15,15,15,0,0,0,0,0,0,0,72,61,49,49,69,221680,79506,131640,8545,1989,2,0,0,2419,2419,0,0,135,60,33,27,0,0,4532,3003,331,325,170,28,65,0,0,0,0,0,40,0,6,0,0,1,0,0,0,0,0,0,0,1,0,0,0,0,2,0,0,0,0,0,0,0,0,0,0,0,1,97,15224,0,0,0,0,7,13,0,0,0,2,1,2,1,Jolteon
11-27,16:55:47,NINTEN,Tauros,Jr Trainer M,5,Route 6,2,15:45.84,15:45,0h15m45s,0,1,1,24,1:01,6.134,STOMP,BIDE,TACKLE,,2,2422,135,34,27,195,188,92,10,10344,Jolteon, ,Normal,Normal,18559,Tauros2,Tauros,,00:15:39.71,00:15:45.84,01:01:37.59,24,0,0,15,45,84,STOMP,BIDE,TACKLE,,6,10,35,0,0,0,0,0,71,81,64,61,49,49,69,4317,4547,4693,3554,3554,5124,15,15,15,15,0,0,0,0,0,0,0,72,61,49,49,69,223840,79721,133585,8545,1989,2,0,0,2422,2422,0,0,135,61,34,27,0,0,4708,3090,331,325,172,28,65,0,0,0,0,0,41,0,6,0,0,1,0,0,0,0,0,0,0,1,0,0,0,0,2,0,0,0,0,0,0,0,0,0,0,0,1,99,15819,0,0,0,0,7,13,0,0,0,2,1,2,1,Jolteon
11-27,16:56:06,NINTEN,Tauros,Youngster,8,SS Anne,1,16:04.09,16:04,0h16m4s,0,1,1,24,1:02,3.946,STOMP,BIDE,TACKLE,,2,2521,138,35,27,196,189,92,11,9614,Jolteon, ,Normal,Normal,18829,Tauros2,Tauros,,00:16:00.14,00:16:04.09,01:02:49.42,24,0,0,16,4,9,STOMP,BIDE,TACKLE,,5,10,35,0,0,0,0,0,71,81,64,61,49,49,69,4363,4604,4733,3594,3594,5174,15,15,15,15,0,0,0,0,0,0,0,72,61,49,49,69,228143,82688,134921,8545,1989,2,0,0,2521,2521,0,0,138,62,35,27,0,0,4812,3143,331,325,173,28,65,0,0,0,0,0,42,0,6,0,0,1,0,0,0,0,0,0,0,1,0,0,0,0,2,0,0,0,0,0,0,0,0,0,0,0,1,100,16089,0,0,0,0,7,16,0,0,0,2,1,2,1,Jolteon
11-27,16:56:25,NINTEN,Tauros,Gentleman,5,SS Anne,2,16:23.59,16:23,0h16m23s,0,1,1,25,1:04,6.745,STOMP,BIDE,TACKLE,BODY SLAM,2,2577,146,36,27,198,191,92,11,9929,Jolteon, ,Normal,Normal,19713,Tauros2,Tauros,,00:16:16.84,00:16:23.59,01:04:06.26,25,0,0,16,23,59,STOMP,BIDE,TACKLE,BODY SLAM,3,10,35,15,0,0,0,0,74,84,66,64,51,51,72,4468,4759,4833,3709,3709,5324,15,15,15,15,0,0,0,0,0,0,0,74,64,51,51,72,232747,84579,136921,9258,1989,2,0,0,2577,2577,0,0,146,63,36,27,0,0,4936,3237,331,325,175,28,65,0,0,0,0,0,42,0,6,0,0,1,0,0,0,0,0,0,0,1,0,0,0,0,2,0,0,0,0,0,0,0,0,0,0,0,1,102,16973,0,0,0,0,8,16,0,0,0,3,1,2,1,Jolteon
11-27,16:56:45,NINTEN,Tauros,Rival3-SS Anne,1,SS Anne,4,16:43.09,16:43,0h16m43s,0,1,1,25,1:05,12.036,BODY SLAM,BIDE,TACKLE,STOMP,2,2605,154,37,27,202,195,92,12,11119,Jolteon, ,Normal,Normal,20894,Tauros2,Tauros,Rival (SS Anne),00:16:31.06,00:16:43.09,01:05:23.23,25,0,0,16,43,9,BODY SLAM,BIDE,TACKLE,STOMP,13,10,35,1,0,0,0,0,74,84,66,64,51,51,72,4643,5005,5033,3860,3860,5561,15,15,15,15,0,0,0,0,0,0,0,74,64,51,51,72,237364,85944,140173,9258,1989,2,0,0,2605,2605,0,0,154,64,37,27,0,0,5368,3425,331,325,179,28,65,0,0,0,0,0,44,0,6,0,0,1,0,0,0,0,0,0,0,1,0,0,0,0,2,0,0,0,0,0,0,0,0,0,0,0,1,106,18154,0,0,0,0,9,16,0,0,0,3,1,2,1,Jolteon
11-27,16:57:31,NINTEN,Tauros,Surge,1,Vermilion City - Gym,1,17:29.65,17:29,0h17m29s,0,1,1,25,1:08,5.23,BODY SLAM,BIDE,TACKLE,STOMP,3,2784,164,38,27,204,197,92,12,12419,Jolteon, ,Normal,Normal,21626,Tauros2,Tauros,Lt. Surge,00:17:24.42,00:17:29.65,01:08:27.15,25,0,0,17,29,65,BODY SLAM,BIDE,TACKLE,STOMP,11,10,35,1,0,0,0,0,74,84,66,64,51,51,72,4703,5095,5088,3950,3950,5661,15,15,15,15,0,0,0,0,0,0,0,74,64,51,51,72,248396,92627,141928,11852,1989,3,0,0,2784,2784,0,0,164,65,38,27,0,0,5468,3501,331,325,181,28,65,0,0,0,0,0,44,0,6,0,0,1,1,0,0,0,0,0,0,1,0,0,0,0,2,0,0,0,0,0,1,1,0,0,0,0,1,107,18886,0,0,0,0,9,16,0,0,0,5,1,2,1,Jolteon
11-27,16:58:31,NINTEN,Tauros,Wrapping Lass,5,Route 9,4,18:29.67,18:29,0h18m29s,0,1,1,26,1:12,11.224,BODY SLAM,THUNDERBOLT,TACKLE,STOMP,3,2976,176,39,27,208,201,92,13,15191,Jolteon, ,Normal,Normal,22874,Tauros2,Tauros,RTG1 - Wrapping Lass,00:18:18.45,00:18:29.67,01:12:23.35,26,0,0,18,29,67,BODY SLAM,THUNDERBOLT,TACKLE,STOMP,15,15,35,16,0,0,0,0,87,87,69,66,53,53,74,4893,5345,5268,4240,4240,5801,15,15,15,15,0,0,0,0,0,0,0,77,74,53,53,74,262576,100723,145165,14699,1989,3,0,0,2976,2925,51,0,176,66,39,27,0,0,5812,3691,331,325,185,28,65,0,0,0,0,0,45,0,6,0,0,1,1,0,0,0,0,0,0,1,0,0,0,0,2,0,0,0,0,0,1,1,0,0,0,0,1,111,20134,0,0,0,0,9,16,0,0,0,6,1,2,1,Jolteon
11-27,16:58:46,NINTEN,Tauros,Bug Catcher,14,Route 9,3,18:44.09,18:44,0h18m44s,0,1,1,26,1:13,8.616,BODY SLAM,THUNDERBOLT,TACKLE,STOMP,3,3016,188,40,27,211,204,92,13,15551,Jolteon, ,Normal,Normal,23643,Tauros2,Tauros,,00:18:35.48,00:18:44.09,01:13:20.29,26,0,0,18,44,9,BODY SLAM,THUNDERBOLT,TACKLE,STOMP,15,15,35,13,0,0,0,0,87,87,69,66,53,53,74,5038,5465,5383,4320,4320,5941,15,15,15,15,0,0,0,0,0,0,0,77,74,53,53,74,265990,101603,147699,14699,1989,3,0,0,3016,2925,91,0,188,67,40,27,0,0,6186,3848,331,325,188,28,65,0,0,0,0,0,48,0,6,0,0,1,1,0,0,0,0,0,0,1,0,0,0,0,2,0,0,0,0,0,1,1,0,0,0,0,1,114,20903,0,0,0,0,9,16,0,0,0,6,1,2,1,Jolteon
11-27,16:59:05,NINTEN,Tauros,Slowbone,7,Rock Tunnel - 1,2,19:03.77,19:03,0h19m3s,0,1,1,26,1:14,8.291,BODY SLAM,THUNDERBOLT,TACKLE,STOMP,3,3126,201,41,27,214,207,93,13,15751,Jolteon, ,Normal,Normal,24557,Tauros2,Tauros,,00:18:55.48,00:19:03.77,01:14:38.08,26,0,0,19,3,77,BODY SLAM,THUNDERBOLT,TACKLE,STOMP,13,14,35,13,0,0,0,0,87,87,69,66,53,53,74,5178,5580,5543,4400,4400,5991,15,15,15,15,0,-1,0,0,0,0,0,86,48,53,53,74,270649,102987,150062,15611,1989,3,0,0,3126,2925,201,0,201,68,41,27,0,0,6365,3985,331,325,191,28,66,0,0,0,0,0,48,0,6,0,0,1,2,0,0,0,0,0,0,1,0,0,0,0,2,0,0,0,0,0,2,1,0,0,0,0,1,116,21817,0,0,0,0,9,16,0,0,0,6,1,2,1,Jolteon
11-27,16:59:16,NINTEN,Tauros,Pokemaniac,5,Rock Tunnel,1,19:14.91,19:14,0h19m14s,0,1,1,27,1:15,6.935,BODY SLAM,THUNDERBOLT,TACKLE,STOMP,3,3165,204,42,27,216,209,94,13,16901,Jolteon, ,Normal,Normal,25086,Tauros2,Tauros,,00:19:07.97,00:19:14.91,01:15:22.02,27,0,0,19,14,91,BODY SLAM,THUNDERBOLT,TACKLE,STOMP,13,13,34,13,0,0,0,0,79,90,72,69,55,55,77,5268,5645,5608,4440,4440,6006,15,15,15,15,0,0,0,0,0,0,0,81,77,55,55,77,273283,103591,152092,15611,1989,3,0,0,3165,2925,240,0,204,69,42,27,0,0,6461,4069,342,336,193,28,67,0,0,0,0,0,48,0,6,0,0,1,2,0,0,0,0,0,0,1,0,0,0,0,2,0,0,0,0,0,2,1,0,0,0,0,1,117,22346,0,0,0,0,9,16,0,0,0,6,1,2,1,Jolteon
11-27,16:59:26,NINTEN,Tauros,Status-Condition-Jr-Trainer,10,Rock Tunnel,2,19:24.84,19:24,0h19m24s,0,1,1,27,1:16,6.267,BODY SLAM,THUNDERBOLT,TACKLE,STOMP,3,3180,206,43,27,218,211,94,13,18151,Jolteon, ,Normal,Normal,25754,Tauros2,Tauros,RTG4 - Status Jr Trainer,00:19:18.58,00:19:24.84,01:16:01.11,27,0,0,19,24,84,BODY SLAM,THUNDERBOLT,TACKLE,STOMP,12,13,34,12,0,0,0,0,79,90,72,69,55,55,77,5358,5744,5712,4580,4580,6081,15,15,15,15,0,0,0,0,0,0,0,81,77,55,55,77,275632,104076,153956,15611,1989,3,0,0,3180,2925,255,0,206,70,43,27,0,0,6597,4179,342,336,195,28,67,0,0,0,0,0,48,0,6,0,0,1,2,0,0,0,0,0,0,1,0,0,0,0,2,0,0,0,0,0,2,1,0,0,0,0,1,119,23014,0,0,0,0,9,16,0,0,0,6,1,2,1,Jolteon
11-27,17:00:00,NINTEN,Tauros,Selfdestructing Hiker,9,Rock Tunnel,3,19:58.58,19:58,0h19m58s,0,1,1,27,1:18,14.578,BODY SLAM,THUNDERBOLT,TACKLE,STOMP,5,3293,217,44,27,223,216,98,12,18591,Jolteon, ,Normal,Normal,27131,Tauros2,Tauros,,00:19:44.00,00:19:58.58,01:18:14.26,27,0,0,19,58,58,BODY SLAM,THUNDERBOLT,TACKLE,STOMP,7,13,34,12,0,0,0,0,22,90,72,69,55,55,77,5493,5999,6027,4685,4685,6156,15,15,15,15,0,0,0,0,0,0,0,81,77,55,55,77,283627,106284,157788,17566,1989,5,0,0,3293,2925,368,0,217,71,44,27,0,0,6717,4283,410,404,200,28,71,0,0,0,0,0,49,0,6,0,0,1,2,0,0,0,0,0,0,1,0,0,0,0,2,0,0,0,0,0,2,1,0,0,0,0,1,122,24391,0,0,0,0,9,16,0,0,0,6,1,2,1,Jolteon
11-27,17:00:20,NINTEN,Tauros,Finisher,18,Rock Tunnel - 1,3,20:18.53,20:18,0h20m18s,0,1,1,28,1:19,10.768,BODY SLAM,THUNDERBOLT,TACKLE,STOMP,5,3347,226,45,27,226,219,98,11,19326,Jolteon, ,Normal,Normal,27994,Tauros2,Tauros,RTG6 - Finisher,00:20:07.77,00:20:18.53,01:19:33.10,28,0,0,20,18,53,BODY SLAM,THUNDERBOLT,TACKLE,STOMP,4,13,34,12,0,0,0,0,25,93,74,71,57,57,80,5618,6139,6157,4835,4835,6332,15,15,15,15,0,0,0,0,0,0,0,83,79,57,57,80,288351,107624,160712,18026,1989,5,0,0,3347,2925,422,0,226,72,45,27,0,0,7141,4432,410,404,203,28,71,0,0,0,0,0,51,0,6,0,0,1,2,0,0,0,0,0,0,1,0,0,0,0,2,0,0,0,0,0,2,1,0,0,0,0,1,125,25254,0,0,0,0,9,16,0,0,0,6,1,2,1,Jolteon
11-27,17:00:35,NINTEN,Tauros,Gambler,7,Route 8,2,20:33.37,20:33,0h20m33s,0,1,1,28,1:20,6.136,BODY SLAM,THUNDERBOLT,TACKLE,STOMP,5,3431,232,46,27,228,221,98,12,19726,Jolteon, ,Normal,Normal,28786,Tauros2,Tauros,,00:20:27.24,00:20:33.37,01:20:31.33,28,0,0,20,33,37,BODY SLAM,THUNDERBOLT,TACKLE,STOMP,2,13,34,12,0,0,0,0,25,93,74,71,57,57,80,5711,6250,6242,4950,4950,6457,15,15,15,15,0,0,0,0,0,0,0,83,79,57,57,80,291854,109208,162631,18026,1989,5,0,0,3431,2925,506,0,232,73,46,27,0,0,7311,4552,410,404,205,28,71,0,0,0,0,0,51,0,6,0,0,1,2,0,0,0,0,0,0,1,0,0,0,0,2,0,0,0,0,0,2,1,0,0,0,0,1,127,26046,0,0,0,0,10,16,0,0,0,6,1,2,1,Jolteon
11-27,17:01:19,NINTEN,Tauros,Rocket,7,Celadon City - Game Corner,2,21:17.48,21:17,0h21m17s,0,1,1,28,1:23,6.592,BODY SLAM,THUNDERBOLT,TACKLE,STOMP,5,3657,247,47,27,230,223,98,9,21406,Jolteon, ,Normal,Normal,29513,Tauros2,Tauros,,00:21:10.89,00:21:17.48,01:23:25.54,28,0,0,21,17,48,BODY SLAM,THUNDERBOLT,TACKLE,STOMP,14,14,35,20,0,0,0,0,93,93,74,71,57,57,80,5806,6376,6337,5040,5040,6609,15,15,15,15,0,0,0,0,0,0,0,83,79,57,57,80,302315,117614,164686,18026,1989,5,0,0,3657,3093,564,0,247,74,47,27,0,0,7646,4656,410,404,207,28,71,0,0,0,0,0,53,0,6,0,0,1,2,0,0,0,0,0,0,1,0,0,0,0,2,0,0,0,0,0,2,1,0,0,0,0,1,129,26773,0,0,0,0,12,16,0,0,0,6,1,2,1,Jolteon
11-27,17:03:27,NINTEN,Tauros,Rival4-Pkmn Tower,2,Pokemon Tower - 2F,5,23:25.72,23:25,0h23m25s,0,1,1,29,1:31,18.869,BODY SLAM,THUNDERBOLT,ICE BEAM,STOMP,5,4030,272,48,29,238,231,102,12,4606,Jolteon, ,Normal,Normal,32225,Tauros2,Tauros,Rival (Pokemon Tower),00:23:06.85,00:23:25.72,01:31:51.42,29,0,0,23,25,72,BODY SLAM,THUNDERBOLT,ICE BEAM,STOMP,12,12,8,20,0,0,0,0,73,96,77,74,61,61,83,6084,6762,6707,10457,10457,6979,15,15,15,15,0,0,0,0,0,0,0,86,83,61,61,83,332663,132943,173314,24417,1989,5,0,0,4030,3466,564,0,272,77,48,29,0,0,8555,5044,433,427,215,28,74,0,0,0,0,0,57,0,6,0,0,1,2,0,0,0,0,0,0,1,0,0,0,0,2,0,0,0,0,0,2,1,0,0,0,0,1,135,29485,0,0,0,0,14,35,3,1,1,8,1,2,1,Jolteon
11-27,17:03:52,NINTEN,Tauros,Agatha Jr,10,Pokemon Tower - 4F,2,23:50.72,23:50,0h23m50s,0,1,1,29,1:33,9.219,BODY SLAM,THUNDERBOLT,ICE BEAM,STOMP,6,4080,276,49,29,242,235,104,12,6231,Jolteon, ,Normal,Normal,33161,Tauros2,Tauros,,00:23:41.49,00:23:50.72,01:33:30.28,29,0,0,23,50,72,BODY SLAM,THUNDERBOLT,ICE BEAM,STOMP,12,12,4,20,0,0,0,0,50,96,77,74,61,61,83,6144,6832,6767,10657,10657,7139,15,15,15,15,0,0,0,0,0,0,0,86,83,61,61,83,338589,135285,175939,25376,1989,6,0,0,4080,3516,564,0,276,78,49,29,0,0,8662,5144,456,450,219,28,76,0,0,0,0,0,57,0,6,0,0,1,2,0,0,0,0,0,0,1,0,0,0,0,2,0,0,0,0,0,2,1,0,0,0,0,1,137,30421,0,0,0,0,14,35,3,1,1,8,1,2,1,Jolteon
11-27,17:04:12,NINTEN,Tauros,Channeler,21,Pokemon Tower - 6F,1,24:10.12,24:10,0h24m10s,0,1,1,29,1:34,6.735,BODY SLAM,THUNDERBOLT,ICE BEAM,STOMP,6,4150,286,50,29,245,238,106,12,6921,Jolteon, ,Normal,Normal,33648,Tauros2,Tauros,,00:24:03.38,00:24:10.12,01:34:47.11,29,0,0,24,10,12,BODY SLAM,THUNDERBOLT,ICE BEAM,STOMP,15,14,8,20,0,0,0,0,96,96,77,74,61,61,83,6174,6867,6797,10757,10757,7219,15,15,15,15,0,0,0,0,0,0,0,86,83,61,61,83,343192,137901,177926,25376,1989,6,0,0,4150,3586,564,0,286,79,50,29,0,0,8737,5196,456,450,222,29,77,0,0,0,0,0,57,0,6,0,0,1,2,0,0,0,0,0,0,1,0,0,0,0,2,0,0,0,0,0,2,1,0,0,0,0,1,138,30908,0,0,0,0,16,35,3,1,1,8,1,2,1,Jolteon
11-27,17:04:21,NINTEN,Tauros,Channeler,20,Pokemon Tower - 6F,1,24:19.86,24:19,0h24m19s,0,1,1,30,1:35,7.098,BODY SLAM,THUNDERBOLT,ICE BEAM,STOMP,6,4159,289,51,29,247,240,107,12,7641,Jolteon, ,Normal,Normal,34135,Tauros2,Tauros,,00:24:12.77,00:24:19.86,01:35:25.41,30,0,0,24,19,86,BODY SLAM,THUNDERBOLT,ICE BEAM,STOMP,15,13,7,20,0,0,0,0,99,99,80,77,63,63,86,6204,6902,6827,10857,10857,7299,15,15,15,15,0,0,0,0,0,0,0,90,86,63,63,86,345502,138125,180012,25376,1989,6,0,0,4159,3595,564,0,289,80,51,29,0,0,8809,5248,456,450,224,29,78,0,0,0,0,0,58,0,6,0,0,2,2,0,0,0,0,0,0,1,0,0,0,0,3,0,0,0,0,0,2,1,0,0,0,0,1,139,31395,0,0,0,0,16,35,3,1,1,8,1,2,1,Jolteon
11-27,17:04:49,NINTEN,Tauros,Rocket,44,Pokemon Tower - 7F,3,24:47.09,24:47,0h24m47s,0,1,1,30,1:37,11.808,BODY SLAM,THUNDERBOLT,ICE BEAM,STOMP,7,4184,299,52,30,252,245,109,11,8361,Jolteon,Poisoned,Normal,Normal,36384,Tauros2,Tauros,,00:24:35.28,00:24:47.09,01:37:13.14,30,0,0,24,47,9,BODY SLAM,THUNDERBOLT,ICE BEAM,STOMP,10,13,7,20,0,0,0,0,75,99,80,77,63,63,86,6369,7122,7051,11047,11047,7529,15,15,15,15,0,-1,0,0,0,0,0,101,56,63,63,86,351955,139978,184084,25904,1989,7,0,0,4184,3620,564,0,299,82,52,30,0,0,9190,5459,480,474,229,29,80,0,0,0,0,0,60,0,6,0,0,2,2,0,0,0,0,0,0,2,0,0,0,0,3,0,0,0,0,0,2,1,0,0,0,0,1,142,33644,0,0,0,0,17,35,3,1,1,8,1,2,1,Jolteon
11-27,17:05:34,NINTEN,Tauros,Cooltrainer F,1,Celadon City - Gym,3,25:32.15,25:32,0h25m32s,0,1,1,31,1:40,9.229,BODY SLAM,THUNDERBOLT,ICE BEAM,STOMP,7,4352,313,53,30,255,248,109,12,9171,Jolteon, ,Normal,Normal,38561,Tauros2,Tauros,,00:25:22.92,00:25:32.15,01:40:10.53,31,0,0,25,32,15,BODY SLAM,THUNDERBOLT,ICE BEAM,STOMP,12,15,10,20,0,0,0,0,103,103,82,79,65,65,89,6554,7339,7234,11297,11297,7684,15,15,15,15,0,0,0,0,0,0,0,92,88,65,65,89,362614,146713,186765,27147,1989,7,0,0,4352,3788,564,0,313,83,53,30,0,0,9488,5660,480,474,232,29,80,0,0,0,0,0,61,0,6,0,0,2,2,0,0,0,0,0,0,2,0,0,0,0,3,0,0,0,0,0,2,1,0,0,0,0,1,145,35821,0,0,0,0,17,35,3,1,1,8,1,2,1,Jolteon
11-27,17:05:56,NINTEN,Tauros,Erika,1,Celadon City - Gym,3,25:54.23,25:54,0h25m54s,0,1,1,32,1:41,14.551,BODY SLAM,THUNDERBOLT,ICE BEAM,STOMP,8,4355,314,54,30,261,253,112,12,10011,Jolteon,Paralyzed,Normal,Normal,41566,Tauros2,Tauros,Erika,00:25:39.68,00:25:54.23,01:41:38.11,32,0,0,25,54,23,BODY SLAM,THUNDERBOLT,ICE BEAM,STOMP,9,15,8,20,0,0,0,0,93,106,85,82,68,68,92,6744,7549,7469,11567,11567,7839,15,15,15,15,0,0,0,0,0,0,0,95,92,68,68,23,367852,147502,190699,27662,1989,8,0,0,4355,3791,564,0,314,84,54,30,0,0,9827,5916,493,487,237,29,83,0,0,0,0,0,62,0,6,0,0,2,3,1,0,0,0,0,0,2,0,0,0,0,3,0,2,1,0,0,4,1,0,0,0,0,1,148,38826,0,0,0,0,17,35,3,1,1,8,1,2,1,Jolteon
11-27,17:06:36,NINTEN,Tauros,Rocket,39,Silph Co - 10F,1,26:34.95,26:34,0h26m34s,0,1,1,32,1:44,5.731,BODY SLAM,THUNDERBOLT,ICE BEAM,STOMP,8,4522,321,55,30,263,255,113,12,13179,Jolteon, ,Normal,Normal,42598,Tauros2,Tauros,,00:26:29.22,00:26:34.95,01:44:18.29,32,0,0,26,34,95,BODY SLAM,THUNDERBOLT,ICE BEAM,STOMP,13,15,10,20,0,0,0,0,66,106,85,82,68,68,92,6824,7649,7539,11617,11617,7884,15,15,15,15,0,0,0,0,0,0,0,95,92,68,68,92,377470,154260,192659,28562,1989,8,0,0,4522,3958,564,0,321,85,55,30,0,0,9942,6017,533,527,239,29,84,0,0,0,0,0,62,0,6,0,0,2,3,1,0,0,0,0,0,2,0,0,0,0,3,0,2,1,0,0,4,1,0,0,0,0,1,149,39858,0,0,0,0,17,35,3,1,1,8,1,2,1,Jolteon
11-27,17:07:17,NINTEN,Tauros,Rocket,32,Silph Co - 7F,4,27:15.41,27:15,0h27m15s,0,1,1,33,1:46,14.519,BODY SLAM,THUNDERBOLT,ICE BEAM,EARTHQUAKE,8,4595,338,56,30,268,260,114,11,14169,Jolteon, ,Normal,Normal,45648,Tauros2,Tauros,,00:27:00.88,00:27:15.41,01:46:58.09,33,0,0,27,15,41,BODY SLAM,THUNDERBOLT,ICE BEAM,EARTHQUAKE,12,15,8,10,0,0,0,1,69,109,88,84,70,70,96,7054,7960,7833,11867,11867,10746,15,15,15,15,0,0,0,0,0,0,0,99,94,70,70,96,387050,156710,196503,31848,1989,8,0,0,4595,4031,564,0,338,86,56,30,0,0,10347,6295,533,527,244,29,85,0,0,0,0,0,62,0,6,0,0,3,3,1,0,0,0,0,0,2,0,0,0,0,4,0,2,1,0,0,4,1,0,0,0,0,1,153,42908,0,0,0,0,20,35,3,1,1,9,1,2,1,Jolteon
11-27,17:07:36,NINTEN,Tauros,Scientist,7,Silph Co - 6F,5,27:34.87,27:34,0h27m34s,0,1,1,33,1:48,13.929,BODY SLAM,THUNDERBOLT,ICE BEAM,EARTHQUAKE,8,4624,340,57,30,273,265,114,11,14949,Jolteon, ,Normal,Normal,48755,Tauros2,Tauros,,00:27:20.95,00:27:34.87,01:48:14.45,33,0,0,27,34,87,BODY SLAM,THUNDERBOLT,ICE BEAM,EARTHQUAKE,8,15,8,9,0,0,0,1,69,109,88,84,70,70,96,7249,8215,8238,12257,12257,11031,15,15,15,15,0,0,0,0,0,0,0,99,94,70,70,96,391646,157624,200185,31848,1989,8,0,0,4624,4060,564,0,340,87,57,30,0,0,10754,6587,533,527,249,29,85,0,0,0,0,0,62,0,6,0,0,3,3,1,0,0,0,0,0,2,0,0,0,0,4,0,2,1,0,0,4,1,0,0,0,0,1,158,46015,0,0,0,0,20,35,3,1,1,9,1,2,1,Jolteon
11-27,17:07:57,NINTEN,Tauros,Scientist,6,Silph Co - 5F,4,27:55.03,27:55,0h27m55s,0,1,1,34,1:49,13.565,BODY SLAM,THUNDERBOLT,ICE BEAM,EARTHQUAKE,8,4658,341,58,30,277,269,114,11,16199,Jolteon, ,Normal,Normal,51744,Tauros2,Tauros,,00:27:41.46,00:27:55.03,01:49:34.12,34,0,0,27,55,3,BODY SLAM,THUNDERBOLT,ICE BEAM,EARTHQUAKE,7,15,8,6,0,0,0,1,72,112,90,87,72,72,98,7429,8465,8618,12617,12617,11241,15,15,15,15,0,0,0,0,0,0,0,101,97,72,72,98,396413,158785,203791,31848,1989,8,0,0,4658,4094,564,0,341,88,58,30,0,0,11114,6839,533,527,253,29,85,0,0,0,0,0,62,0,6,0,0,3,3,1,0,0,0,0,0,2,0,0,0,0,4,0,2,1,0,0,4,1,0,0,0,0,1,162,49004,0,0,0,0,21,35,3,1,1,9,1,2,1,Jolteon
11-27,17:08:04,NINTEN,Tauros,Rocket,28,Silph Co - 5F,1,28:02.58,28:02,0h28m2s,0,1,1,34,1:50,4.525,BODY SLAM,THUNDERBOLT,ICE BEAM,EARTHQUAKE,8,4669,342,59,30,278,270,114,11,17499,Jolteon, ,Normal,Normal,52783,Tauros2,Tauros,,00:27:58.05,00:28:02.58,01:50:03.53,34,0,0,28,2,58,BODY SLAM,THUNDERBOLT,ICE BEAM,EARTHQUAKE,7,15,8,5,0,0,0,1,72,112,90,87,72,72,98,7489,8550,8687,12682,12682,11321,15,15,15,15,0,0,0,0,0,0,0,101,97,72,72,98,398194,159092,205265,31848,1989,8,0,0,4669,4105,564,0,342,89,59,30,0,0,11295,6926,533,527,254,29,85,0,0,0,0,0,63,0,6,0,0,3,3,1,0,0,0,0,0,2,0,0,0,0,4,0,2,1,0,0,4,1,0,0,0,0,1,163,50043,0,0,0,0,21,35,3,1,1,9,1,2,1,Jolteon
11-27,17:08:24,NINTEN,Tauros,Scientist,10,Silph Co - 9F,3,28:22.94,28:22,0h28m22s,0,1,1,35,1:51,13.019,BODY SLAM,THUNDERBOLT,ICE BEAM,EARTHQUAKE,8,4703,345,60,30,281,273,114,12,18489,Jolteon, ,Normal,Normal,55051,Tauros2,Tauros,,00:28:09.92,00:28:22.94,01:51:23.49,35,0,0,28,22,94,BODY SLAM,THUNDERBOLT,ICE BEAM,EARTHQUAKE,6,15,8,3,0,0,0,1,75,115,93,90,74,74,101,7619,8705,8927,12917,12917,11526,15,15,15,15,0,0,0,0,0,0,0,104,101,74,74,101,402990,160324,208829,31848,1989,8,0,0,4703,4139,564,0,345,90,60,30,0,0,11583,7124,533,527,257,29,85,0,0,0,0,0,63,0,6,0,0,3,3,1,0,0,0,0,0,2,0,0,0,0,4,0,2,1,0,0,4,1,0,0,0,0,1,166,52311,0,0,0,0,22,35,3,1,1,9,1,2,1,Jolteon
11-27,17:08:48,NINTEN,Tauros,Rocket,25,Silph Co - 3F,3,28:46.45,28:46,0h28m46s,0,1,1,35,1:52,9.873,BODY SLAM,THUNDERBOLT,ICE BEAM,EARTHQUAKE,8,4770,354,61,30,285,277,115,12,19889,Jolteon, ,Normal,Normal,57433,Tauros2,Tauros,,00:28:36.58,00:28:46.45,01:52:56.15,35,0,0,28,46,45,BODY SLAM,THUNDERBOLT,ICE BEAM,EARTHQUAKE,2,15,8,3,0,0,0,1,56,115,94,90,74,74,101,7814,11500,9117,13132,13132,11787,15,15,15,15,0,0,0,0,0,0,0,105,101,74,74,101,408536,162530,211572,32445,1989,8,0,0,4770,4206,564,0,354,91,61,30,0,0,11926,7360,552,546,261,29,86,0,0,0,0,0,63,0,6,0,0,3,3,1,0,0,0,0,0,2,0,0,0,0,4,0,2,1,0,0,4,1,0,0,0,0,1,169,54693,0,0,0,0,23,35,3,1,1,9,1,2,1,Jolteon
11-27,17:09:07,NINTEN,Tauros,Rocket,37,Silph Co - 9F,3,29:05.27,29:05,0h29m5s,0,1,1,36,1:54,10.143,BODY SLAM,THUNDERBOLT,ICE BEAM,EARTHQUAKE,8,4809,361,62,30,288,280,115,13,20729,Jolteon, ,Normal,Normal,59113,Tauros2,Tauros,,00:28:55.13,00:29:05.27,01:54:10.17,36,0,0,29,5,27,BODY SLAM,THUNDERBOLT,ICE BEAM,EARTHQUAKE,1,15,8,1,0,0,0,1,59,118,97,92,76,76,104,8024,11708,9262,13297,13297,11889,15,15,15,15,0,0,0,0,0,0,0,109,103,76,76,104,412978,164087,214457,32445,1989,8,0,0,4809,4245,564,0,361,92,62,30,0,0,12368,7604,552,546,264,29,86,0,0,0,0,0,64,0,6,0,0,3,3,1,0,0,0,0,0,2,0,0,0,0,4,0,2,1,0,0,4,1,0,0,0,0,1,172,56373,0,0,0,0,24,35,3,1,1,9,1,2,1,Jolteon
11-27,17:09:50,NINTEN,Tauros,Rival5-Silph,5,Silph Co - 7F,5,29:48.11,29:48,0h29m48s,0,1,1,41,1:56,21.868,BODY SLAM,THUNDERBOLT,ICE BEAM,EARTHQUAKE,9,4879,374,63,30,295,286,117,12,21569,Jolteon, ,Normal,Normal,87044,Tauros2,Tauros,Rival (Silph Co.),00:29:26.25,00:29:48.11,01:56:58.59,41,0,0,29,48,11,BODY SLAM,THUNDERBOLT,ICE BEAM,EARTHQUAKE,14,13,9,10,0,0,0,1,89,134,110,105,86,86,118,8327,12079,9717,13767,13767,12359,15,15,15,15,0,0,0,0,0,0,0,123,118,86,86,118,423100,166694,220032,34385,1989,9,0,0,4879,4315,564,0,374,93,63,30,0,0,13245,8111,597,591,270,29,88,0,0,0,0,0,66,0,6,0,0,4,3,1,0,0,0,0,0,2,0,0,0,0,5,1,2,1,0,0,4,1,0,0,0,0,1,177,63417,0,0,0,0,24,35,3,1,1,9,1,2,1,Jolteon
11-27,17:10:07,NINTEN,Tauros,Rocket,45,Silph Co - 11F,3,30:05.91,30:05,0h30m5s,0,1,1,41,1:58,9.854,BODY SLAM,THUNDERBOLT,ICE BEAM,EARTHQUAKE,9,4887,375,64,30,298,289,117,12,24169,Jolteon, ,Normal,Normal,89626,Tauros2,Tauros,,00:29:56.06,00:30:05.91,01:58:09.08,41,0,0,30,5,91,BODY SLAM,THUNDERBOLT,ICE BEAM,EARTHQUAKE,13,13,9,8,0,0,0,1,89,134,110,105,86,86,118,8492,12299,9941,13957,13957,12589,15,15,15,15,0,0,0,0,0,0,0,123,118,86,86,118,427309,168048,222887,34385,1989,9,0,0,4887,4323,564,0,375,94,64,30,0,0,13735,8350,597,591,273,29,88,0,0,0,0,0,67,0,6,0,0,4,3,1,0,0,0,0,0,2,0,0,0,0,5,1,2,1,0,0,4,1,0,0,0,0,1,180,65999,0,0,0,0,24,35,3,1,1,9,1,2,1,Jolteon
11-27,17:10:29,NINTEN,Tauros,Giovanni-Silph,2,Silph Co - 11F,4,30:27.54,30:27,0h30m27s,0,1,1,42,1:59,14.496,BODY SLAM,THUNDERBOLT,ICE BEAM,EARTHQUAKE,9,4904,376,65,30,303,294,117,12,25099,Jolteon, ,Normal,Normal,94443,Tauros2,Tauros,Giovanni (Silph),00:30:13.05,00:30:27.54,01:59:34.32,42,0,0,30,27,54,BODY SLAM,THUNDERBOLT,ICE BEAM,EARTHQUAKE,12,13,6,7,0,0,0,1,92,137,113,107,88,88,121,8788,12608,10240,14182,14182,12870,15,15,15,15,0,0,0,0,0,0,0,127,120,88,88,121,432433,169249,226810,34385,1989,9,0,0,4904,4340,564,0,376,95,65,30,0,0,14345,8787,597,591,278,29,88,0,0,0,0,0,67,0,6,0,0,4,3,1,0,0,0,0,0,2,0,0,0,0,5,1,2,1,0,0,4,1,0,0,0,0,1,184,70816,0,0,0,0,24,35,3,1,1,9,1,2,1,Jolteon
11-27,17:11:04,NINTEN,Tauros,Sabrina,1,Saffron City - Gym,3,31:02.03,31:02,0h31m2s,0,1,1,42,2:01,10.771,BODY SLAM,THUNDERBOLT,ICE BEAM,EARTHQUAKE,10,4997,383,66,30,307,298,117,12,29158,Jolteon, ,Normal,Normal,98768,Tauros2,Tauros,Sabrina,00:30:51.26,00:31:02.03,02:01:50.06,42,0,0,31,2,3,BODY SLAM,THUNDERBOLT,ICE BEAM,EARTHQUAKE,11,15,10,12,0,0,0,1,137,137,113,107,88,88,121,8908,12713,10330,14542,14542,13185,15,15,15,15,0,0,0,0,0,0,0,127,120,88,88,121,440567,173573,229828,35177,1989,10,0,0,4997,4433,564,0,383,96,66,30,0,0,14925,9111,597,591,282,29,88,0,0,0,0,0,68,0,6,0,0,4,4,1,0,0,0,0,0,2,0,0,0,0,5,1,2,1,0,0,4,1,0,0,0,0,1,187,75141,0,0,0,0,24,35,3,1,1,9,1,2,1,Jolteon
11-27,17:11:49,NINTEN,Tauros,Biker,8,Route 17,3,31:47.50,31:47,0h31m47s,0,1,1,43,2:04,10.81,BODY SLAM,THUNDERBOLT,ICE BEAM,EARTHQUAKE,10,5105,385,67,31,310,301,117,12,34108,Jolteon, ,Normal,Normal,101528,Tauros2,Tauros,,00:31:36.69,00:31:47.50,02:04:49.28,43,0,0,31,47,50,BODY SLAM,THUNDERBOLT,ICE BEAM,EARTHQUAKE,11,15,10,9,0,0,0,1,140,140,115,110,91,91,124,9078,12958,10665,14772,14772,13340,15,15,15,15,0,0,0,0,0,0,0,129,123,91,91,124,451329,177380,233832,38128,1989,10,0,0,5105,4505,600,0,385,98,67,31,1,0,15385,9331,597,591,285,29,88,0,0,0,0,0,69,0,6,0,0,4,4,1,0,0,0,0,0,2,0,0,0,0,5,1,2,1,0,0,4,1,0,0,0,0,1,190,77901,0,0,0,0,24,35,3,1,1,9,1,2,1,Jolteon
11-27,17:12:15,NINTEN,Tauros,Biker,12,Route 17,5,32:13.72,32:13,0h32m13s,0,1,1,43,2:06,15.359,BODY SLAM,THUNDERBOLT,ICE BEAM,EARTHQUAKE,10,5235,397,68,31,315,306,117,13,34668,Jolteon, ,Normal,Normal,105208,Tauros2,Tauros,,00:31:58.36,00:32:13.72,02:06:33.06,43,0,0,32,13,72,BODY SLAM,THUNDERBOLT,ICE BEAM,EARTHQUAKE,11,15,10,4,0,0,0,1,140,140,115,110,91,91,124,9328,13333,11190,15122,15122,13565,15,15,15,15,0,0,0,0,0,0,0,129,123,91,91,124,457547,179480,237950,38128,1989,10,0,0,5235,4505,730,0,397,99,68,31,1,0,16271,9650,597,591,290,29,88,0,0,0,0,0,70,0,6,0,0,4,4,1,0,0,0,0,0,2,0,0,0,0,5,1,2,1,0,0,4,1,0,0,0,0,1,195,81581,0,0,0,0,25,35,3,1,1,9,1,2,1,Jolteon
11-27,17:13:45,NINTEN,Tauros,Juggler,3,Fuchsia City - Gym,4,33:43.83,33:43,0h33m43s,0,1,1,44,2:12,14.338,BODY SLAM,THUNDERBOLT,ICE BEAM,EARTHQUAKE,10,5764,435,69,31,319,310,117,15,34668,Jolteon, ,Normal,Normal,108199,Tauros2,Tauros,,00:33:29.49,00:33:43.83,02:12:27.56,44,0,0,33,43,83,BODY SLAM,THUNDERBOLT,ICE BEAM,EARTHQUAKE,11,15,10,12,0,0,0,1,143,143,119,113,93,93,127,9548,16072,11355,15512,15512,13796,15,15,15,15,0,0,0,0,0,0,0,133,127,93,93,127,478837,192065,241835,42948,1989,10,0,0,5764,4672,1092,0,435,100,69,31,1,0,17066,9969,597,591,294,29,88,0,0,0,0,0,71,0,6,0,0,4,4,1,0,0,0,0,0,2,0,0,0,0,5,1,2,1,0,0,4,1,0,0,0,0,1,199,84572,0,0,0,0,28,35,3,1,1,10,1,2,1,Jolteon
11-27,17:13:59,NINTEN,Tauros,Tamer,2,Fuchsia City - Gym,3,33:56.98,33:56,0h33m56s,0,1,1,44,2:13,9.64,BODY SLAM,THUNDERBOLT,ICE BEAM,EARTHQUAKE,10,5771,436,70,31,322,313,117,15,35753,Jolteon, ,Normal,Normal,111429,Tauros2,Tauros,,00:33:47.34,00:33:56.98,02:13:19.48,44,0,0,33,56,98,BODY SLAM,THUNDERBOLT,ICE BEAM,EARTHQUAKE,9,15,9,12,0,0,0,1,143,143,119,113,93,93,127,9743,16342,11603,15697,15697,14021,15,15,15,15,0,0,0,0,0,0,0,133,127,93,93,127,481949,192411,244601,42948,1989,10,0,0,5771,4679,1092,0,436,101,70,31,1,0,17573,10240,597,591,297,29,88,0,0,0,0,0,72,0,6,0,0,4,4,1,0,0,0,0,0,2,0,0,0,0,5,1,2,1,0,0,4,1,0,0,0,0,1,202,87802,0,0,0,0,28,35,3,1,1,10,1,2,1,Jolteon
11-27,17:14:12,NINTEN,Tauros,Juggler,4,Fuchsia City - Gym,2,34:10.37,34:10,0h34m10s,0,1,1,44,2:14,7.991,BODY SLAM,THUNDERBOLT,ICE BEAM,EARTHQUAKE,10,5790,441,71,31,325,316,118,15,37073,Jolteon, ,Normal,Normal,113372,Tauros2,Tauros,,00:34:02.38,00:34:10.37,02:14:12.41,44,0,0,34,10,37,BODY SLAM,THUNDERBOLT,ICE BEAM,EARTHQUAKE,6,15,9,12,0,0,0,1,120,143,119,113,93,93,127,9888,16463,11718,15902,15902,14130,15,15,15,15,0,0,0,0,0,0,0,133,127,93,93,127,485122,193215,246970,42948,1989,10,0,0,5790,4698,1092,0,441,102,71,31,1,0,17911,10437,620,614,300,29,89,0,0,0,0,0,72,0,6,0,0,4,4,1,0,0,0,0,0,2,0,0,0,0,5,1,2,1,0,0,4,1,0,0,0,0,1,204,89745,0,0,0,0,28,35,3,1,1,10,1,2,1,Jolteon
11-27,17:14:36,NINTEN,Tauros,Koga,1,Fuchsia City - Gym,4,34:34.05,34:34,0h34m34s,0,1,1,45,2:15,13.453,BODY SLAM,THUNDERBOLT,ICE BEAM,EARTHQUAKE,11,5795,442,72,31,330,321,119,14,38263,Jolteon, ,Normal,Normal,117064,Tauros2,Tauros,Koga,00:34:20.60,00:34:34.05,02:15:45.57,45,0,0,34,34,5,BODY SLAM,THUNDERBOLT,ICE BEAM,EARTHQUAKE,1,15,9,12,0,0,0,1,138,147,122,116,95,95,131,10138,16693,11928,16112,16112,14355,15,15,15,15,0,0,0,0,0,0,0,137,130,95,95,131,490718,193759,250607,44363,1989,11,0,0,5795,4703,1092,0,442,103,72,31,1,0,18508,10933,629,623,305,29,90,0,0,0,0,0,73,0,6,0,0,4,4,1,0,0,0,0,0,2,0,0,0,0,5,1,2,1,0,0,4,1,0,0,0,0,1,208,93437,0,0,0,0,28,35,3,1,1,10,1,2,1,Jolteon
11-27,17:15:27,NINTEN,Tauros,Fisher,7,Route 21,4,35:25.67,35:25,0h35m25s,0,1,1,45,2:19,11.886,BODY SLAM,THUNDERBOLT,ICE BEAM,EARTHQUAKE,11,5945,456,73,31,334,325,119,14,43213,Jolteon, ,Normal,Normal,120790,Tauros2,Tauros,,00:35:13.79,00:35:25.67,02:19:09.29,45,0,0,35,25,67,BODY SLAM,THUNDERBOLT,ICE BEAM,EARTHQUAKE,15,11,10,12,0,0,0,1,147,147,122,116,95,95,131,10423,17036,12183,16402,16402,14622,15,15,15,15,0,0,0,0,0,0,0,137,130,95,95,147,502930,199346,253988,47607,1989,11,0,0,5945,4824,1092,29,456,104,73,31,1,0,19315,11261,629,623,309,29,90,0,0,0,0,0,75,0,6,0,0,4,4,1,0,0,0,0,0,2,0,0,0,0,5,1,2,1,0,0,4,1,0,0,0,0,1,212,97163,0,0,0,0,29,35,3,1,1,11,1,2,1,Jolteon
11-27,17:16:29,NINTEN,Tauros,Super Nerd,11,Cinnabar Island - Gym,1,36:27.65,36:27,0h36m27s,0,1,1,46,2:23,5.433,BODY SLAM,THUNDERBOLT,ICE BEAM,EARTHQUAKE,11,6318,482,74,31,335,326,119,16,44193,Jolteon, ,Normal,Normal,122476,Tauros2,Tauros,,00:36:22.22,00:36:27.65,02:23:14.06,46,0,0,36,27,65,BODY SLAM,THUNDERBOLT,ICE BEAM,EARTHQUAKE,15,11,10,11,0,0,0,1,150,150,125,118,97,97,133,10488,17136,12253,16482,16482,14727,15,15,15,15,0,0,0,0,0,0,0,140,132,97,97,149,517607,211122,255758,48738,1989,11,0,0,6318,5125,1092,101,482,105,74,31,1,0,19468,11371,629,623,310,29,90,0,0,0,0,0,75,0,6,0,0,4,4,1,0,0,0,0,0,2,0,0,0,0,5,1,2,1,0,0,4,1,0,0,0,0,1,213,98849,0,0,0,0,33,35,3,1,1,11,1,2,1,Jolteon
11-27,17:17:08,NINTEN,Tauros,Blaine,1,Cinnabar Island - Gym,3,37:06.39,37:06,0h37m6s,0,1,1,50,2:25,14.977,BODY SLAM,THUNDERBOLT,ICE BEAM,EARTHQUAKE,12,6353,489,75,31,340,331,121,15,45218,Jolteon, ,Normal,Normal,162600,Tauros2,Tauros,Blaine,00:36:51.41,00:37:06.39,02:25:46.56,50,0,0,37,6,39,BODY SLAM,THUNDERBOLT,ICE BEAM,EARTHQUAKE,14,11,10,7,0,0,0,1,128,162,136,128,106,106,145,10716,17422,12478,16742,16742,15027,15,15,15,15,0,0,0,0,0,0,0,153,144,106,106,163,526777,213081,259756,51951,1989,12,0,0,6353,5160,1092,101,489,106,75,31,1,0,20240,11808,663,657,315,29,92,0,0,0,0,0,77,0,6,0,0,4,5,1,0,0,0,0,0,2,0,0,0,0,5,1,2,1,0,0,6,1,0,0,0,0,1,216,105199,0,0,0,0,33,35,3,1,1,11,1,2,1,Jolteon
11-27,17:17:37,NINTEN,Tauros,Cooltrainer M,10,Viridian City - Gym,1,37:35.20,37:35,0h37m35s,0,1,1,50,2:27,4.72,BODY SLAM,THUNDERBOLT,ICE BEAM,EARTHQUAKE,12,6436,496,76,31,341,332,121,16,50564,Jolteon, ,Normal,Normal,163843,Tauros2,Tauros,,00:37:30.48,00:37:35.20,02:27:40.23,50,0,0,37,35,20,BODY SLAM,THUNDERBOLT,ICE BEAM,EARTHQUAKE,15,15,9,12,0,0,0,1,162,162,136,128,106,106,145,10796,17507,12573,16772,16772,15052,15,15,15,15,0,0,0,0,0,0,0,153,144,119,119,163,533584,217566,261431,52598,1989,12,0,0,6436,5243,1092,101,496,107,76,31,1,0,20642,11936,663,657,316,29,92,0,0,0,0,0,78,0,6,0,0,4,5,1,0,0,0,0,0,2,0,0,0,0,5,1,2,1,0,0,6,1,0,0,0,0,1,217,106442,0,0,0,0,33,35,3,1,1,11,1,2,1,Jolteon
11-27,17:17:52,NINTEN,Tauros,Blackbelt,8,Viridian City - Gym,3,37:50.65,37:50,0h37m50s,0,1,1,51,2:28,11.159,BODY SLAM,THUNDERBOLT,ICE BEAM,EARTHQUAKE,12,6444,504,77,31,344,335,121,16,52069,Jolteon, ,Normal,Normal,166934,Tauros2,Tauros,,00:37:39.49,00:37:50.65,02:28:41.20,51,0,0,37,50,65,BODY SLAM,THUNDERBOLT,ICE BEAM,EARTHQUAKE,12,15,9,12,0,0,0,1,166,166,139,131,108,108,148,11026,17787,12763,16907,16907,15177,15,15,15,15,0,0,0,0,0,0,0,156,147,121,121,166,537241,218075,264579,52598,1989,12,0,0,6444,5251,1092,101,504,108,77,31,1,0,21047,12271,663,657,319,29,92,0,0,0,0,0,78,0,6,0,0,4,5,1,0,0,0,0,0,2,0,0,0,0,5,1,2,1,0,0,6,1,0,0,0,0,1,220,109533,0,0,0,0,33,35,3,1,1,11,1,2,1,Jolteon
11-27,17:18:55,NINTEN,Tauros,Giovanni,3,Viridian City - Gym,5,38:53.08,38:53,0h38m53s,1,1,2,52,2:31,23.801,BODY SLAM,THUNDERBOLT,ICE BEAM,EARTHQUAKE,13,6516,520,78,31,353,344,123,16,53019,Jolteon, ,Normal,Normal,177155,Tauros2,Tauros,Giovanni,00:38:29.28,00:38:53.08,02:31:09.59,52,1,0,38,53,8,BODY SLAM,THUNDERBOLT,ICE BEAM,EARTHQUAKE,10,15,2,12,0,0,0,1,80,169,142,133,110,110,151,11402,18241,13157,17237,17237,15613,15,15,15,15,0,0,0,0,0,0,0,159,149,123,123,169,546166,220492,270673,52854,2147,13,1,0,6516,5323,1092,101,520,109,78,31,1,0,22078,13031,752,746,328,29,94,0,0,0,0,0,78,0,6,0,0,4,5,1,0,0,0,0,0,2,0,0,0,0,5,1,2,1,0,0,6,1,0,0,0,0,1,225,119754,0,0,0,0,33,35,3,1,1,11,1,2,2,Jolteon
11-27,17:19:43,NINTEN,Tauros,Rival6-Route 22,8,Route 22,6,39:41.87,39:41,0h39m41s,1,2,3,53,2:34,22.191,BODY SLAM,THUNDERBOLT,ICE BEAM,EARTHQUAKE,13,6654,527,79,32,360,351,125,17,58464,Jolteon, ,Normal,Normal,187289,Tauros2,Tauros,Rival (Final),00:39:19.68,00:39:41.87,02:34:22.45,53,1,0,39,41,87,BODY SLAM,THUNDERBOLT,ICE BEAM,EARTHQUAKE,14,13,8,10,0,0,0,1,163,172,144,136,112,112,153,11765,18652,13692,17767,17767,16123,15,15,15,15,0,0,0,0,0,0,0,162,153,126,126,172,557732,225318,277413,52854,2147,13,1,0,6654,5461,1092,101,527,111,79,32,2,0,23379,13768,761,755,335,30,95,0,0,0,0,0,80,0,6,0,0,4,5,1,0,0,0,0,0,2,0,0,0,0,5,1,2,1,0,0,6,1,0,0,0,0,1,231,129888,0,0,0,0,33,35,3,1,1,11,2,2,3,Jolteon
11-27,17:22:54,NINTEN,Tauros,Lorelei,1,Lorelei's Room,5,42:52.34,42:52,0h42m52s,2,2,4,54,2:44,28.021,BODY SLAM,THUNDERBOLT,ICE BEAM,EARTHQUAKE,14,7342,694,80,33,372,361,128,18,49909,Jolteon, ,Normal,Normal,197798,Tauros2,Tauros,Lorelei,00:42:24.32,00:42:52.34,02:44:50.48,54,2,0,42,52,34,BODY SLAM,THUNDERBOLT,ICE BEAM,EARTHQUAKE,13,7,10,12,0,0,0,1,88,175,147,140,114,114,157,12195,19027,14177,18217,18217,16448,15,15,15,15,0,0,0,0,0,0,0,165,157,128,128,176,595420,250919,285320,56877,2304,14,2,0,7342,5656,1548,138,694,113,80,33,3,0,24631,14696,848,842,345,30,97,0,0,0,0,0,83,0,6,0,0,4,7,1,0,0,0,0,0,2,0,0,0,0,5,1,2,1,0,0,8,2,0,1,0,0,1,236,140397,0,0,0,0,34,39,3,1,1,11,2,2,4,Jolteon
11-27,17:23:31,NINTEN,Tauros,Bruno,1,Bruno's Room,5,43:29.83,43:29,0h43m29s,2,2,4,54,2:47,23.31,BODY SLAM,THUNDERBOLT,ICE BEAM,EARTHQUAKE,15,7353,696,81,33,381,370,130,18,55453,Jolteon, ,Normal,Normal,206005,Tauros2,Tauros,Bruno,00:43:06.52,00:43:29.83,02:47:18.52,54,2,0,43,29,83,BODY SLAM,THUNDERBOLT,ICE BEAM,EARTHQUAKE,9,7,5,12,0,0,0,1,20,175,147,140,114,114,157,12455,19472,14709,18412,18412,16806,15,15,15,15,0,0,0,0,0,0,0,165,157,128,128,176,604304,251905,291310,58785,2304,15,2,0,7353,5667,1548,138,696,114,81,33,3,0,25882,15355,1003,997,354,30,99,0,0,0,0,0,84,0,6,0,0,4,7,1,0,0,0,0,0,2,0,0,0,0,5,1,2,1,0,0,8,2,0,1,0,0,1,241,148604,0,0,0,0,34,39,3,1,1,11,2,2,4,Jolteon
11-27,17:24:04,NINTEN,Tauros,Agatha,1,Agatha's Room,5,44:02.12,44:02,0h44m2s,2,2,4,55,2:49,21.338,BODY SLAM,THUNDERBOLT,ICE BEAM,EARTHQUAKE,16,7364,697,82,33,388,376,132,18,61195,Jolteon, ,Normal,Normal,216091,Tauros2,Tauros,Agatha,00:43:40.78,00:44:02.12,02:49:26.18,55,2,0,44,2,12,BODY SLAM,THUNDERBOLT,ICE BEAM,EARTHQUAKE,9,7,3,8,0,0,0,1,157,179,150,142,117,117,160,12755,19817,15013,18927,18927,17291,15,15,15,15,0,0,0,0,0,0,0,168,159,131,131,180,611950,252901,296843,59902,2304,16,2,0,7364,5678,1548,138,697,115,82,33,3,0,26932,16075,1025,1019,360,30,100,0,0,0,0,0,85,0,6,0,0,5,7,1,0,0,0,0,0,2,0,0,0,0,8,2,2,1,0,0,8,2,0,1,0,0,1,246,158690,0,0,0,0,34,39,3,1,1,11,2,2,4,Jolteon
11-27,17:24:48,NINTEN,Tauros,Lance,1,Lance's Room,5,44:46.15,44:46,0h44m46s,2,2,4,56,2:52,22.713,BODY SLAM,THUNDERBOLT,BLIZZARD,EARTHQUAKE,17,7414,701,83,33,396,384,134,17,67135,Jolteon, ,Normal,Normal,227697,Tauros2,Tauros,Lance,00:44:23.44,00:44:46.15,02:52:20.16,56,2,0,44,46,15,BODY SLAM,THUNDERBOLT,BLIZZARD,EARTHQUAKE,15,11,1,12,0,0,0,1,76,182,153,145,119,119,163,13143,20349,15382,19327,19327,17722,15,15,15,15,0,0,0,0,0,0,0,172,163,133,133,183,622388,254693,302668,62723,2304,17,2,0,7414,5728,1548,138,701,116,83,33,3,0,28037,16917,1131,1125,366,32,102,0,0,0,0,0,86,0,6,0,0,5,7,1,0,0,0,0,0,2,0,0,0,0,8,2,2,1,0,0,8,2,0,1,0,0,1,251,170296,0,0,0,0,34,39,3,1,1,12,2,2,4,Jolteon
11-27,17:25:46,NINTEN,Tauros,Champion,1,Champions Room,6,45:44.10,45:44,0h45m44s,2,2,4,58,2:56,38.582,BODY SLAM,THUNDERBOLT,BLIZZARD,EARTHQUAKE,18,7422,701,84,33,406,394,138,16,73273,Jolteon, ,Normal,Normal,246540,Tauros2,Tauros,Champion,00:45:05.52,00:45:44.10,02:56:09.27,58,2,0,45,44,10,BODY SLAM,THUNDERBOLT,BLIZZARD,EARTHQUAKE,12,13,4,8,0,0,0,1,62,189,159,150,123,123,169,13556,20830,15937,19937,19937,18262,15,15,15,15,0,0,0,0,0,0,0,178,168,138,138,190,636139,256326,312370,65139,2304,18,2,0,7422,5736,1548,138,701,117,84,33,3,0,29448,17946,1258,1252,376,32,106,0,0,0,0,0,87,0,6,0,0,5,8,1,0,0,0,0,0,2,0,0,0,0,8,2,2,1,0,0,9,2,0,1,0,0,1,257,185345,0,0,0,0,34,39,3,1,1,12,2,2,4,Jolteon
11-27,17:26:08,NINTEN,Tauros,Champion,1,Hall of Fame,6,45:44.11,45:44,0h45m44s,2,2,4,58,2:57,61.001,BODY SLAM,THUNDERBOLT,BLIZZARD,EARTHQUAKE,18,7431,702,84,33,406,394,138,16,79708,Jolteon, ,Normal,Normal,246540,Tauros2,Tauros,Champion,00:45:05.52,00:45:44.11,02:57:38.18,58,2,0,45,44,11,BODY SLAM,THUNDERBOLT,BLIZZARD,EARTHQUAKE,12,13,4,8,0,0,0,1,62,189,159,150,123,123,169,13556,20830,15937,19937,19937,18262,15,15,15,15,0,0,0,0,0,0,0,178,168,138,138,190,641470,261190,312837,65139,2304,18,2,0,7431,5745,1548,138,702,117,84,33,3,0,29448,17946,1258,1252,376,32,106,0,0,0,0,0,87,0,6,0,0,5,8,1,0,0,0,0,0,2,0,0,0,0,8,2,2,1,0,0,9,2,0,1,0,0,1,257,185345,0,0,0,0,34,39,3,1,1,12,2,2,4,Jolteon
