date_string,time_string,player_name,pokemon,trainer_name,trainer_id,location,total_pokemon,real_time_total,real_time_hmmss,real_time_file_label,resets,blackouts,failures,level,game_time,battle_duration,move1,move2,move3,move4,move1pp,move2pp,move3pp,move4pp,move1ppUp,move2ppUp,move3ppUp,move4ppUp,saves,steps,bonks,trainerBattles,wildBattles,battleTurns,playerTurns,enemyTurns,itemsInBag,money,rivalTeam,statusCondition,type1,type2,experience,ROM,Species,Trainer,Start Time,Real Time,Game Time,Level,Resets,RTHours,RTMinutes,RTSeconds,RTMilliseconds,Move 1,Move 2,Move 3,Move 4,Hp,Max HP,Attack,Defense,Sp. Attack,Sp. Defense,Speed,Attack DV,Defense DV,Speed DV,Special DV,StatExp HP,StatExp Attack,StatExp Def,StatExp Sp. Attack,StatExp Sp. Defense,StatExp Speed,Attack Stage,Defense Stage,Sp. Attack Stage,Sp. Defense Stage,Speed Stage,Accuracy Stage,Evasion Stage,Battle Attack,Battle Defense,Battle Sp. Attack,Battle Sp. Defense,Battle Speed,Frame Count,Overworld Frame Count,Battle Frame Count,Menu Frame Count,Intro Frame Count,Save Count,Reload Count,Clock Reset Count,Steps Count,Steps Count Walk,Steps Count Bike,Steps Count Surf,Bonks,Battles,Trainer Battles,Wild Battles,Battles Fled,Failed Runs,Total Damage Dealt,Actual Damage Dealt,Total Damage Taken,Actual Damage Taken,Own Moves Hit,Own Moves Missed,Enemy Moves Hit,Enemy Moves Missed,Own Moves Super Effective,Own Moves Not Very Effective,Enemy Moves Super Effective,Enemy Moves Not Very Effective,Criticals Dealt,OHKOs Dealt,Criticals Taken,OHKOs Taken,Was Confused,Enemy Became Confused,Was Paralyzed,Enemy Was Paralyzed,Was Burned,Enemy Was Burned,Was Frozen,Enemy Was Frozen,Was Poisoned,Enemy Was Poisoned,Was Badly Poisoned,Enemy Was Badly Poisoned,Fell Asleep,Enemy Fell Asleep,Player Turns Confused,Player Turns Confused Hit Self,Player Turns Paralyzed,Player Turns Paralyzed Fully,Enemy Turns Confused,Enemy Turns Confused Hit Self,Enemy Turns Paralyzed,Enemy Turns Paralyzed Fully, Player Turns Asleep, Enemy Turns Asleep,Player HP Healed,Enemy HP Healed,Player Pokemon Fainted,Enemy Pokemon Fainted,Experience Gained,Switchouts,Money Made,Money Spent,Money Lost,Items Picked Up,Items Bought,Items Sold,Balls Thrown,Pokemon Caught In Balls,Moves Learnt,Blackouts,Attempt Number,Failures, Rival's Team
10-07,08:14:48,NINTEN,Machop,Rival1-Lab,1,Pallet Town - Oak's Lab,1,44.51,44,0h0m44s,0,0,0,6,0:02,9.73,KARATE CHOP,,,,0,71,1,1,1,4,4,4,0,3000,Jolteon, ,Fighting,Fighting,232,Machop2,Machop,Rival (Lab),00:00:34.78,00:00:44.51,00:02:22.51,6,0,0,0,44,51,KARATE CHOP,,,,21,0,0,0,0,0,0,0,16,26,16,12,11,11,11,55,55,50,65,65,55,15,15,15,15,0,-1,0,0,0,0,0,16,7,11,11,11,10539,5003,3540,0,1996,0,0,0,71,71,0,0,1,2,1,1,0,0,26,21,10,10,4,1,3,0,0,0,0,0,1,0,0,0,0,0,0,0,0,0,0,0,0,0,0,0,0,0,0,0,0,0,0,0,0,0,0,0,0,0,0,1,97,0,0,0,0,0,0,0,0,0,0,0,2,0,Jolteon
10-07,08:16:29,NINTEN,Machop,Bug Catcher,1,Viridian Forest,2,2:25.72,2:25,0h2m25s,0,0,0,9,0:09,16.474,KARATE CHOP,,,,0,536,39,2,4,15,15,13,4,75,Flareon, ,Fighting,Fighting,436,Machop2,Machop,,00:02:09.25,00:02:25.72,00:09:02.28,9,0,0,2,25,72,KARATE CHOP,,,,14,0,0,0,0,0,0,0,17,34,22,16,14,14,14,225,205,200,175,175,257,15,15,15,15,0,0,0,0,-1,0,0,22,16,14,14,9,34516,20848,11672,0,1996,0,0,0,536,536,0,0,39,6,2,4,0,0,136,100,27,27,15,3,10,0,0,0,0,0,4,0,1,0,0,0,0,0,0,0,0,0,0,0,0,0,0,0,0,0,0,0,0,0,0,0,0,0,0,0,0,5,301,0,0,0,0,0,13,0,0,0,0,0,2,0,Flareon
10-07,08:16:49,NINTEN,Machop,Bug Catcher,2,Viridian Forest,3,2:46.00,2:46,0h2m46s,0,0,0,10,0:10,14.05,KARATE CHOP,,,,0,554,40,3,4,21,21,16,4,145,Flareon, ,Fighting,Fighting,685,Machop2,Machop,,00:02:31.96,00:02:46.00,00:10:22.30,10,0,0,2,46,0,KARATE CHOP,,,,8,0,0,0,0,0,0,0,37,37,24,18,15,15,15,370,275,345,245,245,362,15,15,15,15,0,0,0,0,0,0,0,24,18,15,15,15,39318,21418,15450,454,1996,0,0,0,554,554,0,0,40,7,3,4,0,0,229,166,27,27,21,4,10,0,0,0,0,0,8,0,1,0,0,0,0,0,0,0,0,0,0,0,0,0,0,0,0,0,0,0,0,0,0,0,0,0,0,0,0,8,550,0,0,0,0,0,13,0,0,0,0,0,2,0,Flareon
10-07,08:17:04,NINTEN,Machop,Lass,19,Viridian Forest,2,3:01.28,3:01,0h3m1s,0,0,0,11,0:11,8.568,KARATE CHOP,,,,0,612,44,4,4,24,24,17,4,205,Flareon, ,Fighting,Fighting,836,Machop2,Machop,,00:02:52.71,00:03:01.28,00:11:22.51,11,0,0,3,1,28,KARATE CHOP,,,,5,0,0,0,0,0,0,0,38,40,26,19,16,16,16,471,379,437,325,325,453,15,15,15,15,0,0,0,0,0,0,0,26,19,16,16,16,42939,22549,17940,454,1996,0,0,0,612,612,0,0,44,8,4,4,0,0,285,211,29,29,24,4,11,0,0,0,0,0,10,0,1,0,0,0,0,0,0,0,0,0,0,0,0,0,0,0,0,0,0,0,0,0,0,0,0,0,0,0,0,10,701,0,0,0,0,0,13,0,0,0,0,0,2,0,Flareon
10-07,08:18:30,NINTEN,Machop,Bug Catcher,15,Viridian Forest,2,4:26.79,4:26,0h4m26s,0,0,0,13,0:16,8.116,KARATE CHOP,,,,0,923,55,5,13,41,41,24,4,295,Flareon, ,Fighting,Fighting,1487,Machop2,Machop,,00:04:18.68,00:04:26.79,00:16:59.42,13,0,0,4,26,79,KARATE CHOP,,,,15,0,0,0,0,0,0,0,34,46,30,22,18,18,18,1000,741,932,630,630,930,15,15,15,15,0,0,0,0,0,0,0,30,22,18,18,18,63150,29526,31174,454,1996,0,0,0,923,923,0,0,55,18,5,13,0,0,632,446,52,52,41,5,16,0,0,0,0,0,17,0,1,0,0,0,0,0,0,0,0,0,0,0,0,0,0,0,0,0,0,0,0,0,0,0,0,0,0,0,0,21,1352,0,0,0,0,1,13,0,0,0,0,0,2,0,Flareon
10-07,08:18:50,NINTEN,Machop,Bug Catcher,3,Viridian Forest,1,4:47.27,4:47,0h4m47s,0,0,0,14,0:18,6.364,KARATE CHOP,,,,0,971,61,6,15,45,45,25,4,375,Flareon, ,Fighting,Fighting,1701,Machop2,Machop,,00:04:40.90,00:04:47.27,00:18:20.21,14,0,0,4,47,27,KARATE CHOP,,,,11,0,0,0,0,0,0,0,33,48,32,24,19,19,20,1145,811,1077,700,700,1035,15,15,15,15,0,0,0,0,0,0,0,32,24,19,19,20,67989,30517,35022,454,1996,0,0,0,971,971,0,0,61,21,6,15,0,0,742,516,55,55,45,5,17,0,0,0,0,0,20,0,1,0,0,0,0,0,0,0,0,0,0,0,0,0,0,0,0,0,0,0,0,0,0,0,0,0,0,0,0,24,1566,0,0,0,0,1,13,0,0,0,0,0,2,0,Flareon
10-07,08:19:35,NINTEN,Machop,Jr Trainer M,1,Pewter City - Gym,2,5:32.07,5:32,0h5m32s,0,0,0,15,0:21,9.475,KARATE CHOP,,,,0,1113,71,7,19,52,52,27,4,475,Flareon, ,Fighting,Fighting,2180,Machop2,Machop,,00:05:22.60,00:05:32.07,00:21:16.37,15,0,0,5,32,7,KARATE CHOP,,,,22,0,0,0,0,0,0,0,44,51,34,25,21,21,21,1390,1051,1347,860,860,1335,15,15,15,15,0,0,0,0,0,0,0,34,25,21,21,21,78565,34574,41541,454,1996,0,0,0,1113,1113,0,0,71,26,7,19,0,0,952,642,62,62,52,5,19,0,0,0,0,0,24,0,1,0,0,0,0,0,0,0,0,0,0,0,0,0,0,0,0,0,0,0,0,0,0,0,0,0,0,0,0,30,2045,0,0,0,0,1,13,0,0,0,0,0,2,0,Flareon
10-07,08:20:45,NINTEN,Machop,Brock,1,Pewter City - Gym,2,6:41.88,6:41,0h6m41s,1,0,1,16,0:23,29.584,KARATE CHOP,,,,1,1119,79,8,19,69,65,39,4,655,Flareon, ,Fighting,Fighting,2640,Machop2,Machop,Brock,00:06:12.29,00:06:41.88,00:23:46.44,16,1,0,6,41,88,KARATE CHOP,,,,9,0,0,0,0,0,0,0,15,54,36,27,22,22,22,1465,1176,1607,920,920,1425,15,15,15,15,0,-6,0,0,0,0,0,36,6,22,22,22,87577,35223,49183,1019,2152,1,1,0,1119,1119,0,0,79,27,8,19,0,0,1015,703,101,101,65,7,28,0,0,0,0,0,30,0,1,0,0,0,0,0,0,0,0,0,0,0,0,0,0,0,0,0,0,0,0,0,0,0,0,0,0,0,0,32,2505,0,0,0,0,1,13,0,0,0,0,0,2,1,Flareon
10-07,08:21:16,NINTEN,Machop,Bug Catcher,4,Route 3,3,7:13.14,7:13,0h7m13s,1,0,1,16,0:25,11.515,KARATE CHOP,,,,1,1232,79,9,19,73,69,42,5,1843,Flareon, ,Fighting,Fighting,2975,Machop2,Machop,,00:07:01.62,00:07:13.14,00:25:50.14,16,1,0,7,13,14,KARATE CHOP,,,,21,0,0,0,0,0,0,0,54,54,36,27,22,22,22,1595,1271,1707,980,980,1565,15,15,15,15,0,0,0,0,-2,0,0,50,27,22,22,11,94987,38901,52915,1019,2152,1,1,0,1232,1232,0,0,79,28,9,19,0,0,1142,792,101,101,69,8,30,0,0,0,0,0,32,0,1,0,0,0,0,0,0,0,0,0,0,0,0,0,0,0,0,0,0,0,0,0,0,0,0,0,0,0,0,35,2840,0,0,0,0,1,13,0,0,0,0,0,2,1,Flareon
10-07,08:21:29,NINTEN,Machop,Youngster Ben,1,Route 3,2,7:26.06,7:26,0h7m26s,1,0,1,17,0:26,9.528,KARATE CHOP,,,,1,1236,79,10,19,76,72,44,5,1943,Flareon, ,Fighting,Fighting,3253,Machop2,Machop,,00:07:16.53,00:07:26.06,00:26:41.13,17,1,0,7,26,6,KARATE CHOP,,,,18,0,0,0,0,0,0,0,51,57,38,28,23,23,23,1660,1387,1786,1045,1045,1692,15,15,15,15,0,-1,0,0,0,0,0,42,18,23,23,23,98046,39194,55681,1019,2152,1,1,0,1236,1236,0,0,79,29,10,19,0,0,1229,851,107,107,72,8,32,0,0,0,0,0,34,0,1,0,0,0,0,0,0,0,0,0,0,0,0,0,0,0,0,0,0,0,0,0,0,0,0,0,0,0,0,37,3118,0,0,0,0,1,13,0,0,0,0,0,2,1,Flareon
10-07,08:21:45,NINTEN,Machop,Bug Catcher,5,Route 3,4,7:42.32,7:42,0h7m42s,1,0,1,17,0:27,13.049,KARATE CHOP,,,,1,1240,83,11,19,81,77,45,5,2108,Flareon, ,Fighting,Fighting,3728,Machop2,Machop,,00:07:29.27,00:07:42.32,00:27:45.15,17,1,0,7,42,32,KARATE CHOP,,,,13,0,0,0,0,0,0,0,51,57,38,28,23,23,23,1840,1497,1956,1135,1135,1852,15,15,15,15,0,0,0,0,0,0,0,42,28,23,23,23,101888,39440,59277,1019,2152,1,1,0,1240,1240,0,0,83,30,11,19,0,0,1412,963,107,107,77,8,32,0,0,0,0,0,38,0,1,0,0,0,0,0,0,0,0,0,0,0,0,0,0,0,0,0,0,0,0,0,0,0,0,0,0,0,0,41,3593,0,0,0,0,1,13,0,0,0,0,0,2,1,Flareon
10-07,08:21:57,NINTEN,Machop,Bug Catcher,6,Route 3,2,7:53.56,7:53,0h7m53s,1,0,1,18,0:28,7.392,KARATE CHOP,,,,1,1248,84,12,19,83,79,45,5,2198,Flareon, ,Fighting,Fighting,4021,Machop2,Machop,,00:07:46.17,00:07:53.56,00:28:29.35,18,1,0,7,53,56,KARATE CHOP,,,,11,0,0,0,0,0,0,0,54,60,41,30,24,24,24,1935,1547,2046,1180,1180,1927,15,15,15,15,0,0,0,0,0,0,0,46,30,24,24,24,104548,39808,61569,1019,2152,1,1,0,1248,1248,0,0,84,31,12,19,0,0,1488,1028,107,107,79,8,32,0,0,0,0,0,40,0,1,0,0,0,0,0,0,0,0,0,0,0,0,0,0,0,0,0,0,0,0,0,0,0,0,0,0,0,0,43,3886,0,0,0,0,1,13,0,0,0,0,0,2,1,Flareon
10-07,08:22:23,NINTEN,Machop,Super Nerd,1,Mt Moon - 1,2,8:19.64,8:19,0h8m19s,1,0,1,18,0:30,9.17,KARATE CHOP,,,,1,1391,87,13,19,86,82,47,5,2308,Flareon, ,Fighting,Fighting,4470,Machop2,Machop,,00:08:10.47,00:08:19.64,00:30:12.34,18,1,0,8,19,64,KARATE CHOP,,,,22,0,0,0,0,0,0,0,58,60,41,30,24,24,24,2000,1612,2166,1330,1330,2072,15,15,15,15,0,-2,0,0,0,0,0,51,15,24,24,24,110727,43398,64158,1019,2152,1,1,0,1391,1391,0,0,87,32,13,19,0,0,1581,1087,109,109,82,8,34,0,0,0,0,0,43,0,1,0,0,0,0,0,0,0,0,0,0,0,0,0,0,0,0,0,0,0,0,0,0,0,0,0,0,0,0,45,4335,0,0,0,0,1,13,0,0,0,0,0,2,1,Flareon
10-07,08:23:09,NINTEN,Machop,Fossil Nerd,2,Mt Moon - 3,3,9:06.22,9:06,0h9m6s,1,0,1,19,0:33,16.365,KARATE CHOP,MEGA PUNCH,,,1,1656,94,14,19,92,88,51,6,2583,Flareon, ,Fighting,Fighting,5257,Machop2,Machop,,00:08:49.85,00:09:06.22,00:33:16.43,19,1,0,9,6,22,KARATE CHOP,MEGA PUNCH,,,21,15,0,0,0,0,0,0,51,63,43,31,25,25,26,2160,1787,2361,1485,1485,2232,15,15,15,15,0,0,0,0,0,0,0,48,31,25,25,26,121776,49373,68462,1789,2152,1,1,0,1656,1656,0,0,94,33,14,19,0,0,1718,1196,119,119,87,11,36,0,0,0,0,0,43,0,1,0,0,0,0,0,0,0,0,0,0,0,0,0,0,0,0,0,0,0,0,0,0,0,0,0,0,0,0,48,5122,0,0,0,0,3,13,0,0,0,1,0,2,1,Flareon
10-07,08:23:35,NINTEN,Machop,Rocket,42,Mt Moon - 3,3,9:31.41,9:31,0h9m31s,1,0,1,20,0:34,17.083,KARATE CHOP,MEGA PUNCH,LOW KICK,,1,1672,96,15,19,100,93,54,7,2883,Flareon, ,Fighting,Fighting,5992,Machop2,Machop,,00:09:14.33,00:09:31.41,00:34:56.27,20,1,0,9,31,41,KARATE CHOP,MEGA PUNCH,LOW KICK,,17,14,20,0,0,0,0,0,41,66,45,33,27,27,27,2275,1957,2535,1625,1625,2412,15,15,15,15,0,0,0,0,0,0,0,50,33,27,27,27,127760,50882,72937,1789,2152,1,1,0,1672,1672,0,0,96,34,15,19,0,0,1861,1306,132,132,92,12,38,0,0,0,0,0,45,0,1,0,0,0,0,0,0,0,0,0,0,0,0,0,0,0,0,0,0,0,0,0,0,0,0,0,0,0,0,51,5857,0,0,0,0,3,13,0,0,0,2,0,2,1,Flareon
10-07,08:24:28,NINTEN,Machop,Rival2-Nugget Bridge,3,Cerulean City,4,10:25.14,10:25,0h10m25s,1,0,1,21,0:38,27.153,KARATE CHOP,MEGA PUNCH,LOW KICK,,1,1856,115,16,19,114,107,66,7,3303,Flareon, ,Fighting,Fighting,7030,Machop2,Machop,Rival (Nugget Bridge),00:09:57.99,00:10:25.14,00:38:28.44,21,1,0,10,25,14,KARATE CHOP,MEGA PUNCH,LOW KICK,,23,15,13,0,0,0,0,0,11,69,47,35,28,28,28,2450,2203,2735,1776,1776,2649,15,15,15,15,0,0,0,0,0,-3,0,65,35,28,28,28,140497,56670,79886,1789,2152,1,1,0,1856,1856,0,0,115,35,16,19,0,0,2120,1477,190,190,97,24,47,0,0,0,0,0,46,0,3,0,0,0,0,0,0,0,0,0,0,0,0,0,0,0,0,0,0,0,0,0,0,0,0,0,0,0,0,55,6895,0,0,0,0,4,13,0,0,0,2,0,2,1,Flareon
10-07,08:24:53,NINTEN,Machop,Bug Catcher,9,Route 24,2,10:49.54,10:49,0h10m49s,1,0,1,21,0:40,7.637,MEGA PUNCH,KARATE CHOP,LOW KICK,,1,1929,121,17,19,116,109,66,7,3898,Flareon, ,Fighting,Fighting,7345,Machop2,Machop,,00:10:41.90,00:10:49.54,00:40:05.08,21,1,0,10,49,54,MEGA PUNCH,KARATE CHOP,LOW KICK,,18,25,20,0,0,0,0,0,69,69,47,35,28,28,28,2535,2268,2800,1816,1816,2744,15,15,15,15,0,0,0,0,0,0,0,52,35,28,28,28,146281,60117,82223,1789,2152,1,1,0,1929,1929,0,0,121,36,17,19,0,0,2243,1552,190,190,99,24,47,0,0,0,0,0,47,0,3,0,0,0,0,0,0,0,0,0,0,0,0,0,0,0,0,0,0,0,0,0,0,0,0,0,0,0,0,57,7210,0,0,0,0,4,13,0,0,0,2,0,2,1,Flareon
10-07,08:25:06,NINTEN,Machop,Lass,8,Route 24,2,11:02.37,11:02,0h11m2s,1,0,1,22,0:40,9.998,MEGA PUNCH,KARATE CHOP,LOW KICK,,1,1931,127,18,19,119,112,67,7,4038,Flareon, ,Fighting,Fighting,7687,Machop2,Machop,,00:10:52.37,00:11:02.37,00:40:55.44,22,1,0,11,2,37,MEGA PUNCH,KARATE CHOP,LOW KICK,,18,23,19,0,0,0,0,0,69,72,49,36,29,29,29,2630,2360,2892,1891,1891,2841,15,15,15,15,0,0,0,0,0,0,0,55,36,29,29,29,149317,60281,85095,1789,2152,1,1,0,1931,1931,0,0,127,37,18,19,0,0,2333,1630,193,193,102,24,48,0,0,0,0,0,47,0,3,0,0,0,0,0,0,0,0,0,0,0,0,0,0,0,0,0,0,0,0,0,0,0,0,0,0,0,0,59,7552,0,0,0,0,4,13,0,0,0,2,0,2,1,Flareon
10-07,08:25:21,NINTEN,Machop,Youngster,4,Route 24,3,11:17.34,11:17,0h11m17s,1,0,1,22,0:41,12.03,MEGA PUNCH,KARATE CHOP,LOW KICK,,1,1935,128,19,19,124,117,69,7,4248,Flareon, ,Fighting,Fighting,8206,Machop2,Machop,,00:11:05.31,00:11:17.34,00:41:54.47,22,1,0,11,17,34,MEGA PUNCH,KARATE CHOP,LOW KICK,,15,23,17,0,0,0,0,0,69,72,49,36,29,29,29,2735,2521,3006,1996,1996,3023,15,15,15,15,0,-1,0,0,0,0,0,61,23,29,29,29,152860,60471,88448,1789,2152,1,1,0,1935,1935,0,0,128,38,19,19,0,0,2531,1737,193,193,105,26,50,0,0,0,0,0,47,0,3,0,0,1,0,0,0,0,0,0,0,0,0,0,0,0,1,0,0,0,0,0,0,0,0,0,0,0,0,62,8071,0,0,0,0,4,13,0,0,0,2,0,2,1,Flareon
10-07,08:25:34,NINTEN,Machop,Lass,7,Route 24,2,11:31.10,11:31,0h11m31s,1,0,1,22,0:42,11.003,MEGA PUNCH,KARATE CHOP,LOW KICK,,1,1939,130,20,19,129,122,73,7,4458,Flareon, ,Fighting,Fighting,8594,Machop2,Machop,,00:11:20.10,00:11:31.10,00:42:49.08,22,1,0,11,31,10,MEGA PUNCH,KARATE CHOP,LOW KICK,,11,22,17,0,0,0,0,0,47,72,49,36,29,29,29,2830,2613,3098,2071,2071,3120,15,15,15,15,0,0,0,0,0,0,0,55,36,29,29,29,156121,60627,91553,1789,2152,1,1,0,1939,1939,0,0,130,39,20,19,0,0,2648,1824,215,215,108,28,54,0,0,0,0,0,48,0,3,0,0,1,0,0,0,0,0,0,0,0,0,0,0,0,1,0,0,0,0,0,0,0,0,0,0,0,0,64,8459,0,0,0,0,4,13,0,0,0,2,0,2,1,Flareon
10-07,08:25:43,NINTEN,Machop,Jr Trainer M,3,Route 24,1,11:39.86,11:39,0h11m39s,1,0,1,23,0:43,5.632,MEGA PUNCH,KARATE CHOP,LOW KICK,,1,1943,147,21,19,130,123,74,7,4698,Flareon, ,Fighting,Fighting,8879,Machop2,Machop,,00:11:34.23,00:11:39.86,00:43:23.40,23,1,0,11,39,86,MEGA PUNCH,KARATE CHOP,LOW KICK,,10,22,17,0,0,0,0,0,50,75,51,38,30,30,31,2870,2693,3133,2106,2106,3190,15,15,15,15,0,-1,0,0,0,0,0,57,25,30,30,31,158194,60879,93374,1789,2152,1,1,0,1943,1943,0,0,147,40,21,19,0,0,2719,1869,215,215,109,28,55,0,0,0,0,0,49,0,3,0,0,1,0,0,0,0,0,0,0,0,0,0,0,0,1,0,0,0,0,0,0,0,0,0,0,0,0,65,8744,0,0,0,0,4,13,0,0,0,2,0,2,1,Flareon
10-07,08:25:56,NINTEN,Machop,Rocket,6,Route 24,2,11:52.91,11:52,0h11m52s,1,0,1,23,0:44,6.509,MEGA PUNCH,KARATE CHOP,LOW KICK,,1,1949,167,22,19,132,125,74,8,5058,Flareon, ,Fighting,Fighting,9249,Machop2,Machop,,00:11:46.40,00:11:52.91,00:44:15.08,23,1,0,11,52,91,MEGA PUNCH,KARATE CHOP,LOW KICK,,8,22,17,0,0,0,0,0,50,75,51,38,30,30,31,2945,2798,3212,2186,2186,3300,15,15,15,15,0,0,0,0,0,0,0,57,38,30,30,31,161281,61917,95423,1789,2152,1,1,0,1949,1949,0,0,167,41,22,19,0,0,2825,1945,215,215,111,28,55,0,0,0,0,0,49,0,3,0,0,1,0,0,0,0,0,0,0,0,0,0,0,0,1,0,0,0,0,0,0,0,0,0,0,0,0,67,9114,0,0,0,0,4,13,0,0,0,2,0,2,1,Flareon
10-07,08:26:14,NINTEN,Machop,Hiker,2,Route 25,2,12:10.91,12:10,0h12m10s,1,0,1,23,0:45,9.104,MEGA PUNCH,KARATE CHOP,LOW KICK,,1,1991,169,23,19,135,128,75,8,5508,Flareon, ,Fighting,Fighting,9807,Machop2,Machop,,00:12:01.80,00:12:10.91,00:45:26.16,23,1,0,12,10,91,MEGA PUNCH,KARATE CHOP,LOW KICK,,7,21,16,0,0,0,0,0,39,75,51,38,30,30,31,3055,2958,3362,2251,2251,3355,15,15,15,15,0,0,0,0,0,0,0,57,38,30,30,31,165549,63524,98084,1789,2152,1,1,0,1991,1991,0,0,169,42,23,19,0,0,2937,2032,226,226,114,28,56,0,0,0,0,0,49,0,4,0,0,1,0,0,0,0,0,0,0,0,0,0,0,0,1,0,0,0,0,0,0,0,0,0,0,0,0,69,9672,0,0,0,0,4,13,0,0,0,2,0,2,1,Flareon
10-07,08:26:31,NINTEN,Machop,Lass,9,Route 25,2,12:27.68,12:27,0h12m27s,1,0,1,23,0:46,9.219,MEGA PUNCH,KARATE CHOP,LOW KICK,,1,2011,174,24,19,138,131,76,9,6033,Flareon, ,Fighting,Fighting,10188,Machop2,Machop,,00:12:18.47,00:12:27.68,00:46:32.37,23,1,0,12,27,68,MEGA PUNCH,KARATE CHOP,LOW KICK,,5,20,16,0,0,0,0,0,33,75,51,38,30,30,31,3156,3062,3454,2331,2331,3446,15,15,15,15,0,0,0,0,0,0,0,57,38,30,30,31,169530,64815,100774,1789,2152,1,1,0,2011,2011,0,0,174,43,24,19,0,0,3050,2116,232,232,117,28,57,0,0,0,0,0,49,0,4,0,0,1,0,0,0,0,0,0,0,0,0,0,0,0,1,0,0,0,0,0,0,0,0,0,0,0,0,71,10053,0,0,0,0,5,13,0,0,0,2,0,2,1,Flareon
10-07,08:26:43,NINTEN,Machop,Jr Trainer M,2,Route 25,2,12:40.04,12:40,0h12m40s,1,0,1,24,0:47,8.111,MEGA PUNCH,KARATE CHOP,LOW KICK,,1,2023,176,25,19,140,133,76,9,6258,Flareon, ,Fighting,Fighting,10545,Machop2,Machop,,00:12:31.93,00:12:40.04,00:47:21.19,24,1,0,12,40,4,MEGA PUNCH,KARATE CHOP,LOW KICK,,4,20,15,0,0,0,0,0,36,78,53,39,31,31,32,3221,3178,3533,2396,2396,3573,15,15,15,15,0,0,0,0,0,0,0,59,39,31,31,32,172452,65338,103173,1789,2152,1,1,0,2023,2023,0,0,176,44,25,19,0,0,3203,2186,232,232,119,28,57,0,0,0,0,0,49,0,4,0,0,1,0,0,0,0,0,0,0,0,0,0,0,0,1,0,0,0,0,0,0,0,0,0,0,0,0,73,10410,0,0,0,0,5,13,0,0,0,2,0,2,1,Flareon
10-07,08:27:00,NINTEN,Machop,Oddish Lass,10,Route 25,3,12:56.61,12:56,0h12m56s,1,0,1,24,0:48,10.441,MEGA PUNCH,KARATE CHOP,LOW KICK,,1,2040,177,26,19,143,136,77,9,6538,Flareon, ,Fighting,Fighting,11130,Machop2,Machop,Oddish Lass,00:12:46.16,00:12:56.61,00:48:26.42,24,1,0,12,56,61,MEGA PUNCH,KARATE CHOP,LOW KICK,,2,19,15,0,0,0,0,0,31,78,53,39,31,31,32,3351,3323,3683,2581,2581,3689,15,15,15,15,0,0,0,0,0,0,0,59,39,31,31,32,176375,66297,106137,1789,2152,1,1,0,2040,2040,0,0,177,45,26,19,0,0,3329,2293,237,237,122,28,58,0,0,0,0,0,49,0,4,0,0,1,0,0,0,0,0,0,0,0,0,0,0,0,1,0,0,0,0,0,0,0,0,0,0,0,0,76,10995,0,0,0,0,5,13,0,0,0,2,0,2,1,Flareon
10-07,08:27:38,NINTEN,Machop,Cerulean Rocket,5,Cerulean City,2,13:34.63,13:34,0h13m34s,1,0,1,25,0:50,12.524,MEGA PUNCH,KARATE CHOP,LOW KICK,LEER,1,2181,181,27,19,147,140,79,11,6733,Flareon, ,Fighting,Fighting,11819,Machop2,Machop,Rocket,00:13:22.11,00:13:34.63,00:50:57.04,25,1,0,13,34,63,MEGA PUNCH,KARATE CHOP,LOW KICK,LEER,1,18,13,30,0,0,0,0,21,81,56,41,33,33,33,3481,3451,3778,2706,2706,3766,15,15,15,15,0,0,0,0,0,0,0,63,41,33,33,33,185397,71843,109613,1789,2152,1,1,0,2181,2181,0,0,181,46,27,19,0,0,3472,2396,250,250,126,28,60,0,0,0,0,0,49,0,5,0,0,1,0,0,0,0,0,0,0,0,0,0,0,0,1,0,0,0,0,0,0,0,0,0,0,0,0,78,11684,0,0,0,0,6,13,0,0,0,2,0,2,1,Flareon
10-07,08:28:08,NINTEN,Machop,Pecking Lass,1,Cerulean City - Gym,1,14:04.48,14:04,0h14m4s,1,0,1,25,0:52,7.389,MEGA PUNCH,KARATE CHOP,LOW KICK,DIG,1,2260,186,28,19,150,142,81,11,7243,Flareon, ,Fighting,Fighting,12270,Machop2,Machop,,00:13:57.09,00:14:04.48,00:52:55.06,25,1,0,14,4,48,MEGA PUNCH,KARATE CHOP,LOW KICK,DIG,20,24,20,9,0,0,0,0,68,81,56,41,33,33,33,3526,3518,3838,2756,2756,3829,15,15,15,15,0,0,0,0,0,0,0,63,41,33,33,33,192479,74820,111911,3596,2152,1,1,0,2260,2260,0,0,186,47,28,19,0,0,3539,2445,263,263,128,29,61,0,0,0,0,0,49,0,5,0,0,1,0,0,0,0,0,0,0,0,0,0,0,0,1,0,0,0,0,0,0,0,0,0,0,0,0,79,12135,0,0,0,0,6,13,0,0,0,4,0,2,1,Flareon
10-07,08:28:54,NINTEN,Machop,Misty,1,Cerulean City - Gym,2,14:50.39,14:50,0h14m50s,2,0,2,26,0:54,18.537,MEGA PUNCH,KARATE CHOP,LOW KICK,DIG,2,2261,199,29,19,160,148,90,11,7623,Flareon, ,Fighting,Fighting,13609,Machop2,Machop,Misty,00:14:31.85,00:14:50.39,00:54:39.13,26,2,0,14,50,39,MEGA PUNCH,KARATE CHOP,LOW KICK,DIG,20,22,20,5,0,0,0,0,54,84,58,42,34,34,35,3616,3638,3978,2926,2926,4029,15,15,15,15,0,0,0,0,0,0,0,65,42,34,34,35,198731,75338,116832,4253,2308,2,2,0,2261,2261,0,0,199,48,29,19,0,0,3675,2545,293,293,134,32,64,0,0,0,0,0,50,0,5,0,0,1,0,0,0,0,0,0,0,0,0,0,0,0,1,0,0,0,0,0,0,0,0,0,0,0,0,81,13474,0,0,0,0,6,13,0,0,0,4,0,2,2,Flareon
10-07,08:29:33,NINTEN,Machop,Sandy,3,Route 6,3,15:29.73,15:29,0h15m29s,2,0,2,26,0:57,9.268,MEGA PUNCH,KARATE CHOP,LOW KICK,DIG,2,2496,213,30,19,163,151,90,13,9702,Flareon, ,Fighting,Fighting,14170,Machop2,Machop,,00:15:20.47,00:15:29.73,00:57:14.18,26,2,0,15,29,73,MEGA PUNCH,KARATE CHOP,LOW KICK,DIG,20,25,17,10,0,0,0,0,84,84,58,42,34,34,35,3736,3773,4098,3031,3031,4197,15,15,15,15,0,0,0,0,0,0,0,65,42,34,34,35,208036,81836,119639,4253,2308,2,2,0,2496,2496,0,0,213,49,30,19,0,0,3844,2668,293,293,137,32,64,0,0,0,0,0,50,0,5,0,0,1,0,0,0,0,0,0,0,0,0,0,0,0,1,0,0,0,0,0,0,0,0,0,0,0,0,84,14035,0,0,0,0,7,13,0,0,0,4,0,2,2,Flareon
10-07,08:29:46,NINTEN,Machop,Jr Trainer M,5,Route 6,2,15:42.46,15:42,0h15m42s,2,0,2,26,0:58,8.98,MEGA PUNCH,KARATE CHOP,LOW KICK,DIG,2,2500,216,31,19,166,153,92,13,10022,Flareon, ,Fighting,Fighting,14765,Machop2,Machop,,00:15:33.48,00:15:42.46,00:58:04.29,26,2,0,15,42,46,MEGA PUNCH,KARATE CHOP,LOW KICK,DIG,20,24,17,9,0,0,0,0,69,84,58,42,34,34,35,3831,3914,4188,3112,3112,4364,15,15,15,15,0,0,0,0,0,0,0,65,42,34,34,35,211047,82202,122284,4253,2308,2,2,0,2500,2500,0,0,216,50,31,19,0,0,3946,2755,308,308,139,33,65,0,0,0,0,0,50,0,5,0,0,1,0,0,0,0,0,0,0,0,0,0,0,0,1,0,0,0,0,0,0,0,0,0,0,0,0,86,14630,0,0,0,0,7,13,0,0,0,4,0,2,2,Flareon
10-07,08:30:16,NINTEN,Machop,Sailor,5,SS Anne,2,16:12.42,16:12,0h16m12s,2,0,2,27,1:00,9.248,MEGA PUNCH,KARATE CHOP,LOW KICK,DIG,2,2640,233,32,19,170,155,95,15,9292,Flareon, ,Fighting,Fighting,15578,Machop2,Machop,,00:16:03.17,00:16:12.42,01:00:02.16,27,2,0,16,12,42,MEGA PUNCH,KARATE CHOP,LOW KICK,DIG,20,24,17,7,0,0,0,0,67,86,60,44,35,35,36,3901,3999,4278,3282,3282,4519,15,15,15,15,0,0,0,0,0,0,0,67,44,35,35,36,218114,86652,124901,4253,2308,2,2,0,2640,2640,0,0,233,51,32,19,0,0,4152,2841,312,312,141,35,66,0,0,0,0,0,50,0,5,0,0,1,0,0,0,0,0,0,0,0,0,0,0,0,1,0,0,0,0,0,0,0,0,0,0,0,0,88,15443,0,0,0,0,9,16,0,0,0,4,0,2,2,Flareon
10-07,08:30:29,NINTEN,Machop,Youngster,8,SS Anne,1,16:25.90,16:25,0h16m25s,2,0,2,27,1:00,5.055,MEGA PUNCH,KARATE CHOP,LOW KICK,DIG,2,2703,240,33,19,172,156,96,16,9832,Flareon, ,Fighting,Fighting,15848,Machop2,Machop,,00:16:20.84,00:16:25.90,01:00:55.17,27,2,0,16,25,90,MEGA PUNCH,KARATE CHOP,LOW KICK,DIG,20,24,17,6,0,0,0,0,67,86,60,44,35,35,36,3947,4056,4318,3322,3322,4569,15,15,15,15,0,0,0,0,0,0,0,67,44,35,35,36,221295,88228,126506,4253,2308,2,2,0,2703,2703,0,0,240,52,33,19,0,0,4279,2894,312,312,142,36,66,0,0,0,0,0,50,0,5,0,0,1,0,0,0,0,0,0,0,0,0,0,0,0,1,0,0,0,0,0,0,0,0,0,0,0,0,89,15713,0,0,0,0,10,16,0,0,0,4,0,2,2,Flareon
10-07,08:30:53,NINTEN,Machop,Gentleman,5,SS Anne,2,16:50.02,16:50,0h16m50s,2,0,2,27,1:02,8.889,BODY SLAM,KARATE CHOP,LOW KICK,DIG,2,2757,246,34,19,176,158,99,16,10147,Flareon, ,Fighting,Fighting,16732,Machop2,Machop,,00:16:41.13,00:16:50.02,01:02:30.26,27,2,0,16,50,2,BODY SLAM,KARATE CHOP,LOW KICK,DIG,15,24,17,4,0,0,0,0,58,86,60,44,35,35,36,4052,4211,4418,3437,3437,4719,15,15,15,15,0,0,0,0,0,0,0,67,44,35,35,36,227004,89995,129027,5674,2308,2,2,0,2757,2757,0,0,246,53,34,19,0,0,4513,2988,321,321,144,38,67,0,0,0,0,0,50,0,5,0,0,1,0,0,0,0,0,0,0,0,0,0,0,0,1,0,0,0,0,0,0,0,0,0,0,0,0,91,16597,0,0,0,0,11,16,0,0,0,5,0,2,2,Flareon
10-07,08:31:19,NINTEN,Machop,Rival3-SS Anne,1,SS Anne,4,17:15.93,17:15,0h17m15s,2,0,2,28,1:04,15.743,BODY SLAM,KARATE CHOP,LOW KICK,DIG,2,2785,251,35,19,183,164,101,16,11337,Flareon, ,Fighting,Fighting,17913,Machop2,Machop,Rival (SS Anne),00:17:00.19,00:17:15.93,01:04:12.22,28,2,0,17,15,93,BODY SLAM,KARATE CHOP,LOW KICK,DIG,10,24,17,3,0,0,0,0,72,90,62,46,37,37,37,4227,4457,4618,3588,3588,4956,15,15,15,15,0,0,0,0,0,0,0,69,46,37,37,37,233120,91354,133164,6294,2308,2,2,0,2785,2785,0,0,251,54,35,19,0,0,4939,3196,339,339,150,39,68,0,0,0,0,0,52,0,6,0,0,1,0,0,0,0,0,0,0,0,0,0,0,0,1,0,0,0,0,0,0,0,0,0,0,0,0,95,17778,0,0,0,0,12,16,0,0,0,5,0,2,2,Flareon
10-07,08:32:13,NINTEN,Machop,Surge,1,Vermilion City - Gym,1,18:10.01,18:10,0h18m10s,2,0,2,28,1:07,5.657,BODY SLAM,KARATE CHOP,LOW KICK,DIG,3,2964,260,36,19,185,165,102,17,12637,Flareon, ,Fighting,Fighting,18645,Machop2,Machop,Lt. Surge,00:18:04.36,00:18:10.01,01:07:45.58,28,2,0,18,10,1,BODY SLAM,KARATE CHOP,LOW KICK,DIG,10,24,17,2,0,0,0,0,90,90,62,46,37,37,37,4287,4547,4673,3678,3678,5056,15,15,15,15,0,0,0,0,0,0,0,69,46,37,37,37,245936,98119,135463,10046,2308,3,2,0,2964,2964,0,0,260,55,36,19,0,0,5017,3272,339,339,151,40,68,0,0,0,0,0,52,0,6,0,0,1,0,0,0,0,0,0,0,0,0,0,0,0,1,0,0,0,0,0,0,0,0,0,0,0,0,96,18510,0,0,0,0,12,16,0,0,0,6,0,2,2,Flareon
10-07,08:33:08,NINTEN,Machop,Wrapping Lass,5,Route 9,4,19:05.11,19:05,0h19m5s,2,0,2,29,1:11,10.771,BODY SLAM,KARATE CHOP,LOW KICK,DIG,3,3153,269,37,19,189,169,102,19,15409,Flareon, ,Fighting,Fighting,19893,Machop2,Machop,RTG1 - Wrapping Lass,00:18:54.34,00:19:05.11,01:11:22.49,29,2,0,19,5,11,BODY SLAM,KARATE CHOP,LOW KICK,DIG,11,25,20,10,0,0,0,0,92,92,65,47,38,38,39,4477,4797,4853,3968,3968,5196,15,15,15,15,0,0,0,0,0,0,0,73,52,38,38,39,258947,105954,138611,12074,2308,3,2,0,3153,3101,52,0,269,56,37,19,0,0,5278,3462,339,339,155,40,68,0,0,0,0,0,52,0,6,0,0,1,0,0,0,0,0,0,0,0,0,0,0,0,1,0,0,0,0,0,0,0,0,0,0,0,0,100,19758,0,0,0,0,12,16,0,0,0,6,0,2,2,Flareon
10-07,08:33:24,NINTEN,Machop,Bug Catcher,14,Route 9,3,19:21.15,19:21,0h19m21s,2,0,2,29,1:12,9.38,BODY SLAM,KARATE CHOP,LOW KICK,DIG,3,3192,275,38,19,193,172,103,19,15769,Flareon, ,Fighting,Fighting,20662,Machop2,Machop,,00:19:11.77,00:19:21.15,01:12:26.01,29,2,0,19,21,15,BODY SLAM,KARATE CHOP,LOW KICK,DIG,9,25,20,9,0,0,0,0,92,92,65,47,38,38,39,4622,4917,4968,4048,4048,5336,15,15,15,15,0,0,0,0,0,0,0,73,52,38,38,39,262739,106642,141715,12074,2308,3,2,0,3192,3101,91,0,275,57,38,19,0,0,5478,3619,339,339,158,41,68,0,0,0,0,0,52,0,6,0,0,1,0,0,0,0,0,0,0,0,0,0,0,0,1,0,0,0,0,0,0,0,0,0,0,0,0,103,20527,0,0,0,0,12,16,0,0,0,6,0,2,2,Flareon
10-07,08:33:41,NINTEN,Machop,Hiker,6,Route 9,3,19:37.79,19:37,0h19m37s,2,0,2,30,1:13,12.633,BODY SLAM,KARATE CHOP,LOW KICK,DIG,3,3200,276,39,19,199,175,106,19,15969,Flareon, ,Fighting,Fighting,21772,Machop2,Machop,,00:19:25.15,00:19:37.79,01:13:31.41,30,2,0,19,37,79,BODY SLAM,KARATE CHOP,LOW KICK,DIG,9,25,20,6,0,0,0,0,96,96,67,49,39,39,40,4772,5157,5218,4143,4143,5411,15,15,15,15,0,0,0,0,0,0,0,75,55,39,39,40,266679,107089,145208,12074,2308,3,2,0,3200,3101,99,0,276,58,39,19,0,0,5674,3778,339,339,161,43,68,0,0,0,0,0,52,0,6,0,0,1,0,0,0,0,0,0,0,0,0,0,0,0,1,0,0,0,0,0,0,0,0,0,0,0,0,106,21637,0,0,0,0,12,16,0,0,0,6,0,2,2,Flareon
10-07,08:34:04,NINTEN,Machop,Slowbone,7,Rock Tunnel - 1,2,20:00.49,20:00,0h20m0s,2,0,2,30,1:15,9.575,BODY SLAM,KARATE CHOP,LOW KICK,DIG,3,3298,293,40,19,203,179,108,19,16669,Flareon, ,Fighting,Fighting,22686,Machop2,Machop,,00:19:50.91,00:20:00.49,01:15:01.14,30,2,0,20,0,49,BODY SLAM,KARATE CHOP,LOW KICK,DIG,5,25,20,6,0,0,0,0,53,96,67,49,39,39,40,4912,5272,5378,4223,4223,5461,15,15,15,15,0,0,0,0,0,0,0,75,55,39,39,40,272052,108306,148261,13177,2308,3,2,0,3298,3101,197,0,293,59,40,19,0,0,5824,3915,382,382,165,43,70,0,0,0,0,0,52,0,7,0,0,1,0,0,0,0,0,0,0,0,0,0,0,0,1,0,0,0,0,0,0,0,0,0,0,0,0,108,22551,0,0,0,0,12,16,0,0,0,6,0,2,2,Flareon
10-07,08:34:15,NINTEN,Machop,Pokemaniac,5,Rock Tunnel,1,20:11.93,20:11,0h20m11s,2,0,2,30,1:15,7.125,BODY SLAM,KARATE CHOP,LOW KICK,DIG,3,3341,294,41,19,207,181,111,19,17819,Flareon, ,Fighting,Fighting,23215,Machop2,Machop,,00:20:04.80,00:20:11.93,01:15:46.16,30,2,0,20,11,93,BODY SLAM,KARATE CHOP,LOW KICK,DIG,5,25,20,4,0,0,0,0,28,96,67,49,39,39,40,5002,5337,5443,4263,4263,5476,15,15,15,15,0,0,0,0,0,0,0,75,55,39,39,40,274754,108932,150337,13177,2308,3,2,0,3341,3101,240,0,294,60,41,19,0,0,5919,3999,407,407,167,45,71,0,0,0,0,0,52,0,7,0,0,1,0,0,0,0,0,0,0,0,0,0,0,0,1,0,0,0,0,0,0,0,0,0,0,0,0,109,23080,0,0,0,0,12,16,0,0,0,6,0,2,2,Flareon
10-07,08:34:33,NINTEN,Machop,Status-Condition-Jr-Trainer,10,Rock Tunnel,2,20:30.01,20:30,0h20m30s,2,0,2,30,1:16,8.105,BODY SLAM,KARATE CHOP,LOW KICK,DIG,3,3354,295,42,19,211,183,113,18,19069,Flareon, ,Fighting,Fighting,23883,Machop2,Machop,RTG4 - Status Jr Trainer,00:20:21.91,00:20:30.01,01:16:57.38,30,2,0,20,30,1,BODY SLAM,KARATE CHOP,LOW KICK,DIG,5,25,20,2,0,0,0,0,96,96,67,49,39,39,40,5092,5436,5547,4403,4403,5551,15,15,15,15,0,0,0,0,0,0,0,75,55,39,39,40,279036,109493,152655,14580,2308,3,2,0,3354,3101,253,0,295,61,42,19,0,0,6046,4109,407,407,169,46,71,0,0,0,0,0,52,0,7,0,0,1,0,0,0,0,0,0,0,0,0,0,0,0,1,0,0,0,0,0,0,0,0,0,0,0,0,111,23748,0,0,0,0,12,16,0,0,0,6,0,2,2,Flareon
10-07,08:35:02,NINTEN,Machop,Selfdestructing Hiker,9,Rock Tunnel,3,20:58.96,20:58,0h20m58s,2,0,2,31,1:18,13.506,BODY SLAM,KARATE CHOP,LOW KICK,DIG,4,3466,309,43,19,216,187,115,18,19509,Flareon, ,Fighting,Fighting,25260,Machop2,Machop,,00:20:45.45,00:20:58.96,01:18:52.06,31,2,0,20,58,96,BODY SLAM,KARATE CHOP,LOW KICK,DIG,5,25,17,1,0,0,0,0,93,99,69,51,40,40,41,5227,5691,5862,4508,4508,5626,15,15,15,15,0,0,0,0,0,0,0,77,57,40,40,41,285904,111842,156248,15506,2308,4,2,0,3466,3101,365,0,309,62,43,19,0,0,6261,4268,413,413,173,46,72,0,0,0,0,0,52,0,7,0,0,1,0,0,0,0,0,0,0,0,0,0,0,0,1,0,0,0,0,0,0,0,0,0,0,0,0,114,25125,0,0,0,0,12,16,0,0,0,6,0,2,2,Flareon
10-07,08:35:22,NINTEN,Machop,Finisher,18,Rock Tunnel - 1,3,21:19.30,21:19,0h21m19s,2,0,2,31,1:20,9.976,BODY SLAM,KARATE CHOP,LOW KICK,DIG,4,3521,322,44,19,219,190,117,17,20244,Flareon, ,Fighting,Fighting,26123,Machop2,Machop,RTG6 - Finisher,00:21:09.32,00:21:19.30,01:20:12.18,31,2,0,21,19,30,BODY SLAM,KARATE CHOP,LOW KICK,DIG,2,25,17,1,0,0,0,0,81,99,69,51,40,40,41,5352,5831,5992,4658,4658,5802,15,15,15,15,0,0,0,0,0,0,0,77,57,40,40,41,290716,113178,159394,15836,2308,4,2,0,3521,3101,420,0,322,63,44,19,0,0,6460,4417,425,425,176,46,74,0,0,0,0,0,52,0,7,0,0,1,0,0,0,0,0,0,0,0,0,0,0,0,1,0,0,0,0,0,0,0,0,0,0,0,0,117,25988,0,0,0,0,12,16,0,0,0,6,0,2,2,Flareon
10-07,08:35:50,NINTEN,Machop,Gambler,7,Route 8,2,21:46.36,21:46,0h21m46s,2,0,2,31,1:21,10.912,BODY SLAM,KARATE CHOP,LOW KICK,DIG,4,3621,340,45,19,225,193,122,18,20644,Flareon, ,Fighting,Fighting,26915,Machop2,Machop,,00:21:35.45,00:21:46.36,01:21:59.11,31,2,0,21,46,36,BODY SLAM,KARATE CHOP,LOW KICK,DIG,15,25,20,7,0,0,0,0,88,99,69,51,40,40,41,5445,5942,6077,4773,4773,5927,15,15,15,15,0,0,0,0,0,0,0,77,57,40,40,41,297129,116521,162464,15836,2308,4,2,0,3621,3135,486,0,340,64,45,19,0,0,6733,4537,436,436,178,50,75,0,0,0,0,0,52,0,7,0,0,1,0,0,0,0,0,0,0,0,0,0,0,0,1,0,0,0,0,0,0,0,0,0,0,0,0,119,26780,0,0,0,0,13,16,0,0,0,6,0,2,2,Flareon
10-07,08:36:45,NINTEN,Machop,Rocket,7,Celadon City - Game Corner,2,22:41.80,22:41,0h22m41s,2,0,2,32,1:25,11.884,BODY SLAM,KARATE CHOP,LOW KICK,DIG,4,3873,353,46,19,229,196,125,16,22324,Flareon, ,Fighting,Fighting,27642,Machop2,Machop,,00:22:29.92,00:22:41.80,01:25:38.25,32,2,0,22,41,80,BODY SLAM,KARATE CHOP,LOW KICK,DIG,12,25,20,10,0,0,0,0,68,102,71,52,42,42,43,5540,6068,6172,4863,4863,6079,15,15,15,15,0,0,0,0,0,0,0,79,58,42,42,43,310283,126005,165806,16164,2308,4,2,0,3873,3387,486,0,353,65,46,19,0,0,6924,4641,470,470,181,50,78,0,0,0,0,0,52,0,7,0,0,1,0,0,0,0,0,0,0,0,0,0,0,0,1,0,0,0,0,0,0,0,0,0,0,0,0,121,27507,0,0,0,0,16,16,0,0,0,6,0,2,2,Flareon
10-07,08:39:37,NINTEN,Machop,Rival4-Pkmn Tower,3,Pokemon Tower - 2F,5,25:34.28,25:34,0h25m34s,2,0,2,33,1:36,21.935,BODY SLAM,ROCK SLIDE,LOW KICK,DIG,4,4365,417,47,21,239,204,131,17,6224,Flareon, ,Fighting,Fighting,30292,Machop2,Machop,Rival (Pokemon Tower),00:25:12.34,00:25:34.28,01:36:57.54,33,2,0,25,34,28,BODY SLAM,ROCK SLIDE,LOW KICK,DIG,11,8,19,9,0,0,0,0,87,105,74,54,43,43,46,5765,6388,6542,5159,5159,11479,15,15,15,15,0,0,0,0,0,0,0,83,60,43,43,46,351052,150271,175652,22821,2308,4,2,0,4365,3879,486,0,417,68,47,21,1,0,7336,4927,488,488,188,52,81,0,0,0,0,0,52,0,7,0,0,1,2,0,0,0,0,0,0,0,0,0,0,0,1,0,0,0,0,0,2,1,0,0,0,0,0,126,30157,0,0,0,0,18,37,5,2,1,8,0,2,2,Flareon
10-07,08:40:07,NINTEN,Machop,Agatha Jr,10,Pokemon Tower - 4F,2,26:03.95,26:03,0h26m3s,2,0,2,33,1:38,8.229,BODY SLAM,ROCK SLIDE,LOW KICK,DIG,4,4413,420,48,21,243,206,133,16,7849,Flareon, ,Fighting,Fighting,31228,Machop2,Machop,,00:25:55.72,00:26:03.95,01:38:55.13,33,2,0,26,3,95,BODY SLAM,ROCK SLIDE,LOW KICK,DIG,11,8,19,7,0,0,0,0,87,105,74,54,43,43,46,5825,6458,6602,5359,5359,11639,15,15,15,15,0,0,0,0,0,0,0,83,60,43,43,46,358091,152253,178456,25074,2308,4,2,0,4413,3927,486,0,420,69,48,21,1,0,7763,5027,488,488,190,54,81,0,0,0,0,0,52,0,7,0,0,1,2,0,0,0,0,0,0,0,0,0,0,0,1,0,0,0,0,0,2,1,0,0,0,0,0,128,31093,0,0,0,0,18,37,5,2,1,8,0,2,2,Flareon
10-07,08:40:29,NINTEN,Machop,Channeler,21,Pokemon Tower - 6F,1,26:26.27,26:26,0h26m26s,2,0,2,33,1:40,6.516,BODY SLAM,ROCK SLIDE,LOW KICK,DIG,5,4483,431,49,21,245,207,135,16,8539,Flareon, ,Fighting,Fighting,31715,Machop2,Machop,,00:26:19.76,00:26:26.27,01:40:23.36,33,2,0,26,26,27,BODY SLAM,ROCK SLIDE,LOW KICK,DIG,15,10,20,9,0,0,0,0,105,105,74,54,43,43,46,5855,6493,6632,5459,5459,11719,15,15,15,15,0,0,0,0,0,0,0,83,60,43,43,46,363394,155071,180407,25608,2308,5,2,0,4483,3997,486,0,431,70,49,21,1,0,7977,5079,488,488,191,55,82,0,0,0,0,0,52,0,7,0,0,2,2,0,0,0,0,0,0,0,0,0,0,0,3,0,0,0,0,0,2,1,0,0,0,0,0,129,31580,0,0,0,0,20,37,5,2,1,8,0,2,2,Flareon
10-07,08:40:41,NINTEN,Machop,Channeler,20,Pokemon Tower - 6F,1,26:37.38,26:37,0h26m37s,2,0,2,33,1:41,7.962,BODY SLAM,ROCK SLIDE,LOW KICK,DIG,5,4492,437,50,21,248,208,138,16,9259,Flareon, ,Fighting,Fighting,32202,Machop2,Machop,,00:26:29.42,00:26:37.38,01:41:07.30,33,2,0,26,37,38,BODY SLAM,ROCK SLIDE,LOW KICK,DIG,15,10,20,8,0,0,0,0,63,105,74,54,43,43,46,5885,6528,6662,5559,5559,11799,15,15,15,15,0,0,0,0,0,0,0,83,60,43,43,46,366028,155407,182705,25608,2308,5,2,0,4492,4006,486,0,437,71,50,21,1,0,8197,5131,530,530,192,56,84,0,0,0,0,0,52,0,7,0,0,3,2,0,0,0,0,0,0,0,0,0,0,0,4,1,0,0,0,0,2,1,0,0,0,0,0,130,32067,0,0,0,0,20,37,5,2,1,8,0,2,2,Flareon
10-07,08:41:19,NINTEN,Machop,Rocket,44,Pokemon Tower - 7F,3,27:16.25,27:16,0h27m16s,2,0,2,34,1:43,19.328,BODY SLAM,ROCK SLIDE,LOW KICK,DIG,5,4518,445,51,22,256,213,145,16,9979,Flareon,Poisoned,Fighting,Fighting,34451,Machop2,Machop,,00:26:56.92,00:27:16.25,01:43:40.57,34,2,0,27,16,25,BODY SLAM,ROCK SLIDE,LOW KICK,DIG,12,10,20,6,0,0,0,0,52,108,76,56,45,45,48,6050,6748,6886,5749,5749,12029,15,15,15,15,-1,0,0,0,0,0,0,56,63,45,45,48,375235,157288,188571,27068,2308,5,2,0,4518,4032,486,0,445,73,51,22,1,0,8484,5342,584,584,197,58,89,0,0,0,0,0,53,0,7,0,0,3,2,0,0,0,0,0,0,1,0,0,0,0,4,1,0,0,0,0,2,1,0,0,0,0,0,133,34316,0,0,0,0,21,37,5,2,1,8,0,2,2,Flareon
10-07,08:42:19,NINTEN,Machop,Biker,7,Route 16,4,28:15.91,28:15,0h28m15s,2,0,2,35,1:47,14.631,BODY SLAM,ROCK SLIDE,LOW KICK,DIG,5,4642,458,52,23,267,220,150,17,10843,Flareon, ,Fighting,Fighting,37115,Machop2,Machop,,00:28:01.28,00:28:15.91,01:47:36.18,35,2,0,28,15,91,BODY SLAM,ROCK SLIDE,LOW KICK,DIG,15,10,17,6,0,0,0,0,111,111,78,57,46,46,49,6530,7178,7151,5974,5974,12159,15,15,15,15,0,0,0,0,0,0,0,87,64,46,46,49,389356,163077,194897,29074,2308,5,2,0,4642,4139,503,0,458,75,52,23,1,0,9394,5882,584,584,204,62,89,0,0,0,0,0,54,0,7,0,0,3,2,0,0,0,0,0,0,1,0,0,0,0,4,1,0,0,0,0,2,1,0,1,0,0,0,138,36980,0,0,0,0,21,37,5,2,1,8,0,2,2,Flareon
10-07,08:42:40,NINTEN,Machop,Biker,8,Route 17,3,28:36.90,28:36,0h28m36s,2,0,2,35,1:48,15.424,BODY SLAM,ROCK SLIDE,LOW KICK,DIG,5,4663,458,53,23,275,225,155,17,11363,Flareon, ,Fighting,Fighting,39875,Machop2,Machop,,00:28:21.47,00:28:36.90,01:48:59.09,35,2,0,28,36,90,BODY SLAM,ROCK SLIDE,LOW KICK,DIG,13,10,17,3,0,0,0,0,94,111,78,57,46,46,49,6700,7423,7486,6204,6204,12314,15,15,15,15,0,0,0,0,0,0,0,87,64,46,46,49,394327,163512,199433,29074,2308,5,2,0,4663,4139,524,0,458,76,53,23,1,0,9681,6102,601,601,209,65,91,0,0,0,0,0,54,0,7,0,0,3,2,0,0,0,0,0,0,1,0,0,0,0,4,1,0,0,0,0,2,1,0,1,0,0,0,141,39740,0,0,0,0,21,37,5,2,1,8,0,2,2,Flareon
10-07,08:42:54,NINTEN,Machop,Cue Ball,5,Route 17,2,28:50.47,28:50,0h28m50s,2,0,2,36,1:49,10.15,BODY SLAM,ROCK SLIDE,LOW KICK,DIG,5,4670,472,54,23,279,229,157,17,11923,Flareon, ,Fighting,Fighting,41327,Machop2,Machop,,00:28:40.31,00:28:50.47,01:49:52.40,36,2,0,28,50,47,BODY SLAM,ROCK SLIDE,LOW KICK,DIG,9,10,17,3,0,0,0,0,69,114,80,59,47,47,51,6850,7603,7606,6289,6289,12394,15,15,15,15,0,-1,0,0,0,0,0,90,42,47,47,51,397538,163814,202342,29074,2308,5,2,0,4670,4139,531,0,472,77,54,23,1,0,9899,6276,629,629,213,65,93,0,0,0,0,0,54,0,8,0,0,3,3,0,0,0,0,0,0,1,0,0,0,0,4,1,0,0,0,0,3,1,0,1,0,0,0,143,41192,0,0,0,0,21,37,5,2,1,8,0,2,2,Flareon
10-07,08:43:44,NINTEN,Machop,Biker,12,Route 17,5,29:40.99,29:40,0h29m40s,2,0,2,37,1:53,19.615,BODY SLAM,ROCK SLIDE,LOW KICK,DIG,5,4871,496,55,23,289,235,162,16,12648,Flareon, ,Fighting,Fighting,45007,Machop2,Machop,,00:29:21.38,00:29:40.99,01:53:12.23,37,2,0,29,40,99,BODY SLAM,ROCK SLIDE,LOW KICK,DIG,7,12,17,3,0,1,0,2,66,117,83,61,49,49,52,7100,7978,8131,6639,6639,12619,15,15,15,15,0,0,0,0,0,0,0,93,68,49,49,52,409521,168119,207855,31239,2308,5,2,0,4871,4139,732,0,496,78,55,23,1,0,10393,6595,635,635,219,69,94,0,0,0,0,0,55,0,8,0,0,3,3,0,0,0,0,0,0,1,0,0,0,0,4,1,0,0,0,0,3,1,0,1,0,0,0,148,44872,0,0,0,0,23,37,5,2,1,8,0,2,2,Flareon
10-07,08:45:25,NINTEN,Machop,Cooltrainer F,1,Celadon City - Gym,3,31:21.87,31:21,0h31m21s,2,0,2,37,1:59,11.313,BODY SLAM,ROCK SLIDE,LOW KICK,DIG,5,5560,552,56,23,295,238,165,19,12648,Flareon, ,Fighting,Fighting,47184,Machop2,Machop,,00:31:10.56,00:31:21.87,01:59:50.42,37,2,0,31,21,87,BODY SLAM,ROCK SLIDE,LOW KICK,DIG,15,12,20,11,0,1,0,2,117,117,84,61,49,49,53,7285,10755,8314,6889,6889,15334,15,15,15,15,0,0,0,0,0,0,0,94,68,49,49,53,433420,183533,211414,36165,2308,5,2,0,5560,4425,1135,0,552,79,56,23,1,0,10625,6796,635,635,222,69,94,0,0,0,0,0,55,0,8,0,0,3,3,0,0,0,0,0,0,1,0,0,0,0,4,1,0,0,0,0,3,1,0,1,0,0,0,151,47049,0,0,0,0,28,37,5,2,1,9,0,2,2,Flareon
10-07,08:45:50,NINTEN,Machop,Erika,1,Celadon City - Gym,3,31:46.73,31:46,0h31m46s,2,0,2,38,2:01,17.23,BODY SLAM,ROCK SLIDE,LOW KICK,DIG,6,5563,552,57,23,303,246,169,19,13488,Flareon,Paralyzed,Fighting,Fighting,50189,Machop2,Machop,Erika,00:31:29.50,00:31:46.73,02:01:29.02,38,2,0,31,46,73,BODY SLAM,ROCK SLIDE,LOW KICK,DIG,7,12,20,11,0,1,0,2,62,120,87,63,50,50,54,7475,10965,8549,7159,7159,15489,15,15,15,15,0,-1,0,0,0,0,0,109,46,50,50,13,439320,184309,216006,36697,2308,6,2,0,5563,4428,1135,0,552,80,57,23,1,0,10969,7052,693,693,229,70,98,0,0,0,0,0,55,0,8,0,0,3,5,1,0,0,0,0,0,1,0,0,0,0,4,1,1,0,0,0,6,3,0,1,0,0,0,154,50054,0,0,0,0,28,37,5,2,1,9,0,2,2,Flareon
10-07,08:46:36,NINTEN,Machop,Rocket,39,Silph Co - 10F,1,32:33.11,32:33,0h32m33s,2,0,2,38,2:04,6.828,BODY SLAM,ROCK SLIDE,LOW KICK,DIG,6,5736,571,58,23,306,249,171,19,16656,Flareon, ,Fighting,Fighting,51221,Machop2,Machop,,00:32:26.28,00:32:33.11,02:04:31.47,38,2,0,32,33,11,BODY SLAM,ROCK SLIDE,LOW KICK,DIG,12,12,20,14,0,1,0,2,79,120,87,63,50,50,54,7555,11065,8619,7209,7209,15534,15,15,15,15,0,0,0,0,0,0,0,97,70,50,50,54,450285,191578,218606,37793,2308,6,2,0,5736,4601,1135,0,571,81,58,23,1,0,11110,7153,734,734,232,70,100,0,0,0,0,0,55,0,8,0,0,3,5,1,0,0,0,0,0,1,0,0,0,0,4,1,1,0,0,0,6,3,0,1,0,0,0,155,51086,0,0,0,0,28,37,5,2,1,9,0,2,2,Flareon
10-07,08:47:07,NINTEN,Machop,Scientist,11,Silph Co - 10F,2,33:03.56,33:03,0h33m3s,2,0,2,39,2:06,11.703,BODY SLAM,ROCK SLIDE,LOW KICK,DIG,6,5791,577,59,23,310,251,173,18,17646,Flareon, ,Fighting,Fighting,52481,Machop2,Machop,,00:32:51.86,00:33:03.56,02:06:32.23,39,2,0,33,3,56,BODY SLAM,ROCK SLIDE,LOW KICK,DIG,12,12,20,12,0,1,0,2,82,123,89,64,52,52,56,7620,11165,8784,7364,7364,18174,15,15,15,15,0,0,0,0,0,0,0,100,72,52,52,56,457521,193429,221877,39907,2308,6,2,0,5791,4656,1135,0,577,82,59,23,1,0,11325,7277,734,734,234,72,100,0,0,0,0,0,55,0,8,0,0,3,5,1,0,0,0,0,0,1,0,0,0,0,4,1,1,0,0,0,6,3,0,1,0,0,0,157,52346,0,0,0,0,31,37,5,2,1,9,0,2,2,Flareon
10-07,08:47:28,NINTEN,Machop,Rocket,35,Silph Co - 8F,4,33:24.58,33:24,0h33m24s,2,0,2,39,2:07,14.059,BODY SLAM,ROCK SLIDE,LOW KICK,DIG,6,5806,579,60,23,315,256,175,18,19096,Flareon, ,Fighting,Fighting,54694,Machop2,Machop,,00:33:10.53,00:33:24.58,02:07:55.04,39,2,0,33,24,58,BODY SLAM,ROCK SLIDE,LOW KICK,DIG,8,11,20,12,0,1,0,2,52,123,89,64,52,52,56,7820,11427,8984,7554,7554,18488,15,15,15,15,0,0,0,0,0,0,0,100,72,52,52,56,462482,194242,226025,39907,2308,6,2,0,5806,4671,1135,0,579,83,60,23,1,0,11762,7539,764,764,239,72,102,0,0,0,0,0,55,0,8,0,0,3,5,1,0,0,0,0,0,1,0,0,0,0,4,1,1,0,0,0,6,3,0,1,0,0,0,161,54559,0,0,0,0,31,37,5,2,1,9,0,2,2,Flareon
10-07,08:47:52,NINTEN,Machop,Rocket,32,Silph Co - 7F,4,33:49.10,33:49,0h33m49s,2,0,2,40,2:09,15.99,BODY SLAM,ROCK SLIDE,LOW KICK,DIG,6,5821,582,61,23,322,260,179,18,19876,Flareon, ,Fighting,Fighting,57744,Machop2,Machop,,00:33:33.11,00:33:49.10,02:09:31.42,40,2,0,33,49,10,BODY SLAM,ROCK SLIDE,LOW KICK,DIG,8,10,20,9,0,1,0,2,117,126,91,66,53,53,58,8050,11738,9278,7804,7804,18790,15,15,15,15,0,0,0,0,0,0,0,102,74,53,53,58,468280,194893,230229,40850,2308,6,2,0,5821,4686,1135,0,582,84,61,23,1,0,12209,7817,773,773,243,75,103,0,0,0,0,0,55,0,8,0,0,3,5,1,0,0,0,0,0,1,0,0,0,0,4,1,1,0,0,0,6,3,0,1,0,0,0,165,57609,0,0,0,0,31,37,5,2,1,9,0,2,2,Flareon
10-07,08:48:12,NINTEN,Machop,Scientist,8,Silph Co - 7F,2,34:08.49,34:08,0h34m8s,2,0,2,40,2:10,11.369,BODY SLAM,ROCK SLIDE,LOW KICK,DIG,6,5862,584,62,23,328,263,184,19,20656,Flareon, ,Fighting,Fighting,59650,Machop2,Machop,,00:33:57.12,00:34:08.49,02:10:48.16,40,2,0,34,8,49,BODY SLAM,ROCK SLIDE,LOW KICK,DIG,8,10,20,6,0,1,0,2,97,126,91,66,53,53,58,8215,11893,9423,7949,7949,18980,15,15,15,15,0,0,0,0,0,0,0,102,74,53,53,58,472874,195993,233723,40850,2308,6,2,0,5862,4727,1135,0,584,85,62,23,1,0,12467,7999,793,793,245,78,105,0,0,0,0,0,55,0,8,0,0,3,5,1,0,0,0,0,0,1,0,0,0,0,4,1,1,0,0,0,6,3,0,1,0,0,0,167,59515,0,0,0,0,32,37,5,2,1,9,0,2,2,Flareon
10-07,08:48:39,NINTEN,Machop,Scientist,7,Silph Co - 6F,5,34:36.32,34:36,0h34m36s,2,0,2,41,2:12,20.215,BODY SLAM,ROCK SLIDE,LOW KICK,DIG,6,5918,586,63,23,338,268,190,19,22106,Flareon, ,Fighting,Fighting,62757,Machop2,Machop,,00:34:16.11,00:34:36.32,02:12:38.10,41,2,0,34,36,32,BODY SLAM,ROCK SLIDE,LOW KICK,DIG,8,10,20,1,0,1,0,2,81,130,93,68,55,55,59,8410,12148,9828,8339,8339,19265,15,15,15,15,0,0,0,0,0,0,0,104,76,55,55,59,479468,197377,238933,40850,2308,6,2,0,5918,4783,1135,0,586,86,63,23,1,0,13216,8291,813,813,250,83,106,0,0,0,0,0,55,0,8,0,0,3,5,1,0,0,0,0,0,1,0,0,0,0,4,1,1,0,0,0,6,3,0,1,0,0,0,172,62622,0,0,0,0,32,37,5,2,1,9,0,2,2,Flareon
10-07,08:48:59,NINTEN,Machop,Rocket,30,Silph Co - 6F,2,34:55.48,34:55,0h34m55s,2,0,2,41,2:13,9.052,BODY SLAM,ROCK SLIDE,LOW KICK,DIG,6,5933,587,64,23,342,271,192,18,23356,Flareon, ,Fighting,Fighting,64209,Machop2,Machop,,00:34:46.43,00:34:55.48,02:13:53.43,41,2,0,34,55,48,BODY SLAM,ROCK SLIDE,LOW KICK,DIG,6,10,20,0,0,1,0,2,57,130,93,68,56,56,59,8560,12328,9948,10984,10984,19345,15,15,15,15,0,0,0,0,0,0,0,104,76,56,56,59,484001,197789,241865,42039,2308,6,2,0,5933,4798,1135,0,587,87,64,23,1,0,13429,8465,837,837,253,84,107,0,0,0,0,0,55,0,9,0,0,3,5,1,0,0,0,0,0,1,0,0,0,0,4,1,1,0,0,0,6,3,0,1,0,0,0,174,64074,0,0,0,0,32,37,5,2,1,9,0,2,2,Flareon
10-07,08:49:28,NINTEN,Machop,Scientist,6,Silph Co - 5F,4,35:25.12,35:25,0h35m25s,2,0,2,42,2:15,15.555,BODY SLAM,ROCK SLIDE,LOW KICK,DIG,6,5958,588,65,23,350,275,196,16,24226,Flareon, ,Fighting,Fighting,67198,Machop2,Machop,,00:35:09.57,00:35:25.12,02:15:50.36,42,2,0,35,25,12,BODY SLAM,ROCK SLIDE,LOW KICK,DIG,15,12,20,10,0,1,0,2,133,133,96,70,57,57,61,8740,12578,10328,11344,11344,19555,15,15,15,15,0,0,0,0,0,0,0,108,78,57,57,61,491014,199080,245968,43658,2308,6,2,0,5958,4823,1135,0,588,88,65,23,1,0,13931,8717,837,837,257,88,107,0,0,0,0,0,55,0,9,0,0,3,5,1,0,0,0,0,0,1,0,0,0,0,4,1,1,0,0,0,6,3,0,1,0,0,0,178,67063,0,0,0,0,33,37,5,2,1,9,0,2,2,Flareon
10-07,08:49:39,NINTEN,Machop,Rocket,28,Silph Co - 5F,1,35:35.71,35:35,0h35m35s,2,0,2,42,2:16,5.851,BODY SLAM,ROCK SLIDE,LOW KICK,DIG,6,5969,589,66,23,352,276,198,16,25526,Flareon, ,Fighting,Fighting,68237,Machop2,Machop,,00:35:29.86,00:35:35.71,02:16:32.14,42,2,0,35,35,71,BODY SLAM,ROCK SLIDE,LOW KICK,DIG,15,12,20,9,0,1,0,2,118,133,96,70,57,57,61,8800,12663,10397,11409,11409,19635,15,15,15,15,0,0,0,0,0,0,0,108,78,57,57,61,493512,199399,248147,43658,2308,6,2,0,5969,4834,1135,0,589,89,66,23,1,0,14074,8804,852,852,258,89,108,0,0,0,0,0,55,0,9,0,0,3,5,1,0,0,0,0,0,1,0,0,0,0,4,1,1,0,0,0,6,3,0,1,0,0,0,179,68102,0,0,0,0,33,37,5,2,1,9,0,2,2,Flareon
10-07,08:49:58,NINTEN,Machop,Scientist,10,Silph Co - 9F,3,35:55.17,35:55,0h35m55s,2,0,2,42,2:17,11.445,BODY SLAM,ROCK SLIDE,LOW KICK,DIG,6,6003,602,67,23,357,279,201,17,26516,Flareon, ,Fighting,Fighting,70505,Machop2,Machop,,00:35:43.73,00:35:55.17,02:17:48.37,42,2,0,35,55,17,BODY SLAM,ROCK SLIDE,LOW KICK,DIG,14,12,20,7,0,1,0,2,118,133,96,70,57,57,61,8930,12818,10637,11644,11644,19840,15,15,15,15,0,-2,0,0,0,0,0,121,39,57,57,61,498095,200780,251349,43658,2308,6,2,0,6003,4868,1135,0,602,90,67,23,1,0,14441,9002,852,852,261,91,109,0,0,0,0,0,55,0,9,0,0,3,5,1,0,0,0,0,0,1,0,0,0,0,4,1,1,0,0,0,6,3,0,1,0,0,0,182,70370,0,0,0,0,34,37,5,2,1,9,0,2,2,Flareon
10-07,08:50:28,NINTEN,Machop,Rocket,25,Silph Co - 3F,3,36:25.19,36:25,0h36m25s,2,0,2,43,2:19,15.661,BODY SLAM,ROCK SLIDE,LOW KICK,DIG,6,6074,619,68,23,364,283,207,17,27916,Flareon, ,Fighting,Fighting,72887,Machop2,Machop,,00:36:09.53,00:36:25.19,02:19:46.58,43,2,0,36,25,19,BODY SLAM,ROCK SLIDE,LOW KICK,DIG,13,12,20,4,0,1,0,2,85,136,100,72,59,59,63,9125,15613,10827,11859,11859,20101,15,15,15,15,0,0,0,0,0,0,0,112,81,59,59,63,505196,203106,255482,44300,2308,6,2,0,6074,4939,1135,0,619,91,68,23,1,0,14771,9238,888,888,265,94,111,0,0,0,0,0,55,0,10,0,0,3,5,1,0,0,0,0,0,1,0,0,0,0,4,1,1,0,0,0,6,3,0,1,0,0,0,185,72752,0,0,0,0,35,37,5,2,1,9,0,2,2,Flareon
10-07,08:50:46,NINTEN,Machop,Scientist,4,Silph Co - 3F,2,36:42.81,36:42,0h36m42s,2,0,2,43,2:20,8.997,BODY SLAM,ROCK SLIDE,LOW KICK,DIG,6,6095,623,69,23,368,285,210,18,28756,Flareon, ,Fighting,Fighting,74892,Machop2,Machop,,00:36:33.81,00:36:42.81,02:20:56.21,43,2,0,36,42,81,BODY SLAM,ROCK SLIDE,LOW KICK,DIG,13,12,20,2,0,1,0,2,85,136,100,72,59,59,63,9250,15753,11017,12024,12024,20301,15,15,15,15,0,0,0,0,0,0,0,112,81,59,59,63,509359,204356,258395,44300,2308,6,2,0,6095,4960,1135,0,623,92,69,23,1,0,15044,9397,888,888,267,96,112,0,0,0,0,0,55,0,10,0,0,3,5,1,0,0,0,0,0,1,0,0,0,0,4,1,1,0,0,0,6,3,0,1,0,0,0,187,74757,0,0,0,0,36,37,5,2,1,9,0,2,2,Flareon
10-07,08:51:01,NINTEN,Machop,Rocket,37,Silph Co - 9F,3,36:57.58,36:57,0h36m57s,2,0,2,43,2:21,10.071,BODY SLAM,ROCK SLIDE,LOW KICK,DIG,6,6113,623,70,23,372,289,211,18,30206,Flareon, ,Fighting,Fighting,76572,Machop2,Machop,,00:36:47.50,00:36:57.58,02:21:54.29,43,2,0,36,57,58,BODY SLAM,ROCK SLIDE,LOW KICK,DIG,9,12,20,2,0,1,0,2,78,136,100,72,59,59,63,9460,15961,11162,12189,12189,20403,15,15,15,15,0,0,0,0,0,0,0,112,81,59,59,63,512847,204954,261285,44300,2308,6,2,0,6113,4978,1135,0,623,93,70,23,1,0,15412,9641,895,895,271,96,113,0,0,0,0,0,55,0,10,0,0,3,5,1,0,0,0,0,0,1,0,0,0,0,4,1,1,0,0,0,6,3,0,1,0,0,0,190,76437,0,0,0,0,36,37,5,2,1,9,0,2,2,Flareon
10-07,08:51:23,NINTEN,Machop,Hypno Rocket,38,Silph Co - 9F,3,37:19.71,37:19,0h37m19s,2,0,2,44,2:23,12.843,BODY SLAM,ROCK SLIDE,LOW KICK,DIG,6,6150,630,71,23,376,293,212,19,31046,Flareon, ,Fighting,Fighting,79200,Machop2,Machop,,00:37:06.87,00:37:19.71,02:23:21.50,44,2,0,37,19,71,BODY SLAM,ROCK SLIDE,LOW KICK,DIG,12,11,20,14,0,1,0,2,94,139,102,73,60,60,64,9680,16162,11347,12469,12469,20602,15,15,15,15,0,0,0,0,0,0,0,114,82,60,60,64,518088,206666,264814,44300,2308,6,2,0,6150,5015,1135,0,630,94,71,23,1,0,15778,9891,940,940,275,96,114,0,0,0,0,0,55,0,10,0,0,3,5,1,0,0,0,0,0,1,0,0,0,0,4,1,1,0,0,0,6,3,0,1,0,0,0,193,79065,0,0,0,0,37,37,5,2,1,9,0,2,2,Flareon
10-07,08:51:52,NINTEN,Machop,Rocket,24,Silph Co - 2F,5,37:48.67,37:48,0h37m48s,2,0,2,44,2:25,14.706,BODY SLAM,ROCK SLIDE,LOW KICK,DIG,6,6244,655,72,23,381,298,213,19,31886,Flareon, ,Fighting,Fighting,81600,Machop2,Machop,,00:37:33.97,00:37:48.67,02:25:16.04,44,2,0,37,48,67,BODY SLAM,ROCK SLIDE,LOW KICK,DIG,11,11,20,14,0,1,0,2,131,139,102,73,60,60,64,9930,16458,11582,12714,12714,20954,15,15,15,15,0,0,0,0,0,0,0,114,82,60,60,64,524942,209246,269088,44300,2308,6,2,0,6244,5109,1135,0,655,95,72,23,1,0,16399,10210,948,948,280,96,115,0,0,0,0,0,55,0,10,0,0,3,5,1,0,0,0,0,0,1,0,0,0,0,4,1,1,0,0,0,6,3,0,1,0,0,0,198,81465,0,0,0,0,37,37,5,2,1,9,0,2,2,Flareon
10-07,08:52:08,NINTEN,Machop,Scientist,3,Silph Co - 2F,3,38:05.26,38:05,0h38m5s,2,0,2,45,2:26,13.088,BODY SLAM,ROCK SLIDE,LOW KICK,DIG,6,6262,656,73,23,387,301,217,19,32636,Flareon, ,Fighting,Fighting,83718,Machop2,Machop,,00:37:52.17,00:38:05.26,02:26:21.29,45,2,0,38,5,26,BODY SLAM,ROCK SLIDE,LOW KICK,DIG,11,11,20,11,0,1,0,2,114,142,104,75,62,62,66,10045,16583,11797,12984,12984,21169,15,15,15,15,0,0,0,0,0,0,0,117,84,62,62,66,528867,209664,272595,44300,2308,6,2,0,6262,5127,1135,0,656,96,73,23,1,0,16902,10400,968,968,283,99,116,0,0,0,0,0,55,0,10,0,0,3,5,1,0,0,0,0,0,1,0,0,0,0,4,1,1,0,0,0,6,3,0,1,0,0,0,201,83583,0,0,0,0,37,37,5,2,1,9,0,2,2,Flareon
10-07,08:52:41,NINTEN,Machop,Juggler,8,Fuchsia City - Gym,2,38:37.36,38:37,0h38m37s,2,0,2,45,2:28,9.573,BODY SLAM,ROCK SLIDE,LOW KICK,DIG,7,6300,661,74,23,391,303,219,19,34036,Flareon, ,Fighting,Fighting,85516,Machop2,Machop,,00:38:27.78,00:38:37.36,02:28:27.45,45,2,0,38,37,36,BODY SLAM,ROCK SLIDE,LOW KICK,DIG,15,12,20,12,0,1,0,2,142,142,104,75,62,62,66,10145,16666,11872,13194,13194,21316,15,15,15,15,0,0,0,0,0,0,0,117,84,62,62,66,536443,212319,275752,46064,2308,7,2,0,6300,5165,1135,0,661,97,74,23,1,0,17163,10566,968,968,285,101,116,0,0,0,0,0,55,0,10,0,0,3,5,1,0,0,0,0,0,1,0,0,0,0,4,1,1,0,0,0,6,3,0,1,0,0,0,203,85381,0,0,0,0,37,37,5,2,1,9,0,2,2,Flareon
10-07,08:52:57,NINTEN,Machop,Juggler,3,Fuchsia City - Gym,4,38:53.91,38:53,0h38m53s,2,0,2,45,2:29,11.811,BODY SLAM,ROCK SLIDE,LOW KICK,DIG,7,6324,663,75,23,395,307,220,19,35226,Flareon, ,Fighting,Fighting,88507,Machop2,Machop,,00:38:42.10,00:38:53.91,02:29:33.01,45,2,0,38,53,91,BODY SLAM,ROCK SLIDE,LOW KICK,DIG,11,12,20,12,0,1,0,2,142,142,104,75,62,62,66,10365,16845,12037,13584,13584,21547,15,15,15,15,0,0,0,0,0,0,0,117,84,62,62,66,540359,212931,279056,46064,2308,7,2,0,6324,5189,1135,0,663,98,75,23,1,0,17674,10885,968,968,289,102,116,0,0,0,0,0,56,0,10,0,0,3,5,1,0,0,0,0,0,1,0,0,0,0,4,1,1,0,0,0,6,3,0,1,0,0,0,207,88372,0,0,0,0,37,37,5,2,1,9,0,2,2,Flareon
10-07,08:53:20,NINTEN,Machop,Tamer,2,Fuchsia City - Gym,3,39:16.87,39:16,0h39m16s,2,0,2,46,2:31,19.392,BODY SLAM,ROCK SLIDE,LOW KICK,DIG,7,6331,665,76,23,405,312,227,19,36311,Flareon, ,Fighting,Fighting,91737,Machop2,Machop,,00:38:57.47,00:39:16.87,02:31:03.52,46,2,0,39,16,87,BODY SLAM,ROCK SLIDE,LOW KICK,DIG,11,12,20,7,0,1,0,2,135,145,107,77,64,64,68,10560,17115,12285,13769,13769,21772,15,15,15,15,0,0,0,0,0,-1,0,135,96,64,64,68,545810,213278,284160,46064,2308,7,2,0,6331,5196,1135,0,665,99,76,23,1,0,18153,11156,978,978,293,108,118,0,0,0,0,0,56,0,10,0,0,3,5,1,0,0,0,0,0,1,0,0,0,0,4,1,1,0,0,0,6,3,0,1,0,0,0,210,91602,0,0,0,0,37,37,5,2,1,9,0,2,2,Flareon
10-07,08:53:37,NINTEN,Machop,Tamer,1,Fuchsia City - Gym,2,39:33.88,39:33,0h39m33s,2,0,2,46,2:32,10.958,BODY SLAM,ROCK SLIDE,LOW KICK,DIG,7,6347,675,77,23,411,315,231,19,37631,Flareon, ,Fighting,Fighting,93994,Machop2,Machop,,00:39:22.92,00:39:33.88,02:32:11.01,46,2,0,39,33,88,BODY SLAM,ROCK SLIDE,LOW KICK,DIG,11,12,20,4,0,1,0,2,98,145,107,77,64,64,68,10695,17300,12464,13889,13889,21917,15,15,15,15,0,0,0,0,0,0,0,120,86,64,64,68,549839,213824,287643,46064,2308,7,2,0,6347,5212,1135,0,675,100,77,23,1,0,18407,11346,1015,1015,296,110,119,0,0,0,0,0,56,0,11,0,0,3,5,1,0,0,0,0,0,1,0,0,0,0,4,1,1,0,0,0,6,3,0,1,0,0,0,212,93859,0,0,0,0,37,37,5,2,1,9,0,2,2,Flareon
10-07,08:53:52,NINTEN,Machop,Juggler,4,Fuchsia City - Gym,2,39:48.64,39:48,0h39m48s,2,0,2,46,2:33,11.007,BODY SLAM,ROCK SLIDE,LOW KICK,DIG,7,6350,675,78,23,415,318,233,19,38991,Flareon, ,Fighting,Fighting,95937,Machop2,Machop,,00:39:37.64,00:39:48.64,02:33:09.19,46,2,0,39,48,64,BODY SLAM,ROCK SLIDE,LOW KICK,DIG,9,12,20,3,0,1,0,2,41,145,107,77,64,64,68,10840,17421,12579,14094,14094,22026,15,15,15,15,0,0,0,0,0,0,0,120,86,64,64,68,553337,214212,290753,46064,2308,7,2,0,6350,5215,1135,0,675,101,78,23,1,0,18632,11543,1072,1072,299,111,120,0,0,0,0,0,56,0,11,0,0,3,5,1,0,0,0,0,0,1,0,0,0,0,4,1,1,0,0,0,6,3,0,1,0,0,0,214,95802,0,0,0,0,37,37,5,2,1,9,0,2,2,Flareon
10-07,08:54:18,NINTEN,Machop,Bird Keeper,10,Route 18,4,40:15.07,40:15,0h40m15s,2,0,2,47,2:34,11.46,BODY SLAM,ROCK SLIDE,LOW KICK,DIG,7,6455,680,79,23,419,322,233,19,40181,Flareon, ,Fighting,Fighting,97804,Machop2,Machop,,00:40:03.61,00:40:15.07,02:34:53.29,47,2,0,40,15,7,BODY SLAM,ROCK SLIDE,LOW KICK,DIG,11,12,20,14,0,1,0,2,149,149,109,79,65,65,69,11025,17691,12734,14248,14248,22336,15,15,15,15,0,0,0,0,0,0,0,122,88,65,65,69,559587,217248,293967,46064,2308,7,2,0,6455,5320,1135,0,680,102,79,23,1,0,19202,11796,1072,1072,303,111,120,0,0,0,0,0,56,0,11,0,0,3,5,1,0,0,0,0,0,1,0,0,0,0,4,1,1,0,0,0,6,3,0,1,0,0,0,218,97669,0,0,0,0,37,37,5,2,1,9,0,2,2,Flareon
10-07,08:55:25,NINTEN,Machop,Youngster,12,Route 11,2,41:22.24,41:22,0h41m22s,3,0,3,47,2:37,6.042,BODY SLAM,ROCK SLIDE,LOW KICK,DIG,8,6666,699,80,23,421,324,233,19,40831,Flareon, ,Fighting,Fighting,98489,Machop2,Machop,,00:41:16.20,00:41:22.24,02:37:44.10,47,3,0,41,22,24,BODY SLAM,ROCK SLIDE,LOW KICK,DIG,9,12,20,14,0,1,0,2,149,149,109,79,65,65,69,11132,17820,12831,14343,14343,22451,15,15,15,15,0,0,0,0,0,0,0,122,88,65,65,69,569834,222487,296273,48612,2462,8,3,0,6666,5531,1135,0,699,103,80,23,1,0,19517,11895,1072,1072,305,111,120,0,0,0,0,0,56,0,11,0,0,3,5,1,0,0,0,0,0,1,0,0,0,0,4,1,1,0,0,0,6,3,0,1,0,0,0,220,98354,0,0,0,0,37,37,5,2,1,9,0,2,3,Flareon
10-07,08:55:35,NINTEN,Machop,Gambler,2,Route 11,2,41:31.77,41:31,0h41m31s,3,0,3,47,2:38,5.958,BODY SLAM,ROCK SLIDE,LOW KICK,DIG,8,6671,699,81,23,423,326,233,19,41101,Flareon, ,Fighting,Fighting,99113,Machop2,Machop,,00:41:25.81,00:41:31.77,02:38:21.39,47,3,0,41,31,77,BODY SLAM,ROCK SLIDE,LOW KICK,DIG,7,12,20,14,0,1,0,2,149,149,109,79,65,65,69,11227,17945,12921,14488,14488,22521,15,15,15,15,0,0,0,0,0,0,0,122,88,65,65,69,572083,222825,298184,48612,2462,8,3,0,6671,5536,1135,0,699,104,81,23,1,0,19835,11990,1072,1072,307,111,120,0,0,0,0,0,56,0,11,0,0,3,5,1,0,0,0,0,0,1,0,0,0,0,4,1,1,0,0,0,6,3,0,1,0,0,0,222,98978,0,0,0,0,37,37,5,2,1,9,0,2,3,Flareon
10-07,08:55:44,NINTEN,Machop,Engineer,2,Route 11,1,41:40.56,41:40,0h41m40s,3,0,3,47,2:38,3.971,BODY SLAM,ROCK SLIDE,LOW KICK,DIG,8,6685,699,82,23,424,327,233,19,42361,Flareon, ,Fighting,Fighting,99513,Machop2,Machop,,00:41:36.59,00:41:40.56,02:38:56.17,47,3,0,41,40,56,BODY SLAM,ROCK SLIDE,LOW KICK,DIG,6,12,20,14,0,1,0,2,149,149,109,79,65,65,69,11252,17980,12991,14583,14583,22566,15,15,15,15,0,0,0,0,0,0,0,122,88,65,65,69,574161,223463,299624,48612,2462,8,3,0,6685,5550,1135,0,699,105,82,23,1,0,19937,12034,1072,1072,308,111,120,0,0,0,0,0,56,0,11,0,0,3,5,1,0,0,0,0,0,1,0,0,0,0,4,1,1,0,0,0,6,3,0,1,0,0,0,223,99378,0,0,0,0,37,37,5,2,1,9,0,2,3,Flareon
10-07,08:55:56,NINTEN,Machop,Engineer,3,Route 11,3,41:52.66,41:52,0h41m52s,3,0,3,47,2:39,8.6,BODY SLAM,ROCK SLIDE,LOW KICK,DIG,8,6697,700,83,23,427,330,233,19,43411,Flareon, ,Fighting,Fighting,100818,Machop2,Machop,,00:41:44.05,00:41:52.66,02:39:43.53,47,3,0,41,52,66,BODY SLAM,ROCK SLIDE,LOW KICK,DIG,3,12,20,14,0,1,0,2,149,149,109,79,65,65,69,11352,18110,13226,14893,14893,22726,15,15,15,15,0,0,0,0,0,0,0,122,88,65,65,69,577017,223775,302168,48612,2462,8,3,0,6697,5562,1135,0,700,106,83,23,1,0,20245,12160,1072,1072,311,111,120,0,0,0,0,0,56,0,11,0,0,3,5,1,0,0,0,0,0,1,0,0,0,0,4,1,1,0,0,0,6,3,0,1,0,0,0,226,100683,0,0,0,0,37,37,5,2,1,9,0,2,3,Flareon
10-07,08:56:06,NINTEN,Machop,Gambler,3,Route 11,2,42:02.51,42:02,0h42m2s,3,0,3,47,2:40,6.204,BODY SLAM,ROCK SLIDE,LOW KICK,DIG,8,6708,701,84,23,429,332,233,19,44311,Flareon, ,Fighting,Fighting,101556,Machop2,Machop,,00:41:56.30,00:42:02.51,02:40:22.40,47,3,0,42,2,51,BODY SLAM,ROCK SLIDE,LOW KICK,DIG,1,12,20,14,0,1,0,2,149,149,109,79,65,65,69,11417,18175,13346,15043,15043,22871,15,15,15,15,0,0,0,0,0,0,0,122,88,65,65,69,579344,224128,304142,48612,2462,8,3,0,6708,5573,1135,0,701,107,84,23,1,0,20516,12244,1072,1072,313,111,120,0,0,0,0,0,56,0,11,0,0,3,5,1,0,0,0,0,0,1,0,0,0,0,4,1,1,0,0,0,6,3,0,1,0,0,0,228,101421,0,0,0,0,37,37,5,2,1,9,0,2,3,Flareon
10-07,08:56:18,NINTEN,Machop,Youngster,11,Route 11,3,42:15.18,42:15,0h42m15s,3,0,3,47,2:41,9.619,BODY SLAM,ROCK SLIDE,LOW KICK,DIG,8,6710,701,85,23,432,335,234,19,45571,Flareon, ,Fighting,Fighting,102391,Machop2,Machop,,00:42:05.56,00:42:15.18,02:41:12.33,47,3,0,42,15,18,BODY SLAM,ROCK SLIDE,LOW KICK,DIG,0,12,18,14,0,1,0,2,146,149,109,79,65,65,69,11532,18368,13476,15143,15143,23112,15,15,15,15,0,0,0,0,0,0,0,122,88,65,65,69,582337,224353,306910,48612,2462,8,3,0,6710,5575,1135,0,701,108,85,23,1,0,21346,12370,1075,1075,316,111,121,0,0,0,0,0,56,0,11,0,0,3,5,1,0,0,0,0,0,1,0,0,0,0,4,1,1,0,0,0,6,3,0,1,0,0,0,231,102256,0,0,0,0,37,37,5,2,1,9,0,2,3,Flareon
10-07,08:56:50,NINTEN,Machop,Blackbelt,5,Saffron City - Fighting Dojo,3,42:46.86,42:46,0h42m46s,3,0,3,48,2:43,13.364,BODY SLAM,ROCK SLIDE,LOW KICK,DIG,8,6782,704,86,23,436,339,235,19,45826,Flareon, ,Fighting,Fighting,104452,Machop2,Machop,,00:42:33.50,00:42:46.86,02:43:17.30,48,3,0,42,46,86,BODY SLAM,ROCK SLIDE,LOW KICK,DIG,11,12,20,14,0,1,0,2,127,152,112,81,67,67,71,11707,18633,13621,15273,15273,23312,15,15,15,15,0,0,0,0,0,0,0,126,91,67,67,71,589834,227317,310638,49417,2462,8,3,0,6782,5647,1135,0,704,109,86,23,1,0,21752,12615,1100,1100,320,111,122,0,0,0,0,0,56,0,11,0,0,3,5,1,0,0,0,0,0,1,0,0,0,0,4,1,1,0,0,0,6,3,0,1,0,0,0,234,104317,0,0,0,0,37,37,5,2,1,9,0,2,3,Flareon
10-07,08:57:03,NINTEN,Machop,Blackbelt,3,Saffron City - Fighting Dojo,2,42:59.37,42:59,0h42m59s,3,0,3,48,2:44,8.064,BODY SLAM,ROCK SLIDE,LOW KICK,DIG,8,6783,704,87,23,439,342,236,19,46601,Flareon, ,Fighting,Fighting,106055,Machop2,Machop,,00:42:51.30,00:42:59.37,02:44:06.45,48,3,0,42,59,37,BODY SLAM,ROCK SLIDE,LOW KICK,DIG,8,12,20,14,0,1,0,2,127,152,112,81,67,67,71,11857,18813,13741,15358,15358,23392,15,15,15,15,0,-1,0,0,0,0,0,141,59,67,67,71,592789,227473,313437,49417,2462,8,3,0,6783,5648,1135,0,704,110,87,23,1,0,22007,12804,1100,1100,323,111,123,0,0,0,0,0,56,0,11,0,0,3,5,1,0,0,0,0,0,1,0,0,0,0,4,1,1,0,0,0,6,3,0,1,0,0,0,236,105920,0,0,0,0,37,37,5,2,1,9,0,2,3,Flareon
10-07,08:57:13,NINTEN,Machop,Blackbelt,4,Saffron City - Fighting Dojo,1,43:09.77,43:09,0h43m9s,3,0,3,48,2:44,7.401,BODY SLAM,ROCK SLIDE,LOW KICK,DIG,8,6784,704,88,23,441,344,237,19,47401,Flareon, ,Fighting,Fighting,107204,Machop2,Machop,,00:43:02.37,00:43:09.77,02:44:47.51,48,3,0,43,9,77,BODY SLAM,ROCK SLIDE,LOW KICK,DIG,6,12,20,14,0,1,0,2,94,152,112,81,67,67,71,11922,18918,13801,15418,15418,23487,15,15,15,15,0,0,0,0,0,0,0,126,91,67,67,71,595255,227676,315700,49417,2462,8,3,0,6784,5649,1135,0,704,111,88,23,1,0,22158,12902,1133,1133,325,111,124,0,0,0,0,0,56,0,12,0,0,3,6,1,0,0,0,0,0,1,0,0,0,0,4,1,1,0,0,0,6,3,0,1,0,0,0,237,107069,0,0,0,0,37,37,5,2,1,9,0,2,3,Flareon
10-07,08:57:26,NINTEN,Machop,Blackbelt,2,Saffron City - Fighting Dojo,3,43:22.60,43:22,0h43m22s,3,0,3,48,2:45,9.94,BODY SLAM,ROCK SLIDE,LOW KICK,DIG,8,6785,704,89,23,445,347,238,19,48301,Flareon, ,Fighting,Fighting,109172,Machop2,Machop,,00:43:12.67,00:43:22.60,02:45:38.25,48,3,0,43,22,60,BODY SLAM,ROCK SLIDE,LOW KICK,DIG,4,12,20,13,0,1,0,2,94,152,112,81,67,67,71,12067,19183,13931,15548,15548,23722,15,15,15,15,0,0,0,0,0,0,0,126,91,67,67,71,598289,227840,318570,49417,2462,8,3,0,6785,5650,1135,0,704,112,89,23,1,0,22522,13128,1133,1133,328,111,124,0,0,0,0,0,56,0,12,0,0,3,6,1,0,0,0,0,0,1,0,0,0,0,4,1,1,0,0,0,6,3,0,1,0,0,0,240,109037,0,0,0,0,37,37,5,2,1,9,0,2,3,Flareon
10-07,08:57:46,NINTEN,Machop,Blackbelt,1,Saffron City - Fighting Dojo,2,43:42.68,43:42,0h43m42s,3,0,3,49,2:46,11.628,BODY SLAM,ROCK SLIDE,LOW KICK,DIG,8,6786,704,90,23,449,350,240,18,49076,Flareon, ,Fighting,Fighting,111383,Machop2,Machop,,00:43:31.05,00:43:42.68,02:46:57.42,49,3,0,43,42,68,BODY SLAM,ROCK SLIDE,LOW KICK,DIG,2,12,20,12,0,1,0,2,123,155,114,82,69,69,72,12167,19408,14063,15618,15618,23885,15,15,15,15,0,0,0,0,0,0,0,128,92,69,69,72,603046,228196,321833,50555,2462,8,3,0,6786,5651,1135,0,704,113,90,23,1,0,22734,13306,1165,1165,331,112,125,0,0,0,0,0,56,0,12,0,0,3,6,1,0,0,0,0,0,1,0,0,0,0,4,1,1,0,0,0,6,3,0,1,0,0,0,242,111248,0,0,0,0,37,37,5,2,1,9,0,2,3,Flareon
10-07,08:58:10,NINTEN,Machop,Swimmer,2,Route 19,2,44:07.05,44:07,0h44m7s,3,0,3,49,2:48,7.238,BODY SLAM,ROCK SLIDE,LOW KICK,DIG,8,6819,709,91,23,452,352,241,18,50001,Flareon, ,Fighting,Fighting,112680,Machop2,Machop,,00:43:59.81,00:44:07.05,02:48:33.29,49,3,0,44,7,5,BODY SLAM,ROCK SLIDE,LOW KICK,DIG,14,12,20,13,0,1,0,2,155,155,114,82,69,69,72,12237,19513,14198,15763,15763,23995,15,15,15,15,0,0,0,0,0,0,0,128,92,69,69,72,608793,230644,324447,51240,2462,8,3,0,6819,5684,1135,0,709,114,91,23,1,0,23058,13436,1165,1165,333,113,125,0,0,0,0,0,57,0,12,0,0,3,6,1,0,0,0,0,0,1,0,0,0,0,4,1,1,0,0,0,6,3,0,1,0,0,0,244,112545,0,0,0,0,37,37,5,2,1,9,0,2,3,Flareon
10-07,08:58:21,NINTEN,Machop,Swimmer,3,Route 19,3,44:18.23,44:18,0h44m18s,3,0,3,49,2:49,8.177,BODY SLAM,ROCK SLIDE,LOW KICK,DIG,8,6824,709,92,23,455,355,241,18,50151,Flareon, ,Fighting,Fighting,114540,Machop2,Machop,,00:44:10.05,00:44:18.23,02:49:17.26,49,3,0,44,18,23,BODY SLAM,ROCK SLIDE,LOW KICK,DIG,11,12,20,13,0,1,0,2,155,155,114,82,69,69,72,12342,19665,14383,15953,15953,24203,15,15,15,15,0,0,0,0,0,0,0,128,92,69,69,72,611430,230850,326878,51240,2462,8,3,0,6824,5689,1135,0,709,115,92,23,1,0,23348,13627,1165,1165,336,113,125,0,0,0,0,0,57,0,12,0,0,3,6,1,0,0,0,0,0,1,0,0,0,0,4,1,1,0,0,0,6,3,0,1,0,0,0,247,114405,0,0,0,0,37,37,5,2,1,9,0,2,3,Flareon
10-07,08:58:41,NINTEN,Machop,Jr Trainer F,23,Route 15,3,44:37.77,44:37,0h44m37s,3,0,3,49,2:50,10.025,BODY SLAM,ROCK SLIDE,LOW KICK,DIG,8,6905,722,93,23,459,359,242,18,50296,Flareon, ,Fighting,Fighting,116576,Machop2,Machop,,00:44:27.75,00:44:37.77,02:50:34.23,49,3,0,44,37,77,BODY SLAM,ROCK SLIDE,LOW KICK,DIG,7,12,20,13,0,1,0,2,142,155,114,82,69,69,72,12502,19845,14588,16198,16198,24333,15,15,15,15,0,0,0,0,0,0,0,128,92,69,69,72,616047,232594,329751,51240,2462,8,3,0,6905,5770,1135,0,722,116,93,23,1,0,23705,13849,1178,1178,340,113,126,0,0,0,0,0,57,0,12,0,0,3,7,1,0,0,0,0,0,1,0,0,0,0,4,1,1,0,0,0,7,3,0,1,0,0,0,250,116441,0,0,0,0,37,37,5,2,1,9,0,2,3,Flareon
10-07,08:58:57,NINTEN,Machop,Bird Keeper,6,Route 15,4,44:53.89,44:53,0h44m53s,3,0,3,50,2:51,12.014,BODY SLAM,ROCK SLIDE,LOW KICK,DIG,8,6920,722,94,23,463,363,243,18,50876,Flareon, ,Fighting,Fighting,118567,Machop2,Machop,,00:44:41.87,00:44:53.89,02:51:37.53,50,3,0,44,53,89,BODY SLAM,ROCK SLIDE,LOW KICK,DIG,3,12,20,13,0,1,0,2,139,159,117,85,71,71,74,12692,20100,14783,16376,16376,24595,15,15,15,15,0,0,0,0,0,0,0,131,95,71,71,74,619857,233049,333106,51240,2462,8,3,0,6920,5785,1135,0,722,117,94,23,1,0,24239,14106,1185,1185,344,113,127,0,0,0,0,0,57,0,12,0,0,3,7,1,0,0,0,0,0,1,0,0,0,0,4,1,1,0,0,0,7,3,0,1,0,0,0,254,118432,0,0,0,0,37,37,5,2,1,9,0,2,3,Flareon
10-07,09:01:47,NINTEN,Machop,Koga,1,Fuchsia City - Gym,4,47:43.84,47:43,0h47m43s,9,0,9,50,2:54,18.538,BODY SLAM,ROCK SLIDE,LOW KICK,DIG,9,6989,728,95,23,469,369,245,18,51526,Flareon, ,Fighting,Fighting,122259,Machop2,Machop,Koga,00:47:25.30,00:47:43.84,02:54:20.28,50,9,0,47,43,84,BODY SLAM,ROCK SLIDE,LOW KICK,DIG,14,7,20,14,0,1,0,2,6,159,117,85,71,71,74,12942,20330,14993,16586,16586,24820,15,15,15,15,0,0,0,0,0,0,0,131,95,71,71,74,629617,236188,338387,52419,2623,9,4,0,6989,5854,1135,0,728,118,95,23,1,0,24860,14598,1338,1338,349,114,129,0,0,0,0,0,57,0,12,0,0,3,8,1,0,0,0,0,0,1,0,0,0,0,4,1,1,0,0,0,7,3,0,1,0,0,0,258,122124,0,0,0,0,37,37,5,2,1,9,0,2,9,Flareon
10-07,09:02:39,NINTEN,Machop,Fisher,7,Route 21,4,48:35.79,48:35,0h48m35s,9,0,9,51,2:57,11.76,BODY SLAM,ROCK SLIDE,LOW KICK,DIG,9,7139,755,96,23,473,373,245,18,56476,Flareon, ,Fighting,Fighting,125985,Machop2,Machop,,00:48:24.02,00:48:35.79,02:57:45.19,51,9,0,48,35,79,BODY SLAM,ROCK SLIDE,LOW KICK,DIG,11,12,20,14,0,1,0,2,162,162,120,87,72,72,75,13227,20673,15248,16876,16876,25087,15,15,15,15,0,0,0,0,0,0,0,135,97,72,72,84,641908,241838,341755,55692,2623,9,4,0,7139,5975,1135,29,755,119,96,23,1,0,25268,14926,1338,1338,353,114,129,0,0,0,0,0,57,0,12,0,0,3,8,1,0,0,0,0,0,1,0,0,0,0,4,1,1,0,0,0,7,3,0,1,0,0,0,262,125850,0,0,0,0,38,37,5,2,1,10,0,2,9,Flareon
10-07,09:02:55,NINTEN,Machop,Swimmer,14,Route 21,2,48:51.38,48:51,0h48m51s,9,0,9,51,2:58,7.593,BODY SLAM,ROCK SLIDE,LOW KICK,DIG,9,7191,756,97,23,476,376,246,18,57456,Flareon, ,Fighting,Fighting,127744,Machop2,Machop,,00:48:43.79,00:48:51.38,02:58:46.51,51,9,0,48,51,38,BODY SLAM,ROCK SLIDE,LOW KICK,DIG,8,12,20,14,0,1,0,2,148,162,120,87,72,72,75,13316,20781,15383,17011,17011,25230,15,15,15,15,0,0,0,0,0,0,0,135,97,72,72,84,645600,242858,344427,55692,2623,9,4,0,7191,5975,1135,81,756,120,97,23,1,0,25536,15081,1352,1352,356,114,130,0,0,0,0,0,57,0,12,0,0,3,8,1,0,0,0,0,0,1,0,0,0,0,4,1,1,0,0,0,7,3,0,1,0,0,0,264,127609,0,0,0,0,38,37,5,2,1,10,0,2,9,Flareon
10-07,09:03:24,NINTEN,Machop,Scientist,12,Cinnabar Mansion,3,49:21.10,49:21,0h49m21s,9,0,9,51,3:00,10.268,BODY SLAM,ROCK SLIDE,LOW KICK,DIG,9,7336,777,98,23,480,379,247,19,57621,Flareon, ,Fighting,Fighting,130237,Machop2,Machop,,00:49:10.84,00:49:21.10,03:00:44.06,51,9,0,49,21,10,BODY SLAM,ROCK SLIDE,LOW KICK,DIG,6,12,20,13,0,1,0,2,148,162,120,87,72,72,75,13431,20906,15598,17281,17281,25445,15,15,15,15,0,0,0,0,0,0,0,135,97,72,72,84,652635,246679,347271,56062,2623,9,4,0,7336,6096,1135,105,777,121,98,23,1,0,25887,15300,1352,1352,359,115,130,0,0,0,0,0,57,0,12,0,0,3,8,1,0,0,0,0,0,1,0,0,0,0,4,1,1,0,0,0,7,3,0,1,0,0,0,267,130102,0,0,0,0,39,37,5,2,1,10,0,2,9,Flareon
10-07,09:03:38,NINTEN,Machop,Scientist,4,Cinnabar Mansion,2,49:34.58,49:34,0h49m34s,9,0,9,51,3:01,8.667,BODY SLAM,ROCK SLIDE,LOW KICK,DIG,9,7346,782,99,23,484,381,250,19,59271,Flareon, ,Fighting,Fighting,132242,Machop2,Machop,,00:49:25.91,00:49:34.58,03:01:37.06,51,9,0,49,34,58,BODY SLAM,ROCK SLIDE,LOW KICK,DIG,6,12,20,11,0,1,0,2,148,162,120,87,72,72,75,13556,21046,15788,17446,17446,25645,15,15,15,15,0,0,0,0,0,0,0,135,97,72,72,84,655815,247281,349849,56062,2623,9,4,0,7346,6106,1135,105,782,122,99,23,1,0,26249,15459,1352,1352,361,118,130,0,0,0,0,0,57,0,12,0,0,3,8,1,0,0,0,0,0,1,0,0,0,0,4,1,1,0,0,0,7,3,0,1,0,0,0,269,132107,0,0,0,0,39,37,5,2,1,10,0,2,9,Flareon
10-07,09:04:51,NINTEN,Machop,Pokemaniac,1,Route 10,2,50:48.19,50:48,0h50m48s,9,0,9,52,3:06,8.027,BODY SLAM,ROCK SLIDE,LOW KICK,DIG,9,7730,810,100,23,486,383,250,19,60721,Flareon, ,Fighting,Fighting,133925,Machop2,Machop,RTG2 - Pokemaniac 1,00:50:40.17,00:50:48.19,03:06:27.50,52,9,0,50,48,19,BODY SLAM,ROCK SLIDE,LOW KICK,DIG,15,12,18,14,0,1,0,2,165,165,122,88,75,75,77,13726,21186,15958,20096,20096,25700,15,15,15,15,0,0,0,0,0,0,0,137,99,75,75,86,673259,258400,352245,59991,2623,9,4,0,7730,6463,1135,132,810,123,100,23,1,0,26643,15649,1352,1352,363,118,130,0,0,0,0,0,58,0,12,0,0,3,8,1,0,0,0,0,0,1,0,0,0,0,4,1,1,0,0,0,7,3,0,1,0,0,0,271,133790,0,0,0,0,43,37,5,2,1,10,0,2,9,Flareon
10-07,09:05:30,NINTEN,Machop,Burglar,4,Cinnabar Island - Gym,3,51:27.15,51:27,0h51m27s,9,0,9,52,3:09,10.371,BODY SLAM,ROCK SLIDE,LOW KICK,DIG,9,7881,824,101,23,490,386,252,19,62221,Flareon, ,Fighting,Fighting,136485,Machop2,Machop,,00:51:16.78,00:51:27.15,03:09:01.27,52,9,0,51,27,15,BODY SLAM,ROCK SLIDE,LOW KICK,DIG,13,12,18,13,0,1,0,2,159,165,122,88,75,75,77,13892,21373,16118,20311,20311,25925,15,15,15,15,0,0,0,0,0,0,0,137,99,75,75,86,682476,263348,355589,60916,2623,9,4,0,7881,6614,1135,132,824,124,101,23,1,0,27060,15923,1358,1358,366,119,131,0,0,0,0,0,58,0,12,0,0,3,8,1,0,0,0,0,0,1,0,0,0,0,4,1,1,0,0,0,7,3,0,1,0,0,0,274,136350,0,0,0,0,44,37,5,2,1,10,0,2,9,Flareon
10-07,09:05:45,NINTEN,Machop,Super Nerd,9,Cinnabar Island - Gym,3,51:41.47,51:41,0h51m41s,9,0,9,52,3:09,10.205,BODY SLAM,ROCK SLIDE,LOW KICK,DIG,9,7891,826,102,23,494,389,253,19,65461,Flareon, ,Fighting,Fighting,138829,Machop2,Machop,,00:51:31.27,00:51:41.47,03:09:57.51,52,9,0,51,41,47,BODY SLAM,ROCK SLIDE,LOW KICK,DIG,11,12,18,12,0,1,0,2,149,165,122,88,75,75,77,14041,21531,16273,20541,20541,26155,15,15,15,15,0,0,0,0,0,0,0,137,99,75,75,86,685860,263810,358511,60916,2623,9,4,0,7891,6624,1135,132,826,125,102,23,1,0,27488,16185,1368,1368,369,119,132,0,0,0,0,0,58,0,12,0,0,3,8,1,0,0,0,0,0,1,0,0,0,0,4,1,1,0,0,0,7,3,0,1,0,0,0,277,138694,0,0,0,0,44,37,5,2,1,10,0,2,9,Flareon
10-07,09:06:02,NINTEN,Machop,Super Nerd,10,Cinnabar Island - Gym,4,51:58.78,51:58,0h51m58s,9,0,9,52,3:11,11.521,BODY SLAM,ROCK SLIDE,LOW KICK,DIG,9,7905,828,103,23,498,393,254,19,66361,Flareon, ,Fighting,Fighting,141530,Machop2,Machop,,00:51:47.26,00:51:58.78,03:11:06.01,52,9,0,51,58,78,BODY SLAM,ROCK SLIDE,LOW KICK,DIG,7,12,18,12,0,1,0,2,138,165,122,88,75,75,77,14223,21779,16456,20771,20771,26435,15,15,15,15,0,0,0,0,0,0,0,137,99,75,75,86,689950,264675,361736,60916,2623,9,4,0,7905,6638,1135,132,828,126,103,23,1,0,27979,16504,1379,1379,373,119,133,0,0,0,0,0,58,0,13,0,0,3,8,1,0,0,0,0,0,1,0,0,0,0,4,1,1,0,0,0,7,3,0,1,0,0,0,281,141395,0,0,0,0,44,37,5,2,1,10,0,2,9,Flareon
10-07,09:06:15,NINTEN,Machop,Burglar,5,Cinnabar Island - Gym,1,52:11.61,52:11,0h52m11s,9,0,9,53,3:11,5.808,BODY SLAM,ROCK SLIDE,LOW KICK,DIG,9,7919,835,104,23,500,394,255,19,67211,Flareon, ,Fighting,Fighting,142865,Machop2,Machop,,00:52:05.80,00:52:11.61,03:11:56.33,53,9,0,52,11,61,BODY SLAM,ROCK SLIDE,LOW KICK,DIG,7,12,18,11,0,1,0,2,142,169,125,90,77,77,79,14273,21864,16511,20836,20836,26525,15,15,15,15,0,0,0,0,0,0,0,140,101,77,77,88,692982,265823,363620,60916,2623,9,4,0,7919,6652,1135,132,835,127,104,23,1,0,28172,16602,1379,1379,374,120,133,0,0,0,0,0,58,0,13,0,0,3,8,1,0,0,0,0,0,1,0,0,0,0,4,1,1,0,0,0,7,3,0,1,0,0,0,282,142730,0,0,0,0,44,37,5,2,1,10,0,2,9,Flareon
10-07,09:06:28,NINTEN,Machop,Super Nerd,11,Cinnabar Island - Gym,1,52:24.35,52:24,0h52m24s,9,0,9,53,3:12,5.594,BODY SLAM,ROCK SLIDE,LOW KICK,DIG,9,7933,838,105,23,502,395,256,19,70901,Flareon, ,Fighting,Fighting,144551,Machop2,Machop,,00:52:18.76,00:52:24.35,03:12:46.44,53,9,0,52,24,35,BODY SLAM,ROCK SLIDE,LOW KICK,DIG,7,12,18,10,0,1,0,2,142,169,125,90,77,77,79,14338,21964,16581,20916,20916,26630,15,15,15,15,-1,0,0,0,0,0,0,92,113,77,77,99,695993,266627,365827,60916,2623,9,4,0,7933,6666,1135,132,838,128,105,23,1,0,28498,16712,1379,1379,375,120,134,0,0,0,0,0,59,0,13,0,0,3,8,1,0,0,0,0,0,1,0,0,0,0,4,1,1,0,0,0,7,3,0,1,0,0,0,283,144416,0,0,0,0,44,37,5,2,1,10,0,2,9,Flareon
10-07,09:06:39,NINTEN,Machop,Burglar,6,Cinnabar Island - Gym,2,52:36.20,52:36,0h52m36s,9,0,9,53,3:13,6.223,BODY SLAM,ROCK SLIDE,LOW KICK,DIG,9,7947,840,106,23,504,397,256,19,71926,Flareon, ,Fighting,Fighting,145771,Machop2,Machop,,00:52:29.98,00:52:36.20,03:13:33.20,53,9,0,52,36,20,BODY SLAM,ROCK SLIDE,LOW KICK,DIG,5,12,18,10,0,1,0,2,142,169,125,90,77,77,79,14431,22075,16666,21031,21031,26755,15,15,15,15,0,0,0,0,0,0,0,140,101,77,77,88,698789,267460,367790,60916,2623,9,4,0,7947,6680,1135,132,840,129,106,23,1,0,28735,16886,1379,1379,377,120,134,0,0,0,0,0,59,0,13,0,0,3,8,1,0,0,0,0,0,1,0,0,0,0,4,1,1,0,0,0,7,3,0,1,0,0,0,285,145636,0,0,0,0,44,37,5,2,1,10,0,2,9,Flareon
10-07,09:06:52,NINTEN,Machop,Super Nerd,12,Cinnabar Island - Gym,2,52:48.57,52:48,0h52m48s,9,0,9,53,3:14,6.935,BODY SLAM,ROCK SLIDE,LOW KICK,DIG,9,7961,847,107,23,506,399,257,19,75256,Flareon, ,Fighting,Fighting,146991,Machop2,Machop,,00:52:41.63,00:52:48.57,03:14:22.00,53,9,0,52,48,57,BODY SLAM,ROCK SLIDE,LOW KICK,DIG,3,12,18,10,0,1,0,2,136,169,125,90,77,77,79,14524,22186,16751,21146,21146,26880,15,15,15,15,0,0,0,0,0,0,0,140,101,77,77,88,701709,268244,369926,60916,2623,9,4,0,7961,6694,1135,132,847,130,107,23,1,0,28981,17060,1385,1385,379,120,135,0,0,0,0,0,59,0,13,0,0,3,8,1,0,0,0,0,0,1,0,0,0,0,4,1,1,0,0,0,7,3,0,1,0,0,0,287,146856,0,0,0,0,44,37,5,2,1,10,0,2,9,Flareon
10-07,09:08:33,NINTEN,Machop,Blaine,1,Cinnabar Island - Gym,3,54:29.48,54:29,0h54m29s,12,0,12,54,3:16,18.73,BODY SLAM,ROCK SLIDE,LOW KICK,DIG,10,7970,849,108,23,516,404,267,18,76181,Flareon, ,Fighting,Fighting,153341,Machop2,Machop,Blaine,00:54:10.75,00:54:29.48,03:16:18.20,54,12,0,54,29,48,BODY SLAM,ROCK SLIDE,LOW KICK,DIG,3,12,18,5,0,1,0,2,129,172,127,92,78,78,81,14752,22472,16976,21406,21406,27180,15,15,15,15,0,-1,0,0,0,0,0,142,67,78,78,91,708694,268874,374880,62160,2780,10,5,0,7970,6703,1135,132,849,131,108,23,1,0,29485,17497,1428,1428,384,127,138,0,0,0,0,0,59,0,13,0,0,3,8,1,0,0,0,0,0,1,0,0,0,0,4,1,1,0,0,0,7,3,0,1,0,0,0,290,153206,0,0,0,0,44,37,5,2,1,10,0,2,12,Flareon
10-07,09:09:39,NINTEN,Machop,Rival5-Silph,6,Silph Co - 7F,5,55:35.72,55:35,0h55m35s,12,0,12,55,3:20,23.706,BODY SLAM,ROCK SLIDE,LOW KICK,DIG,11,8157,855,109,23,527,411,272,19,81527,Flareon, ,Fighting,Fighting,160248,Machop2,Machop,Rival (Silph Co.),00:55:12.01,00:55:35.72,03:20:39.19,55,12,0,55,35,72,BODY SLAM,ROCK SLIDE,LOW KICK,DIG,14,12,18,10,0,1,0,2,175,175,130,94,80,80,82,15032,22892,17451,21896,21896,27555,15,15,15,15,0,0,0,0,0,0,0,146,105,90,90,92,724353,276204,381345,64024,2780,11,5,0,8157,6890,1135,132,855,132,109,23,1,0,30432,17968,1428,1428,391,132,138,0,0,0,0,0,60,0,13,0,0,3,8,1,0,0,0,0,0,1,0,0,0,0,4,1,1,0,0,0,7,3,0,1,0,0,0,295,160113,0,0,0,0,44,37,5,2,1,10,0,2,12,Flareon
10-07,09:10:00,NINTEN,Machop,Rocket,45,Silph Co - 11F,3,55:56.36,55:56,0h55m56s,12,0,12,55,3:22,10.933,BODY SLAM,ROCK SLIDE,LOW KICK,DIG,11,8165,855,110,23,532,414,274,19,84127,Flareon, ,Fighting,Fighting,162830,Machop2,Machop,,00:55:45.42,00:55:56.36,03:22:00.40,55,12,0,55,56,36,BODY SLAM,ROCK SLIDE,LOW KICK,DIG,13,12,18,8,0,1,0,2,175,175,130,94,80,80,82,15197,23112,17675,22086,22086,27785,15,15,15,15,0,0,0,0,0,0,0,146,105,90,90,92,729234,277579,384851,64024,2780,11,5,0,8165,6898,1135,132,855,133,110,23,1,0,31148,18207,1428,1428,394,134,138,0,0,0,0,0,61,0,13,0,0,3,8,1,0,0,0,0,0,1,0,0,0,0,4,1,1,0,0,0,7,3,0,1,0,0,0,298,162695,0,0,0,0,44,37,5,2,1,10,0,2,12,Flareon
10-07,09:10:20,NINTEN,Machop,Giovanni-Silph,2,Silph Co - 11F,4,56:17.28,56:17,0h56m17s,12,0,12,55,3:23,13.818,BODY SLAM,ROCK SLIDE,LOW KICK,DIG,11,8180,856,111,23,538,418,275,19,85057,Flareon, ,Fighting,Fighting,167647,Machop2,Machop,Giovanni (Silph),00:56:03.46,00:56:17.28,03:23:23.17,55,12,0,56,17,28,BODY SLAM,ROCK SLIDE,LOW KICK,DIG,11,12,18,6,0,1,0,2,175,175,130,94,80,80,82,15493,23421,17974,22311,22311,28066,15,15,15,15,0,0,0,0,0,0,0,146,105,90,90,92,734191,278766,388621,64024,2780,11,5,0,8180,6913,1135,132,856,134,111,23,1,0,31679,18644,1428,1428,398,135,138,0,0,0,0,0,61,0,13,0,0,3,8,1,0,0,0,0,0,1,0,0,0,0,4,1,1,0,0,0,7,3,0,1,0,0,0,302,167512,0,0,0,0,44,37,5,2,1,10,0,2,12,Flareon
10-07,09:11:30,NINTEN,Machop,Sabrina,1,Saffron City - Gym,3,57:26.39,57:26,0h57m26s,13,0,13,56,3:26,17.538,BODY SLAM,ROCK SLIDE,LOW KICK,DIG,12,8304,904,112,23,545,425,279,19,89116,Flareon, ,Fighting,Fighting,171972,Machop2,Machop,Sabrina,00:57:08.85,00:57:26.39,03:26:49.18,56,13,0,57,26,39,BODY SLAM,ROCK SLIDE,LOW KICK,DIG,8,12,20,14,0,1,0,2,106,178,132,96,81,81,84,15613,23526,18064,22671,22671,28381,15,15,15,15,0,0,0,0,0,-1,0,148,108,91,91,94,746557,285309,393294,65018,2937,12,6,0,8304,7037,1135,132,904,135,112,23,1,0,32317,19029,1500,1500,403,137,141,0,0,0,0,0,61,0,13,0,0,3,9,1,0,0,0,0,0,1,0,0,0,0,4,1,1,0,0,0,8,4,0,1,0,0,0,305,171837,0,0,0,0,44,37,5,2,1,10,0,2,13,Flareon
10-07,09:12:01,NINTEN,Machop,Cooltrainer M,10,Viridian City - Gym,1,57:58.04,57:58,0h57m58s,13,0,13,56,3:28,5.246,BODY SLAM,ROCK SLIDE,LOW KICK,DIG,12,8407,920,113,23,547,426,280,20,94066,Flareon, ,Fighting,Fighting,173215,Machop2,Machop,,00:57:52.80,00:57:58.04,03:28:53.31,56,13,0,57,58,4,BODY SLAM,ROCK SLIDE,LOW KICK,DIG,15,12,20,13,0,1,0,2,178,178,132,96,81,81,84,15693,23611,18159,22701,22701,28406,15,15,15,15,0,0,0,0,0,0,0,148,108,91,91,94,754010,289974,395595,65505,2937,12,6,0,8407,7140,1135,132,920,136,113,23,1,0,32452,19157,1500,1500,404,138,141,0,0,0,0,0,61,0,13,0,0,3,9,1,0,0,0,0,0,1,0,0,0,0,4,1,1,0,0,0,8,4,0,1,0,0,0,306,173080,0,0,0,0,44,37,5,2,1,10,0,2,13,Flareon
10-07,09:12:17,NINTEN,Machop,Blackbelt,8,Viridian City - Gym,3,58:13.75,58:13,0h58m13s,13,0,13,56,3:29,11.293,BODY SLAM,ROCK SLIDE,LOW KICK,DIG,12,8417,927,114,23,552,431,280,20,95571,Flareon, ,Fighting,Fighting,176306,Machop2,Machop,,00:58:02.46,00:58:13.75,03:29:55.32,56,13,0,58,13,75,BODY SLAM,ROCK SLIDE,LOW KICK,DIG,10,12,20,13,0,1,0,2,178,178,132,96,81,81,84,15923,23891,18349,22836,22836,28531,15,15,15,15,0,0,0,0,0,0,0,148,108,91,91,94,757731,290498,398792,65505,2937,12,6,0,8417,7150,1135,132,927,137,114,23,1,0,32931,19492,1500,1500,409,138,141,0,0,0,0,0,61,0,13,0,0,3,10,1,0,0,0,0,0,1,0,0,0,0,4,1,1,0,0,0,9,5,0,1,0,0,0,309,176171,0,0,0,0,44,37,5,2,1,10,0,2,13,Flareon
10-07,09:12:31,NINTEN,Machop,Cooltrainer M,9,Viridian City - Gym,2,58:28.27,58:28,0h58m28s,13,0,13,56,3:30,10.73,BODY SLAM,ROCK SLIDE,LOW KICK,DIG,12,8429,929,115,23,557,435,283,20,96521,Flareon, ,Fighting,Fighting,178946,Machop2,Machop,,00:58:17.54,00:58:28.27,03:30:52.56,56,13,0,58,28,27,BODY SLAM,ROCK SLIDE,LOW KICK,DIG,7,12,20,12,0,1,0,2,178,178,132,96,81,81,84,16033,24071,18509,22961,22961,28716,15,15,15,15,-1,0,0,0,0,0,0,97,121,102,102,105,761175,290893,401841,65505,2937,12,6,0,8429,7162,1135,132,929,138,115,23,1,0,33252,19687,1500,1500,413,140,142,0,0,0,0,0,62,0,13,0,0,3,11,1,0,0,0,0,0,1,0,0,0,0,4,1,1,0,0,0,9,5,0,1,0,0,0,311,178811,0,0,0,0,44,37,5,2,1,10,0,2,13,Flareon
10-07,09:12:45,NINTEN,Machop,Blackbelt,6,Viridian City - Gym,2,58:41.84,58:41,0h58m41s,13,0,13,57,3:31,10.32,BODY SLAM,ROCK SLIDE,LOW KICK,DIG,12,8434,930,116,23,562,438,286,20,97886,Flareon, ,Fighting,Fighting,180950,Machop2,Machop,,00:58:31.52,00:58:41.84,03:31:46.28,57,13,0,58,41,84,BODY SLAM,ROCK SLIDE,LOW KICK,DIG,6,12,20,10,0,1,0,2,166,181,135,98,83,83,85,16183,24251,18629,23046,23046,28796,15,15,15,15,0,0,0,0,0,0,0,151,110,93,93,95,764387,291134,404812,65505,2937,12,6,0,8434,7167,1135,132,930,139,116,23,1,0,33560,19919,1515,1515,416,142,143,0,0,0,0,0,62,0,13,0,0,3,11,1,0,0,0,0,0,1,0,0,0,0,4,1,1,0,0,0,9,5,0,1,0,0,0,313,180815,0,0,0,0,44,37,5,2,1,10,0,2,13,Flareon
10-07,09:12:55,NINTEN,Machop,Tamer,3,Viridian City - Gym,1,58:51.96,58:51,0h58m51s,13,0,13,57,3:32,5.167,BODY SLAM,ROCK SLIDE,LOW KICK,DIG,12,8439,930,117,23,564,439,287,20,98886,Flareon, ,Fighting,Fighting,182193,Machop2,Machop,,00:58:46.79,00:58:51.96,03:32:26.21,57,13,0,58,51,96,BODY SLAM,ROCK SLIDE,LOW KICK,DIG,6,12,20,9,0,1,0,2,166,181,135,98,83,83,85,16263,24336,18724,23076,23076,28821,15,15,15,15,0,0,0,0,0,0,0,151,110,93,93,95,766780,291429,406910,65505,2937,12,6,0,8439,7172,1135,132,930,140,117,23,1,0,33707,20047,1515,1515,417,143,143,0,0,0,0,0,62,0,13,0,0,3,11,1,0,0,0,0,0,1,0,0,0,0,4,1,1,0,0,0,9,5,0,1,0,0,0,314,182058,0,0,0,0,44,37,5,2,1,10,0,2,13,Flareon
10-07,09:13:11,NINTEN,Machop,Tamer,4,Viridian City - Gym,2,59:08.03,59:08,0h59m8s,13,0,13,57,3:33,8.963,BODY SLAM,ROCK SLIDE,LOW KICK,DIG,12,8466,935,118,23,567,441,289,20,100606,Flareon, ,Fighting,Fighting,185183,Machop2,Machop,,00:58:59.07,00:59:08.03,03:33:29.54,57,13,0,59,8,3,BODY SLAM,ROCK SLIDE,LOW KICK,DIG,6,12,19,8,0,1,0,2,141,181,135,98,83,83,85,16398,24521,18888,23211,23211,29011,15,15,15,15,0,0,0,0,0,0,0,151,110,93,93,95,770593,292598,409554,65505,2937,12,6,0,8466,7199,1135,132,935,141,118,23,1,0,34022,20262,1540,1540,419,143,144,0,0,0,0,0,62,0,13,0,0,3,11,1,0,0,0,0,0,1,0,0,0,0,4,1,1,0,0,0,9,5,0,1,0,0,0,316,185048,0,0,0,0,44,37,5,2,1,10,0,2,13,Flareon
10-07,09:13:21,NINTEN,Machop,Blackbelt,7,Viridian City - Gym,1,59:17.98,59:17,0h59m17s,13,0,13,57,3:34,5.486,BODY SLAM,ROCK SLIDE,LOW KICK,DIG,12,8475,935,119,23,569,443,290,20,102166,Flareon, ,Fighting,Fighting,186527,Machop2,Machop,,00:59:12.50,00:59:17.98,03:34:09.09,57,13,0,59,17,98,BODY SLAM,ROCK SLIDE,LOW KICK,DIG,4,12,19,8,0,1,0,2,141,181,135,98,83,83,85,16478,24621,18958,23261,23261,29056,15,15,15,15,0,0,0,0,0,0,0,151,110,93,93,95,772948,293163,411344,65505,2937,12,6,0,8475,7208,1135,132,935,142,119,23,1,0,34180,20390,1540,1540,421,144,144,0,0,0,0,0,62,0,13,0,0,3,12,1,0,0,0,0,0,1,0,0,0,0,4,1,1,0,0,0,10,5,0,1,0,0,0,317,186392,0,0,0,0,44,37,5,2,1,10,0,2,13,Flareon
10-07,09:14:02,NINTEN,Machop,Cooltrainer M,1,Viridian City - Gym,2,59:59.23,59:59,0h59m59s,13,0,13,57,3:36,9.046,BODY SLAM,ROCK SLIDE,LOW KICK,DIG,12,8637,968,120,23,573,445,292,19,103241,Flareon, ,Fighting,Fighting,189141,Machop2,Machop,,00:59:50.18,00:59:59.23,03:36:52.22,57,13,0,59,59,23,BODY SLAM,ROCK SLIDE,LOW KICK,DIG,15,12,20,12,0,1,0,2,181,181,135,98,83,83,85,16620,24785,19092,23391,23391,29206,15,15,15,15,0,0,0,0,0,0,0,151,110,93,93,95,782741,298366,414006,67433,2937,12,6,0,8637,7370,1135,132,968,143,120,23,1,0,34626,20610,1540,1540,423,146,144,0,0,0,0,0,62,0,13,0,0,3,12,1,0,0,0,0,0,1,0,0,0,0,4,1,1,0,0,0,10,5,0,1,0,0,0,319,189006,0,0,0,0,44,37,5,2,1,10,0,2,13,Flareon
10-07,09:14:34,NINTEN,Machop,Bird Keeper,8,Route 18,2,1:00:31.29,1:00:31,1h0m31s,13,0,13,58,3:38,7.225,BODY SLAM,ROCK SLIDE,LOW KICK,DIG,12,8733,981,121,23,575,447,292,19,104606,Flareon, ,Fighting,Fighting,190507,Machop2,Machop,,01:00:24.06,01:00:31.29,03:38:59.08,58,13,1,0,31,29,BODY SLAM,ROCK SLIDE,LOW KICK,DIG,13,12,20,12,0,1,0,2,185,185,137,100,85,85,87,16725,24935,19187,23483,23483,29376,15,15,15,15,0,0,0,0,0,0,0,154,112,95,95,97,790347,301254,416229,69928,2937,12,6,0,8733,7466,1135,132,981,144,121,23,1,0,34982,20757,1540,1540,425,146,144,0,0,0,0,0,62,0,13,0,0,3,12,1,0,0,0,0,0,1,0,0,0,0,4,1,1,0,0,0,10,5,0,1,0,0,0,321,190372,0,0,0,0,44,37,5,2,1,10,0,2,13,Flareon
10-07,09:15:45,NINTEN,Machop,Giovanni,3,Viridian City - Gym,5,1:01:41.69,1:01:41,1h1m41s,13,0,13,68,3:43,20.998,BODY SLAM,ROCK SLIDE,LOW KICK,DIG,13,8828,1007,122,23,585,453,296,19,105331,Flareon, ,Fighting,Fighting,324839,Machop2,Machop,Giovanni,01:01:20.69,01:01:41.69,03:43:35.30,68,13,1,1,41,69,BODY SLAM,ROCK SLIDE,LOW KICK,DIG,12,12,19,8,0,1,0,2,168,215,160,116,98,98,102,17101,25389,19581,23813,23813,29812,15,15,15,15,0,0,0,0,0,0,0,180,130,110,110,114,806929,304069,422091,77833,2937,13,6,0,8828,7561,1135,132,1007,145,122,23,1,0,36069,21517,1587,1587,431,148,145,0,0,0,0,0,63,0,13,0,0,3,12,1,0,0,0,0,0,1,0,0,0,0,4,1,1,0,0,0,10,5,0,1,0,0,0,326,200593,0,0,0,0,44,37,5,2,1,10,0,2,13,Flareon
10-07,09:17:20,NINTEN,Machop,Rival6-Route 22,9,Route 22,6,1:03:16.91,1:03:16,1h3m16s,14,0,14,69,3:47,29.055,BODY SLAM,ROCK SLIDE,LOW KICK,DIG,14,8970,1023,123,23,597,463,301,20,110776,Flareon,Poisoned,Fighting,Fighting,334803,Machop2,Machop,Rival (Final),01:02:47.86,01:03:16.91,03:47:24.52,69,14,1,3,16,91,BODY SLAM,ROCK SLIDE,LOW KICK,DIG,9,12,18,12,0,1,0,2,117,219,163,118,100,100,103,17441,25849,20136,24363,24363,30227,15,15,15,15,0,0,0,0,0,0,0,183,132,112,112,115,820696,309132,429707,78767,3091,14,7,0,8970,7703,1135,132,1023,146,123,23,1,0,37422,22234,1689,1689,441,150,148,0,0,0,0,0,64,0,14,0,0,3,14,1,0,0,0,0,0,2,0,0,0,0,4,1,1,0,0,0,11,5,0,1,0,0,0,332,210557,0,0,0,0,44,37,5,2,1,10,0,2,14,Flareon
10-07,09:18:40,NINTEN,Machop,Cooltrainer F,5,Victory Road,2,1:04:36.66,1:04:36,1h4m36s,14,0,14,69,3:52,7.938,BODY SLAM,ROCK SLIDE,LOW KICK,DIG,14,9303,1088,124,23,600,465,302,20,114221,Flareon, ,Fighting,Fighting,337875,Machop2,Machop,,01:04:28.73,01:04:36.66,03:52:40.58,69,14,1,4,36,66,BODY SLAM,ROCK SLIDE,LOW KICK,DIG,8,12,18,11,0,1,0,2,107,219,163,118,100,100,103,17579,25995,20271,24528,24528,30442,15,15,15,15,0,0,0,0,0,0,0,183,132,112,112,115,839662,321590,432419,82563,3091,14,7,0,9303,7874,1261,168,1088,147,124,23,1,0,37811,22477,1699,1699,443,150,149,0,0,0,0,0,64,0,14,0,0,3,14,1,0,0,0,0,0,2,0,0,0,0,4,1,1,0,0,0,11,5,0,1,0,0,0,334,213629,0,0,0,0,46,37,5,2,1,10,0,2,14,Flareon
10-07,09:18:59,NINTEN,Machop,Cooltrainer M,5,Victory Road,4,1:04:55.36,1:04:55,1h4m55s,14,0,14,69,3:53,14.197,BODY SLAM,ROCK SLIDE,LOW KICK,DIG,14,9318,1095,125,23,605,469,302,20,115761,Flareon, ,Fighting,Fighting,343590,Machop2,Machop,,01:04:41.16,01:04:55.36,03:53:54.44,69,14,1,4,55,36,BODY SLAM,ROCK SLIDE,LOW KICK,DIG,6,11,18,10,0,1,0,2,107,219,163,118,100,100,103,17834,26268,20550,24823,24823,30740,15,15,15,15,0,0,0,0,0,0,0,183,132,112,112,115,844088,322237,436198,82563,3091,14,7,0,9318,7874,1276,168,1095,148,125,23,1,0,38830,22925,1699,1699,447,150,149,0,0,0,0,0,66,0,14,0,0,3,14,1,0,0,0,0,0,2,0,0,0,0,4,1,1,0,0,0,11,5,0,1,0,0,0,338,219344,0,0,0,0,46,37,5,2,1,10,0,2,14,Flareon
10-07,09:19:28,NINTEN,Machop,Blackbelt,9,Victory Road,3,1:05:25.28,1:05:25,1h5m25s,14,0,14,70,3:55,12.244,BODY SLAM,ROCK SLIDE,LOW KICK,DIG,14,9374,1112,126,23,611,472,305,20,117231,Flareon, ,Fighting,Fighting,347088,Machop2,Machop,,01:05:13.04,01:05:25.28,03:55:53.04,70,14,1,5,25,28,BODY SLAM,ROCK SLIDE,LOW KICK,DIG,6,11,18,7,0,1,0,2,110,222,166,121,102,102,105,18064,26548,20740,24958,24958,30865,15,15,15,15,0,0,0,0,0,0,0,186,136,114,114,118,851188,324990,439622,83486,3091,14,7,0,9374,7874,1332,168,1112,149,126,23,1,0,39278,23301,1699,1699,450,151,149,0,0,0,0,0,66,0,14,0,0,3,14,1,0,0,0,0,0,2,0,0,0,0,4,1,1,0,0,0,11,5,0,1,0,0,0,341,222842,0,0,0,0,46,37,5,2,1,10,0,2,14,Flareon
10-07,09:21:16,NINTEN,Machop,Lorelei,1,Lorelei's Room,5,1:07:12.73,1:07:12,1h7m12s,14,0,14,70,4:02,30.937,BODY SLAM,ROCK SLIDE,LOW KICK,DIG,15,9686,1208,127,23,622,482,310,20,106306,Flareon, ,Fighting,Fighting,357597,Machop2,Machop,Lorelei,01:06:41.79,01:07:12.73,04:02:58.19,70,14,1,7,12,73,BODY SLAM,ROCK SLIDE,LOW KICK,DIG,12,12,14,13,0,1,0,2,90,222,166,121,102,102,105,18494,26923,21225,25408,25408,31190,15,15,15,15,0,0,0,0,0,0,0,186,136,114,114,118,876703,337057,447838,88718,3091,15,7,0,9686,7909,1609,168,1208,150,127,23,1,0,40505,24186,1831,1831,460,152,152,0,0,0,0,0,67,0,14,0,0,3,15,1,0,0,0,0,0,2,0,0,0,0,4,1,1,0,0,0,12,6,0,1,0,0,0,346,233351,0,0,0,0,46,41,5,2,1,10,0,2,14,Flareon
10-07,09:21:53,NINTEN,Machop,Bruno,1,Bruno's Room,5,1:07:49.70,1:07:49,1h7m49s,14,0,14,71,4:05,24.554,BODY SLAM,ROCK SLIDE,LOW KICK,DIG,16,9697,1209,128,23,634,489,315,20,111850,Flareon, ,Fighting,Fighting,365804,Machop2,Machop,Bruno,01:07:25.14,01:07:49.70,04:05:24.24,71,14,1,7,49,70,BODY SLAM,ROCK SLIDE,LOW KICK,DIG,10,12,14,8,0,1,0,2,153,225,169,122,104,104,107,18754,27368,21757,25603,25603,31548,15,15,15,15,0,0,0,0,0,0,0,190,137,117,117,120,885468,338253,454171,89954,3091,16,7,0,9697,7920,1609,168,1209,151,128,23,1,0,41386,24845,1903,1903,467,156,153,0,0,0,0,0,69,0,14,0,0,3,16,1,0,0,0,0,0,2,0,0,0,0,4,1,1,0,0,0,12,6,0,1,0,0,0,351,241558,0,0,0,0,46,41,5,2,1,10,0,2,14,Flareon
10-07,09:22:29,NINTEN,Machop,Agatha,1,Agatha's Room,5,1:08:26.30,1:08:26,1h8m26s,14,0,14,71,4:07,22.374,BODY SLAM,ROCK SLIDE,LOW KICK,DIG,17,9708,1210,129,23,643,494,321,20,117592,Flareon, ,Fighting,Fighting,375890,Machop2,Machop,Agatha,01:08:03.92,01:08:26.30,04:07:48.47,71,14,1,8,26,30,BODY SLAM,ROCK SLIDE,LOW KICK,DIG,10,11,14,10,0,1,0,2,81,225,169,122,104,104,107,19054,27713,22061,26118,26118,32033,15,15,15,15,0,0,0,0,0,0,0,190,137,117,117,120,894131,339231,460364,91446,3091,17,7,0,9708,7931,1609,168,1210,152,129,23,1,0,42771,25565,2047,2047,472,160,155,0,0,0,0,0,70,0,14,0,0,3,16,1,0,0,0,0,0,2,0,0,0,0,4,1,1,0,0,0,12,6,0,1,0,0,0,356,251644,0,0,0,0,46,41,5,2,1,10,0,2,14,Flareon
10-07,09:31:37,NINTEN,Machop,Lance,1,Lance's Room,5,1:17:34.07,1:17:34,1h17m34s,28,0,28,73,4:12,44.534,MIMIC,ROCK SLIDE,LOW KICK,DIG,19,9758,1212,130,23,663,506,336,18,123532,Flareon,Paralyzed,Fighting,Fighting,405651,Machop2,Machop,Lance,01:16:49.54,01:17:34.07,04:12:58.36,73,28,1,17,34,7,MIMIC,ROCK SLIDE,LOW KICK,DIG,6,6,20,12,0,1,0,2,142,231,173,126,107,107,110,19442,28245,22430,26518,26518,32464,15,15,15,15,0,0,0,0,0,0,0,194,141,120,120,30,912730,341179,471407,96743,3402,19,9,0,9758,7981,1609,168,1212,153,130,23,1,0,44399,26700,2136,2136,484,172,158,0,0,0,0,0,70,0,14,0,0,3,16,2,0,0,0,0,0,2,0,0,0,0,4,1,14,5,0,0,12,6,0,1,0,0,0,361,263250,0,0,0,0,46,41,5,2,1,11,0,2,28,Flareon
10-07,09:48:08,NINTEN,Machop,Champion,2,Champions Room,6,1:34:04.87,1:34:04,1h34m4s,48,0,48,74,4:18,54.327,REST,ROCK SLIDE,LOW KICK,EARTHQUAKE,21,9766,1212,131,23,679,520,346,15,129670,Flareon, ,Fighting,Fighting,420502,Machop2,Machop,Champion,01:33:10.54,01:34:04.87,04:18:47.05,74,48,1,34,4,87,REST,ROCK SLIDE,LOW KICK,EARTHQUAKE,9,9,14,6,0,1,0,0,111,235,176,128,109,109,112,19832,28775,23005,27148,27148,32909,15,15,15,15,0,0,0,0,0,-1,0,198,144,122,122,126,933645,342933,484937,102219,3557,21,10,0,9766,7989,1609,168,1212,154,131,23,1,0,45992,27709,2419,2419,495,174,165,0,0,0,0,0,75,0,16,0,0,3,16,2,0,0,0,0,0,2,0,0,0,0,4,1,14,5,0,0,12,6,1,1,0,0,0,367,278101,0,0,0,0,46,41,5,2,1,13,0,2,48,Flareon
10-07,11:01:22,NINTEN,Machop,Rival1-Lab,1,Pallet Town - Oak's Lab,1,43.06,43,0h0m43s,0,0,0,6,0:02,8.263,KARATE CHOP,,,,0,79,5,1,1,3,3,3,0,3000,Jolteon, ,Fighting,Fighting,232,Machop2,Machop,Rival (Lab),00:00:34.79,00:00:43.06,00:02:16.45,6,0,0,0,43,6,KARATE CHOP,,,,22,0,0,0,0,0,0,0,26,26,16,12,11,11,11,55,55,50,65,65,55,15,15,15,15,0,-2,0,0,0,0,0,16,6,11,11,11,10188,4986,3191,0,2011,0,0,0,79,79,0,0,5,2,1,1,0,0,23,21,0,0,3,1,2,0,0,0,0,0,2,0,0,0,0,0,0,0,0,0,0,0,0,0,0,0,0,0,0,0,0,0,0,0,0,0,0,0,0,0,0,1,97,0,0,0,0,0,0,0,0,0,0,0,2,0,Jolteon
10-07,11:02:59,NINTEN,Machop,Rival1-Lab,1,Pallet Town - Oak's Lab,1,42.25,42,0h0m42s,0,0,0,6,0:02,8.262,KARATE CHOP,,,,0,71,3,1,1,3,3,3,0,3000,Jolteon, ,Fighting,Fighting,232,Machop2,Machop,Rival (Lab),00:00:33.99,00:00:42.25,00:02:13.32,6,0,0,0,42,25,KARATE CHOP,,,,22,0,0,0,0,0,0,0,21,26,16,12,11,11,11,55,55,50,65,65,55,15,15,15,15,0,-1,0,0,0,0,0,16,7,11,11,11,10000,4797,3187,0,2016,0,0,0,71,71,0,0,3,2,1,1,0,0,24,21,5,5,3,1,2,0,0,0,0,0,2,0,0,0,0,0,0,0,0,0,0,0,0,0,0,0,0,0,0,0,0,0,0,0,0,0,0,0,0,0,0,1,97,0,0,0,0,0,0,0,0,0,0,0,2,0,Jolteon
10-07,11:05:12,NINTEN,Machop,Rival1a-Route 22,2,Route 22,2,2:54.71,2:54,0h2m54s,0,0,0,10,0:10,13.198,KARATE CHOP,,,,0,491,47,2,11,23,23,13,4,75,Flareon, ,Fighting,Fighting,716,Machop2,Machop,Rival (Optional),00:02:41.52,00:02:54.71,00:10:55.32,10,0,0,2,54,71,KARATE CHOP,,,,20,0,0,0,0,0,0,0,23,37,24,18,15,15,15,530,642,520,491,491,772,15,15,15,15,0,-1,0,0,0,-2,0,24,11,15,15,15,41320,20290,19014,0,2016,0,0,0,491,491,0,0,47,13,2,11,0,0,318,227,34,34,23,2,11,0,0,0,0,0,11,0,1,0,0,0,0,0,0,0,0,0,0,0,0,0,0,0,0,0,0,0,0,0,0,0,0,0,0,0,0,13,581,0,0,0,0,0,13,0,0,0,0,0,2,0,Flareon
10-07,11:05:56,NINTEN,Machop,Lass,19,Viridian Forest,2,3:39.33,3:39,0h3m39s,0,0,0,11,0:13,7.847,KARATE CHOP,,,,0,682,55,3,13,28,28,15,4,355,Jolteon, ,Fighting,Fighting,908,Machop2,Machop,,00:03:31.48,00:03:39.33,00:13:51.40,11,0,0,3,39,33,KARATE CHOP,,,,20,0,0,0,0,0,0,0,38,40,26,19,16,16,16,681,766,667,596,596,893,15,15,15,15,0,0,0,0,0,0,0,26,19,16,16,16,51888,26174,23698,0,2016,0,0,0,682,682,0,0,55,16,3,13,0,0,407,290,36,36,28,2,12,0,0,0,0,0,13,0,1,0,0,0,0,0,0,0,0,0,0,0,0,0,0,0,0,0,0,0,0,0,0,0,0,0,0,0,0,16,773,0,0,0,0,0,13,0,0,0,0,0,2,0,Jolteon
10-07,11:06:11,NINTEN,Machop,Bug Catcher,1,Viridian Forest,2,3:54.16,3:54,0h3m54s,0,0,0,12,0:14,8.724,KARATE CHOP,,,,0,722,60,4,13,31,31,16,4,445,Jolteon, ,Fighting,Fighting,1066,Machop2,Machop,,00:03:45.43,00:03:54.16,00:14:50.14,12,0,0,3,54,16,KARATE CHOP,,,,17,0,0,0,0,0,0,0,39,43,28,21,17,17,17,771,826,737,636,636,983,15,15,15,15,0,0,0,0,0,0,0,28,21,17,17,17,55402,27217,26169,0,2016,0,0,0,722,722,0,0,60,17,4,13,0,0,462,338,38,38,31,2,13,0,0,0,0,0,14,0,1,0,0,0,0,0,0,0,0,0,0,0,0,0,0,0,0,0,0,0,0,0,0,0,0,0,0,0,0,18,931,0,0,0,0,0,13,0,0,0,0,0,2,0,Jolteon
10-07,11:06:36,NINTEN,Machop,Bug Catcher,2,Viridian Forest,3,4:18.64,4:18,0h4m18s,0,0,0,13,0:16,12.434,KARATE CHOP,,,,0,736,60,5,15,38,38,18,4,515,Jolteon, ,Fighting,Fighting,1378,Machop2,Machop,,00:04:06.20,00:04:18.64,00:16:26.34,13,0,0,4,18,64,KARATE CHOP,,,,10,0,0,0,0,0,0,0,42,46,30,22,18,18,19,1011,946,972,751,751,1163,15,15,15,15,0,0,0,0,0,0,0,30,22,18,18,19,61182,27713,31453,0,2016,0,0,0,736,736,0,0,60,20,5,15,0,0,604,438,38,38,38,3,13,0,0,0,0,0,16,0,1,0,0,0,0,0,0,0,0,0,0,0,0,0,0,0,0,0,0,0,0,0,0,0,0,0,0,0,0,23,1243,0,0,0,0,0,13,0,0,0,0,0,2,0,Jolteon
10-07,11:06:49,NINTEN,Machop,Bug Catcher,15,Viridian Forest,2,4:32.42,4:32,0h4m32s,0,0,0,13,0:17,8.12,KARATE CHOP,,,,0,767,69,6,15,41,41,19,4,575,Jolteon, ,Fighting,Fighting,1591,Machop2,Machop,,00:04:24.31,00:04:32.42,00:17:21.03,13,0,0,4,32,42,KARATE CHOP,,,,7,0,0,0,0,0,0,0,40,46,30,22,18,18,19,1106,996,1062,796,796,1238,15,15,15,15,0,0,0,0,0,0,0,30,22,18,18,19,64451,28612,33823,0,2016,0,0,0,767,767,0,0,69,21,6,15,0,0,672,491,40,40,41,3,14,0,0,0,0,0,18,0,1,0,0,0,0,0,0,0,0,0,0,0,0,0,0,0,0,0,0,0,0,0,0,0,0,0,0,0,0,25,1456,0,0,0,0,1,13,0,0,0,0,0,2,0,Jolteon
10-07,11:07:22,NINTEN,Machop,Bug Catcher,3,Viridian Forest,1,5:04.63,5:04,0h5m4s,0,0,0,14,0:19,6.332,KARATE CHOP,,,,0,815,69,7,18,47,47,23,3,655,Jolteon, ,Fighting,Fighting,1889,Machop2,Machop,,00:04:58.29,00:05:04.63,00:19:28.01,14,0,0,5,4,63,KARATE CHOP,,,,1,0,0,0,0,0,0,0,34,48,32,24,19,19,20,1264,1106,1207,891,891,1384,15,15,15,15,0,0,0,0,-1,0,0,32,24,19,19,13,72069,29864,40189,0,2016,0,0,0,815,815,0,0,69,25,7,18,0,0,795,591,48,48,47,3,18,0,0,0,0,0,20,0,1,0,0,0,0,0,0,0,0,0,0,0,0,0,0,0,0,0,0,0,0,0,0,0,0,0,0,0,0,28,1754,0,0,0,0,2,13,0,1,1,0,0,2,0,Jolteon
10-07,11:07:47,NINTEN,Machop,Jr Trainer M,1,Pewter City - Gym,2,5:30.18,5:30,0h5m30s,0,0,0,15,0:21,9.534,KARATE CHOP,,,,0,929,69,8,18,50,50,25,3,755,Jolteon, ,Fighting,Fighting,2223,Machop2,Machop,,00:05:20.64,00:05:30.18,00:21:08.41,15,0,0,5,30,18,KARATE CHOP,,,,22,0,0,0,0,0,0,0,44,51,34,25,21,21,21,1324,1236,1317,966,966,1519,15,15,15,15,0,0,0,0,0,0,0,34,25,21,21,21,78109,33104,42989,0,2016,0,0,0,929,929,0,0,69,26,8,18,0,0,876,642,55,55,50,3,20,0,0,0,0,0,23,0,1,0,0,0,0,0,0,0,0,0,0,0,0,0,0,0,0,0,0,0,0,0,0,0,0,0,0,0,0,30,2088,0,0,0,0,2,13,0,1,1,0,0,2,0,Jolteon
10-07,11:08:54,NINTEN,Machop,Brock,1,Pewter City - Gym,2,6:37.20,6:37,0h6m37s,1,0,1,16,0:23,24.896,KARATE CHOP,,,,1,933,73,9,18,63,63,34,3,935,Jolteon, ,Fighting,Fighting,2683,Machop2,Machop,Brock,00:06:12.30,00:06:37.20,00:23:19.22,16,1,0,6,37,20,KARATE CHOP,,,,9,0,0,0,0,0,0,0,6,54,36,27,22,22,22,1399,1361,1577,1026,1026,1609,15,15,15,15,0,0,0,0,0,0,0,36,27,22,22,22,85955,33685,49512,587,2171,1,1,0,933,933,0,0,73,27,9,18,0,0,943,703,103,103,63,4,26,0,0,0,0,0,30,0,1,0,0,0,0,0,0,0,0,0,0,0,0,0,0,0,0,0,0,0,0,0,0,0,0,0,0,0,0,32,2548,0,0,0,0,2,13,0,1,1,0,0,2,1,Jolteon
10-07,11:09:29,NINTEN,Machop,Bug Catcher,4,Route 3,3,7:11.87,7:11,0h7m11s,1,0,1,16,0:25,14.797,KARATE CHOP,,,,1,1044,74,10,18,69,69,39,4,2123,Jolteon, ,Fighting,Fighting,3018,Machop2,Machop,,00:06:57.08,00:07:11.87,00:25:36.29,16,1,0,7,11,87,KARATE CHOP,,,,19,0,0,0,0,0,0,0,50,54,36,27,22,22,22,1529,1456,1677,1086,1086,1749,15,15,15,15,0,0,0,0,-2,0,0,50,27,22,22,11,94182,37401,54023,587,2171,1,1,0,1044,1044,0,0,74,28,10,18,0,0,1102,792,107,107,69,5,30,0,0,0,0,0,30,0,1,0,0,0,0,0,0,0,0,0,0,0,0,0,0,0,0,0,0,0,0,0,0,0,0,0,0,0,0,35,2883,0,0,0,0,2,13,0,1,1,0,0,2,1,Jolteon
10-07,11:09:41,NINTEN,Machop,Youngster Ben,1,Route 3,2,7:24.02,7:24,0h7m24s,1,0,1,17,0:26,8.722,KARATE CHOP,,,,1,1048,74,11,18,72,72,40,4,2223,Jolteon, ,Fighting,Fighting,3296,Machop2,Machop,,00:07:15.29,00:07:24.02,00:26:24.21,17,1,0,7,24,2,KARATE CHOP,,,,16,0,0,0,0,0,0,0,53,57,38,28,23,23,23,1594,1572,1756,1151,1151,1876,15,15,15,15,0,-1,0,0,0,0,0,47,18,23,23,23,97054,37695,56601,587,2171,1,1,0,1048,1048,0,0,74,29,11,18,0,0,1184,851,107,107,72,5,31,0,0,0,0,0,31,0,1,0,0,0,0,0,0,0,0,0,0,0,0,0,0,0,0,0,0,0,0,0,0,0,0,0,0,0,0,37,3161,0,0,0,0,2,13,0,1,1,0,0,2,1,Jolteon
10-07,11:10:00,NINTEN,Machop,Bug Catcher,5,Route 3,4,7:43.00,7:43,0h7m43s,1,0,1,17,0:27,16.135,KARATE CHOP,,,,1,1052,74,12,18,79,79,43,4,2388,Jolteon, ,Fighting,Fighting,3771,Machop2,Machop,,00:07:26.86,00:07:43.00,00:27:39.12,17,1,0,7,43,0,KARATE CHOP,,,,9,0,0,0,0,0,0,0,50,57,38,28,23,23,23,1774,1682,1926,1241,1241,2036,15,15,15,15,0,0,0,0,0,0,0,42,28,23,23,23,101545,37861,60926,587,2171,1,1,0,1052,1052,0,0,74,30,12,18,0,0,1372,963,110,110,79,5,32,0,0,0,0,0,33,0,1,0,0,0,0,0,0,0,0,0,0,0,0,0,0,0,0,0,0,0,0,0,0,0,0,0,0,0,0,41,3636,0,0,0,0,2,13,0,1,1,0,0,2,1,Jolteon
10-07,11:10:12,NINTEN,Machop,Bug Catcher,6,Route 3,2,7:55.57,7:55,0h7m55s,1,0,1,18,0:28,8.668,KARATE CHOP,,,,1,1060,75,13,18,82,82,44,4,2478,Jolteon, ,Fighting,Fighting,4064,Machop2,Machop,,00:07:46.91,00:07:55.57,00:28:28.47,18,1,0,7,55,57,KARATE CHOP,,,,6,0,0,0,0,0,0,0,53,60,41,30,24,24,24,1869,1732,2016,1286,1286,2111,15,15,15,15,0,0,0,0,0,0,0,46,30,24,24,24,104520,38241,63521,587,2171,1,1,0,1060,1060,0,0,75,31,13,18,0,0,1472,1028,110,110,82,6,32,0,0,0,0,0,35,0,1,0,0,0,0,0,0,0,0,0,0,0,0,0,0,0,0,0,0,0,0,0,0,0,0,0,0,0,0,43,3929,0,0,0,0,2,13,0,1,1,0,0,2,1,Jolteon
10-07,11:10:40,NINTEN,Machop,Super Nerd,1,Mt Moon - 1,2,8:23.09,8:23,0h8m23s,1,0,1,18,0:30,8.907,KARATE CHOP,,,,1,1209,96,14,18,85,85,46,4,2588,Jolteon, ,Fighting,Fighting,4513,Machop2,Machop,,00:08:14.18,00:08:23.09,00:30:17.29,18,1,0,8,23,9,KARATE CHOP,,,,22,0,0,0,0,0,0,0,56,60,41,30,24,24,24,1934,1797,2136,1436,1436,2256,15,15,15,15,0,0,0,0,0,0,0,46,30,24,24,24,111042,42235,66049,587,2171,1,1,0,1209,1209,0,0,96,32,14,18,0,0,1547,1087,114,114,85,6,34,0,0,0,0,0,36,0,1,0,0,0,0,0,0,0,0,0,0,0,0,0,0,0,0,0,0,0,0,0,0,0,0,0,0,0,0,45,4378,0,0,0,0,2,13,0,1,1,0,0,2,1,Jolteon
10-07,11:11:25,NINTEN,Machop,Fossil Nerd,2,Mt Moon - 3,3,9:08.38,9:08,0h9m8s,1,0,1,19,0:33,15.703,MEGA PUNCH,KARATE CHOP,,,1,1464,104,15,18,90,90,49,5,2863,Jolteon, ,Fighting,Fighting,5300,Machop2,Machop,,00:08:52.68,00:09:08.38,00:33:16.30,19,1,0,9,8,38,MEGA PUNCH,KARATE CHOP,,,16,21,0,0,0,0,0,0,47,63,43,31,25,25,26,2094,1972,2331,1591,1591,2416,15,15,15,15,0,-2,0,0,0,0,0,54,15,25,25,26,121783,48086,70208,1318,2171,1,1,0,1464,1464,0,0,104,33,15,18,0,0,1706,1196,126,126,90,6,37,0,0,0,0,0,37,0,1,0,0,0,0,0,0,0,0,0,0,0,0,0,0,0,0,0,0,0,0,0,0,0,0,0,0,0,0,48,5165,0,0,0,0,4,13,0,1,1,1,0,2,1,Jolteon
10-07,11:11:51,NINTEN,Machop,Rocket,42,Mt Moon - 3,3,9:34.51,9:34,0h9m34s,1,0,1,20,0:34,17.956,MEGA PUNCH,KARATE CHOP,LOW KICK,,1,1482,105,16,18,96,96,53,6,3163,Jolteon,Poisoned,Fighting,Fighting,6035,Machop2,Machop,,00:09:16.55,00:09:34.51,00:34:59.56,20,1,0,9,34,51,MEGA PUNCH,KARATE CHOP,LOW KICK,,15,17,19,0,0,0,0,0,38,66,45,33,27,27,27,2209,2142,2505,1731,1731,2596,15,15,15,15,0,0,0,0,0,0,0,50,33,27,27,27,127989,49606,74894,1318,2171,1,1,0,1482,1482,0,0,105,34,16,18,0,0,1906,1306,138,138,96,8,39,0,0,0,0,0,39,0,2,0,0,0,0,0,0,0,0,0,0,1,0,0,0,0,0,0,0,0,0,0,0,0,0,0,0,0,0,51,5900,0,0,0,0,4,13,0,1,1,2,0,2,1,Jolteon
10-07,11:12:33,NINTEN,Machop,Rival2-Nugget Bridge,3,Cerulean City,4,10:15.96,10:15,0h10m15s,1,0,1,21,0:37,15.831,MEGA PUNCH,KARATE CHOP,LOW KICK,,1,1664,109,17,18,101,101,56,6,3583,Jolteon, ,Fighting,Fighting,7073,Machop2,Machop,Rival (Nugget Bridge),00:10:00.13,00:10:15.96,00:37:43.22,21,1,0,10,15,96,MEGA PUNCH,KARATE CHOP,LOW KICK,,17,25,18,0,0,0,0,0,63,69,47,35,28,28,28,2384,2388,2705,1882,1882,2833,15,15,15,15,0,-1,0,0,0,0,0,58,23,28,28,28,137795,55168,79138,1318,2171,1,1,0,1664,1664,0,0,109,35,17,18,0,0,2179,1477,144,144,101,9,41,0,0,0,0,0,39,0,2,0,0,0,0,0,0,0,0,0,0,1,0,0,0,0,0,0,0,0,0,0,0,0,0,0,0,0,0,55,6938,0,0,0,0,5,13,0,1,1,2,0,2,1,Jolteon
10-07,11:12:51,NINTEN,Machop,Bug Catcher,9,Route 24,2,10:33.78,10:33,0h10m33s,1,0,1,21,0:38,9.95,MEGA PUNCH,KARATE CHOP,LOW KICK,,1,1675,109,18,18,105,105,60,6,4178,Jolteon, ,Fighting,Fighting,7388,Machop2,Machop,,00:10:23.83,00:10:33.78,00:38:53.50,21,1,0,10,33,78,MEGA PUNCH,KARATE CHOP,LOW KICK,,13,25,18,0,0,0,0,0,63,69,47,35,28,28,28,2469,2453,2770,1922,1922,2928,15,15,15,15,0,0,0,0,-3,0,0,73,35,28,28,11,142023,56501,82033,1318,2171,1,1,0,1675,1675,0,0,109,36,18,18,0,0,2327,1552,144,144,103,12,44,0,0,0,0,0,40,0,2,0,0,0,0,0,0,0,0,0,0,1,0,0,0,0,0,0,0,0,0,0,0,0,0,0,0,0,0,57,7253,0,0,0,0,5,13,0,1,1,2,0,2,1,Jolteon
10-07,11:13:03,NINTEN,Machop,Lass,8,Route 24,2,10:46.10,10:46,0h10m46s,1,0,1,22,0:39,9.334,MEGA PUNCH,KARATE CHOP,LOW KICK,,1,1677,117,19,18,107,107,60,6,4318,Jolteon, ,Fighting,Fighting,7730,Machop2,Machop,,00:10:36.77,00:10:46.10,00:39:42.26,22,1,0,10,46,10,MEGA PUNCH,KARATE CHOP,LOW KICK,,13,24,17,0,0,0,0,0,66,72,49,36,29,29,29,2564,2545,2862,1997,1997,3025,15,15,15,15,0,0,0,0,0,0,0,55,36,29,29,29,144939,56701,84749,1318,2171,1,1,0,1677,1677,0,0,117,37,19,18,0,0,2408,1630,144,144,105,12,44,0,0,0,0,0,41,0,2,0,0,0,0,0,0,0,0,0,0,1,0,0,0,0,0,0,0,0,0,0,0,0,0,0,0,0,0,59,7595,0,0,0,0,5,13,0,1,1,2,0,2,1,Jolteon
10-07,11:13:17,NINTEN,Machop,Youngster,4,Route 24,3,10:59.65,10:59,0h10m59s,1,0,1,22,0:40,10.666,MEGA PUNCH,KARATE CHOP,LOW KICK,,1,1681,120,20,18,111,111,61,6,4528,Jolteon, ,Fighting,Fighting,8249,Machop2,Machop,,00:10:48.98,00:10:59.65,00:40:35.50,22,1,0,10,59,65,MEGA PUNCH,KARATE CHOP,LOW KICK,,10,24,16,0,0,0,0,0,66,72,49,36,29,29,29,2669,2706,2976,2102,2102,3207,15,15,15,15,0,0,0,0,0,0,0,55,36,29,29,29,148143,56898,87756,1318,2171,1,1,0,1681,1681,0,0,120,38,20,18,0,0,2595,1737,144,144,108,13,45,0,0,0,0,0,41,0,2,0,0,1,0,0,0,0,0,0,0,1,0,0,0,0,1,0,0,0,0,0,0,0,0,0,0,0,0,62,8114,0,0,0,0,5,13,0,1,1,2,0,2,1,Jolteon
10-07,11:13:34,NINTEN,Machop,Lass,7,Route 24,2,11:17.02,11:17,0h11m17s,1,0,1,22,0:41,14.406,MEGA PUNCH,KARATE CHOP,LOW KICK,,1,1685,122,21,18,117,117,66,6,4738,Jolteon, ,Fighting,Fighting,8637,Machop2,Machop,,00:11:02.61,00:11:17.02,00:41:44.31,22,1,0,11,17,2,MEGA PUNCH,KARATE CHOP,LOW KICK,,8,20,16,0,0,0,0,0,41,72,49,36,29,29,29,2764,2798,3068,2177,2177,3304,15,15,15,15,0,0,0,0,0,0,0,55,36,29,29,29,152264,57088,91687,1318,2171,1,1,0,1685,1685,0,0,122,39,21,18,0,0,2742,1824,169,169,113,14,50,0,0,0,0,0,42,0,2,0,0,1,0,0,0,0,0,0,0,1,0,0,0,0,1,0,0,0,0,0,0,0,0,0,0,0,0,64,8502,0,0,0,0,5,13,0,1,1,2,0,2,1,Jolteon
10-07,11:13:44,NINTEN,Machop,Jr Trainer M,3,Route 24,1,11:27.33,11:27,0h11m27s,1,0,1,23,0:42,7.517,MEGA PUNCH,KARATE CHOP,LOW KICK,,1,1689,122,22,18,119,119,68,6,4978,Jolteon, ,Fighting,Fighting,8922,Machop2,Machop,,00:11:19.81,00:11:27.33,00:42:25.09,23,1,0,11,27,33,MEGA PUNCH,KARATE CHOP,LOW KICK,,8,18,16,0,0,0,0,0,28,75,51,38,30,30,31,2804,2878,3103,2212,2212,3374,15,15,15,15,0,0,0,0,0,0,0,57,38,30,30,31,154702,57267,93946,1318,2171,1,1,0,1689,1689,0,0,122,40,22,18,0,0,2812,1869,185,185,115,14,52,0,0,0,0,0,43,0,2,0,0,1,0,0,0,0,0,0,0,1,0,0,0,0,1,0,0,0,0,0,0,0,0,0,0,0,0,65,8787,0,0,0,0,5,13,0,1,1,2,0,2,1,Jolteon
10-07,11:14:01,NINTEN,Machop,Rocket,6,Route 24,2,11:43.72,11:43,0h11m43s,1,0,1,23,0:43,7.381,MEGA PUNCH,KARATE CHOP,LOW KICK,,1,1695,122,23,18,121,121,68,7,5338,Jolteon, ,Fighting,Fighting,9292,Machop2,Machop,,00:11:36.33,00:11:43.72,00:43:29.29,23,1,0,11,43,72,MEGA PUNCH,KARATE CHOP,LOW KICK,,6,18,16,0,0,0,0,0,68,75,51,38,30,30,31,2879,2983,3182,2292,2292,3484,15,15,15,15,0,0,0,0,0,0,0,57,38,30,30,31,158562,58255,96206,1930,2171,1,1,0,1695,1695,0,0,122,41,23,18,0,0,2914,1945,185,185,117,14,52,0,0,0,0,0,43,0,2,0,0,1,0,0,0,0,0,0,0,1,0,0,0,0,1,0,0,0,0,0,0,0,0,0,0,0,0,67,9157,0,0,0,0,5,13,0,1,1,2,0,2,1,Jolteon
10-07,11:14:18,NINTEN,Machop,Hiker,2,Route 25,2,12:01.50,12:01,0h12m1s,1,0,1,23,0:44,8.571,MEGA PUNCH,KARATE CHOP,LOW KICK,,1,1739,124,24,18,124,124,69,7,5788,Jolteon, ,Fighting,Fighting,9850,Machop2,Machop,,00:11:52.93,00:12:01.50,00:44:39.48,23,1,0,12,1,50,MEGA PUNCH,KARATE CHOP,LOW KICK,,5,17,15,0,0,0,0,0,56,75,51,38,30,30,31,2989,3143,3332,2357,2357,3539,15,15,15,15,0,0,0,0,0,0,0,57,38,30,30,31,162781,59935,98745,1930,2171,1,1,0,1739,1739,0,0,124,42,24,18,0,0,3034,2032,197,197,120,14,53,0,0,0,0,0,43,0,3,0,0,1,0,0,0,0,0,0,0,1,0,0,0,0,1,0,0,0,0,0,0,0,0,0,0,0,0,69,9715,0,0,0,0,5,13,0,1,1,2,0,2,1,Jolteon
10-07,11:14:34,NINTEN,Machop,Lass,9,Route 25,2,12:17.54,12:17,0h12m17s,1,0,1,24,0:45,9.007,MEGA PUNCH,KARATE CHOP,LOW KICK,,1,1759,127,25,18,127,127,70,8,6313,Jolteon, ,Fighting,Fighting,10231,Machop2,Machop,,00:12:08.53,00:12:17.54,00:45:43.12,24,1,0,12,17,54,MEGA PUNCH,KARATE CHOP,LOW KICK,,3,16,15,0,0,0,0,0,55,78,53,39,31,31,32,3090,3247,3424,2437,2437,3630,15,15,15,15,0,0,0,0,0,0,0,59,39,31,31,32,166585,61114,101370,1930,2171,1,1,0,1759,1759,0,0,127,43,25,18,0,0,3195,2116,201,201,123,14,54,0,0,0,0,0,45,0,3,0,0,1,0,0,0,0,0,0,0,1,0,0,0,0,1,0,0,0,0,0,0,0,0,0,0,0,0,71,10096,0,0,0,0,6,13,0,1,1,2,0,2,1,Jolteon
10-07,11:14:50,NINTEN,Machop,Hiker,3,Route 25,4,12:32.80,12:32,0h12m32s,1,0,1,24,0:46,11.29,MEGA PUNCH,KARATE CHOP,LOW KICK,,1,1765,132,26,18,131,131,70,8,6538,Jolteon, ,Fighting,Fighting,11189,Machop2,Machop,,00:12:21.51,00:12:32.80,00:46:43.20,24,1,0,12,32,80,MEGA PUNCH,KARATE CHOP,LOW KICK,,3,16,11,0,0,0,0,0,55,78,53,39,31,31,32,3280,3567,3774,2562,2562,3725,15,15,15,15,0,0,0,0,0,0,0,59,39,31,31,32,170193,61560,104532,1930,2171,1,1,0,1765,1765,0,0,132,44,26,18,0,0,3412,2264,201,201,127,14,54,0,0,0,0,0,45,0,3,0,0,1,0,0,0,0,0,0,0,1,0,0,0,0,1,0,0,0,0,0,0,0,0,0,0,0,0,75,11054,0,0,0,0,6,13,0,1,1,2,0,2,1,Jolteon
10-07,11:15:07,NINTEN,Machop,Oddish Lass,10,Route 25,3,12:50.05,12:50,0h12m50s,1,0,1,25,0:47,12.717,MEGA PUNCH,KARATE CHOP,LOW KICK,LEER,1,1782,136,27,18,135,135,72,8,6993,Jolteon, ,Fighting,Fighting,11774,Machop2,Machop,Oddish Lass,00:12:37.34,00:12:50.05,00:47:51.28,25,1,0,12,50,5,MEGA PUNCH,KARATE CHOP,LOW KICK,LEER,0,15,11,30,0,0,0,0,53,81,56,41,33,33,33,3410,3712,3924,2747,2747,3841,15,15,15,15,0,0,0,0,0,0,0,63,41,33,33,33,174281,62139,108041,1930,2171,1,1,0,1782,1782,0,0,136,45,27,18,0,0,3590,2371,206,206,130,16,55,0,0,0,0,0,47,0,3,0,0,1,0,0,0,0,0,0,0,1,0,0,0,0,1,0,0,0,0,0,0,0,0,0,0,0,0,78,11639,0,0,0,0,6,13,0,1,1,2,0,2,1,Jolteon
10-07,11:15:44,NINTEN,Machop,Cerulean Rocket,5,Cerulean City,2,13:27.41,13:27,0h13m27s,1,0,1,25,0:50,11.27,MEGA PUNCH,KARATE CHOP,LOW KICK,LEER,1,1923,153,28,18,139,139,74,10,7188,Jolteon, ,Fighting,Fighting,12463,Machop2,Machop,Rocket,00:13:16.14,00:13:27.41,00:50:19.10,25,1,0,13,27,41,MEGA PUNCH,KARATE CHOP,LOW KICK,LEER,0,11,11,30,0,0,0,0,19,81,56,41,33,33,33,3540,3840,4019,2872,2872,3918,15,15,15,15,0,0,0,0,0,0,0,63,41,33,33,33,183143,67827,111215,1930,2171,1,1,0,1923,1923,0,0,153,46,28,18,0,0,3752,2474,240,240,134,16,57,0,0,0,0,0,49,0,3,0,0,1,0,0,0,0,0,0,0,1,0,0,0,0,1,0,0,0,0,0,0,0,0,0,0,0,0,80,12328,0,0,0,0,7,13,0,1,1,3,0,2,1,Jolteon
10-07,11:16:12,NINTEN,Machop,Pecking Lass,1,Cerulean City - Gym,1,13:55.46,13:55,0h13m55s,1,0,1,25,0:52,7.096,MEGA PUNCH,KARATE CHOP,LOW KICK,DIG,1,2000,161,29,18,142,141,76,10,7698,Jolteon, ,Fighting,Fighting,12914,Machop2,Machop,,00:13:48.37,00:13:55.46,00:52:10.04,25,1,0,13,55,46,MEGA PUNCH,KARATE CHOP,LOW KICK,DIG,20,24,20,9,0,0,0,0,81,81,56,41,33,33,33,3585,3907,4079,2922,2922,3981,15,15,15,15,0,-1,0,0,0,0,0,70,27,33,33,33,189797,70761,113440,3425,2171,1,1,0,2000,2000,0,0,161,47,29,18,0,0,3825,2523,240,240,136,17,58,0,0,0,0,0,49,0,3,0,0,1,0,0,0,0,0,0,0,1,0,0,0,0,1,0,0,0,0,0,0,0,0,0,0,0,0,81,12779,0,0,0,0,7,13,0,1,1,4,0,2,1,Jolteon
10-07,11:16:36,NINTEN,Machop,Misty,1,Cerulean City - Gym,2,14:19.31,14:19,0h14m19s,1,0,1,26,0:53,17.307,MEGA PUNCH,KARATE CHOP,LOW KICK,DIG,2,2001,165,30,18,151,146,83,10,8078,Jolteon, ,Fighting,Fighting,14253,Machop2,Machop,Misty,00:14:02.01,00:14:19.31,00:53:44.31,26,1,0,14,19,31,MEGA PUNCH,KARATE CHOP,LOW KICK,DIG,20,23,20,5,0,0,0,0,40,84,58,42,34,34,35,3675,4027,4219,3092,3092,4181,15,15,15,15,0,0,0,0,-1,0,0,65,42,34,34,23,195464,71265,118067,3961,2171,2,1,0,2001,2001,0,0,165,48,30,18,0,0,3956,2623,284,284,141,20,61,0,0,0,0,0,49,0,4,0,0,1,0,0,0,0,0,0,0,1,0,0,0,0,1,0,0,0,0,0,0,0,0,0,0,0,0,83,14118,0,0,0,0,7,13,0,1,1,4,0,2,1,Jolteon
10-07,11:17:17,NINTEN,Machop,Sandy,3,Route 6,3,15:00.05,15:00,0h15m0s,1,0,1,26,0:56,11.146,MEGA PUNCH,KARATE CHOP,LOW KICK,DIG,2,2234,172,31,18,154,149,86,12,10157,Jolteon, ,Fighting,Fighting,14814,Machop2,Machop,,00:14:48.90,00:15:00.05,00:56:25.08,26,1,0,15,0,5,MEGA PUNCH,KARATE CHOP,LOW KICK,DIG,20,25,17,10,0,0,0,0,66,84,58,42,34,34,35,3795,4162,4339,3197,3197,4349,15,15,15,15,0,0,0,0,0,0,0,65,42,34,34,35,205101,77636,121333,3961,2171,2,1,0,2234,2234,0,0,172,49,31,18,0,0,4131,2746,302,302,144,20,64,0,0,0,0,0,49,0,4,0,0,1,0,0,0,0,0,0,0,1,0,0,0,0,1,0,0,0,0,0,0,0,0,0,0,0,0,86,14679,0,0,0,0,8,13,0,1,1,4,0,2,1,Jolteon
10-07,11:17:30,NINTEN,Machop,Jr Trainer M,5,Route 6,2,15:12.80,15:12,0h15m12s,1,0,1,27,0:57,9.864,MEGA PUNCH,KARATE CHOP,LOW KICK,DIG,2,2235,172,32,18,156,151,87,12,10477,Jolteon, ,Fighting,Fighting,15409,Machop2,Machop,,00:15:02.94,00:15:12.80,00:57:15.25,27,1,0,15,12,80,MEGA PUNCH,KARATE CHOP,LOW KICK,DIG,20,24,16,10,0,0,0,0,44,86,60,44,35,35,36,3890,4303,4429,3278,3278,4516,15,15,15,15,0,0,0,0,0,0,0,67,44,35,35,36,208118,77806,124180,3961,2171,2,1,0,2235,2235,0,0,172,50,32,18,0,0,4265,2833,326,326,146,20,65,0,0,0,0,0,49,0,5,0,0,1,0,0,0,0,0,0,0,1,0,0,0,0,1,0,0,0,0,0,0,0,0,0,0,0,0,88,15274,0,0,0,0,8,13,0,1,1,4,0,2,1,Jolteon
10-07,11:18:06,NINTEN,Machop,Sailor,5,SS Anne,2,15:48.69,15:48,0h15m48s,1,0,1,27,0:59,8.851,MEGA PUNCH,KARATE CHOP,LOW KICK,DIG,2,2385,195,33,18,160,153,90,14,9747,Jolteon, ,Fighting,Fighting,16222,Machop2,Machop,,00:15:39.84,00:15:48.69,00:59:36.22,27,1,0,15,48,69,MEGA PUNCH,KARATE CHOP,LOW KICK,DIG,20,24,16,8,0,0,0,0,80,86,60,44,35,35,36,3960,4388,4519,3448,3448,4671,15,15,15,15,0,0,0,0,0,0,0,67,44,35,35,36,216575,83022,126699,4683,2171,2,1,0,2385,2385,0,0,195,51,33,18,0,0,4522,2919,330,330,148,22,66,0,0,0,0,0,50,0,5,0,0,1,0,0,0,0,0,0,0,1,0,0,0,0,1,0,0,0,0,0,0,0,0,0,0,0,0,90,16087,0,0,0,0,10,16,0,1,1,4,0,2,1,Jolteon
10-07,11:18:19,NINTEN,Machop,Youngster,8,SS Anne,1,16:02.08,16:02,0h16m2s,1,0,1,27,1:00,4.904,MEGA PUNCH,KARATE CHOP,LOW KICK,DIG,2,2448,201,34,18,162,154,91,15,10287,Jolteon, ,Fighting,Fighting,16492,Machop2,Machop,,00:15:57.17,00:16:02.08,01:00:29.03,27,1,0,16,2,8,MEGA PUNCH,KARATE CHOP,LOW KICK,DIG,20,24,16,7,0,0,0,0,80,86,60,44,35,35,36,4006,4445,4559,3488,3488,4721,15,15,15,15,0,0,0,0,0,0,0,67,44,35,35,36,219736,84610,128272,4683,2171,2,1,0,2448,2448,0,0,201,52,34,18,0,0,4640,2972,330,330,149,23,66,0,0,0,0,0,50,0,5,0,0,1,0,0,0,0,0,0,0,1,0,0,0,0,1,0,0,0,0,0,0,0,0,0,0,0,0,91,16357,0,0,0,0,11,16,0,1,1,4,0,2,1,Jolteon
10-07,11:18:41,NINTEN,Machop,Gentleman,5,SS Anne,2,16:24.12,16:24,0h16m24s,1,0,1,28,1:01,7.521,BODY SLAM,KARATE CHOP,LOW KICK,DIG,2,2502,212,35,18,164,156,92,15,10602,Jolteon, ,Fighting,Fighting,17376,Machop2,Machop,,00:16:16.60,00:16:24.12,01:01:55.56,28,1,0,16,24,12,BODY SLAM,KARATE CHOP,LOW KICK,DIG,13,24,16,7,0,0,0,0,75,90,62,46,37,37,37,4111,4600,4659,3603,3603,4871,15,15,15,15,0,0,0,0,0,0,0,69,46,37,37,37,224949,86379,130479,5920,2171,2,1,0,2502,2502,0,0,212,53,35,18,0,0,4746,3066,339,339,151,23,67,0,0,0,0,0,50,0,5,0,0,1,0,0,0,0,0,0,0,1,0,0,0,0,1,0,0,0,0,0,0,0,0,0,0,0,0,93,17241,0,0,0,0,12,16,0,1,1,5,0,2,1,Jolteon
10-07,11:19:05,NINTEN,Machop,Rival3-SS Anne,1,SS Anne,4,16:47.77,16:47,0h16m47s,1,0,1,28,1:03,14.82,BODY SLAM,KARATE CHOP,LOW KICK,DIG,2,2529,216,36,18,170,161,94,15,11792,Jolteon, ,Fighting,Fighting,18557,Machop2,Machop,Rival (SS Anne),00:16:32.95,00:16:47.77,01:03:29.14,28,1,0,16,47,77,BODY SLAM,KARATE CHOP,LOW KICK,DIG,11,23,15,6,0,0,0,0,69,90,62,46,37,37,37,4286,4846,4859,3754,3754,5108,15,15,15,15,0,0,0,0,0,0,0,69,46,37,37,37,230547,87669,134787,5920,2171,2,1,0,2529,2529,0,0,216,54,36,18,0,0,5067,3254,345,345,156,24,68,0,0,0,0,0,50,0,5,0,0,1,0,0,0,0,0,0,0,1,0,0,0,0,1,0,0,0,0,0,0,0,0,0,0,0,0,97,18422,0,0,0,0,13,16,0,1,1,5,0,2,1,Jolteon
10-07,11:19:53,NINTEN,Machop,Surge,1,Vermilion City - Gym,1,17:36.49,17:36,0h17m36s,1,0,1,28,1:06,5.998,BODY SLAM,KARATE CHOP,LOW KICK,DIG,3,2708,227,37,18,172,162,95,16,13092,Jolteon, ,Fighting,Fighting,19289,Machop2,Machop,Lt. Surge,00:17:30.49,00:17:36.49,01:06:41.38,28,1,0,17,36,49,BODY SLAM,KARATE CHOP,LOW KICK,DIG,11,23,15,5,0,0,0,0,89,90,62,46,37,37,37,4346,4936,4914,3844,3844,5208,15,15,15,15,0,0,0,0,0,0,0,69,46,37,37,37,242091,94528,136780,8612,2171,3,1,0,2708,2708,0,0,227,55,37,18,0,0,5156,3330,345,345,157,25,68,0,0,0,0,0,50,0,5,0,0,1,0,0,0,0,0,0,0,1,0,0,0,0,1,0,0,0,0,0,0,0,0,0,0,0,0,98,19154,0,0,0,0,13,16,0,1,1,6,0,2,1,Jolteon
10-07,11:20:49,NINTEN,Machop,Wrapping Lass,5,Route 9,4,18:32.41,18:32,0h18m32s,1,0,1,29,1:10,10.805,BODY SLAM,KARATE CHOP,LOW KICK,DIG,3,2898,245,38,18,176,166,95,18,15864,Jolteon, ,Fighting,Fighting,20537,Machop2,Machop,RTG1 - Wrapping Lass,00:18:21.60,00:18:32.41,01:10:21.45,29,1,0,18,32,41,BODY SLAM,KARATE CHOP,LOW KICK,DIG,11,25,20,10,0,0,0,0,92,92,65,47,38,38,39,4536,5186,5094,4134,4134,5348,15,15,15,15,0,0,0,0,0,0,0,73,52,38,38,39,255298,102622,139935,10570,2171,3,1,0,2898,2846,52,0,245,56,38,18,0,0,5426,3520,345,345,161,25,68,0,0,0,0,0,50,0,5,0,0,1,0,0,0,0,0,0,0,1,0,0,0,0,1,0,0,0,0,0,0,0,0,0,0,0,0,102,20402,0,0,0,0,13,16,0,1,1,6,0,2,1,Jolteon
10-07,11:21:05,NINTEN,Machop,Bug Catcher,14,Route 9,3,18:48.33,18:48,0h18m48s,1,0,1,29,1:11,9.524,BODY SLAM,KARATE CHOP,LOW KICK,DIG,3,2937,247,39,18,180,169,96,18,16224,Jolteon, ,Fighting,Fighting,21306,Machop2,Machop,,00:18:38.80,00:18:48.33,01:11:24.28,29,1,0,18,48,33,BODY SLAM,KARATE CHOP,LOW KICK,DIG,9,25,20,9,0,0,0,0,92,92,65,47,38,38,39,4681,5306,5209,4214,4214,5488,15,15,15,15,0,0,0,0,0,0,0,73,52,38,38,39,259061,103255,143065,10570,2171,3,1,0,2937,2846,91,0,247,57,39,18,0,0,5631,3677,345,345,164,26,68,0,0,0,0,0,50,0,5,0,0,1,0,0,0,0,0,0,0,1,0,0,0,0,1,0,0,0,0,0,0,0,0,0,0,0,0,105,21171,0,0,0,0,13,16,0,1,1,6,0,2,1,Jolteon
10-07,11:21:37,NINTEN,Machop,Slowbone,7,Rock Tunnel - 1,2,19:19.90,19:19,0h19m19s,1,0,1,30,1:13,13.343,BODY SLAM,KARATE CHOP,LOW KICK,DIG,3,3045,263,40,19,187,174,101,18,16424,Jolteon, ,Fighting,Fighting,22220,Machop2,Machop,,00:19:06.56,00:19:19.90,01:13:29.12,30,1,0,19,19,90,BODY SLAM,KARATE CHOP,LOW KICK,DIG,6,25,20,7,0,0,0,0,50,96,67,49,39,39,40,4821,5421,5369,4294,4294,5538,15,15,15,15,-1,0,0,0,0,0,0,49,55,39,39,40,266545,104934,147439,12001,2171,3,1,0,3045,2846,199,0,263,59,40,19,1,0,5770,3814,391,391,169,28,71,0,0,0,0,0,50,0,5,0,0,1,0,0,0,0,0,0,0,1,0,0,0,0,1,0,0,0,0,0,0,0,0,0,0,0,0,107,22085,0,0,0,0,13,16,0,1,1,6,0,2,1,Jolteon
10-07,11:21:56,NINTEN,Machop,Pokemaniac,5,Rock Tunnel,1,19:39.30,19:39,0h19m39s,1,0,1,30,1:14,7.154,BODY SLAM,KARATE CHOP,LOW KICK,DIG,3,3083,264,41,19,191,176,104,18,17574,Jolteon, ,Fighting,Fighting,22749,Machop2,Machop,,00:19:32.15,00:19:39.30,01:14:45.27,30,1,0,19,39,30,BODY SLAM,KARATE CHOP,LOW KICK,DIG,6,25,20,5,0,0,0,0,63,96,67,49,39,39,40,4911,5486,5434,4334,4334,5553,15,15,15,15,0,0,0,0,0,0,0,75,55,39,39,40,271120,105750,149887,13312,2171,3,1,0,3083,2846,237,0,264,60,41,19,1,0,5863,3898,418,418,171,30,72,0,0,0,0,0,50,0,5,0,0,1,0,0,0,0,0,0,0,1,0,0,0,0,1,0,0,0,0,0,0,0,0,0,0,0,0,108,22614,0,0,0,0,13,16,0,1,1,6,0,2,1,Jolteon
10-07,11:22:08,NINTEN,Machop,Status-Condition-Jr-Trainer,10,Rock Tunnel,2,19:51.06,19:51,0h19m51s,1,0,1,30,1:15,8.274,BODY SLAM,KARATE CHOP,LOW KICK,DIG,3,3097,266,42,19,195,178,106,18,18824,Jolteon, ,Fighting,Fighting,23417,Machop2,Machop,RTG4 - Status Jr Trainer,00:19:42.79,00:19:51.06,01:15:31.51,30,1,0,19,51,6,BODY SLAM,KARATE CHOP,LOW KICK,DIG,6,25,20,3,0,0,0,0,63,96,67,49,39,39,40,5001,5585,5538,4474,4474,5628,15,15,15,15,0,0,0,0,0,0,0,75,55,39,39,40,273904,106171,152250,13312,2171,3,1,0,3097,2846,251,0,266,61,42,19,1,0,6020,4008,418,418,173,31,72,0,0,0,0,0,51,0,5,0,0,1,0,0,0,0,0,0,0,1,0,0,0,0,1,0,0,0,0,0,0,0,0,0,0,0,0,110,23282,0,0,0,0,13,16,0,1,1,6,0,2,1,Jolteon
10-07,11:22:33,NINTEN,Machop,Selfdestructing Hiker,9,Rock Tunnel,3,20:16.41,20:16,0h20m16s,1,0,1,31,1:17,12.617,BODY SLAM,KARATE CHOP,LOW KICK,DIG,3,3210,278,43,19,201,181,109,18,19264,Jolteon, ,Fighting,Fighting,24794,Machop2,Machop,,00:20:03.79,00:20:16.41,01:17:11.57,31,1,0,20,16,41,BODY SLAM,KARATE CHOP,LOW KICK,DIG,6,25,20,0,0,0,0,0,66,99,69,51,41,41,41,5136,5840,5853,4579,4579,5703,15,15,15,15,0,0,0,0,0,0,0,77,57,41,41,41,279910,108511,155634,13594,2171,3,1,0,3210,2846,364,0,278,62,43,19,1,0,6238,4167,418,418,176,33,72,0,0,0,0,0,51,0,5,0,0,1,0,0,0,0,0,0,0,1,0,0,0,0,1,0,0,0,0,0,0,0,0,0,0,0,0,113,24659,0,0,0,0,13,16,0,1,1,6,0,2,1,Jolteon
10-07,11:22:55,NINTEN,Machop,Finisher,18,Rock Tunnel - 1,3,20:37.80,20:37,0h20m37s,1,0,1,31,1:18,9.537,BODY SLAM,KARATE CHOP,LOW KICK,DIG,3,3270,297,44,19,204,184,111,17,19999,Jolteon, ,Fighting,Fighting,25657,Machop2,Machop,RTG6 - Finisher,00:20:28.26,00:20:37.80,01:18:36.19,31,1,0,20,37,80,BODY SLAM,KARATE CHOP,LOW KICK,DIG,3,25,20,0,0,0,0,0,51,99,69,51,41,41,41,5261,5980,5983,4729,4729,5879,15,15,15,15,0,0,0,0,0,0,0,77,57,41,41,41,284972,110197,158655,13949,2171,3,1,0,3270,2846,424,0,297,63,44,19,1,0,6506,4316,433,433,179,33,74,0,0,0,0,0,52,0,5,0,0,1,0,0,0,0,0,0,0,1,0,0,0,0,1,0,0,0,0,0,0,0,0,0,0,0,0,116,25522,0,0,0,0,13,16,0,1,1,6,0,2,1,Jolteon
10-07,11:23:13,NINTEN,Machop,Gambler,7,Route 8,2,20:55.87,20:55,0h20m55s,1,0,1,31,1:19,8.56,BODY SLAM,KARATE CHOP,LOW KICK,DIG,3,3356,308,45,19,207,187,113,18,20399,Jolteon, ,Fighting,Fighting,26449,Machop2,Machop,,00:20:47.31,00:20:55.87,01:19:47.37,31,1,0,20,55,87,BODY SLAM,KARATE CHOP,LOW KICK,DIG,0,25,20,0,0,0,0,0,44,99,69,51,41,41,41,5354,6091,6068,4844,4844,6004,15,15,15,15,0,-1,0,0,0,0,0,86,37,41,41,41,289250,111962,161168,13949,2171,3,1,0,3356,2846,510,0,308,64,45,19,1,0,6703,4436,440,440,182,33,76,0,0,0,0,0,52,0,5,0,0,1,1,0,0,0,0,0,0,1,0,0,0,0,1,0,0,0,0,0,1,0,0,0,0,0,0,118,26314,0,0,0,0,14,16,0,1,1,6,0,2,1,Jolteon
10-07,11:24:04,NINTEN,Machop,Rocket,7,Celadon City - Game Corner,2,21:47.59,21:47,0h21m47s,1,0,1,32,1:23,11.154,BODY SLAM,KARATE CHOP,LOW KICK,DIG,3,3614,321,46,19,210,189,115,16,22079,Jolteon, ,Fighting,Fighting,27176,Machop2,Machop,,00:21:36.44,00:21:47.59,01:23:12.02,32,1,0,21,47,59,BODY SLAM,KARATE CHOP,LOW KICK,DIG,14,25,20,9,0,0,0,0,69,102,71,52,42,42,43,5449,6217,6163,4934,4934,6156,15,15,15,15,0,0,0,0,0,0,0,79,58,42,42,43,301515,120763,164325,14256,2171,3,1,0,3614,3046,568,0,321,65,46,19,1,0,6884,4540,473,473,184,34,77,0,0,0,0,0,53,0,6,0,0,1,1,0,0,0,0,0,0,1,0,0,0,0,1,0,0,0,0,0,1,0,0,0,0,0,0,120,27041,0,0,0,0,17,16,0,1,1,6,0,2,1,Jolteon
10-07,11:26:10,NINTEN,Machop,Rival4-Pkmn Tower,2,Pokemon Tower - 2F,5,23:53.59,23:53,0h23m53s,1,0,1,32,1:31,18.492,BODY SLAM,ROCK SLIDE,LOW KICK,DIG,3,4005,361,47,19,218,195,118,15,879,Jolteon, ,Fighting,Fighting,29706,Machop2,Machop,Rival (Pokemon Tower),00:23:35.10,00:23:53.59,01:31:28.46,32,1,0,23,53,59,BODY SLAM,ROCK SLIDE,LOW KICK,DIG,15,9,17,8,0,0,0,0,93,102,71,52,42,42,46,5687,6543,6503,5200,5200,14136,15,15,15,15,0,0,0,0,0,0,0,79,58,42,42,46,331319,140395,169483,19270,2171,3,1,0,4005,3437,568,0,361,66,47,19,1,0,7371,4832,482,482,190,35,78,0,0,0,0,0,54,0,7,0,0,1,1,0,0,0,0,0,0,1,0,0,0,0,1,0,0,0,0,0,1,0,0,0,0,0,0,125,29571,0,0,0,0,19,34,8,1,1,8,0,2,1,Jolteon
10-07,11:26:42,NINTEN,Machop,Agatha Jr,10,Pokemon Tower - 4F,2,24:24.65,24:24,0h24m24s,1,0,1,33,1:33,13.478,BODY SLAM,ROCK SLIDE,LOW KICK,DIG,3,4053,362,48,19,225,198,123,15,2504,Jolteon, ,Fighting,Fighting,30642,Machop2,Machop,,00:24:11.17,00:24:24.65,01:33:31.46,33,1,0,24,24,65,BODY SLAM,ROCK SLIDE,LOW KICK,DIG,15,9,17,5,0,0,0,0,56,105,74,54,43,43,47,5747,6613,6563,5400,5400,14296,15,15,15,15,0,0,0,0,0,0,0,83,60,43,43,47,338699,142290,173146,21092,2171,3,1,0,4053,3485,568,0,362,67,48,19,1,0,7790,4932,522,522,192,39,80,0,0,0,0,0,54,0,7,0,0,2,1,0,0,0,0,0,0,1,0,0,0,0,2,1,0,0,0,0,1,0,0,0,0,0,0,127,30507,0,0,0,0,19,34,8,1,1,8,0,2,1,Jolteon
10-07,11:27:02,NINTEN,Machop,Channeler,21,Pokemon Tower - 6F,1,24:45.33,24:45,0h24m45s,1,0,1,33,1:34,5.734,BODY SLAM,ROCK SLIDE,LOW KICK,DIG,3,4123,372,49,19,227,199,125,15,3194,Jolteon, ,Fighting,Fighting,31129,Machop2,Machop,,00:24:39.59,00:24:45.33,01:34:53.27,33,1,0,24,45,33,BODY SLAM,ROCK SLIDE,LOW KICK,DIG,15,10,20,9,0,0,0,0,105,105,74,54,43,43,47,5777,6648,6593,5500,5500,14376,15,15,15,15,0,0,0,0,0,0,0,83,60,43,43,47,343600,145040,175297,21092,2171,3,1,0,4123,3555,568,0,372,68,49,19,1,0,8004,4984,522,522,193,41,80,0,0,0,0,0,54,0,7,0,0,2,1,0,0,0,0,0,0,1,0,0,0,0,2,1,0,0,0,0,1,0,0,0,0,0,0,128,30994,0,0,0,0,21,34,8,1,1,8,0,2,1,Jolteon
10-07,11:27:10,NINTEN,Machop,Channeler,20,Pokemon Tower - 6F,1,24:53.49,24:53,0h24m53s,1,0,1,33,1:35,5.348,BODY SLAM,ROCK SLIDE,LOW KICK,DIG,3,4132,373,50,19,229,200,127,15,3914,Jolteon, ,Fighting,Fighting,31616,Machop2,Machop,,00:24:48.14,00:24:53.49,01:35:25.38,33,1,0,24,53,49,BODY SLAM,ROCK SLIDE,LOW KICK,DIG,15,10,20,8,0,0,0,0,105,105,74,54,43,43,47,5807,6683,6623,5600,5600,14456,15,15,15,15,0,0,0,0,0,0,0,83,60,43,43,47,345531,145293,176975,21092,2171,3,1,0,4132,3564,568,0,373,69,50,19,1,0,8191,5036,522,522,194,43,80,0,0,0,0,0,54,0,7,0,0,2,1,0,0,0,0,0,0,1,0,0,0,0,2,1,0,0,0,0,1,0,0,0,0,0,0,129,31481,0,0,0,0,21,34,8,1,1,8,0,2,1,Jolteon
10-07,11:27:37,NINTEN,Machop,Rocket,44,Pokemon Tower - 7F,3,25:20.25,25:20,0h25m20s,1,0,1,34,1:37,14.978,BODY SLAM,ROCK SLIDE,LOW KICK,DIG,3,4157,374,51,20,235,204,132,15,4634,Jolteon, ,Fighting,Fighting,33865,Machop2,Machop,,00:25:05.27,00:25:20.25,01:37:11.21,34,1,0,25,20,25,BODY SLAM,ROCK SLIDE,LOW KICK,DIG,14,10,19,6,0,0,0,0,94,108,76,56,45,45,49,5972,6903,6847,5790,5790,14686,15,15,15,15,0,-1,0,0,0,0,0,85,40,45,45,49,351874,146800,181811,21092,2171,3,1,0,4157,3589,568,0,374,71,51,20,1,0,8524,5247,536,536,198,46,82,0,0,0,0,0,54,0,8,0,0,2,1,0,0,0,0,0,0,1,0,0,0,0,2,1,0,0,0,0,1,0,0,0,0,0,0,132,33730,0,0,0,0,22,34,8,1,1,8,0,2,1,Jolteon
10-07,11:28:22,NINTEN,Machop,Biker,5,Route 16,2,26:05.06,26:05,0h26m5s,1,0,1,34,1:40,8.078,BODY SLAM,ROCK SLIDE,LOW KICK,DIG,3,4264,381,52,21,239,206,134,16,5444,Jolteon, ,Fighting,Fighting,35131,Machop2,Machop,,00:25:56.99,00:26:05.06,01:40:07.54,34,1,0,26,5,6,BODY SLAM,ROCK SLIDE,LOW KICK,DIG,15,10,20,8,0,0,0,0,108,108,76,56,45,45,49,6092,7048,6992,5890,5890,14746,15,15,15,15,0,0,0,0,0,0,0,85,63,45,45,49,362467,151931,185377,22988,2171,3,1,0,4264,3695,569,0,381,73,52,21,2,0,8726,5403,536,536,200,48,82,0,0,0,0,0,54,0,8,0,0,2,1,0,0,0,0,0,0,1,0,0,0,0,2,1,0,0,0,0,1,0,0,0,0,0,0,134,34996,0,0,0,0,22,34,8,1,1,8,0,2,1,Jolteon
10-07,11:28:37,NINTEN,Machop,Cue Ball,1,Route 16,3,26:20.14,26:20,0h26m20s,1,0,1,35,1:41,11.923,BODY SLAM,ROCK SLIDE,LOW KICK,DIG,3,4268,382,53,21,244,211,136,16,6024,Jolteon, ,Fighting,Fighting,36631,Machop2,Machop,,00:26:08.22,00:26:20.14,01:41:07.18,35,1,0,26,20,14,BODY SLAM,ROCK SLIDE,LOW KICK,DIG,10,10,20,8,0,0,0,0,72,111,78,57,46,46,50,6272,7288,7127,5995,5995,14886,15,15,15,15,0,0,0,0,0,0,0,87,64,46,46,50,366031,152170,188702,22988,2171,3,1,0,4268,3695,573,0,382,74,53,21,2,0,9030,5629,575,575,205,48,84,0,0,0,0,0,54,0,9,0,0,2,1,0,0,0,0,0,0,1,0,0,0,0,2,1,0,0,0,0,1,0,0,0,0,0,0,137,36496,0,0,0,0,22,34,8,1,1,8,0,2,1,Jolteon
10-07,11:28:50,NINTEN,Machop,Cue Ball,2,Route 16,2,26:32.81,26:32,0h26m32s,1,0,1,35,1:41,8.395,BODY SLAM,ROCK SLIDE,LOW KICK,DIG,3,4270,389,54,21,247,214,138,16,6724,Jolteon, ,Fighting,Fighting,37636,Machop2,Machop,,00:26:24.41,00:26:32.81,01:41:57.07,35,1,0,26,32,81,BODY SLAM,ROCK SLIDE,LOW KICK,DIG,7,10,20,8,0,0,0,0,56,111,78,57,46,46,50,6382,7448,7212,6065,6065,14991,15,15,15,15,0,0,0,0,0,0,0,87,64,46,46,50,369020,152302,191559,22988,2171,3,1,0,4270,3695,575,0,389,75,54,21,2,0,9216,5779,591,591,208,49,85,0,0,0,0,0,54,0,9,0,0,2,1,0,0,0,0,0,0,1,0,0,0,0,2,1,0,0,0,0,1,0,0,0,0,0,0,139,37501,0,0,0,0,22,34,8,1,1,8,0,2,1,Jolteon
10-07,11:29:06,NINTEN,Machop,Biker,6,Route 16,1,26:48.92,26:48,0h26m48s,1,0,1,35,1:43,8.626,BODY SLAM,ROCK SLIDE,LOW KICK,DIG,3,4273,390,55,21,251,217,141,15,7449,Jolteon, ,Fighting,Fighting,38858,Machop2,Machop,,00:26:40.30,00:26:48.92,01:43:00.39,35,1,0,26,48,92,BODY SLAM,ROCK SLIDE,LOW KICK,DIG,5,10,20,7,0,0,0,0,51,111,78,57,46,46,50,6447,7538,7332,6150,6150,15051,15,15,15,15,0,0,0,0,0,0,0,87,64,46,46,50,372832,152559,194110,23992,2171,3,1,0,4273,3695,578,0,390,76,55,21,2,0,9328,5870,651,651,211,50,87,0,0,0,0,0,54,0,9,0,0,2,1,0,0,0,0,0,0,1,0,0,0,0,2,1,0,0,0,0,1,0,0,0,0,0,0,140,38723,0,0,0,0,22,34,8,1,1,8,0,2,1,Jolteon
10-07,11:29:17,NINTEN,Machop,Cue Ball,3,Route 16,1,27:00.27,27:00,0h27m0s,1,0,1,35,1:43,5.309,BODY SLAM,ROCK SLIDE,LOW KICK,DIG,3,4276,391,56,21,253,219,142,14,8109,Jolteon, ,Fighting,Fighting,39479,Machop2,Machop,,00:26:54.97,00:27:00.27,01:43:45.13,35,1,0,27,0,27,BODY SLAM,ROCK SLIDE,LOW KICK,DIG,3,10,20,7,0,0,0,0,84,111,78,57,46,46,50,6517,7618,7382,6185,6185,15086,15,15,15,15,0,0,0,0,0,0,0,87,64,46,46,50,375506,152860,195861,24614,2171,3,1,0,4276,3695,581,0,391,77,56,21,2,0,9429,5964,678,678,213,50,88,0,0,0,0,0,54,0,10,0,0,2,1,0,0,0,0,0,0,1,0,0,0,0,2,1,0,0,0,0,1,0,0,0,0,0,0,141,39344,0,0,0,0,22,34,8,1,1,8,0,2,1,Jolteon
10-07,11:29:35,NINTEN,Machop,Biker,7,Route 16,4,27:18.45,27:18,0h27m18s,1,0,1,36,1:44,14.672,BODY SLAM,ROCK SLIDE,LOW KICK,DIG,3,4280,391,57,21,261,223,146,14,8934,Jolteon, ,Fighting,Fighting,41483,Machop2,Machop,,00:27:03.77,00:27:18.45,01:44:56.56,36,1,0,27,18,45,BODY SLAM,ROCK SLIDE,LOW KICK,DIG,3,10,20,3,0,0,0,0,87,114,81,59,48,48,52,6837,7938,7582,6345,6345,15186,15,15,15,15,0,0,0,0,0,0,0,91,66,48,48,52,379809,153183,199841,24614,2171,3,1,0,4280,3695,585,0,391,78,57,21,2,0,10032,6288,678,678,217,54,88,0,0,0,0,0,54,0,10,0,0,2,1,0,0,0,0,0,0,1,0,0,0,0,2,1,0,0,0,0,1,0,0,0,0,0,0,145,41348,0,0,0,0,22,34,8,1,1,8,0,2,1,Jolteon
10-07,11:30:08,NINTEN,Machop,Biker,8,Route 17,3,27:50.83,27:50,0h27m50s,1,0,1,37,1:47,15.491,BODY SLAM,ROCK SLIDE,LOW KICK,DIG,3,4304,392,58,21,269,228,151,13,9454,Jolteon,Poisoned,Fighting,Fighting,44243,Machop2,Machop,,00:27:35.34,00:27:50.83,01:47:04.51,37,1,0,27,50,83,BODY SLAM,ROCK SLIDE,LOW KICK,DIG,1,10,20,4,0,0,0,2,82,117,83,61,49,49,53,7007,8183,7917,6575,6575,15341,15,15,15,15,0,0,0,0,0,0,0,93,68,49,49,53,387484,154052,204399,26862,2171,3,1,0,4304,3695,609,0,392,79,58,21,2,0,10326,6508,686,686,222,58,89,0,0,0,0,0,54,0,10,0,0,2,1,0,0,0,0,0,0,2,0,0,0,0,2,1,0,0,0,0,1,0,0,0,0,0,0,148,44108,0,0,0,0,22,34,8,1,1,8,0,2,1,Jolteon
10-07,11:30:29,NINTEN,Machop,Cue Ball,5,Route 17,2,28:11.80,28:11,0h28m11s,1,0,1,37,1:48,9.832,BODY SLAM,ROCK SLIDE,LOW KICK,DIG,3,4320,400,59,21,274,231,154,13,10014,Jolteon, ,Fighting,Fighting,45695,Machop2,Machop,,00:28:01.96,00:28:11.80,01:48:27.30,37,1,0,28,11,80,BODY SLAM,ROCK SLIDE,LOW KICK,DIG,0,10,20,2,0,0,0,2,82,117,83,61,49,49,53,7157,8363,8037,6660,6660,15421,15,15,15,15,0,-1,0,0,0,0,0,104,45,49,49,53,392443,155335,207603,27334,2171,3,1,0,4320,3695,625,0,400,80,59,21,2,0,10573,6682,686,686,224,60,90,0,0,0,0,0,55,0,10,0,0,2,1,0,0,0,0,0,0,2,0,0,0,0,2,1,0,0,0,0,1,0,0,0,0,0,0,150,45560,0,0,0,0,23,34,8,1,1,8,0,2,1,Jolteon
10-07,11:30:46,NINTEN,Machop,Cue Ball,4,Route 17,2,28:28.69,28:28,0h28m28s,1,0,1,37,1:49,8.355,BODY SLAM,ROCK SLIDE,LOW KICK,DIG,3,4324,411,60,21,277,234,155,12,10739,Jolteon, ,Fighting,Fighting,47079,Machop2,Machop,,00:28:20.33,00:28:28.69,01:49:33.56,37,1,0,28,28,69,BODY SLAM,ROCK SLIDE,LOW KICK,DIG,7,10,20,12,0,0,0,2,77,117,83,61,49,49,53,7262,8548,8132,6755,6755,15586,15,15,15,15,0,0,0,0,0,0,0,93,68,49,49,53,396429,155567,210083,28608,2171,3,1,0,4324,3695,629,0,411,81,60,21,2,0,10758,6829,691,691,228,60,91,0,0,0,0,0,55,0,10,0,0,2,2,0,0,0,0,0,0,2,0,0,0,0,2,1,0,0,0,0,1,0,0,0,0,0,0,152,46944,0,0,0,0,23,34,8,1,1,8,0,2,1,Jolteon
10-07,11:30:58,NINTEN,Machop,Biker,10,Route 17,2,28:41.42,28:41,0h28m41s,1,0,1,38,1:50,8.89,BODY SLAM,ROCK SLIDE,LOW KICK,DIG,3,4343,421,61,21,281,235,159,12,11464,Jolteon, ,Fighting,Fighting,48357,Machop2,Machop,,00:28:32.53,00:28:41.42,01:50:24.11,38,1,0,28,41,42,BODY SLAM,ROCK SLIDE,LOW KICK,DIG,7,10,20,11,0,0,0,2,80,120,85,62,50,50,54,7342,8608,8232,6865,6865,15786,15,15,15,15,0,0,0,0,0,0,0,95,69,50,50,54,399444,155966,212699,28608,2171,3,1,0,4343,3695,648,0,421,82,61,21,2,0,11010,6895,691,691,229,64,91,0,0,0,0,0,56,0,10,0,0,2,2,0,0,0,0,0,0,2,0,0,0,0,2,1,0,0,0,0,1,0,0,0,0,0,0,154,48222,0,0,0,0,23,34,8,1,1,8,0,2,1,Jolteon
10-07,11:31:11,NINTEN,Machop,Cue Ball,6,Route 17,1,28:54.20,28:54,0h28m54s,1,0,1,38,1:51,7.394,BODY SLAM,ROCK SLIDE,LOW KICK,DIG,3,4368,421,62,21,285,237,162,12,12044,Jolteon, ,Fighting,Fighting,49389,Machop2,Machop,,00:28:46.81,00:28:54.20,01:51:14.30,38,1,0,28,54,20,BODY SLAM,ROCK SLIDE,LOW KICK,DIG,7,10,20,9,0,0,0,2,46,120,85,62,50,50,54,7422,8708,8302,6915,6915,15831,15,15,15,15,0,0,0,0,0,0,0,95,69,50,50,54,402463,156344,215340,28608,2171,3,1,0,4368,3695,673,0,421,83,62,21,2,0,11114,6996,725,725,231,66,92,0,0,0,0,0,56,0,11,0,0,2,2,0,0,0,0,0,0,2,0,0,0,0,2,1,0,0,0,0,1,0,0,0,0,0,0,155,49254,0,0,0,0,23,34,8,1,1,8,0,2,1,Jolteon
10-07,11:31:53,NINTEN,Machop,Biker,12,Route 17,5,29:36.45,29:36,0h29m36s,1,0,1,39,1:54,20.418,BODY SLAM,ROCK SLIDE,LOW KICK,DIG,4,4493,430,63,21,295,242,167,12,12869,Jolteon, ,Fighting,Fighting,53069,Machop2,Machop,,00:29:16.04,00:29:36.45,01:54:01.48,39,1,0,29,36,45,BODY SLAM,ROCK SLIDE,LOW KICK,DIG,7,10,20,6,0,0,0,3,49,123,88,64,52,52,56,7672,9083,8827,7265,7265,16056,15,15,15,15,0,0,0,0,0,0,0,99,72,52,52,56,412501,158910,220678,30742,2171,4,1,0,4493,3695,798,0,430,84,63,21,2,0,11604,7315,725,725,236,71,92,0,0,0,0,0,56,0,11,0,0,2,2,0,0,0,0,0,0,2,0,0,0,0,2,1,0,0,0,0,1,0,0,0,0,0,0,160,52934,0,0,0,0,24,34,8,1,1,8,0,2,1,Jolteon
10-07,11:32:17,NINTEN,Machop,Bird Keeper,10,Route 18,4,29:59.66,29:59,0h29m59s,1,0,1,39,1:55,12.524,BODY SLAM,ROCK SLIDE,LOW KICK,DIG,4,4571,435,64,21,299,246,168,13,13369,Jolteon, ,Fighting,Fighting,54936,Machop2,Machop,,00:29:47.13,00:29:59.66,01:55:33.07,39,1,0,29,59,66,BODY SLAM,ROCK SLIDE,LOW KICK,DIG,4,9,20,6,0,0,0,3,49,123,88,64,52,52,56,7857,9353,8982,7419,7419,16366,15,15,15,15,0,-1,0,0,0,0,0,111,47,52,52,56,417980,160543,224524,30742,2171,4,1,0,4571,3710,861,0,435,85,64,21,2,0,12088,7568,725,725,240,71,93,0,0,0,0,0,56,0,11,0,0,2,2,0,0,0,0,0,0,2,0,0,0,0,2,1,0,0,0,0,1,0,0,0,0,0,0,164,54801,0,0,0,0,25,34,8,1,1,8,0,2,1,Jolteon
10-07,11:33:43,NINTEN,Machop,Cooltrainer F,1,Celadon City - Gym,3,31:25.74,31:25,0h31m25s,1,0,1,40,2:01,11.401,BODY SLAM,ROCK SLIDE,LOW KICK,DIG,4,5108,478,65,21,304,249,170,16,13519,Jolteon, ,Fighting,Fighting,57113,Machop2,Machop,,00:31:14.33,00:31:25.74,02:01:12.55,40,1,0,31,25,74,BODY SLAM,ROCK SLIDE,LOW KICK,DIG,14,10,20,14,0,0,0,3,126,126,91,66,53,53,58,8042,12130,9165,7669,7669,19081,15,15,15,15,0,0,0,0,0,0,0,102,74,53,53,58,438368,172966,227736,35495,2171,4,1,0,5108,3921,1187,0,478,86,65,21,2,0,12455,7769,725,725,243,71,93,0,0,0,0,0,58,0,11,0,0,2,2,0,0,0,0,0,0,2,0,0,0,0,2,1,0,0,0,0,1,0,0,0,0,0,0,167,56978,0,0,0,0,29,34,8,1,1,9,0,2,1,Jolteon
10-07,11:34:07,NINTEN,Machop,Erika,1,Celadon City - Gym,3,31:49.97,31:49,0h31m49s,1,0,1,40,2:02,14.956,BODY SLAM,ROCK SLIDE,LOW KICK,DIG,5,5111,479,66,21,312,255,173,16,14359,Jolteon, ,Fighting,Fighting,60118,Machop2,Machop,Erika,00:31:35.02,00:31:49.97,02:02:48.41,40,1,0,31,49,97,BODY SLAM,ROCK SLIDE,LOW KICK,DIG,8,10,20,14,0,0,0,3,90,126,91,66,53,53,58,8232,12340,9400,7939,7939,19236,15,15,15,15,0,0,0,0,0,0,0,102,74,53,53,58,444114,173754,232161,36028,2171,5,1,0,5111,3924,1187,0,479,87,66,21,2,0,12802,8025,761,761,249,71,96,0,0,0,0,0,59,0,11,0,0,2,3,0,0,0,0,0,0,2,0,0,0,0,2,1,0,0,0,0,2,0,0,0,0,0,0,170,59983,0,0,0,0,29,34,8,1,1,9,0,2,1,Jolteon
10-07,11:34:47,NINTEN,Machop,Rocket,39,Silph Co - 10F,1,32:30.21,32:30,0h32m30s,1,0,1,40,2:05,5.268,BODY SLAM,ROCK SLIDE,LOW KICK,DIG,5,5279,491,67,21,314,257,174,16,17527,Jolteon, ,Fighting,Fighting,61150,Machop2,Machop,,00:32:24.93,00:32:30.21,02:05:27.05,40,1,0,32,30,21,BODY SLAM,ROCK SLIDE,LOW KICK,DIG,13,10,20,16,0,0,0,3,126,126,91,66,53,53,58,8312,12440,9470,7989,7989,19281,15,15,15,15,0,-1,0,0,0,0,0,114,48,53,53,58,453618,180589,234022,36836,2171,5,1,0,5279,4092,1187,0,491,88,67,21,2,0,12911,8126,761,761,251,71,97,0,0,0,0,0,59,0,11,0,0,2,3,0,0,0,0,0,0,2,0,0,0,0,2,1,0,0,0,0,2,0,0,0,0,0,0,171,61015,0,0,0,0,29,34,8,1,1,9,0,2,1,Jolteon
10-07,11:35:14,NINTEN,Machop,Rocket,35,Silph Co - 8F,4,32:57.57,32:57,0h32m57s,1,0,1,41,2:07,17.183,BODY SLAM,ROCK SLIDE,LOW KICK,DIG,5,5343,504,68,21,320,262,177,18,18517,Jolteon, ,Fighting,Fighting,63363,Machop2,Machop,,00:32:40.38,00:32:57.57,02:07:15.06,41,1,0,32,57,57,BODY SLAM,ROCK SLIDE,LOW KICK,DIG,11,8,20,15,0,0,0,3,114,130,94,68,55,55,60,8512,12702,9670,8179,8179,19595,15,15,15,15,0,0,0,0,0,0,0,105,76,55,55,60,460099,182586,238506,36836,2171,5,1,0,5343,4156,1187,0,504,89,68,21,2,0,13339,8388,777,777,255,73,99,0,0,0,0,0,59,0,12,0,0,3,3,0,0,0,0,0,0,2,0,0,0,0,4,1,0,0,0,0,2,0,0,0,0,0,0,175,63228,0,0,0,0,32,34,8,1,1,9,0,2,1,Jolteon
10-07,11:35:32,NINTEN,Machop,Scientist,8,Silph Co - 7F,2,33:14.69,33:14,0h33m14s,1,0,1,41,2:08,8.996,BODY SLAM,ROCK SLIDE,LOW KICK,DIG,5,5390,504,69,21,324,264,180,18,19297,Jolteon, ,Fighting,Fighting,65269,Machop2,Machop,,00:33:05.70,00:33:14.69,02:08:22.37,41,1,0,33,14,69,BODY SLAM,ROCK SLIDE,LOW KICK,DIG,11,8,20,13,0,0,0,3,114,130,94,68,55,55,60,8677,12857,9815,8324,8324,19785,15,15,15,15,0,-2,0,0,0,0,0,118,38,55,55,60,464150,183717,241426,36836,2171,5,1,0,5390,4203,1187,0,504,90,69,21,2,0,13661,8570,777,777,257,75,100,0,0,0,0,0,59,0,12,0,0,3,3,0,0,0,0,0,0,2,0,0,0,0,4,1,0,0,0,0,2,0,0,0,0,0,0,177,65134,0,0,0,0,32,34,8,1,1,9,0,2,1,Jolteon
10-07,11:35:56,NINTEN,Machop,Rocket,32,Silph Co - 7F,4,33:38.92,33:38,0h33m38s,1,0,1,42,2:09,15.744,BODY SLAM,ROCK SLIDE,LOW KICK,DIG,5,5454,506,70,21,330,268,183,19,20747,Jolteon, ,Fighting,Fighting,68319,Machop2,Machop,,00:33:23.18,00:33:38.92,02:09:58.07,42,1,0,33,38,92,BODY SLAM,ROCK SLIDE,LOW KICK,DIG,10,7,20,11,0,0,0,3,106,133,96,70,56,56,61,8907,13168,10109,8574,8574,20087,15,15,15,15,0,0,0,0,0,0,0,108,78,56,56,61,469880,185312,245561,36836,2171,5,1,0,5454,4267,1187,0,506,91,70,21,2,0,14208,8848,788,788,261,77,101,0,0,0,0,0,60,0,12,0,0,3,3,0,0,0,0,0,0,2,0,0,0,0,4,1,0,0,0,0,2,0,0,0,0,0,0,181,68184,0,0,0,0,33,34,8,1,1,9,0,2,1,Jolteon
10-07,11:36:20,NINTEN,Machop,Scientist,7,Silph Co - 6F,5,34:03.41,34:03,0h34m3s,1,0,1,42,2:11,16.694,BODY SLAM,ROCK SLIDE,LOW KICK,DIG,5,5487,506,71,21,338,273,186,19,21527,Jolteon, ,Fighting,Fighting,71426,Machop2,Machop,,00:33:46.72,00:34:03.41,02:11:34.20,42,1,0,34,3,41,BODY SLAM,ROCK SLIDE,LOW KICK,DIG,8,7,20,8,0,0,0,3,106,133,96,70,56,56,61,9102,13423,10514,8964,8964,20372,15,15,15,15,0,0,0,0,0,0,0,108,78,56,56,61,475653,186350,250296,36836,2171,5,1,0,5487,4300,1187,0,506,92,71,21,2,0,14781,9140,788,788,266,80,101,0,0,0,0,0,60,0,12,0,0,3,3,0,0,0,0,0,0,2,0,0,0,0,4,1,0,0,0,0,2,0,0,0,0,0,0,186,71291,0,0,0,0,33,34,8,1,1,9,0,2,1,Jolteon
10-07,11:36:42,NINTEN,Machop,Scientist,6,Silph Co - 5F,4,34:25.42,34:25,0h34m25s,1,0,1,43,2:13,15.326,BODY SLAM,ROCK SLIDE,LOW KICK,DIG,5,5521,509,72,21,345,277,189,19,22777,Jolteon, ,Fighting,Fighting,74415,Machop2,Machop,,00:34:10.09,00:34:25.42,02:13:01.12,43,1,0,34,25,42,BODY SLAM,ROCK SLIDE,LOW KICK,DIG,7,7,20,5,0,0,0,3,109,136,99,71,58,58,63,9282,13673,10894,9324,9324,20582,15,15,15,15,0,0,0,0,0,0,0,111,79,58,58,63,480865,187517,254341,36836,2171,5,1,0,5521,4334,1187,0,509,93,72,21,2,0,15227,9392,788,788,270,83,101,0,0,0,0,0,60,0,12,0,0,3,3,0,0,0,0,0,0,2,0,0,0,0,4,1,0,0,0,0,2,0,0,0,0,0,0,190,74280,0,0,0,0,34,34,8,1,1,9,0,2,1,Jolteon
10-07,11:36:53,NINTEN,Machop,Rocket,28,Silph Co - 5F,1,34:35.91,34:35,0h34m35s,1,0,1,43,2:13,5.77,BODY SLAM,ROCK SLIDE,LOW KICK,DIG,5,5532,509,73,21,347,278,191,19,24077,Jolteon, ,Fighting,Fighting,75454,Machop2,Machop,,00:34:30.14,00:34:35.91,02:13:42.16,43,1,0,34,35,91,BODY SLAM,ROCK SLIDE,LOW KICK,DIG,7,7,20,4,0,0,0,3,109,136,99,71,58,58,63,9342,13758,10963,9389,9389,20662,15,15,15,15,0,-1,0,0,0,0,0,124,51,58,58,63,483329,187823,256499,36836,2171,5,1,0,5532,4345,1187,0,509,94,73,21,2,0,15399,9479,788,788,271,84,102,0,0,0,0,0,60,0,12,0,0,3,3,0,0,0,0,0,0,2,0,0,0,0,4,1,0,0,0,0,2,0,0,0,0,0,0,191,75319,0,0,0,0,34,34,8,1,1,9,0,2,1,Jolteon
10-07,11:37:13,NINTEN,Machop,Scientist,10,Silph Co - 9F,3,34:55.96,34:55,0h34m55s,1,0,1,44,2:15,12.437,BODY SLAM,ROCK SLIDE,LOW KICK,DIG,5,5566,517,74,21,352,281,194,20,25067,Jolteon, ,Fighting,Fighting,77722,Machop2,Machop,,00:34:43.53,00:34:55.96,02:15:01.01,44,1,0,34,55,96,BODY SLAM,ROCK SLIDE,LOW KICK,DIG,6,7,20,2,0,0,0,3,106,139,101,73,59,59,64,9472,13913,11203,9624,9624,20867,15,15,15,15,0,0,0,0,0,0,0,113,82,59,59,64,488054,189111,259936,36836,2171,5,1,0,5566,4379,1187,0,517,95,74,21,2,0,15812,9677,794,794,274,86,103,0,0,0,0,0,61,0,13,0,0,3,3,0,0,0,0,0,0,2,0,0,0,0,4,1,0,0,0,0,2,0,0,0,0,0,0,194,77587,0,0,0,0,35,34,8,1,1,9,0,2,1,Jolteon
10-07,11:37:45,NINTEN,Machop,Rocket,25,Silph Co - 3F,3,35:28.39,35:28,0h35m28s,1,0,1,44,2:17,10.896,BODY SLAM,ROCK SLIDE,LOW KICK,DIG,5,5637,532,75,21,356,285,197,18,26467,Jolteon, ,Fighting,Fighting,80104,Machop2,Machop,,00:35:17.49,00:35:28.39,02:17:08.35,44,1,0,35,28,39,BODY SLAM,ROCK SLIDE,LOW KICK,DIG,2,7,20,2,0,0,0,3,86,139,102,73,60,60,65,9667,16708,11393,12399,12399,23688,15,15,15,15,0,0,0,0,0,0,0,114,82,60,60,65,495708,191730,263318,38489,2171,5,1,0,5637,4450,1187,0,532,96,75,21,2,0,16109,9913,814,814,278,86,105,0,0,0,0,0,61,0,13,0,0,3,3,0,0,0,0,0,0,2,0,0,0,0,4,1,0,0,0,0,2,0,0,0,0,0,0,197,79969,0,0,0,0,36,34,8,1,1,9,0,2,1,Jolteon
10-07,11:38:01,NINTEN,Machop,Scientist,4,Silph Co - 3F,2,35:44.37,35:44,0h35m44s,1,0,1,44,2:18,8.832,BODY SLAM,ROCK SLIDE,LOW KICK,DIG,5,5662,539,76,21,360,287,200,19,27307,Jolteon, ,Fighting,Fighting,82109,Machop2,Machop,,00:35:35.55,00:35:44.37,02:18:11.35,44,1,0,35,44,37,BODY SLAM,ROCK SLIDE,LOW KICK,DIG,2,7,20,0,0,0,0,3,86,139,102,73,60,60,65,9792,16848,11583,12564,12564,23888,15,15,15,15,0,0,0,0,0,0,0,114,82,60,60,65,499488,193019,265809,38489,2171,5,1,0,5662,4475,1187,0,539,97,76,21,2,0,16390,10072,814,814,280,88,106,0,0,0,0,0,61,0,13,0,0,3,3,0,0,0,0,0,0,2,0,0,0,0,4,1,0,0,0,0,2,0,0,0,0,0,0,199,81974,0,0,0,0,37,34,8,1,1,9,0,2,1,Jolteon
10-07,11:38:17,NINTEN,Machop,Rocket,37,Silph Co - 9F,3,36:00.43,36:00,0h36m0s,1,0,1,45,2:19,11.472,BODY SLAM,ROCK SLIDE,LOW KICK,DIG,5,5674,543,77,21,364,291,201,19,28757,Jolteon, ,Fighting,Fighting,83789,Machop2,Machop,,00:35:48.96,00:36:00.43,02:19:14.48,45,1,0,36,0,43,BODY SLAM,ROCK SLIDE,LOW KICK,DIG,0,7,18,0,0,0,0,3,75,142,104,75,62,62,67,10002,17056,11728,12729,12729,23990,15,15,15,15,0,0,0,0,0,0,0,117,84,62,62,67,503281,193565,269056,38489,2171,5,1,0,5674,4487,1187,0,543,98,77,21,2,0,16659,10316,828,828,283,89,107,0,0,0,0,0,61,0,13,0,0,3,3,0,0,0,0,0,0,2,0,0,0,0,4,1,0,0,0,0,2,0,0,0,0,0,0,202,83654,0,0,0,0,37,34,8,1,1,9,0,2,1,Jolteon
10-07,11:38:40,NINTEN,Machop,Hypno Rocket,38,Silph Co - 9F,3,36:22.86,36:22,0h36m22s,1,0,1,45,2:20,11.353,BODY SLAM,ROCK SLIDE,LOW KICK,DIG,5,5711,552,78,21,368,295,202,20,29597,Jolteon, ,Fighting,Fighting,86417,Machop2,Machop,,00:36:11.52,00:36:22.86,02:20:43.13,45,1,0,36,22,86,BODY SLAM,ROCK SLIDE,LOW KICK,DIG,12,9,20,16,0,0,0,3,99,142,104,75,62,62,67,10222,17257,11913,13009,13009,24189,15,15,15,15,0,0,0,0,0,0,0,117,84,62,62,67,508586,195311,272615,38489,2171,5,1,0,5711,4524,1187,0,552,99,78,21,2,0,17059,10566,871,871,287,89,108,0,0,0,0,0,61,0,13,0,0,3,3,0,0,0,0,0,0,2,0,0,0,0,4,1,0,0,0,0,2,0,0,0,0,0,0,205,86282,0,0,0,0,38,34,8,1,1,9,0,2,1,Jolteon
10-07,11:39:07,NINTEN,Machop,Blackbelt,5,Saffron City - Fighting Dojo,3,36:50.29,36:50,0h36m50s,1,0,1,45,2:22,11.523,BODY SLAM,ROCK SLIDE,LOW KICK,DIG,5,5781,554,79,21,372,298,204,20,30437,Jolteon, ,Fighting,Fighting,88478,Machop2,Machop,,00:36:38.77,00:36:50.29,02:22:31.20,45,1,0,36,50,29,BODY SLAM,ROCK SLIDE,LOW KICK,DIG,13,10,20,15,0,0,0,3,127,142,104,75,62,62,67,10397,17522,12058,13139,13139,24389,15,15,15,15,0,0,0,0,0,0,0,117,84,62,62,67,515073,198245,275862,38795,2171,5,1,0,5781,4594,1187,0,554,100,79,21,2,0,17361,10811,886,886,290,90,109,0,0,0,0,0,61,0,13,0,0,3,3,0,0,0,0,0,0,2,0,0,0,0,4,1,0,0,0,0,2,0,0,0,0,0,0,208,88343,0,0,0,0,38,34,8,1,1,9,0,2,1,Jolteon
10-07,11:39:24,NINTEN,Machop,Blackbelt,3,Saffron City - Fighting Dojo,2,37:07.13,37:07,0h37m7s,1,0,1,46,2:23,14.036,BODY SLAM,ROCK SLIDE,LOW KICK,DIG,5,5782,554,80,21,376,301,205,20,31212,Jolteon, ,Fighting,Fighting,90081,Machop2,Machop,,00:36:53.10,00:37:07.13,02:23:37.57,46,1,0,37,7,13,BODY SLAM,ROCK SLIDE,LOW KICK,DIG,11,10,20,14,0,0,0,3,130,145,107,77,63,63,68,10547,17702,12178,13224,13224,24469,15,15,15,15,0,-1,0,0,0,0,0,120,56,63,63,68,519070,198401,279703,38795,2171,5,1,0,5782,4595,1187,0,554,101,80,21,2,0,17694,11000,886,886,293,90,110,0,0,0,0,0,62,0,13,0,0,3,3,0,0,0,0,0,0,2,0,0,0,0,4,1,0,0,0,0,2,0,0,0,0,0,0,210,89946,0,0,0,0,38,34,8,1,1,9,0,2,1,Jolteon
10-07,11:39:37,NINTEN,Machop,Blackbelt,4,Saffron City - Fighting Dojo,1,37:19.73,37:19,0h37m19s,1,0,1,46,2:24,7.942,BODY SLAM,ROCK SLIDE,LOW KICK,DIG,5,5783,554,81,21,378,303,206,20,32012,Jolteon, ,Fighting,Fighting,91230,Machop2,Machop,,00:37:11.78,00:37:19.73,02:24:27.36,46,1,0,37,19,73,BODY SLAM,ROCK SLIDE,LOW KICK,DIG,9,10,20,14,0,0,0,3,106,145,107,77,63,63,68,10612,17807,12238,13284,13284,24564,15,15,15,15,0,0,0,0,0,0,0,120,86,63,63,68,522049,198612,282471,38795,2171,5,1,0,5783,4596,1187,0,554,102,81,21,2,0,17840,11098,910,910,295,90,111,0,0,0,0,0,62,0,13,0,0,3,4,0,0,0,0,0,0,2,0,0,0,0,4,1,0,0,0,0,2,0,0,0,0,0,0,211,91095,0,0,0,0,38,34,8,1,1,9,0,2,1,Jolteon
10-07,11:39:50,NINTEN,Machop,Blackbelt,2,Saffron City - Fighting Dojo,3,37:33.39,37:33,0h37m33s,1,0,1,46,2:25,10.754,BODY SLAM,ROCK SLIDE,LOW KICK,DIG,5,5784,554,82,21,382,307,208,20,32912,Jolteon, ,Fighting,Fighting,93198,Machop2,Machop,,00:37:22.64,00:37:33.39,02:25:21.26,46,1,0,37,33,39,BODY SLAM,ROCK SLIDE,LOW KICK,DIG,5,10,20,14,0,0,0,3,78,145,107,77,63,63,68,10757,18072,12368,13414,13414,24799,15,15,15,15,0,0,0,0,0,0,0,120,86,63,63,68,525279,198770,285543,38795,2171,5,1,0,5784,4597,1187,0,554,103,82,21,2,0,18245,11324,938,938,299,90,113,0,0,0,0,0,62,0,14,0,0,3,4,0,0,0,0,0,0,2,0,0,0,0,4,1,0,0,0,0,2,0,0,0,0,0,0,214,93063,0,0,0,0,38,34,8,1,1,9,0,2,1,Jolteon
10-07,11:40:08,NINTEN,Machop,Blackbelt,1,Saffron City - Fighting Dojo,2,37:50.67,37:50,0h37m50s,1,0,1,46,2:26,13.919,BODY SLAM,ROCK SLIDE,LOW KICK,DIG,5,5785,554,83,21,388,311,213,20,33687,Jolteon, ,Fighting,Fighting,95409,Machop2,Machop,,00:37:36.75,00:37:50.67,02:26:29.44,46,1,0,37,50,67,BODY SLAM,ROCK SLIDE,LOW KICK,DIG,3,10,20,12,0,0,0,3,10,145,107,77,63,63,68,10857,18297,12500,13484,13484,24962,15,15,15,15,0,0,0,0,0,0,0,120,86,63,63,68,529377,199060,289351,38795,2171,5,1,0,5785,4598,1187,0,554,104,83,21,2,0,18536,11502,1006,1006,303,92,115,0,0,0,0,0,62,0,14,0,0,3,4,0,0,0,0,0,0,2,0,0,0,0,4,1,0,0,0,0,2,0,0,0,0,0,0,216,95274,0,0,0,0,38,34,8,1,1,9,0,2,1,Jolteon
10-07,11:40:41,NINTEN,Machop,Juggler,3,Fuchsia City - Gym,4,38:24.57,38:24,0h38m24s,1,0,1,47,2:28,14.664,BODY SLAM,ROCK SLIDE,LOW KICK,DIG,5,5834,557,84,21,392,315,214,20,34612,Jolteon, ,Fighting,Fighting,98400,Machop2,Machop,,00:38:09.91,00:38:24.57,02:28:42.57,47,1,0,38,24,57,BODY SLAM,ROCK SLIDE,LOW KICK,DIG,11,10,20,16,0,0,0,3,16,149,110,79,65,65,70,11077,18476,12665,13874,13874,25193,15,15,15,15,0,0,0,0,0,0,0,123,88,65,65,70,537370,202248,293336,39615,2171,5,1,0,5834,4647,1187,0,557,105,84,21,2,0,18994,11821,1139,1139,307,92,116,0,0,0,0,0,62,0,15,0,0,3,4,0,0,0,0,0,0,2,0,0,0,0,4,1,0,0,0,0,2,0,0,0,0,0,0,220,98265,0,0,0,0,38,34,8,1,1,9,0,2,1,Jolteon
10-07,11:41:06,NINTEN,Machop,Tamer,2,Fuchsia City - Gym,3,38:48.67,38:48,0h38m48s,1,0,1,47,2:30,13.746,BODY SLAM,ROCK SLIDE,LOW KICK,DIG,5,5841,560,85,21,399,319,218,19,35697,Jolteon, ,Fighting,Fighting,101630,Machop2,Machop,,00:38:34.92,00:38:48.67,02:30:18.02,47,1,0,38,48,67,BODY SLAM,ROCK SLIDE,LOW KICK,DIG,10,10,20,13,0,0,0,3,145,149,110,79,65,65,70,11272,18746,12913,14059,14059,25418,15,15,15,15,0,0,0,0,0,0,0,123,88,65,65,70,543075,202733,297473,40698,2171,5,1,0,5841,4654,1187,0,560,106,85,21,2,0,19411,12092,1143,1143,311,95,117,0,0,0,0,0,62,0,15,0,0,3,4,0,0,0,0,0,0,2,0,0,0,0,4,1,0,0,0,0,2,0,0,0,0,0,0,223,101495,0,0,0,0,38,34,8,1,1,9,0,2,1,Jolteon
10-07,11:41:23,NINTEN,Machop,Juggler,4,Fuchsia City - Gym,2,39:06.16,39:06,0h39m6s,1,0,1,48,2:31,8.974,BODY SLAM,ROCK SLIDE,LOW KICK,DIG,6,5860,563,86,21,402,322,219,19,37017,Jolteon, ,Fighting,Fighting,103573,Machop2,Machop,,00:38:57.19,00:39:06.16,02:31:27.12,48,1,0,39,6,16,BODY SLAM,ROCK SLIDE,LOW KICK,DIG,7,10,20,13,0,0,0,3,148,152,112,80,67,67,72,11417,18867,13028,14264,14264,25527,15,15,15,15,0,0,0,0,0,0,0,126,90,67,67,72,547225,203729,300077,41248,2171,6,1,0,5860,4673,1187,0,563,107,86,21,2,0,19639,12289,1143,1143,314,95,117,0,0,0,0,0,62,0,15,0,0,3,4,0,0,0,0,0,0,2,0,0,0,0,4,1,0,0,0,0,2,0,0,0,0,0,0,225,103438,0,0,0,0,38,34,8,1,1,9,0,2,1,Jolteon
10-07,11:42:12,NINTEN,Machop,Koga,1,Fuchsia City - Gym,4,39:54.62,39:54,0h39m54s,1,0,1,55,2:34,16.364,BODY SLAM,ROCK SLIDE,LOW KICK,DIG,7,5865,564,87,21,407,327,220,17,38207,Jolteon, ,Fighting,Fighting,163327,Machop2,Machop,Koga,00:39:38.25,00:39:54.62,02:34:37.23,55,1,0,39,54,62,BODY SLAM,ROCK SLIDE,LOW KICK,DIG,7,5,20,13,0,0,0,3,77,172,128,91,76,76,82,11667,19097,13238,14474,14474,25752,15,15,15,15,0,0,0,0,0,0,0,144,102,76,76,82,558636,204301,304850,47314,2171,7,1,0,5865,4678,1187,0,564,108,87,21,2,0,20390,12781,1238,1238,319,95,118,0,0,0,0,0,62,0,15,0,0,3,4,0,0,0,0,0,0,2,0,0,0,0,4,1,0,0,0,0,2,0,0,0,0,0,0,229,107130,0,0,0,0,38,34,8,1,1,9,0,2,1,Jolteon
10-07,11:43:02,NINTEN,Machop,Fisher,7,Route 21,4,40:44.67,40:44,0h40m44s,1,0,1,55,2:37,10.869,BODY SLAM,ROCK SLIDE,LOW KICK,DIG,7,6013,586,88,21,411,331,220,18,43157,Jolteon, ,Fighting,Fighting,167053,Machop2,Machop,,00:40:33.80,00:40:44.67,02:37:54.41,55,1,0,40,44,67,BODY SLAM,ROCK SLIDE,LOW KICK,DIG,11,10,20,16,0,0,0,3,172,172,128,91,76,76,82,11952,19440,13493,14764,14764,26019,15,15,15,15,0,0,0,0,0,0,0,144,102,76,76,92,570474,209786,307988,50529,2171,7,1,0,6013,4797,1187,29,586,109,88,21,2,0,20895,13109,1238,1238,323,95,118,0,0,0,0,0,62,0,15,0,0,3,4,0,0,0,0,0,0,2,0,0,0,0,4,1,0,0,0,0,2,0,0,0,0,0,0,233,110856,0,0,0,0,39,34,8,1,1,10,0,2,1,Jolteon
10-07,11:43:15,NINTEN,Machop,Cue Ball,9,Route 21,3,40:57.93,40:57,0h40m57s,1,0,1,56,2:38,9.241,BODY SLAM,ROCK SLIDE,LOW KICK,DIG,7,6029,586,89,21,414,334,220,18,44137,Jolteon, ,Fighting,Fighting,169807,Machop2,Machop,,00:40:48.69,00:40:57.93,02:38:46.54,56,1,0,40,57,93,BODY SLAM,ROCK SLIDE,LOW KICK,DIG,8,10,20,16,0,0,0,3,176,176,131,94,77,77,83,12112,19590,13628,15084,15084,26259,15,15,15,15,0,0,0,0,0,0,0,147,105,77,77,93,573607,210239,310668,50529,2171,7,1,0,6029,4797,1187,45,586,110,89,21,2,0,21349,13344,1238,1238,326,95,118,0,0,0,0,0,62,0,15,0,0,3,4,0,0,0,0,0,0,2,0,0,0,0,4,1,0,0,0,0,2,0,0,0,0,0,0,236,113610,0,0,0,0,39,34,8,1,1,10,0,2,1,Jolteon
10-07,11:43:28,NINTEN,Machop,Swimmer,12,Route 21,2,41:11.20,41:11,0h41m11s,1,0,1,56,2:39,7.705,BODY SLAM,ROCK SLIDE,LOW KICK,DIG,7,6038,587,90,21,417,337,221,18,44912,Jolteon, ,Fighting,Fighting,172351,Machop2,Machop,,00:41:03.49,00:41:11.20,02:39:39.11,56,1,0,41,11,20,BODY SLAM,ROCK SLIDE,LOW KICK,DIG,5,10,20,16,0,0,0,3,146,176,131,94,77,77,83,12247,19725,13788,15299,15299,26444,15,15,15,15,0,0,0,0,0,0,0,147,105,77,77,93,576744,210672,313372,50529,2171,7,1,0,6038,4797,1187,54,587,111,90,21,2,0,21618,13529,1268,1268,329,95,119,0,0,0,0,0,62,0,16,0,0,3,4,0,0,0,0,0,0,2,0,0,0,0,4,1,0,0,0,0,2,0,0,0,0,0,0,238,116154,0,0,0,0,39,34,8,1,1,10,0,2,1,Jolteon
10-07,11:43:41,NINTEN,Machop,Swimmer,14,Route 21,2,41:23.75,41:23,0h41m23s,1,0,1,56,2:40,6.248,BODY SLAM,ROCK SLIDE,LOW KICK,DIG,7,6085,588,91,21,419,339,221,18,45077,Jolteon, ,Fighting,Fighting,174110,Machop2,Machop,,00:41:17.50,00:41:23.75,02:40:28.41,56,1,0,41,23,75,BODY SLAM,ROCK SLIDE,LOW KICK,DIG,3,10,20,16,0,0,0,3,146,176,131,94,77,77,83,12336,19833,13923,15434,15434,26587,15,15,15,15,0,0,0,0,0,0,0,147,105,77,77,93,579714,211683,315331,50529,2171,7,1,0,6085,4797,1187,101,588,112,91,21,2,0,21836,13684,1268,1268,331,95,119,0,0,0,0,0,62,0,16,0,0,3,4,0,0,0,0,0,0,2,0,0,0,0,4,1,0,0,0,0,2,0,0,0,0,0,0,240,117913,0,0,0,0,39,34,8,1,1,10,0,2,1,Jolteon
10-07,11:44:12,NINTEN,Machop,Scientist,12,Cinnabar Mansion,3,41:55.52,41:55,0h41m55s,1,0,1,56,2:42,11.535,BODY SLAM,ROCK SLIDE,LOW KICK,DIG,7,6228,597,92,21,425,342,224,18,45242,Jolteon, ,Fighting,Fighting,176603,Machop2,Machop,,00:41:43.99,00:41:55.52,02:42:33.56,56,1,0,41,55,52,BODY SLAM,ROCK SLIDE,LOW KICK,DIG,3,10,20,13,0,0,0,3,146,176,131,94,79,79,83,12451,19958,14138,18264,18264,26802,15,15,15,15,0,0,0,0,0,0,0,147,105,79,79,93,587229,215069,318481,51508,2171,7,1,0,6228,4916,1187,125,597,113,92,21,2,0,22520,13903,1268,1268,334,98,119,0,0,0,0,0,62,0,16,0,0,3,4,0,0,0,0,0,0,2,0,0,0,0,4,1,0,0,0,0,2,0,0,0,0,0,0,243,120406,0,0,0,0,40,34,8,1,1,10,0,2,1,Jolteon
10-07,11:44:23,NINTEN,Machop,Scientist,4,Cinnabar Mansion,2,42:06.57,42:06,0h42m6s,1,0,1,56,2:43,6.749,BODY SLAM,ROCK SLIDE,LOW KICK,DIG,7,6235,597,93,21,427,343,225,18,46892,Jolteon, ,Fighting,Fighting,178608,Machop2,Machop,,00:41:59.82,00:42:06.57,02:43:17.16,56,1,0,42,6,57,BODY SLAM,ROCK SLIDE,LOW KICK,DIG,3,10,20,12,0,0,0,3,146,176,131,94,79,79,83,12576,20098,14328,18429,18429,27002,15,15,15,15,0,0,0,0,0,0,0,147,105,79,79,93,589829,215565,320585,51508,2171,7,1,0,6235,4923,1187,125,597,114,93,21,2,0,22683,13984,1268,1268,335,99,119,0,0,0,0,0,62,0,16,0,0,3,4,0,0,0,0,0,0,2,0,0,0,0,4,1,0,0,0,0,2,0,0,0,0,0,0,245,122411,0,0,0,0,40,34,8,1,1,10,0,2,1,Jolteon
10-07,11:45:20,NINTEN,Machop,Burglar,4,Cinnabar Island - Gym,3,43:03.10,43:03,0h43m3s,1,0,1,57,2:47,13.381,BODY SLAM,ROCK SLIDE,LOW KICK,DIG,7,6435,612,94,22,432,347,228,20,48342,Jolteon, ,Fighting,Fighting,181168,Machop2,Machop,,00:42:49.71,00:43:03.10,02:47:00.10,57,1,0,43,3,10,BODY SLAM,ROCK SLIDE,LOW KICK,DIG,12,10,20,15,0,0,0,3,169,179,133,96,81,81,85,12742,20285,14488,18644,18644,27227,15,15,15,15,0,0,0,0,0,0,0,149,108,81,81,95,603203,223108,324919,53005,2171,7,1,0,6435,5123,1187,125,612,116,94,22,3,0,23301,14258,1278,1278,338,100,121,0,0,0,0,0,63,0,16,0,0,3,4,0,0,0,0,0,0,2,0,0,0,0,4,1,0,0,0,0,2,0,0,0,0,0,0,248,124971,0,0,0,0,44,34,8,1,1,10,0,2,1,Jolteon
10-07,11:45:35,NINTEN,Machop,Super Nerd,9,Cinnabar Island - Gym,3,43:18.13,43:18,0h43m18s,1,0,1,57,2:47,10.058,BODY SLAM,ROCK SLIDE,LOW KICK,DIG,7,6443,613,95,22,436,350,229,20,51582,Jolteon, ,Fighting,Fighting,183512,Machop2,Machop,,00:43:08.07,00:43:18.13,02:47:59.18,57,1,0,43,18,13,BODY SLAM,ROCK SLIDE,LOW KICK,DIG,10,10,20,14,0,0,0,3,169,179,133,96,81,81,85,12891,20443,14643,18874,18874,27457,15,15,15,15,0,0,0,0,0,0,0,149,108,81,81,95,606751,223394,328181,53005,2171,7,1,0,6443,5131,1187,125,613,117,95,22,3,0,23801,14520,1278,1278,341,101,121,0,0,0,0,0,63,0,16,0,0,3,4,0,0,0,0,0,0,2,0,0,0,0,4,1,0,0,0,0,2,0,0,0,0,0,0,251,127315,0,0,0,0,44,34,8,1,1,10,0,2,1,Jolteon
10-07,11:45:53,NINTEN,Machop,Super Nerd,10,Cinnabar Island - Gym,4,43:36.44,43:36,0h43m36s,1,0,1,57,2:49,12.247,BODY SLAM,ROCK SLIDE,LOW KICK,DIG,7,6459,615,96,22,441,355,230,20,52482,Jolteon, ,Fighting,Fighting,186213,Machop2,Machop,,00:43:24.20,00:43:36.44,02:49:11.27,57,1,0,43,36,44,BODY SLAM,ROCK SLIDE,LOW KICK,DIG,5,10,20,14,0,0,0,3,158,179,133,96,81,81,85,13073,20691,14826,19104,19104,27737,15,15,15,15,0,0,0,0,0,0,0,149,108,81,81,95,611080,224321,331583,53005,2171,7,1,0,6459,5147,1187,125,615,118,96,22,3,0,24363,14839,1289,1289,345,102,122,0,0,0,0,0,63,0,16,0,0,3,4,0,0,0,0,0,0,2,0,0,0,0,4,1,0,0,0,0,2,0,0,0,0,0,0,255,130016,0,0,0,0,44,34,8,1,1,10,0,2,1,Jolteon
10-07,11:46:04,NINTEN,Machop,Burglar,5,Cinnabar Island - Gym,1,43:46.95,43:46,0h43m46s,1,0,1,57,2:49,5.603,BODY SLAM,ROCK SLIDE,LOW KICK,DIG,7,6469,617,97,22,443,357,231,20,53332,Jolteon, ,Fighting,Fighting,187548,Machop2,Machop,,00:43:41.34,00:43:46.95,02:49:52.48,57,1,0,43,46,95,BODY SLAM,ROCK SLIDE,LOW KICK,DIG,3,10,20,14,0,0,0,3,158,179,133,96,81,81,85,13123,20776,14881,19169,19169,27827,15,15,15,15,-1,0,0,0,0,0,0,97,121,81,81,106,613561,224967,333418,53005,2171,7,1,0,6469,5157,1187,125,617,119,97,22,3,0,24530,14937,1289,1289,347,102,123,0,0,0,0,0,63,0,16,0,0,3,4,0,0,0,0,0,0,2,0,0,0,0,4,1,0,0,0,0,2,0,0,0,0,0,0,256,131351,0,0,0,0,44,34,8,1,1,10,0,2,1,Jolteon
10-07,11:46:16,NINTEN,Machop,Super Nerd,11,Cinnabar Island - Gym,1,43:58.61,43:58,0h43m58s,1,0,1,57,2:50,6.128,BODY SLAM,ROCK SLIDE,LOW KICK,DIG,7,6483,625,98,22,445,358,233,20,57022,Jolteon, ,Fighting,Fighting,189234,Machop2,Machop,,00:43:52.48,00:43:58.61,02:50:38.46,57,1,0,43,58,61,BODY SLAM,ROCK SLIDE,LOW KICK,DIG,3,10,20,13,0,0,0,3,118,179,133,96,81,81,85,13188,20876,14951,19249,19249,27932,15,15,15,15,0,0,0,0,0,0,0,149,108,81,81,95,616319,225764,335379,53005,2171,7,1,0,6483,5171,1187,125,625,120,98,22,3,0,24726,15047,1329,1329,348,103,124,0,0,0,0,0,63,0,17,0,0,3,4,0,0,0,0,0,0,2,0,0,0,0,4,1,0,0,0,0,2,0,0,0,0,0,0,257,133037,0,0,0,0,44,34,8,1,1,10,0,2,1,Jolteon
10-07,11:46:32,NINTEN,Machop,Burglar,6,Cinnabar Island - Gym,2,44:14.84,44:14,0h44m14s,1,0,1,58,2:51,9.998,BODY SLAM,ROCK SLIDE,LOW KICK,DIG,7,6503,631,99,22,448,361,235,20,58047,Jolteon, ,Fighting,Fighting,190454,Machop2,Machop,,00:44:04.84,00:44:14.84,02:51:42.48,58,1,0,44,14,84,BODY SLAM,ROCK SLIDE,LOW KICK,DIG,3,7,20,13,0,0,0,3,86,183,136,97,82,82,87,13281,20987,15036,19364,19364,28057,15,15,15,15,0,0,0,0,0,0,0,153,109,82,82,97,620161,226739,338246,53005,2171,7,1,0,6503,5191,1187,125,631,121,99,22,3,0,25216,15221,1365,1365,350,104,126,0,0,0,0,0,63,0,17,0,0,3,4,0,0,0,0,0,0,2,0,0,0,0,4,1,0,0,0,0,2,0,0,0,0,0,0,259,134257,0,0,0,0,44,34,8,1,1,10,0,2,1,Jolteon
10-07,11:48:21,NINTEN,Machop,Blaine,1,Cinnabar Island - Gym,3,46:04.08,46:04,0h46m4s,5,0,5,58,2:54,17.92,BODY SLAM,ROCK SLIDE,LOW KICK,DIG,8,6522,647,100,22,455,365,241,18,61377,Jolteon, ,Fighting,Fighting,196804,Machop2,Machop,Blaine,00:45:46.17,00:46:04.08,02:54:12.05,58,5,0,46,4,8,BODY SLAM,ROCK SLIDE,LOW KICK,DIG,2,7,20,10,0,0,0,3,6,183,136,97,82,82,87,13509,21273,15261,19624,19624,28357,15,15,15,15,0,-1,0,0,0,0,0,172,72,82,82,109,629123,228070,343380,55345,2328,8,2,0,6522,5210,1187,125,647,122,100,22,3,0,25882,15676,1542,1542,354,106,130,0,0,0,0,0,64,0,18,0,0,3,5,0,0,0,0,0,0,2,0,0,0,0,4,1,0,0,0,0,4,0,0,0,0,0,0,262,140607,0,0,0,0,44,34,8,1,1,10,0,2,5,Jolteon
10-07,11:49:17,NINTEN,Machop,Rival5-Silph,5,Silph Co - 7F,5,47:00.23,47:00,0h47m0s,5,0,5,59,2:57,24.445,BODY SLAM,ROCK SLIDE,LOW KICK,DIG,9,6638,656,101,22,467,373,248,19,66723,Jolteon, ,Fighting,Fighting,203848,Machop2,Machop,Rival (Silph Co.),00:46:35.78,00:47:00.23,02:57:53.18,59,5,0,47,0,23,BODY SLAM,ROCK SLIDE,LOW KICK,DIG,14,10,17,12,0,0,0,3,116,186,138,99,84,84,88,13812,21644,15716,20094,20094,28827,15,15,15,15,0,0,0,0,0,0,0,155,111,94,94,99,642396,233666,349659,56743,2328,9,2,0,6638,5326,1187,125,656,123,101,22,3,0,26971,16163,1612,1612,361,110,133,0,0,0,0,0,65,0,20,0,0,3,5,0,0,0,0,0,0,2,0,0,0,0,4,1,0,0,0,0,4,0,0,0,0,0,0,267,147651,0,0,0,0,44,34,8,1,1,10,0,2,5,Jolteon
10-07,11:49:40,NINTEN,Machop,Rocket,45,Silph Co - 11F,3,47:23.21,47:23,0h47m23s,5,0,5,59,2:59,12.468,BODY SLAM,ROCK SLIDE,LOW KICK,DIG,9,6646,669,102,22,473,377,251,19,69323,Jolteon, ,Fighting,Fighting,206430,Machop2,Machop,,00:47:10.74,00:47:23.21,02:59:23.56,59,5,0,47,23,21,BODY SLAM,ROCK SLIDE,LOW KICK,DIG,14,10,15,10,0,0,0,3,98,186,138,99,84,84,88,13977,21864,15940,20284,20284,29057,15,15,15,15,0,0,0,0,0,0,0,155,111,94,94,99,647834,235233,353530,56743,2328,9,2,0,6646,5334,1187,125,669,124,102,22,3,0,27764,16402,1630,1630,364,112,134,0,0,0,0,0,65,0,21,0,0,3,5,0,0,0,0,0,0,2,0,0,0,0,4,1,0,0,0,0,4,0,0,0,0,0,0,270,150233,0,0,0,0,44,34,8,1,1,10,0,2,5,Jolteon
10-07,11:50:04,NINTEN,Machop,Giovanni-Silph,2,Silph Co - 11F,4,47:47.04,47:47,0h47m47s,5,0,5,60,3:00,16.743,BODY SLAM,ROCK SLIDE,LOW KICK,DIG,9,6661,670,103,22,481,381,254,19,70253,Jolteon, ,Fighting,Fighting,211247,Machop2,Machop,Giovanni (Silph),00:47:30.30,00:47:47.04,03:00:58.08,60,5,0,47,47,4,BODY SLAM,ROCK SLIDE,LOW KICK,DIG,14,10,15,6,0,0,0,3,102,190,141,102,86,86,90,14273,22173,16239,20509,20509,29338,15,15,15,15,0,0,0,0,0,0,0,158,114,96,96,101,653486,236417,357998,56743,2328,9,2,0,6661,5349,1187,125,670,125,103,22,3,0,28521,16839,1630,1630,368,115,134,0,0,0,0,0,65,0,21,0,0,3,5,0,0,0,0,0,0,2,0,0,0,0,4,1,0,0,0,0,4,0,0,0,0,0,0,274,155050,0,0,0,0,44,34,8,1,1,10,0,2,5,Jolteon
10-07,11:51:03,NINTEN,Machop,Sabrina,1,Saffron City - Gym,3,48:46.32,48:46,0h48m46s,5,0,5,63,3:04,13.687,BODY SLAM,ROCK SLIDE,LOW KICK,DIG,10,6793,673,104,22,486,386,257,18,74312,Jolteon, ,Fighting,Fighting,251006,Machop2,Machop,Sabrina,00:48:32.64,00:48:46.32,03:04:50.47,63,5,0,48,46,32,BODY SLAM,ROCK SLIDE,LOW KICK,DIG,10,10,20,16,0,0,0,3,199,199,148,107,90,90,95,14393,22278,16329,20869,20869,29653,15,15,15,15,0,0,0,0,0,0,0,166,120,101,101,106,667445,242613,362136,60368,2328,10,2,0,6793,5481,1187,125,673,126,104,22,3,0,29176,17285,1630,1630,373,116,134,0,0,0,0,0,65,0,21,0,0,3,5,0,0,0,0,0,0,2,0,0,0,0,4,1,0,0,0,0,4,0,0,0,0,0,0,277,159375,0,0,0,0,44,34,8,1,1,10,0,2,5,Jolteon
10-07,11:52:11,NINTEN,Machop,Cooltrainer M,10,Viridian City - Gym,1,49:54.31,49:54,0h49m54s,5,0,5,63,3:09,5.013,BODY SLAM,ROCK SLIDE,LOW KICK,DIG,10,7213,703,105,22,487,387,257,20,79262,Jolteon, ,Fighting,Fighting,252249,Machop2,Machop,,00:49:49.30,00:49:54.31,03:09:18.54,63,5,0,49,54,31,BODY SLAM,ROCK SLIDE,LOW KICK,DIG,15,10,19,16,0,0,0,3,199,199,148,107,90,90,95,14473,22363,16424,20899,20899,29678,15,15,15,15,0,0,0,0,0,0,0,166,120,101,101,106,683532,253676,364010,63518,2328,10,2,0,7213,5726,1332,155,703,127,105,22,3,0,29318,17413,1630,1630,374,116,134,0,0,0,0,0,65,0,21,0,0,3,5,0,0,0,0,0,0,2,0,0,0,0,4,1,0,0,0,0,4,0,0,0,0,0,0,278,160618,0,0,0,0,45,34,8,1,1,10,0,2,5,Jolteon
10-07,11:52:27,NINTEN,Machop,Blackbelt,8,Viridian City - Gym,3,50:09.94,50:09,0h50m9s,5,0,5,63,3:10,11.725,BODY SLAM,ROCK SLIDE,LOW KICK,DIG,10,7221,703,106,22,492,390,259,20,80767,Jolteon, ,Fighting,Fighting,255340,Machop2,Machop,,00:49:58.21,00:50:09.94,03:10:20.36,63,5,0,50,9,94,BODY SLAM,ROCK SLIDE,LOW KICK,DIG,14,10,19,14,0,0,0,3,199,199,148,107,90,90,95,14703,22643,16614,21034,21034,29803,15,15,15,15,0,0,0,0,0,0,0,166,120,101,101,106,687234,254087,367301,63518,2328,10,2,0,7221,5734,1332,155,703,128,106,22,3,0,29729,17748,1630,1630,377,117,134,0,0,0,0,0,65,0,21,0,0,3,5,0,0,0,0,0,0,2,0,0,0,0,4,1,0,0,0,0,4,0,0,0,0,0,0,281,163709,0,0,0,0,45,34,8,1,1,10,0,2,5,Jolteon
10-07,11:52:47,NINTEN,Machop,Cooltrainer M,1,Viridian City - Gym,2,50:29.99,50:29,0h50m29s,5,0,5,63,3:11,9.056,BODY SLAM,ROCK SLIDE,LOW KICK,DIG,10,7287,726,107,22,496,392,260,20,81717,Jolteon, ,Fighting,Fighting,257954,Machop2,Machop,,00:50:20.94,00:50:29.99,03:11:39.46,63,5,0,50,29,99,BODY SLAM,ROCK SLIDE,LOW KICK,DIG,14,10,19,12,0,0,0,3,199,199,148,107,90,90,95,14845,22807,16748,21164,21164,29953,15,15,15,15,0,0,0,0,0,0,0,166,120,101,101,106,691984,256195,369943,63518,2328,10,2,0,7287,5800,1332,155,726,129,107,22,3,0,30283,17968,1630,1630,379,118,134,0,0,0,0,0,65,0,21,0,0,3,5,0,0,0,0,0,0,2,0,0,0,0,4,1,0,0,0,0,4,0,0,0,0,0,0,283,166323,0,0,0,0,45,34,8,1,1,10,0,2,5,Jolteon
10-07,11:53:55,NINTEN,Machop,Giovanni,3,Viridian City - Gym,5,51:38.41,51:38,0h51m38s,6,0,6,64,3:14,30.614,BODY SLAM,ROCK SLIDE,LOW KICK,DIG,11,7293,736,108,22,507,400,267,20,83082,Jolteon, ,Fighting,Fighting,268175,Machop2,Machop,Giovanni,00:51:07.79,00:51:38.41,03:14:08.53,64,6,0,51,38,41,BODY SLAM,ROCK SLIDE,LOW KICK,DIG,11,10,17,9,0,0,0,3,50,202,150,108,92,92,96,15221,23261,17142,21494,21494,30389,15,15,15,15,0,0,0,0,0,0,0,168,121,103,103,108,700937,256940,377729,63785,2483,11,3,0,7293,5806,1332,155,736,130,108,22,3,0,31232,18728,1782,1782,387,122,137,0,0,0,0,0,65,0,22,0,0,3,5,0,0,0,0,0,0,2,0,0,0,0,4,1,0,0,0,0,4,0,0,0,0,0,0,288,176544,0,0,0,0,45,34,8,1,1,10,0,2,6,Jolteon
10-07,11:54:55,NINTEN,Machop,Rival6-Route 22,8,Route 22,6,52:37.86,52:37,0h52m37s,6,0,6,65,3:18,28.559,BODY SLAM,ROCK SLIDE,LOW KICK,DIG,12,7431,748,109,23,520,409,275,20,88527,Jolteon, ,Fighting,Fighting,278309,Machop2,Machop,Rival (Final),00:52:09.30,00:52:37.86,03:18:03.54,65,6,0,52,37,86,BODY SLAM,ROCK SLIDE,LOW KICK,DIG,12,10,18,12,0,0,0,3,151,205,153,110,94,94,98,15584,23672,17677,22024,22024,30899,15,15,15,15,0,0,0,0,0,0,0,172,123,105,105,110,715038,261526,386374,64655,2483,12,3,0,7431,5944,1332,155,748,132,109,23,4,0,32438,19465,1836,1836,396,123,139,0,0,0,0,0,66,0,22,0,0,3,5,0,0,0,0,0,0,2,0,0,0,0,4,1,0,0,0,0,4,0,0,0,0,0,0,294,186678,0,0,0,0,45,34,8,1,1,10,0,2,6,Jolteon
10-07,11:56:04,NINTEN,Machop,Cooltrainer F,5,Victory Road,2,53:47.22,53:47,0h53m47s,6,0,6,65,3:22,10.801,BODY SLAM,ROCK SLIDE,LOW KICK,DIG,12,7750,803,110,23,524,411,279,20,91972,Jolteon, ,Fighting,Fighting,281381,Machop2,Machop,,00:53:36.41,00:53:47.22,03:22:38.50,65,6,0,53,47,22,BODY SLAM,ROCK SLIDE,LOW KICK,DIG,12,10,18,10,0,0,0,3,104,205,153,110,94,94,98,15722,23818,17812,22189,22189,31114,15,15,15,15,0,0,0,0,0,0,0,172,123,105,105,110,731534,273220,389746,66085,2483,12,3,0,7750,6103,1456,191,803,133,110,23,4,0,32810,19708,1883,1883,398,125,141,0,0,0,0,0,66,0,24,0,0,3,5,0,0,0,0,0,0,2,0,0,0,0,4,1,0,0,0,0,4,0,0,0,0,0,0,296,189750,0,0,0,0,46,34,8,1,1,10,0,2,6,Jolteon
10-07,11:57:09,NINTEN,Machop,Cooltrainer M,3,Victory Road,3,54:51.75,54:51,0h54m51s,6,0,6,66,3:26,16.246,BODY SLAM,ROCK SLIDE,LOW KICK,DIG,13,7960,865,111,23,532,416,283,18,93600,Jolteon, ,Fighting,Fighting,287101,Machop2,Machop,,00:54:35.50,00:54:51.75,03:26:54.31,66,6,0,54,51,75,BODY SLAM,ROCK SLIDE,LOW KICK,DIG,10,10,18,7,0,0,0,3,92,208,156,112,95,95,100,15936,24101,18092,22444,22444,31367,15,15,15,15,0,0,0,0,0,0,0,175,126,106,106,112,746875,280375,394144,69873,2483,13,3,0,7960,6103,1666,191,865,134,111,23,4,0,33456,20070,1898,1898,403,126,142,0,0,0,0,0,67,0,24,0,0,3,5,0,0,0,0,0,0,2,0,0,0,0,4,1,0,0,0,0,4,0,0,0,0,0,0,299,195470,0,0,0,0,46,34,8,1,1,10,0,2,6,Jolteon
10-07,11:59:36,NINTEN,Machop,Lorelei,1,Lorelei's Room,5,57:19.35,57:19,0h57m19s,8,0,8,66,3:31,30.13,BODY SLAM,ROCK SLIDE,LOW KICK,DIG,14,8117,899,112,23,544,427,290,19,80105,Jolteon, ,Fighting,Fighting,297610,Machop2,Machop,Lorelei,00:56:49.22,00:57:19.35,03:31:59.15,66,8,0,57,19,35,BODY SLAM,ROCK SLIDE,LOW KICK,DIG,12,9,14,15,0,0,0,3,91,208,156,112,95,95,100,16366,24476,18577,22894,22894,31692,15,15,15,15,0,0,0,0,0,0,0,175,126,106,106,112,765164,287240,402202,73083,2639,14,4,0,8117,6138,1788,191,899,135,112,23,4,0,34851,20991,2015,2015,414,128,144,0,0,0,0,0,68,0,24,0,0,3,5,0,0,0,0,0,0,2,0,0,0,0,4,1,0,0,0,0,4,0,0,1,0,0,0,304,205979,0,0,0,0,46,39,8,1,1,10,0,2,8,Jolteon
10-07,12:00:18,NINTEN,Machop,Bruno,1,Bruno's Room,5,58:01.02,58:01,0h58m1s,8,0,8,67,3:34,30.275,BODY SLAM,ROCK SLIDE,LOW KICK,DIG,15,8128,900,113,23,558,439,295,19,85649,Jolteon, ,Fighting,Fighting,305817,Machop2,Machop,Bruno,00:57:30.75,00:58:01.02,03:34:44.01,67,8,0,58,1,2,BODY SLAM,ROCK SLIDE,LOW KICK,DIG,6,9,10,13,0,0,0,3,136,212,158,114,97,97,101,16626,24921,19109,23089,23089,32050,15,15,15,15,0,0,0,0,0,0,0,177,128,109,109,113,775050,288181,409898,74332,2639,15,4,0,8128,6149,1788,191,900,136,113,23,4,0,35657,21650,2091,2091,425,131,147,0,0,0,0,0,68,0,24,0,0,3,5,0,0,0,0,0,0,2,0,0,0,0,4,1,0,0,0,0,4,0,0,1,0,0,0,309,214186,0,0,0,0,46,39,8,1,1,10,0,2,8,Jolteon
10-07,12:01:53,NINTEN,Machop,Agatha,1,Agatha's Room,5,59:35.86,59:35,0h59m35s,9,0,9,68,3:38,39.993,BODY SLAM,ROCK SLIDE,LOW KICK,DIG,16,8139,911,114,23,572,449,307,19,91391,Jolteon,Paralyzed,Fighting,Fighting,315903,Machop2,Machop,Agatha,00:58:55.86,00:59:35.86,03:38:19.42,68,9,0,59,35,86,BODY SLAM,ROCK SLIDE,LOW KICK,DIG,13,3,20,15,0,0,0,3,194,215,160,117,98,98,103,16926,25266,19413,23604,23604,32535,15,15,15,15,0,0,0,0,0,0,0,180,131,110,110,28,787996,289164,420296,75736,2800,16,5,0,8139,6160,1788,191,911,137,114,23,4,0,36654,22420,2112,2112,435,140,150,0,0,0,0,0,68,0,24,0,0,3,5,1,0,0,0,0,0,2,0,0,0,0,4,1,10,2,0,0,4,0,0,1,0,0,0,314,224272,0,0,0,0,46,39,8,1,1,10,0,2,9,Jolteon
10-07,12:05:17,NINTEN,Machop,Lance,1,Lance's Room,5,1:03:00.52,1:03:00,1h3m0s,17,0,17,70,3:42,32.739,BODY SLAM,ROCK SLIDE,LOW KICK,DIG,17,8193,911,115,23,588,459,320,17,97331,Jolteon,Paralyzed,Fighting,Fighting,356566,Machop2,Machop,Lance,01:02:27.78,01:03:00.52,03:42:39.46,70,17,1,3,0,52,BODY SLAM,ROCK SLIDE,LOW KICK,DIG,11,5,20,15,0,0,0,3,160,221,165,120,101,101,106,17314,25798,19782,24004,24004,32966,15,15,15,15,0,0,0,0,0,0,0,185,135,113,113,29,803605,291086,428906,80647,2966,17,6,0,8193,6214,1788,191,911,138,115,23,4,0,37770,23262,2152,2152,444,153,151,0,0,0,0,0,69,0,24,0,0,3,7,1,0,0,0,0,0,2,0,0,0,0,4,1,26,6,0,0,5,0,0,1,0,0,0,319,235878,0,0,0,0,46,39,8,1,1,10,0,2,17,Jolteon
10-07,12:06:29,NINTEN,Machop,Champion,1,Champions Room,6,1:04:12.10,1:04:12,1h4m12s,17,0,17,71,3:47,51.94,BODY SLAM,REST,LOW KICK,DIG,18,8201,911,116,23,615,475,344,16,103469,Jolteon,Paralyzed,Fighting,Fighting,371615,Machop2,Machop,Champion,01:03:20.16,01:04:12.10,03:47:23.10,71,17,1,4,12,10,BODY SLAM,REST,LOW KICK,DIG,4,10,17,14,0,0,0,3,28,225,168,122,103,103,107,17727,26279,20337,24614,24614,33506,15,15,15,15,0,0,0,0,0,0,0,189,137,115,115,29,820609,292807,441835,83001,2966,18,6,0,8201,6222,1788,191,911,139,116,23,4,0,39142,24385,2288,2288,459,172,156,0,0,0,0,0,70,0,25,0,0,3,10,1,0,0,0,0,0,2,0,0,0,0,4,1,53,14,0,0,8,1,0,1,0,0,0,325,250927,0,0,0,0,46,39,8,1,1,11,0,2,17,Jolteon
10-07,12:06:53,NINTEN,Machop,Champion,1,Hall of Fame,6,1:04:12.10,1:04:12,1h4m12s,17,0,17,71,3:48,75.919,BODY SLAM,REST,LOW KICK,DIG,18,8210,912,116,23,615,475,344,16,109904,Jolteon,Paralyzed,Fighting,Fighting,371615,Machop2,Machop,Champion,01:03:20.16,01:04:12.10,03:48:58.07,71,17,1,4,12,10,BODY SLAM,REST,LOW KICK,DIG,4,10,17,14,0,0,0,3,28,225,168,122,103,103,107,17727,26279,20337,24614,24614,33506,15,15,15,15,0,0,0,0,0,0,0,189,137,115,115,29,826306,297657,442682,83001,2966,18,6,0,8210,6231,1788,191,912,139,116,23,4,0,39142,24385,2288,2288,459,172,156,0,0,0,0,0,70,0,25,0,0,3,10,1,0,0,0,0,0,2,0,0,0,0,4,1,53,14,0,0,8,1,0,1,0,0,0,325,250927,0,0,0,0,46,39,8,1,1,11,0,2,17,Jolteon
10-07,12:13:52,NINTEN,Machop,Prof Oak,3,Pallet Town - Blue's House,5,1:04:12.10,1:04:12,1h4m12s,24,0,24,72,3:57,63.162,BODY SLAM,REST,LOW KICK,DIG,20,8247,939,117,23,642,494,363,16,109904,Jolteon, ,Fighting,Fighting,387044,Machop2,Machop,,01:04:12.10,01:04:12.10,03:57:58.33,72,24,1,4,12,10,BODY SLAM,REST,LOW KICK,DIG,0,7,19,16,0,0,0,3,11,228,170,124,105,105,110,18160,26793,20754,25074,25074,33947,15,15,15,15,0,-1,0,0,0,0,0,214,91,132,132,138,861448,315439,457925,83907,4177,20,9,0,8247,6268,1788,191,939,140,117,23,4,0,40410,25417,2954,2954,475,174,168,0,0,0,0,0,70,0,27,0,0,3,12,1,0,0,0,0,0,2,0,0,0,0,4,1,53,14,0,0,17,5,3,1,0,0,0,330,266356,0,0,0,0,46,39,8,1,1,11,0,2,24,Jolteon
