date_string,time_string,player_name,pokemon,trainer_name,trainer_id,location,total_pokemon,real_time_total,real_time_hmmss,real_time_file_label,resets,blackouts,failures,level,game_time,battle_duration,move1,move2,move3,move4,move1pp,move2pp,move3pp,move4pp,move1ppUp,move2ppUp,move3ppUp,move4ppUp,saves,steps,bonks,trainerBattles,wildBattles,battleTurns,playerTurns,enemyTurns,itemsInBag,money,rivalTeam,statusCondition,type1,type2,experience,ROM,Species,Trainer,Start Time,Real Time,Game Time,Level,Resets,RTHours,RTMinutes,RTSeconds,RTMilliseconds,Move 1,Move 2,Move 3,Move 4,Hp,Max HP,Attack,Defense,Sp. Attack,Sp. Defense,Speed,Attack DV,Defense DV,Speed DV,Special DV,StatExp HP,StatExp Attack,StatExp Def,StatExp Sp. Attack,StatExp Sp. Defense,StatExp Speed,Attack Stage,Defense Stage,Sp. Attack Stage,Sp. Defense Stage,Speed Stage,Accuracy Stage,Evasion Stage,Battle Attack,Battle Defense,Battle Sp. Attack,Battle Sp. Defense,Battle Speed,Frame Count,Overworld Frame Count,Battle Frame Count,Menu Frame Count,Intro Frame Count,Save Count,Reload Count,Clock Reset Count,Steps Count,Steps Count Walk,Steps Count Bike,Steps Count Surf,Bonks,Battles,Trainer Battles,Wild Battles,Battles Fled,Failed Runs,Total Damage Dealt,Actual Damage Dealt,Total Damage Taken,Actual Damage Taken,Own Moves Hit,Own Moves Missed,Enemy Moves Hit,Enemy Moves Missed,Own Moves Super Effective,Own Moves Not Very Effective,Enemy Moves Super Effective,Enemy Moves Not Very Effective,Criticals Dealt,OHKOs Dealt,Criticals Taken,OHKOs Taken,Was Confused,Enemy Became Confused,Was Paralyzed,Enemy Was Paralyzed,Was Burned,Enemy Was Burned,Was Frozen,Enemy Was Frozen,Was Poisoned,Enemy Was Poisoned,Was Badly Poisoned,Enemy Was Badly Poisoned,Fell Asleep,Enemy Fell Asleep,Player Turns Confused,Player Turns Confused Hit Self,Player Turns Paralyzed,Player Turns Paralyzed Fully,Enemy Turns Confused,Enemy Turns Confused Hit Self,Enemy Turns Paralyzed,Enemy Turns Paralyzed Fully, Player Turns Asleep, Enemy Turns Asleep,Player HP Healed,Enemy HP Healed,Player Pokemon Fainted,Enemy Pokemon Fainted,Experience Gained,Switchouts,Money Made,Money Spent,Money Lost,Items Picked Up,Items Bought,Items Sold,Balls Thrown,Pokemon Caught In Balls,Moves Learnt,Blackouts,Attempt Number,Failures, Rival's Team
12-04,10:32:54,NINTEN,Ditto,Rival1-Lab,1,Pallet Town - Oak's Lab,1,52.19,52,0h0m52s,0,0,0,6,0:02,11.44,TRANSFORM,,,,0,77,8,1,1,5,5,4,1,3000,Jolteon, ,Normal,Normal,222,Ditto 1,Ditto,Rival (Lab),00:00:40.76,00:00:52.20,00:02:52.09,6,0,0,0,52,20,TRANSFORM,,,,9,0,0,0,0,0,0,0,10,23,12,12,12,12,12,55,55,50,65,65,55,15,15,15,15,0,0,0,0,0,0,0,11,10,12,12,11,12372,6360,3941,0,2071,0,0,0,77,77,0,0,8,2,1,1,0,0,21,21,13,13,4,1,3,0,0,0,0,0,0,0,0,0,0,0,0,0,0,0,0,0,0,0,0,0,0,0,0,0,0,0,0,0,0,0,0,0,0,0,0,1,97,0,0,0,0,0,0,0,0,0,0,0,5,0,Jolteon
12-04,11:10:06,NINTEN,Ditto,Bug Catcher,2,Viridian Forest,3,11:25.56,11:25,0h11m25s,0,9,9,11,0:44,46.083,TRANSFORM,,,,0,1654,131,10,11,252,251,242,1,6,Flareon, ,Normal,Normal,1454,Ditto 1,Ditto,,00:10:39.49,00:11:25.57,00:44:40.33,11,0,0,11,25,57,TRANSFORM,,,,9,0,0,0,0,0,0,0,2,35,19,19,19,19,19,815,465,820,465,465,647,15,15,15,15,0,5,0,0,-2,0,0,8,42,8,8,4,162876,46446,114359,0,2071,0,0,0,1654,1654,0,0,131,21,10,11,6,0,554,497,336,334,192,9,43,0,0,0,0,0,12,0,2,0,0,0,0,0,0,0,0,0,0,0,0,0,0,0,0,0,0,0,0,0,0,0,0,0,0,0,9,17,1329,0,0,0,0,1,0,0,0,0,0,9,5,9,Flareon
12-04,11:12:46,NINTEN,Ditto,Bug Catcher,3,Viridian Forest,1,14:05.68,14:05,0h14m5s,0,9,9,11,0:55,8.051,TRANSFORM,,,,1,2069,163,11,23,296,295,284,2,66,Flareon, ,Normal,Normal,1710,Ditto 1,Ditto,,00:13:57.64,00:14:05.69,00:55:12.46,11,0,0,14,5,69,TRANSFORM,,,,0,0,0,0,0,0,0,0,15,35,19,19,19,19,19,1000,580,1005,570,570,808,15,15,15,15,0,0,0,0,0,0,0,19,19,19,19,19,200809,57984,138599,2155,2071,1,0,0,2069,2069,0,0,163,34,11,23,15,0,675,588,392,390,215,11,56,0,0,0,0,0,13,0,2,0,0,0,0,0,0,0,0,0,0,0,0,0,0,0,0,0,0,0,0,0,0,0,0,0,0,0,9,21,1585,0,0,0,0,5,0,0,0,0,0,9,5,9,Flareon
12-04,11:17:37,NINTEN,Ditto,Jr Trainer M,1,Pewter City - Gym,2,18:56.68,18:56,0h18m56s,0,21,21,15,1:14,14.484,TRANSFORM,,,,1,2777,180,24,23,382,381,360,1,0,Flareon, ,Normal,Normal,3916,Ditto 1,Ditto,,00:18:42.20,00:18:56.68,01:14:21.49,15,0,0,18,56,68,TRANSFORM,,,,9,0,0,0,0,0,0,0,6,45,25,25,25,25,25,1180,1370,1415,1185,1185,2083,15,15,15,15,0,0,0,0,0,0,0,16,10,14,14,23,269752,75974,189552,2155,2071,1,0,0,2777,2777,0,0,180,47,24,23,15,0,1332,1120,954,931,287,12,132,0,0,0,0,0,32,0,14,0,0,0,0,0,0,0,0,0,0,0,0,0,0,0,0,0,0,0,0,0,0,0,0,0,0,0,21,35,3791,0,0,0,0,5,0,1,0,0,0,21,5,21,Flareon
12-04,11:47:32,NINTEN,Ditto,Brock,1,Pewter City - Gym,2,45:15.26,45:15,0h45m15s,1,43,44,20,2:56,22.249,TRANSFORM,,,,3,4673,226,46,62,1038,941,853,1,0,Flareon, ,Normal,Normal,8465,Ditto 1,Ditto,Brock,00:44:53.02,00:45:15.27,02:56:42.58,20,1,0,45,15,27,TRANSFORM,,,,0,0,0,0,0,0,0,0,16,57,33,33,32,32,32,2485,3471,4090,2060,2060,3025,15,15,15,15,0,0,0,0,0,0,0,33,33,32,32,32,638226,122473,509511,4015,2227,3,1,0,4673,4673,0,0,226,108,46,62,44,2,2678,2346,2188,2136,777,83,511,0,0,0,0,0,51,0,38,0,0,0,0,0,0,0,0,0,0,0,0,0,0,0,0,0,0,0,0,0,0,0,0,0,0,0,43,67,8340,0,0,0,0,5,0,1,0,0,0,43,5,44,Flareon
12-04,11:49:28,NINTEN,Ditto,Bug Catcher,4,Route 3,3,47:10.66,47:10,0h47m10s,1,44,45,20,3:04,10.148,TRANSFORM,,,,4,4986,236,48,72,1055,957,864,1,44,Flareon, ,Normal,Normal,9023,Ditto 1,Ditto,,00:47:00.52,00:47:10.67,03:04:17.02,20,1,0,47,10,67,TRANSFORM,,,,0,0,0,0,0,0,0,0,13,57,33,33,32,32,32,2700,3631,4255,2160,2160,3260,15,15,15,15,0,0,0,0,0,0,0,37,33,32,32,32,665470,131275,525951,6017,2227,4,1,0,4986,4986,0,0,236,120,48,72,54,3,2925,2524,2295,2243,783,84,519,0,0,0,0,0,51,0,40,0,0,0,0,0,0,0,0,0,0,0,0,0,0,0,0,0,0,0,0,0,0,0,0,0,0,0,43,72,8898,0,0,0,0,5,7,2,0,0,0,44,5,45,Flareon
12-04,11:49:45,NINTEN,Ditto,Youngster Ben,1,Route 3,2,47:28.41,47:28,0h47m28s,1,44,45,21,3:05,8.73,TRANSFORM,,,,5,4990,238,49,72,1057,959,865,1,144,Flareon, ,Normal,Normal,9301,Ditto 1,Ditto,,00:47:19.69,00:47:28.42,03:05:26.46,21,1,0,47,28,42,TRANSFORM,,,,0,0,0,0,0,0,0,0,22,60,34,34,33,33,34,2765,3747,4334,2225,2225,3387,15,15,15,15,0,0,0,0,0,0,0,38,34,33,33,34,669654,131552,528530,7345,2227,5,1,0,4990,4990,0,0,238,121,49,72,54,3,2993,2583,2329,2277,785,84,520,0,0,0,0,0,51,0,40,0,0,0,0,0,0,0,0,0,0,0,0,0,0,0,0,0,0,0,0,0,0,0,0,0,0,0,43,74,9176,0,0,0,0,5,7,2,0,0,0,44,5,45,Flareon
12-04,11:50:02,NINTEN,Ditto,Lass,2,Route 3,2,47:45.03,47:45,0h47m45s,1,44,45,21,3:06,7.181,TRANSFORM,,,,6,4998,239,50,72,1059,961,865,1,309,Flareon, ,Normal,Normal,9549,Ditto 1,Ditto,,00:47:37.85,00:47:45.03,03:06:31.59,21,1,0,47,45,3,TRANSFORM,,,,0,0,0,0,0,0,0,0,32,60,34,34,33,33,34,2841,3860,4409,2290,2290,3509,15,15,15,15,0,0,0,0,0,0,0,38,34,33,33,34,673567,132192,530727,8421,2227,6,1,0,4998,4998,0,0,239,122,50,72,54,3,3069,2640,2357,2305,787,84,520,0,0,0,0,0,51,0,40,0,0,0,0,0,0,0,0,0,0,0,0,0,0,0,0,0,0,0,0,0,0,0,0,0,0,0,43,76,9424,0,0,0,0,5,7,2,0,0,0,44,5,45,Flareon
12-04,11:50:20,NINTEN,Ditto,Bug Catcher,6,Route 3,2,48:03.18,48:03,0h48m3s,1,44,45,21,3:07,9.098,TRANSFORM,,,,6,5058,242,51,72,1062,964,866,1,459,Flareon, ,Normal,Normal,9842,Ditto 1,Ditto,,00:47:54.09,00:48:03.19,03:07:43.30,21,1,0,48,3,19,TRANSFORM,,,,0,0,0,0,0,0,0,0,19,60,34,34,33,33,34,2936,3910,4499,2335,2335,3584,15,15,15,15,0,0,0,0,0,0,0,38,34,33,33,34,677858,133459,533364,8808,2227,6,1,0,5058,5058,0,0,242,123,51,72,54,3,3159,2705,2390,2338,790,84,520,0,0,0,0,0,51,0,40,0,0,0,0,0,0,0,0,0,0,0,0,0,0,0,0,0,0,0,0,0,0,0,0,0,0,0,43,78,9717,0,0,0,0,5,7,2,0,0,0,44,5,45,Flareon
12-04,11:52:15,NINTEN,Ditto,Lass,6,Mt Moon - 1,1,49:58.60,49:58,0h49m58s,1,44,45,21,3:15,6.263,TRANSFORM,,,,7,5822,292,52,72,1064,966,867,2,244,Flareon, ,Normal,Normal,10046,Ditto 1,Ditto,,00:49:52.34,00:49:58.60,03:15:20.28,21,1,0,49,58,60,TRANSFORM,,,,0,0,0,0,0,0,0,0,31,60,34,34,33,33,34,3006,3955,4547,2395,2395,3619,15,15,15,15,0,0,0,0,0,0,0,38,34,33,33,34,705276,157482,535261,10306,2227,7,1,0,5822,5822,0,0,292,124,52,72,54,3,3216,2750,2418,2366,792,84,521,0,0,0,0,0,51,0,40,0,0,0,0,0,0,0,0,0,0,0,0,0,0,0,0,0,0,0,0,0,0,0,0,0,0,0,43,79,9921,0,0,0,0,12,32,6,0,0,0,44,5,45,Flareon
12-04,11:52:29,NINTEN,Ditto,Bug Catcher,7,Mt Moon - 1,2,50:12.30,50:12,0h50m12s,1,44,45,21,3:16,7.435,TRANSFORM,,,,7,5834,295,53,72,1066,968,867,2,454,Flareon, ,Normal,Normal,10333,Ditto 1,Ditto,,00:50:04.87,00:50:12.31,03:16:14.15,21,1,0,50,12,31,TRANSFORM,,,,0,0,0,0,0,0,0,0,20,60,34,34,33,33,34,3091,4015,4627,2440,2440,3704,15,15,15,15,0,0,0,0,0,0,0,38,34,33,33,34,708503,158059,537401,10816,2227,7,1,0,5834,5834,0,0,295,125,53,72,54,3,3289,2813,2449,2397,794,84,521,0,0,0,0,0,51,0,40,0,0,0,0,0,0,0,0,0,0,0,0,0,0,0,0,0,0,0,0,0,0,0,0,0,0,0,43,81,10208,0,0,0,0,12,32,6,0,0,0,44,5,45,Flareon
12-04,11:52:50,NINTEN,Ditto,Super Nerd,1,Mt Moon - 1,2,50:33.08,50:33,0h50m33s,1,44,45,22,3:17,10.087,TRANSFORM,,,,8,5878,298,54,72,1069,971,868,2,564,Flareon, ,Normal,Normal,10782,Ditto 1,Ditto,,00:50:23.01,00:50:33.10,03:17:36.08,22,1,0,50,33,10,TRANSFORM,,,,0,0,0,0,0,0,0,0,32,62,36,36,35,35,36,3156,4080,4747,2590,2590,3849,15,15,15,15,0,0,0,0,0,0,0,40,36,35,35,36,713416,159090,540202,11897,2227,8,1,0,5878,5878,0,0,298,126,54,72,54,3,3372,2872,2479,2427,797,84,522,0,0,0,0,0,51,0,40,0,0,0,0,0,0,0,0,0,0,0,0,0,0,0,0,0,0,0,0,0,0,0,0,0,0,0,43,83,10657,0,0,0,0,12,32,6,0,0,0,44,5,45,Flareon
12-04,11:53:08,NINTEN,Ditto,Bug Catcher,8,Mt Moon - 1,3,50:51.03,50:51,0h50m51s,1,44,45,22,3:18,10.395,TRANSFORM,,,,9,5892,300,55,72,1072,974,868,2,839,Flareon, ,Normal,Normal,11159,Ditto 1,Ditto,,00:50:40.64,00:50:51.04,03:18:46.46,22,1,0,50,51,4,TRANSFORM,,,,0,0,0,0,0,0,0,0,7,62,36,36,35,35,36,3296,4160,4872,2655,2655,3969,15,15,15,15,0,0,0,0,0,0,0,40,36,35,35,36,717654,159611,543084,12732,2227,9,1,0,5892,5892,0,0,300,127,55,72,54,3,3492,2963,2524,2472,800,84,522,0,0,0,0,0,51,0,40,0,0,0,0,0,0,0,0,0,0,0,0,0,0,0,0,0,0,0,0,0,0,0,0,0,0,0,43,86,11034,0,0,0,0,12,32,6,0,0,0,44,5,45,Flareon
12-04,11:53:51,NINTEN,Ditto,Rocket,2,Mt Moon - 3,3,51:34.07,51:34,0h51m34s,2,44,46,22,3:20,11.741,TRANSFORM,,,,10,5948,304,56,72,1076,978,869,2,939,Flareon, ,Normal,Normal,11637,Ditto 1,Ditto,,00:51:22.33,00:51:34.07,03:20:28.05,22,2,0,51,34,7,TRANSFORM,,,,0,0,0,0,0,0,0,0,13,62,36,36,35,35,36,3416,4336,5027,2750,2750,4136,15,15,15,15,0,0,0,0,0,0,0,40,36,35,35,36,723739,161126,546272,13957,2384,10,2,0,5948,5948,0,0,304,128,56,72,54,3,3619,3056,2573,2521,804,84,523,0,0,0,0,0,51,0,40,0,0,0,0,0,0,0,0,0,0,0,0,0,0,0,0,0,0,0,0,0,0,0,0,0,0,0,43,89,11512,0,0,0,0,12,32,6,0,0,0,44,5,46,Flareon
12-04,11:54:12,NINTEN,Ditto,Lass,5,Mt Moon - 1,2,51:55.54,51:55,0h51m55s,2,44,46,22,3:21,7.218,TRANSFORM,,,,11,5999,307,57,72,1078,980,869,2,1269,Flareon, ,Normal,Normal,12018,Ditto 1,Ditto,,00:51:48.33,00:51:55.54,03:21:52.29,22,2,0,51,55,54,TRANSFORM,,,,0,0,0,0,0,0,0,0,21,62,36,36,35,35,36,3511,4461,5117,2895,2895,4206,15,15,15,15,0,0,0,0,0,0,0,40,36,35,35,36,728803,162922,548378,15119,2384,11,2,0,5999,5999,0,0,307,129,57,72,54,3,3693,3121,2605,2553,806,84,523,0,0,0,0,0,51,0,40,0,0,0,0,0,0,0,0,0,0,0,0,0,0,0,0,0,0,0,0,0,0,0,0,0,0,0,43,91,11893,0,0,0,0,12,32,6,0,0,0,44,5,46,Flareon
12-04,11:54:31,NINTEN,Ditto,Rocket,3,Mt Moon - 3,2,52:14.25,52:14,0h52m14s,2,44,46,23,3:23,8.149,TRANSFORM,,,,12,6035,310,58,72,1080,982,869,2,1434,Flareon, ,Normal,Normal,12315,Ditto 1,Ditto,,00:52:06.11,00:52:14.26,03:23:05.53,23,2,0,52,14,26,TRANSFORM,,,,0,0,0,0,0,0,0,0,32,65,37,38,36,36,37,3586,4566,5196,2975,2975,4316,15,15,15,15,0,0,0,0,0,0,0,41,38,36,36,37,733207,163936,550700,16187,2384,12,2,0,6035,6035,0,0,310,130,58,72,54,3,3766,3186,2637,2585,808,84,523,0,0,0,0,0,51,0,40,0,0,0,0,0,0,0,0,0,0,0,0,0,0,0,0,0,0,0,0,0,0,0,0,0,0,0,43,93,12190,0,0,0,0,12,32,6,0,0,0,44,5,46,Flareon
12-04,11:54:54,NINTEN,Ditto,Youngster,3,Mt Moon - 1,3,52:36.65,52:36,0h52m36s,2,44,46,23,3:24,10.8,TRANSFORM,,,,13,6065,311,59,72,1083,985,870,2,1794,Flareon, ,Normal,Normal,12672,Ditto 1,Ditto,,00:52:25.85,00:52:36.65,03:24:33.56,23,2,0,52,36,65,TRANSFORM,,,,0,0,0,0,0,0,0,0,7,65,37,38,36,36,37,3686,4723,5301,3065,3065,4515,15,15,15,15,0,0,0,0,0,0,0,41,38,36,36,37,738490,165085,553659,17362,2384,13,2,0,6065,6065,0,0,311,131,59,72,54,3,3945,3269,2682,2630,811,84,524,0,0,0,0,0,52,0,40,0,0,0,0,0,0,0,0,0,0,0,0,0,0,0,0,0,0,0,0,0,0,0,0,0,0,0,43,96,12547,0,0,0,0,12,32,6,0,0,0,44,5,46,Flareon
12-04,11:55:26,NINTEN,Ditto,Hiker,1,Mt Moon - 1,3,53:08.77,53:08,0h53m8s,2,44,46,23,3:26,22.411,TRANSFORM,,,,14,6080,311,60,72,1092,994,876,2,1944,Flareon, ,Normal,Normal,13269,Ditto 1,Ditto,,00:52:46.36,00:53:08.77,03:26:40.30,23,2,0,53,8,77,TRANSFORM,,,,0,0,0,0,0,0,0,0,9,65,37,38,36,36,37,3801,4928,5661,3155,3155,4625,15,15,15,15,0,0,0,0,0,0,0,41,38,36,36,37,746084,165678,559393,18629,2384,14,2,0,6080,6080,0,0,311,132,60,72,54,3,4045,3355,2738,2686,820,84,530,0,0,0,0,0,53,0,41,0,0,0,0,0,0,0,0,0,0,0,0,0,0,0,0,0,0,0,0,0,0,0,0,0,0,0,43,99,13144,0,0,0,0,12,32,6,0,0,0,44,5,46,Flareon
12-04,11:55:46,NINTEN,Ditto,Rocket,1,Mt Moon - 3,2,53:28.77,53:28,0h53m28s,2,44,46,23,3:27,7.258,TRANSFORM,,,,15,6123,317,61,72,1094,996,876,2,2294,Flareon, ,Normal,Normal,13576,Ditto 1,Ditto,,00:53:21.52,00:53:28.78,03:27:58.51,23,2,0,53,28,78,TRANSFORM,,,,0,0,0,0,0,0,0,0,32,65,37,38,36,36,37,3871,5029,5731,3220,3220,4752,15,15,15,15,0,0,0,0,0,0,0,41,38,36,36,37,750785,166979,561520,19902,2384,15,2,0,6123,6123,0,0,317,133,61,72,54,3,4131,3422,2771,2719,822,84,530,0,0,0,0,0,53,0,41,0,0,0,0,0,0,0,0,0,0,0,0,0,0,0,0,0,0,0,0,0,0,0,0,0,0,0,43,101,13451,0,0,0,0,12,32,6,0,0,0,44,5,46,Flareon
12-04,11:56:34,NINTEN,Ditto,Fossil Nerd,2,Mt Moon - 3,3,54:17.06,54:17,0h54m17s,3,44,47,24,3:29,14.518,TRANSFORM,,,,16,6201,322,62,72,1099,1001,878,2,2684,Flareon, ,Normal,Normal,14363,Ditto 1,Ditto,,00:54:02.55,00:54:17.06,03:29:57.11,24,3,0,54,17,6,TRANSFORM,,,,0,0,0,0,0,0,0,0,12,68,39,39,38,38,39,4031,5204,5926,3375,3375,4912,15,15,15,15,0,0,0,0,0,0,0,43,39,38,38,39,757891,168981,565371,21000,2539,16,3,0,6201,6201,0,0,322,134,62,72,54,3,4289,3531,2827,2775,827,85,532,0,0,0,0,0,53,0,41,0,0,0,0,0,0,0,0,0,0,0,0,0,0,0,0,0,0,0,0,0,0,0,0,0,0,0,43,104,14238,0,0,0,0,12,32,6,0,0,0,44,5,47,Flareon
12-04,11:56:59,NINTEN,Ditto,Rocket,42,Mt Moon - 3,3,54:42.46,54:42,0h54m42s,3,44,47,24,3:31,12.001,TRANSFORM,,,,17,6217,324,63,72,1103,1005,879,3,2984,Flareon, ,Normal,Normal,15098,Ditto 1,Ditto,,00:54:30.47,00:54:42.47,03:31:37.06,24,3,0,54,42,47,TRANSFORM,,,,0,0,0,0,0,0,0,0,10,68,39,39,38,38,39,4146,5374,6100,3515,3515,5092,15,15,15,15,0,0,0,0,0,0,0,43,39,38,38,39,763886,170450,568628,22269,2539,17,3,0,6217,6217,0,0,324,135,63,72,54,3,4421,3641,2885,2833,831,85,533,0,0,0,0,0,54,0,41,0,0,0,0,0,0,0,0,0,0,0,0,0,0,0,0,0,0,0,0,0,0,0,0,0,0,0,43,107,14973,0,0,0,0,12,32,6,0,0,0,44,5,47,Flareon
12-04,11:58:11,NINTEN,Ditto,Swimmer,1,Cerulean City - Gym,2,55:54.41,55:54,0h55m54s,3,44,47,25,3:36,14.304,TRANSFORM,,,,18,6487,337,64,72,1108,1010,883,3,4,Flareon, ,Normal,Normal,15712,Ditto 1,Ditto,,00:55:40.12,00:55:54.42,03:36:21.17,25,3,0,55,54,42,TRANSFORM,,,,0,0,0,0,0,0,0,0,19,70,41,41,40,40,41,4206,5479,6270,3630,3630,5192,15,15,15,15,0,0,0,0,-1,0,0,46,41,40,40,27,780937,181936,572513,23949,2539,18,3,0,6487,6487,0,0,337,136,64,72,54,3,4522,3717,2936,2884,836,85,536,0,0,0,0,0,54,0,41,0,0,0,0,0,0,0,0,0,0,0,0,0,0,0,0,0,0,0,0,0,0,0,0,0,0,0,43,109,15587,0,0,0,0,15,46,8,0,0,0,44,5,47,Flareon
12-04,11:58:24,NINTEN,Ditto,Pecking Lass,1,Cerulean City - Gym,1,56:07.54,56:07,0h56m7s,3,44,47,25,3:37,6.489,TRANSFORM,,,,18,6495,339,65,72,1110,1012,884,3,84,Flareon, ,Normal,Normal,16163,Ditto 1,Ditto,,00:56:01.07,00:56:07.56,03:37:12.45,25,3,0,56,7,56,TRANSFORM,,,,0,0,0,0,0,0,0,0,35,70,41,41,40,40,41,4251,5546,6330,3680,3680,5255,15,15,15,15,0,-1,0,0,0,0,0,51,27,40,40,41,784026,182414,574550,24523,2539,18,3,0,6495,6495,0,0,339,137,65,72,54,3,4582,3766,2960,2908,838,85,537,0,0,0,0,0,54,0,41,0,0,0,0,0,0,0,0,0,0,0,0,0,0,0,0,0,0,0,0,0,0,0,0,0,0,0,43,110,16038,0,0,0,0,15,46,8,0,0,0,44,5,47,Flareon
12-04,12:01:37,NINTEN,Ditto,Misty,1,Cerulean City - Gym,2,59:19.85,59:19,0h59m19s,7,47,54,26,3:44,29.565,TRANSFORM,,,,19,6631,365,68,72,1150,1051,916,3,116,Flareon, ,Normal,Normal,18318,Ditto 1,Ditto,Misty,00:58:50.29,00:59:19.85,03:44:31.33,26,7,0,59,19,85,TRANSFORM,,,,9,0,0,0,0,0,0,0,18,72,42,42,41,41,42,4401,5756,6580,3990,3990,5625,15,15,15,15,0,0,0,0,0,0,0,27,27,33,33,38,810359,187874,594417,25373,2695,19,4,0,6631,6631,0,0,365,140,68,72,54,3,4843,4013,3165,3111,872,92,557,0,0,0,0,0,60,0,46,0,0,0,0,0,0,0,0,0,0,0,0,0,0,0,0,0,0,0,0,0,0,0,0,0,0,0,45,114,18193,0,0,0,0,15,46,8,0,0,0,47,5,54,Flareon
12-04,12:03:52,NINTEN,Ditto,Rival2-Nugget Bridge,3,Cerulean City,4,1:01:35.40,1:01:35,1h1m35s,7,48,55,27,3:53,25.358,TRANSFORM,,,,20,6960,402,70,81,1175,1076,934,3,97,Flareon, ,Normal,Normal,20060,Ditto 1,Ditto,Rival (Nugget Bridge),01:01:10.06,01:01:35.42,03:53:25.26,27,7,1,1,35,42,TRANSFORM,,,,9,0,0,0,0,0,0,0,21,75,44,44,43,43,44,4696,6193,6930,4227,4227,6044,15,15,15,15,-2,0,0,0,0,-1,0,16,18,19,19,33,842392,197512,614721,27464,2695,20,4,0,6960,6960,0,0,402,151,70,81,63,3,5211,4339,3342,3288,886,98,570,0,0,0,0,0,63,0,46,0,0,0,0,0,0,0,0,0,0,0,0,0,0,0,0,0,0,0,0,0,0,0,0,0,0,0,46,121,19935,0,0,0,0,15,56,9,0,0,0,48,5,55,Flareon
12-04,12:05:11,NINTEN,Ditto,Bug Catcher,9,Route 24,2,1:02:53.96,1:02:53,1h2m53s,7,48,55,27,3:58,7.398,TRANSFORM,,,,21,7159,438,71,90,1186,1087,943,3,692,Flareon, ,Normal,Normal,20375,Ditto 1,Ditto,,01:02:46.57,01:02:53.97,03:58:34.08,27,7,1,2,53,97,TRANSFORM,,,,0,0,0,0,0,0,0,0,20,75,44,44,43,43,44,4781,6258,6995,4267,4267,6139,15,15,15,15,0,0,0,0,0,0,0,49,44,43,43,44,860914,202518,626788,28913,2695,21,4,0,7159,7159,0,0,438,161,71,90,72,3,5309,4414,3403,3349,888,99,578,0,0,0,0,0,63,0,47,0,0,0,0,0,0,0,0,0,0,0,0,0,0,0,0,0,0,0,0,0,0,0,0,0,0,0,46,123,20250,0,0,0,0,15,56,9,0,0,0,48,5,55,Flareon
12-04,12:05:26,NINTEN,Ditto,Lass,8,Route 24,2,1:03:08.81,1:03:08,1h3m8s,7,48,55,27,3:59,7.161,TRANSFORM,,,,22,7163,439,72,90,1188,1089,943,3,832,Flareon, ,Normal,Normal,20717,Ditto 1,Ditto,,01:03:01.66,01:03:08.82,03:59:32.18,27,7,1,3,8,82,TRANSFORM,,,,0,0,0,0,0,0,0,0,22,75,44,44,43,43,44,4876,6350,7087,4342,4342,6236,15,15,15,15,0,0,0,0,0,0,0,49,44,43,43,44,864404,202769,628987,29953,2695,22,4,0,7163,7163,0,0,439,162,72,90,72,3,5400,4492,3441,3387,890,99,578,0,0,0,0,0,63,0,47,0,0,0,0,0,0,0,0,0,0,0,0,0,0,0,0,0,0,0,0,0,0,0,0,0,0,0,46,125,20592,0,0,0,0,15,56,9,0,0,0,48,5,55,Flareon
12-04,12:05:44,NINTEN,Ditto,Youngster,4,Route 24,3,1:03:27.26,1:03:27,1h3m27s,7,48,55,27,4:00,10.382,TRANSFORM,,,,23,7167,444,73,90,1191,1092,943,3,1042,Flareon, ,Normal,Normal,21236,Ditto 1,Ditto,,01:03:16.88,01:03:27.26,04:00:44.41,27,7,1,3,27,26,TRANSFORM,,,,0,0,0,0,0,0,0,0,9,75,44,44,43,43,44,4981,6511,7201,4447,4447,6418,15,15,15,15,0,0,0,0,0,0,0,49,44,43,43,44,868748,203000,631932,31121,2695,23,4,0,7167,7167,0,0,444,163,73,90,72,3,5542,4599,3494,3440,893,99,578,0,0,0,0,0,63,0,47,0,0,0,0,0,0,0,0,0,0,0,0,0,0,0,0,0,0,0,0,0,0,0,0,0,0,0,46,128,21111,0,0,0,0,15,56,9,0,0,0,48,5,55,Flareon
12-04,12:06:04,NINTEN,Ditto,Lass,7,Route 24,2,1:03:46.77,1:03:46,1h3m46s,7,48,55,27,4:02,10.382,TRANSFORM,,,,24,7171,448,74,90,1195,1096,945,3,1252,Flareon, ,Normal,Normal,21624,Ditto 1,Ditto,,01:03:36.41,01:03:46.79,04:02:01.14,27,7,1,3,46,79,TRANSFORM,,,,0,0,0,0,0,0,0,0,23,75,44,44,43,43,44,5076,6603,7293,4522,4522,6515,15,15,15,15,0,0,0,0,0,0,0,49,44,43,43,44,873340,203234,634890,32521,2695,24,4,0,7171,7171,0,0,448,164,74,90,72,3,5692,4686,3540,3486,897,100,579,0,0,0,0,0,63,0,47,0,0,0,0,0,0,0,0,0,0,0,0,0,0,0,0,0,0,0,0,0,0,0,0,0,0,0,46,130,21499,0,0,0,0,15,56,9,0,0,0,48,5,55,Flareon
12-04,12:06:18,NINTEN,Ditto,Jr Trainer M,3,Route 24,1,1:04:01.18,1:04:01,1h4m1s,7,48,55,27,4:02,6.848,TRANSFORM,,,,25,7175,452,75,90,1197,1098,946,3,1492,Flareon, ,Normal,Normal,21909,Ditto 1,Ditto,,01:03:54.33,01:04:01.18,04:02:57.40,27,7,1,4,1,18,TRANSFORM,,,,0,0,0,0,0,0,0,0,15,75,44,44,43,43,44,5116,6683,7328,4557,4557,6585,15,15,15,15,0,0,0,0,0,0,0,49,44,43,43,44,876726,203492,636998,33541,2695,25,4,0,7175,7175,0,0,452,165,75,90,72,3,5780,4731,3588,3534,899,100,580,0,0,0,0,0,63,0,47,0,0,0,0,0,0,0,0,0,0,0,0,0,0,0,0,0,0,0,0,0,0,0,0,0,0,0,46,131,21784,0,0,0,0,15,56,9,0,0,0,48,5,55,Flareon
12-04,12:06:40,NINTEN,Ditto,Rocket,6,Route 24,2,1:04:22.91,1:04:22,1h4m22s,7,48,55,28,4:04,8.208,TRANSFORM,,,,26,7181,454,76,90,1199,1100,946,3,1852,Flareon, ,Normal,Normal,22279,Ditto 1,Ditto,,01:04:14.72,01:04:22.92,04:04:23.06,28,7,1,4,22,92,TRANSFORM,,,,0,0,0,0,0,0,0,0,41,78,45,46,45,45,45,5191,6788,7407,4637,4637,6695,15,15,15,15,0,0,0,0,0,0,0,50,46,45,45,45,881852,204685,639450,35022,2695,26,4,0,7181,7181,0,0,454,166,76,90,72,3,5875,4807,3625,3571,901,100,580,0,0,0,0,0,63,0,47,0,0,0,0,0,0,0,0,0,0,0,0,0,0,0,0,0,0,0,0,0,0,0,0,0,0,0,46,133,22154,0,0,0,0,15,56,9,0,0,0,48,5,55,Flareon
12-04,12:07:36,NINTEN,Ditto,Hiker,2,Route 25,2,1:05:18.64,1:05:18,1h5m18s,7,48,55,28,4:08,13.587,TRANSFORM,,,,27,7397,478,77,90,1204,1105,949,3,202,Flareon, ,Normal,Normal,22837,Ditto 1,Ditto,,01:05:05.06,01:05:18.65,04:08:03.37,28,7,1,5,18,65,TRANSFORM,,,,0,0,0,0,0,0,0,0,15,78,45,46,45,45,45,5301,6948,7557,4702,4702,6750,15,15,15,15,0,0,0,0,0,0,0,50,46,45,45,45,895083,212533,643186,36669,2695,27,4,0,7397,7397,0,0,478,167,77,90,72,3,5995,4894,3688,3634,906,100,583,0,0,0,0,0,63,0,49,0,0,0,0,0,0,0,0,0,0,0,0,0,0,0,0,0,0,0,0,0,0,0,0,0,0,0,46,135,22712,0,0,0,0,16,83,11,0,0,0,48,5,55,Flareon
12-04,12:07:57,NINTEN,Ditto,Lass,9,Route 25,2,1:05:40.46,1:05:40,1h5m40s,7,48,55,28,4:09,10.288,TRANSFORM,,,,27,7417,482,78,90,1207,1108,950,4,727,Flareon, ,Normal,Normal,23218,Ditto 1,Ditto,,01:05:30.19,01:05:40.48,04:09:29.22,28,7,1,5,40,48,TRANSFORM,,,,0,0,0,0,0,0,0,0,20,78,45,46,45,45,45,5402,7052,7649,4782,4782,6841,15,15,15,15,0,0,0,0,0,0,0,50,46,45,45,45,900228,213902,646126,37505,2695,27,4,0,7417,7417,0,0,482,168,78,90,72,3,6160,4978,3743,3689,909,100,584,0,0,0,0,0,64,0,49,0,0,0,0,0,0,0,0,0,0,0,0,0,0,0,0,0,0,0,0,0,0,0,0,0,0,0,46,137,23093,0,0,0,0,17,83,11,0,0,0,48,5,55,Flareon
12-04,12:10:27,NINTEN,Ditto,Jr Trainer M,2,Route 25,2,1:08:10.28,1:08:10,1h8m10s,11,48,59,28,4:10,7.332,TRANSFORM,,,,28,7427,483,79,90,1209,1110,950,4,952,Flareon, ,Normal,Normal,23575,Ditto 1,Ditto,,01:08:02.97,01:08:10.30,04:10:42.27,28,11,1,8,10,30,TRANSFORM,,,,0,0,0,0,0,0,0,0,43,78,45,46,45,45,45,5467,7168,7728,4847,4847,6968,15,15,15,15,0,0,0,0,0,0,0,50,46,45,45,45,904619,214780,648342,38648,2849,28,5,0,7427,7427,0,0,483,169,79,90,72,3,6265,5048,3778,3724,911,100,584,0,0,0,0,0,64,0,49,0,0,0,0,0,0,0,0,0,0,0,0,0,0,0,0,0,0,0,0,0,0,0,0,0,0,0,46,139,23450,0,0,0,0,17,83,11,0,0,0,48,5,59,Flareon
12-04,12:10:45,NINTEN,Ditto,Oddish Lass,10,Route 25,3,1:08:27.63,1:08:27,1h8m27s,11,48,59,28,4:11,10.628,TRANSFORM,,,,28,7442,483,80,90,1212,1113,951,4,1232,Flareon, ,Normal,Normal,24160,Ditto 1,Ditto,Oddish Lass,01:08:17.02,01:08:27.65,04:11:50.30,28,11,1,8,27,65,TRANSFORM,,,,0,0,0,0,0,0,0,0,20,78,45,46,45,45,45,5597,7313,7878,5032,5032,7084,15,15,15,15,0,0,0,0,0,0,0,50,46,45,45,45,908702,215279,651362,39212,2849,28,5,0,7442,7442,0,0,483,170,80,90,72,3,6400,5155,3836,3782,914,100,585,0,0,0,0,0,64,0,49,0,0,0,0,0,0,0,0,0,0,0,0,0,0,0,0,0,0,0,0,0,0,0,0,0,0,0,46,142,24035,0,0,0,0,17,83,11,0,0,0,48,5,59,Flareon
12-04,12:11:45,NINTEN,Ditto,Cerulean Rocket,5,Cerulean City,2,1:09:28.25,1:09:28,1h9m28s,11,48,59,29,4:15,12.005,TRANSFORM,,,,29,7675,509,81,90,1216,1117,953,5,227,Flareon, ,Normal,Normal,24849,Ditto 1,Ditto,Rocket,01:09:16.26,01:09:28.26,04:15:49.02,29,11,1,9,28,26,TRANSFORM,,,,0,0,0,0,0,0,0,0,20,81,47,47,46,46,47,5727,7441,7973,5157,5157,7161,15,15,15,15,0,0,0,0,0,0,0,52,47,46,46,47,923014,224045,654721,41399,2849,29,5,0,7675,7675,0,0,509,171,81,90,72,3,6560,5258,3897,3843,918,100,587,0,0,0,0,0,64,0,49,0,0,0,0,0,0,0,0,0,0,0,0,0,0,0,0,0,0,0,0,0,0,0,0,0,0,0,46,144,24724,0,0,0,0,17,87,11,0,0,0,48,5,59,Flareon
12-04,12:12:20,NINTEN,Ditto,Sandy,3,Route 6,3,1:10:02.82,1:10:02,1h10m2s,11,48,59,29,4:18,12.005,TRANSFORM,,,,30,7819,510,82,90,1219,1120,956,7,737,Flareon, ,Normal,Normal,25410,Ditto 1,Ditto,,01:09:50.82,01:10:02.83,04:18:04.55,29,11,1,10,2,83,TRANSFORM,,,,0,0,0,0,0,0,0,0,5,81,47,47,46,46,47,5847,7576,8093,5262,5262,7329,15,15,15,15,0,0,0,0,0,0,0,52,47,46,46,47,931167,227528,658094,42696,2849,30,5,0,7819,7819,0,0,510,172,82,90,72,3,6706,5381,3972,3918,921,100,590,0,0,0,0,0,64,0,49,0,0,0,0,0,0,0,0,0,0,0,0,0,0,0,0,0,0,0,0,0,0,0,0,0,0,0,46,147,25285,0,0,0,0,18,87,11,0,0,0,48,5,59,Flareon
12-04,12:12:39,NINTEN,Ditto,Jr Trainer M,5,Route 6,2,1:10:22.45,1:10:22,1h10m22s,11,48,59,29,4:19,9.381,TRANSFORM,,,,31,7822,510,83,90,1222,1123,957,7,1057,Flareon, ,Normal,Normal,26005,Ditto 1,Ditto,,01:10:13.08,01:10:22.46,04:19:21.41,29,11,1,10,22,46,TRANSFORM,,,,0,0,0,0,0,0,0,0,39,81,47,47,46,46,47,5942,7717,8183,5343,5343,7496,15,15,15,15,0,-1,0,0,0,0,0,58,31,46,46,47,935773,227912,660817,44195,2849,31,5,0,7822,7822,0,0,510,173,83,90,72,3,6839,5468,4014,3960,924,100,591,0,0,0,0,0,64,0,49,0,0,0,0,0,0,0,0,0,0,0,0,0,0,0,0,0,0,0,0,0,0,0,0,0,0,0,46,149,25880,0,0,0,0,18,87,11,0,0,0,48,5,59,Flareon
12-04,12:13:17,NINTEN,Ditto,Youngster,8,SS Anne,1,1:10:59.87,1:10:59,1h10m59s,11,48,59,29,4:21,7.667,TRANSFORM,,,,32,7921,525,84,90,1224,1125,958,8,327,Flareon, ,Normal,Normal,26275,Ditto 1,Ditto,,01:10:52.22,01:10:59.88,04:21:49.19,29,11,1,10,59,88,TRANSFORM,,,,0,0,0,0,0,0,0,0,31,81,47,47,46,46,47,5988,7774,8223,5383,5383,7546,15,15,15,15,0,0,0,0,0,0,0,52,47,46,46,47,944631,233241,663061,45480,2849,32,5,0,7921,7921,0,0,525,174,84,90,72,3,6943,5521,4062,4008,926,100,592,0,0,0,0,0,65,0,49,0,0,0,0,0,0,0,0,0,0,0,0,0,0,0,0,0,0,0,0,0,0,0,0,0,0,0,46,150,26150,0,0,0,0,18,90,11,0,0,0,48,5,59,Flareon
12-04,12:13:44,NINTEN,Ditto,Sailor,5,SS Anne,2,1:11:27.54,1:11:27,1h11m27s,11,48,59,30,4:23,10.031,TRANSFORM,,,,33,7996,535,85,90,1227,1128,959,10,642,Flareon, ,Normal,Normal,27088,Ditto 1,Ditto,,01:11:17.52,01:11:27.56,04:23:38.06,30,11,1,11,27,56,TRANSFORM,,,,0,0,0,0,0,0,0,0,27,83,49,49,48,48,49,6058,7859,8313,5553,5553,7701,15,15,15,15,0,0,0,0,0,0,0,55,49,48,48,49,951158,235788,665874,46647,2849,33,5,0,7996,7996,0,0,535,175,85,90,72,3,7071,5607,4108,4054,929,100,593,0,0,0,0,0,65,0,49,0,0,0,0,0,0,0,0,0,0,0,0,0,0,0,0,0,0,0,0,0,0,0,0,0,0,0,46,152,26963,0,0,0,0,20,90,11,0,0,0,48,5,59,Flareon
12-04,12:14:16,NINTEN,Ditto,Gentleman,5,SS Anne,2,1:11:58.64,1:11:58,1h11m58s,11,48,59,30,4:25,11.426,TRANSFORM,,,,34,8097,546,86,90,1231,1132,961,11,1182,Flareon,Burned,Normal,Normal,27972,Ditto 1,Ditto,,01:11:47.21,01:11:58.64,04:25:40.20,30,11,1,11,58,64,TRANSFORM,,,,0,0,0,0,0,0,0,0,30,83,49,49,48,48,49,6163,8014,8413,5668,5668,7851,15,15,15,15,0,0,0,0,0,0,0,27,49,48,48,49,958492,238514,669005,48124,2849,34,5,0,8097,8097,0,0,546,176,86,90,72,3,7222,5701,4161,4107,933,100,594,0,0,0,0,0,65,0,49,0,0,0,0,0,0,1,0,0,0,0,0,0,0,0,0,0,0,0,0,0,0,0,0,0,0,0,46,154,27847,0,0,0,0,21,90,11,0,0,0,48,5,59,Flareon
12-04,12:19:35,NINTEN,Ditto,Rival3-SS Anne,1,SS Anne,4,1:17:18.03,1:17:18,1h17m18s,11,52,63,31,4:46,24.409,TRANSFORM,,,,36,9301,612,91,90,1310,1208,1025,12,10,Flareon, ,Normal,Normal,31589,Ditto 1,Ditto,Rival (SS Anne),01:16:53.63,01:17:18.04,04:46:43.09,31,11,1,17,18,4,TRANSFORM,,,,9,0,0,0,0,0,0,0,27,86,51,51,49,49,51,6718,8874,9043,6103,6103,8736,15,15,15,15,0,-2,0,0,0,0,0,38,9,19,19,34,1034261,269668,711018,50726,2849,36,5,0,9301,9301,0,0,612,181,91,90,72,3,8166,6472,4741,4605,986,131,646,0,0,0,0,0,70,0,54,0,0,0,0,0,0,1,0,0,0,0,0,0,0,0,0,0,0,0,0,0,0,0,0,0,0,0,53,168,31464,0,0,0,0,22,93,11,0,0,0,52,5,63,Flareon
12-04,12:21:13,NINTEN,Ditto,Surge,1,Vermilion City - Gym,1,1:18:55.84,1:18:55,1h18m55s,13,52,65,31,4:51,7.578,TRANSFORM,,,,257,5696,47114,26,18432,20,64774,55812,11,1310,Flareon, ,Normal,Normal,32321,Ditto 1,Ditto,Lt. Surge,01:18:48.26,01:18:55.84,04:51:16.44,31,13,1,18,55,84,TRANSFORM,,,,8,0,0,0,0,0,0,0,55,86,51,51,49,49,51,6778,8964,9098,6193,6193,8836,15,15,15,15,0,0,0,0,0,0,0,60,40,59,59,65,7861,1929391122,83888095,3622,156,257,1,0,5696,1560283968,23296,1510284804,47114,18458,26,18432,5632,25600,1874,76,-587079649,12319,1,10754,35842,15360,0,0,0,0,1,0,0,0,0,0,0,0,0,0,0,0,13568,43008,19,0,0,0,0,0,0,0,0,0,0,0,0,0,0,0,0,1,732,0,0,48000300,814800,31,58880,18,34304,33536,34050,52,5,65,Flareon
12-04,12:24:56,NINTEN,Ditto,Wrapping Lass,5,Route 9,4,1:22:38.79,1:22:38,1h22m38s,16,52,68,32,5:02,17.615,TRANSFORM,,,,258,6290,47164,27,18442,36,64790,55824,10,282,Flareon, ,Normal,Normal,33245,Ditto 1,Ditto,RTG1 - Wrapping Lass,01:22:21.20,01:22:38.81,05:02:49.48,32,16,1,22,38,81,TRANSFORM,,,,0,0,0,0,0,0,0,0,0,88,53,53,51,51,52,6918,9139,9243,6413,6413,8936,15,15,15,15,0,0,0,0,0,0,0,59,59,51,51,52,49451,1929411793,83903645,8833,314,258,2,0,6290,1560284510,23348,1510284804,47164,18469,27,18442,5642,25600,2215,268,-587079528,12440,7,10757,35851,15360,0,0,0,0,3,0,0,0,0,0,0,0,0,0,0,0,13568,43009,19,0,0,0,0,0,0,0,0,0,0,0,0,0,0,0,0,5,1656,0,0,48000300,814800,31,58906,21,34304,33536,34050,52,5,68,Flareon
12-04,12:25:20,NINTEN,Ditto,Wrapping Lass,5,Route 9,4,1:23:02.91,1:23:02,1h23m2s,17,52,69,32,5:02,18.671,TRANSFORM,,,,258,6290,47164,27,18442,35,64789,55823,10,282,Flareon, ,Normal,Normal,33245,Ditto 1,Ditto,RTG1 - Wrapping Lass,01:22:44.25,01:23:02.92,05:02:54.19,32,17,1,23,2,92,TRANSFORM,,,,0,0,0,0,0,0,0,0,0,88,53,53,51,51,52,6918,9139,9243,6413,6413,8936,15,15,15,15,0,0,0,0,0,0,0,59,59,51,51,52,49722,1929411815,83903897,8833,311,258,2,0,6290,1560284510,23348,1510284804,47164,18469,27,18442,5642,25600,2137,268,-587079533,12435,6,10757,35850,15360,0,0,0,0,2,0,0,0,0,0,0,0,0,0,0,0,13568,43008,19,0,0,0,0,0,0,0,0,0,0,0,0,0,0,0,0,5,1656,0,0,48000300,814800,31,58906,21,34304,33536,34050,52,5,69,Flareon
12-04,12:25:54,NINTEN,Ditto,Bug Catcher,11,Route 6,1,1:23:37.45,1:23:37,1h23m37s,18,52,70,32,5:03,7.032,TRANSFORM,,,,258,6459,47168,27,18442,32,64786,55823,10,282,Flareon, ,Normal,Normal,33006,Ditto 1,Ditto,,01:23:30.43,01:23:37.46,05:03:28.00,32,18,1,23,37,46,TRANSFORM,,,,0,0,0,0,0,0,0,0,60,88,52,53,51,51,52,6838,9009,9148,6273,6273,8906,15,15,15,15,0,0,0,0,0,0,0,58,59,51,51,52,51743,1929415705,83901136,9722,314,258,2,0,6459,1560284544,23483,1510284804,47168,18469,27,18442,5642,25600,1956,133,-587079605,12363,3,10757,35849,15360,0,0,0,0,1,0,0,0,0,0,0,0,0,0,0,0,13568,43008,19,0,0,0,0,0,0,0,0,0,0,0,0,0,0,0,0,2,1417,0,0,48000300,814800,31,58906,21,34304,33536,34050,52,5,70,Flareon
12-04,12:26:10,NINTEN,Ditto,Jr Trainer F,25,Route 6,1,1:23:53.11,1:23:53,1h23m53s,18,52,70,32,5:04,7.912,TRANSFORM,,,,258,6470,47170,28,18442,35,64789,55825,10,482,Flareon, ,Normal,Normal,33378,Ditto 1,Ditto,,01:23:45.21,01:23:53.13,05:04:29.47,32,18,1,23,53,13,TRANSFORM,,,,0,0,0,0,0,0,0,0,54,88,52,53,51,51,52,6888,9059,9243,6313,6313,8941,15,15,15,15,0,-1,0,0,0,0,0,65,38,51,51,52,55450,1929416185,83903522,10563,314,258,2,0,6470,1560284544,23494,1510284804,47170,18470,28,18442,5642,25600,2035,186,-587079579,12389,6,10758,35850,15360,0,0,0,0,1,0,0,0,0,0,0,0,0,0,0,0,13568,43008,19,0,0,0,0,0,0,0,0,0,0,0,0,0,0,0,0,3,1789,0,0,48000300,814800,31,58906,21,34304,33536,34050,52,5,70,Flareon
12-04,12:26:23,NINTEN,Ditto,Jr Trainer M,10,Route 6,1,1:24:05.73,1:24:05,1h24m5s,18,52,70,32,5:05,6.389,TRANSFORM,,,,259,6477,47171,29,18442,37,64791,55826,10,882,Flareon,Poisoned,Normal,Normal,33895,Ditto 1,Ditto,,01:23:59.36,01:24:05.75,05:05:19.38,32,18,1,24,5,75,TRANSFORM,,,,0,0,0,0,0,0,0,0,30,88,52,53,51,51,52,6953,9149,9293,6398,6398,8996,15,15,15,15,0,0,0,0,0,0,0,58,59,51,51,52,58442,1929416579,83905545,11138,314,259,2,0,6477,1560284544,23501,1510284804,47171,18471,29,18442,5642,25600,2128,235,-587079555,12413,8,10758,35851,15360,0,0,0,0,1,0,0,0,0,0,0,0,0,0,0,0,13568,43009,19,0,0,0,0,0,0,0,0,0,0,0,0,0,0,0,0,4,2306,0,0,48000300,814800,31,58906,21,34304,33536,34050,52,5,70,Flareon
12-04,12:26:38,NINTEN,Ditto,Jr Trainer M,10,Route 6,1,1:24:21.05,1:24:21,1h24m21s,19,52,71,32,5:05,8.157,TRANSFORM,,,,259,6477,47172,29,18442,39,64791,55826,10,882,Flareon, ,Normal,Normal,33895,Ditto 1,Ditto,,01:24:12.90,01:24:21.06,05:05:24.21,32,19,1,24,21,6,TRANSFORM,,,,0,0,0,0,0,0,0,0,24,88,52,53,51,51,52,6953,9149,9293,6398,6398,8996,15,15,15,15,0,0,0,0,0,0,0,58,59,51,51,52,58729,1929416566,83905967,10859,471,259,3,0,6477,1560284544,23501,1510284804,47172,18471,29,18442,5642,25600,2134,235,-587079549,12419,8,10758,35851,15360,0,0,0,0,1,0,0,0,0,0,0,0,0,0,0,0,13568,43008,19,0,0,0,0,0,0,0,0,0,0,0,0,0,0,0,0,4,2306,0,0,48000300,814800,31,58906,21,34304,33536,34050,52,5,71,Flareon
12-04,12:26:56,NINTEN,Ditto,Bug Catcher,10,Route 6,3,1:24:39.35,1:24:39,1h24m39s,19,52,71,32,5:06,10.247,TRANSFORM,,,,259,6488,47172,30,18442,42,64794,55826,10,1202,Flareon, ,Normal,Normal,34430,Ditto 1,Ditto,,01:24:29.11,01:24:39.35,05:06:35.56,32,19,1,24,39,35,TRANSFORM,,,,0,0,0,0,0,0,0,0,23,88,52,53,51,51,52,7078,9249,9388,6458,6458,9141,15,15,15,15,0,0,0,0,0,0,0,58,59,51,51,52,63024,1929417118,83908917,11652,471,259,3,0,6488,1560284544,23512,1510284804,47172,18472,30,18442,5642,25600,2322,359,-587079488,12480,11,10758,35851,15360,0,0,0,0,1,0,0,0,0,0,0,0,0,0,0,0,13568,43008,19,0,0,0,0,0,0,0,0,0,0,0,0,0,0,0,0,7,2841,0,0,48000300,814800,31,58906,21,34304,33536,34050,52,5,71,Flareon
12-04,12:27:18,NINTEN,Ditto,Youngster,9,Route 11,1,1:25:01.55,1:25:01,1h25m1s,19,52,71,32,5:08,6.436,TRANSFORM,,,,260,6591,47177,31,18442,44,64796,55827,10,1362,Flareon, ,Normal,Normal,34709,Ditto 1,Ditto,,01:24:55.13,01:25:01.57,05:08:03.16,32,19,1,25,1,57,TRANSFORM,,,,0,0,0,0,0,0,0,0,52,88,52,53,51,51,52,7113,9309,9432,6498,6498,9196,15,15,15,15,0,0,0,0,0,0,0,58,59,51,51,52,68264,1929419031,83910952,12944,471,260,3,0,6591,1560284544,23615,1510284804,47177,18473,31,18442,5642,25600,2409,408,-587079457,12511,13,10758,35852,15360,0,0,0,0,1,0,0,0,0,0,0,0,0,0,0,0,13568,43008,19,0,0,0,0,0,0,0,0,0,0,0,0,0,0,0,0,8,3120,0,0,48000300,814800,31,58906,21,34304,33536,34050,52,5,71,Flareon
12-04,12:27:36,NINTEN,Ditto,Gambler,1,Route 11,2,1:25:18.63,1:25:18,1h25m18s,19,52,71,32,5:09,9.153,TRANSFORM,,,,261,6602,47179,32,18442,47,64799,55828,10,1677,Flareon, ,Normal,Normal,35325,Ditto 1,Ditto,,01:25:09.49,01:25:18.64,05:09:10.32,32,19,1,25,18,64,TRANSFORM,,,,0,0,0,0,0,0,0,0,25,88,52,53,51,51,52,7183,9399,9542,6608,6608,9346,15,15,15,15,0,0,0,0,0,0,0,58,59,51,51,52,72300,1929419523,83913626,13814,471,261,3,0,6602,1560284544,23626,1510284804,47179,18474,32,18442,5642,25600,2530,494,-587079410,12558,16,10758,35853,15360,0,0,0,0,1,0,0,0,0,0,0,0,0,0,0,0,13568,43008,19,0,0,0,0,0,0,0,0,0,0,0,0,0,0,0,0,10,3736,0,0,48000300,814800,31,58906,21,34304,33536,34050,52,5,71,Flareon
12-04,12:27:57,NINTEN,Ditto,Youngster,12,Route 11,2,1:25:40.55,1:25:40,1h25m40s,19,52,71,33,5:10,10.248,TRANSFORM,,,,262,6624,47179,33,18442,50,64802,55829,10,2937,Flareon, ,Normal,Normal,36010,Ditto 1,Ditto,,01:25:30.32,01:25:40.56,05:10:36.39,33,19,1,25,40,56,TRANSFORM,,,,0,0,0,0,0,0,0,0,40,91,54,54,53,53,54,7290,9528,9639,6703,6703,9461,15,15,15,15,0,-1,0,0,0,0,0,60,39,53,53,54,77467,1929420442,83916575,15113,471,262,3,0,6624,1560284544,23648,1510284804,47179,18475,33,18442,5642,25600,2737,593,-587079362,12606,19,10758,35854,15360,0,0,0,0,3,0,0,0,0,0,0,0,0,0,0,0,13568,43008,19,0,0,0,0,0,0,0,0,0,0,0,0,0,0,0,0,12,4421,0,0,48000300,814800,31,58906,21,34304,33536,34050,52,5,71,Flareon
12-04,12:28:15,NINTEN,Ditto,Gambler,2,Route 11,2,1:25:57.68,1:25:57,1h25m57s,19,52,71,33,5:11,7.527,TRANSFORM,,,,263,6629,47179,34,18442,52,64804,55829,9,3207,Flareon, ,Normal,Normal,36634,Ditto 1,Ditto,,01:25:50.16,01:25:57.69,05:11:44.07,33,19,1,25,57,69,TRANSFORM,,,,0,0,0,0,0,0,0,0,43,91,54,54,53,53,54,7385,9653,9729,6848,6848,9531,15,15,15,15,0,0,0,0,0,0,0,60,60,53,53,54,81515,1929420875,83918866,16437,471,263,3,0,6629,1560284544,23653,1510284804,47179,18476,34,18442,5642,25600,2921,688,-587079315,12653,21,10758,35854,15360,0,0,0,0,5,0,0,0,0,0,0,0,0,0,0,0,13568,43008,19,0,0,0,0,0,0,0,0,0,0,0,0,0,0,0,0,14,5045,0,0,48000300,814800,31,58906,21,34304,33536,34050,52,5,71,Flareon
12-04,12:28:33,NINTEN,Ditto,Youngster,10,Route 11,2,1:26:15.67,1:26:15,1h26m15s,19,52,71,33,5:12,9.032,TRANSFORM,,,,264,6638,47180,35,18442,55,64807,55830,9,4467,Flareon, ,Normal,Normal,37231,Ditto 1,Ditto,,01:26:06.64,01:26:15.67,05:12:54.43,33,19,1,26,15,67,TRANSFORM,,,,0,0,0,0,0,0,0,0,35,91,54,54,53,53,54,7475,9773,9849,6918,6918,9626,15,15,15,15,0,0,0,0,0,0,0,60,60,53,53,54,85751,1929421341,83921504,17569,471,264,3,0,6638,1560284544,23662,1510284804,47180,18477,35,18442,5642,25600,3089,786,-587079267,12701,24,10759,35854,15360,0,0,0,0,6,0,0,0,0,0,0,0,0,0,0,0,13568,43008,19,0,0,0,0,0,0,0,0,0,0,0,0,0,0,0,0,16,5642,0,0,48000300,814800,31,58906,21,34304,33536,34050,52,5,71,Flareon
12-04,12:28:50,NINTEN,Ditto,Engineer,2,Route 11,1,1:26:33.42,1:26:33,1h26m33s,19,52,71,33,5:14,6.665,TRANSFORM,,,,265,6663,47180,36,18442,57,64809,55831,9,4752,Flareon, ,Normal,Normal,37631,Ditto 1,Ditto,,01:26:26.77,01:26:33.43,05:14:04.35,33,19,1,26,33,43,TRANSFORM,,,,0,0,0,0,0,0,0,0,33,91,54,54,53,53,54,7500,9808,9919,7013,7013,9671,15,15,15,15,0,0,0,0,0,0,0,60,60,53,53,54,89943,1929422351,83923595,18660,471,265,3,0,6663,1560284544,23687,1510284804,47180,18478,36,18442,5642,25600,3161,830,-587079225,12743,26,10759,35855,15360,0,0,0,0,6,0,0,0,0,0,0,0,0,0,0,0,13568,43008,19,0,0,0,0,0,0,0,0,0,0,0,0,0,0,0,0,17,6042,0,0,48000300,814800,31,58906,21,34304,33536,34050,52,5,71,Flareon
12-04,12:29:11,NINTEN,Ditto,Engineer,3,Route 11,3,1:26:54.47,1:26:54,1h26m54s,19,52,71,33,5:15,12.272,TRANSFORM,,,,266,6675,47182,37,18442,61,64813,55832,9,5802,Flareon, ,Normal,Normal,38936,Ditto 1,Ditto,,01:26:42.21,01:26:54.48,05:15:27.19,33,19,1,26,54,48,TRANSFORM,,,,0,0,0,0,0,0,0,0,11,91,54,54,53,53,54,7600,9938,10154,7323,7323,9831,15,15,15,15,0,0,0,0,0,0,0,60,60,53,53,54,94907,1929422821,83927009,19740,471,266,3,0,6675,1560284544,23699,1510284804,47182,18479,37,18442,5642,25600,3330,956,-587079163,12805,30,10760,35855,15360,0,0,0,0,7,0,0,0,0,0,0,0,0,0,0,0,13568,43008,19,0,0,0,0,0,0,0,0,0,0,0,0,0,0,0,0,20,7347,0,0,48000300,814800,31,58906,21,34304,33536,34050,52,5,71,Flareon
12-04,12:29:31,NINTEN,Ditto,Gambler,3,Route 11,2,1:27:14.32,1:27:14,1h27m14s,19,52,71,34,5:16,8.336,TRANSFORM,,,,267,6686,47183,38,18442,63,64815,55832,9,6702,Flareon, ,Normal,Normal,39674,Ditto 1,Ditto,,01:27:06.00,01:27:14.34,05:16:45.01,34,19,1,27,14,34,TRANSFORM,,,,0,0,0,0,0,0,0,0,53,94,56,56,54,54,56,7665,10003,10274,7473,7473,9976,15,15,15,15,0,0,0,0,0,0,0,63,63,54,54,56,99569,1929423451,83929492,21289,471,267,3,0,6686,1560284544,23710,1510284804,47183,18480,38,18442,5642,25600,3424,1040,-587079122,12846,32,10760,35855,15360,0,0,0,0,7,0,0,0,0,0,0,0,0,0,0,0,13568,43008,19,0,0,0,0,0,0,0,0,0,0,0,0,0,0,0,0,22,8085,0,0,48000300,814800,31,58906,21,34304,33536,34050,52,5,71,Flareon
12-04,12:31:46,NINTEN,Ditto,Youngster,5,Route 25,2,1:29:29.06,1:29:29,1h29m29s,21,52,73,34,5:22,7.281,TRANSFORM,,,,268,7036,47248,39,18444,66,64818,55832,9,137,Flareon, ,Normal,Normal,40261,Ditto 1,Ditto,,01:29:21.78,01:29:29.06,05:22:52.17,34,21,1,29,29,6,TRANSFORM,,,,0,0,0,0,0,0,0,0,55,94,56,56,54,54,56,7795,10167,10384,7619,7619,10160,15,15,15,15,0,0,0,0,0,0,0,63,63,54,54,56,121611,1929436811,83933723,25583,628,268,4,0,7036,1560284793,23811,1510284804,47248,18483,39,18444,5643,25600,3660,1158,-587079064,12904,35,10760,35855,15360,0,0,0,0,7,0,0,0,0,0,0,0,0,0,0,0,13568,43008,19,0,0,0,0,0,0,0,0,0,0,0,0,0,0,0,0,25,8672,0,0,48000300,814800,32,58933,22,34304,33536,34050,52,5,73,Flareon
12-04,12:31:58,NINTEN,Ditto,Youngster,6,Route 25,1,1:29:40.76,1:29:40,1h29m40s,21,52,73,34,5:23,6.487,TRANSFORM,,,,268,7040,47248,40,18444,68,64820,55833,9,362,Flareon, ,Normal,Normal,40621,Ditto 1,Ditto,,01:29:34.29,01:29:40.78,05:23:38.18,34,21,1,29,40,78,TRANSFORM,,,,0,0,0,0,0,0,0,0,39,94,56,56,54,54,56,7885,10232,10449,7659,7659,10175,15,15,15,15,0,0,0,0,0,0,0,63,63,54,54,56,124373,1929437141,83935752,25986,628,268,4,0,7040,1560284797,23811,1510284804,47248,18484,40,18444,5643,25600,3794,1218,-587079028,12940,37,10760,35856,15360,0,0,0,0,8,0,0,0,0,0,0,0,0,0,0,0,13568,43008,19,0,0,0,0,0,0,0,0,0,0,0,0,0,0,0,0,26,9032,0,0,48000300,814800,32,58933,22,34304,33536,34050,52,5,73,Flareon
12-04,12:32:22,NINTEN,Ditto,Youngster,7,Route 25,2,1:30:04.79,1:30:04,1h30m4s,21,52,73,34,5:25,7.385,TRANSFORM,,,,269,7075,47250,41,18444,70,64822,55833,10,617,Flareon, ,Normal,Normal,41086,Ditto 1,Ditto,,01:29:57.41,01:30:04.80,05:25:12.48,34,21,1,30,4,80,TRANSFORM,,,,0,0,0,0,0,0,0,0,41,94,56,56,54,54,56,7970,10367,10578,7729,7729,10270,15,15,15,15,0,0,0,0,0,0,0,63,63,54,54,56,130042,1929438676,83937990,27882,628,269,4,0,7075,1560284832,23811,1510284804,47250,18485,41,18444,5643,25600,3904,1294,-587078990,12978,39,10760,35856,15360,0,0,0,0,8,0,0,0,0,0,0,0,0,0,0,0,13568,43008,19,0,0,0,0,0,0,0,0,0,0,0,0,0,0,0,0,28,9497,0,0,48000300,814800,33,58933,22,34304,33536,34050,52,5,73,Flareon
12-04,12:33:14,NINTEN,Ditto,Youngster,11,Route 11,3,1:30:56.64,1:30:56,1h30m56s,21,52,73,34,5:28,10.107,TRANSFORM,,,,269,7474,47269,42,18444,73,64825,55833,10,827,Flareon, ,Normal,Normal,41921,Ditto 1,Ditto,,01:30:46.54,01:30:56.64,05:28:37.10,34,21,1,30,56,64,TRANSFORM,,,,0,0,0,0,0,0,0,0,32,94,56,56,54,54,56,8085,10560,10708,7829,7829,10511,15,15,15,15,0,0,0,0,0,0,0,63,63,54,54,56,142304,1929446889,83940879,29042,628,269,4,0,7474,1560285231,23811,1510284804,47269,18486,42,18444,5643,25600,4092,1420,-587078928,13040,42,10760,35856,15360,0,0,0,0,8,0,0,0,0,0,0,0,0,0,0,0,13568,43008,19,0,0,0,0,0,0,0,0,0,0,0,0,0,0,0,0,31,10332,0,0,48000300,814800,33,58933,22,34304,33536,34050,52,5,73,Flareon
12-04,12:33:38,NINTEN,Ditto,Gambler,4,Route 11,2,1:31:20.63,1:31:20,1h31m20s,21,52,73,34,5:30,7.575,TRANSFORM,,,,270,7489,47269,43,18445,76,64828,55833,10,1082,Flareon, ,Normal,Normal,42653,Ditto 1,Ditto,,01:31:13.06,01:31:20.64,05:30:11.15,34,21,1,31,20,64,TRANSFORM,,,,0,0,0,0,0,0,0,0,25,94,56,56,54,54,56,8208,10727,10828,7969,7969,10708,15,15,15,15,0,0,0,0,0,0,0,63,63,54,54,56,147949,1929447761,83944339,30355,628,270,4,0,7489,1560285246,23811,1510284804,47269,18488,43,18445,5643,25600,4333,1555,-587078861,13107,45,10760,35856,15360,0,0,0,0,9,0,0,0,0,0,0,0,0,0,0,0,13568,43008,19,0,0,0,0,0,0,0,0,0,0,0,0,0,0,0,0,34,11064,0,0,48000300,814800,33,58933,22,34304,33536,34050,52,5,73,Flareon
12-04,12:34:32,NINTEN,Ditto,Wrapping Lass,5,Route 9,4,1:32:14.99,1:32:14,1h32m14s,21,52,73,35,5:33,13.122,TRANSFORM,,,,271,7593,47275,44,18447,82,64834,55833,10,2342,Flareon, ,Normal,Normal,44148,Ditto 1,Ditto,RTG1 - Wrapping Lass,01:32:01.88,01:32:15.00,05:33:44.01,35,21,1,32,15,0,TRANSFORM,,,,0,0,0,0,0,0,0,0,2,96,58,58,56,56,58,8468,11078,11083,8319,8319,10976,15,15,15,15,0,0,0,0,0,0,0,65,65,56,56,58,160715,1929450499,83950319,34403,628,271,4,0,7593,1560285350,23811,1510284804,47275,18491,44,18447,5643,25600,4760,1820,-587078730,13238,51,10760,35856,15360,0,0,0,0,9,0,0,0,0,0,0,0,0,0,0,0,13568,43008,19,0,0,0,0,0,0,0,0,0,0,0,0,0,0,0,0,40,12559,0,0,48000300,814800,33,58933,22,34304,33536,34050,52,5,73,Flareon
12-04,12:35:11,NINTEN,Ditto,Bug Catcher,14,Route 9,3,1:32:54.26,1:32:54,1h32m54s,21,52,73,35,5:36,11.916,TRANSFORM,,,,271,7738,47280,45,18447,86,64838,55834,11,2702,Flareon, ,Normal,Normal,44917,Ditto 1,Ditto,,01:32:42.36,01:32:54.28,05:36:18.32,35,21,1,32,54,28,TRANSFORM,,,,0,0,0,0,0,0,0,0,15,96,58,58,56,56,58,8613,11198,11198,8399,8399,11116,15,15,15,15,0,0,0,0,0,0,0,65,65,56,56,58,169986,1929454505,83953655,36332,628,271,4,0,7738,1560285495,23811,1510284804,47280,18492,45,18447,5643,25600,5004,1977,-587078649,13319,55,10760,35857,15360,0,0,0,0,9,0,0,0,0,0,0,0,0,0,0,0,13568,43008,19,0,0,0,0,0,0,0,0,0,0,0,0,0,0,0,0,43,13328,0,0,48000300,814800,34,58933,22,34304,33536,34050,52,5,73,Flareon
12-04,12:36:27,NINTEN,Ditto,Slowbone,7,Rock Tunnel - 1,2,1:34:10.33,1:34:10,1h34m10s,21,52,73,35,5:41,11.408,TRANSFORM,,,,272,8060,47312,46,18447,90,64842,55836,10,102,Flareon, ,Normal,Normal,45831,Ditto 1,Ditto,,01:33:58.94,01:34:10.35,05:41:18.25,35,21,1,34,10,35,TRANSFORM,,,,0,0,0,0,0,0,0,0,13,96,58,58,56,56,58,8753,11313,11358,8479,8479,11166,15,15,15,15,0,-1,0,0,0,0,0,73,42,56,56,58,187980,1929465181,83956759,40546,628,272,4,0,8060,1560285817,23811,1510284804,47312,18493,46,18447,5643,25600,5157,2114,-587078567,13401,59,10760,35859,15360,0,0,0,0,9,0,0,0,0,0,0,0,0,0,0,0,13568,43008,19,0,0,0,0,0,0,0,0,0,0,0,0,0,0,0,0,45,14242,0,0,48000300,814800,35,58949,24,34304,33536,34050,52,5,73,Flareon
12-04,12:36:48,NINTEN,Ditto,Pokemaniac,5,Rock Tunnel,1,1:34:31.09,1:34:31,1h34m31s,21,52,73,35,5:42,8.118,TRANSFORM,,,,273,8095,47316,47,18447,93,64845,55838,10,1252,Flareon, ,Normal,Normal,46360,Ditto 1,Ditto,,01:34:22.97,01:34:31.09,05:42:39.41,35,21,1,34,31,9,TRANSFORM,,,,0,0,0,0,0,0,0,0,41,96,58,58,56,56,58,8843,11378,11423,8519,8519,11181,15,15,15,15,0,0,0,0,0,0,0,65,65,56,56,58,192855,1929466235,83959067,42059,628,273,4,0,8095,1560285852,23811,1510284804,47316,18494,47,18447,5643,25600,5271,2198,-587078515,13453,62,10761,35860,15360,0,0,0,0,9,0,0,0,0,0,0,0,0,0,0,0,13568,43008,19,0,0,0,0,0,0,0,0,0,0,0,0,0,0,0,0,46,14771,0,0,48000300,814800,35,58949,24,34304,33536,34050,52,5,73,Flareon
12-04,12:37:08,NINTEN,Ditto,Status-Condition-Jr-Trainer,10,Rock Tunnel,2,1:34:50.90,1:34:50,1h34m50s,21,52,73,36,5:43,10.213,TRANSFORM,,,,274,8109,47317,48,18447,96,64848,55839,10,2502,Flareon,Poisoned,Normal,Normal,47028,Ditto 1,Ditto,RTG4 - Status Jr Trainer,01:34:40.69,01:34:50.90,05:43:57.30,36,21,1,34,50,90,TRANSFORM,,,,0,0,0,0,0,0,0,0,45,99,59,60,58,58,59,8933,11477,11527,8659,8659,11256,15,15,15,15,0,0,0,0,0,0,0,66,67,58,58,59,197524,1929466852,83961881,43297,628,274,4,0,8109,1560285866,23811,1510284804,47317,18495,48,18447,5643,25600,5444,2308,-587078461,13507,65,10761,35861,15360,0,0,0,0,10,0,0,0,0,0,0,0,0,0,0,0,13568,43009,19,0,0,0,0,0,0,0,0,0,0,0,0,0,0,0,0,48,15439,0,0,48000300,814800,35,58949,24,34304,33536,34050,52,5,73,Flareon
12-04,12:37:25,NINTEN,Ditto,Status-Condition-Jr-Trainer,10,Rock Tunnel,2,1:35:08.43,1:35:08,1h35m8s,22,52,74,36,5:44,11.8,TRANSFORM,,,,274,8109,47317,48,18447,97,64849,55840,10,2502,Flareon, ,Normal,Normal,47028,Ditto 1,Ditto,RTG4 - Status Jr Trainer,01:34:56.64,01:35:08.44,05:44:02.01,36,22,1,35,8,44,TRANSFORM,,,,0,0,0,0,0,0,0,0,38,99,59,60,58,58,59,8933,11477,11527,8659,8659,11256,15,15,15,15,0,0,0,0,0,0,0,66,67,58,58,59,197801,1929466857,83962260,43035,783,274,5,0,8109,1560285866,23811,1510284804,47317,18495,48,18447,5643,25600,5472,2310,-587078454,13514,66,10762,35861,15360,0,0,0,0,9,0,0,0,0,0,0,0,0,0,0,0,13568,43008,19,0,0,0,0,0,0,0,0,0,0,0,0,0,0,0,0,48,15439,0,0,48000300,814800,35,58949,24,34304,33536,34050,52,5,74,Flareon
12-04,12:39:02,NINTEN,Ditto,Selfdestructing Hiker,9,Rock Tunnel,3,1:36:44.74,1:36:44,1h36m44s,24,52,76,36,5:47,23.183,TRANSFORM,,,,275,8222,47334,49,18448,109,64859,55852,9,2942,Flareon, ,Normal,Normal,48405,Ditto 1,Ditto,,01:36:21.56,01:36:44.74,05:47:36.14,36,24,1,36,44,74,TRANSFORM,,,,9,0,0,0,0,0,0,0,70,99,59,60,58,58,59,9068,11732,11842,8764,8764,11331,15,15,15,15,0,5,0,0,0,0,0,73,196,20,20,16,210659,1929470713,83968854,45289,937,275,6,0,8222,1560285979,23811,1510284804,47334,18497,49,18448,5644,25600,5481,2319,-587078426,13542,67,10768,35868,15360,0,0,0,0,9,0,0,0,0,0,0,0,0,0,0,0,13568,43008,19,0,0,0,0,0,0,0,0,0,0,0,0,0,0,0,0,51,16816,0,0,48000300,814800,35,58949,24,34304,33536,34050,52,5,76,Flareon
12-04,12:40:27,NINTEN,Ditto,Finisher,18,Rock Tunnel - 1,3,1:38:09.69,1:38:09,1h38m9s,26,52,78,36,5:49,15.391,TRANSFORM,,,,276,8274,47345,50,18448,115,64865,55857,8,3677,Flareon, ,Normal,Normal,49268,Ditto 1,Ditto,RTG6 - Finisher,01:37:54.30,01:38:09.69,05:49:40.26,36,26,1,38,9,69,TRANSFORM,,,,8,0,0,0,0,0,0,0,35,99,59,60,58,58,59,9193,11872,11972,8914,8914,11507,15,15,15,15,0,0,0,0,0,0,0,26,22,24,24,44,218117,1929472656,83972881,46617,1097,276,7,0,8274,1560286031,23811,1510284804,47345,18498,50,18448,5644,25600,5695,2468,-587078362,13606,72,10768,35872,15360,0,0,0,0,10,0,1,0,0,0,0,0,0,0,0,0,13568,43008,19,0,0,0,0,0,0,0,0,0,0,0,0,0,0,0,0,54,17679,0,0,48000300,814800,35,58949,24,34304,33536,34050,52,5,78,Flareon
12-04,12:41:16,NINTEN,Ditto,Gambler,7,Route 8,2,1:38:58.69,1:38:58,1h38m58s,26,52,78,36,5:52,16.69,TRANSFORM,,,,277,8480,47382,51,18449,122,64872,55863,10,4189,Flareon, ,Normal,Normal,50060,Ditto 1,Ditto,,01:38:42.00,01:38:58.69,05:52:53.49,36,26,1,38,58,69,TRANSFORM,,,,9,0,0,0,0,0,0,0,55,99,59,60,58,58,59,9286,11983,12057,9029,9029,11632,15,15,15,15,0,0,0,0,0,0,0,42,30,32,32,37,229720,1929478517,83978064,47176,1097,277,7,0,8480,1560286237,23811,1510284804,47382,18500,51,18449,5645,25600,5835,2588,-587078318,13650,78,10769,35875,15360,0,0,0,0,10,0,2,0,0,0,0,0,0,0,0,0,13568,43008,19,0,0,0,0,0,0,0,0,0,0,0,0,0,0,0,0,56,18471,0,0,48000300,814800,36,58949,24,34304,33536,34050,52,5,78,Flareon
12-04,12:42:10,NINTEN,Ditto,Rocket,7,Celadon City - Game Corner,2,1:39:52.81,1:39:52,1h39m52s,26,52,78,37,5:56,11.254,TRANSFORM,,,,277,8738,47396,52,18449,126,64876,55865,10,5869,Flareon, ,Normal,Normal,50787,Ditto 1,Ditto,,01:39:41.56,01:39:52.81,05:56:27.44,37,26,1,39,52,81,TRANSFORM,,,,9,0,0,0,0,0,0,0,80,102,61,61,60,60,61,9381,12109,12152,9119,9119,11784,15,15,15,15,0,-1,0,0,0,0,0,46,23,28,28,47,242555,1929487652,83981247,47693,1097,277,7,0,8738,1560286495,23811,1510284804,47396,18501,52,18449,5645,25600,5989,2692,-587078296,13672,81,10769,35877,15360,0,0,0,0,10,0,2,0,0,0,0,0,0,0,0,0,13568,43008,19,0,0,0,0,0,0,0,0,0,0,0,0,0,0,0,0,58,19198,0,0,48000300,814800,39,58949,24,34304,33536,34050,52,5,78,Flareon
12-04,12:42:59,NINTEN,Ditto,Rocket,15,Rocket Hideout 3,2,1:40:42.46,1:40:42,1h40m42s,26,52,78,37,5:59,13.02,TRANSFORM,,,,278,8944,47417,53,18449,131,64881,55870,12,6469,Flareon, ,Normal,Normal,51579,Ditto 1,Ditto,,01:40:29.45,01:40:42.47,05:59:44.18,37,26,1,40,42,47,TRANSFORM,,,,8,0,0,0,0,0,0,0,5,102,61,61,60,60,61,9521,12269,12252,9189,9189,11854,15,15,15,15,0,0,0,0,0,0,0,42,29,23,23,23,254349,1929494812,83984809,48765,1097,278,7,0,8944,1560286701,23811,1510284804,47417,18502,53,18449,5645,25600,6119,2818,-587078201,13767,85,10769,35882,15360,0,0,0,0,11,0,3,0,0,0,0,0,0,0,0,0,13568,43008,19,0,0,0,0,0,0,0,0,0,0,0,0,0,0,0,0,60,19990,0,0,48000300,814800,43,58949,24,34304,33536,34050,52,5,78,Flareon
12-04,12:50:13,NINTEN,Ditto,Lass,17,Celadon City - Gym,2,1:47:56.46,1:47:56,1h47m56s,27,52,79,37,6:26,15.172,TRANSFORM,,,,279,9725,47483,54,18460,149,64894,55882,13,2624,Flareon, ,Normal,Normal,52737,Ditto 1,Ditto,,01:47:41.30,01:47:56.47,06:26:39.36,37,27,1,47,56,47,TRANSFORM,,,,0,0,0,0,0,0,0,0,26,102,61,61,60,60,61,9636,12434,12337,9344,9344,11949,15,15,15,15,0,0,0,0,0,0,0,68,68,60,60,61,351272,1929561157,84001315,62680,1254,279,8,0,9725,1560287482,23811,1510284804,47483,18514,54,18460,5655,25600,6323,2943,-587078104,13864,88,10769,35894,15360,0,0,0,0,12,0,4,0,0,0,0,0,0,0,0,0,13568,43008,19,0,0,0,0,0,0,0,0,0,0,0,4,0,0,0,0,62,21148,0,0,48000300,814800,48,59104,37,34305,33537,34051,52,5,79,Flareon
12-04,12:50:28,NINTEN,Ditto,Beauty,2,Celadon City - Gym,2,1:48:11.28,1:48:11,1h48m11s,27,52,79,37,6:27,7.487,TRANSFORM,,,,279,9728,47483,55,18460,151,64896,55882,13,2969,Flareon, ,Normal,Normal,53601,Ditto 1,Ditto,,01:48:03.79,01:48:11.28,06:27:37.41,37,27,1,48,11,28,TRANSFORM,,,,0,0,0,0,0,0,0,0,36,102,61,61,60,60,61,9736,12584,12407,9484,9484,12029,15,15,15,15,0,0,0,0,0,0,0,68,68,60,60,61,354758,1929561502,84003587,63549,1254,279,8,0,9728,1560287485,23811,1510284804,47483,18515,55,18460,5655,25600,6484,3065,-587078044,13924,90,10769,35894,15360,0,0,0,0,13,0,4,0,0,0,0,0,0,0,0,0,13568,43008,19,0,0,0,0,0,0,0,0,0,0,0,4,0,0,0,0,64,22012,0,0,48000300,814800,48,59104,37,34305,33537,34051,52,5,79,Flareon
12-04,12:50:55,NINTEN,Ditto,Beauty,1,Celadon City - Gym,4,1:48:37.61,1:48:37,1h48m37s,27,52,79,37,6:29,14.477,TRANSFORM,,,,280,9738,47484,56,18460,156,64901,55883,13,4649,Flareon, ,Normal,Normal,54681,Ditto 1,Ditto,,01:48:23.15,01:48:37.63,06:29:21.32,37,27,1,48,37,63,TRANSFORM,,,,0,0,0,0,0,0,0,0,0,102,61,61,60,60,61,9876,12759,12552,9704,9704,12129,15,15,15,15,0,0,0,0,0,0,0,68,68,60,60,61,360988,1929562172,84007502,65194,1254,280,8,0,9738,1560287495,23811,1510284804,47484,18516,56,18460,5655,25600,6827,3281,-587077938,14030,95,10769,35894,15360,0,0,0,0,14,0,4,0,0,0,0,0,0,0,0,0,13568,43008,19,0,0,0,0,0,0,0,0,0,0,0,4,0,0,0,0,68,23092,0,0,48000300,814800,48,59104,37,34305,33537,34051,52,5,79,Flareon
12-04,12:51:45,NINTEN,Ditto,Beauty,3,Celadon City - Gym,1,1:49:28.35,1:49:28,1h49m28s,29,52,81,37,6:29,9.401,TRANSFORM,,,,280,9770,47489,56,18460,155,64900,55885,13,4649,Flareon, ,Normal,Normal,54147,Ditto 1,Ditto,,01:49:18.95,01:49:28.35,06:29:26.05,37,29,1,49,28,35,TRANSFORM,,,,0,0,0,0,0,0,0,0,68,102,61,61,60,60,61,9796,12624,12487,9544,9544,12069,15,15,15,15,0,0,0,0,0,0,0,68,68,60,60,61,361267,1929563171,84006308,65513,1409,280,9,0,9770,1560287527,23811,1510284804,47489,18516,56,18460,5655,25600,6566,3136,-587078010,13958,94,10771,35895,15360,0,0,0,0,13,0,4,0,0,0,0,0,0,0,0,0,13568,43008,19,0,0,0,0,0,0,0,0,0,0,0,4,0,0,0,0,65,22558,0,0,48000300,814800,48,59104,37,34305,33537,34051,52,5,81,Flareon
12-04,12:52:14,NINTEN,Ditto,Jr Trainer F,11,Celadon City - Gym,2,1:49:56.75,1:49:56,1h49m56s,29,52,81,38,6:31,14.058,TRANSFORM,,,,281,9788,47494,57,18460,160,64905,55888,13,6469,Flareon,Poisoned,Normal,Normal,55199,Ditto 1,Ditto,,01:49:42.70,01:49:56.76,06:31:18.17,38,29,1,49,56,76,TRANSFORM,,,,0,0,0,0,0,0,0,0,21,105,63,63,62,62,63,9901,12735,12599,9689,9689,12174,15,15,15,15,-1,0,0,0,0,0,0,46,70,62,62,63,367999,1929564289,84010129,67306,1409,281,9,0,9788,1560287545,23811,1510284804,47494,18517,57,18460,5655,25600,6763,3261,-587077926,14042,99,10771,35898,15360,0,0,0,0,13,0,4,0,0,0,0,0,0,0,0,0,13568,43009,19,0,0,0,0,0,0,0,0,0,0,0,4,0,0,0,0,67,23610,0,0,48000300,814800,48,59104,37,34305,33537,34051,52,5,81,Flareon
12-04,13:03:52,NINTEN,Ditto,Pokemaniac,2,Route 10,2,1:54:19.89,1:54:19,1h54m19s,32,52,84,38,6:42,10.848,TRANSFORM,,,,284,10348,47541,58,18470,174,64919,55900,13,6949,Flareon, ,Normal,Normal,55994,Ditto 1,Ditto,RTG3 - Pokemaniac 2,01:54:09.06,01:54:19.91,06:42:23.36,38,32,1,54,19,91,TRANSFORM,,,,0,0,0,0,0,0,0,0,45,105,63,63,62,62,63,10041,12850,12759,9769,9769,12224,15,15,15,15,0,-1,0,0,0,0,0,78,46,62,62,63,407935,1929579982,84024574,76633,1880,284,12,0,10348,1560288007,23909,1510284804,47541,18528,58,18470,5665,25600,6954,3383,-587077838,14130,103,10773,35909,15360,0,0,0,0,13,0,5,0,0,0,0,0,0,0,0,0,13568,43009,19,0,0,0,0,0,0,0,0,0,0,0,4,0,0,0,0,69,24405,0,0,48000300,814800,48,59104,37,34305,33537,34051,52,5,84,Flareon
12-04,13:04:15,NINTEN,Ditto,Hiker,8,Route 10,2,1:54:43.34,1:54:43,1h54m43s,32,52,84,38,6:43,17.626,TRANSFORM,,,,284,10362,47541,59,18470,181,64926,55905,13,7949,Flareon, ,Normal,Normal,56977,Ditto 1,Ditto,,01:54:25.72,01:54:43.35,06:43:56.09,38,32,1,54,43,35,TRANSFORM,,,,0,0,0,0,0,0,0,0,24,105,63,63,62,62,63,10131,12990,13034,9844,9844,12329,15,15,15,15,0,-2,0,0,0,0,0,78,34,62,62,63,413488,1929580409,84029274,77059,1880,284,12,0,10362,1560288021,23909,1510284804,47541,18529,59,18470,5665,25600,7065,3480,-587077767,14201,110,10775,35912,15360,0,0,0,0,13,0,5,0,0,0,0,0,0,0,0,0,13568,43009,19,0,0,0,0,0,0,0,0,0,0,0,4,0,0,0,0,71,25388,0,0,48000300,814800,48,59104,37,34305,33537,34051,52,5,84,Flareon
12-04,13:04:36,NINTEN,Ditto,Jr Trainer F,8,Route 10,2,1:55:04.35,1:55:04,1h55m4s,32,52,84,38,6:45,9.465,TRANSFORM,,,,285,10393,47542,60,18470,184,64929,55906,13,8614,Flareon, ,Normal,Normal,57732,Ditto 1,Ditto,,01:54:54.88,01:55:04.35,06:45:18.50,38,32,1,55,4,35,TRANSFORM,,,,0,0,0,0,0,0,0,0,38,105,63,63,62,62,63,10234,13095,13129,9929,9929,12456,15,15,15,15,0,0,0,0,0,0,0,70,70,62,62,63,418449,1929581374,84032020,78309,1880,285,12,0,10393,1560288052,23909,1510284804,47542,18530,60,18470,5665,25600,7241,3591,-587077700,14268,113,10775,35913,15360,0,0,0,0,13,0,6,0,0,0,0,0,0,0,0,0,13568,43009,19,0,0,0,0,0,0,0,0,0,0,0,4,0,0,0,0,73,26143,0,0,48000300,814800,48,59104,37,34305,33537,34051,52,5,84,Flareon
12-04,13:05:06,NINTEN,Ditto,Hiker,7,Route 10,2,1:55:33.63,1:55:33,1h55m33s,32,52,84,38,6:47,23.068,TRANSFORM,,,,285,10399,47542,61,18470,193,64938,55914,13,9034,Flareon, ,Normal,Normal,58605,Ditto 1,Ditto,,01:55:10.56,01:55:33.63,06:47:14.23,38,32,1,55,33,63,TRANSFORM,,,,0,0,0,0,0,0,0,0,16,105,63,63,62,62,63,10309,13220,13389,9989,9989,12546,15,15,15,15,0,-4,0,0,0,0,0,87,22,62,62,63,425382,1929581688,84038025,78923,1880,285,12,0,10399,1560288058,23909,1510284804,47542,18531,61,18470,5665,25600,7344,3682,-587077611,14357,122,10775,35919,15360,0,0,0,0,13,0,6,0,0,0,0,0,0,0,0,0,13568,43009,19,0,0,0,0,0,0,0,0,0,0,0,4,0,0,0,0,75,27016,0,0,48000300,814800,48,59104,37,34305,33537,34051,52,5,84,Flareon
12-04,13:05:30,NINTEN,Ditto,Lass,16,Route 8,2,1:55:57.93,1:55:57,1h55m57s,32,52,84,38,6:48,12.547,TRANSFORM,,,,285,10467,47574,62,18470,197,64942,55916,13,9769,Flareon, ,Normal,Normal,59243,Ditto 1,Ditto,,01:55:45.40,01:55:57.95,06:48:50.11,38,32,1,55,57,95,TRANSFORM,,,,0,0,0,0,0,0,0,0,31,105,63,63,62,62,63,10449,13310,13485,10109,10109,12616,15,15,15,15,-1,0,0,0,0,0,0,46,78,62,62,63,431130,1929583184,84041636,79564,1880,285,12,0,10467,1560288126,23909,1510284804,47574,18532,62,18470,5665,25600,7625,3814,-587077537,14431,126,10775,35921,15360,0,0,0,0,14,0,6,0,0,0,0,0,0,0,0,0,13568,43009,19,0,0,0,0,0,0,0,0,0,0,0,4,0,0,0,0,77,27654,0,0,48000300,814800,48,59104,37,34305,33537,34051,52,5,84,Flareon
12-04,13:06:17,NINTEN,Ditto,Lass,14,Route 8,3,1:56:44.68,1:56:44,1h56m44s,33,52,85,39,6:50,10.9,TRANSFORM,,,,286,10507,47581,63,18470,200,64945,55916,13,10099,Flareon, ,Normal,Normal,60305,Ditto 1,Ditto,,01:56:33.79,01:56:44.69,06:50:34.02,39,33,1,56,44,69,TRANSFORM,,,,0,0,0,0,0,0,0,0,23,107,65,65,63,63,65,10569,13445,13590,10229,10229,12886,15,15,15,15,0,0,0,0,0,0,0,73,73,63,63,65,437367,1929585013,84044762,80691,2035,286,13,0,10507,1560288166,23909,1510284804,47581,18533,63,18470,5665,25600,7829,3985,-587077453,14515,129,10775,35921,15360,0,0,0,0,14,0,6,0,0,0,0,0,0,0,0,0,13568,43009,19,0,0,0,0,0,0,0,0,0,0,0,4,0,0,0,0,80,28716,0,0,48000300,814800,48,59104,37,34305,33537,34051,52,5,85,Flareon
12-04,13:06:32,NINTEN,Ditto,Super Nerd,5,Route 8,1,1:56:59.62,1:56:59,1h56m59s,33,52,85,39,6:51,6.498,TRANSFORM,,,,287,10508,47582,64,18470,202,64947,55917,13,10459,Flareon, ,Normal,Normal,60939,Ditto 1,Ditto,,01:56:53.13,01:56:59.63,06:51:32.42,39,33,1,56,59,63,TRANSFORM,,,,0,0,0,0,0,0,0,0,73,107,65,65,63,63,65,10609,13510,13685,10289,10289,12921,15,15,15,15,0,0,0,0,0,0,0,73,73,63,63,65,440887,1929585354,84046776,81856,2035,287,13,0,10508,1560288167,23909,1510284804,47582,18534,64,18470,5665,25600,7892,4045,-587077419,14549,131,10775,35922,15360,0,0,0,0,14,0,6,0,0,0,0,0,0,0,0,0,13568,43009,19,0,0,0,0,0,0,0,0,0,0,0,4,0,0,0,0,81,29350,0,0,48000300,814800,48,59104,37,34305,33537,34051,52,5,85,Flareon
12-04,13:06:49,NINTEN,Ditto,Lass,13,Route 8,2,1:57:16.97,1:57:16,1h57m16s,33,52,85,39,6:52,12.718,TRANSFORM,,,,287,10509,47582,65,18470,206,64951,55919,13,11109,Flareon, ,Normal,Normal,61804,Ditto 1,Ditto,,01:57:04.26,01:57:16.98,06:52:41.00,39,33,1,57,16,98,TRANSFORM,,,,0,0,0,0,0,0,0,0,11,107,65,65,63,63,65,10734,13619,13804,10384,10384,13018,15,15,15,15,0,0,0,0,0,0,0,73,73,63,63,65,444985,1929585580,84050296,82208,2035,287,13,0,10509,1560288168,23909,1510284804,47582,18535,65,18470,5665,25600,8133,4174,-587077323,14645,135,10775,35924,15360,0,0,0,0,15,0,8,0,0,0,0,0,0,0,0,0,13568,43009,19,0,0,0,0,0,0,0,0,0,0,0,4,0,0,0,0,83,30215,0,0,48000300,814800,48,59104,37,34305,33537,34051,52,5,85,Flareon
12-04,13:07:18,NINTEN,Ditto,Gambler,5,Route 8,3,1:57:45.97,1:57:45,1h57m45s,33,52,85,39,6:54,18.052,TRANSFORM,,,,288,10538,47582,66,18470,215,64955,55926,13,11454,Flareon, ,Normal,Normal,62530,Ditto 1,Ditto,,01:57:27.92,01:57:45.97,06:54:35.20,39,33,1,57,45,97,TRANSFORM,,,,0,0,0,0,0,0,0,0,0,107,65,65,63,63,65,10814,13719,13884,10464,10464,13198,15,15,15,15,0,0,0,0,-1,0,0,82,82,63,63,42,451845,1929586513,84055058,83373,2035,288,13,0,10538,1560288197,23909,1510284804,47582,18536,66,18470,5665,25600,8360,4344,-587077212,14756,139,10775,35931,15360,0,0,0,0,15,0,8,0,0,0,0,0,0,0,0,0,13568,43009,19,0,0,0,0,0,0,0,0,0,0,0,8,0,0,0,0,86,30941,0,0,48000300,814800,48,59104,37,34305,33537,34051,52,5,85,Flareon
12-04,13:07:35,NINTEN,Ditto,Gambler,5,Route 8,3,1:58:03.58,1:58:03,1h58m3s,34,52,86,39,6:54,11.835,TRANSFORM,,,,288,10538,47583,66,18470,210,64955,55920,13,11454,Flareon, ,Normal,Normal,63146,Ditto 1,Ditto,,01:57:51.75,01:58:03.59,06:54:11.00,39,34,1,58,3,59,TRANSFORM,,,,0,0,0,0,0,0,0,0,24,107,65,65,63,63,65,10879,13784,13949,10514,10514,13288,15,15,15,15,0,0,0,0,0,0,0,73,73,63,63,65,450391,1929586666,84053575,83094,2190,288,14,0,10538,1560288197,23909,1510284804,47583,18536,66,18470,5665,25600,8356,4344,-587077240,14728,139,10775,35924,15360,0,0,0,0,15,0,8,0,0,0,0,0,0,0,0,0,13568,43009,19,0,0,0,0,0,0,0,0,0,0,0,4,0,0,0,0,86,31557,0,0,48000300,814800,48,59104,37,34305,33537,34051,52,5,86,Flareon
12-04,13:08:01,NINTEN,Ditto,Super Nerd,3,Route 8,4,1:58:29.15,1:58:29,1h58m29s,34,52,86,40,6:55,16.317,TRANSFORM,,,,289,10549,47584,67,18470,215,64960,55921,13,12994,Flareon, ,Normal,Normal,64896,Ditto 1,Ditto,,01:58:12.85,01:58:29.16,06:55:51.40,40,34,1,58,29,16,TRANSFORM,,,,0,0,0,0,0,0,0,0,13,110,67,67,65,65,67,11024,13944,14214,10779,10779,13568,15,15,15,15,0,0,0,0,0,0,0,75,75,65,65,67,456431,1929587221,84057950,84204,2190,289,14,0,10549,1560288208,23909,1510284804,47584,18537,67,18470,5665,25600,8620,4534,-587077143,14825,144,10775,35925,15360,0,0,0,0,15,0,8,0,0,0,0,0,0,0,0,0,13568,43009,19,0,0,0,0,0,0,0,0,0,0,0,4,0,0,0,0,90,33307,0,0,48000300,814800,48,59104,37,34305,33537,34051,52,5,86,Flareon
12-04,13:09:31,NINTEN,Ditto,Fisher,3,Route 12,3,1:59:06.45,1:59:06,1h59m6s,34,52,86,40,6:58,10.331,TRANSFORM,,,,290,10610,47586,68,18470,218,64963,55921,13,13494,Flareon, ,Normal,Normal,66303,Ditto 1,Ditto,,01:58:56.13,01:59:06.46,06:58:18.21,40,34,1,59,6,46,TRANSFORM,,,,0,0,0,0,0,0,0,0,30,110,67,67,65,65,67,11154,14128,14374,10919,10919,13784,15,15,15,15,0,0,0,0,0,0,0,75,75,65,65,67,465232,1929588957,84060896,88323,2190,290,14,0,10610,1560288269,23909,1510284804,47586,18538,68,18470,5665,25600,8807,4697,-587077063,14905,147,10775,35925,15360,0,0,0,0,15,0,8,0,0,0,0,0,0,0,0,0,13568,43009,19,0,0,0,0,0,0,0,0,0,0,0,4,0,0,0,0,93,34714,0,0,48000300,814800,48,59104,37,34305,33537,34051,52,5,86,Flareon
12-04,13:09:46,NINTEN,Ditto,Fisher,4,Route 12,2,1:59:21.71,1:59:21,1h59m21s,34,52,86,40,6:59,7.623,TRANSFORM,,,,290,10626,47586,69,18470,220,64965,55921,13,14264,Flareon, ,Normal,Normal,67413,Ditto 1,Ditto,,01:59:14.09,01:59:21.72,06:59:18.08,40,34,1,59,21,72,TRANSFORM,,,,0,0,0,0,0,0,0,0,53,110,67,67,65,65,67,11239,14235,14469,11069,11069,13917,15,15,15,15,0,0,0,0,0,0,0,75,75,65,65,67,468819,1929589568,84063211,88984,2190,290,14,0,10626,1560288285,23909,1510284804,47586,18539,69,18470,5665,25600,8967,4813,-587077006,14962,149,10775,35925,15360,0,0,0,0,16,0,8,0,0,0,0,0,0,0,0,0,13568,43009,19,0,0,0,0,0,0,0,0,0,0,0,4,0,0,0,0,95,35824,0,0,48000300,814800,48,59104,37,34305,33537,34051,52,5,86,Flareon
12-04,13:10:02,NINTEN,Ditto,Fisher,5,Route 12,1,1:59:37.49,1:59:37,1h59m37s,34,52,86,40,7:00,6.392,TRANSFORM,,,,291,10645,47588,70,18470,222,64967,55922,13,15104,Flareon, ,Normal,Normal,68055,Ditto 1,Ditto,,01:59:31.10,01:59:37.49,07:00:20.20,40,34,1,59,37,49,TRANSFORM,,,,0,0,0,0,0,0,0,0,65,110,67,67,65,65,67,11284,14302,14529,11119,11119,13980,15,15,15,15,0,0,0,0,0,0,0,75,75,65,65,67,472551,1929590224,84065235,90036,2190,291,14,0,10645,1560288304,23909,1510284804,47588,18540,70,18470,5665,25600,9064,4878,-587076968,15000,151,10775,35926,15360,0,0,0,0,16,0,8,0,0,0,0,0,0,0,0,0,13568,43009,19,0,0,0,0,0,0,0,0,0,0,0,4,0,0,0,0,96,36466,0,0,48000300,814800,48,59104,37,34305,33537,34051,52,5,86,Flareon
12-04,13:10:30,NINTEN,Ditto,Fisher,6,Route 12,4,2:00:05.29,2:00:05,2h0m5s,34,52,86,41,7:02,17.226,TRANSFORM,,,,292,10674,47591,71,18470,228,64973,55924,13,16049,Flareon, ,Normal,Normal,69709,Ditto 1,Ditto,,01:59:48.07,02:00:05.30,07:02:10.07,41,34,2,0,5,30,TRANSFORM,,,,0,0,0,0,0,0,0,0,13,113,68,68,67,67,68,11429,14524,14799,11324,11324,14233,15,15,15,15,0,0,0,0,0,0,0,76,76,67,67,68,479138,1929591301,84069821,90960,2190,292,14,0,10674,1560288333,23909,1510284804,47591,18541,71,18470,5665,25600,9360,5074,-587076868,15100,156,10776,35927,15360,0,0,0,0,17,0,8,0,0,0,0,0,0,0,0,0,13568,43009,19,0,0,0,0,0,0,0,0,0,0,0,4,0,0,0,0,100,38120,0,0,48000300,814800,48,59104,37,34305,33537,34051,52,5,86,Flareon
12-04,13:11:16,NINTEN,Ditto,Beauty,1,Celadon City - Gym,4,2:00:51.21,2:00:51,2h0m51s,34,52,86,41,7:05,13.131,TRANSFORM,,,,293,10867,47604,72,18470,232,64977,55924,13,16784,Flareon, ,Normal,Normal,71167,Ditto 1,Ditto,,02:00:38.09,02:00:51.22,07:05:11.11,41,34,2,0,51,22,TRANSFORM,,,,0,0,0,0,0,0,0,0,7,113,68,68,67,67,68,11619,14774,14979,11614,11614,14373,15,15,15,15,0,0,0,0,0,0,0,76,76,67,67,68,490002,1929595551,84073429,93966,2190,293,14,0,10867,1560288424,24011,1510284804,47604,18542,72,18470,5665,25600,9657,5290,-587076762,15206,160,10776,35927,15360,0,0,0,0,17,0,8,0,0,0,0,0,0,0,0,0,13568,43009,19,0,0,0,0,0,0,0,0,0,0,0,4,0,0,0,0,104,39578,0,0,48000300,814800,48,59104,37,34305,33537,34051,52,5,86,Flareon
12-04,13:11:40,NINTEN,Ditto,Lass,18,Celadon City - Gym,2,2:01:15.18,2:01:15,2h1m15s,34,52,86,41,7:06,9.583,TRANSFORM,,,,294,10876,47605,73,18470,235,64980,55925,13,18254,Flareon, ,Normal,Normal,72200,Ditto 1,Ditto,,02:01:05.61,02:01:15.19,07:06:45.19,41,34,2,1,15,19,TRANSFORM,,,,0,0,0,0,0,0,0,0,46,113,68,68,67,67,68,11724,14889,15104,11774,11774,14443,15,15,15,15,0,0,0,0,0,0,0,76,76,67,67,68,495650,1929596248,84076182,96164,2190,294,14,0,10876,1560288433,24011,1510284804,47605,18543,73,18470,5665,25600,9813,5414,-587076695,15273,163,10776,35928,15360,0,0,0,0,17,0,8,0,0,0,0,0,0,0,0,0,13568,43009,19,0,0,0,0,0,0,0,0,0,0,0,4,0,0,0,0,106,40611,0,0,48000300,814800,48,59104,37,34305,33537,34051,52,5,86,Flareon
12-04,13:43:37,NINTEN,Ditto,Cooltrainer F,1,Celadon City - Gym,3,2:33:01.31,2:33:01,2h33m1s,39,53,92,50,9:00,10.643,TRANSFORM,,,,298,14623,47796,74,18703,475,65219,55931,13,199,Flareon, ,Normal,Normal,127291,Ditto 1,Ditto,,02:32:50.68,02:33:01.32,09:00:40.41,50,39,2,33,1,32,TRANSFORM,,,,0,0,0,0,0,0,0,0,38,138,89,86,86,86,92,14479,28116,21337,22714,22714,36888,15,15,15,15,0,0,0,0,0,0,0,100,96,86,86,92,905783,1929695713,84346738,135886,2580,298,16,0,14623,1560292180,24011,1510284804,47796,18777,74,18703,5666,25601,45495,13897,-587072493,19475,399,10781,35932,15360,0,0,0,0,39,0,8,0,0,0,0,0,0,0,0,0,13568,43009,19,0,0,0,0,0,0,0,0,0,0,0,4,0,0,0,0,341,95702,0,0,48000300,814800,48,59196,37,34305,33537,34051,53,5,92,Flareon
12-04,13:44:26,NINTEN,Ditto,Erika,1,Celadon City - Gym,3,2:33:50.40,2:33:50,2h33m50s,40,53,93,50,9:02,14.4,TRANSFORM,,,,299,14626,47801,75,18703,480,65224,55933,13,1039,Flareon, ,Normal,Normal,129392,Ditto 1,Ditto,Erika,02:33:36.00,02:33:50.40,09:02:18.38,50,40,2,33,50,40,TRANSFORM,,,,0,0,0,0,0,0,0,0,0,138,89,86,86,86,92,14609,28261,21502,22899,22899,37003,15,15,15,15,0,0,0,0,-1,0,0,112,108,86,86,60,911667,1929696544,84350651,136867,2738,299,17,0,14626,1560292183,24011,1510284804,47801,18778,75,18703,5666,25601,45830,14153,-587072354,19614,404,10781,35934,15360,0,0,0,0,40,0,8,0,0,0,0,0,0,0,0,0,13568,43009,19,0,0,0,0,0,0,0,0,0,0,0,4,0,0,0,0,344,97803,0,0,48000300,814800,48,59196,37,34305,33537,34051,53,5,93,Flareon
12-04,13:53:46,NINTEN,Ditto,Blackbelt,5,Saffron City - Fighting Dojo,3,2:43:09.60,2:43:09,2h43m9s,43,56,99,51,9:33,14.808,TRANSFORM,,,,3,65757,261,1,12,15,15,12,13,129,Flareon, ,Normal,Normal,136684,Ditto 1,Ditto,,02:42:54.79,02:43:09.60,09:33:18.38,51,43,2,43,9,60,TRANSFORM,,,,0,0,0,0,0,0,0,0,10,140,90,88,88,88,93,15124,29311,22307,23745,23745,38273,15,15,15,15,0,0,0,0,0,0,0,101,99,88,88,93,427472,218110822,16269,4259,0,3,22784,0,65757,3549,0,512,261,13,1,12,12,0,428,245,159,159,3077,10497,12,0,0,0,0,0,1,0,1,0,0,0,0,0,0,0,0,0,0,0,0,0,0,0,0,0,0,0,0,0,0,0,0,0,0,0,0,3,2061,0,100,0,0,0,0,0,12,0,0,56,5,99,Flareon
12-04,13:54:14,NINTEN,Ditto,Blackbelt,3,Saffron City - Fighting Dojo,2,2:43:37.41,2:43:37,2h43m37s,43,56,99,51,9:35,11.591,TRANSFORM,,,,4,65760,266,2,12,19,19,14,12,904,Flareon, ,Normal,Normal,138287,Ditto 1,Ditto,,02:43:25.84,02:43:37.43,09:35:08.20,51,43,2,43,37,43,TRANSFORM,,,,0,0,0,0,0,0,0,0,16,140,90,88,88,88,93,15274,29491,22427,23830,23830,38353,15,15,15,15,0,0,0,0,0,0,0,101,99,88,88,93,434054,218111451,19529,6952,0,4,22784,0,65760,3552,0,512,266,14,2,12,12,0,692,434,283,283,3081,10497,13,0,0,0,0,0,1,0,1,0,0,0,0,0,0,0,0,0,0,0,0,0,0,0,0,0,0,0,0,0,0,0,0,0,0,0,0,5,3664,0,100,0,0,0,0,0,12,0,0,56,5,99,Flareon
12-04,13:54:31,NINTEN,Ditto,Blackbelt,4,Saffron City - Fighting Dojo,1,2:43:54.63,2:43:54,2h43m54s,43,56,99,51,9:36,6.419,TRANSFORM,,,,5,65763,267,3,12,21,21,15,12,1704,Flareon, ,Normal,Normal,139436,Ditto 1,Ditto,,02:43:48.23,02:43:54.65,09:36:15.57,51,43,2,43,54,65,TRANSFORM,,,,0,0,0,0,0,0,0,0,92,140,90,88,88,88,93,15339,29596,22487,23890,23890,38448,15,15,15,15,0,0,0,0,0,0,0,101,99,88,88,93,438111,218111937,21603,8449,0,5,22784,0,65763,3555,0,512,267,15,3,12,12,0,810,532,331,331,3083,10497,13,0,0,0,0,0,1,0,1,0,0,0,0,0,0,0,0,0,0,0,0,0,0,0,0,0,0,0,0,0,0,0,0,0,0,0,0,6,4813,0,100,0,0,0,0,0,12,0,0,56,5,99,Flareon
12-04,13:54:54,NINTEN,Ditto,Blackbelt,2,Saffron City - Fighting Dojo,3,2:44:18.02,2:44:18,2h44m18s,43,56,99,52,9:37,15.622,TRANSFORM,,,,6,65766,267,4,12,26,26,17,12,2604,Flareon, ,Normal,Normal,141404,Ditto 1,Ditto,,02:44:02.41,02:44:18.03,09:37:48.16,52,43,2,44,18,3,TRANSFORM,,,,0,0,0,0,0,0,0,0,13,143,92,89,90,90,96,15484,29861,22617,24020,24020,38683,15,15,15,15,0,0,0,0,0,0,0,103,100,90,90,96,443651,218112292,25822,9414,0,6,22784,0,65766,3558,0,512,267,16,4,12,12,0,1150,758,461,461,3087,10498,15,0,0,0,0,0,1,0,1,0,0,0,0,0,0,0,0,0,0,0,0,0,0,0,0,0,0,0,0,0,0,0,0,0,0,0,0,9,6781,0,100,0,0,0,0,0,12,0,0,56,5,99,Flareon
12-04,13:55:18,NINTEN,Ditto,Blackbelt,1,Saffron City - Fighting Dojo,2,2:44:42.10,2:44:42,2h44m42s,43,56,99,52,9:39,13.737,TRANSFORM,,,,7,65767,267,5,12,30,30,20,12,3379,Flareon, ,Normal,Normal,143615,Ditto 1,Ditto,,02:44:28.38,02:44:42.11,09:39:23.01,52,43,2,44,42,11,TRANSFORM,,,,0,0,0,0,0,0,0,0,1,143,92,89,90,90,96,15584,30086,22749,24090,24090,38846,15,15,15,15,0,0,0,0,0,0,0,103,100,90,90,96,449336,218112645,29595,10973,0,7,22784,0,65767,3559,0,512,267,17,5,12,12,0,1374,936,603,603,3091,10498,16,0,0,0,0,0,1,0,1,0,0,0,0,0,0,0,0,0,0,0,0,0,0,0,0,0,0,0,0,0,0,0,0,0,0,0,0,11,8992,0,100,0,0,0,0,0,12,0,0,56,5,99,Flareon
12-04,13:56:43,NINTEN,Ditto,Rival4-Pkmn Tower,3,Pokemon Tower - 2F,5,2:46:06.74,2:46:06,2h46m6s,43,56,99,52,9:44,16.935,TRANSFORM,,,,8,65960,286,6,12,35,35,20,14,4,Flareon, ,Normal,Normal,146265,Ditto 1,Ditto,Rival (Pokemon Tower),02:45:49.82,02:46:06.75,09:44:56.11,52,43,2,46,6,75,TRANSFORM,,,,0,0,0,0,0,0,0,0,1,143,92,89,90,90,96,15809,30406,23119,24386,24386,39126,15,15,15,15,0,0,0,0,0,0,0,103,100,90,90,96,469325,218124689,34033,14481,0,8,22784,0,65960,3752,0,512,286,18,6,12,12,0,1832,1222,745,745,3096,10498,16,0,0,0,0,0,2,0,1,0,0,0,0,0,0,0,0,0,0,0,0,0,0,0,0,0,0,0,0,0,0,0,0,0,0,0,0,16,11642,0,100,0,0,0,22,0,12,0,0,56,5,99,Flareon
12-04,13:57:42,NINTEN,Ditto,Agatha Jr,10,Pokemon Tower - 4F,2,2:47:05.69,2:47:05,2h47m5s,43,56,99,52,9:48,15.125,TRANSFORM,,,,9,66124,296,7,12,42,40,25,14,1629,Flareon, ,Normal,Normal,147201,Ditto 1,Ditto,,02:46:50.57,02:47:05.69,09:48:48.36,52,43,2,47,5,69,TRANSFORM,,,,9,0,0,0,0,0,0,0,42,143,92,89,90,90,96,15869,30476,23179,24586,24586,39286,15,15,15,15,0,0,0,0,0,0,0,25,22,54,54,45,483270,218131787,38089,17272,0,9,22784,0,66124,3916,0,512,296,19,7,12,12,0,1966,1322,846,846,3100,10499,21,0,0,0,0,0,2,0,1,0,0,1,0,0,0,0,0,0,0,0,0,0,0,0,3,2,0,0,0,0,0,0,0,0,0,0,0,18,12578,0,100,0,0,0,22,0,12,0,0,56,5,99,Flareon
12-04,13:58:15,NINTEN,Ditto,Channeler,21,Pokemon Tower - 6F,1,2:47:38.57,2:47:38,2h47m38s,43,56,99,52,9:50,7.324,TRANSFORM,,,,10,66233,331,8,12,45,43,27,17,2319,Flareon, ,Normal,Normal,147688,Ditto 1,Ditto,,02:47:31.25,02:47:38.58,09:50:58.58,52,43,2,47,38,58,TRANSFORM,,,,9,0,0,0,0,0,0,0,119,143,92,89,90,90,96,15899,30511,23209,24686,24686,39366,15,15,15,15,0,0,0,0,0,0,0,26,23,56,56,47,491092,218136828,40232,17910,0,10,22784,0,66233,4025,0,512,331,20,8,12,12,0,2024,1374,870,870,3102,10499,23,0,0,0,0,0,2,0,1,0,0,2,0,0,0,0,0,0,0,0,0,0,0,0,4,2,0,0,0,0,0,0,0,0,0,0,0,19,13065,0,100,0,0,5,22,0,12,0,0,56,5,99,Flareon
12-04,13:58:34,NINTEN,Ditto,Channeler,20,Pokemon Tower - 6F,1,2:47:57.47,2:47:57,2h47m57s,43,56,99,52,9:52,11.171,TRANSFORM,,,,11,66242,333,9,12,50,46,31,17,3039,Flareon, ,Normal,Normal,148175,Ditto 1,Ditto,,02:47:46.31,02:47:57.48,09:52:13.37,52,43,2,47,57,48,TRANSFORM,,,,8,0,0,0,0,0,0,0,70,143,92,89,90,90,96,15929,30546,23239,24786,24786,39446,15,15,15,15,0,0,0,0,0,0,0,26,23,56,56,47,495571,218137265,43318,18866,0,11,22784,0,66242,4034,0,512,333,21,9,12,12,0,2236,1426,943,943,3104,10499,27,0,0,0,0,0,3,0,1,0,0,4,0,0,0,0,0,0,0,0,0,0,0,0,6,4,0,0,0,0,0,0,0,0,0,0,0,20,13552,0,100,0,0,5,22,0,12,0,0,56,5,99,Flareon
12-04,13:59:21,NINTEN,Ditto,Rocket,44,Pokemon Tower - 7F,3,2:48:44.79,2:48:44,2h48m44s,43,56,99,53,9:55,22.272,TRANSFORM,,,,12,66270,335,10,14,59,55,37,16,3759,Flareon, ,Normal,Normal,150424,Ditto 1,Ditto,,02:48:22.53,02:48:44.80,09:55:20.20,53,43,2,48,44,80,TRANSFORM,,,,7,0,0,0,0,0,0,0,66,146,95,91,92,92,98,16094,30766,23463,24976,24976,39676,15,15,15,15,0,0,0,0,0,0,0,38,31,30,30,57,506774,218139370,50828,20454,0,12,22784,0,66270,4062,0,512,335,24,10,14,13,0,2518,1637,1023,1023,3111,10501,32,0,0,0,0,0,4,0,3,0,0,4,0,0,0,0,0,0,0,0,0,0,0,0,6,4,0,0,0,0,0,0,0,0,0,0,0,23,15801,0,100,0,0,6,22,0,12,0,0,56,5,99,Flareon
12-04,14:07:00,NINTEN,Ditto,Swimmer,2,Route 19,2,2:56:23.74,2:56:23,2h56m23s,46,56,102,53,10:21,9.325,TRANSFORM,,,,14,67494,418,11,24,70,66,46,20,0,Flareon, ,Normal,Normal,151745,Ditto 1,Ditto,,02:56:14.42,02:56:23.75,10:21:15.41,53,46,2,56,23,75,TRANSFORM,,,,0,0,0,0,0,0,0,0,82,146,95,91,92,92,98,16194,30927,23633,25146,25146,39858,15,15,15,15,0,0,0,0,0,0,0,106,102,92,92,98,600101,218200334,63597,39891,157,14,22785,0,67494,5045,241,512,418,35,11,24,22,0,2833,1782,1102,1102,3115,10502,39,0,0,0,0,0,5,0,3,0,0,4,0,0,0,0,0,0,0,0,0,0,0,0,6,4,0,0,0,0,0,0,0,0,0,0,0,26,17122,0,100,0,0,16,101,11,12,0,2,56,5,102,Flareon
12-04,14:07:39,NINTEN,Ditto,Swimmer,2,Route 19,2,2:57:02.62,2:57:02,2h57m2s,47,56,103,53,10:21,11.266,TRANSFORM,,,,14,67492,421,11,24,71,66,47,20,0,Flareon, ,Normal,Normal,151745,Ditto 1,Ditto,,02:56:51.36,02:57:02.62,10:21:22.12,53,47,2,57,2,62,TRANSFORM,,,,0,0,0,0,0,0,0,0,60,146,95,91,92,92,98,16194,30927,23633,25146,25146,39858,15,15,15,15,0,0,0,0,0,0,0,106,102,92,92,98,600492,218200281,64060,39869,160,14,22785,0,67492,5043,241,512,421,35,11,24,22,0,2774,1782,1124,1124,3115,10503,40,0,0,0,0,0,4,0,3,0,0,5,0,0,0,0,0,0,0,0,0,0,0,0,7,5,0,0,0,0,0,0,0,0,0,0,0,26,17122,0,100,0,0,16,101,11,12,0,2,56,5,103,Flareon
12-04,14:07:56,NINTEN,Ditto,Swimmer,3,Route 19,3,2:57:19.46,2:57:19,2h57m19s,47,56,103,53,10:22,10.48,TRANSFORM,,,,14,67497,421,12,24,74,69,47,20,150,Flareon, ,Normal,Normal,153605,Ditto 1,Ditto,,02:57:08.98,02:57:19.46,10:22:28.13,53,47,2,57,19,46,TRANSFORM,,,,0,0,0,0,0,0,0,0,52,146,95,91,92,92,98,16299,31079,23818,25336,25336,40066,15,15,15,15,0,0,0,0,0,0,0,106,102,92,92,98,604453,218200569,67030,40572,160,14,22785,0,67497,5048,241,512,421,36,12,24,22,0,3002,1973,1218,1218,3118,10503,40,0,0,0,0,0,4,0,3,0,0,5,0,0,0,0,0,0,0,0,0,0,0,0,7,5,0,0,0,0,0,0,0,0,0,0,0,29,18982,0,100,0,0,16,101,11,12,0,2,56,5,103,Flareon
12-04,14:08:23,NINTEN,Ditto,Jr Trainer F,23,Route 15,3,2:57:46.63,2:57:46,2h57m46s,47,56,103,53,10:24,12.588,TRANSFORM,,,,15,67578,424,13,24,78,73,48,20,295,Flareon, ,Normal,Normal,155641,Ditto 1,Ditto,,02:57:34.05,02:57:46.64,10:24:15.00,53,47,2,57,46,64,TRANSFORM,,,,0,0,0,0,0,0,0,0,17,146,95,91,92,92,98,16459,31259,24023,25581,25581,40196,15,15,15,15,0,0,0,0,0,0,0,106,102,92,92,98,610860,218202359,70502,41717,160,15,22785,0,67578,5129,241,512,424,37,13,24,22,0,3307,2195,1347,1347,3122,10503,41,0,0,0,0,0,4,0,4,0,0,5,0,0,0,0,0,0,0,0,0,0,0,0,7,5,0,0,0,0,0,0,0,0,0,0,0,32,21018,0,100,0,0,16,101,11,12,0,2,56,5,103,Flareon
12-04,14:08:48,NINTEN,Ditto,Bird Keeper,6,Route 15,4,2:58:12.08,2:58:12,2h58m12s,47,56,103,54,10:25,14.884,TRANSFORM,,,,16,67593,425,14,24,82,77,49,20,875,Flareon, ,Normal,Normal,157632,Ditto 1,Ditto,,02:57:57.21,02:58:12.09,10:25:54.58,54,47,2,58,12,9,TRANSFORM,,,,0,0,0,0,0,0,0,0,15,149,96,94,94,94,100,16649,31514,24218,25759,25759,40458,15,15,15,15,0,0,0,0,0,0,0,108,105,94,94,100,616858,218202923,74548,43105,160,16,22785,0,67593,5144,241,512,425,38,14,24,22,0,3799,2452,1481,1481,3126,10503,42,0,0,0,0,0,5,0,4,0,0,5,0,0,0,0,0,0,0,0,0,0,0,0,7,5,0,0,0,0,0,0,0,0,0,0,0,36,23009,0,100,0,0,16,101,11,12,0,2,56,5,103,Flareon
12-04,14:09:09,NINTEN,Ditto,Bird Keeper,7,Route 15,3,2:58:33.39,2:58:33,2h58m33s,47,56,103,54,10:27,11.058,TRANSFORM,,,,17,67599,426,15,24,85,80,49,20,1525,Flareon, ,Normal,Normal,159732,Ditto 1,Ditto,,02:58:22.35,02:58:33.41,10:27:18.34,54,47,2,58,33,41,TRANSFORM,,,,0,0,0,0,0,0,0,0,49,149,96,94,94,94,100,16779,31794,24378,25889,25889,40708,15,15,15,15,0,0,0,0,0,0,0,108,105,94,94,100,621874,218203325,77683,44584,160,17,22785,0,67599,5150,241,512,426,39,15,24,22,0,4139,2652,1581,1581,3129,10503,42,0,0,0,0,0,6,0,4,0,0,5,0,0,0,0,0,0,0,0,0,0,0,0,7,5,0,0,0,0,0,0,0,0,0,0,0,39,25109,0,100,0,0,16,101,11,12,0,2,56,5,103,Flareon
12-04,14:09:31,NINTEN,Ditto,Beauty,10,Route 15,2,2:58:54.96,2:58:54,2h58m54s,47,56,103,54,10:28,11.179,TRANSFORM,,,,18,67612,427,16,24,89,84,51,20,2225,Flareon, ,Normal,Normal,161005,Ditto 1,Ditto,,02:58:43.79,02:58:54.97,10:28:43.28,54,47,2,58,54,97,TRANSFORM,,,,0,0,0,0,0,0,0,0,63,149,96,94,94,94,100,16884,31905,24490,26034,26034,40813,15,15,15,15,0,0,0,0,0,0,0,108,105,94,94,100,626968,218204084,80852,45750,160,18,22785,0,67612,5163,241,512,427,40,16,24,22,0,4438,2808,1667,1667,3132,10504,44,0,0,0,0,0,7,0,4,0,0,5,0,0,0,0,0,0,0,0,0,0,0,0,7,5,0,0,0,0,0,0,0,0,0,0,0,41,26382,0,100,0,0,16,101,11,12,0,2,56,5,103,Flareon
12-04,14:09:55,NINTEN,Ditto,Jr Trainer F,20,Route 15,3,2:59:19.31,2:59:19,2h59m19s,47,56,103,54,10:30,15.957,TRANSFORM,,,,19,67615,428,17,24,96,88,55,20,4255,Flareon, ,Normal,Normal,162733,Ditto 1,Ditto,,02:59:03.37,02:59:19.32,10:30:19.23,54,47,2,59,19,32,TRANSFORM,,,,0,0,0,0,0,0,0,0,17,149,96,94,94,94,100,17034,32070,24670,26269,26269,40913,15,15,15,15,0,0,0,0,0,0,0,108,105,94,94,100,632723,218204444,85147,46850,160,19,22785,0,67615,5166,241,512,428,41,17,24,22,0,4758,3018,1799,1799,3136,10504,48,0,0,0,0,0,7,0,5,0,0,5,0,0,0,0,0,0,0,0,0,0,0,0,7,5,0,0,0,0,0,0,2,0,0,0,0,44,28110,0,100,0,0,16,101,11,12,0,2,56,5,103,Flareon
12-04,14:10:20,NINTEN,Ditto,Biker,4,Route 15,3,2:59:44.25,2:59:44,2h59m44s,47,56,103,54,10:31,14.395,TRANSFORM,,,,20,67623,429,18,24,101,93,57,20,4815,Flareon, ,Normal,Normal,164995,Ditto 1,Ditto,,02:59:29.86,02:59:44.25,10:31:57.18,54,47,2,59,44,25,TRANSFORM,,,,0,0,0,0,0,0,0,0,27,149,96,94,94,94,100,17219,32305,24935,26454,26454,41033,15,15,15,15,0,0,0,0,0,0,0,108,105,94,94,100,638598,218204897,89072,48347,160,20,22785,0,67623,5174,241,512,429,42,18,24,22,0,5065,3247,1921,1921,3141,10504,50,0,0,0,0,0,7,0,5,0,0,5,0,0,0,0,0,0,0,0,0,0,0,0,7,5,0,0,0,0,0,0,2,0,0,0,0,47,30372,0,100,0,0,16,101,11,12,0,2,56,5,103,Flareon
12-04,14:10:39,NINTEN,Ditto,Jr Trainer F,21,Route 15,2,3:00:02.78,3:00:02,3h0m2s,47,56,103,54,10:33,8.393,TRANSFORM,,,,21,67632,431,19,24,103,95,58,20,5375,Flareon, ,Normal,Normal,166037,Ditto 1,Ditto,,02:59:54.40,03:00:02.79,10:33:09.58,54,47,3,0,2,79,TRANSFORM,,,,0,0,0,0,0,0,0,0,70,149,96,94,94,94,100,17322,32410,25030,26539,26539,41160,15,15,15,15,0,0,0,0,0,0,0,108,105,94,94,100,642958,218205427,91554,49695,160,21,22785,0,67632,5183,241,512,431,43,19,24,22,0,5266,3393,2000,2000,3143,10504,51,0,0,0,0,0,7,0,5,0,0,5,0,0,0,0,0,0,0,0,0,0,0,0,7,5,0,0,0,0,0,0,2,0,0,0,0,49,31414,0,100,0,0,16,101,11,12,0,2,56,5,103,Flareon
12-04,14:11:02,NINTEN,Ditto,Beauty,9,Route 15,2,3:00:25.51,3:00:25,3h0m25s,47,56,103,55,10:34,12.343,TRANSFORM,,,,22,67635,432,20,24,108,98,61,20,5955,Flareon, ,Normal,Normal,167415,Ditto 1,Ditto,,03:00:13.18,03:00:25.52,10:34:39.31,55,47,3,0,25,52,TRANSFORM,,,,0,0,0,0,0,0,0,0,50,152,99,95,96,96,102,17525,32540,25130,26639,26639,41276,15,15,15,15,0,0,0,0,0,0,0,111,106,96,96,102,648331,218205893,94983,51173,160,22,22785,0,67635,5186,241,512,432,44,20,24,22,0,5526,3597,2102,2102,3146,10505,53,0,0,0,0,0,7,0,5,0,0,5,0,0,0,0,0,0,0,0,0,0,0,0,7,5,0,0,0,0,0,0,3,0,0,0,0,51,32792,0,100,0,0,16,101,11,12,0,2,56,5,103,Flareon
12-04,14:11:28,NINTEN,Ditto,Jr Trainer F,22,Route 15,1,3:00:51.80,3:00:51,3h0m51s,47,56,103,55,10:36,4.668,TRANSFORM,,,,23,67717,439,21,24,109,99,61,20,7985,Flareon, ,Normal,Normal,167895,Ditto 1,Ditto,,03:00:47.14,03:00:51.81,10:36:22.57,55,47,3,0,51,81,TRANSFORM,,,,0,0,0,0,0,0,0,0,103,152,99,95,96,96,102,17595,32585,25178,26699,26699,41311,15,15,15,15,0,0,0,0,0,0,0,111,106,96,96,102,654537,218208231,96593,53431,160,23,22785,0,67717,5268,241,512,439,45,21,24,22,0,5623,3691,2149,2149,3147,10505,53,0,0,0,0,0,7,0,5,0,0,5,0,0,0,0,0,0,0,0,0,0,0,0,7,5,0,0,0,0,0,0,3,0,0,0,0,52,33272,0,100,0,0,16,101,11,12,0,2,56,5,103,Flareon
12-04,14:14:22,NINTEN,Ditto,Juggler,7,Fuchsia City - Gym,1,3:03:46.02,3:03:46,3h3m46s,47,56,103,55,10:47,7.119,TRANSFORM,,,,24,67901,459,22,24,111,101,62,16,45,Flareon, ,Normal,Normal,169237,Ditto 1,Ditto,,03:03:38.91,03:03:46.03,10:47:53.50,55,47,3,3,46,3,TRANSFORM,,,,0,0,0,0,0,0,0,0,68,152,99,95,96,96,102,17680,32658,25248,26814,26814,41378,15,15,15,15,0,0,0,0,0,0,0,111,106,96,96,102,695990,218244905,98791,56012,160,24,22785,0,67901,5452,241,512,459,46,22,24,22,0,5744,3809,2233,2233,3149,10505,54,0,0,0,0,0,7,0,5,0,0,5,0,0,0,0,0,0,0,0,0,0,0,0,7,5,0,0,0,0,0,0,3,0,0,0,0,53,34614,0,100,0,0,17,213,16,12,0,2,56,5,103,Flareon
12-04,14:14:40,NINTEN,Ditto,Juggler,8,Fuchsia City - Gym,2,3:04:04.24,3:04:04,3h4m4s,47,56,103,55,10:49,8.098,TRANSFORM,,,,25,67919,464,23,24,113,103,62,16,1375,Flareon, ,Normal,Normal,171035,Ditto 1,Ditto,,03:03:56.14,03:04:04.24,10:49:05.29,55,47,3,4,4,24,TRANSFORM,,,,0,0,0,0,0,0,0,0,69,152,99,95,96,96,102,17780,32741,25323,27024,27024,41525,15,15,15,15,0,0,0,0,0,0,0,111,106,96,96,102,700289,218245666,101220,57121,160,25,22785,0,67919,5470,241,512,464,47,23,24,22,0,5961,3975,2316,2316,3151,10505,54,0,0,0,0,0,7,0,5,0,0,5,0,0,0,0,0,0,0,0,0,0,0,0,7,5,0,0,0,0,0,0,3,0,0,0,0,55,36412,0,100,0,0,17,213,16,12,0,2,56,5,103,Flareon
12-04,14:15:31,NINTEN,Ditto,Bird Keeper,10,Route 18,4,3:04:55.37,3:04:55,3h4m55s,48,56,104,55,10:51,13.84,TRANSFORM,,,,27,67979,470,24,24,117,107,62,16,2565,Flareon, ,Normal,Normal,172902,Ditto 1,Ditto,,03:04:41.54,03:04:55.38,10:51:03.11,55,48,3,4,55,38,TRANSFORM,,,,0,0,0,0,0,0,0,0,26,152,99,95,96,96,102,17965,33011,25478,27178,27178,41835,15,15,15,15,0,0,0,0,0,0,0,111,106,96,96,102,707357,218247390,105005,58526,314,27,22786,0,67979,5530,241,512,470,48,24,24,22,0,6521,4228,2442,2442,3155,10505,54,0,0,0,0,0,7,0,5,0,0,5,0,0,0,0,0,0,0,0,0,0,0,0,7,5,0,0,0,0,0,0,3,0,0,0,0,59,38279,0,100,0,0,17,213,16,12,0,2,56,5,104,Flareon
12-04,14:15:51,NINTEN,Ditto,Bird Keeper,8,Route 18,2,3:05:14.79,3:05:14,3h5m14s,48,56,104,55,10:52,7.893,TRANSFORM,,,,28,67983,470,25,24,119,109,62,16,3215,Flareon, ,Normal,Normal,174268,Ditto 1,Ditto,,03:05:06.91,03:05:14.80,10:52:19.21,55,48,3,5,14,80,TRANSFORM,,,,0,0,0,0,0,0,0,0,79,152,99,95,96,96,102,18070,33161,25573,27270,27270,42005,15,15,15,15,0,0,0,0,0,0,0,111,106,96,96,102,711927,218247970,107380,60141,314,28,22786,0,67983,5534,241,512,470,49,25,24,22,0,6844,4375,2515,2515,3157,10505,54,0,0,0,0,0,8,0,5,0,0,5,0,0,0,0,0,0,0,0,0,0,0,0,7,5,0,0,0,0,0,0,3,0,0,0,0,61,39645,0,100,0,0,17,213,16,12,0,2,56,5,104,Flareon
12-04,14:16:10,NINTEN,Ditto,Bird Keeper,9,Route 18,1,3:05:33.46,3:05:33,3h5m33s,48,56,104,55,10:53,6.681,TRANSFORM,,,,28,67987,471,26,25,122,112,63,16,3940,Flareon, ,Normal,Normal,175600,Ditto 1,Ditto,,03:05:26.78,03:05:33.46,10:53:32.32,55,48,3,5,33,46,TRANSFORM,,,,0,0,0,0,0,0,0,0,95,152,99,95,96,96,102,18170,33331,25673,27361,27361,42175,15,15,15,15,0,0,0,0,0,0,0,111,106,96,96,102,716318,218248296,110630,60956,314,28,22786,0,67987,5538,241,512,471,51,26,25,22,0,7158,4520,2599,2599,3160,10505,55,0,0,0,0,0,8,0,5,0,0,5,0,0,0,0,0,0,0,0,0,0,0,0,7,5,0,0,0,0,0,0,3,0,0,0,0,63,40977,0,100,0,0,17,213,16,12,0,2,56,5,104,Flareon
12-04,14:16:49,NINTEN,Ditto,Bird Keeper,5,Route 14,2,3:06:12.87,3:06:12,3h6m12s,48,56,104,56,10:56,7.965,TRANSFORM,,,,28,68154,481,27,26,125,115,63,16,4790,Flareon, ,Normal,Normal,177223,Ditto 1,Ditto,,03:06:04.92,03:06:12.89,10:56:07.44,56,48,3,6,12,89,TRANSFORM,,,,0,0,0,0,0,0,0,0,82,155,100,97,98,98,104,18335,33536,25818,27493,27493,42390,15,15,15,15,0,0,0,0,0,0,0,112,109,98,98,104,725630,218252610,114395,62189,314,28,22786,0,68154,5705,241,512,481,53,27,26,22,0,7680,4737,2707,2707,3163,10505,55,0,0,0,0,0,10,0,5,0,0,5,0,0,0,0,0,0,0,0,0,0,0,0,7,5,0,0,0,0,0,0,3,0,0,0,0,66,42600,0,100,0,0,17,213,16,12,0,2,56,5,104,Flareon
12-04,14:17:13,NINTEN,Ditto,Biker,15,Route 14,2,3:06:37.19,3:06:37,3h6m37s,48,56,104,56,10:57,11.248,TRANSFORM,,,,29,68184,482,28,26,129,119,65,16,5515,Flareon, ,Normal,Normal,178906,Ditto 1,Ditto,,03:06:25.95,03:06:37.20,10:57:43.13,56,48,3,6,37,20,TRANSFORM,,,,0,0,0,0,0,0,0,0,66,155,100,97,98,98,104,18480,33706,25988,27618,27618,42475,15,15,15,15,0,0,0,0,0,0,0,112,109,98,98,104,731360,218253516,117574,63834,314,29,22786,0,68184,5735,241,512,482,54,28,26,22,0,7942,4907,2796,2796,3167,10505,56,0,0,0,0,0,10,0,5,0,0,5,0,0,0,0,0,0,0,0,0,0,0,0,7,5,0,0,0,0,0,0,3,0,0,0,0,68,44283,0,100,0,0,17,213,16,12,0,2,56,5,104,Flareon
12-04,14:17:26,NINTEN,Ditto,Bird Keeper,4,Route 14,1,3:06:50.33,3:06:50,3h6m50s,48,56,104,56,10:58,6.412,TRANSFORM,,,,29,68189,483,29,26,131,121,66,16,6095,Flareon, ,Normal,Normal,179570,Ditto 1,Ditto,,03:06:43.93,03:06:50.34,10:58:34.46,56,48,3,6,50,34,TRANSFORM,,,,0,0,0,0,0,0,0,0,115,155,100,97,98,98,104,18532,33771,26043,27676,27676,42535,15,15,15,15,0,0,0,0,0,0,0,112,109,98,98,104,734452,218253965,119586,64465,314,29,22786,0,68189,5740,241,512,483,55,29,26,22,0,8096,4989,2836,2836,3169,10505,56,0,0,0,0,0,10,0,5,0,0,5,0,0,0,0,0,0,0,0,0,0,0,0,7,5,0,0,0,0,0,0,3,0,0,0,0,69,44947,0,100,0,0,17,213,16,12,0,2,56,5,104,Flareon
12-04,14:17:46,NINTEN,Ditto,Bird Keeper,17,Route 14,3,3:07:09.78,3:07:09,3h7m9s,48,56,104,56,10:59,11.031,TRANSFORM,,,,30,68206,484,30,26,134,124,66,16,6920,Flareon, ,Normal,Normal,181466,Ditto 1,Ditto,,03:06:58.75,03:07:09.78,10:59:51.20,56,48,3,7,9,78,TRANSFORM,,,,0,0,0,0,0,0,0,0,53,155,100,97,98,98,104,18672,34006,26183,27803,27803,42780,15,15,15,15,0,0,0,0,0,0,0,112,109,98,98,104,739046,218254558,122716,65336,314,30,22786,0,68206,5757,241,512,484,56,30,26,22,0,8442,5193,2938,2938,3172,10505,56,0,0,0,0,0,10,0,5,0,0,5,0,0,0,0,0,0,0,0,0,0,0,0,7,5,0,0,0,0,0,0,3,0,0,0,0,72,46843,0,100,0,0,17,213,16,12,0,2,56,5,104,Flareon
12-04,14:18:01,NINTEN,Ditto,Bird Keeper,16,Route 14,2,3:07:24.43,3:07:24,3h7m24s,48,56,104,56,11:00,7.916,TRANSFORM,,,,30,68210,484,31,26,136,126,66,16,7620,Flareon, ,Normal,Normal,183174,Ditto 1,Ditto,,03:07:16.52,03:07:24.43,11:00:48.45,56,48,3,7,24,43,TRANSFORM,,,,0,0,0,0,0,0,0,0,73,155,100,97,98,98,104,18800,34156,26303,27914,27914,42951,15,15,15,15,0,0,0,0,0,0,0,112,109,98,98,104,742491,218254975,125108,65972,314,30,22786,0,68210,5761,241,512,484,57,31,26,22,0,8610,5354,3018,3018,3174,10505,56,0,0,0,0,0,10,0,5,0,0,5,0,0,0,0,0,0,0,0,0,0,0,0,7,5,0,0,0,0,0,0,3,0,0,0,0,74,48551,0,100,0,0,17,213,16,12,0,2,56,5,104,Flareon
12-04,14:18:25,NINTEN,Ditto,Bird Keeper,15,Route 14,4,3:07:48.61,3:07:48,3h7m48s,48,56,104,56,11:02,13.471,TRANSFORM,,,,31,68231,485,32,26,140,130,66,16,8345,Flareon, ,Normal,Normal,185009,Ditto 1,Ditto,,03:07:35.15,03:07:48.62,11:02:23.53,56,48,3,7,48,62,TRANSFORM,,,,0,0,0,0,0,0,0,0,29,155,100,97,98,98,104,18985,34396,26478,28076,28076,43233,15,15,15,15,0,0,0,0,0,0,0,112,109,98,98,104,748199,218255884,128798,67081,314,31,22786,0,68231,5782,241,512,485,58,32,26,22,0,9125,5607,3144,3144,3178,10505,56,0,0,0,0,0,10,0,5,0,0,5,0,0,0,0,0,0,0,0,0,0,0,0,7,5,0,0,0,0,0,0,3,0,0,0,0,78,50386,0,100,0,0,17,213,16,12,0,2,56,5,104,Flareon
12-04,14:18:48,NINTEN,Ditto,Bird Keeper,14,Route 14,3,3:08:12.15,3:08:12,3h8m12s,48,56,104,57,11:03,12.157,TRANSFORM,,,,32,68245,487,33,26,143,133,67,16,8995,Flareon, ,Normal,Normal,186593,Ditto 1,Ditto,,03:08:00.00,03:08:12.16,11:03:56.21,57,48,3,8,12,16,TRANSFORM,,,,0,0,0,0,0,0,0,0,51,158,103,99,100,100,106,19123,34586,26618,28196,28196,43435,15,15,15,15,0,0,0,0,0,0,0,115,111,100,100,106,753747,218256696,132182,68433,314,32,22786,0,68245,5796,241,512,487,59,33,26,22,0,9450,5810,3251,3251,3181,10505,57,0,0,0,0,0,10,0,5,0,0,5,0,0,0,0,0,0,0,0,0,0,0,0,7,5,0,0,0,0,0,0,3,0,0,0,0,81,51970,0,100,0,0,17,213,16,12,0,2,56,5,104,Flareon
12-04,14:19:14,NINTEN,Ditto,Biker,1,Route 13,3,3:08:37.80,3:08:37,3h8m37s,48,56,104,57,11:05,14.303,TRANSFORM,,,,33,68278,488,34,26,148,138,69,16,9695,Flareon, ,Normal,Normal,188645,Ditto 1,Ditto,,03:08:23.50,03:08:37.80,11:05:37.23,57,48,3,8,37,80,TRANSFORM,,,,0,0,0,0,0,0,0,0,48,158,103,99,100,100,106,19243,34781,26903,28376,28376,43540,15,15,15,15,0,0,0,0,0,0,0,115,111,100,100,106,759809,218257731,136092,69550,314,33,22786,0,68278,5829,241,512,488,60,34,26,22,0,9761,6002,3354,3354,3186,10505,59,0,0,0,0,0,10,0,5,0,0,5,0,0,0,0,0,0,0,0,0,0,0,0,7,5,0,0,0,0,0,0,3,0,0,0,0,84,54022,0,100,0,0,17,213,16,12,0,2,56,5,104,Flareon
12-04,14:19:39,NINTEN,Ditto,Bird Keeper,2,Route 13,5,3:09:02.75,3:09:02,3h9m2s,48,56,104,57,11:07,16.604,TRANSFORM,,,,34,68281,488,35,26,153,143,70,16,10255,Flareon, ,Normal,Normal,189853,Ditto 1,Ditto,,03:08:46.14,03:09:02.75,11:07:15.26,57,48,3,9,2,75,TRANSFORM,,,,0,0,0,0,0,0,0,0,0,158,103,99,100,100,106,19403,34991,27043,28508,28508,43792,15,15,15,15,0,0,0,0,0,0,0,115,111,100,100,106,765692,218258036,140527,70693,314,34,22786,0,68281,5832,241,512,488,61,35,26,22,0,10493,6297,3504,3504,3191,10505,60,0,0,0,0,0,10,0,5,0,0,5,0,0,0,0,0,0,0,0,0,0,0,0,7,5,0,0,0,0,0,0,3,0,0,0,0,89,55230,0,100,0,0,17,213,16,12,0,2,56,5,104,Flareon
12-04,14:20:02,NINTEN,Ditto,Bird Keeper,2,Route 13,5,3:09:26.00,3:09:26,3h9m26s,49,56,105,57,11:07,16.373,TRANSFORM,,,,34,68281,489,35,26,153,143,69,16,10255,Flareon, ,Normal,Normal,190163,Ditto 1,Ditto,,03:09:09.63,03:09:26.00,11:07:19.13,57,49,3,9,26,0,TRANSFORM,,,,0,0,0,0,0,0,0,0,13,158,103,99,100,100,106,19443,35051,27073,28539,28539,43862,15,15,15,15,0,0,0,0,0,0,0,115,111,100,100,106,765925,218258125,140472,70735,471,34,22787,0,68281,5832,241,512,489,61,35,26,22,0,10507,6297,3499,3499,3191,10505,59,0,0,0,0,0,10,0,5,0,0,5,0,0,0,0,0,0,0,0,0,0,0,0,7,5,0,0,0,0,0,0,3,0,0,0,0,89,55540,0,100,0,0,17,213,16,12,0,2,56,5,105,Flareon
12-04,14:20:21,NINTEN,Ditto,Beauty,5,Route 13,2,3:09:45.06,3:09:45,3h9m45s,49,56,105,57,11:08,7.559,TRANSFORM,,,,35,68303,492,36,26,155,145,69,16,10880,Flareon, ,Normal,Normal,191011,Ditto 1,Ditto,,03:09:37.52,03:09:45.08,11:08:34.02,57,49,3,9,45,8,TRANSFORM,,,,0,0,0,0,0,0,0,0,83,158,103,99,100,100,106,19553,35141,27156,28639,28639,43987,15,15,15,15,0,0,0,0,0,0,0,115,111,100,100,106,770414,218258951,142768,72102,471,35,22787,0,68303,5854,241,512,492,62,36,26,22,0,10825,6447,3574,3574,3193,10505,59,0,0,0,0,0,11,0,5,0,0,5,0,0,0,0,0,0,0,0,0,0,0,0,7,5,0,0,0,0,0,0,3,0,0,0,0,91,56388,0,100,0,0,17,213,16,12,0,2,56,5,105,Flareon
12-04,14:20:38,NINTEN,Ditto,Jr Trainer F,13,Route 13,2,3:10:02.13,3:10:02,3h10m2s,49,56,105,57,11:09,7.606,TRANSFORM,,,,36,68337,494,37,26,157,147,69,16,12910,Flareon, ,Normal,Normal,192001,Ditto 1,Ditto,,03:09:54.53,03:10:02.13,11:09:41.13,57,49,3,10,2,13,TRANSFORM,,,,0,0,0,0,0,0,0,0,65,158,103,99,100,100,106,19633,35241,27236,28719,28719,44167,15,15,15,15,0,0,0,0,0,0,0,115,111,100,100,106,774445,218259804,145072,72976,471,36,22787,0,68337,5888,241,512,494,63,37,26,22,0,11046,6583,3642,3642,3195,10505,59,0,0,0,0,0,11,0,5,0,0,5,0,0,0,0,0,0,0,0,0,0,0,0,7,5,0,0,0,0,0,0,3,0,0,0,0,93,57378,0,100,0,0,17,213,16,12,0,2,56,5,105,Flareon
12-04,14:21:01,NINTEN,Ditto,Jr Trainer F,14,Route 13,4,3:10:24.67,3:10:24,3h10m24s,49,56,105,57,11:11,13.255,TRANSFORM,,,,37,68346,496,38,26,161,151,69,16,13510,Flareon, ,Normal,Normal,193688,Ditto 1,Ditto,,03:10:11.42,03:10:24.67,11:11:09.48,57,49,3,10,24,67,TRANSFORM,,,,0,0,0,0,0,0,0,0,28,158,103,99,100,100,106,19816,35436,27406,28879,28879,44440,15,15,15,15,0,0,0,0,0,0,0,115,111,100,100,106,779760,218260334,148715,74118,471,37,22787,0,68346,5897,241,512,496,64,38,26,22,0,11525,6844,3772,3772,3199,10505,59,0,0,0,0,0,11,0,5,0,0,5,0,0,0,0,0,0,0,0,0,0,0,0,7,5,0,0,0,0,0,0,3,0,0,0,0,97,59065,0,100,0,0,17,213,16,12,0,2,56,5,105,Flareon
12-04,14:21:29,NINTEN,Ditto,Bird Keeper,3,Route 13,4,3:10:53.13,3:10:53,3h10m53s,49,56,105,58,11:13,13.998,TRANSFORM,,,,38,68379,501,39,26,165,155,69,17,14050,Flareon, ,Normal,Normal,195845,Ditto 1,Ditto,,03:10:39.14,03:10:53.14,11:13:01.44,58,49,3,10,53,14,TRANSFORM,,,,0,0,0,0,0,0,0,0,29,161,105,101,102,102,108,20024,35691,27596,29056,29056,44737,15,15,15,15,0,0,0,0,0,0,0,118,113,102,102,108,786476,218261873,152549,75461,471,38,22787,0,68379,5930,241,512,501,65,39,26,22,0,12021,7109,3904,3904,3203,10505,59,0,0,0,0,0,11,0,5,0,0,5,0,0,0,0,0,0,0,0,0,0,0,0,7,5,0,0,0,0,0,0,3,0,0,0,0,101,61222,0,100,0,0,18,213,16,12,0,2,56,5,105,Flareon
12-04,14:26:22,NINTEN,Ditto,Beauty,4,Route 13,3,3:11:24.70,3:11:24,3h11m24s,49,56,105,58,11:15,11.021,TRANSFORM,,,,38,68436,511,40,26,168,158,70,17,14700,Flareon, ,Normal,Normal,196865,Ditto 1,Ditto,,03:11:13.70,03:11:24.72,11:15:05.57,58,49,3,11,24,72,TRANSFORM,,,,0,0,0,0,0,0,0,0,72,161,105,101,102,102,108,20122,35844,27706,29171,29171,44946,15,15,15,15,0,0,0,0,0,0,0,118,113,102,102,108,793929,218264807,155669,76860,471,38,22787,0,68436,5987,241,512,511,66,40,26,22,0,12466,7284,3993,3993,3206,10505,60,0,0,0,0,0,11,0,5,0,0,5,0,0,0,0,0,0,0,0,0,0,0,0,7,5,0,0,0,0,0,0,3,0,0,0,0,104,62242,0,100,0,0,19,213,16,12,0,2,56,5,105,Flareon
12-04,14:26:50,NINTEN,Ditto,Jr Trainer F,12,Route 13,5,3:11:52.20,3:11:52,3h11m52s,49,56,105,58,11:16,16.577,TRANSFORM,,,,39,68455,514,41,26,173,163,71,17,16590,Flareon, ,Normal,Normal,198429,Ditto 1,Ditto,,03:11:35.63,03:11:52.21,11:16:54.08,58,49,3,11,52,21,TRANSFORM,,,,0,0,0,0,0,0,0,0,18,161,105,101,102,102,108,20312,36080,27891,29346,29346,45310,15,15,15,15,0,0,0,0,0,0,0,118,113,102,102,108,800420,218265740,160096,77991,471,39,22787,0,68455,6006,241,512,514,67,41,26,22,0,13252,7564,4136,4136,3211,10505,61,0,0,0,0,0,11,0,5,0,0,5,0,0,0,0,0,0,0,0,0,0,0,0,7,5,0,0,0,0,0,0,3,0,0,0,0,109,63806,0,100,0,0,19,213,16,12,0,2,56,5,105,Flareon
12-04,14:27:07,NINTEN,Ditto,Bird Keeper,1,Route 13,2,3:12:09.31,3:12:09,3h12m9s,49,56,105,58,11:18,7.568,TRANSFORM,,,,40,68458,516,42,26,175,165,71,17,17070,Flareon, ,Normal,Normal,199471,Ditto 1,Ditto,,03:12:01.75,03:12:09.32,11:18:01.06,58,49,3,12,9,32,TRANSFORM,,,,0,0,0,0,0,0,0,0,88,161,105,101,102,102,108,20415,36185,27986,29431,29431,45437,15,15,15,15,0,0,0,0,0,0,0,118,113,102,102,108,804439,218266093,162388,79365,471,40,22787,0,68458,6009,241,512,516,68,42,26,22,0,13492,7710,4209,4209,3213,10505,61,0,0,0,0,0,11,0,5,0,0,5,0,0,0,0,0,0,0,0,0,0,0,0,7,5,0,0,0,0,0,0,3,0,0,0,0,111,64848,0,100,0,0,19,213,16,12,0,2,56,5,105,Flareon
12-04,14:27:26,NINTEN,Ditto,Jr Trainer F,15,Route 13,3,3:12:28.16,3:12:28,3h12m28s,49,56,105,58,11:19,10.415,TRANSFORM,,,,41,68468,517,43,26,178,168,71,17,17795,Flareon, ,Normal,Normal,201097,Ditto 1,Ditto,,03:12:17.75,03:12:28.17,11:19:15.19,58,49,3,12,28,17,TRANSFORM,,,,0,0,0,0,0,0,0,0,44,161,105,101,102,102,108,20530,36342,28156,29591,29591,45650,15,15,15,15,0,0,0,0,0,0,0,118,113,102,102,108,808892,218266531,165372,80395,471,41,22787,0,68468,6019,241,512,517,69,43,26,22,0,13802,7900,4303,4303,3216,10505,61,0,0,0,0,0,11,0,5,0,0,5,0,0,0,0,0,0,0,0,0,0,0,0,7,5,0,0,0,0,0,0,3,0,0,0,0,114,66474,0,100,0,0,19,213,16,12,0,2,56,5,105,Flareon
12-04,14:27:45,NINTEN,Ditto,Jr Trainer M,9,Route 12,2,3:12:47.14,3:12:47,3h12m47s,49,56,105,58,11:20,7.71,TRANSFORM,,,,42,68496,523,44,26,180,170,71,17,18355,Flareon, ,Normal,Normal,202201,Ditto 1,Ditto,,03:12:39.44,03:12:47.15,11:20:29.57,58,49,3,12,47,15,TRANSFORM,,,,0,0,0,0,0,0,0,0,70,161,105,101,102,102,108,20637,36471,28253,29686,29686,45765,15,15,15,15,0,0,0,0,0,0,0,118,113,102,102,108,813369,218267561,167695,81520,471,42,22787,0,68496,6047,241,512,523,70,44,26,22,0,14101,8049,4377,4377,3218,10505,61,0,0,0,0,0,12,0,5,0,0,5,0,0,0,0,0,0,0,0,0,0,0,0,7,5,0,0,0,0,0,0,3,0,0,0,0,116,67578,0,100,0,0,19,213,16,12,0,2,56,5,105,Flareon
12-04,14:28:05,NINTEN,Ditto,Fisher,11,Route 12,2,3:13:07.84,3:13:07,3h13m7s,49,56,105,58,11:21,7.71,TRANSFORM,,,,43,68506,524,45,26,182,172,71,17,18935,Flareon, ,Normal,Normal,202405,Ditto 1,Ditto,,03:13:00.13,03:13:07.84,11:21:51.14,58,49,3,13,7,84,TRANSFORM,,,,0,0,0,0,0,0,0,0,115,161,105,101,102,102,108,20677,36491,28363,29726,29726,45925,15,15,15,15,0,0,0,0,0,0,0,118,113,102,102,108,818246,218268400,170015,83238,471,43,22787,0,68506,6057,241,512,524,71,45,26,22,0,14419,8143,4423,4423,3220,10505,61,0,0,0,0,0,13,0,5,0,0,5,0,0,0,0,0,0,0,0,0,0,0,0,7,5,0,0,0,0,0,0,3,0,0,0,0,118,67782,0,100,0,0,19,213,16,12,0,2,56,5,105,Flareon
12-04,14:28:30,NINTEN,Ditto,Rocker,2,Route 12,2,3:13:32.42,3:13:32,3h13m32s,49,56,105,58,11:23,9.17,TRANSFORM,,,,44,68539,528,46,26,184,174,72,18,19775,Flareon, ,Normal,Normal,203975,Ditto 1,Ditto,,03:13:23.27,03:13:32.44,11:23:28.16,58,49,3,13,32,44,TRANSFORM,,,,0,0,0,0,0,0,0,0,66,161,105,101,102,102,108,20777,36571,28483,29861,29861,46165,15,15,15,15,0,0,0,0,0,0,0,118,113,102,102,108,824068,218269891,172681,84903,471,44,22787,0,68539,6090,241,512,528,72,46,26,22,0,14603,8286,4518,4518,3222,10505,62,0,0,0,0,0,13,0,5,0,0,5,0,0,0,0,0,0,0,0,0,0,0,0,7,5,0,0,0,0,0,0,3,0,0,0,0,120,69352,0,100,0,0,20,213,16,12,0,2,56,5,105,Flareon
12-04,14:29:10,NINTEN,Ditto,Juggler,3,Fuchsia City - Gym,4,3:14:12.46,3:14:12,3h14m12s,49,56,105,59,11:26,15.34,TRANSFORM,,,,45,68589,536,47,26,188,178,72,18,20500,Flareon, ,Normal,Normal,206966,Ditto 1,Ditto,,03:13:57.13,03:14:12.47,11:26:05.50,59,49,3,14,12,47,TRANSFORM,,,,0,0,0,0,0,0,0,0,6,164,107,104,104,104,111,20997,36750,28648,30251,30251,46396,15,15,15,15,0,0,0,0,0,0,0,120,117,104,104,111,833522,218271923,176812,88194,471,45,22787,0,68589,6140,241,512,536,73,47,26,22,0,15116,8605,4676,4676,3226,10505,62,0,0,0,0,0,13,0,5,0,0,5,0,0,0,0,0,0,0,0,0,0,0,0,7,5,0,0,0,0,0,0,3,0,0,0,0,124,72343,0,100,0,0,20,213,16,12,0,2,56,5,105,Flareon
12-04,14:29:39,NINTEN,Ditto,Tamer,2,Fuchsia City - Gym,3,3:14:41.11,3:14:41,3h14m41s,49,56,105,59,11:27,17.223,TRANSFORM,,,,46,68596,538,48,26,194,184,76,18,21585,Flareon,Paralyzed,Normal,Normal,210196,Ditto 1,Ditto,,03:14:23.90,03:14:41.12,11:27:58.28,59,49,3,14,41,12,TRANSFORM,,,,0,0,0,0,0,0,0,0,4,164,107,104,104,104,111,21192,37020,28896,30436,30436,46621,15,15,15,15,0,-2,0,0,0,0,0,151,58,104,104,6,840280,218272408,181396,89883,471,46,22787,0,68596,6147,241,512,538,74,48,26,22,0,15613,8876,4836,4836,3232,10505,66,0,0,0,0,0,14,0,6,0,0,5,0,1,0,0,0,0,0,0,0,0,0,0,7,5,1,0,0,0,0,0,3,0,0,0,0,127,75573,0,100,0,0,20,213,16,12,0,2,56,5,105,Flareon
12-04,14:30:07,NINTEN,Ditto,Tamer,1,Fuchsia City - Gym,2,3:15:09.23,3:15:09,3h15m9s,49,56,105,59,11:29,12.055,TRANSFORM,,,,47,68612,544,49,26,198,188,79,18,22905,Flareon,Paralyzed,Normal,Normal,212453,Ditto 1,Ditto,,03:14:57.18,03:15:09.24,11:29:48.55,59,49,3,15,9,24,TRANSFORM,,,,0,0,0,0,0,0,0,0,39,164,107,104,104,104,111,21327,37205,29075,30556,30556,46766,15,15,15,15,0,0,0,0,0,0,0,120,117,104,104,27,846907,218273399,184740,92175,471,47,22787,0,68612,6163,241,512,544,75,49,26,22,0,15866,9066,4961,4961,3236,10506,68,0,0,0,0,0,14,0,7,0,0,5,0,2,0,0,0,0,0,0,0,0,0,0,7,5,2,0,0,0,0,0,3,0,0,0,0,129,77830,0,100,0,0,20,213,16,12,0,2,56,5,105,Flareon
12-04,15:41:12,NINTEN,Ditto,Juggler,4,Fuchsia City - Gym,2,3:15:34.96,3:15:34,3h15m34s,49,56,105,59,11:31,10.25,TRANSFORM,,,,48,68615,544,50,26,201,191,80,16,24265,Flareon, ,Normal,Normal,214396,Ditto 1,Ditto,,03:15:24.72,03:15:34.97,11:31:30.21,59,49,3,15,34,97,TRANSFORM,,,,0,0,0,0,0,0,0,0,48,164,107,104,104,104,111,21472,37326,29190,30761,30761,46875,15,15,15,15,0,0,0,0,0,0,0,120,117,104,104,111,852994,218274040,187670,94691,471,48,22787,0,68615,6166,241,512,544,76,50,26,22,0,16110,9263,5077,5077,3239,10506,69,0,0,0,0,0,14,0,7,0,0,5,0,2,0,0,0,0,0,0,0,0,0,0,7,5,2,0,0,0,0,0,3,0,0,0,0,131,79773,0,100,0,0,20,213,16,12,0,2,56,5,105,Flareon
12-04,16:13:06,NINTEN,Ditto,Biker,12,Route 17,5,3:47:24.30,3:47:24,3h47m24s,54,105,159,65,13:30,39.865,TRANSFORM,,,,50,72531,846,100,35,749,689,446,16,0,Flareon, ,Normal,Normal,281688,Ditto 1,Ditto,,03:46:44.44,03:47:24.31,13:30:30.52,65,54,3,47,24,31,TRANSFORM,,,,9,0,0,0,0,0,0,0,3,182,120,117,117,117,123,26507,43656,36365,36071,36071,51745,15,15,15,15,0,0,0,0,0,0,0,42,56,39,39,26,1281430,218378324,506625,99657,702,50,22788,0,72531,9296,1027,512,846,135,100,35,22,0,31217,18713,15377,13906,3614,10570,395,0,0,0,0,0,35,0,43,0,0,5,0,2,0,0,0,0,0,0,0,0,0,0,7,5,2,0,0,0,0,0,13,84,0,0,47,232,147065,0,100,0,0,20,213,16,12,0,2,105,5,159,Flareon
12-04,16:33:04,NINTEN,Ditto,Scientist,11,Silph Co - 10F,2,4:07:22.10,4:07:22,4h7m22s,59,132,191,68,14:40,7.779,TRANSFORM,,,,256,393696,32,18,153,106,302,21,15,0,Flareon, ,Normal,Normal,316589,Ditto 1,Ditto,,04:07:14.33,04:07:22.11,14:40:08.16,68,59,4,7,22,11,TRANSFORM,,,,0,0,0,0,0,0,0,0,125,192,127,124,124,124,130,29252,46946,39030,38626,38626,55235,15,15,15,15,0,0,0,0,0,0,0,142,139,124,124,130,25554208,503662879,35679024,120791803,0,256,0,0,393696,199904,201326592,4864,32,171,18,153,0,0,3204,1696,351,134219871,2840,7,19,0,0,0,0,0,2,0,4,0,0,0,0,0,0,0,0,0,0,0,0,0,0,0,0,0,0,0,0,0,0,0,0,0,0,0,0,18,4607,0,4000200,1080000,60000,2,0,0,0,0,0,132,5,191,Flareon
12-04,16:33:17,NINTEN,Ditto,Rocket,39,Silph Co - 10F,1,4:07:35.40,4:07:35,4h7m35s,59,132,191,68,14:41,6.939,TRANSFORM,,,,256,393708,32,19,153,108,304,22,15,1450,Flareon, ,Normal,Normal,317621,Ditto 1,Ditto,,04:07:28.47,04:07:35.40,14:41:00.38,68,59,4,7,35,40,TRANSFORM,,,,0,0,0,0,0,0,0,0,100,192,127,124,124,124,130,29332,47046,39100,38676,38676,55280,15,15,15,15,0,0,0,0,0,0,0,142,139,124,124,130,25557350,503663361,35681278,120792209,0,256,0,0,393708,199916,201326592,4864,32,172,19,153,0,0,3401,1797,426,134219946,2842,7,20,0,0,0,0,0,2,0,4,0,0,0,0,0,0,0,0,0,0,0,0,0,0,0,0,0,0,0,0,0,0,0,0,0,0,0,0,19,5639,0,4000200,1080000,60000,2,0,0,0,0,0,132,5,191,Flareon
12-04,16:33:53,NINTEN,Ditto,Scientist,10,Silph Co - 9F,3,4:08:10.77,4:08:10,4h8m10s,59,132,191,68,14:43,11.007,TRANSFORM,,,,257,393819,42,20,153,111,307,22,17,2440,Flareon, ,Normal,Normal,319889,Ditto 1,Ditto,,04:07:59.78,04:08:10.79,14:43:19.50,68,59,4,8,10,79,TRANSFORM,,,,0,0,0,0,0,0,0,0,93,192,127,124,124,124,130,29462,47201,39340,38911,38911,55485,15,15,15,15,0,0,0,0,0,0,0,142,139,124,124,130,25565702,503667265,35684376,120793559,0,257,0,0,393819,200027,201326592,4864,42,173,20,153,0,0,3737,1995,525,134220045,2845,7,20,0,0,0,0,0,2,0,4,0,0,0,0,0,0,0,0,0,0,0,0,0,0,0,0,0,0,0,0,0,0,0,0,0,0,0,0,22,7907,0,4000200,1080000,60000,5,0,0,0,0,0,132,5,191,Flareon
12-04,16:34:15,NINTEN,Ditto,Hypno Rocket,38,Silph Co - 9F,3,4:08:33.11,4:08:33,4h8m33s,59,132,191,68,14:44,11.332,TRANSFORM,,,,258,393854,42,21,153,114,310,22,17,3840,Flareon, ,Normal,Normal,322517,Ditto 1,Ditto,,04:08:21.79,04:08:33.12,14:44:47.42,68,59,4,8,33,12,TRANSFORM,,,,0,0,0,0,0,0,0,0,67,192,127,124,124,124,130,29682,47402,39525,39191,39191,55684,15,15,15,15,0,0,0,0,0,0,0,142,139,124,124,130,25570974,503668278,35687566,120794628,0,258,0,0,393854,200062,201326592,4864,42,174,21,153,0,0,4160,2245,650,134220170,2848,7,20,0,0,0,0,0,2,0,4,0,0,0,0,0,0,0,0,0,0,0,0,0,0,0,0,0,0,0,0,0,0,0,0,0,0,0,0,25,10535,0,4000200,1080000,60000,5,0,0,0,0,0,132,5,191,Flareon
12-04,16:34:39,NINTEN,Ditto,Rocket,35,Silph Co - 8F,4,4:08:57.42,4:08:57,4h8m57s,59,132,191,68,14:46,14.922,TRANSFORM,,,,258,393876,45,22,153,118,314,24,17,4680,Flareon, ,Normal,Normal,324730,Ditto 1,Ditto,,04:08:42.52,04:08:57.44,14:46:23.12,68,59,4,8,57,44,TRANSFORM,,,,0,0,0,0,0,0,0,0,26,192,127,124,124,124,130,29882,47664,39725,39381,39381,55998,15,15,15,15,0,0,0,0,0,0,0,142,139,124,124,130,25576704,503669313,35691512,120795377,0,258,0,0,393876,200084,201326592,4864,45,175,22,153,0,0,4858,2507,791,134220311,2852,7,22,0,0,0,0,0,2,0,4,0,0,0,0,0,0,0,0,0,0,0,0,0,0,0,0,0,0,0,0,0,0,0,0,0,0,0,0,29,12748,0,4000200,1080000,60000,5,0,0,0,0,0,132,5,191,Flareon
12-04,16:35:03,NINTEN,Ditto,Rocket,36,Silph Co - 8F,3,4:09:20.72,4:09:20,4h9m20s,59,132,191,68,14:47,12.918,TRANSFORM,,,,259,393896,47,23,153,122,318,25,17,5460,Flareon, ,Normal,Normal,327478,Ditto 1,Ditto,,04:09:07.81,04:09:20.73,14:47:54.45,68,59,4,9,20,73,TRANSFORM,,,,0,0,0,0,0,0,0,0,52,192,127,124,124,124,130,30062,47899,40010,39601,39601,56183,15,15,15,15,0,0,0,0,0,0,0,142,139,124,124,130,25582197,503669976,35694982,120796737,0,259,0,0,393896,200104,201326592,4864,47,176,23,153,0,0,5220,2733,915,134220435,2856,7,23,0,0,0,0,0,2,0,4,0,0,0,0,0,0,0,0,0,0,0,0,0,0,0,0,0,0,0,0,0,0,0,0,0,0,0,0,32,15496,0,4000200,1080000,60000,5,0,0,0,0,0,132,5,191,Flareon
12-04,16:35:22,NINTEN,Ditto,Rocket,33,Silph Co - 7F,2,4:09:39.76,4:09:39,4h9m39s,59,132,191,69,14:49,8.459,TRANSFORM,,,,260,393917,48,24,153,124,320,25,17,6300,Flareon, ,Normal,Normal,328558,Ditto 1,Ditto,,04:09:31.31,04:09:39.77,14:49:09.34,69,59,4,9,39,77,TRANSFORM,,,,0,0,0,0,0,0,0,0,83,195,129,126,126,126,132,30162,47999,40200,39681,39681,56253,15,15,15,15,0,0,0,0,0,0,0,145,141,126,126,132,25586686,503670864,35697401,120797919,0,260,0,0,393917,200125,201326592,4864,48,177,24,153,0,0,5403,2877,987,134220507,2858,7,23,0,0,0,0,0,2,0,4,0,0,0,0,0,0,0,0,0,0,0,0,0,0,0,0,0,0,0,0,0,0,0,0,0,0,0,0,34,16576,0,4000200,1080000,60000,5,0,0,0,0,0,132,5,191,Flareon
12-04,16:35:45,NINTEN,Ditto,Rocket,32,Silph Co - 7F,4,4:10:03.18,4:10:03,4h10m3s,59,132,191,69,14:50,13.89,TRANSFORM,,,,261,393927,50,25,153,128,324,25,17,7170,Flareon, ,Normal,Normal,331608,Ditto 1,Ditto,,04:09:49.30,04:10:03.19,14:50:41.40,69,59,4,10,3,19,TRANSFORM,,,,0,0,0,0,0,0,0,0,45,195,129,126,126,126,132,30392,48310,40494,39931,39931,56555,15,15,15,15,0,0,0,0,0,0,0,145,141,126,126,132,25592212,503671535,35701113,120799062,0,261,0,0,393927,200135,201326592,4864,50,178,25,153,0,0,5931,3155,1125,134220645,2862,7,23,0,0,0,0,0,2,0,4,0,0,0,0,0,0,0,0,0,0,0,0,0,0,0,0,0,0,0,0,0,0,0,0,0,0,0,0,38,19626,0,4000200,1080000,60000,5,0,0,0,0,0,132,5,191,Flareon
12-04,16:36:09,NINTEN,Ditto,Scientist,8,Silph Co - 7F,2,4:10:27.59,4:10:27,4h10m27s,59,132,191,69,14:52,8.092,TRANSFORM,,,,262,393968,56,26,153,130,326,25,17,7950,Flareon, ,Normal,Normal,333514,Ditto 1,Ditto,,04:10:19.51,04:10:27.60,14:52:17.40,69,59,4,10,27,60,TRANSFORM,,,,0,0,0,0,0,0,0,0,104,195,129,126,126,126,132,30557,48465,40639,40076,40076,56745,15,15,15,15,0,0,0,0,0,0,0,145,141,126,126,132,25597973,503673019,35703426,120801025,0,262,0,0,393968,200176,201326592,4864,56,179,26,153,0,0,6244,3337,1216,134220736,2864,7,23,0,0,0,0,0,3,0,4,0,0,0,0,0,0,0,0,0,0,0,0,0,0,0,0,0,0,0,0,0,0,0,0,0,0,0,0,40,21532,0,4000200,1080000,60000,6,0,0,0,0,0,132,5,191,Flareon
12-04,16:36:29,NINTEN,Ditto,Rocket,30,Silph Co - 6F,2,4:10:46.84,4:10:46,4h10m46s,59,132,191,69,14:53,7.753,TRANSFORM,,,,263,394015,57,27,153,132,328,25,17,9400,Flareon, ,Normal,Normal,334966,Ditto 1,Ditto,,04:10:39.10,04:10:46.85,14:53:33.28,69,59,4,10,46,85,TRANSFORM,,,,0,0,0,0,0,0,0,0,67,195,129,126,126,126,132,30707,48645,40759,40161,40161,56825,15,15,15,15,0,0,0,0,0,0,0,145,141,126,126,132,25602520,503674448,35705662,120801908,0,263,0,0,394015,200223,201326592,4864,57,180,27,153,0,0,6512,3511,1303,134220823,2866,7,23,0,0,0,0,0,3,0,4,0,0,0,0,0,0,0,0,0,0,0,0,0,0,0,0,0,0,0,0,0,0,0,0,0,0,0,0,42,22984,0,4000200,1080000,60000,6,0,0,0,0,0,132,5,191,Flareon
12-04,16:36:55,NINTEN,Ditto,Scientist,7,Silph Co - 6F,5,4:11:13.18,4:11:13,4h11m13s,59,132,191,69,14:55,16.976,TRANSFORM,,,,264,394028,57,28,153,137,333,25,17,10270,Flareon, ,Normal,Normal,338073,Ditto 1,Ditto,,04:10:56.21,04:11:13.19,14:55:16.55,69,59,4,11,13,19,TRANSFORM,,,,0,0,0,0,0,0,0,0,51,195,129,126,126,126,132,30902,48900,41164,40551,40551,57110,15,15,15,15,0,0,0,0,0,0,0,145,141,126,126,132,25608727,503674878,35710082,120803265,0,264,0,0,394028,200236,201326592,4864,57,181,28,153,0,0,7122,3803,1447,134220967,2871,7,23,0,0,0,0,0,3,0,4,0,0,0,0,0,0,0,0,0,0,0,0,0,0,0,0,0,0,0,0,0,0,0,0,0,0,0,0,47,26091,0,4000200,1080000,60000,6,0,0,0,0,0,132,5,191,Flareon
12-04,16:37:20,NINTEN,Ditto,Rocket,31,Silph Co - 6F,3,4:11:38.48,4:11:38,4h11m38s,59,132,191,69,14:56,12.376,TRANSFORM,,,,265,394046,60,29,153,141,337,26,16,11520,Flareon, ,Normal,Normal,339747,Ditto 1,Ditto,,04:11:26.11,04:11:38.49,14:56:56.28,69,59,4,11,38,49,TRANSFORM,,,,0,0,0,0,0,0,0,0,89,195,129,126,126,126,132,31057,49070,41304,40706,40706,57310,15,15,15,15,0,-2,0,0,0,0,0,163,70,126,126,132,25614700,503675536,35713420,120805242,0,265,0,0,394046,200254,201326592,4864,60,182,29,153,0,0,7662,4015,1553,134221073,2874,8,24,0,0,0,0,0,3,0,4,0,0,0,0,0,0,0,0,0,0,0,0,0,0,0,0,0,0,0,0,0,0,0,0,0,0,0,0,50,27765,0,4000200,1080000,60000,6,0,0,0,0,0,132,5,191,Flareon
12-04,16:37:49,NINTEN,Ditto,Scientist,6,Silph Co - 5F,4,4:12:06.80,4:12:06,4h12m6s,59,132,191,69,14:58,14.077,TRANSFORM,,,,266,394102,68,30,153,145,341,26,16,12360,Flareon, ,Normal,Normal,342736,Ditto 1,Ditto,,04:11:52.73,04:12:06.80,14:58:47.59,69,59,4,12,6,80,TRANSFORM,,,,0,0,0,0,0,0,0,0,64,195,129,126,126,126,132,31237,49320,41684,41066,41066,57520,15,15,15,15,0,0,0,0,0,0,0,145,141,126,126,132,25621391,503677339,35717169,120806381,0,266,0,0,394102,200310,201326592,4864,68,183,30,153,0,0,8078,4267,1678,134221198,2878,8,24,0,0,0,0,0,3,0,4,0,0,0,0,0,0,0,0,0,0,0,0,0,0,0,0,0,0,0,0,0,0,0,0,0,0,0,0,54,30754,0,4000200,1080000,60000,7,0,0,0,0,0,132,5,191,Flareon
12-04,16:38:02,NINTEN,Ditto,Rocket,28,Silph Co - 5F,1,4:12:20.50,4:12:20,4h12m20s,59,132,191,70,14:59,5.649,TRANSFORM,,,,267,394113,69,31,153,146,342,26,16,13660,Flareon, ,Normal,Normal,343775,Ditto 1,Ditto,,04:12:14.85,04:12:20.50,14:59:41.42,70,59,4,12,20,50,TRANSFORM,,,,0,0,0,0,0,0,0,0,125,199,131,128,128,128,135,31297,49405,41753,41131,41131,57600,15,15,15,15,0,0,0,0,0,0,0,147,144,128,128,135,25624614,503677721,35718925,120807466,0,267,0,0,394113,200321,201326592,4864,69,184,31,153,0,0,8189,4354,1721,134221241,2879,8,24,0,0,0,0,0,3,0,4,0,0,0,0,0,0,0,0,0,0,0,0,0,0,0,0,0,0,0,0,0,0,0,0,0,0,0,0,55,31793,0,4000200,1080000,60000,7,0,0,0,0,0,132,5,191,Flareon
12-04,16:38:34,NINTEN,Ditto,Rocket,25,Silph Co - 3F,3,4:12:52.53,4:12:52,4h12m52s,59,132,191,70,15:01,10.951,TRANSFORM,,,,268,394206,74,32,153,149,345,26,19,14650,Flareon, ,Normal,Normal,346157,Ditto 1,Ditto,,04:12:41.59,04:12:52.55,15:01:47.21,70,59,4,12,52,55,TRANSFORM,,,,0,0,0,0,0,0,0,0,82,199,131,128,128,128,135,31492,49640,41943,41346,41346,57861,15,15,15,15,0,0,0,0,0,0,0,147,144,128,128,135,25632153,503680827,35721914,120808910,0,268,0,0,394206,200414,201326592,4864,74,185,32,153,0,0,8619,4590,1838,134221358,2882,8,24,0,0,0,0,0,3,0,4,0,0,0,0,0,0,0,0,0,0,0,0,0,0,0,0,0,0,0,0,0,0,0,0,0,0,0,0,58,34175,0,4000200,1080000,60000,10,0,0,0,0,0,132,5,191,Flareon
12-04,16:38:55,NINTEN,Ditto,Scientist,4,Silph Co - 3F,2,4:13:13.55,4:13:13,4h13m13s,59,132,191,70,15:03,9.918,TRANSFORM,,,,269,394225,77,33,153,152,348,27,20,15490,Flareon, ,Normal,Normal,348162,Ditto 1,Ditto,,04:13:03.64,04:13:13.56,15:03:09.56,70,59,4,13,13,56,TRANSFORM,,,,0,0,0,0,0,0,0,0,92,199,131,128,128,128,135,31617,49780,42133,41511,41511,58061,15,15,15,15,0,0,0,0,0,0,0,147,144,128,128,135,25637108,503681944,35724668,120809994,0,269,0,0,394225,200433,201326592,4864,77,186,33,153,0,0,8906,4749,1928,134221448,2885,8,25,0,0,0,0,0,3,0,4,0,0,0,0,0,0,0,0,0,0,0,0,0,0,0,0,0,0,0,0,0,0,0,0,0,0,0,0,60,36180,0,4000200,1080000,60000,11,0,0,0,0,0,132,5,191,Flareon
12-04,16:39:13,NINTEN,Ditto,Rocket,37,Silph Co - 9F,3,4:13:31.56,4:13:31,4h13m31s,59,132,191,70,15:04,10.967,TRANSFORM,,,,269,394239,77,34,153,155,351,27,20,16940,Flareon, ,Normal,Normal,349842,Ditto 1,Ditto,,04:13:20.60,04:13:31.57,15:04:20.32,70,59,4,13,31,57,TRANSFORM,,,,0,0,0,0,0,0,0,0,71,199,131,128,128,128,135,31827,49988,42278,41676,41676,58163,15,15,15,15,0,0,0,0,0,0,0,147,144,128,128,135,25641344,503682471,35727772,120810599,0,269,0,0,394239,200447,201326592,4864,77,187,34,153,0,0,9545,4993,2049,134221569,2888,8,25,0,0,0,0,0,4,0,4,0,0,0,0,0,0,0,0,0,0,0,0,0,0,0,0,0,0,0,0,0,0,0,0,0,0,0,0,63,37860,0,4000200,1080000,60000,11,0,0,0,0,0,132,5,191,Flareon
12-04,16:39:39,NINTEN,Ditto,Rocket,27,Silph Co - 4F,3,4:13:56.72,4:13:56,4h13m56s,59,132,191,70,15:05,10.621,TRANSFORM,,,,270,394290,83,35,153,158,354,27,20,17780,Flareon, ,Normal,Normal,351060,Ditto 1,Ditto,,04:13:46.11,04:13:56.73,15:05:59.28,70,59,4,13,56,73,TRANSFORM,,,,0,0,0,0,0,0,0,0,73,199,131,128,128,128,135,31952,50143,42452,41796,41796,58308,15,15,15,15,0,0,0,0,0,0,0,147,144,128,128,135,25647280,503684093,35730681,120812004,0,270,0,0,394290,200498,201326592,4864,83,188,35,153,0,0,10154,5189,2147,134221667,2891,8,25,0,0,0,0,0,5,0,4,0,0,0,0,0,0,0,0,0,0,0,0,0,0,0,0,0,0,0,0,0,0,0,0,0,0,0,0,66,39078,0,4000200,1080000,60000,11,0,0,0,0,0,132,5,191,Flareon
12-04,16:39:56,NINTEN,Ditto,Rocket,26,Silph Co - 4F,2,4:14:14.33,4:14:14,4h14m14s,59,132,191,70,15:07,7.876,TRANSFORM,,,,271,394322,85,36,153,160,356,27,20,18620,Flareon, ,Normal,Normal,352239,Ditto 1,Ditto,,04:14:06.47,04:14:14.35,15:07:08.41,70,59,4,14,14,35,TRANSFORM,,,,0,0,0,0,0,0,0,0,92,199,131,128,128,128,135,32082,50271,42547,41921,41921,58385,15,15,15,15,0,0,0,0,0,0,0,147,144,128,128,135,25651433,503684877,35732950,120813104,0,271,0,0,394322,200530,201326592,4864,85,189,36,153,0,0,10469,5351,2228,134221748,2893,8,25,0,0,0,0,0,5,0,4,0,0,0,0,0,0,0,0,0,0,0,0,0,0,0,0,0,0,0,0,0,0,0,0,0,0,0,0,68,40257,0,4000200,1080000,60000,11,0,0,0,0,0,132,5,191,Flareon
12-04,16:45:33,NINTEN,Ditto,Rocket,24,Silph Co - 2F,5,4:19:50.99,4:19:50,4h19m50s,59,132,191,70,15:29,16.586,TRANSFORM,,,,272,394630,115,37,153,165,361,27,16,90,Flareon, ,Normal,Normal,354639,Ditto 1,Ditto,,04:19:34.41,04:19:51.00,15:29:24.29,70,59,4,19,51,0,TRANSFORM,,,,0,0,0,0,0,0,0,0,34,199,131,128,128,128,135,32332,50567,42782,42166,42166,58737,15,15,15,15,0,0,0,0,0,0,0,147,144,128,128,135,25731581,503754983,35737277,120818819,0,272,0,0,394630,200838,201326592,4864,115,190,37,153,0,0,11447,5670,2386,134221906,2898,8,25,0,0,0,0,0,5,0,4,0,0,0,0,0,0,0,0,0,0,0,0,0,0,0,0,0,0,0,0,0,0,0,0,0,0,0,0,73,42657,0,4000200,1080000,60000,11,237,7,0,0,0,132,5,191,Flareon
12-04,16:45:52,NINTEN,Ditto,Scientist,3,Silph Co - 2F,3,4:20:09.88,4:20:09,4h20m9s,59,132,191,70,15:30,11.028,TRANSFORM,,,,272,394648,118,38,153,168,364,27,16,840,Flareon, ,Normal,Normal,356757,Ditto 1,Ditto,,04:19:58.86,04:20:09.89,15:30:38.22,70,59,4,20,9,89,TRANSFORM,,,,0,0,0,0,0,0,0,0,89,199,131,128,128,128,135,32447,50692,42997,42436,42436,58952,15,15,15,15,0,0,0,0,0,0,0,147,144,128,128,135,25736014,503755530,35740284,120819698,0,272,0,0,394648,200856,201326592,4864,118,191,38,153,0,0,11859,5860,2481,134222001,2901,8,25,0,0,0,0,0,5,0,4,0,0,0,0,0,0,0,0,0,0,0,0,0,0,0,0,0,0,0,0,0,0,0,0,0,0,0,0,76,44775,0,4000200,1080000,60000,11,237,7,0,0,0,132,5,191,Flareon
12-04,16:46:05,NINTEN,Ditto,Rocket,23,Silph Co - 2F,2,4:20:23.58,4:20:23,4h20m23s,59,132,191,70,15:31,7.574,TRANSFORM,,,,272,394662,119,39,153,170,366,27,16,2240,Flareon, ,Normal,Normal,357631,Ditto 1,Ditto,,04:20:16.01,04:20:23.58,15:31:32.00,70,59,4,20,23,58,TRANSFORM,,,,0,0,0,0,0,0,0,0,120,199,131,128,128,128,135,32537,50787,43127,42516,42516,59042,15,15,15,15,0,0,0,0,0,0,0,147,144,128,128,135,25739232,503755923,35742493,120820314,0,272,0,0,394662,200870,201326592,4864,119,192,39,153,0,0,12160,5998,2550,134222070,2903,8,25,0,0,0,0,0,5,0,4,0,0,0,0,0,0,0,0,0,0,0,0,0,0,0,0,0,0,0,0,0,0,0,0,0,0,0,0,78,45649,0,4000200,1080000,60000,11,237,7,0,0,0,132,5,191,Flareon
12-04,16:46:25,NINTEN,Ditto,Scientist,5,Silph Co - 4F,1,4:20:43.64,4:20:43,4h20m43s,59,132,191,71,15:32,5.736,TRANSFORM,,,,272,394753,129,40,153,171,367,27,16,3110,Flareon, ,Normal,Normal,358691,Ditto 1,Ditto,,04:20:37.92,04:20:43.65,15:32:51.04,71,59,4,20,43,65,TRANSFORM,,,,0,0,0,0,0,0,0,0,130,202,134,131,130,130,137,32597,50837,43197,42596,42596,59182,15,15,15,15,0,0,0,0,0,0,0,150,147,130,130,137,25743976,503758551,35744258,120820665,0,272,0,0,394753,200961,201326592,4864,129,193,40,153,0,0,12276,6085,2593,134222113,2904,8,25,0,0,0,0,0,5,0,4,0,0,0,0,0,0,0,0,0,0,0,0,0,0,0,0,0,0,0,0,0,0,0,0,0,0,0,0,79,46709,0,4000200,1080000,60000,11,237,7,0,0,0,132,5,191,Flareon
12-04,16:50:47,NINTEN,Ditto,Rocket,29,Silph Co - 5F,1,4:21:05.41,4:21:05,4h21m5s,59,132,191,71,15:34,5.024,TRANSFORM,,,,273,394813,135,41,153,172,368,27,16,4760,Flareon, ,Normal,Normal,359856,Ditto 1,Ditto,,04:21:00.39,04:21:05.42,15:34:16.22,71,59,4,21,5,42,TRANSFORM,,,,0,0,0,0,0,0,0,0,150,202,134,131,130,130,137,32682,50910,43267,42711,42711,59249,15,15,15,15,0,0,0,0,0,0,0,150,147,130,130,137,25749094,503760925,35745889,120821778,0,273,0,0,394813,201021,201326592,4864,135,194,41,153,0,0,12391,6189,2645,134222165,2905,8,25,0,0,0,0,0,5,0,4,0,0,0,0,0,0,0,0,0,0,0,0,0,0,0,0,0,0,0,0,0,0,0,0,0,0,0,0,80,47874,0,4000200,1080000,60000,11,237,7,0,0,0,132,5,191,Flareon
12-04,16:51:14,NINTEN,Ditto,Rocket,34,Silph Co - 7F,2,4:21:31.74,4:21:31,4h21m31s,59,132,191,71,15:36,9.664,TRANSFORM,,,,274,394884,140,42,153,175,371,28,16,5750,Flareon, ,Normal,Normal,361445,Ditto 1,Ditto,,04:21:22.09,04:21:31.75,15:36:00.10,71,59,4,21,31,75,TRANSFORM,,,,0,0,0,0,0,0,0,0,104,202,134,131,130,130,137,32807,51085,43462,42796,42796,59354,15,15,15,15,0,0,0,0,0,0,0,150,147,130,130,137,25755323,503763573,35748610,120822637,0,274,0,0,394884,201092,201326592,4864,140,195,42,153,0,0,12732,6348,2741,134222261,2908,8,26,0,0,0,0,0,6,0,5,0,0,0,0,0,0,0,0,0,0,0,0,0,0,0,0,0,0,0,0,0,0,0,0,0,0,0,0,82,49463,0,4000200,1080000,60000,11,237,7,0,0,0,132,5,191,Flareon
12-04,16:51:50,NINTEN,Ditto,Scientist,2,Silph Co - 2F,4,4:22:08.36,4:22:08,4h22m8s,59,132,191,71,15:38,14.025,TRANSFORM,,,,275,394965,142,43,153,179,375,28,17,6620,Flareon, ,Normal,Normal,364506,Ditto 1,Ditto,,04:21:54.34,04:22:08.37,15:38:23.58,71,59,4,22,8,37,TRANSFORM,,,,0,0,0,0,0,0,0,0,60,202,134,131,130,130,137,33057,51410,43847,43066,43066,59534,15,15,15,15,0,0,0,0,0,0,0,150,147,130,130,137,25763950,503767181,35752332,120823935,0,275,0,0,394965,201173,201326592,4864,142,196,43,153,0,0,13183,6635,2883,134222403,2912,8,26,0,0,0,0,0,6,0,5,0,0,0,0,0,0,0,0,0,0,0,0,0,0,0,0,0,0,0,0,0,0,0,0,0,0,0,0,86,52524,0,4000200,1080000,60000,12,237,7,0,0,0,132,5,191,Flareon
12-04,16:52:19,NINTEN,Ditto,Juggler,1,Silph Co - 5F,2,4:22:37.54,4:22:37,4h22m37s,59,132,191,71,15:40,7.824,TRANSFORM,,,,276,395041,149,44,153,181,377,28,17,7920,Flareon, ,Normal,Normal,366250,Ditto 1,Ditto,,04:22:29.73,04:22:37.55,15:40:18.34,71,59,4,22,37,55,TRANSFORM,,,,0,0,0,0,0,0,0,0,136,202,134,131,130,130,137,33137,51490,43942,43286,43286,59729,15,15,15,15,0,0,0,0,0,0,0,150,147,130,130,137,25770826,503770303,35754640,120825381,0,276,0,0,395041,201249,201326592,4864,149,197,44,153,0,0,13553,6767,2949,134222469,2914,8,26,0,0,0,0,0,6,0,5,0,0,0,0,0,0,0,0,0,0,0,0,0,0,0,0,0,0,0,0,0,0,0,0,0,0,0,0,88,54268,0,4000200,1080000,60000,12,237,7,0,0,0,132,5,191,Flareon
12-04,16:56:23,NINTEN,Ditto,Biker,5,Route 16,2,4:26:40.82,4:26:40,4h26m40s,59,132,191,72,15:56,7.645,TRANSFORM,,,,276,395708,199,45,182,212,408,28,17,8935,Flareon, ,Normal,Normal,375459,Ditto 1,Ditto,,04:26:33.18,04:26:40.83,15:56:14.22,72,59,4,26,40,83,TRANSFORM,,,,0,0,0,0,0,0,0,0,127,205,136,133,133,133,140,33647,53330,44912,44791,44791,62644,15,15,15,15,0,0,0,0,0,0,0,153,149,133,133,140,25828174,503785649,35790133,120831890,0,276,0,0,395708,201913,201326595,4864,199,227,45,182,0,0,24286,8024,3569,134223089,2945,8,26,0,0,0,0,0,7,0,5,0,0,0,0,0,0,0,0,0,0,0,0,0,0,0,0,0,0,0,0,0,0,0,0,0,0,0,0,119,63477,0,4000200,1080000,60000,12,237,7,0,0,0,132,5,191,Flareon
12-04,16:56:38,NINTEN,Ditto,Cue Ball,1,Route 16,3,4:26:56.35,4:26:56,4h26m56s,59,132,191,72,15:57,10.702,TRANSFORM,,,,276,395712,199,46,182,215,411,28,17,9515,Flareon, ,Normal,Normal,376959,Ditto 1,Ditto,,04:26:45.65,04:26:56.35,15:57:15.23,72,59,4,26,56,35,TRANSFORM,,,,0,0,0,0,0,0,0,0,65,205,136,133,133,133,140,33827,53570,45047,44896,44896,62784,15,15,15,15,0,0,0,0,0,0,0,153,149,133,133,140,25831835,503785891,35793170,120832272,0,276,0,0,395712,201913,201326599,4864,199,228,46,182,0,0,24866,8250,3681,134223201,2948,8,26,0,0,0,0,0,7,0,5,0,0,0,0,0,0,0,0,0,0,0,0,0,0,0,0,0,0,0,0,0,0,0,0,0,0,0,0,122,64977,0,4000200,1080000,60000,12,237,7,0,0,0,132,5,191,Flareon
12-04,16:56:56,NINTEN,Ditto,Cue Ball,2,Route 16,2,4:27:13.65,4:27:13,4h27m13s,59,132,191,72,15:58,7.626,TRANSFORM,,,,277,395718,199,47,182,217,413,28,17,10215,Flareon, ,Normal,Normal,377964,Ditto 1,Ditto,,04:27:06.03,04:27:13.65,15:58:23.09,72,59,4,27,13,65,TRANSFORM,,,,0,0,0,0,0,0,0,0,130,205,136,133,133,133,140,33937,53730,45132,44966,44966,62889,15,15,15,15,0,0,0,0,0,0,0,153,149,133,133,140,25835901,503786283,35795480,120833636,0,277,0,0,395718,201913,201326605,4864,199,229,47,182,0,0,25258,8400,3756,134223276,2950,8,26,0,0,0,0,0,7,0,5,0,0,0,0,0,0,0,0,0,0,0,0,0,0,0,0,0,0,0,0,0,0,0,0,0,0,0,0,124,65982,0,4000200,1080000,60000,12,237,7,0,0,0,132,5,191,Flareon
12-04,16:57:08,NINTEN,Ditto,Biker,6,Route 16,1,4:27:26.54,4:27:26,4h27m26s,59,132,191,72,15:59,7.326,TRANSFORM,,,,278,395721,199,48,182,219,415,29,17,10940,Flareon,Poisoned,Normal,Normal,379186,Ditto 1,Ditto,,04:27:19.21,04:27:26.54,15:59:14.05,72,59,4,27,26,54,TRANSFORM,,,,0,0,0,0,0,0,0,0,80,205,136,133,133,133,140,34002,53820,45252,45051,45051,62949,15,15,15,15,0,0,0,0,0,0,0,153,149,133,133,140,25838957,503786544,35797718,120834193,0,278,0,0,395721,201913,201326608,4864,199,230,48,182,0,0,25413,8491,3806,134223326,2952,8,27,0,0,0,0,0,7,0,5,0,0,0,0,0,0,0,0,0,0,1,0,0,0,0,0,0,0,0,0,0,0,0,0,0,0,0,0,125,67204,0,4000200,1080000,60000,12,237,7,0,0,0,132,5,191,Flareon
12-04,17:17:01,NINTEN,Ditto,Cue Ball,3,Route 16,1,4:28:15.15,4:28:15,4h28m15s,59,132,191,72,16:02,4.788,TRANSFORM,,,,278,395852,224,49,182,220,416,29,18,11100,Flareon, ,Normal,Normal,379807,Ditto 1,Ditto,,04:28:10.38,04:28:15.16,16:02:25.15,72,59,4,28,15,16,TRANSFORM,,,,0,0,0,0,0,0,0,0,158,205,136,133,133,133,140,34072,53900,45302,45086,45086,62984,15,15,15,15,0,0,0,0,0,0,0,153,149,133,133,140,25850427,503791889,35799341,120838695,0,278,0,0,395852,202029,201326623,4864,224,231,49,182,0,0,25557,8585,3853,134223373,2953,8,27,0,0,0,0,0,7,0,5,0,0,0,0,0,0,0,0,0,0,1,0,0,0,0,0,0,0,0,0,0,0,0,0,0,0,0,0,126,67825,0,4000200,1080000,60000,12,242,7,0,0,0,132,5,191,Flareon
12-04,17:17:23,NINTEN,Ditto,Biker,7,Route 16,4,4:28:37.25,4:28:37,4h28m37s,59,132,191,72,16:03,14.459,TRANSFORM,,,,279,395858,227,50,182,224,420,29,18,11925,Flareon, ,Normal,Normal,381811,Ditto 1,Ditto,,04:28:22.79,04:28:37.25,16:03:52.16,72,59,4,28,37,25,TRANSFORM,,,,0,0,0,0,0,0,0,0,45,205,136,133,133,133,140,34392,54220,45502,45246,45246,63084,15,15,15,15,0,0,0,0,0,0,0,153,149,133,133,140,25855648,503792283,35803265,120839598,0,279,0,0,395858,202029,201326629,4864,227,232,50,182,0,0,26439,8909,4013,134223533,2957,8,27,0,0,0,0,0,8,0,5,0,0,0,0,0,0,0,0,0,0,1,0,0,0,0,0,0,0,0,0,0,0,0,0,0,0,0,0,130,69829,0,4000200,1080000,60000,12,242,7,0,0,0,132,5,191,Flareon
12-04,17:17:46,NINTEN,Ditto,Biker,8,Route 17,3,4:29:00.87,4:29:00,4h29m0s,59,132,191,72,16:05,11.009,TRANSFORM,,,,280,395883,227,51,182,227,423,29,18,12445,Flareon, ,Normal,Normal,384571,Ditto 1,Ditto,,04:28:49.87,04:29:00.88,16:05:24.49,72,59,4,29,0,88,TRANSFORM,,,,0,0,0,0,0,0,0,0,95,205,136,133,133,133,140,34562,54465,45837,45476,45476,63239,15,15,15,15,0,0,0,0,0,0,0,153,149,133,133,140,25861202,503793083,35806380,120841236,0,280,0,0,395883,202029,201326654,4864,227,233,51,182,0,0,26708,9129,4123,134223643,2960,8,27,0,0,0,0,0,8,0,5,0,0,0,0,0,0,0,0,0,0,1,0,0,0,0,0,0,0,0,0,0,0,0,0,0,0,0,0,133,72589,0,4000200,1080000,60000,12,242,7,0,0,0,132,5,191,Flareon
12-04,17:18:03,NINTEN,Ditto,Cue Ball,5,Route 17,2,4:29:17.90,4:29:17,4h29m17s,59,132,191,72,16:06,7.756,TRANSFORM,,,,281,395892,239,52,182,229,425,29,18,13005,Flareon, ,Normal,Normal,386023,Ditto 1,Ditto,,04:29:10.15,04:29:17.91,16:06:31.42,72,59,4,29,17,91,TRANSFORM,,,,0,0,0,0,0,0,0,0,108,205,136,133,133,133,140,34712,54645,45957,45561,45561,63319,15,15,15,15,0,0,0,0,0,0,0,153,149,133,133,140,25865214,503793639,35808715,120842358,0,281,0,0,395892,202029,201326663,4864,239,234,52,182,0,0,27013,9303,4210,134223730,2962,8,27,0,0,0,0,0,8,0,5,0,0,0,0,0,0,0,0,0,0,1,0,0,0,0,0,0,0,0,0,0,0,0,0,0,0,0,0,135,74041,0,4000200,1080000,60000,12,242,7,0,0,0,132,5,191,Flareon
12-04,17:18:17,NINTEN,Ditto,Cue Ball,4,Route 17,2,4:29:31.98,4:29:31,4h29m31s,59,132,191,72,16:07,7.794,TRANSFORM,,,,281,395896,255,53,182,231,427,29,18,13730,Flareon, ,Normal,Normal,387407,Ditto 1,Ditto,,04:29:24.20,04:29:31.99,16:07:26.52,72,59,4,29,31,99,TRANSFORM,,,,0,0,0,0,0,0,0,0,132,205,136,133,133,133,140,34817,54830,46052,45656,45656,63484,15,15,15,15,0,0,0,0,0,0,0,153,149,133,133,140,25868524,503793981,35811058,120842983,0,281,0,0,395896,202029,201326667,4864,255,235,53,182,0,0,27397,9450,4283,134223803,2964,8,27,0,0,0,0,0,8,0,5,0,0,0,0,0,0,0,0,0,0,1,0,0,0,0,0,0,0,0,0,0,0,0,0,0,0,0,0,137,75425,0,4000200,1080000,60000,12,242,7,0,0,0,132,5,191,Flareon
12-04,17:18:39,NINTEN,Ditto,Biker,10,Route 17,2,4:29:53.57,4:29:53,4h29m53s,59,132,191,73,16:08,8.713,TRANSFORM,,,,281,395917,264,54,183,234,430,29,18,14455,Flareon, ,Normal,Normal,389309,Ditto 1,Ditto,,04:29:44.87,04:29:53.58,16:08:51.38,73,59,4,29,53,58,TRANSFORM,,,,0,0,0,0,0,0,0,0,130,208,139,135,135,135,142,34962,54980,46217,45827,45827,63784,15,15,15,15,0,0,0,0,0,0,0,156,151,135,135,142,25873610,503794542,35814802,120843764,0,281,0,0,395917,202029,201326688,4864,264,237,54,183,0,0,27892,9661,4388,134223908,2967,8,27,0,0,0,0,0,8,0,5,0,0,0,0,0,0,0,0,0,0,1,0,0,0,0,0,0,0,0,0,0,0,0,0,0,0,0,0,140,77327,0,4000200,1080000,60000,12,242,7,0,0,0,132,5,191,Flareon
12-04,17:18:49,NINTEN,Ditto,Cue Ball,6,Route 17,1,4:30:03.99,4:30:03,4h30m3s,59,132,191,73,16:09,4.777,TRANSFORM,,,,281,395944,268,55,183,235,431,29,18,15035,Flareon, ,Normal,Normal,390341,Ditto 1,Ditto,,04:29:59.21,04:30:03.99,16:09:32.28,73,59,4,30,3,99,TRANSFORM,,,,0,0,0,0,0,0,0,0,130,208,139,135,135,135,142,35042,55080,46287,45877,45877,63829,15,15,15,15,0,0,0,0,0,0,0,156,151,135,135,142,25876060,503794990,35816431,120844137,0,281,0,0,395944,202029,201326715,4864,268,238,55,183,0,0,28019,9762,4438,134223958,2968,8,27,0,0,0,0,0,8,0,5,0,0,0,0,0,0,0,0,0,0,1,0,0,0,0,0,0,0,0,0,0,0,0,0,0,0,0,0,141,78359,0,4000200,1080000,60000,12,242,7,0,0,0,132,5,191,Flareon
12-04,17:19:05,NINTEN,Ditto,Cue Ball,8,Route 17,2,4:30:19.20,4:30:19,4h30m19s,59,132,191,73,16:10,7.874,TRANSFORM,,,,281,395987,268,56,183,237,433,29,18,15860,Flareon, ,Normal,Normal,392172,Ditto 1,Ditto,,04:30:11.34,04:30:19.22,16:10:32.11,73,59,4,30,19,22,TRANSFORM,,,,0,0,0,0,0,0,0,0,123,208,139,135,135,135,142,35187,55285,46417,45987,45987,63969,15,15,15,15,0,0,0,0,0,0,0,156,151,135,135,142,25879643,503795565,35818799,120844777,0,281,0,0,395987,202029,201326758,4864,268,239,56,183,0,0,28306,9933,4523,134224043,2970,8,27,0,0,0,0,0,8,0,5,0,0,0,0,0,0,0,0,0,0,1,0,0,0,0,0,0,0,0,0,0,0,0,0,0,0,0,0,143,80190,0,4000200,1080000,60000,12,242,7,0,0,0,132,5,191,Flareon
12-04,17:19:21,NINTEN,Ditto,Biker,11,Route 17,2,4:30:36.04,4:30:36,4h30m36s,59,132,191,73,16:11,7.998,TRANSFORM,,,,281,396044,268,57,183,239,435,29,18,16585,Flareon, ,Normal,Normal,394221,Ditto 1,Ditto,,04:30:28.05,04:30:36.05,16:11:38.15,73,59,4,30,36,5,TRANSFORM,,,,0,0,0,0,0,0,0,0,116,208,139,135,135,135,142,35357,55480,46612,46137,46137,64079,15,15,15,15,0,0,0,0,0,0,0,156,151,135,135,142,25883608,503796538,35821188,120845379,0,281,0,0,396044,202029,201326815,4864,268,240,57,183,0,0,28525,10118,4615,134224135,2972,8,27,0,0,0,0,0,8,0,5,0,0,0,0,0,0,0,0,0,0,1,0,0,0,0,0,0,0,0,0,0,0,0,0,0,0,0,0,145,82239,0,4000200,1080000,60000,12,242,7,0,0,0,132,5,191,Flareon
12-04,17:19:43,NINTEN,Ditto,Cue Ball,7,Route 17,4,4:30:58.02,4:30:58,4h30m58s,59,132,191,73,16:13,13.816,TRANSFORM,,,,281,396077,271,58,183,243,439,29,18,17165,Flareon, ,Normal,Normal,396345,Ditto 1,Ditto,,04:30:44.21,04:30:58.03,16:13:04.38,73,59,4,30,58,3,TRANSFORM,,,,0,0,0,0,0,0,0,0,70,208,139,135,135,135,142,35587,55820,46802,46292,46292,64299,15,15,15,15,0,0,0,0,0,0,0,156,151,135,135,142,25888790,503797342,35824945,120846001,0,281,0,0,396077,202029,201326848,4864,271,241,58,183,0,0,29538,10395,4753,134224273,2976,8,27,0,0,0,0,0,9,0,5,0,0,0,0,0,0,0,0,0,0,1,0,0,0,0,0,0,0,0,0,0,0,0,0,0,0,0,0,149,84363,0,4000200,1080000,60000,12,242,7,0,0,0,132,5,191,Flareon
12-04,17:20:00,NINTEN,Ditto,Biker,9,Route 17,1,4:31:14.75,4:31:14,4h31m14s,59,132,191,73,16:14,6.363,TRANSFORM,,,,281,396130,277,59,183,245,441,30,18,17815,Flareon, ,Normal,Normal,397455,Ditto 1,Ditto,,04:31:08.40,04:31:14.76,16:14:10.14,73,59,4,31,14,76,TRANSFORM,,,,0,0,0,0,0,0,0,0,150,208,139,135,135,135,142,35692,55925,46877,46357,46357,64349,15,15,15,15,0,0,0,0,0,0,0,156,151,135,135,142,25892726,503798399,35826976,120846849,0,281,0,0,396130,202029,201326901,4864,277,242,59,183,0,0,29767,10512,4811,134224331,2978,9,27,0,0,0,0,0,9,0,5,0,0,0,0,0,0,0,0,0,0,1,0,0,0,0,0,0,0,0,0,0,0,0,0,0,0,0,0,150,85473,0,4000200,1080000,60000,12,242,7,0,0,0,132,5,191,Flareon
12-04,17:22:39,NINTEN,Ditto,Biker,3,Route 15,5,4:33:53.88,4:33:53,4h33m53s,61,132,193,73,16:21,16.952,TRANSFORM,,,,284,396702,309,60,183,250,446,30,18,18475,Flareon, ,Normal,Normal,400691,Ditto 1,Ditto,,04:33:36.94,04:33:53.89,16:21:22.01,73,61,4,33,53,89,TRANSFORM,,,,0,0,0,0,0,0,0,0,47,208,139,135,135,135,142,35957,56290,47332,46662,46662,64539,15,15,15,15,0,0,0,0,0,0,0,156,151,135,135,142,25918643,503813531,35831481,120852818,312,284,2,0,396702,202452,201327050,4864,309,243,60,183,0,0,30532,10839,4972,134224492,2983,9,27,0,0,0,0,0,10,0,5,0,0,0,0,0,0,0,0,0,0,1,0,0,0,0,0,0,0,0,0,0,0,0,0,0,0,0,0,155,88709,0,4000200,1080000,60000,12,242,7,0,0,0,132,5,193,Flareon
12-04,17:23:04,NINTEN,Ditto,Biker,13,Route 14,4,4:34:18.53,4:34:18,4h34m18s,61,132,193,73,16:22,13.821,TRANSFORM,,,,285,396727,311,61,183,254,450,30,18,18975,Flareon, ,Normal,Normal,403094,Ditto 1,Ditto,,04:34:04.72,04:34:18.54,16:22:58.47,73,61,4,34,18,54,TRANSFORM,,,,0,0,0,0,0,0,0,0,67,208,139,135,135,135,142,36157,56565,47667,46882,46882,64669,15,15,15,15,0,0,0,0,0,0,0,156,151,135,135,142,25924449,503814230,35835241,120854165,312,285,2,0,396727,202477,201327050,4864,311,244,61,183,0,0,31160,11100,5102,134224622,2987,9,27,0,0,0,0,0,11,0,5,0,0,0,0,0,0,0,0,0,0,1,0,0,0,0,0,0,0,0,0,0,0,0,0,0,0,0,0,159,91112,0,4000200,1080000,60000,12,242,7,0,0,0,132,5,193,Flareon
12-04,17:23:21,NINTEN,Ditto,Biker,2,Route 14,2,4:34:35.43,4:34:35,4h34m35s,61,132,193,73,16:24,7.79,TRANSFORM,,,,286,396734,313,62,183,256,452,30,18,19495,Flareon, ,Normal,Normal,404360,Ditto 1,Ditto,,04:34:27.64,04:34:35.43,16:24:04.54,73,61,4,34,35,43,TRANSFORM,,,,0,0,0,0,0,0,0,0,130,208,139,135,135,135,142,36277,56710,47812,46982,46982,64729,15,15,15,15,0,0,0,0,0,0,0,156,151,135,135,142,25928416,503814535,35837589,120855479,312,286,2,0,396734,202484,201327050,4864,313,245,62,183,0,0,31527,11256,5180,134224700,2989,9,27,0,0,0,0,0,12,0,5,0,0,0,0,0,0,0,0,0,0,1,0,0,0,0,0,0,0,0,0,0,0,0,0,0,0,0,0,161,92378,0,4000200,1080000,60000,12,242,7,0,0,0,132,5,193,Flareon
12-04,17:23:36,NINTEN,Ditto,Biker,14,Route 14,3,4:34:50.06,4:34:50,4h34m50s,61,132,193,74,16:25,11.46,TRANSFORM,,,,286,396737,313,63,183,259,455,30,18,20075,Flareon, ,Normal,Normal,406124,Ditto 1,Ditto,,04:34:38.60,04:34:50.06,16:25:02.33,74,61,4,34,50,6,TRANSFORM,,,,0,0,0,0,0,0,0,0,16,212,141,138,138,138,144,36477,56935,48007,47122,47122,64814,15,15,15,15,0,0,0,0,0,0,0,158,155,138,138,144,25931875,503814789,35840794,120855479,312,286,2,0,396737,202487,201327050,4864,313,246,63,183,0,0,32026,11494,5298,134224818,2992,9,27,0,0,0,0,0,12,0,5,0,0,0,0,0,0,0,0,0,0,1,0,0,0,0,0,0,0,0,0,0,0,0,0,0,0,0,0,164,94142,0,4000200,1080000,60000,12,242,7,0,0,0,132,5,193,Flareon
12-04,17:25:41,NINTEN,Ditto,Koga,1,Fuchsia City - Gym,4,4:36:55.66,4:36:55,4h36m55s,61,133,194,74,16:33,44.444,TRANSFORM,,,,286,397039,364,65,183,295,490,39,18,10317,Flareon, ,Normal,Normal,412031,Ditto 1,Ditto,Koga,04:36:11.23,04:36:55.67,16:33:17.21,74,61,4,36,55,67,TRANSFORM,,,,9,0,0,0,0,0,0,0,19,212,141,138,138,138,144,36907,57330,48367,47452,47452,65174,15,15,15,15,0,0,0,0,0,0,0,61,56,47,47,51,25961563,503823750,35860043,120856957,312,286,2,0,397039,202789,201327050,4864,364,248,65,183,0,0,33137,12391,5800,134225223,3018,11,36,0,0,0,0,0,14,0,7,0,0,0,0,0,0,0,0,0,0,1,0,0,0,0,0,0,0,0,0,0,0,0,0,17,0,0,1,171,100049,0,4000200,1080000,60000,12,242,7,0,0,0,133,5,194,Flareon
12-04,17:33:05,NINTEN,Ditto,Erika,1,Celadon City - Gym,3,4:44:19.28,4:44:19,4h44m19s,67,133,200,74,16:42,42.688,TRANSFORM,,,,2305,192,28,1,0,25,16,266,16,15267,Flareon, ,Normal,Normal,415036,Ditto 1,Ditto,Erika,04:43:36.60,04:44:19.29,16:42:14.18,74,67,4,44,19,29,TRANSFORM,,,,8,0,0,0,0,0,0,0,80,212,141,138,138,138,144,37097,57540,48602,47722,47722,65329,15,15,15,15,0,-1,0,0,0,0,0,48,57,69,69,50,1944622,-905950901,184559747,151003579,154,2305,1,0,192,47296,150994944,2304,28,1,1,0,0,0,362,306,144,285213072,43791,20483,80,0,0,0,0,0,2,0,1,0,0,0,0,0,0,0,0,0,0,0,0,0,0,0,0,0,0,0,0,0,0,0,0,0,0,0,0,3,3005,0,7001400,7000000,0,0,0,0,0,0,1,133,5,200,Flareon
12-04,17:34:50,NINTEN,Ditto,Fisher,7,Route 21,4,4:46:04.81,4:46:04,4h46m4s,67,133,200,74,16:49,14.513,TRANSFORM,,,,2306,372,37,2,10,39,30,276,17,18435,Flareon, ,Normal,Normal,418762,Ditto 1,Ditto,,04:45:50.31,04:46:04.83,16:49:09.04,74,67,4,46,4,83,TRANSFORM,,,,0,0,0,0,0,0,0,0,50,212,141,138,138,138,144,37382,57883,48857,48012,48012,65535,15,15,15,15,0,0,0,0,0,0,0,158,155,138,138,162,1969508,-905944911,184574161,151008061,154,2306,1,0,372,47447,150994944,2333,37,12,2,10,10,0,1317,634,327,285213255,43795,20485,88,0,0,0,0,0,5,0,2,0,0,0,0,0,0,0,0,0,0,0,0,0,0,0,0,0,0,0,0,0,0,0,0,0,0,0,0,7,6731,0,7001400,7000000,0,0,0,0,0,0,1,133,5,200,Flareon
12-04,17:35:15,NINTEN,Ditto,Swimmer,12,Route 21,2,4:46:29.07,4:46:29,4h46m29s,67,133,200,74,16:50,7.86,TRANSFORM,,,,2307,387,37,3,11,41,32,276,17,19415,Flareon, ,Normal,Normal,421306,Ditto 1,Ditto,,04:46:21.21,04:46:29.07,16:50:43.59,74,67,4,46,29,7,TRANSFORM,,,,0,0,0,0,0,0,0,0,120,212,141,138,138,138,144,37517,58018,49017,48227,48227,65535,15,15,15,15,0,0,0,0,0,0,0,158,155,138,138,162,1975203,-905944284,184577264,151010026,154,2307,1,0,387,47447,150994944,2348,37,14,3,11,11,0,1530,819,419,285213347,43797,20485,88,0,0,0,0,0,5,0,2,0,0,0,0,0,0,0,0,0,0,0,0,0,0,0,0,0,0,0,0,0,0,0,0,0,0,0,0,9,9275,0,7001400,7000000,0,0,0,0,0,0,1,133,5,200,Flareon
12-04,17:35:35,NINTEN,Ditto,Cue Ball,9,Route 21,3,4:46:49.55,4:46:49,4h46m49s,67,133,200,75,16:52,14.071,TRANSFORM,,,,2307,390,41,4,11,46,36,277,17,19580,Flareon, ,Normal,Normal,424060,Ditto 1,Ditto,,04:46:35.49,04:46:49.56,16:52:04.29,75,67,4,46,49,56,TRANSFORM,,,,0,0,0,0,0,0,0,0,94,215,144,140,140,140,146,37677,58168,49152,48547,48547,65535,15,15,15,15,0,0,0,0,0,0,0,162,157,140,140,164,1980033,-905943878,184581084,151010630,154,2307,1,0,390,47447,150994944,2351,41,15,4,11,11,0,2135,1054,540,285213468,43800,20486,89,0,0,0,0,0,5,0,2,0,0,0,0,0,0,0,0,0,0,0,0,0,0,0,0,0,0,0,0,0,0,0,0,0,0,0,0,12,12029,0,7001400,7000000,0,0,0,0,0,0,1,133,5,200,Flareon
12-04,17:35:56,NINTEN,Ditto,Fisher,8,Route 21,2,4:47:10.22,4:47:10,4h47m10s,67,133,200,75,16:53,9.907,TRANSFORM,,,,2308,424,41,5,11,49,39,278,17,20355,Flareon, ,Normal,Normal,426051,Ditto 1,Ditto,,04:47:00.33,04:47:10.23,16:53:25.50,75,67,4,47,10,23,TRANSFORM,,,,0,0,0,0,0,0,0,0,111,215,144,140,140,140,146,37757,58328,49432,48677,48677,65535,15,15,15,15,0,0,0,0,0,0,0,162,157,140,140,164,1984914,-905943026,184583942,151011801,154,2308,1,0,424,47447,150994944,2385,41,16,5,11,11,0,2400,1194,623,285213551,43803,20486,90,0,0,0,0,0,6,0,2,0,0,0,0,0,0,0,0,0,0,0,0,0,0,0,0,0,0,0,0,0,0,0,0,0,0,0,0,14,14020,0,7001400,7000000,0,0,0,0,0,0,1,133,5,200,Flareon
12-04,17:36:12,NINTEN,Ditto,Fisher,10,Route 21,2,4:47:26.67,4:47:26,4h47m26s,67,133,200,75,16:54,7.911,TRANSFORM,,,,2309,430,42,6,11,51,41,278,17,21440,Flareon, ,Normal,Normal,428036,Ditto 1,Ditto,,04:47:18.76,04:47:26.67,16:54:30.24,75,67,4,47,26,67,TRANSFORM,,,,0,0,0,0,0,0,0,0,123,215,144,140,140,140,146,37882,58487,49557,48807,48807,65535,15,15,15,15,0,0,0,0,0,0,0,162,157,140,140,164,1988788,-905942656,184586339,151012908,154,2309,1,0,430,47447,150994944,2391,42,17,6,11,11,0,2685,1372,711,285213639,43805,20486,90,0,0,0,0,0,6,0,2,0,0,0,0,0,0,0,0,0,0,0,0,0,0,0,0,0,0,0,0,0,0,0,0,0,0,0,0,16,16005,0,7001400,7000000,0,0,0,0,0,0,1,133,5,200,Flareon
12-04,17:36:24,NINTEN,Ditto,Swimmer,13,Route 21,1,4:47:38.23,4:47:38,4h47m38s,67,133,200,75,16:55,4.874,TRANSFORM,,,,2309,439,42,7,11,52,42,278,17,22595,Flareon, ,Normal,Normal,429677,Ditto 1,Ditto,,04:47:33.37,04:47:38.25,16:55:15.40,75,67,4,47,38,25,TRANSFORM,,,,0,0,0,0,0,0,0,0,167,215,144,140,140,140,146,37942,58562,49642,48907,48907,65535,15,15,15,15,0,0,0,0,0,0,0,162,157,140,140,164,1991504,-905942249,184588001,151013555,154,2309,1,0,439,47447,150994944,2400,42,18,7,11,11,0,2783,1469,759,285213687,43806,20486,90,0,0,0,0,0,6,0,2,0,0,0,0,0,0,0,0,0,0,0,0,0,0,0,0,0,0,0,0,0,0,0,0,0,0,0,0,17,17646,0,7001400,7000000,0,0,0,0,0,0,1,133,5,200,Flareon
12-04,17:36:40,NINTEN,Ditto,Swimmer,15,Route 21,3,4:47:54.94,4:47:54,4h47m54s,67,133,200,75,16:56,10.65,TRANSFORM,,,,2309,452,42,8,11,55,45,278,17,22780,Flareon, ,Normal,Normal,432356,Ditto 1,Ditto,,04:47:44.29,04:47:54.94,16:56:21.19,75,67,4,47,54,94,TRANSFORM,,,,0,0,0,0,0,0,0,0,94,215,144,140,140,140,146,38102,58732,49837,49152,49152,65535,15,15,15,15,0,0,0,0,0,0,0,162,157,140,140,164,1995443,-905941694,184591007,151013933,154,2309,1,0,452,47447,150994944,2413,42,19,8,11,11,0,3378,1711,880,285213808,43809,20486,90,0,0,0,0,0,7,0,2,0,0,0,0,0,0,0,0,0,0,0,0,0,0,0,0,0,0,0,0,0,0,0,0,0,0,0,0,20,20325,0,7001400,7000000,0,0,0,0,0,0,1,133,5,200,Flareon
12-04,17:36:55,NINTEN,Ditto,Swimmer,14,Route 21,2,4:48:09.13,4:48:09,4h48m9s,67,133,200,75,16:57,7.894,TRANSFORM,,,,2309,456,42,9,11,57,47,278,17,22940,Flareon, ,Normal,Normal,434115,Ditto 1,Ditto,,04:48:01.24,04:48:09.14,16:57:16.54,75,67,4,48,9,14,TRANSFORM,,,,0,0,0,0,0,0,0,0,117,215,144,140,140,140,146,38191,58840,49972,49287,49287,65535,15,15,15,15,0,0,0,0,0,0,0,162,157,140,140,164,1998778,-905941356,184593364,151014573,154,2309,1,0,456,47447,150994944,2417,42,20,9,11,11,0,3643,1866,957,285213885,43811,20486,90,0,0,0,0,0,7,0,2,0,0,0,0,0,0,0,0,0,0,0,0,0,0,0,0,0,0,0,0,0,0,0,0,0,0,0,0,22,22084,0,7001400,7000000,0,0,0,0,0,0,1,133,5,200,Flareon
12-04,17:37:34,NINTEN,Ditto,Scientist,12,Cinnabar Mansion,3,4:48:48.22,4:48:48,4h48m48s,67,133,200,75,16:59,11.103,TRANSFORM,,,,2309,629,53,10,11,60,50,278,19,23105,Flareon, ,Normal,Normal,436608,Ditto 1,Ditto,,04:48:37.13,04:48:48.23,16:59:50.49,75,67,4,48,48,23,TRANSFORM,,,,0,0,0,0,0,0,0,0,106,215,144,140,140,140,146,38306,58965,50187,49557,49557,65535,15,15,15,15,0,0,0,0,0,0,0,162,157,140,140,164,2008013,-905937037,184596414,151016439,154,2309,1,0,629,47601,150994944,2436,53,21,10,11,11,0,4059,2085,1066,285213994,43814,20486,90,0,0,0,0,0,7,0,2,0,0,0,0,0,0,0,0,0,0,0,0,0,0,0,0,0,0,0,0,0,0,0,0,0,0,0,0,25,24577,0,7001400,7000000,0,2,0,0,0,0,1,133,5,200,Flareon
12-04,17:37:52,NINTEN,Ditto,Scientist,4,Cinnabar Mansion,2,4:49:06.39,4:49:06,4h49m6s,67,133,200,75,17:01,8.155,TRANSFORM,,,,2310,637,53,11,11,62,52,278,19,24755,Flareon, ,Normal,Normal,438613,Ditto 1,Ditto,,04:48:58.24,04:49:06.39,17:01:02.04,75,67,4,49,6,39,TRANSFORM,,,,0,0,0,0,0,0,0,0,127,215,144,140,140,140,146,38431,59105,50377,49722,49722,65535,15,15,15,15,0,0,0,0,0,0,0,162,157,140,140,164,2012288,-905936290,184598851,151017530,154,2310,1,0,637,47609,150994944,2436,53,22,11,11,11,0,4349,2244,1145,285214073,43816,20486,90,0,0,0,0,0,8,0,2,0,0,0,0,0,0,0,0,0,0,0,0,0,0,0,0,0,0,0,0,0,0,0,0,0,0,0,0,27,26582,0,7001400,7000000,0,2,0,0,0,0,1,133,5,200,Flareon
12-04,17:38:26,NINTEN,Ditto,Scientist,13,Cinnabar Mansion,2,4:49:40.81,4:49:40,4h49m40s,67,133,200,76,17:03,8.846,TRANSFORM,,,,2310,722,61,12,11,64,54,278,19,26205,Flareon, ,Normal,Normal,440353,Ditto 1,Ditto,,04:49:31.97,04:49:40.81,17:03:17.50,76,67,4,49,40,81,TRANSFORM,,,,0,0,0,0,0,0,0,0,141,219,147,143,143,143,148,38516,59190,50517,49897,49897,65535,15,15,15,15,0,0,0,0,0,0,0,165,160,143,143,166,2020434,-905933527,184601358,151020406,154,2310,1,0,722,47694,150994944,2436,61,23,12,11,11,0,4600,2400,1223,285214151,43818,20486,90,0,0,0,0,0,8,0,2,0,0,0,0,0,0,0,0,0,0,0,0,0,0,0,0,0,0,0,0,0,0,0,0,0,0,0,0,29,28322,0,7001400,7000000,0,4,0,0,0,0,1,133,5,200,Flareon
12-04,17:42:57,NINTEN,Ditto,Burglar,4,Cinnabar Island - Gym,3,4:53:24.00,4:53:24,4h53m24s,67,133,200,76,17:17,11.184,TRANSFORM,,,,2312,1675,178,13,12,69,59,279,19,22905,Flareon, ,Normal,Normal,444455,Ditto 1,Ditto,,04:53:12.82,04:53:24.01,17:17:58.47,76,67,4,53,24,1,TRANSFORM,,,,0,0,0,0,0,0,0,0,83,219,147,143,143,143,148,38772,59467,50762,50237,50237,65535,15,15,15,15,0,0,0,0,0,0,0,165,160,143,143,166,2073291,-905903317,184606319,151038092,154,2312,1,0,1675,48556,150995004,2467,178,25,13,12,11,0,5274,2837,1509,285214437,43823,20486,91,0,0,0,0,0,8,0,3,0,0,0,0,0,0,0,0,0,0,0,0,0,0,0,0,0,0,0,0,0,0,0,0,0,0,0,0,33,32424,0,7001400,7000000,0,9,10,1,0,0,1,133,5,200,Flareon
12-04,17:43:18,NINTEN,Ditto,Super Nerd,9,Cinnabar Island - Gym,3,4:53:45.20,4:53:45,4h53m45s,67,133,200,76,17:19,12.004,TRANSFORM,,,,2313,1681,179,14,12,72,62,280,19,26145,Flareon, ,Normal,Normal,446799,Ditto 1,Ditto,,04:53:33.20,04:53:45.20,17:19:21.56,76,67,4,53,45,20,TRANSFORM,,,,0,0,0,0,0,0,0,0,85,219,147,143,143,143,148,38921,59625,50917,50467,50467,65535,15,15,15,15,0,0,0,0,0,0,0,165,160,143,143,166,2078280,-905903039,184609658,151039464,154,2313,1,0,1681,48562,150995004,2467,179,26,14,12,11,0,5791,3099,1643,285214571,43826,20486,92,0,0,0,0,0,8,0,3,0,0,0,0,0,0,0,0,0,0,0,0,0,0,0,0,0,0,0,0,0,0,0,0,0,0,0,0,36,34768,0,7001400,7000000,0,9,10,1,0,0,1,133,5,200,Flareon
12-04,17:43:44,NINTEN,Ditto,Super Nerd,10,Cinnabar Island - Gym,4,4:54:10.85,4:54:10,4h54m10s,67,133,200,76,17:21,13.911,TRANSFORM,,,,2314,1691,180,15,12,76,66,280,19,27045,Flareon, ,Normal,Normal,449500,Ditto 1,Ditto,,04:53:56.94,04:54:10.85,17:21:02.43,76,67,4,54,10,85,TRANSFORM,,,,0,0,0,0,0,0,0,0,61,219,147,143,143,143,148,39103,59873,51100,50697,50697,65535,15,15,15,15,0,0,0,0,0,0,0,165,160,143,143,166,2084327,-905902232,184613454,151040908,154,2314,1,0,1691,48572,150995004,2467,180,27,15,12,11,0,6529,3418,1801,285214729,43830,20486,92,0,0,0,0,0,8,0,3,0,0,0,0,0,0,0,0,0,0,0,0,0,0,0,0,0,0,0,0,0,0,0,0,0,0,0,0,40,37469,0,7001400,7000000,0,9,10,1,0,0,1,133,5,200,Flareon
12-04,17:44:01,NINTEN,Ditto,Burglar,5,Cinnabar Island - Gym,1,4:54:28.02,4:54:28,4h54m28s,67,133,200,76,17:22,4.825,TRANSFORM,,,,2315,1705,182,16,12,77,67,280,19,27895,Flareon, ,Normal,Normal,450835,Ditto 1,Ditto,,04:54:23.20,04:54:28.02,17:22:10.01,76,67,4,54,28,2,TRANSFORM,,,,0,0,0,0,0,0,0,0,162,219,147,143,143,143,148,39153,59958,51155,50762,50762,65535,15,15,15,15,0,0,0,0,0,0,0,165,160,143,143,166,2088365,-905901272,184615103,151042337,154,2315,1,0,1705,48586,150995004,2467,182,28,16,12,11,0,6739,3516,1850,285214778,43831,20486,92,0,0,0,0,0,9,0,3,0,0,0,0,0,0,0,0,0,0,0,0,0,0,0,0,0,0,0,0,0,0,0,0,0,0,0,0,41,38804,0,7001400,7000000,0,9,10,1,0,0,1,133,5,200,Flareon
12-04,17:44:17,NINTEN,Ditto,Super Nerd,11,Cinnabar Island - Gym,1,4:54:44.60,4:54:44,4h54m44s,67,133,200,76,17:23,6.87,TRANSFORM,,,,2316,1719,184,17,12,79,69,281,19,31585,Flareon, ,Normal,Normal,452521,Ditto 1,Ditto,,04:54:37.74,04:54:44.61,17:23:15.23,76,67,4,54,44,61,TRANSFORM,,,,0,0,0,0,0,0,0,0,144,219,147,143,143,143,148,39218,60058,51225,50842,50842,65535,15,15,15,15,0,0,0,0,0,0,0,165,160,143,143,166,2092287,-905900386,184617232,151043244,154,2316,1,0,1719,48600,150995004,2467,184,29,17,12,11,0,6946,3626,1918,285214846,43833,20486,93,0,0,0,0,0,9,0,3,0,0,0,0,0,0,0,0,0,0,0,0,0,0,0,0,0,0,0,0,0,0,0,0,0,0,0,0,42,40490,0,7001400,7000000,0,9,10,1,0,0,1,133,5,200,Flareon
12-04,17:44:38,NINTEN,Ditto,Burglar,6,Cinnabar Island - Gym,2,4:55:04.90,4:55:04,4h55m4s,67,133,200,76,17:24,8.482,TRANSFORM,,,,2317,1735,189,18,12,81,71,282,19,32610,Flareon, ,Normal,Normal,453741,Ditto 1,Ditto,,04:54:56.42,04:55:04.90,17:24:35.14,76,67,4,55,4,90,TRANSFORM,,,,0,0,0,0,0,0,0,0,129,219,147,143,143,143,148,39311,60169,51310,50957,50957,65535,15,15,15,15,0,0,0,0,0,0,0,165,160,143,143,166,2097078,-905899298,184619734,151044445,154,2317,1,0,1735,48616,150995004,2467,189,30,18,12,11,0,7302,3800,2008,285214936,43835,20486,94,0,0,0,0,0,9,0,3,0,0,0,0,0,0,0,0,0,0,0,0,0,0,0,0,0,0,0,0,0,0,0,0,0,0,0,0,44,41710,0,7001400,7000000,0,9,10,1,0,0,1,133,5,200,Flareon
12-04,17:44:58,NINTEN,Ditto,Super Nerd,12,Cinnabar Island - Gym,2,4:55:25.08,4:55:25,4h55m25s,67,133,200,76,17:25,8.574,TRANSFORM,,,,2318,1751,197,19,12,83,73,283,19,35940,Flareon, ,Normal,Normal,454961,Ditto 1,Ditto,,04:55:16.51,04:55:25.08,17:25:54.37,76,67,4,55,25,8,TRANSFORM,,,,0,0,0,0,0,0,0,0,129,219,147,143,143,143,148,39404,60280,51395,51072,51072,65535,15,15,15,15,0,0,0,0,0,0,0,165,160,143,143,166,2101841,-905898256,184622262,151045638,154,2318,1,0,1751,48632,150995004,2467,197,31,19,12,11,0,7667,3974,2098,285215026,43837,20486,95,0,0,0,0,0,9,0,3,0,0,0,0,0,0,0,0,0,0,0,0,0,0,0,0,0,0,0,0,0,0,0,0,0,0,0,0,46,42930,0,7001400,7000000,0,9,10,1,0,0,1,133,5,200,Flareon
12-04,17:46:37,NINTEN,Ditto,Blaine,1,Cinnabar Island - Gym,3,4:57:04.25,4:57:04,4h57m4s,68,133,201,77,17:30,29.241,TRANSFORM,,,,2319,1975,212,20,12,94,84,287,19,36865,Flareon, ,Normal,Normal,461311,Ditto 1,Ditto,Blaine,04:56:35.02,04:57:04.26,17:30:40.04,77,68,4,57,4,26,TRANSFORM,,,,9,0,0,0,0,0,0,0,199,221,148,145,145,145,150,39632,60566,51620,51332,51332,65535,15,15,15,15,0,-1,0,0,0,0,0,96,61,108,108,121,2118973,-905890520,184629726,151047345,379,2319,2,0,1975,48856,150995004,2467,212,32,20,12,11,0,8177,4411,2120,285215048,43847,20488,97,0,0,0,0,0,11,0,3,0,3,0,0,0,0,0,0,0,0,0,0,0,0,0,0,0,0,0,6,5,0,0,0,0,0,0,0,49,49280,0,7001400,7000000,0,9,10,1,0,0,1,133,5,201,Flareon
12-04,17:47:54,NINTEN,Ditto,Rival5-Silph,6,Silph Co - 7F,5,4:58:21.13,4:58:21,4h58m21s,68,133,201,77,17:35,21.988,TRANSFORM,,,,2817,2988,4,1,0,9,6,5,20,42211,Flareon, ,Normal,Normal,468218,Ditto 1,Ditto,Rival (Silph Co.),04:57:59.15,04:58:21.14,17:35:43.02,77,68,4,58,21,14,TRANSFORM,,,,9,0,0,0,0,0,0,0,176,221,148,145,145,145,150,39912,60986,52095,51822,51822,65535,15,15,15,15,0,0,0,0,0,-1,0,97,105,58,58,67,622492,1191213861,134223065,50334787,0,2817,0,0,2988,14764,0,256,4,1,1,0,0,0,83887077,471,45,45,12549,17922,86,0,0,0,0,0,5,0,0,0,0,1,0,0,0,0,0,0,0,0,0,0,0,0,1,0,0,0,0,0,0,0,0,0,0,0,0,5,100670203,0,8001100,3000000,300,0,0,0,0,0,0,133,5,201,Flareon
12-04,17:48:35,NINTEN,Ditto,Rocket,45,Silph Co - 11F,3,4:59:02.54,4:59:02,4h59m2s,68,133,201,77,17:38,28.322,TRANSFORM,,,,2818,2996,5,2,0,21,18,17,20,44811,Flareon, ,Normal,Normal,470800,Ditto 1,Ditto,,04:58:34.22,04:59:02.54,17:38:26.53,77,68,4,59,2,54,TRANSFORM,,,,8,0,0,0,0,0,0,0,160,221,148,145,145,145,150,40077,61206,52319,52012,52012,65535,15,15,15,15,0,-2,0,0,0,0,0,74,47,69,69,52,632323,1191215412,134230345,50335787,0,2818,0,0,2996,14772,0,256,5,2,2,0,0,0,83887406,710,106,106,12559,17924,97,0,0,0,0,0,7,0,1,0,0,1,0,0,0,0,0,0,0,0,0,0,0,0,1,0,0,0,0,0,0,0,0,0,0,0,0,8,100672785,0,8001100,3000000,300,0,0,0,0,0,0,133,5,201,Flareon
12-04,17:56:19,NINTEN,Ditto,Giovanni-Silph,2,Silph Co - 11F,4,5:06:46.65,5:06:46,5h6m46s,73,134,207,78,17:53,19.471,TRANSFORM,,,,2820,3420,29,4,13,71,65,53,20,22870,Flareon, ,Normal,Normal,477880,Ditto 1,Ditto,Giovanni (Silph),05:06:27.18,05:06:46.65,17:53:03.09,78,73,5,6,46,65,TRANSFORM,,,,0,0,0,0,0,0,0,0,0,225,151,147,147,147,152,40529,61880,52843,52492,52492,65535,15,15,15,15,0,0,0,0,0,0,0,169,165,165,165,171,684909,1191227017,134266516,50340284,313,2820,2,0,3420,15196,0,256,29,17,4,13,9,0,83890581,1700,906,746,12587,17945,118,0,0,0,0,0,8,0,2,0,0,1,0,0,0,0,0,0,0,0,0,0,0,0,1,0,0,0,0,0,0,0,0,0,0,0,4,19,100679865,0,8001100,3000000,300,0,0,0,0,0,0,134,5,207,Flareon
12-04,17:58:01,NINTEN,Ditto,Giovanni-Silph,2,Silph Co - 11F,4,5:08:28.62,5:08:28,5h8m28s,75,134,209,78,17:56,33.715,TRANSFORM,,,,2821,3689,60,4,13,77,68,61,20,22870,Flareon,Paralyzed,Normal,Normal,479584,Ditto 1,Ditto,Giovanni (Silph),05:07:54.91,05:08:28.62,17:56:54.29,78,75,5,8,28,62,TRANSFORM,,,,9,0,0,0,0,0,0,0,25,225,151,147,147,147,152,40619,61962,52930,52567,52567,65535,15,15,15,15,0,0,0,0,0,0,0,64,53,51,51,14,698789,1191234924,134269913,50342861,312,2821,2,0,3689,15465,0,256,60,17,4,13,9,0,83890512,1700,879,719,12589,17946,124,0,0,0,0,0,10,0,2,0,0,1,0,1,0,0,0,0,0,0,0,0,0,0,1,0,4,3,0,0,0,0,0,0,0,0,4,19,100681569,0,8001100,3000000,300,0,0,0,0,0,0,134,5,209,Flareon
12-04,18:00:32,NINTEN,Ditto,Psychic,3,Saffron City - Gym,3,5:10:59.73,5:10:59,5h10m59s,75,134,209,78,18:06,12.764,TRANSFORM,,,,2822,4088,99,5,22,90,81,71,18,41029,Flareon, ,Normal,Normal,482141,Ditto 1,Ditto,,05:10:46.97,05:10:59.73,18:06:49.08,78,75,5,10,59,73,TRANSFORM,,,,0,0,0,0,0,0,0,0,57,225,151,147,147,147,152,40894,62167,53170,52727,52727,65535,15,15,15,15,0,0,0,0,0,0,0,169,165,165,165,171,734469,1191249007,134282890,50351481,312,2822,2,0,4088,15864,0,256,99,27,5,22,18,0,83891010,2024,1085,925,12593,17946,134,0,0,0,0,0,10,0,2,0,0,1,0,1,0,0,0,0,0,0,0,0,0,0,1,0,4,3,0,0,0,0,0,0,0,0,4,22,100684126,0,8001100,3000000,300,0,3,3,0,0,0,134,5,209,Flareon
12-04,18:00:52,NINTEN,Ditto,Psychic,2,Saffron City - Gym,2,5:11:18.86,5:11:18,5h11m18s,75,134,209,78,18:08,7.886,TRANSFORM,,,,2823,4094,100,6,22,92,83,71,18,41359,Flareon, ,Normal,Normal,484187,Ditto 1,Ditto,,05:11:10.99,05:11:18.87,18:08:03.57,78,75,5,11,18,87,TRANSFORM,,,,0,0,0,0,0,0,0,0,149,225,151,147,147,147,152,40974,62247,53265,52947,52947,65535,15,15,15,15,0,0,0,0,0,0,0,169,165,165,165,171,738957,1191249536,134285270,50353060,312,2823,2,0,4094,15870,0,256,100,28,6,22,18,0,83891418,2176,1161,1001,12595,17946,134,0,0,0,0,0,10,0,2,0,0,1,0,1,0,0,0,0,0,0,0,0,0,0,1,0,4,3,0,0,0,0,0,0,0,0,4,24,100686172,0,8001100,3000000,300,0,3,3,0,0,0,134,5,209,Flareon
12-04,18:01:10,NINTEN,Ditto,Psychic,4,Saffron City - Gym,1,5:11:37.34,5:11:37,5h11m37s,75,134,209,78,18:09,6.88,TRANSFORM,,,,2824,4114,104,7,22,94,85,72,18,41699,Flareon, ,Normal,Normal,485522,Ditto 1,Ditto,,05:11:30.46,05:11:37.34,18:09:16.42,78,75,5,11,37,34,TRANSFORM,,,,0,0,0,0,0,0,0,0,127,225,151,147,147,147,152,41069,62322,53375,53027,53027,65535,15,15,15,15,0,0,0,0,0,0,0,169,165,165,165,171,743322,1191250892,134287403,50353936,312,2824,2,0,4114,15890,0,256,104,29,7,22,18,0,83891585,2302,1233,1073,12597,17946,135,0,0,0,0,0,10,0,2,0,0,1,0,1,0,0,0,0,0,0,0,0,0,0,1,0,4,3,0,0,0,0,0,0,0,0,4,25,100687507,0,8001100,3000000,300,0,3,3,0,0,0,134,5,209,Flareon
12-04,18:01:44,NINTEN,Ditto,Psychic,1,Saffron City - Gym,4,5:12:11.24,5:12:11,5h12m11s,75,134,209,78,18:11,14.266,TRANSFORM,,,,2825,4138,107,8,22,98,89,72,18,42079,Flareon, ,Normal,Normal,489008,Ditto 1,Ditto,,05:11:56.98,05:12:11.24,18:11:29.49,78,75,5,12,11,24,TRANSFORM,,,,0,0,0,0,0,0,0,0,70,225,151,147,147,147,152,41279,62502,53565,53407,53407,65535,15,15,15,15,0,0,0,0,0,0,0,169,165,165,165,171,751309,1191253670,134291269,50355279,312,2825,2,0,4138,15914,0,256,107,30,8,22,18,0,83892595,2613,1388,1228,12601,17946,135,0,0,0,0,0,11,0,2,0,0,1,0,1,0,0,0,0,0,0,0,0,0,0,1,0,4,3,0,0,0,0,0,0,0,0,4,29,100690993,0,8001100,3000000,300,0,3,3,0,0,0,134,5,209,Flareon
12-04,18:02:10,NINTEN,Ditto,Sabrina,1,Saffron City - Gym,3,5:12:37.50,5:12:37,5h12m37s,75,134,209,79,18:13,12.54,TRANSFORM,,,,2826,4151,107,9,22,101,92,72,18,42389,Flareon, ,Normal,Normal,493333,Ditto 1,Ditto,Sabrina,05:12:24.97,05:12:37.51,18:13:12.46,79,75,5,12,37,51,TRANSFORM,,,,0,0,0,0,0,0,0,0,67,228,153,150,150,150,154,41399,62607,53655,53767,53767,65535,15,15,15,15,0,0,0,0,0,0,0,172,168,168,168,173,757486,1191254663,134294742,50356990,312,2826,2,0,4151,15927,0,256,107,31,9,22,18,0,83893205,2937,1549,1389,12604,17946,135,0,0,0,0,0,11,0,2,0,0,1,0,1,0,0,0,0,0,0,0,0,0,0,1,0,4,3,0,0,0,0,0,0,0,0,4,32,100695318,0,8001100,3000000,300,0,3,3,0,0,0,134,5,209,Flareon
12-04,18:02:50,NINTEN,Ditto,Blackbelt,6,Viridian City - Gym,2,5:13:17.19,5:13:17,5h13m17s,75,134,209,79,18:15,9.583,TRANSFORM,,,,2827,4242,114,10,22,104,95,73,19,47339,Flareon, ,Normal,Normal,495337,Ditto 1,Ditto,,05:13:07.62,05:13:17.20,18:15:48.25,79,75,5,13,17,20,TRANSFORM,,,,0,0,0,0,0,0,0,0,113,228,153,150,150,150,154,41549,62787,53775,53852,53852,65535,15,15,15,15,0,0,0,0,0,0,0,172,168,168,168,173,766825,1191258765,134297689,50359280,312,2827,2,0,4242,16018,0,256,114,32,10,22,18,0,83893571,3169,1664,1504,12607,17947,135,0,0,0,0,0,11,0,2,0,0,1,0,1,0,0,0,0,0,0,0,0,0,0,1,0,4,3,0,0,0,0,0,0,0,0,4,34,100697322,0,8001100,3000000,300,0,3,3,0,0,0,134,5,209,Flareon
12-04,18:03:07,NINTEN,Ditto,Cooltrainer M,9,Viridian City - Gym,2,5:13:33.86,5:13:33,5h13m33s,75,134,209,79,18:16,10.038,TRANSFORM,,,,2827,4247,115,11,22,107,98,74,19,48339,Flareon, ,Normal,Normal,497977,Ditto 1,Ditto,,05:13:23.83,05:13:33.87,18:16:53.51,79,75,5,13,33,87,TRANSFORM,,,,0,0,0,0,0,0,0,0,91,228,153,150,150,150,154,41659,62967,53935,53977,53977,65535,15,15,15,15,0,0,0,0,0,0,0,172,168,168,168,173,770751,1191259170,134300570,50359920,312,2827,2,0,4247,16023,0,256,115,33,11,22,18,0,83893901,3364,1786,1626,12610,17947,136,0,0,0,0,0,11,0,3,0,0,1,0,1,0,0,0,0,0,0,0,0,0,0,1,0,4,3,0,0,0,0,0,0,0,0,4,36,100699962,0,8001100,3000000,300,0,3,3,0,0,0,134,5,209,Flareon
12-04,18:03:27,NINTEN,Ditto,Cooltrainer M,10,Viridian City - Gym,1,5:13:54.24,5:13:54,5h13m54s,75,134,209,79,18:18,10.529,TRANSFORM,,,,2828,4251,115,12,22,111,102,77,19,49704,Flareon, ,Normal,Normal,499220,Ditto 1,Ditto,,05:13:43.72,05:13:54.25,18:18:14.00,79,75,5,13,54,25,TRANSFORM,,,,0,0,0,0,0,0,0,0,152,228,153,150,150,150,154,41739,63052,54030,54007,54007,65535,15,15,15,15,0,0,0,0,0,0,0,172,168,168,168,173,775560,1191259593,134303593,50361283,312,2828,2,0,4251,16027,0,256,115,34,12,22,18,0,83894067,3492,1862,1702,12614,17949,137,0,0,0,0,0,11,0,3,0,0,1,0,1,0,0,0,0,0,0,0,0,0,0,1,0,4,3,0,0,0,0,0,0,0,0,4,37,100701205,0,8001100,3000000,300,0,3,3,0,0,0,134,5,209,Flareon
12-04,18:03:48,NINTEN,Ditto,Blackbelt,8,Viridian City - Gym,3,5:14:15.81,5:14:15,5h14m15s,75,134,209,79,18:19,12.569,TRANSFORM,,,,2829,4259,123,13,22,115,106,78,19,51209,Flareon, ,Normal,Normal,502311,Ditto 1,Ditto,,05:14:03.25,05:14:15.82,18:19:38.51,79,75,5,14,15,82,TRANSFORM,,,,0,0,0,0,0,0,0,0,61,228,153,150,150,150,154,41969,63332,54220,54142,54142,65535,15,15,15,15,0,0,0,0,0,0,0,172,168,168,168,173,780652,1191260084,134307085,50362392,312,2829,2,0,4259,16035,0,256,123,35,13,22,18,0,83894491,3827,2029,1869,12617,17950,137,0,0,0,0,0,11,0,3,0,0,1,0,1,0,0,0,0,0,0,0,0,0,0,1,0,4,3,0,0,0,0,0,0,0,0,4,40,100704296,0,8001100,3000000,300,0,3,3,0,0,0,134,5,209,Flareon
12-04,18:04:18,NINTEN,Ditto,Cooltrainer M,1,Viridian City - Gym,2,5:14:45.32,5:14:45,5h14m45s,75,134,209,79,18:21,11.417,TRANSFORM,,,,2830,4335,136,14,22,118,109,79,19,52159,Flareon, ,Normal,Normal,504925,Ditto 1,Ditto,,05:14:33.90,05:14:45.32,18:21:34.46,79,75,5,14,45,32,TRANSFORM,,,,0,0,0,0,0,0,0,0,94,228,153,150,150,150,154,42111,63496,54354,54272,54272,65535,15,15,15,15,0,0,0,0,0,0,0,172,168,168,168,173,787606,1191262221,134310286,50364008,312,2830,2,0,4335,16111,0,256,136,36,14,22,18,0,83894941,4047,2163,2003,12620,17950,138,0,0,0,0,0,12,0,3,0,0,1,0,1,0,0,0,0,0,0,0,0,0,0,1,0,4,3,0,0,0,0,0,0,0,0,4,42,100706910,0,8001100,3000000,300,0,3,3,0,0,0,134,5,209,Flareon
12-04,18:05:43,NINTEN,Ditto,Giovanni,3,Viridian City - Gym,5,5:16:10.28,5:16:10,5h16m10s,77,134,211,80,18:23,22.181,TRANSFORM,,,,2831,4341,138,15,22,126,115,82,18,53524,Flareon, ,Normal,Normal,515146,Ditto 1,Ditto,Giovanni,05:15:48.11,05:16:10.29,18:23:57.51,80,77,5,16,10,29,TRANSFORM,,,,9,0,0,0,0,0,0,0,183,231,156,152,152,152,156,42487,63950,54748,54602,54602,65535,15,15,15,15,0,0,0,0,0,0,0,105,70,93,93,149,796196,1191262955,134316056,50365936,470,2831,3,0,4341,16117,0,256,138,37,15,22,18,0,83953141,4807,2211,2051,12625,17952,139,0,0,0,0,0,16,1,4,0,0,1,0,1,0,0,0,0,0,0,0,0,0,0,1,0,4,3,0,0,0,0,0,0,0,0,4,47,100717131,0,8001100,3000000,300,0,3,3,0,0,0,134,5,211,Flareon
12-04,18:11:15,NINTEN,Ditto,Rival6-Route 22,9,Route 22,6,5:21:41.86,5:21:41,5h21m41s,80,137,217,81,18:40,29.191,TRANSFORM,,,,2833,4930,230,19,35,171,154,113,19,7371,Flareon, ,Normal,Normal,540024,Ditto 1,Ditto,Rival (Final),05:21:12.67,05:21:41.86,18:40:21.42,81,80,5,21,41,86,TRANSFORM,,,,9,0,0,0,0,0,0,0,41,235,158,154,154,154,158,43432,65140,56423,55907,55907,65535,15,15,15,15,0,-1,0,0,0,0,0,135,84,81,81,92,855237,1191280834,134355031,50367805,788,2833,5,0,4930,16447,259,256,230,54,19,35,31,0,83955570,6733,3148,2946,12642,17959,159,0,0,0,0,0,34,1,9,0,0,2,0,1,0,0,0,0,0,1,0,0,0,0,2,0,4,3,0,0,0,0,0,0,0,0,7,63,100742009,0,8001100,3000000,300,0,3,3,0,0,0,137,5,217,Flareon
12-04,18:14:13,NINTEN,Ditto,Cooltrainer F,5,Victory Road,2,5:24:40.83,5:24:40,5h24m40s,80,137,217,81,18:52,8.625,TRANSFORM,,,,6145,2954,79,1,0,2,2,256,19,10816,Flareon, ,Normal,Normal,543096,Ditto 1,Ditto,,05:24:32.21,05:24:40.83,18:52:08.06,81,80,5,24,40,83,TRANSFORM,,,,0,0,0,0,0,0,0,0,114,235,158,154,154,154,158,43570,65286,56558,56072,56072,65535,15,15,15,15,0,0,0,0,0,0,0,177,173,173,173,177,777440,1644221720,704645237,8808,16777216,6145,0,0,2954,83905009,100664179,8230,79,1,1,0,0,512,1350,243,889,1913,16130,1024,0,0,0,0,0,0,1,0,0,0,0,0,0,0,0,0,0,0,0,0,0,0,0,0,0,0,0,0,0,0,0,0,0,0,0,0,0,2,3072,0,9002200,9000100,0,513,0,256,0,0,0,137,5,217,Flareon
12-04,18:14:41,NINTEN,Ditto,Cooltrainer M,5,Victory Road,4,5:25:08.35,5:25:08,5h25m8s,80,137,217,81,18:53,16.827,TRANSFORM,,,,6146,2969,88,2,0,7,7,257,19,12356,Flareon, ,Normal,Normal,548811,Ditto 1,Ditto,,05:24:51.52,05:25:08.35,18:53:56.22,81,80,5,25,8,35,TRANSFORM,,,,0,0,0,0,0,0,0,0,8,235,158,154,154,154,158,43825,65535,56837,56367,56367,65535,15,15,15,15,0,0,0,0,0,0,0,177,173,173,173,177,783936,1644222392,704649646,10223,16777216,6146,0,0,2969,83905009,100664194,8230,88,2,2,0,0,512,2152,691,1116,2140,16135,1024,1,0,0,0,0,0,3,0,0,0,0,0,0,0,0,0,0,0,0,0,0,0,0,0,0,0,0,0,0,0,0,0,0,0,0,0,0,6,8787,0,9002200,9000100,0,513,0,256,0,0,0,137,5,217,Flareon
12-04,18:15:20,NINTEN,Ditto,Blackbelt,9,Victory Road,3,5:25:47.75,5:25:47,5h25m47s,80,137,217,82,18:56,15.742,TRANSFORM,,,,6147,3009,102,3,0,12,12,258,19,13826,Flareon, ,Normal,Normal,552309,Ditto 1,Ditto,,05:25:32.02,05:25:47.76,18:56:31.27,82,80,5,25,47,76,TRANSFORM,,,,0,0,0,0,0,0,0,0,50,237,159,156,156,156,159,44055,65535,57027,56502,56502,65535,15,15,15,15,0,0,0,0,0,0,0,178,175,175,175,178,793241,1644224364,704653906,13296,16777216,6147,0,0,3009,83905009,100664234,8230,102,3,3,0,0,512,2770,1067,1303,2327,16140,1025,1,0,0,0,0,0,3,0,0,0,0,0,0,0,0,0,0,0,0,0,0,0,0,0,0,0,0,0,0,0,0,0,0,0,0,0,0,9,12285,0,9002200,9000100,0,513,0,256,0,0,0,137,5,217,Flareon
12-04,18:15:49,NINTEN,Ditto,Juggler,2,Victory Road,4,5:26:16.61,5:26:16,5h26m16s,80,137,217,82,18:58,17.051,TRANSFORM,,,,6148,3024,104,4,0,17,17,258,19,14901,Flareon, ,Normal,Normal,557199,Ditto 1,Ditto,,05:25:59.56,05:26:16.61,18:58:24.34,82,80,5,26,16,61,TRANSFORM,,,,0,0,0,0,0,0,0,0,31,237,159,156,156,156,159,44280,65535,57202,56947,56947,65535,15,15,15,15,0,0,0,0,0,0,0,178,175,175,175,178,800028,1644224976,704658437,14940,16777216,6148,0,0,3024,83905009,100664249,8230,104,4,4,0,0,512,3656,1480,1509,2533,16145,1025,1,0,0,0,0,0,3,0,0,0,0,0,0,0,0,0,0,0,0,0,0,0,0,0,0,0,0,0,0,0,0,0,0,0,0,0,0,13,17175,0,9002200,9000100,0,513,0,256,0,0,0,137,5,217,Flareon
12-04,18:16:12,NINTEN,Ditto,Tamer,5,Victory Road,2,5:26:39.56,5:26:39,5h26m39s,80,137,217,82,18:59,9.916,TRANSFORM,,,,6149,3051,105,5,0,20,20,259,19,16336,Flareon, ,Normal,Normal,560233,Ditto 1,Ditto,,05:26:29.65,05:26:39.57,18:59:54.26,82,80,5,26,39,57,TRANSFORM,,,,0,0,0,0,0,0,0,0,113,237,159,156,156,156,159,44425,65535,57340,57092,57092,65535,15,15,15,15,0,0,0,0,0,0,0,178,175,175,175,178,805420,1644225662,704661283,16800,16777216,6149,0,0,3051,83905009,100664276,8230,105,5,5,0,0,512,3987,1729,1633,2657,16148,1026,1,0,0,0,0,0,3,0,0,0,0,0,0,0,0,0,0,0,0,0,0,0,0,0,0,0,0,0,0,0,0,0,0,0,0,0,0,15,20209,0,9002200,9000100,0,513,0,256,0,0,0,137,5,217,Flareon
12-04,18:16:28,NINTEN,Ditto,Juggler,5,Victory Road,1,5:26:55.17,5:26:55,5h26m55s,80,137,217,82,19:00,4.847,TRANSFORM,,,,6150,3069,106,6,0,21,21,259,19,18096,Flareon, ,Normal,Normal,561631,Ditto 1,Ditto,,05:26:50.33,05:26:55.18,19:00:55.30,82,80,5,26,55,18,TRANSFORM,,,,0,0,0,0,0,0,0,0,185,237,159,156,156,156,159,44465,65535,57405,57192,57192,65535,15,15,15,15,0,0,0,0,0,0,0,178,175,175,175,178,809084,1644226374,704662925,18110,16777216,6150,0,0,3069,83905009,100664294,8230,106,6,6,0,0,512,4104,1833,1685,2709,16149,1026,1,0,0,0,0,0,3,0,0,0,0,0,0,0,0,0,0,0,0,0,0,0,0,0,0,0,0,0,0,0,0,0,0,0,0,0,0,16,21607,0,9002200,9000100,0,513,0,256,0,0,0,137,5,217,Flareon
12-04,18:16:54,NINTEN,Ditto,Cooltrainer M,2,Victory Road,3,5:27:21.20,5:27:21,5h27m21s,80,137,217,82,19:02,16.142,TRANSFORM,,,,6151,3105,114,7,0,26,26,261,19,19776,Flareon, ,Normal,Normal,567416,Ditto 1,Ditto,,05:27:05.07,05:27:21.21,19:02:38.13,82,80,5,27,21,21,TRANSFORM,,,,0,0,0,0,0,0,0,0,5,237,159,156,156,156,159,44700,65535,57750,57482,57482,65535,15,15,15,15,0,0,0,0,0,0,0,178,175,175,175,178,815247,1644227345,704667247,18980,16777216,6151,0,0,3105,83905009,100664330,8230,114,7,7,0,0,512,4600,2213,1915,2939,16154,1026,3,0,0,0,0,0,4,0,1,0,0,0,0,0,0,0,0,0,0,0,0,0,0,0,0,0,0,0,0,0,0,0,0,0,0,0,0,19,27392,0,9002200,9000100,0,513,0,256,0,0,0,137,5,217,Flareon
12-04,18:17:44,NINTEN,Ditto,Cooltrainer F,3,Victory Road,3,5:28:11.10,5:28:11,5h28m11s,80,137,217,82,19:05,14.288,TRANSFORM,,,,6152,3200,150,8,0,30,30,262,19,21281,Flareon, ,Normal,Normal,570216,Ditto 1,Ditto,,05:27:56.82,05:28:11.11,19:05:54.58,82,80,5,28,11,11,TRANSFORM,,,,0,0,0,0,0,0,0,0,0,237,159,156,156,156,159,44850,65535,57910,57657,57657,65535,15,15,15,15,0,0,0,0,0,0,0,178,175,175,175,178,827052,1644232225,704671161,21991,16777216,6152,0,0,3200,83905009,100664425,8230,150,8,8,0,0,512,5452,2735,2195,3219,16158,1026,4,0,0,0,0,0,4,0,1,0,0,0,0,0,0,0,0,0,0,0,0,0,0,0,0,0,0,0,0,0,0,0,0,0,0,0,0,22,30192,0,9002200,9000100,0,513,0,256,0,0,0,137,5,217,Flareon
12-04,18:18:25,NINTEN,Ditto,Cooltrainer M,3,Victory Road,3,5:28:52.69,5:28:52,5h28m52s,81,137,218,83,19:07,17.539,TRANSFORM,,,,6153,3232,158,8,2,32,32,262,19,21281,Flareon, ,Normal,Normal,573136,Ditto 1,Ditto,,05:28:35.15,05:28:52.69,19:07:06.18,83,81,5,28,52,69,TRANSFORM,,,,0,0,0,0,0,0,0,0,49,241,161,159,159,159,161,44914,65535,58030,57737,57737,65535,15,15,15,15,0,0,0,0,0,0,0,181,178,178,178,181,831337,1644232894,704673493,23120,16777371,6153,1,0,3232,83905009,100664457,8230,158,10,8,2,2,512,5183,2575,2107,3131,16160,1026,4,0,0,0,0,0,4,0,1,0,0,0,0,0,0,0,0,0,0,0,0,0,0,0,0,0,0,0,0,0,0,0,0,0,0,0,0,22,33112,0,9002200,9000100,0,513,0,256,0,0,0,137,5,218,Flareon
12-04,18:18:47,NINTEN,Ditto,Cooltrainer F,2,Victory Road,3,5:29:14.42,5:29:14,5h29m14s,81,137,218,83,19:08,11.422,TRANSFORM,,,,6154,3234,159,9,2,35,35,262,19,22786,Flareon, ,Normal,Normal,577059,Ditto 1,Ditto,,05:29:03.00,05:29:14.42,19:08:31.22,83,81,5,29,14,42,TRANSFORM,,,,0,0,0,0,0,0,0,0,69,241,161,159,159,159,161,45109,65535,58180,57992,57992,65535,15,15,15,15,0,0,0,0,0,0,0,181,178,178,178,181,836441,1644233127,704676716,24768,16777371,6154,1,0,3234,83905009,100664459,8230,159,11,9,2,2,512,5700,2920,2279,3303,16163,1026,4,0,0,0,0,0,4,0,1,0,0,0,0,0,0,0,0,0,0,0,0,0,0,0,0,0,0,0,0,0,0,0,0,0,0,0,0,25,37035,0,9002200,9000100,0,513,0,256,0,0,0,137,5,218,Flareon
12-04,19:46:25,NINTEN,Ditto,Beauty,8,Route 20,2,5:39:27.85,5:39:27,5h39m27s,81,140,221,84,19:48,7.883,TRANSFORM,,,,768,1318,2,1,0,2,2,0,19,1161,Flareon, ,Normal,Normal,604035,Ditto 1,Ditto,,05:39:19.98,05:39:27.86,19:48:47.16,84,81,5,39,27,86,TRANSFORM,,,,0,0,0,0,0,0,0,0,147,244,163,162,161,161,163,46769,65535,61160,59437,59437,65535,15,15,15,15,0,0,0,0,0,0,0,183,182,181,181,183,1651420,1929394814,167774236,2823,0,768,5632,0,1318,704660499,0,275,2,1,1,0,0,512,670,1445,82,150996562,13570,4096,3,0,0,0,0,0,1,0,0,0,0,0,0,0,0,0,0,0,0,0,0,0,0,0,0,0,0,0,0,0,0,0,0,0,0,0,0,2,1895,0,19001400,2000000,0,512,0,0,0,0,0,140,5,221,Flareon
12-04,19:46:40,NINTEN,Ditto,Jr Trainer F,16,Route 20,2,5:39:42.87,5:39:42,5h39m42s,81,140,221,84,19:49,7.811,TRANSFORM,,,,768,1335,3,2,0,4,4,0,19,3331,Flareon, ,Normal,Normal,605899,Ditto 1,Ditto,,05:39:35.06,05:39:42.87,19:49:46.09,84,81,5,39,42,87,TRANSFORM,,,,0,0,0,0,0,0,0,0,161,244,163,162,161,161,163,46894,65535,61285,59567,59567,65535,15,15,15,15,0,0,0,0,0,0,0,183,182,181,181,183,1654953,1929395332,167776572,3502,0,768,5632,0,1335,704660499,0,292,3,2,2,0,0,512,1020,1613,165,150996645,13572,4096,3,0,0,0,0,0,1,0,0,0,0,0,0,0,0,0,0,0,0,0,0,0,0,0,0,0,0,0,0,0,0,0,0,0,0,0,0,4,3759,0,19001400,2000000,0,512,0,0,0,0,0,140,5,221,Flareon
12-04,19:46:59,NINTEN,Ditto,Beauty,7,Route 20,3,5:40:02.64,5:40:02,5h40m2s,81,140,221,84,19:51,10.78,TRANSFORM,,,,769,1343,4,3,0,7,7,0,19,3951,Flareon, ,Normal,Normal,608448,Ditto 1,Ditto,,05:39:51.87,05:40:02.65,19:51:03.53,84,81,5,40,2,65,TRANSFORM,,,,0,0,0,0,0,0,0,0,145,244,163,162,161,161,163,47004,65535,61665,59742,59742,65535,15,15,15,15,0,0,0,0,0,0,0,183,182,181,181,183,1659617,1929395780,167779622,4668,0,769,5632,0,1343,704660499,0,300,4,3,3,0,0,512,1453,1811,264,150996744,13575,4096,3,0,0,0,0,0,2,0,0,0,0,0,0,0,0,0,0,0,0,0,0,0,0,0,0,0,0,0,0,0,0,0,0,0,0,0,0,7,6308,0,19001400,2000000,0,512,0,0,0,0,0,140,5,221,Flareon
12-04,19:47:20,NINTEN,Ditto,Bird Keeper,11,Route 20,3,5:40:23.00,5:40:23,5h40m23s,81,140,221,84,19:52,11.031,TRANSFORM,,,,770,1354,5,4,0,10,10,0,19,6051,Flareon, ,Normal,Normal,611256,Ditto 1,Ditto,,05:40:11.97,05:40:23.01,19:52:23.53,84,81,5,40,23,1,TRANSFORM,,,,0,0,0,0,0,0,0,0,121,244,163,162,161,161,163,47197,65535,61850,59914,59914,65535,15,15,15,15,0,0,0,0,0,0,0,183,182,181,181,183,1664417,1929396317,167782742,5811,0,770,5632,0,1354,704660499,0,311,5,4,4,0,0,512,2029,2059,387,150996867,13578,4096,3,0,0,0,0,0,2,0,0,0,0,0,0,0,0,0,0,0,0,0,0,0,0,0,0,0,0,0,0,0,0,0,0,0,0,0,0,10,9116,0,19001400,2000000,0,512,0,0,0,0,0,140,5,221,Flareon
12-04,19:47:31,NINTEN,Ditto,Swimmer,10,Route 20,1,5:40:34.52,5:40:34,5h40m34s,81,140,221,84,19:53,4.807,TRANSFORM,,,,770,1362,5,5,0,11,11,0,19,6801,Flareon, ,Normal,Normal,612051,Ditto 1,Ditto,,05:40:29.72,05:40:34.53,19:53:08.57,84,81,5,40,34,53,TRANSFORM,,,,0,0,0,0,0,0,0,0,186,244,163,162,161,161,163,47227,65535,61905,59984,59984,65535,15,15,15,15,0,0,0,0,0,0,0,183,182,181,181,183,1667121,1929396677,167784388,6509,0,770,5632,0,1362,704660499,0,319,5,5,5,0,0,512,2338,2130,422,150996902,13579,4096,3,0,0,0,0,0,3,0,0,0,0,0,0,0,0,0,0,0,0,0,0,0,0,0,0,0,0,0,0,0,0,0,0,0,0,0,0,11,9911,0,19001400,2000000,0,512,0,0,0,0,0,140,5,221,Flareon
12-04,19:47:52,NINTEN,Ditto,Jr Trainer F,24,Route 20,3,5:40:55.60,5:40:55,5h40m55s,81,140,221,84,19:54,10.651,TRANSFORM,,,,770,1432,7,6,0,14,14,0,19,6976,Flareon, ,Normal,Normal,613900,Ditto 1,Ditto,,05:40:44.96,05:40:55.61,19:54:32.04,84,81,5,40,55,61,TRANSFORM,,,,0,0,0,0,0,0,0,0,130,244,163,162,161,161,163,47362,65535,62065,60224,60224,65535,15,15,15,15,0,0,0,0,0,0,0,183,182,181,181,183,1672108,1929398128,167787395,7038,0,770,5632,0,1432,704660499,0,389,7,6,6,0,0,512,3029,2343,528,150997008,13582,4096,3,0,0,0,0,0,3,0,0,0,0,0,0,0,0,0,0,0,0,0,0,0,0,0,0,0,0,0,0,0,0,0,0,0,0,0,0,14,11760,0,19001400,2000000,0,512,0,0,0,0,0,140,5,221,Flareon
12-04,19:48:16,NINTEN,Ditto,Swimmer,7,Route 19,2,5:41:18.78,5:41:18,5h41m18s,81,140,221,85,19:56,8.288,TRANSFORM,,,,770,1456,15,7,0,16,16,0,19,7576,Flareon, ,Normal,Normal,614964,Ditto 1,Ditto,,05:41:10.50,05:41:18.79,19:56:02.59,85,81,5,41,18,79,TRANSFORM,,,,0,0,0,0,0,0,0,0,172,248,165,164,163,163,165,47422,65535,62205,60364,60364,65535,15,15,15,15,0,0,0,0,0,0,0,185,184,183,183,185,1677564,1929399250,167789870,8897,0,770,5632,0,1456,704660519,0,393,15,7,7,0,0,512,3382,2467,590,150997070,13584,4096,3,0,0,0,0,0,3,0,0,0,0,0,0,0,0,0,0,0,0,0,0,0,0,0,0,0,0,0,0,0,0,0,0,0,0,0,0,16,12824,0,19001400,2000000,0,512,0,0,0,0,0,140,5,221,Flareon
12-04,19:48:34,NINTEN,Ditto,Swimmer,5,Route 19,4,5:41:37.41,5:41:37,5h41m37s,81,140,221,85,19:57,13.521,TRANSFORM,,,,770,1479,16,8,0,20,20,0,19,7726,Flareon, ,Normal,Normal,617300,Ditto 1,Ditto,,05:41:23.89,05:41:37.41,19:57:16.26,85,81,5,41,37,41,TRANSFORM,,,,0,0,0,0,0,0,0,0,50,248,165,164,163,163,165,47577,65535,62405,60684,60684,65535,15,15,15,15,0,0,0,0,0,0,0,185,184,183,183,185,1681970,1929399962,167793564,8897,0,770,5632,0,1479,704660519,0,416,16,8,8,0,0,512,4701,2713,712,150997192,13588,4096,3,0,0,0,0,0,4,0,0,0,0,0,0,0,0,0,0,0,0,0,0,0,0,0,0,0,0,0,0,0,0,0,0,0,0,0,0,20,15160,0,19001400,2000000,0,512,0,0,0,0,0,140,5,221,Flareon
12-04,19:49:01,NINTEN,Ditto,Swimmer,8,Route 19,5,5:42:04.25,5:42:04,5h42m4s,81,140,221,85,19:59,16.7,TRANSFORM,,,,770,1496,16,9,0,25,25,0,19,7861,Flareon, ,Normal,Normal,620791,Ditto 1,Ditto,,05:41:47.55,05:42:04.25,19:59:01.36,85,81,5,42,4,25,TRANSFORM,,,,0,0,0,0,0,0,0,0,88,248,165,164,163,163,165,47797,65535,62665,61144,61144,65535,15,15,15,15,0,0,0,0,0,0,0,185,184,183,183,185,1688280,1929400660,167798003,10070,0,770,5632,0,1496,704660519,0,433,16,9,9,0,0,512,5971,3035,872,150997352,13593,4096,3,0,0,0,0,0,4,0,0,0,0,0,0,0,0,0,0,0,0,0,0,0,0,0,0,0,0,0,0,0,0,0,0,0,0,0,0,25,18651,0,19001400,2000000,0,512,0,0,0,0,0,140,5,221,Flareon
12-04,19:49:19,NINTEN,Ditto,Beauty,13,Route 19,2,5:42:22.59,5:42:22,5h42m22s,81,140,221,85,20:00,7.908,TRANSFORM,,,,771,1500,17,10,0,27,27,0,19,7996,Flareon, ,Normal,Normal,622595,Ditto 1,Ditto,,05:42:14.68,05:42:22.59,20:00:13.30,85,81,5,42,22,59,TRANSFORM,,,,0,0,0,0,0,0,0,0,157,248,165,164,163,163,165,47922,65535,62790,61274,61274,65535,15,15,15,15,0,0,0,0,0,0,0,185,184,183,183,185,1692594,1929401128,167800382,11537,0,771,5632,0,1500,704660519,0,437,17,10,10,0,0,512,6373,3198,953,150997433,13595,4096,3,0,0,0,0,0,4,0,0,0,0,0,0,0,0,0,0,0,0,0,0,0,0,0,0,0,0,0,0,0,0,0,0,0,0,0,0,27,20455,0,19001400,2000000,0,512,0,0,0,0,0,140,5,221,Flareon
12-04,19:49:37,NINTEN,Ditto,Beauty,14,Route 19,3,5:42:40.08,5:42:40,5h42m40s,81,140,221,85,20:01,10.876,TRANSFORM,,,,771,1504,18,11,0,30,30,0,19,10096,Flareon, ,Normal,Normal,624569,Ditto 1,Ditto,,05:42:29.21,05:42:40.09,20:01:22.09,85,81,5,42,40,9,TRANSFORM,,,,0,0,0,0,0,0,0,0,158,248,165,164,163,163,165,48012,65535,62955,61484,61484,65535,15,15,15,15,0,0,0,0,0,0,0,185,184,183,183,185,1696713,1929401562,167803455,12149,0,771,5632,0,1504,704660519,0,441,18,11,11,0,0,512,7082,3381,1043,150997523,13598,4096,3,0,0,0,0,0,4,0,0,0,0,0,0,0,0,0,0,0,0,0,0,0,0,0,0,0,0,0,0,0,0,0,0,0,0,0,0,30,22429,0,19001400,2000000,0,512,0,0,0,0,0,140,5,221,Flareon
12-04,19:50:00,NINTEN,Ditto,Beauty,12,Route 19,5,5:43:02.94,5:43:02,5h43m2s,81,140,221,85,20:02,16.574,TRANSFORM,,,,771,1505,19,12,0,35,35,0,19,12126,Flareon, ,Normal,Normal,627725,Ditto 1,Ditto,,05:42:46.38,05:43:02.95,20:02:51.57,85,81,5,43,2,95,TRANSFORM,,,,0,0,0,0,0,0,0,0,80,248,165,164,163,163,165,48262,65535,63220,61744,61744,65535,15,15,15,15,0,0,0,0,0,0,0,185,184,183,183,185,1702101,1929401813,167807880,12861,0,771,5632,0,1505,704660519,0,442,19,12,12,0,0,512,8410,3719,1211,150997691,13603,4096,3,0,0,0,0,0,4,0,0,0,0,0,0,0,0,0,0,0,0,0,0,0,0,0,0,0,0,0,0,0,0,0,0,0,0,0,0,35,25585,0,19001400,2000000,0,512,0,0,0,0,0,140,5,221,Flareon
12-04,19:50:23,NINTEN,Ditto,Swimmer,11,Route 20,4,5:43:26.63,5:43:26,5h43m26s,81,140,221,85,20:04,13.343,TRANSFORM,,,,771,1531,19,13,0,39,39,0,19,14016,Flareon, ,Normal,Normal,630149,Ditto 1,Ditto,,05:43:13.29,05:43:26.63,20:04:24.37,85,81,5,43,26,63,TRANSFORM,,,,0,0,0,0,0,0,0,0,125,248,165,164,163,163,165,48407,65535,63525,62049,62049,65535,15,15,15,15,0,0,0,0,0,0,0,185,184,183,183,185,1707661,1929402528,167811539,14047,0,771,5632,0,1531,704660519,0,468,19,13,13,0,0,512,9289,3969,1334,150997814,13607,4096,3,0,0,0,0,0,5,0,0,0,0,0,0,0,0,0,0,0,0,0,0,0,0,0,0,0,0,0,0,0,0,0,0,0,0,0,0,39,28009,0,19001400,2000000,0,512,0,0,0,0,0,140,5,221,Flareon
12-04,19:50:38,NINTEN,Ditto,Swimmer,9,Route 20,2,5:43:41.22,5:43:41,5h43m41s,81,140,221,85,20:05,7.936,TRANSFORM,,,,771,1533,19,14,0,41,41,0,19,14156,Flareon, ,Normal,Normal,632140,Ditto 1,Ditto,,05:43:33.29,05:43:41.22,20:05:21.35,85,81,5,43,41,22,TRANSFORM,,,,0,0,0,0,0,0,0,0,178,248,165,164,163,163,165,48487,65535,63805,62179,62179,65535,15,15,15,15,0,0,0,0,0,0,0,185,184,183,183,185,1711079,1929402682,167813918,14932,0,771,5632,0,1533,704660519,0,470,19,14,14,0,0,512,9599,4109,1404,150997884,13609,4096,3,0,0,0,0,0,6,0,0,0,0,0,0,0,0,0,0,0,0,0,0,0,0,0,0,0,0,0,0,0,0,0,0,0,0,0,0,41,30000,0,19001400,2000000,0,512,0,0,0,0,0,140,5,221,Flareon
12-04,19:50:56,NINTEN,Ditto,Beauty,15,Route 20,3,5:43:58.75,5:43:58,5h43m58s,81,140,221,85,20:06,10.404,TRANSFORM,,,,771,1552,19,15,0,44,44,0,19,14311,Flareon, ,Normal,Normal,634664,Ditto 1,Ditto,,05:43:48.35,05:43:58.76,20:06:30.23,85,81,5,43,58,76,TRANSFORM,,,,0,0,0,0,0,0,0,0,141,248,165,164,163,163,165,48627,65535,64065,62439,62439,65535,15,15,15,15,0,0,0,0,0,0,0,185,184,183,183,185,1715207,1929403270,167816857,15533,0,771,5632,0,1552,704660519,0,489,19,15,15,0,0,512,10045,4325,1511,150997991,13612,4096,3,0,0,0,0,0,6,0,0,0,0,0,0,0,0,0,0,0,0,0,0,0,0,0,0,0,0,0,0,0,0,0,0,0,0,0,0,44,32524,0,19001400,2000000,0,512,0,0,0,0,0,140,5,221,Flareon
12-04,19:51:14,NINTEN,Ditto,Beauty,6,Route 20,1,5:44:17.34,5:44:17,5h44m17s,81,140,221,85,20:07,4.885,TRANSFORM,,,,771,1599,22,16,0,45,45,0,19,16411,Flareon, ,Normal,Normal,635939,Ditto 1,Ditto,,05:44:12.46,05:44:17.34,20:07:43.16,85,81,5,44,17,34,TRANSFORM,,,,0,0,0,0,0,0,0,0,188,248,165,164,163,163,165,48707,65535,64130,62519,62519,65535,15,15,15,15,0,0,0,0,0,0,0,185,184,183,183,185,1719580,1929404583,167818505,16945,0,771,5632,0,1599,704660539,0,516,22,16,16,0,0,512,10199,4431,1564,150998044,13613,4096,3,0,0,0,0,0,6,0,0,0,0,0,0,0,0,0,0,0,0,0,0,0,0,0,0,0,0,0,0,0,0,0,0,0,0,0,0,45,33799,0,19001400,2000000,0,512,0,0,0,0,0,140,5,221,Flareon
12-04,20:16:10,NINTEN,Ditto,Lorelei,1,Lorelei's Room,5,6:09:00.01,6:09:00,6h9m0s,90,140,230,100,21:16,116.114,TRANSFORM,,,,774,3608,242,17,77,226,204,121,17,9861,Flareon, ,Normal,Normal,1000000,Ditto 1,Ditto,Lorelei,06:07:03.90,06:09:00.01,21:16:33.33,100,90,6,9,0,1,TRANSFORM,,,,0,0,0,0,0,0,0,0,0,293,194,194,194,194,194,52422,65535,65535,65535,65535,65535,15,15,15,15,0,0,0,0,0,0,0,90,100,116,116,22,1967414,1929452177,167976623,58591,476,774,5635,0,3608,704662515,0,549,242,94,17,77,9,512,18934,11270,7585,151004065,13757,4106,108,0,0,0,0,0,22,0,9,0,0,4,0,1,0,0,0,0,0,0,0,0,0,0,9,3,3,0,9,1,0,0,10,1,0,0,0,118,89264,0,19001400,2000000,0,512,3,0,0,0,0,140,5,230,Flareon
12-04,20:21:25,NINTEN,Ditto,Lorelei,1,Lorelei's Room,5,6:14:14.92,6:14:14,6h14m14s,94,140,234,100,21:15,101.176,TRANSFORM,,,,775,3608,242,17,77,221,200,126,17,9861,Flareon, ,Normal,Normal,1000000,Ditto 1,Ditto,Lorelei,06:12:33.75,06:14:14.92,21:15:49.10,100,94,6,14,14,92,TRANSFORM,,,,0,0,0,0,0,0,0,0,224,293,194,194,194,194,194,52552,65535,65535,65535,65535,65535,15,15,15,15,0,0,0,0,-1,0,0,101,112,130,130,16,1964756,1929452312,167973053,59208,636,775,5636,0,3608,704662515,0,549,242,94,17,77,9,512,19091,11207,7545,151004025,13753,4112,104,0,0,0,0,0,23,0,6,0,0,5,0,1,0,0,0,0,0,0,0,0,0,0,12,6,1,0,1,1,0,0,9,0,0,0,0,118,91892,0,19001400,2000000,0,512,3,0,0,0,0,140,5,234,Flareon
12-04,20:30:44,NINTEN,Ditto,Bruno,1,Bruno's Room,5,6:23:33.55,6:23:33,6h23m33s,106,140,246,100,21:20,42.861,TRANSFORM,,,,777,3619,258,18,77,240,214,141,17,15405,Flareon, ,Normal,Normal,1000000,Ditto 1,Ditto,Bruno,06:22:50.69,06:23:33.55,21:20:16.04,100,106,6,23,33,55,TRANSFORM,,,,1,0,0,0,1,0,0,0,84,293,194,194,194,194,194,52812,65535,65535,65535,65535,65535,15,15,15,15,0,0,0,0,0,0,0,62,183,45,45,87,1980780,1929453363,167983749,63174,947,777,5638,0,3619,704662526,0,549,258,95,18,77,9,512,20380,11866,7754,151004234,13765,4119,113,0,0,0,0,0,25,0,8,0,0,5,0,1,0,0,0,0,0,0,0,0,0,0,12,6,1,0,1,1,0,0,9,0,0,0,0,123,100099,0,19001400,2000000,0,512,3,0,0,0,0,140,5,246,Flareon
12-04,20:58:43,NINTEN,Ditto,Agatha,1,Agatha's Room,5,6:51:32.97,6:51:32,6h51m32s,139,140,279,100,21:27,87.234,TRANSFORM,,,,779,3636,261,19,77,276,236,160,17,21147,Flareon,Paralyzed,Normal,Normal,1000000,Ditto 1,Ditto,Agatha,06:50:05.75,06:51:32.99,21:27:09.23,100,139,6,51,32,99,TRANSFORM,,,,0,0,0,0,1,0,0,0,198,293,194,194,194,194,194,53112,65535,65535,65535,65535,65535,15,15,15,15,0,0,0,0,0,0,0,87,81,159,159,34,2005589,1929455018,168005020,64748,1256,779,5640,0,3636,704662543,0,549,261,96,19,77,9,512,21413,12592,7830,151004290,13781,4130,120,0,0,0,0,0,29,0,9,0,5,5,0,2,0,0,0,0,0,0,0,0,0,0,12,6,13,5,10,7,0,0,9,0,0,0,0,128,110185,0,19001400,2000000,0,512,3,0,0,0,0,140,5,279,Flareon
12-04,21:10:03,NINTEN,Ditto,Lance,1,Lance's Room,5,7:02:52.66,7:02:52,7h2m52s,162,140,302,100,21:30,24.609,TRANSFORM,,,,782,3687,263,20,77,286,244,165,17,27087,Flareon, ,Normal,Normal,1000000,Ditto 1,Ditto,Lance,07:02:28.05,07:02:52.66,21:30:24.28,100,162,7,2,52,66,TRANSFORM,,,,1,0,0,0,2,0,0,0,155,293,194,194,194,194,194,53500,65535,65535,65535,65535,65535,15,15,15,15,0,-1,0,0,0,0,0,180,77,146,146,121,2017310,1929457191,168011313,67531,1728,782,5643,0,3687,704662594,0,549,263,97,20,77,9,512,22978,13434,7968,151004428,13788,4132,123,0,0,0,0,0,29,0,11,0,5,5,0,2,0,0,0,0,0,0,0,0,0,0,12,6,13,5,10,7,0,0,9,0,0,0,0,133,121791,0,19001400,2000000,0,512,3,0,0,0,0,140,5,302,Flareon
12-04,21:12:50,NINTEN,Ditto,Champion,2,Champions Room,6,7:05:39.63,7:05:39,7h5m39s,165,140,305,100,21:34,48.497,TRANSFORM,,,,783,3695,263,21,77,297,255,173,17,33225,Flareon, ,Normal,Normal,1000000,Ditto 1,Ditto,Champion,07:04:51.15,07:05:39.65,21:34:33.07,100,165,7,5,39,65,TRANSFORM,,,,0,0,0,0,2,0,0,0,12,293,194,194,194,194,194,53890,65535,65535,65535,65535,65535,15,15,15,15,0,0,0,0,0,0,0,137,148,81,81,94,2032234,1929458868,168023416,68514,1889,783,5644,0,3695,704662602,0,549,263,98,21,77,9,512,24755,14598,8249,151004709,13798,4134,128,0,0,0,0,0,35,0,13,0,5,5,0,2,0,0,0,0,0,0,0,0,0,0,12,6,13,5,10,7,0,0,9,0,0,0,0,139,136642,0,19001400,2000000,0,512,3,0,0,0,0,140,5,305,Flareon
