date_string,time_string,player_name,pokemon,trainer_name,trainer_id,location,total_pokemon,real_time_total,real_time_hmmss,real_time_file_label,resets,blackouts,failures,level,game_time,battle_duration,move1,move2,move3,move4,move1pp,move2pp,move3pp,move4pp,move1ppUp,move2ppUp,move3ppUp,move4ppUp,saves,steps,bonks,trainerBattles,wildBattles,battleTurns,playerTurns,enemyTurns,itemsInBag,money,rivalTeam,statusCondition,type1,type2,experience,ROM,Species,Trainer,Start Time,Real Time,Game Time,Level,Resets,RTHours,RTMinutes,RTSeconds,RTMilliseconds,Move 1,Move 2,Move 3,Move 4,Hp,Max HP,Attack,Defense,Sp. Attack,Sp. Defense,Speed,Attack DV,Defense DV,Speed DV,Special DV,StatExp HP,StatExp Attack,StatExp Def,StatExp Sp. Attack,StatExp Sp. Defense,StatExp Speed,Attack Stage,Defense Stage,Sp. Attack Stage,Sp. Defense Stage,Speed Stage,Accuracy Stage,Evasion Stage,Battle Attack,Battle Defense,Battle Sp. Attack,Battle Sp. Defense,Battle Speed,Frame Count,Overworld Frame Count,Battle Frame Count,Menu Frame Count,Intro Frame Count,Save Count,Reload Count,Clock Reset Count,Steps Count,Steps Count Walk,Steps Count Bike,Steps Count Surf,Bonks,Battles,Trainer Battles,Wild Battles,Battles Fled,Failed Runs,Total Damage Dealt,Actual Damage Dealt,Total Damage Taken,Actual Damage Taken,Own Moves Hit,Own Moves Missed,Enemy Moves Hit,Enemy Moves Missed,Own Moves Super Effective,Own Moves Not Very Effective,Enemy Moves Super Effective,Enemy Moves Not Very Effective,Criticals Dealt,OHKOs Dealt,Criticals Taken,OHKOs Taken,Was Confused,Enemy Became Confused,Was Paralyzed,Enemy Was Paralyzed,Was Burned,Enemy Was Burned,Was Frozen,Enemy Was Frozen,Was Poisoned,Enemy Was Poisoned,Was Badly Poisoned,Enemy Was Badly Poisoned,Fell Asleep,Enemy Fell Asleep,Player Turns Confused,Player Turns Confused Hit Self,Player Turns Paralyzed,Player Turns Paralyzed Fully,Enemy Turns Confused,Enemy Turns Confused Hit Self,Enemy Turns Paralyzed,Enemy Turns Paralyzed Fully, Player Turns Asleep, Enemy Turns Asleep,Player HP Healed,Enemy HP Healed,Player Pokemon Fainted,Enemy Pokemon Fainted,Experience Gained,Switchouts,Money Made,Money Spent,Money Lost,Items Picked Up,Items Bought,Items Sold,Balls Thrown,Pokemon Caught In Balls,Moves Learnt,Blackouts,Attempt Number,Failures, Rival's Team
11-08,13:08:26,NINTEN,Pikachu,Champion,1,Champions Room,6,1:26.72,1:26,0h1m26s,0,0,0,83,5:09,47.36,THUNDERBOLT,BODY SLAM,REST,REFLECT,38,10120,1174,133,71,866,789,352,15,30540,Jolteon, ,Electric,Electric,586836,Pikachu3,Pikachu,Champion,00:00:39.36,00:01:26.72,05:09:04.43,83,0,0,1,26,72,THUNDERBOLT,BODY SLAM,REST,REFLECT,16,2,9,19,3,0,0,0,122,209,162,115,148,148,217,26679,40476,30839,30868,30868,35232,15,15,15,15,0,0,0,0,0,0,0,182,129,166,166,244,1114753,372339,608474,130112,3828,38,11,0,10120,8054,1679,387,1174,204,133,71,13,0,61238,35456,10326,5839,741,61,283,0,0,0,0,0,125,0,32,0,0,5,42,1,0,0,0,0,0,5,0,0,0,0,11,5,4,2,0,0,122,33,20,0,0,0,15,432,381412,0,0,0,0,48,55,6,1,1,16,0,3,0,Jolteon
11-08,13:12:54,NINTEN,Pikachu,Rival1-Lab,1,Pallet Town - Oak's Lab,1,45.23,45,0h0m45s,0,0,0,6,0:02,10.466,THUNDERSHOCK,GROWL,TAIL WHIP,,0,72,4,1,1,5,5,4,0,3000,Jolteon, ,Electric,Electric,222,Pikachu3,Pikachu,Rival (Lab),00:00:34.77,00:00:45.23,00:02:24.51,6,0,0,0,45,23,THUNDERSHOCK,GROWL,TAIL WHIP,,26,39,30,0,0,0,0,0,17,22,13,10,12,12,17,55,55,50,65,65,55,15,15,15,15,0,-1,0,0,0,0,0,13,6,12,12,17,10674,4987,3676,0,2011,0,0,0,72,72,0,0,4,2,1,1,0,0,23,21,5,5,5,2,2,0,0,0,0,0,1,0,0,0,0,0,0,0,0,0,0,0,0,0,0,0,0,0,0,0,0,0,0,0,0,0,0,0,0,0,0,1,97,0,0,0,0,0,0,0,0,0,0,0,3,0,Jolteon
11-08,13:14:37,NINTEN,Pikachu,Rival1a-Route 22,2,Route 22,2,2:28.55,2:28,0h2m28s,0,0,0,8,0:09,18.032,THUNDERSHOCK,GROWL,TAIL WHIP,THUNDER WAVE,0,474,38,2,5,23,23,13,4,75,Flareon, ,Electric,Electric,577,Pikachu3,Pikachu,Rival (Optional),00:02:10.52,00:02:28.55,00:09:09.39,8,0,0,2,28,55,THUNDERSHOCK,GROWL,TAIL WHIP,THUNDER WAVE,18,40,30,20,0,0,0,0,26,26,16,12,15,15,22,305,374,292,286,286,421,15,15,15,15,-2,-1,0,0,0,-1,0,8,7,15,15,22,34962,20055,12896,0,2011,0,0,0,474,474,0,0,38,7,2,5,0,0,174,135,13,13,21,6,9,0,0,0,0,0,2,0,1,0,0,0,1,0,0,0,0,0,0,0,0,0,0,0,0,0,0,0,0,0,6,4,0,0,0,0,0,7,452,0,0,0,0,0,13,0,0,0,1,0,3,0,Flareon
11-08,13:15:24,NINTEN,Pikachu,Lass,19,Viridian Forest,2,3:14.99,3:14,0h3m14s,0,0,0,9,0:12,10.228,THUNDERSHOCK,GROWL,TAIL WHIP,THUNDER WAVE,0,661,67,3,7,29,29,15,4,355,Jolteon, ,Electric,Electric,759,Pikachu3,Pikachu,,00:03:04.76,00:03:14.99,00:12:11.48,9,0,0,3,14,99,THUNDERSHOCK,GROWL,TAIL WHIP,THUNDER WAVE,24,40,30,20,0,0,0,0,22,28,18,13,17,17,24,446,523,424,401,401,568,15,15,15,15,0,0,0,0,0,0,0,18,13,17,17,24,45891,26469,17411,0,2011,0,0,0,661,661,0,0,67,10,3,7,0,0,273,197,19,19,27,6,11,0,0,0,0,0,4,0,1,0,0,0,2,0,0,0,0,0,0,0,0,0,0,0,0,0,0,0,0,0,7,5,0,0,0,0,0,10,634,0,0,0,0,0,13,0,0,0,2,0,3,0,Jolteon
11-08,13:15:44,NINTEN,Pikachu,Bug Catcher,1,Viridian Forest,2,3:34.79,3:34,0h3m34s,0,0,0,9,0:13,8.493,THUNDERSHOCK,GROWL,TAIL WHIP,THUNDER WAVE,0,709,72,4,8,35,35,18,4,445,Jolteon, ,Electric,Electric,954,Pikachu3,Pikachu,,00:03:26.30,00:03:34.79,00:13:28.39,9,0,0,3,34,79,THUNDERSHOCK,GROWL,TAIL WHIP,THUNDER WAVE,18,40,30,20,0,0,0,0,13,28,18,13,17,17,24,581,613,529,461,461,703,15,15,15,15,0,0,0,0,0,0,0,18,13,17,17,24,50502,27613,20878,0,2011,0,0,0,709,709,0,0,72,12,4,8,0,0,371,266,28,28,33,6,14,0,0,0,0,0,6,0,2,0,0,0,2,0,0,0,0,0,0,0,0,0,0,0,0,0,0,0,0,0,7,5,0,0,0,0,0,13,829,0,0,0,0,0,13,0,0,0,2,0,3,0,Jolteon
11-08,13:15:57,NINTEN,Pikachu,Bug Catcher,2,Viridian Forest,3,3:48.31,3:48,0h3m48s,0,0,0,10,0:14,10.186,THUNDERSHOCK,GROWL,TAIL WHIP,THUNDER WAVE,0,723,73,5,8,39,39,19,4,515,Jolteon, ,Electric,Electric,1203,Pikachu3,Pikachu,,00:03:38.13,00:03:48.31,00:14:21.17,10,0,0,3,48,31,THUNDERSHOCK,GROWL,TAIL WHIP,THUNDER WAVE,14,40,30,20,0,0,0,0,15,30,19,14,18,18,26,726,683,674,531,531,808,15,15,15,15,0,0,0,0,0,0,0,19,14,18,18,26,53660,27975,23674,0,2011,0,0,0,723,723,0,0,73,13,5,8,0,0,455,332,28,28,37,6,14,0,0,0,0,0,8,0,2,0,0,0,2,0,0,0,0,0,0,0,0,0,0,0,0,0,0,0,0,0,7,5,0,0,0,0,0,16,1078,0,0,0,0,0,13,0,0,0,2,0,3,0,Jolteon
11-08,13:16:29,NINTEN,Pikachu,Bug Catcher,15,Viridian Forest,2,4:19.82,4:19,0h4m19s,0,0,0,11,0:16,9.207,THUNDERSHOCK,GROWL,TAIL WHIP,QUICK ATTACK,0,758,95,6,11,46,46,21,4,575,Jolteon, ,Electric,Electric,1545,Pikachu3,Pikachu,,00:04:10.61,00:04:19.82,00:16:22.58,11,0,0,4,19,82,THUNDERSHOCK,GROWL,TAIL WHIP,QUICK ATTACK,7,40,30,30,0,0,0,0,17,32,21,15,19,19,28,956,828,894,656,656,1014,15,15,15,15,0,0,0,0,-2,0,0,21,15,19,19,14,60961,29174,29776,0,2011,0,0,0,758,758,0,0,95,17,6,11,0,0,627,444,28,28,44,6,16,0,0,0,0,0,12,0,2,0,0,0,3,0,0,0,0,0,0,0,0,0,0,0,0,0,0,0,0,0,8,5,0,0,0,0,0,21,1420,0,0,0,0,1,13,0,0,0,3,0,3,0,Jolteon
11-08,13:17:18,NINTEN,Pikachu,Bug Catcher,3,Viridian Forest,1,5:08.67,5:08,0h5m8s,0,0,0,12,0:19,4.988,THUNDERSHOCK,GROWL,TAIL WHIP,QUICK ATTACK,0,836,101,7,18,57,57,25,3,655,Jolteon, ,Electric,Electric,1856,Pikachu3,Pikachu,,00:05:03.69,00:05:08.67,00:19:30.06,12,0,0,5,8,67,THUNDERSHOCK,GROWL,TAIL WHIP,QUICK ATTACK,0,40,30,26,0,0,0,0,10,34,22,16,21,21,31,1256,1083,1154,841,841,1362,15,15,15,15,0,0,0,0,0,0,0,22,16,21,21,31,72189,31130,39048,0,2011,0,0,0,836,836,0,0,101,25,7,18,0,0,874,605,37,37,55,7,19,0,0,0,0,0,14,0,2,0,0,0,3,0,0,0,0,0,0,0,0,0,0,0,0,0,0,0,0,0,8,5,0,0,0,0,0,28,1731,0,0,0,0,3,13,0,1,1,3,0,3,0,Jolteon
11-08,13:18:18,NINTEN,Pikachu,Jr Trainer M,1,Pewter City - Gym,2,6:08.67,6:08,0h6m8s,0,0,0,13,0:23,18.627,THUNDERSHOCK,GROWL,TAIL WHIP,QUICK ATTACK,0,974,113,8,21,72,72,35,3,755,Jolteon, ,Electric,Electric,2306,Pikachu3,Pikachu,,00:05:50.05,00:06:08.67,00:23:20.19,13,0,0,6,8,67,THUNDERSHOCK,GROWL,TAIL WHIP,QUICK ATTACK,30,39,29,23,0,0,0,0,7,37,24,17,22,22,33,1456,1293,1389,981,981,1617,15,15,15,15,0,0,0,0,0,0,0,24,17,22,22,33,86002,35754,47806,431,2011,0,0,0,974,974,0,0,113,29,8,21,0,0,1030,714,69,69,70,8,28,0,0,0,0,0,18,0,2,0,0,0,3,0,0,0,0,0,0,0,0,0,0,0,0,0,0,0,0,0,8,5,0,0,0,0,0,33,2181,0,0,0,0,3,13,0,1,1,3,0,3,0,Jolteon
11-08,13:21:14,NINTEN,Pikachu,Brock,1,Pewter City - Gym,2,9:05.24,9:05,0h9m5s,3,0,3,14,0:27,58.925,THUNDERSHOCK,GROWL,TAIL WHIP,QUICK ATTACK,1,978,115,9,21,108,105,54,3,935,Jolteon, ,Electric,Electric,2766,Pikachu3,Pikachu,Brock,00:08:06.31,00:09:05.24,00:27:50.20,14,3,0,9,5,24,THUNDERSHOCK,GROWL,TAIL WHIP,QUICK ATTACK,30,28,18,12,0,0,0,0,3,39,25,19,24,24,35,1531,1418,1649,1041,1041,1707,15,15,15,15,0,0,0,0,0,0,0,25,19,24,24,35,102208,36390,62389,1260,2169,1,1,0,978,978,0,0,115,30,9,21,0,0,1092,775,105,105,102,16,40,0,0,0,0,0,20,0,2,0,0,0,3,0,0,0,0,0,0,0,0,0,0,0,0,0,0,0,0,0,8,5,0,0,0,0,0,35,2641,0,0,0,0,3,13,0,1,1,3,0,3,3,Jolteon
11-08,13:21:47,NINTEN,Pikachu,Bug Catcher,4,Route 3,3,9:37.86,9:37,0h9m37s,3,0,3,14,0:29,11.917,THUNDERSHOCK,GROWL,TAIL WHIP,QUICK ATTACK,1,1091,115,10,21,114,111,57,4,2123,Jolteon, ,Electric,Electric,3101,Pikachu3,Pikachu,,00:09:25.94,00:09:37.86,00:29:58.34,14,3,0,9,37,86,THUNDERSHOCK,GROWL,TAIL WHIP,QUICK ATTACK,24,40,30,30,0,0,0,0,33,39,25,19,24,24,35,1661,1513,1749,1101,1101,1847,15,15,15,15,0,0,0,0,-1,0,0,31,19,24,24,23,109902,40299,66174,1260,2169,1,1,0,1091,1091,0,0,115,31,10,21,0,0,1227,864,111,111,108,16,43,0,0,0,0,0,21,0,2,0,0,0,3,0,0,0,0,0,0,0,0,0,0,0,0,0,0,0,0,0,8,5,0,0,0,0,0,38,2976,0,0,0,0,3,13,0,1,1,3,0,3,3,Jolteon
11-08,13:22:05,NINTEN,Pikachu,Youngster Ben,1,Route 3,2,9:55.82,9:55,0h9m55s,3,0,3,15,0:31,14.631,THUNDERSHOCK,GROWL,TAIL WHIP,QUICK ATTACK,1,1094,115,11,21,120,116,60,4,2223,Jolteon, ,Electric,Electric,3379,Pikachu3,Pikachu,,00:09:41.19,00:09:55.82,00:31:08.58,15,3,0,9,55,82,THUNDERSHOCK,GROWL,TAIL WHIP,QUICK ATTACK,20,40,30,29,0,0,0,0,19,41,27,20,25,25,38,1726,1629,1828,1166,1166,1974,15,15,15,15,0,-1,0,0,0,0,0,30,13,25,25,38,114126,40591,70106,1260,2169,1,1,0,1094,1094,0,0,115,32,11,21,0,0,1296,923,127,127,113,16,46,0,0,0,0,0,21,0,2,0,0,0,3,0,0,0,0,0,0,0,0,0,0,0,0,0,0,0,0,0,8,5,0,0,0,0,0,40,3254,0,0,0,0,3,13,0,1,1,3,0,3,3,Jolteon
11-08,13:22:13,NINTEN,Pikachu,Lass,1,Route 3,2,10:04.46,10:04,0h10m4s,3,0,3,15,0:31,5.678,THUNDERSHOCK,GROWL,TAIL WHIP,QUICK ATTACK,1,1098,116,12,21,122,118,60,4,2388,Jolteon, ,Electric,Electric,3589,Pikachu3,Pikachu,,00:09:58.78,00:10:04.46,00:31:42.15,15,3,0,10,4,46,THUNDERSHOCK,GROWL,TAIL WHIP,QUICK ATTACK,18,40,30,29,0,0,0,0,19,41,27,20,25,25,38,1806,1719,1908,1236,1236,2086,15,15,15,15,0,0,0,0,0,0,0,30,20,25,25,38,116123,40794,71900,1260,2169,1,1,0,1098,1098,0,0,116,33,12,21,0,0,1376,977,127,127,115,16,46,0,0,0,0,0,21,0,2,0,0,0,3,0,0,0,0,0,0,0,0,0,0,0,0,0,0,0,0,0,8,5,0,0,0,0,0,42,3464,0,0,0,0,3,13,0,1,1,3,0,3,3,Jolteon
11-08,13:22:36,NINTEN,Pikachu,Bug Catcher,5,Route 3,4,10:26.79,10:26,0h10m26s,3,0,3,15,0:33,17.634,THUNDERSHOCK,GROWL,TAIL WHIP,QUICK ATTACK,1,1117,118,13,21,130,126,64,4,2523,Jolteon, ,Electric,Electric,4064,Pikachu3,Pikachu,,00:10:09.15,00:10:26.79,00:33:09.53,15,3,0,10,26,79,THUNDERSHOCK,GROWL,TAIL WHIP,QUICK ATTACK,13,40,30,26,0,0,0,0,19,41,27,20,25,25,38,1986,1829,2078,1326,1326,2246,15,15,15,15,0,0,0,0,-1,0,0,33,20,25,25,25,121381,41438,76514,1260,2169,1,1,0,1117,1117,0,0,118,34,13,21,0,0,1550,1089,127,127,123,17,47,0,0,0,0,0,23,0,2,0,0,0,4,0,0,0,0,0,0,0,0,0,0,0,0,0,0,0,0,0,9,5,0,0,0,0,0,46,3939,0,0,0,0,3,13,0,1,1,3,0,3,3,Jolteon
11-08,13:22:43,NINTEN,Pikachu,Youngster,2,Route 3,1,10:34.56,10:34,0h10m34s,3,0,3,16,0:33,4.588,THUNDERSHOCK,GROWL,TAIL WHIP,QUICK ATTACK,1,1122,120,14,21,131,127,64,4,2613,Jolteon, ,Electric,Electric,4238,Pikachu3,Pikachu,,00:10:29.97,00:10:34.56,00:33:39.50,16,3,0,10,34,56,THUNDERSHOCK,GROWL,TAIL WHIP,QUICK ATTACK,12,40,30,26,0,0,0,0,21,43,29,21,27,27,40,2026,1889,2108,1357,1357,2316,15,15,15,15,0,0,0,0,0,0,0,32,21,27,27,40,123178,41662,78087,1260,2169,1,1,0,1122,1122,0,0,120,35,14,21,0,0,1608,1126,127,127,124,17,47,0,0,0,0,0,24,0,2,0,0,0,4,0,0,0,0,0,0,0,0,0,0,0,0,0,0,0,0,0,9,5,0,0,0,0,0,47,4113,0,0,0,0,3,13,0,1,1,3,0,3,3,Jolteon
11-08,13:23:02,NINTEN,Pikachu,Lass,2,Route 3,2,10:53.03,10:53,0h10m53s,3,0,3,16,0:34,8.167,THUNDERSHOCK,GROWL,TAIL WHIP,QUICK ATTACK,1,1164,137,15,21,135,131,65,4,2823,Jolteon, ,Electric,Electric,4486,Pikachu3,Pikachu,,00:10:44.86,00:10:53.03,00:34:52.15,16,3,0,10,53,3,THUNDERSHOCK,GROWL,TAIL WHIP,QUICK ATTACK,8,40,30,26,0,0,0,0,14,43,29,21,27,27,40,2102,2002,2183,1422,1422,2438,15,15,15,15,0,0,0,0,0,0,0,32,21,27,27,40,127523,43628,80466,1260,2169,1,1,0,1164,1164,0,0,137,36,15,21,0,0,1688,1183,134,134,128,17,48,0,0,0,0,0,24,0,2,0,0,0,5,0,0,0,0,0,0,0,0,0,0,0,0,0,0,0,0,0,10,6,0,0,0,0,0,49,4361,0,0,0,0,3,13,0,1,1,3,0,3,3,Jolteon
11-08,13:23:13,NINTEN,Pikachu,Bug Catcher,6,Route 3,2,11:04.51,11:04,0h11m4s,3,0,3,16,0:35,8.514,THUNDERSHOCK,GROWL,TAIL WHIP,QUICK ATTACK,1,1167,137,16,21,139,135,67,4,2973,Jolteon, ,Electric,Electric,4779,Pikachu3,Pikachu,,00:10:56.00,00:11:04.51,00:35:36.51,16,3,0,11,4,51,THUNDERSHOCK,GROWL,TAIL WHIP,QUICK ATTACK,4,40,30,26,0,0,0,0,11,43,29,21,27,27,40,2197,2052,2273,1467,1467,2513,15,15,15,15,0,0,0,0,0,0,0,32,21,27,27,40,130199,43861,82909,1260,2169,1,1,0,1167,1167,0,0,137,37,16,21,0,0,1788,1248,137,137,132,17,49,0,0,0,0,0,25,0,2,0,0,0,5,0,0,0,0,0,0,0,0,0,0,0,0,0,0,0,0,0,10,6,0,0,0,0,0,51,4654,0,0,0,0,3,13,0,1,1,3,0,3,3,Jolteon
11-08,13:23:33,NINTEN,Pikachu,Lass,3,Route 3,1,11:23.92,11:23,0h11m23s,3,0,3,17,0:36,13.559,THUNDERSHOCK,GROWL,TAIL WHIP,QUICK ATTACK,1,1178,137,17,21,149,138,76,4,3083,Jolteon, ,Electric,Electric,5007,Pikachu3,Pikachu,,00:11:10.36,00:11:23.92,00:36:52.49,17,3,0,11,23,92,THUNDERSHOCK,GROWL,TAIL WHIP,QUICK ATTACK,1,40,30,26,0,0,0,0,8,46,30,22,28,28,42,2312,2097,2293,1492,1492,2533,15,15,15,15,0,0,0,0,0,0,0,33,22,28,28,42,134757,44303,86592,1693,2169,1,1,0,1178,1178,0,0,137,38,17,21,0,0,1848,1306,163,163,135,20,56,0,0,0,0,0,25,0,2,0,0,0,5,0,0,0,0,0,0,0,0,0,0,0,0,0,0,0,0,0,10,6,6,0,0,0,0,52,4882,0,0,0,0,3,13,0,1,1,3,0,3,3,Jolteon
11-08,13:23:55,NINTEN,Pikachu,Bug Catcher,7,Mt Moon - 1,2,11:46.04,11:46,0h11m46s,3,0,3,17,0:38,7.101,THUNDERSHOCK,GROWL,TAIL WHIP,QUICK ATTACK,1,1277,145,18,21,152,141,77,4,3293,Jolteon, ,Electric,Electric,5294,Pikachu3,Pikachu,,00:11:38.95,00:11:46.04,00:38:19.26,17,3,0,11,46,4,THUNDERSHOCK,GROWL,TAIL WHIP,QUICK ATTACK,27,40,30,30,0,0,0,0,46,46,30,22,28,28,42,2397,2157,2373,1537,1537,2618,15,15,15,15,0,0,0,0,0,0,0,33,22,28,28,42,139954,47476,88616,1693,2169,1,1,0,1277,1277,0,0,145,39,18,21,0,0,1933,1369,163,163,138,20,56,0,0,0,0,0,26,0,2,0,0,0,5,0,0,0,0,0,0,0,0,0,0,0,0,0,0,0,0,0,10,6,6,0,0,0,0,54,5169,0,0,0,0,3,13,0,1,1,3,0,3,3,Jolteon
11-08,13:24:08,NINTEN,Pikachu,Lass,6,Mt Moon - 1,1,11:58.68,11:58,0h11m58s,3,0,3,17,0:39,9.416,THUNDERSHOCK,GROWL,TAIL WHIP,QUICK ATTACK,1,1288,153,19,21,157,146,81,4,3403,Jolteon, ,Electric,Electric,5498,Pikachu3,Pikachu,,00:11:49.26,00:11:58.68,00:39:08.45,17,3,0,11,58,68,THUNDERSHOCK,GROWL,TAIL WHIP,QUICK ATTACK,23,39,30,30,0,0,0,0,40,46,30,22,28,28,42,2467,2202,2421,1597,1597,2653,15,15,15,15,-1,0,0,0,0,0,0,21,22,28,28,42,142913,47831,91220,1693,2169,1,1,0,1288,1288,0,0,153,40,19,21,0,0,1979,1414,169,169,143,21,58,0,0,0,0,0,26,0,2,0,0,0,6,0,0,0,0,0,0,0,0,0,0,0,0,0,0,0,0,0,11,6,6,0,0,0,0,55,5373,0,0,0,0,3,13,0,1,1,3,0,3,3,Jolteon
11-08,13:24:25,NINTEN,Pikachu,Super Nerd,1,Mt Moon - 1,2,12:16.31,12:16,0h12m16s,3,0,3,18,0:40,13.323,THUNDERSHOCK,GROWL,TAIL WHIP,QUICK ATTACK,1,1320,154,20,21,163,152,85,4,3613,Jolteon, ,Electric,Electric,5947,Pikachu3,Pikachu,,00:12:02.98,00:12:16.31,00:40:17.51,18,3,0,12,16,31,THUNDERSHOCK,GROWL,TAIL WHIP,QUICK ATTACK,23,39,30,24,0,0,0,0,33,48,32,23,30,30,45,2532,2267,2541,1747,1747,2798,15,15,15,15,0,0,0,0,0,0,0,36,23,30,30,45,147059,48479,94718,1693,2169,1,1,0,1320,1320,0,0,154,41,20,21,0,0,2050,1473,178,178,149,22,61,0,0,0,0,0,27,0,2,0,0,0,6,0,0,0,0,0,0,0,0,0,0,0,0,0,0,0,0,0,11,6,6,0,0,0,0,57,5822,0,0,0,0,3,13,0,1,1,3,0,3,3,Jolteon
11-08,13:24:40,NINTEN,Pikachu,Bug Catcher,8,Mt Moon - 1,3,12:31.60,12:31,0h12m31s,3,0,3,18,0:41,9.991,THUNDERSHOCK,GROWL,TAIL WHIP,QUICK ATTACK,1,1340,155,21,21,167,156,86,5,3888,Jolteon, ,Electric,Electric,6324,Pikachu3,Pikachu,,00:12:21.61,00:12:31.60,00:41:17.36,18,3,0,12,31,60,THUNDERSHOCK,GROWL,TAIL WHIP,QUICK ATTACK,20,39,30,23,0,0,0,0,33,48,32,23,30,30,45,2672,2347,2666,1812,1812,2918,15,15,15,15,0,0,0,0,0,0,0,36,23,30,30,45,150644,49329,97453,1693,2169,1,1,0,1340,1340,0,0,155,42,21,21,0,0,2152,1564,178,178,153,22,61,0,0,0,0,0,27,0,2,0,0,0,6,0,0,0,0,0,0,0,0,0,0,0,0,0,0,0,0,0,11,6,6,0,0,0,0,60,6199,0,0,0,0,4,13,0,1,1,3,0,3,3,Jolteon
11-08,13:24:56,NINTEN,Pikachu,Lass,5,Mt Moon - 1,2,12:46.92,12:46,0h12m46s,3,0,3,18,0:42,11.431,THUNDERSHOCK,GROWL,TAIL WHIP,QUICK ATTACK,1,1363,156,22,21,172,161,89,5,3988,Jolteon, ,Electric,Electric,6705,Pikachu3,Pikachu,,00:12:35.49,00:12:46.92,00:42:17.28,18,3,0,12,46,92,THUNDERSHOCK,GROWL,TAIL WHIP,QUICK ATTACK,20,39,30,18,0,0,0,0,27,48,32,23,30,30,45,2767,2472,2756,1957,1957,2988,15,15,15,15,0,0,0,0,0,0,0,36,23,30,30,45,154236,49851,100523,1693,2169,1,1,0,1363,1363,0,0,156,43,22,21,0,0,2232,1631,184,184,158,22,63,0,0,0,0,0,27,0,2,0,0,0,6,0,0,0,0,0,0,0,0,0,0,0,0,0,0,0,0,0,11,6,6,0,0,0,0,62,6580,0,0,0,0,4,13,0,1,1,3,0,3,3,Jolteon
11-08,13:25:08,NINTEN,Pikachu,Rocket,3,Mt Moon - 3,2,12:59.51,12:59,0h12m59s,3,0,3,19,0:43,6.737,THUNDERSHOCK,GROWL,TAIL WHIP,QUICK ATTACK,1,1399,161,23,21,174,163,89,5,4153,Jolteon, ,Electric,Electric,7002,Pikachu3,Pikachu,,00:12:52.77,00:12:59.51,00:43:06.21,19,3,0,12,59,51,THUNDERSHOCK,GROWL,TAIL WHIP,QUICK ATTACK,18,39,30,18,0,0,0,0,29,50,33,24,31,31,47,2842,2577,2835,2037,2037,3098,15,15,15,15,0,0,0,0,0,0,0,37,24,31,31,47,157169,50836,102471,1693,2169,1,1,0,1399,1399,0,0,161,44,23,21,0,0,2309,1696,184,184,160,22,63,0,0,0,0,0,28,0,2,0,0,0,6,0,0,0,0,0,0,0,0,0,0,0,0,0,0,0,0,0,11,6,6,0,0,0,0,64,6877,0,0,0,0,4,13,0,1,1,3,0,3,3,Jolteon
11-08,13:25:35,NINTEN,Pikachu,Youngster,3,Mt Moon - 1,3,13:26.05,13:26,0h13m26s,3,0,3,19,0:44,8.139,THUNDERSHOCK,MEGA PUNCH,TAIL WHIP,QUICK ATTACK,1,1453,166,24,21,177,166,89,6,4513,Jolteon, ,Electric,Electric,7359,Pikachu3,Pikachu,,00:13:17.91,00:13:26.05,00:44:50.22,19,3,0,13,26,5,THUNDERSHOCK,MEGA PUNCH,TAIL WHIP,QUICK ATTACK,15,20,30,18,0,0,0,0,29,50,33,24,31,31,47,2942,2734,2940,2127,2127,3297,15,15,15,15,0,0,0,0,0,0,0,37,24,31,31,47,163410,52954,104751,3536,2169,1,1,0,1453,1453,0,0,166,45,24,21,0,0,2417,1779,184,184,163,22,63,0,0,0,0,0,28,0,2,0,0,0,6,0,0,0,0,0,0,0,0,0,0,0,0,0,0,0,0,0,11,6,6,0,0,0,0,67,7234,0,0,0,0,6,13,0,1,1,4,0,3,3,Jolteon
11-08,13:25:50,NINTEN,Pikachu,Rocket,1,Mt Moon - 3,2,13:41.43,13:41,0h13m41s,3,0,3,19,0:45,7.505,THUNDERSHOCK,MEGA PUNCH,TAIL WHIP,QUICK ATTACK,1,1513,168,25,21,179,168,89,6,4663,Jolteon, ,Electric,Electric,7666,Pikachu3,Pikachu,,00:13:33.93,00:13:41.43,00:45:50.23,19,3,0,13,41,43,THUNDERSHOCK,MEGA PUNCH,TAIL WHIP,QUICK ATTACK,14,19,30,18,0,0,0,0,29,50,33,24,31,31,47,3012,2835,3010,2192,2192,3424,15,15,15,15,0,0,0,0,0,0,0,37,24,31,31,47,167011,54412,106894,3536,2169,1,1,0,1513,1513,0,0,168,46,25,21,0,0,2545,1846,184,184,165,22,63,0,0,0,0,0,30,0,2,0,0,0,6,0,0,0,0,0,0,0,0,0,0,0,0,0,0,0,0,0,11,6,6,0,0,0,0,69,7541,0,0,0,0,6,13,0,1,1,4,0,3,3,Jolteon
11-08,13:26:20,NINTEN,Pikachu,Fossil Nerd,2,Mt Moon - 3,3,14:11.27,14:11,0h14m11s,3,0,3,20,0:47,21.488,THUNDERSHOCK,MEGA PUNCH,TAIL WHIP,QUICK ATTACK,1,1593,172,26,21,187,176,94,6,5053,Jolteon,Poisoned,Electric,Electric,8453,Pikachu3,Pikachu,,00:13:49.79,00:14:11.27,00:47:47.56,20,3,0,14,11,27,THUNDERSHOCK,MEGA PUNCH,TAIL WHIP,QUICK ATTACK,11,15,30,17,0,0,0,0,11,52,35,25,33,33,50,3172,3010,3205,2347,2347,3584,15,15,15,15,0,-2,0,0,0,0,0,39,12,33,33,50,174064,56004,112355,3536,2169,1,1,0,1593,1593,0,0,172,47,26,21,0,0,2686,1955,204,204,171,25,67,0,0,0,0,0,30,0,2,0,0,0,6,0,0,0,0,0,0,1,0,0,0,0,0,0,0,0,0,0,11,6,6,0,0,0,0,72,8328,0,0,0,0,6,13,0,1,1,4,0,3,3,Jolteon
11-08,13:26:49,NINTEN,Pikachu,Rocket,42,Mt Moon - 3,3,14:39.94,14:39,0h14m39s,3,0,3,20,0:49,15.777,THUNDERSHOCK,MEGA PUNCH,TAIL WHIP,QUICK ATTACK,1,1611,177,27,21,194,183,98,7,5353,Jolteon, ,Electric,Electric,9188,Pikachu3,Pikachu,,00:14:24.16,00:14:39.94,00:49:40.16,20,3,0,14,39,94,THUNDERSHOCK,MEGA PUNCH,TAIL WHIP,QUICK ATTACK,6,14,30,16,0,0,0,0,31,52,35,25,33,33,50,3287,3180,3379,2487,2487,3764,15,15,15,15,-1,0,0,0,0,0,0,25,25,33,33,50,180804,57682,116468,4485,2169,1,1,0,1611,1611,0,0,177,48,27,21,0,0,2850,2065,224,224,178,25,71,0,0,0,0,0,32,0,3,0,0,0,7,0,0,0,0,0,0,1,0,0,0,0,0,0,0,0,0,0,12,6,6,0,0,0,0,75,9063,0,0,0,0,6,13,0,1,1,4,0,3,3,Jolteon
11-08,13:27:18,NINTEN,Pikachu,Swimmer,1,Cerulean City - Gym,2,15:09.37,15:09,0h15m9s,3,0,3,21,0:51,8.846,THUNDERSHOCK,MEGA PUNCH,TAIL WHIP,QUICK ATTACK,1,1751,183,28,21,197,186,99,7,5773,Jolteon, ,Electric,Electric,9802,Pikachu3,Pikachu,,00:15:00.53,00:15:09.37,00:51:35.49,21,3,0,15,9,37,THUNDERSHOCK,MEGA PUNCH,TAIL WHIP,QUICK ATTACK,28,20,30,29,0,0,0,0,49,54,37,26,34,34,52,3347,3285,3549,2602,2602,3864,15,15,15,15,0,0,0,0,-1,0,0,41,26,34,34,34,187737,62068,119015,4485,2169,1,1,0,1751,1751,0,0,183,49,28,21,0,0,2930,2141,229,229,181,25,72,0,0,0,0,0,32,0,3,0,0,0,7,0,0,0,0,0,0,1,0,0,0,0,0,0,0,0,0,0,12,6,6,0,0,0,0,77,9677,0,0,0,0,6,13,0,1,1,4,0,3,3,Jolteon
11-08,13:27:28,NINTEN,Pikachu,Pecking Lass,1,Cerulean City - Gym,1,15:18.69,15:18,0h15m18s,3,0,3,21,0:52,5.354,THUNDERSHOCK,MEGA PUNCH,TAIL WHIP,QUICK ATTACK,1,1759,184,29,21,199,188,100,7,5853,Jolteon, ,Electric,Electric,10253,Pikachu3,Pikachu,,00:15:13.33,00:15:18.69,00:52:11.56,21,3,0,15,18,69,THUNDERSHOCK,MEGA PUNCH,TAIL WHIP,QUICK ATTACK,26,20,30,29,0,0,0,0,46,54,37,26,34,34,52,3392,3352,3609,2652,2652,3927,15,15,15,15,0,0,0,0,0,0,0,41,26,34,34,52,189904,62524,120726,4485,2169,1,1,0,1759,1759,0,0,184,50,29,21,0,0,2995,2190,232,232,183,25,73,0,0,0,0,0,32,0,3,0,0,0,7,0,0,0,0,0,0,1,0,0,0,0,0,0,0,0,0,0,12,6,6,0,0,0,0,78,10128,0,0,0,0,6,13,0,1,1,4,0,3,3,Jolteon
11-08,13:27:46,NINTEN,Pikachu,Misty,1,Cerulean City - Gym,2,15:36.83,15:36,0h15m36s,3,0,3,22,0:53,10.532,THUNDERSHOCK,MEGA PUNCH,TAIL WHIP,QUICK ATTACK,2,1760,187,30,21,203,192,102,7,6233,Jolteon, ,Electric,Electric,11592,Pikachu3,Pikachu,Misty,00:15:26.30,00:15:36.83,00:53:22.53,22,3,0,15,36,83,THUNDERSHOCK,MEGA PUNCH,TAIL WHIP,QUICK ATTACK,22,20,30,29,0,0,0,0,40,57,38,28,36,36,54,3482,3472,3749,2822,2822,4127,15,15,15,15,0,0,0,0,0,0,0,42,28,36,36,54,194161,63003,123681,5308,2169,2,1,0,1760,1760,0,0,187,51,30,21,0,0,3112,2290,249,249,187,25,74,0,0,0,0,0,34,0,3,0,0,0,8,0,0,0,0,0,0,1,0,0,0,0,0,0,0,0,0,0,12,6,6,0,0,0,0,80,11467,0,0,0,0,6,13,0,1,1,4,0,3,3,Jolteon
11-08,13:28:28,NINTEN,Pikachu,Rival2-Nugget Bridge,3,Cerulean City,4,16:19.38,16:19,0h16m19s,3,0,3,23,0:56,18.192,THUNDERSHOCK,MEGA PUNCH,TAIL WHIP,QUICK ATTACK,3,1864,191,31,21,211,200,106,8,8312,Jolteon, ,Electric,Electric,12630,Pikachu3,Pikachu,Rival (Nugget Bridge),00:16:01.19,00:16:19.38,00:56:10.11,23,3,0,16,19,38,THUNDERSHOCK,MEGA PUNCH,TAIL WHIP,QUICK ATTACK,28,15,30,29,0,0,0,0,36,59,40,29,37,37,56,3657,3718,3949,2973,2973,4364,15,15,15,15,0,-1,0,0,0,-1,0,50,19,37,37,56,204199,67573,128567,5890,2169,3,1,0,1864,1864,0,0,191,52,31,21,0,0,3306,2461,272,272,193,27,78,0,0,0,0,0,35,0,3,0,0,0,8,0,0,0,0,0,0,1,0,0,0,0,0,0,0,0,0,0,12,6,6,0,0,0,0,84,12505,0,0,0,0,7,13,0,1,1,4,0,3,3,Jolteon
11-08,13:28:44,NINTEN,Pikachu,Bug Catcher,9,Route 24,2,16:35.22,16:35,0h16m35s,3,0,3,23,0:57,8.133,THUNDERSHOCK,MEGA PUNCH,TAIL WHIP,QUICK ATTACK,3,1875,191,32,21,214,203,107,8,8907,Jolteon, ,Electric,Electric,12945,Pikachu3,Pikachu,,00:16:27.09,00:16:35.22,00:57:12.07,23,3,0,16,35,22,THUNDERSHOCK,MEGA PUNCH,TAIL WHIP,QUICK ATTACK,27,13,30,29,0,0,0,0,31,59,40,29,37,37,56,3742,3783,4014,3013,3013,4459,15,15,15,15,0,0,0,0,0,0,0,45,29,37,37,56,207915,68893,130963,5890,2169,3,1,0,1875,1875,0,0,191,53,32,21,0,0,3393,2536,277,277,195,28,79,0,0,0,0,0,35,0,4,0,0,0,8,0,0,0,0,0,0,1,0,0,0,0,0,0,0,0,0,0,12,6,6,0,0,0,0,86,12820,0,0,0,0,7,13,0,1,1,4,0,3,3,Jolteon
11-08,13:28:56,NINTEN,Pikachu,Lass,8,Route 24,2,16:47.36,16:47,0h16m47s,3,0,3,23,0:57,7.599,THUNDERSHOCK,MEGA PUNCH,TAIL WHIP,QUICK ATTACK,3,1877,192,33,21,217,206,108,8,9047,Jolteon, ,Electric,Electric,13287,Pikachu3,Pikachu,,00:16:39.76,00:16:47.36,00:57:59.10,23,3,0,16,47,36,THUNDERSHOCK,MEGA PUNCH,TAIL WHIP,QUICK ATTACK,24,13,30,29,0,0,0,0,51,59,40,29,37,37,56,3837,3875,4106,3088,3088,4556,15,15,15,15,-1,0,0,0,0,0,0,29,29,37,37,56,210738,69045,133219,6305,2169,3,1,0,1877,1877,0,0,192,54,33,21,0,0,3503,2614,277,277,198,28,80,0,0,0,0,0,35,0,4,0,0,0,8,0,0,0,0,0,0,1,0,0,0,0,0,0,0,0,0,0,12,6,6,0,0,0,0,88,13162,0,0,0,0,7,13,0,1,1,4,0,3,3,Jolteon
11-08,13:29:08,NINTEN,Pikachu,Youngster,4,Route 24,3,16:59.29,16:59,0h16m59s,3,0,3,23,0:58,9.128,THUNDERSHOCK,MEGA PUNCH,TAIL WHIP,QUICK ATTACK,3,1881,195,34,21,220,209,108,8,9257,Jolteon, ,Electric,Electric,13806,Pikachu3,Pikachu,,00:16:50.16,00:16:59.29,00:58:45.31,23,3,0,16,59,29,THUNDERSHOCK,MEGA PUNCH,TAIL WHIP,QUICK ATTACK,23,11,30,29,0,0,0,0,51,59,40,29,37,37,56,3942,4036,4220,3193,3193,4738,15,15,15,15,0,0,0,0,0,0,0,45,29,37,37,56,213519,69227,135818,6305,2169,3,1,0,1881,1881,0,0,195,55,34,21,0,0,3642,2721,277,277,201,28,80,0,0,0,0,0,35,0,4,0,0,0,8,0,0,0,0,0,0,1,0,0,0,0,0,0,0,0,0,0,12,6,6,0,0,0,0,91,13681,0,0,0,0,7,13,0,1,1,4,0,3,3,Jolteon
11-08,13:29:19,NINTEN,Pikachu,Lass,7,Route 24,2,17:09.80,17:09,0h17m9s,3,0,3,24,0:59,7.753,THUNDERSHOCK,MEGA PUNCH,TAIL WHIP,QUICK ATTACK,3,1885,196,35,21,223,212,109,8,9467,Jolteon, ,Electric,Electric,14194,Pikachu3,Pikachu,,00:17:02.05,00:17:09.80,00:59:26.17,24,3,0,17,9,80,THUNDERSHOCK,MEGA PUNCH,TAIL WHIP,QUICK ATTACK,20,11,30,29,0,0,0,0,48,61,42,30,39,39,59,4037,4128,4312,3268,3268,4835,15,15,15,15,0,0,0,0,0,0,0,47,30,39,39,59,215965,69393,138098,6305,2169,3,1,0,1885,1885,0,0,196,56,35,21,0,0,3749,2808,282,282,204,28,81,0,0,0,0,0,35,0,4,0,0,0,8,0,0,0,0,0,0,1,0,0,0,0,0,0,0,0,0,0,12,6,6,0,0,0,0,93,14069,0,0,0,0,7,13,0,1,1,4,0,3,3,Jolteon
11-08,13:29:29,NINTEN,Pikachu,Jr Trainer M,3,Route 24,1,17:20.23,17:20,0h17m20s,3,0,3,24,1:00,7.689,THUNDERSHOCK,MEGA PUNCH,TAIL WHIP,QUICK ATTACK,3,1889,198,36,21,226,215,111,8,9707,Jolteon, ,Electric,Electric,14479,Pikachu3,Pikachu,,00:17:12.55,00:17:20.23,01:00:06.49,24,3,0,17,20,23,THUNDERSHOCK,MEGA PUNCH,TAIL WHIP,QUICK ATTACK,20,9,30,28,0,0,0,0,38,61,42,30,39,39,59,4077,4208,4347,3303,3303,4905,15,15,15,15,0,0,0,0,0,0,0,47,30,39,39,59,218397,69564,140359,6305,2169,3,1,0,1889,1889,0,0,198,57,36,21,0,0,3808,2853,292,292,206,30,82,0,0,0,0,0,35,0,4,0,0,0,8,0,0,0,0,0,0,1,0,0,0,0,0,0,0,0,0,0,12,6,6,0,0,0,0,94,14354,0,0,0,0,7,13,0,1,1,4,0,3,3,Jolteon
11-08,13:29:44,NINTEN,Pikachu,Rocket,6,Route 24,2,17:34.72,17:34,0h17m34s,3,0,3,24,1:01,8.241,THUNDERSHOCK,MEGA PUNCH,TAIL WHIP,QUICK ATTACK,3,1895,200,37,21,229,218,112,9,10067,Jolteon, ,Electric,Electric,14849,Pikachu3,Pikachu,,00:17:26.48,00:17:34.72,01:01:03.23,24,3,0,17,34,72,THUNDERSHOCK,MEGA PUNCH,TAIL WHIP,QUICK ATTACK,19,7,30,28,0,0,0,0,33,61,42,30,39,39,59,4152,4313,4426,3383,3383,5015,15,15,15,15,0,0,0,0,0,0,0,47,30,39,39,59,221791,70545,142772,6305,2169,3,1,0,1895,1895,0,0,200,58,37,21,0,0,3933,2929,297,297,208,31,83,0,0,0,0,0,36,0,4,0,0,0,8,0,0,0,0,0,0,1,0,0,0,0,0,0,0,0,0,0,12,6,6,0,0,0,0,96,14724,0,0,0,0,7,13,0,1,1,4,0,3,3,Jolteon
11-08,13:30:26,NINTEN,Pikachu,Hiker,2,Route 25,2,18:17.49,18:17,0h18m17s,3,0,3,24,1:03,18.254,THUNDERSHOCK,MEGA PUNCH,TAIL WHIP,QUICK ATTACK,3,2079,213,38,21,239,228,120,9,10517,Jolteon, ,Electric,Electric,15407,Pikachu3,Pikachu,,00:17:59.24,00:18:17.49,01:03:52.12,24,3,0,18,17,49,THUNDERSHOCK,MEGA PUNCH,TAIL WHIP,QUICK ATTACK,28,12,30,30,0,0,0,0,34,61,42,30,39,39,59,4262,4473,4576,3448,3448,5070,15,15,15,15,0,0,0,0,0,0,0,47,30,39,39,59,231920,75872,147574,6305,2169,3,1,0,2079,2079,0,0,213,59,38,21,0,0,4069,3016,324,324,216,33,87,0,0,0,0,0,38,0,4,0,0,0,8,0,0,0,0,0,0,1,0,0,0,0,0,0,0,0,0,0,12,6,6,0,0,0,0,98,15282,0,0,0,0,7,13,0,1,1,4,0,3,3,Jolteon
11-08,13:30:45,NINTEN,Pikachu,Lass,9,Route 25,2,18:36.22,18:36,0h18m36s,3,0,3,25,1:05,9.877,THUNDERSHOCK,MEGA PUNCH,TAIL WHIP,QUICK ATTACK,3,2099,216,39,21,243,232,122,10,11042,Jolteon, ,Electric,Electric,15788,Pikachu3,Pikachu,,00:18:26.33,00:18:36.22,01:05:05.24,25,3,0,18,36,22,THUNDERSHOCK,MEGA PUNCH,TAIL WHIP,QUICK ATTACK,24,12,30,30,0,0,0,0,49,64,44,31,41,41,62,4363,4577,4668,3528,3528,5161,15,15,15,15,-1,0,0,0,0,0,0,32,31,41,41,62,236312,77086,150360,6697,2169,3,1,0,2099,2099,0,0,216,60,39,21,0,0,4180,3100,332,332,220,33,89,0,0,0,0,0,38,0,4,0,0,0,8,0,0,0,0,0,0,1,0,0,0,0,0,0,0,0,0,0,12,6,6,0,0,0,0,100,15663,0,0,0,0,8,13,0,1,1,4,0,3,3,Jolteon
11-08,13:31:22,NINTEN,Pikachu,Hiker,3,Route 25,4,19:13.06,19:13,0h19m13s,3,0,3,25,1:07,27.943,THUNDERSHOCK,MEGA PUNCH,TAIL WHIP,QUICK ATTACK,4,2107,217,40,21,257,246,132,10,11267,Jolteon, ,Electric,Electric,16746,Pikachu3,Pikachu,,00:18:45.13,00:19:13.06,01:07:30.36,25,3,0,19,13,6,THUNDERSHOCK,MEGA PUNCH,TAIL WHIP,QUICK ATTACK,22,2,30,28,0,0,0,0,47,64,44,31,41,41,62,4553,4897,5018,3653,3653,5256,15,15,15,15,0,0,0,0,0,0,0,49,31,41,41,62,245024,77691,157444,7720,2169,4,1,0,2107,2107,0,0,217,61,40,21,0,0,4359,3248,349,349,231,36,92,0,0,0,0,0,41,0,4,0,0,0,8,0,0,0,0,0,0,1,0,0,0,0,0,0,0,0,0,0,12,6,6,0,0,0,0,104,16621,0,0,0,0,8,13,0,1,1,4,0,3,3,Jolteon
11-08,13:31:34,NINTEN,Pikachu,Jr Trainer M,2,Route 25,2,19:25.07,19:25,0h19m25s,3,0,3,25,1:08,8.319,THUNDERSHOCK,MEGA PUNCH,TAIL WHIP,QUICK ATTACK,4,2109,217,41,21,261,249,133,10,11722,Jolteon, ,Electric,Electric,17103,Pikachu3,Pikachu,,00:19:16.75,00:19:25.07,01:08:17.21,25,3,0,19,25,7,THUNDERSHOCK,MEGA PUNCH,TAIL WHIP,QUICK ATTACK,21,0,30,28,0,0,0,0,43,64,44,31,41,41,62,4618,5013,5097,3718,3718,5383,15,15,15,15,0,0,0,0,0,0,0,49,31,41,41,62,247829,78082,159858,7720,2169,4,1,0,2109,2109,0,0,217,62,41,21,0,0,4476,3318,353,353,233,37,93,0,0,0,0,0,42,0,4,0,0,0,8,0,0,0,0,0,0,1,0,0,0,0,0,0,0,0,0,0,12,6,6,0,0,0,0,106,16978,0,0,0,0,8,13,0,1,1,4,0,3,3,Jolteon
11-08,13:32:05,NINTEN,Pikachu,Oddish Lass,10,Route 25,3,19:55.99,19:55,0h19m55s,3,0,3,26,1:10,14.34,THUNDERSHOCK,MEGA PUNCH,SEISMIC TOSS,THUNDERBOLT,4,2140,225,42,21,264,252,133,9,12002,Jolteon, ,Electric,Electric,17688,Pikachu3,Pikachu,Oddish Lass,00:19:41.65,00:19:55.99,01:10:19.01,26,3,0,19,55,99,THUNDERSHOCK,MEGA PUNCH,SEISMIC TOSS,THUNDERBOLT,20,8,20,15,0,0,0,0,45,66,46,33,42,42,64,4748,5158,5247,3903,3903,5499,15,15,15,15,0,0,0,0,0,0,0,51,33,42,42,64,255129,79224,163705,10031,2169,4,1,0,2140,2140,0,0,225,63,42,21,0,0,4663,3425,353,353,236,37,93,0,0,0,0,0,43,0,4,0,0,0,8,0,0,0,0,0,0,1,0,0,0,0,0,0,0,0,0,0,12,6,6,0,0,0,0,109,17563,0,0,0,0,9,13,0,1,1,5,0,3,3,Jolteon
11-08,13:32:47,NINTEN,Pikachu,Cerulean Rocket,5,Cerulean City,2,20:38.62,20:38,0h20m38s,3,0,3,26,1:13,10.816,THUNDERBOLT,MEGA PUNCH,SEISMIC TOSS,THUNDERSHOCK,4,2283,238,43,21,268,256,135,11,12197,Jolteon, ,Electric,Electric,18377,Pikachu3,Pikachu,Rocket,00:20:27.80,00:20:38.62,01:13:02.41,26,3,0,20,38,62,THUNDERBOLT,MEGA PUNCH,SEISMIC TOSS,THUNDERSHOCK,13,8,18,20,0,0,0,0,21,66,46,33,42,42,64,4878,5286,5342,4028,4028,5576,15,15,15,15,0,0,0,0,0,0,0,51,33,42,42,64,264949,86036,166713,10031,2169,4,1,0,2283,2283,0,0,238,64,43,21,0,0,4788,3528,377,377,239,38,95,0,0,0,0,0,43,0,4,0,0,0,8,0,0,0,0,0,0,1,0,0,0,0,0,0,0,0,0,0,12,6,6,0,0,0,0,111,18252,0,0,0,0,10,13,0,1,1,6,0,3,3,Jolteon
11-08,13:33:15,NINTEN,Pikachu,Sandy,3,Route 6,3,21:06.49,21:06,0h21m6s,3,0,3,26,1:14,9.2,THUNDERBOLT,MEGA PUNCH,SEISMIC TOSS,THUNDERSHOCK,4,2427,240,44,21,271,259,136,12,12707,Jolteon, ,Electric,Electric,18938,Pikachu3,Pikachu,,00:20:57.30,00:21:06.49,01:14:51.50,26,3,0,21,6,49,THUNDERBOLT,MEGA PUNCH,SEISMIC TOSS,THUNDERSHOCK,13,8,18,17,0,0,0,0,33,66,46,33,42,42,64,4998,5421,5462,4133,4133,5744,15,15,15,15,0,0,0,0,0,0,0,51,33,42,42,64,271498,89472,169371,10486,2169,4,1,0,2427,2427,0,0,240,65,44,21,0,0,5033,3651,385,385,242,38,96,0,0,0,0,0,44,0,4,0,0,0,8,0,0,0,0,0,0,1,0,0,0,0,0,0,0,0,0,0,12,6,6,0,0,0,0,114,18813,0,0,0,0,11,13,0,1,1,6,0,3,3,Jolteon
11-08,13:33:26,NINTEN,Pikachu,Jr Trainer M,5,Route 6,2,21:16.85,21:16,0h21m16s,3,0,3,26,1:15,7.411,THUNDERBOLT,MEGA PUNCH,SEISMIC TOSS,THUNDERSHOCK,4,2430,240,45,21,273,261,137,12,13027,Jolteon, ,Electric,Electric,19533,Pikachu3,Pikachu,,00:21:09.44,00:21:16.85,01:15:31.59,26,3,0,21,16,85,THUNDERBOLT,MEGA PUNCH,SEISMIC TOSS,THUNDERSHOCK,12,8,18,16,0,0,0,0,22,66,46,33,42,42,64,5093,5562,5552,4214,4214,5911,15,15,15,15,0,0,0,0,0,0,0,51,33,42,42,64,273907,89677,171575,10486,2169,4,1,0,2430,2430,0,0,240,66,45,21,0,0,5161,3738,396,396,244,38,97,0,0,0,0,0,44,0,4,0,0,0,8,0,0,0,0,0,0,1,0,0,0,0,0,0,0,0,0,0,12,6,6,0,0,0,0,116,19408,0,0,0,0,11,13,0,1,1,6,0,3,3,Jolteon
11-08,13:33:58,NINTEN,Pikachu,Sailor,4,SS Anne,3,21:49.22,21:49,0h21m49s,3,0,3,27,1:17,11.699,THUNDERBOLT,MEGA PUNCH,SEISMIC TOSS,THUNDERSHOCK,4,2548,248,46,21,277,265,138,15,9497,Jolteon, ,Electric,Electric,20568,Pikachu3,Pikachu,,00:21:37.52,00:21:49.22,01:17:38.48,27,3,0,21,49,22,THUNDERBOLT,MEGA PUNCH,SEISMIC TOSS,THUNDERSHOCK,11,8,18,13,0,0,0,0,19,68,47,34,44,44,66,5193,5707,5757,4429,4429,6081,15,15,15,15,0,0,0,0,-1,0,0,52,34,44,44,43,281516,94141,174720,10486,2169,4,1,0,2548,2548,0,0,248,67,46,21,0,0,5362,3859,401,401,248,38,98,0,0,0,0,0,44,0,4,0,0,0,8,0,0,0,0,0,0,1,0,0,0,0,0,0,0,0,0,0,12,6,6,0,0,0,0,119,20443,0,0,0,0,12,20,0,1,1,6,0,3,3,Jolteon
11-08,13:34:09,NINTEN,Pikachu,Sailor,3,SS Anne,1,22:00.02,22:00,0h22m0s,3,0,3,27,1:18,4.74,THUNDERBOLT,MEGA PUNCH,SEISMIC TOSS,THUNDERSHOCK,4,2550,248,47,21,278,266,138,14,10007,Jolteon, ,Electric,Electric,21004,Pikachu3,Pikachu,,00:21:55.27,00:22:00.02,01:18:20.39,27,3,0,22,0,2,THUNDERBOLT,MEGA PUNCH,SEISMIC TOSS,THUNDERSHOCK,10,8,18,13,0,0,0,0,68,68,47,34,44,44,66,5223,5772,5857,4474,4474,6121,15,15,15,15,0,0,0,0,0,0,0,52,34,44,44,66,284027,94419,176199,11240,2169,4,1,0,2550,2550,0,0,248,68,47,21,0,0,5467,3905,401,401,249,38,98,0,0,0,0,0,44,0,4,0,0,0,8,0,0,0,0,0,0,1,0,0,0,0,0,0,0,0,0,0,12,6,6,0,0,0,0,120,20879,0,0,0,0,12,20,0,1,1,6,0,3,3,Jolteon
11-08,13:34:21,NINTEN,Pikachu,Sailor,6,SS Anne,3,22:12.33,22:12,0h22m12s,3,0,3,27,1:19,8.159,THUNDERBOLT,MEGA PUNCH,SEISMIC TOSS,THUNDERSHOCK,4,2561,253,48,21,281,269,138,14,10637,Jolteon, ,Electric,Electric,21907,Pikachu3,Pikachu,,00:22:04.17,00:22:12.33,01:19:08.20,27,3,0,22,12,33,THUNDERBOLT,MEGA PUNCH,SEISMIC TOSS,THUNDERSHOCK,7,8,18,13,0,0,0,0,68,68,47,34,44,44,66,5313,5892,6067,4684,4684,6301,15,15,15,15,0,0,0,0,0,0,0,52,34,44,44,66,286888,94989,178490,11240,2169,4,1,0,2561,2561,0,0,253,69,48,21,0,0,5835,4022,401,401,252,38,98,0,0,0,0,0,45,0,4,0,0,0,8,0,0,0,0,0,0,1,0,0,0,0,0,0,0,0,0,0,12,6,6,0,0,0,0,123,21782,0,0,0,0,12,20,0,1,1,6,0,3,3,Jolteon
11-08,13:34:33,NINTEN,Pikachu,Sailor,5,SS Anne,2,22:24.13,22:24,0h22m24s,3,0,3,28,1:19,7.117,THUNDERBOLT,MEGA PUNCH,SEISMIC TOSS,THUNDERSHOCK,4,2577,259,49,21,283,271,138,14,11147,Jolteon, ,Electric,Electric,22720,Pikachu3,Pikachu,,00:22:17.01,00:22:24.13,01:19:54.05,28,3,0,22,24,13,THUNDERBOLT,MEGA PUNCH,SEISMIC TOSS,THUNDERSHOCK,6,8,18,12,0,0,0,0,71,71,49,35,46,46,69,5383,5977,6157,4854,4854,6456,15,15,15,15,0,0,0,0,0,0,0,55,35,46,46,69,289633,95692,180532,11240,2169,4,1,0,2577,2577,0,0,259,70,49,21,0,0,5941,4108,401,401,254,38,98,0,0,0,0,0,45,0,4,0,0,0,8,0,0,0,0,0,0,1,0,0,0,0,0,0,0,0,0,0,12,6,6,0,0,0,0,125,22595,0,0,0,0,13,20,0,1,1,6,0,3,3,Jolteon
11-08,13:34:47,NINTEN,Pikachu,Fisher,2,SS Anne,3,22:37.71,22:37,0h22m37s,3,0,3,28,1:20,8.777,THUNDERBOLT,MEGA PUNCH,SEISMIC TOSS,THUNDERSHOCK,4,2591,260,50,21,286,274,138,15,11687,Jolteon, ,Electric,Electric,23839,Pikachu3,Pikachu,,00:22:28.93,00:22:37.71,01:20:46.48,28,3,0,22,37,71,THUNDERBOLT,MEGA PUNCH,SEISMIC TOSS,THUNDERSHOCK,5,8,18,10,0,0,0,0,71,71,49,35,46,46,69,5483,6127,6347,5069,5069,6651,15,15,15,15,0,0,0,0,0,0,0,55,35,46,46,69,292796,96420,182967,11240,2169,4,1,0,2591,2591,0,0,260,71,50,21,0,0,6169,4229,401,401,257,38,98,0,0,0,0,0,46,0,4,0,0,0,8,0,0,0,0,0,0,1,0,0,0,0,0,0,0,0,0,0,12,6,6,0,0,0,0,128,23714,0,0,0,0,14,20,0,1,1,6,0,3,3,Jolteon
11-08,13:34:53,NINTEN,Pikachu,Sailor,7,SS Anne,1,22:44.14,22:44,0h22m44s,3,0,3,28,1:21,3.586,THUNDERBOLT,MEGA PUNCH,SEISMIC TOSS,THUNDERSHOCK,4,2593,260,51,21,287,275,138,15,12282,Jolteon, ,Electric,Electric,24215,Pikachu3,Pikachu,,00:22:40.55,00:22:44.14,01:21:11.30,28,3,0,22,44,14,THUNDERBOLT,MEGA PUNCH,SEISMIC TOSS,THUNDERSHOCK,4,8,18,10,0,0,0,0,71,71,49,35,46,46,69,5553,6207,6397,5104,5104,6686,15,15,15,15,0,0,0,0,0,0,0,55,35,46,46,69,294278,96663,184206,11240,2169,4,1,0,2593,2593,0,0,260,72,51,21,0,0,6241,4290,401,401,258,38,98,0,0,0,0,0,46,0,4,0,0,0,8,0,0,0,0,0,0,1,0,0,0,0,0,0,0,0,0,0,12,6,6,0,0,0,0,129,24090,0,0,0,0,14,20,0,1,1,6,0,3,3,Jolteon
11-08,13:35:06,NINTEN,Pikachu,Youngster,8,SS Anne,1,22:57.02,22:57,0h22m57s,3,0,3,29,1:22,4.417,THUNDERBOLT,MEGA PUNCH,SEISMIC TOSS,THUNDERSHOCK,4,2656,266,52,21,288,276,138,15,12882,Jolteon, ,Electric,Electric,24485,Pikachu3,Pikachu,,00:22:52.60,00:22:57.02,01:22:01.31,29,3,0,22,57,2,THUNDERBOLT,MEGA PUNCH,SEISMIC TOSS,THUNDERSHOCK,3,8,18,10,0,0,0,0,73,73,51,36,47,47,71,5599,6264,6437,5144,5144,6736,15,15,15,15,0,0,0,0,0,0,0,57,36,47,47,71,297279,98261,185609,11240,2169,4,1,0,2656,2656,0,0,266,73,52,21,0,0,6350,4343,401,401,259,38,98,0,0,0,0,0,47,0,4,0,0,0,8,0,0,0,0,0,0,1,0,0,0,0,0,0,0,0,0,0,12,6,6,0,0,0,0,130,24360,0,0,0,0,14,20,0,1,1,6,0,3,3,Jolteon
11-08,13:35:19,NINTEN,Pikachu,Lass,11,SS Anne,2,23:09.64,23:09,0h23m9s,3,0,3,29,1:22,7.561,MEGA PUNCH,THUNDERBOLT,SEISMIC TOSS,THUNDERSHOCK,4,2664,274,53,21,290,278,139,16,13197,Jolteon, ,Electric,Electric,24922,Pikachu3,Pikachu,,00:23:02.09,00:23:09.64,01:22:50.46,29,3,0,23,9,64,MEGA PUNCH,THUNDERBOLT,SEISMIC TOSS,THUNDERSHOCK,8,1,18,10,0,0,0,0,73,73,51,36,47,47,71,5694,6356,6529,5219,5219,6833,15,15,15,15,0,0,0,0,0,0,0,57,36,47,47,71,300234,99057,187768,11240,2169,4,1,0,2664,2664,0,0,274,74,53,21,0,0,6581,4438,401,401,261,39,98,0,0,0,0,0,47,0,4,0,0,0,8,0,0,0,0,0,0,1,0,0,0,0,0,0,0,0,0,0,12,6,6,0,0,0,0,132,24797,0,0,0,0,15,20,0,1,1,6,0,3,3,Jolteon
11-08,13:35:44,NINTEN,Pikachu,Fisher,1,SS Anne,3,23:35.25,23:35,0h23m35s,3,0,3,29,1:24,9.162,THUNDERBOLT,BODY SLAM,SEISMIC TOSS,THUNDERSHOCK,4,2705,278,54,21,293,281,139,15,13467,Jolteon, ,Electric,Electric,26110,Pikachu3,Pikachu,,00:23:26.08,00:23:35.25,01:24:30.43,29,3,0,23,35,25,THUNDERBOLT,BODY SLAM,SEISMIC TOSS,THUNDERSHOCK,8,15,18,10,0,0,0,0,73,73,51,36,47,47,71,5824,6530,6684,5419,5419,7029,15,15,15,15,0,0,0,0,0,0,0,57,36,47,47,71,306231,100396,190326,13340,2169,4,1,0,2705,2705,0,0,278,75,54,21,0,0,6933,4571,401,401,264,39,98,0,0,0,0,0,47,0,4,0,0,0,8,0,0,0,0,0,0,1,0,0,0,0,0,0,0,0,0,0,12,6,6,0,0,0,0,135,25985,0,0,0,0,15,20,0,1,1,7,0,3,3,Jolteon
11-08,13:35:56,NINTEN,Pikachu,Gentleman,3,SS Anne,2,23:47.58,23:47,0h23m47s,3,0,3,30,1:25,9.544,THUNDERBOLT,BODY SLAM,SEISMIC TOSS,THUNDERSHOCK,4,2707,278,55,21,297,285,141,15,14062,Jolteon, ,Electric,Electric,27012,Pikachu3,Pikachu,,00:23:38.03,00:23:47.58,01:25:18.43,30,3,0,23,47,58,THUNDERBOLT,BODY SLAM,SEISMIC TOSS,THUNDERSHOCK,8,11,18,10,0,0,0,0,65,75,53,38,49,49,74,5889,6595,6804,5569,5569,7174,15,15,15,15,0,0,0,0,0,0,0,59,38,49,49,74,309111,100655,192947,13340,2169,4,1,0,2707,2707,0,0,278,76,55,21,0,0,7070,4670,411,411,268,39,100,0,0,0,0,0,47,0,4,0,0,0,8,0,0,0,0,0,0,1,0,0,0,0,0,0,0,0,0,0,12,6,6,0,0,0,0,137,26887,0,0,0,0,15,20,0,1,1,7,0,3,3,Jolteon
11-08,13:36:08,NINTEN,Pikachu,Gentleman,5,SS Anne,2,23:59.42,23:59,0h23m59s,3,0,3,30,1:26,5.862,THUNDERBOLT,BODY SLAM,SEISMIC TOSS,THUNDERSHOCK,4,2724,281,56,21,299,287,141,16,15602,Jolteon, ,Electric,Electric,27896,Pikachu3,Pikachu,,00:23:53.56,00:23:59.42,01:26:04.37,30,3,0,23,59,42,THUNDERBOLT,BODY SLAM,SEISMIC TOSS,THUNDERSHOCK,6,11,18,10,0,0,0,0,65,75,53,38,49,49,74,5994,6750,6904,5684,5684,7324,15,15,15,15,0,0,0,0,0,0,0,59,38,49,49,74,311865,101623,194733,13340,2169,4,1,0,2724,2724,0,0,281,77,56,21,0,0,7203,4764,411,411,270,39,100,0,0,0,0,0,47,0,4,0,0,0,8,0,0,0,0,0,0,1,0,0,0,0,0,0,0,0,0,0,12,6,6,0,0,0,0,139,27771,0,0,0,0,16,20,0,1,1,7,0,3,3,Jolteon
11-08,13:36:29,NINTEN,Pikachu,Rival3-SS Anne,1,SS Anne,4,24:20.24,24:20,0h24m20s,3,0,3,30,1:27,13.683,THUNDERBOLT,BODY SLAM,SEISMIC TOSS,THUNDERSHOCK,4,2752,284,57,21,305,293,143,16,16792,Jolteon, ,Electric,Electric,29077,Pikachu3,Pikachu,Rival (SS Anne),00:24:06.56,00:24:20.24,01:27:26.05,30,3,0,24,20,24,THUNDERBOLT,BODY SLAM,SEISMIC TOSS,THUNDERSHOCK,6,11,14,8,0,0,0,0,45,75,53,38,49,49,74,6169,6996,7104,5835,5835,7561,15,15,15,15,0,-1,0,0,0,0,0,66,25,49,49,74,316753,102902,198342,13340,2169,4,1,0,2752,2752,0,0,284,78,57,21,0,0,7453,4952,431,431,276,39,102,0,0,0,0,0,47,0,5,0,0,0,8,0,0,0,0,0,0,1,0,0,0,0,0,0,0,0,0,0,12,6,6,0,0,0,0,143,28952,0,0,0,0,17,20,0,1,1,7,0,3,3,Jolteon
11-08,13:37:22,NINTEN,Pikachu,Surge,1,Vermilion City - Gym,1,25:13.56,25:13,0h25m13s,3,0,3,31,1:30,6.144,THUNDERBOLT,BODY SLAM,SEISMIC TOSS,THUNDERSHOCK,5,2931,304,58,21,307,295,143,16,18092,Jolteon, ,Electric,Electric,29809,Pikachu3,Pikachu,Lt. Surge,00:25:07.41,00:25:13.56,01:30:56.07,31,3,0,25,13,56,THUNDERBOLT,BODY SLAM,SEISMIC TOSS,THUNDERSHOCK,6,9,14,8,0,0,0,0,77,77,54,39,51,51,76,6229,7086,7159,5925,5925,7661,15,15,15,15,0,0,0,0,0,0,0,60,39,51,51,76,329355,109653,200327,17206,2169,5,1,0,2931,2931,0,0,304,79,58,21,0,0,7544,5028,431,431,278,39,102,0,0,0,0,0,48,0,5,0,0,0,9,0,0,0,0,0,0,1,0,0,0,0,0,0,0,0,0,0,13,7,6,0,0,0,0,144,29684,0,0,0,0,17,20,0,1,1,9,0,3,3,Jolteon
11-08,13:38:27,NINTEN,Pikachu,Wrapping Lass,5,Route 9,4,26:17.69,26:17,0h26m17s,3,0,3,31,1:35,10.215,THUNDERBOLT,BODY SLAM,SEISMIC TOSS,THUNDERSHOCK,5,3145,336,59,21,311,299,143,18,20864,Jolteon, ,Electric,Electric,31057,Pikachu3,Pikachu,RTG1 - Wrapping Lass,00:26:07.47,00:26:17.69,01:35:06.49,31,3,0,26,17,69,THUNDERBOLT,BODY SLAM,SEISMIC TOSS,THUNDERSHOCK,15,11,20,30,0,0,0,0,77,77,54,39,51,51,76,6419,7336,7339,6215,6215,7801,15,15,15,15,0,0,0,0,0,0,0,60,43,51,51,76,344397,119055,203294,19879,2169,5,1,0,3145,3093,52,0,336,80,59,21,0,0,7773,5218,431,431,282,39,102,0,0,0,0,0,48,0,5,0,0,0,9,0,0,0,0,0,0,1,0,0,0,0,0,0,0,0,0,0,13,7,6,0,0,0,0,148,30932,0,0,0,0,17,20,0,1,1,9,0,3,3,Jolteon
11-08,13:38:41,NINTEN,Pikachu,Bug Catcher,14,Route 9,3,26:32.54,26:32,0h26m32s,3,0,3,31,1:36,10.057,THUNDERBOLT,BODY SLAM,SEISMIC TOSS,THUNDERSHOCK,5,3184,339,60,21,315,303,144,18,21224,Jolteon, ,Electric,Electric,31826,Pikachu3,Pikachu,,00:26:22.49,00:26:32.54,01:36:04.49,31,3,0,26,32,54,THUNDERBOLT,BODY SLAM,SEISMIC TOSS,THUNDERSHOCK,14,11,20,27,0,0,0,0,73,77,54,39,51,51,76,6564,7456,7454,6295,6295,7941,15,15,15,15,0,0,0,0,0,0,0,60,43,51,51,76,347877,119698,206131,19879,2169,5,1,0,3184,3093,91,0,339,81,60,21,0,0,8097,5375,435,435,286,39,103,0,0,0,0,0,50,0,5,0,0,0,9,0,0,0,0,0,0,1,0,0,0,0,0,0,0,0,0,0,13,7,6,0,0,0,0,151,31701,0,0,0,0,17,20,0,1,1,9,0,3,3,Jolteon
11-08,13:39:05,NINTEN,Pikachu,Slowbone,7,Rock Tunnel - 1,2,26:55.92,26:55,0h26m55s,3,0,3,31,1:37,8.752,THUNDERBOLT,BODY SLAM,SEISMIC TOSS,THUNDERSHOCK,6,3292,354,61,21,318,306,145,18,21424,Jolteon, ,Electric,Electric,32740,Pikachu3,Pikachu,,00:26:47.16,00:26:55.92,01:37:36.35,31,3,0,26,55,92,THUNDERBOLT,BODY SLAM,SEISMIC TOSS,THUNDERSHOCK,13,11,18,27,0,0,0,0,10,77,54,39,51,51,76,6704,7571,7614,6375,6375,7991,15,15,15,15,0,0,0,0,0,0,0,60,43,51,51,76,353383,121344,208570,21300,2169,6,1,0,3292,3093,199,0,354,82,61,21,0,0,8299,5512,498,498,289,39,104,0,0,0,0,0,50,0,6,0,0,0,9,0,0,0,0,0,0,1,0,0,0,0,0,0,0,0,0,0,13,7,6,0,0,0,0,153,32615,0,0,0,0,17,20,0,1,1,9,0,3,3,Jolteon
11-08,13:39:18,NINTEN,Pikachu,Pokemaniac,5,Rock Tunnel,1,27:09.36,27:09,0h27m9s,3,0,3,32,1:38,4.421,THUNDERBOLT,BODY SLAM,SEISMIC TOSS,THUNDERSHOCK,6,3333,355,62,21,319,307,145,18,22574,Jolteon, ,Electric,Electric,33269,Pikachu3,Pikachu,,00:27:04.95,00:27:09.36,01:38:28.54,32,3,0,27,9,36,THUNDERBOLT,BODY SLAM,SEISMIC TOSS,THUNDERSHOCK,12,11,18,27,0,0,0,0,63,80,56,40,53,53,79,6794,7636,7679,6415,6415,8006,15,15,15,15,0,0,0,0,0,0,0,63,45,53,53,79,356522,122033,209964,22356,2169,6,1,0,3333,3093,240,0,355,83,62,21,0,0,8437,5596,498,498,290,39,104,0,0,0,0,0,50,0,6,0,0,0,9,0,0,0,0,0,0,1,0,0,0,0,0,0,0,0,0,0,13,7,6,0,0,0,0,154,33144,0,0,0,0,17,20,0,1,1,9,0,3,3,Jolteon
11-08,13:39:37,NINTEN,Pikachu,Status-Condition-Jr-Trainer,10,Rock Tunnel,2,27:28.50,27:28,0h27m28s,3,0,3,32,1:39,15.844,THUNDERBOLT,BODY SLAM,SEISMIC TOSS,THUNDERSHOCK,6,3345,362,63,21,328,311,152,18,23824,Jolteon, ,Electric,Electric,33937,Pikachu3,Pikachu,RTG4 - Status Jr Trainer,00:27:12.66,00:27:28.50,01:39:43.59,32,3,0,27,28,50,THUNDERBOLT,BODY SLAM,SEISMIC TOSS,THUNDERSHOCK,12,8,17,27,0,0,0,0,26,80,56,40,53,53,79,6884,7735,7783,6555,6555,8081,15,15,15,15,0,0,0,0,0,0,0,63,45,53,53,79,361027,122422,214080,22356,2169,6,1,0,3345,3093,252,0,362,84,63,21,0,0,8607,5720,535,535,294,39,111,0,0,0,0,0,50,0,6,0,0,0,9,0,0,0,0,0,0,1,0,0,0,0,0,0,0,0,0,0,13,7,10,0,0,0,0,156,33812,0,0,0,0,17,20,0,1,1,9,0,3,3,Jolteon
11-08,13:40:23,NINTEN,Pikachu,Selfdestructing Hiker,9,Rock Tunnel,3,28:13.95,28:13,0h28m13s,3,0,3,32,1:42,12.768,THUNDERBOLT,BODY SLAM,SEISMIC TOSS,REST,7,3463,374,64,22,335,318,155,17,24264,Jolteon, ,Electric,Electric,35540,Pikachu3,Pikachu,,00:28:01.18,00:28:13.95,01:42:42.06,32,3,0,28,13,95,THUNDERBOLT,BODY SLAM,SEISMIC TOSS,REST,11,8,11,10,0,0,0,0,54,80,56,40,53,53,79,7089,8070,8148,6695,6695,8191,15,15,15,15,0,0,0,0,0,0,0,63,45,53,53,79,371714,125506,218222,25817,2169,7,1,0,3463,3093,370,0,374,86,64,22,0,0,8911,5936,557,557,301,39,114,0,0,0,0,0,50,0,6,0,0,0,9,0,0,0,0,0,0,1,0,0,0,0,0,0,0,0,0,0,13,7,10,0,0,0,0,160,35415,0,0,0,0,17,20,0,1,1,10,0,3,3,Jolteon
11-08,13:40:39,NINTEN,Pikachu,Pokemaniac,3,Rock Tunnel,3,28:30.51,28:30,0h28m30s,3,0,3,33,1:43,13.118,THUNDERBOLT,BODY SLAM,SEISMIC TOSS,REST,7,3471,375,65,22,338,321,155,17,24999,Jolteon, ,Electric,Electric,36809,Pikachu3,Pikachu,,00:28:17.39,00:28:30.51,01:43:46.54,33,3,0,28,30,51,THUNDERBOLT,BODY SLAM,SEISMIC TOSS,REST,8,8,11,10,0,0,0,0,56,82,58,41,54,54,81,7359,8265,8343,6815,6815,8236,15,15,15,15,0,0,0,0,0,0,0,65,46,54,54,81,375602,125946,221670,25817,2169,7,1,0,3471,3093,378,0,375,87,65,22,0,0,9428,6143,557,557,304,39,114,0,0,0,0,0,50,0,6,0,0,0,9,0,0,0,0,0,0,1,0,0,0,0,0,0,0,0,0,0,13,7,10,0,0,0,0,163,36684,0,0,0,0,17,20,0,1,1,10,0,3,3,Jolteon
11-08,13:40:56,NINTEN,Pikachu,Finisher,18,Rock Tunnel - 1,3,28:47.02,28:47,0h28m47s,3,0,3,33,1:44,8.512,THUNDERBOLT,BODY SLAM,SEISMIC TOSS,REST,7,3518,385,66,22,341,324,155,16,25999,Jolteon, ,Electric,Electric,37672,Pikachu3,Pikachu,RTG6 - Finisher,00:28:38.51,00:28:47.02,01:44:51.23,33,3,0,28,47,2,THUNDERBOLT,BODY SLAM,SEISMIC TOSS,REST,6,7,11,10,0,0,0,0,56,82,58,41,54,54,81,7484,8405,8473,6965,6965,8412,15,15,15,15,0,0,0,0,0,0,0,65,46,54,54,81,379471,127144,224026,26132,2169,7,1,0,3518,3093,425,0,385,88,66,22,0,0,9772,6292,557,557,307,39,114,0,0,0,0,0,50,0,6,0,0,0,9,0,0,0,0,0,0,1,0,0,0,0,0,0,0,0,0,0,13,7,10,0,0,0,0,166,37547,0,0,0,0,17,20,0,1,1,10,0,3,3,Jolteon
11-08,13:41:13,NINTEN,Pikachu,Gambler,7,Route 8,2,29:04.35,29:04,0h29m4s,3,0,3,33,1:45,6.161,THUNDERBOLT,BODY SLAM,SEISMIC TOSS,REST,7,3607,399,67,22,343,326,155,16,26399,Jolteon, ,Electric,Electric,38464,Pikachu3,Pikachu,,00:28:58.18,00:29:04.35,01:45:59.07,33,3,0,29,4,35,THUNDERBOLT,BODY SLAM,SEISMIC TOSS,REST,5,6,11,10,0,0,0,0,56,82,58,41,54,54,81,7577,8516,8558,7080,7080,8537,15,15,15,15,0,0,0,0,0,0,0,65,46,54,54,81,383535,129320,225914,26132,2169,7,1,0,3607,3093,514,0,399,89,67,22,0,0,9932,6412,557,557,309,39,114,0,0,0,0,0,51,0,6,0,0,0,9,0,0,0,0,0,0,1,0,0,0,0,0,0,0,0,0,0,13,7,10,0,0,0,0,168,38339,0,0,0,0,18,20,0,1,1,10,0,3,3,Jolteon
11-08,13:41:27,NINTEN,Pikachu,Super Nerd,4,Route 8,3,29:18.45,29:18,0h29m18s,3,0,3,34,1:46,11.138,THUNDERBOLT,BODY SLAM,SEISMIC TOSS,REST,7,3618,399,68,22,347,330,156,16,28079,Jolteon,Poisoned,Electric,Electric,40049,Pikachu3,Pikachu,,00:29:07.31,00:29:18.45,01:46:54.07,34,3,0,29,18,45,THUNDERBOLT,BODY SLAM,SEISMIC TOSS,REST,2,5,11,10,0,0,0,0,59,85,60,43,56,56,84,7842,8781,8733,7225,7225,8637,15,15,15,15,0,0,0,0,0,0,0,67,48,56,56,84,386835,129519,229015,26132,2169,7,1,0,3618,3093,525,0,399,90,68,22,0,0,10248,6633,557,557,313,39,115,0,0,0,0,0,52,0,6,0,0,0,9,0,0,0,0,0,0,2,0,0,0,0,0,0,0,0,0,0,13,7,10,0,0,0,0,171,39924,0,0,0,0,18,20,0,1,1,10,0,3,3,Jolteon
11-08,13:41:46,NINTEN,Pikachu,Gambler,5,Route 8,3,29:36.82,29:36,0h29m36s,3,0,3,34,1:48,8.8,THUNDERBOLT,BODY SLAM,SEISMIC TOSS,REST,7,3656,404,69,22,350,333,156,15,28629,Jolteon, ,Electric,Electric,41391,Pikachu3,Pikachu,,00:29:28.02,00:29:36.82,01:48:05.52,34,3,0,29,36,82,THUNDERBOLT,BODY SLAM,SEISMIC TOSS,REST,0,4,11,10,0,0,0,0,85,85,60,43,56,56,84,7987,8946,8878,7355,7355,8907,15,15,15,15,0,0,0,0,0,0,0,67,48,56,56,84,391140,130498,231548,26925,2169,7,1,0,3656,3093,563,0,404,91,69,22,0,0,10638,6803,557,557,316,39,115,0,0,0,0,0,52,0,6,0,0,0,9,0,0,0,0,0,0,2,0,0,0,0,0,0,0,0,0,0,13,7,10,0,0,0,0,174,41266,0,0,0,0,18,20,0,1,1,10,0,3,3,Jolteon
11-08,13:42:33,NINTEN,Pikachu,Rocket,7,Celadon City - Game Corner,2,30:24.09,30:24,0h30m24s,3,0,3,34,1:51,6.192,THUNDERBOLT,BODY SLAM,SEISMIC TOSS,REST,7,3861,438,70,22,352,335,156,13,30169,Jolteon, ,Electric,Electric,42118,Pikachu3,Pikachu,,00:30:17.90,00:30:24.09,01:51:10.49,34,3,0,30,24,9,THUNDERBOLT,BODY SLAM,SEISMIC TOSS,REST,13,15,20,10,0,0,0,0,85,85,60,43,56,56,84,8082,9072,8973,7445,7445,9059,15,15,15,15,0,0,0,0,0,0,0,67,48,56,56,84,402237,139394,233467,27207,2169,7,1,0,3861,3291,570,0,438,92,70,22,0,0,11085,6907,557,557,318,39,115,0,0,0,0,0,53,0,6,0,0,0,9,0,0,0,0,0,0,2,0,0,0,0,0,0,0,0,0,0,13,7,10,0,0,0,0,176,41993,0,0,0,0,21,20,0,1,1,10,0,3,3,Jolteon
11-08,13:43:17,NINTEN,Pikachu,Rocket,13,Rocket Hideout 2,5,31:08.49,31:08,0h31m8s,3,0,3,35,1:54,14.259,THUNDERBOLT,BODY SLAM,SEISMIC TOSS,REST,7,4023,455,71,22,357,340,157,14,30769,Jolteon, ,Electric,Electric,43672,Pikachu3,Pikachu,,00:30:54.23,00:31:08.49,01:54:05.48,35,3,0,31,8,49,THUNDERBOLT,BODY SLAM,SEISMIC TOSS,REST,8,15,20,10,0,0,0,0,79,87,62,44,58,58,86,8337,9388,9248,7675,7675,9326,15,15,15,15,0,0,0,0,0,0,0,69,49,58,58,86,412736,146079,237281,27207,2169,7,1,0,4023,3453,570,0,455,93,71,22,0,0,12077,7140,565,565,323,39,116,0,0,0,0,0,55,0,6,0,0,0,9,0,0,0,0,0,0,2,0,0,0,0,0,0,0,0,0,0,13,7,10,0,0,0,0,181,43547,0,0,0,0,24,20,0,1,1,10,0,3,3,Jolteon
11-08,13:43:28,NINTEN,Pikachu,Rocket,15,Rocket Hideout 3,2,31:19.22,31:19,0h31m19s,3,0,3,35,1:54,5.786,THUNDERBOLT,BODY SLAM,SEISMIC TOSS,REST,7,4037,456,72,22,359,342,157,14,31279,Jolteon, ,Electric,Electric,44464,Pikachu3,Pikachu,,00:31:13.43,00:31:19.22,01:54:47.23,35,3,0,31,19,22,THUNDERBOLT,BODY SLAM,SEISMIC TOSS,REST,6,15,20,10,0,0,0,0,79,87,62,44,58,58,86,8477,9548,9348,7745,7745,9396,15,15,15,15,0,0,0,0,0,0,0,69,49,58,58,86,415231,146757,239098,27207,2169,7,1,0,4037,3467,570,0,456,94,72,22,0,0,12284,7266,565,565,325,39,116,0,0,0,0,0,55,0,6,0,0,0,9,0,0,0,0,0,0,2,0,0,0,0,0,0,0,0,0,0,13,7,10,0,0,0,0,183,44339,0,0,0,0,24,20,0,1,1,10,0,3,3,Jolteon
11-08,13:45:30,NINTEN,Pikachu,Rival4-Pkmn Tower,2,Pokemon Tower - 2F,5,33:20.75,33:20,0h33m20s,3,0,3,36,2:02,17.59,THUNDERBOLT,BODY SLAM,SEISMIC TOSS,REST,7,4471,489,73,22,367,350,160,15,5109,Jolteon, ,Electric,Electric,46994,Pikachu3,Pikachu,Rival (Pokemon Tower),00:33:03.17,00:33:20.75,02:02:46.22,36,3,0,33,20,75,THUNDERBOLT,BODY SLAM,SEISMIC TOSS,REST,13,10,19,10,0,0,0,0,89,90,68,46,59,59,89,8715,22674,9688,8011,8011,9696,15,15,15,15,0,0,0,0,0,-1,0,76,51,59,59,89,443970,167499,243631,30671,2169,7,1,0,4471,3901,570,0,489,95,73,22,0,0,12849,7558,565,565,332,42,117,0,0,0,0,0,55,0,6,0,0,0,9,0,0,0,0,0,0,2,0,0,0,0,0,0,0,0,0,0,13,7,10,0,0,0,0,188,46869,0,0,0,0,29,40,10,1,1,11,0,3,3,Jolteon
11-08,13:50:01,NINTEN,Pikachu,Agatha Jr,10,Pokemon Tower - 4F,2,33:50.66,33:50,0h33m50s,3,0,3,36,2:04,11.12,THUNDERBOLT,BODY SLAM,SEISMIC TOSS,REST,8,4519,493,74,22,372,354,163,15,6734,Jolteon, ,Electric,Electric,47930,Pikachu3,Pikachu,,00:33:39.53,00:33:50.66,02:04:54.44,36,3,0,33,50,66,THUNDERBOLT,BODY SLAM,SEISMIC TOSS,REST,9,10,19,10,0,0,0,0,58,90,68,46,59,59,89,8775,22744,9748,8211,8211,9856,15,15,15,15,0,0,0,0,0,0,0,76,51,59,59,89,451672,170525,246679,32299,2169,8,1,0,4519,3949,570,0,493,96,74,22,0,0,12991,7658,596,596,335,43,120,0,0,0,0,0,55,0,6,0,0,1,10,0,0,0,0,0,0,2,0,0,0,0,2,1,0,0,0,0,14,7,10,0,0,0,0,190,47805,0,0,0,0,29,40,10,1,1,11,0,3,3,Jolteon
11-08,13:50:33,NINTEN,Pikachu,Channeler,21,Pokemon Tower - 6F,1,34:23.05,34:23,0h34m23s,3,0,3,36,2:07,9.681,THUNDERBOLT,BODY SLAM,SEISMIC TOSS,REST,8,4609,526,75,22,377,356,167,15,7424,Jolteon, ,Electric,Electric,48417,Pikachu3,Pikachu,,00:34:13.37,00:34:23.05,02:07:02.28,36,3,0,34,23,5,THUNDERBOLT,BODY SLAM,SEISMIC TOSS,REST,13,15,20,10,0,0,0,0,28,91,68,46,59,59,89,11365,22779,9778,8311,8311,9936,15,15,15,15,0,0,0,0,0,0,0,76,51,59,59,89,459336,174902,249341,32924,2169,8,1,0,4609,4039,570,0,526,97,75,22,0,0,13087,7710,659,659,337,46,124,0,0,0,0,0,55,0,6,0,0,2,10,0,0,0,0,0,0,2,0,0,0,0,5,4,0,0,0,0,14,7,10,0,0,0,0,191,48292,0,0,0,0,32,40,10,1,1,11,0,3,3,Jolteon
11-08,13:50:47,NINTEN,Pikachu,Channeler,20,Pokemon Tower - 6F,1,34:36.92,34:36,0h34m36s,3,0,3,36,2:07,5.325,THUNDERBOLT,BODY SLAM,SEISMIC TOSS,REST,9,4618,528,76,22,379,358,168,14,8144,Jolteon, ,Electric,Electric,48904,Pikachu3,Pikachu,,00:34:31.59,00:34:36.92,02:07:56.35,36,3,0,34,36,92,THUNDERBOLT,BODY SLAM,SEISMIC TOSS,REST,11,15,20,10,0,0,0,0,78,91,68,46,59,59,89,11395,22814,9808,8411,8411,10016,15,15,15,15,0,0,0,0,0,0,0,76,51,59,59,89,462583,175258,250968,34188,2169,9,1,0,4618,4048,570,0,528,98,76,22,0,0,13174,7762,659,659,339,46,125,0,0,0,0,0,55,0,6,0,0,3,10,0,0,0,0,0,0,2,0,0,0,0,6,4,0,0,0,0,14,7,10,0,0,0,0,192,48779,0,0,0,0,32,40,10,1,1,11,0,3,3,Jolteon
11-08,13:51:10,NINTEN,Pikachu,Rocket,44,Pokemon Tower - 7F,3,34:59.30,34:59,0h34m59s,3,0,3,37,2:09,10.318,THUNDERBOLT,BODY SLAM,SEISMIC TOSS,REST,9,4643,530,77,23,383,362,169,14,8864,Jolteon, ,Electric,Electric,51153,Pikachu3,Pikachu,,00:34:48.98,00:34:59.30,02:09:23.37,37,3,0,34,59,30,THUNDERBOLT,BODY SLAM,SEISMIC TOSS,REST,7,15,20,10,0,0,0,0,70,93,70,47,61,61,91,11560,23034,10032,8601,8601,10246,15,15,15,15,0,0,0,0,0,0,0,78,52,61,61,91,467805,176896,254552,34188,2169,9,1,0,4643,4073,570,0,530,100,77,23,0,0,13446,7973,669,669,343,46,126,0,0,0,0,0,56,0,6,0,0,3,10,0,0,0,0,0,0,2,0,0,0,0,6,4,0,0,0,0,14,7,10,0,0,0,0,195,51028,0,0,0,0,33,40,10,1,1,11,0,3,3,Jolteon
11-08,13:51:54,NINTEN,Pikachu,Biker,5,Route 16,2,35:44.07,35:44,0h35m44s,3,0,3,37,2:12,9.612,THUNDERBOLT,BODY SLAM,SEISMIC TOSS,REST,9,4748,534,78,24,387,366,171,15,9674,Jolteon, ,Electric,Electric,52419,Pikachu3,Pikachu,,00:35:34.46,00:35:44.07,02:12:18.54,37,3,0,35,44,7,THUNDERBOLT,BODY SLAM,SEISMIC TOSS,REST,13,14,19,10,0,0,0,0,73,93,70,47,61,61,91,11680,23179,10177,8701,8701,10306,15,15,15,15,0,0,0,0,0,0,0,78,52,61,61,91,478322,182309,258034,35810,2169,9,1,0,4748,4177,571,0,534,102,78,24,1,0,13658,8129,689,689,347,46,128,0,0,0,0,0,56,0,6,0,0,3,10,0,0,0,0,0,0,2,0,0,0,0,6,4,0,0,0,0,14,7,10,0,0,0,0,197,52294,0,0,0,0,33,40,10,1,1,11,0,3,3,Jolteon
11-08,13:52:05,NINTEN,Pikachu,Cue Ball,1,Route 16,3,35:54.93,35:54,0h35m54s,3,0,3,37,2:13,7.982,THUNDERBOLT,BODY SLAM,SEISMIC TOSS,REST,9,4752,534,79,24,390,369,171,15,10254,Jolteon, ,Electric,Electric,53919,Pikachu3,Pikachu,,00:35:46.95,00:35:54.93,02:13:01.00,37,3,0,35,54,93,THUNDERBOLT,BODY SLAM,SEISMIC TOSS,REST,10,14,19,10,0,0,0,0,73,93,70,47,61,61,91,11860,23419,10312,8806,8806,10446,15,15,15,15,0,0,0,0,0,0,0,78,52,61,61,91,480848,182499,260370,35810,2169,9,1,0,4752,4177,575,0,534,103,79,24,1,0,13932,8355,689,689,350,46,128,0,0,0,0,0,56,0,6,0,0,3,10,0,0,0,0,0,0,2,0,0,0,0,6,4,0,0,0,0,14,7,10,0,0,0,0,200,53794,0,0,0,0,33,40,10,1,1,11,0,3,3,Jolteon
11-08,13:52:15,NINTEN,Pikachu,Cue Ball,2,Route 16,2,36:04.58,36:04,0h36m4s,3,0,3,38,2:13,6.63,THUNDERBOLT,BODY SLAM,SEISMIC TOSS,REST,9,4758,534,80,24,392,371,171,15,10954,Jolteon, ,Electric,Electric,54924,Pikachu3,Pikachu,,00:35:57.95,00:36:04.58,02:13:38.22,38,3,0,36,4,58,THUNDERBOLT,BODY SLAM,SEISMIC TOSS,REST,8,14,19,10,0,0,0,0,76,96,72,48,63,63,94,11970,23579,10397,8876,8876,10551,15,15,15,15,0,0,0,0,0,0,0,81,54,63,63,94,483090,182725,262386,35810,2169,9,1,0,4758,4177,581,0,534,104,80,24,1,0,14107,8505,689,689,352,46,128,0,0,0,0,0,56,0,6,0,0,3,10,0,0,0,0,0,0,2,0,0,0,0,6,4,0,0,0,0,14,7,10,0,0,0,0,202,54799,0,0,0,0,33,40,10,1,1,11,0,3,3,Jolteon
11-08,13:52:24,NINTEN,Pikachu,Cue Ball,3,Route 16,1,36:13.12,36:13,0h36m13s,3,0,3,38,2:14,5.405,THUNDERBOLT,BODY SLAM,SEISMIC TOSS,REST,9,4762,544,81,24,394,373,172,15,11679,Jolteon, ,Electric,Electric,55545,Pikachu3,Pikachu,,00:36:07.71,00:36:13.12,02:14:11.26,38,3,0,36,13,12,THUNDERBOLT,BODY SLAM,SEISMIC TOSS,REST,7,13,19,10,0,0,0,0,76,96,72,48,63,63,94,12040,23659,10447,8911,8911,10586,15,15,15,15,0,0,0,0,0,0,0,81,54,63,63,94,485074,182970,264125,35810,2169,9,1,0,4762,4177,585,0,544,105,81,24,1,0,14280,8599,689,689,354,46,128,0,0,0,0,0,57,0,6,0,0,3,10,0,0,0,0,0,0,2,0,0,0,0,6,4,0,0,0,0,14,7,10,0,0,0,0,203,55420,0,0,0,0,33,40,10,1,1,11,0,3,3,Jolteon
11-08,13:52:32,NINTEN,Pikachu,Biker,6,Route 16,1,36:21.18,36:21,0h36m21s,3,0,3,38,2:14,5.321,THUNDERBOLT,BODY SLAM,SEISMIC TOSS,REST,9,4763,544,82,24,396,375,173,15,12504,Jolteon, ,Electric,Electric,56767,Pikachu3,Pikachu,,00:36:15.86,00:36:21.18,02:14:42.32,38,3,0,36,21,18,THUNDERBOLT,BODY SLAM,SEISMIC TOSS,REST,5,13,19,10,0,0,0,0,63,96,72,48,63,63,94,12105,23749,10567,8996,8996,10646,15,15,15,15,0,0,0,0,0,0,0,81,54,63,63,94,486940,183127,265834,35810,2169,9,1,0,4763,4177,586,0,544,106,82,24,1,0,14405,8690,702,702,356,46,129,0,0,0,0,0,58,0,6,0,0,3,10,0,0,0,0,0,0,2,0,0,0,0,6,4,0,0,0,0,14,7,10,0,0,0,0,204,56642,0,0,0,0,33,40,10,1,1,11,0,3,3,Jolteon
11-08,13:52:44,NINTEN,Pikachu,Biker,7,Route 16,4,36:33.97,36:33,0h36m33s,3,0,3,38,2:15,9.85,THUNDERBOLT,BODY SLAM,SEISMIC TOSS,REST,9,4768,544,83,24,400,379,173,15,13164,Jolteon, ,Electric,Electric,58771,Pikachu3,Pikachu,,00:36:24.12,00:36:33.97,02:15:32.12,38,3,0,36,33,97,THUNDERBOLT,BODY SLAM,SEISMIC TOSS,REST,1,13,19,10,0,0,0,0,63,96,72,48,63,63,94,12425,24069,10767,9156,9156,10746,15,15,15,15,0,0,0,0,0,0,0,81,54,63,63,94,489920,183341,268600,35810,2169,9,1,0,4768,4177,591,0,544,107,83,24,1,0,14796,9014,702,702,360,46,129,0,0,0,0,0,58,0,6,0,0,3,10,0,0,0,0,0,0,2,0,0,0,0,6,4,0,0,0,0,14,7,10,0,0,0,0,208,58646,0,0,0,0,33,40,10,1,1,11,0,3,3,Jolteon
11-08,13:53:03,NINTEN,Pikachu,Biker,8,Route 17,3,36:52.90,36:52,0h36m52s,3,0,3,39,2:16,12.044,THUNDERBOLT,BODY SLAM,SEISMIC TOSS,REST,9,4789,544,84,24,405,384,175,14,13684,Jolteon, ,Electric,Electric,61531,Pikachu3,Pikachu,,00:36:40.85,00:36:52.90,02:16:46.07,39,3,0,36,52,90,THUNDERBOLT,BODY SLAM,SEISMIC TOSS,REST,6,13,19,10,0,0,0,0,34,98,74,50,65,65,97,12595,24314,11102,9386,9386,10901,15,15,15,15,0,0,0,0,0,0,0,83,56,65,65,97,494355,183813,271898,36475,2169,9,1,0,4789,4177,612,0,544,108,84,24,1,0,15064,9234,733,733,365,46,131,0,0,0,0,0,58,0,7,0,0,3,10,0,0,0,0,0,0,2,0,0,0,0,6,4,0,0,0,0,14,7,10,0,0,0,0,211,61406,0,0,0,0,33,40,10,1,1,11,0,3,3,Jolteon
11-08,13:53:44,NINTEN,Pikachu,Cue Ball,5,Route 17,2,37:33.33,37:33,0h37m33s,3,0,3,39,2:19,7.411,THUNDERBOLT,BODY SLAM,SEISMIC TOSS,REST,9,4952,572,85,24,408,387,176,15,9344,Jolteon, ,Electric,Electric,62983,Pikachu3,Pikachu,,00:37:25.92,00:37:33.33,02:19:24.47,39,3,0,37,33,33,THUNDERBOLT,BODY SLAM,SEISMIC TOSS,REST,13,14,20,10,0,0,0,0,98,98,74,50,65,65,97,12745,24494,11222,9471,9471,10981,15,15,15,15,0,-1,0,0,0,0,0,93,37,65,65,97,503875,189630,274103,37973,2169,9,1,0,4952,4305,647,0,572,109,85,24,1,0,15295,9408,733,733,368,46,132,0,0,0,0,0,58,0,7,0,0,3,10,0,0,0,0,0,0,2,0,0,0,0,6,4,0,0,0,0,14,7,10,0,0,0,0,213,62858,0,0,0,0,33,47,10,1,1,11,0,3,3,Jolteon
11-08,13:54:07,NINTEN,Pikachu,Cue Ball,4,Route 17,2,37:56.36,37:56,0h37m56s,3,0,3,40,2:20,8.9,THUNDERBOLT,BODY SLAM,SEISMIC TOSS,REST,9,4972,581,86,26,411,390,177,15,10069,Jolteon, ,Electric,Electric,64367,Pikachu3,Pikachu,,00:37:47.45,00:37:56.36,02:20:53.38,40,3,0,37,56,36,THUNDERBOLT,BODY SLAM,SEISMIC TOSS,REST,11,13,20,10,0,0,0,0,67,101,76,51,66,66,99,12850,24679,11317,9566,9566,11146,15,15,15,15,0,0,0,0,0,0,0,85,57,66,66,99,509206,190699,278248,38090,2169,9,1,0,4972,4305,667,0,581,112,86,26,3,0,15507,9555,767,767,371,46,133,0,0,0,0,0,58,0,8,0,0,3,10,0,0,0,0,0,0,2,0,0,0,0,6,4,0,0,0,0,14,7,10,0,0,0,0,215,64242,0,0,0,0,34,47,10,1,1,11,0,3,3,Jolteon
11-08,13:54:18,NINTEN,Pikachu,Biker,10,Route 17,2,38:08.00,38:08,0h38m8s,3,0,3,40,2:21,7.843,THUNDERBOLT,BODY SLAM,SEISMIC TOSS,REST,9,4991,595,87,26,413,392,178,15,10794,Jolteon, ,Electric,Electric,65645,Pikachu3,Pikachu,,00:38:00.15,00:38:08.00,02:21:38.53,40,3,0,38,8,0,THUNDERBOLT,BODY SLAM,SEISMIC TOSS,REST,11,11,20,10,0,0,0,0,37,101,76,51,66,66,99,12930,24739,11417,9676,9676,11346,15,15,15,15,0,0,0,0,0,0,0,85,57,66,66,99,511921,191103,280559,38090,2169,9,1,0,4991,4305,686,0,595,113,87,26,3,0,15685,9685,797,797,373,46,134,0,0,0,0,0,59,0,8,0,0,3,10,0,0,0,0,0,0,2,0,0,0,0,6,4,0,0,0,0,14,7,10,0,0,0,0,217,65520,0,0,0,0,34,47,10,1,1,11,0,3,3,Jolteon
11-08,13:54:32,NINTEN,Pikachu,Cue Ball,6,Route 17,1,38:21.07,38:21,0h38m21s,3,0,3,40,2:22,5.87,THUNDERBOLT,BODY SLAM,SEISMIC TOSS,REST,9,5018,600,88,26,415,394,179,15,11374,Jolteon, ,Electric,Electric,66677,Pikachu3,Pikachu,,00:38:15.21,00:38:21.07,02:22:29.45,40,3,0,38,21,7,THUNDERBOLT,BODY SLAM,SEISMIC TOSS,REST,10,11,19,10,0,0,0,0,59,101,76,51,66,66,99,13010,24839,11487,9726,9726,11391,15,15,15,15,0,0,0,0,0,0,0,85,57,66,66,99,514973,191538,282399,38867,2169,9,1,0,5018,4305,713,0,600,114,88,26,3,0,15798,9786,825,825,375,46,135,0,0,0,0,0,59,0,8,0,0,3,10,0,0,0,0,0,0,2,0,0,0,0,6,4,0,0,0,0,14,7,10,0,0,0,0,218,66552,0,0,0,0,34,47,10,1,1,11,0,3,3,Jolteon
11-08,13:54:50,NINTEN,Pikachu,Cue Ball,8,Route 17,2,38:39.51,38:39,0h38m39s,3,0,3,40,2:23,9.999,THUNDERBOLT,BODY SLAM,SEISMIC TOSS,REST,9,5061,607,89,26,419,398,181,15,12199,Jolteon, ,Electric,Electric,68508,Pikachu3,Pikachu,,00:38:29.51,00:38:39.51,02:23:41.51,40,3,0,38,39,51,THUNDERBOLT,BODY SLAM,SEISMIC TOSS,REST,8,10,18,10,0,0,0,0,78,101,76,51,66,66,99,13155,25044,11617,9836,9836,11531,15,15,15,15,0,0,0,0,0,0,0,85,57,66,66,99,519299,192187,285214,39729,2169,9,1,0,5061,4305,756,0,607,115,89,26,3,0,16084,9957,848,848,379,46,137,0,0,0,0,0,60,0,8,0,0,3,10,0,0,0,0,0,0,2,0,0,0,0,6,4,0,0,0,0,14,7,10,0,0,0,0,220,68383,0,0,0,0,34,47,10,1,1,11,0,3,3,Jolteon
11-08,13:55:14,NINTEN,Pikachu,Biker,12,Route 17,5,39:03.13,39:03,0h39m3s,3,0,3,41,2:25,19.859,THUNDERBOLT,BODY SLAM,SEISMIC TOSS,REST,9,5089,608,90,26,426,405,183,15,12924,Jolteon, ,Electric,Electric,72188,Pikachu3,Pikachu,,00:38:43.27,00:39:03.13,02:25:14.33,41,3,0,39,3,13,THUNDERBOLT,BODY SLAM,SEISMIC TOSS,REST,3,8,18,10,0,0,0,0,58,103,78,52,68,68,102,13405,25419,12142,10186,10186,11756,15,15,15,15,0,0,0,0,0,0,0,87,58,68,68,102,524861,192593,290370,39729,2169,9,1,0,5089,4305,784,0,608,116,90,26,3,0,16548,10276,870,870,386,47,138,0,0,0,0,0,61,0,8,0,0,3,10,0,0,0,0,0,0,2,0,0,0,0,6,4,0,0,0,0,14,7,10,0,0,0,0,225,72063,0,0,0,0,34,47,10,1,1,11,0,3,3,Jolteon
11-08,13:55:30,NINTEN,Pikachu,Biker,11,Route 17,2,39:19.20,39:19,0h39m19s,3,0,3,42,2:26,9.992,THUNDERBOLT,BODY SLAM,SEISMIC TOSS,REST,9,5122,610,91,26,430,409,185,16,13424,Jolteon, ,Electric,Electric,74237,Pikachu3,Pikachu,,00:39:09.21,00:39:19.20,02:26:17.25,42,3,0,39,19,20,THUNDERBOLT,BODY SLAM,SEISMIC TOSS,REST,0,7,18,10,0,0,0,0,61,106,80,54,70,70,104,13575,25614,12337,10336,10336,11866,15,15,15,15,0,0,0,0,0,0,0,90,60,70,70,104,528633,193546,293189,39729,2169,9,1,0,5122,4305,817,0,610,117,91,26,3,0,16775,10461,870,870,390,48,139,0,0,0,0,0,61,0,8,0,0,3,10,0,0,0,0,0,0,2,0,0,0,0,6,4,0,0,0,0,14,7,10,0,0,0,0,227,74112,0,0,0,0,35,47,10,1,1,11,0,3,3,Jolteon
11-08,13:55:58,NINTEN,Pikachu,Cue Ball,7,Route 17,4,39:47.77,39:47,0h39m47s,3,0,3,42,2:28,10.335,THUNDERBOLT,BODY SLAM,SEISMIC TOSS,REST,9,5161,612,92,26,434,413,185,14,14004,Jolteon, ,Electric,Electric,76361,Pikachu3,Pikachu,,00:39:37.44,00:39:47.77,02:28:09.26,42,3,0,39,47,77,THUNDERBOLT,BODY SLAM,SEISMIC TOSS,REST,17,15,20,10,2,0,0,0,61,106,80,54,70,70,104,13805,25954,12527,10491,10491,12086,15,15,15,15,0,0,0,0,0,0,0,90,60,70,70,104,535354,194423,296069,42693,2169,9,1,0,5161,4305,856,0,612,118,92,26,3,0,17250,10738,870,870,394,48,139,0,0,0,0,0,61,0,8,0,0,3,10,0,0,0,0,0,0,2,0,0,0,0,6,4,0,0,0,0,14,7,10,0,0,0,0,231,76236,0,0,0,0,35,47,10,1,1,11,0,3,3,Jolteon
11-08,13:56:08,NINTEN,Pikachu,Biker,9,Route 17,1,39:58.04,39:58,0h39m58s,3,0,3,42,2:28,5.006,THUNDERBOLT,BODY SLAM,SEISMIC TOSS,REST,9,5200,613,93,26,436,415,186,14,14654,Jolteon,Poisoned,Electric,Electric,77471,Pikachu3,Pikachu,,00:39:53.04,00:39:58.04,02:28:49.20,42,3,0,39,58,4,THUNDERBOLT,BODY SLAM,SEISMIC TOSS,REST,15,15,20,10,2,0,0,0,61,106,80,54,70,70,104,13910,26059,12602,10556,10556,12136,15,15,15,15,0,0,0,0,0,0,0,90,60,70,70,104,537748,195179,297707,42693,2169,9,1,0,5200,4305,895,0,613,119,93,26,3,0,17380,10855,870,870,396,48,140,0,0,0,0,0,61,0,8,0,0,3,10,0,0,0,0,0,0,3,0,0,0,0,6,4,0,0,0,0,14,7,10,0,0,0,0,232,77346,0,0,0,0,35,47,10,1,1,11,0,3,3,Jolteon
11-08,13:56:34,NINTEN,Pikachu,Bird Keeper,10,Route 18,4,40:23.64,40:23,0h40m23s,3,0,3,42,2:30,11.05,THUNDERBOLT,BODY SLAM,SEISMIC TOSS,REST,9,5370,624,94,26,440,419,186,14,15314,Jolteon, ,Electric,Electric,79338,Pikachu3,Pikachu,,00:40:12.59,00:40:23.64,02:30:29.31,42,3,0,40,23,64,THUNDERBOLT,BODY SLAM,SEISMIC TOSS,REST,11,15,20,10,2,0,0,0,60,106,80,54,70,70,104,14095,26329,12757,10710,10710,12446,15,15,15,15,0,0,0,0,0,0,0,90,60,70,70,104,543759,197444,300757,43389,2169,9,1,0,5370,4322,1048,0,624,120,94,26,3,0,18319,11108,870,870,400,48,140,0,0,0,0,0,61,0,8,0,0,3,10,0,0,0,0,0,0,3,0,0,0,0,6,4,0,0,0,0,14,7,10,0,0,0,0,236,79213,0,0,0,0,35,47,10,1,1,11,0,3,3,Jolteon
11-08,13:56:45,NINTEN,Pikachu,Bird Keeper,8,Route 18,2,40:34.35,40:34,0h40m34s,3,0,3,43,2:31,7.08,THUNDERBOLT,BODY SLAM,SEISMIC TOSS,REST,9,5374,624,95,26,442,421,186,14,15964,Jolteon, ,Electric,Electric,80704,Pikachu3,Pikachu,,00:40:27.27,00:40:34.35,02:31:11.06,43,3,0,40,34,35,THUNDERBOLT,BODY SLAM,SEISMIC TOSS,REST,9,15,20,10,2,0,0,0,62,108,82,55,72,72,107,14200,26479,12852,10802,10802,12616,15,15,15,15,0,0,0,0,0,0,0,92,61,72,72,107,546254,197810,302886,43389,2169,9,1,0,5374,4326,1048,0,624,121,95,26,3,0,18740,11255,870,870,402,48,140,0,0,0,0,0,61,0,8,0,0,3,10,0,0,0,0,0,0,3,0,0,0,0,6,4,0,0,0,0,14,7,10,0,0,0,0,238,80579,0,0,0,0,35,47,10,1,1,11,0,3,3,Jolteon
11-08,13:56:56,NINTEN,Pikachu,Bird Keeper,9,Route 18,1,40:45.30,40:45,0h40m45s,3,0,3,43,2:31,4.015,THUNDERBOLT,BODY SLAM,SEISMIC TOSS,REST,9,5378,631,96,27,444,423,186,14,16689,Jolteon, ,Electric,Electric,82041,Pikachu3,Pikachu,,00:40:41.29,00:40:45.30,02:31:52.52,43,3,0,40,45,30,THUNDERBOLT,BODY SLAM,SEISMIC TOSS,REST,7,15,20,10,2,0,0,0,62,108,82,55,72,72,107,14290,26645,12957,10887,10887,12788,15,15,15,15,0,0,0,0,0,0,0,92,61,72,72,107,548760,198067,305135,43389,2169,9,1,0,5378,4330,1048,0,631,123,96,27,3,0,19155,11397,870,870,404,48,140,0,0,0,0,0,62,0,8,0,0,3,10,0,0,0,0,0,0,3,0,0,0,0,6,4,0,0,0,0,14,7,10,0,0,0,0,240,81916,0,0,0,0,35,47,10,1,1,11,0,3,3,Jolteon
11-08,13:58:28,NINTEN,Pikachu,Rocket,40,Silph Co - 11F,5,42:17.95,42:17,0h42m17s,3,0,3,43,2:37,12.465,THUNDERBOLT,BODY SLAM,SEISMIC TOSS,REST,9,5917,667,97,27,449,428,186,17,17039,Jolteon, ,Electric,Electric,83572,Pikachu3,Pikachu,,00:42:05.49,00:42:17.95,02:37:57.41,43,3,0,42,17,95,THUNDERBOLT,BODY SLAM,SEISMIC TOSS,REST,21,10,20,10,2,0,0,0,108,108,82,55,72,72,108,14455,26918,13141,11042,11042,15674,15,15,15,15,0,0,0,0,0,0,0,92,61,72,72,108,570649,212030,308537,47913,2169,9,1,0,5917,4550,1367,0,667,124,97,27,3,0,19749,11674,870,870,409,48,140,0,0,0,0,0,63,0,8,0,0,3,10,0,0,0,0,0,0,3,0,0,0,0,6,4,0,0,0,0,14,7,10,0,0,0,0,245,83447,0,0,0,0,39,47,10,1,1,12,0,3,3,Jolteon
11-08,13:58:39,NINTEN,Pikachu,Scientist,11,Silph Co - 10F,2,42:28.76,42:28,0h42m28s,3,0,3,43,2:38,6.454,THUNDERBOLT,BODY SLAM,SEISMIC TOSS,REST,9,5932,669,98,27,451,430,186,17,17789,Jolteon, ,Electric,Electric,84832,Pikachu3,Pikachu,,00:42:22.31,00:42:28.76,02:38:39.30,43,3,0,42,28,76,THUNDERBOLT,BODY SLAM,SEISMIC TOSS,REST,20,9,20,10,2,0,0,0,108,108,82,55,72,72,108,14520,27018,13306,11197,11197,15754,15,15,15,15,0,0,0,0,0,0,0,92,61,72,72,108,573158,212563,310513,47913,2169,9,1,0,5932,4565,1367,0,669,125,98,27,3,0,19889,11798,870,870,411,48,140,0,0,0,0,0,63,0,8,0,0,3,10,0,0,0,0,0,0,3,0,0,0,0,6,4,0,0,0,0,14,7,10,0,0,0,0,247,84707,0,0,0,0,39,47,10,1,1,12,0,3,3,Jolteon
11-08,13:58:50,NINTEN,Pikachu,Rocket,39,Silph Co - 10F,1,42:39.45,42:39,0h42m39s,3,0,3,44,2:39,6.579,THUNDERBOLT,BODY SLAM,SEISMIC TOSS,REST,9,5946,669,99,27,453,432,187,17,19239,Jolteon, ,Electric,Electric,85864,Pikachu3,Pikachu,,00:42:32.87,00:42:39.45,02:39:21.08,44,3,0,42,39,45,THUNDERBOLT,BODY SLAM,SEISMIC TOSS,REST,19,9,19,10,2,0,0,0,82,111,84,57,73,73,111,14600,27118,13376,11247,11247,15799,15,15,15,15,0,0,0,0,0,0,0,94,64,73,73,111,575656,213047,312527,47913,2169,9,1,0,5946,4579,1367,0,669,126,99,27,3,0,20013,11899,899,899,413,48,141,0,0,0,0,0,63,0,8,0,0,3,10,0,0,0,0,0,0,3,0,0,0,0,6,4,0,0,0,0,14,7,10,0,0,0,0,248,85739,0,0,0,0,39,47,10,1,1,12,0,3,3,Jolteon
11-08,13:59:10,NINTEN,Pikachu,Hypno Rocket,38,Silph Co - 9F,3,43:00.06,43:00,0h43m0s,3,0,3,44,2:40,10.753,THUNDERBOLT,BODY SLAM,SEISMIC TOSS,REST,9,6008,678,100,27,457,436,188,18,20229,Jolteon, ,Electric,Electric,88492,Pikachu3,Pikachu,,00:42:49.30,00:43:00.06,02:40:41.49,44,3,0,43,0,6,THUNDERBOLT,BODY SLAM,SEISMIC TOSS,REST,18,6,19,10,2,0,0,0,69,111,84,57,73,73,111,14820,27319,13561,11527,11527,15998,15,15,15,15,0,0,0,0,0,0,0,94,64,73,73,111,580497,214902,315513,47913,2169,9,1,0,6008,4641,1367,0,678,127,100,27,3,0,20342,12149,912,912,417,48,142,0,0,0,0,0,63,0,8,0,0,3,11,0,0,0,0,0,0,3,0,0,0,0,6,4,0,0,0,0,15,7,10,0,0,0,0,251,88367,0,0,0,0,41,47,10,1,1,12,0,3,3,Jolteon
11-08,13:59:26,NINTEN,Pikachu,Rocket,35,Silph Co - 8F,4,43:15.68,43:15,0h43m15s,3,0,3,44,2:41,11.374,THUNDERBOLT,BODY SLAM,SEISMIC TOSS,REST,9,6027,679,101,27,461,440,189,18,21069,Jolteon, ,Electric,Electric,90705,Pikachu3,Pikachu,,00:43:04.31,00:43:15.68,02:41:42.31,44,3,0,43,15,68,THUNDERBOLT,BODY SLAM,SEISMIC TOSS,REST,14,6,19,10,2,0,0,0,60,111,84,57,73,73,111,15020,27581,13761,11717,11717,16312,15,15,15,15,0,0,0,0,0,0,0,94,64,73,73,111,584139,215486,318571,47913,2169,9,1,0,6027,4660,1367,0,679,128,101,27,3,0,21152,12411,921,921,421,48,143,0,0,0,0,0,64,0,8,0,0,3,11,0,0,0,0,0,0,3,0,0,0,0,6,4,0,0,0,0,15,7,10,0,0,0,0,255,90580,0,0,0,0,41,47,10,1,1,12,0,3,3,Jolteon
11-08,13:59:42,NINTEN,Pikachu,Rocket,36,Silph Co - 8F,3,43:32.03,43:32,0h43m32s,3,0,3,45,2:42,10.629,THUNDERBOLT,BODY SLAM,SEISMIC TOSS,REST,9,6051,688,102,27,465,444,190,18,21849,Jolteon, ,Electric,Electric,93453,Pikachu3,Pikachu,,00:43:21.39,00:43:32.03,02:42:46.10,45,3,0,43,32,3,THUNDERBOLT,BODY SLAM,SEISMIC TOSS,REST,10,6,19,10,2,0,0,0,53,113,86,58,75,75,113,15200,27816,14046,11937,11937,16497,15,15,15,15,0,0,0,0,0,0,0,96,65,75,75,113,587958,216418,321458,47913,2169,9,1,0,6051,4684,1367,0,688,129,102,27,3,0,21538,12637,930,930,425,48,144,0,0,0,0,0,64,0,8,0,0,3,11,0,0,0,0,0,0,3,0,0,0,0,6,4,0,0,0,0,15,7,10,0,0,0,0,258,93328,0,0,0,0,41,47,10,1,1,12,0,3,3,Jolteon
11-08,13:59:58,NINTEN,Pikachu,Scientist,9,Silph Co - 8F,2,43:47.76,43:47,0h43m47s,3,0,3,45,2:43,7.537,THUNDERBOLT,BODY SLAM,SEISMIC TOSS,REST,9,6066,689,103,27,467,446,191,18,22689,Jolteon, ,Electric,Electric,94942,Pikachu3,Pikachu,,00:43:40.21,00:43:47.76,02:43:47.32,45,3,0,43,47,76,THUNDERBOLT,BODY SLAM,SEISMIC TOSS,REST,9,5,19,10,2,0,0,0,64,113,86,58,75,75,113,15340,27946,14166,12057,12057,16662,15,15,15,15,0,0,0,0,0,0,0,96,65,75,75,113,591640,216958,323598,48915,2169,9,1,0,6066,4699,1367,0,689,130,103,27,3,0,21716,12784,969,969,427,48,145,0,0,0,0,0,64,0,8,0,0,3,11,0,0,0,0,0,0,3,0,0,0,0,6,4,0,0,0,0,15,7,10,0,0,0,0,260,94817,0,0,0,0,41,47,10,1,1,12,0,3,3,Jolteon
11-08,14:00:20,NINTEN,Pikachu,Rocket,32,Silph Co - 7F,4,44:09.51,44:09,0h44m9s,3,0,3,46,2:45,12.257,THUNDERBOLT,BODY SLAM,SEISMIC TOSS,REST,9,6110,692,104,27,471,450,192,18,24139,Jolteon, ,Electric,Electric,97992,Pikachu3,Pikachu,,00:43:57.26,00:44:09.51,02:45:12.34,46,3,0,44,9,51,THUNDERBOLT,BODY SLAM,SEISMIC TOSS,REST,5,5,19,10,2,0,0,0,105,116,88,60,77,77,116,15570,28257,14460,12307,12307,16964,15,15,15,15,0,0,0,0,0,0,0,99,67,77,77,116,596742,218187,326857,49529,2169,9,1,0,6110,4743,1367,0,692,131,104,27,3,0,22193,13062,980,980,431,48,146,0,0,0,0,0,64,0,8,0,0,3,11,0,0,0,0,0,0,3,0,0,0,0,6,4,0,0,0,0,15,7,10,0,0,0,0,264,97867,0,0,0,0,41,47,10,1,1,12,0,3,3,Jolteon
11-08,14:00:35,NINTEN,Pikachu,Scientist,8,Silph Co - 7F,2,44:24.38,44:24,0h44m24s,3,0,3,46,2:46,9.579,THUNDERBOLT,BODY SLAM,SEISMIC TOSS,REST,9,6147,694,105,27,475,454,194,18,24919,Jolteon, ,Electric,Electric,99898,Pikachu3,Pikachu,,00:44:14.81,00:44:24.38,02:46:10.39,46,3,0,44,24,38,THUNDERBOLT,BODY SLAM,SEISMIC TOSS,REST,3,3,19,10,2,0,0,0,93,116,88,60,77,77,116,15735,28412,14605,12452,12452,17154,15,15,15,15,0,0,0,0,0,0,0,99,67,77,77,116,600227,219049,329480,49529,2169,9,1,0,6147,4780,1367,0,694,132,105,27,3,0,22488,13244,992,992,435,49,147,0,0,0,0,0,64,0,8,0,0,3,12,0,0,0,0,0,0,3,0,0,0,0,6,4,0,0,0,0,16,7,10,0,0,0,0,266,99773,0,0,0,0,41,47,10,1,1,12,0,3,3,Jolteon
11-08,14:00:57,NINTEN,Pikachu,Rocket,33,Silph Co - 7F,2,44:46.35,44:46,0h44m46s,3,0,3,46,2:47,9.862,THUNDERBOLT,BODY SLAM,SEISMIC TOSS,REST,9,6190,696,106,27,479,458,196,17,26369,Jolteon, ,Electric,Electric,100978,Pikachu3,Pikachu,,00:44:36.49,00:44:46.35,02:47:36.41,46,3,0,44,46,35,THUNDERBOLT,BODY SLAM,SEISMIC TOSS,REST,3,3,15,10,2,0,0,0,46,116,88,60,78,78,117,15835,28512,14795,15092,15092,19784,15,15,15,15,0,-1,0,0,0,0,0,111,43,78,78,117,605389,220366,332176,50678,2169,9,1,0,6190,4823,1367,0,696,133,106,27,3,0,22672,13388,1039,1039,439,49,149,0,0,0,0,0,64,0,8,0,0,3,12,0,0,0,0,0,0,3,0,0,0,0,6,4,0,0,0,0,16,7,10,0,0,0,0,268,100853,0,0,0,0,42,47,10,1,1,12,0,3,3,Jolteon
11-08,14:01:33,NINTEN,Pikachu,Rocket,24,Silph Co - 2F,5,45:22.53,45:22,0h45m22s,3,0,3,46,2:49,13.464,THUNDERBOLT,BODY SLAM,SEISMIC TOSS,REST,9,6271,699,107,27,484,463,196,17,27239,Jolteon, ,Electric,Electric,103378,Pikachu3,Pikachu,,00:45:09.07,00:45:22.53,02:49:58.20,46,3,0,45,22,53,THUNDERBOLT,BODY SLAM,SEISMIC TOSS,REST,19,12,20,10,2,0,0,0,116,116,88,60,78,78,117,16085,28808,15030,15337,15337,20136,15,15,15,15,0,0,0,0,0,0,0,99,67,78,78,117,613888,224229,335740,51750,2169,9,1,0,6271,4904,1367,0,699,134,107,27,3,0,23368,13707,1039,1039,444,49,149,0,0,0,0,0,64,0,8,0,0,3,12,0,0,0,0,0,0,3,0,0,0,0,6,4,0,0,0,0,16,7,10,0,0,0,0,273,103253,0,0,0,0,42,47,10,1,1,12,0,3,3,Jolteon
11-08,14:01:46,NINTEN,Pikachu,Rocket,23,Silph Co - 2F,2,45:36.02,45:36,0h45m36s,3,0,3,47,2:50,9.813,THUNDERBOLT,BODY SLAM,SEISMIC TOSS,REST,9,6285,699,108,27,487,466,197,17,27989,Jolteon, ,Electric,Electric,104252,Pikachu3,Pikachu,,00:45:26.21,00:45:36.02,02:50:50.55,47,3,0,45,36,2,THUNDERBOLT,BODY SLAM,SEISMIC TOSS,REST,18,12,18,10,2,0,0,0,88,119,90,61,80,80,120,16175,28903,15160,15417,15417,20226,15,15,15,15,0,0,0,0,0,0,0,101,68,80,80,120,617043,224706,338418,51750,2169,9,1,0,6285,4918,1367,0,699,135,108,27,3,0,23715,13845,1070,1070,447,49,150,0,0,0,0,0,64,0,8,0,0,3,12,0,0,0,0,0,0,3,0,0,0,0,6,4,0,0,0,0,16,7,10,0,0,0,0,275,104127,0,0,0,0,42,47,10,1,1,12,0,3,3,Jolteon
11-08,14:02:01,NINTEN,Pikachu,Scientist,3,Silph Co - 2F,3,45:50.76,45:50,0h45m50s,3,0,3,47,2:51,11.042,THUNDERBOLT,BODY SLAM,SEISMIC TOSS,REST,9,6299,699,109,27,491,470,198,17,28859,Jolteon, ,Electric,Electric,106370,Pikachu3,Pikachu,,00:45:39.72,00:45:50.76,02:51:48.21,47,3,0,45,50,76,THUNDERBOLT,BODY SLAM,SEISMIC TOSS,REST,18,9,17,10,2,0,0,0,74,119,90,61,80,80,120,16290,29028,15375,15687,15687,20441,15,15,15,15,0,0,0,0,0,0,0,101,68,80,80,120,620489,225187,341383,51750,2169,9,1,0,6299,4932,1367,0,699,136,109,27,3,0,23970,14035,1084,1084,451,49,151,0,0,0,0,0,64,0,9,0,0,3,12,0,0,0,0,0,0,3,0,0,0,0,6,4,0,0,0,0,16,7,10,0,0,0,0,278,106245,0,0,0,0,42,47,10,1,1,12,0,3,3,Jolteon
11-08,14:02:20,NINTEN,Pikachu,Rocket,25,Silph Co - 3F,3,46:10.01,46:10,0h46m10s,3,0,3,47,2:53,11.64,THUNDERBOLT,BODY SLAM,SEISMIC TOSS,REST,9,6333,711,110,27,495,474,200,17,30259,Jolteon, ,Electric,Electric,108752,Pikachu3,Pikachu,,00:45:58.37,00:46:10.01,02:53:03.39,47,3,0,46,10,1,THUNDERBOLT,BODY SLAM,SEISMIC TOSS,REST,17,6,17,10,2,0,0,0,61,119,90,61,80,80,120,16485,29263,15565,15902,15902,20702,15,15,15,15,0,0,0,0,0,0,0,101,68,80,80,120,625007,226590,344498,51750,2169,9,1,0,6333,4966,1367,0,711,137,110,27,3,0,24297,14271,1097,1097,455,49,153,0,0,0,0,0,64,0,9,0,0,3,12,0,0,0,0,0,0,3,0,0,0,0,6,4,0,0,0,0,16,7,10,0,0,0,0,281,108627,0,0,0,0,42,47,10,1,1,12,0,3,3,Jolteon
11-08,14:02:40,NINTEN,Pikachu,Rocket,27,Silph Co - 4F,3,46:29.27,46:29,0h46m29s,3,0,3,47,2:54,10.417,THUNDERBOLT,BODY SLAM,SEISMIC TOSS,REST,9,6351,714,111,27,499,478,201,17,31099,Jolteon, ,Electric,Electric,109970,Pikachu3,Pikachu,,00:46:18.85,00:46:29.27,02:54:18.46,47,3,0,46,29,27,THUNDERBOLT,BODY SLAM,SEISMIC TOSS,REST,15,5,16,10,2,0,0,0,100,119,90,61,80,80,120,16610,29418,15739,16022,16022,20847,15,15,15,15,0,0,0,0,0,0,0,101,68,80,80,120,629514,227504,347325,52516,2169,9,1,0,6351,4984,1367,0,714,138,111,27,3,0,24957,14467,1108,1108,459,49,154,0,0,0,0,0,65,0,9,0,0,3,12,0,0,0,0,0,0,3,0,0,0,0,6,4,0,0,0,0,16,7,10,0,0,0,0,284,109845,0,0,0,0,42,47,10,1,1,12,0,3,3,Jolteon
11-08,14:02:52,NINTEN,Pikachu,Rocket,26,Silph Co - 4F,2,46:42.06,46:42,0h46m42s,3,0,3,48,2:55,6.971,THUNDERBOLT,BODY SLAM,SEISMIC TOSS,REST,9,6385,724,112,27,501,480,201,17,31939,Jolteon, ,Electric,Electric,111149,Pikachu3,Pikachu,,00:46:35.08,00:46:42.06,02:55:08.34,48,3,0,46,42,6,THUNDERBOLT,BODY SLAM,SEISMIC TOSS,REST,14,4,16,10,2,0,0,0,102,121,92,63,82,82,123,16740,29546,15834,16147,16147,20924,15,15,15,15,0,0,0,0,0,0,0,103,70,82,82,123,632502,228478,349339,52516,2169,9,1,0,6385,5018,1367,0,724,139,112,27,3,0,25202,14629,1108,1108,461,49,154,0,0,0,0,0,65,0,9,0,0,3,12,0,0,0,0,0,0,3,0,0,0,0,6,4,0,0,0,0,16,7,10,0,0,0,0,286,111024,0,0,0,0,42,47,10,1,1,12,0,3,3,Jolteon
11-08,14:03:22,NINTEN,Pikachu,Scientist,6,Silph Co - 5F,4,47:11.31,47:11,0h47m11s,3,0,3,48,2:57,14.171,THUNDERBOLT,BODY SLAM,SEISMIC TOSS,REST,9,6481,736,113,27,506,485,202,17,32809,Jolteon, ,Electric,Electric,114138,Pikachu3,Pikachu,,00:46:57.15,00:47:11.31,02:57:03.23,48,3,0,47,11,31,THUNDERBOLT,BODY SLAM,SEISMIC TOSS,REST,12,2,15,10,2,0,0,0,96,121,92,63,82,82,123,16920,29796,16214,16507,16507,21134,15,15,15,15,0,0,0,0,0,0,0,103,70,82,82,123,639391,231659,353047,52516,2169,9,1,0,6481,5114,1367,0,736,140,113,27,3,0,25576,14881,1114,1114,466,49,155,0,0,0,0,0,65,0,9,0,0,3,13,0,0,0,0,0,0,3,0,0,0,0,6,4,0,0,0,0,17,7,10,0,0,0,0,290,114013,0,0,0,0,43,47,10,1,1,12,0,3,3,Jolteon
11-08,14:03:29,NINTEN,Pikachu,Rocket,28,Silph Co - 5F,1,47:18.15,47:18,0h47m18s,3,0,3,48,2:57,3.753,THUNDERBOLT,BODY SLAM,SEISMIC TOSS,REST,9,6492,736,114,27,507,486,202,17,34109,Jolteon, ,Electric,Electric,115177,Pikachu3,Pikachu,,00:47:14.40,00:47:18.15,02:57:29.37,48,3,0,47,18,15,THUNDERBOLT,BODY SLAM,SEISMIC TOSS,REST,11,2,15,10,2,0,0,0,96,121,92,63,82,82,123,16980,29881,16283,16572,16572,21214,15,15,15,15,0,0,0,0,0,0,0,103,70,82,82,123,640965,231972,354308,52516,2169,9,1,0,6492,5125,1367,0,736,141,114,27,3,0,25668,14968,1114,1114,467,49,155,0,0,0,0,0,65,0,9,0,0,3,13,0,0,0,0,0,0,3,0,0,0,0,6,4,0,0,0,0,17,7,10,0,0,0,0,291,115052,0,0,0,0,43,47,10,1,1,12,0,3,3,Jolteon
11-08,14:03:47,NINTEN,Pikachu,Scientist,10,Silph Co - 9F,3,47:36.93,47:36,0h47m36s,3,0,3,48,2:58,10.955,THUNDERBOLT,BODY SLAM,SEISMIC TOSS,REST,9,6526,742,115,27,511,490,202,18,35099,Jolteon, ,Electric,Electric,117445,Pikachu3,Pikachu,,00:47:25.97,00:47:36.93,02:58:42.37,48,3,0,47,36,93,THUNDERBOLT,BODY SLAM,SEISMIC TOSS,REST,10,0,14,10,2,0,0,0,96,121,92,63,82,82,123,17110,30036,16523,16807,16807,21419,15,15,15,15,0,0,0,0,0,0,0,103,70,82,82,123,645345,233319,357341,52516,2169,9,1,0,6526,5159,1367,0,742,142,115,27,3,0,25971,15166,1114,1114,471,49,155,0,0,0,0,0,65,0,9,0,0,3,14,0,0,0,0,0,0,3,0,0,0,0,6,4,0,0,0,0,18,8,10,0,0,0,0,294,117320,0,0,0,0,44,47,10,1,1,12,0,3,3,Jolteon
11-08,14:04:08,NINTEN,Pikachu,Scientist,4,Silph Co - 3F,2,47:57.57,47:57,0h47m57s,3,0,3,49,3:00,9.536,THUNDERBOLT,BODY SLAM,SEISMIC TOSS,REST,9,6584,751,116,27,513,492,203,19,36499,Jolteon, ,Electric,Electric,119450,Pikachu3,Pikachu,,00:47:48.03,00:47:57.57,03:00:03.07,49,3,0,47,57,57,THUNDERBOLT,BODY SLAM,SEISMIC TOSS,REST,9,0,13,10,2,0,0,0,66,124,94,64,84,84,125,17235,30176,16713,16972,16972,21619,15,15,15,15,0,0,0,0,0,0,0,105,72,84,84,125,650175,235521,359969,52516,2169,9,1,0,6584,5217,1367,0,751,143,116,27,3,0,26102,15295,1147,1147,473,49,156,0,0,0,0,0,65,0,9,0,0,3,14,0,0,0,0,0,0,3,0,0,0,0,6,4,0,0,0,0,18,8,10,0,0,0,0,296,119325,0,0,0,0,45,47,10,1,1,12,0,3,3,Jolteon
11-08,14:04:21,NINTEN,Pikachu,Rocket,37,Silph Co - 9F,3,48:10.44,48:10,0h48m10s,3,0,3,49,3:00,8.283,THUNDERBOLT,BODY SLAM,SEISMIC TOSS,REST,9,6598,759,117,27,516,495,203,19,37949,Jolteon, ,Electric,Electric,121130,Pikachu3,Pikachu,,00:48:02.16,00:48:10.44,03:00:53.05,49,3,0,48,10,44,THUNDERBOLT,BODY SLAM,SEISMIC TOSS,REST,6,0,13,10,2,0,0,0,66,124,94,64,84,84,125,17445,30384,16858,17137,17137,21721,15,15,15,15,0,0,0,0,0,0,0,105,72,84,84,125,653173,236099,362389,52516,2169,9,1,0,6598,5231,1367,0,759,144,117,27,3,0,26605,15539,1147,1147,476,49,156,0,0,0,0,0,66,0,9,0,0,3,14,0,0,0,0,0,0,3,0,0,0,0,6,4,0,0,0,0,18,8,10,0,0,0,0,299,121005,0,0,0,0,45,47,10,1,1,12,0,3,3,Jolteon
11-08,14:04:53,NINTEN,Pikachu,Lass,17,Celadon City - Gym,2,48:42.59,48:42,0h48m42s,3,0,3,49,3:02,6.256,THUNDERBOLT,BODY SLAM,SEISMIC TOSS,REST,9,6736,783,118,27,518,497,203,20,38789,Jolteon, ,Electric,Electric,122288,Pikachu3,Pikachu,,00:48:36.34,00:48:42.59,03:02:59.19,49,3,0,48,42,59,THUNDERBOLT,BODY SLAM,SEISMIC TOSS,REST,21,13,20,10,2,0,0,0,124,124,94,64,84,84,125,17560,30549,16943,17292,17292,21816,15,15,15,15,0,0,0,0,0,0,0,105,72,84,84,125,660747,240969,364305,53304,2169,9,1,0,6736,5369,1367,0,783,145,118,27,3,0,26860,15664,1147,1147,478,49,156,0,0,0,0,0,66,0,9,0,0,3,14,0,0,0,0,0,0,3,0,0,0,0,6,4,0,0,0,0,18,8,10,0,0,0,0,301,122163,0,0,0,0,46,47,10,1,1,12,0,3,3,Jolteon
11-08,14:05:06,NINTEN,Pikachu,Beauty,1,Celadon City - Gym,4,48:55.88,48:55,0h48m55s,3,0,3,49,3:03,10.304,THUNDERBOLT,BODY SLAM,SEISMIC TOSS,REST,9,6739,783,119,27,522,501,203,20,39134,Jolteon, ,Electric,Electric,123746,Pikachu3,Pikachu,,00:48:45.57,00:48:55.88,03:03:51.00,49,3,0,48,55,88,THUNDERBOLT,BODY SLAM,SEISMIC TOSS,REST,21,9,20,10,2,0,0,0,124,124,94,64,84,84,125,17750,30799,17123,17582,17582,21956,15,15,15,15,0,0,0,0,0,0,0,105,72,84,84,125,663848,241194,367181,53304,2169,9,1,0,6739,5372,1367,0,783,146,119,27,3,0,27377,15880,1147,1147,482,49,156,0,0,0,0,0,66,0,9,0,0,3,14,0,0,0,0,0,0,3,0,0,0,0,6,4,0,0,0,0,18,8,10,0,0,0,0,305,123621,0,0,0,0,46,47,10,1,1,12,0,3,3,Jolteon
11-08,14:05:24,NINTEN,Pikachu,Cooltrainer F,1,Celadon City - Gym,3,49:13.86,49:13,0h49m13s,3,0,3,50,3:05,12.546,THUNDERBOLT,BODY SLAM,SEISMIC TOSS,REST,9,6743,784,120,27,525,504,203,20,40604,Jolteon, ,Electric,Electric,125923,Pikachu3,Pikachu,,00:49:01.32,00:49:13.86,03:05:01.17,50,3,0,49,13,86,THUNDERBOLT,BODY SLAM,SEISMIC TOSS,REST,21,6,20,10,2,0,0,0,126,126,97,66,86,86,128,17935,31016,17306,17832,17832,22111,15,15,15,15,0,0,0,0,0,0,0,109,74,86,86,128,668065,241658,370593,53645,2169,9,1,0,6743,5376,1367,0,784,147,120,27,3,0,27742,16081,1147,1147,485,49,156,0,0,0,0,0,67,0,9,0,0,3,14,0,0,0,0,0,0,3,0,0,0,0,6,4,0,0,0,0,18,8,10,0,0,0,0,308,125798,0,0,0,0,46,47,10,1,1,12,0,3,3,Jolteon
11-08,14:05:34,NINTEN,Pikachu,Lass,18,Celadon City - Gym,2,49:23.17,49:23,0h49m23s,3,0,3,50,3:05,6.086,THUNDERBOLT,BODY SLAM,SEISMIC TOSS,REST,9,6745,787,121,27,527,506,203,20,41444,Jolteon, ,Electric,Electric,126956,Pikachu3,Pikachu,,00:49:17.08,00:49:23.17,03:05:37.18,50,3,0,49,23,17,THUNDERBOLT,BODY SLAM,SEISMIC TOSS,REST,21,4,20,10,2,0,0,0,126,126,97,66,86,86,128,18040,31131,17431,17992,17992,22181,15,15,15,15,0,0,0,0,0,0,0,109,74,86,86,128,670226,241933,372479,53645,2169,9,1,0,6745,5378,1367,0,787,148,121,27,3,0,27943,16202,1147,1147,487,49,156,0,0,0,0,0,67,0,9,0,0,3,14,0,0,0,0,0,0,3,0,0,0,0,6,4,0,0,0,0,18,8,10,0,0,0,0,310,126831,0,0,0,0,46,47,10,1,1,12,0,3,3,Jolteon
11-08,14:05:43,NINTEN,Pikachu,Beauty,3,Celadon City - Gym,1,49:32.10,49:32,0h49m32s,3,0,3,50,3:06,5.461,THUNDERBOLT,BODY SLAM,SEISMIC TOSS,REST,9,6750,790,122,27,529,508,204,20,41789,Jolteon, ,Electric,Electric,127502,Pikachu3,Pikachu,,00:49:26.64,00:49:32.10,03:06:11.55,50,3,0,49,32,10,THUNDERBOLT,BODY SLAM,SEISMIC TOSS,REST,21,4,18,10,2,0,0,0,126,126,97,66,86,86,128,18100,31171,17511,18052,18052,22221,15,15,15,15,0,0,0,0,0,0,0,109,74,86,86,128,672303,242286,374203,53645,2169,9,1,0,6750,5383,1367,0,790,149,122,27,3,0,28043,16273,1147,1147,489,50,156,0,0,0,0,0,67,0,9,0,0,3,14,0,0,0,0,0,0,3,0,0,0,0,6,4,0,0,0,0,18,8,10,0,0,0,0,311,127377,0,0,0,0,46,47,10,1,1,12,0,3,3,Jolteon
11-08,14:06:13,NINTEN,Pikachu,Erika,1,Celadon City - Gym,3,50:02.10,50:02,0h50m2s,3,0,3,50,3:08,15.22,THUNDERBOLT,BODY SLAM,SEISMIC TOSS,REST,10,6752,792,123,27,537,513,208,20,43609,Jolteon, ,Electric,Electric,130507,Pikachu3,Pikachu,Erika,00:49:46.88,00:50:02.10,03:08:10.04,50,3,0,50,2,10,THUNDERBOLT,BODY SLAM,SEISMIC TOSS,REST,21,12,16,10,2,0,0,0,90,126,97,66,86,86,128,18290,31381,17746,18322,18322,22376,15,15,15,15,0,0,0,0,0,0,0,109,74,86,86,128,679392,242996,378268,55959,2169,10,1,0,6752,5385,1367,0,792,150,123,27,3,0,28435,16529,1183,1183,494,50,160,0,0,0,0,0,68,0,9,0,0,3,15,0,0,0,0,0,0,3,0,0,0,0,6,4,0,0,0,0,22,9,12,0,0,0,0,314,130382,0,0,0,0,46,47,10,1,1,12,0,3,3,Jolteon
11-08,14:06:59,NINTEN,Pikachu,Jr Trainer F,23,Route 15,3,50:39.02,50:39,0h50m39s,3,0,3,50,3:10,10.078,THUNDERBOLT,BODY SLAM,SEISMIC TOSS,REST,10,6821,796,124,27,541,517,209,20,46777,Jolteon, ,Electric,Electric,132543,Pikachu3,Pikachu,,00:50:28.94,00:50:39.02,03:10:34.58,50,3,0,50,39,2,THUNDERBOLT,BODY SLAM,SEISMIC TOSS,REST,21,10,14,10,2,0,0,0,78,126,97,66,86,86,128,18450,31561,17951,18567,18567,22506,15,15,15,15,0,0,0,0,0,0,0,109,74,86,86,128,688086,245961,381208,58748,2169,10,1,0,6821,5454,1367,0,796,151,124,27,3,0,28765,16751,1195,1195,498,50,161,0,0,0,0,0,68,0,9,0,0,3,15,0,0,0,0,0,0,3,0,0,0,0,6,4,0,0,0,0,22,9,12,0,0,0,0,317,132418,0,0,0,0,46,47,10,1,1,12,0,3,3,Jolteon
11-08,14:07:16,NINTEN,Pikachu,Bird Keeper,6,Route 15,4,50:55.61,50:55,0h50m55s,3,0,3,51,3:11,12.389,THUNDERBOLT,BODY SLAM,SEISMIC TOSS,REST,10,6836,796,125,27,545,521,210,20,47357,Jolteon, ,Electric,Electric,134534,Pikachu3,Pikachu,,00:50:43.22,00:50:55.61,03:11:39.43,51,3,0,50,55,61,THUNDERBOLT,BODY SLAM,SEISMIC TOSS,REST,17,10,14,10,2,0,0,0,73,129,98,67,88,88,130,18640,31816,18146,18745,18745,22768,15,15,15,15,0,0,0,0,0,0,0,110,75,88,88,130,691971,246448,384606,58748,2169,10,1,0,6836,5469,1367,0,796,152,125,27,3,0,30097,17008,1203,1203,502,50,162,0,0,0,0,0,68,0,9,0,0,3,15,0,0,0,0,0,0,3,0,0,0,0,6,4,0,0,0,0,22,9,12,0,0,0,0,321,134409,0,0,0,0,46,47,10,1,1,12,0,3,3,Jolteon
11-08,14:07:28,NINTEN,Pikachu,Bird Keeper,7,Route 15,3,51:07.62,51:07,0h51m7s,3,0,3,51,3:12,8.882,THUNDERBOLT,BODY SLAM,SEISMIC TOSS,REST,10,6840,798,126,27,548,524,210,20,48007,Jolteon, ,Electric,Electric,136634,Pikachu3,Pikachu,,00:50:58.74,00:51:07.62,03:12:26.25,51,3,0,51,7,62,THUNDERBOLT,BODY SLAM,SEISMIC TOSS,REST,14,10,14,10,2,0,0,0,73,129,98,67,88,88,130,18770,32096,18306,18875,18875,23018,15,15,15,15,0,0,0,0,0,0,0,110,75,88,88,130,694773,246676,387180,58748,2169,10,1,0,6840,5473,1367,0,798,153,126,27,3,0,31492,17208,1203,1203,505,50,162,0,0,0,0,0,70,0,9,0,0,3,15,0,0,0,0,0,0,3,0,0,0,0,6,4,0,0,0,0,22,9,12,0,0,0,0,324,136509,0,0,0,0,46,47,10,1,1,12,0,3,3,Jolteon
11-08,14:07:41,NINTEN,Pikachu,Jr Trainer F,20,Route 15,3,51:21.18,51:21,0h51m21s,3,0,3,51,3:13,9.999,THUNDERBOLT,BODY SLAM,SEISMIC TOSS,REST,10,6848,798,127,27,552,528,211,20,48707,Jolteon, ,Electric,Electric,138362,Pikachu3,Pikachu,,00:51:11.18,00:51:21.18,03:13:19.11,51,3,0,51,21,18,THUNDERBOLT,BODY SLAM,SEISMIC TOSS,REST,14,8,12,10,2,0,0,0,73,129,98,67,88,88,130,18920,32261,18486,19110,19110,23118,15,15,15,15,0,0,0,0,0,0,0,110,75,88,88,130,697939,247010,390012,58748,2169,10,1,0,6848,5481,1367,0,798,154,127,27,3,0,31789,17418,1203,1203,509,50,162,0,0,0,0,0,70,0,9,0,0,3,15,0,0,0,0,0,0,3,0,0,0,0,6,4,0,0,0,0,22,9,12,0,0,0,0,327,138237,0,0,0,0,46,47,10,1,1,12,0,3,3,Jolteon
11-08,14:07:51,NINTEN,Pikachu,Beauty,10,Route 15,2,51:30.66,51:30,0h51m30s,3,0,3,51,3:13,6.352,THUNDERBOLT,BODY SLAM,SEISMIC TOSS,REST,10,6851,798,128,27,554,530,211,20,49267,Jolteon, ,Electric,Electric,139635,Pikachu3,Pikachu,,00:51:24.31,00:51:30.66,03:13:55.52,51,3,0,51,30,66,THUNDERBOLT,BODY SLAM,SEISMIC TOSS,REST,14,6,12,10,2,0,0,0,73,129,98,67,88,88,130,19025,32372,18598,19255,19255,23223,15,15,15,15,0,0,0,0,0,0,0,110,75,88,88,130,700140,247258,391965,58748,2169,10,1,0,6851,5484,1367,0,798,155,128,27,3,0,31980,17565,1203,1203,511,50,162,0,0,0,0,0,70,0,9,0,0,3,15,0,0,0,0,0,0,3,0,0,0,0,6,4,0,0,0,0,22,9,12,0,0,0,0,329,139510,0,0,0,0,46,47,10,1,1,12,0,3,3,Jolteon
11-08,14:08:04,NINTEN,Pikachu,Biker,4,Route 15,3,51:43.44,51:43,0h51m43s,3,0,3,52,3:14,9.115,THUNDERBOLT,BODY SLAM,SEISMIC TOSS,REST,10,6856,800,129,27,557,533,211,20,51297,Jolteon, ,Electric,Electric,141897,Pikachu3,Pikachu,,00:51:34.32,00:51:43.44,03:14:45.38,52,3,0,51,43,44,THUNDERBOLT,BODY SLAM,SEISMIC TOSS,REST,11,6,12,10,2,0,0,0,75,131,101,69,90,90,133,19210,32607,18863,19440,19440,23343,15,15,15,15,0,0,0,0,0,0,0,113,77,90,90,133,703126,247623,394586,58748,2169,10,1,0,6856,5489,1367,0,800,156,129,27,3,0,32357,17794,1203,1203,514,50,162,0,0,0,0,0,70,0,9,0,0,3,15,0,0,0,0,0,0,3,0,0,0,0,6,4,0,0,0,0,22,9,12,0,0,0,0,332,141772,0,0,0,0,46,47,10,1,1,12,0,3,3,Jolteon
11-08,14:08:20,NINTEN,Pikachu,Biker,3,Route 15,5,51:59.59,51:59,0h51m59s,3,0,3,52,3:15,12.922,THUNDERBOLT,BODY SLAM,SEISMIC TOSS,REST,10,6858,800,130,27,562,538,211,20,51857,Jolteon, ,Electric,Electric,145133,Pikachu3,Pikachu,,00:51:46.66,00:51:59.59,03:15:48.33,52,3,0,51,59,59,THUNDERBOLT,BODY SLAM,SEISMIC TOSS,REST,6,6,12,10,2,0,0,0,75,131,101,69,90,90,133,19475,32972,19318,19745,19745,23533,15,15,15,15,0,0,0,0,0,0,0,113,77,90,90,133,706901,247894,398090,58748,2169,10,1,0,6858,5491,1367,0,800,157,130,27,3,0,33182,18121,1203,1203,519,50,162,0,0,0,0,0,71,0,9,0,0,3,15,0,0,0,0,0,0,3,0,0,0,0,6,4,0,0,0,0,22,9,12,0,0,0,0,337,145008,0,0,0,0,46,47,10,1,1,12,0,3,3,Jolteon
11-08,14:08:29,NINTEN,Pikachu,Beauty,9,Route 15,2,52:08.76,52:08,0h52m8s,3,0,3,52,3:16,6.405,THUNDERBOLT,BODY SLAM,SEISMIC TOSS,REST,10,6862,801,131,27,564,540,211,20,52357,Jolteon, ,Electric,Electric,146511,Pikachu3,Pikachu,,00:52:02.35,00:52:08.76,03:16:24.02,52,3,0,52,8,76,THUNDERBOLT,BODY SLAM,SEISMIC TOSS,REST,4,6,12,10,2,0,0,0,75,131,101,69,90,90,133,19678,33102,19418,19845,19845,23649,15,15,15,15,0,0,0,0,0,0,0,113,77,90,90,133,709030,248071,400042,58748,2169,10,1,0,6862,5495,1367,0,801,158,131,27,3,0,33755,18325,1203,1203,521,50,162,0,0,0,0,0,72,0,9,0,0,3,15,0,0,0,0,0,0,3,0,0,0,0,6,4,0,0,0,0,22,9,12,0,0,0,0,339,146386,0,0,0,0,46,47,10,1,1,12,0,3,3,Jolteon
11-08,14:08:38,NINTEN,Pikachu,Jr Trainer F,21,Route 15,2,52:18.18,52:18,0h52m18s,3,0,3,52,3:17,6.303,THUNDERBOLT,BODY SLAM,SEISMIC TOSS,REST,10,6863,801,132,27,566,542,211,20,54387,Jolteon, ,Electric,Electric,147553,Pikachu3,Pikachu,,00:52:11.88,00:52:18.18,03:17:00.29,52,3,0,52,18,18,THUNDERBOLT,BODY SLAM,SEISMIC TOSS,REST,3,5,12,10,2,0,0,0,75,131,101,69,90,90,133,19781,33207,19513,19930,19930,23776,15,15,15,15,0,0,0,0,0,0,0,113,77,90,90,133,711217,248302,401998,58748,2169,10,1,0,6863,5496,1367,0,801,159,132,27,3,0,34274,18471,1203,1203,523,50,162,0,0,0,0,0,73,0,9,0,0,3,15,0,0,0,0,0,0,3,0,0,0,0,6,4,0,0,0,0,22,9,12,0,0,0,0,341,147428,0,0,0,0,46,47,10,1,1,12,0,3,3,Jolteon
11-08,14:08:51,NINTEN,Pikachu,Bird Keeper,5,Route 14,2,52:30.97,52:30,0h52m30s,3,0,3,53,3:17,7.82,THUNDERBOLT,BODY SLAM,SEISMIC TOSS,REST,10,6891,808,133,27,568,544,211,20,54967,Jolteon, ,Electric,Electric,148919,Pikachu3,Pikachu,,00:52:23.15,00:52:30.97,03:17:50.20,53,3,0,52,30,97,THUNDERBOLT,BODY SLAM,SEISMIC TOSS,REST,2,4,12,10,2,0,0,0,78,134,103,71,92,92,136,19886,33357,19608,20022,20022,23946,15,15,15,15,0,0,0,0,0,0,0,115,79,92,92,136,714208,248990,404301,58748,2169,10,1,0,6891,5524,1367,0,808,160,133,27,3,0,34857,18618,1203,1203,525,50,162,0,0,0,0,0,74,0,9,0,0,3,15,0,0,0,0,0,0,3,0,0,0,0,6,4,0,0,0,0,22,9,12,0,0,0,0,343,148794,0,0,0,0,46,47,10,1,1,12,0,3,3,Jolteon
11-08,14:09:10,NINTEN,Pikachu,Biker,13,Route 14,4,52:49.95,52:49,0h52m49s,3,0,3,53,3:19,10.423,THUNDERBOLT,BODY SLAM,SEISMIC TOSS,REST,10,6906,809,134,27,572,548,211,20,55692,Jolteon, ,Electric,Electric,151322,Pikachu3,Pikachu,,00:52:39.52,00:52:49.95,03:19:04.28,53,3,0,52,49,95,THUNDERBOLT,BODY SLAM,SEISMIC TOSS,REST,8,14,20,10,2,0,0,0,78,134,103,71,92,92,136,20086,33632,19943,20242,20242,24076,15,15,15,15,0,0,0,0,0,0,0,115,79,92,92,136,718656,249587,407217,59683,2169,10,1,0,6906,5539,1367,0,809,161,134,27,3,0,35477,18879,1203,1203,529,50,162,0,0,0,0,0,74,0,9,0,0,3,15,0,0,0,0,0,0,3,0,0,0,0,6,4,0,0,0,0,22,9,12,0,0,0,0,347,151197,0,0,0,0,46,47,10,1,1,12,0,3,3,Jolteon
11-08,14:09:19,NINTEN,Pikachu,Biker,2,Route 14,2,52:59.07,52:59,0h52m59s,3,0,3,53,3:19,5.862,THUNDERBOLT,BODY SLAM,SEISMIC TOSS,REST,10,6913,812,135,27,574,550,211,20,56212,Jolteon, ,Electric,Electric,152588,Pikachu3,Pikachu,,00:52:53.21,00:52:59.07,03:19:39.44,53,3,0,52,59,7,THUNDERBOLT,BODY SLAM,SEISMIC TOSS,REST,6,14,20,10,2,0,0,0,78,134,103,71,92,92,136,20206,33777,20088,20342,20342,24136,15,15,15,15,0,0,0,0,0,0,0,115,79,92,92,136,720772,249863,409057,59683,2169,10,1,0,6913,5546,1367,0,812,162,135,27,3,0,35763,19035,1203,1203,531,50,162,0,0,0,0,0,74,0,9,0,0,3,15,0,0,0,0,0,0,3,0,0,0,0,6,4,0,0,0,0,22,9,12,0,0,0,0,349,152463,0,0,0,0,46,47,10,1,1,12,0,3,3,Jolteon
11-08,14:09:33,NINTEN,Pikachu,Biker,14,Route 14,3,53:13.04,53:13,0h53m13s,3,0,3,53,3:20,9.942,THUNDERBOLT,BODY SLAM,SEISMIC TOSS,REST,10,6916,817,136,27,578,554,212,20,56792,Jolteon, ,Electric,Electric,154352,Pikachu3,Pikachu,,00:53:03.10,00:53:13.04,03:20:34.10,53,3,0,53,13,4,THUNDERBOLT,BODY SLAM,SEISMIC TOSS,REST,6,10,20,10,2,0,0,0,67,134,103,71,92,92,136,20406,34002,20283,20482,20482,24221,15,15,15,15,0,0,0,0,0,0,0,115,79,92,92,136,724038,250332,411854,59683,2169,10,1,0,6916,5549,1367,0,817,163,136,27,3,0,36125,19273,1214,1214,535,50,163,0,0,0,0,0,74,0,10,0,0,3,15,0,0,0,0,0,0,3,0,0,0,0,6,4,0,0,0,0,22,9,12,0,0,0,0,352,154227,0,0,0,0,46,47,10,1,1,12,0,3,3,Jolteon
11-08,14:09:44,NINTEN,Pikachu,Biker,15,Route 14,2,53:24.00,53:24,0h53m24s,3,0,3,53,3:21,6.072,THUNDERBOLT,BODY SLAM,SEISMIC TOSS,REST,10,6947,818,137,27,580,556,212,20,57352,Jolteon, ,Electric,Electric,156035,Pikachu3,Pikachu,,00:53:17.92,00:53:24.00,03:21:16.41,53,3,0,53,24,0,THUNDERBOLT,BODY SLAM,SEISMIC TOSS,REST,4,10,20,10,2,0,0,0,67,134,103,71,92,92,136,20551,34172,20453,20607,20607,24306,15,15,15,15,0,0,0,0,0,0,0,115,79,92,92,136,726589,251008,413729,59683,2169,10,1,0,6947,5580,1367,0,818,164,137,27,3,0,36374,19443,1214,1214,537,50,163,0,0,0,0,0,74,0,10,0,0,3,15,0,0,0,0,0,0,3,0,0,0,0,6,4,0,0,0,0,22,9,12,0,0,0,0,354,155910,0,0,0,0,46,47,10,1,1,12,0,3,3,Jolteon
11-08,14:09:51,NINTEN,Pikachu,Bird Keeper,4,Route 14,1,53:30.95,53:30,0h53m30s,3,0,3,53,3:21,4.046,THUNDERBOLT,BODY SLAM,SEISMIC TOSS,REST,10,6948,819,138,27,581,557,212,20,57932,Jolteon, ,Electric,Electric,156699,Pikachu3,Pikachu,,00:53:26.90,00:53:30.95,03:21:43.23,53,3,0,53,30,95,THUNDERBOLT,BODY SLAM,SEISMIC TOSS,REST,4,9,20,10,2,0,0,0,67,134,103,71,92,92,136,20603,34237,20508,20665,20665,24366,15,15,15,15,0,0,0,0,0,0,0,115,79,92,92,136,728191,251216,415123,59683,2169,10,1,0,6948,5581,1367,0,819,165,138,27,3,0,36469,19525,1214,1214,538,50,163,0,0,0,0,0,74,0,10,0,0,3,15,0,0,0,0,0,0,3,0,0,0,0,6,4,0,0,0,0,22,9,12,0,0,0,0,355,156574,0,0,0,0,46,47,10,1,1,12,0,3,3,Jolteon
11-08,14:10:05,NINTEN,Pikachu,Bird Keeper,17,Route 14,3,53:44.52,53:44,0h53m44s,3,0,3,54,3:22,9.535,THUNDERBOLT,BODY SLAM,SEISMIC TOSS,REST,10,6967,820,139,27,584,560,212,20,58757,Jolteon, ,Electric,Electric,158595,Pikachu3,Pikachu,,00:53:34.99,00:53:44.52,03:22:36.14,54,3,0,53,44,52,THUNDERBOLT,BODY SLAM,SEISMIC TOSS,REST,4,6,20,10,2,0,0,0,70,137,105,73,94,94,139,20743,34472,20648,20792,20792,24611,15,15,15,15,0,0,0,0,0,0,0,118,82,94,94,139,731362,251671,417839,59683,2169,10,1,0,6967,5600,1367,0,820,166,139,27,3,0,36918,19729,1214,1214,541,50,163,0,0,0,0,0,75,0,10,0,0,3,15,0,0,0,0,0,0,3,0,0,0,0,6,4,0,0,0,0,22,9,12,0,0,0,0,358,158470,0,0,0,0,46,47,10,1,1,12,0,3,3,Jolteon
11-08,14:10:14,NINTEN,Pikachu,Bird Keeper,16,Route 14,2,53:53.97,53:53,0h53m53s,3,0,3,54,3:23,6.37,THUNDERBOLT,BODY SLAM,SEISMIC TOSS,REST,10,6971,821,140,27,586,562,212,20,59457,Jolteon, ,Electric,Electric,160303,Pikachu3,Pikachu,,00:53:47.59,00:53:53.97,03:23:12.45,54,3,0,53,53,97,THUNDERBOLT,BODY SLAM,SEISMIC TOSS,REST,2,6,20,10,2,0,0,0,70,137,105,73,94,94,139,20871,34622,20768,20903,20903,24782,15,15,15,15,0,0,0,0,0,0,0,118,82,94,94,139,733553,251896,419805,59683,2169,10,1,0,6971,5604,1367,0,821,167,140,27,3,0,37496,19890,1214,1214,543,50,163,0,0,0,0,0,75,0,10,0,0,3,15,0,0,0,0,0,0,3,0,0,0,0,6,4,0,0,0,0,22,9,12,0,0,0,0,360,160178,0,0,0,0,46,47,10,1,1,12,0,3,3,Jolteon
11-08,14:10:30,NINTEN,Pikachu,Bird Keeper,15,Route 14,4,54:09.63,54:09,0h54m9s,3,0,3,54,3:24,11.567,THUNDERBOLT,BODY SLAM,SEISMIC TOSS,REST,10,6989,826,141,27,590,566,213,20,60182,Jolteon, ,Electric,Electric,162138,Pikachu3,Pikachu,,00:53:58.07,00:54:09.63,03:24:13.50,54,3,0,54,9,63,THUNDERBOLT,BODY SLAM,SEISMIC TOSS,REST,1,3,20,10,2,0,0,0,64,137,105,73,94,94,139,21056,34862,20943,21065,21065,25064,15,15,15,15,0,0,0,0,0,0,0,118,82,94,94,139,737218,252374,422992,59683,2169,10,1,0,6989,5622,1367,0,826,168,141,27,3,0,38252,20143,1220,1220,547,50,164,0,0,0,0,0,75,0,10,0,0,3,15,0,0,0,0,0,0,3,0,0,0,0,6,4,0,0,0,0,22,9,12,0,0,0,0,364,162013,0,0,0,0,46,47,10,1,1,12,0,3,3,Jolteon
11-08,14:11:18,NINTEN,Pikachu,Rival5-Silph,5,Silph Co - 7F,5,54:57.65,54:57,0h54m57s,3,0,3,55,3:27,20.323,THUNDERBOLT,BODY SLAM,SEISMIC TOSS,REST,11,7111,828,142,27,598,574,216,20,60832,Jolteon, ,Electric,Electric,169182,Pikachu3,Pikachu,Rival (Silph Co.),00:54:37.32,00:54:57.65,03:27:22.08,55,3,0,54,57,65,THUNDERBOLT,BODY SLAM,SEISMIC TOSS,REST,18,10,20,10,2,0,0,0,102,139,107,74,96,96,142,21359,35233,21398,21535,21535,25534,15,15,15,15,0,0,0,0,0,0,0,120,83,96,96,142,748516,257251,428177,60919,2169,11,1,0,7111,5744,1367,0,828,169,142,27,3,0,39134,20630,1257,1257,555,50,165,0,0,0,0,0,77,0,10,0,0,3,15,0,0,0,0,0,0,3,0,0,0,0,6,4,0,0,0,0,22,9,12,0,0,0,0,369,169057,0,0,0,0,46,47,10,1,1,12,0,3,3,Jolteon
11-08,14:11:43,NINTEN,Pikachu,Rocket,45,Silph Co - 11F,3,55:15.58,55:15,0h55m15s,3,0,3,55,3:28,8.368,THUNDERBOLT,BODY SLAM,SEISMIC TOSS,REST,11,7119,829,143,27,601,577,216,20,63432,Jolteon, ,Electric,Electric,171764,Pikachu3,Pikachu,,00:55:07.21,00:55:15.58,03:28:32.07,55,3,0,55,15,58,THUNDERBOLT,BODY SLAM,SEISMIC TOSS,REST,15,10,20,10,2,0,0,0,102,139,107,74,96,96,142,21524,35453,21622,21725,21725,25764,15,15,15,15,0,0,0,0,0,0,0,120,83,96,96,142,752715,258974,430653,60919,2169,11,1,0,7119,5752,1367,0,829,170,143,27,3,0,39700,20869,1257,1257,558,50,165,0,0,0,0,0,78,0,10,0,0,3,15,0,0,0,0,0,0,3,0,0,0,0,6,4,0,0,0,0,22,9,12,0,0,0,0,372,171639,0,0,0,0,46,47,10,1,1,12,0,3,3,Jolteon
11-08,14:12:06,NINTEN,Pikachu,Giovanni-Silph,2,Silph Co - 11F,4,55:38.81,55:38,0h55m38s,3,0,3,56,3:30,16.102,THUNDERBOLT,BODY SLAM,SEISMIC TOSS,REST,11,7136,830,144,27,608,584,218,20,64362,Jolteon, ,Electric,Electric,176581,Pikachu3,Pikachu,Giovanni (Silph),00:55:22.71,00:55:38.81,03:30:03.15,56,3,0,55,38,81,THUNDERBOLT,BODY SLAM,SEISMIC TOSS,REST,13,8,17,10,2,0,0,0,105,142,109,76,98,98,145,21820,35762,21921,21950,21950,26045,15,15,15,15,0,-1,0,0,0,0,0,122,56,98,98,145,758183,260177,434918,60919,2169,11,1,0,7136,5769,1367,0,830,171,144,27,3,0,40335,21306,1257,1257,565,51,166,0,0,0,0,0,80,0,10,0,0,3,15,0,0,0,0,0,0,3,0,0,0,0,6,4,0,0,0,0,22,9,12,0,0,0,0,376,176456,0,0,0,0,46,47,10,1,1,12,0,3,3,Jolteon
11-08,14:12:47,NINTEN,Pikachu,Blackbelt,5,Saffron City - Fighting Dojo,3,56:19.99,56:19,0h56m19s,3,0,3,56,3:32,8.325,THUNDERBOLT,BODY SLAM,SEISMIC TOSS,REST,11,7243,836,145,27,611,587,218,19,68421,Jolteon, ,Electric,Electric,178642,Pikachu3,Pikachu,,00:56:11.66,00:56:19.99,03:32:44.59,56,3,0,56,19,99,THUNDERBOLT,BODY SLAM,SEISMIC TOSS,REST,18,15,20,10,2,0,0,0,142,142,109,76,98,98,145,21995,36027,22066,22080,22080,26245,15,15,15,15,0,0,0,0,0,0,0,122,85,98,98,145,767887,266047,437348,62323,2169,11,1,0,7243,5876,1367,0,836,172,145,27,3,0,41061,21551,1257,1257,568,51,166,0,0,0,0,0,81,0,10,0,0,3,15,0,0,0,0,0,0,3,0,0,0,0,6,4,0,0,0,0,22,9,12,0,0,0,0,379,178517,0,0,0,0,46,47,10,1,1,12,0,3,3,Jolteon
11-08,14:12:56,NINTEN,Pikachu,Blackbelt,3,Saffron City - Fighting Dojo,2,56:28.72,56:28,0h56m28s,3,0,3,56,3:33,5.955,THUNDERBOLT,BODY SLAM,SEISMIC TOSS,REST,11,7244,836,146,27,613,589,218,19,69196,Jolteon, ,Electric,Electric,180245,Pikachu3,Pikachu,,00:56:22.76,00:56:28.72,03:33:18.43,56,3,0,56,28,72,THUNDERBOLT,BODY SLAM,SEISMIC TOSS,REST,16,15,20,10,2,0,0,0,142,142,109,76,98,98,145,22145,36207,22186,22165,22165,26325,15,15,15,15,0,0,0,0,0,0,0,122,85,98,98,145,769911,266204,439215,62323,2169,11,1,0,7244,5877,1367,0,836,173,146,27,3,0,41386,21740,1257,1257,570,51,166,0,0,0,0,0,81,0,10,0,0,3,15,0,0,0,0,0,0,3,0,0,0,0,6,4,0,0,0,0,22,9,12,0,0,0,0,381,180120,0,0,0,0,46,47,10,1,1,12,0,3,3,Jolteon
11-08,14:13:03,NINTEN,Pikachu,Blackbelt,4,Saffron City - Fighting Dojo,1,56:35.53,56:35,0h56m35s,3,0,3,56,3:33,3.803,THUNDERBOLT,BODY SLAM,SEISMIC TOSS,REST,11,7245,836,147,27,614,590,218,19,69996,Jolteon, ,Electric,Electric,181394,Pikachu3,Pikachu,,00:56:31.73,00:56:35.53,03:33:44.55,56,3,0,56,35,53,THUNDERBOLT,BODY SLAM,SEISMIC TOSS,REST,15,15,20,10,2,0,0,0,142,142,109,76,98,98,145,22210,36312,22246,22225,22225,26420,15,15,15,15,0,0,0,0,0,0,0,122,85,98,98,145,771483,266420,440571,62323,2169,11,1,0,7245,5878,1367,0,836,174,147,27,3,0,41508,21838,1257,1257,571,51,166,0,0,0,0,0,81,0,10,0,0,3,15,0,0,0,0,0,0,3,0,0,0,0,6,4,0,0,0,0,22,9,12,0,0,0,0,382,181269,0,0,0,0,46,47,10,1,1,12,0,3,3,Jolteon
11-08,14:13:14,NINTEN,Pikachu,Blackbelt,2,Saffron City - Fighting Dojo,3,56:46.79,56:46,0h56m46s,3,0,3,56,3:34,8.44,THUNDERBOLT,BODY SLAM,SEISMIC TOSS,REST,11,7246,836,148,27,617,593,218,19,70896,Jolteon, ,Electric,Electric,183362,Pikachu3,Pikachu,,00:56:38.35,00:56:46.79,03:34:28.38,56,3,0,56,46,79,THUNDERBOLT,BODY SLAM,SEISMIC TOSS,REST,12,15,20,10,2,0,0,0,142,142,109,76,98,98,145,22355,36577,22376,22355,22355,26655,15,15,15,15,0,0,0,0,0,0,0,122,85,98,98,145,774106,266580,443034,62323,2169,11,1,0,7246,5879,1367,0,836,175,148,27,3,0,42228,22064,1257,1257,574,51,166,0,0,0,0,0,82,0,10,0,0,3,15,0,0,0,0,0,0,3,0,0,0,0,6,4,0,0,0,0,22,9,12,0,0,0,0,385,183237,0,0,0,0,46,47,10,1,1,12,0,3,3,Jolteon
11-08,14:13:24,NINTEN,Pikachu,Blackbelt,1,Saffron City - Fighting Dojo,2,56:57.26,56:57,0h56m57s,3,0,3,57,3:35,7.039,THUNDERBOLT,BODY SLAM,SEISMIC TOSS,REST,11,7247,836,149,27,619,595,218,19,71671,Jolteon, ,Electric,Electric,185573,Pikachu3,Pikachu,,00:56:50.22,00:56:57.26,03:35:09.16,57,3,0,56,57,26,THUNDERBOLT,BODY SLAM,SEISMIC TOSS,REST,10,15,20,10,2,0,0,0,145,145,112,77,100,100,148,22455,36802,22508,22425,22425,26818,15,15,15,15,0,0,0,0,0,0,0,126,86,100,100,148,776544,266900,445152,62323,2169,11,1,0,7247,5880,1367,0,836,176,149,27,3,0,42564,22242,1257,1257,576,51,166,0,0,0,0,0,82,0,10,0,0,3,15,0,0,0,0,0,0,3,0,0,0,0,6,4,0,0,0,0,22,9,12,0,0,0,0,387,185448,0,0,0,0,46,47,10,1,1,12,0,3,3,Jolteon
11-08,14:13:41,NINTEN,Pikachu,Psychic,3,Saffron City - Gym,3,57:13.92,57:13,0h57m13s,3,0,3,57,3:36,8.72,THUNDERBOLT,BODY SLAM,SEISMIC TOSS,REST,11,7273,844,150,27,622,598,218,19,72596,Jolteon, ,Electric,Electric,188130,Pikachu3,Pikachu,,00:57:05.20,00:57:13.92,03:36:14.10,57,3,0,57,13,92,THUNDERBOLT,BODY SLAM,SEISMIC TOSS,REST,7,15,20,10,2,0,0,0,145,145,112,77,100,100,148,22730,37007,22748,22585,22585,26878,15,15,15,15,0,0,0,0,0,0,0,126,86,100,100,148,780438,268278,447668,62323,2169,11,1,0,7273,5906,1367,0,844,177,150,27,3,0,44169,22566,1257,1257,579,51,166,0,0,0,0,0,84,0,10,0,0,3,15,0,0,0,0,0,0,3,0,0,0,0,6,4,0,0,0,0,22,9,12,0,0,0,0,390,188005,0,0,0,0,46,47,10,1,1,12,0,3,3,Jolteon
11-08,14:13:51,NINTEN,Pikachu,Psychic,4,Saffron City - Gym,1,57:23.67,57:23,0h57m23s,3,0,3,57,3:36,4.002,THUNDERBOLT,BODY SLAM,SEISMIC TOSS,REST,11,7287,846,151,27,623,599,218,19,72926,Jolteon, ,Electric,Electric,189465,Pikachu3,Pikachu,,00:57:19.67,00:57:23.67,03:36:51.42,57,3,0,57,23,67,THUNDERBOLT,BODY SLAM,SEISMIC TOSS,REST,6,15,20,10,2,0,0,0,145,145,112,77,100,100,148,22825,37082,22858,22665,22665,26908,15,15,15,15,0,0,0,0,0,0,0,126,86,100,100,148,782690,269133,449065,62323,2169,11,1,0,7287,5920,1367,0,846,178,151,27,3,0,44361,22692,1257,1257,580,51,166,0,0,0,0,0,84,0,10,0,0,3,15,0,0,0,0,0,0,3,0,0,0,0,6,4,0,0,0,0,22,9,12,0,0,0,0,391,189340,0,0,0,0,46,47,10,1,1,12,0,3,3,Jolteon
11-08,14:14:09,NINTEN,Pikachu,Sabrina,1,Saffron City - Gym,3,57:41.38,57:41,0h57m41s,3,0,3,57,3:38,10.583,THUNDERBOLT,BODY SLAM,SEISMIC TOSS,REST,12,7296,847,152,27,627,603,219,19,73306,Jolteon, ,Electric,Electric,193790,Pikachu3,Pikachu,Sabrina,00:57:30.80,00:57:41.38,03:38:00.56,57,3,0,57,41,38,THUNDERBOLT,BODY SLAM,SEISMIC TOSS,REST,6,11,20,10,2,0,0,0,126,145,112,77,100,100,148,22945,37187,22948,23025,23025,27223,15,15,15,15,0,0,0,0,0,0,0,126,86,100,100,148,786844,269812,452007,62856,2169,12,1,0,7296,5929,1367,0,847,179,152,27,3,0,44821,23016,1276,1276,584,51,167,0,0,0,0,0,84,0,10,0,0,3,15,0,0,0,0,0,0,3,0,0,0,0,6,4,0,0,0,0,22,9,12,0,0,0,0,394,193665,0,0,0,0,46,47,10,1,1,12,0,3,3,Jolteon
11-08,14:14:42,NINTEN,Pikachu,Juggler,3,Fuchsia City - Gym,4,58:15.12,58:15,0h58m15s,3,0,3,58,3:40,12.21,THUNDERBOLT,BODY SLAM,SEISMIC TOSS,REST,12,7336,849,153,27,631,607,219,20,78256,Jolteon, ,Electric,Electric,196781,Pikachu3,Pikachu,,00:58:02.91,00:58:15.12,03:40:13.08,58,3,0,58,15,12,THUNDERBOLT,BODY SLAM,SEISMIC TOSS,REST,21,11,20,10,2,0,0,0,148,148,114,79,102,102,150,23165,37366,23113,23415,23415,27454,15,15,15,15,0,0,0,0,0,0,0,128,88,102,102,150,794776,273330,455528,63749,2169,12,1,0,7336,5969,1367,0,849,180,153,27,3,0,45398,23335,1276,1276,588,51,167,0,0,0,0,0,84,0,10,0,0,3,15,0,0,0,0,0,0,3,0,0,0,0,6,4,0,0,0,0,22,9,12,0,0,0,0,398,196656,0,0,0,0,46,47,10,1,1,12,0,3,3,Jolteon
11-08,14:14:56,NINTEN,Pikachu,Tamer,2,Fuchsia City - Gym,3,58:29.25,58:29,0h58m29s,3,0,3,58,3:41,10.592,THUNDERBOLT,BODY SLAM,SEISMIC TOSS,REST,12,7343,855,154,27,635,611,220,20,79341,Jolteon, ,Electric,Electric,200011,Pikachu3,Pikachu,,00:58:18.65,00:58:29.25,03:41:08.13,58,3,0,58,29,25,THUNDERBOLT,BODY SLAM,SEISMIC TOSS,REST,19,11,18,10,2,0,0,0,137,148,114,79,102,102,150,23360,37636,23361,23600,23600,27679,15,15,15,15,0,0,0,0,0,0,0,128,88,102,102,150,798081,273674,458489,63749,2169,12,1,0,7343,5976,1367,0,855,181,154,27,3,0,45783,23606,1287,1287,592,51,168,0,0,0,0,0,84,0,10,0,0,3,15,0,0,0,0,0,0,3,0,0,0,0,6,4,0,0,0,0,22,9,12,0,0,0,0,401,199886,0,0,0,0,46,47,10,1,1,12,0,3,3,Jolteon
11-08,14:15:09,NINTEN,Pikachu,Tamer,1,Fuchsia City - Gym,2,58:41.47,58:41,0h58m41s,3,0,3,58,3:41,8.075,THUNDERBOLT,BODY SLAM,SEISMIC TOSS,REST,12,7359,858,155,27,638,614,221,20,80661,Jolteon, ,Electric,Electric,202268,Pikachu3,Pikachu,,00:58:33.39,00:58:41.47,03:41:55.50,58,3,0,58,41,47,THUNDERBOLT,BODY SLAM,SEISMIC TOSS,REST,18,11,16,10,2,0,0,0,137,148,114,79,102,102,150,23495,37821,23540,23720,23720,27824,15,15,15,15,0,0,0,0,0,0,0,128,88,102,102,150,800938,274182,460838,63749,2169,12,1,0,7359,5992,1367,0,858,182,155,27,3,0,46027,23796,1287,1287,595,52,168,0,0,0,0,0,84,0,10,0,0,3,15,0,0,0,0,0,0,3,0,0,0,0,6,4,0,0,0,0,22,9,12,0,0,0,0,403,202143,0,0,0,0,46,47,10,1,1,12,0,3,3,Jolteon
11-08,14:15:21,NINTEN,Pikachu,Juggler,4,Fuchsia City - Gym,2,58:53.60,58:53,0h58m53s,3,0,3,58,3:42,8.782,THUNDERBOLT,BODY SLAM,SEISMIC TOSS,REST,12,7362,858,156,27,641,617,222,20,82021,Jolteon, ,Electric,Electric,204211,Pikachu3,Pikachu,,00:58:44.81,00:58:53.60,03:42:43.03,58,3,0,58,53,60,THUNDERBOLT,BODY SLAM,SEISMIC TOSS,REST,18,10,14,10,2,0,0,0,110,148,114,79,102,102,150,23640,37942,23655,23925,23925,27933,15,15,15,15,0,0,0,0,0,0,0,128,88,102,102,150,803771,274478,463375,63749,2169,12,1,0,7362,5995,1367,0,858,183,156,27,3,0,46340,23993,1314,1314,598,52,169,0,0,0,0,0,85,0,11,0,0,3,15,0,0,0,0,0,0,3,0,0,0,0,6,4,0,0,0,0,22,9,12,0,0,0,0,405,204086,0,0,0,0,46,47,10,1,1,12,0,3,3,Jolteon
11-08,14:15:44,NINTEN,Pikachu,Koga,1,Fuchsia City - Gym,4,59:16.86,59:16,0h59m16s,3,0,3,59,3:44,13.497,THUNDERBOLT,BODY SLAM,SEISMIC TOSS,REST,13,7367,860,157,27,646,622,223,20,83211,Jolteon, ,Electric,Electric,207903,Pikachu3,Pikachu,Koga,00:59:03.36,00:59:16.86,03:44:14.12,59,3,0,59,16,86,THUNDERBOLT,BODY SLAM,SEISMIC TOSS,REST,13,10,14,10,2,0,0,0,139,150,116,80,104,104,153,23890,38172,23865,24135,24135,28158,15,15,15,15,0,0,0,0,0,0,0,130,90,104,104,153,809240,275046,467035,64990,2169,13,1,0,7367,6000,1367,0,860,184,157,27,3,0,47186,24490,1325,1325,603,52,170,0,0,0,0,0,88,0,11,0,0,3,15,0,0,0,0,0,0,3,0,0,0,0,6,4,0,0,0,0,22,9,12,0,0,0,0,409,207778,0,0,0,0,46,47,10,1,1,12,0,3,3,Jolteon
11-08,14:16:32,NINTEN,Pikachu,Fisher,7,Route 21,4,1:00:05.19,1:00:05,1h0m5s,3,0,3,59,3:47,11.248,THUNDERBOLT,BODY SLAM,SEISMIC TOSS,REST,13,7504,872,158,27,650,626,223,19,88161,Jolteon, ,Electric,Electric,211629,Pikachu3,Pikachu,,00:59:53.95,01:00:05.19,03:47:24.15,59,3,1,0,5,19,THUNDERBOLT,BODY SLAM,SEISMIC TOSS,REST,9,10,14,10,2,0,0,0,139,150,116,80,104,104,153,24175,38515,24120,24425,24425,28425,15,15,15,15,0,0,0,0,0,0,0,130,90,104,104,172,820643,279570,470230,68674,2169,13,1,0,7504,6108,1367,29,872,185,158,27,3,0,48266,24818,1325,1325,607,52,170,0,0,0,0,0,88,0,11,0,0,3,15,0,0,0,0,0,0,3,0,0,0,0,6,4,0,0,0,0,22,9,12,0,0,0,0,413,211504,0,0,0,0,47,47,10,1,1,13,0,3,3,Jolteon
11-08,14:18:52,NINTEN,Pikachu,Burglar,4,Cinnabar Island - Gym,3,1:02:24.64,1:02:24,1h2m24s,3,0,3,59,3:56,10.213,THUNDERBOLT,BODY SLAM,SEISMIC TOSS,REST,13,8326,957,159,27,654,630,224,20,89141,Jolteon, ,Electric,Electric,214189,Pikachu3,Pikachu,,01:02:14.42,01:02:24.64,03:56:34.49,59,3,1,2,24,64,THUNDERBOLT,BODY SLAM,SEISMIC TOSS,REST,19,15,18,10,2,0,0,0,151,151,116,82,105,105,153,24341,38702,26840,27200,27200,28650,15,15,15,15,0,-1,0,0,0,0,0,146,60,105,105,193,853677,302534,473089,75885,2169,13,1,0,8326,6830,1367,129,957,186,159,27,3,0,48667,25092,1325,1325,611,52,171,0,0,0,0,0,88,0,11,0,0,3,15,0,0,0,0,0,0,3,0,0,0,0,6,4,0,0,0,0,22,9,12,0,0,0,0,416,214064,0,0,0,0,55,47,10,1,1,13,0,3,3,Jolteon
11-08,14:19:06,NINTEN,Pikachu,Super Nerd,9,Cinnabar Island - Gym,3,1:02:39.36,1:02:39,1h2m39s,3,0,3,60,3:57,11.371,THUNDERBOLT,BODY SLAM,SEISMIC TOSS,REST,13,8334,959,160,27,658,634,225,20,92381,Jolteon, ,Electric,Electric,216533,Pikachu3,Pikachu,,01:02:27.99,01:02:39.36,03:57:32.12,60,3,1,2,39,36,THUNDERBOLT,BODY SLAM,SEISMIC TOSS,REST,17,15,16,10,2,0,0,0,139,153,118,83,107,107,156,24490,38860,26995,27430,27430,28880,15,15,15,15,0,0,0,0,0,0,0,132,93,107,107,175,857120,302839,476227,75885,2169,13,1,0,8334,6838,1367,129,959,187,160,27,3,0,49029,25354,1339,1339,615,52,172,0,0,0,0,0,88,0,11,0,0,3,15,0,0,0,0,0,0,3,0,0,0,0,6,4,0,0,0,0,22,9,12,0,0,0,0,419,216408,0,0,0,0,55,47,10,1,1,13,0,3,3,Jolteon
11-08,14:19:25,NINTEN,Pikachu,Super Nerd,11,Cinnabar Island - Gym,1,1:02:58.28,1:02:58,1h2m58s,3,0,3,60,3:58,7.004,THUNDERBOLT,BODY SLAM,SEISMIC TOSS,REST,13,8375,973,161,27,662,636,226,20,93281,Jolteon, ,Electric,Electric,218219,Pikachu3,Pikachu,,01:02:51.27,01:02:58.28,03:58:46.23,60,3,1,2,58,28,THUNDERBOLT,BODY SLAM,SEISMIC TOSS,REST,15,15,16,10,2,0,0,0,121,153,118,83,107,107,156,24555,38960,27065,27510,27510,28985,15,15,15,15,0,0,0,0,0,0,0,132,93,107,107,175,861571,305173,478344,75885,2169,13,1,0,8375,6879,1367,129,973,188,161,27,3,0,49222,25464,1357,1357,617,52,173,0,0,0,0,0,88,0,11,0,0,3,15,0,0,0,0,0,0,3,0,0,0,0,6,4,0,0,0,0,22,9,12,0,0,0,0,420,218094,0,0,0,0,55,47,10,1,1,13,0,3,3,Jolteon
11-08,14:19:41,NINTEN,Pikachu,Burglar,6,Cinnabar Island - Gym,2,1:03:14.20,1:03:14,1h3m14s,3,0,3,60,3:59,8.893,THUNDERBOLT,BODY SLAM,SEISMIC TOSS,REST,13,8392,978,162,27,664,638,226,20,94306,Jolteon, ,Electric,Electric,219439,Pikachu3,Pikachu,,01:03:05.31,01:03:14.20,03:59:48.37,60,3,1,3,14,20,THUNDERBOLT,BODY SLAM,SEISMIC TOSS,REST,13,15,16,10,2,0,0,0,121,153,118,83,107,107,156,24648,39071,27150,27625,27625,29110,15,15,15,15,0,0,0,0,0,0,0,132,93,107,107,175,865305,306351,480900,75885,2169,13,1,0,8392,6896,1367,129,978,189,162,27,3,0,49497,25638,1357,1357,619,52,173,0,0,0,0,0,88,0,11,0,0,3,15,0,0,0,0,0,0,3,0,0,0,0,6,4,0,0,0,0,22,9,12,0,0,0,0,422,219314,0,0,0,0,55,47,10,1,1,13,0,3,3,Jolteon
11-08,14:19:52,NINTEN,Pikachu,Super Nerd,12,Cinnabar Island - Gym,2,1:03:25.22,1:03:25,1h3m25s,3,0,3,60,4:00,6.646,THUNDERBOLT,BODY SLAM,SEISMIC TOSS,REST,13,8401,982,163,27,666,640,226,20,97636,Jolteon, ,Electric,Electric,220659,Pikachu3,Pikachu,,01:03:18.57,01:03:25.22,04:00:31.24,60,3,1,3,25,22,THUNDERBOLT,BODY SLAM,SEISMIC TOSS,REST,12,14,16,10,2,0,0,0,121,153,118,83,107,107,156,24741,39182,27235,27740,27740,29235,15,15,15,15,0,0,0,0,0,0,0,132,93,107,107,175,867872,306890,482928,75885,2169,13,1,0,8401,6905,1367,129,982,190,163,27,3,0,49956,25812,1357,1357,621,52,173,0,0,0,0,0,89,0,11,0,0,3,15,0,0,0,0,0,0,3,0,0,0,0,6,4,0,0,0,0,22,9,12,0,0,0,0,424,220534,0,0,0,0,55,47,10,1,1,13,0,3,3,Jolteon
11-08,14:20:19,NINTEN,Pikachu,Blaine,1,Cinnabar Island - Gym,3,1:03:52.21,1:03:52,1h3m52s,3,0,3,61,4:02,16.538,THUNDERBOLT,BODY SLAM,SEISMIC TOSS,REST,14,8411,986,164,27,675,647,230,19,98561,Jolteon, ,Electric,Electric,227009,Pikachu3,Pikachu,Blaine,01:03:35.67,01:03:52.21,04:02:17.23,61,3,1,3,52,21,THUNDERBOLT,BODY SLAM,SEISMIC TOSS,REST,5,14,16,10,2,0,0,0,115,155,120,84,109,109,159,24969,39468,27460,28000,28000,29535,15,15,15,15,0,0,0,0,0,0,0,135,94,109,109,178,874231,307697,487305,77060,2169,14,1,0,8411,6915,1367,129,986,191,164,27,3,0,50473,26249,1397,1397,628,53,176,0,0,0,0,0,89,0,11,0,0,3,15,0,0,0,0,0,0,3,0,0,0,0,6,4,0,0,0,0,22,9,12,0,0,0,0,427,226884,0,0,0,0,55,47,10,1,1,13,0,3,3,Jolteon
11-08,14:20:52,NINTEN,Pikachu,Cooltrainer M,10,Viridian City - Gym,1,1:04:25.20,1:04:25,1h4m25s,3,0,3,61,4:04,7.088,THUNDERBOLT,BODY SLAM,SEISMIC TOSS,REST,14,8492,988,165,27,678,650,231,20,103907,Jolteon, ,Electric,Electric,228252,Pikachu3,Pikachu,,01:04:18.11,01:04:25.20,04:04:26.50,61,3,1,4,25,20,THUNDERBOLT,BODY SLAM,SEISMIC TOSS,REST,21,15,17,10,2,0,0,0,155,155,120,84,109,109,159,25049,39553,27555,28030,28030,29560,15,15,15,15,0,-1,0,0,0,0,0,151,61,137,137,200,881998,312511,489500,77818,2169,14,1,0,8492,6996,1367,129,988,192,165,27,3,0,50656,26377,1397,1397,631,53,177,0,0,0,0,0,89,0,11,0,0,3,15,0,0,0,0,0,0,3,0,0,0,0,6,4,0,0,0,0,22,9,12,0,0,0,0,428,228127,0,0,0,0,55,47,10,1,1,13,0,3,3,Jolteon
11-08,14:21:05,NINTEN,Pikachu,Blackbelt,8,Viridian City - Gym,3,1:04:37.76,1:04:37,1h4m37s,3,0,3,61,4:05,8.562,THUNDERBOLT,BODY SLAM,SEISMIC TOSS,REST,14,8500,990,166,27,681,653,231,20,105412,Jolteon, ,Electric,Electric,231343,Pikachu3,Pikachu,,01:04:29.19,01:04:37.76,04:05:15.41,61,3,1,4,37,76,THUNDERBOLT,BODY SLAM,SEISMIC TOSS,REST,18,15,17,10,2,0,0,0,155,155,120,84,109,109,159,25279,39833,27745,28165,28165,29685,15,15,15,15,0,0,0,0,0,0,0,135,94,122,122,178,884929,312954,491988,77818,2169,14,1,0,8500,7004,1367,129,990,193,166,27,3,0,51375,26712,1397,1397,634,53,177,0,0,0,0,0,90,0,11,0,0,3,15,0,0,0,0,0,0,3,0,0,0,0,6,4,0,0,0,0,22,9,12,0,0,0,0,431,231218,0,0,0,0,55,47,10,1,1,13,0,3,3,Jolteon
