date_string,time_string,player_name,pokemon,trainer_name,trainer_id,location,total_pokemon,real_time_total,real_time_hmmss,real_time_file_label,resets,blackouts,failures,level,game_time,battle_duration,move1,move2,move3,move4,move1pp,move2pp,move3pp,move4pp,move1ppUp,move2ppUp,move3ppUp,move4ppUp,saves,steps,bonks,trainerBattles,wildBattles,battleTurns,playerTurns,enemyTurns,itemsInBag,money,rivalTeam,statusCondition,type1,type2,experience,ROM,Species,Trainer,Start Time,Real Time,Game Time,Level,Resets,RTHours,RTMinutes,RTSeconds,RTMilliseconds,Move 1,Move 2,Move 3,Move 4,Hp,Max HP,Attack,Defense,Sp. Attack,Sp. Defense,Speed,Attack DV,Defense DV,Speed DV,Special DV,StatExp HP,StatExp Attack,StatExp Def,StatExp Sp. Attack,StatExp Sp. Defense,StatExp Speed,Attack Stage,Defense Stage,Sp. Attack Stage,Sp. Defense Stage,Speed Stage,Accuracy Stage,Evasion Stage,Battle Attack,Battle Defense,Battle Sp. Attack,Battle Sp. Defense,Battle Speed,Frame Count,Overworld Frame Count,Battle Frame Count,Menu Frame Count,Intro Frame Count,Save Count,Reload Count,Clock Reset Count,Steps Count,Steps Count Walk,Steps Count Bike,Steps Count Surf,Bonks,Battles,Trainer Battles,Wild Battles,Battles Fled,Failed Runs,Total Damage Dealt,Actual Damage Dealt,Total Damage Taken,Actual Damage Taken,Own Moves Hit,Own Moves Missed,Enemy Moves Hit,Enemy Moves Missed,Own Moves Super Effective,Own Moves Not Very Effective,Enemy Moves Super Effective,Enemy Moves Not Very Effective,Criticals Dealt,OHKOs Dealt,Criticals Taken,OHKOs Taken,Was Confused,Enemy Became Confused,Was Paralyzed,Enemy Was Paralyzed,Was Burned,Enemy Was Burned,Was Frozen,Enemy Was Frozen,Was Poisoned,Enemy Was Poisoned,Was Badly Poisoned,Enemy Was Badly Poisoned,Fell Asleep,Enemy Fell Asleep,Player Turns Confused,Player Turns Confused Hit Self,Player Turns Paralyzed,Player Turns Paralyzed Fully,Enemy Turns Confused,Enemy Turns Confused Hit Self,Enemy Turns Paralyzed,Enemy Turns Paralyzed Fully, Player Turns Asleep, Enemy Turns Asleep,Player HP Healed,Enemy HP Healed,Player Pokemon Fainted,Enemy Pokemon Fainted,Experience Gained,Switchouts,Money Made,Money Spent,Money Lost,Items Picked Up,Items Bought,Items Sold,Balls Thrown,Pokemon Caught In Balls,Moves Learnt,Blackouts,Attempt Number,Failures, Rival's Team
4-19,06:25:58,NINTEN,Spearow,Rival1-Lab,1,Pallet Town - Oak's Lab,1,42.16,42,0h0m42s,0,0,0,6,0:02,8.196,PECK,GROWL,,,0,71,1,1,1,3,3,2,0,3000,Jolteon, ,Normal,Flying,222,Spearow4,Spearow,Rival (Lab),00:00:33.96,00:00:42.16,00:02:13.32,6,0,0,0,42,16,PECK,GROWL,,,32,40,0,0,0,0,0,0,16,22,14,10,10,10,15,55,55,50,65,65,55,15,15,15,15,0,-1,0,0,0,0,0,14,6,10,10,15,9976,4815,3169,0,1992,0,0,0,71,71,0,0,1,2,1,1,0,0,23,21,6,6,3,0,2,0,0,0,0,0,2,0,0,0,0,0,0,0,0,0,0,0,0,0,0,0,0,0,0,0,0,0,0,0,0,0,0,0,0,0,0,1,97,0,0,0,0,0,0,0,0,0,0,0,4,0,Jolteon
4-19,06:27:19,NINTEN,Spearow,Bug Catcher,1,Viridian Forest,2,2:02.96,2:02,0h2m2s,0,0,0,7,0:07,10.553,PECK,GROWL,,,0,523,33,2,2,7,7,4,4,375,Flareon, ,Normal,Flying,380,Spearow4,Spearow,,00:01:52.41,00:02:02.96,00:07:32.40,7,0,0,2,2,96,PECK,GROWL,,,31,40,0,0,0,0,0,0,18,24,15,11,11,11,17,145,115,120,105,105,145,15,15,15,15,0,0,0,0,0,0,0,15,11,11,11,17,29124,20100,7032,0,1992,0,0,0,523,523,0,0,33,4,2,2,0,0,72,69,12,12,7,0,4,0,0,0,0,0,2,0,0,0,0,0,0,0,0,0,0,0,0,0,0,0,0,0,0,0,0,0,0,0,0,0,0,0,0,0,0,3,255,0,0,0,0,0,12,0,0,0,0,0,4,0,Flareon
4-19,06:27:39,NINTEN,Spearow,Bug Catcher,2,Viridian Forest,3,2:22.87,2:22,0h2m22s,0,0,0,8,0:08,16.102,PECK,GROWL,,,0,541,34,3,2,13,13,9,4,445,Flareon, ,Normal,Flying,629,Spearow4,Spearow,,00:02:06.77,00:02:22.87,00:08:51.19,8,0,0,2,22,87,PECK,GROWL,,,25,40,0,0,0,0,0,0,21,27,17,12,12,12,18,290,185,265,175,175,250,15,15,15,15,0,0,0,0,-2,0,0,17,12,12,12,9,33843,20577,11274,0,1992,0,0,0,541,541,0,0,34,5,3,2,0,0,161,135,12,12,13,0,6,0,0,0,0,0,3,0,0,0,0,0,0,0,0,0,0,0,0,0,0,0,0,0,0,0,0,0,0,0,0,0,0,0,0,0,0,6,504,0,0,0,0,0,12,0,0,0,0,0,4,0,Flareon
4-19,06:28:02,NINTEN,Spearow,Bug Catcher,15,Viridian Forest,2,2:46.68,2:46,0h2m46s,0,0,0,9,0:10,12.695,PECK,GROWL,LEER,,0,582,37,4,3,18,18,13,4,505,Flareon, ,Normal,Flying,864,Spearow4,Spearow,,00:02:33.99,00:02:46.68,00:10:25.23,9,0,0,2,46,68,PECK,GROWL,LEER,,20,40,30,0,0,0,0,0,20,29,18,13,13,13,20,430,265,390,240,240,370,15,15,15,15,0,0,0,0,-2,0,0,18,13,13,13,10,39487,21832,15663,0,1992,0,0,0,582,582,0,0,37,7,4,3,0,0,254,204,15,15,18,0,9,0,0,0,0,0,3,0,0,0,0,0,0,0,0,0,0,0,0,0,0,0,0,0,0,0,0,0,0,0,0,0,0,0,0,0,0,9,739,0,0,0,0,1,12,0,0,0,1,0,4,0,Flareon
4-19,06:28:36,NINTEN,Spearow,Bug Catcher,3,Viridian Forest,1,3:20.68,3:20,0h3m20s,0,0,0,10,0:12,7.292,PECK,GROWL,LEER,,0,628,42,5,7,24,24,16,3,585,Flareon, ,Normal,Flying,1095,Spearow4,Spearow,,00:03:13.39,00:03:20.68,00:12:39.13,10,0,0,3,20,68,PECK,GROWL,LEER,,14,40,30,0,0,0,0,0,22,31,20,14,14,14,22,620,365,570,330,330,520,15,15,15,15,0,0,0,0,-2,0,0,20,14,14,14,11,47517,22845,22680,0,1992,0,0,0,628,628,0,0,42,12,5,7,0,0,382,308,15,15,24,0,12,0,0,0,0,0,5,0,0,0,0,0,0,0,0,0,0,0,0,0,0,0,0,0,0,0,0,0,0,0,0,0,0,0,0,0,0,13,970,0,0,0,0,1,12,0,1,1,1,0,4,0,Flareon
4-19,06:29:52,NINTEN,Spearow,Lass,19,Viridian Forest,2,4:36.56,4:36,0h4m36s,0,0,0,11,0:17,9.412,PECK,GROWL,LEER,,0,916,65,6,15,36,36,18,4,135,Flareon, ,Normal,Flying,1503,Spearow4,Spearow,,00:04:27.15,00:04:36.56,00:17:37.45,11,0,0,4,36,56,PECK,GROWL,LEER,,25,40,30,0,0,0,0,0,33,33,22,15,15,15,24,1086,699,962,575,575,956,15,15,15,15,-2,0,0,0,0,0,0,11,15,15,15,24,65429,30175,33262,0,1992,0,0,0,916,916,0,0,65,21,6,15,0,0,721,498,15,15,36,0,14,0,0,0,0,0,7,0,0,0,0,0,0,0,0,0,0,0,0,0,0,0,0,0,0,0,0,0,0,0,0,0,0,0,0,0,0,23,1378,0,0,0,0,1,13,0,1,1,1,0,4,0,Flareon
4-19,06:30:26,NINTEN,Spearow,Rival1a-Route 22,2,Route 22,2,5:10.50,5:10,0h5m10s,0,0,0,12,0:19,11.706,PECK,GROWL,LEER,,0,1037,71,7,17,43,43,21,4,225,Flareon, ,Normal,Flying,1842,Spearow4,Spearow,Rival (Optional),00:04:58.79,00:05:10.50,00:19:51.34,12,0,0,5,10,50,PECK,GROWL,LEER,,18,40,30,0,0,0,0,0,25,36,23,16,16,16,26,1276,864,1132,716,716,1156,15,15,15,15,0,0,0,0,0,-1,0,23,16,16,16,26,73458,33023,38443,0,1992,0,0,0,1037,1037,0,0,71,24,7,17,0,0,845,590,26,26,43,0,17,0,0,0,0,0,7,0,0,0,0,0,0,0,0,0,0,0,0,0,0,0,0,0,0,0,0,0,0,0,0,0,0,0,0,0,0,27,1717,0,0,0,0,1,13,0,1,1,1,0,4,0,Flareon
4-19,06:34:19,NINTEN,Spearow,Jr Trainer M,1,Pewter City - Gym,2,9:03.00,9:03,0h9m3s,0,8,8,15,0:35,12.292,PECK,GROWL,LEER,FURY ATTACK,0,1610,98,16,17,118,118,86,3,1,Jolteon, ,Normal,Flying,3424,Spearow4,Spearow,,00:08:50.70,00:09:03.00,00:35:11.04,15,0,0,9,3,0,PECK,GROWL,LEER,FURY ATTACK,30,40,30,20,0,0,0,0,28,42,28,19,20,20,32,1416,1434,1442,1151,1151,2051,15,15,15,15,0,0,0,0,0,0,0,28,19,20,20,32,128628,48806,77287,543,1992,0,0,0,1610,1610,0,0,98,33,16,17,0,0,1199,817,369,346,118,0,82,0,0,0,0,0,9,0,3,0,0,0,0,0,0,0,0,0,0,0,0,0,0,0,0,0,0,0,0,0,0,0,0,0,0,0,8,37,3299,0,0,0,0,1,13,0,1,1,1,8,4,8,Jolteon
4-19,06:35:11,NINTEN,Spearow,Brock,1,Pewter City - Gym,2,9:55.78,9:55,0h9m55s,0,8,8,15,0:38,43.641,PECK,GROWL,LEER,FURY ATTACK,1,1614,99,17,17,138,138,101,3,181,Jolteon, ,Normal,Flying,3884,Spearow4,Spearow,Brock,00:09:12.13,00:09:55.78,00:38:40.28,15,0,0,9,55,78,PECK,GROWL,LEER,FURY ATTACK,30,36,25,9,0,0,0,0,7,42,28,19,20,20,32,1491,1559,1702,1211,1211,2141,15,15,15,15,0,-4,0,0,0,0,0,28,6,20,20,32,141192,49422,88253,1525,1992,1,0,0,1614,1614,0,0,99,34,17,17,0,0,1261,878,404,381,135,7,93,0,0,0,0,0,11,0,3,0,0,0,0,0,0,0,0,0,0,0,0,0,0,0,0,0,0,0,0,0,0,0,0,0,0,0,8,39,3759,0,0,0,0,1,13,0,1,1,2,8,4,8,Jolteon
4-19,06:35:36,NINTEN,Spearow,Bug Catcher,4,Route 3,3,10:20.65,10:20,0h10m20s,0,8,8,16,0:40,9.817,PECK,GROWL,LEER,FURY ATTACK,1,1687,99,18,17,141,141,101,4,1369,Jolteon, ,Normal,Flying,4219,Spearow4,Spearow,,00:10:10.83,00:10:20.65,00:40:18.35,16,0,0,10,20,65,PECK,GROWL,LEER,FURY ATTACK,27,36,25,9,0,0,0,0,30,45,30,21,21,21,34,1621,1654,1802,1271,1271,2281,15,15,15,15,0,0,0,0,0,0,0,33,21,21,21,34,147079,51572,91580,1935,1992,1,0,0,1687,1687,0,0,99,35,18,17,0,0,1391,967,404,381,138,7,93,0,0,0,0,0,11,0,3,0,0,0,0,0,0,0,0,0,0,0,0,0,0,0,0,0,0,0,0,0,0,0,0,0,0,0,8,42,4094,0,0,0,0,1,13,0,1,1,2,8,4,8,Jolteon
4-19,06:35:50,NINTEN,Spearow,Youngster Ben,1,Route 3,2,10:34.72,10:34,0h10m34s,0,8,8,16,0:41,10.762,PECK,GROWL,LEER,FURY ATTACK,1,1691,99,19,17,145,145,103,4,1469,Jolteon, ,Normal,Flying,4497,Spearow4,Spearow,,00:10:23.95,00:10:34.72,00:41:14.03,16,0,0,10,34,72,PECK,GROWL,LEER,FURY ATTACK,23,36,25,9,0,0,0,0,19,45,30,21,21,21,34,1686,1770,1881,1336,1336,2408,15,15,15,15,0,0,0,0,0,0,0,33,21,21,21,34,150407,51856,94624,1935,1992,1,0,0,1691,1691,0,0,99,36,19,17,0,0,1472,1026,415,392,142,7,95,0,0,0,0,0,12,0,3,0,0,0,0,0,0,0,0,0,0,0,0,0,0,0,0,0,0,0,0,0,0,0,0,0,0,0,8,44,4372,0,0,0,0,1,13,0,1,1,2,8,4,8,Jolteon
4-19,06:36:06,NINTEN,Spearow,Bug Catcher,5,Route 3,4,10:50.17,10:50,0h10m50s,0,8,8,17,0:42,12.636,PECK,GROWL,LEER,FURY ATTACK,1,1695,100,20,17,149,149,103,4,1634,Jolteon, ,Normal,Flying,4972,Spearow4,Spearow,,00:10:37.53,00:10:50.17,00:42:14.52,17,0,0,10,50,17,PECK,GROWL,LEER,FURY ATTACK,19,36,25,9,0,0,0,0,21,47,32,22,22,22,35,1866,1880,2051,1426,1426,2568,15,15,15,15,0,0,0,0,0,0,0,36,22,22,22,35,154056,52030,98099,1935,1992,1,0,0,1695,1695,0,0,100,37,20,17,0,0,1689,1138,415,392,146,7,95,0,0,0,0,0,14,0,3,0,0,0,0,0,0,0,0,0,0,0,0,0,0,0,0,0,0,0,0,0,0,0,0,0,0,0,8,48,4847,0,0,0,0,1,13,0,1,1,2,8,4,8,Jolteon
4-19,06:36:20,NINTEN,Spearow,Lass,2,Route 3,2,11:04.61,11:04,0h11m4s,0,8,8,17,0:43,9.508,PECK,GROWL,LEER,FURY ATTACK,1,1702,101,21,17,153,153,105,4,1724,Jolteon, ,Normal,Flying,5220,Spearow4,Spearow,,00:10:55.10,00:11:04.61,00:43:11.50,17,0,0,11,4,61,PECK,GROWL,LEER,FURY ATTACK,15,36,25,9,0,0,0,0,5,47,32,22,22,22,35,1942,1993,2126,1491,1491,2690,15,15,15,15,0,0,0,0,0,0,0,36,22,22,22,35,157474,52675,100872,1935,1992,1,0,0,1702,1702,0,0,101,38,21,17,0,0,1786,1195,431,408,150,7,97,0,0,0,0,0,15,0,4,0,0,0,0,0,0,0,0,0,0,0,0,0,0,0,0,0,0,0,0,0,0,0,0,0,0,0,8,50,5095,0,0,0,0,1,13,0,1,1,2,8,4,8,Jolteon
4-19,06:36:31,NINTEN,Spearow,Bug Catcher,6,Route 3,2,11:15.79,11:15,0h11m15s,0,8,8,17,0:43,6.823,PECK,GROWL,LEER,FURY ATTACK,1,1703,102,22,17,155,155,105,4,1874,Jolteon, ,Normal,Flying,5513,Spearow4,Spearow,,00:11:08.97,00:11:15.79,00:43:55.37,17,0,0,11,15,79,PECK,GROWL,LEER,FURY ATTACK,13,36,25,9,0,0,0,0,25,47,32,22,22,22,35,2037,2043,2216,1536,1536,2765,15,15,15,15,0,0,0,0,0,0,0,36,22,22,22,35,160101,52862,102953,2294,1992,1,0,0,1703,1703,0,0,102,39,22,17,0,0,1864,1260,431,408,152,7,97,0,0,0,0,0,15,0,4,0,0,0,0,0,0,0,0,0,0,0,0,0,0,0,0,0,0,0,0,0,0,0,0,0,0,0,8,52,5388,0,0,0,0,1,13,0,1,1,2,8,4,8,Jolteon
4-19,06:36:43,NINTEN,Spearow,Lass,3,Route 3,1,11:27.82,11:27,0h11m27s,0,8,8,17,0:44,6.654,PECK,GROWL,LEER,FURY ATTACK,1,1716,103,23,17,157,157,106,4,1984,Jolteon, ,Normal,Flying,5741,Spearow4,Spearow,,00:11:21.17,00:11:27.82,00:44:42.56,17,0,0,11,27,82,PECK,GROWL,LEER,FURY ATTACK,13,36,25,7,0,0,0,0,36,47,32,22,22,22,35,2152,2088,2236,1561,1561,2785,15,15,15,15,0,0,0,0,0,0,0,36,22,22,22,35,162940,53269,105029,2650,1992,1,0,0,1716,1716,0,0,103,40,23,17,0,0,1922,1318,440,417,154,7,98,0,0,0,0,0,15,0,4,0,0,0,0,0,0,0,0,0,0,0,0,0,0,0,0,0,0,0,0,0,0,0,0,0,0,0,8,53,5616,0,0,0,0,1,13,0,1,1,2,8,4,8,Jolteon
4-19,06:37:09,NINTEN,Spearow,Bug Catcher,7,Mt Moon - 1,2,11:53.05,11:53,0h11m53s,0,8,8,18,0:46,7.644,PECK,GROWL,LEER,FURY ATTACK,27136,297,40194,6,9728,3,41218,39424,4,2194,Jolteon, ,Normal,Flying,6028,Spearow4,Spearow,,00:11:45.41,00:11:53.05,00:46:22.30,18,0,0,11,53,5,PECK,GROWL,LEER,FURY ATTACK,33,40,30,20,0,0,0,0,49,49,33,23,23,23,37,2237,2148,2316,1606,1606,2870,15,15,15,15,0,0,0,0,0,0,0,37,23,23,23,37,3183,1778386406,1929,0,0,27136,256,0,297,218103849,33560320,285252864,40194,9734,6,9728,16384,3328,137,50340927,134228736,0,2,0,21760,0,0,0,0,0,2,0,0,0,0,0,0,0,0,0,0,0,2048,13568,2,4096,0,0,0,0,0,0,0,0,0,0,0,0,0,0,0,2,287,0,1000000,0,165000,7,33280,1,25088,1792,47104,8,4,8,Jolteon
4-19,06:37:21,NINTEN,Spearow,Lass,6,Mt Moon - 1,1,12:05.53,12:05,0h12m5s,0,8,8,18,0:47,9.357,PECK,GROWL,LEER,FURY ATTACK,27136,306,40194,7,9728,9,41221,39429,4,2304,Jolteon, ,Normal,Flying,6232,Spearow4,Spearow,,00:11:56.17,00:12:05.53,00:47:11.51,18,0,0,12,5,53,PECK,GROWL,LEER,FURY ATTACK,30,40,30,20,0,0,0,0,33,49,33,23,23,23,37,2307,2193,2364,1666,1666,2905,15,15,15,15,0,0,0,0,0,0,0,37,23,23,23,37,6144,1778386744,4552,0,0,27136,256,0,306,218103858,33560320,285252864,40194,9735,7,9728,16384,3328,189,50340972,134228752,16,5,1,21763,0,0,0,0,0,2,0,0,0,0,0,0,0,0,0,0,0,2048,13568,2,4096,0,0,0,0,0,0,0,0,0,0,2,0,0,0,0,3,491,0,1000000,0,165000,7,33280,1,25088,1792,47104,8,4,8,Jolteon
4-19,06:37:50,NINTEN,Spearow,Rocket,2,Mt Moon - 3,3,12:34.12,12:34,0h12m34s,0,8,8,18,0:49,15.439,PECK,GROWL,LEER,FURY ATTACK,27136,376,40195,8,9728,15,41227,39432,4,2514,Jolteon, ,Normal,Flying,6710,Spearow4,Spearow,,00:12:18.68,00:12:34.12,00:49:04.34,18,0,0,12,34,12,PECK,GROWL,LEER,FURY ATTACK,26,40,30,18,0,0,0,0,43,50,33,23,23,23,37,4987,2369,2519,1761,1761,3072,15,15,15,15,0,-1,0,0,0,0,0,41,15,23,23,37,12907,1778388486,8593,980,0,27136,256,0,376,218103928,33560320,285252864,40195,9736,8,9728,16384,3328,347,50341066,134228758,22,11,1,21766,0,0,0,0,0,4,0,1,0,0,0,0,0,0,0,0,0,2048,13568,2,4096,0,0,0,0,0,0,0,0,0,0,2,0,0,0,0,6,969,0,1000000,0,165000,8,33280,1,25088,1792,47104,8,4,8,Jolteon
4-19,06:38:05,NINTEN,Spearow,Super Nerd,1,Mt Moon - 1,2,12:49.35,12:49,0h12m49s,0,8,8,19,0:50,9.24,PECK,GROWL,LEER,FURY ATTACK,27136,422,40198,9,9728,17,41229,39432,4,2844,Jolteon, ,Normal,Flying,7159,Spearow4,Spearow,,00:12:40.11,00:12:49.35,00:50:04.31,19,0,0,12,49,35,PECK,GROWL,LEER,FURY ATTACK,26,40,30,16,0,0,0,0,46,53,35,24,24,24,39,5052,2434,2639,1911,1911,3217,15,15,15,15,0,0,0,0,0,0,0,39,24,24,24,39,16504,1778389508,11168,980,0,27136,256,0,422,218103974,33560320,285252864,40198,9737,9,9728,16384,3328,408,50341125,134228758,22,13,1,21766,0,0,0,0,0,4,0,1,0,0,0,0,0,0,0,0,0,2048,13568,2,4096,0,0,0,0,0,0,0,0,0,0,2,0,0,0,0,8,1418,0,1000000,0,165000,8,33280,1,25088,1792,47104,8,4,8,Jolteon
4-19,06:38:20,NINTEN,Spearow,Bug Catcher,8,Mt Moon - 1,3,13:03.92,13:03,0h13m3s,0,8,8,19,0:51,9.251,PECK,GROWL,LEER,FURY ATTACK,27136,442,40216,10,9728,20,41232,39432,5,3119,Jolteon, ,Normal,Flying,7536,Spearow4,Spearow,,00:12:54.67,00:13:03.92,00:51:01.59,19,0,0,13,3,92,PECK,GROWL,LEER,FURY ATTACK,23,40,30,16,0,0,0,0,46,53,35,24,24,24,39,5192,2514,2764,1976,1976,3337,15,15,15,15,0,0,0,0,0,0,0,39,24,24,24,39,19952,1778390362,13762,980,0,27136,256,0,442,218103994,33560320,285252864,40216,9738,10,9728,16384,3328,579,50341216,134228758,22,16,1,21766,0,0,0,0,0,5,0,1,0,0,0,0,0,0,0,0,0,2048,13568,2,4096,0,0,0,0,0,0,0,0,0,0,2,0,0,0,0,11,1795,0,1000000,0,165000,9,33280,1,25088,1792,47104,8,4,8,Jolteon
4-19,06:38:31,NINTEN,Spearow,Lass,5,Mt Moon - 1,2,13:14.90,13:14,0h13m14s,0,8,8,19,0:51,6.693,PECK,GROWL,LEER,FURY ATTACK,27136,463,40216,11,9728,22,41234,39432,5,3219,Jolteon, ,Normal,Flying,7917,Spearow4,Spearow,,00:13:08.21,00:13:14.90,00:51:45.17,19,0,0,13,14,90,PECK,GROWL,LEER,FURY ATTACK,21,40,30,16,0,0,0,0,46,53,35,24,24,24,39,5287,2639,2854,2121,2121,3407,15,15,15,15,0,0,0,0,0,0,0,39,24,24,24,39,22550,1778390980,15742,980,0,27136,256,0,463,218104015,33560320,285252864,40216,9739,11,9728,16384,3328,711,50341281,134228758,22,18,1,21766,0,0,0,0,0,6,0,1,0,0,0,0,0,0,0,0,0,2048,13568,2,4096,0,0,0,0,0,0,0,0,0,0,2,0,0,0,0,13,2176,0,1000000,0,165000,9,33280,1,25088,1792,47104,8,4,8,Jolteon
4-19,06:38:49,NINTEN,Spearow,Rocket,3,Mt Moon - 3,2,13:33.46,13:33,0h13m33s,0,8,8,20,0:52,13.157,PECK,GROWL,LEER,FURY ATTACK,27136,494,40216,12,9728,29,41238,39434,5,3384,Jolteon, ,Normal,Flying,8214,Spearow4,Spearow,,00:13:20.30,00:13:33.46,00:52:58.25,20,0,0,13,33,46,PECK,GROWL,LEER,FURY ATTACK,17,40,30,16,0,0,0,0,39,55,37,25,25,25,41,5362,2744,2933,2201,2201,3517,15,15,15,15,0,0,0,0,0,0,0,41,25,25,25,41,26938,1778391858,19252,980,0,27136,256,0,494,218104046,33560320,285252864,40216,9740,12,9728,16384,3328,811,50341347,134228767,31,22,1,21768,0,0,0,0,0,6,0,2,0,0,0,0,0,0,0,0,0,2048,13568,2,4096,0,0,0,0,0,0,0,0,0,0,2,0,0,0,0,15,2473,0,1000000,0,165000,9,33280,1,25088,1792,47104,8,4,8,Jolteon
4-19,06:39:07,NINTEN,Spearow,Youngster,3,Mt Moon - 1,3,13:51.51,13:51,0h13m51s,0,8,8,20,0:54,10.139,PECK,GROWL,LEER,FURY ATTACK,27136,527,40218,13,9728,32,41241,39436,6,3744,Jolteon, ,Normal,Flying,8571,Spearow4,Spearow,,00:13:41.37,00:13:51.51,00:54:09.24,20,0,0,13,51,51,PECK,GROWL,LEER,FURY ATTACK,14,40,30,16,0,0,0,0,27,55,37,25,25,25,41,5462,2901,3038,2291,2291,3716,15,15,15,15,0,0,0,0,0,0,0,41,25,25,25,41,31197,1778392914,22455,980,0,27136,256,0,527,218104079,33560320,285252864,40218,9741,13,9728,16384,3328,907,50341430,134228779,43,25,1,21770,0,0,0,0,0,6,0,2,0,0,0,0,0,0,0,0,0,2048,13568,2,4096,0,0,0,0,0,0,0,0,0,0,2,0,0,0,0,18,2830,0,1000000,0,165000,10,33280,1,25088,1792,47104,8,4,8,Jolteon
4-19,06:39:28,NINTEN,Spearow,Rocket,1,Mt Moon - 3,2,14:12.39,14:12,0h14m12s,0,8,8,20,0:55,10.371,PECK,GROWL,LEER,FURY ATTACK,27136,591,40222,14,9728,36,41245,39439,6,3894,Jolteon, ,Normal,Flying,8878,Spearow4,Spearow,,00:14:02.01,00:14:12.39,00:55:31.36,20,0,0,14,12,39,PECK,GROWL,LEER,FURY ATTACK,10,40,30,16,0,0,0,0,32,55,37,25,25,25,41,5532,3002,3108,2356,2356,3843,15,15,15,15,0,0,0,0,0,0,0,41,25,25,25,41,36129,1778394604,25311,1366,0,27136,256,0,591,218104143,33560320,285252864,40222,9742,14,9728,16384,3328,1006,50341497,134228794,58,29,1,21773,0,0,0,0,0,6,0,2,0,0,1,0,0,0,0,0,0,2048,13568,2,4096,0,0,1,0,0,0,0,0,0,0,2,0,0,0,0,20,3137,0,1000000,0,165000,10,33280,1,25088,1792,47104,8,4,8,Jolteon
4-19,06:39:54,NINTEN,Spearow,Fossil Nerd,2,Mt Moon - 3,3,14:38.60,14:38,0h14m38s,0,8,8,21,0:57,16.031,PECK,GROWL,LEER,FURY ATTACK,27136,671,40224,15,9728,42,41251,39442,6,4284,Jolteon, ,Normal,Flying,9665,Spearow4,Spearow,,00:14:22.57,00:14:38.60,00:57:15.09,21,0,0,14,38,60,PECK,GROWL,LEER,FURY ATTACK,8,40,30,12,0,0,0,0,48,58,39,26,26,26,43,5692,3177,3303,2511,2511,4003,15,15,15,15,0,0,0,0,0,0,0,43,26,26,26,43,42342,1778396228,29508,1758,0,27136,256,0,671,218104223,33560320,285252864,40224,9743,15,9728,16384,3328,1142,50341606,134228801,65,34,3,21775,0,0,0,0,0,7,0,2,0,0,1,0,0,0,0,0,0,2048,13568,2,4096,0,0,1,0,0,0,0,0,0,0,2,0,0,0,0,23,3924,0,1000000,0,165000,10,33280,1,25088,1792,47104,8,4,8,Jolteon
4-19,06:40:27,NINTEN,Spearow,Rocket,42,Mt Moon - 3,3,15:11.35,15:11,0h15m11s,0,8,8,21,0:59,19.98,PECK,GROWL,LEER,FURY ATTACK,27137,689,40233,16,9728,52,41260,39448,7,4584,Jolteon, ,Normal,Flying,10400,Spearow4,Spearow,,00:14:51.37,00:15:11.35,00:59:24.49,21,0,0,15,11,35,PECK,GROWL,LEER,FURY ATTACK,3,40,30,8,0,0,0,0,24,58,39,26,26,26,43,5807,3347,3477,2651,2651,4183,15,15,15,15,0,0,0,0,0,0,0,43,26,26,26,43,50122,1778397935,35058,2281,0,27137,256,0,689,218104241,33560320,285252864,40233,9744,16,9728,16384,3328,1289,50341716,134228825,89,42,5,21780,0,0,0,0,0,7,0,2,0,0,1,0,0,0,0,0,0,2048,13568,2,4096,0,0,1,0,0,0,0,0,0,0,2,0,0,0,0,26,4659,0,1000000,0,165000,10,33280,1,25088,1792,47104,8,4,8,Jolteon
4-19,06:41:06,NINTEN,Spearow,Swimmer,1,Cerulean City - Gym,2,15:50.50,15:50,0h15m50s,0,8,8,22,1:01,19.949,PECK,GROWL,MIRROR MOVE,FURY ATTACK,27137,829,40240,17,9728,58,41266,39452,7,5004,Jolteon, ,Normal,Flying,11014,Spearow4,Spearow,,00:15:30.54,00:15:50.50,01:01:59.32,22,0,0,15,50,50,PECK,GROWL,MIRROR MOVE,FURY ATTACK,29,40,20,20,0,0,0,0,48,60,41,28,28,28,45,5867,3452,3647,2766,2766,4283,15,15,15,15,0,0,0,0,-1,0,0,46,28,28,28,29,59405,1778401985,40291,2281,0,27137,256,0,829,218104381,33560320,285252864,40240,9745,17,9728,16384,3328,1371,50341792,134228837,101,48,5,21782,0,0,0,0,0,8,0,2,0,0,1,0,0,0,0,0,0,2048,13568,2,4096,0,0,1,0,0,0,0,0,0,0,2,0,0,0,0,28,5273,0,1000000,0,165000,10,33280,1,25088,1792,47105,8,4,8,Jolteon
4-19,06:41:19,NINTEN,Spearow,Pecking Lass,1,Cerulean City - Gym,1,16:03.68,16:03,0h16m3s,0,8,8,22,1:02,7.6,PECK,GROWL,MIRROR MOVE,FURY ATTACK,27137,837,40241,18,9728,61,41269,39454,7,5084,Jolteon, ,Normal,Flying,11465,Spearow4,Spearow,,00:15:56.08,00:16:03.68,01:02:51.32,22,0,0,16,3,68,PECK,GROWL,MIRROR MOVE,FURY ATTACK,26,40,20,20,0,0,0,0,48,60,41,28,28,28,45,5912,3519,3707,2816,2816,4346,15,15,15,15,0,-2,0,0,0,0,0,57,14,28,28,45,62525,1778402409,42987,2281,0,27137,256,0,837,218104389,33560320,285252864,40241,9746,18,9728,16384,3328,1431,50341841,134228837,101,51,5,21784,0,0,0,0,0,9,0,2,0,0,1,0,0,0,0,0,0,2048,13568,2,4096,0,0,1,0,0,0,0,0,0,0,2,0,0,0,0,29,5724,0,1000000,0,165000,10,33280,1,25088,1792,47105,8,4,8,Jolteon
4-19,06:42:02,NINTEN,Spearow,Rival2-Nugget Bridge,3,Cerulean City,4,16:46.37,16:46,0h16m46s,0,8,8,23,1:05,22.494,PECK,GROWL,MIRROR MOVE,FURY ATTACK,27138,938,40250,19,9728,70,41278,39460,7,5464,Jolteon, ,Normal,Flying,12503,Spearow4,Spearow,Rival (Nugget Bridge),00:16:23.88,00:16:46.37,01:05:39.58,23,0,0,16,46,37,PECK,GROWL,MIRROR MOVE,FURY ATTACK,29,40,20,17,0,0,0,0,43,62,42,29,29,29,48,6087,3765,3907,2967,2967,4583,15,15,15,15,0,-3,0,0,0,0,0,58,11,29,29,48,72631,1778406135,48826,2822,0,27138,256,0,938,218104490,33560320,285252864,40250,9747,19,9728,16384,3328,1673,50342012,134228856,120,60,6,21789,0,0,0,0,0,11,0,2,0,0,1,0,0,0,0,0,0,2048,13568,2,4096,0,0,1,0,0,0,0,0,0,0,2,0,0,0,0,33,6762,0,1000000,0,165000,11,33280,1,25088,1792,47105,8,4,8,Jolteon
4-19,06:42:18,NINTEN,Spearow,Bug Catcher,9,Route 24,2,17:02.53,17:02,0h17m2s,0,8,8,23,1:06,6.705,PECK,GROWL,MIRROR MOVE,FURY ATTACK,27138,949,40250,20,9728,72,41280,39460,7,6059,Jolteon, ,Normal,Flying,12818,Spearow4,Spearow,,00:16:55.83,00:17:02.53,01:06:43.42,23,0,0,17,2,53,PECK,GROWL,MIRROR MOVE,FURY ATTACK,27,40,20,17,0,0,0,0,43,62,42,29,29,29,48,6172,3830,3972,3007,3007,4678,15,15,15,15,0,0,0,0,0,0,0,47,29,29,29,48,76455,1778407457,51328,2822,0,27138,256,0,949,218104501,33560320,285252864,40250,9748,20,9728,16384,3328,1808,50342087,134228856,120,62,6,21789,0,0,0,0,0,11,0,2,0,0,1,0,0,0,0,0,0,2048,13568,2,4096,0,0,1,0,0,0,0,0,0,0,2,0,0,0,0,35,7077,0,1000000,0,165000,11,33280,1,25088,1792,47105,8,4,8,Jolteon
4-19,06:42:31,NINTEN,Spearow,Lass,8,Route 24,2,17:15.22,17:15,0h17m15s,0,8,8,23,1:07,10.083,PECK,GROWL,MIRROR MOVE,FURY ATTACK,27138,951,40250,21,9728,76,41284,39463,7,6199,Jolteon, ,Normal,Flying,13160,Spearow4,Spearow,,00:17:05.14,00:17:15.22,01:07:33.37,23,0,0,17,15,22,PECK,GROWL,MIRROR MOVE,FURY ATTACK,23,40,20,17,0,0,0,0,27,62,42,29,29,29,48,6267,3922,4064,3082,3082,4775,15,15,15,15,0,0,0,0,0,0,0,47,29,29,29,48,79450,1778407579,54201,2822,0,27138,256,0,951,218104503,33560320,285252864,40250,9749,21,9728,16384,3328,1937,50342165,134228872,136,66,6,21792,0,0,0,0,0,12,0,2,0,0,1,0,0,0,0,0,0,2048,13568,2,4096,0,0,1,0,0,0,0,0,0,0,2,0,0,0,0,37,7419,0,1000000,0,165000,11,33280,1,25088,1792,47105,8,4,8,Jolteon
4-19,06:42:47,NINTEN,Spearow,Youngster,4,Route 24,3,17:31.79,17:31,0h17m31s,0,8,8,23,1:08,13.758,PECK,GROWL,MIRROR MOVE,FURY ATTACK,27138,955,40252,22,9728,83,41290,39466,7,6409,Jolteon, ,Normal,Flying,13679,Spearow4,Spearow,,00:17:18.03,00:17:31.79,01:08:38.58,23,0,0,17,31,79,PECK,GROWL,MIRROR MOVE,FURY ATTACK,17,40,20,17,0,0,0,0,9,62,42,29,29,29,48,6372,4083,4178,3187,3187,4957,15,15,15,15,0,0,0,0,0,0,0,47,29,29,29,48,83371,1778407769,57932,2822,0,27138,256,0,955,218104507,33560320,285252864,40252,9750,22,9728,16384,3328,2118,50342272,134228890,154,72,7,21794,0,0,0,0,0,12,0,2,0,0,1,0,0,0,0,0,0,2048,13568,2,4096,0,0,1,0,0,0,0,0,0,0,2,0,0,0,0,40,7938,0,1000000,0,165000,11,33280,1,25088,1792,47105,8,4,8,Jolteon
4-19,06:43:21,NINTEN,Spearow,Lass,7,Route 24,2,18:05.36,18:05,0h18m5s,0,8,8,24,1:10,11.602,PECK,GROWL,MIRROR MOVE,FURY ATTACK,27138,1103,40269,23,9728,87,41294,39468,7,4219,Jolteon, ,Normal,Flying,14067,Spearow4,Spearow,,00:17:53.76,00:18:05.36,01:10:51.33,24,0,0,18,5,36,PECK,GROWL,MIRROR MOVE,FURY ATTACK,31,40,20,20,0,0,0,0,49,65,44,30,30,30,49,6467,4175,4270,3262,3262,5054,15,15,15,15,0,0,0,0,0,0,0,49,30,30,30,49,91326,1778412487,61169,2822,0,27138,256,0,1103,218104655,33560320,285252864,40269,9751,23,9728,16384,3328,2216,50342359,134228906,170,76,7,21796,0,0,0,0,0,12,0,2,0,0,1,0,0,0,0,0,0,2048,13568,2,4096,0,0,1,0,0,0,0,0,0,0,2,0,0,0,0,42,8326,0,1000000,0,165000,11,33288,1,25088,1792,47105,8,4,8,Jolteon
4-19,06:43:30,NINTEN,Spearow,Jr Trainer M,3,Route 24,1,18:14.29,18:14,0h18m14s,0,8,8,24,1:11,4.384,PECK,GROWL,MIRROR MOVE,FURY ATTACK,27138,1105,40272,24,9728,88,41295,39468,7,4459,Jolteon, ,Normal,Flying,14352,Spearow4,Spearow,,00:18:09.91,00:18:14.29,01:11:26.40,24,0,0,18,14,29,PECK,GROWL,MIRROR MOVE,FURY ATTACK,30,40,20,20,0,0,0,0,49,65,44,30,30,30,49,6507,4255,4305,3297,3297,5124,15,15,15,15,0,0,0,0,0,0,0,49,30,30,30,49,93433,1778412681,63082,2822,0,27138,256,0,1105,218104657,33560320,285252864,40272,9752,24,9728,16384,3328,2305,50342404,134228906,170,77,7,21796,0,0,0,0,0,13,0,2,0,0,1,0,0,0,0,0,0,2048,13568,2,4096,0,0,1,0,0,0,0,0,0,0,2,0,0,0,0,43,8611,0,1000000,0,165000,11,33288,1,25088,1792,47105,8,4,8,Jolteon
4-19,06:43:46,NINTEN,Spearow,Rocket,6,Route 24,2,18:30.36,18:30,0h18m30s,0,8,8,24,1:12,9.854,PECK,GROWL,MIRROR MOVE,FURY ATTACK,27138,1111,40272,25,9728,92,41299,39470,8,4819,Jolteon, ,Normal,Flying,14722,Spearow4,Spearow,,00:18:20.51,00:18:30.36,01:12:30.10,24,0,0,18,30,36,PECK,GROWL,MIRROR MOVE,FURY ATTACK,26,40,20,20,0,0,0,0,49,65,44,30,30,30,49,6582,4360,4384,3377,3377,5234,15,15,15,15,0,0,0,0,0,0,0,49,30,30,30,49,97243,1778413661,65912,2822,0,27138,256,0,1111,218104663,33560320,285252864,40272,9753,25,9728,16384,3328,2430,50342480,134228906,170,81,8,21797,0,0,0,0,0,13,0,2,0,0,2,0,0,0,0,0,0,2048,13568,2,4096,0,0,2,0,0,0,0,0,0,0,2,0,0,0,0,45,8981,0,1000000,0,165000,11,33288,1,25088,1792,47105,8,4,8,Jolteon
4-19,06:44:20,NINTEN,Spearow,Hiker,2,Route 25,2,19:04.48,19:04,0h19m4s,0,8,8,24,1:14,25.187,PECK,GROWL,MIRROR MOVE,FURY ATTACK,27138,1153,40276,26,9728,101,41308,39477,8,5269,Jolteon, ,Normal,Flying,15280,Spearow4,Spearow,,00:18:39.29,00:19:04.48,01:14:45.28,24,0,0,19,4,48,PECK,GROWL,MIRROR MOVE,FURY ATTACK,24,39,20,14,0,0,0,0,45,65,44,30,30,30,49,6692,4520,4534,3442,3442,5289,15,15,15,15,0,0,0,0,0,0,0,49,30,30,30,49,105361,1778415281,72410,2822,0,27138,256,0,1153,218104705,33560320,285252864,40276,9754,26,9728,16384,3328,2519,50342567,134228910,174,89,10,21798,0,0,0,0,0,14,0,2,0,0,2,0,0,0,0,0,0,2048,13568,2,4096,0,0,2,0,0,0,0,0,0,0,2,0,0,0,0,47,9539,0,1000000,0,165000,11,33288,1,25088,1792,47105,8,4,8,Jolteon
4-19,06:44:40,NINTEN,Spearow,Youngster,5,Route 25,2,19:23.85,19:23,0h19m23s,0,8,8,25,1:16,12.642,PECK,GROWL,MIRROR MOVE,FURY ATTACK,27138,1166,40277,27,9728,105,41312,39479,9,5794,Jolteon, ,Normal,Flying,15649,Spearow4,Spearow,,00:19:11.21,00:19:23.85,01:16:02.08,25,0,0,19,23,85,PECK,GROWL,MIRROR MOVE,FURY ATTACK,20,39,20,14,0,0,0,0,22,67,46,31,31,31,52,6762,4636,4599,3498,3498,5431,15,15,15,15,0,0,0,0,0,0,0,51,31,31,31,52,109961,1778416400,75891,2822,0,27138,256,0,1166,218104718,33560320,285252864,40277,9755,27,9728,16384,3328,2655,50342642,134228935,199,93,11,21799,0,0,0,0,0,14,0,2,0,0,2,0,0,0,0,0,0,2048,13568,2,4096,0,0,2,0,0,0,0,0,0,0,2,0,0,0,0,49,9908,0,1000000,0,165000,12,33288,1,25088,1792,47105,8,4,8,Jolteon
4-19,06:44:57,NINTEN,Spearow,Youngster,6,Route 25,1,19:41.09,19:41,0h19m41s,0,8,8,25,1:17,8.276,PECK,GROWL,MIRROR MOVE,FURY ATTACK,27138,1170,40277,28,9728,108,41315,39481,9,6019,Jolteon, ,Normal,Flying,16009,Spearow4,Spearow,,00:19:32.81,00:19:41.09,01:17:09.47,25,0,0,19,41,9,PECK,GROWL,MIRROR MOVE,FURY ATTACK,20,39,20,11,0,0,0,0,44,67,46,31,31,31,52,6852,4701,4664,3538,3538,5446,15,15,15,15,0,0,0,0,0,0,0,51,31,31,31,52,114020,1778416721,78746,3705,0,27138,256,0,1170,218104722,33560320,285252864,40277,9756,28,9728,16384,3328,2719,50342702,134228953,217,95,12,21801,0,0,0,0,0,15,0,2,0,0,2,0,0,0,0,0,0,2048,13568,2,4096,0,0,2,0,0,0,0,0,0,0,2,0,0,0,0,50,10268,0,1000000,0,165000,12,33288,1,25088,1792,47105,8,4,8,Jolteon
4-19,06:45:11,NINTEN,Spearow,Lass,9,Route 25,2,19:55.33,19:55,0h19m55s,0,8,8,25,1:18,10.89,PECK,GROWL,MIRROR MOVE,FURY ATTACK,27138,1176,40277,29,9728,112,41319,39483,9,6274,Jolteon, ,Normal,Flying,16390,Spearow4,Spearow,,00:19:44.44,00:19:55.33,01:18:05.58,25,0,0,19,55,33,PECK,GROWL,MIRROR MOVE,FURY ATTACK,16,39,20,11,0,0,0,0,36,67,46,31,31,31,52,6953,4805,4756,3618,3618,5537,15,15,15,15,-1,0,0,0,0,0,0,33,31,31,31,52,117391,1778417036,81802,3705,0,27138,256,0,1176,218104728,33560320,285252864,40277,9757,29,9728,16384,3328,2827,50342786,134228961,225,99,12,21803,0,0,0,0,0,15,0,2,0,0,2,0,0,0,0,0,0,2048,13568,2,4096,0,0,2,0,0,0,0,0,0,0,2,0,0,0,0,52,10649,0,1000000,0,165000,12,33288,1,25088,1792,47105,8,4,8,Jolteon
4-19,06:45:26,NINTEN,Spearow,Jr Trainer M,2,Route 25,2,20:10.12,20:10,0h20m10s,0,8,8,25,1:19,9.538,PECK,GROWL,MIRROR MOVE,FURY ATTACK,27138,1185,40280,30,9728,117,41322,39484,9,6499,Jolteon, ,Normal,Flying,16747,Spearow4,Spearow,,00:20:00.58,00:20:10.12,01:19:04.12,25,0,0,20,10,12,PECK,GROWL,MIRROR MOVE,FURY ATTACK,13,39,20,11,0,0,0,0,50,67,46,31,31,31,52,7018,4921,4835,3683,3683,5664,15,15,15,15,0,0,0,0,0,0,0,51,31,31,31,52,120885,1778417431,84534,4072,0,27138,256,0,1185,218104737,33560320,285252864,40280,9758,30,9728,16384,3328,2929,50342856,134228967,231,102,12,21804,0,0,0,0,0,15,0,2,0,0,2,0,0,0,0,0,0,2048,13568,2,4096,0,0,2,0,0,0,0,0,0,0,2,0,0,0,0,54,11006,0,1000000,0,165000,12,33288,1,25088,1792,47105,8,4,8,Jolteon
4-19,06:45:39,NINTEN,Spearow,Youngster,7,Route 25,2,20:23.08,20:23,0h20m23s,0,8,8,25,1:19,9.393,PECK,GROWL,MIRROR MOVE,FURY ATTACK,27138,1196,40281,31,9728,121,41326,39486,9,6779,Jolteon, ,Normal,Flying,17212,Spearow4,Spearow,,00:20:13.68,00:20:23.08,01:19:55.19,25,0,0,20,23,8,PECK,GROWL,MIRROR MOVE,FURY ATTACK,9,39,20,11,0,0,0,0,40,67,46,31,31,31,52,7103,5056,4964,3753,3753,5759,15,15,15,15,0,0,0,0,0,0,0,51,31,31,31,52,123952,1778417787,87245,4072,0,27138,256,0,1196,218104748,33560320,285252864,40281,9759,31,9728,16384,3328,3038,50342932,134228977,241,106,13,21805,0,0,0,0,0,16,0,3,0,0,2,0,0,0,0,0,0,2048,13568,2,4096,0,0,2,0,0,0,0,0,0,0,2,0,0,0,0,56,11471,0,1000000,0,165000,12,33288,1,25088,1792,47105,8,4,8,Jolteon
4-19,06:45:52,NINTEN,Spearow,Oddish Lass,10,Route 25,3,20:36.41,20:36,0h20m36s,0,8,8,26,1:20,10.373,PECK,GROWL,MIRROR MOVE,FURY ATTACK,27138,1200,40282,32,9728,124,41329,39487,9,6989,Jolteon, ,Normal,Flying,17797,Spearow4,Spearow,Oddish Lass,00:20:26.03,00:20:36.41,01:20:47.47,26,0,0,20,36,41,PECK,GROWL,MIRROR MOVE,FURY ATTACK,6,39,20,11,0,0,0,0,36,70,48,33,32,32,54,7233,5201,5114,3938,3938,5875,15,15,15,15,0,0,0,0,0,0,0,54,33,32,32,54,127100,1778417989,90191,4072,0,27138,256,0,1200,218104752,33560320,285252864,40282,9760,32,9728,16384,3328,3218,50343039,134228984,248,109,13,21806,0,0,0,0,0,17,0,3,0,0,2,0,0,0,0,0,0,2048,13568,2,4096,0,0,2,0,0,0,0,0,0,0,2,0,0,0,0,59,12056,0,1000000,0,165000,12,33288,1,25088,1792,47105,8,4,8,Jolteon
4-19,06:46:29,NINTEN,Spearow,Cerulean Rocket,5,Cerulean City,2,21:12.99,21:12,0h21m12s,0,8,8,26,1:23,8.083,PECK,GROWL,MIRROR MOVE,FURY ATTACK,27138,1349,40290,33,9728,127,41332,39488,10,7184,Jolteon, ,Normal,Flying,18486,Spearow4,Spearow,Rocket,00:21:04.91,00:21:12.99,01:23:12.18,26,0,0,21,12,99,PECK,GROWL,MIRROR MOVE,FURY ATTACK,3,39,20,11,0,0,0,0,36,70,48,33,32,32,54,7363,5329,5209,4063,4063,5952,15,15,15,15,0,0,0,0,0,0,0,54,33,32,32,54,135771,1778423867,92984,4072,0,27138,256,0,1349,218104901,33560320,285252864,40290,9761,33,9728,16384,3328,3346,50343142,134228984,248,112,13,21806,0,0,0,0,0,18,0,3,0,0,2,0,0,0,0,0,0,2048,13568,2,4096,0,0,2,0,0,0,0,0,0,0,2,0,0,0,0,61,12745,0,1000000,0,165000,13,33288,1,25088,1792,47105,8,4,8,Jolteon
4-19,06:47:02,NINTEN,Spearow,Misty,1,Cerulean City - Gym,2,21:46.34,21:46,0h21m46s,0,8,8,27,1:25,13.424,PECK,GROWL,MIRROR MOVE,FURY ATTACK,27139,1435,40297,34,9728,131,41336,39490,11,7694,Jolteon, ,Normal,Flying,19825,Spearow4,Spearow,Misty,00:21:32.92,00:21:46.34,01:25:24.14,27,0,0,21,46,34,PECK,GROWL,MIRROR MOVE,FURY ATTACK,33,40,20,18,0,0,0,0,54,72,50,34,34,34,56,7453,5449,5349,4233,4233,6152,15,15,15,15,0,0,0,0,0,0,0,56,34,34,34,56,143687,1778427494,96688,4657,0,27139,256,0,1435,218104987,33560320,285252864,40297,9762,34,9728,16384,3328,3446,50343242,134229002,266,116,13,21807,0,0,0,0,0,20,0,3,0,0,2,0,0,0,0,0,0,2048,13568,2,4096,0,0,2,0,0,0,0,0,0,0,2,0,0,0,0,63,14084,0,1000000,0,165000,13,33288,1,25088,1792,47105,8,4,8,Jolteon
4-19,06:47:40,NINTEN,Spearow,Bug Catcher,11,Route 6,1,22:24.09,22:24,0h22m24s,0,8,8,27,1:27,7.74,PECK,GROWL,MIRROR MOVE,FURY ATTACK,27139,1660,40305,35,9728,134,41338,39492,13,9773,Jolteon, ,Normal,Flying,20510,Spearow4,Spearow,,00:22:16.36,00:22:24.09,01:27:53.17,27,0,0,22,24,9,PECK,GROWL,MIRROR MOVE,FURY ATTACK,31,40,20,18,0,0,0,0,37,72,50,34,34,34,56,7513,5494,5399,4313,4313,6222,15,15,15,15,0,0,0,0,0,0,0,56,34,34,34,56,152630,1778433582,99543,4657,0,27139,256,0,1660,218105212,33560320,285252864,40305,9763,35,9728,16384,3328,3539,50343299,134229019,283,118,14,21809,0,0,0,0,0,20,0,3,0,0,3,0,0,0,0,0,0,2048,13568,2,4096,0,0,4,1,0,0,0,0,0,0,2,0,0,0,0,64,14769,0,1000000,0,165000,14,33288,1,25088,1792,47105,8,4,8,Jolteon
4-19,06:47:59,NINTEN,Spearow,Sandy,3,Route 6,3,22:43.51,22:43,0h22m43s,0,8,8,27,1:29,13.421,PECK,GROWL,MIRROR MOVE,FURY ATTACK,27139,1668,40305,36,9728,140,41344,39496,13,9973,Jolteon, ,Normal,Flying,21071,Spearow4,Spearow,,00:22:30.09,00:22:43.51,01:29:09.35,27,0,0,22,43,51,PECK,GROWL,MIRROR MOVE,FURY ATTACK,25,40,20,18,0,0,0,0,56,72,50,34,34,34,56,7633,5629,5519,4418,4418,6390,15,15,15,15,0,0,0,0,0,-2,0,70,34,34,34,56,157208,1778433880,103221,5259,0,27139,256,0,1668,218105220,33560320,285252864,40305,9764,36,9728,16384,3328,3724,50343422,134229035,299,123,15,21813,0,0,0,0,0,20,0,3,0,0,3,0,0,0,0,0,0,2048,13568,2,4096,0,0,4,1,0,0,0,0,0,0,2,0,0,0,0,67,15330,0,1000000,0,165000,14,33288,1,25088,1792,47105,8,4,8,Jolteon
4-19,06:48:12,NINTEN,Spearow,Jr Trainer M,5,Route 6,2,22:55.86,22:55,0h22m55s,0,8,8,27,1:29,9.22,PECK,GROWL,MIRROR MOVE,FURY ATTACK,27139,1671,40305,37,9728,143,41347,39498,13,10293,Jolteon, ,Normal,Flying,21666,Spearow4,Spearow,,00:22:46.64,00:22:55.86,01:29:58.14,27,0,0,22,55,86,PECK,GROWL,MIRROR MOVE,FURY ATTACK,22,40,20,18,0,0,0,0,27,72,50,34,34,34,56,7728,5770,5609,4499,4499,6557,15,15,15,15,0,0,0,0,0,0,0,56,34,34,34,56,160127,1778434120,105900,5259,0,27139,256,0,1671,218105223,33560320,285252864,40305,9765,37,9728,16384,3328,3846,50343509,134229064,328,126,15,21815,0,0,0,0,0,21,0,5,0,0,3,0,0,0,0,0,0,2048,13568,2,4096,0,0,4,1,0,0,0,0,0,0,2,0,0,0,0,69,15925,0,1000000,0,165000,14,33288,1,25088,1792,47105,8,4,8,Jolteon
4-19,06:48:49,NINTEN,Spearow,Sailor,5,SS Anne,2,23:33.64,23:33,0h23m33s,0,8,8,28,1:32,7.961,PECK,GROWL,MIRROR MOVE,FURY ATTACK,27139,1809,40328,38,9728,145,41349,39498,16,3963,Jolteon, ,Normal,Flying,22479,Spearow4,Spearow,,00:23:25.68,00:23:33.64,01:32:26.45,28,0,0,23,33,64,PECK,GROWL,MIRROR MOVE,FURY ATTACK,20,40,20,18,0,0,0,0,69,74,52,35,35,35,58,7798,5855,5699,4669,4669,6712,15,15,15,15,0,0,0,0,0,0,0,58,35,35,35,58,169038,1778440015,108197,5978,0,27139,256,0,1809,218105361,33560320,285252864,40328,9766,38,9728,16384,3328,3945,50343595,134229064,328,128,15,21815,0,0,0,0,0,23,0,5,0,0,3,0,0,0,0,0,0,2048,13568,2,4096,0,0,4,1,0,0,0,0,0,0,2,0,0,0,0,71,16738,0,1000000,0,165000,16,33299,1,25088,1792,47105,8,4,8,Jolteon
4-19,06:49:17,NINTEN,Spearow,Fisher,1,SS Anne,3,24:01.67,24:01,0h24m1s,0,8,8,28,1:34,14.289,PECK,GROWL,MIRROR MOVE,FURY ATTACK,27139,1901,40335,39,9728,152,41355,39501,17,4503,Jolteon, ,Normal,Flying,23667,Spearow4,Spearow,,00:23:47.39,00:24:01.67,01:34:17.01,28,0,0,24,1,67,PECK,GROWL,MIRROR MOVE,FURY ATTACK,14,40,20,18,0,0,0,0,59,74,52,35,35,35,58,7928,6029,5854,4869,4869,6908,15,15,15,15,0,-1,0,0,0,0,0,65,23,35,35,58,175654,1778442442,112386,5978,0,27139,256,0,1901,218105453,33560320,285252864,40335,9767,39,9728,16384,3328,4133,50343728,134229074,338,134,15,21818,0,0,0,0,0,23,0,5,0,0,3,0,0,0,0,0,0,2048,13568,2,4096,0,0,4,1,0,0,0,0,0,0,2,0,0,0,0,74,17926,0,1000000,0,165000,17,33299,1,25088,1792,47105,8,4,8,Jolteon
4-19,06:49:34,NINTEN,Spearow,Gentleman,5,SS Anne,2,24:17.93,24:17,0h24m17s,0,8,8,29,1:35,12.311,DRILL PECK,GROWL,MIRROR MOVE,FURY ATTACK,27139,1913,40340,40,9728,155,41358,39502,17,5098,Jolteon, ,Normal,Flying,24551,Spearow4,Spearow,,00:24:05.62,00:24:17.93,01:35:21.02,29,0,0,24,17,93,DRILL PECK,GROWL,MIRROR MOVE,FURY ATTACK,20,40,20,18,0,0,0,0,53,77,54,36,36,36,60,8033,6184,5954,4984,4984,7058,15,15,15,15,0,0,0,0,0,0,0,60,36,36,36,60,179495,1778442961,115708,5978,0,27139,256,0,1913,218105465,33560320,285252864,40340,9768,40,9728,16384,3328,4250,50343822,134229083,347,137,15,21819,0,0,0,0,0,24,0,5,0,0,3,0,0,0,0,0,0,2048,13568,2,4096,0,0,4,1,0,0,0,0,0,0,2,0,0,0,0,76,18810,0,1000000,0,165000,17,33299,1,25088,1792,47105,8,4,8,Jolteon
4-19,06:49:55,NINTEN,Spearow,Rival3-SS Anne,1,SS Anne,4,24:39.27,24:39,0h24m39s,0,8,8,29,1:36,12.017,DRILL PECK,GROWL,MIRROR MOVE,FURY ATTACK,27139,1943,40344,41,9728,159,41362,39503,17,6288,Jolteon, ,Normal,Flying,25732,Spearow4,Spearow,Rival (SS Anne),00:24:27.26,00:24:39.27,01:36:45.09,29,0,0,24,39,27,DRILL PECK,GROWL,MIRROR MOVE,FURY ATTACK,16,40,20,18,0,0,0,0,46,77,54,36,36,36,60,8208,6430,6154,5135,5135,7295,15,15,15,15,0,0,0,0,0,0,0,60,36,36,36,60,184542,1778444356,119360,5978,0,27139,256,0,1943,218105495,33560320,285252864,40344,9769,41,9728,16384,3328,4598,50344010,134229090,354,141,15,21820,0,0,0,0,0,25,0,5,0,0,3,0,0,0,0,0,0,2048,13568,2,4096,0,0,4,1,0,0,0,0,0,0,2,0,0,0,0,80,19991,0,1000000,0,165000,18,33299,1,25088,1792,47106,8,4,8,Jolteon
4-19,06:51:15,NINTEN,Spearow,Surge,1,Vermilion City - Gym,1,25:59.64,25:59,0h25m59s,1,8,9,29,1:41,17.534,DRILL PECK,GROWL,MIRROR MOVE,FURY ATTACK,27140,2124,40354,42,9728,166,41374,39509,17,7588,Jolteon, ,Normal,Flying,26464,Spearow4,Spearow,Lt. Surge,00:25:42.10,00:25:59.64,01:41:05.41,29,1,0,25,59,64,DRILL PECK,GROWL,MIRROR MOVE,FURY ATTACK,16,40,15,16,0,0,0,0,25,77,54,36,36,36,60,8268,6520,6209,5225,5225,7395,15,15,15,15,-2,0,0,0,0,0,0,30,36,36,36,60,200179,1778451053,124086,10035,157,27140,257,0,2124,218105676,33560320,285252864,40354,9770,42,9728,16384,3328,4688,50344086,134229142,406,148,15,21826,0,0,0,0,0,26,0,5,0,0,3,0,0,0,0,0,0,2048,13568,2,4096,0,0,4,1,0,0,0,0,0,0,2,0,0,0,0,81,20723,0,1000000,0,165000,18,33299,1,25088,1792,47108,8,4,9,Jolteon
4-19,06:52:12,NINTEN,Spearow,Wrapping Lass,5,Route 9,4,26:56.41,26:56,0h26m56s,1,8,9,30,1:44,12.358,DRILL PECK,GROWL,MIRROR MOVE,FURY ATTACK,27140,2318,40369,43,9728,170,41378,39509,19,10360,Jolteon, ,Normal,Flying,27712,Spearow4,Spearow,RTG1 - Wrapping Lass,00:26:44.04,00:26:56.41,01:44:49.12,30,1,0,26,56,41,DRILL PECK,GROWL,MIRROR MOVE,FURY ATTACK,16,40,20,20,0,0,0,0,79,79,56,38,38,38,62,8458,6770,6389,5515,5515,7535,15,15,15,15,0,0,0,0,0,0,0,63,42,38,38,62,213590,1778459137,127592,11856,157,27140,257,0,2318,218105817,33560373,285252864,40369,9771,43,9728,16384,3328,5363,50344276,134229142,406,152,15,21826,0,0,0,0,0,26,0,5,0,0,3,0,0,0,0,0,0,2048,13568,2,4096,0,0,4,1,0,0,0,0,0,0,2,0,0,0,0,85,21971,0,1000000,0,165000,18,33299,1,25088,1792,47108,8,4,9,Jolteon
4-19,06:52:29,NINTEN,Spearow,Bug Catcher,14,Route 9,3,27:13.09,27:13,0h27m13s,1,8,9,30,1:45,9.259,DRILL PECK,GROWL,MIRROR MOVE,FURY ATTACK,27140,2358,40376,44,9728,173,41381,39509,19,10720,Jolteon, ,Normal,Flying,28481,Spearow4,Spearow,,00:27:03.83,00:27:13.09,01:45:54.59,30,1,0,27,13,9,DRILL PECK,GROWL,MIRROR MOVE,FURY ATTACK,13,40,20,20,0,0,0,0,79,79,56,38,38,38,62,8603,6890,6504,5595,5595,7675,15,15,15,15,0,0,0,0,0,0,0,63,42,38,38,62,217537,1778459989,130687,11856,157,27140,257,0,2358,218105817,33560413,285252864,40376,9772,44,9728,16384,3328,5916,50344433,134229142,406,155,15,21826,0,0,0,0,0,26,0,5,0,0,3,0,0,0,0,0,0,2048,13568,2,4096,0,0,4,1,0,0,0,0,0,0,2,0,0,0,0,88,22740,0,1000000,0,165000,18,33299,1,25088,1792,47108,8,4,9,Jolteon
4-19,06:52:55,NINTEN,Spearow,Slowbone,7,Rock Tunnel - 1,2,27:39.02,27:39,0h27m39s,1,8,9,30,1:47,13.131,DRILL PECK,GROWL,MIRROR MOVE,FURY ATTACK,27140,2466,40387,45,9728,178,41386,39512,19,10920,Jolteon, ,Normal,Flying,29395,Spearow4,Spearow,,00:27:25.89,00:27:39.02,01:47:37.30,30,1,0,27,39,2,DRILL PECK,GROWL,MIRROR MOVE,FURY ATTACK,10,40,20,18,0,0,0,0,79,79,56,38,38,38,62,8743,7005,6664,5675,5675,7725,15,15,15,15,-1,0,0,0,0,0,0,40,47,38,38,62,223688,1778461497,134195,12991,157,27140,257,0,2466,218105817,33560521,285252864,40387,9773,45,9728,16384,3328,6065,50344570,134229142,406,160,16,21829,0,0,0,0,0,26,0,5,0,0,3,0,0,0,0,0,0,2048,13568,2,4096,0,0,4,1,0,0,0,0,0,0,2,0,0,0,0,90,23654,0,1000000,0,165000,18,33299,1,25088,1792,47108,8,4,9,Jolteon
4-19,06:53:06,NINTEN,Spearow,Pokemaniac,5,Rock Tunnel,1,27:50.75,27:50,0h27m50s,1,8,9,31,1:48,6.585,DRILL PECK,GROWL,MIRROR MOVE,FURY ATTACK,27140,2504,40391,46,9728,180,41388,39513,19,12070,Jolteon, ,Normal,Flying,29924,Spearow4,Spearow,,00:27:44.16,00:27:50.75,01:48:23.45,31,1,0,27,50,75,DRILL PECK,GROWL,MIRROR MOVE,FURY ATTACK,8,40,20,18,0,0,0,0,65,82,58,39,39,39,64,8833,7070,6729,5715,5715,7740,15,15,15,15,0,0,0,0,0,0,0,65,43,39,39,64,226463,1778462334,136133,12991,157,27140,257,0,2504,218105817,33560559,285252864,40391,9774,46,9728,16384,3328,6159,50344654,134229159,423,162,16,21830,0,0,0,0,0,26,0,5,0,0,3,0,0,0,0,0,0,2048,13568,2,4096,0,0,4,1,0,0,0,0,0,0,2,0,0,0,0,91,24183,0,1000000,0,165000,18,33299,1,25088,1792,47108,8,4,9,Jolteon
4-19,06:53:18,NINTEN,Spearow,Status-Condition-Jr-Trainer,10,Rock Tunnel,2,28:02.83,28:02,0h28m2s,1,8,9,31,1:49,6.833,DRILL PECK,GROWL,MIRROR MOVE,FURY ATTACK,27140,2517,40393,47,9728,182,41390,39513,19,13320,Jolteon, ,Normal,Flying,30592,Spearow4,Spearow,RTG4 - Status Jr Trainer,00:27:55.99,00:28:02.83,01:49:11.16,31,1,0,28,2,83,DRILL PECK,GROWL,MIRROR MOVE,FURY ATTACK,6,40,20,18,0,0,0,0,65,82,58,39,39,39,64,8923,7169,6833,5855,5855,7815,15,15,15,15,0,0,0,0,0,0,0,65,43,39,39,64,229314,1778462778,138540,12991,157,27140,257,0,2517,218105817,33560572,285252864,40393,9775,47,9728,16384,3328,6437,50344764,134229159,423,164,16,21830,0,0,0,0,0,26,0,5,0,0,3,0,0,0,0,0,0,2048,13568,2,4096,0,0,4,1,0,0,0,0,0,0,2,0,0,0,0,93,24851,0,1000000,0,165000,18,33299,1,25088,1792,47108,8,4,9,Jolteon
4-19,06:54:09,NINTEN,Spearow,Selfdestructing Hiker,9,Rock Tunnel,3,28:53.52,28:53,0h28m53s,1,8,9,31,1:52,24.261,DRILL PECK,GROWL,MIRROR MOVE,FURY ATTACK,27141,2629,40419,48,9728,192,41401,39523,19,13760,Jolteon, ,Normal,Flying,31969,Spearow4,Spearow,,00:28:29.26,00:28:53.52,01:52:31.55,31,1,0,28,53,52,DRILL PECK,GROWL,MIRROR MOVE,FURY ATTACK,16,31,19,18,0,0,0,0,3,82,58,39,39,39,64,9058,7424,7148,5960,5960,7890,15,15,15,15,0,1,0,0,0,0,0,73,65,39,39,64,241353,1778465884,144689,15775,157,27141,257,0,2629,218105817,33560684,285252864,40419,9776,48,9728,16384,3328,6437,50344764,134229238,502,173,18,21837,0,0,0,0,0,26,0,5,0,0,3,0,0,0,0,0,0,2048,13568,2,4096,0,0,4,1,0,0,0,0,0,0,2,0,0,0,0,96,26228,0,1000000,0,165000,18,33299,1,25088,1792,47108,8,4,9,Jolteon
4-19,06:54:34,NINTEN,Spearow,Finisher,18,Rock Tunnel - 1,3,29:18.13,29:18,0h29m18s,1,8,9,32,1:54,10.522,DRILL PECK,GROWL,MIRROR MOVE,FURY ATTACK,27141,2687,40439,49,9728,195,41404,39524,17,14495,Jolteon, ,Normal,Flying,32832,Spearow4,Spearow,RTG6 - Finisher,00:29:07.61,00:29:18.13,01:54:09.03,32,1,0,29,18,13,DRILL PECK,GROWL,MIRROR MOVE,FURY ATTACK,13,31,19,18,0,0,0,0,77,84,59,40,40,40,66,9183,7564,7278,6110,6110,8066,15,15,15,15,0,0,0,0,0,0,0,66,45,40,40,66,247181,1778467487,147551,17138,157,27141,257,0,2687,218105817,33560742,285252864,40439,9777,49,9728,16384,3328,6750,50344913,134229245,509,176,18,21838,0,0,0,0,0,26,0,5,0,0,3,0,0,0,0,0,0,2048,13568,2,4096,0,0,4,1,0,0,0,0,0,0,2,0,0,0,0,99,27091,0,1000000,0,165000,18,33299,1,25088,1792,47108,8,4,9,Jolteon
4-19,06:55:09,NINTEN,Spearow,Gambler,7,Route 8,2,29:53.05,29:53,0h29m53s,1,8,9,32,1:56,6.69,DRILL PECK,SWIFT,MIRROR MOVE,FURY ATTACK,27141,2878,40458,50,9728,197,41406,39524,18,14895,Jolteon, ,Normal,Flying,33624,Spearow4,Spearow,,00:29:46.36,00:29:53.05,01:56:26.46,32,1,0,29,53,5,DRILL PECK,SWIFT,MIRROR MOVE,FURY ATTACK,11,20,19,18,0,0,0,0,77,84,59,40,40,40,66,9276,7675,7363,6225,6225,8191,15,15,15,15,0,0,0,0,0,0,0,66,45,40,40,66,255444,1778471789,150005,18645,157,27141,257,0,2878,218105906,33560844,285252864,40458,9778,50,9728,16384,3328,6899,50345033,134229245,509,178,18,21838,0,0,0,0,0,26,0,5,0,0,3,0,0,0,0,0,0,2048,13568,2,4096,0,0,4,1,0,0,0,0,0,0,2,0,0,0,0,101,27883,0,1000000,0,165000,19,33299,1,25088,1792,47109,8,4,9,Jolteon
4-19,06:55:25,NINTEN,Spearow,Super Nerd,4,Route 8,3,30:08.89,30:08,0h30m8s,1,8,9,32,1:57,12.464,DRILL PECK,SWIFT,MIRROR MOVE,FURY ATTACK,27141,2889,40458,51,9728,202,41411,39526,18,16575,Jolteon, ,Normal,Flying,35209,Spearow4,Spearow,,00:29:56.42,00:30:08.89,01:57:29.13,32,1,0,30,8,89,DRILL PECK,SWIFT,MIRROR MOVE,FURY ATTACK,7,20,19,17,0,0,0,0,59,84,59,40,40,40,66,9541,7940,7538,6370,6370,8291,15,15,15,15,0,0,0,0,0,0,0,66,45,40,40,66,259191,1778472093,153448,18645,157,27141,257,0,2889,218105917,33560844,285252864,40458,9779,51,9728,16384,3328,7163,50345254,134229263,527,183,18,21840,0,0,0,0,0,26,0,5,0,0,3,0,0,0,0,0,0,2048,13568,2,4096,0,0,4,1,0,0,0,0,0,0,2,0,0,0,0,104,29468,0,1000000,0,165000,19,33299,1,25088,1792,47109,8,4,9,Jolteon
4-19,06:55:42,NINTEN,Spearow,Gambler,5,Route 8,3,30:26.42,30:26,0h30m26s,1,8,9,33,1:58,10.846,DRILL PECK,SWIFT,MIRROR MOVE,FURY ATTACK,27141,2929,40461,52,9728,206,41415,39527,18,17125,Jolteon, ,Normal,Flying,36551,Spearow4,Spearow,,00:30:15.57,00:30:26.42,01:58:38.27,33,1,0,30,26,42,DRILL PECK,SWIFT,MIRROR MOVE,FURY ATTACK,3,20,19,17,0,0,0,0,62,87,61,41,41,41,68,9686,8105,7683,6500,6500,8561,15,15,15,15,0,0,0,0,0,0,0,68,46,41,41,68,263345,1778473183,156512,18645,157,27141,257,0,2929,218105957,33560844,285252864,40461,9780,52,9728,16384,3328,7441,50345424,134229263,527,187,18,21840,0,0,0,0,0,26,0,5,0,0,3,0,0,0,0,0,0,2048,13568,2,4096,0,0,4,1,0,0,0,0,0,0,2,0,0,0,0,107,30810,0,1000000,0,165000,19,33299,1,25088,1792,47109,8,4,9,Jolteon
4-19,06:56:34,NINTEN,Spearow,Rocket,7,Celadon City - Game Corner,2,31:18.35,31:18,0h31m18s,1,8,9,33,2:02,7.28,DRILL PECK,SWIFT,MIRROR MOVE,FURY ATTACK,27141,3159,40478,53,9728,208,41417,39528,16,18665,Jolteon, ,Normal,Flying,37278,Spearow4,Spearow,,00:31:11.07,00:31:18.35,02:02:03.38,33,1,0,31,18,35,DRILL PECK,SWIFT,MIRROR MOVE,FURY ATTACK,18,20,20,20,0,0,0,0,74,87,61,41,41,41,68,9781,8231,7778,6590,6590,8713,15,15,15,15,0,0,0,0,0,0,0,68,46,41,41,68,275656,1778482485,159134,19032,157,27141,257,0,3159,218106187,33560844,285252864,40478,9781,53,9728,16384,3328,7622,50345528,134229276,540,189,18,21841,0,0,0,0,0,26,0,5,0,0,3,0,0,0,0,0,0,2048,13568,2,4096,0,0,4,1,0,0,0,0,0,0,2,0,0,0,0,109,31537,0,1000000,0,165000,22,33299,1,25088,1792,47109,8,4,9,Jolteon
4-19,06:57:06,NINTEN,Spearow,Rocket,15,Rocket Hideout 3,2,31:50.54,31:50,0h31m50s,1,8,9,33,2:04,6.851,DRILL PECK,SWIFT,MIRROR MOVE,FURY ATTACK,27141,3323,40490,54,9728,210,41419,39528,17,19265,Jolteon, ,Normal,Flying,38070,Spearow4,Spearow,,00:31:43.69,00:31:50.54,02:04:10.59,33,1,0,31,50,54,DRILL PECK,SWIFT,MIRROR MOVE,FURY ATTACK,16,20,20,20,0,0,0,0,74,87,61,41,41,41,68,9921,8391,7878,6660,6660,8783,15,15,15,15,0,0,0,0,0,0,0,68,46,41,41,68,283297,1778488022,161238,19032,157,27141,257,0,3323,218106351,33560844,285252864,40490,9782,54,9728,16384,3328,8043,50345654,134229276,540,191,18,21841,0,0,0,0,0,27,0,5,0,0,3,0,0,0,0,0,0,2048,13568,2,4096,0,0,4,1,0,0,0,0,0,0,2,0,0,0,0,111,32329,0,1000000,0,165000,25,33299,1,25088,1792,47109,8,4,9,Jolteon
4-19,06:59:08,NINTEN,Spearow,Lass,17,Celadon City - Gym,2,33:51.93,33:51,0h33m51s,1,8,9,33,2:12,6.832,DRILL PECK,SWIFT,DOUBLE-EDGE,FURY ATTACK,27141,3830,40542,55,9728,212,41421,39528,16,3395,Jolteon, ,Normal,Flying,39228,Spearow4,Spearow,,00:33:45.11,00:33:51.93,02:12:10.10,33,1,0,33,51,93,DRILL PECK,SWIFT,DOUBLE-EDGE,FURY ATTACK,14,20,15,20,0,0,0,0,74,87,65,41,41,41,68,10036,18796,7963,6815,6815,8878,15,15,15,15,0,0,0,0,0,0,0,73,46,41,41,68,312048,1778508306,163339,25398,157,27141,257,0,3830,218106858,33560844,285252864,40542,9783,55,9728,16384,3328,8502,50345779,134229276,540,193,18,21841,0,0,0,0,0,28,0,5,0,0,3,0,0,0,0,0,0,2048,13568,2,4096,0,0,4,1,0,0,0,0,0,0,2,0,0,0,0,113,33487,0,1000000,0,165000,30,33316,11,25088,1792,47111,8,4,9,Jolteon
4-19,06:59:23,NINTEN,Spearow,Beauty,1,Celadon City - Gym,4,34:06.99,34:06,0h34m6s,1,8,9,34,2:13,12.348,DRILL PECK,SWIFT,DOUBLE-EDGE,FURY ATTACK,27141,3833,40543,56,9728,216,41425,39528,16,3740,Jolteon, ,Normal,Flying,40686,Spearow4,Spearow,,00:33:54.64,00:34:06.99,02:13:09.29,34,1,0,34,6,99,DRILL PECK,SWIFT,DOUBLE-EDGE,FURY ATTACK,10,20,15,20,0,0,0,0,76,89,67,43,43,43,70,10226,19046,8143,7105,7105,9018,15,15,15,15,0,0,0,0,0,0,0,75,48,43,43,70,315607,1778508463,166741,25398,157,27141,257,0,3833,218106861,33560844,285252864,40543,9784,56,9728,16384,3328,9264,50345995,134229276,540,197,18,21841,0,0,0,0,0,28,0,5,0,0,3,0,0,0,0,0,0,2048,13568,2,4096,0,0,4,1,0,0,0,0,0,0,2,0,0,0,0,117,34945,0,1000000,0,165000,30,33316,11,25088,1792,47111,8,4,9,Jolteon
4-19,06:59:35,NINTEN,Spearow,Jr Trainer F,11,Celadon City - Gym,2,34:18.86,34:18,0h34m18s,1,8,9,34,2:13,7.01,DRILL PECK,SWIFT,DOUBLE-EDGE,FURY ATTACK,27141,3840,40544,57,9728,218,41427,39528,16,5210,Jolteon, ,Normal,Flying,41738,Spearow4,Spearow,,00:34:11.85,00:34:18.86,02:13:56.12,34,1,0,34,18,86,DRILL PECK,SWIFT,DOUBLE-EDGE,FURY ATTACK,8,20,15,20,0,0,0,0,76,89,67,43,43,43,70,10331,19157,8255,7250,7250,9123,15,15,15,15,0,0,0,0,0,0,0,75,48,43,43,70,318410,1778508722,169285,25398,157,27141,257,0,3840,218106868,33560844,285252864,40544,9785,57,9728,16384,3328,9551,50346120,134229276,540,199,18,21841,0,0,0,0,0,28,0,5,0,0,3,0,0,0,0,0,0,2048,13568,2,4096,0,0,4,1,0,0,0,0,0,0,2,0,0,0,0,119,35997,0,1000000,0,165000,30,33316,11,25088,1792,47111,8,4,9,Jolteon
4-19,06:59:46,NINTEN,Spearow,Lass,18,Celadon City - Gym,2,34:30.48,34:30,0h34m30s,1,8,9,34,2:14,6.756,DRILL PECK,SWIFT,DOUBLE-EDGE,FURY ATTACK,27141,3842,40550,58,9728,220,41429,39528,16,5690,Jolteon, ,Normal,Flying,42771,Spearow4,Spearow,,00:34:23.72,00:34:30.48,02:14:41.39,34,1,0,34,30,48,DRILL PECK,SWIFT,DOUBLE-EDGE,FURY ATTACK,6,20,15,20,0,0,0,0,76,89,67,43,43,43,70,10436,19272,8380,7410,7410,9193,15,15,15,15,0,0,0,0,0,0,0,75,48,43,43,70,321137,1778509049,171361,25722,157,27141,257,0,3842,218106870,33560844,285252864,40550,9786,58,9728,16384,3328,9828,50346241,134229276,540,201,18,21841,0,0,0,0,0,28,0,5,0,0,3,0,0,0,0,0,0,2048,13568,2,4096,0,0,4,1,0,0,0,0,0,0,2,0,0,0,0,121,37030,0,1000000,0,165000,30,33316,11,25088,1792,47111,8,4,9,Jolteon
4-19,07:00:00,NINTEN,Spearow,Cooltrainer F,1,Celadon City - Gym,3,34:44.04,34:44,0h34m44s,1,8,9,35,2:15,10.373,DRILL PECK,SWIFT,DOUBLE-EDGE,FURY ATTACK,27141,3843,40550,59,9728,223,41432,39528,16,6035,Jolteon, ,Normal,Flying,44948,Spearow4,Spearow,,00:34:33.66,00:34:44.04,02:15:35.07,35,1,0,34,44,4,DRILL PECK,SWIFT,DOUBLE-EDGE,FURY ATTACK,3,20,15,20,0,0,0,0,79,92,69,44,44,44,72,10621,19489,8563,7660,7660,9348,15,15,15,15,0,0,0,0,0,0,0,77,49,44,44,72,324345,1778509332,174286,25722,157,27141,257,0,3843,218106871,33560844,285252864,40550,9787,59,9728,16384,3328,10247,50346442,134229276,540,204,18,21841,0,0,0,0,0,28,0,5,0,0,3,0,0,0,0,0,0,2048,13568,2,4096,0,0,4,1,0,0,0,0,0,0,2,0,0,0,0,124,39207,0,1000000,0,165000,30,33316,11,25088,1792,47111,8,4,9,Jolteon
4-19,07:00:37,NINTEN,Spearow,Erika,1,Celadon City - Gym,3,35:21.63,35:21,0h35m21s,1,8,9,36,2:18,20.827,DRILL PECK,SWIFT,DOUBLE-EDGE,AGILITY,27142,3845,40551,60,9728,232,41436,39529,16,6875,Jolteon, ,Normal,Flying,47953,Spearow4,Spearow,Erika,00:35:00.80,00:35:21.63,02:18:03.48,36,1,0,35,21,63,DRILL PECK,SWIFT,DOUBLE-EDGE,AGILITY,13,20,15,30,1,0,0,0,61,94,71,45,46,46,74,10811,19699,8798,7930,7930,9503,15,15,15,15,0,0,0,0,0,0,0,79,50,46,46,74,333266,1778510171,180138,27952,157,27142,257,0,3845,218106873,33560844,285252864,40551,9788,60,9728,16384,3328,10678,50346748,134229296,560,208,18,21842,0,0,0,0,0,29,0,5,0,0,3,0,0,0,0,0,0,2048,13568,2,4096,0,0,4,1,0,0,0,0,0,0,2,0,0,0,0,127,42212,0,1000000,0,165000,30,33316,11,25088,1792,47112,8,4,9,Jolteon
4-19,07:01:14,NINTEN,Spearow,Rival4-Pkmn Tower,2,Pokemon Tower - 2F,5,35:58.77,35:58,0h35m58s,1,8,9,36,2:20,14.243,DRILL PECK,SWIFT,DOUBLE-EDGE,AGILITY,27142,3905,40553,61,9728,237,41441,39529,17,10043,Jolteon, ,Normal,Flying,50483,Spearow4,Spearow,Rival (Pokemon Tower),00:35:44.53,00:35:58.77,02:20:29.47,36,1,0,35,58,77,DRILL PECK,SWIFT,DOUBLE-EDGE,AGILITY,19,20,15,30,1,0,0,0,94,94,71,45,46,46,74,11049,20025,9138,8196,8196,9803,15,15,15,15,0,0,0,0,0,0,0,79,50,46,46,74,342025,1778513756,184419,28845,157,27142,257,0,3905,218106933,33560844,285252864,40553,9789,61,9728,16384,3328,11165,50347040,134229296,560,213,18,21842,0,0,0,0,0,31,0,5,0,0,3,0,0,0,0,0,0,2048,13568,2,4096,0,0,4,1,0,0,0,0,0,0,2,0,0,0,0,132,44742,0,1000000,0,165000,30,33316,11,25088,1792,47112,8,4,9,Jolteon
4-19,07:01:36,NINTEN,Spearow,Agatha Jr,10,Pokemon Tower - 4F,2,36:20.75,36:20,0h36m20s,1,8,9,37,2:21,7.602,DRILL PECK,SWIFT,DOUBLE-EDGE,AGILITY,27142,3953,40556,62,9728,239,41443,39529,17,11668,Jolteon, ,Normal,Flying,51419,Spearow4,Spearow,,00:36:13.14,00:36:20.75,02:21:56.38,37,1,0,36,20,75,DRILL PECK,SWIFT,DOUBLE-EDGE,AGILITY,17,20,15,30,1,0,0,0,97,97,73,47,47,47,77,11109,20095,9198,8396,8396,9963,15,15,15,15,0,0,0,0,0,0,0,82,52,47,47,77,347236,1778515698,186665,29868,157,27142,257,0,3953,218106981,33560844,285252864,40556,9790,62,9728,16384,3328,11426,50347140,134229296,560,215,18,21842,0,0,0,0,0,31,0,5,0,0,3,0,0,0,0,0,0,2048,13568,2,4096,0,0,4,1,0,0,0,0,0,0,2,0,0,0,0,134,45678,0,1000000,0,165000,30,33316,11,25088,1792,47112,8,4,9,Jolteon
4-19,07:02:00,NINTEN,Spearow,Channeler,21,Pokemon Tower - 6F,1,36:43.96,36:43,0h36m43s,1,8,9,37,2:23,4.285,DRILL PECK,SWIFT,DOUBLE-EDGE,AGILITY,27142,4033,40581,63,9728,240,41444,39529,17,12358,Jolteon, ,Normal,Flying,51906,Spearow4,Spearow,,00:36:39.68,00:36:43.96,02:23:28.20,37,1,0,36,43,96,DRILL PECK,SWIFT,DOUBLE-EDGE,AGILITY,23,20,15,30,1,0,0,0,98,98,73,47,47,47,77,13699,20130,9228,8496,8496,10043,15,15,15,15,0,0,0,0,0,0,0,82,52,47,47,77,352738,1778518758,188484,30491,157,27142,257,0,4033,218107061,33560844,285252864,40581,9791,63,9728,16384,3328,11657,50347192,134229296,560,216,18,21842,0,0,0,0,0,32,0,5,0,0,3,0,0,0,0,0,0,2048,13568,2,4096,0,0,4,1,0,0,0,0,0,0,2,0,0,0,0,135,46165,0,1000000,0,165000,33,33316,11,25088,1792,47112,8,4,9,Jolteon
4-19,07:02:07,NINTEN,Spearow,Channeler,20,Pokemon Tower - 6F,1,36:50.92,36:50,0h36m50s,1,8,9,37,2:23,4.285,DRILL PECK,SWIFT,DOUBLE-EDGE,AGILITY,27142,4042,40582,64,9728,241,41445,39529,17,13078,Jolteon, ,Normal,Flying,52393,Spearow4,Spearow,,00:36:46.64,00:36:50.92,02:23:55.44,37,1,0,36,50,92,DRILL PECK,SWIFT,DOUBLE-EDGE,AGILITY,22,20,15,30,1,0,0,0,98,98,73,47,47,47,77,13729,20165,9258,8596,8596,10123,15,15,15,15,0,0,0,0,0,0,0,82,52,47,47,77,354382,1778518991,189895,30491,157,27142,257,0,4042,218107070,33560844,285252864,40582,9792,64,9728,16384,3328,11872,50347244,134229296,560,217,18,21842,0,0,0,0,0,33,0,5,0,0,3,0,0,0,0,0,0,2048,13568,2,4096,0,0,4,1,0,0,0,0,0,0,2,0,0,0,0,136,46652,0,1000000,0,165000,33,33316,11,25088,1792,47112,8,4,9,Jolteon
4-19,07:02:32,NINTEN,Spearow,Rocket,44,Pokemon Tower - 7F,3,37:16.40,37:16,0h37m16s,1,8,9,37,2:25,11.659,DRILL PECK,SWIFT,DOUBLE-EDGE,AGILITY,27142,4067,40582,65,9729,245,41449,39530,17,13798,Jolteon, ,Normal,Flying,54642,Spearow4,Spearow,,00:37:04.74,00:37:16.40,02:25:36.18,37,1,0,37,16,40,DRILL PECK,SWIFT,DOUBLE-EDGE,AGILITY,19,20,14,30,1,0,0,0,80,98,73,47,47,47,77,13894,20385,9482,8786,8786,10353,15,15,15,15,0,0,0,0,0,0,0,82,52,47,47,77,360416,1778520509,194411,30491,157,27142,257,0,4067,218107095,33560844,285252864,40582,9794,65,9729,16384,3328,12157,50347455,134229314,578,221,19,21842,0,0,0,0,0,34,0,5,0,0,3,0,0,0,0,0,0,2048,13568,2,4096,0,0,4,1,0,0,0,0,0,0,2,0,0,0,0,139,48901,0,1000000,0,165000,34,33316,11,25088,1792,47112,8,4,9,Jolteon
4-19,07:03:35,NINTEN,Spearow,Biker,5,Route 16,2,38:19.41,38:19,0h38m19s,1,8,9,38,2:29,10.423,DRILL PECK,SWIFT,DOUBLE-EDGE,AGILITY,27142,4308,40603,66,9730,249,41453,39532,18,7608,Jolteon, ,Normal,Flying,55908,Spearow4,Spearow,,00:38:08.99,00:38:19.41,02:29:44.43,38,1,0,38,19,41,DRILL PECK,SWIFT,DOUBLE-EDGE,AGILITY,20,20,15,30,1,0,0,0,81,100,75,48,48,48,79,14014,20530,9627,8886,8886,10413,15,15,15,15,0,0,0,0,0,0,0,84,54,48,48,79,375321,1778529915,198153,32248,157,27142,257,0,4308,218107331,33560849,285252864,40603,9796,66,9730,16385,3328,12444,50347611,134229333,597,225,19,21844,0,0,0,0,0,35,0,5,0,0,3,0,0,0,0,0,0,2048,13568,2,4096,0,0,4,1,0,0,0,0,0,0,2,0,0,0,0,141,50167,0,1000000,0,165000,34,33326,11,25088,1792,47112,8,4,9,Jolteon
4-19,07:03:49,NINTEN,Spearow,Cue Ball,1,Route 16,3,38:33.58,38:33,0h38m33s,1,8,9,38,2:30,9.391,DRILL PECK,SWIFT,DOUBLE-EDGE,AGILITY,27142,4312,40603,67,9730,252,41456,39532,18,8188,Jolteon, ,Normal,Flying,57408,Spearow4,Spearow,,00:38:24.19,00:38:33.58,02:30:40.28,38,1,0,38,33,58,DRILL PECK,SWIFT,DOUBLE-EDGE,AGILITY,17,20,15,30,1,0,0,0,81,100,75,48,48,48,79,14194,20770,9762,8991,8991,10553,15,15,15,15,0,0,0,0,0,0,0,84,54,48,48,79,378666,1778530148,201265,32248,157,27142,257,0,4312,218107331,33560853,285252864,40603,9797,67,9730,16385,3328,12980,50347837,134229333,597,228,19,21844,0,0,0,0,0,35,0,5,0,0,3,0,0,0,0,0,0,2048,13568,2,4096,0,0,4,1,0,0,0,0,0,0,2,0,0,0,0,144,51667,0,1000000,0,165000,34,33326,11,25088,1792,47112,8,4,9,Jolteon
4-19,07:03:59,NINTEN,Spearow,Cue Ball,2,Route 16,2,38:43.52,38:43,0h38m43s,1,8,9,38,2:31,6.877,DRILL PECK,SWIFT,DOUBLE-EDGE,AGILITY,27142,4316,40604,68,9730,254,41458,39532,18,8888,Jolteon, ,Normal,Flying,58413,Spearow4,Spearow,,00:38:36.64,00:38:43.52,02:31:19.34,38,1,0,38,43,52,DRILL PECK,SWIFT,DOUBLE-EDGE,AGILITY,15,20,15,30,1,0,0,0,81,100,75,48,48,48,79,14304,20930,9847,9061,9061,10658,15,15,15,15,0,0,0,0,0,0,0,84,54,48,48,79,381012,1778530379,203380,32248,157,27142,257,0,4316,218107331,33560857,285252864,40604,9798,68,9730,16385,3328,13356,50347987,134229333,597,230,19,21844,0,0,0,0,0,35,0,5,0,0,3,0,0,0,0,0,0,2048,13568,2,4096,0,0,4,1,0,0,0,0,0,0,2,0,0,0,0,146,52672,0,1000000,0,165000,34,33326,11,25088,1792,47112,8,4,9,Jolteon
4-19,07:04:09,NINTEN,Spearow,Biker,6,Route 16,1,38:53.25,38:53,0h38m53s,1,8,9,39,2:31,6.724,DRILL PECK,SWIFT,DOUBLE-EDGE,AGILITY,27142,4319,40604,69,9730,256,41460,39533,18,9613,Jolteon, ,Normal,Flying,59635,Spearow4,Spearow,,00:38:46.52,00:38:53.25,02:31:57.55,39,1,0,38,53,25,DRILL PECK,SWIFT,DOUBLE-EDGE,AGILITY,13,20,15,30,1,0,0,0,71,103,77,49,50,50,81,14369,21020,9967,9146,9146,10718,15,15,15,15,0,0,0,0,0,0,0,86,55,50,50,81,383313,1778530596,205464,32248,157,27142,257,0,4319,218107331,33560860,285252864,40604,9799,69,9730,16385,3328,13458,50348078,134229346,610,232,19,21845,0,0,0,0,0,36,0,5,0,0,3,0,0,0,0,0,0,2048,13568,2,4096,0,0,4,1,0,0,0,0,0,0,2,0,0,0,0,147,53894,0,1000000,0,165000,34,33326,11,25088,1792,47112,8,4,9,Jolteon
4-19,07:04:18,NINTEN,Spearow,Cue Ball,3,Route 16,1,39:02.62,39:02,0h39m2s,1,8,9,39,2:32,4.574,DRILL PECK,SWIFT,DOUBLE-EDGE,AGILITY,27142,4322,40607,70,9730,257,41461,39533,18,10273,Jolteon, ,Normal,Flying,60256,Spearow4,Spearow,,00:38:58.04,00:39:02.62,02:32:34.46,39,1,0,39,2,62,DRILL PECK,SWIFT,DOUBLE-EDGE,AGILITY,12,20,15,30,1,0,0,0,71,103,77,49,50,50,81,14439,21100,10017,9181,9181,10753,15,15,15,15,0,0,0,0,0,0,0,86,55,50,50,81,385524,1778530833,207438,32248,157,27142,257,0,4322,218107331,33560863,285252864,40607,9800,70,9730,16385,3328,13613,50348172,134229346,610,233,19,21845,0,0,0,0,0,36,0,5,0,0,3,0,0,0,0,0,0,2048,13568,2,4096,0,0,4,1,0,0,0,0,0,0,2,0,0,0,0,148,54515,0,1000000,0,165000,34,33326,11,25088,1792,47112,8,4,9,Jolteon
4-19,07:04:34,NINTEN,Spearow,Biker,7,Route 16,4,39:18.82,39:18,0h39m18s,1,8,9,39,2:33,12.389,DRILL PECK,SWIFT,DOUBLE-EDGE,AGILITY,27142,4326,40607,71,9730,261,41465,39533,18,11098,Jolteon, ,Normal,Flying,62260,Spearow4,Spearow,,00:39:06.44,00:39:18.82,02:33:38.39,39,1,0,39,18,82,DRILL PECK,SWIFT,DOUBLE-EDGE,AGILITY,8,20,15,30,1,0,0,0,71,103,77,49,50,50,81,14759,21420,10217,9341,9341,10853,15,15,15,15,0,0,0,0,0,0,0,86,55,50,50,81,389357,1778531247,210857,32248,157,27142,257,0,4326,218107331,33560867,285252864,40607,9801,71,9730,16385,3328,14138,50348496,134229346,610,237,19,21845,0,0,0,0,0,38,0,5,0,0,3,0,0,0,0,0,0,2048,13568,2,4096,0,0,4,1,0,0,0,0,0,0,2,0,0,0,0,152,56519,0,1000000,0,165000,34,33326,11,25088,1792,47112,8,4,9,Jolteon
4-19,07:05:02,NINTEN,Spearow,Biker,8,Route 17,3,39:46.50,39:46,0h39m46s,1,8,9,40,2:35,16.318,DRILL PECK,SWIFT,DOUBLE-EDGE,AGILITY,27142,4355,40607,72,9730,267,41471,39536,17,11618,Jolteon,Poisoned,Normal,Flying,65020,Spearow4,Spearow,,00:39:30.19,00:39:46.50,02:35:27.49,40,1,0,39,46,50,DRILL PECK,SWIFT,DOUBLE-EDGE,AGILITY,12,20,15,30,1,0,0,0,69,106,79,51,51,51,83,14929,21665,10552,9571,9571,11008,15,15,15,15,0,0,0,0,0,0,0,88,57,51,51,83,395907,1778532080,215216,33606,157,27142,257,0,4355,218107331,33560896,285252864,40607,9802,72,9730,16385,3328,14460,50348716,134229383,647,243,19,21848,0,0,0,0,0,39,0,5,0,0,3,0,0,0,0,0,0,2048,13569,2,4096,0,0,4,1,0,0,0,0,0,0,2,0,0,0,0,155,59279,0,1000000,0,165000,34,33326,11,25088,1792,47112,8,4,9,Jolteon
4-19,07:05:21,NINTEN,Spearow,Cue Ball,5,Route 17,2,40:05.15,40:05,0h40m5s,1,8,9,40,2:36,6.902,DRILL PECK,SWIFT,DOUBLE-EDGE,AGILITY,27142,4368,40615,73,9730,269,41473,39536,17,12178,Jolteon, ,Normal,Flying,66472,Spearow4,Spearow,,00:39:58.25,00:40:05.15,02:36:41.03,40,1,0,40,5,15,DRILL PECK,SWIFT,DOUBLE-EDGE,AGILITY,10,20,15,30,1,0,0,0,106,106,79,51,51,51,83,15079,21845,10672,9656,9656,11088,15,15,15,15,0,0,0,0,0,0,0,88,57,51,51,83,400301,1778532969,217731,34596,157,27142,257,0,4368,218107331,33560909,285252864,40615,9803,73,9730,16385,3328,14788,50348890,134229383,647,245,19,21848,0,0,0,0,0,39,0,5,0,0,3,0,0,0,0,0,0,2048,13569,2,4096,0,0,4,1,0,0,0,0,0,0,2,0,0,0,0,157,60731,0,1000000,0,165000,35,33326,11,25088,1792,47112,8,4,9,Jolteon
4-19,07:05:32,NINTEN,Spearow,Cue Ball,4,Route 17,2,40:16.15,40:16,0h40m16s,1,8,9,40,2:37,7.08,DRILL PECK,SWIFT,DOUBLE-EDGE,AGILITY,27142,4372,40616,74,9730,271,41475,39536,17,12903,Jolteon, ,Normal,Flying,67856,Spearow4,Spearow,,00:40:09.06,00:40:16.15,02:37:24.22,40,1,0,40,16,15,DRILL PECK,SWIFT,DOUBLE-EDGE,AGILITY,8,20,15,30,1,0,0,0,106,106,79,51,51,51,83,15184,22030,10767,9751,9751,11253,15,15,15,15,0,0,0,0,0,0,0,88,57,51,51,83,402900,1778533413,219886,34596,157,27142,257,0,4372,218107331,33560913,285252864,40616,9804,74,9730,16385,3328,15181,50349037,134229383,647,247,19,21848,0,0,0,0,0,39,0,5,0,0,3,0,0,0,0,0,0,2048,13569,2,4096,0,0,4,1,0,0,0,0,0,0,2,0,0,0,0,159,62115,0,1000000,0,165000,35,33326,11,25088,1792,47112,8,4,9,Jolteon
4-19,07:05:44,NINTEN,Spearow,Biker,10,Route 17,2,40:27.88,40:27,0h40m27s,1,8,9,41,2:38,7.413,DRILL PECK,SWIFT,DOUBLE-EDGE,AGILITY,27142,4391,40626,75,9730,273,41477,39536,17,13628,Jolteon, ,Normal,Flying,69134,Spearow4,Spearow,,00:40:20.47,00:40:27.88,02:38:10.39,41,1,0,40,27,88,DRILL PECK,SWIFT,DOUBLE-EDGE,AGILITY,8,18,15,30,1,0,0,0,108,108,81,52,52,52,85,15264,22090,10867,9861,9861,11453,15,15,15,15,0,0,0,0,0,0,0,91,58,52,52,85,405677,1778533948,222128,34596,157,27142,257,0,4391,218107331,33560932,285252864,40626,9805,75,9730,16385,3328,15323,50349169,134229383,647,247,19,21848,0,0,0,0,0,39,0,5,0,0,3,0,0,0,0,0,0,2048,13569,2,4096,0,0,4,1,0,0,0,0,0,0,2,0,0,0,0,161,63393,0,1000000,0,165000,35,33326,11,25088,1792,47112,8,4,9,Jolteon
4-19,07:05:54,NINTEN,Spearow,Cue Ball,6,Route 17,1,40:37.92,40:37,0h40m37s,1,8,9,41,2:38,4.358,DRILL PECK,SWIFT,DOUBLE-EDGE,AGILITY,27142,4418,40632,76,9730,274,41478,39536,17,14208,Jolteon, ,Normal,Flying,70166,Spearow4,Spearow,,00:40:33.56,00:40:37.92,02:38:50.08,41,1,0,40,37,92,DRILL PECK,SWIFT,DOUBLE-EDGE,AGILITY,7,18,15,30,1,0,0,0,108,108,81,52,52,52,85,15344,22190,10937,9911,9911,11498,15,15,15,15,0,0,0,0,0,0,0,91,58,52,52,85,408046,1778534404,224041,34596,157,27142,257,0,4418,218107331,33560959,285252864,40632,9806,76,9730,16385,3328,15459,50349270,134229383,647,248,19,21848,0,0,0,0,0,39,0,5,0,0,3,0,0,0,0,0,0,2048,13569,2,4096,0,0,4,1,0,0,0,0,0,0,2,0,0,0,0,162,64425,0,1000000,0,165000,35,33326,11,25088,1792,47112,8,4,9,Jolteon
4-19,07:06:09,NINTEN,Spearow,Cue Ball,8,Route 17,2,40:53.04,40:53,0h40m53s,1,8,9,41,2:39,6.944,DRILL PECK,SWIFT,DOUBLE-EDGE,AGILITY,27142,4503,40632,77,9730,276,41480,39536,17,15033,Jolteon, ,Normal,Flying,71997,Spearow4,Spearow,,00:40:46.09,00:40:53.04,02:39:49.51,41,1,0,40,53,4,DRILL PECK,SWIFT,DOUBLE-EDGE,AGILITY,5,18,15,30,1,0,0,0,108,108,81,52,52,52,85,15489,22395,11067,10021,10021,11638,15,15,15,15,0,0,0,0,0,0,0,91,58,52,52,85,411629,1778535856,226172,34596,157,27142,257,0,4503,218107331,33561044,285252864,40632,9807,77,9730,16385,3328,15791,50349441,134229383,647,250,19,21848,0,0,0,0,0,39,0,5,0,0,3,0,0,0,0,0,0,2048,13569,2,4096,0,0,4,1,0,0,0,0,0,0,2,0,0,0,0,164,66256,0,1000000,0,165000,36,33326,11,25088,1792,47112,8,4,9,Jolteon
4-19,07:06:40,NINTEN,Spearow,Biker,12,Route 17,5,41:24.38,41:24,0h41m24s,1,8,9,42,2:41,17.06,DRILL PECK,SWIFT,DOUBLE-EDGE,AGILITY,27142,4531,40649,78,9730,282,41486,39537,16,15758,Jolteon, ,Normal,Flying,75677,Spearow4,Spearow,,00:41:07.32,00:41:24.38,02:41:53.20,42,1,0,41,24,38,DRILL PECK,SWIFT,DOUBLE-EDGE,AGILITY,7,18,15,30,3,0,0,0,103,111,83,53,54,54,87,15739,22770,11592,10371,10371,11863,15,15,15,15,0,0,0,0,0,0,0,93,59,54,54,87,419038,1778536614,230696,36723,157,27142,257,0,4531,218107331,33561072,285252864,40649,9808,78,9730,16385,3328,16189,50349760,134229391,655,256,19,21849,0,0,0,0,0,40,0,5,0,0,3,0,0,0,0,0,0,2048,13569,2,4096,0,0,4,1,0,0,0,0,0,0,2,0,0,0,0,169,69936,0,1000000,0,165000,36,33326,11,25088,1792,47112,8,4,9,Jolteon
4-19,07:08:04,NINTEN,Spearow,Blackbelt,5,Saffron City - Fighting Dojo,3,42:48.35,42:48,0h42m48s,1,8,9,42,2:47,9.548,DRILL PECK,SWIFT,DOUBLE-EDGE,AGILITY,27142,5130,40668,79,9730,285,41489,39537,18,15758,Jolteon, ,Normal,Flying,77738,Spearow4,Spearow,,00:42:38.80,00:42:48.35,02:47:24.33,42,1,0,42,48,35,DRILL PECK,SWIFT,DOUBLE-EDGE,AGILITY,29,20,15,30,3,0,0,0,111,111,84,54,54,54,87,15914,25595,11737,10501,10501,12063,15,15,15,15,0,0,0,0,0,0,0,94,60,54,54,87,438911,1778550298,233851,39757,157,27142,257,0,5130,218107569,33561433,285252864,40668,9809,79,9730,16385,3328,16784,50350005,134229391,655,259,19,21849,0,0,0,0,0,40,0,5,0,0,3,0,0,0,0,0,0,2048,13569,2,4096,0,0,4,1,0,0,0,0,0,0,2,0,0,0,0,172,71997,0,1000000,0,165000,40,33326,11,25088,1792,47113,8,4,9,Jolteon
4-19,07:08:14,NINTEN,Spearow,Blackbelt,3,Saffron City - Fighting Dojo,2,42:58.03,42:58,0h42m58s,1,8,9,42,2:48,6.913,DRILL PECK,SWIFT,DOUBLE-EDGE,AGILITY,27142,5131,40668,80,9730,287,41491,39537,18,16533,Jolteon, ,Normal,Flying,79341,Spearow4,Spearow,,00:42:51.11,00:42:58.03,02:48:02.40,42,1,0,42,58,3,DRILL PECK,SWIFT,DOUBLE-EDGE,AGILITY,27,20,15,30,3,0,0,0,111,111,84,54,54,54,87,16064,25775,11857,10586,10586,12143,15,15,15,15,0,0,0,0,0,0,0,94,60,54,54,87,441198,1778550455,235981,39757,157,27142,257,0,5131,218107570,33561433,285252864,40668,9810,80,9730,16385,3328,17100,50350194,134229391,655,261,19,21849,0,0,0,0,0,40,0,5,0,0,3,0,0,0,0,0,0,2048,13569,2,4096,0,0,4,1,0,0,0,0,0,0,2,0,0,0,0,174,73600,0,1000000,0,165000,40,33326,11,25088,1792,47113,8,4,9,Jolteon
4-19,07:08:22,NINTEN,Spearow,Blackbelt,4,Saffron City - Fighting Dojo,1,43:06.17,43:06,0h43m6s,1,8,9,43,2:48,5.163,DRILL PECK,SWIFT,DOUBLE-EDGE,AGILITY,27142,5132,40668,81,9730,288,41492,39537,18,17333,Jolteon, ,Normal,Flying,80490,Spearow4,Spearow,,00:43:01.01,00:43:06.17,02:48:34.46,43,1,0,43,6,17,DRILL PECK,SWIFT,DOUBLE-EDGE,AGILITY,26,20,15,30,3,0,0,0,113,113,86,55,55,55,89,16129,25880,11917,10646,10646,12238,15,15,15,15,0,0,0,0,0,0,0,96,61,55,55,89,443124,1778550664,237698,39757,157,27142,257,0,5132,218107571,33561433,285252864,40668,9811,81,9730,16385,3328,17248,50350292,134229391,655,262,19,21849,0,0,0,0,0,40,0,5,0,0,3,0,0,0,0,0,0,2048,13569,2,4096,0,0,4,1,0,0,0,0,0,0,2,0,0,0,0,175,74749,0,1000000,0,165000,40,33326,11,25088,1792,47113,8,4,9,Jolteon
4-19,07:08:36,NINTEN,Spearow,Blackbelt,2,Saffron City - Fighting Dojo,3,43:20.28,43:20,0h43m20s,1,8,9,43,2:49,9.593,DRILL PECK,SWIFT,DOUBLE-EDGE,AGILITY,27142,5133,40668,82,9730,291,41495,39537,18,18233,Jolteon, ,Normal,Flying,82458,Spearow4,Spearow,,00:43:10.69,00:43:20.28,02:49:30.19,43,1,0,43,20,28,DRILL PECK,SWIFT,DOUBLE-EDGE,AGILITY,23,20,15,30,3,0,0,0,113,113,86,55,55,55,89,16274,26145,12047,10776,10776,12473,15,15,15,15,0,0,0,0,0,0,0,96,61,55,55,89,446457,1778550820,240875,39757,157,27142,257,0,5133,218107572,33561433,285252864,40668,9812,82,9730,16385,3328,17907,50350518,134229391,655,265,19,21849,0,0,0,0,0,40,0,5,0,0,3,0,0,0,0,0,0,2048,13569,2,4096,0,0,4,1,0,0,0,0,0,0,2,0,0,0,0,178,76717,0,1000000,0,165000,40,33326,11,25088,1792,47113,8,4,9,Jolteon
4-19,07:08:47,NINTEN,Spearow,Blackbelt,1,Saffron City - Fighting Dojo,2,43:31.05,43:31,0h43m31s,1,8,9,43,2:50,7.163,DRILL PECK,SWIFT,DOUBLE-EDGE,AGILITY,27142,5134,40668,83,9730,293,41497,39537,18,19008,Jolteon, ,Normal,Flying,84669,Spearow4,Spearow,,00:43:23.89,00:43:31.05,02:50:12.47,43,1,0,43,31,5,DRILL PECK,SWIFT,DOUBLE-EDGE,AGILITY,21,20,15,30,3,0,0,0,113,113,86,55,55,55,89,16374,26370,12179,10846,10846,12636,15,15,15,15,0,0,0,0,0,0,0,96,61,55,55,89,449005,1778551181,243062,39757,157,27142,257,0,5134,218107573,33561433,285252864,40668,9813,83,9730,16385,3328,18290,50350696,134229391,655,267,19,21849,0,0,0,0,0,41,0,5,0,0,3,0,0,0,0,0,0,2048,13569,2,4096,0,0,4,1,0,0,0,0,0,0,2,0,0,0,0,180,78928,0,1000000,0,165000,40,33326,11,25088,1792,47113,8,4,9,Jolteon
4-19,07:09:12,NINTEN,Spearow,Juggler,3,Fuchsia City - Gym,4,43:56.80,43:56,0h43m56s,1,8,9,44,2:51,13.007,DRILL PECK,SWIFT,DOUBLE-EDGE,AGILITY,27142,5173,40669,84,9730,297,41501,39537,18,19933,Jolteon, ,Normal,Flying,87660,Spearow4,Spearow,,00:43:43.80,00:43:56.80,02:51:54.01,44,1,0,43,56,80,DRILL PECK,SWIFT,DOUBLE-EDGE,AGILITY,17,20,15,30,3,0,0,0,116,116,88,56,56,56,92,16594,26549,12344,11236,11236,12867,15,15,15,15,0,0,0,0,0,0,0,99,63,56,56,92,455079,1778552839,246641,40594,157,27142,257,0,5173,218107612,33561433,285252864,40669,9814,84,9730,16385,3328,18764,50351015,134229391,655,271,19,21849,0,0,0,0,0,41,0,5,0,0,3,0,0,0,0,0,0,2048,13569,2,4096,0,0,4,1,0,0,0,0,0,0,2,0,0,0,0,184,81919,0,1000000,0,165000,40,33326,11,25088,1792,47113,8,4,9,Jolteon
4-19,07:34:09,NINTEN,Spearow,Tamer,2,Fuchsia City - Gym,3,44:17.09,44:17,0h44m17s,1,8,9,44,2:53,13.856,DRILL PECK,SWIFT,DOUBLE-EDGE,AGILITY,27142,5180,40677,85,9730,301,41505,39538,18,21018,Jolteon, ,Normal,Flying,90890,Spearow4,Spearow,,00:44:03.23,00:44:17.09,02:53:14.01,44,1,0,44,17,9,DRILL PECK,SWIFT,DOUBLE-EDGE,AGILITY,15,20,13,30,3,0,0,0,22,116,88,56,56,56,92,16789,26819,12592,11421,11421,13092,15,15,15,15,0,0,0,0,0,0,0,99,63,56,56,92,459879,1778553463,250817,40594,157,27142,257,0,5180,218107619,33561433,285252864,40677,9815,85,9730,16385,3328,19117,50351286,134229485,749,275,19,21850,0,0,0,0,0,42,0,6,0,0,3,0,0,0,0,0,0,2048,13569,2,4096,0,0,4,1,0,0,0,0,0,0,2,0,0,0,0,187,85149,0,1000000,0,165000,40,33326,11,25088,1792,47113,8,4,9,Jolteon
4-19,07:34:32,NINTEN,Spearow,Tamer,1,Fuchsia City - Gym,2,44:39.83,44:39,0h44m39s,1,8,9,45,2:54,13.929,DRILL PECK,SWIFT,DOUBLE-EDGE,AGILITY,27142,5196,40679,86,9730,306,41510,39541,18,22338,Jolteon, ,Normal,Flying,93147,Spearow4,Spearow,,00:44:25.90,00:44:39.83,02:54:43.52,45,1,0,44,39,83,DRILL PECK,SWIFT,DOUBLE-EDGE,AGILITY,12,19,12,30,3,0,0,0,31,118,90,58,58,58,94,16924,27004,12771,11541,11541,13237,15,15,15,15,0,0,0,0,0,-1,0,101,65,58,58,94,465270,1778554165,254600,41500,157,27142,257,0,5196,218107635,33561433,285252864,40679,9816,86,9730,16385,3328,19360,50351476,134229572,836,278,20,21853,0,0,0,0,0,42,0,7,0,0,3,0,0,0,0,0,0,2048,13569,2,4096,0,0,4,1,0,0,0,0,0,0,2,0,0,0,0,189,87406,0,1000000,0,165000,40,33326,11,25088,1792,47113,8,4,9,Jolteon
4-19,07:34:51,NINTEN,Spearow,Juggler,4,Fuchsia City - Gym,2,44:59.01,44:59,0h44m59s,1,8,9,45,2:55,9.059,DRILL PECK,SWIFT,DOUBLE-EDGE,AGILITY,27142,5199,40679,87,9730,309,41513,39542,18,23698,Jolteon, ,Normal,Flying,95090,Spearow4,Spearow,,00:44:49.96,00:44:59.01,02:55:59.16,45,1,0,44,59,1,DRILL PECK,SWIFT,DOUBLE-EDGE,AGILITY,9,19,12,30,3,0,0,0,118,118,90,58,58,58,94,17069,27125,12886,11746,11746,13346,15,15,15,15,0,0,0,0,0,0,0,101,65,58,58,94,469794,1778554573,257642,42574,157,27142,257,0,5199,218107638,33561433,285252864,40679,9817,87,9730,16385,3328,19638,50351673,134229572,836,281,21,21853,0,0,0,0,0,42,0,7,0,0,3,0,0,0,0,0,0,2048,13569,2,4096,0,0,4,1,0,0,0,0,0,0,2,0,0,0,0,191,89349,0,1000000,0,165000,40,33326,11,25088,1792,47113,8,4,9,Jolteon
4-19,07:35:15,NINTEN,Spearow,Koga,1,Fuchsia City - Gym,4,45:22.56,45:22,0h45m22s,1,8,9,46,2:57,16.17,DRILL PECK,SWIFT,DOUBLE-EDGE,AGILITY,27143,5204,40686,88,9730,314,41518,39544,18,24888,Jolteon,Poisoned,Normal,Flying,98782,Spearow4,Spearow,Koga,00:45:06.38,00:45:22.56,02:57:32.20,46,1,0,45,22,56,DRILL PECK,SWIFT,DOUBLE-EDGE,AGILITY,4,19,12,30,3,0,0,0,59,121,92,59,59,59,96,17319,27355,13096,11956,11956,13571,15,15,15,15,0,0,-1,-1,0,0,0,103,66,38,38,96,475378,1778555324,261934,43115,157,27143,257,0,5204,218107643,33561433,285252864,40686,9818,88,9730,16385,3328,20491,50352165,134229634,898,286,21,21855,0,0,0,0,0,43,0,7,0,0,3,0,0,0,0,0,0,2048,13569,2,4097,0,0,4,1,0,0,0,0,0,0,2,0,0,0,0,195,93041,0,1000000,0,165000,40,33326,11,25088,1792,47113,8,4,9,Jolteon
4-19,07:36:11,NINTEN,Spearow,Fisher,7,Route 21,4,46:18.26,46:18,0h46m18s,1,8,9,46,3:01,12.402,DRILL PECK,SWIFT,DOUBLE-EDGE,AGILITY,27143,5356,40711,89,9730,318,41522,39544,19,29838,Jolteon, ,Normal,Flying,102508,Spearow4,Spearow,,00:46:05.86,00:46:18.26,03:01:12.05,46,1,0,46,18,26,DRILL PECK,SWIFT,DOUBLE-EDGE,AGILITY,28,20,15,30,3,0,0,0,121,121,92,59,59,59,96,17604,27698,13351,12246,12246,13838,15,15,15,15,0,0,0,0,0,0,0,103,66,59,59,108,488563,1778561369,265838,46351,157,27143,257,0,5356,218107766,33561433,285252893,40711,9819,89,9730,16385,3328,20905,50352493,134229634,898,290,21,21855,0,0,0,0,0,43,0,7,0,0,3,0,0,0,0,0,0,2048,13569,2,4097,0,0,4,1,0,0,0,0,0,0,2,0,0,0,0,199,96767,0,1000000,0,165000,41,33326,11,25088,1792,47114,8,4,9,Jolteon
4-19,07:36:31,NINTEN,Spearow,Fisher,9,Route 21,6,46:39.19,46:39,0h46m39s,1,8,9,46,3:02,17.168,DRILL PECK,SWIFT,DOUBLE-EDGE,AGILITY,27143,5365,40712,90,9730,324,41528,39544,19,30818,Jolteon, ,Normal,Flying,103198,Spearow4,Spearow,,00:46:22.02,00:46:39.19,03:02:34.33,46,1,0,46,39,19,DRILL PECK,SWIFT,DOUBLE-EDGE,AGILITY,22,20,15,30,3,0,0,0,121,121,92,59,59,59,96,17724,27758,13681,12366,12366,14318,15,15,15,15,0,0,0,0,0,0,0,103,66,59,59,108,493511,1778561769,270386,46351,157,27143,257,0,5365,218107766,33561433,285252902,40712,9820,90,9730,16385,3328,21858,50352805,134229634,898,296,21,21855,0,0,0,0,0,46,0,7,0,0,3,0,0,0,0,0,0,2048,13569,2,4097,0,0,4,1,0,0,0,0,0,0,2,0,0,0,0,205,97457,0,1000000,0,165000,41,33326,11,25088,1792,47114,8,4,9,Jolteon
4-19,07:36:47,NINTEN,Spearow,Swimmer,12,Route 21,2,46:54.51,46:54,0h46m54s,1,8,9,47,3:03,10.864,DRILL PECK,SWIFT,DOUBLE-EDGE,AGILITY,27143,5375,40713,91,9730,328,41532,39546,19,31763,Jolteon, ,Normal,Flying,105742,Spearow4,Spearow,,00:46:43.64,00:46:54.51,03:03:35.03,47,1,0,46,54,51,DRILL PECK,SWIFT,DOUBLE-EDGE,AGILITY,19,19,15,30,3,0,0,0,97,124,94,60,61,61,99,17859,27893,13841,12581,12581,14503,15,15,15,15,0,0,0,0,0,-1,0,105,67,61,61,111,497141,1778562333,273452,46351,157,27143,257,0,5375,218107766,33561433,285252912,40713,9821,91,9730,16385,3328,22158,50352990,134229661,925,299,21,21857,0,0,0,0,0,46,0,7,0,0,3,0,0,0,0,0,0,2048,13569,2,4097,0,0,4,1,0,0,0,0,0,0,2,0,0,0,0,207,100001,0,1000000,0,165000,41,33326,11,25088,1792,47114,8,4,9,Jolteon
4-19,07:37:01,NINTEN,Spearow,Cue Ball,9,Route 21,3,47:08.82,47:08,0h47m8s,1,8,9,47,3:04,9.623,DRILL PECK,SWIFT,DOUBLE-EDGE,AGILITY,27143,5378,40713,92,9730,331,41535,39546,19,31928,Jolteon, ,Normal,Flying,108496,Spearow4,Spearow,,00:46:59.19,00:47:08.82,03:04:31.22,47,1,0,47,8,82,DRILL PECK,SWIFT,DOUBLE-EDGE,AGILITY,17,19,14,30,3,0,0,0,74,124,94,60,61,61,99,18019,28043,13976,12901,12901,14743,15,15,15,15,0,0,0,0,0,0,0,105,67,61,61,111,500520,1778562550,276614,46351,157,27143,257,0,5378,218107766,33561433,285252915,40713,9822,92,9730,16385,3328,22593,50353225,134229684,948,302,21,21857,0,0,0,0,0,46,0,7,0,0,3,0,0,0,0,0,0,2048,13569,2,4097,0,0,4,1,0,0,0,0,0,0,2,0,0,0,0,210,102755,0,1000000,0,165000,41,33326,11,25088,1792,47114,8,4,9,Jolteon
4-19,07:37:19,NINTEN,Spearow,Swimmer,14,Route 21,2,47:27.06,47:27,0h47m27s,1,8,9,47,3:05,8.449,DRILL PECK,SWIFT,DOUBLE-EDGE,AGILITY,27143,5430,40714,93,9730,334,41538,39547,19,32703,Jolteon, ,Normal,Flying,110255,Spearow4,Spearow,,00:47:18.62,00:47:27.06,03:05:43.21,47,1,0,47,27,6,DRILL PECK,SWIFT,DOUBLE-EDGE,AGILITY,14,19,14,30,3,0,0,0,115,124,94,60,61,61,99,18108,28151,14111,13036,13036,14886,15,15,15,15,0,0,0,0,0,0,0,105,67,61,61,111,504839,1778563758,279099,46977,157,27143,257,0,5430,218107766,33561433,285252967,40714,9823,93,9730,16385,3328,22901,50353380,134229693,957,305,21,21858,0,0,0,0,0,47,0,7,0,0,3,0,0,0,0,0,0,2048,13569,2,4097,0,0,4,1,0,0,0,0,0,0,2,0,0,0,0,212,104514,0,1000000,0,165000,41,33326,11,25088,1792,47114,8,4,9,Jolteon
4-19,07:37:48,NINTEN,Spearow,Swimmer,15,Route 21,3,47:55.52,47:55,0h47m55s,1,8,9,48,3:07,24.54,DRILL PECK,SWIFT,DOUBLE-EDGE,AGILITY,27143,5442,40715,94,9730,345,41542,39555,19,32868,Jolteon, ,Normal,Flying,112934,Spearow4,Spearow,,00:47:30.98,00:47:55.52,03:07:36.04,48,1,0,47,55,52,DRILL PECK,SWIFT,DOUBLE-EDGE,AGILITY,11,19,13,30,3,0,0,0,27,126,97,62,62,62,101,18268,28321,14306,13281,13281,15131,15,15,15,15,0,0,0,0,0,0,0,109,69,62,62,113,511602,1778564189,285431,46977,157,27143,257,0,5442,218107766,33561433,285252979,40715,9824,94,9730,16385,3328,23328,50353622,134229783,1047,309,21,21866,0,0,0,0,0,47,0,7,0,0,3,0,0,0,0,0,0,2048,13569,2,4097,0,0,4,1,0,0,0,0,0,0,8,0,0,0,0,215,107193,0,1000000,0,165000,41,33326,11,25088,1792,47114,8,4,9,Jolteon
4-19,07:38:12,NINTEN,Spearow,Burglar,7,Cinnabar Mansion,2,48:19.36,48:19,0h48m19s,1,8,9,48,3:09,6.687,DRILL PECK,SWIFT,DOUBLE-EDGE,AGILITY,27143,5508,40722,95,9730,347,41544,39555,19,33028,Jolteon, ,Normal,Flying,114439,Spearow4,Spearow,,00:48:12.68,00:48:19.36,03:09:09.40,48,1,0,48,19,36,DRILL PECK,SWIFT,DOUBLE-EDGE,AGILITY,9,19,13,30,3,0,0,0,126,126,97,62,62,62,101,18365,28437,14407,13396,13396,15276,15,15,15,15,0,0,0,0,0,0,0,109,69,62,62,113,517218,1778565883,287806,48524,157,27143,257,0,5508,218107810,33561433,285253001,40722,9825,95,9730,16385,3328,23572,50353785,134229783,1047,311,21,21866,0,0,0,0,0,47,0,7,0,0,3,0,0,0,0,0,0,2048,13569,2,4097,0,0,4,1,0,0,0,0,0,0,8,0,0,0,0,217,108698,0,1000000,0,165000,41,33326,11,25088,1792,47114,8,4,9,Jolteon
4-19,07:38:47,NINTEN,Spearow,Scientist,12,Cinnabar Mansion,3,48:54.79,48:54,0h48m54s,1,8,9,48,3:11,9.993,DRILL PECK,SWIFT,DOUBLE-EDGE,AGILITY,27143,5645,40736,96,9730,350,41547,39555,19,36088,Jolteon, ,Normal,Flying,116932,Spearow4,Spearow,,00:48:44.80,00:48:54.79,03:11:29.39,48,1,0,48,54,79,DRILL PECK,SWIFT,DOUBLE-EDGE,AGILITY,9,17,12,30,3,0,0,0,106,127,97,63,64,64,101,18480,28562,17182,16226,16226,15491,15,15,15,15,0,0,0,0,0,0,0,109,70,64,64,113,525617,1778569733,290585,50294,157,27143,257,0,5645,218107947,33561433,285253001,40736,9826,96,9730,16385,3328,23862,50354004,134229803,1067,312,21,21866,0,0,0,0,0,48,0,7,0,0,3,0,0,0,0,0,0,2048,13569,2,4097,0,0,4,1,0,0,0,0,0,0,8,0,0,0,0,220,111191,0,1000000,0,165000,43,33326,11,25088,1792,47114,8,4,9,Jolteon
4-19,07:39:41,NINTEN,Spearow,Rocket,39,Silph Co - 10F,1,49:48.56,49:48,0h49m48s,1,8,9,49,3:15,5.185,DRILL PECK,SWIFT,DOUBLE-EDGE,AGILITY,27143,5926,40752,97,9730,351,41548,39555,20,37738,Jolteon, ,Normal,Flying,117964,Spearow4,Spearow,,00:49:43.38,00:49:48.56,03:15:02.08,49,1,0,49,48,56,DRILL PECK,SWIFT,DOUBLE-EDGE,AGILITY,31,20,15,30,3,0,0,0,129,129,99,65,65,65,104,18560,28662,17252,16276,16276,18096,15,15,15,15,0,0,0,0,0,0,0,111,73,65,65,117,538366,1778579385,292311,51665,157,27143,257,0,5926,218108228,33561433,285253001,40752,9827,97,9730,16385,3328,24052,50354105,134229803,1067,313,21,21866,0,0,0,0,0,48,0,7,0,0,3,0,0,0,0,0,0,2048,13569,2,4097,0,0,4,1,0,0,0,0,0,0,8,0,0,0,0,221,112223,0,1000000,0,165000,47,33326,11,25088,1792,47114,8,4,9,Jolteon
4-19,07:40:14,NINTEN,Spearow,Rocket,35,Silph Co - 8F,4,50:22.10,50:22,0h50m22s,1,8,9,49,3:17,11.55,DRILL PECK,SWIFT,DOUBLE-EDGE,AGILITY,27143,5990,40765,98,9730,355,41552,39555,19,38728,Jolteon, ,Normal,Flying,120177,Spearow4,Spearow,,00:50:10.55,00:50:22.10,03:17:14.30,49,1,0,50,22,10,DRILL PECK,SWIFT,DOUBLE-EDGE,AGILITY,27,20,15,30,3,0,0,0,129,129,99,65,65,65,105,18760,28924,17452,16466,16466,20970,15,15,15,15,0,0,0,0,0,0,0,111,73,65,65,118,546308,1778581838,295849,53616,157,27143,257,0,5990,218108292,33561433,285253001,40765,9828,98,9730,16385,3328,24827,50354367,134229803,1067,317,21,21866,0,0,0,0,0,49,0,7,0,0,3,0,0,0,0,0,0,2048,13569,2,4097,0,0,4,1,0,0,0,0,0,0,8,0,0,0,0,225,114436,0,1000000,0,165000,49,33326,11,25088,1792,47114,8,4,9,Jolteon
4-19,07:40:31,NINTEN,Spearow,Rocket,32,Silph Co - 7F,4,50:38.82,50:38,0h50m38s,1,8,9,49,3:18,12.441,DRILL PECK,SWIFT,DOUBLE-EDGE,AGILITY,27143,6005,40767,99,9730,359,41556,39556,19,39508,Jolteon, ,Normal,Flying,123227,Spearow4,Spearow,,00:50:26.38,00:50:38.82,03:18:20.17,49,1,0,50,38,82,DRILL PECK,SWIFT,DOUBLE-EDGE,AGILITY,23,20,15,30,3,0,0,0,119,129,99,65,65,65,105,18990,29235,17746,16716,16716,21272,15,15,15,15,0,0,0,0,0,0,0,111,73,65,65,118,550255,1778582441,299193,53616,157,27143,257,0,6005,218108307,33561433,285253001,40767,9829,99,9730,16385,3328,25287,50354645,134229813,1077,321,21,21867,0,0,0,0,0,49,0,7,0,0,3,0,0,0,0,0,0,2048,13569,2,4097,0,0,4,1,0,0,0,0,0,0,8,0,0,0,0,229,117486,0,1000000,0,165000,49,33326,11,25088,1792,47114,8,4,9,Jolteon
4-19,07:40:51,NINTEN,Spearow,Scientist,8,Silph Co - 7F,2,50:58.39,50:58,0h50m58s,1,8,9,50,3:19,9.684,DRILL PECK,SWIFT,DOUBLE-EDGE,AGILITY,27143,6046,40771,100,9730,362,41559,39557,19,40288,Jolteon,Poisoned,Normal,Flying,125133,Spearow4,Spearow,,00:50:48.70,00:50:58.39,03:19:37.34,50,1,0,50,58,39,DRILL PECK,SWIFT,DOUBLE-EDGE,AGILITY,23,20,12,30,3,0,0,0,77,132,101,66,68,68,108,19155,29390,17891,19421,19421,21462,15,15,15,15,0,0,0,0,0,0,0,113,74,68,68,121,554892,1778583706,301878,54303,157,27143,257,0,6046,218108348,33561433,285253001,40771,9830,100,9730,16385,3328,25542,50354827,134229858,1122,323,22,21868,0,0,0,0,0,49,0,7,0,0,3,0,0,0,0,0,0,2048,13570,2,4097,0,0,4,1,0,0,0,0,0,0,8,0,0,0,0,231,119392,0,1000000,0,165000,50,33326,11,25088,1792,47114,8,4,9,Jolteon
4-19,07:41:08,NINTEN,Spearow,Rocket,30,Silph Co - 6F,2,51:15.50,51:15,0h51m15s,1,8,9,50,3:20,6.868,DRILL PECK,SWIFT,DOUBLE-EDGE,AGILITY,27143,6091,40776,101,9730,364,41561,39557,19,41738,Jolteon, ,Normal,Flying,126585,Spearow4,Spearow,,00:51:08.63,00:51:15.50,03:20:44.46,50,1,0,51,15,50,DRILL PECK,SWIFT,DOUBLE-EDGE,AGILITY,21,20,12,30,3,0,0,0,77,132,101,66,68,68,108,19305,29570,18011,19506,19506,21542,15,15,15,15,0,0,0,0,0,0,0,113,74,68,68,121,558924,1778584906,304310,54703,157,27143,257,0,6091,218108393,33561433,285253001,40776,9831,101,9730,16385,3328,26038,50355001,134229858,1122,325,22,21868,0,0,0,0,0,49,0,7,0,0,3,0,0,0,0,0,0,2048,13570,2,4097,0,0,4,1,0,0,0,0,0,0,8,0,0,0,0,233,120844,0,1000000,0,165000,50,33326,11,25088,1792,47114,8,4,9,Jolteon
4-19,07:41:29,NINTEN,Spearow,Scientist,7,Silph Co - 6F,5,51:36.54,51:36,0h51m36s,1,8,9,50,3:22,15.125,DRILL PECK,SWIFT,DOUBLE-EDGE,AGILITY,27143,6104,40777,102,9730,369,41566,39557,19,42608,Jolteon, ,Normal,Flying,129692,Spearow4,Spearow,,00:51:21.42,00:51:36.54,03:22:07.37,50,1,0,51,36,54,DRILL PECK,SWIFT,DOUBLE-EDGE,AGILITY,21,16,11,30,3,0,0,0,111,132,101,66,68,68,108,19500,29825,18416,19896,19896,21827,15,15,15,15,0,0,0,0,0,0,0,113,74,68,68,121,563895,1778585344,308286,55260,157,27143,257,0,6104,218108406,33561433,285253001,40777,9832,102,9730,16385,3328,26645,50355293,134229874,1138,326,22,21868,0,0,0,0,0,51,0,7,0,0,3,0,0,0,0,0,0,2048,13570,2,4097,0,0,4,1,0,0,0,0,0,0,8,0,0,0,0,238,123951,0,1000000,0,165000,50,33326,11,25088,1792,47114,8,4,9,Jolteon
4-19,07:41:50,NINTEN,Spearow,Scientist,6,Silph Co - 5F,4,51:57.26,51:57,0h51m57s,1,8,9,51,3:23,14.235,DRILL PECK,SWIFT,DOUBLE-EDGE,AGILITY,27143,6138,40778,103,9730,373,41570,39557,19,43858,Jolteon, ,Normal,Flying,132681,Spearow4,Spearow,,00:51:43.02,00:51:57.26,03:23:29.19,51,1,0,51,57,26,DRILL PECK,SWIFT,DOUBLE-EDGE,AGILITY,21,14,9,30,3,0,0,0,79,134,103,68,69,69,110,19680,30075,18796,20256,20256,22037,15,15,15,15,0,0,0,0,0,0,0,115,76,69,69,123,568797,1778586479,312053,55260,157,27143,257,0,6138,218108440,33561433,285253001,40778,9833,103,9730,16385,3328,27015,50355545,134229908,1172,328,22,21868,0,0,0,0,0,51,0,7,0,0,3,0,0,0,0,0,0,2048,13570,2,4097,0,0,4,1,0,0,0,0,0,0,8,0,0,0,0,242,126940,0,1000000,0,165000,51,33326,11,25088,1792,47114,8,4,9,Jolteon
4-19,07:42:02,NINTEN,Spearow,Rocket,28,Silph Co - 5F,1,52:10.11,52:10,0h52m10s,1,8,9,51,3:24,4.956,DRILL PECK,SWIFT,DOUBLE-EDGE,AGILITY,27143,6149,40779,104,9730,374,41571,39557,19,45158,Jolteon, ,Normal,Flying,133720,Spearow4,Spearow,,00:52:05.15,00:52:10.11,03:24:19.45,51,1,0,52,10,11,DRILL PECK,SWIFT,DOUBLE-EDGE,AGILITY,20,14,9,30,3,0,0,0,129,134,103,68,69,69,110,19740,30160,18865,20321,20321,22117,15,15,15,15,0,0,0,0,0,0,0,115,76,69,69,123,571823,1778586826,314040,55952,157,27143,257,0,6149,218108451,33561433,285253001,40779,9834,104,9730,16385,3328,27112,50355632,134229908,1172,329,22,21868,0,0,0,0,0,51,0,7,0,0,3,0,0,0,0,0,0,2048,13570,2,4097,0,0,4,1,0,0,0,0,0,0,8,0,0,0,0,243,127979,0,1000000,0,165000,51,33326,11,25088,1792,47114,8,4,9,Jolteon
4-19,07:42:20,NINTEN,Spearow,Scientist,10,Silph Co - 9F,3,52:27.82,52:27,0h52m27s,1,8,9,51,3:25,10.207,DRILL PECK,SWIFT,DOUBLE-EDGE,AGILITY,27143,6183,40781,105,9730,377,41574,39557,20,46148,Jolteon, ,Normal,Flying,135988,Spearow4,Spearow,,00:52:17.62,00:52:27.82,03:25:29.11,51,1,0,52,27,82,DRILL PECK,SWIFT,DOUBLE-EDGE,AGILITY,19,13,8,30,3,0,0,0,112,134,103,68,69,69,110,19870,30315,19105,20556,20556,22322,15,15,15,15,0,0,0,0,0,0,0,115,76,69,69,123,575989,1778588101,316931,55952,157,27143,257,0,6183,218108485,33561433,285253001,40781,9835,105,9730,16385,3328,27427,50355830,134229925,1189,331,22,21868,0,0,0,0,0,51,0,7,0,0,3,0,0,0,0,0,0,2048,13570,2,4097,0,0,4,1,0,0,0,0,0,0,8,0,0,0,0,246,130247,0,1000000,0,165000,52,33326,11,25088,1792,47114,8,4,9,Jolteon
4-19,07:42:36,NINTEN,Spearow,Hypno Rocket,38,Silph Co - 9F,3,52:43.52,52:43,0h52m43s,1,8,9,51,3:26,9.61,DRILL PECK,SWIFT,DOUBLE-EDGE,AGILITY,27143,6222,40786,106,9730,380,41577,39557,20,47548,Jolteon, ,Normal,Flying,138616,Spearow4,Spearow,,00:52:33.91,00:52:43.52,03:26:31.01,51,1,0,52,43,52,DRILL PECK,SWIFT,DOUBLE-EDGE,AGILITY,16,13,8,30,3,0,0,0,112,134,103,68,69,69,110,20090,30516,19290,20836,20836,22521,15,15,15,15,0,0,0,0,0,0,0,115,76,69,69,123,579699,1778589039,319703,55952,157,27143,257,0,6222,218108524,33561433,285253001,40786,9836,106,9730,16385,3328,27833,50356080,134229925,1189,334,22,21868,0,0,0,0,0,51,0,7,0,0,3,0,0,0,0,0,0,2048,13570,2,4097,0,0,4,1,0,0,0,0,0,0,8,0,0,0,0,249,132875,0,1000000,0,165000,52,33326,11,25088,1792,47114,8,4,9,Jolteon
4-19,07:43:00,NINTEN,Spearow,Rocket,37,Silph Co - 9F,3,53:07.24,53:07,0h53m7s,1,8,9,51,3:28,9.641,DRILL PECK,SWIFT,DOUBLE-EDGE,AGILITY,27143,6257,40797,107,9730,383,41580,39557,20,48388,Jolteon, ,Normal,Flying,140296,Spearow4,Spearow,,00:52:57.59,00:53:07.24,03:28:04.39,51,1,0,53,7,24,DRILL PECK,SWIFT,DOUBLE-EDGE,AGILITY,29,20,15,30,3,0,0,0,134,134,103,68,69,69,110,20300,30724,19435,21001,21001,22623,15,15,15,15,0,0,0,0,0,0,0,115,76,69,69,123,585317,1778591056,322481,56775,157,27143,257,0,6257,218108559,33561433,285253001,40797,9837,107,9730,16385,3328,28657,50356324,134229925,1189,337,22,21868,0,0,0,0,0,52,0,7,0,0,3,0,0,0,0,0,0,2048,13570,2,4097,0,0,4,1,0,0,0,0,0,0,8,0,0,0,0,252,134555,0,1000000,0,165000,54,33326,11,25088,1792,47114,8,4,9,Jolteon
4-19,07:43:12,NINTEN,Spearow,Scientist,4,Silph Co - 3F,2,53:20.16,53:20,0h53m20s,1,8,9,52,3:28,8.718,DRILL PECK,SWIFT,DOUBLE-EDGE,AGILITY,27143,6275,40799,108,9730,385,41582,39557,20,49228,Jolteon, ,Normal,Flying,142301,Spearow4,Spearow,,00:53:11.45,00:53:20.16,03:28:55.28,52,1,0,53,20,16,DRILL PECK,SWIFT,DOUBLE-EDGE,AGILITY,29,20,13,30,3,0,0,0,98,137,105,70,71,71,112,20425,30864,19625,21166,21166,22823,15,15,15,15,0,0,0,0,0,0,0,118,78,71,71,126,588366,1778591639,324947,56775,157,27143,257,0,6275,218108577,33561433,285253001,40799,9838,108,9730,16385,3328,28990,50356483,134229964,1228,339,22,21868,0,0,0,0,0,53,0,7,0,0,3,0,0,0,0,0,0,2048,13570,2,4097,0,0,4,1,0,0,0,0,0,0,8,0,0,0,0,254,136560,0,1000000,0,165000,54,33326,11,25088,1792,47114,8,4,9,Jolteon
4-19,07:43:34,NINTEN,Spearow,Rocket,25,Silph Co - 3F,3,53:41.74,53:41,0h53m41s,1,8,9,52,3:30,9.188,DRILL PECK,SWIFT,DOUBLE-EDGE,AGILITY,27143,6302,40806,109,9730,388,41585,39557,20,50678,Jolteon, ,Normal,Flying,144683,Spearow4,Spearow,,00:53:32.55,00:53:41.74,03:30:20.28,52,1,0,53,41,74,DRILL PECK,SWIFT,DOUBLE-EDGE,AGILITY,26,20,13,30,3,0,0,0,98,137,105,70,71,71,112,20620,31099,19815,21381,21381,23084,15,15,15,15,0,0,0,0,0,0,0,118,78,71,71,126,593466,1778593041,327942,57478,157,27143,257,0,6302,218108604,33561433,285253001,40806,9839,109,9730,16385,3328,29380,50356719,134229964,1228,342,22,21868,0,0,0,0,0,53,0,7,0,0,3,0,0,0,0,0,0,2048,13570,2,4097,0,0,4,1,0,0,0,0,0,0,8,0,0,0,0,257,138942,0,1000000,0,165000,55,33326,11,25088,1792,47114,8,4,9,Jolteon
4-19,07:43:48,NINTEN,Spearow,Rocket,27,Silph Co - 4F,3,53:55.66,53:55,0h53m55s,1,8,9,52,3:31,9.028,DRILL PECK,SWIFT,DOUBLE-EDGE,AGILITY,27143,6325,40806,110,9730,391,41588,39557,20,51518,Jolteon, ,Normal,Flying,145901,Spearow4,Spearow,,00:53:46.63,00:53:55.66,03:31:15.14,52,1,0,53,55,66,DRILL PECK,SWIFT,DOUBLE-EDGE,AGILITY,23,20,13,30,3,0,0,0,98,137,105,70,71,71,112,20745,31254,19989,21501,21501,23229,15,15,15,15,0,0,0,0,0,0,0,118,78,71,71,126,596752,1778593793,330476,57478,157,27143,257,0,6325,218108627,33561433,285253001,40806,9840,110,9730,16385,3328,29837,50356915,134229964,1228,345,22,21868,0,0,0,0,0,53,0,7,0,0,3,0,0,0,0,0,0,2048,13570,2,4097,0,0,4,1,0,0,0,0,0,0,8,0,0,0,0,260,140160,0,1000000,0,165000,55,33326,11,25088,1792,47114,8,4,9,Jolteon
4-19,07:44:00,NINTEN,Spearow,Rocket,26,Silph Co - 4F,2,54:07.26,54:07,0h54m7s,1,8,9,52,3:32,6.981,DRILL PECK,SWIFT,DOUBLE-EDGE,AGILITY,27143,6356,40808,111,9730,393,41590,39557,20,52358,Jolteon, ,Normal,Flying,147080,Spearow4,Spearow,,00:54:00.27,00:54:07.26,03:32:00.55,52,1,0,54,7,26,DRILL PECK,SWIFT,DOUBLE-EDGE,AGILITY,21,20,13,30,3,0,0,0,98,137,105,70,71,71,112,20875,31382,20084,21626,21626,23306,15,15,15,15,0,0,0,0,0,0,0,118,78,71,71,126,599493,1778594482,332528,57478,157,27143,257,0,6356,218108658,33561433,285253001,40808,9841,111,9730,16385,3328,30412,50357077,134229964,1228,347,22,21868,0,0,0,0,0,54,0,7,0,0,3,0,0,0,0,0,0,2048,13570,2,4097,0,0,4,1,0,0,0,0,0,0,8,0,0,0,0,262,141339,0,1000000,0,165000,55,33326,11,25088,1792,47114,8,4,9,Jolteon
4-19,07:44:20,NINTEN,Spearow,Rocket,29,Silph Co - 5F,1,54:27.63,54:27,0h54m27s,1,8,9,52,3:33,4.935,DRILL PECK,SWIFT,DOUBLE-EDGE,AGILITY,27143,6463,40814,112,9730,394,41591,39557,20,53228,Jolteon, ,Normal,Flying,148245,Spearow4,Spearow,,00:54:22.69,00:54:27.63,03:33:21.11,52,1,0,54,27,63,DRILL PECK,SWIFT,DOUBLE-EDGE,AGILITY,21,20,12,30,3,0,0,0,72,137,105,70,71,71,112,20960,31455,20154,21741,21741,23373,15,15,15,15,0,0,0,0,0,0,0,118,78,71,71,126,604309,1778597738,334088,57478,157,27143,257,0,6463,218108765,33561433,285253001,40814,9842,112,9730,16385,3328,30540,50357181,134229990,1254,348,22,21868,0,0,0,0,0,54,0,7,0,0,3,0,0,0,0,0,0,2048,13570,2,4097,0,0,4,1,0,0,0,0,0,0,8,0,0,0,0,263,142504,0,1000000,0,165000,55,33326,11,25088,1792,47114,8,4,9,Jolteon
4-19,07:44:34,NINTEN,Spearow,Rocket,33,Silph Co - 7F,2,54:41.67,54:41,0h54m41s,1,8,9,53,3:34,7.329,DRILL PECK,SWIFT,DOUBLE-EDGE,AGILITY,27143,6485,40817,113,9730,396,41593,39557,20,54218,Jolteon, ,Normal,Flying,149325,Spearow4,Spearow,,00:54:34.33,00:54:41.67,03:34:16.17,53,1,0,54,41,67,DRILL PECK,SWIFT,DOUBLE-EDGE,AGILITY,19,20,12,30,3,0,0,0,75,140,107,71,73,73,115,21060,31555,20344,21821,21821,23443,15,15,15,15,0,0,0,0,0,0,0,120,79,73,73,129,607615,1778598907,336225,57478,157,27143,257,0,6485,218108787,33561433,285253001,40817,9843,113,9730,16385,3328,30713,50357325,134229990,1254,350,22,21868,0,0,0,0,0,54,0,7,0,0,3,0,0,0,0,0,0,2048,13570,2,4097,0,0,4,1,0,0,0,0,0,0,8,0,0,0,0,265,143584,0,1000000,0,165000,55,33326,11,25088,1792,47114,8,4,9,Jolteon
4-19,07:45:46,NINTEN,Spearow,Rival5-Silph,5,Silph Co - 7F,5,55:54.10,55:54,0h55m54s,2,8,10,53,3:37,21.678,DRILL PECK,SWIFT,DOUBLE-EDGE,AGILITY,27144,6627,40828,114,9730,404,41601,39560,20,55088,Jolteon, ,Normal,Flying,156369,Spearow4,Spearow,Rival (Silph Co.),00:55:32.41,00:55:54.10,03:37:20.56,53,2,0,55,54,10,DRILL PECK,SWIFT,DOUBLE-EDGE,AGILITY,26,20,14,29,3,0,0,0,28,140,107,71,73,73,115,21363,31926,20799,22291,22291,23913,15,15,15,15,0,0,0,0,2,0,0,135,88,73,73,258,618699,1778603382,342167,57987,315,27144,258,0,6627,218108929,33561433,285253001,40828,9844,114,9730,16385,3328,31460,50357812,134230102,1366,357,22,21870,0,0,0,0,0,55,0,7,0,0,3,0,0,0,0,0,0,2048,13570,2,4097,0,0,4,1,0,0,0,0,0,0,8,0,0,0,0,270,150628,0,1000000,0,165000,55,33326,11,25088,1792,47114,8,4,10,Jolteon
4-19,07:46:12,NINTEN,Spearow,Rocket,45,Silph Co - 11F,3,56:19.28,56:19,0h56m19s,2,8,10,54,3:38,11.907,DRILL PECK,SWIFT,DOUBLE-EDGE,AGILITY,27144,6635,40828,115,9730,408,41605,39561,20,57688,Jolteon, ,Normal,Flying,158951,Spearow4,Spearow,,00:56:07.37,00:56:19.28,03:38:59.49,54,2,0,56,19,28,DRILL PECK,SWIFT,DOUBLE-EDGE,AGILITY,22,20,14,29,3,0,0,0,134,142,109,73,74,74,117,21528,32146,21023,22481,22481,24143,15,15,15,15,0,0,0,0,0,0,0,122,82,74,74,131,624632,1778604832,345522,59115,315,27144,258,0,6635,218108937,33561433,285253001,40828,9845,115,9730,16385,3328,31993,50358051,134230110,1374,361,22,21871,0,0,0,0,0,56,0,7,0,0,3,0,0,0,0,0,0,2048,13570,2,4097,0,0,4,1,0,0,0,0,0,0,8,0,0,0,0,273,153210,0,1000000,0,165000,55,33326,11,25088,1792,47114,8,4,10,Jolteon
4-19,07:55:53,NINTEN,Spearow,Giovanni-Silph,2,Silph Co - 11F,4,56:54.27,56:54,0h56m54s,2,8,10,54,3:41,19.235,DRILL PECK,SWIFT,DOUBLE-EDGE,AGILITY,27145,6650,40829,116,9730,415,41612,39564,20,58618,Jolteon, ,Normal,Flying,163768,Spearow4,Spearow,Giovanni (Silph),00:56:35.03,00:56:54.27,03:41:17.57,54,2,0,56,54,27,DRILL PECK,SWIFT,DOUBLE-EDGE,AGILITY,15,20,14,29,3,0,0,0,86,142,109,73,74,74,117,21824,32455,21322,22706,22706,24424,15,15,15,15,0,0,0,0,0,0,0,122,82,74,74,131,632920,1778606237,350978,60542,315,27145,258,0,6650,218108952,33561433,285253001,40829,9846,116,9730,16385,3328,32510,50358488,134230166,1430,368,22,21874,0,0,0,0,0,56,0,7,0,0,3,0,0,0,0,0,0,2048,13570,2,4097,0,0,4,1,0,0,0,0,0,0,8,0,0,0,0,277,158027,0,1000000,0,165000,55,33326,11,25088,1792,47114,8,4,10,Jolteon
4-19,07:56:47,NINTEN,Spearow,Sabrina,1,Saffron City - Gym,3,57:49.11,57:49,0h57m49s,2,8,10,55,3:44,20.15,DRILL PECK,SWIFT,DOUBLE-EDGE,AGILITY,27145,6776,40836,117,9730,425,41622,39570,19,62677,Jolteon, ,Normal,Flying,168093,Spearow4,Spearow,Sabrina,00:57:28.96,00:57:49.11,03:44:54.22,55,2,0,57,49,11,DRILL PECK,SWIFT,DOUBLE-EDGE,AGILITY,15,17,14,22,3,0,0,0,89,145,112,74,76,76,119,21944,32560,21412,23066,23066,24739,15,15,15,15,0,0,0,0,6,-5,0,126,83,76,76,535,645905,1778612398,356266,62078,315,27145,258,0,6776,218109078,33561433,285253001,40836,9847,117,9730,16385,3328,33237,50358812,134230166,1430,368,23,21879,0,0,0,0,0,57,0,7,0,0,3,0,0,0,0,0,0,2048,13570,2,4097,0,0,4,1,0,0,0,0,0,0,8,0,0,0,0,280,162352,0,1000000,0,165000,55,33326,11,25088,1792,47114,8,4,10,Jolteon
4-19,07:57:22,NINTEN,Spearow,Beauty,8,Route 20,2,58:24.11,58:24,0h58m24s,2,8,10,55,3:47,6.757,DRILL PECK,SWIFT,DOUBLE-EDGE,AGILITY,27145,6813,40839,118,9730,427,41624,39570,20,67627,Jolteon, ,Normal,Flying,169732,Spearow4,Spearow,,00:58:17.35,00:58:24.11,03:47:11.58,55,2,0,58,24,11,DRILL PECK,SWIFT,DOUBLE-EDGE,AGILITY,30,20,15,30,3,0,0,0,145,145,112,74,76,76,119,22064,32702,21517,23186,23186,24897,15,15,15,15,0,0,0,0,0,0,0,126,83,76,76,133,654161,1778615979,358945,64074,315,27145,258,0,6813,218109096,33561433,285253020,40839,9848,118,9730,16385,3328,33660,50358977,134230166,1430,370,23,21879,0,0,0,0,0,58,0,7,0,0,3,0,0,0,0,0,0,2048,13570,2,4097,0,0,4,1,0,0,0,0,0,0,8,0,0,0,0,282,163991,0,1000000,0,165000,55,33326,11,25088,1792,47114,8,4,10,Jolteon
4-19,07:57:41,NINTEN,Spearow,Beauty,7,Route 20,3,58:42.47,58:42,0h58m42s,2,8,10,55,3:48,12.089,DRILL PECK,SWIFT,DOUBLE-EDGE,AGILITY,27145,6830,40839,119,9730,431,41628,39571,20,69797,Jolteon, ,Normal,Flying,172281,Spearow4,Spearow,,00:58:30.38,00:58:42.47,03:48:24.19,55,2,0,58,42,47,DRILL PECK,SWIFT,DOUBLE-EDGE,AGILITY,26,20,15,30,3,0,0,0,101,145,112,74,76,76,119,22174,32927,21897,23361,23361,25047,15,15,15,15,0,0,0,0,0,0,0,126,83,76,76,133,658502,1778616499,362288,64552,315,27145,258,0,6830,218109096,33561433,285253037,40839,9849,119,9730,16385,3328,33976,50359175,134230210,1474,374,23,21880,0,0,0,0,0,58,0,7,0,0,3,0,0,0,0,0,0,2048,13570,2,4097,0,0,4,1,0,0,0,0,0,0,8,0,0,0,0,285,166540,0,1000000,0,165000,55,33326,11,25088,1792,47114,8,4,10,Jolteon
4-19,07:57:53,NINTEN,Spearow,Jr Trainer F,16,Route 20,2,58:54.40,58:54,0h58m54s,2,8,10,55,3:49,8.264,DRILL PECK,SWIFT,DOUBLE-EDGE,AGILITY,27145,6842,40839,120,9730,433,41630,39571,20,71897,Jolteon, ,Normal,Flying,174145,Spearow4,Spearow,,00:58:46.13,00:58:54.40,03:49:11.20,55,2,0,58,54,40,DRILL PECK,SWIFT,DOUBLE-EDGE,AGILITY,24,20,15,30,3,0,0,0,101,145,112,74,76,76,119,22299,33086,22022,23491,23491,25178,15,15,15,15,0,0,0,0,0,0,0,126,83,76,76,133,661323,1778616871,364737,64552,315,27145,258,0,6842,218109096,33561433,285253049,40839,9850,120,9730,16385,3328,34449,50359343,134230210,1474,376,23,21880,0,0,0,0,0,60,0,7,0,0,3,0,0,0,0,0,0,2048,13570,2,4097,0,0,4,1,0,0,0,0,0,0,8,0,0,0,0,287,168404,0,1000000,0,165000,55,33326,11,25088,1792,47114,8,4,10,Jolteon
4-19,07:58:07,NINTEN,Spearow,Bird Keeper,11,Route 20,3,59:08.27,59:08,0h59m8s,2,8,10,56,3:50,10.277,DRILL PECK,SWIFT,DOUBLE-EDGE,AGILITY,27145,6855,40839,121,9730,436,41633,39571,20,72517,Jolteon, ,Normal,Flying,176953,Spearow4,Spearow,,00:58:58.00,00:59:08.27,03:50:06.01,56,2,0,59,8,27,DRILL PECK,SWIFT,DOUBLE-EDGE,AGILITY,21,20,15,30,3,0,0,0,104,148,114,76,77,77,122,22492,33326,22207,23663,23663,25449,15,15,15,15,0,0,0,0,0,0,0,128,85,77,77,137,664604,1778617224,367665,64552,315,27145,258,0,6855,218109098,33561433,285253060,40839,9851,121,9730,16385,3328,34991,50359591,134230210,1474,379,23,21880,0,0,0,0,0,61,0,7,0,0,3,0,0,0,0,0,0,2048,13570,2,4097,0,0,4,1,0,0,0,0,0,0,8,0,0,0,0,290,171212,0,1000000,0,165000,55,33326,11,25088,1792,47114,8,4,10,Jolteon
4-19,07:58:18,NINTEN,Spearow,Swimmer,10,Route 20,1,59:19.86,59:19,0h59m19s,2,8,10,56,3:50,4.284,DRILL PECK,SWIFT,DOUBLE-EDGE,AGILITY,27145,6865,40841,122,9730,437,41634,39571,20,73267,Jolteon, ,Normal,Flying,177748,Spearow4,Spearow,,00:59:15.57,00:59:19.86,03:50:51.32,56,2,0,59,19,86,DRILL PECK,SWIFT,DOUBLE-EDGE,AGILITY,20,20,15,30,3,0,0,0,104,148,114,76,77,77,122,22522,33371,22262,23733,23733,25534,15,15,15,15,0,0,0,0,0,0,0,128,85,77,77,137,667335,1778617611,369563,64998,315,27145,258,0,6865,218109101,33561433,285253067,40841,9852,122,9730,16385,3328,35133,50359662,134230210,1474,380,23,21880,0,0,0,0,0,61,0,7,0,0,3,0,0,0,0,0,0,2048,13570,2,4097,0,0,4,1,0,0,0,0,0,0,8,0,0,0,0,291,172007,0,1000000,0,165000,55,33326,11,25088,1792,47114,8,4,10,Jolteon
4-19,07:58:34,NINTEN,Spearow,Swimmer,2,Route 19,2,59:36.01,59:36,0h59m36s,2,8,10,56,3:51,6.717,DRILL PECK,SWIFT,DOUBLE-EDGE,AGILITY,27145,6879,40845,123,9730,439,41636,39571,20,73442,Jolteon, ,Normal,Flying,179045,Spearow4,Spearow,,00:59:29.29,00:59:36.01,03:51:55.00,56,2,0,59,36,1,DRILL PECK,SWIFT,DOUBLE-EDGE,AGILITY,18,20,15,30,3,0,0,0,104,148,114,76,77,77,122,22592,33476,22397,23878,23878,25644,15,15,15,15,0,0,0,0,0,0,0,128,85,77,77,137,671143,1778618332,371627,66021,315,27145,258,0,6879,218109115,33561433,285253067,40845,9853,123,9730,16385,3328,35479,50359792,134230210,1474,382,23,21880,0,0,0,0,0,61,0,7,0,0,3,0,0,0,0,0,0,2048,13570,2,4097,0,0,4,1,0,0,0,0,0,0,8,0,0,0,0,293,173304,0,1000000,0,165000,55,33326,11,25088,1792,47114,8,4,10,Jolteon
4-19,07:58:47,NINTEN,Spearow,Swimmer,3,Route 19,3,59:48.32,59:48,0h59m48s,2,8,10,56,3:52,9.132,DRILL PECK,SWIFT,DOUBLE-EDGE,AGILITY,27145,6884,40845,124,9730,442,41639,39571,20,73592,Jolteon, ,Normal,Flying,180905,Spearow4,Spearow,,00:59:39.19,00:59:48.32,03:52:43.29,56,2,0,59,48,32,DRILL PECK,SWIFT,DOUBLE-EDGE,AGILITY,15,20,15,30,3,0,0,0,104,148,114,76,77,77,122,22697,33628,22582,24068,24068,25852,15,15,15,15,0,0,0,0,0,0,0,128,85,77,77,137,674052,1778618601,374267,66021,315,27145,258,0,6884,218109120,33561433,285253067,40845,9854,124,9730,16385,3328,35938,50359983,134230210,1474,385,23,21880,0,0,0,0,0,61,0,7,0,0,3,0,0,0,0,0,0,2048,13570,2,4097,0,0,4,1,0,0,0,0,0,0,8,0,0,0,0,296,175164,0,1000000,0,165000,55,33326,11,25088,1792,47114,8,4,10,Jolteon
4-19,07:58:58,NINTEN,Spearow,Swimmer,7,Route 19,2,59:59.76,59:59,0h59m59s,2,8,10,56,3:53,6.435,DRILL PECK,SWIFT,DOUBLE-EDGE,AGILITY,27145,6889,40847,125,9730,444,41641,39571,20,73737,Jolteon, ,Normal,Flying,181969,Spearow4,Spearow,,00:59:53.32,00:59:59.76,03:53:28.26,56,2,0,59,59,76,DRILL PECK,SWIFT,DOUBLE-EDGE,AGILITY,13,20,15,30,3,0,0,0,104,148,114,76,77,77,122,22757,33708,22722,24208,24208,25972,15,15,15,15,0,0,0,0,0,0,0,128,85,77,77,137,676749,1778618921,376275,66390,315,27145,258,0,6889,218109124,33561433,285253068,40847,9855,125,9730,16385,3328,36202,50360107,134230210,1474,387,23,21880,0,0,0,0,0,61,0,7,0,0,3,0,0,0,0,0,0,2048,13570,2,4097,0,0,4,1,0,0,0,0,0,0,8,0,0,0,0,298,176228,0,1000000,0,165000,55,33326,11,25088,1792,47114,8,4,10,Jolteon
4-19,07:59:09,NINTEN,Spearow,Swimmer,4,Route 19,2,1:00:10.53,1:00:10,1h0m10s,2,8,10,56,3:54,6.501,DRILL PECK,SWIFT,DOUBLE-EDGE,AGILITY,27145,6913,40848,126,9730,446,41643,39571,20,73887,Jolteon, ,Normal,Flying,183305,Spearow4,Spearow,,01:00:04.03,01:00:10.53,03:54:10.49,56,2,1,0,10,53,DRILL PECK,SWIFT,DOUBLE-EDGE,AGILITY,11,20,15,30,3,0,0,0,104,148,114,76,77,77,122,22862,33823,22827,24298,24298,26152,15,15,15,15,0,0,0,0,0,0,0,128,85,77,77,137,679292,1778619446,378293,66390,315,27145,258,0,6913,218109124,33561433,285253092,40848,9856,126,9730,16385,3328,36547,50360258,134230210,1474,389,23,21880,0,0,0,0,0,61,0,7,0,0,3,0,0,0,0,0,0,2048,13570,2,4097,0,0,4,1,0,0,0,0,0,0,8,0,0,0,0,300,177564,0,1000000,0,165000,55,33326,11,25088,1792,47114,8,4,10,Jolteon
4-19,07:59:22,NINTEN,Spearow,Swimmer,6,Route 19,3,1:00:24.15,1:00:24,1h0m24s,2,8,10,57,3:55,10.107,DRILL PECK,SWIFT,DOUBLE-EDGE,AGILITY,27145,6924,40849,127,9730,449,41646,39571,20,74037,Jolteon, ,Normal,Flying,185650,Spearow4,Spearow,,01:00:14.04,01:00:24.15,03:55:04.30,57,2,1,0,24,15,DRILL PECK,SWIFT,DOUBLE-EDGE,AGILITY,8,20,15,30,3,0,0,0,107,151,116,77,79,79,124,23017,34047,23052,24473,24473,26323,15,15,15,15,0,0,0,0,0,0,0,130,86,79,79,139,682513,1778619797,381163,66390,315,27145,258,0,6924,218109124,33561433,285253103,40849,9857,127,9730,16385,3328,36964,50360478,134230210,1474,392,23,21880,0,0,0,0,0,61,0,7,0,0,3,0,0,0,0,0,0,2048,13570,2,4097,0,0,4,1,0,0,0,0,0,0,8,0,0,0,0,303,179909,0,1000000,0,165000,55,33326,11,25088,1792,47114,8,4,10,Jolteon
4-19,07:59:42,NINTEN,Spearow,Swimmer,8,Route 19,5,1:00:43.88,1:00:43,1h0m43s,2,8,10,57,3:56,14.337,DRILL PECK,SWIFT,DOUBLE-EDGE,AGILITY,27145,6940,40849,128,9730,454,41651,39571,20,74182,Jolteon, ,Normal,Flying,189141,Spearow4,Spearow,,01:00:29.53,01:00:43.88,03:56:22.11,57,2,1,0,43,88,DRILL PECK,SWIFT,DOUBLE-EDGE,AGILITY,3,20,15,30,3,0,0,0,107,151,116,77,79,79,124,23237,34282,23312,24933,24933,26708,15,15,15,15,0,0,0,0,0,0,0,130,86,79,79,139,687174,1778620187,385434,66390,315,27145,258,0,6940,218109124,33561433,285253119,40849,9858,128,9730,16385,3328,38054,50360800,134230210,1474,397,23,21880,0,0,0,0,0,62,0,7,0,0,3,0,0,0,0,0,0,2048,13570,2,4097,0,0,4,1,0,0,0,0,0,0,8,0,0,0,0,308,183400,0,1000000,0,165000,55,33326,11,25088,1792,47114,8,4,10,Jolteon
4-19,07:59:55,NINTEN,Spearow,Beauty,13,Route 19,2,1:00:57.01,1:00:57,1h0m57s,2,8,10,57,3:57,6.777,DRILL PECK,SWIFT,DOUBLE-EDGE,AGILITY,27145,6941,40850,129,9730,456,41653,39571,19,74317,Jolteon, ,Normal,Flying,190945,Spearow4,Spearow,,01:00:50.24,01:00:57.01,03:57:13.54,57,2,1,0,57,1,DRILL PECK,SWIFT,DOUBLE-EDGE,AGILITY,30,20,15,30,3,0,0,0,107,151,116,77,79,79,124,23362,34441,23437,25063,25063,26839,15,15,15,15,0,0,0,0,0,0,0,130,86,79,79,139,690277,1778620525,387523,67066,315,27145,258,0,6941,218109124,33561433,285253120,40850,9859,129,9730,16385,3328,38452,50360963,134230210,1474,399,23,21880,0,0,0,0,0,63,0,7,0,0,3,0,0,0,0,0,0,2048,13570,2,4097,0,0,4,1,0,0,0,0,0,0,8,0,0,0,0,310,185204,0,1000000,0,165000,55,33326,11,25088,1792,47114,8,4,10,Jolteon
4-19,08:00:12,NINTEN,Spearow,Beauty,12,Route 19,5,1:01:13.91,1:01:13,1h1m13s,2,8,10,57,3:58,13.964,DRILL PECK,SWIFT,DOUBLE-EDGE,AGILITY,27145,6942,40851,130,9730,461,41658,39571,19,76417,Jolteon, ,Normal,Flying,194101,Spearow4,Spearow,,01:00:59.95,01:01:13.91,03:58:20.25,57,2,1,1,13,91,DRILL PECK,SWIFT,DOUBLE-EDGE,AGILITY,25,20,15,30,3,0,0,0,107,151,116,77,79,79,124,23612,34767,23702,25323,25323,27213,15,15,15,15,0,0,0,0,0,0,0,130,86,79,79,139,694268,1778620735,391304,67066,315,27145,258,0,6942,218109124,33561433,285253121,40851,9860,130,9730,16385,3328,39539,50361301,134230210,1474,404,23,21880,0,0,0,0,0,64,0,7,0,0,3,0,0,0,0,0,0,2048,13570,2,4097,0,0,4,1,0,0,0,0,0,0,8,0,0,0,0,315,188360,0,1000000,0,165000,55,33326,11,25088,1792,47114,8,4,10,Jolteon
4-19,08:00:25,NINTEN,Spearow,Beauty,14,Route 19,3,1:01:27.15,1:01:27,1h1m27s,2,8,10,58,3:59,10.075,DRILL PECK,SWIFT,DOUBLE-EDGE,AGILITY,27145,6943,40852,131,9730,464,41661,39571,19,78307,Jolteon, ,Normal,Flying,196075,Spearow4,Spearow,,01:01:17.07,01:01:27.15,03:59:12.33,58,2,1,1,27,15,DRILL PECK,SWIFT,DOUBLE-EDGE,AGILITY,22,20,15,30,3,0,0,0,109,153,118,79,81,81,127,23702,34902,23867,25533,25533,27468,15,15,15,15,0,0,0,0,0,0,0,132,88,81,81,142,697396,1778621003,394164,67066,315,27145,258,0,6943,218109124,33561433,285253122,40852,9861,131,9730,16385,3328,40059,50361484,134230210,1474,407,23,21880,0,0,0,0,0,64,0,7,0,0,3,0,0,0,0,0,0,2048,13570,2,4097,0,0,4,1,0,0,0,0,0,0,8,0,0,0,0,318,190334,0,1000000,0,165000,55,33326,11,25088,1792,47114,8,4,10,Jolteon
4-19,08:00:44,NINTEN,Spearow,Swimmer,11,Route 20,4,1:01:45.92,1:01:45,1h1m45s,2,8,10,58,4:00,12.15,DRILL PECK,SWIFT,DOUBLE-EDGE,AGILITY,27145,6968,40852,132,9730,468,41665,39571,19,80337,Jolteon, ,Normal,Flying,198499,Spearow4,Spearow,,01:01:33.77,01:01:45.92,04:00:26.30,58,2,1,1,45,92,DRILL PECK,SWIFT,DOUBLE-EDGE,AGILITY,18,20,15,30,3,0,0,0,109,153,118,79,81,81,127,23847,35087,24172,25838,25838,27733,15,15,15,15,0,0,0,0,0,0,0,132,88,81,81,142,701833,1778621667,397937,67066,315,27145,258,0,6968,218109124,33561433,285253147,40852,9862,132,9730,16385,3328,40640,50361734,134230210,1474,411,23,21880,0,0,0,0,0,64,0,7,0,0,3,0,0,0,0,0,0,2048,13570,2,4097,0,0,4,1,0,0,0,0,0,0,8,0,0,0,0,322,192758,0,1000000,0,165000,55,33326,11,25088,1792,47114,8,4,10,Jolteon
4-19,08:00:57,NINTEN,Spearow,Swimmer,9,Route 20,2,1:01:58.34,1:01:58,1h1m58s,2,8,10,58,4:01,9.718,DRILL PECK,SWIFT,DOUBLE-EDGE,AGILITY,27145,6970,40853,133,9730,471,41668,39572,19,80477,Jolteon, ,Normal,Flying,200490,Spearow4,Spearow,,01:01:48.62,01:01:58.34,04:01:15.27,58,2,1,1,58,34,DRILL PECK,SWIFT,DOUBLE-EDGE,AGILITY,17,19,14,30,3,0,0,0,52,153,118,79,81,81,127,23927,35247,24452,25968,25968,27843,15,15,15,15,-1,0,0,0,0,0,0,86,99,81,81,159,704770,1778621820,400721,67066,315,27145,258,0,6970,218109124,33561433,285253149,40853,9863,133,9730,16385,3328,40854,50361874,134230267,1531,413,23,21881,0,0,0,0,0,64,0,7,0,0,3,0,0,0,0,0,0,2048,13570,2,4097,0,0,4,1,0,0,0,0,0,0,8,0,0,0,0,324,194749,0,1000000,0,165000,55,33326,11,25088,1792,47114,8,4,10,Jolteon
4-19,08:01:13,NINTEN,Spearow,Beauty,15,Route 20,3,1:02:14.69,1:02:14,1h2m14s,2,8,10,58,4:02,8.749,DRILL PECK,SWIFT,DOUBLE-EDGE,AGILITY,27145,6989,40853,134,9730,474,41671,39572,18,80632,Jolteon, ,Normal,Flying,203014,Spearow4,Spearow,,01:02:05.94,01:02:14.69,04:02:19.47,58,2,1,2,14,69,DRILL PECK,SWIFT,DOUBLE-EDGE,AGILITY,14,19,14,30,3,0,0,0,153,153,118,79,81,81,127,24067,35417,24712,26228,26228,28073,15,15,15,15,0,0,0,0,0,0,0,132,88,81,81,142,708630,1778622413,403266,67788,315,27145,258,0,6989,218109124,33561433,285253168,40853,9864,134,9730,16385,3328,41205,50362090,134230267,1531,416,23,21881,0,0,0,0,0,64,0,7,0,0,3,0,0,0,0,0,0,2048,13570,2,4097,0,0,4,1,0,0,0,0,0,0,8,0,0,0,0,327,197273,0,1000000,0,165000,55,33326,11,25088,1792,47114,8,4,10,Jolteon
4-19,08:01:26,NINTEN,Spearow,Beauty,6,Route 20,1,1:02:27.71,1:02:27,1h2m27s,2,8,10,58,4:03,4.376,DRILL PECK,SWIFT,DOUBLE-EDGE,AGILITY,27145,7020,40859,135,9730,475,41672,39572,18,82732,Jolteon, ,Normal,Flying,204289,Spearow4,Spearow,,01:02:23.34,01:02:27.71,04:03:11.07,58,2,1,2,27,71,DRILL PECK,SWIFT,DOUBLE-EDGE,AGILITY,13,19,14,30,3,0,0,0,153,153,118,79,81,81,127,24147,35509,24777,26308,26308,28141,15,15,15,15,0,0,0,0,0,0,0,132,88,81,81,142,711710,1778623374,404782,68391,315,27145,258,0,7020,218109144,33561433,285253179,40859,9865,135,9730,16385,3328,41342,50362196,134230267,1531,417,23,21881,0,0,0,0,0,64,0,7,0,0,3,0,0,0,0,0,0,2048,13570,2,4097,0,0,4,1,0,0,0,0,0,0,8,0,0,0,0,328,198548,0,1000000,0,165000,55,33326,11,25088,1792,47114,8,4,10,Jolteon
4-19,08:02:07,NINTEN,Spearow,Pokemaniac,1,Route 10,2,1:03:08.50,1:03:08,1h3m8s,2,8,10,59,4:05,9.7,DRILL PECK,SWIFT,DOUBLE-EDGE,AGILITY,27145,7224,40882,136,9730,478,41675,39573,18,85182,Jolteon, ,Normal,Flying,205972,Spearow4,Spearow,RTG2 - Pokemaniac 1,01:02:58.80,01:03:08.50,04:05:52.05,59,2,1,3,8,50,DRILL PECK,SWIFT,DOUBLE-EDGE,AGILITY,10,19,14,30,3,0,0,0,144,156,121,81,82,82,130,24317,35649,24947,26398,26398,28196,15,15,15,15,0,0,0,0,0,0,0,136,91,82,82,146,721368,1778628049,407559,70597,315,27145,258,0,7224,218109320,33561433,285253207,40882,9866,136,9730,16385,3328,41583,50362386,134230279,1543,420,23,21882,0,0,0,0,0,64,0,7,0,0,3,0,0,0,0,0,0,2048,13570,2,4097,0,0,4,1,0,0,0,0,0,0,8,0,0,0,0,330,200231,0,1000000,0,165000,55,33326,11,25088,1792,47114,8,4,10,Jolteon
4-19,08:03:03,NINTEN,Spearow,Burglar,4,Cinnabar Island - Gym,3,1:04:04.94,1:04:04,1h4m4s,2,8,10,59,4:09,10.783,DRILL PECK,SWIFT,DOUBLE-EDGE,AGILITY,27145,7456,40917,137,9730,482,41679,39574,18,86682,Jolteon, ,Normal,Flying,208532,Spearow4,Spearow,,01:03:54.16,01:04:04.94,04:09:34.48,59,2,1,4,4,94,DRILL PECK,SWIFT,DOUBLE-EDGE,AGILITY,28,20,15,30,3,0,0,0,136,156,121,81,82,82,130,24483,35836,25107,26613,26613,28421,15,15,15,15,0,0,0,0,0,0,0,136,91,82,82,146,734731,1778636098,411024,72446,315,27145,258,0,7456,218109552,33561433,285253207,40917,9867,137,9730,16385,3328,42068,50362660,134230299,1563,423,24,21883,0,0,0,0,0,64,0,7,0,0,3,0,0,0,0,0,0,2048,13570,2,4097,0,0,4,1,0,0,0,0,0,0,8,0,0,0,0,333,202791,0,1000000,0,165000,57,33326,11,25088,1792,47114,8,4,10,Jolteon
4-19,08:03:17,NINTEN,Spearow,Super Nerd,9,Cinnabar Island - Gym,3,1:04:18.52,1:04:18,1h4m18s,2,8,10,59,4:10,10.321,DRILL PECK,SWIFT,DOUBLE-EDGE,AGILITY,27145,7464,40918,138,9730,485,41682,39575,18,89922,Jolteon, ,Normal,Flying,210876,Spearow4,Spearow,,01:04:08.20,01:04:18.52,04:10:28.17,59,2,1,4,18,52,DRILL PECK,SWIFT,DOUBLE-EDGE,AGILITY,25,20,15,30,3,0,0,0,130,156,121,81,82,82,130,24632,35994,25262,26843,26843,28651,15,15,15,15,0,0,0,0,0,0,0,136,91,82,82,146,737940,1778636383,413948,72446,315,27145,258,0,7464,218109560,33561433,285253207,40918,9868,138,9730,16385,3328,42601,50362922,134230305,1569,426,24,21884,0,0,0,0,0,64,0,7,0,0,3,0,0,0,0,0,0,2048,13570,2,4097,0,0,4,1,0,0,0,0,0,0,8,0,0,0,0,336,205135,0,1000000,0,165000,57,33326,11,25088,1792,47114,8,4,10,Jolteon
4-19,08:03:35,NINTEN,Spearow,Super Nerd,10,Cinnabar Island - Gym,4,1:04:36.64,1:04:36,1h4m36s,2,8,10,59,4:11,11.813,DRILL PECK,SWIFT,DOUBLE-EDGE,AGILITY,27145,7480,40920,139,9730,489,41686,39575,18,90822,Jolteon, ,Normal,Flying,213577,Spearow4,Spearow,,01:04:24.83,01:04:36.64,04:11:39.41,59,2,1,4,36,64,DRILL PECK,SWIFT,DOUBLE-EDGE,AGILITY,21,20,15,30,3,0,0,0,130,156,121,81,82,82,130,24814,36242,25445,27073,27073,28931,15,15,15,15,0,0,0,0,0,0,0,136,91,82,82,146,742224,1778637379,417236,72446,315,27145,258,0,7480,218109576,33561433,285253207,40920,9869,139,9730,16385,3328,43498,50363241,134230305,1569,430,24,21884,0,0,0,0,0,65,0,7,0,0,3,0,0,0,0,0,0,2048,13570,2,4097,0,0,4,1,0,0,0,0,0,0,8,0,0,0,0,340,207836,0,1000000,0,165000,57,33326,11,25088,1792,47114,8,4,10,Jolteon
4-19,08:03:44,NINTEN,Spearow,Burglar,5,Cinnabar Island - Gym,1,1:04:45.97,1:04:45,1h4m45s,2,8,10,59,4:12,4.293,DRILL PECK,SWIFT,DOUBLE-EDGE,AGILITY,27145,7492,40921,140,9730,490,41687,39575,18,91672,Jolteon, ,Normal,Flying,214912,Spearow4,Spearow,,01:04:41.67,01:04:45.97,04:12:16.20,59,2,1,4,45,97,DRILL PECK,SWIFT,DOUBLE-EDGE,AGILITY,20,20,15,30,3,0,0,0,130,156,121,81,82,82,130,24864,36327,25500,27138,27138,29021,15,15,15,15,0,0,0,0,0,0,0,136,91,82,82,146,744423,1778638070,418744,72446,315,27145,258,0,7492,218109588,33561433,285253207,40921,9870,140,9730,16385,3328,43642,50363339,134230305,1569,431,24,21884,0,0,0,0,0,65,0,7,0,0,3,0,0,0,0,0,0,2048,13570,2,4097,0,0,4,1,0,0,0,0,0,0,8,0,0,0,0,341,209171,0,1000000,0,165000,57,33326,11,25088,1792,47114,8,4,10,Jolteon
4-19,08:03:55,NINTEN,Spearow,Super Nerd,11,Cinnabar Island - Gym,1,1:04:56.65,1:04:56,1h4m56s,2,8,10,60,4:12,5.223,DRILL PECK,SWIFT,DOUBLE-EDGE,AGILITY,27145,7506,40923,141,9730,491,41688,39575,18,95362,Jolteon, ,Normal,Flying,216598,Spearow4,Spearow,,01:04:51.43,01:04:56.65,04:12:58.25,60,2,1,4,56,65,DRILL PECK,SWIFT,DOUBLE-EDGE,AGILITY,19,20,15,30,3,0,0,0,133,159,123,83,84,84,132,24929,36427,25570,27218,27218,29126,15,15,15,15,0,0,0,0,0,0,0,138,93,84,84,148,746948,1778638868,420471,72446,315,27145,258,0,7506,218109602,33561433,285253207,40923,9871,141,9730,16385,3328,43757,50363449,134230305,1569,432,24,21884,0,0,0,0,0,65,0,7,0,0,3,0,0,0,0,0,0,2048,13570,2,4097,0,0,4,1,0,0,0,0,0,0,8,0,0,0,0,342,210857,0,1000000,0,165000,57,33326,11,25088,1792,47114,8,4,10,Jolteon
4-19,08:04:08,NINTEN,Spearow,Burglar,6,Cinnabar Island - Gym,2,1:05:10.08,1:05:10,1h5m10s,2,8,10,60,4:13,6.758,DRILL PECK,SWIFT,DOUBLE-EDGE,AGILITY,27145,7519,40924,142,9730,493,41690,39575,18,96387,Jolteon, ,Normal,Flying,217818,Spearow4,Spearow,,01:05:03.32,01:05:10.08,04:13:51.15,60,2,1,5,10,8,DRILL PECK,SWIFT,DOUBLE-EDGE,AGILITY,17,20,15,30,3,0,0,0,133,159,123,83,84,84,132,25022,36538,25655,27333,27333,29251,15,15,15,15,0,0,0,0,0,0,0,138,93,84,84,148,750118,1778639552,422957,72446,315,27145,258,0,7519,218109615,33561433,285253207,40924,9872,142,9730,16385,3328,44147,50363623,134230305,1569,434,24,21884,0,0,0,0,0,65,0,7,0,0,3,0,0,0,0,0,0,2048,13570,2,4097,0,0,4,1,0,0,0,0,0,0,8,0,0,0,0,344,212077,0,1000000,0,165000,57,33326,11,25088,1792,47114,8,4,10,Jolteon
4-19,08:05:10,NINTEN,Spearow,Blaine,1,Cinnabar Island - Gym,3,1:06:11.59,1:06:11,1h6m11s,2,8,10,70,4:17,15.01,DRILL PECK,SWIFT,DOUBLE-EDGE,AGILITY,27146,7543,40934,143,9730,497,41694,39576,18,99717,Jolteon, ,Normal,Flying,349350,Spearow4,Spearow,Blaine,01:05:56.59,01:06:11.59,04:17:52.43,70,2,1,6,11,59,DRILL PECK,SWIFT,DOUBLE-EDGE,AGILITY,15,20,13,30,3,0,0,0,71,184,143,96,98,98,154,25250,36824,25880,27593,27593,29551,15,15,15,15,0,0,0,0,0,0,0,160,108,98,98,173,764606,1778641217,427008,81218,315,27146,258,0,7543,218109639,33561433,285253207,40934,9873,143,9730,16385,3328,44689,50364060,134230418,1682,438,24,21885,0,0,0,0,0,65,0,7,0,0,3,0,0,0,0,0,0,2048,13570,2,4097,0,0,4,1,0,0,0,0,0,0,8,0,0,0,0,347,218427,0,1000000,0,165000,57,33326,11,25088,1792,47114,8,4,10,Jolteon
4-19,08:05:47,NINTEN,Spearow,Blackbelt,6,Viridian City - Gym,2,1:06:49.18,1:06:49,1h6m49s,2,8,10,70,4:20,7.086,DRILL PECK,MIMIC,DOUBLE-EDGE,AGILITY,27146,7622,40950,144,9730,499,41696,39576,18,105063,Jolteon, ,Normal,Flying,351354,Spearow4,Spearow,,01:06:42.10,01:06:49.18,04:20:21.09,70,2,1,6,49,18,DRILL PECK,MIMIC,DOUBLE-EDGE,AGILITY,30,10,15,30,3,0,0,0,184,184,143,96,98,98,154,25400,37004,26000,27678,27678,29631,15,15,15,15,0,0,0,0,0,0,0,160,108,110,110,173,773512,1778645622,429250,83477,315,27146,258,0,7622,218109718,33561433,285253207,40950,9874,144,9730,16385,3328,45419,50364292,134230418,1682,440,24,21885,0,0,0,0,0,65,0,7,0,0,3,0,0,0,0,0,0,2048,13570,2,4097,0,0,4,1,0,0,0,0,0,0,8,0,0,0,0,349,220431,0,1000000,0,165000,57,33326,11,25088,1792,47115,8,4,10,Jolteon
4-19,08:05:59,NINTEN,Spearow,Cooltrainer M,9,Viridian City - Gym,2,1:07:01.09,1:07:01,1h7m1s,2,8,10,70,4:21,8.591,DRILL PECK,MIMIC,DOUBLE-EDGE,AGILITY,27146,7627,40951,145,9730,502,41699,39577,18,106063,Jolteon, ,Normal,Flying,353994,Spearow4,Spearow,,01:06:52.50,01:07:01.09,04:21:08.08,70,2,1,7,1,9,DRILL PECK,MIMIC,DOUBLE-EDGE,AGILITY,27,10,15,30,3,0,0,0,184,184,143,96,98,98,154,25510,37184,26160,27803,27803,29816,15,15,15,15,0,0,0,0,0,-1,0,180,121,123,123,194,776331,1778645908,431783,83477,315,27146,258,0,7627,218109723,33561433,285253207,40951,9875,145,9730,16385,3328,45898,50364487,134230418,1682,443,24,21886,0,0,0,0,0,65,0,7,0,0,3,0,0,0,0,0,0,2048,13570,2,4097,0,0,4,1,0,0,0,0,0,0,8,0,0,0,0,351,223071,0,1000000,0,165000,57,33326,11,25088,1792,47115,8,4,10,Jolteon
4-19,08:06:14,NINTEN,Spearow,Cooltrainer M,10,Viridian City - Gym,1,1:07:15.38,1:07:15,1h7m15s,2,8,10,70,4:22,10.317,DRILL PECK,MIMIC,DOUBLE-EDGE,AGILITY,27146,7631,40958,146,9730,505,41702,39579,18,107428,Jolteon, ,Normal,Flying,355237,Spearow4,Spearow,,01:07:05.06,01:07:15.38,04:22:04.43,70,2,1,7,15,38,DRILL PECK,MIMIC,DOUBLE-EDGE,AGILITY,24,10,15,30,3,0,0,0,144,184,143,96,98,98,154,25590,37269,26255,27833,27833,29841,15,15,15,15,0,0,0,0,0,0,0,160,108,110,110,173,779726,1778646341,434745,83477,315,27146,258,0,7631,218109727,33561433,285253207,40958,9876,146,9730,16385,3328,46064,50364615,134230458,1722,446,24,21888,0,0,0,0,0,65,0,7,0,0,3,0,0,0,0,0,0,2048,13570,2,4097,0,0,4,1,0,0,0,0,0,0,8,0,0,0,0,352,224314,0,1000000,0,165000,57,33326,11,25088,1792,47115,8,4,10,Jolteon
4-19,08:06:28,NINTEN,Spearow,Blackbelt,8,Viridian City - Gym,3,1:07:30.17,1:07:30,1h7m30s,2,8,10,71,4:23,10.558,DRILL PECK,MIMIC,DOUBLE-EDGE,AGILITY,27146,7639,40965,147,9730,508,41705,39579,18,108933,Jolteon, ,Normal,Flying,358328,Spearow4,Spearow,,01:07:19.61,01:07:30.17,04:23:03.03,71,2,1,7,30,17,DRILL PECK,MIMIC,DOUBLE-EDGE,AGILITY,21,10,15,30,3,0,0,0,147,187,145,97,100,100,156,25820,37549,26445,27968,27968,29966,15,15,15,15,0,0,0,0,0,0,0,163,109,112,112,175,783226,1778646845,437741,83477,315,27146,258,0,7639,218109735,33561433,285253207,40965,9877,147,9730,16385,3328,47168,50364950,134230458,1722,449,24,21888,0,0,0,0,0,65,0,7,0,0,3,0,0,0,0,0,0,2048,13570,2,4097,0,0,4,1,0,0,0,0,0,0,8,0,0,0,0,355,227405,0,1000000,0,165000,57,33326,11,25088,1792,47115,8,4,10,Jolteon
4-19,08:06:48,NINTEN,Spearow,Cooltrainer M,1,Viridian City - Gym,2,1:07:49.31,1:07:49,1h7m49s,2,8,10,71,4:24,7.136,DRILL PECK,MIMIC,DOUBLE-EDGE,AGILITY,27146,7703,40982,148,9730,510,41707,39579,18,109883,Jolteon, ,Normal,Flying,360942,Spearow4,Spearow,,01:07:42.17,01:07:49.31,04:24:18.28,71,2,1,7,49,31,DRILL PECK,MIMIC,DOUBLE-EDGE,AGILITY,19,10,15,30,3,0,0,0,147,187,145,97,100,100,156,25962,37713,26579,28098,28098,30116,15,15,15,15,0,0,0,0,0,0,0,163,109,112,112,175,787751,1778648790,440321,83477,315,27146,258,0,7703,218109799,33561433,285253207,40982,9878,148,9730,16385,3328,47642,50365170,134230458,1722,451,24,21888,0,0,0,0,0,66,0,7,0,0,3,0,0,0,0,0,0,2048,13570,2,4097,0,0,4,1,0,0,0,0,0,0,8,0,0,0,0,357,230019,0,1000000,0,165000,57,33326,11,25088,1792,47115,8,4,10,Jolteon
4-19,08:07:28,NINTEN,Spearow,Giovanni,3,Viridian City - Gym,5,1:08:30.04,1:08:30,1h8m30s,2,8,10,71,4:26,27.283,DRILL PECK,MIMIC,DOUBLE-EDGE,AGILITY,27147,7709,40982,149,9730,521,41718,39584,17,111248,Jolteon, ,Normal,Flying,371163,Spearow4,Spearow,Giovanni,01:08:02.77,01:08:30.04,04:26:59.34,71,2,1,8,30,4,DRILL PECK,MIMIC,DOUBLE-EDGE,AGILITY,29,5,15,27,3,0,0,0,187,187,145,97,100,100,156,26338,38167,26973,28428,28428,30552,15,15,15,15,0,0,0,0,6,-2,0,290,194,199,199,887,797417,1778649535,447295,85424,315,27147,258,0,7709,218109805,33561433,285253207,40982,9879,149,9730,16385,3328,49054,50365930,134230458,1722,457,27,21891,0,0,0,0,0,67,0,7,0,0,3,0,0,0,0,0,0,2048,13570,2,4097,0,0,4,1,0,0,0,0,0,0,8,0,0,0,0,362,240240,0,1000000,0,165000,57,33326,11,25088,1792,47115,8,4,10,Jolteon
4-19,08:08:32,NINTEN,Spearow,Rival6-Route 22,8,Route 22,6,1:09:34.06,1:09:34,1h9m34s,2,8,10,72,4:31,33.574,DRILL PECK,MIMIC,DOUBLE-EDGE,AGILITY,27148,7851,40995,150,9731,531,41728,39588,18,116693,Jolteon, ,Normal,Flying,381297,Spearow4,Spearow,Rival (Final),01:09:00.48,01:09:34.06,04:31:12.27,72,2,1,9,34,6,DRILL PECK,MIMIC,DOUBLE-EDGE,AGILITY,30,3,15,29,3,0,0,0,81,190,148,99,101,101,159,26701,38578,27508,28958,28958,31062,15,15,15,15,0,0,0,0,2,0,0,166,111,113,113,357,812590,1778654681,456772,85974,315,27148,258,0,7851,218109947,33561433,285253207,40995,9881,150,9731,16386,3328,50650,50366667,134230567,1831,466,27,21895,0,0,0,0,0,73,0,7,0,0,3,0,0,0,0,0,0,2048,13570,2,4097,0,0,4,1,0,0,0,0,0,0,8,0,0,0,0,368,250374,0,1000000,0,165000,57,33326,11,25088,1792,47115,8,4,10,Jolteon
4-19,08:10:37,NINTEN,Spearow,Cooltrainer F,5,Victory Road,2,1:11:38.42,1:11:38,1h11m38s,2,8,10,72,4:39,7.989,DRILL PECK,MIMIC,DOUBLE-EDGE,AGILITY,27148,8459,41078,151,9732,533,41730,39589,20,117338,Jolteon, ,Normal,Flying,384369,Spearow4,Spearow,,01:11:30.42,01:11:38.42,04:39:24.24,72,2,1,11,38,42,DRILL PECK,MIMIC,DOUBLE-EDGE,AGILITY,30,10,15,30,3,0,0,0,179,190,148,99,101,101,159,26839,38724,27643,29123,29123,31277,15,15,15,15,0,0,0,0,0,0,0,166,111,113,113,178,842107,1778675535,460272,91137,315,27148,258,0,8459,218110355,33561557,285253283,41078,9883,151,9732,16387,3328,50968,50366910,134230578,1842,468,27,21896,0,0,0,0,0,73,0,7,0,0,3,0,0,0,0,0,0,2048,13570,2,4097,0,0,4,1,0,0,0,0,0,0,8,0,0,0,0,370,253446,0,1000000,0,165000,59,33330,11,25088,1792,47115,8,4,10,Jolteon
4-19,08:10:54,NINTEN,Spearow,Cooltrainer M,5,Victory Road,4,1:11:55.69,1:11:55,1h11m55s,2,8,10,73,4:40,13.407,DRILL PECK,MIMIC,DOUBLE-EDGE,AGILITY,27148,8474,41085,152,9732,537,41734,39589,20,118878,Jolteon, ,Normal,Flying,390084,Spearow4,Spearow,,01:11:42.28,01:11:55.69,04:40:32.34,73,2,1,11,55,69,DRILL PECK,MIMIC,DOUBLE-EDGE,AGILITY,26,10,15,30,3,0,0,0,182,193,150,101,103,103,161,27094,38997,27922,29418,29418,31575,15,15,15,15,0,0,0,0,0,0,0,168,113,115,115,181,846197,1778676051,463846,91137,315,27148,258,0,8474,218110355,33561572,285253283,41085,9884,152,9732,16387,3328,52049,50367358,134230578,1842,472,27,21896,0,0,0,0,0,74,0,7,0,0,3,0,0,0,0,0,0,2048,13570,2,4097,0,0,4,1,0,0,0,0,0,0,8,0,0,0,0,374,259161,0,1000000,0,165000,59,33330,11,25088,1792,47115,8,4,10,Jolteon
4-19,08:11:21,NINTEN,Spearow,Blackbelt,9,Victory Road,3,1:12:22.99,1:12:22,1h12m22s,2,8,10,73,4:42,10.576,DRILL PECK,MIMIC,DOUBLE-EDGE,AGILITY,27148,8514,41099,153,9732,540,41737,39589,20,120348,Jolteon, ,Normal,Flying,393582,Spearow4,Spearow,,01:12:12.41,01:12:22.99,04:42:20.23,73,2,1,12,22,99,DRILL PECK,MIMIC,DOUBLE-EDGE,AGILITY,23,10,15,30,3,0,0,0,182,193,150,101,103,103,161,27324,39277,28112,29553,29553,31700,15,15,15,15,0,0,0,0,0,0,0,168,113,115,115,181,852666,1778678204,467264,92035,315,27148,258,0,8514,218110355,33561612,285253283,41099,9885,153,9732,16387,3328,53320,50367734,134230578,1842,475,27,21896,0,0,0,0,0,75,0,7,0,0,3,0,0,0,0,0,0,2048,13570,2,4097,0,0,4,1,0,0,0,0,0,0,8,0,0,0,0,377,262659,0,1000000,0,165000,59,33330,11,25088,1792,47115,8,4,10,Jolteon
4-19,08:11:41,NINTEN,Spearow,Juggler,2,Victory Road,4,1:12:42.72,1:12:42,1h12m42s,2,8,10,73,4:43,12.598,DRILL PECK,MIMIC,DOUBLE-EDGE,AGILITY,27148,8531,41101,154,9732,544,41741,39589,20,121423,Jolteon, ,Normal,Flying,398472,Spearow4,Spearow,,01:12:30.12,01:12:42.72,04:43:38.09,73,2,1,12,42,72,DRILL PECK,MIMIC,DOUBLE-EDGE,AGILITY,19,10,15,30,3,0,0,0,182,193,150,101,103,103,161,27549,39468,28287,29998,29998,32019,15,15,15,15,0,0,0,0,0,0,0,168,113,115,115,181,857332,1778678960,470744,92465,315,27148,258,0,8531,218110355,33561629,285253283,41101,9886,154,9732,16387,3328,54568,50368147,134230578,1842,479,27,21896,0,0,0,0,0,76,0,7,0,0,3,0,0,0,0,0,0,2048,13570,2,4097,0,0,4,1,0,0,0,0,0,0,8,0,0,0,0,381,267549,0,1000000,0,165000,59,33330,11,25088,1792,47115,8,4,10,Jolteon
4-19,08:11:52,NINTEN,Spearow,Tamer,5,Victory Road,2,1:12:54.11,1:12:54,1h12m54s,2,8,10,73,4:44,7.027,DRILL PECK,MIMIC,DOUBLE-EDGE,AGILITY,27148,8558,41103,155,9732,546,41743,39589,20,122858,Jolteon, ,Normal,Flying,401506,Spearow4,Spearow,,01:12:47.09,01:12:54.11,04:44:23.05,73,2,1,12,54,11,DRILL PECK,MIMIC,DOUBLE-EDGE,AGILITY,17,10,15,30,3,0,0,0,182,193,150,101,103,103,161,27694,39620,28425,30143,30143,32219,15,15,15,15,0,0,0,0,0,0,0,168,113,115,115,181,860028,1778679511,472889,92465,315,27148,258,0,8558,218110355,33561656,285253283,41103,9887,155,9732,16387,3328,54911,50368396,134230578,1842,481,27,21896,0,0,0,0,0,76,0,7,0,0,3,0,0,0,0,0,0,2048,13570,2,4097,0,0,4,1,0,0,0,0,0,0,8,0,0,0,0,383,270583,0,1000000,0,165000,59,33330,11,25088,1792,47115,8,4,10,Jolteon
4-19,08:12:01,NINTEN,Spearow,Juggler,5,Victory Road,1,1:13:02.75,1:13:02,1h13m2s,2,8,10,73,4:44,4.279,DRILL PECK,MIMIC,DOUBLE-EDGE,AGILITY,27148,8575,41104,156,9732,547,41744,39589,20,124618,Jolteon, ,Normal,Flying,402904,Spearow4,Spearow,,01:12:58.47,01:13:02.75,04:44:57.00,73,2,1,13,2,75,DRILL PECK,MIMIC,DOUBLE-EDGE,AGILITY,16,10,15,30,3,0,0,0,182,193,150,101,103,103,161,27734,39665,28490,30243,30243,32309,15,15,15,15,0,0,0,0,0,0,0,168,113,115,115,181,862063,1778680051,474384,92465,315,27148,258,0,8575,218110355,33561673,285253283,41104,9888,156,9732,16387,3328,55060,50368500,134230578,1842,482,27,21896,0,0,0,0,0,76,0,7,0,0,3,0,0,0,0,0,0,2048,13570,2,4097,0,0,4,1,0,0,0,0,0,0,8,0,0,0,0,384,271981,0,1000000,0,165000,59,33330,11,25088,1792,47115,8,4,10,Jolteon
4-19,08:12:22,NINTEN,Spearow,Cooltrainer M,2,Victory Road,3,1:13:23.53,1:13:23,1h13m23s,2,8,10,74,4:46,15.614,DRILL PECK,MIMIC,DOUBLE-EDGE,AGILITY,27148,8608,41106,157,9732,552,41749,39591,20,126298,Jolteon, ,Normal,Flying,408689,Spearow4,Spearow,,01:13:07.91,01:13:23.53,04:46:19.01,74,2,1,13,23,53,DRILL PECK,MIMIC,DOUBLE-EDGE,AGILITY,11,10,15,30,3,0,0,0,115,195,153,102,104,104,164,27969,39965,28835,30533,30533,32529,15,15,15,15,-1,0,0,0,0,0,0,112,114,117,117,184,866984,1778680774,478582,92465,315,27148,258,0,8608,218110355,33561706,285253283,41106,9889,157,9732,16387,3328,55665,50368880,134230647,1911,487,27,21898,0,0,0,0,0,76,0,7,0,0,3,0,0,0,0,0,0,2048,13570,2,4097,0,0,4,1,0,0,0,0,0,0,8,0,0,0,0,387,277766,0,1000000,0,165000,59,33330,11,25088,1792,47115,8,4,10,Jolteon
4-19,08:13:06,NINTEN,Spearow,Cooltrainer F,3,Victory Road,3,1:14:07.60,1:14:07,1h14m7s,2,8,10,74,4:49,10.827,DRILL PECK,MIMIC,DOUBLE-EDGE,AGILITY,27149,8701,41144,158,9732,555,41752,39591,19,127803,Jolteon, ,Normal,Flying,413838,Spearow4,Spearow,,01:13:56.77,01:14:07.60,04:49:13.33,74,2,1,14,7,60,DRILL PECK,MIMIC,DOUBLE-EDGE,AGILITY,8,10,15,30,3,0,0,0,195,195,153,102,104,104,164,28369,40135,29000,30813,30813,32679,15,15,15,15,0,0,0,0,0,0,0,172,114,117,117,184,877456,1778685387,482069,94837,315,27149,258,0,8701,218110355,33561799,285253283,41144,9890,158,9732,16387,3328,57697,50369402,134230647,1911,490,27,21898,0,0,0,0,0,77,0,7,0,0,3,0,0,0,0,0,0,2048,13570,2,4097,0,0,4,1,0,0,0,0,0,0,8,0,0,0,0,390,282915,0,1000000,0,165000,59,33330,11,25088,1792,47115,8,4,10,Jolteon
4-19,08:13:25,NINTEN,Spearow,Cooltrainer M,3,Victory Road,3,1:14:26.86,1:14:26,1h14m26s,2,8,10,74,4:50,14.017,DRILL PECK,MIMIC,DOUBLE-EDGE,AGILITY,27149,8735,41149,159,9732,560,41757,39593,19,129308,Jolteon, ,Normal,Flying,419558,Spearow4,Spearow,,01:14:12.83,01:14:26.86,04:50:29.42,74,2,1,14,26,86,DRILL PECK,MIMIC,DOUBLE-EDGE,AGILITY,4,10,14,30,3,0,0,0,114,195,153,102,104,104,164,28583,40418,29280,31068,31068,32932,15,15,15,15,0,0,0,0,0,0,0,172,114,117,117,184,882025,1778686136,485889,94837,315,27149,258,0,8735,218110355,33561833,285253283,41149,9891,159,9732,16387,3328,58226,50369764,134230728,1992,494,28,21900,0,0,0,0,0,77,0,7,0,0,3,0,0,0,0,0,0,2048,13570,2,4097,0,0,4,1,0,0,0,0,0,0,8,0,0,0,0,393,288635,0,1000000,0,165000,59,33330,11,25088,1792,47115,8,4,10,Jolteon
4-19,08:13:39,NINTEN,Spearow,Cooltrainer F,2,Victory Road,3,1:14:40.69,1:14:40,1h14m40s,2,8,10,75,4:51,10.818,DRILL PECK,MIMIC,DOUBLE-EDGE,AGILITY,27149,8737,41150,160,9732,563,41760,39593,19,130813,Jolteon, ,Normal,Flying,423481,Spearow4,Spearow,,01:14:29.87,01:14:40.69,04:51:24.12,75,2,1,14,40,69,DRILL PECK,MIMIC,DOUBLE-EDGE,AGILITY,1,10,14,30,3,0,0,0,118,199,155,104,107,107,166,28778,40688,29430,31323,31323,33097,15,15,15,15,0,0,0,0,0,0,0,174,117,120,120,186,885295,1778686335,488960,94837,315,27149,258,0,8737,218110355,33561835,285253283,41150,9892,160,9732,16387,3328,59576,50370109,134230728,1992,497,28,21900,0,0,0,0,0,77,0,7,0,0,3,0,0,0,0,0,0,2048,13570,2,4097,0,0,4,1,0,0,0,0,0,0,8,0,0,0,0,396,292558,0,1000000,0,165000,59,33330,11,25088,1792,47115,8,4,10,Jolteon
4-19,08:17:30,NINTEN,Spearow,Lorelei,1,Lorelei's Room,5,1:18:31.42,1:18:31,1h18m31s,6,8,14,75,4:59,53.058,DRILL PECK,MIMIC,REST,AGILITY,27151,8892,41183,161,9732,585,41778,39608,17,117318,Jolteon, ,Normal,Flying,433990,Spearow4,Spearow,Lorelei,01:17:38.36,01:18:31.42,04:59:03.36,75,6,1,18,31,42,DRILL PECK,MIMIC,REST,AGILITY,23,6,8,27,3,0,0,0,147,199,155,104,107,107,166,29208,41063,29915,31773,31773,33422,15,15,15,15,0,0,6,6,6,0,0,348,234,481,481,999,912869,1778694462,502471,100459,629,27151,260,0,8892,218110392,33561953,285253283,41183,9893,161,9732,16387,3328,60984,50371078,134231067,2331,507,28,21906,0,0,0,0,0,77,0,7,0,0,3,0,0,0,0,0,0,2048,13570,2,4097,0,0,4,1,0,0,0,0,0,0,10,1,0,0,0,401,303067,0,1000000,0,165000,59,33335,11,25088,1792,47116,8,4,14,Jolteon
4-19,08:18:11,NINTEN,Spearow,Bruno,1,Bruno's Room,5,1:19:12.90,1:19:12,1h19m12s,6,8,14,76,5:01,24.742,DRILL PECK,MIMIC,REST,AGILITY,27152,8903,41184,162,9732,596,41786,39613,17,122862,Jolteon, ,Normal,Flying,442197,Spearow4,Spearow,Bruno,01:18:48.16,01:19:12.90,05:01:47.35,76,6,1,19,12,90,DRILL PECK,MIMIC,REST,AGILITY,28,6,10,30,3,0,0,0,202,202,157,106,108,108,169,29468,41508,30447,31968,31968,33780,15,15,15,15,0,0,0,0,0,0,0,176,119,121,121,190,922708,1778695463,508846,102922,629,27152,260,0,8903,218110403,33561953,285253283,41184,9894,162,9732,16387,3328,62190,50371737,134231067,2331,514,33,21907,0,0,0,0,0,78,0,7,0,0,3,0,0,0,0,0,0,2048,13570,2,4097,0,0,4,1,0,0,0,0,0,0,10,1,0,0,0,406,311274,0,1000000,0,165000,59,33335,11,25088,1792,47116,8,4,14,Jolteon
4-19,08:18:42,NINTEN,Spearow,Agatha,1,Agatha's Room,5,1:19:43.34,1:19:43,1h19m43s,6,8,14,76,5:03,20.444,DRILL PECK,MIMIC,REST,AGILITY,27153,8914,41185,163,9732,604,41794,39615,17,128604,Jolteon, ,Normal,Flying,452283,Spearow4,Spearow,Agatha,01:19:22.90,01:19:43.34,05:03:47.39,76,6,1,19,43,34,DRILL PECK,MIMIC,REST,AGILITY,20,6,10,30,3,0,0,0,198,202,157,106,108,108,169,29768,41853,30751,32483,32483,34265,15,15,15,15,0,0,0,0,0,0,0,176,119,121,121,190,929912,1778696387,514595,103453,629,27153,260,0,8914,218110414,33561953,285253283,41185,9895,163,9732,16387,3328,63609,50372509,134231071,2335,522,34,21908,0,0,0,0,0,80,0,7,0,0,3,0,0,0,0,0,0,2048,13570,2,4097,0,0,4,1,0,0,0,0,0,0,10,1,0,0,0,411,321360,0,1000000,0,165000,59,33335,11,25088,1792,47116,8,4,14,Jolteon
4-19,08:19:45,NINTEN,Spearow,Lance,1,Lance's Room,5,1:20:46.98,1:20:46,1h20m46s,6,8,14,78,5:07,24.776,DRILL PECK,MIMIC,REST,AGILITY,27154,8964,41187,164,9732,613,41803,39619,16,134544,Jolteon, ,Normal,Flying,486158,Spearow4,Spearow,Lance,01:20:22.21,01:20:46.98,05:07:59.21,78,6,1,20,46,98,DRILL PECK,MIMIC,REST,AGILITY,28,6,10,27,3,0,0,0,207,207,161,109,111,111,173,30156,42385,31120,32883,32883,34696,15,15,15,15,0,-2,0,0,6,0,0,324,60,220,220,875,945014,1778698140,520917,110480,629,27154,260,0,8964,218110464,33561953,285253283,41187,9896,164,9732,16387,3328,65218,50373351,134231071,2335,528,36,21910,0,0,0,0,0,80,0,7,0,0,3,0,0,0,0,0,0,2048,13570,2,4097,0,0,4,1,0,0,0,0,0,0,10,1,0,0,0,416,332966,0,1000000,0,165000,59,33335,11,25088,1792,47116,8,4,14,Jolteon
4-19,08:22:46,NINTEN,Spearow,Champion,1,Champions Room,6,1:23:47.46,1:23:47,1h23m47s,8,8,16,79,5:12,36.849,DRILL PECK,MIMIC,REST,AGILITY,27156,8972,41187,165,9732,624,41814,39624,16,140682,Jolteon, ,Normal,Flying,501207,Spearow4,Spearow,Champion,01:23:10.61,01:23:47.46,05:12:31.38,79,8,1,23,47,46,DRILL PECK,MIMIC,REST,AGILITY,25,7,10,29,3,0,0,0,26,209,163,110,113,113,175,30569,42866,31675,33493,33493,35236,15,15,15,15,0,0,0,0,2,0,0,183,123,127,127,393,961356,1778700078,530254,115390,786,27156,261,0,8972,218110472,33561953,285253283,41187,9897,165,9732,16387,3328,66848,50374347,134231254,2518,538,37,21914,0,0,0,0,0,82,0,7,0,0,3,0,0,0,0,0,0,2048,13570,2,4097,0,0,4,1,0,0,0,0,0,0,10,1,0,0,0,422,348015,0,1000000,0,165000,59,33335,11,25088,1792,47116,8,4,16,Jolteon
4-19,08:23:10,NINTEN,Spearow,Champion,1,Hall of Fame,6,1:23:47.46,1:23:47,1h23m47s,8,8,16,79,5:14,60.737,DRILL PECK,MIMIC,REST,AGILITY,27156,8981,41188,165,9732,624,41814,39624,16,147117,Jolteon, ,Normal,Flying,501207,Spearow4,Spearow,Champion,01:23:10.61,01:23:47.46,05:14:06.14,79,8,1,23,47,46,DRILL PECK,MIMIC,REST,AGILITY,25,7,10,29,3,0,0,0,26,209,163,110,113,113,175,30569,42866,31675,33493,33493,35236,15,15,15,15,0,0,0,0,2,0,0,183,123,127,127,393,967032,1778704879,531129,115390,786,27156,261,0,8981,218110481,33561953,285253283,41188,9897,165,9732,16387,3328,66848,50374347,134231254,2518,538,37,21914,0,0,0,0,0,82,0,7,0,0,3,0,0,0,0,0,0,2048,13570,2,4097,0,0,4,1,0,0,0,0,0,0,10,1,0,0,0,422,348015,0,1000000,0,165000,59,33335,11,25088,1792,47116,8,4,16,Jolteon
