date_string,time_string,player_name,pokemon,trainer_name,trainer_id,location,total_pokemon,real_time_total,real_time_hmmss,real_time_file_label,resets,blackouts,failures,level,game_time,battle_duration,move1,move2,move3,move4,move1pp,move2pp,move3pp,move4pp,move1ppUp,move2ppUp,move3ppUp,move4ppUp,saves,steps,bonks,trainerBattles,wildBattles,battleTurns,playerTurns,enemyTurns,itemsInBag,money,rivalTeam,statusCondition,type1,type2,experience,ROM,Species,Trainer,Start Time,Real Time,Game Time,Level,Resets,RTHours,RTMinutes,RTSeconds,RTMilliseconds,Move 1,Move 2,Move 3,Move 4,Hp,Max HP,Attack,Defense,Sp. Attack,Sp. Defense,Speed,Attack DV,Defense DV,Speed DV,Special DV,StatExp HP,StatExp Attack,StatExp Def,StatExp Sp. Attack,StatExp Sp. Defense,StatExp Speed,Attack Stage,Defense Stage,Sp. Attack Stage,Sp. Defense Stage,Speed Stage,Accuracy Stage,Evasion Stage,Battle Attack,Battle Defense,Battle Sp. Attack,Battle Sp. Defense,Battle Speed,Frame Count,Overworld Frame Count,Battle Frame Count,Menu Frame Count,Intro Frame Count,Save Count,Reload Count,Clock Reset Count,Steps Count,Steps Count Walk,Steps Count Bike,Steps Count Surf,Bonks,Battles,Trainer Battles,Wild Battles,Battles Fled,Failed Runs,Total Damage Dealt,Actual Damage Dealt,Total Damage Taken,Actual Damage Taken,Own Moves Hit,Own Moves Missed,Enemy Moves Hit,Enemy Moves Missed,Own Moves Super Effective,Own Moves Not Very Effective,Enemy Moves Super Effective,Enemy Moves Not Very Effective,Criticals Dealt,OHKOs Dealt,Criticals Taken,OHKOs Taken,Was Confused,Enemy Became Confused,Was Paralyzed,Enemy Was Paralyzed,Was Burned,Enemy Was Burned,Was Frozen,Enemy Was Frozen,Was Poisoned,Enemy Was Poisoned,Was Badly Poisoned,Enemy Was Badly Poisoned,Fell Asleep,Enemy Fell Asleep,Player Turns Confused,Player Turns Confused Hit Self,Player Turns Paralyzed,Player Turns Paralyzed Fully,Enemy Turns Confused,Enemy Turns Confused Hit Self,Enemy Turns Paralyzed,Enemy Turns Paralyzed Fully, Player Turns Asleep, Enemy Turns Asleep,Player HP Healed,Enemy HP Healed,Player Pokemon Fainted,Enemy Pokemon Fainted,Experience Gained,Switchouts,Money Made,Money Spent,Money Lost,Items Picked Up,Items Bought,Items Sold,Balls Thrown,Pokemon Caught In Balls,Moves Learnt,Blackouts,Attempt Number,Failures, Rival's Team
1-08,14:47:00,NINTEN,Spearow,Rival1-Lab,1,Pallet Town - Oak's Lab,1,47.61,47,0h0m47s,0,0,0,6,0:02,8.768,PECK,GROWL,,,0,71,2,1,1,4,4,3,0,3000,Jolteon, ,Normal,Flying,222,Spearow3,Spearow,Rival (Lab),00:00:38.85,00:00:47.61,00:02:36.02,6,0,0,0,47,61,PECK,GROWL,,,31,40,0,0,0,0,0,0,22,22,14,10,10,10,15,55,55,50,65,65,55,15,15,15,15,0,-1,0,0,0,0,0,14,6,10,10,15,11281,6029,3305,0,1947,0,0,0,71,71,0,0,2,2,1,1,0,0,24,21,0,0,4,2,1,0,0,0,0,0,0,0,0,0,0,0,0,0,0,0,0,0,0,0,0,0,0,0,0,0,0,0,0,0,0,0,0,0,0,0,0,1,97,0,0,0,0,0,0,0,0,0,0,0,3,0,Jolteon
1-08,14:48:22,NINTEN,Spearow,Bug Catcher,1,Viridian Forest,2,2:09.58,2:09,0h2m9s,0,0,0,7,0:07,12.266,PECK,GROWL,,,0,515,23,2,2,9,9,6,4,75,Flareon, ,Normal,Flying,380,Spearow3,Spearow,,00:01:57.31,00:02:09.58,00:07:59.49,7,0,0,2,9,58,PECK,GROWL,,,30,40,0,0,0,0,0,0,15,24,15,11,11,11,17,145,115,120,105,105,145,15,15,15,15,0,0,0,0,0,0,0,15,11,11,11,17,30708,21182,7579,0,1947,0,0,0,515,515,0,0,23,4,2,2,0,0,86,69,9,9,9,2,4,0,0,0,0,0,0,0,0,0,0,0,0,0,0,0,0,0,0,0,0,0,0,0,0,0,0,0,0,0,0,0,0,0,0,0,0,3,255,0,0,0,0,1,13,0,0,0,0,0,3,0,Flareon
1-08,14:48:56,NINTEN,Spearow,Bug Catcher,2,Viridian Forest,3,2:44.46,2:44,0h2m44s,0,0,0,8,0:10,15.957,PECK,GROWL,,,0,530,26,3,4,20,20,13,3,145,Flareon, ,Normal,Flying,659,Spearow3,Spearow,,00:02:28.51,00:02:44.46,00:10:17.25,8,0,0,2,44,46,PECK,GROWL,,,19,40,0,0,0,0,0,0,18,27,17,12,12,12,18,335,215,300,195,195,295,15,15,15,15,0,0,0,0,0,0,0,17,12,12,12,18,38964,21726,15291,0,1947,0,0,0,530,530,0,0,26,7,3,4,0,0,214,168,9,9,19,5,6,0,0,0,0,0,1,0,0,0,0,0,0,0,0,0,0,0,0,0,0,0,0,0,0,0,0,0,0,0,0,0,0,0,0,0,0,7,534,0,0,0,0,1,13,0,1,1,0,0,3,0,Flareon
1-08,14:49:13,NINTEN,Spearow,Bug Catcher,15,Viridian Forest,2,3:00.81,3:00,0h3m0s,0,0,0,9,0:11,11.21,PECK,GROWL,LEER,,0,561,28,4,4,24,24,15,3,205,Flareon, ,Normal,Flying,872,Spearow3,Spearow,,00:02:49.61,00:03:00.81,00:11:22.00,9,0,0,3,0,81,PECK,GROWL,LEER,,15,40,30,0,0,0,0,0,16,29,18,13,13,13,20,430,265,390,240,240,370,15,15,15,15,0,0,0,0,0,0,0,18,13,13,13,20,42839,22520,18372,0,1947,0,0,0,561,561,0,0,28,8,4,4,0,0,282,221,13,13,23,6,7,0,0,0,0,0,1,0,0,0,0,0,0,0,0,0,0,0,0,0,0,0,0,0,0,0,0,0,0,0,0,0,0,0,0,0,0,9,747,0,0,0,0,2,13,0,1,1,1,0,3,0,Flareon
1-08,14:49:28,NINTEN,Spearow,Bug Catcher,3,Viridian Forest,1,3:16.14,3:16,0h3m16s,0,0,0,9,0:12,6.743,PECK,GROWL,LEER,,0,609,28,5,5,26,26,17,3,285,Flareon, ,Normal,Flying,984,Spearow3,Spearow,,00:03:09.41,00:03:16.14,00:12:22.24,9,0,0,3,16,14,PECK,GROWL,LEER,,13,40,30,0,0,0,0,0,16,29,18,13,13,13,20,475,295,425,260,260,415,15,15,15,15,0,0,0,0,-2,0,0,18,13,13,13,10,46463,23479,21037,0,1947,0,0,0,609,609,0,0,28,10,5,5,1,0,315,251,13,13,25,6,9,0,0,0,0,0,1,0,0,0,0,0,0,0,0,0,0,0,0,0,0,0,0,0,0,0,0,0,0,0,0,0,0,0,0,0,0,10,859,0,0,0,0,2,13,0,1,1,1,0,3,0,Flareon
1-08,14:54:55,NINTEN,Spearow,Jr Trainer M,1,Pewter City - Gym,2,8:42.67,8:42,0h8m42s,0,12,12,14,0:33,11.059,PECK,GROWL,LEER,,0,1338,44,18,6,126,125,104,4,0,Flareon, ,Normal,Flying,3231,Spearow3,Spearow,,00:08:31.61,00:08:42.67,00:33:52.43,14,0,0,8,42,67,PECK,GROWL,LEER,,30,40,30,0,0,0,0,0,26,40,27,18,18,18,30,705,1105,890,900,900,1720,15,15,15,15,0,0,0,0,0,0,0,27,18,18,18,30,123883,44089,77847,0,1947,0,0,0,1338,1338,0,0,44,24,18,6,1,0,817,584,503,476,124,7,95,0,0,0,0,0,6,0,6,0,0,0,0,0,0,0,0,0,0,0,0,0,0,0,0,0,0,0,0,0,0,0,0,0,0,0,13,25,3106,0,0,0,0,2,14,2,1,1,1,12,3,12,Flareon
1-08,14:56:35,NINTEN,Spearow,Brock,1,Pewter City - Gym,2,10:23.52,10:23,0h10m23s,0,12,12,15,0:40,51.936,PECK,GROWL,LEER,FURY ATTACK,1,1540,52,19,11,160,159,120,4,180,Flareon, ,Normal,Flying,3856,Spearow3,Spearow,Brock,00:09:31.59,00:10:23.52,00:40:31.47,15,0,0,10,23,52,PECK,GROWL,LEER,FURY ATTACK,34,35,16,11,0,0,0,0,10,42,28,19,20,20,32,960,1477,1340,1115,1115,2122,15,15,15,15,0,-2,0,0,0,0,0,28,9,20,20,32,147826,49146,96142,591,1947,1,0,0,1540,1540,0,0,52,30,19,11,1,0,1023,732,535,508,154,17,105,0,0,0,0,0,8,0,6,0,0,0,0,0,0,0,0,0,0,0,0,0,0,0,0,0,0,0,0,0,0,0,0,0,0,0,13,32,3731,0,0,0,0,2,14,2,1,1,2,12,3,12,Flareon
1-08,14:57:06,NINTEN,Spearow,Bug Catcher,4,Route 3,3,10:53.82,10:53,0h10m53s,0,12,12,16,0:42,9.912,PECK,GROWL,LEER,FURY ATTACK,1,1655,60,20,11,163,162,120,5,1368,Flareon, ,Normal,Flying,4191,Spearow3,Spearow,,00:10:43.90,00:10:53.82,00:42:31.28,16,0,0,10,53,82,PECK,GROWL,LEER,FURY ATTACK,32,40,30,20,0,0,0,0,44,44,30,20,21,21,34,1090,1572,1440,1175,1175,2262,15,15,15,15,0,0,0,0,0,0,0,33,20,21,21,34,155007,52946,99523,591,1947,1,0,0,1655,1655,0,0,60,31,20,11,1,0,1142,821,535,508,157,17,105,0,0,0,0,0,8,0,6,0,0,0,0,0,0,0,0,0,0,0,0,0,0,0,0,0,0,0,0,0,0,0,0,0,0,0,13,35,4066,0,0,0,0,2,14,2,1,1,2,12,3,12,Flareon
1-08,14:57:21,NINTEN,Spearow,Youngster,1,Route 3,2,11:08.82,11:08,0h11m8s,0,12,12,16,0:43,11.333,PECK,GROWL,LEER,FURY ATTACK,1,1661,62,21,11,169,166,122,5,1468,Flareon, ,Normal,Flying,4469,Spearow3,Spearow,,00:10:57.48,00:11:08.82,00:43:30.41,16,0,0,11,8,82,PECK,GROWL,LEER,FURY ATTACK,28,40,30,20,0,0,0,0,32,44,30,20,21,21,34,1155,1688,1519,1240,1240,2389,15,15,15,15,0,0,0,0,0,0,0,33,20,21,21,34,158560,53320,102702,591,1947,1,0,0,1661,1661,0,0,62,32,21,11,1,0,1226,880,547,520,161,17,107,0,0,0,0,0,9,0,6,0,0,0,0,0,0,0,0,0,0,0,0,0,0,0,0,0,0,0,0,0,0,0,0,0,0,0,13,37,4344,0,0,0,0,2,14,2,1,1,2,12,3,12,Flareon
1-08,14:57:36,NINTEN,Spearow,Bug Catcher,5,Route 3,4,11:24.27,11:24,0h11m24s,0,12,12,17,0:44,12.608,PECK,GROWL,LEER,FURY ATTACK,1,1665,63,22,11,173,170,122,5,1633,Flareon, ,Normal,Flying,4944,Spearow3,Spearow,,00:11:11.67,00:11:24.27,00:44:31.33,17,0,0,11,24,27,PECK,GROWL,LEER,FURY ATTACK,24,40,30,20,0,0,0,0,35,47,32,22,22,22,35,1335,1798,1689,1330,1330,2549,15,15,15,15,0,0,0,0,0,0,0,36,22,22,22,35,162212,53500,106174,591,1947,1,0,0,1665,1665,0,0,63,33,22,11,1,0,1393,992,547,520,165,17,107,0,0,0,0,0,9,0,6,0,0,0,0,0,0,0,0,0,0,0,0,0,0,0,0,0,0,0,0,0,0,0,0,0,0,0,13,41,4819,0,0,0,0,2,14,2,1,1,2,12,3,12,Flareon
1-08,14:57:48,NINTEN,Spearow,Lass,2,Route 3,2,11:36.15,11:36,0h11m36s,0,12,12,17,0:45,8.03,PECK,GROWL,LEER,FURY ATTACK,1,1672,64,23,11,176,173,123,5,1723,Flareon, ,Normal,Flying,5192,Spearow3,Spearow,,00:11:28.12,00:11:36.15,00:45:18.21,17,0,0,11,36,15,PECK,GROWL,LEER,FURY ATTACK,21,40,30,20,0,0,0,0,29,47,32,22,22,22,35,1411,1911,1764,1395,1395,2671,15,15,15,15,0,0,0,0,0,0,0,36,22,22,22,35,165020,53880,108602,591,1947,1,0,0,1672,1672,0,0,64,34,23,11,1,0,1479,1049,553,526,168,17,108,0,0,0,0,0,10,0,6,0,0,0,0,0,0,0,0,0,0,0,0,0,0,0,0,0,0,0,0,0,0,0,0,0,0,0,13,43,5067,0,0,0,0,2,14,2,1,1,2,12,3,12,Flareon
1-08,14:57:58,NINTEN,Spearow,Bug Catcher,6,Route 3,2,11:45.67,11:45,0h11m45s,0,12,12,17,0:45,6.908,PECK,GROWL,LEER,FURY ATTACK,1,1673,66,24,11,178,175,123,5,1873,Flareon, ,Normal,Flying,5485,Spearow3,Spearow,,00:11:38.75,00:11:45.67,00:45:55.47,17,0,0,11,45,67,PECK,GROWL,LEER,FURY ATTACK,19,40,30,20,0,0,0,0,29,47,32,22,22,22,35,1506,1961,1854,1440,1440,2746,15,15,15,15,0,0,0,0,0,0,0,36,22,22,22,35,167266,54026,110702,591,1947,1,0,0,1673,1673,0,0,66,35,24,11,1,0,1557,1114,553,526,170,17,108,0,0,0,0,0,10,0,6,0,0,0,0,0,0,0,0,0,0,0,0,0,0,0,0,0,0,0,0,0,0,0,0,0,0,0,13,45,5360,0,0,0,0,2,14,2,1,1,2,12,3,12,Flareon
1-08,14:58:09,NINTEN,Spearow,Lass,3,Route 3,1,11:57.32,11:57,0h11m57s,0,12,12,17,0:46,8.005,PECK,GROWL,LEER,FURY ATTACK,1,1686,66,25,11,181,177,125,5,1983,Flareon, ,Normal,Flying,5713,Spearow3,Spearow,,00:11:49.32,00:11:57.32,00:46:41.47,17,0,0,11,57,32,PECK,GROWL,LEER,FURY ATTACK,19,40,30,18,0,0,0,0,19,47,32,22,22,22,35,1621,2006,1874,1465,1465,2766,15,15,15,15,0,0,0,0,0,0,0,36,22,22,22,35,170026,54392,113096,591,1947,1,0,0,1686,1686,0,0,66,36,25,11,1,0,1625,1172,563,536,172,17,110,0,0,0,0,0,10,0,6,0,0,0,0,0,0,0,0,0,0,0,0,0,0,0,0,0,0,0,0,0,0,0,0,0,0,0,13,46,5588,0,0,0,0,2,14,2,1,1,2,12,3,12,Flareon
1-08,14:58:31,NINTEN,Spearow,Bug Catcher,7,Mt Moon - 1,2,12:19.00,12:19,0h12m19s,0,12,12,18,0:48,7.542,PECK,GROWL,LEER,FURY ATTACK,1,1787,74,26,11,183,179,125,5,2193,Flareon, ,Normal,Flying,6000,Spearow3,Spearow,,00:12:11.45,00:12:19.00,00:48:07.15,18,0,0,12,19,0,PECK,GROWL,LEER,FURY ATTACK,33,40,30,20,0,0,0,0,49,49,33,23,23,23,37,1706,2066,1954,1510,1510,2851,15,15,15,15,0,0,0,0,0,0,0,37,23,23,23,37,175154,57358,115258,591,1947,1,0,0,1787,1787,0,0,74,37,26,11,1,0,1712,1235,563,536,174,17,110,0,0,0,0,0,10,0,6,0,0,0,0,0,0,0,0,0,0,0,0,0,0,0,0,0,0,0,0,0,0,0,0,0,0,0,13,48,5875,0,0,0,0,2,14,2,1,1,2,12,3,12,Flareon
1-08,14:58:49,NINTEN,Spearow,Super Nerd,1,Mt Moon - 1,2,12:37.05,12:37,0h12m37s,0,12,12,18,0:49,12.713,PECK,GROWL,LEER,FURY ATTACK,1,1830,77,27,11,189,185,129,5,2303,Flareon, ,Normal,Flying,6449,Spearow3,Spearow,,00:12:24.33,00:12:37.05,00:49:18.39,18,0,0,12,37,5,PECK,GROWL,LEER,FURY ATTACK,33,40,30,14,0,0,0,0,43,49,33,23,23,23,37,1771,2131,2074,1660,1660,2996,15,15,15,15,0,-2,0,0,0,0,0,41,11,23,23,37,179438,58226,118674,591,1947,1,0,0,1830,1830,0,0,77,38,27,11,1,0,1774,1294,569,542,178,20,113,0,0,0,0,0,10,0,6,0,0,0,0,0,0,0,0,0,0,0,0,0,0,0,0,0,0,0,0,0,0,0,0,0,0,0,13,50,6324,0,0,0,0,2,14,2,1,1,2,12,3,12,Flareon
1-08,14:59:03,NINTEN,Spearow,Bug Catcher,8,Mt Moon - 1,3,12:51.52,12:51,0h12m51s,0,12,12,18,0:50,9.644,PECK,GROWL,LEER,FURY ATTACK,1,1852,77,28,11,192,188,129,6,2578,Flareon, ,Normal,Flying,6826,Spearow3,Spearow,,00:12:41.88,00:12:51.52,00:50:15.42,18,0,0,12,51,52,PECK,GROWL,LEER,FURY ATTACK,30,40,30,14,0,0,0,0,43,49,33,23,23,23,37,1911,2211,2199,1725,1725,3116,15,15,15,15,0,0,0,0,0,0,0,37,23,23,23,37,182861,58966,121357,591,1947,1,0,0,1852,1852,0,0,77,39,28,11,1,0,1947,1385,569,542,181,20,113,0,0,0,0,0,11,0,6,0,0,0,0,0,0,0,0,0,0,0,0,0,0,0,0,0,0,0,0,0,0,0,0,0,0,0,13,53,6701,0,0,0,0,3,14,2,1,1,2,12,3,12,Flareon
1-08,14:59:15,NINTEN,Spearow,Lass,5,Mt Moon - 1,2,13:03.12,13:03,0h13m3s,0,12,12,19,0:51,7.341,PECK,GROWL,LEER,FURY ATTACK,1,1873,77,29,11,194,190,129,6,2678,Flareon, ,Normal,Flying,7207,Spearow3,Spearow,,00:12:55.78,00:13:03.12,00:51:01.28,19,0,0,13,3,12,PECK,GROWL,LEER,FURY ATTACK,28,40,30,14,0,0,0,0,45,51,35,24,24,24,39,2006,2336,2289,1870,1870,3186,15,15,15,15,0,0,0,0,0,0,0,39,24,24,24,39,185607,59578,123491,591,1947,1,0,0,1873,1873,0,0,77,40,29,11,1,0,2038,1450,569,542,183,20,113,0,0,0,0,0,11,0,6,0,0,0,0,0,0,0,0,0,0,0,0,0,0,0,0,0,0,0,0,0,0,0,0,0,0,0,13,55,7082,0,0,0,0,3,14,2,1,1,2,12,3,12,Flareon
1-08,14:59:36,NINTEN,Spearow,Rocket,3,Mt Moon - 3,2,13:23.82,13:23,0h13m23s,0,12,12,19,0:52,15.307,PECK,GROWL,LEER,FURY ATTACK,1,1904,78,30,11,202,194,133,6,2843,Flareon, ,Normal,Flying,7504,Spearow3,Spearow,,00:13:08.50,00:13:23.82,00:52:23.06,19,0,0,13,23,82,PECK,GROWL,LEER,FURY ATTACK,24,40,30,14,0,0,0,0,11,51,35,24,24,24,39,2081,2441,2368,1950,1950,3296,15,15,15,15,0,0,0,0,0,0,0,39,24,24,24,39,190505,60459,127508,591,1947,1,0,0,1904,1904,0,0,78,41,30,11,1,0,2143,1515,603,576,187,21,117,0,0,0,0,0,12,0,6,0,0,1,0,0,0,0,0,0,0,0,0,0,0,0,3,2,0,0,0,0,0,0,0,0,0,0,13,57,7379,0,0,0,0,3,14,2,1,1,2,12,3,12,Flareon
1-08,15:00:01,NINTEN,Spearow,Youngster,3,Mt Moon - 1,3,13:48.85,13:48,0h13m48s,0,12,12,19,0:54,10.031,PECK,GROWL,LEER,FURY ATTACK,1,1935,81,31,12,206,198,134,7,3203,Flareon, ,Normal,Flying,7861,Spearow3,Spearow,,00:13:38.82,00:13:48.85,00:54:01.20,19,0,0,13,48,85,PECK,GROWL,LEER,FURY ATTACK,20,40,30,14,0,0,0,0,51,51,35,24,24,24,39,2181,2598,2473,2040,2040,3495,15,15,15,15,0,0,0,0,0,0,0,39,24,24,24,39,196399,61505,131538,1409,1947,1,0,0,1935,1935,0,0,81,43,31,12,2,0,2254,1598,603,576,191,22,117,0,0,0,0,0,12,0,6,0,0,1,0,0,0,0,0,0,0,0,0,0,0,0,3,2,0,0,0,0,0,0,0,0,0,0,13,60,7736,0,0,0,0,4,14,2,1,1,2,12,3,12,Flareon
1-08,15:00:46,NINTEN,Spearow,Super Nerd,2,Mt Moon - 3,3,14:33.85,14:33,0h14m33s,0,12,12,20,0:56,17.459,PECK,GROWL,LEER,FURY ATTACK,1,2073,81,32,16,212,204,137,7,3353,Flareon, ,Normal,Flying,8648,Spearow3,Spearow,,00:14:16.40,00:14:33.85,00:56:58.41,20,0,0,14,33,85,PECK,GROWL,LEER,FURY ATTACK,20,40,30,8,0,0,0,0,37,54,37,25,25,25,42,2341,2773,2668,2195,2195,3655,15,15,15,15,0,0,0,0,0,0,0,41,25,25,25,42,207040,64601,139083,1409,1947,1,0,0,2073,2073,0,0,81,48,32,16,6,0,2382,1707,620,593,196,23,120,0,0,0,0,0,12,0,6,0,0,1,0,0,0,0,0,0,0,0,0,0,0,0,3,2,0,0,0,0,0,0,0,0,0,0,13,63,8523,0,0,0,0,4,14,2,1,1,2,12,3,12,Flareon
1-08,15:01:15,NINTEN,Spearow,Rocket,42,Mt Moon - 3,3,15:03.13,15:03,0h15m3s,0,12,12,21,0:58,19.825,PECK,GROWL,LEER,FURY ATTACK,1,2091,85,33,16,219,211,141,8,3653,Flareon, ,Normal,Flying,9383,Spearow3,Spearow,,00:14:43.30,00:15:03.13,00:58:54.29,21,0,0,15,3,13,PECK,GROWL,LEER,FURY ATTACK,19,40,30,2,0,0,0,0,24,56,39,26,26,26,43,2456,2943,2842,2335,2335,3835,15,15,15,15,-1,0,0,0,0,0,0,28,26,26,26,43,213988,66028,144604,1409,1947,1,0,0,2091,2091,0,0,85,49,33,16,6,0,2515,1817,635,608,202,24,124,0,0,0,0,0,12,0,6,0,0,1,0,0,0,0,0,0,0,0,0,0,0,0,3,2,0,0,0,0,0,0,0,0,0,0,13,66,9258,0,0,0,0,4,14,2,1,1,2,12,3,12,Flareon
1-08,15:02:10,NINTEN,Spearow,Rival2-Nugget Bridge,3,Cerulean City,4,15:57.75,15:57,0h15m57s,0,12,12,21,1:02,26.412,PECK,GROWL,LEER,FURY ATTACK,2,2269,88,34,16,232,224,150,8,4073,Flareon, ,Normal,Flying,10421,Spearow3,Spearow,Rival (Nugget Bridge),00:15:31.33,00:15:57.75,01:02:30.07,21,0,0,15,57,75,PECK,GROWL,LEER,FURY ATTACK,26,40,30,16,0,0,0,0,3,56,39,26,26,26,43,2631,3189,3042,2486,2486,4072,15,15,15,15,-1,-2,0,0,0,-2,0,34,13,26,26,43,226926,71254,151780,1945,1947,2,0,0,2269,2269,0,0,88,50,34,16,6,0,2741,1988,688,661,211,28,133,0,0,0,0,0,13,0,7,0,0,1,0,0,0,0,0,0,0,0,0,0,0,0,3,2,0,0,0,0,0,0,0,0,0,0,13,70,10296,0,0,0,0,5,14,2,1,1,2,12,3,12,Flareon
1-08,15:02:38,NINTEN,Spearow,Bug Catcher,9,Route 24,2,16:26.03,16:26,0h16m26s,0,12,12,22,1:04,12.353,PECK,GROWL,MIRROR MOVE,FURY ATTACK,2,2342,89,35,16,234,226,150,8,4668,Flareon, ,Normal,Flying,10736,Spearow3,Spearow,,00:16:13.66,00:16:26.03,01:04:21.56,22,0,0,16,26,3,PECK,GROWL,MIRROR MOVE,FURY ATTACK,33,40,20,20,0,0,0,0,59,59,41,27,27,27,45,2716,3254,3107,2526,2526,4167,15,15,15,15,0,0,0,0,0,0,0,46,27,27,27,45,233635,74514,155229,1945,1947,2,0,0,2342,2342,0,0,89,51,35,16,6,0,2886,2063,688,661,213,28,133,0,0,0,0,0,14,0,7,0,0,1,0,0,0,0,0,0,0,0,0,0,0,0,3,2,0,0,0,0,0,0,0,0,0,0,13,72,10611,0,0,0,0,5,14,2,1,1,2,12,3,12,Flareon
1-08,15:02:52,NINTEN,Spearow,Lass,8,Route 24,2,16:40.16,16:40,0h16m40s,0,12,12,22,1:05,9.658,PECK,GROWL,MIRROR MOVE,FURY ATTACK,2,2344,95,36,16,238,230,152,8,4808,Flareon, ,Normal,Flying,11078,Spearow3,Spearow,,00:16:30.50,00:16:40.16,01:05:17.35,22,0,0,16,40,16,PECK,GROWL,MIRROR MOVE,FURY ATTACK,29,40,20,20,0,0,0,0,46,59,41,27,27,27,45,2811,3346,3199,2601,2601,4264,15,15,15,15,0,0,0,0,0,0,0,46,27,27,27,45,236974,74661,158421,1945,1947,2,0,0,2344,2344,0,0,95,52,36,16,6,0,2982,2141,701,674,217,28,135,0,0,0,0,0,14,0,7,0,0,1,0,0,0,0,0,0,0,0,0,0,0,0,3,2,0,0,0,0,0,0,0,0,0,0,13,74,10953,0,0,0,0,5,14,2,1,1,3,12,3,12,Flareon
1-08,15:03:08,NINTEN,Spearow,Youngster,4,Route 24,3,16:55.84,16:55,0h16m55s,0,12,12,22,1:06,12.919,PECK,GROWL,MIRROR MOVE,FURY ATTACK,2,2348,96,37,16,243,235,155,8,5018,Flareon, ,Normal,Flying,11597,Spearow3,Spearow,,00:16:42.91,00:16:55.84,01:06:19.22,22,0,0,16,55,84,PECK,GROWL,MIRROR MOVE,FURY ATTACK,24,40,20,20,0,0,0,0,28,59,41,27,27,27,45,2916,3507,3313,2706,2706,4446,15,15,15,15,0,0,0,0,0,0,0,46,27,27,27,45,240682,74837,161952,1945,1947,2,0,0,2348,2348,0,0,96,53,37,16,6,0,3129,2248,719,692,222,28,138,0,0,0,0,0,15,0,7,0,0,1,0,0,0,0,0,0,0,0,0,0,0,0,3,2,0,0,0,0,0,0,0,0,0,0,13,77,11472,0,0,0,0,5,14,2,1,1,3,12,3,12,Flareon
1-08,15:03:26,NINTEN,Spearow,Lass,7,Route 24,2,17:14.49,17:14,0h17m14s,0,12,12,22,1:07,13.651,PECK,GROWL,MIRROR MOVE,FURY ATTACK,2,2352,98,38,16,248,240,158,8,5228,Flareon, ,Normal,Flying,11985,Spearow3,Spearow,,00:17:00.84,00:17:14.49,01:07:32.44,22,0,0,17,14,49,PECK,GROWL,MIRROR MOVE,FURY ATTACK,19,40,20,20,0,0,0,0,23,59,41,27,27,27,45,3011,3599,3405,2781,2781,4543,15,15,15,15,0,0,0,0,0,0,0,46,27,27,27,45,245084,75063,165667,2407,1947,2,0,0,2352,2352,0,0,98,54,38,16,6,0,3239,2335,744,717,227,28,141,0,0,0,0,0,15,0,7,0,0,1,0,0,0,0,0,0,0,0,0,0,0,0,3,2,0,0,0,0,0,0,0,0,0,0,13,79,11860,0,0,0,0,5,14,2,1,1,3,12,3,12,Flareon
1-08,15:03:34,NINTEN,Spearow,Jr Trainer M,3,Route 24,1,17:22.29,17:22,0h17m22s,0,12,12,23,1:08,5.074,PECK,GROWL,MIRROR MOVE,FURY ATTACK,2,2356,98,39,16,249,241,158,8,5468,Flareon, ,Normal,Flying,12270,Spearow3,Spearow,,00:17:17.21,00:17:22.29,01:08:03.24,23,0,0,17,22,29,PECK,GROWL,MIRROR MOVE,FURY ATTACK,18,40,20,20,0,0,0,0,25,61,42,28,29,29,48,3051,3679,3440,2816,2816,4613,15,15,15,15,0,0,0,0,0,0,0,47,28,29,29,48,246923,75231,167338,2407,1947,2,0,0,2356,2356,0,0,98,55,39,16,6,0,3285,2380,744,717,228,28,141,0,0,0,0,0,15,0,7,0,0,1,0,0,0,0,0,0,0,0,0,0,0,0,3,2,0,0,0,0,0,0,0,0,0,0,13,80,12145,0,0,0,0,5,14,2,1,1,3,12,3,12,Flareon
1-08,15:03:59,NINTEN,Spearow,Rocket,6,Route 24,2,17:46.93,17:46,0h17m46s,0,12,12,23,1:09,14.708,PECK,GROWL,MIRROR MOVE,FURY ATTACK,2,2362,98,40,16,258,246,161,9,5828,Flareon, ,Normal,Flying,12640,Spearow3,Spearow,,00:17:32.23,00:17:46.93,01:09:40.39,23,0,0,17,46,93,PECK,GROWL,MIRROR MOVE,FURY ATTACK,16,40,20,17,0,0,0,0,22,61,42,28,29,29,48,3126,3784,3519,2896,2896,4723,15,15,15,15,0,0,0,0,0,0,0,47,28,29,29,48,252758,76234,171736,2841,1947,2,0,0,2362,2362,0,0,98,56,40,16,6,0,3418,2456,767,740,232,30,143,0,0,0,0,0,16,0,7,0,0,1,0,0,0,0,0,0,0,0,0,0,0,0,3,2,0,0,0,0,0,0,0,0,0,0,13,82,12515,0,0,0,0,5,14,2,1,1,3,12,3,12,Flareon
1-08,15:04:28,NINTEN,Spearow,Hiker,2,Route 25,2,18:16.30,18:16,0h18m16s,0,12,12,23,1:11,18.708,PECK,GROWL,MIRROR MOVE,FURY ATTACK,2,2404,100,41,16,263,251,164,9,6278,Flareon, ,Normal,Flying,13198,Spearow3,Spearow,,00:17:57.58,00:18:16.30,01:11:36.49,23,0,0,18,16,30,PECK,GROWL,MIRROR MOVE,FURY ATTACK,15,40,20,13,0,0,0,0,42,61,42,28,29,29,48,3236,3944,3669,2961,2961,4778,15,15,15,15,0,0,0,0,0,0,0,47,28,29,29,48,259728,77881,176686,3214,1947,2,0,0,2404,2404,0,0,100,57,41,16,6,0,3506,2543,767,740,237,30,143,0,0,0,0,0,17,0,7,0,0,1,0,0,0,0,0,0,0,0,0,0,0,0,3,2,0,0,0,0,0,0,0,0,0,0,13,84,13073,0,0,0,0,5,14,2,1,1,3,12,3,12,Flareon
1-08,15:04:46,NINTEN,Spearow,Lass,9,Route 25,2,18:33.58,18:33,0h18m33s,0,12,12,23,1:12,10.419,PECK,GROWL,MIRROR MOVE,FURY ATTACK,2,2426,105,42,16,267,255,166,10,6803,Flareon, ,Normal,Flying,13579,Spearow3,Spearow,,00:18:23.16,00:18:33.58,01:12:45.04,23,0,0,18,33,58,PECK,GROWL,MIRROR MOVE,FURY ATTACK,11,40,20,13,0,0,0,0,34,61,42,28,29,29,48,3337,4048,3761,3041,3041,4869,15,15,15,15,0,0,0,0,0,0,0,47,28,29,29,48,263823,79029,179633,3214,1947,2,0,0,2426,2426,0,0,105,58,42,16,6,0,3606,2627,775,748,241,31,144,0,0,0,0,0,17,0,7,0,0,1,0,0,0,0,0,0,0,0,0,0,0,0,3,2,0,0,0,0,0,0,0,0,0,0,13,86,13454,0,0,0,0,6,14,2,1,1,3,12,3,12,Flareon
1-08,15:04:59,NINTEN,Spearow,Jr Trainer M,2,Route 25,2,18:47.53,18:47,0h18m47s,0,12,12,24,1:13,9.989,PECK,GROWL,MIRROR MOVE,FURY ATTACK,2,2438,108,43,16,271,259,168,10,7028,Flareon, ,Normal,Flying,13936,Spearow3,Spearow,,00:18:37.54,00:18:47.53,01:13:40.06,24,0,0,18,47,53,PECK,GROWL,MIRROR MOVE,FURY ATTACK,7,40,20,13,0,0,0,0,28,63,44,30,30,30,49,3402,4164,3840,3106,3106,4996,15,15,15,15,0,0,0,0,0,0,0,49,30,30,30,49,267125,79493,182471,3214,1947,2,0,0,2438,2438,0,0,108,59,43,16,6,0,3722,2697,783,756,245,32,145,0,0,0,0,0,17,0,7,0,0,1,0,0,0,0,0,0,0,0,0,0,0,0,3,2,0,0,0,0,0,0,0,0,0,0,13,88,13811,0,0,0,0,6,14,2,1,1,3,12,3,12,Flareon
1-08,15:05:20,NINTEN,Spearow,Lass,10,Route 25,3,19:07.69,19:07,0h19m7s,0,12,12,24,1:14,11.596,PECK,GROWL,MIRROR MOVE,FURY ATTACK,2,2453,108,44,16,276,264,170,10,7308,Flareon, ,Normal,Flying,14521,Spearow3,Spearow,Oddish Lass,00:18:56.11,00:19:07.69,01:14:59.31,24,0,0,19,7,69,PECK,GROWL,MIRROR MOVE,FURY ATTACK,2,40,20,13,0,0,0,0,42,63,44,30,30,30,49,3532,4309,3990,3291,3291,5112,15,15,15,15,0,0,0,0,0,-1,0,55,30,30,30,49,271890,80220,186118,3605,1947,2,0,0,2453,2453,0,0,108,60,44,16,6,0,3901,2804,789,762,249,33,147,0,0,0,0,0,17,0,7,0,0,1,0,0,0,0,0,0,0,0,0,0,0,0,3,2,0,0,0,0,0,0,0,0,0,0,13,91,14396,0,0,0,0,6,14,2,1,1,3,12,3,12,Flareon
1-08,15:06:07,NINTEN,Spearow,Cerulean Rocket,5,Cerulean City,2,19:54.84,19:54,0h19m54s,0,12,12,24,1:18,11.398,PECK,GROWL,MIRROR MOVE,FURY ATTACK,3,2645,119,45,16,280,268,172,11,7503,Flareon, ,Normal,Flying,15210,Spearow3,Spearow,Rocket,00:19:43.46,00:19:54.84,01:18:06.00,24,0,0,19,54,84,PECK,GROWL,MIRROR MOVE,FURY ATTACK,33,40,20,18,0,0,0,0,40,63,44,30,30,30,49,3662,4437,4085,3416,3416,5189,15,15,15,15,0,0,0,0,0,0,0,49,30,30,30,49,283080,87631,189303,4199,1947,3,0,0,2645,2645,0,0,119,61,45,16,6,0,4041,2907,812,785,253,33,149,0,0,0,0,0,17,0,8,0,0,1,0,0,0,0,0,0,0,0,0,0,0,0,3,2,0,0,0,0,0,0,0,0,0,0,13,93,15085,0,0,0,0,7,14,2,1,1,3,12,3,12,Flareon
1-08,15:06:43,NINTEN,Spearow,Jr Trainer F,3,Route 6,3,20:31.19,20:31,0h20m31s,0,12,12,25,1:20,14.877,PECK,GROWL,MIRROR MOVE,FURY ATTACK,4,2791,125,46,16,286,274,176,13,8013,Flareon, ,Normal,Flying,15771,Spearow3,Spearow,,00:20:16.31,00:20:31.19,01:20:29.23,25,0,0,20,31,19,PECK,GROWL,MIRROR MOVE,FURY ATTACK,27,40,20,18,0,0,0,0,33,66,46,31,31,31,52,3782,4572,4205,3521,3521,5357,15,15,15,15,0,0,0,0,0,0,0,51,31,31,31,52,291682,91244,193353,5138,1947,4,0,0,2791,2791,0,0,125,62,46,16,6,0,4196,3030,842,815,258,34,153,0,0,0,0,0,18,0,8,0,0,1,0,0,0,0,0,0,0,0,0,0,0,0,3,2,0,0,0,0,0,0,0,0,0,0,13,96,15646,0,0,0,0,8,14,2,1,1,3,12,3,12,Flareon
1-08,15:07:03,NINTEN,Spearow,Jr Trainer M,5,Route 6,2,20:51.44,20:51,0h20m51s,0,12,12,25,1:21,10.851,PECK,GROWL,MIRROR MOVE,FURY ATTACK,5,2794,125,47,16,290,278,178,12,8333,Flareon, ,Normal,Flying,16366,Spearow3,Spearow,,00:20:40.59,00:20:51.44,01:21:49.10,25,0,0,20,51,44,PECK,GROWL,MIRROR MOVE,FURY ATTACK,23,40,20,18,0,0,0,0,22,66,46,31,31,31,52,3877,4713,4295,3602,3602,5524,15,15,15,15,0,0,0,0,0,0,0,51,31,31,31,52,296469,91665,196826,6031,1947,5,0,0,2794,2794,0,0,125,63,47,16,6,0,4340,3117,873,846,262,34,155,0,0,0,0,0,19,0,8,0,0,1,0,0,0,0,0,0,0,0,0,0,0,0,3,2,0,0,0,0,0,0,0,0,0,0,13,98,16241,0,0,0,0,8,14,2,1,1,3,12,3,12,Flareon
1-08,15:08:11,NINTEN,Spearow,Sailor,6,SS Anne,3,21:58.61,21:58,0h21m58s,1,12,13,25,1:24,15.621,PECK,GROWL,MIRROR MOVE,FURY ATTACK,7,2922,137,48,16,296,284,183,15,2703,Flareon, ,Normal,Flying,17269,Spearow3,Spearow,,00:21:42.97,00:21:58.61,01:24:59.09,25,1,0,21,58,61,PECK,GROWL,MIRROR MOVE,FURY ATTACK,17,40,20,18,0,0,0,0,31,66,46,31,31,31,52,3967,4833,4505,3812,3812,5704,15,15,15,15,0,0,0,0,-3,0,0,72,31,31,31,20,307873,96710,200934,8124,2105,7,1,0,2922,2922,0,0,137,64,48,16,6,0,4482,3234,908,881,268,34,160,0,0,0,0,0,19,0,9,0,0,1,0,0,0,0,0,0,0,0,0,0,0,0,3,2,0,0,0,0,0,0,0,0,0,0,13,101,17144,0,0,0,0,10,24,2,1,1,3,12,3,13,Flareon
1-08,15:08:27,NINTEN,Spearow,Sailor,5,SS Anne,2,22:15.14,22:15,0h22m15s,1,12,13,26,1:26,10.765,PECK,GROWL,MIRROR MOVE,FURY ATTACK,7,2932,139,49,16,300,288,185,15,3213,Flareon, ,Normal,Flying,18082,Spearow3,Spearow,,00:22:04.37,00:22:15.14,01:26:04.05,26,1,0,22,15,14,PECK,GROWL,MIRROR MOVE,FURY ATTACK,13,40,20,18,0,0,0,0,48,68,48,32,32,32,54,4037,4918,4595,3982,3982,5859,15,15,15,15,0,0,0,0,0,0,0,54,32,32,32,54,311769,97182,203882,8600,2105,7,1,0,2932,2932,0,0,139,65,49,16,6,0,4589,3320,928,901,272,34,162,0,0,0,0,0,19,0,9,0,0,1,0,0,0,0,0,0,0,0,0,0,0,0,3,2,0,0,0,0,0,0,0,0,0,0,13,103,17957,0,0,0,0,10,24,2,1,1,3,12,3,13,Flareon
1-08,15:09:00,NINTEN,Spearow,Fisher,1,SS Anne,3,22:48.14,22:48,0h22m48s,1,12,13,26,1:28,14.437,PECK,GROWL,MIRROR MOVE,FURY ATTACK,8,3024,145,50,16,307,294,188,16,3753,Flareon, ,Normal,Flying,19270,Spearow3,Spearow,,00:22:33.70,00:22:48.14,01:28:13.53,26,1,0,22,48,14,PECK,GROWL,MIRROR MOVE,FURY ATTACK,7,40,20,18,0,0,0,0,52,68,48,32,32,32,54,4167,5092,4750,4182,4182,6055,15,15,15,15,0,0,0,0,0,0,0,54,32,32,32,54,319557,99718,208110,9624,2105,8,1,0,3024,3024,0,0,145,66,50,16,6,0,4756,3453,944,917,278,34,165,0,0,0,0,0,19,0,9,0,0,1,0,0,0,0,0,0,0,0,0,0,0,0,3,2,0,0,0,0,0,0,0,0,0,0,13,106,19145,0,0,0,0,11,24,2,1,1,3,12,3,13,Flareon
1-08,15:09:15,NINTEN,Spearow,Gentleman,5,SS Anne,2,23:03.00,23:03,0h23m3s,1,12,13,27,1:29,10.29,PECK,GROWL,MIRROR MOVE,FURY ATTACK,8,3037,146,51,16,311,298,190,16,4348,Flareon, ,Normal,Flying,20154,Spearow3,Spearow,,00:22:52.72,00:23:03.00,01:29:12.20,27,1,0,23,3,0,PECK,GROWL,MIRROR MOVE,FURY ATTACK,3,40,20,18,0,0,0,0,46,71,50,33,34,34,56,4272,5247,4850,4297,4297,6205,15,15,15,15,0,0,0,0,0,0,0,56,33,34,34,56,323064,100393,210942,9624,2105,8,1,0,3037,3037,0,0,146,67,51,16,6,0,4864,3547,953,926,282,34,166,0,0,0,0,0,19,0,9,0,0,1,0,0,0,0,0,0,0,0,0,0,0,0,3,2,0,0,0,0,0,0,0,0,0,0,13,108,20029,0,0,0,0,11,24,2,1,1,3,12,3,13,Flareon
1-08,15:09:52,NINTEN,Spearow,Rival3-SS Anne,1,SS Anne,4,23:39.95,23:39,0h23m39s,1,12,13,27,1:31,22.365,PECK,GROWL,MIRROR MOVE,FURY ATTACK,9,3067,150,52,16,320,307,194,16,5538,Flareon, ,Normal,Flying,21335,Spearow3,Spearow,Rival (SS Anne),00:23:17.59,00:23:39.95,01:31:38.12,27,1,0,23,39,95,PECK,GROWL,MIRROR MOVE,FURY ATTACK,0,40,20,12,0,0,0,0,37,71,50,33,34,34,56,4447,5493,5050,4448,4448,6442,15,15,15,15,0,0,0,0,0,0,0,56,33,34,34,56,331816,101939,217056,10716,2105,9,1,0,3067,3067,0,0,150,68,52,16,6,0,5114,3755,987,960,290,36,169,0,0,0,0,0,20,0,10,0,0,1,0,0,0,0,0,0,0,0,0,0,0,0,3,2,0,0,0,0,0,0,0,0,0,0,13,112,21210,0,0,0,0,12,24,2,1,1,3,12,3,13,Flareon
1-08,15:10:41,NINTEN,Spearow,Youngster,12,Route 11,2,24:29.02,24:29,0h24m29s,1,12,13,28,1:34,11.641,PECK,GROWL,MIRROR MOVE,FURY ATTACK,9,3248,156,53,16,325,312,197,17,6838,Flareon, ,Normal,Flying,22020,Spearow3,Spearow,,00:24:17.37,00:24:29.02,01:34:52.08,28,1,0,24,29,2,PECK,GROWL,MIRROR MOVE,FURY ATTACK,5,40,20,12,0,0,0,0,67,73,52,35,35,35,58,4554,5622,5147,4543,4543,6557,15,15,15,15,0,-2,0,0,0,0,0,58,17,35,35,58,343452,108510,220358,12479,2105,9,1,0,3248,3248,0,0,156,69,53,16,6,0,5235,3854,993,966,294,37,172,0,0,0,0,0,20,0,10,0,0,1,0,0,0,0,0,0,0,0,0,0,0,0,3,2,0,0,0,0,0,0,0,0,0,0,13,114,21895,0,0,0,0,12,24,2,1,1,3,12,3,13,Flareon
1-08,15:10:53,NINTEN,Spearow,Gambler,2,Route 11,2,24:40.74,24:40,0h24m40s,1,12,13,28,1:35,6.627,PECK,GROWL,MIRROR MOVE,FURY ATTACK,9,3253,156,54,16,327,314,197,17,7108,Flareon, ,Normal,Flying,22644,Spearow3,Spearow,,00:24:34.12,00:24:40.74,01:35:38.15,28,1,0,24,40,74,PECK,GROWL,MIRROR MOVE,FURY ATTACK,3,40,20,12,0,0,0,0,67,73,52,35,35,35,58,4649,5747,5237,4688,4688,6627,15,15,15,15,0,0,0,0,0,0,0,58,35,35,35,58,346219,108805,222830,12479,2105,9,1,0,3253,3253,0,0,156,70,54,16,6,0,5372,3949,993,966,296,37,172,0,0,0,0,0,20,0,10,0,0,1,0,0,0,0,0,0,0,0,0,0,0,0,3,2,0,0,0,0,0,0,0,0,0,0,13,116,22519,0,0,0,0,12,24,2,1,1,3,12,3,13,Flareon
1-08,15:11:15,NINTEN,Spearow,Engineer,3,Route 11,3,25:02.89,25:02,0h25m2s,1,12,13,28,1:37,17.284,PECK,GROWL,MIRROR MOVE,FURY ATTACK,9,3279,158,55,16,333,320,200,17,8368,Flareon, ,Normal,Flying,23949,Spearow3,Spearow,,00:24:45.60,00:25:02.89,01:37:05.41,28,1,0,25,2,89,PECK,GROWL,MIRROR MOVE,FURY ATTACK,3,40,20,6,0,0,0,0,26,73,52,35,35,35,58,4749,5877,5472,4998,4998,6787,15,15,15,15,0,0,0,0,0,0,0,58,35,35,35,58,351465,109463,227418,12479,2105,9,1,0,3279,3279,0,0,158,71,55,16,6,0,5506,4075,1034,1007,301,38,175,0,0,0,0,0,20,0,10,0,0,1,0,0,0,0,0,0,0,0,0,0,0,0,3,2,0,0,0,0,0,0,0,0,0,0,13,119,23824,0,0,0,0,12,24,2,1,1,3,12,3,13,Flareon
1-08,15:11:41,NINTEN,Spearow,Gambler,3,Route 11,2,25:28.60,25:28,0h25m28s,1,12,13,29,1:38,16.434,DRILL PECK,GROWL,MIRROR MOVE,FURY ATTACK,10,3294,159,56,16,336,323,201,17,9268,Flareon, ,Normal,Flying,24687,Spearow3,Spearow,,00:25:12.17,00:25:28.60,01:38:47.21,29,1,0,25,28,60,DRILL PECK,GROWL,MIRROR MOVE,FURY ATTACK,20,40,20,3,0,0,0,0,68,75,54,36,36,36,60,4814,5942,5592,5148,5148,6932,15,15,15,15,0,0,0,0,0,0,0,60,36,36,36,60,357565,110188,231822,13450,2105,10,1,0,3294,3294,0,0,159,72,56,16,6,0,5591,4159,1041,1014,304,38,176,0,0,0,0,0,20,0,11,0,0,1,0,0,0,0,0,0,0,0,0,0,0,0,3,2,0,0,0,0,0,0,0,0,0,0,13,121,24562,0,0,0,0,12,24,2,1,1,3,12,3,13,Flareon
1-08,15:11:55,NINTEN,Spearow,Youngster,11,Route 11,3,25:42.87,25:42,0h25m42s,1,12,13,29,1:39,9.614,DRILL PECK,GROWL,MIRROR MOVE,FURY ATTACK,10,3296,159,57,16,339,326,202,17,10528,Flareon, ,Normal,Flying,25522,Spearow3,Spearow,,00:25:33.27,00:25:42.87,01:39:43.32,29,1,0,25,42,87,DRILL PECK,GROWL,MIRROR MOVE,FURY ATTACK,17,40,20,3,0,0,0,0,60,75,54,36,36,36,60,4929,6135,5722,5248,5248,7173,15,15,15,15,0,0,0,0,0,0,0,60,36,36,36,60,360936,110386,234995,13450,2105,10,1,0,3296,3296,0,0,159,73,57,16,6,0,5839,4285,1049,1022,307,38,177,0,0,0,0,0,20,0,11,0,0,1,0,0,0,0,0,0,0,0,0,0,0,0,3,2,0,0,0,0,0,0,0,0,0,0,13,124,25397,0,0,0,0,12,24,2,1,1,4,12,3,13,Flareon
1-08,15:12:30,NINTEN,Spearow,Swimmer,1,Cerulean City - Gym,2,26:17.62,26:17,0h26m17s,1,12,13,29,1:42,6.463,DRILL PECK,GROWL,MIRROR MOVE,FURY ATTACK,10,3397,160,58,16,341,328,202,16,10783,Flareon, ,Normal,Flying,26136,Spearow3,Spearow,,00:26:11.17,00:26:17.62,01:42:00.28,29,1,0,26,17,62,DRILL PECK,GROWL,MIRROR MOVE,FURY ATTACK,18,40,20,20,0,0,0,0,75,75,54,36,36,36,60,4989,6240,5892,5363,5363,7273,15,15,15,15,0,0,0,0,0,0,0,60,36,36,36,60,369152,113908,237051,16088,2105,10,1,0,3397,3397,0,0,160,74,58,16,6,0,5944,4361,1049,1022,309,38,177,0,0,0,0,0,20,0,11,0,0,1,0,0,0,0,0,0,0,0,0,0,0,0,3,2,0,0,0,0,0,0,0,0,0,0,13,126,26011,0,0,0,0,12,24,2,1,1,6,12,3,13,Flareon
1-08,15:12:38,NINTEN,Spearow,Jr Trainer F,1,Cerulean City - Gym,1,26:25.63,26:25,0h26m25s,1,12,13,29,1:42,4.199,DRILL PECK,GROWL,MIRROR MOVE,FURY ATTACK,10,3405,162,59,16,342,329,202,16,10863,Flareon, ,Normal,Flying,26587,Spearow3,Spearow,,00:26:21.43,00:26:25.63,01:42:32.02,29,1,0,26,25,63,DRILL PECK,GROWL,MIRROR MOVE,FURY ATTACK,17,40,20,20,0,0,0,0,75,75,54,36,36,36,60,5034,6307,5952,5413,5413,7336,15,15,15,15,0,0,0,0,0,0,0,60,36,36,36,60,371046,114331,238522,16088,2105,10,1,0,3405,3405,0,0,162,75,59,16,6,0,6001,4410,1049,1022,310,38,177,0,0,0,0,0,20,0,11,0,0,1,0,0,0,0,0,0,0,0,0,0,0,0,3,2,0,0,0,0,0,0,0,0,0,0,13,127,26462,0,0,0,0,12,24,2,1,1,6,12,3,13,Flareon
1-08,15:12:53,NINTEN,Spearow,Misty,1,Cerulean City - Gym,2,26:41.40,26:41,0h26m41s,1,12,13,30,1:43,9.301,DRILL PECK,GROWL,MIRROR MOVE,FURY ATTACK,11,3406,163,60,16,345,332,202,16,11243,Flareon, ,Normal,Flying,27926,Spearow3,Spearow,Misty,00:26:32.10,00:26:41.40,01:43:34.22,30,1,0,26,41,40,DRILL PECK,GROWL,MIRROR MOVE,FURY ATTACK,14,40,20,20,0,0,0,0,78,78,56,37,38,38,62,5124,6427,6092,5583,5583,7536,15,15,15,15,0,0,0,0,0,0,0,63,37,38,38,62,374786,114816,241218,16647,2105,11,1,0,3406,3406,0,0,163,76,60,16,6,0,6136,4510,1049,1022,313,38,177,0,0,0,0,0,20,0,11,0,0,1,0,0,0,0,0,0,0,0,0,0,0,0,3,2,0,0,0,0,0,0,0,0,0,0,13,129,27801,0,0,0,0,12,24,2,1,1,6,12,3,13,Flareon
1-08,15:13:22,NINTEN,Spearow,Wrapping Lass,5,Route 9,4,27:10.25,27:10,0h27m10s,1,12,13,30,1:45,12.085,DRILL PECK,GROWL,MIRROR MOVE,FURY ATTACK,11,3496,172,61,16,349,336,202,17,13322,Flareon, ,Normal,Flying,29174,Spearow3,Spearow,RTG1 - Wrapping Lass,00:26:58.17,00:27:10.25,01:45:27.54,30,1,0,27,10,25,DRILL PECK,GROWL,MIRROR MOVE,FURY ATTACK,10,40,20,20,0,0,0,0,78,78,56,37,38,38,62,5314,6677,6272,5873,5873,7676,15,15,15,15,0,0,0,0,0,0,0,63,37,38,38,62,381598,117289,245110,17094,2105,11,1,0,3496,3496,0,0,172,77,61,16,6,0,6952,4700,1049,1022,317,38,177,0,0,0,0,0,21,0,11,0,0,1,0,0,0,0,0,0,0,0,0,0,0,0,3,2,0,0,0,0,0,0,0,0,0,0,13,133,29049,0,0,0,0,12,24,2,1,1,6,12,3,13,Flareon
1-08,15:13:38,NINTEN,Spearow,Bug Catcher,14,Route 9,3,27:26.13,27:26,0h27m26s,1,12,13,31,1:46,10.27,DRILL PECK,GROWL,MIRROR MOVE,FURY ATTACK,11,3533,173,62,16,352,339,202,17,13682,Flareon, ,Normal,Flying,29943,Spearow3,Spearow,,00:27:15.87,00:27:26.13,01:46:30.36,31,1,0,27,26,13,DRILL PECK,GROWL,MIRROR MOVE,FURY ATTACK,7,40,20,20,0,0,0,0,80,80,57,39,39,39,64,5459,6797,6387,5953,5953,7816,15,15,15,15,0,0,0,0,0,0,0,64,39,39,39,64,385360,118127,248034,17094,2105,11,1,0,3533,3533,0,0,173,78,62,16,6,0,7472,4857,1049,1022,320,38,177,0,0,0,0,0,21,0,11,0,0,1,0,0,0,0,0,0,0,0,0,0,0,0,3,2,0,0,0,0,0,0,0,0,0,0,13,136,29818,0,0,0,0,12,24,2,1,1,6,12,3,13,Flareon
1-08,15:14:06,NINTEN,Spearow,Pokemaniac,7,Rock Tunnel - 1,2,27:54.41,27:54,0h27m54s,1,12,13,31,1:48,10.002,DRILL PECK,GROWL,MIRROR MOVE,FURY ATTACK,12,3641,178,63,16,356,343,204,17,13882,Flareon, ,Normal,Flying,30857,Spearow3,Spearow,,00:27:44.42,00:27:54.41,01:48:22.19,31,1,0,27,54,41,DRILL PECK,GROWL,MIRROR MOVE,FURY ATTACK,13,40,20,20,0,0,0,0,65,80,57,39,39,39,64,5599,6912,6547,6033,6033,7866,15,15,15,15,-1,0,0,0,0,0,0,41,39,39,39,64,392063,120528,251219,18211,2105,12,1,0,3641,3641,0,0,178,79,63,16,6,0,7659,4994,1064,1037,324,38,179,0,0,0,0,0,22,0,11,0,0,1,0,0,0,0,0,0,0,0,0,0,0,0,3,2,0,0,0,0,0,0,0,0,0,0,13,138,30732,0,0,0,0,12,24,2,1,1,6,12,3,13,Flareon
1-08,15:14:17,NINTEN,Spearow,Pokemaniac,5,Rock Tunnel,1,28:04.77,28:04,0h28m4s,1,12,13,31,1:49,5.472,DRILL PECK,GROWL,MIRROR MOVE,FURY ATTACK,12,3676,178,64,16,358,345,205,17,15032,Flareon, ,Normal,Flying,31386,Spearow3,Spearow,,00:27:59.30,00:28:04.77,01:49:03.02,31,1,0,28,4,77,DRILL PECK,GROWL,MIRROR MOVE,FURY ATTACK,11,40,20,20,0,0,0,0,65,80,57,39,39,39,64,5689,6977,6612,6073,6073,7881,15,15,15,15,0,0,0,0,0,0,0,64,39,39,39,64,394506,121293,252897,18211,2105,12,1,0,3676,3676,0,0,178,80,64,16,6,0,7752,5078,1064,1037,326,39,179,0,0,0,0,0,22,0,11,0,0,1,0,0,0,0,0,0,0,0,0,0,0,0,3,2,0,0,0,0,0,0,0,0,0,0,13,139,31261,0,0,0,0,12,24,2,1,1,6,12,3,13,Flareon
1-08,15:14:37,NINTEN,Spearow,Jr Trainer F,10,Rock Tunnel,2,28:25.15,28:25,0h28m25s,1,12,13,31,1:50,6.933,DRILL PECK,GROWL,MIRROR MOVE,FURY ATTACK,12,3690,179,65,17,360,347,205,16,16282,Flareon, ,Normal,Flying,32054,Spearow3,Spearow,RTG4 - Status Jr Trainer,00:28:18.21,00:28:25.15,01:50:23.28,31,1,0,28,25,15,DRILL PECK,GROWL,MIRROR MOVE,FURY ATTACK,9,40,20,20,0,0,0,0,65,80,57,39,39,39,64,5779,7076,6716,6213,6213,7956,15,15,15,15,0,0,0,0,0,0,0,64,39,39,39,64,399332,121906,255596,19725,2105,12,1,0,3690,3690,0,0,179,82,65,17,7,0,8007,5188,1064,1037,328,39,179,0,0,0,0,0,22,0,11,0,0,1,0,0,0,0,0,0,0,0,0,0,0,0,3,2,0,0,0,0,0,0,0,0,0,0,13,141,31929,0,0,0,0,12,24,2,1,1,6,12,3,13,Flareon
1-08,15:16:52,NINTEN,Spearow,Selfdestructing Hiker,9,Rock Tunnel,3,30:40.00,30:40,0h30m40s,5,12,17,32,1:54,32.157,DRILL PECK,GROWL,MIRROR MOVE,FURY ATTACK,13,3801,187,66,17,376,363,220,14,16722,Flareon, ,Normal,Flying,33431,Spearow3,Spearow,,00:30:07.83,00:30:40.00,01:54:16.24,32,5,0,30,40,0,DRILL PECK,GROWL,MIRROR MOVE,FURY ATTACK,15,28,20,20,0,0,0,0,20,83,59,40,40,40,66,5914,7331,7031,6318,6318,8031,15,15,15,15,0,0,0,0,0,0,0,66,40,40,40,66,413313,125602,263630,21818,2263,13,2,0,3801,3801,0,0,187,83,66,17,7,0,8071,5251,1127,1100,344,42,186,0,0,0,0,0,23,0,11,0,0,1,0,0,0,0,0,0,0,0,0,0,0,0,3,2,0,0,0,0,0,0,0,0,0,0,13,144,33306,0,0,0,0,12,24,2,1,1,6,12,3,17,Flareon
1-08,15:17:21,NINTEN,Spearow,Jr Trainer F,18,Rock Tunnel - 1,3,31:09.03,31:09,0h31m9s,5,12,17,32,1:56,8.912,DRILL PECK,GROWL,MIRROR MOVE,FURY ATTACK,13,3854,196,67,18,379,366,220,12,17457,Flareon, ,Normal,Flying,34294,Spearow3,Spearow,RTG6 - Finisher,00:31:00.13,00:31:09.03,01:56:10.49,32,5,0,31,9,3,DRILL PECK,GROWL,MIRROR MOVE,FURY ATTACK,12,28,20,20,0,0,0,0,83,83,59,40,40,40,66,6039,7471,7161,6468,6468,8207,15,15,15,15,0,0,0,0,0,0,0,66,40,40,40,66,420178,127265,267246,23404,2263,13,2,0,3854,3854,0,0,196,85,67,18,8,0,8401,5400,1127,1100,347,42,186,0,0,0,0,0,23,0,11,0,0,1,0,0,0,0,0,0,0,0,0,0,0,0,3,2,0,0,0,0,0,0,0,0,0,0,13,147,34169,0,0,0,0,12,24,2,1,1,6,12,3,17,Flareon
1-08,15:17:56,NINTEN,Spearow,Gambler,7,Route 8,2,31:43.58,31:43,0h31m43s,5,12,17,32,1:58,6.89,DRILL PECK,SWIFT,MIRROR MOVE,FURY ATTACK,13,4039,212,68,18,381,368,220,13,17857,Flareon, ,Normal,Flying,35086,Spearow3,Spearow,,00:31:36.70,00:31:43.58,01:58:27.09,32,5,0,31,43,58,DRILL PECK,SWIFT,MIRROR MOVE,FURY ATTACK,10,20,20,20,0,0,0,0,83,83,59,40,40,40,66,6132,7582,7246,6583,6583,8332,15,15,15,15,0,0,0,0,0,0,0,66,40,40,40,66,428358,131769,269345,24981,2263,13,2,0,4039,4039,0,0,212,86,68,18,8,0,8543,5520,1127,1100,349,42,186,0,0,0,0,0,23,0,11,0,0,1,0,0,0,0,0,0,0,0,0,0,0,0,3,2,0,0,0,0,0,0,0,0,0,0,13,149,34961,0,0,0,0,13,24,2,1,1,7,12,3,17,Flareon
1-08,15:18:10,NINTEN,Spearow,Super Nerd,4,Route 8,3,31:58.44,31:58,0h31m58s,5,12,17,33,1:59,11.4,DRILL PECK,SWIFT,MIRROR MOVE,FURY ATTACK,13,4050,213,69,18,385,372,221,13,19537,Flareon, ,Normal,Flying,36671,Spearow3,Spearow,,00:31:47.05,00:31:58.44,01:59:25.47,33,5,0,31,58,44,DRILL PECK,SWIFT,MIRROR MOVE,FURY ATTACK,6,20,20,20,0,0,0,0,73,85,61,41,41,41,68,6397,7847,7421,6728,6728,8432,15,15,15,15,0,0,0,0,0,0,0,68,41,41,41,68,431876,132091,272541,24981,2263,13,2,0,4050,4050,0,0,213,87,69,18,8,0,8797,5741,1139,1112,353,42,187,0,0,0,0,0,23,0,11,0,0,1,0,0,0,0,0,0,0,0,0,0,0,0,3,2,0,0,0,0,0,0,0,0,0,0,13,152,36546,0,0,0,0,13,24,2,1,1,7,12,3,17,Flareon
1-08,15:18:28,NINTEN,Spearow,Gambler,5,Route 8,3,32:16.51,32:16,0h32m16s,5,12,17,33,2:00,10.277,DRILL PECK,SWIFT,MIRROR MOVE,FURY ATTACK,13,4088,217,70,18,389,376,222,13,20087,Flareon, ,Normal,Flying,38013,Spearow3,Spearow,,00:32:06.25,00:32:16.51,02:00:37.03,33,5,0,32,16,51,DRILL PECK,SWIFT,MIRROR MOVE,FURY ATTACK,2,20,20,20,0,0,0,0,73,85,61,41,41,41,68,6542,8012,7566,6858,6858,8702,15,15,15,15,0,0,0,0,0,0,0,68,41,41,41,68,436152,133028,275880,24981,2263,13,2,0,4088,4088,0,0,217,88,70,18,8,0,9090,5911,1139,1112,357,42,187,0,0,0,0,0,23,0,11,0,0,1,0,0,0,0,0,0,0,0,0,0,0,0,3,2,0,0,0,0,0,0,0,0,0,0,13,155,37888,0,0,0,0,13,24,2,1,1,7,12,3,17,Flareon
1-08,15:19:12,NINTEN,Spearow,Rocket,7,Celadon City - Game Corner,2,33:00.31,33:00,0h33m0s,5,12,17,33,2:03,6.551,DRILL PECK,SWIFT,MIRROR MOVE,FURY ATTACK,13,4301,240,71,18,391,378,222,11,21627,Flareon, ,Normal,Flying,38740,Spearow3,Spearow,,00:32:53.76,00:33:00.31,02:03:29.56,33,5,0,33,0,31,DRILL PECK,SWIFT,MIRROR MOVE,FURY ATTACK,18,20,20,20,0,0,0,0,85,85,61,41,41,41,68,6637,8138,7661,6948,6948,8854,15,15,15,15,0,0,0,0,0,0,0,68,41,41,41,68,446525,141073,277922,25267,2263,13,2,0,4301,4301,0,0,240,89,71,18,8,0,9265,6015,1139,1112,359,42,187,0,0,0,0,0,23,0,11,0,0,1,0,0,0,0,0,0,0,0,0,0,0,0,3,2,0,0,0,0,0,0,0,0,0,0,13,157,38615,0,0,0,0,16,24,2,1,1,7,12,3,17,Flareon
1-08,15:19:55,NINTEN,Spearow,Rocket,15,Rocket Hideout 3,2,33:42.59,33:42,0h33m42s,5,12,17,34,2:06,7.551,DRILL PECK,SWIFT,MIRROR MOVE,FURY ATTACK,13,4511,253,72,18,393,380,222,12,22227,Flareon, ,Normal,Flying,39532,Spearow3,Spearow,,00:33:35.04,00:33:42.59,02:06:17.27,34,5,0,33,42,59,DRILL PECK,SWIFT,MIRROR MOVE,FURY ATTACK,16,20,20,20,0,0,0,0,88,88,63,43,43,43,70,6777,8298,7761,7018,7018,8924,15,15,15,15,0,0,0,0,0,0,0,70,43,43,43,70,456576,148849,280197,25267,2263,13,2,0,4511,4511,0,0,253,90,72,18,8,0,9581,6141,1139,1112,361,42,187,0,0,0,0,0,23,0,11,0,0,1,0,0,0,0,0,0,0,0,0,0,0,0,3,2,0,0,0,0,0,0,0,0,0,0,13,159,39407,0,0,0,0,19,24,2,1,1,7,12,3,17,Flareon
1-08,15:23:15,NINTEN,Spearow,Beauty,1,Celadon City - Gym,4,37:03.35,37:03,0h37m3s,5,12,17,34,2:19,11.832,DRILL PECK,SWIFT,MIRROR MOVE,FURY ATTACK,13,5119,317,73,19,398,384,223,12,7,Flareon, ,Normal,Flying,40990,Spearow3,Spearow,,00:36:51.52,00:37:03.35,02:19:30.45,34,5,0,37,3,35,DRILL PECK,SWIFT,MIRROR MOVE,FURY ATTACK,12,20,20,20,0,0,0,0,88,88,67,43,44,44,70,6967,18788,7941,9868,9868,9064,15,15,15,15,0,0,0,0,0,0,0,75,43,44,44,70,504174,181852,288863,31196,2263,13,2,0,5119,5119,0,0,317,92,73,19,8,0,10481,6357,1139,1112,365,42,187,0,0,0,0,0,24,0,11,0,0,1,0,0,0,0,0,0,0,0,0,0,0,0,3,2,0,0,0,0,0,0,0,0,0,0,13,163,40865,0,0,0,0,24,48,16,3,2,8,12,3,17,Flareon
1-08,15:23:31,NINTEN,Spearow,Cooltrainer F,1,Celadon City - Gym,3,37:18.85,37:18,0h37m18s,5,12,17,35,2:20,10.427,DRILL PECK,SWIFT,MIRROR MOVE,FURY ATTACK,13,5123,317,74,19,401,387,223,12,1477,Flareon, ,Normal,Flying,43167,Spearow3,Spearow,,00:37:08.44,00:37:18.85,02:20:31.49,35,5,0,37,18,85,DRILL PECK,SWIFT,MIRROR MOVE,FURY ATTACK,9,20,20,20,0,0,0,0,90,90,69,44,45,45,72,7152,19005,8124,10118,10118,9219,15,15,15,15,0,0,0,0,0,0,0,77,44,45,45,72,507838,182279,291807,31489,2263,13,2,0,5123,5123,0,0,317,93,74,19,8,0,10911,6558,1139,1112,368,42,187,0,0,0,0,0,24,0,11,0,0,1,0,0,0,0,0,0,0,0,0,0,0,0,3,2,0,0,0,0,0,0,0,0,0,0,13,166,43042,0,0,0,0,24,48,16,3,2,8,12,3,17,Flareon
1-08,15:23:43,NINTEN,Spearow,Lass,18,Celadon City - Gym,2,37:30.66,37:30,0h37m30s,5,12,17,35,2:21,6.839,DRILL PECK,SWIFT,MIRROR MOVE,FURY ATTACK,13,5125,317,75,19,403,389,223,12,2317,Flareon, ,Normal,Flying,44200,Spearow3,Spearow,,00:37:23.82,00:37:30.66,02:21:18.16,35,5,0,37,30,66,DRILL PECK,SWIFT,MIRROR MOVE,FURY ATTACK,7,20,20,20,0,0,0,0,90,90,69,44,45,45,72,7257,19120,8249,10278,10278,9289,15,15,15,15,0,0,0,0,0,0,0,77,44,45,45,72,510625,182550,294323,31489,2263,13,2,0,5125,5125,0,0,317,94,75,19,8,0,11216,6679,1139,1112,370,42,187,0,0,0,0,0,24,0,11,0,0,1,0,0,0,0,0,0,0,0,0,0,0,0,3,2,0,0,0,0,0,0,0,0,0,0,13,168,44075,0,0,0,0,24,48,16,3,2,8,12,3,17,Flareon
1-08,15:23:54,NINTEN,Spearow,Jr Trainer F,11,Celadon City - Gym,2,37:42.42,37:42,0h37m42s,5,12,17,35,2:22,7.795,DRILL PECK,SWIFT,MIRROR MOVE,FURY ATTACK,13,5127,323,76,19,405,391,223,12,2662,Flareon, ,Normal,Flying,45252,Spearow3,Spearow,,00:37:34.62,00:37:42.42,02:22:04.29,35,5,0,37,42,42,DRILL PECK,SWIFT,MIRROR MOVE,FURY ATTACK,5,20,20,20,0,0,0,0,90,90,69,44,45,45,72,7362,19231,8361,10423,10423,9394,15,15,15,15,0,0,0,0,0,0,0,77,44,45,45,72,513398,182747,296637,31751,2263,13,2,0,5127,5127,0,0,323,95,76,19,8,0,11549,6804,1139,1112,372,42,187,0,0,0,0,0,24,0,11,0,0,1,0,0,0,0,0,0,0,0,0,0,0,0,3,2,0,0,0,0,0,0,0,0,0,0,13,170,45127,0,0,0,0,24,48,16,3,2,8,12,3,17,Flareon
1-08,15:24:05,NINTEN,Spearow,Beauty,2,Celadon City - Gym,2,37:53.17,37:53,0h37m53s,5,12,17,35,2:22,6.732,DRILL PECK,SWIFT,MIRROR MOVE,FURY ATTACK,13,5141,328,77,19,407,393,223,12,3142,Flareon, ,Normal,Flying,46116,Spearow3,Spearow,,00:37:46.44,00:37:53.17,02:22:46.52,35,5,0,37,53,17,DRILL PECK,SWIFT,MIRROR MOVE,FURY ATTACK,3,20,20,20,0,0,0,0,90,90,69,44,45,45,72,7462,19381,8431,10563,10563,9474,15,15,15,15,0,0,0,0,0,0,0,77,44,45,45,72,515941,183205,298722,31751,2263,13,2,0,5141,5141,0,0,328,96,77,19,8,0,11980,6926,1139,1112,374,42,187,0,0,0,0,0,24,0,11,0,0,1,0,0,0,0,0,0,0,0,0,0,0,0,3,2,0,0,0,0,0,0,0,0,0,0,13,172,45991,0,0,0,0,24,48,16,3,2,8,12,3,17,Flareon
1-08,15:24:21,NINTEN,Spearow,Lass,17,Celadon City - Gym,2,38:08.74,38:08,0h38m8s,5,12,17,36,2:23,11.743,DRILL PECK,SWIFT,AGILITY,FURY ATTACK,13,5150,332,78,19,409,395,223,12,4822,Flareon, ,Normal,Flying,47274,Spearow3,Spearow,,00:37:56.99,00:38:08.74,02:23:48.24,36,5,0,38,8,74,DRILL PECK,SWIFT,AGILITY,FURY ATTACK,1,20,30,20,0,0,0,0,93,93,71,45,47,47,74,7577,19546,8516,10718,10718,9569,15,15,15,15,0,0,0,0,0,0,0,79,45,47,47,74,519634,183633,301986,31751,2263,13,2,0,5150,5150,0,0,332,97,78,19,8,0,12395,7051,1139,1112,376,42,187,0,0,0,0,0,24,0,11,0,0,1,0,0,0,0,0,0,0,0,0,0,0,0,3,2,0,0,0,0,0,0,0,0,0,0,13,174,47149,0,0,0,0,24,48,16,3,2,8,12,3,17,Flareon
1-08,15:24:50,NINTEN,Spearow,Beauty,3,Celadon City - Gym,1,38:38.39,38:38,0h38m38s,5,12,17,36,2:25,4.455,DRILL PECK,SWIFT,AGILITY,DOUBLE-EDGE,13,5161,335,79,19,410,396,223,10,5167,Flareon, ,Normal,Flying,47820,Spearow3,Spearow,,00:38:33.94,00:38:38.39,02:25:45.37,36,5,0,38,38,39,DRILL PECK,SWIFT,AGILITY,DOUBLE-EDGE,19,20,30,15,0,0,0,0,93,93,71,45,47,47,74,7637,19586,8596,10778,10778,9609,15,15,15,15,0,0,0,0,0,0,0,79,45,47,47,74,526666,184178,303926,36299,2263,13,2,0,5161,5161,0,0,335,98,79,19,8,0,12511,7122,1139,1112,377,42,187,0,0,0,0,0,24,0,11,0,0,1,0,0,0,0,0,0,0,0,0,0,0,0,3,2,0,0,0,0,0,0,0,0,0,0,13,175,47695,0,0,0,0,24,48,16,3,2,10,12,3,17,Flareon
1-08,15:25:08,NINTEN,Spearow,Erika,1,Celadon City - Gym,3,38:56.10,38:56,0h38m56s,5,12,17,37,2:26,10.373,DRILL PECK,SWIFT,AGILITY,DOUBLE-EDGE,14,5162,336,80,19,413,399,223,10,6987,Flareon, ,Normal,Flying,50825,Spearow3,Spearow,Erika,00:38:45.74,00:38:56.10,02:26:55.37,37,5,0,38,56,10,DRILL PECK,SWIFT,AGILITY,DOUBLE-EDGE,16,20,30,15,0,0,0,0,95,95,73,46,48,48,76,7827,19796,8831,11048,11048,9764,15,15,15,15,0,0,0,0,0,0,0,82,46,48,48,76,530866,184898,306865,36840,2263,14,2,0,5162,5162,0,0,336,99,80,19,8,0,12877,7378,1139,1112,380,42,187,0,0,0,0,0,25,0,11,0,0,1,0,0,0,0,0,0,0,0,0,0,0,0,3,2,0,0,0,0,0,0,0,0,0,0,13,178,50700,0,0,0,0,24,48,16,3,2,10,12,3,17,Flareon
1-08,15:25:44,NINTEN,Spearow,Blackbelt,5,Saffron City - Fighting Dojo,3,39:32.29,39:32,0h39m32s,5,12,17,37,2:29,9.683,DRILL PECK,SWIFT,AGILITY,DOUBLE-EDGE,14,5336,341,81,19,416,402,223,10,10155,Flareon, ,Normal,Flying,52886,Spearow3,Spearow,,00:39:22.60,00:39:32.29,02:29:18.11,37,5,0,39,32,29,DRILL PECK,SWIFT,AGILITY,DOUBLE-EDGE,13,20,30,15,0,0,0,0,95,95,73,46,48,48,76,8002,20061,8976,11178,11178,9964,15,15,15,15,0,0,0,0,0,0,0,82,46,48,48,76,539420,189668,310162,37327,2263,14,2,0,5336,5336,0,0,341,100,81,19,8,0,13324,7623,1139,1112,383,42,187,0,0,0,0,0,25,0,11,0,0,1,0,0,0,0,0,0,0,0,0,0,0,0,3,2,0,0,0,0,0,0,0,0,0,0,13,181,52761,0,0,0,0,24,48,16,3,2,10,12,3,17,Flareon
1-08,15:25:54,NINTEN,Spearow,Blackbelt,3,Saffron City - Fighting Dojo,2,39:41.99,39:41,0h39m41s,5,12,17,37,2:29,6.912,DRILL PECK,SWIFT,AGILITY,DOUBLE-EDGE,14,5337,341,82,19,418,404,223,10,10930,Flareon, ,Normal,Flying,54489,Spearow3,Spearow,,00:39:35.07,00:39:41.99,02:29:56.21,37,5,0,39,41,99,DRILL PECK,SWIFT,AGILITY,DOUBLE-EDGE,11,20,30,15,0,0,0,0,95,95,73,46,48,48,76,8152,20241,9096,11263,11263,10044,15,15,15,15,0,0,0,0,0,0,0,82,46,48,48,76,541710,189825,312295,37327,2263,14,2,0,5337,5337,0,0,341,101,82,19,8,0,13566,7812,1139,1112,385,42,187,0,0,0,0,0,25,0,11,0,0,1,0,0,0,0,0,0,0,0,0,0,0,0,3,2,0,0,0,0,0,0,0,0,0,0,13,183,54364,0,0,0,0,24,48,16,3,2,10,12,3,17,Flareon
1-08,15:26:03,NINTEN,Spearow,Blackbelt,4,Saffron City - Fighting Dojo,1,39:50.70,39:50,0h39m50s,5,12,17,38,2:30,5.744,DRILL PECK,SWIFT,AGILITY,DOUBLE-EDGE,14,5338,341,83,19,419,405,224,10,11730,Flareon, ,Normal,Flying,55638,Spearow3,Spearow,,00:39:44.95,00:39:50.70,02:30:30.44,38,5,0,39,50,70,DRILL PECK,SWIFT,AGILITY,DOUBLE-EDGE,10,20,30,15,0,0,0,0,98,98,75,48,49,49,79,8217,20346,9156,11323,11323,10139,15,15,15,15,0,0,0,0,0,0,0,84,48,49,49,79,543773,190034,314149,37327,2263,14,2,0,5338,5338,0,0,341,102,83,19,8,0,13678,7910,1139,1112,386,42,187,0,0,0,0,0,25,0,11,0,0,1,0,0,0,0,0,0,0,0,0,0,0,0,3,2,0,0,0,0,0,0,0,0,0,0,13,184,55513,0,0,0,0,24,48,16,3,2,10,12,3,17,Flareon
1-08,15:26:17,NINTEN,Spearow,Blackbelt,2,Saffron City - Fighting Dojo,3,40:04.97,40:04,0h40m4s,5,12,17,38,2:31,9.716,DRILL PECK,SWIFT,AGILITY,DOUBLE-EDGE,14,5339,341,84,19,422,408,224,10,12630,Flareon, ,Normal,Flying,57606,Spearow3,Spearow,,00:39:55.25,00:40:04.97,02:31:26.54,38,5,0,40,4,97,DRILL PECK,SWIFT,AGILITY,DOUBLE-EDGE,7,20,30,15,0,0,0,0,98,98,75,48,49,49,79,8362,20611,9286,11453,11453,10374,15,15,15,15,0,0,0,0,0,0,0,84,48,49,49,79,547143,190194,317359,37327,2263,14,2,0,5339,5339,0,0,341,103,84,19,8,0,14212,8136,1139,1112,389,42,187,0,0,0,0,0,25,0,11,0,0,1,0,0,0,0,0,0,0,0,0,0,0,0,3,2,0,0,0,0,0,0,0,0,0,0,13,187,57481,0,0,0,0,24,48,16,3,2,10,12,3,17,Flareon
1-08,15:26:28,NINTEN,Spearow,Blackbelt,1,Saffron City - Fighting Dojo,2,40:16.20,40:16,0h40m16s,5,12,17,39,2:32,7.977,DRILL PECK,SWIFT,AGILITY,DOUBLE-EDGE,14,5340,341,85,19,424,410,224,10,13405,Flareon, ,Normal,Flying,59817,Spearow3,Spearow,,00:40:08.22,00:40:16.20,02:32:11.12,39,5,0,40,16,20,DRILL PECK,SWIFT,AGILITY,DOUBLE-EDGE,5,20,30,15,0,0,0,0,100,100,77,49,51,51,81,8462,20836,9418,11523,11523,10537,15,15,15,15,0,0,0,0,0,0,0,86,49,51,51,81,549801,190471,319740,37327,2263,14,2,0,5340,5340,0,0,341,104,85,19,8,0,14424,8314,1139,1112,391,42,187,0,0,0,0,0,25,0,11,0,0,1,0,0,0,0,0,0,0,0,0,0,0,0,3,2,0,0,0,0,0,0,0,0,0,0,13,189,59692,0,0,0,0,24,48,16,3,2,10,12,3,17,Flareon
1-08,15:27:05,NINTEN,Spearow,Surge,1,Vermilion City - Gym,1,40:52.92,40:52,0h40m52s,5,12,17,39,2:34,4.62,DRILL PECK,SWIFT,AGILITY,DOUBLE-EDGE,15,5529,354,86,19,425,411,224,10,14330,Flareon, ,Normal,Flying,60549,Spearow3,Spearow,Lt. Surge,00:40:48.30,00:40:52.92,02:34:36.00,39,5,0,40,52,92,DRILL PECK,SWIFT,AGILITY,DOUBLE-EDGE,20,20,30,14,0,0,0,0,81,100,77,49,51,51,81,8522,20926,9473,11613,11613,10637,15,15,15,15,0,0,0,0,0,0,0,86,49,51,51,81,558489,196311,321741,38174,2263,15,2,0,5529,5529,0,0,354,105,86,19,8,0,14523,8390,1158,1131,392,42,187,0,0,0,0,0,25,0,11,0,0,1,0,0,0,0,0,0,0,0,0,0,0,0,3,2,0,0,0,0,0,0,0,0,0,0,13,190,60424,0,0,0,0,24,48,16,3,2,10,12,3,17,Flareon
1-08,15:28:01,NINTEN,Spearow,Rival4-Pkmn Tower,3,Pokemon Tower - 2F,5,41:49.40,41:49,0h41m49s,5,12,17,39,2:38,15.973,DRILL PECK,SWIFT,AGILITY,DOUBLE-EDGE,15,5667,364,87,19,431,417,225,12,17102,Flareon, ,Normal,Flying,63199,Spearow3,Spearow,Rival (Pokemon Tower),00:41:33.42,00:41:49.40,02:38:18.06,39,5,0,41,49,40,DRILL PECK,SWIFT,AGILITY,DOUBLE-EDGE,14,20,30,14,0,0,0,0,77,100,77,49,51,51,81,8747,21246,9843,11909,11909,10917,15,15,15,15,0,0,0,0,0,0,0,86,55,51,51,81,571815,202945,326033,40574,2263,15,2,0,5667,5667,0,0,364,106,87,19,8,0,14984,8676,1162,1135,398,42,188,0,0,0,0,0,26,0,11,0,0,1,0,0,0,0,0,0,0,0,0,0,0,0,3,2,0,0,0,0,0,0,0,0,0,0,13,195,63074,0,0,0,0,24,48,16,3,2,10,12,3,17,Flareon
1-08,15:28:26,NINTEN,Spearow,Channeler,10,Pokemon Tower - 4F,2,42:14.00,42:14,0h42m14s,5,12,17,40,2:39,7.564,DRILL PECK,SWIFT,AGILITY,DOUBLE-EDGE,15,5715,367,88,19,433,419,225,12,18727,Flareon, ,Normal,Flying,64135,Spearow3,Spearow,,00:42:06.43,00:42:14.00,02:39:55.23,40,5,0,42,14,0,DRILL PECK,SWIFT,AGILITY,DOUBLE-EDGE,12,20,30,14,0,0,0,0,80,103,79,51,52,52,83,8807,21316,9903,12109,12109,11077,15,15,15,15,0,0,0,0,0,0,0,88,57,52,52,83,577652,205085,328271,42033,2263,15,2,0,5715,5715,0,0,367,107,88,19,8,0,15293,8776,1162,1135,400,42,188,0,0,0,0,0,26,0,11,0,0,1,0,0,0,0,0,0,0,0,0,0,0,0,3,2,0,0,0,0,0,0,0,0,0,0,13,197,64010,0,0,0,0,24,48,16,3,2,10,12,3,17,Flareon
1-08,15:28:43,NINTEN,Spearow,Channeler,14,Pokemon Tower - 5F,1,42:30.78,42:30,0h42m30s,5,12,17,40,2:41,4.355,DRILL PECK,SWIFT,AGILITY,DOUBLE-EDGE,15,5770,393,89,19,434,420,225,13,19417,Flareon, ,Normal,Flying,64756,Spearow3,Spearow,,00:42:26.43,00:42:30.78,02:41:01.42,40,5,0,42,30,78,DRILL PECK,SWIFT,AGILITY,DOUBLE-EDGE,11,20,30,14,0,0,0,0,80,103,79,51,52,52,83,8852,21366,9948,12224,12224,11172,15,15,15,15,0,0,0,0,0,0,0,88,57,52,52,83,581631,207225,330110,42033,2263,15,2,0,5770,5770,0,0,393,108,89,19,8,0,15422,8833,1162,1135,401,42,188,0,0,0,0,0,26,0,11,0,0,1,0,0,0,0,0,0,0,0,0,0,0,0,3,2,0,0,0,0,0,0,0,0,0,0,13,198,64631,0,0,0,0,27,48,16,3,2,10,12,3,17,Flareon
1-08,15:28:53,NINTEN,Spearow,Channeler,18,Pokemon Tower - 5F,1,42:40.65,42:40,0h42m40s,5,12,17,40,2:41,4.393,DRILL PECK,SWIFT,AGILITY,DOUBLE-EDGE,15,5789,397,90,19,435,421,225,13,20107,Flareon, ,Normal,Flying,65350,Spearow3,Spearow,,00:42:36.27,00:42:40.65,02:41:40.40,40,5,0,42,40,65,DRILL PECK,SWIFT,AGILITY,DOUBLE-EDGE,19,20,30,15,0,0,0,0,103,103,79,51,52,52,83,8897,21416,9993,12339,12339,11267,15,15,15,15,0,0,0,0,0,0,0,88,57,52,52,83,583969,208127,331546,42033,2263,15,2,0,5789,5789,0,0,397,109,90,19,8,0,15556,8888,1162,1135,402,42,188,0,0,0,0,0,26,0,11,0,0,1,0,0,0,0,0,0,0,0,0,0,0,0,3,2,0,0,0,0,0,0,0,0,0,0,13,199,65225,0,0,0,0,27,48,16,3,2,10,12,3,17,Flareon
1-08,15:29:01,NINTEN,Spearow,Channeler,21,Pokemon Tower - 6F,1,42:49.45,42:49,0h42m49s,5,12,17,40,2:42,4.3,DRILL PECK,SWIFT,AGILITY,DOUBLE-EDGE,15,5811,399,91,19,436,422,225,13,20767,Flareon, ,Normal,Flying,65837,Spearow3,Spearow,,00:42:45.15,00:42:49.45,02:42:15.17,40,5,0,42,49,45,DRILL PECK,SWIFT,AGILITY,DOUBLE-EDGE,18,20,30,15,0,0,0,0,103,103,79,51,52,52,83,8927,21451,10023,12439,12439,11347,15,15,15,15,0,0,0,0,0,0,0,88,57,52,52,83,586046,208790,332960,42033,2263,15,2,0,5811,5811,0,0,399,110,91,19,8,0,15711,8940,1162,1135,403,42,188,0,0,0,0,0,26,0,11,0,0,1,0,0,0,0,0,0,0,0,0,0,0,0,3,2,0,0,0,0,0,0,0,0,0,0,13,200,65712,0,0,0,0,27,48,16,3,2,10,12,3,17,Flareon
1-08,15:29:08,NINTEN,Spearow,Channeler,20,Pokemon Tower - 6F,1,42:56.38,42:56,0h42m56s,5,12,17,40,2:42,4.304,DRILL PECK,SWIFT,AGILITY,DOUBLE-EDGE,15,5820,401,92,19,437,423,225,13,21487,Flareon, ,Normal,Flying,66324,Spearow3,Spearow,,00:42:52.08,00:42:56.38,02:42:42.34,40,5,0,42,56,38,DRILL PECK,SWIFT,AGILITY,DOUBLE-EDGE,17,20,30,15,0,0,0,0,103,103,79,51,52,52,83,8957,21486,10053,12539,12539,11427,15,15,15,15,0,0,0,0,0,0,0,88,57,52,52,83,587683,209011,334376,42033,2263,15,2,0,5820,5820,0,0,401,111,92,19,8,0,15861,8992,1162,1135,404,42,188,0,0,0,0,0,26,0,11,0,0,1,0,0,0,0,0,0,0,0,0,0,0,0,3,2,0,0,0,0,0,0,0,0,0,0,13,201,66199,0,0,0,0,27,48,16,3,2,10,12,3,17,Flareon
1-08,15:29:33,NINTEN,Spearow,Rocket,44,Pokemon Tower - 7F,3,43:21.10,43:21,0h43m21s,5,12,17,40,2:44,11.552,DRILL PECK,SWIFT,AGILITY,DOUBLE-EDGE,15,5847,410,93,20,441,427,226,13,22207,Flareon,Poisoned,Normal,Flying,68573,Spearow3,Spearow,,00:43:09.55,00:43:21.10,02:44:20.07,40,5,0,43,21,10,DRILL PECK,SWIFT,AGILITY,DOUBLE-EDGE,13,20,30,15,0,0,0,0,82,103,79,51,52,52,83,9122,21706,10277,12729,12729,11657,15,15,15,15,0,0,0,0,0,0,0,88,57,52,52,83,593536,210658,338582,42033,2263,15,2,0,5847,5847,0,0,410,113,93,20,8,0,16150,9203,1183,1156,408,42,189,0,0,0,0,0,26,0,11,0,0,1,0,0,0,0,0,0,0,1,0,0,0,0,3,2,0,0,0,0,0,0,0,0,0,0,13,204,68448,0,0,0,0,28,48,16,3,2,10,12,3,17,Flareon
1-08,15:30:53,NINTEN,Spearow,Biker,5,Route 16,2,44:40.80,44:40,0h44m40s,5,12,17,41,2:49,8.17,DRILL PECK,SWIFT,AGILITY,DOUBLE-EDGE,15,6072,438,94,21,443,429,226,14,2617,Flareon, ,Normal,Flying,69839,Spearow3,Spearow,,00:44:32.63,00:44:40.80,02:49:34.25,41,5,0,44,40,80,DRILL PECK,SWIFT,AGILITY,DOUBLE-EDGE,19,20,30,14,0,0,0,0,89,105,81,52,55,55,85,9242,21851,10422,15389,15389,11717,15,15,15,15,0,0,0,0,0,0,0,91,58,55,55,85,612394,223379,341791,44961,2263,15,2,0,6072,6071,1,0,438,115,94,21,9,0,16425,9359,1199,1172,410,42,189,0,0,0,0,0,28,0,11,0,0,1,0,0,0,0,0,0,0,1,0,0,0,0,3,2,0,0,0,0,0,0,0,0,0,0,13,206,69714,0,0,0,0,28,74,17,3,2,10,12,3,17,Flareon
1-08,15:31:07,NINTEN,Spearow,Cue Ball,1,Route 16,3,44:55.31,44:55,0h44m55s,5,12,17,41,2:50,9.404,DRILL PECK,SWIFT,AGILITY,DOUBLE-EDGE,15,6076,439,95,21,446,432,226,14,3197,Flareon, ,Normal,Flying,71339,Spearow3,Spearow,,00:44:45.91,00:44:55.31,02:50:31.33,41,5,0,44,55,31,DRILL PECK,SWIFT,AGILITY,DOUBLE-EDGE,16,20,30,14,0,0,0,0,89,105,81,52,55,55,85,9422,22091,10557,15494,15494,11857,15,15,15,15,0,0,0,0,0,0,0,91,58,55,55,85,615822,223560,345038,44961,2263,15,2,0,6076,6071,5,0,439,116,95,21,9,0,17086,9585,1199,1172,413,42,189,0,0,0,0,0,28,0,11,0,0,1,0,0,0,0,0,0,0,1,0,0,0,0,3,2,0,0,0,0,0,0,0,0,0,0,13,209,71214,0,0,0,0,28,74,17,3,2,10,12,3,17,Flareon
1-08,15:31:17,NINTEN,Spearow,Cue Ball,2,Route 16,2,45:05.38,45:05,0h45m5s,5,12,17,41,2:51,7.382,DRILL PECK,SWIFT,AGILITY,DOUBLE-EDGE,15,6078,443,96,21,448,434,226,14,3897,Flareon, ,Normal,Flying,72344,Spearow3,Spearow,,00:44:58.00,00:45:05.38,02:51:11.08,41,5,0,45,5,38,DRILL PECK,SWIFT,AGILITY,DOUBLE-EDGE,14,20,30,14,0,0,0,0,89,105,81,52,55,55,85,9532,22251,10642,15564,15564,11962,15,15,15,15,0,0,0,0,0,0,0,91,58,55,55,85,618197,223701,347272,44961,2263,15,2,0,6078,6071,7,0,443,117,96,21,9,0,17556,9735,1199,1172,415,42,189,0,0,0,0,0,28,0,11,0,0,1,0,0,0,0,0,0,0,1,0,0,0,0,3,2,0,0,0,0,0,0,0,0,0,0,13,211,72219,0,0,0,0,28,74,17,3,2,10,12,3,17,Flareon
1-08,15:31:27,NINTEN,Spearow,Biker,6,Route 16,1,45:14.75,45:14,0h45m14s,5,12,17,41,2:51,6.735,DRILL PECK,SWIFT,AGILITY,DOUBLE-EDGE,15,6081,443,97,21,450,436,227,14,4622,Flareon, ,Normal,Flying,73566,Spearow3,Spearow,,00:45:08.02,00:45:14.75,02:51:48.01,41,5,0,45,14,75,DRILL PECK,SWIFT,AGILITY,DOUBLE-EDGE,14,20,30,12,0,0,0,0,55,105,81,52,55,55,85,9597,22341,10762,15649,15649,12022,15,15,15,15,0,0,0,0,0,0,0,91,58,55,55,85,620410,223828,349358,44961,2263,15,2,0,6081,6071,10,0,443,118,97,21,9,0,17688,9826,1233,1206,417,42,190,0,0,0,0,0,29,0,11,0,0,1,0,0,0,0,0,0,0,1,0,0,0,0,3,2,0,0,0,0,0,0,0,0,0,0,13,212,73441,0,0,0,0,28,74,17,3,2,10,12,3,17,Flareon
1-08,15:31:35,NINTEN,Spearow,Cue Ball,3,Route 16,1,45:22.91,45:22,0h45m22s,5,12,17,42,2:52,5.184,DRILL PECK,SWIFT,AGILITY,DOUBLE-EDGE,15,6084,446,98,21,451,437,227,14,5282,Flareon, ,Normal,Flying,74187,Spearow3,Spearow,,00:45:17.73,00:45:22.91,02:52:20.11,42,5,0,45,22,91,DRILL PECK,SWIFT,AGILITY,DOUBLE-EDGE,13,20,30,12,0,0,0,0,58,108,83,53,56,56,87,9667,22421,10812,15684,15684,12057,15,15,15,15,0,0,0,0,0,0,0,93,59,56,56,87,622340,224057,351059,44961,2263,15,2,0,6084,6071,13,0,446,119,98,21,9,0,17988,9920,1233,1206,418,42,190,0,0,0,0,0,30,0,11,0,0,1,0,0,0,0,0,0,0,1,0,0,0,0,3,2,0,0,0,0,0,0,0,0,0,0,13,213,74062,0,0,0,0,28,74,17,3,2,10,12,3,17,Flareon
1-08,15:31:51,NINTEN,Spearow,Biker,7,Route 16,4,45:39.53,45:39,0h45m39s,5,12,17,42,2:53,11.536,DRILL PECK,SWIFT,AGILITY,DOUBLE-EDGE,15,6090,446,99,21,455,441,227,14,6107,Flareon, ,Normal,Flying,76191,Spearow3,Spearow,,00:45:27.98,00:45:39.53,02:53:25.29,42,5,0,45,39,53,DRILL PECK,SWIFT,AGILITY,DOUBLE-EDGE,9,20,30,12,0,0,0,0,58,108,83,53,56,56,87,9987,22741,11012,15844,15844,12157,15,15,15,15,0,0,0,0,0,0,0,93,59,56,56,87,626258,224351,354683,44961,2263,15,2,0,6090,6071,19,0,446,120,99,21,9,0,18406,10244,1233,1206,422,42,190,0,0,0,0,0,30,0,11,0,0,1,0,0,0,0,0,0,0,1,0,0,0,0,3,2,0,0,0,0,0,0,0,0,0,0,13,217,76066,0,0,0,0,28,74,17,3,2,10,12,3,17,Flareon
1-08,15:32:12,NINTEN,Spearow,Biker,8,Route 17,3,45:59.88,45:59,0h45m59s,5,12,17,42,2:54,11.505,DRILL PECK,SWIFT,AGILITY,DOUBLE-EDGE,15,6111,446,100,21,459,445,228,14,6627,Flareon, ,Normal,Flying,78951,Spearow3,Spearow,,00:45:48.38,00:45:59.88,02:54:45.44,42,5,0,45,59,88,DRILL PECK,SWIFT,AGILITY,DOUBLE-EDGE,5,20,30,12,0,0,0,0,95,108,83,53,56,56,87,10157,22986,11347,16074,16074,12312,15,15,15,15,0,0,0,0,0,0,0,93,59,56,56,87,631073,224831,357944,46035,2263,15,2,0,6111,6071,40,0,446,121,100,21,9,0,18712,10464,1246,1219,426,42,191,0,0,0,0,0,32,0,12,0,0,1,0,0,0,0,0,0,0,1,0,0,0,0,3,2,0,0,0,0,0,0,0,0,0,0,13,220,78826,0,0,0,0,28,74,17,3,2,10,12,3,17,Flareon
1-08,15:32:23,NINTEN,Spearow,Cue Ball,5,Route 17,2,46:10.73,46:10,0h46m10s,5,12,17,43,2:55,7.836,DRILL PECK,SWIFT,AGILITY,DOUBLE-EDGE,15,6118,450,101,21,461,447,228,14,7187,Flareon, ,Normal,Flying,80403,Spearow3,Spearow,,00:46:02.89,00:46:10.73,02:55:28.28,43,5,0,46,10,73,DRILL PECK,SWIFT,AGILITY,DOUBLE-EDGE,3,20,30,12,0,0,0,0,98,111,85,55,58,58,90,10307,23166,11467,16159,16159,12392,15,15,15,15,0,0,0,0,0,0,0,95,61,58,58,90,633638,225060,360280,46035,2263,15,2,0,6118,6071,47,0,450,122,101,21,9,0,19059,10638,1246,1219,428,42,191,0,0,0,0,0,32,0,12,0,0,1,0,0,0,0,0,0,0,1,0,0,0,0,3,2,0,0,0,0,0,0,0,0,0,0,13,222,80278,0,0,0,0,28,74,17,3,2,10,12,3,17,Flareon
1-08,15:32:38,NINTEN,Spearow,Cue Ball,4,Route 17,2,46:25.66,46:25,0h46m25s,5,12,17,43,2:56,7.129,DRILL PECK,SWIFT,AGILITY,DOUBLE-EDGE,15,6128,463,102,21,463,449,228,14,7912,Flareon, ,Normal,Flying,81787,Spearow3,Spearow,,00:46:18.53,00:46:25.66,02:56:27.20,43,5,0,46,25,66,DRILL PECK,SWIFT,AGILITY,DOUBLE-EDGE,1,20,30,12,0,0,0,0,98,111,85,55,58,58,90,10412,23351,11562,16254,16254,12557,15,15,15,15,0,0,0,0,0,0,0,95,61,58,58,90,637169,226017,362854,46035,2263,15,2,0,6128,6071,57,0,463,123,102,21,9,0,19553,10785,1246,1219,430,42,191,0,0,0,0,0,32,0,12,0,0,1,0,0,0,0,0,0,0,1,0,0,0,0,3,2,0,0,0,0,0,0,0,0,0,0,13,224,81662,0,0,0,0,29,74,17,3,2,10,12,3,17,Flareon
1-08,15:32:53,NINTEN,Spearow,Biker,10,Route 17,2,46:41.54,46:41,0h46m41s,5,12,17,43,2:57,6.593,DRILL PECK,SWIFT,AGILITY,DOUBLE-EDGE,15,6197,469,103,21,465,451,228,14,8637,Flareon, ,Normal,Flying,83065,Spearow3,Spearow,,00:46:34.94,00:46:41.54,02:57:30.06,43,5,0,46,41,54,DRILL PECK,SWIFT,AGILITY,DOUBLE-EDGE,1,18,30,12,0,0,0,0,98,111,85,55,58,58,90,10492,23411,11662,16364,16364,12757,15,15,15,15,0,0,0,0,0,0,0,95,61,58,58,90,640935,227739,364898,46035,2263,15,2,0,6197,6071,126,0,469,124,103,21,9,0,19708,10917,1246,1219,430,42,191,0,0,0,0,0,32,0,12,0,0,1,0,0,0,0,0,0,0,1,0,0,0,0,3,2,0,0,0,0,0,0,0,0,0,0,13,226,82940,0,0,0,0,29,74,17,3,2,10,12,3,17,Flareon
1-08,15:33:01,NINTEN,Spearow,Cue Ball,6,Route 17,1,46:49.51,46:49,0h46m49s,5,12,17,43,2:58,4.35,DRILL PECK,SWIFT,AGILITY,DOUBLE-EDGE,15,6222,469,104,21,466,452,228,14,9217,Flareon, ,Normal,Flying,84097,Spearow3,Spearow,,00:46:45.16,00:46:49.51,02:58:01.30,43,5,0,46,49,51,DRILL PECK,SWIFT,AGILITY,DOUBLE-EDGE,0,18,30,12,0,0,0,0,98,111,85,55,58,58,90,10572,23511,11732,16414,16414,12802,15,15,15,15,0,0,0,0,0,0,0,95,61,58,58,90,642819,228109,366412,46035,2263,15,2,0,6222,6071,151,0,469,125,104,21,9,0,19861,11018,1246,1219,431,42,191,0,0,0,0,0,32,0,12,0,0,1,0,0,0,0,0,0,0,1,0,0,0,0,3,2,0,0,0,0,0,0,0,0,0,0,13,227,83972,0,0,0,0,29,74,17,3,2,10,12,3,17,Flareon
1-08,15:33:27,NINTEN,Spearow,Cue Ball,8,Route 17,2,47:15.53,47:15,0h47m15s,5,12,17,44,2:59,7.939,DRILL PECK,SWIFT,AGILITY,DOUBLE-EDGE,15,6289,471,105,21,468,454,228,13,10042,Flareon, ,Normal,Flying,85928,Spearow3,Spearow,,00:47:07.58,00:47:15.53,02:59:43.54,44,5,0,47,15,53,DRILL PECK,SWIFT,AGILITY,DOUBLE-EDGE,10,18,30,12,3,0,0,0,113,113,87,56,59,59,92,10717,23716,11862,16524,16524,12942,15,15,15,15,0,0,0,0,0,0,0,97,63,59,59,92,648964,229467,368788,48446,2263,15,2,0,6289,6071,218,0,471,126,105,21,9,0,20191,11189,1246,1219,433,42,191,0,0,0,0,0,32,0,12,0,0,1,0,0,0,0,0,0,0,1,0,0,0,0,3,2,0,0,0,0,0,0,0,0,0,0,13,229,85803,0,0,0,0,30,74,17,3,2,10,12,3,17,Flareon
1-08,15:33:51,NINTEN,Spearow,Biker,12,Route 17,5,47:38.56,47:38,0h47m38s,5,12,17,44,3:01,16.988,DRILL PECK,SWIFT,AGILITY,DOUBLE-EDGE,15,6315,476,106,21,473,459,228,13,10767,Flareon, ,Normal,Flying,89608,Spearow3,Spearow,,00:47:21.58,00:47:38.56,03:01:14.45,44,5,0,47,38,56,DRILL PECK,SWIFT,AGILITY,DOUBLE-EDGE,10,18,30,7,3,0,0,0,37,113,87,56,59,59,92,10967,24091,12387,16874,16874,13167,15,15,15,15,0,0,0,0,0,0,0,97,63,59,59,92,654414,229999,373706,48446,2263,15,2,0,6315,6071,244,0,476,127,106,21,9,0,20671,11508,1322,1295,438,42,191,0,0,0,0,0,33,0,12,0,0,1,0,0,0,0,0,0,0,1,0,0,0,0,3,2,0,0,0,0,0,0,0,0,0,0,13,234,89483,0,0,0,0,30,74,17,3,2,10,12,3,17,Flareon
1-08,15:35:27,NINTEN,Spearow,Rocket,39,Silph Co - 10F,1,49:15.16,49:15,0h49m15s,5,12,17,44,3:07,4.385,DRILL PECK,SWIFT,AGILITY,DOUBLE-EDGE,15,6959,514,107,21,474,460,228,16,10767,Flareon, ,Normal,Flying,90640,Spearow3,Spearow,,00:49:10.77,00:49:15.16,03:07:36.10,44,5,0,49,15,16,DRILL PECK,SWIFT,AGILITY,DOUBLE-EDGE,31,20,30,15,3,0,0,0,113,113,89,56,59,59,93,11047,26751,12457,16924,16924,15772,15,15,15,15,0,0,0,0,0,0,0,100,63,59,59,93,677299,245756,375232,54048,2263,15,2,0,6959,6332,627,0,514,128,107,21,9,0,20829,11609,1322,1295,439,42,191,0,0,0,0,0,33,0,12,0,0,1,0,0,0,0,0,0,0,1,0,0,0,0,3,2,0,0,0,0,0,0,0,0,0,0,13,235,90515,0,0,0,0,35,74,17,3,2,11,12,3,17,Flareon
1-08,15:35:48,NINTEN,Spearow,Rocket,35,Silph Co - 8F,4,49:36.47,49:36,0h49m36s,5,12,17,45,3:09,12.525,DRILL PECK,SWIFT,AGILITY,DOUBLE-EDGE,15,7013,527,108,21,478,464,228,17,11757,Flareon, ,Normal,Flying,92853,Spearow3,Spearow,,00:49:23.94,00:49:36.47,03:09:00.06,45,5,0,49,36,47,DRILL PECK,SWIFT,AGILITY,DOUBLE-EDGE,27,20,30,15,3,0,0,0,116,116,90,58,60,60,95,11247,27013,12657,17114,17114,16086,15,15,15,15,0,0,0,0,0,0,0,101,65,60,60,95,682335,247428,378596,54048,2263,15,2,0,7013,6386,627,0,527,129,108,21,9,0,21525,11871,1322,1295,443,42,191,0,0,0,0,0,35,0,12,0,0,1,0,0,0,0,0,0,0,1,0,0,0,0,3,2,0,0,0,0,0,0,0,0,0,0,13,239,92728,0,0,0,0,37,74,17,3,2,11,12,3,17,Flareon
1-08,15:36:02,NINTEN,Spearow,Rocket,33,Silph Co - 7F,2,49:49.69,49:49,0h49m49s,5,12,17,45,3:09,7.775,DRILL PECK,SWIFT,AGILITY,DOUBLE-EDGE,15,7024,529,109,21,481,467,229,17,12537,Flareon, ,Normal,Flying,93933,Spearow3,Spearow,,00:49:41.92,00:49:49.69,03:09:52.04,45,5,0,49,49,69,DRILL PECK,SWIFT,AGILITY,DOUBLE-EDGE,24,20,30,15,3,0,0,0,116,116,90,58,60,60,95,11347,27113,12847,17194,17194,16156,15,15,15,15,0,0,0,0,0,0,0,101,65,60,60,95,685453,247889,381253,54048,2263,15,2,0,7024,6397,627,0,529,130,109,21,9,0,21742,12015,1322,1295,446,42,191,0,0,0,0,0,35,0,12,0,0,1,0,0,0,0,0,0,0,1,0,0,0,0,3,2,0,0,0,0,0,0,0,0,0,0,13,241,93808,0,0,0,0,37,74,17,3,2,11,12,3,17,Flareon
1-08,15:36:17,NINTEN,Spearow,Rocket,32,Silph Co - 7F,4,50:04.64,50:04,0h50m4s,5,12,17,45,3:10,11.972,DRILL PECK,SWIFT,AGILITY,DOUBLE-EDGE,15,7034,531,110,21,485,471,229,17,13407,Flareon, ,Normal,Flying,96983,Spearow3,Spearow,,00:49:52.66,00:50:04.64,03:10:50.51,45,5,0,50,4,64,DRILL PECK,SWIFT,AGILITY,DOUBLE-EDGE,20,20,30,15,3,0,0,0,116,116,90,58,60,60,95,11577,27424,13141,17444,17444,16458,15,15,15,15,0,0,0,0,0,0,0,101,65,60,60,95,688980,248185,384484,54048,2263,15,2,0,7034,6407,627,0,531,131,110,21,9,0,22201,12293,1322,1295,450,42,191,0,0,0,0,0,36,0,12,0,0,1,0,0,0,0,0,0,0,1,0,0,0,0,3,2,0,0,0,0,0,0,0,0,0,0,13,245,96858,0,0,0,0,37,74,17,3,2,11,12,3,17,Flareon
1-08,15:36:41,NINTEN,Spearow,Scientist,8,Silph Co - 7F,2,50:28.86,50:28,0h50m28s,5,12,17,46,3:12,10.212,DRILL PECK,SWIFT,AGILITY,DOUBLE-EDGE,16,7075,539,111,21,488,474,230,16,14187,Flareon, ,Normal,Flying,98889,Spearow3,Spearow,,00:50:18.64,00:50:28.86,03:12:26.31,46,5,0,50,28,86,DRILL PECK,SWIFT,AGILITY,DOUBLE-EDGE,19,20,30,13,3,0,0,0,64,119,92,59,63,63,98,11742,27579,13286,20149,20149,19208,15,15,15,15,0,0,0,0,0,0,0,103,66,63,63,98,694720,249444,387299,55714,2263,16,2,0,7075,6448,627,0,539,132,111,21,9,0,22505,12475,1377,1350,453,42,192,0,0,0,0,0,36,0,12,0,0,1,0,0,0,0,0,0,0,1,0,0,0,0,3,2,0,0,0,0,0,0,0,0,0,0,13,247,98764,0,0,0,0,38,74,17,3,2,11,12,3,17,Flareon
1-08,15:36:56,NINTEN,Spearow,Rocket,30,Silph Co - 6F,2,50:44.07,50:44,0h50m44s,5,12,17,46,3:13,6.945,DRILL PECK,SWIFT,AGILITY,DOUBLE-EDGE,16,7120,541,112,21,490,476,230,16,15637,Flareon, ,Normal,Flying,100341,Spearow3,Spearow,,00:50:37.12,00:50:44.07,03:13:26.19,46,5,0,50,44,7,DRILL PECK,SWIFT,AGILITY,DOUBLE-EDGE,17,20,30,13,3,0,0,0,64,119,92,59,63,63,98,11892,27759,13406,20234,20234,19288,15,15,15,15,0,0,0,0,0,0,0,103,66,63,63,98,698308,250586,389745,55714,2263,16,2,0,7120,6493,627,0,541,133,112,21,9,0,22942,12649,1377,1350,455,42,192,0,0,0,0,0,36,0,12,0,0,1,0,0,0,0,0,0,0,1,0,0,0,0,3,2,0,0,0,0,0,0,0,0,0,0,13,249,100216,0,0,0,0,38,74,17,3,2,11,12,3,17,Flareon
1-08,15:37:17,NINTEN,Spearow,Scientist,7,Silph Co - 6F,5,51:05.52,51:05,0h51m5s,5,12,17,46,3:14,17.76,DRILL PECK,SWIFT,AGILITY,DOUBLE-EDGE,16,7133,543,113,21,496,482,231,16,16507,Flareon, ,Normal,Flying,103448,Spearow3,Spearow,,00:50:47.76,00:51:05.52,03:14:50.58,46,5,0,51,5,52,DRILL PECK,SWIFT,AGILITY,DOUBLE-EDGE,12,20,30,12,3,0,0,0,44,119,92,59,63,63,98,12087,28014,13811,20624,20624,19573,15,15,15,15,0,0,0,0,0,0,0,103,66,63,63,98,703387,251073,394337,55714,2263,16,2,0,7133,6506,627,0,543,134,113,21,9,0,23399,12941,1397,1370,461,42,193,0,0,0,0,0,36,0,12,0,0,1,0,0,0,0,0,0,0,1,0,0,0,0,3,2,0,0,0,0,0,0,0,0,0,0,13,254,103323,0,0,0,0,38,74,17,3,2,11,12,3,17,Flareon
1-08,15:37:32,NINTEN,Spearow,Rocket,28,Silph Co - 5F,1,51:20.31,51:20,0h51m20s,5,12,17,47,3:15,6.448,DRILL PECK,SWIFT,AGILITY,DOUBLE-EDGE,16,7178,546,114,21,498,484,232,16,17757,Flareon, ,Normal,Flying,104487,Spearow3,Spearow,,00:51:13.86,00:51:20.31,03:15:49.19,47,5,0,51,20,31,DRILL PECK,SWIFT,AGILITY,DOUBLE-EDGE,10,20,30,12,3,0,0,0,46,121,95,60,65,65,101,12147,28099,13880,20689,20689,19653,15,15,15,15,0,0,0,0,0,0,0,106,67,65,65,101,706888,252652,396259,55714,2263,16,2,0,7178,6551,627,0,546,135,114,21,9,0,23567,13028,1397,1370,463,42,193,0,0,0,0,0,36,0,12,0,0,1,0,0,0,0,0,0,0,1,0,0,0,0,3,2,0,0,0,0,0,0,0,0,0,0,13,255,104362,0,0,0,0,39,74,17,3,2,11,12,3,17,Flareon
1-08,15:37:58,NINTEN,Spearow,Scientist,10,Silph Co - 9F,3,51:46.27,51:46,0h51m46s,5,12,17,47,3:17,10.024,DRILL PECK,SWIFT,AGILITY,DOUBLE-EDGE,17,7212,551,115,21,501,487,232,17,18747,Flareon, ,Normal,Flying,106755,Spearow3,Spearow,,00:51:36.26,00:51:46.27,03:17:31.12,47,5,0,51,46,27,DRILL PECK,SWIFT,AGILITY,DOUBLE-EDGE,10,20,30,9,3,0,0,0,47,121,95,60,65,65,101,12277,28254,14120,20924,20924,19858,15,15,15,15,0,0,0,0,0,0,0,106,67,65,65,101,713001,254402,399514,56822,2263,17,2,0,7212,6585,627,0,551,136,115,21,9,0,23927,13226,1446,1419,466,42,193,0,0,0,0,0,36,0,12,0,0,1,0,0,0,0,0,0,0,1,0,0,0,0,3,2,0,0,0,0,0,0,0,0,0,0,13,258,106630,0,0,0,0,40,74,17,3,2,11,12,3,17,Flareon
1-08,15:38:19,NINTEN,Spearow,Rocket,38,Silph Co - 9F,3,52:07.07,52:07,0h52m7s,5,12,17,47,3:18,10.149,DRILL PECK,SWIFT,AGILITY,DOUBLE-EDGE,17,7253,562,116,21,504,490,232,17,20147,Flareon, ,Normal,Flying,109383,Spearow3,Spearow,,00:51:56.92,00:52:07.07,03:18:52.55,47,5,0,52,7,7,DRILL PECK,SWIFT,AGILITY,DOUBLE-EDGE,10,20,30,6,3,0,0,0,59,121,95,60,65,65,101,12497,28455,14305,21204,21204,20057,15,15,15,15,0,0,0,0,0,0,0,106,67,65,65,101,717904,255642,402409,57590,2263,17,2,0,7253,6626,627,0,562,137,116,21,9,0,24356,13476,1508,1481,469,42,193,0,0,0,0,0,36,0,12,0,0,1,0,0,0,0,0,0,0,1,0,0,0,0,3,2,0,0,0,0,0,0,0,0,0,0,13,261,109258,0,0,0,0,40,74,17,3,2,11,12,3,17,Flareon
1-08,15:38:35,NINTEN,Spearow,Rocket,37,Silph Co - 9F,3,52:23.24,52:23,0h52m23s,5,12,17,48,3:19,10.19,DRILL PECK,SWIFT,AGILITY,DOUBLE-EDGE,17,7272,563,117,21,507,493,232,17,20987,Flareon, ,Normal,Flying,111063,Spearow3,Spearow,,00:52:13.06,00:52:23.24,03:19:56.27,48,5,0,52,23,24,DRILL PECK,SWIFT,AGILITY,DOUBLE-EDGE,7,20,30,6,3,0,0,0,62,124,97,62,66,66,103,12707,28663,14450,21369,21369,20159,15,15,15,15,0,0,0,0,0,0,0,109,69,66,66,103,721716,256548,405315,57590,2263,17,2,0,7272,6645,627,0,563,138,117,21,9,0,24888,13720,1508,1481,472,42,193,0,0,0,0,0,36,0,12,0,0,1,0,0,0,0,0,0,0,1,0,0,0,0,3,2,0,0,0,0,0,0,0,0,0,0,13,264,110938,0,0,0,0,40,74,17,3,2,11,12,3,17,Flareon
1-08,15:38:57,NINTEN,Spearow,Scientist,4,Silph Co - 3F,2,52:45.49,52:45,0h52m45s,5,12,17,48,3:21,10.178,DRILL PECK,SWIFT,AGILITY,DOUBLE-EDGE,17,7328,571,118,21,510,496,233,18,21827,Flareon,Poisoned,Normal,Flying,113068,Spearow3,Spearow,,00:52:35.30,00:52:45.49,03:21:24.09,48,5,0,52,45,49,DRILL PECK,SWIFT,AGILITY,DOUBLE-EDGE,31,20,30,13,3,0,0,0,78,124,97,62,66,66,103,12832,28803,14640,21534,21534,20359,15,15,15,15,0,0,0,0,0,0,0,109,69,66,66,103,726978,258602,408523,57590,2263,17,2,0,7328,6701,627,0,571,139,118,21,9,0,25161,13879,1554,1527,475,42,194,0,0,0,0,0,36,0,12,0,0,1,0,0,0,0,0,0,0,2,0,0,0,0,3,2,0,0,0,0,0,0,0,0,0,0,13,266,112943,0,0,0,0,41,74,17,3,2,11,12,3,17,Flareon
1-08,15:39:20,NINTEN,Spearow,Rocket,25,Silph Co - 3F,3,53:07.85,53:07,0h53m7s,5,12,17,48,3:22,10.195,DRILL PECK,SWIFT,AGILITY,DOUBLE-EDGE,18,7355,579,119,21,513,499,234,19,23277,Flareon, ,Normal,Flying,115450,Spearow3,Spearow,,00:52:57.65,00:53:07.85,03:22:52.21,48,5,0,53,7,85,DRILL PECK,SWIFT,AGILITY,DOUBLE-EDGE,28,20,30,13,3,0,0,0,65,124,97,62,66,66,103,13027,29038,14830,21749,21749,20620,15,15,15,15,0,0,0,0,0,0,0,109,69,66,66,103,732270,259697,411344,58966,2263,18,2,0,7355,6728,627,0,579,140,119,21,9,0,25565,14115,1567,1540,478,42,195,0,0,0,0,0,37,0,12,0,0,1,0,0,0,0,0,0,0,2,0,0,0,0,3,2,0,0,0,0,0,0,0,0,0,0,13,269,115325,0,0,0,0,42,74,17,3,2,11,12,3,17,Flareon
1-08,15:39:34,NINTEN,Spearow,Rocket,27,Silph Co - 4F,3,53:22.20,53:22,0h53m22s,5,12,17,48,3:23,9.241,DRILL PECK,SWIFT,AGILITY,DOUBLE-EDGE,18,7377,580,120,21,516,502,234,19,24117,Flareon, ,Normal,Flying,116668,Spearow3,Spearow,,00:53:12.97,00:53:22.20,03:23:48.50,48,5,0,53,22,20,DRILL PECK,SWIFT,AGILITY,DOUBLE-EDGE,25,20,30,13,3,0,0,0,65,124,97,62,66,66,103,13152,29193,15004,21869,21869,20765,15,15,15,15,0,0,0,0,0,0,0,109,69,66,66,103,735659,260512,413918,58966,2263,18,2,0,7377,6750,627,0,580,141,120,21,9,0,26071,14311,1567,1540,481,42,195,0,0,0,0,0,38,0,12,0,0,1,0,0,0,0,0,0,0,2,0,0,0,0,3,2,0,0,0,0,0,0,0,0,0,0,13,272,116543,0,0,0,0,42,74,17,3,2,11,12,3,17,Flareon
1-08,15:39:48,NINTEN,Spearow,Rocket,26,Silph Co - 4F,2,53:35.64,53:35,0h53m35s,5,12,17,49,3:24,8.534,DRILL PECK,SWIFT,AGILITY,DOUBLE-EDGE,18,7409,580,121,21,518,504,234,19,24957,Flareon, ,Normal,Flying,117847,Spearow3,Spearow,,00:53:27.10,00:53:35.64,03:24:41.44,49,5,0,53,35,64,DRILL PECK,SWIFT,AGILITY,DOUBLE-EDGE,23,20,30,13,3,0,0,0,68,127,99,63,68,68,105,13282,29321,15099,21994,21994,20842,15,15,15,15,0,0,0,0,0,0,0,111,70,68,68,105,738833,261275,416329,58966,2263,18,2,0,7409,6782,627,0,580,142,121,21,9,0,26587,14473,1567,1540,483,42,195,0,0,0,0,0,39,0,12,0,0,1,0,0,0,0,0,0,0,2,0,0,0,0,3,2,0,0,0,0,0,0,0,0,0,0,13,274,117722,0,0,0,0,42,74,17,3,2,11,12,3,17,Flareon
1-08,15:40:22,NINTEN,Spearow,Juggler,3,Fuchsia City - Gym,4,54:10.30,54:10,0h54m10s,5,12,17,49,3:26,12.396,DRILL PECK,SWIFT,AGILITY,DOUBLE-EDGE,18,7469,583,122,21,522,508,234,19,25827,Flareon, ,Normal,Flying,120838,Spearow3,Spearow,,00:53:57.90,00:54:10.30,03:26:57.59,49,5,0,54,10,30,DRILL PECK,SWIFT,AGILITY,DOUBLE-EDGE,28,20,30,15,3,0,0,0,127,127,99,63,68,68,105,13502,29500,15264,22384,22384,21073,15,15,15,15,0,0,0,0,0,0,0,111,70,68,68,105,747008,264344,420147,60254,2263,18,2,0,7469,6842,627,0,583,143,122,21,9,0,27179,14792,1567,1540,487,42,195,0,0,0,0,0,39,0,12,0,0,1,0,0,0,0,0,0,0,2,0,0,0,0,3,2,0,0,0,0,0,0,0,0,0,0,13,278,120713,0,0,0,0,42,74,17,3,2,11,12,3,17,Flareon
1-08,15:40:37,NINTEN,Spearow,Tamer,2,Fuchsia City - Gym,3,54:25.47,54:25,0h54m25s,5,12,17,49,3:27,11.559,DRILL PECK,SWIFT,AGILITY,DOUBLE-EDGE,18,7476,591,123,21,526,512,235,19,26912,Flareon, ,Normal,Flying,124068,Spearow3,Spearow,,00:54:13.92,00:54:25.47,03:27:57.52,49,5,0,54,25,47,DRILL PECK,SWIFT,AGILITY,DOUBLE-EDGE,26,20,30,13,3,0,0,0,99,127,99,63,68,68,105,13697,29770,15512,22569,22569,21298,15,15,15,15,0,0,0,0,0,0,0,111,70,68,68,105,750601,264705,423379,60254,2263,18,2,0,7476,6849,627,0,591,144,123,21,9,0,27529,15063,1595,1568,491,42,196,0,0,0,0,0,39,0,12,0,0,1,0,0,0,0,0,0,0,2,0,0,0,0,3,2,0,0,0,0,0,0,0,0,0,0,13,281,123943,0,0,0,0,42,74,17,3,2,11,12,3,17,Flareon
1-08,15:40:51,NINTEN,Spearow,Tamer,1,Fuchsia City - Gym,2,54:38.55,54:38,0h54m38s,5,12,17,50,3:28,8.398,DRILL PECK,SWIFT,AGILITY,DOUBLE-EDGE,18,7491,610,124,21,528,514,235,19,28232,Flareon, ,Normal,Flying,126325,Spearow3,Spearow,,00:54:30.15,00:54:38.55,03:28:49.31,50,5,0,54,38,55,DRILL PECK,SWIFT,AGILITY,DOUBLE-EDGE,25,20,30,12,3,0,0,0,76,129,101,65,69,69,108,13832,29955,15691,22689,22689,21443,15,15,15,15,0,0,0,0,0,0,0,113,73,69,69,108,753700,265340,425843,60254,2263,18,2,0,7491,6864,627,0,610,145,124,21,9,0,27747,15253,1620,1593,493,42,196,0,0,0,0,0,40,0,12,0,0,1,0,0,0,0,0,0,0,2,0,0,0,0,3,2,0,0,0,0,0,0,0,0,0,0,13,283,126200,0,0,0,0,42,74,17,3,2,11,12,3,17,Flareon
1-08,15:41:04,NINTEN,Spearow,Juggler,4,Fuchsia City - Gym,2,54:52.37,54:52,0h54m52s,5,12,17,50,3:29,7.539,DRILL PECK,SWIFT,AGILITY,DOUBLE-EDGE,18,7501,623,125,21,530,516,235,19,29592,Flareon, ,Normal,Flying,128268,Spearow3,Spearow,,00:54:44.84,00:54:52.37,03:29:43.57,50,5,0,54,52,37,DRILL PECK,SWIFT,AGILITY,DOUBLE-EDGE,24,20,30,11,3,0,0,0,50,129,101,65,69,69,108,13977,30076,15806,22894,22894,21552,15,15,15,15,0,0,0,0,0,0,0,113,73,69,69,108,756966,265917,428532,60254,2263,18,2,0,7501,6874,627,0,623,146,125,21,9,0,28100,15450,1646,1619,495,42,196,0,0,0,0,0,41,0,12,0,0,1,0,0,0,0,0,0,0,2,0,0,0,0,3,2,0,0,0,0,0,0,0,0,0,0,13,285,128143,0,0,0,0,42,74,17,3,2,11,12,3,17,Flareon
1-08,15:41:28,NINTEN,Spearow,Koga,1,Fuchsia City - Gym,4,55:15.85,55:15,0h55m15s,5,12,17,50,3:31,12.99,DRILL PECK,SWIFT,AGILITY,DOUBLE-EDGE,19,7506,630,126,21,534,520,235,19,30782,Flareon, ,Normal,Flying,131960,Spearow3,Spearow,Koga,00:55:02.85,00:55:15.85,03:31:16.24,50,5,0,55,15,85,DRILL PECK,SWIFT,AGILITY,DOUBLE-EDGE,20,20,30,11,3,0,0,0,129,129,101,65,69,69,108,14227,30306,16016,23104,23104,21777,15,15,15,15,0,0,0,0,0,0,0,113,73,69,69,108,762513,266650,432101,61499,2263,19,2,0,7506,6879,627,0,630,147,126,21,9,0,28868,15942,1646,1619,499,42,196,0,0,0,0,0,41,0,12,0,0,1,0,0,0,0,0,0,0,2,0,0,0,0,3,2,0,0,0,0,0,0,0,0,0,0,13,289,131835,0,0,0,0,42,74,17,3,2,11,12,3,17,Flareon
1-08,15:42:25,NINTEN,Spearow,Fisher,7,Route 21,4,56:12.62,56:12,0h56m12s,5,12,17,51,3:35,12.888,DRILL PECK,SWIFT,AGILITY,DOUBLE-EDGE,19,7664,654,127,21,538,524,235,19,35732,Flareon, ,Normal,Flying,135686,Spearow3,Spearow,,00:55:59.72,00:56:12.62,03:35:00.24,51,5,0,56,12,62,DRILL PECK,SWIFT,AGILITY,DOUBLE-EDGE,28,20,30,15,3,0,0,0,132,132,103,66,71,71,110,14512,30649,16271,23394,23394,22044,15,15,15,15,0,0,0,0,0,0,0,115,74,71,71,123,775953,272461,435720,65509,2263,19,2,0,7664,7008,627,29,654,148,127,21,9,0,29367,16270,1646,1619,503,42,196,0,0,0,0,0,41,0,12,0,0,1,0,0,0,0,0,0,0,2,0,0,0,0,3,2,0,0,0,0,0,0,0,0,0,0,13,293,135561,0,0,0,0,43,74,17,3,2,12,12,3,17,Flareon
1-08,15:43:10,NINTEN,Spearow,Scientist,4,Cinnabar Mansion,2,56:58.03,56:58,0h56m58s,5,12,17,51,3:37,7.377,DRILL PECK,SWIFT,AGILITY,DOUBLE-EDGE,19,7921,679,128,21,540,526,235,19,36712,Flareon, ,Normal,Flying,137691,Spearow3,Spearow,,00:56:50.65,00:56:58.03,03:37:59.47,51,5,0,56,58,3,DRILL PECK,SWIFT,AGILITY,DOUBLE-EDGE,28,20,30,13,3,0,0,0,93,132,103,68,72,72,110,14637,30789,19021,26119,26119,22244,15,15,15,15,0,0,0,0,0,0,0,115,76,72,72,123,786716,278777,438357,67319,2263,19,2,0,7921,7193,627,101,679,149,128,21,9,0,29659,16429,1685,1658,505,42,196,0,0,0,0,0,42,0,12,0,0,1,0,0,0,0,0,0,0,2,0,0,0,0,3,2,0,0,0,0,0,0,0,0,0,0,13,295,137566,0,0,0,0,45,74,17,3,2,12,12,3,17,Flareon
1-08,15:46:24,NINTEN,Spearow,Pokemaniac,1,Route 10,2,1:00:12.28,1:00:12,1h0m12s,9,12,21,51,3:44,9.079,DRILL PECK,SWIFT,AGILITY,DOUBLE-EDGE,21,8389,709,129,21,543,529,236,20,38162,Flareon, ,Normal,Flying,139374,Spearow3,Spearow,RTG2 - Pokemaniac 1,01:00:03.19,01:00:12.28,03:44:40.52,51,9,1,0,12,28,DRILL PECK,SWIFT,AGILITY,DOUBLE-EDGE,29,20,30,15,3,0,0,0,117,132,103,68,72,72,111,14807,30929,19191,26209,26209,24859,15,15,15,15,0,0,0,0,0,0,0,115,76,72,72,124,810792,294272,440982,72933,2605,21,4,0,8389,7634,627,128,709,150,129,21,9,0,29873,16619,1700,1673,508,42,197,0,0,0,0,0,43,0,12,0,0,1,0,0,0,0,0,0,0,2,0,0,0,0,3,2,0,0,0,0,0,0,0,0,0,0,13,297,139249,0,0,0,0,49,74,17,3,2,12,12,3,21,Flareon
1-08,15:47:59,NINTEN,Spearow,Beauty,8,Route 20,2,1:01:47.16,1:01:47,1h1m47s,11,12,23,52,3:49,7.626,DRILL PECK,SWIFT,AGILITY,DOUBLE-EDGE,22,8641,749,130,21,545,531,236,20,39662,Flareon, ,Normal,Flying,141013,Spearow3,Spearow,,01:01:39.53,01:01:47.16,03:49:26.33,52,11,1,1,47,16,DRILL PECK,SWIFT,AGILITY,DOUBLE-EDGE,30,20,30,15,3,0,0,0,134,134,105,69,73,73,113,14927,31071,19296,26329,26329,25017,15,15,15,15,0,0,0,0,0,0,0,118,77,73,73,127,827939,302778,443284,79011,2866,22,5,0,8641,7865,627,149,749,151,130,21,9,0,30139,16784,1700,1673,510,42,197,0,0,0,0,0,43,0,12,0,0,1,0,0,0,0,0,0,0,2,0,0,0,0,3,2,0,0,0,0,0,0,0,0,0,0,13,299,140888,0,0,0,0,53,74,17,3,2,12,12,3,23,Flareon
1-08,15:48:12,NINTEN,Spearow,Jr Trainer F,16,Route 20,2,1:01:59.94,1:01:59,1h1m59s,11,12,23,52,3:50,6.909,DRILL PECK,SWIFT,AGILITY,DOUBLE-EDGE,22,8658,749,131,21,547,533,236,20,41832,Flareon, ,Normal,Flying,142877,Spearow3,Spearow,,01:01:53.03,01:01:59.94,03:50:16.52,52,11,1,1,59,94,DRILL PECK,SWIFT,AGILITY,DOUBLE-EDGE,28,20,30,15,3,0,0,0,134,134,105,69,73,73,113,15052,31230,19421,26459,26459,25148,15,15,15,15,0,0,0,0,0,0,0,118,77,73,73,127,830958,303281,445800,79011,2866,22,5,0,8658,7865,627,166,749,152,131,21,9,0,30456,16952,1700,1673,512,42,197,0,0,0,0,0,44,0,12,0,0,1,0,0,0,0,0,0,0,2,0,0,0,0,3,2,0,0,0,0,0,0,0,0,0,0,13,301,142752,0,0,0,0,53,74,17,3,2,12,12,3,23,Flareon
1-08,15:48:27,NINTEN,Spearow,Beauty,7,Route 20,3,1:02:14.83,1:02:14,1h2m14s,11,12,23,52,3:51,11.675,DRILL PECK,SWIFT,AGILITY,DOUBLE-EDGE,22,8664,751,132,21,551,537,237,20,42452,Flareon, ,Normal,Flying,145426,Spearow3,Spearow,,01:02:03.14,01:02:14.83,03:51:15.30,52,11,1,2,14,83,DRILL PECK,SWIFT,AGILITY,DOUBLE-EDGE,24,20,30,15,3,0,0,0,87,134,105,69,73,73,113,15162,31455,19801,26634,26634,25298,15,15,15,15,0,0,0,0,0,0,0,118,77,73,73,127,834476,303532,449067,79011,2866,22,5,0,8664,7865,627,172,751,153,132,21,9,0,30730,17150,1747,1720,516,42,198,0,0,0,0,0,44,0,12,0,0,1,0,0,0,0,0,0,0,2,0,0,0,0,3,2,0,0,0,0,0,0,0,0,0,0,13,304,145301,0,0,0,0,53,74,17,3,2,12,12,3,23,Flareon
1-08,15:48:40,NINTEN,Spearow,Bird Keeper,11,Route 20,3,1:02:28.11,1:02:28,1h2m28s,11,12,23,52,3:52,9.61,DRILL PECK,SWIFT,AGILITY,DOUBLE-EDGE,22,8673,753,133,21,554,540,237,20,44552,Flareon, ,Normal,Flying,148234,Spearow3,Spearow,,01:02:18.51,01:02:28.11,03:52:07.53,52,11,1,2,28,11,DRILL PECK,SWIFT,AGILITY,DOUBLE-EDGE,21,20,30,15,3,0,0,0,87,134,105,69,73,73,113,15355,31695,19986,26806,26806,25569,15,15,15,15,0,0,0,0,0,0,0,118,77,73,73,127,837619,303903,451839,79011,2866,22,5,0,8673,7868,627,178,753,154,133,21,9,0,31240,17398,1747,1720,519,42,198,0,0,0,0,0,45,0,12,0,0,1,0,0,0,0,0,0,0,2,0,0,0,0,3,2,0,0,0,0,0,0,0,0,0,0,13,307,148109,0,0,0,0,53,74,17,3,2,12,12,3,23,Flareon
1-08,15:48:53,NINTEN,Spearow,Swimmer,10,Route 20,1,1:02:40.63,1:02:40,1h2m40s,11,12,23,53,3:52,5.189,DRILL PECK,SWIFT,AGILITY,DOUBLE-EDGE,22,8681,755,134,21,555,541,237,20,45302,Flareon, ,Normal,Flying,149029,Spearow3,Spearow,,01:02:35.44,01:02:40.63,03:52:57.13,53,11,1,2,40,63,DRILL PECK,SWIFT,AGILITY,DOUBLE-EDGE,20,20,30,15,3,0,0,0,90,137,107,71,75,75,116,15385,31740,20041,26876,26876,25654,15,15,15,15,0,0,0,0,0,0,0,120,79,75,75,130,840579,304248,453551,79914,2866,22,5,0,8681,7868,627,186,755,155,134,21,9,0,31430,17469,1747,1720,520,42,198,0,0,0,0,0,46,0,12,0,0,1,0,0,0,0,0,0,0,2,0,0,0,0,3,2,0,0,0,0,0,0,0,0,0,0,13,308,148904,0,0,0,0,53,74,17,3,2,12,12,3,23,Flareon
1-08,15:49:08,NINTEN,Spearow,Jr Trainer F,24,Route 20,3,1:02:56.14,1:02:56,1h2m56s,11,12,23,53,3:53,9.543,DRILL PECK,SWIFT,AGILITY,DOUBLE-EDGE,22,8705,757,135,21,558,544,237,20,45477,Flareon, ,Normal,Flying,150878,Spearow3,Spearow,,01:02:46.61,01:02:56.14,03:53:58.20,53,11,1,2,56,14,DRILL PECK,SWIFT,AGILITY,DOUBLE-EDGE,17,20,30,15,3,0,0,0,90,137,107,71,75,75,116,15520,31865,20201,27116,27116,25829,15,15,15,15,0,0,0,0,0,0,0,120,79,75,75,130,844246,304775,456691,79914,2866,22,5,0,8705,7868,627,210,757,156,135,21,9,0,32081,17682,1747,1720,523,42,198,0,0,0,0,0,47,0,12,0,0,1,0,0,0,0,0,0,0,2,0,0,0,0,3,2,0,0,0,0,0,0,0,0,0,0,13,311,150753,0,0,0,0,53,74,17,3,2,12,12,3,23,Flareon
1-08,15:49:27,NINTEN,Spearow,Swimmer,2,Route 19,2,1:03:14.94,1:03:14,1h3m14s,11,12,23,53,3:55,6.677,DRILL PECK,SWIFT,AGILITY,DOUBLE-EDGE,22,8726,762,136,21,560,546,237,20,46077,Flareon, ,Normal,Flying,152175,Spearow3,Spearow,,01:03:08.26,01:03:14.94,03:55:12.02,53,11,1,3,14,94,DRILL PECK,SWIFT,AGILITY,DOUBLE-EDGE,15,20,30,15,3,0,0,0,90,137,107,71,75,75,116,15590,31970,20336,27261,27261,25939,15,15,15,15,0,0,0,0,0,0,0,120,79,75,75,130,848668,306052,458764,80986,2866,22,5,0,8726,7882,627,217,762,157,136,21,9,0,32370,17812,1747,1720,525,42,198,0,0,0,0,0,47,0,12,0,0,1,0,0,0,0,0,0,0,2,0,0,0,0,3,2,0,0,0,0,0,0,0,0,0,0,13,313,152050,0,0,0,0,53,74,17,3,2,12,12,3,23,Flareon
1-08,15:49:39,NINTEN,Spearow,Swimmer,3,Route 19,3,1:03:27.26,1:03:27,1h3m27s,11,12,23,53,3:56,9.444,DRILL PECK,SWIFT,AGILITY,DOUBLE-EDGE,22,8731,762,137,21,563,549,237,20,46227,Flareon, ,Normal,Flying,154035,Spearow3,Spearow,,01:03:17.81,01:03:27.26,03:56:00.35,53,11,1,3,27,26,DRILL PECK,SWIFT,AGILITY,DOUBLE-EDGE,12,20,30,15,3,0,0,0,90,137,107,71,75,75,116,15695,32122,20521,27451,27451,26147,15,15,15,15,0,0,0,0,0,0,0,120,79,75,75,130,851581,306255,461474,80986,2866,22,5,0,8731,7887,627,217,762,158,137,21,9,0,32895,18003,1747,1720,528,42,198,0,0,0,0,0,48,0,12,0,0,1,0,0,0,0,0,0,0,2,0,0,0,0,3,2,0,0,0,0,0,0,0,0,0,0,13,316,153910,0,0,0,0,53,74,17,3,2,12,12,3,23,Flareon
1-08,15:49:51,NINTEN,Spearow,Swimmer,7,Route 19,2,1:03:39.53,1:03:39,1h3m39s,11,12,23,53,3:56,6.531,DRILL PECK,SWIFT,AGILITY,DOUBLE-EDGE,22,8740,764,138,21,565,551,237,20,46372,Flareon, ,Normal,Flying,155099,Spearow3,Spearow,,01:03:32.99,01:03:39.53,03:56:48.47,53,11,1,3,39,53,DRILL PECK,SWIFT,AGILITY,DOUBLE-EDGE,10,20,30,15,3,0,0,0,90,137,107,71,75,75,116,15755,32202,20661,27591,27591,26267,15,15,15,15,0,0,0,0,0,0,0,120,79,75,75,130,854473,306660,463512,81435,2866,22,5,0,8740,7892,627,221,764,159,138,21,9,0,33142,18127,1747,1720,530,42,198,0,0,0,0,0,48,0,12,0,0,1,0,0,0,0,0,0,0,2,0,0,0,0,3,2,0,0,0,0,0,0,0,0,0,0,13,318,154974,0,0,0,0,53,74,17,3,2,12,12,3,23,Flareon
1-08,15:50:04,NINTEN,Spearow,Swimmer,4,Route 19,2,1:03:52.41,1:03:52,1h3m52s,11,12,23,53,3:57,6.586,DRILL PECK,SWIFT,AGILITY,DOUBLE-EDGE,22,8752,764,139,21,567,553,237,20,46522,Flareon, ,Normal,Flying,156435,Spearow3,Spearow,,01:03:45.82,01:03:52.41,03:57:39.24,53,11,1,3,52,41,DRILL PECK,SWIFT,AGILITY,DOUBLE-EDGE,8,20,30,15,3,0,0,0,137,137,107,71,75,75,116,15860,32317,20766,27681,27681,26447,15,15,15,15,0,0,0,0,0,0,0,120,79,75,75,130,857510,307138,465552,81954,2866,22,5,0,8752,7892,627,233,764,160,139,21,9,0,33475,18278,1747,1720,532,42,198,0,0,0,0,0,48,0,12,0,0,1,0,0,0,0,0,0,0,2,0,0,0,0,3,2,0,0,0,0,0,0,0,0,0,0,13,320,156310,0,0,0,0,53,74,17,3,2,12,12,3,23,Flareon
1-08,15:50:18,NINTEN,Spearow,Beauty,14,Route 19,3,1:04:05.82,1:04:05,1h4m5s,11,12,23,54,3:58,9.644,DRILL PECK,SWIFT,AGILITY,DOUBLE-EDGE,22,8770,765,140,21,570,556,237,20,46672,Flareon, ,Normal,Flying,158409,Spearow3,Spearow,,01:03:56.17,01:04:05.82,03:58:32.17,54,11,1,4,5,82,DRILL PECK,SWIFT,AGILITY,DOUBLE-EDGE,8,17,30,15,3,0,0,0,140,140,110,73,76,76,118,15950,32452,20931,27891,27891,26702,15,15,15,15,0,0,0,0,0,0,0,123,82,76,76,132,860683,307551,468312,81954,2866,22,5,0,8770,7892,627,251,765,161,140,21,9,0,33811,18461,1747,1720,532,42,198,0,0,0,0,0,48,0,12,0,0,1,0,0,0,0,0,0,0,2,0,0,0,0,3,2,0,0,0,0,0,0,0,0,0,0,13,323,158284,0,0,0,0,53,74,17,3,2,12,12,3,23,Flareon
1-08,15:50:29,NINTEN,Spearow,Beauty,13,Route 19,2,1:04:17.02,1:04:17,1h4m17s,11,12,23,54,3:59,6.507,DRILL PECK,SWIFT,AGILITY,DOUBLE-EDGE,22,8770,774,141,21,572,558,237,20,48702,Flareon, ,Normal,Flying,160213,Spearow3,Spearow,,01:04:10.53,01:04:17.02,03:59:16.20,54,11,1,4,17,2,DRILL PECK,SWIFT,AGILITY,DOUBLE-EDGE,8,15,30,15,3,0,0,0,140,140,110,73,76,76,118,16075,32611,21056,28021,28021,26833,15,15,15,15,0,0,0,0,0,0,0,123,82,76,76,132,863326,307752,470754,81954,2866,22,5,0,8770,7892,627,251,774,162,141,21,9,0,34007,18624,1747,1720,532,42,198,0,0,0,0,0,48,0,12,0,0,1,0,0,0,0,0,0,0,2,0,0,0,0,3,2,0,0,0,0,0,0,0,0,0,0,13,325,160088,0,0,0,0,53,74,17,3,2,12,12,3,23,Flareon
1-08,15:50:45,NINTEN,Spearow,Beauty,12,Route 19,5,1:04:33.29,1:04:33,1h4m33s,11,12,23,54,4:00,13.357,DRILL PECK,SWIFT,AGILITY,DOUBLE-EDGE,22,8771,775,142,21,577,563,237,20,50802,Flareon, ,Normal,Flying,163369,Spearow3,Spearow,,01:04:19.92,01:04:33.29,04:00:20.18,54,11,1,4,33,29,DRILL PECK,SWIFT,AGILITY,DOUBLE-EDGE,8,10,30,15,3,0,0,0,140,140,110,73,76,76,118,16325,32937,21321,28281,28281,27207,15,15,15,15,0,0,0,0,0,0,0,123,82,76,76,132,867164,307942,474402,81954,2866,22,5,0,8771,7892,627,252,775,163,142,21,9,0,34671,18962,1747,1720,532,42,198,0,0,0,0,0,48,0,12,0,0,1,0,0,0,0,0,0,0,2,0,0,0,0,3,2,0,0,0,0,0,0,0,0,0,0,13,330,163244,0,0,0,0,53,74,17,3,2,12,12,3,23,Flareon
1-08,15:51:03,NINTEN,Spearow,Swimmer,8,Route 19,5,1:04:50.64,1:04:50,1h4m50s,11,12,23,55,4:01,14.395,DRILL PECK,SWIFT,AGILITY,DOUBLE-EDGE,22,8771,782,143,21,582,568,237,20,52692,Flareon, ,Normal,Flying,166860,Spearow3,Spearow,,01:04:36.24,01:04:50.64,04:01:28.37,55,11,1,4,50,64,DRILL PECK,SWIFT,AGILITY,DOUBLE-EDGE,8,5,30,15,3,0,0,0,143,143,112,74,78,78,121,16545,33172,21581,28741,28741,27592,15,15,15,15,0,0,0,0,0,0,0,126,83,78,78,136,871263,308158,478285,81954,2866,22,5,0,8771,7892,627,252,782,164,143,21,9,0,35316,19284,1747,1720,532,42,198,0,0,0,0,0,48,0,12,0,0,1,0,0,0,0,0,0,0,2,0,0,0,0,3,2,0,0,0,0,0,0,0,0,0,0,13,335,166735,0,0,0,0,53,74,17,3,2,12,12,3,23,Flareon
1-08,15:51:19,NINTEN,Spearow,Swimmer,9,Route 20,2,1:05:07.49,1:05:07,1h5m7s,11,12,23,55,4:02,9.938,DRILL PECK,SWIFT,AGILITY,DOUBLE-EDGE,22,8800,782,144,21,585,571,238,20,52827,Flareon, ,Normal,Flying,168851,Spearow3,Spearow,,01:04:57.56,01:05:07.49,04:02:35.07,55,11,1,5,7,49,DRILL PECK,SWIFT,AGILITY,DOUBLE-EDGE,5,5,30,15,3,0,0,0,100,143,112,74,78,78,121,16625,33332,21861,28871,28871,27702,15,15,15,15,-1,0,0,0,0,0,0,82,93,78,78,153,875253,308899,481534,81954,2866,22,5,0,8800,7892,627,281,782,165,144,21,9,0,35568,19424,1790,1763,535,42,199,0,0,0,0,0,49,0,12,0,0,1,0,0,0,0,0,0,0,2,0,0,0,0,3,2,0,0,0,0,0,0,0,0,0,0,13,337,168726,0,0,0,0,53,74,17,3,2,12,12,3,23,Flareon
1-08,15:51:34,NINTEN,Spearow,Swimmer,11,Route 20,4,1:05:22.39,1:05:22,1h5m22s,11,12,23,55,4:03,11.31,DRILL PECK,SWIFT,AGILITY,DOUBLE-EDGE,22,8808,783,145,21,589,575,238,20,52982,Flareon, ,Normal,Flying,171275,Spearow3,Spearow,,01:05:11.07,01:05:22.39,04:03:33.46,55,11,1,5,22,39,DRILL PECK,SWIFT,AGILITY,DOUBLE-EDGE,1,5,30,15,3,0,0,0,100,143,112,74,78,78,121,16770,33517,22166,29176,29176,27967,15,15,15,15,0,0,0,0,0,0,0,126,83,78,78,136,878772,309275,484677,81954,2866,22,5,0,8808,7892,627,289,783,166,145,21,9,0,36097,19674,1790,1763,539,42,199,0,0,0,0,0,49,0,12,0,0,1,0,0,0,0,0,0,0,2,0,0,0,0,3,2,0,0,0,0,0,0,0,0,0,0,13,341,171150,0,0,0,0,53,74,17,3,2,12,12,3,23,Flareon
1-08,15:51:49,NINTEN,Spearow,Beauty,15,Route 20,3,1:05:36.76,1:05:36,1h5m36s,11,12,23,55,4:04,9.997,DRILL PECK,SWIFT,AGILITY,DOUBLE-EDGE,22,8835,783,146,21,592,578,238,20,53122,Flareon, ,Normal,Flying,173799,Spearow3,Spearow,,01:05:26.76,01:05:36.76,04:04:30.25,55,11,1,5,36,76,DRILL PECK,SWIFT,AGILITY,DOUBLE-EDGE,0,4,30,14,3,0,0,0,81,143,112,74,78,78,121,16910,33687,22426,29436,29436,28197,15,15,15,15,0,0,0,0,0,0,0,126,83,78,78,136,882171,309826,487525,81954,2866,22,5,0,8835,7892,627,316,783,167,146,21,9,0,36432,19890,1809,1782,541,42,199,0,0,0,0,0,49,0,12,0,0,1,0,0,0,0,0,0,0,2,0,0,0,0,3,2,0,0,0,0,0,0,0,0,0,0,13,344,173674,0,0,0,0,53,74,17,3,2,12,12,3,23,Flareon
1-08,15:52:03,NINTEN,Spearow,Beauty,6,Route 20,1,1:05:50.79,1:05:50,1h5m50s,11,12,23,55,4:05,4.8,DRILL PECK,SWIFT,AGILITY,DOUBLE-EDGE,22,8875,793,147,21,593,579,238,20,55222,Flareon, ,Normal,Flying,175074,Spearow3,Spearow,,01:05:45.99,01:05:50.79,04:05:25.47,55,11,1,5,50,79,DRILL PECK,SWIFT,AGILITY,DOUBLE-EDGE,0,4,30,13,3,0,0,0,55,143,112,74,78,78,121,16990,33779,22491,29516,29516,28265,15,15,15,15,0,0,0,0,0,0,0,126,83,78,78,136,885493,311015,489132,82480,2866,22,5,0,8875,7917,627,331,793,168,147,21,9,0,36592,19996,1835,1808,542,42,199,0,0,0,0,0,49,0,12,0,0,1,0,0,0,0,0,0,0,2,0,0,0,0,3,2,0,0,0,0,0,0,0,0,0,0,13,345,174949,0,0,0,0,53,74,17,3,2,12,12,3,23,Flareon
1-08,15:52:51,NINTEN,Spearow,Rival5-Silph,6,Silph Co - 7F,5,1:06:38.70,1:06:38,1h6m38s,11,12,23,56,4:08,19.576,DRILL PECK,SWIFT,AGILITY,DOUBLE-EDGE,23,8995,796,148,21,599,585,239,20,57672,Flareon, ,Normal,Flying,181981,Spearow3,Spearow,Rival (Silph Co.),01:06:19.12,01:06:38.70,04:08:34.21,56,11,1,6,38,70,DRILL PECK,SWIFT,AGILITY,DOUBLE-EDGE,27,20,30,14,3,0,0,0,64,145,114,76,80,80,123,17270,34199,22966,30006,30006,28640,15,15,15,15,0,0,0,0,0,0,0,128,85,80,80,138,896807,315679,494159,84103,2866,23,5,0,8995,8037,627,331,796,169,148,21,9,0,37267,20467,1916,1889,548,42,200,0,0,0,0,0,50,0,12,0,0,1,0,0,0,0,0,0,0,2,0,0,0,0,3,2,0,0,0,0,0,0,0,0,0,0,13,350,181856,0,0,0,0,53,74,17,3,2,12,12,3,23,Flareon
1-08,15:53:15,NINTEN,Spearow,Rocket,45,Silph Co - 11F,3,1:07:03.52,1:07:03,1h7m3s,11,12,23,56,4:10,11.878,DRILL PECK,SWIFT,AGILITY,DOUBLE-EDGE,23,9003,797,149,21,603,589,240,20,60272,Flareon,Poisoned,Normal,Flying,184563,Spearow3,Spearow,,01:06:51.65,01:07:03.52,04:10:11.55,56,11,1,7,3,52,DRILL PECK,SWIFT,AGILITY,DOUBLE-EDGE,23,20,30,14,3,0,0,0,138,145,114,76,80,80,123,17435,34419,23190,30196,30196,28870,15,15,15,15,0,0,0,0,0,0,0,128,85,80,80,138,902661,317059,497909,84827,2866,23,5,0,9003,8045,627,331,797,170,149,21,9,0,37959,20706,1923,1896,552,42,201,0,0,0,0,0,52,0,12,0,0,1,0,0,0,0,0,0,0,3,0,0,0,0,3,2,0,0,0,0,0,0,0,0,0,0,13,353,184438,0,0,0,0,53,74,17,3,2,12,12,3,23,Flareon
1-08,15:53:44,NINTEN,Spearow,Giovanni-Silph,2,Silph Co - 11F,4,1:07:32.45,1:07:32,1h7m32s,11,12,23,57,4:12,18.656,DRILL PECK,SWIFT,AGILITY,DOUBLE-EDGE,23,9018,798,150,21,610,596,242,20,61202,Flareon, ,Normal,Flying,189380,Spearow3,Spearow,Giovanni (Silph),01:07:13.81,01:07:32.45,04:12:06.10,57,11,1,7,32,45,DRILL PECK,SWIFT,AGILITY,DOUBLE-EDGE,16,20,30,14,3,0,0,0,106,148,116,77,81,81,125,17731,34728,23489,30421,30421,29151,15,15,15,15,0,0,0,0,0,0,0,130,86,81,81,140,909516,318363,502821,85466,2866,23,5,0,9018,8060,627,331,798,171,150,21,9,0,38525,21143,1957,1930,559,42,203,0,0,0,0,0,52,0,12,0,0,1,0,0,0,0,0,0,0,3,0,0,0,0,3,2,0,0,0,0,0,0,0,0,0,0,13,357,189255,0,0,0,0,53,74,17,3,2,12,12,3,23,Flareon
1-08,15:54:33,NINTEN,Spearow,Psychic,3,Saffron City - Gym,3,1:08:20.56,1:08:20,1h8m20s,11,12,23,57,4:15,11.081,DRILL PECK,SWIFT,AGILITY,DOUBLE-EDGE,23,9142,819,151,21,614,600,243,19,65261,Flareon, ,Normal,Flying,191937,Spearow3,Spearow,,01:08:09.49,01:08:20.56,04:15:15.48,57,11,1,8,20,56,DRILL PECK,SWIFT,AGILITY,DOUBLE-EDGE,28,20,30,15,3,0,0,0,133,148,116,77,81,81,125,18006,34933,23729,30581,30581,29211,15,15,15,15,0,0,0,0,0,0,0,130,86,81,81,140,920894,324904,506344,86780,2866,23,5,0,9142,8184,627,331,819,172,151,21,9,0,39016,21467,1972,1945,563,42,204,0,0,0,0,0,53,0,12,0,0,1,0,0,0,0,0,0,0,3,0,0,0,0,3,2,0,0,0,0,0,0,0,0,0,0,13,360,191812,0,0,0,0,53,74,17,3,2,12,12,3,23,Flareon
1-08,15:54:43,NINTEN,Spearow,Psychic,2,Saffron City - Gym,2,1:08:31.15,1:08:31,1h8m31s,11,12,23,57,4:15,6.787,DRILL PECK,SWIFT,AGILITY,DOUBLE-EDGE,23,9148,825,152,21,616,602,243,19,65591,Flareon, ,Normal,Flying,193983,Spearow3,Spearow,,01:08:24.37,01:08:31.15,04:15:57.28,57,11,1,8,31,15,DRILL PECK,SWIFT,AGILITY,DOUBLE-EDGE,28,18,30,15,3,0,0,0,133,148,116,77,81,81,125,18086,35013,23824,30801,30801,29406,15,15,15,15,0,0,0,0,0,0,0,130,86,81,81,140,923394,325311,508437,86780,2866,23,5,0,9148,8190,627,331,825,173,152,21,9,0,39284,21619,1972,1945,563,42,204,0,0,0,0,0,53,0,12,0,0,1,0,0,0,0,0,0,0,3,0,0,0,0,3,2,0,0,0,0,0,0,0,0,0,0,13,362,193858,0,0,0,0,53,74,17,3,2,12,12,3,23,Flareon
1-08,15:54:58,NINTEN,Spearow,Psychic,4,Saffron City - Gym,1,1:08:45.78,1:08:45,1h8m45s,11,12,23,58,4:16,9.021,DRILL PECK,SWIFT,AGILITY,DOUBLE-EDGE,23,9160,827,153,21,619,605,245,19,65931,Flareon, ,Normal,Flying,195318,Spearow3,Spearow,,01:08:36.75,01:08:45.78,04:16:55.06,58,11,1,8,45,78,DRILL PECK,SWIFT,AGILITY,DOUBLE-EDGE,25,18,30,15,3,0,0,0,135,150,119,79,83,83,128,18181,35088,23934,30881,30881,29436,15,15,15,15,-1,0,0,0,0,0,0,87,88,83,83,144,926852,326140,511066,86780,2866,23,5,0,9160,8202,627,331,827,174,153,21,9,0,39436,21745,1972,1945,566,42,205,0,0,0,0,0,53,0,12,0,0,1,0,0,0,0,0,0,0,3,0,0,0,0,3,2,0,0,0,0,0,0,0,0,0,0,13,363,195193,0,0,0,0,53,74,17,3,2,12,12,3,23,Flareon
1-08,15:55:09,NINTEN,Spearow,Channeler,23,Saffron City - Gym,1,1:08:57.23,1:08:57,1h8m57s,11,12,23,58,4:17,4.791,DRILL PECK,SWIFT,AGILITY,DOUBLE-EDGE,23,9170,829,154,21,620,606,245,19,66311,Flareon, ,Normal,Flying,196344,Spearow3,Spearow,,01:08:52.45,01:08:57.23,04:17:40.08,58,11,1,8,57,23,DRILL PECK,SWIFT,AGILITY,DOUBLE-EDGE,24,18,30,15,3,0,0,0,135,150,119,79,83,83,128,18226,35138,23979,30996,30996,29531,15,15,15,15,0,0,0,0,0,0,0,133,88,83,83,144,929554,326823,513085,86780,2866,23,5,0,9170,8212,627,331,829,175,154,21,9,0,39615,21833,1972,1945,567,42,205,0,0,0,0,0,53,0,12,0,0,1,0,0,0,0,0,0,0,3,0,0,0,0,3,2,0,0,0,0,0,0,0,0,0,0,13,364,196219,0,0,0,0,53,74,17,3,2,12,12,3,23,Flareon
1-08,15:55:23,NINTEN,Spearow,Channeler,24,Saffron City - Gym,3,1:09:11.24,1:09:11,1h9m11s,11,12,23,58,4:18,9.573,DRILL PECK,SWIFT,AGILITY,DOUBLE-EDGE,23,9182,830,155,21,623,609,245,19,67451,Flareon, ,Normal,Flying,198575,Spearow3,Spearow,,01:09:01.67,01:09:11.24,04:18:34.11,58,11,1,9,11,24,DRILL PECK,SWIFT,AGILITY,DOUBLE-EDGE,21,18,30,15,3,0,0,0,135,150,119,79,83,83,128,18331,35258,24084,31311,31311,29786,15,15,15,15,0,0,0,0,0,0,0,133,88,83,83,144,932797,327304,515847,86780,2866,23,5,0,9182,8224,627,331,830,176,155,21,9,0,40454,22046,1972,1945,570,42,205,0,0,0,0,0,54,0,12,0,0,1,0,0,0,0,0,0,0,3,0,0,0,0,3,2,0,0,0,0,0,0,0,0,0,0,13,367,198450,0,0,0,0,53,74,17,3,2,12,12,3,23,Flareon
1-08,15:55:36,NINTEN,Spearow,Channeler,22,Saffron City - Gym,2,1:09:24.30,1:09:24,1h9m24s,11,12,23,58,4:19,7.497,DRILL PECK,SWIFT,AGILITY,DOUBLE-EDGE,23,9191,831,156,21,625,611,245,19,68441,Flareon, ,Normal,Flying,200184,Spearow3,Spearow,,01:09:16.80,01:09:24.30,04:19:25.38,58,11,1,9,24,30,DRILL PECK,SWIFT,AGILITY,DOUBLE-EDGE,19,18,30,15,3,0,0,0,135,150,119,79,83,83,128,18406,35343,24159,31526,31526,29961,15,15,15,15,0,0,0,0,0,0,0,133,88,83,83,144,935884,328119,518119,86780,2866,23,5,0,9191,8233,627,331,831,177,156,21,9,0,40883,22195,1972,1945,572,42,205,0,0,0,0,0,54,0,12,0,0,1,0,0,0,0,0,0,0,3,0,0,0,0,3,2,0,0,0,0,0,0,0,0,0,0,13,369,200059,0,0,0,0,53,74,17,3,2,12,12,3,23,Flareon
1-08,15:56:13,NINTEN,Spearow,Psychic,1,Saffron City - Gym,4,1:10:00.60,1:10:00,1h10m0s,11,12,23,58,4:21,12.025,DRILL PECK,SWIFT,AGILITY,DOUBLE-EDGE,23,9274,850,157,21,629,615,245,19,69461,Flareon, ,Normal,Flying,203670,Spearow3,Spearow,,01:09:48.58,01:10:00.60,04:21:47.19,58,11,1,10,0,60,DRILL PECK,SWIFT,AGILITY,DOUBLE-EDGE,15,18,30,15,3,0,0,0,135,150,119,79,83,83,128,18616,35523,24349,31906,31906,30276,15,15,15,15,0,0,0,0,0,0,0,133,88,83,83,144,944385,333043,521462,87014,2866,23,5,0,9274,8316,627,331,850,178,157,21,9,0,41712,22506,1972,1945,576,42,205,0,0,0,0,0,54,0,12,0,0,1,0,0,0,0,0,0,0,3,0,0,0,0,3,2,0,0,0,0,0,0,0,0,0,0,13,373,203545,0,0,0,0,53,74,17,3,2,12,12,3,23,Flareon
1-08,15:56:38,NINTEN,Spearow,Super Nerd,3,Route 8,4,1:10:25.85,1:10:25,1h10m25s,11,12,23,59,4:23,12.453,DRILL PECK,SWIFT,AGILITY,DOUBLE-EDGE,23,9347,854,158,21,633,619,245,19,69771,Flareon, ,Normal,Flying,205420,Spearow3,Spearow,,01:10:13.38,01:10:25.85,04:23:26.40,59,11,1,10,25,85,DRILL PECK,SWIFT,AGILITY,DOUBLE-EDGE,15,14,30,15,3,0,0,0,138,153,121,81,85,85,130,18761,35683,24614,32171,32171,30556,15,15,15,15,0,0,0,0,0,0,0,136,91,85,85,146,950346,335207,524894,87379,2866,23,5,0,9347,8389,627,331,854,179,158,21,9,0,42509,22696,1972,1945,576,42,205,0,0,0,0,0,55,0,12,0,0,1,0,0,0,0,0,0,0,3,0,0,0,0,3,2,0,0,0,0,0,0,0,0,0,0,13,377,205295,0,0,0,0,53,74,17,3,2,12,12,3,23,Flareon
1-08,15:57:18,NINTEN,Spearow,Sabrina,1,Saffron City - Gym,3,1:11:06.55,1:11:06,1h11m6s,11,12,23,59,4:26,25.402,DRILL PECK,SWIFT,AGILITY,DOUBLE-EDGE,24,9407,859,159,21,650,636,258,19,70271,Flareon, ,Normal,Flying,209745,Spearow3,Spearow,Sabrina,01:10:41.15,01:11:06.55,04:26:07.10,59,11,1,11,6,55,DRILL PECK,SWIFT,AGILITY,DOUBLE-EDGE,15,11,16,15,3,0,0,0,138,153,121,81,85,85,130,18881,35788,24704,32531,32531,30871,15,15,15,15,0,0,0,0,6,-6,0,389,257,85,85,999,959976,337353,531843,87914,2866,24,5,0,9407,8449,627,331,859,180,159,21,9,0,43548,23020,1972,1945,576,49,211,0,0,0,0,0,55,0,12,0,0,1,0,0,0,0,0,0,0,3,0,0,0,0,3,2,0,0,0,0,0,0,0,0,0,0,13,380,209620,0,0,0,0,53,74,17,3,2,12,12,3,23,Flareon
1-08,15:59:16,NINTEN,Spearow,Blaine,1,Cinnabar Island - Gym,3,1:13:04.05,1:13:04,1h13m4s,12,12,24,60,4:32,19.918,DRILL PECK,SWIFT,AGILITY,DOUBLE-EDGE,25,9598,905,160,21,658,644,263,20,76721,Flareon, ,Normal,Flying,216095,Spearow3,Spearow,Blaine,01:12:44.13,01:13:04.05,04:32:18.20,60,12,1,13,4,5,DRILL PECK,SWIFT,AGILITY,DOUBLE-EDGE,24,20,30,15,3,0,0,0,79,156,123,82,87,87,133,19109,36074,24929,32791,32791,31171,15,15,15,15,-1,-1,0,0,0,0,0,91,60,87,87,149,982251,349545,537235,92447,3024,25,6,0,9598,8640,627,331,905,181,160,21,9,0,44181,23457,2049,2022,584,50,215,0,0,0,0,0,56,0,12,0,0,1,0,0,0,0,0,0,0,3,0,0,0,0,3,2,0,0,0,0,0,0,0,0,0,0,13,383,215970,0,0,0,0,53,75,18,3,2,12,12,3,24,Flareon
1-08,15:59:45,NINTEN,Spearow,Blackbelt,6,Viridian City - Gym,2,1:13:33.28,1:13:33,1h13m33s,12,12,24,60,4:34,7.182,DRILL PECK,SWIFT,AGILITY,DOUBLE-EDGE,25,9676,913,161,21,660,646,263,20,82067,Flareon, ,Normal,Flying,218099,Spearow3,Spearow,,01:13:26.10,01:13:33.28,04:34:13.29,60,12,1,13,33,28,DRILL PECK,SWIFT,AGILITY,DOUBLE-EDGE,30,20,30,15,3,0,0,0,156,156,123,82,87,87,133,19259,36254,25049,32876,32876,31251,15,15,15,15,0,0,0,0,0,0,0,138,92,97,97,149,989160,353479,539898,92759,3024,25,6,0,9676,8718,627,331,913,182,161,21,9,0,44727,23689,2049,2022,586,50,215,0,0,0,0,0,56,0,12,0,0,1,0,0,0,0,0,0,0,3,0,0,0,0,3,2,0,0,0,0,0,0,0,0,0,0,13,385,217974,0,0,0,0,53,75,18,3,2,12,12,3,24,Flareon
1-08,15:59:56,NINTEN,Spearow,Cooltrainer M,9,Viridian City - Gym,2,1:13:43.56,1:13:43,1h13m43s,12,12,24,60,4:34,7.071,DRILL PECK,SWIFT,AGILITY,DOUBLE-EDGE,25,9681,915,162,21,662,648,263,20,83067,Flareon, ,Normal,Flying,220739,Spearow3,Spearow,,01:13:36.50,01:13:43.56,04:34:54.01,60,12,1,13,43,56,DRILL PECK,SWIFT,AGILITY,DOUBLE-EDGE,28,20,30,15,3,0,0,0,156,156,123,82,87,87,133,19369,36434,25209,33001,33001,31436,15,15,15,15,0,0,0,0,0,0,0,138,92,97,97,149,991592,353747,542062,92759,3024,25,6,0,9681,8723,627,331,915,183,162,21,9,0,45033,23884,2049,2022,588,50,215,0,0,0,0,0,57,0,12,0,0,1,0,0,0,0,0,0,0,3,0,0,0,0,3,2,0,0,0,0,0,0,0,0,0,0,13,387,220614,0,0,0,0,53,75,18,3,2,12,12,3,24,Flareon
1-08,16:00:07,NINTEN,Spearow,Cooltrainer M,10,Viridian City - Gym,1,1:13:55.53,1:13:55,1h13m55s,12,12,24,60,4:35,8.595,DRILL PECK,SWIFT,AGILITY,DOUBLE-EDGE,25,9685,915,163,21,665,651,265,20,84432,Flareon, ,Normal,Flying,221982,Spearow3,Spearow,,01:13:46.93,01:13:55.53,04:35:41.17,60,12,1,13,55,53,DRILL PECK,SWIFT,AGILITY,DOUBLE-EDGE,25,20,30,15,3,0,0,0,135,156,123,82,87,87,133,19449,36519,25304,33031,33031,31461,15,15,15,15,0,-1,0,0,0,0,0,155,60,109,109,167,994428,354036,544609,92759,3024,25,6,0,9685,8727,627,331,915,184,163,21,9,0,45168,24012,2070,2043,591,50,217,0,0,0,0,0,57,0,12,0,0,1,0,0,0,0,0,0,0,3,0,0,0,0,3,2,0,0,0,0,0,0,0,0,0,0,13,388,221857,0,0,0,0,53,75,18,3,2,12,12,3,24,Flareon
1-08,16:00:22,NINTEN,Spearow,Blackbelt,8,Viridian City - Gym,3,1:14:09.56,1:14:09,1h14m9s,12,12,24,60,4:36,9.971,DRILL PECK,SWIFT,AGILITY,DOUBLE-EDGE,25,9695,919,164,21,668,654,265,20,85937,Flareon, ,Normal,Flying,225073,Spearow3,Spearow,,01:13:59.60,01:14:09.56,04:36:36.38,60,12,1,14,9,56,DRILL PECK,SWIFT,AGILITY,DOUBLE-EDGE,22,20,30,15,3,0,0,0,135,156,123,82,87,87,133,19679,36799,25494,33166,33166,31586,15,15,15,15,0,0,0,0,0,0,0,138,92,97,97,149,997749,354498,547468,92759,3024,25,6,0,9695,8737,627,331,919,185,164,21,9,0,46180,24347,2070,2043,594,50,217,0,0,0,0,0,58,0,12,0,0,1,0,0,0,0,0,0,0,3,0,0,0,0,3,2,0,0,0,0,0,0,0,0,0,0,13,391,224948,0,0,0,0,53,75,18,3,2,12,12,3,24,Flareon
1-08,16:00:39,NINTEN,Spearow,Tamer,3,Viridian City - Gym,1,1:14:26.65,1:14:26,1h14m26s,12,12,24,60,4:37,11.417,DRILL PECK,SWIFT,AGILITY,DOUBLE-EDGE,25,9719,925,165,21,672,658,268,20,86887,Flareon, ,Normal,Flying,226316,Spearow3,Spearow,,01:14:15.23,01:14:26.65,04:37:44.14,60,12,1,14,26,65,DRILL PECK,SWIFT,AGILITY,DOUBLE-EDGE,18,20,30,15,3,0,0,0,76,156,123,82,87,87,133,19759,36884,25589,33196,33196,31611,15,15,15,15,0,0,0,0,0,0,0,138,92,97,97,149,1001806,355359,550664,92759,3024,25,6,0,9719,8761,627,331,925,186,165,21,9,0,46352,24475,2129,2102,598,50,220,0,0,0,0,0,58,0,12,0,0,1,0,0,0,0,0,0,0,3,0,0,0,0,3,2,0,0,0,0,0,0,0,0,0,0,13,392,226191,0,0,0,0,53,75,18,3,2,12,12,3,24,Flareon
1-08,16:00:57,NINTEN,Spearow,Tamer,4,Viridian City - Gym,2,1:14:44.66,1:14:44,1h14m44s,12,12,24,61,4:38,9.834,DRILL PECK,SWIFT,AGILITY,DOUBLE-EDGE,25,9744,931,166,21,675,661,269,20,88607,Flareon, ,Normal,Flying,229306,Spearow3,Spearow,,01:14:34.83,01:14:44.66,04:38:55.21,61,12,1,14,44,66,DRILL PECK,SWIFT,AGILITY,DOUBLE-EDGE,15,20,30,15,3,0,0,0,112,159,125,84,88,88,135,19894,37069,25753,33331,33331,31801,15,15,15,15,0,0,0,0,0,0,0,140,94,99,99,151,1006072,356237,553490,93321,3024,25,6,0,9744,8786,627,331,931,187,166,21,9,0,46680,24690,2146,2119,601,50,221,0,0,0,0,0,58,0,12,0,0,1,0,0,0,0,0,0,0,3,0,0,0,0,3,2,0,0,0,0,0,0,0,0,0,0,13,394,229181,0,0,0,0,53,75,18,3,2,12,12,3,24,Flareon
1-08,16:01:08,NINTEN,Spearow,Blackbelt,7,Viridian City - Gym,1,1:14:56.29,1:14:56,1h14m56s,12,12,24,61,4:39,4.821,DRILL PECK,SWIFT,AGILITY,DOUBLE-EDGE,25,9755,931,167,21,676,662,269,20,90167,Flareon, ,Normal,Flying,230650,Spearow3,Spearow,,01:14:51.46,01:14:56.29,04:39:41.09,61,12,1,14,56,29,DRILL PECK,SWIFT,AGILITY,DOUBLE-EDGE,14,20,30,15,3,0,0,0,112,159,125,84,88,88,135,19974,37169,25823,33381,33381,31846,15,15,15,15,0,0,0,0,0,0,0,140,94,99,99,151,1008820,356940,555535,93321,3024,25,6,0,9755,8797,627,331,931,188,167,21,9,0,46900,24818,2146,2119,602,50,221,0,0,0,0,0,58,0,12,0,0,1,0,0,0,0,0,0,0,3,0,0,0,0,3,2,0,0,0,0,0,0,0,0,0,0,13,395,230525,0,0,0,0,53,75,18,3,2,12,12,3,24,Flareon
1-08,16:01:21,NINTEN,Spearow,Cooltrainer M,1,Viridian City - Gym,2,1:15:09.19,1:15:09,1h15m9s,12,12,24,61,4:40,7.096,DRILL PECK,SWIFT,AGILITY,DOUBLE-EDGE,25,9773,933,168,21,678,664,269,20,91242,Flareon, ,Normal,Flying,233264,Spearow3,Spearow,,01:15:02.10,01:15:09.19,04:40:32.04,61,12,1,15,9,19,DRILL PECK,SWIFT,AGILITY,DOUBLE-EDGE,12,20,30,15,3,0,0,0,112,159,125,84,88,88,135,20116,37333,25957,33511,33511,31996,15,15,15,15,0,0,0,0,0,0,0,140,94,99,99,151,1011875,357801,557729,93321,3024,25,6,0,9773,8815,627,331,933,189,168,21,9,0,47179,25038,2146,2119,604,50,221,0,0,0,0,0,58,0,12,0,0,1,0,0,0,0,0,0,0,3,0,0,0,0,3,2,0,0,0,0,0,0,0,0,0,0,13,397,233139,0,0,0,0,53,75,18,3,2,12,12,3,24,Flareon
1-08,16:01:57,NINTEN,Spearow,Swimmer,12,Route 21,2,1:15:44.78,1:15:44,1h15m44s,12,12,24,61,4:42,6.913,DRILL PECK,SWIFT,AGILITY,DOUBLE-EDGE,25,9891,949,169,21,680,666,269,20,92607,Flareon, ,Normal,Flying,235808,Spearow3,Spearow,,01:15:37.86,01:15:44.78,04:42:52.25,61,12,1,15,44,78,DRILL PECK,SWIFT,AGILITY,DOUBLE-EDGE,30,20,30,15,3,0,0,0,159,159,125,84,88,88,135,20251,37468,26117,33726,33726,32181,15,15,15,15,0,0,0,0,0,0,0,140,94,99,99,151,1020296,362498,559864,94910,3024,25,6,0,9891,8898,627,366,949,190,169,21,9,0,47444,25223,2146,2119,606,50,221,0,0,0,0,0,58,0,12,0,0,1,0,0,0,0,0,0,0,3,0,0,0,0,3,2,0,0,0,0,0,0,0,0,0,0,13,399,235683,0,0,0,0,53,75,18,3,2,12,12,3,24,Flareon
1-08,16:02:11,NINTEN,Spearow,Cue Ball,9,Route 21,3,1:15:58.73,1:15:58,1h15m58s,12,12,24,62,4:43,10.843,DRILL PECK,SWIFT,AGILITY,DOUBLE-EDGE,25,9897,949,170,21,683,669,269,20,92772,Flareon, ,Normal,Flying,238562,Spearow3,Spearow,,01:15:47.88,01:15:58.73,04:43:47.22,62,12,1,15,58,73,DRILL PECK,SWIFT,AGILITY,DOUBLE-EDGE,27,20,30,15,3,0,0,0,161,161,127,85,90,90,138,20411,37618,26252,34046,34046,32421,15,15,15,15,0,0,0,0,0,0,0,142,95,101,101,155,1023593,362759,562900,94910,3024,25,6,0,9897,8898,627,372,949,191,170,21,9,0,48113,25458,2146,2119,609,50,221,0,0,0,0,0,58,0,12,0,0,1,0,0,0,0,0,0,0,3,0,0,0,0,3,2,0,0,0,0,0,0,0,0,0,0,13,402,238437,0,0,0,0,53,75,18,3,2,12,12,3,24,Flareon
1-08,16:02:26,NINTEN,Spearow,Fisher,8,Route 21,2,1:16:13.99,1:16:13,1h16m13s,12,12,24,62,4:44,8.813,DRILL PECK,SWIFT,AGILITY,DOUBLE-EDGE,25,9925,951,171,21,686,672,270,20,93547,Flareon, ,Normal,Flying,240553,Spearow3,Spearow,,01:16:05.18,01:16:13.99,04:44:47.35,62,12,1,16,13,99,DRILL PECK,SWIFT,AGILITY,DOUBLE-EDGE,24,20,30,15,3,0,0,0,129,161,127,85,90,90,138,20491,37778,26532,34176,34176,32531,15,15,15,15,0,0,0,0,0,0,0,142,95,101,101,155,1027206,363387,565885,94910,3024,25,6,0,9925,8899,627,399,951,192,171,21,9,0,48382,25598,2178,2151,612,50,222,0,0,0,0,0,58,0,12,0,0,1,0,0,0,0,0,0,0,3,0,0,0,0,3,2,0,0,0,0,0,0,0,0,0,0,13,404,240428,0,0,0,0,53,75,18,3,2,12,12,3,24,Flareon
1-08,16:02:36,NINTEN,Spearow,Fisher,10,Route 21,2,1:16:24.09,1:16:24,1h16m24s,12,12,24,62,4:45,7.227,DRILL PECK,SWIFT,AGILITY,DOUBLE-EDGE,25,9927,952,172,21,688,674,270,20,94632,Flareon, ,Normal,Flying,242538,Spearow3,Spearow,,01:16:16.86,01:16:24.09,04:45:27.20,62,12,1,16,24,9,DRILL PECK,SWIFT,AGILITY,DOUBLE-EDGE,22,20,30,15,3,0,0,0,129,161,127,85,90,90,138,20616,37937,26657,34306,34306,32662,15,15,15,15,0,0,0,0,0,0,0,142,95,101,101,155,1029591,363558,568099,94910,3024,25,6,0,9927,8901,627,399,952,193,172,21,9,0,48828,25776,2178,2151,614,50,222,0,0,0,0,0,59,0,12,0,0,1,0,0,0,0,0,0,0,3,0,0,0,0,3,2,0,0,0,0,0,0,0,0,0,0,13,406,242413,0,0,0,0,53,75,18,3,2,12,12,3,24,Flareon
1-08,16:02:51,NINTEN,Spearow,Swimmer,13,Route 21,1,1:16:39.44,1:16:39,1h16m39s,12,12,24,62,4:46,4.332,DRILL PECK,SWIFT,AGILITY,DOUBLE-EDGE,25,9960,954,173,21,689,675,270,20,95787,Flareon, ,Normal,Flying,244179,Spearow3,Spearow,,01:16:35.11,01:16:39.44,04:46:27.41,62,12,1,16,39,44,DRILL PECK,SWIFT,AGILITY,DOUBLE-EDGE,21,20,30,15,3,0,0,0,129,161,127,85,90,90,138,20676,38012,26742,34406,34406,32777,15,15,15,15,0,0,0,0,0,0,0,142,95,101,101,155,1033212,364427,569633,96128,3024,25,6,0,9960,8904,627,429,954,194,173,21,9,0,48945,25873,2178,2151,615,50,222,0,0,0,0,0,59,0,12,0,0,1,0,0,0,0,0,0,0,3,0,0,0,0,3,2,0,0,0,0,0,0,0,0,0,0,13,407,244054,0,0,0,0,53,75,18,3,2,12,12,3,24,Flareon
1-08,16:03:02,NINTEN,Spearow,Swimmer,14,Route 21,2,1:16:50.39,1:16:50,1h16m50s,12,12,24,62,4:47,6.936,DRILL PECK,SWIFT,AGILITY,DOUBLE-EDGE,25,9981,955,174,21,691,677,270,20,95972,Flareon, ,Normal,Flying,245938,Spearow3,Spearow,,01:16:43.46,01:16:50.39,04:47:10.51,62,12,1,16,50,39,DRILL PECK,SWIFT,AGILITY,DOUBLE-EDGE,19,20,30,15,3,0,0,0,129,161,127,85,90,90,138,20765,38120,26877,34541,34541,32920,15,15,15,15,0,0,0,0,0,0,0,142,95,101,101,155,1035802,364892,571758,96128,3024,25,6,0,9981,8904,627,450,955,195,174,21,9,0,49242,26028,2178,2151,617,50,222,0,0,0,0,0,59,0,12,0,0,1,0,0,0,0,0,0,0,3,0,0,0,0,3,2,0,0,0,0,0,0,0,0,0,0,13,409,245813,0,0,0,0,53,75,18,3,2,12,12,3,24,Flareon
1-08,16:03:40,NINTEN,Spearow,Bird Keeper,10,Route 18,4,1:17:27.64,1:17:27,1h17m27s,12,12,24,62,4:49,12.51,DRILL PECK,SWIFT,AGILITY,DOUBLE-EDGE,25,10186,963,175,21,695,681,270,20,96137,Flareon, ,Normal,Flying,247805,Spearow3,Spearow,,01:17:15.13,01:17:27.64,04:49:38.06,62,12,1,17,27,64,DRILL PECK,SWIFT,AGILITY,DOUBLE-EDGE,15,20,30,15,3,0,0,0,129,161,127,85,90,90,138,20950,38390,27032,34695,34695,33230,15,15,15,15,0,0,0,0,0,0,0,142,95,101,101,155,1044637,369219,575207,97187,3024,25,6,0,10186,8947,627,612,963,196,175,21,9,0,50446,26281,2178,2151,621,50,222,0,0,0,0,0,59,0,12,0,0,1,0,0,0,0,0,0,0,3,0,0,0,0,3,2,0,0,0,0,0,0,0,0,0,0,13,413,247680,0,0,0,0,53,75,18,3,2,12,12,3,24,Flareon
1-08,16:03:50,NINTEN,Spearow,Bird Keeper,8,Route 18,2,1:17:38.12,1:17:38,1h17m38s,12,12,24,62,4:50,6.899,DRILL PECK,SWIFT,AGILITY,DOUBLE-EDGE,25,10190,963,176,21,697,683,270,20,96787,Flareon, ,Normal,Flying,249171,Spearow3,Spearow,,01:17:31.22,01:17:38.12,04:50:19.24,62,12,1,17,38,12,DRILL PECK,SWIFT,AGILITY,DOUBLE-EDGE,13,20,30,15,3,0,0,0,129,161,127,85,90,90,138,21055,38540,27127,34787,34787,33400,15,15,15,15,0,0,0,0,0,0,0,142,95,101,101,155,1047115,369570,577334,97187,3024,25,6,0,10190,8951,627,612,963,197,176,21,9,0,50909,26428,2178,2151,623,50,222,0,0,0,0,0,59,0,12,0,0,1,0,0,0,0,0,0,0,3,0,0,0,0,3,2,0,0,0,0,0,0,0,0,0,0,13,415,249046,0,0,0,0,53,75,18,3,2,12,12,3,24,Flareon
1-08,16:03:58,NINTEN,Spearow,Bird Keeper,9,Route 18,1,1:17:46.41,1:17:46,1h17m46s,12,12,24,63,4:50,5.346,DRILL PECK,SWIFT,AGILITY,DOUBLE-EDGE,25,10194,964,177,21,698,684,270,20,97512,Flareon, ,Normal,Flying,250321,Spearow3,Spearow,,01:17:41.06,01:17:46.41,04:50:52.02,63,12,1,17,46,41,DRILL PECK,SWIFT,AGILITY,DOUBLE-EDGE,12,20,30,15,3,0,0,0,132,164,130,87,91,91,141,21115,38650,27197,34847,34847,33500,15,15,15,15,0,0,0,0,0,0,0,146,97,102,102,158,1049073,369775,579087,97187,3024,25,6,0,10194,8955,627,612,964,198,177,21,9,0,51047,26518,2178,2151,624,50,222,0,0,0,0,0,59,0,12,0,0,1,0,0,0,0,0,0,0,3,0,0,0,0,3,2,0,0,0,0,0,0,0,0,0,0,13,416,250196,0,0,0,0,53,75,18,3,2,12,12,3,24,Flareon
1-08,16:05:42,NINTEN,Spearow,Giovanni,3,Viridian City - Gym,5,1:19:30.01,1:19:30,1h19m30s,13,12,25,63,4:55,29.621,DRILL PECK,MIMIC,AGILITY,DOUBLE-EDGE,26,10297,969,178,21,709,695,275,18,98362,Flareon, ,Normal,Flying,260542,Spearow3,Spearow,Giovanni,01:19:00.39,01:19:30.01,04:55:16.24,63,13,1,19,30,1,DRILL PECK,MIMIC,AGILITY,DOUBLE-EDGE,30,6,27,15,3,1,0,0,43,164,130,87,91,91,141,21491,39104,27591,35177,35177,33936,15,15,15,15,0,0,0,0,6,0,0,207,137,144,144,634,1064941,373715,587031,101013,3182,26,7,0,10297,9058,627,612,969,199,178,21,9,0,52186,27278,2299,2272,631,52,225,0,0,0,0,0,61,0,12,0,0,1,0,0,0,0,0,0,0,3,0,0,0,0,3,2,0,0,0,0,0,0,0,0,0,0,13,421,260417,0,0,0,0,53,75,18,3,2,13,12,3,25,Flareon
1-08,16:06:39,NINTEN,Spearow,Rival6-Route 22,9,Route 22,6,1:20:27.22,1:20:27,1h20m27s,13,12,25,64,4:59,27.371,DRILL PECK,MIMIC,AGILITY,DOUBLE-EDGE,27,10439,984,179,22,718,704,278,19,103807,Flareon, ,Normal,Flying,270506,Spearow3,Spearow,Rival (Final),01:19:59.86,01:20:27.22,04:59:02.36,64,13,1,20,27,22,DRILL PECK,MIMIC,AGILITY,DOUBLE-EDGE,31,4,30,15,3,1,0,0,16,167,132,88,93,93,143,21831,39564,28146,35727,35727,34351,15,15,15,15,0,0,0,0,0,0,0,148,99,104,104,160,1078513,378734,595043,101554,3182,27,7,0,10439,9200,627,612,984,201,179,22,10,0,53410,27995,2450,2423,640,52,228,0,0,0,0,0,68,0,13,0,0,1,0,0,0,0,0,0,0,3,0,0,0,0,3,2,0,0,0,0,0,0,0,0,0,0,13,427,270381,0,0,0,0,53,75,18,3,2,13,12,3,25,Flareon
1-08,16:08:35,NINTEN,Spearow,Cooltrainer M,2,Victory Road,3,1:22:22.74,1:22:22,1h22m22s,13,12,25,65,5:06,15.318,DRILL PECK,MIMIC,AGILITY,DOUBLE-EDGE,27,10885,1080,180,22,723,709,279,18,107252,Flareon, ,Normal,Flying,276291,Spearow3,Spearow,,01:22:07.42,01:22:22.74,05:06:39.55,65,13,1,22,22,74,DRILL PECK,MIMIC,AGILITY,DOUBLE-EDGE,26,4,30,15,3,1,0,0,110,170,135,90,95,95,145,22066,39864,28491,36017,36017,34571,15,15,15,15,0,0,0,0,0,0,0,151,101,106,106,163,1105952,395632,599613,107525,3182,27,7,0,10885,9361,876,648,1080,202,180,22,10,0,53972,28375,2510,2483,645,52,229,0,0,0,0,0,68,0,13,0,0,1,0,0,0,0,0,0,0,3,0,0,0,0,3,2,0,0,0,0,0,0,0,0,0,0,13,430,276166,0,0,0,0,54,75,18,3,2,13,12,3,25,Flareon
1-08,16:09:09,NINTEN,Spearow,Cooltrainer F,3,Victory Road,3,1:22:57.19,1:22:57,1h22m57s,13,12,25,65,5:08,11.335,DRILL PECK,MIMIC,AGILITY,DOUBLE-EDGE,28,10964,1119,181,22,726,712,279,18,108757,Flareon, ,Normal,Flying,281440,Spearow3,Spearow,,01:22:45.85,01:22:57.19,05:08:56.24,65,13,1,22,57,19,DRILL PECK,MIMIC,AGILITY,DOUBLE-EDGE,24,4,30,14,3,1,0,0,76,170,135,90,95,95,145,22466,40034,28656,36297,36297,34721,15,15,15,15,0,0,0,0,0,0,0,151,101,106,106,163,1114141,399692,603213,108054,3182,28,7,0,10964,9361,955,648,1119,203,181,22,10,0,55186,28897,2544,2517,648,52,229,0,0,0,0,0,68,0,13,0,0,1,0,0,0,0,0,0,0,3,0,0,0,0,3,2,0,0,0,0,0,0,0,0,0,0,13,433,281315,0,0,0,0,54,75,18,3,2,13,12,3,25,Flareon
1-08,16:09:30,NINTEN,Spearow,Cooltrainer F,2,Victory Road,3,1:23:18.32,1:23:18,1h23m18s,13,12,25,65,5:10,10.14,DRILL PECK,MIMIC,AGILITY,DOUBLE-EDGE,28,11000,1128,182,22,729,715,279,18,110262,Flareon, ,Normal,Flying,285363,Spearow3,Spearow,,01:23:08.19,01:23:18.32,05:10:19.35,65,13,1,23,18,32,DRILL PECK,MIMIC,AGILITY,DOUBLE-EDGE,21,4,30,14,3,1,0,0,170,170,135,90,95,95,145,22661,40304,28806,36552,36552,34886,15,15,15,15,0,0,0,0,0,0,0,151,101,106,106,163,1119132,400675,606111,109164,3182,28,7,0,11000,9361,991,648,1128,204,182,22,10,0,56450,29242,2544,2517,651,52,229,0,0,0,0,0,69,0,13,0,0,1,0,0,0,0,0,0,0,3,0,0,0,0,3,2,0,0,0,0,0,0,0,0,0,0,13,436,285238,0,0,0,0,54,75,18,3,2,13,12,3,25,Flareon
1-08,16:09:46,NINTEN,Spearow,Cooltrainer M,3,Victory Road,3,1:23:33.58,1:23:33,1h23m33s,13,12,25,66,5:11,12.593,DRILL PECK,MIMIC,AGILITY,DOUBLE-EDGE,28,11000,1132,183,22,733,719,279,18,111767,Flareon, ,Normal,Flying,291083,Spearow3,Spearow,,01:23:20.99,01:23:33.58,05:11:19.46,66,13,1,23,33,58,DRILL PECK,MIMIC,AGILITY,DOUBLE-EDGE,17,4,30,14,3,1,0,0,173,173,137,92,97,97,148,22875,40587,29086,36807,36807,35139,15,15,15,15,0,0,0,0,0,0,0,154,103,109,109,166,1122743,400796,609601,109164,3182,28,7,0,11000,9361,991,648,1132,205,183,22,10,0,56925,29604,2544,2517,655,52,229,0,0,0,0,0,70,0,13,0,0,1,0,0,0,0,0,0,0,3,0,0,0,0,3,2,0,0,0,0,0,0,0,0,0,0,13,439,290958,0,0,0,0,54,75,18,3,2,13,12,3,25,Flareon
1-08,16:10:17,NINTEN,Spearow,Juggler,2,Victory Road,4,1:24:05.47,1:24:05,1h24m5s,13,12,25,66,5:13,12.651,DRILL PECK,MIMIC,AGILITY,DOUBLE-EDGE,28,11050,1156,184,22,737,723,279,18,113272,Flareon, ,Normal,Flying,295973,Spearow3,Spearow,,01:23:52.82,01:24:05.47,05:13:25.35,66,13,1,24,5,47,DRILL PECK,MIMIC,AGILITY,DOUBLE-EDGE,13,4,30,14,3,1,0,0,173,173,137,92,97,97,148,23100,40778,29261,37252,37252,35458,15,15,15,15,0,0,0,0,0,0,0,154,103,109,109,166,1130292,403456,613514,110140,3182,28,7,0,11050,9365,1037,648,1156,206,184,22,10,0,57795,30017,2544,2517,659,52,229,0,0,0,0,0,70,0,13,0,0,1,0,0,0,0,0,0,0,3,0,0,0,0,3,2,0,0,0,0,0,0,0,0,0,0,13,443,295848,0,0,0,0,54,75,18,3,2,13,12,3,25,Flareon
1-08,16:10:32,NINTEN,Spearow,Blackbelt,9,Victory Road,3,1:24:19.94,1:24:19,1h24m19s,13,12,25,66,5:14,10.093,DRILL PECK,MIMIC,AGILITY,DOUBLE-EDGE,28,11065,1159,185,22,740,726,279,18,114707,Flareon, ,Normal,Flying,299471,Spearow3,Spearow,,01:24:09.83,01:24:19.94,05:14:22.32,66,13,1,24,19,94,DRILL PECK,MIMIC,AGILITY,DOUBLE-EDGE,10,4,30,14,3,1,0,0,173,173,137,92,97,97,148,23330,41058,29451,37387,37387,35583,15,15,15,15,0,0,0,0,0,0,0,154,103,109,109,166,1133709,403993,616394,110140,3182,28,7,0,11065,9365,1052,648,1159,207,185,22,10,0,58668,30393,2544,2517,662,52,229,0,0,0,0,0,70,0,13,0,0,1,0,0,0,0,0,0,0,3,0,0,0,0,3,2,0,0,0,0,0,0,0,0,0,0,13,446,299346,0,0,0,0,54,75,18,3,2,13,12,3,25,Flareon
1-08,16:10:49,NINTEN,Spearow,Tamer,5,Victory Road,2,1:24:36.98,1:24:36,1h24m36s,13,12,25,67,5:15,8.641,DRILL PECK,MIMIC,AGILITY,DOUBLE-EDGE,28,11117,1162,186,22,742,728,279,18,115782,Flareon, ,Normal,Flying,302505,Spearow3,Spearow,,01:24:28.33,01:24:36.98,05:15:29.32,67,13,1,24,36,98,DRILL PECK,MIMIC,AGILITY,DOUBLE-EDGE,9,4,30,13,3,1,0,0,144,176,139,94,98,98,150,23475,41210,29589,37532,37532,35783,15,15,15,15,0,0,0,0,0,0,0,156,105,110,110,168,1137729,405473,618934,110140,3182,28,7,0,11117,9365,1104,648,1162,208,186,22,10,0,58965,30642,2576,2549,664,52,229,0,0,0,0,0,70,0,13,0,0,1,0,0,0,0,0,0,0,3,0,0,0,0,3,2,0,0,0,0,0,0,0,0,0,0,13,448,302380,0,0,0,0,54,75,18,3,2,13,12,3,25,Flareon
1-08,16:13:51,NINTEN,Spearow,Juggler,5,Victory Road,1,1:27:38.96,1:27:38,1h27m38s,14,12,26,67,5:23,4.418,DRILL PECK,MIMIC,AGILITY,DOUBLE-EDGE,29,11606,1274,187,22,743,729,279,17,102542,Flareon, ,Normal,Flying,303903,Spearow3,Spearow,,01:27:34.55,01:27:38.96,05:23:00.25,67,14,1,27,38,96,DRILL PECK,MIMIC,AGILITY,DOUBLE-EDGE,31,12,30,15,3,1,0,0,176,176,139,94,98,98,150,23515,41255,29654,37632,37632,35873,15,15,15,15,0,0,0,0,0,0,0,156,105,110,110,168,1164787,423421,620878,117148,3340,29,8,0,11606,9694,1264,648,1274,209,187,22,10,0,59176,30746,2576,2549,665,52,229,0,0,0,0,0,71,0,13,0,0,1,0,0,0,0,0,0,0,3,0,0,0,0,3,2,0,0,0,0,0,0,0,0,0,0,13,449,303778,0,0,0,0,54,80,18,3,2,13,12,3,26,Flareon
1-08,16:14:12,NINTEN,Spearow,Pokemaniac,6,Victory Road,3,1:27:59.61,1:27:59,1h27m59s,14,12,26,67,5:24,11.622,DRILL PECK,MIMIC,AGILITY,DOUBLE-EDGE,29,11661,1282,188,22,746,732,279,17,104222,Flareon, ,Normal,Flying,308082,Spearow3,Spearow,,01:27:48.00,01:27:59.61,05:24:21.53,67,14,1,27,59,61,DRILL PECK,MIMIC,AGILITY,DOUBLE-EDGE,29,12,30,14,3,1,0,0,136,176,139,94,98,98,150,23793,41459,29867,37852,37852,36043,15,15,15,15,0,0,0,0,0,0,0,156,105,110,110,168,1169675,425078,624109,117148,3340,29,8,0,11661,9749,1264,648,1282,210,188,22,10,0,59790,31136,2616,2589,668,52,229,0,0,0,0,0,72,0,13,0,0,1,0,0,0,0,0,0,0,3,0,0,0,0,3,2,0,0,0,0,0,0,0,0,0,0,13,452,307957,0,0,0,0,54,80,18,3,2,13,12,3,26,Flareon
1-08,16:14:37,NINTEN,Spearow,Cooltrainer M,5,Victory Road,4,1:28:25.41,1:28:25,1h28m25s,14,12,26,67,5:26,17.307,DRILL PECK,MIMIC,AGILITY,DOUBLE-EDGE,29,11676,1297,189,22,752,738,281,17,106222,Flareon,Burned,Normal,Flying,313797,Spearow3,Spearow,,01:28:08.11,01:28:25.41,05:26:03.41,67,14,1,28,25,41,DRILL PECK,MIMIC,AGILITY,DOUBLE-EDGE,26,12,30,11,3,1,0,0,45,176,139,94,98,98,150,24048,41732,30146,38147,38147,36341,15,15,15,15,0,0,0,0,0,0,0,78,105,110,110,168,1175783,426005,628620,117818,3340,29,8,0,11676,9764,1264,648,1297,211,189,22,10,0,60536,31584,2707,2680,673,53,231,0,0,0,0,0,72,0,14,0,0,1,0,0,0,1,0,0,0,3,0,0,0,0,3,2,0,0,0,0,0,0,0,0,0,0,13,456,313672,0,0,0,0,54,80,18,3,2,13,12,3,26,Flareon
1-08,16:17:49,NINTEN,Spearow,Lorelei,1,Lorelei's Room,5,1:31:36.66,1:31:36,1h31m36s,14,13,27,80,5:38,27.686,DRILL PECK,MIMIC,AGILITY,DOUBLE-EDGE,32,11845,1317,191,25,779,762,297,16,53846,Flareon, ,Normal,Flying,526849,Spearow3,Spearow,Lorelei,01:31:08.98,01:31:36.66,05:38:38.09,80,14,1,31,36,66,DRILL PECK,MIMIC,AGILITY,DOUBLE-EDGE,22,12,30,15,3,1,0,0,181,209,165,111,117,117,178,24738,42442,31061,38887,38887,36936,15,15,15,15,0,0,0,0,0,0,0,185,124,131,131,200,1221051,434199,651174,132338,3340,32,8,0,11845,9867,1330,648,1317,216,191,25,10,0,62978,33100,4731,3028,697,54,237,0,0,0,0,0,75,0,15,0,0,1,0,0,0,1,0,0,0,3,0,0,0,0,3,2,0,0,0,0,0,0,0,0,0,0,17,466,329479,0,0,0,0,54,80,18,3,2,13,13,3,27,Flareon
1-08,16:18:20,NINTEN,Spearow,Bruno,1,Bruno's Room,5,1:32:08.38,1:32:08,1h32m8s,14,13,27,81,5:40,23.415,DRILL PECK,MIMIC,AGILITY,DOUBLE-EDGE,33,11856,1318,192,25,788,769,301,16,59390,Flareon, ,Normal,Flying,535056,Spearow3,Spearow,Bruno,01:31:44.96,01:32:08.38,05:40:43.33,81,14,1,32,8,38,DRILL PECK,MIMIC,AGILITY,DOUBLE-EDGE,18,9,30,15,3,1,0,0,183,211,167,113,119,119,181,24998,42887,31593,39082,39082,37294,15,15,15,15,0,-2,0,0,0,0,0,187,63,133,133,203,1228575,435101,657223,132911,3340,33,8,0,11856,9878,1330,648,1318,217,192,25,10,0,64291,33759,4731,3028,704,56,239,0,0,0,0,0,75,0,15,0,0,1,0,0,0,1,0,0,0,3,0,0,0,0,3,2,0,0,0,0,0,0,0,0,0,0,17,471,337686,0,0,0,0,54,80,18,3,2,13,13,3,27,Flareon
1-08,16:18:49,NINTEN,Spearow,Agatha,1,Agatha's Room,5,1:32:37.31,1:32:37,1h32m37s,14,13,27,81,5:42,15.892,DRILL PECK,MIMIC,AGILITY,DOUBLE-EDGE,34,11869,1319,193,25,793,774,301,16,65132,Flareon, ,Normal,Flying,545142,Spearow3,Spearow,Agatha,01:32:21.42,01:32:37.31,05:42:37.27,81,14,1,32,37,31,DRILL PECK,MIMIC,AGILITY,DOUBLE-EDGE,23,12,30,15,3,1,0,0,211,211,167,113,119,119,181,25298,43232,31897,39597,39597,37779,15,15,15,15,0,0,0,0,0,0,0,187,127,133,133,203,1235409,436087,661896,134086,3340,34,8,0,11869,9891,1330,648,1319,218,193,25,10,0,65165,34479,4731,3028,709,56,239,0,0,0,0,0,75,0,15,0,0,1,0,0,0,1,0,0,0,3,0,0,0,0,3,2,0,0,0,0,0,0,0,0,0,0,17,476,347772,0,0,0,0,54,80,18,3,2,13,13,3,27,Flareon
1-08,16:19:35,NINTEN,Spearow,Lance,1,Lance's Room,5,1:33:22.82,1:33:22,1h33m22s,14,13,27,82,5:45,32.821,DRILL PECK,MIMIC,AGILITY,DOUBLE-EDGE,35,11919,1321,194,25,805,785,306,16,71072,Flareon, ,Normal,Flying,556748,Spearow3,Spearow,Lance,01:32:49.99,01:33:22.82,05:45:37.31,82,14,1,33,22,82,DRILL PECK,MIMIC,AGILITY,DOUBLE-EDGE,20,6,28,15,3,1,0,0,25,215,170,115,121,121,184,25686,43764,32266,39997,39997,38210,15,15,15,15,0,0,0,0,4,0,0,191,129,136,136,621,1246213,437978,670138,134757,3340,35,8,0,11919,9941,1330,648,1321,219,194,25,10,0,66863,35491,4921,3218,717,57,243,0,0,0,0,0,75,0,15,0,0,1,0,0,0,1,0,0,0,3,0,0,0,0,3,2,0,0,0,0,0,0,0,0,0,0,17,481,359378,0,0,0,0,54,80,18,3,2,13,13,3,27,Flareon
1-08,16:20:36,NINTEN,Spearow,Champion,2,Champions Room,6,1:34:23.82,1:34:23,1h34m23s,14,13,27,82,5:49,43.489,DRILL PECK,MIMIC,AGILITY,DOUBLE-EDGE,36,11927,1321,195,25,816,796,311,16,77210,Flareon, ,Normal,Flying,571599,Spearow3,Spearow,Champion,01:33:40.32,01:34:23.82,05:49:38.57,82,14,1,34,23,82,DRILL PECK,MIMIC,AGILITY,DOUBLE-EDGE,26,9,27,14,3,1,0,0,81,215,170,115,121,121,184,26076,44294,32841,40627,40627,38655,15,15,15,15,0,0,0,0,6,0,0,270,183,193,193,828,1260699,439814,681459,136086,3340,36,8,0,11927,9949,1330,648,1321,220,195,25,10,0,68701,36458,5055,3352,725,59,246,0,0,0,0,0,79,0,16,0,0,1,0,0,0,1,0,0,0,3,0,0,0,0,3,2,0,0,0,0,0,0,0,0,0,0,17,487,374229,0,0,0,0,54,80,18,3,2,13,13,3,27,Flareon
1-08,16:20:52,NINTEN,Spearow,Champion,2,Hall of Fame,6,1:34:23.83,1:34:23,1h34m23s,14,13,27,82,5:50,59.881,DRILL PECK,MIMIC,AGILITY,DOUBLE-EDGE,36,11936,1322,195,25,816,796,311,16,83645,Flareon, ,Normal,Flying,571599,Spearow3,Spearow,Champion,01:33:40.32,01:34:23.83,05:50:43.56,82,14,1,34,23,83,DRILL PECK,MIMIC,AGILITY,DOUBLE-EDGE,26,9,27,14,3,1,0,0,81,215,170,115,121,121,184,26076,44294,32841,40627,40627,38655,15,15,15,15,0,0,0,0,6,0,0,270,183,193,193,828,1264598,443248,681924,136086,3340,36,8,0,11936,9958,1330,648,1322,220,195,25,10,0,68701,36458,5055,3352,725,59,246,0,0,0,0,0,79,0,16,0,0,1,0,0,0,1,0,0,0,3,0,0,0,0,3,2,0,0,0,0,0,0,0,0,0,0,17,487,374229,0,0,0,0,54,80,18,3,2,13,13,3,27,Flareon
