date_string,time_string,player_name,pokemon,trainer_name,trainer_id,location,total_pokemon,real_time_total,real_time_hmmss,real_time_file_label,resets,blackouts,failures,level,game_time,battle_duration,move1,move2,move3,move4,move1pp,move2pp,move3pp,move4pp,move1ppUp,move2ppUp,move3ppUp,move4ppUp,saves,steps,bonks,trainerBattles,wildBattles,battleTurns,playerTurns,enemyTurns,itemsInBag,money,rivalTeam,statusCondition,type1,type2,experience,ROM,Species,Trainer,Start Time,Real Time,Game Time,Level,Resets,RTHours,RTMinutes,RTSeconds,RTMilliseconds,Move 1,Move 2,Move 3,Move 4,Hp,Max HP,Attack,Defense,Sp. Attack,Sp. Defense,Speed,Attack DV,Defense DV,Speed DV,Special DV,StatExp HP,StatExp Attack,StatExp Def,StatExp Sp. Attack,StatExp Sp. Defense,StatExp Speed,Attack Stage,Defense Stage,Sp. Attack Stage,Sp. Defense Stage,Speed Stage,Accuracy Stage,Evasion Stage,Battle Attack,Battle Defense,Battle Sp. Attack,Battle Sp. Defense,Battle Speed,Frame Count,Overworld Frame Count,Battle Frame Count,Menu Frame Count,Intro Frame Count,Save Count,Reload Count,Clock Reset Count,Steps Count,Steps Count Walk,Steps Count Bike,Steps Count Surf,Bonks,Battles,Trainer Battles,Wild Battles,Battles Fled,Failed Runs,Total Damage Dealt,Actual Damage Dealt,Total Damage Taken,Actual Damage Taken,Own Moves Hit,Own Moves Missed,Enemy Moves Hit,Enemy Moves Missed,Own Moves Super Effective,Own Moves Not Very Effective,Enemy Moves Super Effective,Enemy Moves Not Very Effective,Criticals Dealt,OHKOs Dealt,Criticals Taken,OHKOs Taken,Was Confused,Enemy Became Confused,Was Paralyzed,Enemy Was Paralyzed,Was Burned,Enemy Was Burned,Was Frozen,Enemy Was Frozen,Was Poisoned,Enemy Was Poisoned,Was Badly Poisoned,Enemy Was Badly Poisoned,Fell Asleep,Enemy Fell Asleep,Player Turns Confused,Player Turns Confused Hit Self,Player Turns Paralyzed,Player Turns Paralyzed Fully,Enemy Turns Confused,Enemy Turns Confused Hit Self,Enemy Turns Paralyzed,Enemy Turns Paralyzed Fully, Player Turns Asleep, Enemy Turns Asleep,Player HP Healed,Enemy HP Healed,Player Pokemon Fainted,Enemy Pokemon Fainted,Experience Gained,Switchouts,Money Made,Money Spent,Money Lost,Items Picked Up,Items Bought,Items Sold,Balls Thrown,Pokemon Caught In Balls,Moves Learnt,Blackouts,Attempt Number,Failures, Rival's Team
6-20,21:49:43,NINTEN,Pikachu,Bug Catcher,1,Viridian Forest,3,4:38.34,4:38,0h4m38s,0,0,0,9,0:13,97.259,THUNDERSHOCK,GROWL,QUICK ATTACK,THUNDER WAVE,0,0,0,0,0,0,0,0,4,265,Flareon, ,Electric,Electric,793,Pikachu95,Pikachu,,00:00:00.00,00:04:38.34,00:13:13.33,9,0,0,4,38,34,THUNDERSHOCK,GROWL,QUICK ATTACK,THUNDER WAVE,19,40,30,20,0,0,0,0,25,32,18,17,20,20,24,526,552,492,435,435,673,15,15,15,15,0,0,0,0,-3,0,0,18,17,20,20,9,0,0,0,0,0,0,0,0,0,0,0,0,0,0,0,0,0,0,0,0,0,0,0,0,0,0,0,0,0,0,0,0,0,0,0,0,0,0,0,0,0,0,0,0,0,0,0,0,0,0,0,0,0,0,0,0,0,0,0,0,0,0,0,0,0,0,0,0,0,0,0,0,0,0,95,0,Flareon
6-20,21:50:03,NINTEN,Pikachu,Bug Catcher,2,Viridian Forest,3,4:57.96,4:57,0h4m57s,0,0,0,10,0:14,14.104,THUNDERSHOCK,GROWL,QUICK ATTACK,THUNDER WAVE,0,0,0,0,0,0,0,0,4,325,Flareon, ,Electric,Electric,1074,Pikachu95,Pikachu,,00:04:43.85,00:04:57.96,00:14:30.23,10,0,0,4,57,96,THUNDERSHOCK,GROWL,QUICK ATTACK,THUNDER WAVE,13,40,30,20,0,0,0,0,24,35,19,18,22,22,26,666,627,632,505,505,783,15,15,15,15,0,0,0,0,-1,0,0,19,18,22,22,17,0,0,0,0,0,0,0,0,0,0,0,0,0,0,0,0,0,0,0,0,0,0,0,0,0,0,0,0,0,0,0,0,0,0,0,0,0,0,0,0,0,0,0,0,0,0,0,0,0,0,0,0,0,0,0,0,0,0,0,0,0,0,0,0,0,0,0,0,0,0,0,0,0,0,95,0,Flareon
6-20,21:50:41,NINTEN,Pikachu,Bug Catcher,15,Viridian Forest,2,5:35.83,5:35,0h5m35s,0,0,0,11,0:16,16.322,THUNDERSHOCK,GROWL,QUICK ATTACK,TAIL WHIP,0,0,0,0,0,0,0,0,4,395,Flareon, ,Electric,Electric,1362,Pikachu95,Pikachu,,00:05:19.51,00:05:35.83,00:16:57.33,11,0,0,5,35,83,THUNDERSHOCK,GROWL,QUICK ATTACK,TAIL WHIP,6,40,30,30,0,0,0,0,27,38,21,20,24,24,28,891,767,837,615,615,988,15,15,15,15,0,0,0,0,-1,0,0,21,20,24,24,18,0,0,0,0,0,0,0,0,0,0,0,0,0,0,0,0,0,0,0,0,0,0,0,0,0,0,0,0,0,0,0,0,0,0,0,0,0,0,0,0,0,0,0,0,0,0,0,0,0,0,0,0,0,0,0,0,0,0,0,0,0,0,0,0,0,0,0,0,0,0,0,0,0,0,95,0,Flareon
6-20,21:51:23,NINTEN,Pikachu,Bug Catcher,3,Viridian Forest,2,6:18.54,6:18,0h6m18s,0,0,0,12,0:19,20.558,THUNDERSHOCK,TAIL WHIP,GROWL,QUICK ATTACK,0,0,0,0,0,0,0,0,4,455,Flareon, ,Electric,Electric,1984,Pikachu95,Pikachu,,00:05:57.97,00:06:18.54,00:19:44.43,12,0,0,6,18,54,THUNDERSHOCK,TAIL WHIP,GROWL,QUICK ATTACK,0,30,40,29,0,0,0,0,29,40,22,21,26,26,31,1096,962,1092,745,745,1173,15,15,15,15,0,0,0,0,0,0,0,22,21,26,26,31,0,0,0,0,0,0,0,0,0,0,0,0,0,0,0,0,0,0,0,0,0,0,0,0,0,0,0,0,0,0,0,0,0,0,0,0,0,0,0,0,0,0,0,0,0,0,0,0,0,0,0,0,0,0,0,0,0,0,0,0,0,0,0,0,0,0,0,0,0,0,0,0,0,0,95,0,Flareon
6-20,21:54:40,NINTEN,Pikachu,Blackbelt,2,Route 22,2,9:34.94,9:34,0h9m34s,0,0,0,15,0:32,13.578,THUNDERSHOCK,TAIL WHIP,GROWL,QUICK ATTACK,0,0,0,0,0,0,0,0,5,95,Flareon, ,Electric,Electric,3383,Pikachu95,Pikachu,,00:09:21.36,00:09:34.94,00:32:24.05,15,0,0,9,34,94,THUNDERSHOCK,TAIL WHIP,GROWL,QUICK ATTACK,25,30,40,30,0,0,0,0,49,49,27,26,32,32,38,2216,1917,2152,1566,1566,2296,15,15,15,15,0,-2,0,0,0,0,0,27,13,32,32,38,0,0,0,0,0,0,0,0,0,0,0,0,0,0,0,0,0,0,0,0,0,0,0,0,0,0,0,0,0,0,0,0,0,0,0,0,0,0,0,0,0,0,0,0,0,0,0,0,0,0,0,0,0,0,0,0,0,0,0,0,0,0,0,0,0,0,0,0,0,0,0,0,0,0,95,0,Flareon
6-20,22:03:07,NINTEN,Pikachu,Brock,1,Pewter City - Gym,2,18:02.58,18:02,0h18m2s,0,1,1,18,256:04,53.77,THUNDERSHOCK,TAIL WHIP,GROWL,QUICK ATTACK,0,0,0,0,0,0,0,0,5,375,Jolteon, ,Electric,Electric,6721,Pikachu95,Pikachu,Brock,00:17:08.81,00:18:02.58,256:04:55.23,18,0,0,18,2,58,THUNDERSHOCK,TAIL WHIP,GROWL,QUICK ATTACK,30,23,35,19,0,0,0,0,28,58,33,31,38,38,46,5332,5130,5241,3908,3908,5550,15,15,15,15,0,-2,0,0,0,0,0,33,15,38,38,46,0,0,0,0,0,0,0,0,0,0,0,0,0,0,0,0,0,0,0,0,0,0,0,0,0,0,0,0,0,0,0,0,0,0,0,0,0,0,0,0,0,0,0,0,0,0,0,0,0,0,0,0,0,0,0,0,0,0,0,0,0,0,0,0,0,0,0,0,0,0,0,0,0,1,95,1,Jolteon
6-20,22:03:39,NINTEN,Pikachu,Bug Catcher,4,Route 3,3,18:34.40,18:34,0h18m34s,0,1,1,19,256:07,12.511,THUNDERSHOCK,TAIL WHIP,GROWL,QUICK ATTACK,0,0,0,0,0,0,0,0,6,1563,Jolteon, ,Electric,Electric,7307,Pikachu95,Pikachu,,00:18:21.88,00:18:34.40,256:07:00.32,19,0,0,18,34,40,THUNDERSHOCK,TAIL WHIP,GROWL,QUICK ATTACK,27,30,40,30,0,0,0,0,60,60,35,33,40,40,48,5487,5220,5396,4038,4038,5685,15,15,15,15,0,0,0,0,0,0,0,39,33,40,40,48,0,0,0,0,0,0,0,0,0,0,0,0,0,0,0,0,0,0,0,0,0,0,0,0,0,0,0,0,0,0,0,0,0,0,0,0,0,0,0,0,0,0,0,0,0,0,0,0,0,0,0,0,0,0,0,0,0,0,0,0,0,0,0,0,0,0,0,0,0,0,0,0,0,1,95,1,Jolteon
6-20,22:03:49,NINTEN,Pikachu,Youngster Ben,1,Route 3,2,18:44.34,18:44,0h18m44s,0,1,1,19,256:07,6.455,THUNDERSHOCK,TAIL WHIP,GROWL,QUICK ATTACK,0,0,0,0,0,0,0,0,6,1663,Jolteon, ,Electric,Electric,7585,Pikachu95,Pikachu,,00:18:37.89,00:18:44.34,256:07:39.06,19,0,0,18,44,34,THUNDERSHOCK,TAIL WHIP,GROWL,QUICK ATTACK,25,30,40,30,0,0,0,0,60,60,35,33,40,40,48,5552,5336,5475,4103,4103,5812,15,15,15,15,0,0,0,0,0,0,0,39,33,40,40,48,0,0,0,0,0,0,0,0,0,0,0,0,0,0,0,0,0,0,0,0,0,0,0,0,0,0,0,0,0,0,0,0,0,0,0,0,0,0,0,0,0,0,0,0,0,0,0,0,0,0,0,0,0,0,0,0,0,0,0,0,0,0,0,0,0,0,0,0,0,0,0,0,0,1,95,1,Jolteon
6-20,22:03:59,NINTEN,Pikachu,Lass,2,Route 3,2,18:54.65,18:54,0h18m54s,0,1,1,19,256:08,6.334,THUNDERSHOCK,TAIL WHIP,GROWL,QUICK ATTACK,0,0,0,0,0,0,0,0,6,1828,Jolteon, ,Electric,Electric,7833,Pikachu95,Pikachu,,00:18:48.32,00:18:54.65,256:08:19.03,19,0,0,18,54,65,THUNDERSHOCK,TAIL WHIP,GROWL,QUICK ATTACK,23,30,40,30,0,0,0,0,60,60,35,33,40,40,48,5628,5449,5550,4168,4168,5934,15,15,15,15,0,0,0,0,0,0,0,39,33,40,40,48,0,0,0,0,0,0,0,0,0,0,0,0,0,0,0,0,0,0,0,0,0,0,0,0,0,0,0,0,0,0,0,0,0,0,0,0,0,0,0,0,0,0,0,0,0,0,0,0,0,0,0,0,0,0,0,0,0,0,0,0,0,0,0,0,0,0,0,0,0,0,0,0,0,1,95,1,Jolteon
6-20,22:04:21,NINTEN,Pikachu,Bug Catcher,5,Route 3,4,19:15.76,19:15,0h19m15s,0,1,1,20,256:09,18.209,ThunderPunch,TAIL WHIP,GROWL,QUICK ATTACK,0,0,0,0,0,0,0,0,6,1978,Jolteon, ,Electric,Electric,8308,Pikachu95,Pikachu,,00:18:57.55,00:19:15.76,256:09:41.53,20,0,0,19,15,76,ThunderPunch,TAIL WHIP,GROWL,QUICK ATTACK,13,30,40,30,0,0,0,0,63,63,36,34,42,42,50,5808,5559,5720,4258,4258,6094,15,15,15,15,0,0,0,0,0,0,0,40,34,42,42,50,0,0,0,0,0,0,0,0,0,0,0,0,0,0,0,0,0,0,0,0,0,0,0,0,0,0,0,0,0,0,0,0,0,0,0,0,0,0,0,0,0,0,0,0,0,0,0,0,0,0,0,0,0,0,0,0,0,0,0,0,0,0,0,0,0,0,0,0,0,0,0,0,0,1,95,1,Jolteon
6-20,22:04:38,NINTEN,Pikachu,Bug Catcher,6,Route 3,3,19:33.47,19:33,0h19m33s,0,1,1,20,256:10,12.5,ThunderPunch,TAIL WHIP,GROWL,QUICK ATTACK,0,0,0,0,0,0,0,0,6,2068,Jolteon, ,Electric,Electric,8719,Pikachu95,Pikachu,,00:19:20.97,00:19:33.47,256:10:51.11,20,0,0,19,33,47,ThunderPunch,TAIL WHIP,GROWL,QUICK ATTACK,11,30,40,28,0,0,0,0,60,63,36,34,42,42,50,5943,5669,5885,4363,4363,6179,15,15,15,15,0,0,0,0,0,0,0,40,34,42,42,50,0,0,0,0,0,0,0,0,0,0,0,0,0,0,0,0,0,0,0,0,0,0,0,0,0,0,0,0,0,0,0,0,0,0,0,0,0,0,0,0,0,0,0,0,0,0,0,0,0,0,0,0,0,0,0,0,0,0,0,0,0,0,0,0,0,0,0,0,0,0,0,0,0,1,95,1,Jolteon
6-20,22:05:14,NINTEN,Pikachu,Bug Catcher,7,Mt Moon - 1,2,20:09.63,20:09,0h20m9s,0,1,1,20,256:13,7.104,ThunderPunch,TAIL WHIP,GROWL,QUICK ATTACK,0,0,0,0,0,0,0,0,7,2158,Jolteon, ,Electric,Electric,9170,Pikachu95,Pikachu,,00:20:02.52,00:20:09.63,256:13:13.42,20,0,0,20,9,63,ThunderPunch,TAIL WHIP,GROWL,QUICK ATTACK,13,30,40,30,0,0,0,0,63,63,36,34,42,42,50,6048,5784,5955,4428,4428,6304,15,15,15,15,0,0,0,0,0,0,0,40,34,42,42,50,0,0,0,0,0,0,0,0,0,0,0,0,0,0,0,0,0,0,0,0,0,0,0,0,0,0,0,0,0,0,0,0,0,0,0,0,0,0,0,0,0,0,0,0,0,0,0,0,0,0,0,0,0,0,0,0,0,0,0,0,0,0,0,0,0,0,0,0,0,0,0,0,0,1,95,1,Jolteon
6-20,22:05:26,NINTEN,Pikachu,Lass,6,Mt Moon - 1,1,20:21.15,20:21,0h20m21s,0,1,1,21,256:13,5.073,ThunderPunch,TAIL WHIP,GROWL,QUICK ATTACK,0,0,0,0,0,0,0,0,7,2258,Jolteon, ,Electric,Electric,9374,Pikachu95,Pikachu,,00:20:16.09,00:20:21.15,256:13:58.39,21,0,0,20,21,15,ThunderPunch,TAIL WHIP,GROWL,QUICK ATTACK,12,30,40,30,0,0,0,0,66,66,38,36,44,44,53,6118,5829,6003,4488,4488,6339,15,15,15,15,0,0,0,0,0,0,0,42,36,44,44,53,0,0,0,0,0,0,0,0,0,0,0,0,0,0,0,0,0,0,0,0,0,0,0,0,0,0,0,0,0,0,0,0,0,0,0,0,0,0,0,0,0,0,0,0,0,0,0,0,0,0,0,0,0,0,0,0,0,0,0,0,0,0,0,0,0,0,0,0,0,0,0,0,0,1,95,1,Jolteon
6-20,22:05:55,NINTEN,Pikachu,Super Nerd,1,Mt Moon - 1,2,20:49.91,20:49,0h20m49s,0,1,1,21,256:15,12.185,ThunderPunch,TAIL WHIP,GROWL,QUICK ATTACK,0,0,0,0,0,0,0,0,7,2468,Jolteon, ,Electric,Electric,9823,Pikachu95,Pikachu,,00:20:37.73,00:20:49.91,256:15:50.22,21,0,0,20,49,91,ThunderPunch,TAIL WHIP,GROWL,QUICK ATTACK,12,30,40,26,0,0,0,0,64,66,38,36,44,44,53,6183,5894,6123,4638,4638,6484,15,15,15,15,0,-2,0,0,0,0,0,47,18,44,44,53,0,0,0,0,0,0,0,0,0,0,0,0,0,0,0,0,0,0,0,0,0,0,0,0,0,0,0,0,0,0,0,0,0,0,0,0,0,0,0,0,0,0,0,0,0,0,0,0,0,0,0,0,0,0,0,0,0,0,0,0,0,0,0,0,0,0,0,0,0,0,0,0,0,1,95,1,Jolteon
6-20,22:06:11,NINTEN,Pikachu,Bug Catcher,8,Mt Moon - 1,2,21:06.04,21:06,0h21m6s,0,1,1,21,256:16,7.02,ThunderPunch,TAIL WHIP,GROWL,QUICK ATTACK,0,0,0,0,0,0,0,0,8,2743,Jolteon, ,Electric,Electric,10338,Pikachu95,Pikachu,,00:20:59.02,00:21:06.04,256:16:52.41,21,0,0,21,6,4,ThunderPunch,TAIL WHIP,GROWL,QUICK ATTACK,9,30,40,26,0,0,0,0,64,66,38,36,44,44,53,6328,6014,6243,4778,4778,6654,15,15,15,15,0,0,0,0,0,0,0,42,36,44,44,53,0,0,0,0,0,0,0,0,0,0,0,0,0,0,0,0,0,0,0,0,0,0,0,0,0,0,0,0,0,0,0,0,0,0,0,0,0,0,0,0,0,0,0,0,0,0,0,0,0,0,0,0,0,0,0,0,0,0,0,0,0,0,0,0,0,0,0,0,0,0,0,0,0,1,95,1,Jolteon
6-20,22:06:51,NINTEN,Pikachu,Youngster,3,Mt Moon - 1,3,21:45.76,21:45,0h21m45s,0,1,1,22,256:19,17.678,ThunderPunch,TAIL WHIP,GROWL,QUICK ATTACK,0,0,0,0,0,0,0,0,8,2843,Jolteon, ,Electric,Electric,10772,Pikachu95,Pikachu,,00:21:28.08,00:21:45.76,256:19:25.10,22,0,0,21,45,76,ThunderPunch,TAIL WHIP,GROWL,QUICK ATTACK,7,30,40,22,0,0,0,0,54,69,39,38,46,46,55,6448,6190,6398,4873,4873,6821,15,15,15,15,0,0,0,0,0,-1,0,43,38,46,46,55,0,0,0,0,0,0,0,0,0,0,0,0,0,0,0,0,0,0,0,0,0,0,0,0,0,0,0,0,0,0,0,0,0,0,0,0,0,0,0,0,0,0,0,0,0,0,0,0,0,0,0,0,0,0,0,0,0,0,0,0,0,0,0,0,0,0,0,0,0,0,0,0,0,1,95,1,Jolteon
6-20,22:07:27,NINTEN,Pikachu,Fossil Nerd,2,Mt Moon - 3,3,22:22.40,22:22,0h22m22s,0,1,1,22,256:21,15.077,ThunderPunch,TAIL WHIP,GROWL,QUICK ATTACK,0,0,0,0,0,0,0,0,8,2993,Jolteon, ,Electric,Electric,11495,Pikachu95,Pikachu,,00:22:07.33,00:22:22.40,256:21:47.10,22,0,0,22,22,40,ThunderPunch,TAIL WHIP,GROWL,QUICK ATTACK,6,30,40,18,0,0,0,0,52,69,39,38,46,46,55,6593,6335,6568,5063,5063,6991,15,15,15,15,0,-2,0,0,0,0,0,48,19,46,46,55,0,0,0,0,0,0,0,0,0,0,0,0,0,0,0,0,0,0,0,0,0,0,0,0,0,0,0,0,0,0,0,0,0,0,0,0,0,0,0,0,0,0,0,0,0,0,0,0,0,0,0,0,0,0,0,0,0,0,0,0,0,0,0,0,0,0,0,0,0,0,0,0,0,1,95,1,Jolteon
6-20,22:08:55,NINTEN,Pikachu,Rocket,42,Mt Moon - 3,3,23:49.90,23:49,0h23m49s,0,1,1,23,256:27,11.706,ThunderPunch,TAIL WHIP,MEGA PUNCH,QUICK ATTACK,0,0,0,0,0,0,0,0,9,3293,Jolteon,Poisoned,Electric,Electric,12294,Pikachu95,Pikachu,,00:23:38.19,00:23:49.90,256:27:24.18,23,0,0,23,49,90,ThunderPunch,TAIL WHIP,MEGA PUNCH,QUICK ATTACK,2,30,20,18,0,0,0,0,48,72,41,39,48,48,58,6708,6505,6742,5203,5203,7171,15,15,15,15,0,0,0,0,0,0,0,46,39,48,48,58,0,0,0,0,0,0,0,0,0,0,0,0,0,0,0,0,0,0,0,0,0,0,0,0,0,0,0,0,0,0,0,0,0,0,0,0,0,0,0,0,0,0,0,0,0,0,0,0,0,0,0,0,0,0,0,0,0,0,0,0,0,0,0,0,0,0,0,0,0,0,0,0,0,1,95,1,Jolteon
6-20,22:09:24,NINTEN,Pikachu,Fisher,1,Cerulean City - Gym,2,24:19.14,24:19,0h24m19s,0,1,1,23,256:29,6.793,ThunderPunch,TAIL WHIP,MEGA PUNCH,QUICK ATTACK,0,0,0,0,0,0,0,0,9,3743,Jolteon, ,Electric,Electric,12908,Pikachu95,Pikachu,,00:24:12.35,00:24:19.14,256:29:18.42,23,0,0,24,19,14,ThunderPunch,TAIL WHIP,MEGA PUNCH,QUICK ATTACK,13,30,20,30,0,0,0,0,72,72,41,39,48,48,58,6768,6610,6912,5318,5318,7271,15,15,15,15,0,0,0,0,0,0,0,46,39,48,48,58,0,0,0,0,0,0,0,0,0,0,0,0,0,0,0,0,0,0,0,0,0,0,0,0,0,0,0,0,0,0,0,0,0,0,0,0,0,0,0,0,0,0,0,0,0,0,0,0,0,0,0,0,0,0,0,0,0,0,0,0,0,0,0,0,0,0,0,0,0,0,0,0,0,1,95,1,Jolteon
6-20,22:09:35,NINTEN,Pikachu,Pecking Lass,1,Cerulean City - Gym,1,24:30.29,24:30,0h24m30s,0,1,1,23,256:30,7.269,ThunderPunch,TAIL WHIP,MEGA PUNCH,QUICK ATTACK,0,0,0,0,0,0,0,0,9,3823,Jolteon, ,Electric,Electric,13314,Pikachu95,Pikachu,,00:24:23.01,00:24:30.29,256:30:02.08,23,0,0,24,30,29,ThunderPunch,TAIL WHIP,MEGA PUNCH,QUICK ATTACK,12,30,20,30,0,0,0,0,72,72,41,39,48,48,58,6833,6655,6967,5388,5388,7316,15,15,15,15,0,0,0,0,0,0,0,46,39,48,48,58,0,0,0,0,0,0,0,0,0,0,0,0,0,0,0,0,0,0,0,0,0,0,0,0,0,0,0,0,0,0,0,0,0,0,0,0,0,0,0,0,0,0,0,0,0,0,0,0,0,0,0,0,0,0,0,0,0,0,0,0,0,0,0,0,0,0,0,0,0,0,0,0,0,1,95,1,Jolteon
6-20,22:10:16,NINTEN,Pikachu,Misty,1,Cerulean City - Gym,3,25:11.54,25:11,0h25m11s,0,1,1,24,256:32,35.076,ThunderPunch,HEADBUTT,MEGA PUNCH,QUICK ATTACK,0,0,0,0,0,0,0,0,9,4203,Jolteon, ,Electric,Electric,14997,Pikachu95,Pikachu,Misty,00:24:36.46,00:25:11.54,256:32:45.12,24,0,0,25,11,54,ThunderPunch,HEADBUTT,MEGA PUNCH,QUICK ATTACK,8,15,20,30,0,0,0,0,54,75,43,41,50,50,60,6988,6849,7160,5588,5588,7549,15,15,15,15,0,0,0,0,0,0,0,48,41,50,50,60,0,0,0,0,0,0,0,0,0,0,0,0,0,0,0,0,0,0,0,0,0,0,0,0,0,0,0,0,0,0,0,0,0,0,0,0,0,0,0,0,0,0,0,0,0,0,0,0,0,0,0,0,0,0,0,0,0,0,0,0,0,0,0,0,0,0,0,0,0,0,0,0,0,1,95,1,Jolteon
6-20,22:11:07,NINTEN,Pikachu,Blackbelt,3,Cerulean City,4,26:02.28,26:02,0h26m2s,0,1,1,25,256:36,25.039,ThunderPunch,QUICK ATTACK,MEGA PUNCH,HEADBUTT,0,0,0,0,0,0,0,0,10,6282,Jolteon, ,Electric,Electric,16046,Pikachu95,Pikachu,,00:25:37.25,00:26:02.28,256:36:05.10,25,0,0,26,2,28,ThunderPunch,QUICK ATTACK,MEGA PUNCH,HEADBUTT,13,30,20,11,0,0,0,0,59,77,45,42,52,52,63,7178,7105,7325,5784,5784,7786,15,15,15,15,0,0,0,0,0,0,0,50,42,52,52,63,0,0,0,0,0,0,0,0,0,0,0,0,0,0,0,0,0,0,0,0,0,0,0,0,0,0,0,0,0,0,0,0,0,0,0,0,0,0,0,0,0,0,0,0,0,0,0,0,0,0,0,0,0,0,0,0,0,0,0,0,0,0,0,0,0,0,0,0,0,0,0,0,0,1,95,1,Jolteon
6-20,22:11:23,NINTEN,Pikachu,Bug Catcher,9,Route 24,2,26:18.01,26:18,0h26m18s,0,1,1,25,256:37,8.065,ThunderPunch,QUICK ATTACK,MEGA PUNCH,HEADBUTT,0,0,0,0,0,0,0,0,10,6947,Jolteon, ,Electric,Electric,16933,Pikachu95,Pikachu,,00:26:09.94,00:26:18.01,256:37:06.41,25,0,0,26,18,1,ThunderPunch,QUICK ATTACK,MEGA PUNCH,HEADBUTT,11,30,20,11,0,0,0,0,59,77,45,42,52,52,63,7303,7230,7415,5909,5909,7931,15,15,15,15,0,0,0,0,0,0,0,50,42,52,52,63,0,0,0,0,0,0,0,0,0,0,0,0,0,0,0,0,0,0,0,0,0,0,0,0,0,0,0,0,0,0,0,0,0,0,0,0,0,0,0,0,0,0,0,0,0,0,0,0,0,0,0,0,0,0,0,0,0,0,0,0,0,0,0,0,0,0,0,0,0,0,0,0,0,1,95,1,Jolteon
6-20,22:11:35,NINTEN,Pikachu,Lass,8,Route 24,2,26:30.49,26:30,0h26m30s,0,1,1,25,256:37,9.739,ThunderPunch,QUICK ATTACK,MEGA PUNCH,HEADBUTT,0,0,0,0,0,0,0,0,10,7077,Jolteon, ,Electric,Electric,17426,Pikachu95,Pikachu,,00:26:20.75,00:26:30.49,256:37:55.20,25,0,0,26,30,49,ThunderPunch,QUICK ATTACK,MEGA PUNCH,HEADBUTT,10,30,20,10,0,0,0,0,59,77,45,42,52,52,63,7468,7325,7490,6009,6009,7981,15,15,15,15,0,0,0,0,0,0,0,50,42,52,52,63,0,0,0,0,0,0,0,0,0,0,0,0,0,0,0,0,0,0,0,0,0,0,0,0,0,0,0,0,0,0,0,0,0,0,0,0,0,0,0,0,0,0,0,0,0,0,0,0,0,0,0,0,0,0,0,0,0,0,0,0,0,0,0,0,0,0,0,0,0,0,0,0,0,1,95,1,Jolteon
6-20,22:11:53,NINTEN,Pikachu,Youngster,4,Route 24,3,26:47.92,26:47,0h26m47s,0,1,1,26,256:39,14.062,ThunderPunch,QUICK ATTACK,MEGA PUNCH,HEADBUTT,0,0,0,0,0,0,0,0,10,7302,Jolteon, ,Electric,Electric,17945,Pikachu95,Pikachu,,00:26:33.86,00:26:47.92,256:39:03.35,26,0,0,26,47,92,ThunderPunch,QUICK ATTACK,MEGA PUNCH,HEADBUTT,7,30,20,10,0,0,0,0,62,80,46,44,54,54,65,7573,7486,7604,6114,6114,8163,15,15,15,15,0,0,0,0,0,0,0,51,44,54,54,65,0,0,0,0,0,0,0,0,0,0,0,0,0,0,0,0,0,0,0,0,0,0,0,0,0,0,0,0,0,0,0,0,0,0,0,0,0,0,0,0,0,0,0,0,0,0,0,0,0,0,0,0,0,0,0,0,0,0,0,0,0,0,0,0,0,0,0,0,0,0,0,0,0,1,95,1,Jolteon
6-20,22:12:05,NINTEN,Pikachu,Lass,7,Route 24,2,26:59.82,26:59,0h26m59s,0,1,1,26,256:39,8.1,ThunderPunch,QUICK ATTACK,MEGA PUNCH,HEADBUTT,0,0,0,0,0,0,0,0,10,7512,Jolteon, ,Electric,Electric,18333,Pikachu95,Pikachu,,00:26:51.72,00:26:59.82,256:39:49.54,26,0,0,26,59,82,ThunderPunch,QUICK ATTACK,MEGA PUNCH,HEADBUTT,5,30,20,10,0,0,0,0,62,80,46,44,54,54,65,7668,7578,7696,6189,6189,8260,15,15,15,15,0,0,0,0,0,0,0,51,44,54,54,65,0,0,0,0,0,0,0,0,0,0,0,0,0,0,0,0,0,0,0,0,0,0,0,0,0,0,0,0,0,0,0,0,0,0,0,0,0,0,0,0,0,0,0,0,0,0,0,0,0,0,0,0,0,0,0,0,0,0,0,0,0,0,0,0,0,0,0,0,0,0,0,0,0,1,95,1,Jolteon
6-20,22:12:14,NINTEN,Pikachu,Jr Trainer M,3,Route 24,1,27:08.99,27:08,0h27m8s,0,1,1,26,256:40,5.847,ThunderPunch,QUICK ATTACK,MEGA PUNCH,HEADBUTT,0,0,0,0,0,0,0,0,10,7752,Jolteon, ,Electric,Electric,18618,Pikachu95,Pikachu,,00:27:03.14,00:27:08.99,256:40:25.28,26,0,0,27,8,99,ThunderPunch,QUICK ATTACK,MEGA PUNCH,HEADBUTT,4,30,20,10,0,0,0,0,62,80,46,44,54,54,65,7708,7658,7731,6224,6224,8330,15,15,15,15,0,0,0,0,0,0,0,51,44,54,54,65,0,0,0,0,0,0,0,0,0,0,0,0,0,0,0,0,0,0,0,0,0,0,0,0,0,0,0,0,0,0,0,0,0,0,0,0,0,0,0,0,0,0,0,0,0,0,0,0,0,0,0,0,0,0,0,0,0,0,0,0,0,0,0,0,0,0,0,0,0,0,0,0,0,1,95,1,Jolteon
6-20,22:12:30,NINTEN,Pikachu,Rocket,6,Route 24,2,27:25.56,27:25,0h27m25s,0,1,1,26,256:41,10.115,ThunderPunch,QUICK ATTACK,MEGA PUNCH,HEADBUTT,0,0,0,0,0,0,0,0,11,8112,Jolteon, ,Electric,Electric,18988,Pikachu95,Pikachu,,00:27:15.45,00:27:25.56,256:41:30.26,26,0,0,27,25,56,ThunderPunch,QUICK ATTACK,MEGA PUNCH,HEADBUTT,2,30,20,10,0,0,0,0,62,80,46,44,54,54,65,7783,7763,7810,6304,6304,8440,15,15,15,15,0,0,0,0,0,0,0,51,44,54,54,65,0,0,0,0,0,0,0,0,0,0,0,0,0,0,0,0,0,0,0,0,0,0,0,0,0,0,0,0,0,0,0,0,0,0,0,0,0,0,0,0,0,0,0,0,0,0,0,0,0,0,0,0,0,0,0,0,0,0,0,0,0,0,0,0,0,0,0,0,0,0,0,0,0,1,95,1,Jolteon
6-20,22:13:18,NINTEN,Pikachu,Hiker,2,Route 25,2,28:13.24,28:13,0h28m13s,0,1,1,26,256:44,20.086,ThunderPunch,QUICK ATTACK,MEGA PUNCH,HEADBUTT,0,0,0,0,0,0,0,0,12,8562,Jolteon, ,Electric,Electric,19583,Pikachu95,Pikachu,,00:27:53.16,00:28:13.24,256:44:38.50,26,0,0,28,13,24,ThunderPunch,QUICK ATTACK,MEGA PUNCH,HEADBUTT,14,30,20,8,0,0,0,0,65,80,46,44,54,54,65,7893,7923,7960,6369,6369,8495,15,15,15,15,0,0,0,0,0,0,0,51,44,54,54,65,0,0,0,0,0,0,0,0,0,0,0,0,0,0,0,0,0,0,0,0,0,0,0,0,0,0,0,0,0,0,0,0,0,0,0,0,0,0,0,0,0,0,0,0,0,0,0,0,0,0,0,0,0,0,0,0,0,0,0,0,0,0,0,0,0,0,0,0,0,0,0,0,0,1,95,1,Jolteon
6-20,22:13:36,NINTEN,Pikachu,Lass,9,Route 25,1,28:31.32,28:31,0h28m31s,0,1,1,27,256:45,9.55,ThunderPunch,QUICK ATTACK,MEGA PUNCH,HEADBUTT,0,0,0,0,0,0,0,0,13,9122,Jolteon, ,Electric,Electric,19956,Pikachu95,Pikachu,,00:28:21.78,00:28:31.32,256:45:49.51,27,0,0,28,31,32,ThunderPunch,QUICK ATTACK,MEGA PUNCH,HEADBUTT,12,30,20,8,0,0,0,0,60,83,48,46,56,56,67,8033,7993,8015,6454,6454,8540,15,15,15,15,0,0,0,0,0,0,0,54,46,56,56,67,0,0,0,0,0,0,0,0,0,0,0,0,0,0,0,0,0,0,0,0,0,0,0,0,0,0,0,0,0,0,0,0,0,0,0,0,0,0,0,0,0,0,0,0,0,0,0,0,0,0,0,0,0,0,0,0,0,0,0,0,0,0,0,0,0,0,0,0,0,0,0,0,0,1,95,1,Jolteon
6-20,22:13:59,NINTEN,Pikachu,Jr Trainer M,2,Route 25,2,28:53.88,28:53,0h28m53s,0,1,1,27,256:47,9.553,ThunderPunch,QUICK ATTACK,MEGA PUNCH,HEADBUTT,0,0,0,0,0,0,0,0,13,9362,Jolteon, ,Electric,Electric,20471,Pikachu95,Pikachu,,00:28:44.33,00:28:53.88,256:47:18.36,27,0,0,28,53,88,ThunderPunch,QUICK ATTACK,MEGA PUNCH,HEADBUTT,11,30,20,7,0,0,0,0,60,83,48,46,56,56,67,8093,8115,8088,6549,6549,8690,15,15,15,15,0,0,0,0,0,0,0,54,46,56,56,67,0,0,0,0,0,0,0,0,0,0,0,0,0,0,0,0,0,0,0,0,0,0,0,0,0,0,0,0,0,0,0,0,0,0,0,0,0,0,0,0,0,0,0,0,0,0,0,0,0,0,0,0,0,0,0,0,0,0,0,0,0,0,0,0,0,0,0,0,0,0,0,0,0,1,95,1,Jolteon
6-20,22:14:21,NINTEN,Pikachu,Oddish Lass,10,Route 25,3,29:15.90,29:15,0h29m15s,0,1,1,27,256:48,16.148,ThunderPunch,QUICK ATTACK,MEGA PUNCH,HEADBUTT,0,0,0,0,0,0,0,0,13,9662,Jolteon, ,Electric,Electric,21192,Pikachu95,Pikachu,Oddish Lass,00:28:59.76,00:29:15.90,256:48:45.06,27,0,0,29,15,90,ThunderPunch,QUICK ATTACK,MEGA PUNCH,HEADBUTT,10,30,20,3,0,0,0,0,55,83,48,46,56,56,67,8233,8260,8238,6734,6734,8806,15,15,15,15,0,0,0,0,0,0,0,54,46,56,56,67,0,0,0,0,0,0,0,0,0,0,0,0,0,0,0,0,0,0,0,0,0,0,0,0,0,0,0,0,0,0,0,0,0,0,0,0,0,0,0,0,0,0,0,0,0,0,0,0,0,0,0,0,0,0,0,0,0,0,0,0,0,0,0,0,0,0,0,0,0,0,0,0,0,1,95,1,Jolteon
6-20,22:15:27,NINTEN,Pikachu,Cerulean Rocket,5,Cerulean City,2,30:22.43,30:22,0h30m22s,0,1,1,27,256:53,8.564,ThunderPunch,QUICK ATTACK,MEGA PUNCH,HEADBUTT,0,0,0,0,0,0,0,0,15,9902,Jolteon, ,Electric,Electric,21881,Pikachu95,Pikachu,Rocket,00:30:13.86,00:30:22.43,256:53:01.45,27,0,0,30,22,43,ThunderPunch,QUICK ATTACK,MEGA PUNCH,HEADBUTT,14,30,20,14,0,0,0,0,83,83,48,46,56,56,67,8363,8388,8333,6859,6859,8883,15,15,15,15,0,0,0,0,0,0,0,54,46,56,56,67,0,0,0,0,0,0,0,0,0,0,0,0,0,0,0,0,0,0,0,0,0,0,0,0,0,0,0,0,0,0,0,0,0,0,0,0,0,0,0,0,0,0,0,0,0,0,0,0,0,0,0,0,0,0,0,0,0,0,0,0,0,0,0,0,0,0,0,0,0,0,0,0,0,1,95,1,Jolteon
6-20,22:15:57,NINTEN,Pikachu,Sandy,3,Route 6,3,30:52.17,30:52,0h30m52s,0,1,1,28,256:54,11.423,ThunderPunch,QUICK ATTACK,MEGA PUNCH,HEADBUTT,0,0,0,0,0,0,0,0,17,10412,Jolteon, ,Electric,Electric,22453,Pikachu95,Pikachu,,00:30:40.75,00:30:52.17,256:54:58.35,28,0,0,30,52,17,ThunderPunch,QUICK ATTACK,MEGA PUNCH,HEADBUTT,11,30,20,14,0,0,0,0,86,86,50,47,58,58,70,8483,8538,8443,6960,6960,9065,15,15,15,15,0,0,0,0,0,0,0,56,47,58,58,70,0,0,0,0,0,0,0,0,0,0,0,0,0,0,0,0,0,0,0,0,0,0,0,0,0,0,0,0,0,0,0,0,0,0,0,0,0,0,0,0,0,0,0,0,0,0,0,0,0,0,0,0,0,0,0,0,0,0,0,0,0,0,0,0,0,0,0,0,0,0,0,0,0,1,95,1,Jolteon
6-20,22:16:11,NINTEN,Pikachu,Jr Trainer M,5,Route 6,2,31:06.49,31:06,0h31m6s,0,1,1,28,256:55,10.373,ThunderPunch,QUICK ATTACK,MEGA PUNCH,HEADBUTT,0,0,0,0,0,0,0,0,17,10732,Jolteon, ,Electric,Electric,23142,Pikachu95,Pikachu,,00:30:56.12,00:31:06.49,256:55:54.34,28,0,0,31,6,49,ThunderPunch,QUICK ATTACK,MEGA PUNCH,HEADBUTT,9,30,20,14,0,0,0,0,86,86,50,47,58,58,70,8578,8699,8538,7045,7045,9232,15,15,15,15,0,0,0,0,0,0,0,56,47,58,58,70,0,0,0,0,0,0,0,0,0,0,0,0,0,0,0,0,0,0,0,0,0,0,0,0,0,0,0,0,0,0,0,0,0,0,0,0,0,0,0,0,0,0,0,0,0,0,0,0,0,0,0,0,0,0,0,0,0,0,0,0,0,0,0,0,0,0,0,0,0,0,0,0,0,1,95,1,Jolteon
6-20,22:17:08,NINTEN,Pikachu,Gentleman,2,SS Anne,2,32:02.90,32:02,0h32m2s,0,1,1,28,256:59,7.733,ThunderPunch,QUICK ATTACK,MEGA PUNCH,HEADBUTT,0,0,0,0,0,0,0,0,20,8622,Jolteon, ,Electric,Electric,23625,Pikachu95,Pikachu,,00:31:55.17,00:32:02.90,256:59:37.17,28,0,0,32,2,90,ThunderPunch,QUICK ATTACK,MEGA PUNCH,HEADBUTT,7,30,20,14,0,0,0,0,86,86,50,47,58,58,70,8679,8803,8630,7125,7125,9323,15,15,15,15,0,0,0,0,0,0,0,56,47,58,58,70,0,0,0,0,0,0,0,0,0,0,0,0,0,0,0,0,0,0,0,0,0,0,0,0,0,0,0,0,0,0,0,0,0,0,0,0,0,0,0,0,0,0,0,0,0,0,0,0,0,0,0,0,0,0,0,0,0,0,0,0,0,0,0,0,0,0,0,0,0,0,0,0,0,1,95,1,Jolteon
6-20,22:17:40,NINTEN,Pikachu,Sailor,5,SS Anne,2,32:35.52,32:35,0h32m35s,0,1,1,29,512:01,10.485,ThunderPunch,QUICK ATTACK,MEGA PUNCH,HEADBUTT,0,0,0,0,0,0,0,0,21,9952,Jolteon, ,Electric,Electric,24523,Pikachu95,Pikachu,,00:32:25.04,00:32:35.52,512:01:44.24,29,0,0,32,35,52,ThunderPunch,QUICK ATTACK,MEGA PUNCH,HEADBUTT,5,30,20,14,0,0,0,0,89,89,52,49,60,60,72,8739,8953,8775,7220,7220,9458,15,15,15,15,0,0,0,0,0,0,0,58,49,60,60,72,0,0,0,0,0,0,0,0,0,0,0,0,0,0,0,0,0,0,0,0,0,0,0,0,0,0,0,0,0,0,0,0,0,0,0,0,0,0,0,0,0,0,0,0,0,0,0,0,0,0,0,0,0,0,0,0,0,0,0,0,0,0,0,0,0,0,0,0,0,0,0,0,0,1,95,1,Jolteon
6-20,22:17:57,NINTEN,Pikachu,Youngster,8,SS Anne,1,32:52.71,32:52,0h32m52s,0,1,1,29,512:02,8.016,ThunderPunch,QUICK ATTACK,MEGA PUNCH,HEADBUTT,0,0,0,0,0,0,0,0,22,10522,Jolteon, ,Electric,Electric,25054,Pikachu95,Pikachu,,00:32:44.69,00:32:52.71,512:02:51.34,29,0,0,32,52,71,ThunderPunch,QUICK ATTACK,MEGA PUNCH,HEADBUTT,4,30,20,13,0,0,0,0,80,89,52,49,60,60,72,8800,9025,8832,7275,7275,9523,15,15,15,15,0,0,0,0,0,0,0,58,49,60,60,72,0,0,0,0,0,0,0,0,0,0,0,0,0,0,0,0,0,0,0,0,0,0,0,0,0,0,0,0,0,0,0,0,0,0,0,0,0,0,0,0,0,0,0,0,0,0,0,0,0,0,0,0,0,0,0,0,0,0,0,0,0,0,0,0,0,0,0,0,0,0,0,0,0,1,95,1,Jolteon
6-20,22:18:30,NINTEN,Pikachu,Gentleman,5,SS Anne,2,33:24.73,33:24,0h33m24s,0,1,1,29,512:04,12.758,ThunderPunch,QUICK ATTACK,HEADBUTT,BODY SLAM,0,0,0,0,0,0,0,0,22,10837,Jolteon, ,Electric,Electric,25990,Pikachu95,Pikachu,,00:33:11.97,00:33:24.73,512:04:57.23,29,0,0,33,24,73,ThunderPunch,QUICK ATTACK,HEADBUTT,BODY SLAM,3,30,13,14,0,0,0,0,80,89,52,49,60,60,72,8905,9180,8932,7390,7390,9683,15,15,15,15,0,0,0,0,0,0,0,58,49,60,60,72,0,0,0,0,0,0,0,0,0,0,0,0,0,0,0,0,0,0,0,0,0,0,0,0,0,0,0,0,0,0,0,0,0,0,0,0,0,0,0,0,0,0,0,0,0,0,0,0,0,0,0,0,0,0,0,0,0,0,0,0,0,0,0,0,0,0,0,0,0,0,0,0,0,1,95,1,Jolteon
6-20,22:19:25,NINTEN,Pikachu,Rival3-SS Anne,1,SS Anne,4,34:20.39,34:20,0h34m20s,0,1,1,30,512:08,36.585,ThunderPunch,QUICK ATTACK,THUNDERBOLT,BODY SLAM,0,0,0,0,0,0,0,0,22,12097,Jolteon, ,Electric,Electric,28087,Pikachu95,Pikachu,Rival (SS Anne),00:33:43.81,00:34:20.39,512:08:37.15,30,0,0,34,20,39,ThunderPunch,QUICK ATTACK,THUNDERBOLT,BODY SLAM,12,30,14,10,0,0,0,0,31,91,54,51,62,62,75,9145,9491,9192,7625,7625,9930,15,15,15,15,0,0,0,0,0,0,0,60,51,62,62,75,0,0,0,0,0,0,0,0,0,0,0,0,0,0,0,0,0,0,0,0,0,0,0,0,0,0,0,0,0,0,0,0,0,0,0,0,0,0,0,0,0,0,0,0,0,0,0,0,0,0,0,0,0,0,0,0,0,0,0,0,0,0,0,0,0,0,0,0,0,0,0,0,0,1,95,1,Jolteon
6-20,22:20:41,NINTEN,Pikachu,Surge,1,Vermilion City - Gym,1,35:36.65,35:36,0h35m36s,0,1,1,30,512:13,12.572,ThunderPunch,QUICK ATTACK,THUNDERBOLT,BODY SLAM,0,0,0,0,0,0,0,0,22,13657,Jolteon,Paralyzed,Electric,Electric,28844,Pikachu95,Pikachu,Lt. Surge,00:35:24.08,00:35:36.65,512:13:38.22,30,0,0,35,36,65,ThunderPunch,QUICK ATTACK,THUNDERBOLT,BODY SLAM,12,29,14,8,0,0,0,0,65,91,54,51,62,62,75,9205,9581,9247,7715,7715,10030,15,15,15,15,0,0,0,0,0,0,0,60,51,62,62,18,0,0,0,0,0,0,0,0,0,0,0,0,0,0,0,0,0,0,0,0,0,0,0,0,0,0,0,0,0,0,0,0,0,0,0,0,0,0,0,0,0,0,0,0,0,0,0,0,0,0,0,0,0,0,0,0,0,0,0,0,0,0,0,0,0,0,0,0,0,0,0,0,0,1,95,1,Jolteon
6-20,22:22:46,NINTEN,Pikachu,Wrapping Lass,5,Route 9,4,37:41.25,37:41,0h37m41s,1,0,1,31,512:19,26.494,ThunderPunch,QUICK ATTACK,THUNDERBOLT,BODY SLAM,0,0,0,0,0,0,0,0,24,16528,Jolteon,Poisoned,Electric,Electric,30828,Pikachu95,Pikachu,RTG1 - Wrapping Lass,00:37:14.75,00:37:41.25,512:19:00.50,31,1,0,37,41,25,ThunderPunch,QUICK ATTACK,THUNDERBOLT,BODY SLAM,15,29,14,10,0,0,0,0,41,94,55,52,64,64,77,9433,9821,9507,8010,8010,10231,15,15,15,15,0,0,0,0,0,0,0,61,58,64,64,77,0,0,0,0,0,0,0,0,0,0,0,0,0,0,0,0,0,0,0,0,0,0,0,0,0,0,0,0,0,0,0,0,0,0,0,0,0,0,0,0,0,0,0,0,0,0,0,0,0,0,0,0,0,0,0,0,0,0,0,0,0,0,0,0,0,0,0,0,0,0,0,0,0,0,95,1,Jolteon
6-20,22:23:11,NINTEN,Pikachu,Bug Catcher,14,Route 9,3,38:06.14,38:06,0h38m6s,1,0,1,32,512:20,10.694,ThunderPunch,QUICK ATTACK,THUNDERBOLT,BODY SLAM,0,0,0,0,0,0,0,0,24,16948,Jolteon, ,Electric,Electric,33104,Pikachu95,Pikachu,,00:37:55.44,00:38:06.14,512:20:37.55,32,1,0,38,6,14,ThunderPunch,QUICK ATTACK,THUNDERBOLT,BODY SLAM,12,29,14,10,0,0,0,0,97,97,57,54,66,66,80,9628,10056,9677,8190,8190,10481,15,15,15,15,0,0,0,0,0,0,0,64,60,66,66,80,0,0,0,0,0,0,0,0,0,0,0,0,0,0,0,0,0,0,0,0,0,0,0,0,0,0,0,0,0,0,0,0,0,0,0,0,0,0,0,0,0,0,0,0,0,0,0,0,0,0,0,0,0,0,0,0,0,0,0,0,0,0,0,0,0,0,0,0,0,0,0,0,0,0,95,1,Jolteon
6-20,22:24:20,NINTEN,Pikachu,Slowbone,7,Rock Tunnel - 1,2,39:15.18,39:15,0h39m15s,1,0,1,32,512:25,15.854,ThunderPunch,CUT,THUNDERBOLT,BODY SLAM,0,0,0,0,0,0,0,0,24,17158,Jolteon, ,Electric,Electric,34098,Pikachu95,Pikachu,,00:38:59.33,00:39:15.18,512:25:10.08,32,1,0,39,15,18,ThunderPunch,CUT,THUNDERBOLT,BODY SLAM,11,30,14,8,0,0,0,0,97,97,57,54,66,66,80,9768,10171,9837,8270,8270,10531,15,15,15,15,0,-1,0,0,0,0,0,72,39,66,66,80,0,0,0,0,0,0,0,0,0,0,0,0,0,0,0,0,0,0,0,0,0,0,0,0,0,0,0,0,0,0,0,0,0,0,0,0,0,0,0,0,0,0,0,0,0,0,0,0,0,0,0,0,0,0,0,0,0,0,0,0,0,0,0,0,0,0,0,0,0,0,0,0,0,0,95,1,Jolteon
6-20,22:24:30,NINTEN,Pikachu,Pokemaniac,5,Rock Tunnel,1,39:25.66,39:25,0h39m25s,1,0,1,32,512:25,6.307,THUNDERBOLT,CUT,ThunderPunch,BODY SLAM,0,0,0,0,0,0,0,0,24,18408,Jolteon, ,Electric,Electric,34627,Pikachu95,Pikachu,,00:39:19.35,00:39:25.66,512:25:50.47,32,1,0,39,25,66,THUNDERBOLT,CUT,ThunderPunch,BODY SLAM,13,30,11,8,0,0,0,0,97,97,57,54,66,66,80,9858,10236,9902,8310,8310,10546,15,15,15,15,0,0,0,0,0,0,0,64,60,66,66,80,0,0,0,0,0,0,0,0,0,0,0,0,0,0,0,0,0,0,0,0,0,0,0,0,0,0,0,0,0,0,0,0,0,0,0,0,0,0,0,0,0,0,0,0,0,0,0,0,0,0,0,0,0,0,0,0,0,0,0,0,0,0,0,0,0,0,0,0,0,0,0,0,0,0,95,1,Jolteon
6-20,22:24:53,NINTEN,Pikachu,Status-Condition-Jr-Trainer,10,Rock Tunnel,2,39:47.93,39:47,0h39m47s,1,0,1,33,512:27,18.432,THUNDERBOLT,CUT,ThunderPunch,BODY SLAM,0,0,0,0,0,0,0,0,24,19658,Jolteon,Poisoned,Electric,Electric,36029,Pikachu95,Pikachu,RTG4 - Status Jr Trainer,00:39:29.50,00:39:47.93,512:27:18.23,33,1,0,39,47,93,THUNDERBOLT,CUT,ThunderPunch,BODY SLAM,13,26,11,8,0,0,0,0,92,100,59,56,68,68,82,9988,10363,10035,8475,8475,10646,15,15,15,15,0,0,0,0,0,0,0,66,63,68,68,82,0,0,0,0,0,0,0,0,0,0,0,0,0,0,0,0,0,0,0,0,0,0,0,0,0,0,0,0,0,0,0,0,0,0,0,0,0,0,0,0,0,0,0,0,0,0,0,0,0,0,0,0,0,0,0,0,0,0,0,0,0,0,0,0,0,0,0,0,0,0,0,0,0,0,95,1,Jolteon
6-20,22:25:45,NINTEN,Pikachu,Selfdestructing Hiker,9,Rock Tunnel,3,40:40.51,40:40,0h40m40s,1,0,1,33,512:30,25.823,THUNDERBOLT,CUT,ThunderPunch,BODY SLAM,0,0,0,0,0,0,0,0,24,20138,Jolteon, ,Electric,Electric,37599,Pikachu95,Pikachu,,00:40:14.68,00:40:40.51,512:30:45.58,33,1,0,40,40,51,THUNDERBOLT,CUT,ThunderPunch,BODY SLAM,13,15,11,8,0,0,0,0,28,100,59,56,68,68,82,10123,10618,10350,8580,8580,10721,15,15,15,15,0,0,0,0,0,0,0,66,63,68,68,82,0,0,0,0,0,0,0,0,0,0,0,0,0,0,0,0,0,0,0,0,0,0,0,0,0,0,0,0,0,0,0,0,0,0,0,0,0,0,0,0,0,0,0,0,0,0,0,0,0,0,0,0,0,0,0,0,0,0,0,0,0,0,0,0,0,0,0,0,0,0,0,0,0,0,95,1,Jolteon
6-20,22:26:18,NINTEN,Pikachu,Finisher,18,Rock Tunnel - 1,3,41:13.23,41:13,0h41m13s,1,0,1,34,512:32,11.967,THUNDERBOLT,CUT,ThunderPunch,BODY SLAM,0,0,0,0,0,0,0,0,23,20978,Jolteon, ,Electric,Electric,39439,Pikachu95,Pikachu,RTG6 - Finisher,00:41:01.26,00:41:13.23,512:32:54.51,34,1,0,41,13,23,THUNDERBOLT,CUT,ThunderPunch,BODY SLAM,10,15,11,8,0,0,0,0,103,103,61,57,70,70,85,10287,10816,10530,8746,8746,10969,15,15,15,15,0,0,0,0,0,0,0,68,64,70,70,85,0,0,0,0,0,0,0,0,0,0,0,0,0,0,0,0,0,0,0,0,0,0,0,0,0,0,0,0,0,0,0,0,0,0,0,0,0,0,0,0,0,0,0,0,0,0,0,0,0,0,0,0,0,0,0,0,0,0,0,0,0,0,0,0,0,0,0,0,0,0,0,0,0,0,95,1,Jolteon
6-20,22:26:36,NINTEN,Pikachu,Cue Ball,7,Route 8,2,41:31.66,41:31,0h41m31s,1,0,1,34,512:34,7.617,THUNDERBOLT,CUT,ThunderPunch,BODY SLAM,0,0,0,0,0,0,0,0,24,21438,Jolteon, ,Electric,Electric,40329,Pikachu95,Pikachu,,00:41:24.04,00:41:31.66,512:34:06.57,34,1,0,41,31,66,THUNDERBOLT,CUT,ThunderPunch,BODY SLAM,8,15,11,8,0,0,0,0,98,103,61,57,70,70,85,10387,10927,10620,8866,8866,11104,15,15,15,15,0,0,0,0,0,0,0,68,64,70,70,85,0,0,0,0,0,0,0,0,0,0,0,0,0,0,0,0,0,0,0,0,0,0,0,0,0,0,0,0,0,0,0,0,0,0,0,0,0,0,0,0,0,0,0,0,0,0,0,0,0,0,0,0,0,0,0,0,0,0,0,0,0,0,0,0,0,0,0,0,0,0,0,0,0,0,95,1,Jolteon
6-20,22:27:32,NINTEN,Pikachu,Rocket,7,Celadon City - Game Corner,2,42:27.48,42:27,0h42m27s,1,0,1,34,512:37,7.046,THUNDERBOLT,CUT,ThunderPunch,BODY SLAM,0,0,0,0,0,0,0,0,23,23328,Jolteon, ,Electric,Electric,41741,Pikachu95,Pikachu,,00:42:20.44,00:42:27.48,512:37:47.16,34,1,0,42,27,48,THUNDERBOLT,CUT,ThunderPunch,BODY SLAM,13,30,15,15,0,0,0,0,103,103,61,57,70,70,85,10517,11088,10750,8991,8991,11301,15,15,15,15,0,0,0,0,0,0,0,68,64,70,70,85,0,0,0,0,0,0,0,0,0,0,0,0,0,0,0,0,0,0,0,0,0,0,0,0,0,0,0,0,0,0,0,0,0,0,0,0,0,0,0,0,0,0,0,0,0,0,0,0,0,0,0,0,0,0,0,0,0,0,0,0,0,0,0,0,0,0,0,0,0,0,0,0,0,0,95,1,Jolteon
6-20,22:29:13,NINTEN,Pikachu,Cooltrainer F,1,Celadon City - Gym,3,44:08.04,44:08,0h44m8s,1,0,1,35,512:44,22.177,THUNDERBOLT,CUT,FLY,BODY SLAM,0,0,0,0,0,0,0,0,24,24018,Jolteon, ,Electric,Electric,44373,Pikachu95,Pikachu,,00:43:45.86,00:44:08.04,512:44:24.23,35,1,0,44,8,4,THUNDERBOLT,CUT,FLY,BODY SLAM,13,28,12,15,0,0,0,0,63,106,63,59,72,72,87,10712,11305,10933,9241,9241,11456,15,15,15,15,0,0,0,0,0,0,0,70,66,72,72,87,0,0,0,0,0,0,0,0,0,0,0,0,0,0,0,0,0,0,0,0,0,0,0,0,0,0,0,0,0,0,0,0,0,0,0,0,0,0,0,0,0,0,0,0,0,0,0,0,0,0,0,0,0,0,0,0,0,0,0,0,0,0,0,0,0,0,0,0,0,0,0,0,0,0,95,1,Jolteon
6-20,22:30:37,NINTEN,Pikachu,Gambler,1,Celadon City - Gym,3,45:32.04,45:32,0h45m32s,2,0,2,36,512:48,35.684,THUNDERBOLT,CUT,FLY,BODY SLAM,0,0,0,0,0,0,0,0,24,25033,Jolteon, ,Electric,Electric,46949,Pikachu95,Pikachu,,00:44:56.35,00:45:32.04,512:48:13.13,36,2,0,45,32,4,THUNDERBOLT,CUT,FLY,BODY SLAM,13,28,6,15,0,0,0,0,43,109,65,61,74,74,90,10902,11490,11178,9486,9486,11611,15,15,15,15,0,0,0,0,0,0,0,73,68,74,74,90,0,0,0,0,0,0,0,0,0,0,0,0,0,0,0,0,0,0,0,0,0,0,0,0,0,0,0,0,0,0,0,0,0,0,0,0,0,0,0,0,0,0,0,0,0,0,0,0,0,0,0,0,0,0,0,0,0,0,0,0,0,0,0,0,0,0,0,0,0,0,0,0,0,0,95,2,Jolteon
6-20,22:31:29,NINTEN,Pikachu,Rival4-Pkmn Tower,2,Pokemon Tower - 2F,5,46:24.52,46:24,0h46m24s,2,0,2,37,512:51,31.548,THUNDERBOLT,CUT,FLY,BODY SLAM,0,0,0,0,0,0,0,0,24,27063,Jolteon, ,Electric,Electric,51917,Pikachu95,Pikachu,Rival (Pokemon Tower),00:45:52.97,00:46:24.52,512:51:39.53,37,2,0,46,24,52,THUNDERBOLT,CUT,FLY,BODY SLAM,11,30,15,10,0,0,0,0,15,112,66,63,77,77,92,11157,11815,11478,9872,9872,12046,15,15,15,15,0,0,0,0,0,0,0,74,70,77,77,92,0,0,0,0,0,0,0,0,0,0,0,0,0,0,0,0,0,0,0,0,0,0,0,0,0,0,0,0,0,0,0,0,0,0,0,0,0,0,0,0,0,0,0,0,0,0,0,0,0,0,0,0,0,0,0,0,0,0,0,0,0,0,0,0,0,0,0,0,0,0,0,0,0,0,95,2,Jolteon
6-20,22:32:09,NINTEN,Pikachu,Agatha Jr,10,Pokemon Tower - 4F,2,47:04.60,47:04,0h47m4s,2,0,2,37,512:54,10.452,THUNDERBOLT,CUT,FLY,BODY SLAM,0,0,0,0,0,0,0,0,23,29338,Jolteon, ,Electric,Electric,53099,Pikachu95,Pikachu,,00:46:54.14,00:47:04.60,512:54:17.59,37,2,0,47,4,60,THUNDERBOLT,CUT,FLY,BODY SLAM,7,30,15,10,0,0,0,0,99,112,66,63,77,77,92,11247,11898,11553,10062,10062,12168,15,15,15,15,0,0,0,0,0,0,0,74,70,77,77,92,0,0,0,0,0,0,0,0,0,0,0,0,0,0,0,0,0,0,0,0,0,0,0,0,0,0,0,0,0,0,0,0,0,0,0,0,0,0,0,0,0,0,0,0,0,0,0,0,0,0,0,0,0,0,0,0,0,0,0,0,0,0,0,0,0,0,0,0,0,0,0,0,0,0,95,2,Jolteon
6-20,22:33:00,NINTEN,Pikachu,Channeler,21,Pokemon Tower - 6F,3,47:54.97,47:54,0h47m54s,2,0,2,38,512:57,32.048,THUNDERBOLT,CUT,FLY,BODY SLAM,0,0,0,0,0,0,0,0,23,30178,Jolteon,Burned,Electric,Electric,56413,Pikachu95,Pikachu,,00:47:22.92,00:47:54.97,512:57:37.04,38,2,0,47,54,97,THUNDERBOLT,CUT,FLY,BODY SLAM,8,30,15,15,0,0,0,0,4,114,68,64,79,79,95,11450,12097,11743,10392,10392,12430,15,15,15,15,0,0,0,0,0,0,0,38,72,79,79,95,0,0,0,0,0,0,0,0,0,0,0,0,0,0,0,0,0,0,0,0,0,0,0,0,0,0,0,0,0,0,0,0,0,0,0,0,0,0,0,0,0,0,0,0,0,0,0,0,0,0,0,0,0,0,0,0,0,0,0,0,0,0,0,0,0,0,0,0,0,0,0,0,0,0,95,2,Jolteon
6-20,22:33:58,NINTEN,Pikachu,Channeler,20,Pokemon Tower - 6F,1,48:53.08,48:53,0h48m53s,3,0,3,38,768:00,5.811,THUNDERBOLT,CUT,FLY,BODY SLAM,0,0,0,0,0,0,0,0,21,31168,Jolteon, ,Electric,Electric,57358,Pikachu95,Pikachu,,00:48:47.27,00:48:53.08,768:00:08.02,38,3,0,48,53,8,THUNDERBOLT,CUT,FLY,BODY SLAM,6,30,15,15,0,0,0,0,100,114,68,64,79,79,95,11495,12147,11788,10507,10507,12525,15,15,15,15,0,0,0,0,0,0,0,76,72,79,79,95,0,0,0,0,0,0,0,0,0,0,0,0,0,0,0,0,0,0,0,0,0,0,0,0,0,0,0,0,0,0,0,0,0,0,0,0,0,0,0,0,0,0,0,0,0,0,0,0,0,0,0,0,0,0,0,0,0,0,0,0,0,0,0,0,0,0,0,0,0,0,0,0,0,0,95,3,Jolteon
6-20,22:38:03,NINTEN,Pikachu,Gambler,3,Celadon City - Gym,1,52:58.70,52:58,0h52m58s,4,0,4,38,768:13,9.314,THUNDERBOLT,CUT,FLY,BODY SLAM,0,0,0,0,0,0,0,0,21,2968,Jolteon, ,Electric,Electric,58667,Pikachu95,Pikachu,,00:52:49.38,00:52:58.70,768:13:32.20,38,4,0,52,58,70,THUNDERBOLT,CUT,FLY,BODY SLAM,15,29,14,15,0,0,0,0,74,115,68,64,83,83,95,11575,12252,11853,20847,20847,12595,15,15,15,15,0,0,0,0,0,0,0,76,72,83,83,95,0,0,0,0,0,0,0,0,0,0,0,0,0,0,0,0,0,0,0,0,0,0,0,0,0,0,0,0,0,0,0,0,0,0,0,0,0,0,0,0,0,0,0,0,0,0,0,0,0,0,0,0,0,0,0,0,0,0,0,0,0,0,0,0,0,0,0,0,0,0,0,0,0,0,95,4,Jolteon
6-20,22:38:20,NINTEN,Pikachu,Lass,18,Celadon City - Gym,2,53:15.09,53:15,0h53m15s,4,0,4,39,768:14,12.758,THUNDERBOLT,CUT,FLY,BODY SLAM,0,0,0,0,0,0,0,0,21,5208,Jolteon, ,Electric,Electric,60071,Pikachu95,Pikachu,,00:53:02.33,00:53:15.09,768:14:36.36,39,4,0,53,15,9,THUNDERBOLT,CUT,FLY,BODY SLAM,15,29,11,15,0,0,0,0,77,118,70,66,85,85,97,11695,12387,12013,20987,20987,12665,15,15,15,15,0,0,0,0,0,0,0,78,74,85,85,97,0,0,0,0,0,0,0,0,0,0,0,0,0,0,0,0,0,0,0,0,0,0,0,0,0,0,0,0,0,0,0,0,0,0,0,0,0,0,0,0,0,0,0,0,0,0,0,0,0,0,0,0,0,0,0,0,0,0,0,0,0,0,0,0,0,0,0,0,0,0,0,0,0,0,95,4,Jolteon
6-20,22:38:36,NINTEN,Pikachu,Jr Trainer F,11,Celadon City - Gym,2,53:31.38,53:31,0h53m31s,4,0,4,39,768:15,11.722,THUNDERBOLT,CUT,FLY,BODY SLAM,0,0,0,0,0,0,0,0,21,5643,Jolteon, ,Electric,Electric,61344,Pikachu95,Pikachu,,00:53:19.66,00:53:31.38,768:15:40.18,39,4,0,53,31,38,THUNDERBOLT,CUT,FLY,BODY SLAM,15,28,9,15,0,0,0,0,60,118,70,66,85,85,97,11800,12498,12125,21132,21132,12770,15,15,15,15,0,0,0,0,0,0,0,78,74,85,85,97,0,0,0,0,0,0,0,0,0,0,0,0,0,0,0,0,0,0,0,0,0,0,0,0,0,0,0,0,0,0,0,0,0,0,0,0,0,0,0,0,0,0,0,0,0,0,0,0,0,0,0,0,0,0,0,0,0,0,0,0,0,0,0,0,0,0,0,0,0,0,0,0,0,0,95,4,Jolteon
6-20,22:38:57,NINTEN,Pikachu,Lass,17,Celadon City - Gym,2,53:51.78,53:51,0h53m51s,4,0,4,39,768:17,12.68,THUNDERBOLT,CUT,FLY,BODY SLAM,0,0,0,0,0,0,0,0,20,6223,Jolteon, ,Electric,Electric,63042,Pikachu95,Pikachu,,00:53:39.10,00:53:51.78,768:17:00.17,39,4,0,53,51,78,THUNDERBOLT,CUT,FLY,BODY SLAM,15,27,7,15,0,0,0,0,64,118,70,66,85,85,97,11935,12653,12245,21302,21302,12865,15,15,15,15,0,0,0,0,0,0,0,78,74,85,85,97,0,0,0,0,0,0,0,0,0,0,0,0,0,0,0,0,0,0,0,0,0,0,0,0,0,0,0,0,0,0,0,0,0,0,0,0,0,0,0,0,0,0,0,0,0,0,0,0,0,0,0,0,0,0,0,0,0,0,0,0,0,0,0,0,0,0,0,0,0,0,0,0,0,0,95,4,Jolteon
6-20,22:39:15,NINTEN,Pikachu,Gambler,2,Celadon City - Gym,2,54:10.23,54:10,0h54m10s,4,0,4,40,768:18,12.444,THUNDERBOLT,CUT,FLY,BODY SLAM,0,0,0,0,0,0,0,0,20,6643,Jolteon, ,Electric,Electric,65014,Pikachu95,Pikachu,,00:53:57.78,00:54:10.23,768:18:12.38,40,4,0,54,10,23,THUNDERBOLT,CUT,FLY,BODY SLAM,15,27,4,15,0,0,0,0,52,120,72,68,87,87,100,12060,12770,12423,21482,21482,12985,15,15,15,15,0,0,0,0,0,0,0,81,76,87,87,100,0,0,0,0,0,0,0,0,0,0,0,0,0,0,0,0,0,0,0,0,0,0,0,0,0,0,0,0,0,0,0,0,0,0,0,0,0,0,0,0,0,0,0,0,0,0,0,0,0,0,0,0,0,0,0,0,0,0,0,0,0,0,0,0,0,0,0,0,0,0,0,0,0,0,95,4,Jolteon
6-20,22:40:06,NINTEN,Pikachu,Channeler,9,Pokemon Tower - 4F,2,55:00.88,55:00,0h55m0s,4,0,4,40,768:21,7.057,THUNDERBOLT,CUT,FLY,BODY SLAM,0,0,0,0,0,0,0,0,20,8743,Jolteon, ,Electric,Electric,65927,Pikachu95,Pikachu,,00:54:53.82,00:55:00.88,768:21:31.46,40,4,0,55,0,88,THUNDERBOLT,CUT,FLY,BODY SLAM,13,30,15,15,0,0,0,0,120,120,72,68,87,87,100,12135,12846,12498,21652,21652,13140,15,15,15,15,0,0,0,0,0,0,0,81,76,87,87,100,0,0,0,0,0,0,0,0,0,0,0,0,0,0,0,0,0,0,0,0,0,0,0,0,0,0,0,0,0,0,0,0,0,0,0,0,0,0,0,0,0,0,0,0,0,0,0,0,0,0,0,0,0,0,0,0,0,0,0,0,0,0,0,0,0,0,0,0,0,0,0,0,0,0,95,4,Jolteon
6-20,22:40:20,NINTEN,Pikachu,Channeler,14,Pokemon Tower - 5F,2,55:15.30,55:15,0h55m15s,4,0,4,40,768:22,9.09,THUNDERBOLT,CUT,FLY,BODY SLAM,0,0,0,0,0,0,0,0,20,9553,Jolteon, ,Electric,Electric,67673,Pikachu95,Pikachu,,00:55:06.21,00:55:15.30,768:22:28.03,40,4,0,55,15,30,THUNDERBOLT,CUT,FLY,BODY SLAM,12,30,15,13,0,0,0,0,120,120,72,68,87,87,100,12265,12969,12613,21882,21882,13302,15,15,15,15,0,0,0,0,0,0,0,81,76,87,87,100,0,0,0,0,0,0,0,0,0,0,0,0,0,0,0,0,0,0,0,0,0,0,0,0,0,0,0,0,0,0,0,0,0,0,0,0,0,0,0,0,0,0,0,0,0,0,0,0,0,0,0,0,0,0,0,0,0,0,0,0,0,0,0,0,0,0,0,0,0,0,0,0,0,0,95,4,Jolteon
6-20,22:41:09,NINTEN,Pikachu,Channeler,19,Pokemon Tower - 6F,3,56:03.82,56:03,0h56m3s,4,0,4,41,768:25,44.171,THUNDERBOLT,THUNDER,FLY,BODY SLAM,0,0,0,0,0,0,0,0,20,10393,Jolteon, ,Electric,Electric,69887,Pikachu95,Pikachu,,00:55:19.65,00:56:03.82,768:25:39.57,41,4,0,56,3,82,THUNDERBOLT,THUNDER,FLY,BODY SLAM,6,5,15,13,0,0,0,0,94,123,73,69,89,89,102,12400,13102,12733,22187,22187,13519,15,15,15,15,0,0,0,0,0,0,0,82,77,89,89,102,0,0,0,0,0,0,0,0,0,0,0,0,0,0,0,0,0,0,0,0,0,0,0,0,0,0,0,0,0,0,0,0,0,0,0,0,0,0,0,0,0,0,0,0,0,0,0,0,0,0,0,0,0,0,0,0,0,0,0,0,0,0,0,0,0,0,0,0,0,0,0,0,0,0,95,4,Jolteon
6-20,22:41:49,NINTEN,Pikachu,Rocket,44,Pokemon Tower - 7F,4,56:44.11,56:44,0h56m44s,4,0,4,41,768:28,17.179,THUNDERBOLT,THUNDER,FLY,BODY SLAM,0,0,0,0,0,0,0,0,20,11353,Jolteon, ,Electric,Electric,73315,Pikachu95,Pikachu,,00:56:26.94,00:56:44.11,768:28:18.09,41,4,0,56,44,11,THUNDERBOLT,THUNDER,FLY,BODY SLAM,0,5,15,13,0,0,0,0,65,123,73,69,89,89,102,12662,13402,13042,22452,22452,13789,15,15,15,15,0,0,0,0,0,0,0,82,77,89,89,102,0,0,0,0,0,0,0,0,0,0,0,0,0,0,0,0,0,0,0,0,0,0,0,0,0,0,0,0,0,0,0,0,0,0,0,0,0,0,0,0,0,0,0,0,0,0,0,0,0,0,0,0,0,0,0,0,0,0,0,0,0,0,0,0,0,0,0,0,0,0,0,0,0,0,95,4,Jolteon
6-20,22:43:41,NINTEN,Pikachu,Biker,7,Route 16,4,58:35.96,58:35,0h58m35s,4,0,4,42,768:35,25.804,THUNDERBOLT,THUNDER,FLY,BODY SLAM,0,0,0,0,0,0,0,0,22,12283,Jolteon, ,Electric,Electric,76057,Pikachu95,Pikachu,,00:58:10.16,00:58:35.96,768:35:39.35,42,4,0,58,35,96,THUNDERBOLT,THUNDER,FLY,BODY SLAM,12,5,15,10,0,0,0,0,101,126,75,71,91,91,105,12960,13711,13295,22632,22632,13944,15,15,15,15,0,0,0,0,0,0,0,84,79,91,91,105,0,0,0,0,0,0,0,0,0,0,0,0,0,0,0,0,0,0,0,0,0,0,0,0,0,0,0,0,0,0,0,0,0,0,0,0,0,0,0,0,0,0,0,0,0,0,0,0,0,0,0,0,0,0,0,0,0,0,0,0,0,0,0,0,0,0,0,0,0,0,0,0,0,0,95,4,Jolteon
6-20,22:44:06,NINTEN,Pikachu,Biker,8,Route 17,3,59:01.48,59:01,0h59m1s,4,0,4,42,768:37,19.073,THUNDERBOLT,THUNDER,FLY,BODY SLAM,0,0,0,0,0,0,0,0,22,12843,Jolteon,Poisoned,Electric,Electric,79306,Pikachu95,Pikachu,,00:58:42.41,00:59:01.48,768:37:19.56,42,4,0,59,1,48,THUNDERBOLT,THUNDER,FLY,BODY SLAM,9,4,15,9,0,0,0,0,14,126,75,71,91,91,105,13130,13956,13630,22862,22862,14099,15,15,15,15,0,0,0,0,0,0,0,84,79,91,91,105,0,0,0,0,0,0,0,0,0,0,0,0,0,0,0,0,0,0,0,0,0,0,0,0,0,0,0,0,0,0,0,0,0,0,0,0,0,0,0,0,0,0,0,0,0,0,0,0,0,0,0,0,0,0,0,0,0,0,0,0,0,0,0,0,0,0,0,0,0,0,0,0,0,0,95,4,Jolteon
6-20,22:44:46,NINTEN,Pikachu,Swimmer,5,Route 17,2,59:41.19,59:41,0h59m41s,4,0,4,43,768:39,14.031,THUNDERBOLT,THUNDER,FLY,BODY SLAM,0,0,0,0,0,0,0,0,22,13503,Jolteon, ,Electric,Electric,81189,Pikachu95,Pikachu,,00:59:27.16,00:59:41.19,768:39:55.15,43,4,0,59,41,19,THUNDERBOLT,THUNDER,FLY,BODY SLAM,12,5,14,15,0,0,0,0,97,129,77,73,94,94,107,13305,14126,13773,23007,23007,14204,15,15,15,15,0,0,0,0,0,0,0,86,82,94,94,107,0,0,0,0,0,0,0,0,0,0,0,0,0,0,0,0,0,0,0,0,0,0,0,0,0,0,0,0,0,0,0,0,0,0,0,0,0,0,0,0,0,0,0,0,0,0,0,0,0,0,0,0,0,0,0,0,0,0,0,0,0,0,0,0,0,0,0,0,0,0,0,0,0,0,95,4,Jolteon
6-20,22:45:09,NINTEN,Pikachu,Swimmer,8,Route 17,2,1:00:04.64,1:00:04,1h0m4s,4,0,4,43,768:41,11.703,THUNDERBOLT,THUNDER,FLY,BODY SLAM,0,0,0,0,0,0,0,0,22,14303,Jolteon, ,Electric,Electric,83210,Pikachu95,Pikachu,,00:59:52.93,01:00:04.64,768:41:27.31,43,4,1,0,4,64,THUNDERBOLT,THUNDER,FLY,BODY SLAM,12,5,11,15,0,0,0,0,97,129,77,73,94,94,107,13450,14331,13903,23117,23117,14344,15,15,15,15,0,-1,0,0,0,0,0,96,54,94,94,107,0,0,0,0,0,0,0,0,0,0,0,0,0,0,0,0,0,0,0,0,0,0,0,0,0,0,0,0,0,0,0,0,0,0,0,0,0,0,0,0,0,0,0,0,0,0,0,0,0,0,0,0,0,0,0,0,0,0,0,0,0,0,0,0,0,0,0,0,0,0,0,0,0,0,95,4,Jolteon
6-20,22:46:01,NINTEN,Pikachu,Biker,5,Route 16,2,1:00:56.08,1:00:56,1h0m56s,4,1,5,43,768:44,6.935,THUNDERBOLT,THUNDER,FLY,BODY SLAM,0,0,0,0,0,0,0,0,22,7551,Jolteon, ,Electric,Electric,84755,Pikachu95,Pikachu,,01:00:49.15,01:00:56.08,768:44:48.19,43,4,1,0,56,8,THUNDERBOLT,THUNDER,FLY,BODY SLAM,13,5,15,15,0,0,0,0,129,129,77,73,94,94,107,13595,14491,13993,23202,23202,14444,15,15,15,15,0,0,0,0,0,0,0,86,82,94,94,107,0,0,0,0,0,0,0,0,0,0,0,0,0,0,0,0,0,0,0,0,0,0,0,0,0,0,0,0,0,0,0,0,0,0,0,0,0,0,0,0,0,0,0,0,0,0,0,0,0,0,0,0,0,0,0,0,0,0,0,0,0,0,0,0,0,0,0,0,0,0,0,0,0,1,95,5,Jolteon
6-20,22:48:27,NINTEN,Pikachu,Erika,1,Celadon City - Gym,4,1:03:22.34,1:03:22,1h3m22s,4,1,5,44,768:54,24.641,THUNDERBOLT,SURF,FLY,BODY SLAM,0,0,0,0,0,0,0,0,26,7631,Jolteon, ,Electric,Electric,89634,Pikachu95,Pikachu,Erika,01:02:57.70,01:03:22.34,768:54:27.12,44,4,1,3,22,34,THUNDERBOLT,SURF,FLY,BODY SLAM,15,15,9,15,0,0,0,0,99,132,80,74,96,96,111,13890,17353,14321,23582,23582,17244,15,15,15,15,0,0,0,0,0,0,0,90,83,96,96,111,0,0,0,0,0,0,0,0,0,0,0,0,0,0,0,0,0,0,0,0,0,0,0,0,0,0,0,0,0,0,0,0,0,0,0,0,0,0,0,0,0,0,0,0,0,0,0,0,0,0,0,0,0,0,0,0,0,0,0,0,0,0,0,0,0,0,0,0,0,0,0,0,0,1,95,5,Jolteon
6-20,22:49:10,NINTEN,Pikachu,Rocker,3,Fuchsia City - Gym,4,1:04:05.30,1:04:05,1h4m5s,4,1,5,45,768:57,16.525,THUNDERBOLT,SURF,FLY,BODY SLAM,0,0,0,0,0,0,0,0,27,11096,Jolteon, ,Electric,Electric,94375,Pikachu95,Pikachu,,01:03:48.78,01:04:05.30,768:57:16.24,45,4,1,4,5,30,THUNDERBOLT,SURF,FLY,BODY SLAM,11,14,9,15,0,0,0,0,85,135,82,77,98,98,114,14156,17655,14553,23892,23892,17599,15,15,15,15,0,0,0,0,0,0,0,92,86,98,98,114,0,0,0,0,0,0,0,0,0,0,0,0,0,0,0,0,0,0,0,0,0,0,0,0,0,0,0,0,0,0,0,0,0,0,0,0,0,0,0,0,0,0,0,0,0,0,0,0,0,0,0,0,0,0,0,0,0,0,0,0,0,0,0,0,0,0,0,0,0,0,0,0,0,1,95,5,Jolteon
6-20,22:50:04,NINTEN,Pikachu,Juggler,2,Fuchsia City - Gym,3,1:04:59.45,1:04:59,1h4m59s,4,1,5,46,1024:00,12.949,THUNDERBOLT,SURF,FLY,BODY SLAM,0,0,0,0,0,0,0,0,28,4786,Jolteon, ,Electric,Electric,98034,Pikachu95,Pikachu,,01:04:46.50,01:04:59.45,1024:00:49.22,46,4,1,4,59,45,THUNDERBOLT,SURF,FLY,BODY SLAM,9,13,9,15,0,0,0,0,138,138,84,78,101,101,116,14370,17927,14778,24097,24097,17855,15,15,15,15,0,0,0,0,0,0,0,94,87,101,101,116,0,0,0,0,0,0,0,0,0,0,0,0,0,0,0,0,0,0,0,0,0,0,0,0,0,0,0,0,0,0,0,0,0,0,0,0,0,0,0,0,0,0,0,0,0,0,0,0,0,0,0,0,0,0,0,0,0,0,0,0,0,0,0,0,0,0,0,0,0,0,0,0,0,1,95,5,Jolteon
6-20,22:50:19,NINTEN,Pikachu,Juggler,1,Fuchsia City - Gym,2,1:05:14.57,1:05:14,1h5m14s,4,1,5,46,1024:01,10.428,THUNDERBOLT,SURF,FLY,BODY SLAM,0,0,0,0,0,0,0,0,28,6186,Jolteon, ,Electric,Electric,100425,Pikachu95,Pikachu,,01:05:04.13,01:05:14.57,1024:01:48.30,46,4,1,5,14,57,THUNDERBOLT,SURF,FLY,BODY SLAM,7,12,9,15,0,0,0,0,138,138,84,78,101,101,116,14507,18122,14957,24217,24217,18010,15,15,15,15,0,0,0,0,0,0,0,94,87,101,101,116,0,0,0,0,0,0,0,0,0,0,0,0,0,0,0,0,0,0,0,0,0,0,0,0,0,0,0,0,0,0,0,0,0,0,0,0,0,0,0,0,0,0,0,0,0,0,0,0,0,0,0,0,0,0,0,0,0,0,0,0,0,0,0,0,0,0,0,0,0,0,0,0,0,1,95,5,Jolteon
6-20,22:50:37,NINTEN,Pikachu,Rocker,4,Fuchsia City - Gym,2,1:05:32.32,1:05:32,1h5m32s,4,1,5,46,1024:02,14.229,THUNDERBOLT,SURF,FLY,BODY SLAM,0,0,0,0,0,0,0,0,28,7626,Jolteon, ,Electric,Electric,103292,Pikachu95,Pikachu,,01:05:18.10,01:05:32.32,1024:02:58.09,46,4,1,5,32,32,THUNDERBOLT,SURF,FLY,BODY SLAM,4,12,9,15,0,0,0,0,113,138,84,78,101,101,116,14692,18297,15097,24422,24422,18160,15,15,15,15,0,0,0,0,0,0,0,94,87,101,101,116,0,0,0,0,0,0,0,0,0,0,0,0,0,0,0,0,0,0,0,0,0,0,0,0,0,0,0,0,0,0,0,0,0,0,0,0,0,0,0,0,0,0,0,0,0,0,0,0,0,0,0,0,0,0,0,0,0,0,0,0,0,0,0,0,0,0,0,0,0,0,0,0,0,1,95,5,Jolteon
6-20,22:51:51,NINTEN,Pikachu,Koga,1,Fuchsia City - Gym,4,1:06:45.83,1:06:45,1h6m45s,5,1,6,47,1024:05,25.012,THUNDERBOLT,SURF,FLY,BODY SLAM,0,0,0,0,0,0,0,0,28,8921,Jolteon,Poisoned,Electric,Electric,109314,Pikachu95,Pikachu,Koga,01:06:20.82,01:06:45.83,1024:05:43.09,47,5,1,6,45,83,THUNDERBOLT,SURF,FLY,BODY SLAM,0,10,9,14,0,0,0,0,37,141,86,80,103,103,119,15022,18627,15367,24797,24797,18510,15,15,15,15,0,0,0,0,0,0,0,96,90,103,103,119,0,0,0,0,0,0,0,0,0,0,0,0,0,0,0,0,0,0,0,0,0,0,0,0,0,0,0,0,0,0,0,0,0,0,0,0,0,0,0,0,0,0,0,0,0,0,0,0,0,0,0,0,0,0,0,0,0,0,0,0,0,0,0,0,0,0,0,0,0,0,0,0,0,1,95,6,Jolteon
6-20,22:53:33,NINTEN,Pikachu,Juggler,7,Route 21,4,1:08:27.73,1:08:27,1h8m27s,5,1,6,48,1024:12,13.824,THUNDERBOLT,SURF,FLY,BODY SLAM,0,0,0,0,0,0,0,0,28,13178,Jolteon, ,Electric,Electric,114633,Pikachu95,Pikachu,,01:08:13.91,01:08:27.73,1024:12:26.01,48,5,1,8,27,73,THUNDERBOLT,SURF,FLY,BODY SLAM,11,15,15,15,0,0,0,0,144,144,88,82,105,105,122,15307,18970,15622,25087,25087,18777,15,15,15,15,0,0,0,0,0,0,0,99,92,105,105,137,0,0,0,0,0,0,0,0,0,0,0,0,0,0,0,0,0,0,0,0,0,0,0,0,0,0,0,0,0,0,0,0,0,0,0,0,0,0,0,0,0,0,0,0,0,0,0,0,0,0,0,0,0,0,0,0,0,0,0,0,0,0,0,0,0,0,0,0,0,0,0,0,0,1,95,6,Jolteon
6-20,22:55:03,NINTEN,Pikachu,Bird Keeper,5,Saffron City - Fighting Dojo,3,1:09:58.41,1:09:58,1h9m58s,5,1,6,48,1024:18,9.365,THUNDERBOLT,SURF,FLY,BODY SLAM,0,0,0,0,0,0,0,0,30,14578,Jolteon, ,Electric,Electric,116694,Pikachu95,Pikachu,,01:09:49.04,01:09:58.41,1024:18:21.29,48,5,1,9,58,41,THUNDERBOLT,SURF,FLY,BODY SLAM,12,15,15,15,0,0,0,0,144,144,88,82,105,105,123,15482,19235,15767,25217,25217,21537,15,15,15,15,0,0,0,0,0,0,0,99,92,105,105,138,0,0,0,0,0,0,0,0,0,0,0,0,0,0,0,0,0,0,0,0,0,0,0,0,0,0,0,0,0,0,0,0,0,0,0,0,0,0,0,0,0,0,0,0,0,0,0,0,0,0,0,0,0,0,0,0,0,0,0,0,0,0,0,0,0,0,0,0,0,0,0,0,0,1,95,6,Jolteon
6-20,22:55:14,NINTEN,Pikachu,Bird Keeper,3,Saffron City - Fighting Dojo,2,1:10:08.72,1:10:08,1h10m8s,5,1,6,49,1024:19,7.577,THUNDERBOLT,SURF,FLY,BODY SLAM,0,0,0,0,0,0,0,0,30,15353,Jolteon, ,Electric,Electric,118297,Pikachu95,Pikachu,,01:10:01.14,01:10:08.72,1024:19:01.31,49,5,1,10,8,72,THUNDERBOLT,SURF,FLY,BODY SLAM,10,15,15,15,0,0,0,0,147,147,90,83,107,107,126,15632,19415,15887,25302,25302,21617,15,15,15,15,0,0,0,0,0,0,0,101,93,107,107,141,0,0,0,0,0,0,0,0,0,0,0,0,0,0,0,0,0,0,0,0,0,0,0,0,0,0,0,0,0,0,0,0,0,0,0,0,0,0,0,0,0,0,0,0,0,0,0,0,0,0,0,0,0,0,0,0,0,0,0,0,0,0,0,0,0,0,0,0,0,0,0,0,0,1,95,6,Jolteon
6-20,22:55:21,NINTEN,Pikachu,Bird Keeper,4,Saffron City - Fighting Dojo,1,1:10:16.05,1:10:16,1h10m16s,5,1,6,49,1024:19,4.21,THUNDERBOLT,SURF,FLY,BODY SLAM,0,0,0,0,0,0,0,0,30,16153,Jolteon, ,Electric,Electric,119446,Pikachu95,Pikachu,,01:10:11.84,01:10:16.05,1024:19:29.47,49,5,1,10,16,5,THUNDERBOLT,SURF,FLY,BODY SLAM,9,15,15,15,0,0,0,0,147,147,90,83,107,107,126,15697,19520,15947,25362,25362,21712,15,15,15,15,0,0,0,0,0,0,0,101,93,107,107,141,0,0,0,0,0,0,0,0,0,0,0,0,0,0,0,0,0,0,0,0,0,0,0,0,0,0,0,0,0,0,0,0,0,0,0,0,0,0,0,0,0,0,0,0,0,0,0,0,0,0,0,0,0,0,0,0,0,0,0,0,0,0,0,0,0,0,0,0,0,0,0,0,0,1,95,6,Jolteon
6-20,22:55:33,NINTEN,Pikachu,Bird Keeper,2,Saffron City - Fighting Dojo,3,1:10:28.23,1:10:28,1h10m28s,5,1,6,49,1024:20,9.358,THUNDERBOLT,SURF,FLY,BODY SLAM,0,0,0,0,0,0,0,0,30,17053,Jolteon, ,Electric,Electric,121414,Pikachu95,Pikachu,,01:10:18.88,01:10:28.23,1024:20:17.11,49,5,1,10,28,23,THUNDERBOLT,SURF,FLY,BODY SLAM,6,15,15,15,0,0,0,0,147,147,90,83,107,107,126,15842,19785,16077,25492,25492,21947,15,15,15,15,0,0,0,0,0,0,0,101,93,107,107,141,0,0,0,0,0,0,0,0,0,0,0,0,0,0,0,0,0,0,0,0,0,0,0,0,0,0,0,0,0,0,0,0,0,0,0,0,0,0,0,0,0,0,0,0,0,0,0,0,0,0,0,0,0,0,0,0,0,0,0,0,0,0,0,0,0,0,0,0,0,0,0,0,0,1,95,6,Jolteon
6-20,22:55:45,NINTEN,Pikachu,Bird Keeper,1,Saffron City - Fighting Dojo,2,1:10:40.14,1:10:40,1h10m40s,5,1,6,49,1024:21,8.579,THUNDERBOLT,SURF,FLY,BODY SLAM,0,0,0,0,0,0,0,0,30,17828,Jolteon, ,Electric,Electric,123625,Pikachu95,Pikachu,,01:10:31.56,01:10:40.14,1024:21:03.31,49,5,1,10,40,14,THUNDERBOLT,SURF,FLY,BODY SLAM,3,15,15,15,0,0,0,0,121,147,90,83,107,107,126,15967,19955,16226,25657,25657,22116,15,15,15,15,0,0,0,0,0,0,0,101,93,107,107,141,0,0,0,0,0,0,0,0,0,0,0,0,0,0,0,0,0,0,0,0,0,0,0,0,0,0,0,0,0,0,0,0,0,0,0,0,0,0,0,0,0,0,0,0,0,0,0,0,0,0,0,0,0,0,0,0,0,0,0,0,0,0,0,0,0,0,0,0,0,0,0,0,0,1,95,6,Jolteon
6-20,22:56:20,NINTEN,Pikachu,Rocket,39,Silph Co - 10F,1,1:11:15.41,1:11:15,1h11m15s,5,1,6,49,1024:23,6.357,THUNDERBOLT,SURF,FLY,BODY SLAM,0,0,0,0,0,0,0,0,30,18753,Jolteon, ,Electric,Electric,124969,Pikachu95,Pikachu,,01:11:09.05,01:11:15.41,1024:23:22.04,49,5,1,11,15,41,THUNDERBOLT,SURF,FLY,BODY SLAM,13,15,15,15,0,0,0,0,101,147,90,83,107,107,126,16047,20055,16296,25707,25707,22161,15,15,15,15,0,0,0,0,0,0,0,101,93,107,107,141,0,0,0,0,0,0,0,0,0,0,0,0,0,0,0,0,0,0,0,0,0,0,0,0,0,0,0,0,0,0,0,0,0,0,0,0,0,0,0,0,0,0,0,0,0,0,0,0,0,0,0,0,0,0,0,0,0,0,0,0,0,0,0,0,0,0,0,0,0,0,0,0,0,1,95,6,Jolteon
6-20,22:57:01,NINTEN,Pikachu,Rocket,35,Silph Co - 8F,4,1:11:56.60,1:11:56,1h11m56s,5,1,6,50,1024:26,24.13,THUNDERBOLT,SURF,LIGHT SCREEN,BODY SLAM,0,0,0,0,0,0,0,0,31,20043,Jolteon, ,Electric,Electric,129785,Pikachu95,Pikachu,,01:11:32.47,01:11:56.60,1024:26:04.13,50,5,1,11,56,60,THUNDERBOLT,SURF,LIGHT SCREEN,BODY SLAM,9,15,30,15,0,0,0,0,104,150,92,86,110,110,129,16312,20367,16551,26002,26002,25115,15,15,15,15,0,0,0,0,0,0,0,103,96,110,110,145,0,0,0,0,0,0,0,0,0,0,0,0,0,0,0,0,0,0,0,0,0,0,0,0,0,0,0,0,0,0,0,0,0,0,0,0,0,0,0,0,0,0,0,0,0,0,0,0,0,0,0,0,0,0,0,0,0,0,0,0,0,0,0,0,0,0,0,0,0,0,0,0,0,1,95,6,Jolteon
6-20,22:57:27,NINTEN,Pikachu,Rocket,32,Silph Co - 7F,4,1:12:22.06,1:12:22,1h12m22s,5,1,6,51,1024:27,20.346,THUNDERBOLT,SURF,LIGHT SCREEN,BODY SLAM,0,0,0,0,0,0,0,0,31,21153,Jolteon, ,Electric,Electric,134594,Pikachu95,Pikachu,,01:12:01.72,01:12:22.06,1024:27:44.09,51,5,1,12,22,6,THUNDERBOLT,SURF,LIGHT SCREEN,BODY SLAM,5,12,30,15,0,0,0,0,107,153,94,87,112,112,132,16569,20713,16870,26277,26277,25462,15,15,15,15,0,0,0,0,0,0,0,105,97,112,112,148,0,0,0,0,0,0,0,0,0,0,0,0,0,0,0,0,0,0,0,0,0,0,0,0,0,0,0,0,0,0,0,0,0,0,0,0,0,0,0,0,0,0,0,0,0,0,0,0,0,0,0,0,0,0,0,0,0,0,0,0,0,0,0,0,0,0,0,0,0,0,0,0,0,1,95,6,Jolteon
6-20,22:58:09,NINTEN,Pikachu,Scientist,7,Silph Co - 6F,5,1:13:03.93,1:13:03,1h13m3s,5,1,6,51,1024:30,25.231,THUNDERBOLT,SURF,LIGHT SCREEN,BODY SLAM,0,0,0,0,0,0,0,0,32,22263,Jolteon,Paralyzed,Electric,Electric,140045,Pikachu95,Pikachu,,01:12:38.70,01:13:03.93,1024:30:29.07,51,5,1,13,3,93,THUNDERBOLT,SURF,LIGHT SCREEN,BODY SLAM,4,12,30,8,0,0,0,0,48,153,94,87,112,112,132,16809,20973,17225,26702,26702,25972,15,15,15,15,0,0,0,0,-1,0,0,118,109,112,112,24,0,0,0,0,0,0,0,0,0,0,0,0,0,0,0,0,0,0,0,0,0,0,0,0,0,0,0,0,0,0,0,0,0,0,0,0,0,0,0,0,0,0,0,0,0,0,0,0,0,0,0,0,0,0,0,0,0,0,0,0,0,0,0,0,0,0,0,0,0,0,0,0,0,1,95,6,Jolteon
6-20,22:58:44,NINTEN,Pikachu,Rocket,25,Silph Co - 3F,3,1:13:39.19,1:13:39,1h13m39s,5,1,6,52,1024:32,13.962,THUNDERBOLT,SURF,LIGHT SCREEN,BODY SLAM,0,0,0,0,0,0,0,0,32,24013,Jolteon, ,Electric,Electric,143608,Pikachu95,Pikachu,,01:13:25.23,01:13:39.19,1024:32:47.32,52,5,1,13,39,19,THUNDERBOLT,SURF,LIGHT SCREEN,BODY SLAM,11,15,30,14,0,0,0,0,140,156,96,89,114,114,135,17054,21232,17430,26952,26952,26186,15,15,15,15,0,0,0,0,0,0,0,108,100,114,114,151,0,0,0,0,0,0,0,0,0,0,0,0,0,0,0,0,0,0,0,0,0,0,0,0,0,0,0,0,0,0,0,0,0,0,0,0,0,0,0,0,0,0,0,0,0,0,0,0,0,0,0,0,0,0,0,0,0,0,0,0,0,0,0,0,0,0,0,0,0,0,0,0,0,1,95,6,Jolteon
6-20,22:58:58,NINTEN,Pikachu,Rocket,28,Silph Co - 5F,1,1:13:53.19,1:13:53,1h13m53s,5,1,6,52,1024:33,6.231,THUNDERBOLT,SURF,LIGHT SCREEN,BODY SLAM,0,0,0,0,0,0,0,0,32,25153,Jolteon, ,Electric,Electric,145415,Pikachu95,Pikachu,,01:13:46.96,01:13:53.19,1024:33:41.56,52,5,1,13,53,19,THUNDERBOLT,SURF,LIGHT SCREEN,BODY SLAM,9,15,30,14,0,0,0,0,99,156,96,89,114,114,135,17129,21332,17525,27022,27022,26296,15,15,15,15,0,0,0,0,0,0,0,108,100,114,114,151,0,0,0,0,0,0,0,0,0,0,0,0,0,0,0,0,0,0,0,0,0,0,0,0,0,0,0,0,0,0,0,0,0,0,0,0,0,0,0,0,0,0,0,0,0,0,0,0,0,0,0,0,0,0,0,0,0,0,0,0,0,0,0,0,0,0,0,0,0,0,0,0,0,1,95,6,Jolteon
6-20,22:59:41,NINTEN,Pikachu,Rocket,37,Silph Co - 9F,3,1:14:36.38,1:14:36,1h14m36s,5,1,6,53,1024:36,17.708,THUNDERBOLT,SURF,LIGHT SCREEN,BODY SLAM,0,0,0,0,0,0,0,0,34,26353,Jolteon,Paralyzed,Electric,Electric,149223,Pikachu95,Pikachu,,01:14:18.67,01:14:36.38,1024:36:31.22,53,5,1,14,36,38,THUNDERBOLT,SURF,LIGHT SCREEN,BODY SLAM,4,15,30,14,0,0,0,0,37,159,99,91,116,116,137,17399,24170,17740,27272,27272,26458,15,15,15,15,0,0,0,0,0,0,0,111,102,116,116,38,0,0,0,0,0,0,0,0,0,0,0,0,0,0,0,0,0,0,0,0,0,0,0,0,0,0,0,0,0,0,0,0,0,0,0,0,0,0,0,0,0,0,0,0,0,0,0,0,0,0,0,0,0,0,0,0,0,0,0,0,0,0,0,0,0,0,0,0,0,0,0,0,0,1,95,6,Jolteon
6-20,23:00:05,NINTEN,Pikachu,Hypno Rocket,38,Silph Co - 9F,3,1:15:00.18,1:15:00,1h15m0s,5,1,6,53,1024:38,12.611,THUNDERBOLT,SURF,LIGHT SCREEN,BODY SLAM,0,0,0,0,0,0,0,0,35,27493,Jolteon, ,Electric,Electric,153055,Pikachu95,Pikachu,,01:14:47.57,01:15:00.18,1024:38:04.44,53,5,1,15,0,18,THUNDERBOLT,SURF,LIGHT SCREEN,BODY SLAM,12,14,30,15,0,0,0,0,159,159,99,91,116,116,137,17639,24408,17975,27492,27492,26650,15,15,15,15,0,0,0,0,0,0,0,111,102,116,116,154,0,0,0,0,0,0,0,0,0,0,0,0,0,0,0,0,0,0,0,0,0,0,0,0,0,0,0,0,0,0,0,0,0,0,0,0,0,0,0,0,0,0,0,0,0,0,0,0,0,0,0,0,0,0,0,0,0,0,0,0,0,0,0,0,0,0,0,0,0,0,0,0,0,1,95,6,Jolteon
6-20,23:00:53,NINTEN,Pikachu,Rival5-Silph,5,Silph Co - 7F,5,1:15:48.21,1:15:48,1h15m48s,5,1,6,54,1024:41,34.163,THUNDERBOLT,SURF,LIGHT SCREEN,BODY SLAM,0,0,0,0,0,0,0,0,35,28633,Jolteon, ,Electric,Electric,161824,Pikachu95,Pikachu,Rival (Silph Co.),01:15:14.05,01:15:48.21,1024:41:14.08,54,5,1,15,48,21,THUNDERBOLT,SURF,LIGHT SCREEN,BODY SLAM,11,13,30,8,0,0,0,0,67,162,101,93,118,118,140,18019,24873,18359,27962,27962,27051,15,15,15,15,0,0,-1,-1,0,0,0,127,117,77,77,176,0,0,0,0,0,0,0,0,0,0,0,0,0,0,0,0,0,0,0,0,0,0,0,0,0,0,0,0,0,0,0,0,0,0,0,0,0,0,0,0,0,0,0,0,0,0,0,0,0,0,0,0,0,0,0,0,0,0,0,0,0,0,0,0,0,0,0,0,0,0,0,0,0,1,95,6,Jolteon
6-20,23:01:34,NINTEN,Pikachu,Rocket,45,Silph Co - 11F,5,1:16:29.52,1:16:29,1h16m29s,5,1,6,55,1024:43,23.396,THUNDERBOLT,SURF,LIGHT SCREEN,BODY SLAM,0,0,0,0,0,0,0,0,35,31623,Jolteon, ,Electric,Electric,168226,Pikachu95,Pikachu,,01:16:06.13,01:16:29.52,1024:43:56.37,55,5,1,16,29,52,THUNDERBOLT,SURF,LIGHT SCREEN,BODY SLAM,6,13,30,6,0,0,0,0,84,166,103,95,121,121,143,18361,25278,18733,28327,28327,27391,15,15,15,15,0,0,0,0,0,0,0,115,106,121,121,160,0,0,0,0,0,0,0,0,0,0,0,0,0,0,0,0,0,0,0,0,0,0,0,0,0,0,0,0,0,0,0,0,0,0,0,0,0,0,0,0,0,0,0,0,0,0,0,0,0,0,0,0,0,0,0,0,0,0,0,0,0,0,0,0,0,0,0,0,0,0,0,0,0,1,95,6,Jolteon
6-20,23:02:19,NINTEN,Pikachu,Giovanni-Silph,2,Silph Co - 11F,5,1:17:13.84,1:17:13,1h17m13s,5,1,6,56,1024:46,30.156,THUNDERBOLT,SURF,LIGHT SCREEN,BODY SLAM,0,0,0,0,0,0,0,0,34,32913,Jolteon, ,Electric,Electric,176381,Pikachu95,Pikachu,Giovanni (Silph),01:16:43.68,01:17:13.84,1024:46:51.28,56,5,1,17,13,84,THUNDERBOLT,SURF,LIGHT SCREEN,BODY SLAM,1,12,30,6,0,0,0,0,104,169,105,96,123,123,145,18746,25783,19188,28587,28587,27761,15,15,15,15,0,0,0,0,0,0,0,118,108,123,123,163,0,0,0,0,0,0,0,0,0,0,0,0,0,0,0,0,0,0,0,0,0,0,0,0,0,0,0,0,0,0,0,0,0,0,0,0,0,0,0,0,0,0,0,0,0,0,0,0,0,0,0,0,0,0,0,0,0,0,0,0,0,0,0,0,0,0,0,0,0,0,0,0,0,1,95,6,Jolteon
6-20,23:03:13,NINTEN,Pikachu,Beauty,3,Saffron City - Gym,3,1:18:08.05,1:18:08,1h18m8s,5,1,6,56,1024:50,19.434,THUNDERBOLT,SURF,LIGHT SCREEN,BODY SLAM,0,0,0,0,0,0,0,0,34,37566,Jolteon, ,Electric,Electric,180236,Pikachu95,Pikachu,,01:17:48.61,01:18:08.05,1024:50:24.26,56,5,1,18,8,5,THUNDERBOLT,SURF,LIGHT SCREEN,BODY SLAM,12,15,30,14,0,0,0,0,148,169,105,96,123,123,145,18976,25983,19393,28857,28857,27986,15,15,15,15,0,0,0,0,0,0,0,118,108,123,123,163,0,0,0,0,0,0,0,0,0,0,0,0,0,0,0,0,0,0,0,0,0,0,0,0,0,0,0,0,0,0,0,0,0,0,0,0,0,0,0,0,0,0,0,0,0,0,0,0,0,0,0,0,0,0,0,0,0,0,0,0,0,0,0,0,0,0,0,0,0,0,0,0,0,1,95,6,Jolteon
6-20,23:03:28,NINTEN,Pikachu,Beauty,4,Saffron City - Gym,1,1:18:22.76,1:18:22,1h18m22s,5,1,6,56,1024:51,4.76,THUNDERBOLT,SURF,LIGHT SCREEN,BODY SLAM,0,0,0,0,0,0,0,0,34,37976,Jolteon, ,Electric,Electric,182231,Pikachu95,Pikachu,,01:18:18.00,01:18:22.76,1024:51:21.19,56,5,1,18,22,76,THUNDERBOLT,SURF,LIGHT SCREEN,BODY SLAM,11,15,30,14,0,0,0,0,148,169,105,96,123,123,145,19036,26058,19478,28957,28957,28101,15,15,15,15,0,0,0,0,0,0,0,118,108,123,123,163,0,0,0,0,0,0,0,0,0,0,0,0,0,0,0,0,0,0,0,0,0,0,0,0,0,0,0,0,0,0,0,0,0,0,0,0,0,0,0,0,0,0,0,0,0,0,0,0,0,0,0,0,0,0,0,0,0,0,0,0,0,0,0,0,0,0,0,0,0,0,0,0,0,1,95,6,Jolteon
6-20,23:06:22,NINTEN,Pikachu,Sabrina,1,Saffron City - Gym,5,1:21:17.22,1:21:17,1h21m17s,8,0,8,57,1024:56,40.135,THUNDERBOLT,CUT,LIGHT SCREEN,BODY SLAM,0,0,0,0,0,0,0,0,33,38426,Jolteon, ,Electric,Electric,189680,Pikachu95,Pikachu,Sabrina,01:20:37.08,01:21:17.22,1024:56:54.38,57,8,1,21,17,22,THUNDERBOLT,CUT,LIGHT SCREEN,BODY SLAM,11,24,29,13,0,0,0,0,5,171,107,99,126,126,148,19281,26281,19703,29532,29532,28573,15,15,15,15,0,0,-1,-1,0,0,0,120,111,83,83,166,0,0,0,0,0,0,0,0,0,0,0,0,0,0,0,0,0,0,0,0,0,0,0,0,0,0,0,0,0,0,0,0,0,0,0,0,0,0,0,0,0,0,0,0,0,0,0,0,0,0,0,0,0,0,0,0,0,0,0,0,0,0,0,0,0,0,0,0,0,0,0,0,0,0,95,8,Jolteon
6-20,23:08:41,NINTEN,Pikachu,Blaine,1,Cinnabar Island - Gym,5,1:23:36.20,1:23:36,1h23m36s,8,0,8,58,1280:06,59.338,THUNDERBOLT,SURF,LIGHT SCREEN,BODY SLAM,0,0,0,0,0,0,0,0,34,43376,Jolteon, ,Electric,Electric,200315,Pikachu95,Pikachu,Blaine,01:22:36.87,01:23:36.20,1280:06:04.21,58,8,1,23,36,20,THUNDERBOLT,SURF,LIGHT SCREEN,BODY SLAM,14,8,29,15,0,0,0,0,90,175,109,100,128,128,151,19652,26746,20063,29982,29982,29076,15,15,15,15,0,0,0,0,0,0,0,122,112,128,128,169,0,0,0,0,0,0,0,0,0,0,0,0,0,0,0,0,0,0,0,0,0,0,0,0,0,0,0,0,0,0,0,0,0,0,0,0,0,0,0,0,0,0,0,0,0,0,0,0,0,0,0,0,0,0,0,0,0,0,0,0,0,0,0,0,0,0,0,0,0,0,0,0,0,0,95,8,Jolteon
6-20,23:10:31,NINTEN,Pikachu,Blaine,1,Cinnabar Island - Gym,5,1:25:26.63,1:25:26,1h25m26s,9,0,9,58,1280:04,28.082,THUNDERBOLT,SURF,LIGHT SCREEN,BODY SLAM,0,0,0,0,0,0,0,0,34,43376,Jolteon, ,Electric,Electric,200315,Pikachu95,Pikachu,Blaine,01:24:58.55,01:25:26.63,1280:04:22.38,58,9,1,25,26,63,THUNDERBOLT,SURF,LIGHT SCREEN,BODY SLAM,15,7,29,15,0,0,0,0,92,175,109,100,128,128,151,19652,26746,20063,29982,29982,29076,15,15,15,15,0,0,0,0,0,0,0,122,112,128,128,169,0,0,0,0,0,0,0,0,0,0,0,0,0,0,0,0,0,0,0,0,0,0,0,0,0,0,0,0,0,0,0,0,0,0,0,0,0,0,0,0,0,0,0,0,0,0,0,0,0,0,0,0,0,0,0,0,0,0,0,0,0,0,0,0,0,0,0,0,0,0,0,0,0,0,95,9,Jolteon
6-20,23:13:26,NINTEN,Pikachu,Gambler,8,Route 20,2,1:28:21.25,1:28:21,1h28m21s,12,0,12,57,1280:03,7.099,THUNDERBOLT,SURF,LIGHT SCREEN,BODY SLAM,0,0,0,0,0,0,0,0,34,43376,Jolteon, ,Electric,Electric,192322,Pikachu95,Pikachu,,01:28:14.14,01:28:21.25,1280:03:28.59,57,12,1,28,21,25,THUNDERBOLT,SURF,LIGHT SCREEN,BODY SLAM,13,15,30,15,0,0,0,0,171,171,107,99,126,126,148,19426,26438,19833,29662,29662,28731,15,15,15,15,0,0,0,0,0,0,0,120,111,126,126,166,0,0,0,0,0,0,0,0,0,0,0,0,0,0,0,0,0,0,0,0,0,0,0,0,0,0,0,0,0,0,0,0,0,0,0,0,0,0,0,0,0,0,0,0,0,0,0,0,0,0,0,0,0,0,0,0,0,0,0,0,0,0,0,0,0,0,0,0,0,0,0,0,0,0,95,12,Jolteon
6-20,23:13:47,NINTEN,Pikachu,Gambler,7,Route 20,3,1:28:42.23,1:28:42,1h28m42s,12,0,12,58,1280:04,11.166,THUNDERBOLT,SURF,LIGHT SCREEN,BODY SLAM,0,0,0,0,0,0,0,0,34,46246,Jolteon, ,Electric,Electric,197867,Pikachu95,Pikachu,,01:28:31.07,01:28:42.23,1280:04:50.30,58,12,1,28,42,23,THUNDERBOLT,SURF,LIGHT SCREEN,BODY SLAM,9,15,30,15,0,0,0,0,175,175,109,100,128,128,151,19621,26798,20343,29982,29982,29016,15,15,15,15,0,0,0,0,0,0,0,122,112,128,128,169,0,0,0,0,0,0,0,0,0,0,0,0,0,0,0,0,0,0,0,0,0,0,0,0,0,0,0,0,0,0,0,0,0,0,0,0,0,0,0,0,0,0,0,0,0,0,0,0,0,0,0,0,0,0,0,0,0,0,0,0,0,0,0,0,0,0,0,0,0,0,0,0,0,0,95,12,Jolteon
6-20,23:13:58,NINTEN,Pikachu,Jr Trainer F,16,Route 20,2,1:28:53.28,1:28:53,1h28m53s,12,0,12,58,1280:05,7.521,THUNDERBOLT,SURF,LIGHT SCREEN,BODY SLAM,0,0,0,0,0,0,0,0,34,49046,Jolteon, ,Electric,Electric,200851,Pikachu95,Pikachu,,01:28:45.77,01:28:53.28,1280:05:33.27,58,12,1,28,53,28,THUNDERBOLT,SURF,LIGHT SCREEN,BODY SLAM,7,15,30,15,0,0,0,0,175,175,109,100,128,128,151,19781,26982,20473,30142,30142,29152,15,15,15,15,0,0,0,0,0,0,0,122,112,128,128,169,0,0,0,0,0,0,0,0,0,0,0,0,0,0,0,0,0,0,0,0,0,0,0,0,0,0,0,0,0,0,0,0,0,0,0,0,0,0,0,0,0,0,0,0,0,0,0,0,0,0,0,0,0,0,0,0,0,0,0,0,0,0,0,0,0,0,0,0,0,0,0,0,0,0,95,12,Jolteon
6-20,23:14:07,NINTEN,Pikachu,Fisher,10,Route 20,1,1:29:02.17,1:29:02,1h29m2s,12,0,12,58,1280:06,4.61,THUNDERBOLT,SURF,LIGHT SCREEN,BODY SLAM,0,0,0,0,0,0,0,0,34,49866,Jolteon, ,Electric,Electric,202913,Pikachu95,Pikachu,,01:28:57.57,01:29:02.17,1280:06:07.53,58,12,1,29,2,17,THUNDERBOLT,SURF,LIGHT SCREEN,BODY SLAM,6,15,30,15,0,0,0,0,175,175,109,100,128,128,151,19876,27107,20552,30242,30242,29233,15,15,15,15,0,0,0,0,0,0,0,122,112,128,128,169,0,0,0,0,0,0,0,0,0,0,0,0,0,0,0,0,0,0,0,0,0,0,0,0,0,0,0,0,0,0,0,0,0,0,0,0,0,0,0,0,0,0,0,0,0,0,0,0,0,0,0,0,0,0,0,0,0,0,0,0,0,0,0,0,0,0,0,0,0,0,0,0,0,0,95,12,Jolteon
6-20,23:14:21,NINTEN,Pikachu,Tamer,11,Route 20,3,1:29:16.52,1:29:16,1h29m16s,12,0,12,59,1280:07,11.157,THUNDERBOLT,SURF,LIGHT SCREEN,BODY SLAM,0,0,0,0,0,0,0,0,34,50091,Jolteon, ,Electric,Electric,207267,Pikachu95,Pikachu,,01:29:05.37,01:29:16.52,1280:07:03.51,59,12,1,29,16,52,THUNDERBOLT,SURF,LIGHT SCREEN,BODY SLAM,3,15,30,15,0,0,0,0,178,178,111,102,130,130,154,20089,27367,20757,30434,30434,29524,15,15,15,15,0,0,0,0,0,0,0,124,114,130,130,173,0,0,0,0,0,0,0,0,0,0,0,0,0,0,0,0,0,0,0,0,0,0,0,0,0,0,0,0,0,0,0,0,0,0,0,0,0,0,0,0,0,0,0,0,0,0,0,0,0,0,0,0,0,0,0,0,0,0,0,0,0,0,0,0,0,0,0,0,0,0,0,0,0,0,95,12,Jolteon
6-20,23:15:43,NINTEN,Pikachu,Blaine,1,Cinnabar Island - Gym,5,1:30:38.49,1:30:38,1h30m38s,13,0,13,60,1280:11,35.139,THUNDERBOLT,SURF,LIGHT SCREEN,BODY SLAM,0,0,0,0,0,0,0,0,34,51116,Jolteon, ,Electric,Electric,217902,Pikachu95,Pikachu,Blaine,01:30:03.35,01:30:38.49,1280:11:23.44,60,13,1,30,38,49,THUNDERBOLT,SURF,LIGHT SCREEN,BODY SLAM,14,7,29,15,0,0,0,0,9,181,113,104,133,133,156,20460,27832,21117,30884,30884,30027,15,15,15,15,0,0,0,0,0,0,0,127,117,133,133,175,0,0,0,0,0,0,0,0,0,0,0,0,0,0,0,0,0,0,0,0,0,0,0,0,0,0,0,0,0,0,0,0,0,0,0,0,0,0,0,0,0,0,0,0,0,0,0,0,0,0,0,0,0,0,0,0,0,0,0,0,0,0,0,0,0,0,0,0,0,0,0,0,0,0,95,13,Jolteon
6-20,23:17:44,NINTEN,Pikachu,Cooltrainer M,10,Viridian City - Gym,3,1:32:39.47,1:32:39,1h32m39s,14,0,14,60,1280:18,16.755,THUNDERBOLT,SURF,LIGHT SCREEN,BODY SLAM,0,0,0,0,0,0,0,0,35,55563,Jolteon, ,Electric,Electric,223559,Pikachu95,Pikachu,,01:32:22.72,01:32:39.47,1280:18:26.47,60,14,1,32,39,47,THUNDERBOLT,SURF,LIGHT SCREEN,BODY SLAM,15,13,30,12,0,0,0,0,45,181,113,104,133,133,156,20680,28097,21382,31119,31119,30282,15,15,15,15,0,0,0,0,0,0,0,127,117,149,149,175,0,0,0,0,0,0,0,0,0,0,0,0,0,0,0,0,0,0,0,0,0,0,0,0,0,0,0,0,0,0,0,0,0,0,0,0,0,0,0,0,0,0,0,0,0,0,0,0,0,0,0,0,0,0,0,0,0,0,0,0,0,0,0,0,0,0,0,0,0,0,0,0,0,0,95,14,Jolteon
6-20,23:18:13,NINTEN,Pikachu,Bird Keeper,8,Viridian City - Gym,3,1:33:08.67,1:33:08,1h33m8s,14,0,14,61,1280:20,19.169,THUNDERBOLT,SURF,LIGHT SCREEN,BODY SLAM,0,0,0,0,0,0,0,0,34,57348,Jolteon, ,Electric,Electric,228201,Pikachu95,Pikachu,,01:32:49.50,01:33:08.67,1280:20:21.42,61,14,1,33,8,67,THUNDERBOLT,SURF,LIGHT SCREEN,BODY SLAM,13,13,30,9,0,0,0,0,161,184,116,106,135,135,159,20885,28367,21601,31334,31334,30496,15,15,15,15,0,0,0,0,0,0,0,130,119,151,151,178,0,0,0,0,0,0,0,0,0,0,0,0,0,0,0,0,0,0,0,0,0,0,0,0,0,0,0,0,0,0,0,0,0,0,0,0,0,0,0,0,0,0,0,0,0,0,0,0,0,0,0,0,0,0,0,0,0,0,0,0,0,0,0,0,0,0,0,0,0,0,0,0,0,0,95,14,Jolteon
6-20,23:20:14,NINTEN,Pikachu,Cooltrainer M,1,Viridian City - Gym,2,1:35:09.04,1:35:09,1h35m9s,16,0,16,61,1280:23,13.888,THUNDERBOLT,SURF,LIGHT SCREEN,BODY SLAM,0,0,0,0,0,0,0,0,34,58623,Jolteon, ,Electric,Electric,232534,Pikachu95,Pikachu,,01:34:55.15,01:35:09.04,1280:23:33.47,61,16,1,35,9,4,THUNDERBOLT,SURF,LIGHT SCREEN,BODY SLAM,13,9,30,9,0,0,0,0,76,184,116,106,135,135,159,21056,28541,21765,31484,31484,30657,15,15,15,15,0,0,0,0,0,0,0,130,119,151,151,178,0,0,0,0,0,0,0,0,0,0,0,0,0,0,0,0,0,0,0,0,0,0,0,0,0,0,0,0,0,0,0,0,0,0,0,0,0,0,0,0,0,0,0,0,0,0,0,0,0,0,0,0,0,0,0,0,0,0,0,0,0,0,0,0,0,0,0,0,0,0,0,0,0,0,95,16,Jolteon
6-20,23:20:32,NINTEN,Pikachu,Cooltrainer M,9,Viridian City - Gym,2,1:35:27.57,1:35:27,1h35m27s,16,0,16,61,1280:24,8.36,THUNDERBOLT,SURF,LIGHT SCREEN,BODY SLAM,0,0,0,0,0,0,0,0,34,60443,Jolteon, ,Electric,Electric,235792,Pikachu95,Pikachu,,01:35:19.20,01:35:27.57,1280:24:45.56,61,16,1,35,27,57,THUNDERBOLT,SURF,LIGHT SCREEN,BODY SLAM,13,7,30,9,0,0,0,0,184,184,116,106,135,135,159,21191,28721,21985,31619,31619,30767,15,15,15,15,0,0,0,0,0,0,0,130,119,151,151,178,0,0,0,0,0,0,0,0,0,0,0,0,0,0,0,0,0,0,0,0,0,0,0,0,0,0,0,0,0,0,0,0,0,0,0,0,0,0,0,0,0,0,0,0,0,0,0,0,0,0,0,0,0,0,0,0,0,0,0,0,0,0,0,0,0,0,0,0,0,0,0,0,0,0,95,16,Jolteon
6-20,23:20:44,NINTEN,Pikachu,Bird Keeper,6,Viridian City - Gym,2,1:35:39.52,1:35:39,1h35m39s,16,0,16,62,1280:25,8.341,THUNDERBOLT,SURF,LIGHT SCREEN,BODY SLAM,0,0,0,0,0,0,0,0,34,62298,Jolteon, ,Electric,Electric,239479,Pikachu95,Pikachu,,01:35:31.18,01:35:39.52,1280:25:32.31,62,16,1,35,39,52,THUNDERBOLT,SURF,LIGHT SCREEN,BODY SLAM,11,7,30,9,0,0,0,0,187,187,117,108,137,137,162,21361,28906,22150,31739,31739,30882,15,15,15,15,0,0,0,0,0,0,0,131,121,154,154,182,0,0,0,0,0,0,0,0,0,0,0,0,0,0,0,0,0,0,0,0,0,0,0,0,0,0,0,0,0,0,0,0,0,0,0,0,0,0,0,0,0,0,0,0,0,0,0,0,0,0,0,0,0,0,0,0,0,0,0,0,0,0,0,0,0,0,0,0,0,0,0,0,0,0,95,16,Jolteon
6-20,23:25:19,NINTEN,Pikachu,Giovanni,3,Viridian City - Gym,5,1:40:13.75,1:40:13,1h40m13s,18,0,18,63,1280:40,30.812,THUNDERBOLT,SURF,LIGHT SCREEN,BODY SLAM,0,0,0,0,0,0,0,0,34,15899,Jolteon, ,Electric,Electric,256231,Pikachu95,Pikachu,Giovanni,01:39:42.93,01:40:13.75,1280:40:26.49,63,18,1,40,13,75,THUNDERBOLT,SURF,LIGHT SCREEN,BODY SLAM,14,9,30,15,0,0,0,0,39,190,120,110,140,140,165,21944,29635,22738,32304,32304,31668,15,15,15,15,0,0,0,0,0,0,0,135,123,157,157,185,0,0,0,0,0,0,0,0,0,0,0,0,0,0,0,0,0,0,0,0,0,0,0,0,0,0,0,0,0,0,0,0,0,0,0,0,0,0,0,0,0,0,0,0,0,0,0,0,0,0,0,0,0,0,0,0,0,0,0,0,0,0,0,0,0,0,0,0,0,0,0,0,0,0,95,18,Jolteon
6-20,23:26:49,NINTEN,Pikachu,Rival6-Route 22,8,Route 22,6,1:41:43.88,1:41:43,1h41m43s,18,0,18,64,1280:46,63.537,THUNDERBOLT,SURF,LIGHT SCREEN,BODY SLAM,0,0,0,0,0,0,0,0,35,21344,Jolteon, ,Electric,Electric,268861,Pikachu95,Pikachu,Rival (Final),01:40:40.34,01:41:43.88,1280:46:23.36,64,18,1,41,43,88,THUNDERBOLT,SURF,LIGHT SCREEN,BODY SLAM,14,11,30,7,0,0,0,0,10,193,122,112,142,142,167,22392,30115,23193,32904,32904,32204,15,15,15,15,0,0,0,0,0,0,0,137,126,159,159,187,0,0,0,0,0,0,0,0,0,0,0,0,0,0,0,0,0,0,0,0,0,0,0,0,0,0,0,0,0,0,0,0,0,0,0,0,0,0,0,0,0,0,0,0,0,0,0,0,0,0,0,0,0,0,0,0,0,0,0,0,0,0,0,0,0,0,0,0,0,0,0,0,0,0,95,18,Jolteon
6-20,23:31:35,NINTEN,Pikachu,Rival6-Route 22,8,Route 22,6,1:46:30.10,1:46:30,1h46m30s,19,0,19,74,1280:46,32.154,THUNDERBOLT,SURF,LIGHT SCREEN,BODY SLAM,0,0,0,0,0,0,0,0,34,21344,Jolteon, ,Electric,Electric,417854,Pikachu95,Pikachu,Rival (Final),01:45:57.94,01:46:30.10,1280:46:07.01,74,19,1,46,30,10,THUNDERBOLT,SURF,LIGHT SCREEN,BODY SLAM,14,13,30,9,0,0,0,0,185,222,140,128,164,164,192,22392,30115,23193,32904,32904,32204,15,15,15,15,0,0,0,0,0,0,0,157,144,184,184,216,0,0,0,0,0,0,0,0,0,0,0,0,0,0,0,0,0,0,0,0,0,0,0,0,0,0,0,0,0,0,0,0,0,0,0,0,0,0,0,0,0,0,0,0,0,0,0,0,0,0,0,0,0,0,0,0,0,0,0,0,0,0,0,0,0,0,0,0,0,0,0,0,0,0,95,19,Jolteon
6-20,23:38:05,NINTEN,Pikachu,Lorelei,1,Lorelei's Room,5,1:53:00.24,1:53:00,1h53m0s,19,0,19,75,1536:11,62.393,THUNDERBOLT,SURF,LIGHT SCREEN,BODY SLAM,0,0,0,0,0,0,0,0,31,25254,Jolteon, ,Electric,Electric,428605,Pikachu95,Pikachu,Lorelei,01:51:57.85,01:53:00.24,1536:11:51.55,75,19,1,53,0,24,THUNDERBOLT,SURF,LIGHT SCREEN,BODY SLAM,11,15,29,14,0,0,0,0,225,225,142,131,166,166,196,22822,30490,23678,33354,33354,32529,15,15,15,15,0,0,0,0,0,0,0,159,147,186,186,220,0,0,0,0,0,0,0,0,0,0,0,0,0,0,0,0,0,0,0,0,0,0,0,0,0,0,0,0,0,0,0,0,0,0,0,0,0,0,0,0,0,0,0,0,0,0,0,0,0,0,0,0,0,0,0,0,0,0,0,0,0,0,0,0,0,0,0,0,0,0,0,0,0,0,95,19,Jolteon
6-20,23:38:47,NINTEN,Pikachu,Bruno,1,Bruno's Room,5,1:53:42.17,1:53:42,1h53m42s,19,0,19,75,1536:14,33.258,THUNDERBOLT,SURF,LIGHT SCREEN,BODY SLAM,0,0,0,0,0,0,0,0,31,30897,Jolteon, ,Electric,Electric,437925,Pikachu95,Pikachu,Bruno,01:53:08.92,01:53:42.17,1536:14:37.25,75,19,1,53,42,17,THUNDERBOLT,SURF,LIGHT SCREEN,BODY SLAM,6,14,29,14,0,0,0,0,200,225,142,131,166,166,196,23202,30955,24162,33719,33719,32908,15,15,15,15,0,0,0,0,0,0,0,159,147,186,186,220,0,0,0,0,0,0,0,0,0,0,0,0,0,0,0,0,0,0,0,0,0,0,0,0,0,0,0,0,0,0,0,0,0,0,0,0,0,0,0,0,0,0,0,0,0,0,0,0,0,0,0,0,0,0,0,0,0,0,0,0,0,0,0,0,0,0,0,0,0,0,0,0,0,0,95,19,Jolteon
6-20,23:39:48,NINTEN,Pikachu,Agatha,1,Agatha's Room,5,1:54:43.12,1:54:43,1h54m43s,19,0,19,76,1536:18,41.375,THUNDERBOLT,SURF,LIGHT SCREEN,BODY SLAM,0,0,0,0,0,0,0,0,31,36639,Jolteon, ,Electric,Electric,448110,Pikachu95,Pikachu,Agatha,01:54:01.74,01:54:43.12,1536:18:38.12,76,19,1,54,43,12,THUNDERBOLT,SURF,LIGHT SCREEN,BODY SLAM,1,11,29,14,0,0,0,0,68,228,144,133,169,169,198,23519,31340,24531,34199,34199,33363,15,15,15,15,0,0,-1,-1,0,0,0,182,167,124,124,249,0,0,0,0,0,0,0,0,0,0,0,0,0,0,0,0,0,0,0,0,0,0,0,0,0,0,0,0,0,0,0,0,0,0,0,0,0,0,0,0,0,0,0,0,0,0,0,0,0,0,0,0,0,0,0,0,0,0,0,0,0,0,0,0,0,0,0,0,0,0,0,0,0,0,95,19,Jolteon
6-20,23:41:35,NINTEN,Pikachu,Lance,1,Lance's Room,5,1:56:30.04,1:56:30,1h56m30s,19,0,19,77,1536:25,50.772,THUNDERBOLT,SURF,LIGHT SCREEN,MIMIC,0,0,0,0,0,0,0,0,28,42480,Jolteon,Paralyzed,Electric,Electric,461930,Pikachu95,Pikachu,Lance,01:55:39.27,01:56:30.04,1536:25:41.26,77,19,1,56,30,4,THUNDERBOLT,SURF,LIGHT SCREEN,MIMIC,16,21,29,10,2,2,0,0,113,231,146,135,171,171,202,23954,31922,24943,34654,34654,33834,15,15,15,15,0,0,0,0,0,0,0,164,151,192,192,56,0,0,0,0,0,0,0,0,0,0,0,0,0,0,0,0,0,0,0,0,0,0,0,0,0,0,0,0,0,0,0,0,0,0,0,0,0,0,0,0,0,0,0,0,0,0,0,0,0,0,0,0,0,0,0,0,0,0,0,0,0,0,0,0,0,0,0,0,0,0,0,0,0,0,95,19,Jolteon
6-20,23:44:42,NINTEN,Pikachu,Champion,1,Champions Room,6,1:59:36.90,1:59:36,1h59m36s,20,0,20,78,1536:33,61.694,THUNDERBOLT,SURF,FLY,CUT,0,0,0,0,0,0,0,0,28,48618,Jolteon,Paralyzed,Electric,Electric,478292,Pikachu95,Pikachu,Champion,01:58:35.20,01:59:36.90,1536:33:46.39,78,20,1,59,36,90,THUNDERBOLT,SURF,FLY,CUT,20,14,15,28,2,2,0,0,158,235,149,137,174,174,204,24459,32497,25412,35249,35249,34355,15,15,15,15,0,0,0,0,0,0,0,167,154,195,195,57,0,0,0,0,0,0,0,0,0,0,0,0,0,0,0,0,0,0,0,0,0,0,0,0,0,0,0,0,0,0,0,0,0,0,0,0,0,0,0,0,0,0,0,0,0,0,0,0,0,0,0,0,0,0,0,0,0,0,0,0,0,0,0,0,0,0,0,0,0,0,0,0,0,0,95,20,Jolteon
6-20,23:45:04,NINTEN,Pikachu,Champion,1,Hall of Fame,6,1:59:36.90,1:59:36,1h59m36s,20,0,20,78,1536:35,84.162,THUNDERBOLT,SURF,FLY,CUT,0,0,0,0,0,0,0,0,28,55053,Jolteon,Paralyzed,Electric,Electric,478292,Pikachu95,Pikachu,Champion,01:58:35.20,01:59:36.90,1536:35:14.09,78,20,1,59,36,90,THUNDERBOLT,SURF,FLY,CUT,20,14,15,28,2,2,0,0,158,235,149,137,174,174,204,24459,32497,25412,35249,35249,34355,15,15,15,15,0,0,0,0,0,0,0,167,154,195,195,57,0,0,0,0,0,0,0,0,0,0,0,0,0,0,0,0,0,0,0,0,0,0,0,0,0,0,0,0,0,0,0,0,0,0,0,0,0,0,0,0,0,0,0,0,0,0,0,0,0,0,0,0,0,0,0,0,0,0,0,0,0,0,0,0,0,0,0,0,0,0,0,0,0,0,95,20,Jolteon
6-20,23:48:22,NINTEN,Pikachu,Smith,1,Power Plant,6,1:59:36.90,1:59:36,1h59m36s,20,0,20,78,1536:47,32.78,THUNDERBOLT,SURF,FLY,CUT,0,0,0,0,0,0,0,0,27,55053,Jolteon, ,Electric,Electric,492205,Pikachu95,Pikachu,,01:59:36.90,01:59:36.90,1536:47:45.45,78,20,1,59,36,90,THUNDERBOLT,SURF,FLY,CUT,17,18,15,29,2,2,0,0,204,235,149,137,174,174,204,24999,33077,25947,35774,35774,34865,15,15,15,15,0,0,0,0,0,0,0,167,154,195,195,229,0,0,0,0,0,0,0,0,0,0,0,0,0,0,0,0,0,0,0,0,0,0,0,0,0,0,0,0,0,0,0,0,0,0,0,0,0,0,0,0,0,0,0,0,0,0,0,0,0,0,0,0,0,0,0,0,0,0,0,0,0,0,0,0,0,0,0,0,0,0,0,0,0,0,95,20,Jolteon
6-20,23:49:45,NINTEN,Pikachu,Brock,2,Pewter City - Gym,6,1:59:36.90,1:59:36,1h59m36s,20,0,20,79,1536:53,32.348,THUNDERBOLT,SURF,FLY,CUT,0,0,0,0,0,0,0,0,27,60498,Jolteon, ,Electric,Electric,508412,Pikachu95,Pikachu,,01:59:36.90,01:59:36.90,1536:53:13.03,79,20,1,59,36,90,THUNDERBOLT,SURF,FLY,CUT,18,17,15,30,2,2,0,0,238,238,151,139,176,176,207,25527,33713,26692,36364,36364,35460,15,15,15,15,0,0,0,0,0,0,0,169,156,198,198,232,0,0,0,0,0,0,0,0,0,0,0,0,0,0,0,0,0,0,0,0,0,0,0,0,0,0,0,0,0,0,0,0,0,0,0,0,0,0,0,0,0,0,0,0,0,0,0,0,0,0,0,0,0,0,0,0,0,0,0,0,0,0,0,0,0,0,0,0,0,0,0,0,0,0,95,20,Jolteon
6-20,23:50:29,NINTEN,Pikachu,Misty,2,Cerulean City - Gym,6,1:59:36.90,1:59:36,1h59m36s,20,0,20,80,1536:56,28.61,THUNDERBOLT,SURF,FLY,CUT,0,0,0,0,0,0,0,0,27,66933,Jolteon, ,Electric,Electric,524413,Pikachu95,Pikachu,,01:59:36.90,01:59:36.90,1536:56:08.26,80,20,1,59,36,90,THUNDERBOLT,SURF,FLY,CUT,11,17,15,30,2,2,0,0,166,242,153,141,179,179,210,26061,34168,27190,36929,36929,35948,15,15,15,15,0,0,0,0,0,0,0,172,158,201,201,236,0,0,0,0,0,0,0,0,0,0,0,0,0,0,0,0,0,0,0,0,0,0,0,0,0,0,0,0,0,0,0,0,0,0,0,0,0,0,0,0,0,0,0,0,0,0,0,0,0,0,0,0,0,0,0,0,0,0,0,0,0,0,0,0,0,0,0,0,0,0,0,0,0,0,95,20,Jolteon
6-20,23:51:15,NINTEN,Pikachu,Surge,1,Vermilion City - Gym,1,1:59:36.90,1:59:36,1h59m36s,20,0,20,80,1536:59,21.265,THUNDERBOLT,SURF,FLY,CUT,0,0,0,0,0,0,0,0,27,73368,Jolteon, ,Electric,Electric,525170,Pikachu95,Pikachu,Lt. Surge,01:59:36.90,01:59:36.90,1536:59:08.07,80,20,1,59,36,90,THUNDERBOLT,SURF,FLY,CUT,21,20,15,30,2,2,0,0,242,242,153,141,179,179,210,26121,34258,27245,37019,37019,36048,15,15,15,15,0,0,0,0,0,0,0,172,158,201,201,236,0,0,0,0,0,0,0,0,0,0,0,0,0,0,0,0,0,0,0,0,0,0,0,0,0,0,0,0,0,0,0,0,0,0,0,0,0,0,0,0,0,0,0,0,0,0,0,0,0,0,0,0,0,0,0,0,0,0,0,0,0,0,0,0,0,0,0,0,0,0,0,0,0,0,95,20,Jolteon
6-20,23:52:18,NINTEN,Pikachu,,1,Vermilion City,6,1:59:36.90,1:59:36,1h59m36s,20,0,20,81,1792:03,33.944,THUNDERBOLT,SURF,FLY,CUT,0,0,0,0,0,0,0,0,27,76239,Jolteon, ,Electric,Electric,540194,Pikachu95,Pikachu,,01:59:36.90,01:59:36.90,1792:03:19.24,81,20,1,59,36,90,THUNDERBOLT,SURF,FLY,CUT,18,19,13,30,2,2,0,0,244,244,155,143,181,181,213,26558,34746,27755,37564,37564,36512,15,15,15,15,0,0,0,0,0,0,0,174,160,203,203,239,0,0,0,0,0,0,0,0,0,0,0,0,0,0,0,0,0,0,0,0,0,0,0,0,0,0,0,0,0,0,0,0,0,0,0,0,0,0,0,0,0,0,0,0,0,0,0,0,0,0,0,0,0,0,0,0,0,0,0,0,0,0,0,0,0,0,0,0,0,0,0,0,0,0,95,20,Jolteon
6-20,23:54:25,NINTEN,Pikachu,Erika,4,Celadon City - Gym,6,5:26.98,5:26,0h5m26s,21,0,21,82,1792:08,34.942,THUNDERBOLT,SURF,FLY,CUT,0,0,0,0,0,0,0,0,27,82674,Jolteon, ,Electric,Electric,555203,Pikachu95,Pikachu,,00:04:52.03,00:05:26.98,1792:08:31.52,82,21,0,5,26,98,THUNDERBOLT,SURF,FLY,CUT,21,21,10,28,2,2,0,0,115,248,158,146,184,184,216,27028,35258,28268,38169,38169,36857,15,15,15,15,0,0,0,0,0,0,0,177,164,207,207,243,0,0,0,0,0,0,0,0,0,0,0,0,0,0,0,0,0,0,0,0,0,0,0,0,0,0,0,0,0,0,0,0,0,0,0,0,0,0,0,0,0,0,0,0,0,0,0,0,0,0,0,0,0,0,0,0,0,0,0,0,0,0,0,0,0,0,0,0,0,0,0,0,0,0,95,21,Jolteon
6-20,23:56:10,NINTEN,Pikachu,,1,Fuchsia City - Pokecenter,6,7:11.61,7:11,0h7m11s,21,0,21,82,1792:15,63.76,THUNDERBOLT,SURF,FLY,CUT,0,0,0,0,0,0,0,0,27,89109,Jolteon, ,Electric,Electric,570980,Pikachu95,Pikachu,,00:06:07.85,00:07:11.61,1792:15:25.45,82,21,0,7,11,61,THUNDERBOLT,SURF,FLY,CUT,11,21,14,29,2,2,0,0,155,248,158,146,184,184,216,27773,35708,28658,38699,38699,37237,15,15,15,15,0,0,0,0,0,0,0,177,164,207,207,243,0,0,0,0,0,0,0,0,0,0,0,0,0,0,0,0,0,0,0,0,0,0,0,0,0,0,0,0,0,0,0,0,0,0,0,0,0,0,0,0,0,0,0,0,0,0,0,0,0,0,0,0,0,0,0,0,0,0,0,0,0,0,0,0,0,0,0,0,0,0,0,0,0,0,95,21,Jolteon
6-20,23:57:16,NINTEN,Pikachu,Koga,3,Fuchsia City - Gym,6,8:17.44,8:17,0h8m17s,21,0,21,83,1792:19,41.057,THUNDERBOLT,SURF,FLY,CUT,0,0,0,0,0,0,0,0,27,95544,Jolteon, ,Electric,Electric,584633,Pikachu95,Pikachu,,00:07:36.39,00:08:17.44,1792:19:46.09,83,21,0,8,17,44,THUNDERBOLT,SURF,FLY,CUT,14,21,14,30,2,2,0,0,148,251,160,147,186,186,219,28230,36223,29117,39224,39224,37737,15,15,15,15,0,0,0,0,0,0,0,180,165,209,209,246,0,0,0,0,0,0,0,0,0,0,0,0,0,0,0,0,0,0,0,0,0,0,0,0,0,0,0,0,0,0,0,0,0,0,0,0,0,0,0,0,0,0,0,0,0,0,0,0,0,0,0,0,0,0,0,0,0,0,0,0,0,0,0,0,0,0,0,0,0,0,0,0,0,0,95,21,Jolteon
6-20,23:59:53,NINTEN,Pikachu,Sabrina,3,Saffron City - Gym,6,10:54.56,10:54,0h10m54s,22,0,22,84,1792:27,35.445,THUNDERBOLT,SURF,FLY,CUT,0,0,0,0,0,0,0,0,27,101979,Jolteon, ,Electric,Electric,598109,Pikachu95,Pikachu,,00:10:19.11,00:10:54.56,1792:27:07.04,84,22,0,10,54,56,THUNDERBOLT,SURF,FLY,CUT,19,21,15,24,2,2,0,0,140,255,162,150,189,189,221,28630,36581,29502,39879,39879,38249,15,15,15,15,0,0,0,0,0,0,0,182,168,212,212,248,0,0,0,0,0,0,0,0,0,0,0,0,0,0,0,0,0,0,0,0,0,0,0,0,0,0,0,0,0,0,0,0,0,0,0,0,0,0,0,0,0,0,0,0,0,0,0,0,0,0,0,0,0,0,0,0,0,0,0,0,0,0,0,0,0,0,0,0,0,0,0,0,0,0,95,22,Jolteon
6-21,00:01:03,NINTEN,Pikachu,Blaine,2,Cinnabar Island - Gym,6,12:04.51,12:04,0h12m4s,22,0,22,84,1792:31,29.889,THUNDERBOLT,SURF,FLY,CUT,0,0,0,0,0,0,0,0,27,108414,Jolteon, ,Electric,Electric,614051,Pikachu95,Pikachu,,00:11:34.62,00:12:04.51,1792:31:42.40,84,22,0,12,4,51,THUNDERBOLT,SURF,FLY,CUT,20,16,15,30,2,2,0,0,255,255,162,150,189,189,221,29066,37176,29922,40439,40439,38817,15,15,15,15,0,0,0,0,0,0,0,182,168,212,212,248,0,0,0,0,0,0,0,0,0,0,0,0,0,0,0,0,0,0,0,0,0,0,0,0,0,0,0,0,0,0,0,0,0,0,0,0,0,0,0,0,0,0,0,0,0,0,0,0,0,0,0,0,0,0,0,0,0,0,0,0,0,0,0,0,0,0,0,0,0,0,0,0,0,0,95,22,Jolteon
6-21,00:05:02,NINTEN,Pikachu,Rival1-Lab,1,Route 1,6,16:03.84,16:03,0h16m3s,24,0,24,85,1792:38,30.952,THUNDERBOLT,SURF,FLY,REFLECT,0,0,0,0,0,0,0,0,26,114849,Jolteon, ,Electric,Electric,631776,Pikachu95,Pikachu,Rival (Lab),00:15:32.88,00:16:03.84,1792:38:04.52,85,24,0,16,3,84,THUNDERBOLT,SURF,FLY,REFLECT,15,15,13,19,2,2,0,0,163,258,164,152,192,192,225,29619,37727,30420,40929,40929,39300,15,15,15,15,0,0,0,0,0,0,0,184,171,216,216,253,0,0,0,0,0,0,0,0,0,0,0,0,0,0,0,0,0,0,0,0,0,0,0,0,0,0,0,0,0,0,0,0,0,0,0,0,0,0,0,0,0,0,0,0,0,0,0,0,0,0,0,0,0,0,0,0,0,0,0,0,0,0,0,0,0,0,0,0,0,0,0,0,0,0,95,24,Jolteon
6-21,00:07:33,NINTEN,Pikachu,Prof Oak,1,Unknown Dungeon,6,18:34.51,18:34,0h18m34s,24,0,24,86,1792:48,53.895,THUNDERBOLT,SURF,FLY,REFLECT,0,0,0,0,0,0,0,0,26,121779,Jolteon,Paralyzed,Electric,Electric,648499,Pikachu95,Pikachu,,00:17:40.61,00:18:34.51,1792:48:00.44,86,24,0,18,34,51,THUNDERBOLT,SURF,FLY,REFLECT,14,21,13,20,2,2,0,0,59,261,166,153,194,194,227,30029,38192,30835,41544,41544,39985,15,15,15,15,0,0,-1,-1,0,0,0,209,193,144,144,17,0,0,0,0,0,0,0,0,0,0,0,0,0,0,0,0,0,0,0,0,0,0,0,0,0,0,0,0,0,0,0,0,0,0,0,0,0,0,0,0,0,0,0,0,0,0,0,0,0,0,0,0,0,0,0,0,0,0,0,0,0,0,0,0,0,0,0,0,0,0,0,0,0,0,95,24,Jolteon
6-21,07:13:27,NINTEN,Pikachu,Bug Catcher,4,Route 3,3,18:34.13,18:34,0h18m34s,0,0,0,19,256:07,12.514,THUNDERSHOCK,TAIL WHIP,GROWL,QUICK ATTACK,0,0,0,0,0,0,0,0,6,1563,Jolteon, ,Electric,Electric,7307,Pikachu95,Pikachu,,00:18:21.62,00:18:34.13,256:07:00.33,19,0,0,18,34,13,THUNDERSHOCK,TAIL WHIP,GROWL,QUICK ATTACK,27,30,40,30,0,0,0,0,60,60,35,33,40,40,48,5487,5220,5396,4038,4038,5685,15,15,15,15,0,0,0,0,0,0,0,39,33,40,40,48,0,0,0,0,0,0,0,0,0,0,0,0,0,0,0,0,0,0,0,0,0,0,0,0,0,0,0,0,0,0,0,0,0,0,0,0,0,0,0,0,0,0,0,0,0,0,0,0,0,0,0,0,0,0,0,0,0,0,0,0,0,0,0,0,0,0,0,0,0,0,0,0,0,0,95,0,Jolteon
6-21,07:13:37,NINTEN,Pikachu,Youngster Ben,1,Route 3,2,18:44.08,18:44,0h18m44s,0,0,0,19,256:07,6.439,THUNDERSHOCK,TAIL WHIP,GROWL,QUICK ATTACK,0,0,0,0,0,0,0,0,6,1663,Jolteon, ,Electric,Electric,7585,Pikachu95,Pikachu,,00:18:37.64,00:18:44.08,256:07:39.05,19,0,0,18,44,8,THUNDERSHOCK,TAIL WHIP,GROWL,QUICK ATTACK,25,30,40,30,0,0,0,0,60,60,35,33,40,40,48,5552,5336,5475,4103,4103,5812,15,15,15,15,0,0,0,0,0,0,0,39,33,40,40,48,0,0,0,0,0,0,0,0,0,0,0,0,0,0,0,0,0,0,0,0,0,0,0,0,0,0,0,0,0,0,0,0,0,0,0,0,0,0,0,0,0,0,0,0,0,0,0,0,0,0,0,0,0,0,0,0,0,0,0,0,0,0,0,0,0,0,0,0,0,0,0,0,0,0,95,0,Jolteon
6-21,07:13:47,NINTEN,Pikachu,Lass,2,Route 3,2,18:54.38,18:54,0h18m54s,0,0,0,19,256:08,6.32,THUNDERSHOCK,TAIL WHIP,GROWL,QUICK ATTACK,0,0,0,0,0,0,0,0,6,1828,Jolteon, ,Electric,Electric,7833,Pikachu95,Pikachu,,00:18:48.06,00:18:54.38,256:08:19.03,19,0,0,18,54,38,THUNDERSHOCK,TAIL WHIP,GROWL,QUICK ATTACK,23,30,40,30,0,0,0,0,60,60,35,33,40,40,48,5628,5449,5550,4168,4168,5934,15,15,15,15,0,0,0,0,0,0,0,39,33,40,40,48,0,0,0,0,0,0,0,0,0,0,0,0,0,0,0,0,0,0,0,0,0,0,0,0,0,0,0,0,0,0,0,0,0,0,0,0,0,0,0,0,0,0,0,0,0,0,0,0,0,0,0,0,0,0,0,0,0,0,0,0,0,0,0,0,0,0,0,0,0,0,0,0,0,0,95,0,Jolteon
6-21,07:14:08,NINTEN,Pikachu,Bug Catcher,5,Route 3,4,19:15.49,19:15,0h19m15s,0,0,0,20,256:09,18.214,ThunderPunch,TAIL WHIP,GROWL,QUICK ATTACK,0,0,0,0,0,0,0,0,6,1978,Jolteon, ,Electric,Electric,8308,Pikachu95,Pikachu,,00:18:57.28,00:19:15.49,256:09:41.52,20,0,0,19,15,49,ThunderPunch,TAIL WHIP,GROWL,QUICK ATTACK,13,30,40,30,0,0,0,0,63,63,36,34,42,42,50,5808,5559,5720,4258,4258,6094,15,15,15,15,0,0,0,0,0,0,0,40,34,42,42,50,0,0,0,0,0,0,0,0,0,0,0,0,0,0,0,0,0,0,0,0,0,0,0,0,0,0,0,0,0,0,0,0,0,0,0,0,0,0,0,0,0,0,0,0,0,0,0,0,0,0,0,0,0,0,0,0,0,0,0,0,0,0,0,0,0,0,0,0,0,0,0,0,0,0,95,0,Jolteon
6-21,07:14:26,NINTEN,Pikachu,Bug Catcher,6,Route 3,3,19:33.20,19:33,0h19m33s,0,0,0,20,256:10,12.493,ThunderPunch,TAIL WHIP,GROWL,QUICK ATTACK,0,0,0,0,0,0,0,0,6,2068,Jolteon, ,Electric,Electric,8719,Pikachu95,Pikachu,,00:19:20.70,00:19:33.20,256:10:51.09,20,0,0,19,33,20,ThunderPunch,TAIL WHIP,GROWL,QUICK ATTACK,11,30,40,28,0,0,0,0,60,63,36,34,42,42,50,5943,5669,5885,4363,4363,6179,15,15,15,15,0,0,0,0,0,0,0,40,34,42,42,50,0,0,0,0,0,0,0,0,0,0,0,0,0,0,0,0,0,0,0,0,0,0,0,0,0,0,0,0,0,0,0,0,0,0,0,0,0,0,0,0,0,0,0,0,0,0,0,0,0,0,0,0,0,0,0,0,0,0,0,0,0,0,0,0,0,0,0,0,0,0,0,0,0,0,95,0,Jolteon
6-21,07:15:02,NINTEN,Pikachu,Bug Catcher,7,Mt Moon - 1,2,20:09.35,20:09,0h20m9s,0,0,0,20,256:13,7.094,ThunderPunch,TAIL WHIP,GROWL,QUICK ATTACK,0,0,0,0,0,0,0,0,7,2158,Jolteon, ,Electric,Electric,9170,Pikachu95,Pikachu,,00:20:02.26,00:20:09.35,256:13:13.40,20,0,0,20,9,35,ThunderPunch,TAIL WHIP,GROWL,QUICK ATTACK,13,30,40,30,0,0,0,0,63,63,36,34,42,42,50,6048,5784,5955,4428,4428,6304,15,15,15,15,0,0,0,0,0,0,0,40,34,42,42,50,0,0,0,0,0,0,0,0,0,0,0,0,0,0,0,0,0,0,0,0,0,0,0,0,0,0,0,0,0,0,0,0,0,0,0,0,0,0,0,0,0,0,0,0,0,0,0,0,0,0,0,0,0,0,0,0,0,0,0,0,0,0,0,0,0,0,0,0,0,0,0,0,0,0,95,0,Jolteon
6-21,07:15:14,NINTEN,Pikachu,Lass,6,Mt Moon - 1,1,20:20.89,20:20,0h20m20s,0,0,0,21,256:13,5.063,ThunderPunch,TAIL WHIP,GROWL,QUICK ATTACK,0,0,0,0,0,0,0,0,7,2258,Jolteon, ,Electric,Electric,9374,Pikachu95,Pikachu,,00:20:15.82,00:20:20.89,256:13:58.39,21,0,0,20,20,89,ThunderPunch,TAIL WHIP,GROWL,QUICK ATTACK,12,30,40,30,0,0,0,0,66,66,38,36,44,44,53,6118,5829,6003,4488,4488,6339,15,15,15,15,0,0,0,0,0,0,0,42,36,44,44,53,0,0,0,0,0,0,0,0,0,0,0,0,0,0,0,0,0,0,0,0,0,0,0,0,0,0,0,0,0,0,0,0,0,0,0,0,0,0,0,0,0,0,0,0,0,0,0,0,0,0,0,0,0,0,0,0,0,0,0,0,0,0,0,0,0,0,0,0,0,0,0,0,0,0,95,0,Jolteon
6-21,07:15:42,NINTEN,Pikachu,Super Nerd,1,Mt Moon - 1,2,20:49.64,20:49,0h20m49s,0,1,1,21,256:15,12.189,ThunderPunch,TAIL WHIP,GROWL,QUICK ATTACK,0,0,0,0,0,0,0,0,7,2468,Jolteon, ,Electric,Electric,9823,Pikachu95,Pikachu,,00:20:37.46,00:20:49.64,256:15:50.23,21,0,0,20,49,64,ThunderPunch,TAIL WHIP,GROWL,QUICK ATTACK,12,30,40,26,0,0,0,0,64,66,38,36,44,44,53,6183,5894,6123,4638,4638,6484,15,15,15,15,0,-2,0,0,0,0,0,47,18,44,44,53,0,0,0,0,0,0,0,0,0,0,0,0,0,0,0,0,0,0,0,0,0,0,0,0,0,0,0,0,0,0,0,0,0,0,0,0,0,0,0,0,0,0,0,0,0,0,0,0,0,0,0,0,0,0,0,0,0,0,0,0,0,0,0,0,0,0,0,0,0,0,0,0,0,1,95,1,Jolteon
6-21,07:15:58,NINTEN,Pikachu,Bug Catcher,8,Mt Moon - 1,2,21:05.77,21:05,0h21m5s,0,1,1,21,256:16,7.006,ThunderPunch,TAIL WHIP,GROWL,QUICK ATTACK,0,0,0,0,0,0,0,0,8,2743,Jolteon, ,Electric,Electric,10338,Pikachu95,Pikachu,,00:20:58.76,00:21:05.77,256:16:52.40,21,0,0,21,5,77,ThunderPunch,TAIL WHIP,GROWL,QUICK ATTACK,9,30,40,26,0,0,0,0,64,66,38,36,44,44,53,6328,6014,6243,4778,4778,6654,15,15,15,15,0,0,0,0,0,0,0,42,36,44,44,53,0,0,0,0,0,0,0,0,0,0,0,0,0,0,0,0,0,0,0,0,0,0,0,0,0,0,0,0,0,0,0,0,0,0,0,0,0,0,0,0,0,0,0,0,0,0,0,0,0,0,0,0,0,0,0,0,0,0,0,0,0,0,0,0,0,0,0,0,0,0,0,0,0,1,95,1,Jolteon
6-21,07:16:38,NINTEN,Pikachu,Youngster,3,Mt Moon - 1,3,21:45.49,21:45,0h21m45s,0,1,1,22,256:19,17.676,ThunderPunch,TAIL WHIP,GROWL,QUICK ATTACK,0,0,0,0,0,0,0,0,8,2843,Jolteon, ,Electric,Electric,10772,Pikachu95,Pikachu,,00:21:27.82,00:21:45.49,256:19:25.11,22,0,0,21,45,49,ThunderPunch,TAIL WHIP,GROWL,QUICK ATTACK,7,30,40,22,0,0,0,0,54,69,39,38,46,46,55,6448,6190,6398,4873,4873,6821,15,15,15,15,0,0,0,0,0,-1,0,43,38,46,46,55,0,0,0,0,0,0,0,0,0,0,0,0,0,0,0,0,0,0,0,0,0,0,0,0,0,0,0,0,0,0,0,0,0,0,0,0,0,0,0,0,0,0,0,0,0,0,0,0,0,0,0,0,0,0,0,0,0,0,0,0,0,0,0,0,0,0,0,0,0,0,0,0,0,1,95,1,Jolteon
6-21,07:17:15,NINTEN,Pikachu,Fossil Nerd,2,Mt Moon - 3,3,22:22.13,22:22,0h22m22s,0,1,1,22,256:21,15.073,ThunderPunch,TAIL WHIP,GROWL,QUICK ATTACK,0,0,0,0,0,0,0,0,8,2993,Jolteon, ,Electric,Electric,11495,Pikachu95,Pikachu,,00:22:07.06,00:22:22.13,256:21:47.10,22,0,0,22,22,13,ThunderPunch,TAIL WHIP,GROWL,QUICK ATTACK,6,30,40,18,0,0,0,0,52,69,39,38,46,46,55,6593,6335,6568,5063,5063,6991,15,15,15,15,0,-2,0,0,0,0,0,48,19,46,46,55,0,0,0,0,0,0,0,0,0,0,0,0,0,0,0,0,0,0,0,0,0,0,0,0,0,0,0,0,0,0,0,0,0,0,0,0,0,0,0,0,0,0,0,0,0,0,0,0,0,0,0,0,0,0,0,0,0,0,0,0,0,0,0,0,0,0,0,0,0,0,0,0,0,1,95,1,Jolteon
6-21,07:18:42,NINTEN,Pikachu,Rocket,42,Mt Moon - 3,3,23:49.63,23:49,0h23m49s,0,1,1,23,256:27,11.703,ThunderPunch,TAIL WHIP,MEGA PUNCH,QUICK ATTACK,0,0,0,0,0,0,0,0,9,3293,Jolteon,Poisoned,Electric,Electric,12294,Pikachu95,Pikachu,,00:23:37.93,00:23:49.63,256:27:24.18,23,0,0,23,49,63,ThunderPunch,TAIL WHIP,MEGA PUNCH,QUICK ATTACK,2,30,20,18,0,0,0,0,48,72,41,39,48,48,58,6708,6505,6742,5203,5203,7171,15,15,15,15,0,0,0,0,0,0,0,46,39,48,48,58,0,0,0,0,0,0,0,0,0,0,0,0,0,0,0,0,0,0,0,0,0,0,0,0,0,0,0,0,0,0,0,0,0,0,0,0,0,0,0,0,0,0,0,0,0,0,0,0,0,0,0,0,0,0,0,0,0,0,0,0,0,0,0,0,0,0,0,0,0,0,0,0,0,1,95,1,Jolteon
6-21,07:19:11,NINTEN,Pikachu,Fisher,1,Cerulean City - Gym,2,24:18.87,24:18,0h24m18s,0,1,1,23,256:29,6.781,ThunderPunch,TAIL WHIP,MEGA PUNCH,QUICK ATTACK,0,0,0,0,0,0,0,0,9,3743,Jolteon, ,Electric,Electric,12908,Pikachu95,Pikachu,,00:24:12.09,00:24:18.87,256:29:18.41,23,0,0,24,18,87,ThunderPunch,TAIL WHIP,MEGA PUNCH,QUICK ATTACK,13,30,20,30,0,0,0,0,72,72,41,39,48,48,58,6768,6610,6912,5318,5318,7271,15,15,15,15,0,0,0,0,0,0,0,46,39,48,48,58,0,0,0,0,0,0,0,0,0,0,0,0,0,0,0,0,0,0,0,0,0,0,0,0,0,0,0,0,0,0,0,0,0,0,0,0,0,0,0,0,0,0,0,0,0,0,0,0,0,0,0,0,0,0,0,0,0,0,0,0,0,0,0,0,0,0,0,0,0,0,0,0,0,1,95,1,Jolteon
6-21,07:19:23,NINTEN,Pikachu,Pecking Lass,1,Cerulean City - Gym,1,24:30.00,24:30,0h24m30s,0,1,1,23,256:30,7.255,ThunderPunch,TAIL WHIP,MEGA PUNCH,QUICK ATTACK,0,0,0,0,0,0,0,0,9,3823,Jolteon, ,Electric,Electric,13314,Pikachu95,Pikachu,,00:24:22.75,00:24:30.00,256:30:02.05,23,0,0,24,30,0,ThunderPunch,TAIL WHIP,MEGA PUNCH,QUICK ATTACK,12,30,20,30,0,0,0,0,72,72,41,39,48,48,58,6833,6655,6967,5388,5388,7316,15,15,15,15,0,0,0,0,0,0,0,46,39,48,48,58,0,0,0,0,0,0,0,0,0,0,0,0,0,0,0,0,0,0,0,0,0,0,0,0,0,0,0,0,0,0,0,0,0,0,0,0,0,0,0,0,0,0,0,0,0,0,0,0,0,0,0,0,0,0,0,0,0,0,0,0,0,0,0,0,0,0,0,0,0,0,0,0,0,1,95,1,Jolteon
6-21,07:20:04,NINTEN,Pikachu,Misty,1,Cerulean City - Gym,3,25:11.27,25:11,0h25m11s,0,1,1,24,256:32,35.077,ThunderPunch,HEADBUTT,MEGA PUNCH,QUICK ATTACK,0,0,0,0,0,0,0,0,9,4203,Jolteon, ,Electric,Electric,14997,Pikachu95,Pikachu,Misty,00:24:36.19,00:25:11.27,256:32:45.12,24,0,0,25,11,27,ThunderPunch,HEADBUTT,MEGA PUNCH,QUICK ATTACK,8,15,20,30,0,0,0,0,54,75,43,41,50,50,60,6988,6849,7160,5588,5588,7549,15,15,15,15,0,0,0,0,0,0,0,48,41,50,50,60,0,0,0,0,0,0,0,0,0,0,0,0,0,0,0,0,0,0,0,0,0,0,0,0,0,0,0,0,0,0,0,0,0,0,0,0,0,0,0,0,0,0,0,0,0,0,0,0,0,0,0,0,0,0,0,0,0,0,0,0,0,0,0,0,0,0,0,0,0,0,0,0,0,1,95,1,Jolteon
6-21,07:20:55,NINTEN,Pikachu,Blackbelt,3,Cerulean City,4,26:02.02,26:02,0h26m2s,0,1,1,25,256:36,25.042,ThunderPunch,QUICK ATTACK,MEGA PUNCH,HEADBUTT,0,0,0,0,0,0,0,0,10,6282,Jolteon, ,Electric,Electric,16046,Pikachu95,Pikachu,,00:25:36.98,00:26:02.02,256:36:05.12,25,0,0,26,2,2,ThunderPunch,QUICK ATTACK,MEGA PUNCH,HEADBUTT,13,30,20,11,0,0,0,0,59,77,45,42,52,52,63,7178,7105,7325,5784,5784,7786,15,15,15,15,0,0,0,0,0,0,0,50,42,52,52,63,0,0,0,0,0,0,0,0,0,0,0,0,0,0,0,0,0,0,0,0,0,0,0,0,0,0,0,0,0,0,0,0,0,0,0,0,0,0,0,0,0,0,0,0,0,0,0,0,0,0,0,0,0,0,0,0,0,0,0,0,0,0,0,0,0,0,0,0,0,0,0,0,0,1,95,1,Jolteon
6-21,07:21:10,NINTEN,Pikachu,Bug Catcher,9,Route 24,2,26:17.74,26:17,0h26m17s,0,1,1,25,256:37,8.079,ThunderPunch,QUICK ATTACK,MEGA PUNCH,HEADBUTT,0,0,0,0,0,0,0,0,10,6947,Jolteon, ,Electric,Electric,16933,Pikachu95,Pikachu,,00:26:09.67,00:26:17.74,256:37:06.42,25,0,0,26,17,74,ThunderPunch,QUICK ATTACK,MEGA PUNCH,HEADBUTT,11,30,20,11,0,0,0,0,59,77,45,42,52,52,63,7303,7230,7415,5909,5909,7931,15,15,15,15,0,0,0,0,0,0,0,50,42,52,52,63,0,0,0,0,0,0,0,0,0,0,0,0,0,0,0,0,0,0,0,0,0,0,0,0,0,0,0,0,0,0,0,0,0,0,0,0,0,0,0,0,0,0,0,0,0,0,0,0,0,0,0,0,0,0,0,0,0,0,0,0,0,0,0,0,0,0,0,0,0,0,0,0,0,1,95,1,Jolteon
6-21,07:21:23,NINTEN,Pikachu,Lass,8,Route 24,2,26:30.22,26:30,0h26m30s,0,1,1,25,256:37,9.735,ThunderPunch,QUICK ATTACK,MEGA PUNCH,HEADBUTT,0,0,0,0,0,0,0,0,10,7077,Jolteon, ,Electric,Electric,17426,Pikachu95,Pikachu,,00:26:20.48,00:26:30.22,256:37:55.19,25,0,0,26,30,22,ThunderPunch,QUICK ATTACK,MEGA PUNCH,HEADBUTT,10,30,20,10,0,0,0,0,59,77,45,42,52,52,63,7468,7325,7490,6009,6009,7981,15,15,15,15,0,0,0,0,0,0,0,50,42,52,52,63,0,0,0,0,0,0,0,0,0,0,0,0,0,0,0,0,0,0,0,0,0,0,0,0,0,0,0,0,0,0,0,0,0,0,0,0,0,0,0,0,0,0,0,0,0,0,0,0,0,0,0,0,0,0,0,0,0,0,0,0,0,0,0,0,0,0,0,0,0,0,0,0,0,1,95,1,Jolteon
6-21,07:21:40,NINTEN,Pikachu,Youngster,4,Route 24,3,26:47.66,26:47,0h26m47s,0,1,1,26,256:39,14.076,ThunderPunch,QUICK ATTACK,MEGA PUNCH,HEADBUTT,0,0,0,0,0,0,0,0,10,7302,Jolteon, ,Electric,Electric,17945,Pikachu95,Pikachu,,00:26:33.58,00:26:47.66,256:39:03.38,26,0,0,26,47,66,ThunderPunch,QUICK ATTACK,MEGA PUNCH,HEADBUTT,7,30,20,10,0,0,0,0,62,80,46,44,54,54,65,7573,7486,7604,6114,6114,8163,15,15,15,15,0,0,0,0,0,0,0,51,44,54,54,65,0,0,0,0,0,0,0,0,0,0,0,0,0,0,0,0,0,0,0,0,0,0,0,0,0,0,0,0,0,0,0,0,0,0,0,0,0,0,0,0,0,0,0,0,0,0,0,0,0,0,0,0,0,0,0,0,0,0,0,0,0,0,0,0,0,0,0,0,0,0,0,0,0,1,95,1,Jolteon
6-21,07:21:52,NINTEN,Pikachu,Lass,7,Route 24,2,26:59.55,26:59,0h26m59s,0,1,1,26,256:39,8.091,ThunderPunch,QUICK ATTACK,MEGA PUNCH,HEADBUTT,0,0,0,0,0,0,0,0,10,7512,Jolteon, ,Electric,Electric,18333,Pikachu95,Pikachu,,00:26:51.46,00:26:59.55,256:39:49.55,26,0,0,26,59,55,ThunderPunch,QUICK ATTACK,MEGA PUNCH,HEADBUTT,5,30,20,10,0,0,0,0,62,80,46,44,54,54,65,7668,7578,7696,6189,6189,8260,15,15,15,15,0,0,0,0,0,0,0,51,44,54,54,65,0,0,0,0,0,0,0,0,0,0,0,0,0,0,0,0,0,0,0,0,0,0,0,0,0,0,0,0,0,0,0,0,0,0,0,0,0,0,0,0,0,0,0,0,0,0,0,0,0,0,0,0,0,0,0,0,0,0,0,0,0,0,0,0,0,0,0,0,0,0,0,0,0,1,95,1,Jolteon
6-21,07:22:01,NINTEN,Pikachu,Jr Trainer M,3,Route 24,1,27:08.72,27:08,0h27m8s,0,1,1,26,256:40,5.852,ThunderPunch,QUICK ATTACK,MEGA PUNCH,HEADBUTT,0,0,0,0,0,0,0,0,10,7752,Jolteon, ,Electric,Electric,18618,Pikachu95,Pikachu,,00:27:02.87,00:27:08.72,256:40:25.29,26,0,0,27,8,72,ThunderPunch,QUICK ATTACK,MEGA PUNCH,HEADBUTT,4,30,20,10,0,0,0,0,62,80,46,44,54,54,65,7708,7658,7731,6224,6224,8330,15,15,15,15,0,0,0,0,0,0,0,51,44,54,54,65,0,0,0,0,0,0,0,0,0,0,0,0,0,0,0,0,0,0,0,0,0,0,0,0,0,0,0,0,0,0,0,0,0,0,0,0,0,0,0,0,0,0,0,0,0,0,0,0,0,0,0,0,0,0,0,0,0,0,0,0,0,0,0,0,0,0,0,0,0,0,0,0,0,1,95,1,Jolteon
6-21,07:22:18,NINTEN,Pikachu,Rocket,6,Route 24,2,27:25.30,27:25,0h27m25s,0,1,1,26,256:41,10.118,ThunderPunch,QUICK ATTACK,MEGA PUNCH,HEADBUTT,0,0,0,0,0,0,0,0,11,8112,Jolteon, ,Electric,Electric,18988,Pikachu95,Pikachu,,00:27:15.18,00:27:25.30,256:41:30.25,26,0,0,27,25,30,ThunderPunch,QUICK ATTACK,MEGA PUNCH,HEADBUTT,2,30,20,10,0,0,0,0,62,80,46,44,54,54,65,7783,7763,7810,6304,6304,8440,15,15,15,15,0,0,0,0,0,0,0,51,44,54,54,65,0,0,0,0,0,0,0,0,0,0,0,0,0,0,0,0,0,0,0,0,0,0,0,0,0,0,0,0,0,0,0,0,0,0,0,0,0,0,0,0,0,0,0,0,0,0,0,0,0,0,0,0,0,0,0,0,0,0,0,0,0,0,0,0,0,0,0,0,0,0,0,0,0,1,95,1,Jolteon
6-21,07:23:06,NINTEN,Pikachu,Hiker,2,Route 25,2,28:12.98,28:12,0h28m12s,0,1,1,26,256:44,20.097,ThunderPunch,QUICK ATTACK,MEGA PUNCH,HEADBUTT,0,0,0,0,0,0,0,0,12,8562,Jolteon, ,Electric,Electric,19583,Pikachu95,Pikachu,,00:27:52.88,00:28:12.98,256:44:38.50,26,0,0,28,12,98,ThunderPunch,QUICK ATTACK,MEGA PUNCH,HEADBUTT,14,30,20,8,0,0,0,0,65,80,46,44,54,54,65,7893,7923,7960,6369,6369,8495,15,15,15,15,0,0,0,0,0,0,0,51,44,54,54,65,0,0,0,0,0,0,0,0,0,0,0,0,0,0,0,0,0,0,0,0,0,0,0,0,0,0,0,0,0,0,0,0,0,0,0,0,0,0,0,0,0,0,0,0,0,0,0,0,0,0,0,0,0,0,0,0,0,0,0,0,0,0,0,0,0,0,0,0,0,0,0,0,0,1,95,1,Jolteon
6-21,07:23:24,NINTEN,Pikachu,Lass,9,Route 25,1,28:31.07,28:31,0h28m31s,0,1,1,27,256:45,9.557,ThunderPunch,QUICK ATTACK,MEGA PUNCH,HEADBUTT,0,0,0,0,0,0,0,0,13,9122,Jolteon, ,Electric,Electric,19956,Pikachu95,Pikachu,,00:28:21.51,00:28:31.07,256:45:49.53,27,0,0,28,31,7,ThunderPunch,QUICK ATTACK,MEGA PUNCH,HEADBUTT,12,30,20,8,0,0,0,0,60,83,48,46,56,56,67,8033,7993,8015,6454,6454,8540,15,15,15,15,0,0,0,0,0,0,0,54,46,56,56,67,0,0,0,0,0,0,0,0,0,0,0,0,0,0,0,0,0,0,0,0,0,0,0,0,0,0,0,0,0,0,0,0,0,0,0,0,0,0,0,0,0,0,0,0,0,0,0,0,0,0,0,0,0,0,0,0,0,0,0,0,0,0,0,0,0,0,0,0,0,0,0,0,0,1,95,1,Jolteon
6-21,07:23:46,NINTEN,Pikachu,Jr Trainer M,2,Route 25,2,28:53.62,28:53,0h28m53s,0,1,1,27,256:47,9.56,ThunderPunch,QUICK ATTACK,MEGA PUNCH,HEADBUTT,0,0,0,0,0,0,0,0,13,9362,Jolteon, ,Electric,Electric,20471,Pikachu95,Pikachu,,00:28:44.06,00:28:53.62,256:47:18.38,27,0,0,28,53,62,ThunderPunch,QUICK ATTACK,MEGA PUNCH,HEADBUTT,11,30,20,7,0,0,0,0,60,83,48,46,56,56,67,8093,8115,8088,6549,6549,8690,15,15,15,15,0,0,0,0,0,0,0,54,46,56,56,67,0,0,0,0,0,0,0,0,0,0,0,0,0,0,0,0,0,0,0,0,0,0,0,0,0,0,0,0,0,0,0,0,0,0,0,0,0,0,0,0,0,0,0,0,0,0,0,0,0,0,0,0,0,0,0,0,0,0,0,0,0,0,0,0,0,0,0,0,0,0,0,0,0,1,95,1,Jolteon
6-21,07:24:08,NINTEN,Pikachu,Oddish Lass,10,Route 25,3,29:15.63,29:15,0h29m15s,0,1,1,27,256:48,16.157,ThunderPunch,QUICK ATTACK,MEGA PUNCH,HEADBUTT,0,0,0,0,0,0,0,0,13,9662,Jolteon, ,Electric,Electric,21192,Pikachu95,Pikachu,Oddish Lass,00:28:59.48,00:29:15.63,256:48:45.06,27,0,0,29,15,63,ThunderPunch,QUICK ATTACK,MEGA PUNCH,HEADBUTT,10,30,20,3,0,0,0,0,55,83,48,46,56,56,67,8233,8260,8238,6734,6734,8806,15,15,15,15,0,0,0,0,0,0,0,54,46,56,56,67,0,0,0,0,0,0,0,0,0,0,0,0,0,0,0,0,0,0,0,0,0,0,0,0,0,0,0,0,0,0,0,0,0,0,0,0,0,0,0,0,0,0,0,0,0,0,0,0,0,0,0,0,0,0,0,0,0,0,0,0,0,0,0,0,0,0,0,0,0,0,0,0,0,1,95,1,Jolteon
6-21,07:25:15,NINTEN,Pikachu,Cerulean Rocket,5,Cerulean City,2,30:22.15,30:22,0h30m22s,0,1,1,27,256:53,8.559,ThunderPunch,QUICK ATTACK,MEGA PUNCH,HEADBUTT,0,0,0,0,0,0,0,0,15,9902,Jolteon, ,Electric,Electric,21881,Pikachu95,Pikachu,Rocket,00:30:13.60,00:30:22.15,256:53:01.44,27,0,0,30,22,15,ThunderPunch,QUICK ATTACK,MEGA PUNCH,HEADBUTT,14,30,20,14,0,0,0,0,83,83,48,46,56,56,67,8363,8388,8333,6859,6859,8883,15,15,15,15,0,0,0,0,0,0,0,54,46,56,56,67,0,0,0,0,0,0,0,0,0,0,0,0,0,0,0,0,0,0,0,0,0,0,0,0,0,0,0,0,0,0,0,0,0,0,0,0,0,0,0,0,0,0,0,0,0,0,0,0,0,0,0,0,0,0,0,0,0,0,0,0,0,0,0,0,0,0,0,0,0,0,0,0,0,1,95,1,Jolteon
6-21,07:25:45,NINTEN,Pikachu,Sandy,3,Route 6,3,30:51.90,30:51,0h30m51s,0,1,1,28,256:54,11.412,ThunderPunch,QUICK ATTACK,MEGA PUNCH,HEADBUTT,0,0,0,0,0,0,0,0,17,10412,Jolteon, ,Electric,Electric,22453,Pikachu95,Pikachu,,00:30:40.49,00:30:51.90,256:54:58.35,28,0,0,30,51,90,ThunderPunch,QUICK ATTACK,MEGA PUNCH,HEADBUTT,11,30,20,14,0,0,0,0,86,86,50,47,58,58,70,8483,8538,8443,6960,6960,9065,15,15,15,15,0,0,0,0,0,0,0,56,47,58,58,70,0,0,0,0,0,0,0,0,0,0,0,0,0,0,0,0,0,0,0,0,0,0,0,0,0,0,0,0,0,0,0,0,0,0,0,0,0,0,0,0,0,0,0,0,0,0,0,0,0,0,0,0,0,0,0,0,0,0,0,0,0,0,0,0,0,0,0,0,0,0,0,0,0,1,95,1,Jolteon
6-21,07:25:59,NINTEN,Pikachu,Jr Trainer M,5,Route 6,2,31:06.22,31:06,0h31m6s,0,1,1,28,256:55,10.374,ThunderPunch,QUICK ATTACK,MEGA PUNCH,HEADBUTT,0,0,0,0,0,0,0,0,17,10732,Jolteon, ,Electric,Electric,23142,Pikachu95,Pikachu,,00:30:55.85,00:31:06.22,256:55:54.34,28,0,0,31,6,22,ThunderPunch,QUICK ATTACK,MEGA PUNCH,HEADBUTT,9,30,20,14,0,0,0,0,86,86,50,47,58,58,70,8578,8699,8538,7045,7045,9232,15,15,15,15,0,0,0,0,0,0,0,56,47,58,58,70,0,0,0,0,0,0,0,0,0,0,0,0,0,0,0,0,0,0,0,0,0,0,0,0,0,0,0,0,0,0,0,0,0,0,0,0,0,0,0,0,0,0,0,0,0,0,0,0,0,0,0,0,0,0,0,0,0,0,0,0,0,0,0,0,0,0,0,0,0,0,0,0,0,1,95,1,Jolteon
6-21,07:26:55,NINTEN,Pikachu,Gentleman,2,SS Anne,2,32:02.64,32:02,0h32m2s,0,1,1,28,256:59,7.726,ThunderPunch,QUICK ATTACK,MEGA PUNCH,HEADBUTT,0,0,0,0,0,0,0,0,20,8622,Jolteon, ,Electric,Electric,23625,Pikachu95,Pikachu,,00:31:54.91,00:32:02.64,256:59:37.18,28,0,0,32,2,64,ThunderPunch,QUICK ATTACK,MEGA PUNCH,HEADBUTT,7,30,20,14,0,0,0,0,86,86,50,47,58,58,70,8679,8803,8630,7125,7125,9323,15,15,15,15,0,0,0,0,0,0,0,56,47,58,58,70,0,0,0,0,0,0,0,0,0,0,0,0,0,0,0,0,0,0,0,0,0,0,0,0,0,0,0,0,0,0,0,0,0,0,0,0,0,0,0,0,0,0,0,0,0,0,0,0,0,0,0,0,0,0,0,0,0,0,0,0,0,0,0,0,0,0,0,0,0,0,0,0,0,1,95,1,Jolteon
6-21,07:27:28,NINTEN,Pikachu,Sailor,5,SS Anne,2,32:35.25,32:35,0h32m35s,0,1,1,29,512:01,10.478,ThunderPunch,QUICK ATTACK,MEGA PUNCH,HEADBUTT,0,0,0,0,0,0,0,0,21,9952,Jolteon, ,Electric,Electric,24523,Pikachu95,Pikachu,,00:32:24.78,00:32:35.25,512:01:44.24,29,0,0,32,35,25,ThunderPunch,QUICK ATTACK,MEGA PUNCH,HEADBUTT,5,30,20,14,0,0,0,0,89,89,52,49,60,60,72,8739,8953,8775,7220,7220,9458,15,15,15,15,0,0,0,0,0,0,0,58,49,60,60,72,0,0,0,0,0,0,0,0,0,0,0,0,0,0,0,0,0,0,0,0,0,0,0,0,0,0,0,0,0,0,0,0,0,0,0,0,0,0,0,0,0,0,0,0,0,0,0,0,0,0,0,0,0,0,0,0,0,0,0,0,0,0,0,0,0,0,0,0,0,0,0,0,0,1,95,1,Jolteon
6-21,07:27:45,NINTEN,Pikachu,Youngster,8,SS Anne,1,32:52.44,32:52,0h32m52s,0,1,1,29,512:02,8.015,ThunderPunch,QUICK ATTACK,MEGA PUNCH,HEADBUTT,0,0,0,0,0,0,0,0,22,10522,Jolteon, ,Electric,Electric,25054,Pikachu95,Pikachu,,00:32:44.42,00:32:52.44,512:02:51.33,29,0,0,32,52,44,ThunderPunch,QUICK ATTACK,MEGA PUNCH,HEADBUTT,4,30,20,13,0,0,0,0,80,89,52,49,60,60,72,8800,9025,8832,7275,7275,9523,15,15,15,15,0,0,0,0,0,0,0,58,49,60,60,72,0,0,0,0,0,0,0,0,0,0,0,0,0,0,0,0,0,0,0,0,0,0,0,0,0,0,0,0,0,0,0,0,0,0,0,0,0,0,0,0,0,0,0,0,0,0,0,0,0,0,0,0,0,0,0,0,0,0,0,0,0,0,0,0,0,0,0,0,0,0,0,0,0,1,95,1,Jolteon
6-21,07:28:17,NINTEN,Pikachu,Gentleman,5,SS Anne,2,33:24.47,33:24,0h33m24s,0,1,1,29,512:04,12.768,ThunderPunch,QUICK ATTACK,HEADBUTT,BODY SLAM,0,0,0,0,0,0,0,0,22,10837,Jolteon, ,Electric,Electric,25990,Pikachu95,Pikachu,,00:33:11.70,00:33:24.47,512:04:57.26,29,0,0,33,24,47,ThunderPunch,QUICK ATTACK,HEADBUTT,BODY SLAM,3,30,13,14,0,0,0,0,80,89,52,49,60,60,72,8905,9180,8932,7390,7390,9683,15,15,15,15,0,0,0,0,0,0,0,58,49,60,60,72,0,0,0,0,0,0,0,0,0,0,0,0,0,0,0,0,0,0,0,0,0,0,0,0,0,0,0,0,0,0,0,0,0,0,0,0,0,0,0,0,0,0,0,0,0,0,0,0,0,0,0,0,0,0,0,0,0,0,0,0,0,0,0,0,0,0,0,0,0,0,0,0,0,1,95,1,Jolteon
6-21,07:29:13,NINTEN,Pikachu,Rival3-SS Anne,1,SS Anne,4,34:20.13,34:20,0h34m20s,0,1,1,30,512:08,36.587,ThunderPunch,QUICK ATTACK,THUNDERBOLT,BODY SLAM,0,0,0,0,0,0,0,0,22,12097,Jolteon, ,Electric,Electric,28087,Pikachu95,Pikachu,Rival (SS Anne),00:33:43.54,00:34:20.13,512:08:37.16,30,0,0,34,20,13,ThunderPunch,QUICK ATTACK,THUNDERBOLT,BODY SLAM,12,30,14,10,0,0,0,0,31,91,54,51,62,62,75,9145,9491,9192,7625,7625,9930,15,15,15,15,0,0,0,0,0,0,0,60,51,62,62,75,0,0,0,0,0,0,0,0,0,0,0,0,0,0,0,0,0,0,0,0,0,0,0,0,0,0,0,0,0,0,0,0,0,0,0,0,0,0,0,0,0,0,0,0,0,0,0,0,0,0,0,0,0,0,0,0,0,0,0,0,0,0,0,0,0,0,0,0,0,0,0,0,0,1,95,1,Jolteon
6-21,07:30:29,NINTEN,Pikachu,Surge,1,Vermilion City - Gym,1,35:36.38,35:36,0h35m36s,0,1,1,30,512:13,12.574,ThunderPunch,QUICK ATTACK,THUNDERBOLT,BODY SLAM,0,0,0,0,0,0,0,0,22,13657,Jolteon,Paralyzed,Electric,Electric,28844,Pikachu95,Pikachu,Lt. Surge,00:35:23.81,00:35:36.38,512:13:38.23,30,0,0,35,36,38,ThunderPunch,QUICK ATTACK,THUNDERBOLT,BODY SLAM,12,29,14,8,0,0,0,0,65,91,54,51,62,62,75,9205,9581,9247,7715,7715,10030,15,15,15,15,0,0,0,0,0,0,0,60,51,62,62,18,0,0,0,0,0,0,0,0,0,0,0,0,0,0,0,0,0,0,0,0,0,0,0,0,0,0,0,0,0,0,0,0,0,0,0,0,0,0,0,0,0,0,0,0,0,0,0,0,0,0,0,0,0,0,0,0,0,0,0,0,0,0,0,0,0,0,0,0,0,0,0,0,0,1,95,1,Jolteon
6-21,07:32:34,NINTEN,Pikachu,Wrapping Lass,5,Route 9,4,37:40.98,37:40,0h37m40s,1,0,1,31,512:19,26.508,ThunderPunch,QUICK ATTACK,THUNDERBOLT,BODY SLAM,0,0,0,0,0,0,0,0,24,16528,Jolteon,Poisoned,Electric,Electric,30828,Pikachu95,Pikachu,RTG1 - Wrapping Lass,00:37:14.48,00:37:40.98,512:19:00.52,31,1,0,37,40,98,ThunderPunch,QUICK ATTACK,THUNDERBOLT,BODY SLAM,15,29,14,10,0,0,0,0,41,94,55,52,64,64,77,9433,9821,9507,8010,8010,10231,15,15,15,15,0,0,0,0,0,0,0,61,58,64,64,77,0,0,0,0,0,0,0,0,0,0,0,0,0,0,0,0,0,0,0,0,0,0,0,0,0,0,0,0,0,0,0,0,0,0,0,0,0,0,0,0,0,0,0,0,0,0,0,0,0,0,0,0,0,0,0,0,0,0,0,0,0,0,0,0,0,0,0,0,0,0,0,0,0,0,95,1,Jolteon
6-21,07:32:58,NINTEN,Pikachu,Bug Catcher,14,Route 9,3,38:05.87,38:05,0h38m5s,1,0,1,32,512:20,10.694,ThunderPunch,QUICK ATTACK,THUNDERBOLT,BODY SLAM,0,0,0,0,0,0,0,0,24,16948,Jolteon, ,Electric,Electric,33104,Pikachu95,Pikachu,,00:37:55.17,00:38:05.87,512:20:37.54,32,1,0,38,5,87,ThunderPunch,QUICK ATTACK,THUNDERBOLT,BODY SLAM,12,29,14,10,0,0,0,0,97,97,57,54,66,66,80,9628,10056,9677,8190,8190,10481,15,15,15,15,0,0,0,0,0,0,0,64,60,66,66,80,0,0,0,0,0,0,0,0,0,0,0,0,0,0,0,0,0,0,0,0,0,0,0,0,0,0,0,0,0,0,0,0,0,0,0,0,0,0,0,0,0,0,0,0,0,0,0,0,0,0,0,0,0,0,0,0,0,0,0,0,0,0,0,0,0,0,0,0,0,0,0,0,0,0,95,1,Jolteon
6-21,07:34:08,NINTEN,Pikachu,Slowbone,7,Rock Tunnel - 1,2,39:14.92,39:14,0h39m14s,1,0,1,32,512:25,15.853,ThunderPunch,CUT,THUNDERBOLT,BODY SLAM,0,0,0,0,0,0,0,0,24,17158,Jolteon, ,Electric,Electric,34098,Pikachu95,Pikachu,,00:38:59.07,00:39:14.92,512:25:10.09,32,1,0,39,14,92,ThunderPunch,CUT,THUNDERBOLT,BODY SLAM,11,30,14,8,0,0,0,0,97,97,57,54,66,66,80,9768,10171,9837,8270,8270,10531,15,15,15,15,0,-1,0,0,0,0,0,72,39,66,66,80,0,0,0,0,0,0,0,0,0,0,0,0,0,0,0,0,0,0,0,0,0,0,0,0,0,0,0,0,0,0,0,0,0,0,0,0,0,0,0,0,0,0,0,0,0,0,0,0,0,0,0,0,0,0,0,0,0,0,0,0,0,0,0,0,0,0,0,0,0,0,0,0,0,0,95,1,Jolteon
6-21,07:34:18,NINTEN,Pikachu,Pokemaniac,5,Rock Tunnel,1,39:25.39,39:25,0h39m25s,1,0,1,32,512:25,6.313,THUNDERBOLT,CUT,ThunderPunch,BODY SLAM,0,0,0,0,0,0,0,0,24,18408,Jolteon, ,Electric,Electric,34627,Pikachu95,Pikachu,,00:39:19.08,00:39:25.39,512:25:50.48,32,1,0,39,25,39,THUNDERBOLT,CUT,ThunderPunch,BODY SLAM,13,30,11,8,0,0,0,0,97,97,57,54,66,66,80,9858,10236,9902,8310,8310,10546,15,15,15,15,0,0,0,0,0,0,0,64,60,66,66,80,0,0,0,0,0,0,0,0,0,0,0,0,0,0,0,0,0,0,0,0,0,0,0,0,0,0,0,0,0,0,0,0,0,0,0,0,0,0,0,0,0,0,0,0,0,0,0,0,0,0,0,0,0,0,0,0,0,0,0,0,0,0,0,0,0,0,0,0,0,0,0,0,0,0,95,1,Jolteon
6-21,07:34:40,NINTEN,Pikachu,Status-Condition-Jr-Trainer,10,Rock Tunnel,2,39:47.66,39:47,0h39m47s,1,0,1,33,512:27,18.439,THUNDERBOLT,CUT,ThunderPunch,BODY SLAM,0,0,0,0,0,0,0,0,24,19658,Jolteon,Poisoned,Electric,Electric,36029,Pikachu95,Pikachu,RTG4 - Status Jr Trainer,00:39:29.22,00:39:47.66,512:27:18.23,33,1,0,39,47,66,THUNDERBOLT,CUT,ThunderPunch,BODY SLAM,13,26,11,8,0,0,0,0,92,100,59,56,68,68,82,9988,10363,10035,8475,8475,10646,15,15,15,15,0,0,0,0,0,0,0,66,63,68,68,82,0,0,0,0,0,0,0,0,0,0,0,0,0,0,0,0,0,0,0,0,0,0,0,0,0,0,0,0,0,0,0,0,0,0,0,0,0,0,0,0,0,0,0,0,0,0,0,0,0,0,0,0,0,0,0,0,0,0,0,0,0,0,0,0,0,0,0,0,0,0,0,0,0,0,95,1,Jolteon
6-21,07:35:33,NINTEN,Pikachu,Selfdestructing Hiker,9,Rock Tunnel,3,40:40.24,40:40,0h40m40s,1,0,1,33,512:30,25.837,THUNDERBOLT,CUT,ThunderPunch,BODY SLAM,0,0,0,0,0,0,0,0,24,20138,Jolteon, ,Electric,Electric,37599,Pikachu95,Pikachu,,00:40:14.39,00:40:40.24,512:30:45.58,33,1,0,40,40,24,THUNDERBOLT,CUT,ThunderPunch,BODY SLAM,13,15,11,8,0,0,0,0,28,100,59,56,68,68,82,10123,10618,10350,8580,8580,10721,15,15,15,15,0,0,0,0,0,0,0,66,63,68,68,82,0,0,0,0,0,0,0,0,0,0,0,0,0,0,0,0,0,0,0,0,0,0,0,0,0,0,0,0,0,0,0,0,0,0,0,0,0,0,0,0,0,0,0,0,0,0,0,0,0,0,0,0,0,0,0,0,0,0,0,0,0,0,0,0,0,0,0,0,0,0,0,0,0,0,95,1,Jolteon
6-21,07:36:06,NINTEN,Pikachu,Finisher,18,Rock Tunnel - 1,3,41:12.97,41:12,0h41m12s,1,0,1,34,512:32,11.978,THUNDERBOLT,CUT,ThunderPunch,BODY SLAM,0,0,0,0,0,0,0,0,23,20978,Jolteon, ,Electric,Electric,39439,Pikachu95,Pikachu,RTG6 - Finisher,00:41:00.99,00:41:12.97,512:32:54.53,34,1,0,41,12,97,THUNDERBOLT,CUT,ThunderPunch,BODY SLAM,10,15,11,8,0,0,0,0,103,103,61,57,70,70,85,10287,10816,10530,8746,8746,10969,15,15,15,15,0,0,0,0,0,0,0,68,64,70,70,85,0,0,0,0,0,0,0,0,0,0,0,0,0,0,0,0,0,0,0,0,0,0,0,0,0,0,0,0,0,0,0,0,0,0,0,0,0,0,0,0,0,0,0,0,0,0,0,0,0,0,0,0,0,0,0,0,0,0,0,0,0,0,0,0,0,0,0,0,0,0,0,0,0,0,95,1,Jolteon
6-21,07:36:24,NINTEN,Pikachu,Cue Ball,7,Route 8,2,41:31.39,41:31,0h41m31s,1,0,1,34,512:34,7.615,THUNDERBOLT,CUT,ThunderPunch,BODY SLAM,0,0,0,0,0,0,0,0,24,21438,Jolteon, ,Electric,Electric,40329,Pikachu95,Pikachu,,00:41:23.77,00:41:31.39,512:34:06.58,34,1,0,41,31,39,THUNDERBOLT,CUT,ThunderPunch,BODY SLAM,8,15,11,8,0,0,0,0,98,103,61,57,70,70,85,10387,10927,10620,8866,8866,11104,15,15,15,15,0,0,0,0,0,0,0,68,64,70,70,85,0,0,0,0,0,0,0,0,0,0,0,0,0,0,0,0,0,0,0,0,0,0,0,0,0,0,0,0,0,0,0,0,0,0,0,0,0,0,0,0,0,0,0,0,0,0,0,0,0,0,0,0,0,0,0,0,0,0,0,0,0,0,0,0,0,0,0,0,0,0,0,0,0,0,95,1,Jolteon
6-21,07:37:20,NINTEN,Pikachu,Rocket,7,Celadon City - Game Corner,2,42:27.21,42:27,0h42m27s,1,0,1,34,512:37,7.046,THUNDERBOLT,CUT,ThunderPunch,BODY SLAM,0,0,0,0,0,0,0,0,23,23328,Jolteon, ,Electric,Electric,41741,Pikachu95,Pikachu,,00:42:20.16,00:42:27.21,512:37:47.16,34,1,0,42,27,21,THUNDERBOLT,CUT,ThunderPunch,BODY SLAM,13,30,15,15,0,0,0,0,103,103,61,57,70,70,85,10517,11088,10750,8991,8991,11301,15,15,15,15,0,0,0,0,0,0,0,68,64,70,70,85,0,0,0,0,0,0,0,0,0,0,0,0,0,0,0,0,0,0,0,0,0,0,0,0,0,0,0,0,0,0,0,0,0,0,0,0,0,0,0,0,0,0,0,0,0,0,0,0,0,0,0,0,0,0,0,0,0,0,0,0,0,0,0,0,0,0,0,0,0,0,0,0,0,0,95,1,Jolteon
6-21,07:39:00,NINTEN,Pikachu,Cooltrainer F,1,Celadon City - Gym,3,44:07.77,44:07,0h44m7s,1,0,1,35,512:44,22.188,THUNDERBOLT,CUT,FLY,BODY SLAM,0,0,0,0,0,0,0,0,24,24018,Jolteon, ,Electric,Electric,44373,Pikachu95,Pikachu,,00:43:45.59,00:44:07.77,512:44:24.23,35,1,0,44,7,77,THUNDERBOLT,CUT,FLY,BODY SLAM,13,28,12,15,0,0,0,0,63,106,63,59,72,72,87,10712,11305,10933,9241,9241,11456,15,15,15,15,0,0,0,0,0,0,0,70,66,72,72,87,0,0,0,0,0,0,0,0,0,0,0,0,0,0,0,0,0,0,0,0,0,0,0,0,0,0,0,0,0,0,0,0,0,0,0,0,0,0,0,0,0,0,0,0,0,0,0,0,0,0,0,0,0,0,0,0,0,0,0,0,0,0,0,0,0,0,0,0,0,0,0,0,0,0,95,1,Jolteon
6-21,07:40:24,NINTEN,Pikachu,Gambler,1,Celadon City - Gym,3,45:31.77,45:31,0h45m31s,2,0,2,36,512:48,35.7,THUNDERBOLT,CUT,FLY,BODY SLAM,0,0,0,0,0,0,0,0,24,25033,Jolteon, ,Electric,Electric,46949,Pikachu95,Pikachu,,00:44:56.08,00:45:31.77,512:48:13.15,36,2,0,45,31,77,THUNDERBOLT,CUT,FLY,BODY SLAM,13,28,6,15,0,0,0,0,43,109,65,61,74,74,90,10902,11490,11178,9486,9486,11611,15,15,15,15,0,0,0,0,0,0,0,73,68,74,74,90,0,0,0,0,0,0,0,0,0,0,0,0,0,0,0,0,0,0,0,0,0,0,0,0,0,0,0,0,0,0,0,0,0,0,0,0,0,0,0,0,0,0,0,0,0,0,0,0,0,0,0,0,0,0,0,0,0,0,0,0,0,0,0,0,0,0,0,0,0,0,0,0,0,0,95,2,Jolteon
6-21,07:41:17,NINTEN,Pikachu,Rival4-Pkmn Tower,2,Pokemon Tower - 2F,5,46:24.26,46:24,0h46m24s,2,0,2,37,512:51,31.547,THUNDERBOLT,CUT,FLY,BODY SLAM,0,0,0,0,0,0,0,0,24,27063,Jolteon, ,Electric,Electric,51917,Pikachu95,Pikachu,Rival (Pokemon Tower),00:45:52.72,00:46:24.26,512:51:39.55,37,2,0,46,24,26,THUNDERBOLT,CUT,FLY,BODY SLAM,11,30,15,10,0,0,0,0,15,112,66,63,77,77,92,11157,11815,11478,9872,9872,12046,15,15,15,15,0,0,0,0,0,0,0,74,70,77,77,92,0,0,0,0,0,0,0,0,0,0,0,0,0,0,0,0,0,0,0,0,0,0,0,0,0,0,0,0,0,0,0,0,0,0,0,0,0,0,0,0,0,0,0,0,0,0,0,0,0,0,0,0,0,0,0,0,0,0,0,0,0,0,0,0,0,0,0,0,0,0,0,0,0,0,95,2,Jolteon
6-21,07:41:57,NINTEN,Pikachu,Agatha Jr,10,Pokemon Tower - 4F,2,47:04.33,47:04,0h47m4s,2,0,2,37,512:54,10.448,THUNDERBOLT,CUT,FLY,BODY SLAM,0,0,0,0,0,0,0,0,23,29338,Jolteon, ,Electric,Electric,53099,Pikachu95,Pikachu,,00:46:53.88,00:47:04.33,512:54:17.58,37,2,0,47,4,33,THUNDERBOLT,CUT,FLY,BODY SLAM,7,30,15,10,0,0,0,0,99,112,66,63,77,77,92,11247,11898,11553,10062,10062,12168,15,15,15,15,0,0,0,0,0,0,0,74,70,77,77,92,0,0,0,0,0,0,0,0,0,0,0,0,0,0,0,0,0,0,0,0,0,0,0,0,0,0,0,0,0,0,0,0,0,0,0,0,0,0,0,0,0,0,0,0,0,0,0,0,0,0,0,0,0,0,0,0,0,0,0,0,0,0,0,0,0,0,0,0,0,0,0,0,0,0,95,2,Jolteon
6-21,07:42:47,NINTEN,Pikachu,Channeler,21,Pokemon Tower - 6F,3,47:54.70,47:54,0h47m54s,2,0,2,38,512:57,32.062,THUNDERBOLT,CUT,FLY,BODY SLAM,0,0,0,0,0,0,0,0,23,30178,Jolteon,Burned,Electric,Electric,56413,Pikachu95,Pikachu,,00:47:22.64,00:47:54.70,512:57:37.04,38,2,0,47,54,70,THUNDERBOLT,CUT,FLY,BODY SLAM,8,30,15,15,0,0,0,0,4,114,68,64,79,79,95,11450,12097,11743,10392,10392,12430,15,15,15,15,0,0,0,0,0,0,0,38,72,79,79,95,0,0,0,0,0,0,0,0,0,0,0,0,0,0,0,0,0,0,0,0,0,0,0,0,0,0,0,0,0,0,0,0,0,0,0,0,0,0,0,0,0,0,0,0,0,0,0,0,0,0,0,0,0,0,0,0,0,0,0,0,0,0,0,0,0,0,0,0,0,0,0,0,0,0,95,2,Jolteon
6-21,07:43:45,NINTEN,Pikachu,Channeler,20,Pokemon Tower - 6F,1,48:52.80,48:52,0h48m52s,3,0,3,38,768:00,5.801,THUNDERBOLT,CUT,FLY,BODY SLAM,0,0,0,0,0,0,0,0,21,31168,Jolteon, ,Electric,Electric,57358,Pikachu95,Pikachu,,00:48:47.00,00:48:52.80,768:00:08.00,38,3,0,48,52,80,THUNDERBOLT,CUT,FLY,BODY SLAM,6,30,15,15,0,0,0,0,100,114,68,64,79,79,95,11495,12147,11788,10507,10507,12525,15,15,15,15,0,0,0,0,0,0,0,76,72,79,79,95,0,0,0,0,0,0,0,0,0,0,0,0,0,0,0,0,0,0,0,0,0,0,0,0,0,0,0,0,0,0,0,0,0,0,0,0,0,0,0,0,0,0,0,0,0,0,0,0,0,0,0,0,0,0,0,0,0,0,0,0,0,0,0,0,0,0,0,0,0,0,0,0,0,0,95,3,Jolteon
6-21,07:47:51,NINTEN,Pikachu,Gambler,3,Celadon City - Gym,1,52:58.41,52:58,0h52m58s,4,0,4,38,768:13,9.31,THUNDERBOLT,CUT,FLY,BODY SLAM,0,0,0,0,0,0,0,0,21,2968,Jolteon, ,Electric,Electric,58667,Pikachu95,Pikachu,,00:52:49.11,00:52:58.41,768:13:32.17,38,4,0,52,58,41,THUNDERBOLT,CUT,FLY,BODY SLAM,15,29,14,15,0,0,0,0,74,115,68,64,83,83,95,11575,12252,11853,20847,20847,12595,15,15,15,15,0,0,0,0,0,0,0,76,72,83,83,95,0,0,0,0,0,0,0,0,0,0,0,0,0,0,0,0,0,0,0,0,0,0,0,0,0,0,0,0,0,0,0,0,0,0,0,0,0,0,0,0,0,0,0,0,0,0,0,0,0,0,0,0,0,0,0,0,0,0,0,0,0,0,0,0,0,0,0,0,0,0,0,0,0,0,95,4,Jolteon
6-21,07:48:07,NINTEN,Pikachu,Lass,18,Celadon City - Gym,2,53:14.82,53:14,0h53m14s,4,0,4,39,768:14,12.754,THUNDERBOLT,CUT,FLY,BODY SLAM,0,0,0,0,0,0,0,0,21,5208,Jolteon, ,Electric,Electric,60071,Pikachu95,Pikachu,,00:53:02.06,00:53:14.82,768:14:36.35,39,4,0,53,14,82,THUNDERBOLT,CUT,FLY,BODY SLAM,15,29,11,15,0,0,0,0,77,118,70,66,85,85,97,11695,12387,12013,20987,20987,12665,15,15,15,15,0,0,0,0,0,0,0,78,74,85,85,97,0,0,0,0,0,0,0,0,0,0,0,0,0,0,0,0,0,0,0,0,0,0,0,0,0,0,0,0,0,0,0,0,0,0,0,0,0,0,0,0,0,0,0,0,0,0,0,0,0,0,0,0,0,0,0,0,0,0,0,0,0,0,0,0,0,0,0,0,0,0,0,0,0,0,95,4,Jolteon
6-21,07:48:24,NINTEN,Pikachu,Jr Trainer F,11,Celadon City - Gym,2,53:31.11,53:31,0h53m31s,4,0,4,39,768:15,11.726,THUNDERBOLT,CUT,FLY,BODY SLAM,0,0,0,0,0,0,0,0,21,5643,Jolteon, ,Electric,Electric,61344,Pikachu95,Pikachu,,00:53:19.38,00:53:31.11,768:15:40.17,39,4,0,53,31,11,THUNDERBOLT,CUT,FLY,BODY SLAM,15,28,9,15,0,0,0,0,60,118,70,66,85,85,97,11800,12498,12125,21132,21132,12770,15,15,15,15,0,0,0,0,0,0,0,78,74,85,85,97,0,0,0,0,0,0,0,0,0,0,0,0,0,0,0,0,0,0,0,0,0,0,0,0,0,0,0,0,0,0,0,0,0,0,0,0,0,0,0,0,0,0,0,0,0,0,0,0,0,0,0,0,0,0,0,0,0,0,0,0,0,0,0,0,0,0,0,0,0,0,0,0,0,0,95,4,Jolteon
6-21,07:48:44,NINTEN,Pikachu,Lass,17,Celadon City - Gym,2,53:51.52,53:51,0h53m51s,4,0,4,39,768:17,12.686,THUNDERBOLT,CUT,FLY,BODY SLAM,0,0,0,0,0,0,0,0,20,6223,Jolteon, ,Electric,Electric,63042,Pikachu95,Pikachu,,00:53:38.84,00:53:51.52,768:17:00.20,39,4,0,53,51,52,THUNDERBOLT,CUT,FLY,BODY SLAM,15,27,7,15,0,0,0,0,64,118,70,66,85,85,97,11935,12653,12245,21302,21302,12865,15,15,15,15,0,0,0,0,0,0,0,78,74,85,85,97,0,0,0,0,0,0,0,0,0,0,0,0,0,0,0,0,0,0,0,0,0,0,0,0,0,0,0,0,0,0,0,0,0,0,0,0,0,0,0,0,0,0,0,0,0,0,0,0,0,0,0,0,0,0,0,0,0,0,0,0,0,0,0,0,0,0,0,0,0,0,0,0,0,0,95,4,Jolteon
6-21,07:49:03,NINTEN,Pikachu,Gambler,2,Celadon City - Gym,2,54:09.96,54:09,0h54m9s,4,0,4,40,768:18,12.448,THUNDERBOLT,CUT,FLY,BODY SLAM,0,0,0,0,0,0,0,0,20,6643,Jolteon, ,Electric,Electric,65014,Pikachu95,Pikachu,,00:53:57.50,00:54:09.96,768:18:12.38,40,4,0,54,9,96,THUNDERBOLT,CUT,FLY,BODY SLAM,15,27,4,15,0,0,0,0,52,120,72,68,87,87,100,12060,12770,12423,21482,21482,12985,15,15,15,15,0,0,0,0,0,0,0,81,76,87,87,100,0,0,0,0,0,0,0,0,0,0,0,0,0,0,0,0,0,0,0,0,0,0,0,0,0,0,0,0,0,0,0,0,0,0,0,0,0,0,0,0,0,0,0,0,0,0,0,0,0,0,0,0,0,0,0,0,0,0,0,0,0,0,0,0,0,0,0,0,0,0,0,0,0,0,95,4,Jolteon
6-21,07:50:28,NINTEN,Pikachu,Channeler,9,Pokemon Tower - 4F,2,55:00.65,55:00,0h55m0s,4,0,4,40,768:21,7.053,THUNDERBOLT,CUT,FLY,BODY SLAM,0,0,0,0,0,0,0,0,20,8743,Jolteon, ,Electric,Electric,65927,Pikachu95,Pikachu,,00:54:53.44,00:55:00.65,768:21:31.47,40,4,0,55,0,65,THUNDERBOLT,CUT,FLY,BODY SLAM,13,30,15,15,0,0,0,0,120,120,72,68,87,87,100,12135,12846,12498,21652,21652,13140,15,15,15,15,0,0,0,0,0,0,0,81,76,87,87,100,0,0,0,0,0,0,0,0,0,0,0,0,0,0,0,0,0,0,0,0,0,0,0,0,0,0,0,0,0,0,0,0,0,0,0,0,0,0,0,0,0,0,0,0,0,0,0,0,0,0,0,0,0,0,0,0,0,0,0,0,0,0,0,0,0,0,0,0,0,0,0,0,0,0,95,4,Jolteon
6-21,07:50:53,NINTEN,Pikachu,Channeler,14,Pokemon Tower - 5F,2,55:25.27,55:25,0h55m25s,4,0,4,40,768:22,16.42,THUNDERBOLT,CUT,FLY,BODY SLAM,0,0,0,0,0,0,0,0,20,9553,Jolteon, ,Electric,Electric,67673,Pikachu95,Pikachu,,00:55:08.85,00:55:25.27,768:22:28.04,40,4,0,55,25,27,THUNDERBOLT,CUT,FLY,BODY SLAM,12,30,15,13,0,0,0,0,120,120,72,68,87,87,100,12265,12969,12613,21882,21882,13302,15,15,15,15,0,0,0,0,0,0,0,81,76,87,87,100,0,0,0,0,0,0,0,0,0,0,0,0,0,0,0,0,0,0,0,0,0,0,0,0,0,0,0,0,0,0,0,0,0,0,0,0,0,0,0,0,0,0,0,0,0,0,0,0,0,0,0,0,0,0,0,0,0,0,0,0,0,0,0,0,0,0,0,0,0,0,0,0,0,0,95,4,Jolteon
6-21,07:52:25,NINTEN,Pikachu,Channeler,19,Pokemon Tower - 6F,3,56:57.77,56:57,0h56m57s,4,0,4,41,768:25,81.648,THUNDERBOLT,THUNDER,FLY,BODY SLAM,0,0,0,0,0,0,0,0,20,10393,Jolteon, ,Electric,Electric,69887,Pikachu95,Pikachu,,00:55:36.12,00:56:57.77,768:25:39.58,41,4,0,56,57,77,THUNDERBOLT,THUNDER,FLY,BODY SLAM,6,5,15,13,0,0,0,0,94,123,73,69,89,89,102,12400,13102,12733,22187,22187,13519,15,15,15,15,0,0,0,0,0,0,0,82,77,89,89,102,0,0,0,0,0,0,0,0,0,0,0,0,0,0,0,0,0,0,0,0,0,0,0,0,0,0,0,0,0,0,0,0,0,0,0,0,0,0,0,0,0,0,0,0,0,0,0,0,0,0,0,0,0,0,0,0,0,0,0,0,0,0,0,0,0,0,0,0,0,0,0,0,0,0,95,4,Jolteon
6-21,07:53:51,NINTEN,Pikachu,Rocket,44,Pokemon Tower - 7F,4,58:23.49,58:23,0h58m23s,4,0,4,41,768:28,31.805,THUNDERBOLT,THUNDER,FLY,BODY SLAM,0,0,0,0,0,0,0,0,20,11353,Jolteon, ,Electric,Electric,73315,Pikachu95,Pikachu,,00:57:51.68,00:58:23.49,768:28:18.11,41,4,0,58,23,49,THUNDERBOLT,THUNDER,FLY,BODY SLAM,0,5,15,13,0,0,0,0,65,123,73,69,89,89,102,12662,13402,13042,22452,22452,13789,15,15,15,15,0,0,0,0,0,0,0,82,77,89,89,102,0,0,0,0,0,0,0,0,0,0,0,0,0,0,0,0,0,0,0,0,0,0,0,0,0,0,0,0,0,0,0,0,0,0,0,0,0,0,0,0,0,0,0,0,0,0,0,0,0,0,0,0,0,0,0,0,0,0,0,0,0,0,0,0,0,0,0,0,0,0,0,0,0,0,95,4,Jolteon
6-21,07:58:24,NINTEN,Pikachu,Biker,7,Route 16,4,1:02:56.17,1:02:56,1h2m56s,4,0,4,42,768:35,47.756,THUNDERBOLT,THUNDER,FLY,BODY SLAM,0,0,0,0,0,0,0,0,22,12283,Jolteon, ,Electric,Electric,76057,Pikachu95,Pikachu,,01:02:08.41,01:02:56.17,768:35:39.37,42,4,1,2,56,17,THUNDERBOLT,THUNDER,FLY,BODY SLAM,12,5,15,10,0,0,0,0,101,126,75,71,91,91,105,12960,13711,13295,22632,22632,13944,15,15,15,15,0,0,0,0,0,0,0,84,79,91,91,105,0,0,0,0,0,0,0,0,0,0,0,0,0,0,0,0,0,0,0,0,0,0,0,0,0,0,0,0,0,0,0,0,0,0,0,0,0,0,0,0,0,0,0,0,0,0,0,0,0,0,0,0,0,0,0,0,0,0,0,0,0,0,0,0,0,0,0,0,0,0,0,0,0,0,95,4,Jolteon
6-21,07:59:16,NINTEN,Pikachu,Biker,8,Route 17,3,1:03:48.42,1:03:48,1h3m48s,4,0,4,42,768:37,35.308,THUNDERBOLT,THUNDER,FLY,BODY SLAM,0,0,0,0,0,0,0,0,22,12843,Jolteon,Poisoned,Electric,Electric,79306,Pikachu95,Pikachu,,01:03:13.12,01:03:48.42,768:37:19.57,42,4,1,3,48,42,THUNDERBOLT,THUNDER,FLY,BODY SLAM,9,4,15,9,0,0,0,0,14,126,75,71,91,91,105,13130,13956,13630,22862,22862,14099,15,15,15,15,0,0,0,0,0,0,0,84,79,91,91,105,0,0,0,0,0,0,0,0,0,0,0,0,0,0,0,0,0,0,0,0,0,0,0,0,0,0,0,0,0,0,0,0,0,0,0,0,0,0,0,0,0,0,0,0,0,0,0,0,0,0,0,0,0,0,0,0,0,0,0,0,0,0,0,0,0,0,0,0,0,0,0,0,0,0,95,4,Jolteon
6-21,08:00:45,NINTEN,Pikachu,Swimmer,5,Route 17,2,1:05:17.04,1:05:17,1h5m17s,4,0,4,43,768:39,25.969,THUNDERBOLT,THUNDER,FLY,BODY SLAM,0,0,0,0,0,0,0,0,22,13503,Jolteon, ,Electric,Electric,81189,Pikachu95,Pikachu,,01:04:51.07,01:05:17.04,768:39:55.17,43,4,1,5,17,4,THUNDERBOLT,THUNDER,FLY,BODY SLAM,12,5,14,15,0,0,0,0,97,129,77,73,94,94,107,13305,14126,13773,23007,23007,14204,15,15,15,15,0,0,0,0,0,0,0,86,82,94,94,107,0,0,0,0,0,0,0,0,0,0,0,0,0,0,0,0,0,0,0,0,0,0,0,0,0,0,0,0,0,0,0,0,0,0,0,0,0,0,0,0,0,0,0,0,0,0,0,0,0,0,0,0,0,0,0,0,0,0,0,0,0,0,0,0,0,0,0,0,0,0,0,0,0,0,95,4,Jolteon
6-21,08:01:35,NINTEN,Pikachu,Swimmer,8,Route 17,2,1:06:07.46,1:06:07,1h6m7s,4,0,4,43,768:41,21.684,THUNDERBOLT,THUNDER,FLY,BODY SLAM,0,0,0,0,0,0,0,0,22,14303,Jolteon, ,Electric,Electric,83210,Pikachu95,Pikachu,,01:05:45.78,01:06:07.46,768:41:27.33,43,4,1,6,7,46,THUNDERBOLT,THUNDER,FLY,BODY SLAM,12,5,11,15,0,0,0,0,97,129,77,73,94,94,107,13450,14331,13903,23117,23117,14344,15,15,15,15,0,-1,0,0,0,0,0,96,54,94,94,107,0,0,0,0,0,0,0,0,0,0,0,0,0,0,0,0,0,0,0,0,0,0,0,0,0,0,0,0,0,0,0,0,0,0,0,0,0,0,0,0,0,0,0,0,0,0,0,0,0,0,0,0,0,0,0,0,0,0,0,0,0,0,0,0,0,0,0,0,0,0,0,0,0,0,95,4,Jolteon
6-21,08:03:17,NINTEN,Pikachu,Biker,5,Route 16,2,1:07:49.93,1:07:49,1h7m49s,4,1,5,43,768:44,12.869,THUNDERBOLT,THUNDER,FLY,BODY SLAM,0,0,0,0,0,0,0,0,22,7551,Jolteon, ,Electric,Electric,84755,Pikachu95,Pikachu,,01:07:37.07,01:07:49.93,768:44:48.22,43,4,1,7,49,93,THUNDERBOLT,THUNDER,FLY,BODY SLAM,13,5,15,15,0,0,0,0,129,129,77,73,94,94,107,13595,14491,13993,23202,23202,14444,15,15,15,15,0,0,0,0,0,0,0,86,82,94,94,107,0,0,0,0,0,0,0,0,0,0,0,0,0,0,0,0,0,0,0,0,0,0,0,0,0,0,0,0,0,0,0,0,0,0,0,0,0,0,0,0,0,0,0,0,0,0,0,0,0,0,0,0,0,0,0,0,0,0,0,0,0,0,0,0,0,0,0,0,0,0,0,0,0,1,95,5,Jolteon
6-21,08:08:44,NINTEN,Pikachu,Erika,1,Celadon City - Gym,4,1:13:16.75,1:13:16,1h13m16s,4,1,5,44,768:54,45.767,THUNDERBOLT,SURF,FLY,BODY SLAM,0,0,0,0,0,0,0,0,26,7631,Jolteon, ,Electric,Electric,89634,Pikachu95,Pikachu,Erika,01:12:30.99,01:13:16.75,768:54:27.14,44,4,1,13,16,75,THUNDERBOLT,SURF,FLY,BODY SLAM,15,15,9,15,0,0,0,0,99,132,80,74,96,96,111,13890,17353,14321,23582,23582,17244,15,15,15,15,0,0,0,0,0,0,0,90,83,96,96,111,0,0,0,0,0,0,0,0,0,0,0,0,0,0,0,0,0,0,0,0,0,0,0,0,0,0,0,0,0,0,0,0,0,0,0,0,0,0,0,0,0,0,0,0,0,0,0,0,0,0,0,0,0,0,0,0,0,0,0,0,0,0,0,0,0,0,0,0,0,0,0,0,0,1,95,5,Jolteon
6-21,08:10:19,NINTEN,Pikachu,Rocker,3,Fuchsia City - Gym,4,1:14:51.60,1:14:51,1h14m51s,4,1,5,45,768:57,30.752,THUNDERBOLT,SURF,FLY,BODY SLAM,0,0,0,0,0,0,0,0,27,11096,Jolteon, ,Electric,Electric,94375,Pikachu95,Pikachu,,01:14:20.85,01:14:51.60,768:57:16.27,45,4,1,14,51,60,THUNDERBOLT,SURF,FLY,BODY SLAM,11,14,9,15,0,0,0,0,85,135,82,77,98,98,114,14156,17655,14553,23892,23892,17599,15,15,15,15,0,0,0,0,0,0,0,92,86,98,98,114,0,0,0,0,0,0,0,0,0,0,0,0,0,0,0,0,0,0,0,0,0,0,0,0,0,0,0,0,0,0,0,0,0,0,0,0,0,0,0,0,0,0,0,0,0,0,0,0,0,0,0,0,0,0,0,0,0,0,0,0,0,0,0,0,0,0,0,0,0,0,0,0,0,1,95,5,Jolteon
6-21,08:12:26,NINTEN,Pikachu,Juggler,2,Fuchsia City - Gym,3,1:16:58.85,1:16:58,1h16m58s,4,1,5,46,1024:00,24.081,THUNDERBOLT,SURF,FLY,BODY SLAM,0,0,0,0,0,0,0,0,28,4786,Jolteon, ,Electric,Electric,98034,Pikachu95,Pikachu,,01:16:34.76,01:16:58.85,1024:00:49.23,46,4,1,16,58,85,THUNDERBOLT,SURF,FLY,BODY SLAM,9,13,9,15,0,0,0,0,138,138,84,78,101,101,116,14370,17927,14778,24097,24097,17855,15,15,15,15,0,0,0,0,0,0,0,94,87,101,101,116,0,0,0,0,0,0,0,0,0,0,0,0,0,0,0,0,0,0,0,0,0,0,0,0,0,0,0,0,0,0,0,0,0,0,0,0,0,0,0,0,0,0,0,0,0,0,0,0,0,0,0,0,0,0,0,0,0,0,0,0,0,0,0,0,0,0,0,0,0,0,0,0,0,1,95,5,Jolteon
6-21,08:12:59,NINTEN,Pikachu,Juggler,1,Fuchsia City - Gym,2,1:17:31.27,1:17:31,1h17m31s,4,1,5,46,1024:01,19.238,THUNDERBOLT,SURF,FLY,BODY SLAM,0,0,0,0,0,0,0,0,28,6186,Jolteon, ,Electric,Electric,100425,Pikachu95,Pikachu,,01:17:12.04,01:17:31.27,1024:01:48.30,46,4,1,17,31,27,THUNDERBOLT,SURF,FLY,BODY SLAM,7,12,9,15,0,0,0,0,138,138,84,78,101,101,116,14507,18122,14957,24217,24217,18010,15,15,15,15,0,0,0,0,0,0,0,94,87,101,101,116,0,0,0,0,0,0,0,0,0,0,0,0,0,0,0,0,0,0,0,0,0,0,0,0,0,0,0,0,0,0,0,0,0,0,0,0,0,0,0,0,0,0,0,0,0,0,0,0,0,0,0,0,0,0,0,0,0,0,0,0,0,0,0,0,0,0,0,0,0,0,0,0,0,1,95,5,Jolteon
6-21,08:13:34,NINTEN,Pikachu,Rocker,4,Fuchsia City - Gym,2,1:18:06.49,1:18:06,1h18m6s,4,1,5,46,1024:02,26.261,THUNDERBOLT,SURF,FLY,BODY SLAM,0,0,0,0,0,0,0,0,28,7626,Jolteon, ,Electric,Electric,103292,Pikachu95,Pikachu,,01:17:40.23,01:18:06.49,1024:02:58.10,46,4,1,18,6,49,THUNDERBOLT,SURF,FLY,BODY SLAM,4,12,9,15,0,0,0,0,113,138,84,78,101,101,116,14692,18297,15097,24422,24422,18160,15,15,15,15,0,0,0,0,0,0,0,94,87,101,101,116,0,0,0,0,0,0,0,0,0,0,0,0,0,0,0,0,0,0,0,0,0,0,0,0,0,0,0,0,0,0,0,0,0,0,0,0,0,0,0,0,0,0,0,0,0,0,0,0,0,0,0,0,0,0,0,0,0,0,0,0,0,0,0,0,0,0,0,0,0,0,0,0,0,1,95,5,Jolteon
6-21,08:16:17,NINTEN,Pikachu,Koga,1,Fuchsia City - Gym,4,1:20:49.60,1:20:49,1h20m49s,5,0,5,47,1024:05,46.196,THUNDERBOLT,SURF,FLY,BODY SLAM,0,0,0,0,0,0,0,0,28,8921,Jolteon,Poisoned,Electric,Electric,109314,Pikachu95,Pikachu,Koga,01:20:03.40,01:20:49.60,1024:05:43.11,47,5,1,20,49,60,THUNDERBOLT,SURF,FLY,BODY SLAM,0,10,9,14,0,0,0,0,37,141,86,80,103,103,119,15022,18627,15367,24797,24797,18510,15,15,15,15,0,0,0,0,0,0,0,96,90,103,103,119,0,0,0,0,0,0,0,0,0,0,0,0,0,0,0,0,0,0,0,0,0,0,0,0,0,0,0,0,0,0,0,0,0,0,0,0,0,0,0,0,0,0,0,0,0,0,0,0,0,0,0,0,0,0,0,0,0,0,0,0,0,0,0,0,0,0,0,0,0,0,0,0,0,0,95,5,Jolteon
6-21,08:20:15,NINTEN,Pikachu,Juggler,7,Route 21,4,1:24:47.29,1:24:47,1h24m47s,5,0,5,48,1024:12,25.494,THUNDERBOLT,SURF,FLY,BODY SLAM,0,0,0,0,0,0,0,0,28,13178,Jolteon, ,Electric,Electric,114633,Pikachu95,Pikachu,,01:24:21.80,01:24:47.29,1024:12:25.59,48,5,1,24,47,29,THUNDERBOLT,SURF,FLY,BODY SLAM,11,15,15,15,0,0,0,0,144,144,88,82,105,105,122,15307,18970,15622,25087,25087,18777,15,15,15,15,0,0,0,0,0,0,0,99,92,105,105,137,0,0,0,0,0,0,0,0,0,0,0,0,0,0,0,0,0,0,0,0,0,0,0,0,0,0,0,0,0,0,0,0,0,0,0,0,0,0,0,0,0,0,0,0,0,0,0,0,0,0,0,0,0,0,0,0,0,0,0,0,0,0,0,0,0,0,0,0,0,0,0,0,0,0,95,5,Jolteon
6-21,08:24:06,NINTEN,Pikachu,Bird Keeper,5,Saffron City - Fighting Dojo,3,1:28:38.52,1:28:38,1h28m38s,5,0,5,48,1024:18,17.259,THUNDERBOLT,SURF,FLY,BODY SLAM,0,0,0,0,0,0,0,0,30,14578,Jolteon, ,Electric,Electric,116694,Pikachu95,Pikachu,,01:28:21.26,01:28:38.52,1024:18:21.30,48,5,1,28,38,52,THUNDERBOLT,SURF,FLY,BODY SLAM,12,15,15,15,0,0,0,0,144,144,88,82,105,105,123,15482,19235,15767,25217,25217,21537,15,15,15,15,0,0,0,0,0,0,0,99,92,105,105,138,0,0,0,0,0,0,0,0,0,0,0,0,0,0,0,0,0,0,0,0,0,0,0,0,0,0,0,0,0,0,0,0,0,0,0,0,0,0,0,0,0,0,0,0,0,0,0,0,0,0,0,0,0,0,0,0,0,0,0,0,0,0,0,0,0,0,0,0,0,0,0,0,0,0,95,5,Jolteon
6-21,08:24:26,NINTEN,Pikachu,Bird Keeper,3,Saffron City - Fighting Dojo,2,1:28:58.46,1:28:58,1h28m58s,5,0,5,49,1024:19,13.96,THUNDERBOLT,SURF,FLY,BODY SLAM,0,0,0,0,0,0,0,0,30,15353,Jolteon, ,Electric,Electric,118297,Pikachu95,Pikachu,,01:28:44.50,01:28:58.46,1024:19:01.31,49,5,1,28,58,46,THUNDERBOLT,SURF,FLY,BODY SLAM,10,15,15,15,0,0,0,0,147,147,90,83,107,107,126,15632,19415,15887,25302,25302,21617,15,15,15,15,0,0,0,0,0,0,0,101,93,107,107,141,0,0,0,0,0,0,0,0,0,0,0,0,0,0,0,0,0,0,0,0,0,0,0,0,0,0,0,0,0,0,0,0,0,0,0,0,0,0,0,0,0,0,0,0,0,0,0,0,0,0,0,0,0,0,0,0,0,0,0,0,0,0,0,0,0,0,0,0,0,0,0,0,0,0,95,5,Jolteon
6-21,08:24:41,NINTEN,Pikachu,Bird Keeper,4,Saffron City - Fighting Dojo,1,1:29:13.51,1:29:13,1h29m13s,5,0,5,49,1024:19,7.757,THUNDERBOLT,SURF,FLY,BODY SLAM,0,0,0,0,0,0,0,0,30,16153,Jolteon, ,Electric,Electric,119446,Pikachu95,Pikachu,,01:29:05.75,01:29:13.51,1024:19:29.46,49,5,1,29,13,51,THUNDERBOLT,SURF,FLY,BODY SLAM,9,15,15,15,0,0,0,0,147,147,90,83,107,107,126,15697,19520,15947,25362,25362,21712,15,15,15,15,0,0,0,0,0,0,0,101,93,107,107,141,0,0,0,0,0,0,0,0,0,0,0,0,0,0,0,0,0,0,0,0,0,0,0,0,0,0,0,0,0,0,0,0,0,0,0,0,0,0,0,0,0,0,0,0,0,0,0,0,0,0,0,0,0,0,0,0,0,0,0,0,0,0,0,0,0,0,0,0,0,0,0,0,0,0,95,5,Jolteon
6-21,08:25:05,NINTEN,Pikachu,Bird Keeper,2,Saffron City - Fighting Dojo,3,1:29:37.03,1:29:37,1h29m37s,5,0,5,49,1024:20,17.247,THUNDERBOLT,SURF,FLY,BODY SLAM,0,0,0,0,0,0,0,0,30,17053,Jolteon, ,Electric,Electric,121414,Pikachu95,Pikachu,,01:29:19.78,01:29:37.03,1024:20:17.12,49,5,1,29,37,3,THUNDERBOLT,SURF,FLY,BODY SLAM,6,15,15,15,0,0,0,0,147,147,90,83,107,107,126,15842,19785,16077,25492,25492,21947,15,15,15,15,0,0,0,0,0,0,0,101,93,107,107,141,0,0,0,0,0,0,0,0,0,0,0,0,0,0,0,0,0,0,0,0,0,0,0,0,0,0,0,0,0,0,0,0,0,0,0,0,0,0,0,0,0,0,0,0,0,0,0,0,0,0,0,0,0,0,0,0,0,0,0,0,0,0,0,0,0,0,0,0,0,0,0,0,0,0,95,5,Jolteon
6-21,08:25:29,NINTEN,Pikachu,Bird Keeper,1,Saffron City - Fighting Dojo,2,1:30:01.39,1:30:01,1h30m1s,5,0,5,49,1024:21,15.805,THUNDERBOLT,SURF,FLY,BODY SLAM,0,0,0,0,0,0,0,0,30,17828,Jolteon, ,Electric,Electric,123625,Pikachu95,Pikachu,,01:29:45.58,01:30:01.39,1024:21:03.32,49,5,1,30,1,39,THUNDERBOLT,SURF,FLY,BODY SLAM,3,15,15,15,0,0,0,0,121,147,90,83,107,107,126,15967,19955,16226,25657,25657,22116,15,15,15,15,0,0,0,0,0,0,0,101,93,107,107,141,0,0,0,0,0,0,0,0,0,0,0,0,0,0,0,0,0,0,0,0,0,0,0,0,0,0,0,0,0,0,0,0,0,0,0,0,0,0,0,0,0,0,0,0,0,0,0,0,0,0,0,0,0,0,0,0,0,0,0,0,0,0,0,0,0,0,0,0,0,0,0,0,0,0,95,5,Jolteon
6-21,08:26:57,NINTEN,Pikachu,Rocket,39,Silph Co - 10F,1,1:31:29.24,1:31:29,1h31m29s,5,0,5,49,1024:23,11.749,THUNDERBOLT,SURF,FLY,BODY SLAM,0,0,0,0,0,0,0,0,30,18753,Jolteon, ,Electric,Electric,124969,Pikachu95,Pikachu,,01:31:17.49,01:31:29.24,1024:23:22.07,49,5,1,31,29,24,THUNDERBOLT,SURF,FLY,BODY SLAM,13,15,15,15,0,0,0,0,101,147,90,83,107,107,126,16047,20055,16296,25707,25707,22161,15,15,15,15,0,0,0,0,0,0,0,101,93,107,107,141,0,0,0,0,0,0,0,0,0,0,0,0,0,0,0,0,0,0,0,0,0,0,0,0,0,0,0,0,0,0,0,0,0,0,0,0,0,0,0,0,0,0,0,0,0,0,0,0,0,0,0,0,0,0,0,0,0,0,0,0,0,0,0,0,0,0,0,0,0,0,0,0,0,0,95,5,Jolteon
6-21,08:28:25,NINTEN,Pikachu,Rocket,35,Silph Co - 8F,4,1:32:57.42,1:32:57,1h32m57s,5,0,5,50,1024:26,44.471,THUNDERBOLT,SURF,LIGHT SCREEN,BODY SLAM,0,0,0,0,0,0,0,0,31,20043,Jolteon, ,Electric,Electric,129785,Pikachu95,Pikachu,,01:32:12.95,01:32:57.42,1024:26:04.16,50,5,1,32,57,42,THUNDERBOLT,SURF,LIGHT SCREEN,BODY SLAM,9,15,30,15,0,0,0,0,104,150,92,86,110,110,129,16312,20367,16551,26002,26002,25115,15,15,15,15,0,0,0,0,0,0,0,103,96,110,110,145,0,0,0,0,0,0,0,0,0,0,0,0,0,0,0,0,0,0,0,0,0,0,0,0,0,0,0,0,0,0,0,0,0,0,0,0,0,0,0,0,0,0,0,0,0,0,0,0,0,0,0,0,0,0,0,0,0,0,0,0,0,0,0,0,0,0,0,0,0,0,0,0,0,0,95,5,Jolteon
6-21,08:29:17,NINTEN,Pikachu,Rocket,32,Silph Co - 7F,4,1:33:49.02,1:33:49,1h33m49s,5,0,5,51,1024:27,37.518,THUNDERBOLT,SURF,LIGHT SCREEN,BODY SLAM,0,0,0,0,0,0,0,0,31,21153,Jolteon, ,Electric,Electric,134594,Pikachu95,Pikachu,,01:33:11.51,01:33:49.02,1024:27:44.08,51,5,1,33,49,2,THUNDERBOLT,SURF,LIGHT SCREEN,BODY SLAM,5,12,30,15,0,0,0,0,107,153,94,87,112,112,132,16569,20713,16870,26277,26277,25462,15,15,15,15,0,0,0,0,0,0,0,105,97,112,112,148,0,0,0,0,0,0,0,0,0,0,0,0,0,0,0,0,0,0,0,0,0,0,0,0,0,0,0,0,0,0,0,0,0,0,0,0,0,0,0,0,0,0,0,0,0,0,0,0,0,0,0,0,0,0,0,0,0,0,0,0,0,0,0,0,0,0,0,0,0,0,0,0,0,0,95,5,Jolteon
6-21,08:30:54,NINTEN,Pikachu,Scientist,7,Silph Co - 6F,5,1:35:26.51,1:35:26,1h35m26s,5,0,5,51,1024:30,46.514,THUNDERBOLT,SURF,LIGHT SCREEN,BODY SLAM,0,0,0,0,0,0,0,0,32,22263,Jolteon,Paralyzed,Electric,Electric,140045,Pikachu95,Pikachu,,01:34:39.99,01:35:26.51,1024:30:29.07,51,5,1,35,26,51,THUNDERBOLT,SURF,LIGHT SCREEN,BODY SLAM,4,12,30,8,0,0,0,0,48,153,94,87,112,112,132,16809,20973,17225,26702,26702,25972,15,15,15,15,0,0,0,0,-1,0,0,118,109,112,112,24,0,0,0,0,0,0,0,0,0,0,0,0,0,0,0,0,0,0,0,0,0,0,0,0,0,0,0,0,0,0,0,0,0,0,0,0,0,0,0,0,0,0,0,0,0,0,0,0,0,0,0,0,0,0,0,0,0,0,0,0,0,0,0,0,0,0,0,0,0,0,0,0,0,0,95,5,Jolteon
6-21,08:32:14,NINTEN,Pikachu,Rocket,25,Silph Co - 3F,3,1:36:46.91,1:36:46,1h36m46s,5,0,5,52,1024:32,25.768,THUNDERBOLT,SURF,LIGHT SCREEN,BODY SLAM,0,0,0,0,0,0,0,0,32,24013,Jolteon, ,Electric,Electric,143608,Pikachu95,Pikachu,,01:36:21.14,01:36:46.91,1024:32:47.34,52,5,1,36,46,91,THUNDERBOLT,SURF,LIGHT SCREEN,BODY SLAM,11,15,30,14,0,0,0,0,140,156,96,89,114,114,135,17054,21232,17430,26952,26952,26186,15,15,15,15,0,0,0,0,0,0,0,108,100,114,114,151,0,0,0,0,0,0,0,0,0,0,0,0,0,0,0,0,0,0,0,0,0,0,0,0,0,0,0,0,0,0,0,0,0,0,0,0,0,0,0,0,0,0,0,0,0,0,0,0,0,0,0,0,0,0,0,0,0,0,0,0,0,0,0,0,0,0,0,0,0,0,0,0,0,0,95,5,Jolteon
6-21,08:32:45,NINTEN,Pikachu,Rocket,28,Silph Co - 5F,1,1:37:17.79,1:37:17,1h37m17s,5,0,5,52,1024:33,11.501,THUNDERBOLT,SURF,LIGHT SCREEN,BODY SLAM,0,0,0,0,0,0,0,0,32,25153,Jolteon, ,Electric,Electric,145415,Pikachu95,Pikachu,,01:37:06.29,01:37:17.79,1024:33:42.00,52,5,1,37,17,79,THUNDERBOLT,SURF,LIGHT SCREEN,BODY SLAM,9,15,30,14,0,0,0,0,99,156,96,89,114,114,135,17129,21332,17525,27022,27022,26296,15,15,15,15,0,0,0,0,0,0,0,108,100,114,114,151,0,0,0,0,0,0,0,0,0,0,0,0,0,0,0,0,0,0,0,0,0,0,0,0,0,0,0,0,0,0,0,0,0,0,0,0,0,0,0,0,0,0,0,0,0,0,0,0,0,0,0,0,0,0,0,0,0,0,0,0,0,0,0,0,0,0,0,0,0,0,0,0,0,0,95,5,Jolteon
6-21,08:34:30,NINTEN,Pikachu,Rocket,37,Silph Co - 9F,3,1:39:02.16,1:39:02,1h39m2s,5,0,5,53,1024:36,32.661,THUNDERBOLT,SURF,LIGHT SCREEN,BODY SLAM,0,0,0,0,0,0,0,0,34,26353,Jolteon,Paralyzed,Electric,Electric,149223,Pikachu95,Pikachu,,01:38:29.50,01:39:02.16,1024:36:31.25,53,5,1,39,2,16,THUNDERBOLT,SURF,LIGHT SCREEN,BODY SLAM,4,15,30,14,0,0,0,0,37,159,99,91,116,116,137,17399,24170,17740,27272,27272,26458,15,15,15,15,0,0,0,0,0,0,0,111,102,116,116,38,0,0,0,0,0,0,0,0,0,0,0,0,0,0,0,0,0,0,0,0,0,0,0,0,0,0,0,0,0,0,0,0,0,0,0,0,0,0,0,0,0,0,0,0,0,0,0,0,0,0,0,0,0,0,0,0,0,0,0,0,0,0,0,0,0,0,0,0,0,0,0,0,0,0,95,5,Jolteon
6-21,08:35:22,NINTEN,Pikachu,Hypno Rocket,38,Silph Co - 9F,3,1:39:54.93,1:39:54,1h39m54s,5,0,5,53,1024:38,23.265,THUNDERBOLT,SURF,LIGHT SCREEN,BODY SLAM,0,0,0,0,0,0,0,0,35,27493,Jolteon, ,Electric,Electric,153055,Pikachu95,Pikachu,,01:39:31.67,01:39:54.93,1024:38:04.46,53,5,1,39,54,93,THUNDERBOLT,SURF,LIGHT SCREEN,BODY SLAM,12,14,30,15,0,0,0,0,159,159,99,91,116,116,137,17639,24408,17975,27492,27492,26650,15,15,15,15,0,0,0,0,0,0,0,111,102,116,116,154,0,0,0,0,0,0,0,0,0,0,0,0,0,0,0,0,0,0,0,0,0,0,0,0,0,0,0,0,0,0,0,0,0,0,0,0,0,0,0,0,0,0,0,0,0,0,0,0,0,0,0,0,0,0,0,0,0,0,0,0,0,0,0,0,0,0,0,0,0,0,0,0,0,0,95,5,Jolteon
6-21,08:37:05,NINTEN,Pikachu,Rival5-Silph,5,Silph Co - 7F,5,1:41:37.13,1:41:37,1h41m37s,5,0,5,54,1024:41,62.992,THUNDERBOLT,SURF,LIGHT SCREEN,BODY SLAM,0,0,0,0,0,0,0,0,35,28633,Jolteon, ,Electric,Electric,161824,Pikachu95,Pikachu,Rival (Silph Co.),01:40:34.14,01:41:37.13,1024:41:14.08,54,5,1,41,37,13,THUNDERBOLT,SURF,LIGHT SCREEN,BODY SLAM,11,13,30,8,0,0,0,0,67,162,101,93,118,118,140,18019,24873,18359,27962,27962,27051,15,15,15,15,0,0,-1,-1,0,0,0,127,117,77,77,176,0,0,0,0,0,0,0,0,0,0,0,0,0,0,0,0,0,0,0,0,0,0,0,0,0,0,0,0,0,0,0,0,0,0,0,0,0,0,0,0,0,0,0,0,0,0,0,0,0,0,0,0,0,0,0,0,0,0,0,0,0,0,0,0,0,0,0,0,0,0,0,0,0,0,95,5,Jolteon
6-21,08:38:32,NINTEN,Pikachu,Rocket,45,Silph Co - 11F,5,1:43:04.46,1:43:04,1h43m4s,5,0,5,55,1024:43,43.125,THUNDERBOLT,SURF,LIGHT SCREEN,BODY SLAM,0,0,0,0,0,0,0,0,35,31623,Jolteon, ,Electric,Electric,168226,Pikachu95,Pikachu,,01:42:21.33,01:43:04.46,1024:43:56.39,55,5,1,43,4,46,THUNDERBOLT,SURF,LIGHT SCREEN,BODY SLAM,6,13,30,6,0,0,0,0,84,166,103,95,121,121,143,18361,25278,18733,28327,28327,27391,15,15,15,15,0,0,0,0,0,0,0,115,106,121,121,160,0,0,0,0,0,0,0,0,0,0,0,0,0,0,0,0,0,0,0,0,0,0,0,0,0,0,0,0,0,0,0,0,0,0,0,0,0,0,0,0,0,0,0,0,0,0,0,0,0,0,0,0,0,0,0,0,0,0,0,0,0,0,0,0,0,0,0,0,0,0,0,0,0,0,95,5,Jolteon
6-21,08:40:03,NINTEN,Pikachu,Giovanni-Silph,2,Silph Co - 11F,5,1:44:35.46,1:44:35,1h44m35s,5,0,5,56,1024:46,55.588,THUNDERBOLT,SURF,LIGHT SCREEN,BODY SLAM,0,0,0,0,0,0,0,0,34,32913,Jolteon, ,Electric,Electric,176381,Pikachu95,Pikachu,Giovanni (Silph),01:43:39.88,01:44:35.46,1024:46:51.31,56,5,1,44,35,46,THUNDERBOLT,SURF,LIGHT SCREEN,BODY SLAM,1,12,30,6,0,0,0,0,104,169,105,96,123,123,145,18746,25783,19188,28587,28587,27761,15,15,15,15,0,0,0,0,0,0,0,118,108,123,123,163,0,0,0,0,0,0,0,0,0,0,0,0,0,0,0,0,0,0,0,0,0,0,0,0,0,0,0,0,0,0,0,0,0,0,0,0,0,0,0,0,0,0,0,0,0,0,0,0,0,0,0,0,0,0,0,0,0,0,0,0,0,0,0,0,0,0,0,0,0,0,0,0,0,0,95,5,Jolteon
6-21,08:42:23,NINTEN,Pikachu,Beauty,3,Saffron City - Gym,3,1:46:55.86,1:46:55,1h46m55s,5,0,5,56,1024:50,35.864,THUNDERBOLT,SURF,LIGHT SCREEN,BODY SLAM,0,0,0,0,0,0,0,0,34,37566,Jolteon, ,Electric,Electric,180236,Pikachu95,Pikachu,,01:46:20.00,01:46:55.86,1024:50:24.29,56,5,1,46,55,86,THUNDERBOLT,SURF,LIGHT SCREEN,BODY SLAM,12,15,30,14,0,0,0,0,148,169,105,96,123,123,145,18976,25983,19393,28857,28857,27986,15,15,15,15,0,0,0,0,0,0,0,118,108,123,123,163,0,0,0,0,0,0,0,0,0,0,0,0,0,0,0,0,0,0,0,0,0,0,0,0,0,0,0,0,0,0,0,0,0,0,0,0,0,0,0,0,0,0,0,0,0,0,0,0,0,0,0,0,0,0,0,0,0,0,0,0,0,0,0,0,0,0,0,0,0,0,0,0,0,0,95,5,Jolteon
6-21,08:43:01,NINTEN,Pikachu,Beauty,4,Saffron City - Gym,1,1:47:33.84,1:47:33,1h47m33s,5,0,5,56,1024:51,8.757,THUNDERBOLT,SURF,LIGHT SCREEN,BODY SLAM,0,0,0,0,0,0,0,0,34,37976,Jolteon, ,Electric,Electric,182231,Pikachu95,Pikachu,,01:47:25.09,01:47:33.84,1024:51:21.19,56,5,1,47,33,84,THUNDERBOLT,SURF,LIGHT SCREEN,BODY SLAM,11,15,30,14,0,0,0,0,148,169,105,96,123,123,145,19036,26058,19478,28957,28957,28101,15,15,15,15,0,0,0,0,0,0,0,118,108,123,123,163,0,0,0,0,0,0,0,0,0,0,0,0,0,0,0,0,0,0,0,0,0,0,0,0,0,0,0,0,0,0,0,0,0,0,0,0,0,0,0,0,0,0,0,0,0,0,0,0,0,0,0,0,0,0,0,0,0,0,0,0,0,0,0,0,0,0,0,0,0,0,0,0,0,0,95,5,Jolteon
6-21,08:49:20,NINTEN,Pikachu,Sabrina,1,Saffron City - Gym,5,1:53:52.42,1:53:52,1h53m52s,8,0,8,57,1024:56,74.022,THUNDERBOLT,CUT,LIGHT SCREEN,BODY SLAM,0,0,0,0,0,0,0,0,33,38426,Jolteon, ,Electric,Electric,189680,Pikachu95,Pikachu,Sabrina,01:52:38.40,01:53:52.42,1024:56:54.41,57,8,1,53,52,42,THUNDERBOLT,CUT,LIGHT SCREEN,BODY SLAM,11,24,29,13,0,0,0,0,5,171,107,99,126,126,148,19281,26281,19703,29532,29532,28573,15,15,15,15,0,0,-1,-1,0,0,0,120,111,83,83,166,0,0,0,0,0,0,0,0,0,0,0,0,0,0,0,0,0,0,0,0,0,0,0,0,0,0,0,0,0,0,0,0,0,0,0,0,0,0,0,0,0,0,0,0,0,0,0,0,0,0,0,0,0,0,0,0,0,0,0,0,0,0,0,0,0,0,0,0,0,0,0,0,0,0,95,8,Jolteon
6-21,08:55:11,NINTEN,Pikachu,Blaine,1,Cinnabar Island - Gym,5,1:59:43.19,1:59:43,1h59m43s,8,0,8,58,1280:06,109.384,THUNDERBOLT,SURF,LIGHT SCREEN,BODY SLAM,0,0,0,0,0,0,0,0,34,43376,Jolteon, ,Electric,Electric,200315,Pikachu95,Pikachu,Blaine,01:57:53.81,01:59:43.19,1280:06:04.23,58,8,1,59,43,19,THUNDERBOLT,SURF,LIGHT SCREEN,BODY SLAM,14,8,29,15,0,0,0,0,90,175,109,100,128,128,151,19652,26746,20063,29982,29982,29076,15,15,15,15,0,0,0,0,0,0,0,122,112,128,128,169,0,0,0,0,0,0,0,0,0,0,0,0,0,0,0,0,0,0,0,0,0,0,0,0,0,0,0,0,0,0,0,0,0,0,0,0,0,0,0,0,0,0,0,0,0,0,0,0,0,0,0,0,0,0,0,0,0,0,0,0,0,0,0,0,0,0,0,0,0,0,0,0,0,0,95,8,Jolteon
6-21,08:59:08,NINTEN,Pikachu,Blaine,1,Cinnabar Island - Gym,5,2:03:40.91,2:03:40,2h3m40s,9,0,9,58,1280:04,51.818,THUNDERBOLT,SURF,LIGHT SCREEN,BODY SLAM,0,0,0,0,0,0,0,0,34,43376,Jolteon, ,Electric,Electric,200315,Pikachu95,Pikachu,Blaine,02:02:49.09,02:03:40.91,1280:04:22.42,58,9,2,3,40,91,THUNDERBOLT,SURF,LIGHT SCREEN,BODY SLAM,15,7,29,15,0,0,0,0,92,175,109,100,128,128,151,19652,26746,20063,29982,29982,29076,15,15,15,15,0,0,0,0,0,0,0,122,112,128,128,169,0,0,0,0,0,0,0,0,0,0,0,0,0,0,0,0,0,0,0,0,0,0,0,0,0,0,0,0,0,0,0,0,0,0,0,0,0,0,0,0,0,0,0,0,0,0,0,0,0,0,0,0,0,0,0,0,0,0,0,0,0,0,0,0,0,0,0,0,0,0,0,0,0,0,95,9,Jolteon
6-21,09:05:44,NINTEN,Pikachu,Gambler,8,Route 20,2,2:10:16.13,2:10:16,2h10m16s,12,0,12,57,1280:03,13.111,THUNDERBOLT,SURF,LIGHT SCREEN,BODY SLAM,0,0,0,0,0,0,0,0,34,43376,Jolteon, ,Electric,Electric,192322,Pikachu95,Pikachu,,02:10:03.02,02:10:16.13,1280:03:29.01,57,12,2,10,16,13,THUNDERBOLT,SURF,LIGHT SCREEN,BODY SLAM,13,15,30,15,0,0,0,0,171,171,107,99,126,126,148,19426,26438,19833,29662,29662,28731,15,15,15,15,0,0,0,0,0,0,0,120,111,126,126,166,0,0,0,0,0,0,0,0,0,0,0,0,0,0,0,0,0,0,0,0,0,0,0,0,0,0,0,0,0,0,0,0,0,0,0,0,0,0,0,0,0,0,0,0,0,0,0,0,0,0,0,0,0,0,0,0,0,0,0,0,0,0,0,0,0,0,0,0,0,0,0,0,0,0,95,12,Jolteon
6-21,09:06:25,NINTEN,Pikachu,Gambler,7,Route 20,3,2:10:57.69,2:10:57,2h10m57s,12,0,12,58,1280:04,20.573,THUNDERBOLT,SURF,LIGHT SCREEN,BODY SLAM,0,0,0,0,0,0,0,0,34,46246,Jolteon, ,Electric,Electric,197867,Pikachu95,Pikachu,,02:10:37.12,02:10:57.69,1280:04:50.31,58,12,2,10,57,69,THUNDERBOLT,SURF,LIGHT SCREEN,BODY SLAM,9,15,30,15,0,0,0,0,175,175,109,100,128,128,151,19621,26798,20343,29982,29982,29016,15,15,15,15,0,0,0,0,0,0,0,122,112,128,128,169,0,0,0,0,0,0,0,0,0,0,0,0,0,0,0,0,0,0,0,0,0,0,0,0,0,0,0,0,0,0,0,0,0,0,0,0,0,0,0,0,0,0,0,0,0,0,0,0,0,0,0,0,0,0,0,0,0,0,0,0,0,0,0,0,0,0,0,0,0,0,0,0,0,0,95,12,Jolteon
6-21,09:06:47,NINTEN,Pikachu,Jr Trainer F,16,Route 20,2,2:11:19.79,2:11:19,2h11m19s,12,0,12,58,1280:05,13.871,THUNDERBOLT,SURF,LIGHT SCREEN,BODY SLAM,0,0,0,0,0,0,0,0,34,49046,Jolteon, ,Electric,Electric,200851,Pikachu95,Pikachu,,02:11:05.92,02:11:19.79,1280:05:33.27,58,12,2,11,19,79,THUNDERBOLT,SURF,LIGHT SCREEN,BODY SLAM,7,15,30,15,0,0,0,0,175,175,109,100,128,128,151,19781,26982,20473,30142,30142,29152,15,15,15,15,0,0,0,0,0,0,0,122,112,128,128,169,0,0,0,0,0,0,0,0,0,0,0,0,0,0,0,0,0,0,0,0,0,0,0,0,0,0,0,0,0,0,0,0,0,0,0,0,0,0,0,0,0,0,0,0,0,0,0,0,0,0,0,0,0,0,0,0,0,0,0,0,0,0,0,0,0,0,0,0,0,0,0,0,0,0,95,12,Jolteon
6-21,09:07:06,NINTEN,Pikachu,Fisher,10,Route 20,1,2:11:38.34,2:11:38,2h11m38s,12,0,12,58,1280:06,8.5,THUNDERBOLT,SURF,LIGHT SCREEN,BODY SLAM,0,0,0,0,0,0,0,0,34,49866,Jolteon, ,Electric,Electric,202913,Pikachu95,Pikachu,,02:11:29.85,02:11:38.34,1280:06:07.54,58,12,2,11,38,34,THUNDERBOLT,SURF,LIGHT SCREEN,BODY SLAM,6,15,30,15,0,0,0,0,175,175,109,100,128,128,151,19876,27107,20552,30242,30242,29233,15,15,15,15,0,0,0,0,0,0,0,122,112,128,128,169,0,0,0,0,0,0,0,0,0,0,0,0,0,0,0,0,0,0,0,0,0,0,0,0,0,0,0,0,0,0,0,0,0,0,0,0,0,0,0,0,0,0,0,0,0,0,0,0,0,0,0,0,0,0,0,0,0,0,0,0,0,0,0,0,0,0,0,0,0,0,0,0,0,0,95,12,Jolteon
6-21,09:07:34,NINTEN,Pikachu,Tamer,11,Route 20,3,2:12:06.48,2:12:06,2h12m6s,12,0,12,59,1280:07,20.583,THUNDERBOLT,SURF,LIGHT SCREEN,BODY SLAM,0,0,0,0,0,0,0,0,34,50091,Jolteon, ,Electric,Electric,207267,Pikachu95,Pikachu,,02:11:45.90,02:12:06.48,1280:07:03.52,59,12,2,12,6,48,THUNDERBOLT,SURF,LIGHT SCREEN,BODY SLAM,3,15,30,15,0,0,0,0,178,178,111,102,130,130,154,20089,27367,20757,30434,30434,29524,15,15,15,15,0,0,0,0,0,0,0,124,114,130,130,173,0,0,0,0,0,0,0,0,0,0,0,0,0,0,0,0,0,0,0,0,0,0,0,0,0,0,0,0,0,0,0,0,0,0,0,0,0,0,0,0,0,0,0,0,0,0,0,0,0,0,0,0,0,0,0,0,0,0,0,0,0,0,0,0,0,0,0,0,0,0,0,0,0,0,95,12,Jolteon
6-21,09:10:41,NINTEN,Pikachu,Blaine,1,Cinnabar Island - Gym,5,2:15:13.23,2:15:13,2h15m13s,13,0,13,60,1280:11,64.85,THUNDERBOLT,SURF,LIGHT SCREEN,BODY SLAM,0,0,0,0,0,0,0,0,34,51116,Jolteon, ,Electric,Electric,217902,Pikachu95,Pikachu,Blaine,02:14:08.38,02:15:13.23,1280:11:23.47,60,13,2,15,13,23,THUNDERBOLT,SURF,LIGHT SCREEN,BODY SLAM,14,7,29,15,0,0,0,0,9,181,113,104,133,133,156,20460,27832,21117,30884,30884,30027,15,15,15,15,0,0,0,0,0,0,0,127,117,133,133,175,0,0,0,0,0,0,0,0,0,0,0,0,0,0,0,0,0,0,0,0,0,0,0,0,0,0,0,0,0,0,0,0,0,0,0,0,0,0,0,0,0,0,0,0,0,0,0,0,0,0,0,0,0,0,0,0,0,0,0,0,0,0,0,0,0,0,0,0,0,0,0,0,0,0,95,13,Jolteon
6-21,09:15:30,NINTEN,Pikachu,Cooltrainer M,10,Viridian City - Gym,3,2:20:02.57,2:20:02,2h20m2s,14,0,14,60,1280:18,30.543,THUNDERBOLT,SURF,LIGHT SCREEN,BODY SLAM,0,0,0,0,0,0,0,0,35,55563,Jolteon, ,Electric,Electric,223559,Pikachu95,Pikachu,,02:19:32.03,02:20:02.57,1280:18:26.51,60,14,2,20,2,57,THUNDERBOLT,SURF,LIGHT SCREEN,BODY SLAM,15,13,30,12,0,0,0,0,45,181,113,104,133,133,156,20680,28097,21382,31119,31119,30282,15,15,15,15,0,0,0,0,0,0,0,127,117,149,149,175,0,0,0,0,0,0,0,0,0,0,0,0,0,0,0,0,0,0,0,0,0,0,0,0,0,0,0,0,0,0,0,0,0,0,0,0,0,0,0,0,0,0,0,0,0,0,0,0,0,0,0,0,0,0,0,0,0,0,0,0,0,0,0,0,0,0,0,0,0,0,0,0,0,0,95,14,Jolteon
6-21,09:16:34,NINTEN,Pikachu,Bird Keeper,8,Viridian City - Gym,3,2:21:06.56,2:21:06,2h21m6s,14,0,14,61,1280:20,35.299,THUNDERBOLT,SURF,LIGHT SCREEN,BODY SLAM,0,0,0,0,0,0,0,0,34,57348,Jolteon, ,Electric,Electric,228201,Pikachu95,Pikachu,,02:20:31.25,02:21:06.56,1280:20:21.43,61,14,2,21,6,56,THUNDERBOLT,SURF,LIGHT SCREEN,BODY SLAM,13,13,30,9,0,0,0,0,161,184,116,106,135,135,159,20885,28367,21601,31334,31334,30496,15,15,15,15,0,0,0,0,0,0,0,130,119,151,151,178,0,0,0,0,0,0,0,0,0,0,0,0,0,0,0,0,0,0,0,0,0,0,0,0,0,0,0,0,0,0,0,0,0,0,0,0,0,0,0,0,0,0,0,0,0,0,0,0,0,0,0,0,0,0,0,0,0,0,0,0,0,0,0,0,0,0,0,0,0,0,0,0,0,0,95,14,Jolteon
6-21,09:21:10,NINTEN,Pikachu,Cooltrainer M,1,Viridian City - Gym,2,2:25:42.35,2:25:42,2h25m42s,16,0,16,61,1280:23,25.597,THUNDERBOLT,SURF,LIGHT SCREEN,BODY SLAM,0,0,0,0,0,0,0,0,34,58623,Jolteon, ,Electric,Electric,232534,Pikachu95,Pikachu,,02:25:16.76,02:25:42.35,1280:23:33.48,61,16,2,25,42,35,THUNDERBOLT,SURF,LIGHT SCREEN,BODY SLAM,13,9,30,9,0,0,0,0,76,184,116,106,135,135,159,21056,28541,21765,31484,31484,30657,15,15,15,15,0,0,0,0,0,0,0,130,119,151,151,178,0,0,0,0,0,0,0,0,0,0,0,0,0,0,0,0,0,0,0,0,0,0,0,0,0,0,0,0,0,0,0,0,0,0,0,0,0,0,0,0,0,0,0,0,0,0,0,0,0,0,0,0,0,0,0,0,0,0,0,0,0,0,0,0,0,0,0,0,0,0,0,0,0,0,95,16,Jolteon
6-21,09:21:53,NINTEN,Pikachu,Cooltrainer M,9,Viridian City - Gym,2,2:26:25.77,2:26:25,2h26m25s,16,0,16,61,1280:24,15.406,THUNDERBOLT,SURF,LIGHT SCREEN,BODY SLAM,0,0,0,0,0,0,0,0,34,60443,Jolteon, ,Electric,Electric,235792,Pikachu95,Pikachu,,02:26:10.36,02:26:25.77,1280:24:45.58,61,16,2,26,25,77,THUNDERBOLT,SURF,LIGHT SCREEN,BODY SLAM,13,7,30,9,0,0,0,0,184,184,116,106,135,135,159,21191,28721,21985,31619,31619,30767,15,15,15,15,0,0,0,0,0,0,0,130,119,151,151,178,0,0,0,0,0,0,0,0,0,0,0,0,0,0,0,0,0,0,0,0,0,0,0,0,0,0,0,0,0,0,0,0,0,0,0,0,0,0,0,0,0,0,0,0,0,0,0,0,0,0,0,0,0,0,0,0,0,0,0,0,0,0,0,0,0,0,0,0,0,0,0,0,0,0,95,16,Jolteon
6-21,09:22:18,NINTEN,Pikachu,Bird Keeper,6,Viridian City - Gym,2,2:26:50.31,2:26:50,2h26m50s,16,0,16,62,1280:25,15.399,THUNDERBOLT,SURF,LIGHT SCREEN,BODY SLAM,0,0,0,0,0,0,0,0,34,62298,Jolteon, ,Electric,Electric,239479,Pikachu95,Pikachu,,02:26:34.91,02:26:50.31,1280:25:32.33,62,16,2,26,50,31,THUNDERBOLT,SURF,LIGHT SCREEN,BODY SLAM,11,7,30,9,0,0,0,0,187,187,117,108,137,137,162,21361,28906,22150,31739,31739,30882,15,15,15,15,0,0,0,0,0,0,0,131,121,154,154,182,0,0,0,0,0,0,0,0,0,0,0,0,0,0,0,0,0,0,0,0,0,0,0,0,0,0,0,0,0,0,0,0,0,0,0,0,0,0,0,0,0,0,0,0,0,0,0,0,0,0,0,0,0,0,0,0,0,0,0,0,0,0,0,0,0,0,0,0,0,0,0,0,0,0,95,16,Jolteon
6-21,09:33:21,NINTEN,Pikachu,Giovanni,3,Viridian City - Gym,5,2:37:53.80,2:37:53,2h37m53s,18,0,18,63,1280:40,56.831,THUNDERBOLT,SURF,LIGHT SCREEN,BODY SLAM,0,0,0,0,0,0,0,0,34,15899,Jolteon, ,Electric,Electric,256231,Pikachu95,Pikachu,Giovanni,02:36:56.97,02:37:53.80,1280:40:26.49,63,18,2,37,53,80,THUNDERBOLT,SURF,LIGHT SCREEN,BODY SLAM,14,9,30,15,0,0,0,0,39,190,120,110,140,140,165,21944,29635,22738,32304,32304,31668,15,15,15,15,0,0,0,0,0,0,0,135,123,157,157,185,0,0,0,0,0,0,0,0,0,0,0,0,0,0,0,0,0,0,0,0,0,0,0,0,0,0,0,0,0,0,0,0,0,0,0,0,0,0,0,0,0,0,0,0,0,0,0,0,0,0,0,0,0,0,0,0,0,0,0,0,0,0,0,0,0,0,0,0,0,0,0,0,0,0,95,18,Jolteon
6-21,09:36:30,NINTEN,Pikachu,Rival6-Route 22,8,Route 22,6,2:41:02.87,2:41:02,2h41m2s,18,0,18,64,1280:46,117.207,THUNDERBOLT,SURF,LIGHT SCREEN,BODY SLAM,0,0,0,0,0,0,0,0,35,21344,Jolteon, ,Electric,Electric,268861,Pikachu95,Pikachu,Rival (Final),02:39:05.66,02:41:02.87,1280:46:23.40,64,18,2,41,2,87,THUNDERBOLT,SURF,LIGHT SCREEN,BODY SLAM,14,11,30,7,0,0,0,0,10,193,122,112,142,142,167,22392,30115,23193,32904,32904,32204,15,15,15,15,0,0,0,0,0,0,0,137,126,159,159,187,0,0,0,0,0,0,0,0,0,0,0,0,0,0,0,0,0,0,0,0,0,0,0,0,0,0,0,0,0,0,0,0,0,0,0,0,0,0,0,0,0,0,0,0,0,0,0,0,0,0,0,0,0,0,0,0,0,0,0,0,0,0,0,0,0,0,0,0,0,0,0,0,0,0,95,18,Jolteon
6-21,09:48:13,NINTEN,Pikachu,Rival6-Route 22,8,Route 22,6,2:52:45.03,2:52:45,2h52m45s,19,0,19,74,1280:46,59.294,THUNDERBOLT,SURF,LIGHT SCREEN,BODY SLAM,0,0,0,0,0,0,0,0,34,21344,Jolteon, ,Electric,Electric,417854,Pikachu95,Pikachu,Rival (Final),02:51:45.74,02:52:45.03,1280:46:07.02,74,19,2,52,45,3,THUNDERBOLT,SURF,LIGHT SCREEN,BODY SLAM,14,13,30,9,0,0,0,0,185,222,140,128,164,164,192,22392,30115,23193,32904,32904,32204,15,15,15,15,0,0,0,0,0,0,0,157,144,184,184,216,0,0,0,0,0,0,0,0,0,0,0,0,0,0,0,0,0,0,0,0,0,0,0,0,0,0,0,0,0,0,0,0,0,0,0,0,0,0,0,0,0,0,0,0,0,0,0,0,0,0,0,0,0,0,0,0,0,0,0,0,0,0,0,0,0,0,0,0,0,0,0,0,0,0,95,19,Jolteon
6-21,10:04:51,NINTEN,Pikachu,Lorelei,1,Lorelei's Room,5,3:09:23.46,3:09:23,3h9m23s,19,0,19,75,1536:11,115.132,THUNDERBOLT,SURF,LIGHT SCREEN,BODY SLAM,0,0,0,0,0,0,0,0,31,25254,Jolteon, ,Electric,Electric,428605,Pikachu95,Pikachu,Lorelei,03:07:28.33,03:09:23.46,1536:11:51.57,75,19,3,9,23,46,THUNDERBOLT,SURF,LIGHT SCREEN,BODY SLAM,11,15,29,14,0,0,0,0,225,225,142,131,166,166,196,22822,30490,23678,33354,33354,32529,15,15,15,15,0,0,0,0,0,0,0,159,147,186,186,220,0,0,0,0,0,0,0,0,0,0,0,0,0,0,0,0,0,0,0,0,0,0,0,0,0,0,0,0,0,0,0,0,0,0,0,0,0,0,0,0,0,0,0,0,0,0,0,0,0,0,0,0,0,0,0,0,0,0,0,0,0,0,0,0,0,0,0,0,0,0,0,0,0,0,95,19,Jolteon
6-21,10:06:13,NINTEN,Pikachu,Bruno,1,Bruno's Room,5,3:10:45.95,3:10:45,3h10m45s,19,0,19,75,1536:14,61.346,THUNDERBOLT,SURF,LIGHT SCREEN,BODY SLAM,0,0,0,0,0,0,0,0,31,30897,Jolteon, ,Electric,Electric,437925,Pikachu95,Pikachu,Bruno,03:09:44.60,03:10:45.95,1536:14:37.27,75,19,3,10,45,95,THUNDERBOLT,SURF,LIGHT SCREEN,BODY SLAM,6,14,29,14,0,0,0,0,200,225,142,131,166,166,196,23202,30955,24162,33719,33719,32908,15,15,15,15,0,0,0,0,0,0,0,159,147,186,186,220,0,0,0,0,0,0,0,0,0,0,0,0,0,0,0,0,0,0,0,0,0,0,0,0,0,0,0,0,0,0,0,0,0,0,0,0,0,0,0,0,0,0,0,0,0,0,0,0,0,0,0,0,0,0,0,0,0,0,0,0,0,0,0,0,0,0,0,0,0,0,0,0,0,0,95,19,Jolteon
6-21,10:08:12,NINTEN,Pikachu,Agatha,1,Agatha's Room,5,3:12:44.55,3:12:44,3h12m44s,19,0,19,76,1536:18,76.302,THUNDERBOLT,SURF,LIGHT SCREEN,BODY SLAM,0,0,0,0,0,0,0,0,31,36639,Jolteon, ,Electric,Electric,448110,Pikachu95,Pikachu,Agatha,03:11:28.25,03:12:44.55,1536:18:38.12,76,19,3,12,44,55,THUNDERBOLT,SURF,LIGHT SCREEN,BODY SLAM,1,11,29,14,0,0,0,0,68,228,144,133,169,169,198,23519,31340,24531,34199,34199,33363,15,15,15,15,0,0,-1,-1,0,0,0,182,167,124,124,249,0,0,0,0,0,0,0,0,0,0,0,0,0,0,0,0,0,0,0,0,0,0,0,0,0,0,0,0,0,0,0,0,0,0,0,0,0,0,0,0,0,0,0,0,0,0,0,0,0,0,0,0,0,0,0,0,0,0,0,0,0,0,0,0,0,0,0,0,0,0,0,0,0,0,95,19,Jolteon
6-21,10:11:42,NINTEN,Pikachu,Lance,1,Lance's Room,5,3:16:14.07,3:16:14,3h16m14s,19,0,19,77,1536:25,93.673,THUNDERBOLT,SURF,LIGHT SCREEN,MIMIC,0,0,0,0,0,0,0,0,28,42480,Jolteon,Paralyzed,Electric,Electric,461930,Pikachu95,Pikachu,Lance,03:14:40.40,03:16:14.07,1536:25:41.29,77,19,3,16,14,7,THUNDERBOLT,SURF,LIGHT SCREEN,MIMIC,16,21,29,10,2,2,0,0,113,231,146,135,171,171,202,23954,31922,24943,34654,34654,33834,15,15,15,15,0,0,0,0,0,0,0,164,151,192,192,56,0,0,0,0,0,0,0,0,0,0,0,0,0,0,0,0,0,0,0,0,0,0,0,0,0,0,0,0,0,0,0,0,0,0,0,0,0,0,0,0,0,0,0,0,0,0,0,0,0,0,0,0,0,0,0,0,0,0,0,0,0,0,0,0,0,0,0,0,0,0,0,0,0,0,95,19,Jolteon
6-21,10:17:45,NINTEN,Pikachu,Champion,1,Champions Room,6,3:22:17.09,3:22:17,3h22m17s,20,0,20,78,1536:33,113.833,THUNDERBOLT,SURF,FLY,CUT,0,0,0,0,0,0,0,0,28,48618,Jolteon,Paralyzed,Electric,Electric,478292,Pikachu95,Pikachu,Champion,03:20:23.26,03:22:17.09,1536:33:46.41,78,20,3,22,17,9,THUNDERBOLT,SURF,FLY,CUT,20,14,15,28,2,2,0,0,158,235,149,137,174,174,204,24459,32497,25412,35249,35249,34355,15,15,15,15,0,0,0,0,0,0,0,167,154,195,195,57,0,0,0,0,0,0,0,0,0,0,0,0,0,0,0,0,0,0,0,0,0,0,0,0,0,0,0,0,0,0,0,0,0,0,0,0,0,0,0,0,0,0,0,0,0,0,0,0,0,0,0,0,0,0,0,0,0,0,0,0,0,0,0,0,0,0,0,0,0,0,0,0,0,0,95,20,Jolteon
6-21,10:18:45,NINTEN,Pikachu,Champion,1,Hall of Fame,6,3:22:17.09,3:22:17,3h22m17s,20,0,20,78,1536:35,173.957,THUNDERBOLT,SURF,FLY,CUT,0,0,0,0,0,0,0,0,28,55053,Jolteon,Paralyzed,Electric,Electric,478292,Pikachu95,Pikachu,Champion,03:20:23.26,03:22:17.09,1536:35:14.09,78,20,3,22,17,9,THUNDERBOLT,SURF,FLY,CUT,20,14,15,28,2,2,0,0,158,235,149,137,174,174,204,24459,32497,25412,35249,35249,34355,15,15,15,15,0,0,0,0,0,0,0,167,154,195,195,57,0,0,0,0,0,0,0,0,0,0,0,0,0,0,0,0,0,0,0,0,0,0,0,0,0,0,0,0,0,0,0,0,0,0,0,0,0,0,0,0,0,0,0,0,0,0,0,0,0,0,0,0,0,0,0,0,0,0,0,0,0,0,0,0,0,0,0,0,0,0,0,0,0,0,95,20,Jolteon
6-21,10:26:00,NINTEN,Pikachu,Smith,1,Power Plant,6,3:22:17.09,3:22:17,3h22m17s,20,0,20,78,1536:47,60.5,THUNDERBOLT,SURF,FLY,CUT,0,0,0,0,0,0,0,0,27,55053,Jolteon, ,Electric,Electric,492205,Pikachu95,Pikachu,,03:22:17.09,03:22:17.09,1536:47:45.46,78,20,3,22,17,9,THUNDERBOLT,SURF,FLY,CUT,17,18,15,29,2,2,0,0,204,235,149,137,174,174,204,24999,33077,25947,35774,35774,34865,15,15,15,15,0,0,0,0,0,0,0,167,154,195,195,229,0,0,0,0,0,0,0,0,0,0,0,0,0,0,0,0,0,0,0,0,0,0,0,0,0,0,0,0,0,0,0,0,0,0,0,0,0,0,0,0,0,0,0,0,0,0,0,0,0,0,0,0,0,0,0,0,0,0,0,0,0,0,0,0,0,0,0,0,0,0,0,0,0,0,95,20,Jolteon
6-21,10:29:00,NINTEN,Pikachu,Brock,2,Pewter City - Gym,6,3:22:17.09,3:22:17,3h22m17s,20,0,20,79,1536:53,59.67,THUNDERBOLT,SURF,FLY,CUT,0,0,0,0,0,0,0,0,27,60498,Jolteon, ,Electric,Electric,508412,Pikachu95,Pikachu,,03:22:17.09,03:22:17.09,1536:53:13.06,79,20,3,22,17,9,THUNDERBOLT,SURF,FLY,CUT,18,17,15,30,2,2,0,0,238,238,151,139,176,176,207,25527,33713,26692,36364,36364,35460,15,15,15,15,0,0,0,0,0,0,0,169,156,198,198,232,0,0,0,0,0,0,0,0,0,0,0,0,0,0,0,0,0,0,0,0,0,0,0,0,0,0,0,0,0,0,0,0,0,0,0,0,0,0,0,0,0,0,0,0,0,0,0,0,0,0,0,0,0,0,0,0,0,0,0,0,0,0,0,0,0,0,0,0,0,0,0,0,0,0,95,20,Jolteon
6-21,10:30:36,NINTEN,Pikachu,Misty,2,Cerulean City - Gym,6,3:22:17.09,3:22:17,3h22m17s,20,0,20,80,1536:56,52.801,THUNDERBOLT,SURF,FLY,CUT,0,0,0,0,0,0,0,0,27,66933,Jolteon, ,Electric,Electric,524413,Pikachu95,Pikachu,,03:22:17.09,03:22:17.09,1536:56:08.27,80,20,3,22,17,9,THUNDERBOLT,SURF,FLY,CUT,11,17,15,30,2,2,0,0,166,242,153,141,179,179,210,26061,34168,27190,36929,36929,35948,15,15,15,15,0,0,0,0,0,0,0,172,158,201,201,236,0,0,0,0,0,0,0,0,0,0,0,0,0,0,0,0,0,0,0,0,0,0,0,0,0,0,0,0,0,0,0,0,0,0,0,0,0,0,0,0,0,0,0,0,0,0,0,0,0,0,0,0,0,0,0,0,0,0,0,0,0,0,0,0,0,0,0,0,0,0,0,0,0,0,95,20,Jolteon
6-21,10:32:21,NINTEN,Pikachu,Surge,1,Vermilion City - Gym,1,3:22:17.09,3:22:17,3h22m17s,20,0,20,80,1536:59,39.24,THUNDERBOLT,SURF,FLY,CUT,0,0,0,0,0,0,0,0,27,73368,Jolteon, ,Electric,Electric,525170,Pikachu95,Pikachu,Lt. Surge,03:22:17.09,03:22:17.09,1536:59:08.09,80,20,3,22,17,9,THUNDERBOLT,SURF,FLY,CUT,21,20,15,30,2,2,0,0,242,242,153,141,179,179,210,26121,34258,27245,37019,37019,36048,15,15,15,15,0,0,0,0,0,0,0,172,158,201,201,236,0,0,0,0,0,0,0,0,0,0,0,0,0,0,0,0,0,0,0,0,0,0,0,0,0,0,0,0,0,0,0,0,0,0,0,0,0,0,0,0,0,0,0,0,0,0,0,0,0,0,0,0,0,0,0,0,0,0,0,0,0,0,0,0,0,0,0,0,0,0,0,0,0,0,95,20,Jolteon
6-21,10:34:41,NINTEN,Pikachu,,1,Vermilion City,6,3:22:17.09,3:22:17,3h22m17s,20,0,20,81,1792:03,62.641,THUNDERBOLT,SURF,FLY,CUT,0,0,0,0,0,0,0,0,27,76239,Jolteon, ,Electric,Electric,540194,Pikachu95,Pikachu,,03:22:17.09,03:22:17.09,1792:03:19.24,81,20,3,22,17,9,THUNDERBOLT,SURF,FLY,CUT,18,19,13,30,2,2,0,0,244,244,155,143,181,181,213,26558,34746,27755,37564,37564,36512,15,15,15,15,0,0,0,0,0,0,0,174,160,203,203,239,0,0,0,0,0,0,0,0,0,0,0,0,0,0,0,0,0,0,0,0,0,0,0,0,0,0,0,0,0,0,0,0,0,0,0,0,0,0,0,0,0,0,0,0,0,0,0,0,0,0,0,0,0,0,0,0,0,0,0,0,0,0,0,0,0,0,0,0,0,0,0,0,0,0,95,20,Jolteon
6-21,10:39:30,NINTEN,Pikachu,Erika,4,Celadon City - Gym,6,3:22:17.09,3:22:17,3h22m17s,21,0,21,82,1792:08,64.517,THUNDERBOLT,SURF,FLY,CUT,0,0,0,0,0,0,0,0,27,82674,Jolteon, ,Electric,Electric,555203,Pikachu95,Pikachu,,03:22:17.09,03:22:17.09,1792:08:31.54,82,21,3,22,17,9,THUNDERBOLT,SURF,FLY,CUT,21,21,10,28,2,2,0,0,115,248,158,146,184,184,216,27028,35258,28268,38169,38169,36857,15,15,15,15,0,0,0,0,0,0,0,177,164,207,207,243,0,0,0,0,0,0,0,0,0,0,0,0,0,0,0,0,0,0,0,0,0,0,0,0,0,0,0,0,0,0,0,0,0,0,0,0,0,0,0,0,0,0,0,0,0,0,0,0,0,0,0,0,0,0,0,0,0,0,0,0,0,0,0,0,0,0,0,0,0,0,0,0,0,0,95,21,Jolteon
6-21,10:43:26,NINTEN,Pikachu,,1,Fuchsia City - Pokecenter,6,3:22:17.09,3:22:17,3h22m17s,21,0,21,82,1792:15,117.686,THUNDERBOLT,SURF,FLY,CUT,0,0,0,0,0,0,0,0,27,89109,Jolteon, ,Electric,Electric,570980,Pikachu95,Pikachu,,03:22:17.09,03:22:17.09,1792:15:25.47,82,21,3,22,17,9,THUNDERBOLT,SURF,FLY,CUT,11,21,14,29,2,2,0,0,155,248,158,146,184,184,216,27773,35708,28658,38699,38699,37237,15,15,15,15,0,0,0,0,0,0,0,177,164,207,207,243,0,0,0,0,0,0,0,0,0,0,0,0,0,0,0,0,0,0,0,0,0,0,0,0,0,0,0,0,0,0,0,0,0,0,0,0,0,0,0,0,0,0,0,0,0,0,0,0,0,0,0,0,0,0,0,0,0,0,0,0,0,0,0,0,0,0,0,0,0,0,0,0,0,0,95,21,Jolteon
6-21,10:46:01,NINTEN,Pikachu,Koga,3,Fuchsia City - Gym,6,3:22:17.09,3:22:17,3h22m17s,21,0,21,83,1792:19,75.718,THUNDERBOLT,SURF,FLY,CUT,0,0,0,0,0,0,0,0,27,95544,Jolteon, ,Electric,Electric,584633,Pikachu95,Pikachu,,03:22:17.09,03:22:17.09,1792:19:46.09,83,21,3,22,17,9,THUNDERBOLT,SURF,FLY,CUT,14,21,14,30,2,2,0,0,148,251,160,147,186,186,219,28230,36223,29117,39224,39224,37737,15,15,15,15,0,0,0,0,0,0,0,180,165,209,209,246,0,0,0,0,0,0,0,0,0,0,0,0,0,0,0,0,0,0,0,0,0,0,0,0,0,0,0,0,0,0,0,0,0,0,0,0,0,0,0,0,0,0,0,0,0,0,0,0,0,0,0,0,0,0,0,0,0,0,0,0,0,0,0,0,0,0,0,0,0,0,0,0,0,0,95,21,Jolteon
6-21,10:52:05,NINTEN,Pikachu,Sabrina,3,Saffron City - Gym,6,21:11.36,21:11,0h21m11s,22,0,22,84,1792:27,35.461,THUNDERBOLT,SURF,FLY,CUT,0,0,0,0,0,0,0,0,27,101979,Jolteon, ,Electric,Electric,598109,Pikachu95,Pikachu,,00:20:35.90,00:21:11.36,1792:27:07.07,84,22,0,21,11,36,THUNDERBOLT,SURF,FLY,CUT,19,21,15,24,2,2,0,0,140,255,162,150,189,189,221,28630,36581,29502,39879,39879,38249,15,15,15,15,0,0,0,0,0,0,0,182,168,212,212,248,0,0,0,0,0,0,0,0,0,0,0,0,0,0,0,0,0,0,0,0,0,0,0,0,0,0,0,0,0,0,0,0,0,0,0,0,0,0,0,0,0,0,0,0,0,0,0,0,0,0,0,0,0,0,0,0,0,0,0,0,0,0,0,0,0,0,0,0,0,0,0,0,0,0,95,22,Jolteon
6-21,10:53:01,NINTEN,Pikachu,Bug Catcher,1,Viridian Forest,3,18:06.48,18:06,0h18m6s,23,0,23,9,0:13,13.574,THUNDERSHOCK,GROWL,QUICK ATTACK,THUNDER WAVE,0,0,0,0,0,0,0,0,4,265,Flareon, ,Electric,Electric,793,Pikachu95,Pikachu,,00:21:53.88,00:18:06.48,00:13:13.31,9,23,0,18,6,48,THUNDERSHOCK,GROWL,QUICK ATTACK,THUNDER WAVE,19,40,30,20,0,0,0,0,25,32,18,17,20,20,24,526,552,492,435,435,673,15,15,15,15,0,0,0,0,-3,0,0,18,17,20,20,9,0,0,0,0,0,0,0,0,0,0,0,0,0,0,0,0,0,0,0,0,0,0,0,0,0,0,0,0,0,0,0,0,0,0,0,0,0,0,0,0,0,0,0,0,0,0,0,0,0,0,0,0,0,0,0,0,0,0,0,0,0,0,0,0,0,0,0,0,0,0,0,0,0,0,95,23,Flareon
6-21,10:53:19,NINTEN,Pikachu,Brock,1,Pewter City - Gym,2,18:06.48,18:06,0h18m6s,23,0,23,18,256:04,13.239,THUNDERSHOCK,TAIL WHIP,GROWL,QUICK ATTACK,0,0,0,0,0,0,0,0,5,375,Jolteon, ,Electric,Electric,6721,Pikachu95,Pikachu,Brock,00:18:06.48,00:18:06.48,256:04:55.23,18,23,0,18,6,48,THUNDERSHOCK,TAIL WHIP,GROWL,QUICK ATTACK,30,23,35,19,0,0,0,0,28,58,33,31,38,38,46,5332,5130,5241,3908,3908,5550,15,15,15,15,0,-2,0,0,0,0,0,33,15,38,38,46,0,0,0,0,0,0,0,0,0,0,0,0,0,0,0,0,0,0,0,0,0,0,0,0,0,0,0,0,0,0,0,0,0,0,0,0,0,0,0,0,0,0,0,0,0,0,0,0,0,0,0,0,0,0,0,0,0,0,0,0,0,0,0,0,0,0,0,0,0,0,0,0,0,0,95,23,Jolteon
6-21,10:54:20,NINTEN,Pikachu,Bug Catcher,4,Route 3,3,18:34.14,18:34,0h18m34s,23,0,23,19,256:07,12.507,THUNDERSHOCK,TAIL WHIP,GROWL,QUICK ATTACK,0,0,0,0,0,0,0,0,6,1563,Jolteon, ,Electric,Electric,7307,Pikachu95,Pikachu,,00:18:21.63,00:18:34.14,256:07:00.32,19,23,0,18,34,14,THUNDERSHOCK,TAIL WHIP,GROWL,QUICK ATTACK,27,30,40,30,0,0,0,0,60,60,35,33,40,40,48,5487,5220,5396,4038,4038,5685,15,15,15,15,0,0,0,0,0,0,0,39,33,40,40,48,0,0,0,0,0,0,0,0,0,0,0,0,0,0,0,0,0,0,0,0,0,0,0,0,0,0,0,0,0,0,0,0,0,0,0,0,0,0,0,0,0,0,0,0,0,0,0,0,0,0,0,0,0,0,0,0,0,0,0,0,0,0,0,0,0,0,0,0,0,0,0,0,0,0,95,23,Jolteon
6-21,10:54:30,NINTEN,Pikachu,Youngster Ben,1,Route 3,2,18:44.08,18:44,0h18m44s,23,0,23,19,256:07,6.438,THUNDERSHOCK,TAIL WHIP,GROWL,QUICK ATTACK,0,0,0,0,0,0,0,0,6,1663,Jolteon, ,Electric,Electric,7585,Pikachu95,Pikachu,,00:18:37.64,00:18:44.08,256:07:39.04,19,23,0,18,44,8,THUNDERSHOCK,TAIL WHIP,GROWL,QUICK ATTACK,25,30,40,30,0,0,0,0,60,60,35,33,40,40,48,5552,5336,5475,4103,4103,5812,15,15,15,15,0,0,0,0,0,0,0,39,33,40,40,48,0,0,0,0,0,0,0,0,0,0,0,0,0,0,0,0,0,0,0,0,0,0,0,0,0,0,0,0,0,0,0,0,0,0,0,0,0,0,0,0,0,0,0,0,0,0,0,0,0,0,0,0,0,0,0,0,0,0,0,0,0,0,0,0,0,0,0,0,0,0,0,0,0,0,95,23,Jolteon
6-21,10:54:40,NINTEN,Pikachu,Lass,2,Route 3,2,18:54.40,18:54,0h18m54s,23,0,23,19,256:08,6.34,THUNDERSHOCK,TAIL WHIP,GROWL,QUICK ATTACK,0,0,0,0,0,0,0,0,6,1828,Jolteon, ,Electric,Electric,7833,Pikachu95,Pikachu,,00:18:48.06,00:18:54.40,256:08:19.06,19,23,0,18,54,40,THUNDERSHOCK,TAIL WHIP,GROWL,QUICK ATTACK,23,30,40,30,0,0,0,0,60,60,35,33,40,40,48,5628,5449,5550,4168,4168,5934,15,15,15,15,0,0,0,0,0,0,0,39,33,40,40,48,0,0,0,0,0,0,0,0,0,0,0,0,0,0,0,0,0,0,0,0,0,0,0,0,0,0,0,0,0,0,0,0,0,0,0,0,0,0,0,0,0,0,0,0,0,0,0,0,0,0,0,0,0,0,0,0,0,0,0,0,0,0,0,0,0,0,0,0,0,0,0,0,0,0,95,23,Jolteon
6-21,10:55:02,NINTEN,Pikachu,Bug Catcher,5,Route 3,4,19:15.50,19:15,0h19m15s,23,0,23,20,256:09,18.217,ThunderPunch,TAIL WHIP,GROWL,QUICK ATTACK,0,0,0,0,0,0,0,0,6,1978,Jolteon, ,Electric,Electric,8308,Pikachu95,Pikachu,,00:18:57.29,00:19:15.50,256:09:41.53,20,23,0,19,15,50,ThunderPunch,TAIL WHIP,GROWL,QUICK ATTACK,13,30,40,30,0,0,0,0,63,63,36,34,42,42,50,5808,5559,5720,4258,4258,6094,15,15,15,15,0,0,0,0,0,0,0,40,34,42,42,50,0,0,0,0,0,0,0,0,0,0,0,0,0,0,0,0,0,0,0,0,0,0,0,0,0,0,0,0,0,0,0,0,0,0,0,0,0,0,0,0,0,0,0,0,0,0,0,0,0,0,0,0,0,0,0,0,0,0,0,0,0,0,0,0,0,0,0,0,0,0,0,0,0,0,95,23,Jolteon
6-21,10:55:19,NINTEN,Pikachu,Bug Catcher,6,Route 3,3,19:33.20,19:33,0h19m33s,23,0,23,20,256:10,12.491,ThunderPunch,TAIL WHIP,GROWL,QUICK ATTACK,0,0,0,0,0,0,0,0,6,2068,Jolteon, ,Electric,Electric,8719,Pikachu95,Pikachu,,00:19:20.71,00:19:33.20,256:10:51.09,20,23,0,19,33,20,ThunderPunch,TAIL WHIP,GROWL,QUICK ATTACK,11,30,40,28,0,0,0,0,60,63,36,34,42,42,50,5943,5669,5885,4363,4363,6179,15,15,15,15,0,0,0,0,0,0,0,40,34,42,42,50,0,0,0,0,0,0,0,0,0,0,0,0,0,0,0,0,0,0,0,0,0,0,0,0,0,0,0,0,0,0,0,0,0,0,0,0,0,0,0,0,0,0,0,0,0,0,0,0,0,0,0,0,0,0,0,0,0,0,0,0,0,0,0,0,0,0,0,0,0,0,0,0,0,0,95,23,Jolteon
6-21,10:55:55,NINTEN,Pikachu,Bug Catcher,7,Mt Moon - 1,2,20:09.37,20:09,0h20m9s,23,0,23,20,256:13,7.098,ThunderPunch,TAIL WHIP,GROWL,QUICK ATTACK,0,0,0,0,0,0,0,0,7,2158,Jolteon, ,Electric,Electric,9170,Pikachu95,Pikachu,,00:20:02.27,00:20:09.37,256:13:13.42,20,23,0,20,9,37,ThunderPunch,TAIL WHIP,GROWL,QUICK ATTACK,13,30,40,30,0,0,0,0,63,63,36,34,42,42,50,6048,5784,5955,4428,4428,6304,15,15,15,15,0,0,0,0,0,0,0,40,34,42,42,50,0,0,0,0,0,0,0,0,0,0,0,0,0,0,0,0,0,0,0,0,0,0,0,0,0,0,0,0,0,0,0,0,0,0,0,0,0,0,0,0,0,0,0,0,0,0,0,0,0,0,0,0,0,0,0,0,0,0,0,0,0,0,0,0,0,0,0,0,0,0,0,0,0,0,95,23,Jolteon
6-21,10:56:07,NINTEN,Pikachu,Lass,6,Mt Moon - 1,1,20:20.88,20:20,0h20m20s,23,0,23,21,256:13,5.064,ThunderPunch,TAIL WHIP,GROWL,QUICK ATTACK,0,0,0,0,0,0,0,0,7,2258,Jolteon, ,Electric,Electric,9374,Pikachu95,Pikachu,,00:20:15.82,00:20:20.88,256:13:58.37,21,23,0,20,20,88,ThunderPunch,TAIL WHIP,GROWL,QUICK ATTACK,12,30,40,30,0,0,0,0,66,66,38,36,44,44,53,6118,5829,6003,4488,4488,6339,15,15,15,15,0,0,0,0,0,0,0,42,36,44,44,53,0,0,0,0,0,0,0,0,0,0,0,0,0,0,0,0,0,0,0,0,0,0,0,0,0,0,0,0,0,0,0,0,0,0,0,0,0,0,0,0,0,0,0,0,0,0,0,0,0,0,0,0,0,0,0,0,0,0,0,0,0,0,0,0,0,0,0,0,0,0,0,0,0,0,95,23,Jolteon
6-21,10:56:36,NINTEN,Pikachu,Super Nerd,1,Mt Moon - 1,2,20:49.65,20:49,0h20m49s,23,0,23,21,256:15,12.191,ThunderPunch,TAIL WHIP,GROWL,QUICK ATTACK,0,0,0,0,0,0,0,0,7,2468,Jolteon, ,Electric,Electric,9823,Pikachu95,Pikachu,,00:20:37.46,00:20:49.65,256:15:50.23,21,23,0,20,49,65,ThunderPunch,TAIL WHIP,GROWL,QUICK ATTACK,12,30,40,26,0,0,0,0,64,66,38,36,44,44,53,6183,5894,6123,4638,4638,6484,15,15,15,15,0,-2,0,0,0,0,0,47,18,44,44,53,0,0,0,0,0,0,0,0,0,0,0,0,0,0,0,0,0,0,0,0,0,0,0,0,0,0,0,0,0,0,0,0,0,0,0,0,0,0,0,0,0,0,0,0,0,0,0,0,0,0,0,0,0,0,0,0,0,0,0,0,0,0,0,0,0,0,0,0,0,0,0,0,0,0,95,23,Jolteon
6-21,10:56:52,NINTEN,Pikachu,Bug Catcher,8,Mt Moon - 1,2,21:05.78,21:05,0h21m5s,23,0,23,21,256:16,7.006,ThunderPunch,TAIL WHIP,GROWL,QUICK ATTACK,0,0,0,0,0,0,0,0,8,2743,Jolteon, ,Electric,Electric,10338,Pikachu95,Pikachu,,00:20:58.77,00:21:05.78,256:16:52.40,21,23,0,21,5,78,ThunderPunch,TAIL WHIP,GROWL,QUICK ATTACK,9,30,40,26,0,0,0,0,64,66,38,36,44,44,53,6328,6014,6243,4778,4778,6654,15,15,15,15,0,0,0,0,0,0,0,42,36,44,44,53,0,0,0,0,0,0,0,0,0,0,0,0,0,0,0,0,0,0,0,0,0,0,0,0,0,0,0,0,0,0,0,0,0,0,0,0,0,0,0,0,0,0,0,0,0,0,0,0,0,0,0,0,0,0,0,0,0,0,0,0,0,0,0,0,0,0,0,0,0,0,0,0,0,0,95,23,Jolteon
6-21,10:57:32,NINTEN,Pikachu,Youngster,3,Mt Moon - 1,3,21:45.50,21:45,0h21m45s,23,0,23,22,256:19,17.685,ThunderPunch,TAIL WHIP,GROWL,QUICK ATTACK,0,0,0,0,0,0,0,0,8,2843,Jolteon, ,Electric,Electric,10772,Pikachu95,Pikachu,,00:21:27.82,00:21:45.50,256:19:25.13,22,23,0,21,45,50,ThunderPunch,TAIL WHIP,GROWL,QUICK ATTACK,7,30,40,22,0,0,0,0,54,69,39,38,46,46,55,6448,6190,6398,4873,4873,6821,15,15,15,15,0,0,0,0,0,-1,0,43,38,46,46,55,0,0,0,0,0,0,0,0,0,0,0,0,0,0,0,0,0,0,0,0,0,0,0,0,0,0,0,0,0,0,0,0,0,0,0,0,0,0,0,0,0,0,0,0,0,0,0,0,0,0,0,0,0,0,0,0,0,0,0,0,0,0,0,0,0,0,0,0,0,0,0,0,0,0,95,23,Jolteon
6-21,10:58:08,NINTEN,Pikachu,Fossil Nerd,2,Mt Moon - 3,3,22:22.15,22:22,0h22m22s,23,0,23,22,256:21,15.071,ThunderPunch,TAIL WHIP,GROWL,QUICK ATTACK,0,0,0,0,0,0,0,0,8,2993,Jolteon, ,Electric,Electric,11495,Pikachu95,Pikachu,,00:22:07.07,00:22:22.15,256:21:47.11,22,23,0,22,22,15,ThunderPunch,TAIL WHIP,GROWL,QUICK ATTACK,6,30,40,18,0,0,0,0,52,69,39,38,46,46,55,6593,6335,6568,5063,5063,6991,15,15,15,15,0,-2,0,0,0,0,0,48,19,46,46,55,0,0,0,0,0,0,0,0,0,0,0,0,0,0,0,0,0,0,0,0,0,0,0,0,0,0,0,0,0,0,0,0,0,0,0,0,0,0,0,0,0,0,0,0,0,0,0,0,0,0,0,0,0,0,0,0,0,0,0,0,0,0,0,0,0,0,0,0,0,0,0,0,0,0,95,23,Jolteon
6-21,10:59:36,NINTEN,Pikachu,Rocket,42,Mt Moon - 3,3,23:49.63,23:49,0h23m49s,23,0,23,23,256:27,11.693,ThunderPunch,TAIL WHIP,MEGA PUNCH,QUICK ATTACK,0,0,0,0,0,0,0,0,9,3293,Jolteon,Poisoned,Electric,Electric,12294,Pikachu95,Pikachu,,00:23:37.94,00:23:49.63,256:27:24.17,23,23,0,23,49,63,ThunderPunch,TAIL WHIP,MEGA PUNCH,QUICK ATTACK,2,30,20,18,0,0,0,0,48,72,41,39,48,48,58,6708,6505,6742,5203,5203,7171,15,15,15,15,0,0,0,0,0,0,0,46,39,48,48,58,0,0,0,0,0,0,0,0,0,0,0,0,0,0,0,0,0,0,0,0,0,0,0,0,0,0,0,0,0,0,0,0,0,0,0,0,0,0,0,0,0,0,0,0,0,0,0,0,0,0,0,0,0,0,0,0,0,0,0,0,0,0,0,0,0,0,0,0,0,0,0,0,0,0,95,23,Jolteon
6-21,11:00:05,NINTEN,Pikachu,Fisher,1,Cerulean City - Gym,2,24:18.88,24:18,0h24m18s,23,0,23,23,256:29,6.784,ThunderPunch,TAIL WHIP,MEGA PUNCH,QUICK ATTACK,0,0,0,0,0,0,0,0,9,3743,Jolteon, ,Electric,Electric,12908,Pikachu95,Pikachu,,00:24:12.10,00:24:18.88,256:29:18.42,23,23,0,24,18,88,ThunderPunch,TAIL WHIP,MEGA PUNCH,QUICK ATTACK,13,30,20,30,0,0,0,0,72,72,41,39,48,48,58,6768,6610,6912,5318,5318,7271,15,15,15,15,0,0,0,0,0,0,0,46,39,48,48,58,0,0,0,0,0,0,0,0,0,0,0,0,0,0,0,0,0,0,0,0,0,0,0,0,0,0,0,0,0,0,0,0,0,0,0,0,0,0,0,0,0,0,0,0,0,0,0,0,0,0,0,0,0,0,0,0,0,0,0,0,0,0,0,0,0,0,0,0,0,0,0,0,0,0,95,23,Jolteon
6-21,11:00:16,NINTEN,Pikachu,Pecking Lass,1,Cerulean City - Gym,1,24:30.02,24:30,0h24m30s,23,0,23,23,256:30,7.276,ThunderPunch,TAIL WHIP,MEGA PUNCH,QUICK ATTACK,0,0,0,0,0,0,0,0,9,3823,Jolteon, ,Electric,Electric,13314,Pikachu95,Pikachu,,00:24:22.75,00:24:30.02,256:30:02.07,23,23,0,24,30,2,ThunderPunch,TAIL WHIP,MEGA PUNCH,QUICK ATTACK,12,30,20,30,0,0,0,0,72,72,41,39,48,48,58,6833,6655,6967,5388,5388,7316,15,15,15,15,0,0,0,0,0,0,0,46,39,48,48,58,0,0,0,0,0,0,0,0,0,0,0,0,0,0,0,0,0,0,0,0,0,0,0,0,0,0,0,0,0,0,0,0,0,0,0,0,0,0,0,0,0,0,0,0,0,0,0,0,0,0,0,0,0,0,0,0,0,0,0,0,0,0,0,0,0,0,0,0,0,0,0,0,0,0,95,23,Jolteon
6-21,11:00:57,NINTEN,Pikachu,Misty,1,Cerulean City - Gym,3,25:11.28,25:11,0h25m11s,23,0,23,24,256:32,35.076,ThunderPunch,HEADBUTT,MEGA PUNCH,QUICK ATTACK,0,0,0,0,0,0,0,0,9,4203,Jolteon, ,Electric,Electric,14997,Pikachu95,Pikachu,Misty,00:24:36.20,00:25:11.28,256:32:45.13,24,23,0,25,11,28,ThunderPunch,HEADBUTT,MEGA PUNCH,QUICK ATTACK,8,15,20,30,0,0,0,0,54,75,43,41,50,50,60,6988,6849,7160,5588,5588,7549,15,15,15,15,0,0,0,0,0,0,0,48,41,50,50,60,0,0,0,0,0,0,0,0,0,0,0,0,0,0,0,0,0,0,0,0,0,0,0,0,0,0,0,0,0,0,0,0,0,0,0,0,0,0,0,0,0,0,0,0,0,0,0,0,0,0,0,0,0,0,0,0,0,0,0,0,0,0,0,0,0,0,0,0,0,0,0,0,0,0,95,23,Jolteon
6-21,11:01:48,NINTEN,Pikachu,Blackbelt,3,Cerulean City,4,26:02.02,26:02,0h26m2s,23,0,23,25,256:36,25.042,ThunderPunch,QUICK ATTACK,MEGA PUNCH,HEADBUTT,0,0,0,0,0,0,0,0,10,6282,Jolteon, ,Electric,Electric,16046,Pikachu95,Pikachu,,00:25:36.98,00:26:02.02,256:36:05.10,25,23,0,26,2,2,ThunderPunch,QUICK ATTACK,MEGA PUNCH,HEADBUTT,13,30,20,11,0,0,0,0,59,77,45,42,52,52,63,7178,7105,7325,5784,5784,7786,15,15,15,15,0,0,0,0,0,0,0,50,42,52,52,63,0,0,0,0,0,0,0,0,0,0,0,0,0,0,0,0,0,0,0,0,0,0,0,0,0,0,0,0,0,0,0,0,0,0,0,0,0,0,0,0,0,0,0,0,0,0,0,0,0,0,0,0,0,0,0,0,0,0,0,0,0,0,0,0,0,0,0,0,0,0,0,0,0,0,95,23,Jolteon
6-21,11:02:04,NINTEN,Pikachu,Bug Catcher,9,Route 24,2,26:17.74,26:17,0h26m17s,23,0,23,25,256:37,8.066,ThunderPunch,QUICK ATTACK,MEGA PUNCH,HEADBUTT,0,0,0,0,0,0,0,0,10,6947,Jolteon, ,Electric,Electric,16933,Pikachu95,Pikachu,,00:26:09.67,00:26:17.74,256:37:06.40,25,23,0,26,17,74,ThunderPunch,QUICK ATTACK,MEGA PUNCH,HEADBUTT,11,30,20,11,0,0,0,0,59,77,45,42,52,52,63,7303,7230,7415,5909,5909,7931,15,15,15,15,0,0,0,0,0,0,0,50,42,52,52,63,0,0,0,0,0,0,0,0,0,0,0,0,0,0,0,0,0,0,0,0,0,0,0,0,0,0,0,0,0,0,0,0,0,0,0,0,0,0,0,0,0,0,0,0,0,0,0,0,0,0,0,0,0,0,0,0,0,0,0,0,0,0,0,0,0,0,0,0,0,0,0,0,0,0,95,23,Jolteon
6-21,11:02:16,NINTEN,Pikachu,Lass,8,Route 24,2,26:30.23,26:30,0h26m30s,23,0,23,25,256:37,9.736,ThunderPunch,QUICK ATTACK,MEGA PUNCH,HEADBUTT,0,0,0,0,0,0,0,0,10,7077,Jolteon, ,Electric,Electric,17426,Pikachu95,Pikachu,,00:26:20.50,00:26:30.23,256:37:55.20,25,23,0,26,30,23,ThunderPunch,QUICK ATTACK,MEGA PUNCH,HEADBUTT,10,30,20,10,0,0,0,0,59,77,45,42,52,52,63,7468,7325,7490,6009,6009,7981,15,15,15,15,0,0,0,0,0,0,0,50,42,52,52,63,0,0,0,0,0,0,0,0,0,0,0,0,0,0,0,0,0,0,0,0,0,0,0,0,0,0,0,0,0,0,0,0,0,0,0,0,0,0,0,0,0,0,0,0,0,0,0,0,0,0,0,0,0,0,0,0,0,0,0,0,0,0,0,0,0,0,0,0,0,0,0,0,0,0,95,23,Jolteon
6-21,11:02:34,NINTEN,Pikachu,Youngster,4,Route 24,3,26:47.66,26:47,0h26m47s,23,0,23,26,256:39,14.059,ThunderPunch,QUICK ATTACK,MEGA PUNCH,HEADBUTT,0,0,0,0,0,0,0,0,10,7302,Jolteon, ,Electric,Electric,17945,Pikachu95,Pikachu,,00:26:33.59,00:26:47.66,256:39:03.34,26,23,0,26,47,66,ThunderPunch,QUICK ATTACK,MEGA PUNCH,HEADBUTT,7,30,20,10,0,0,0,0,62,80,46,44,54,54,65,7573,7486,7604,6114,6114,8163,15,15,15,15,0,0,0,0,0,0,0,51,44,54,54,65,0,0,0,0,0,0,0,0,0,0,0,0,0,0,0,0,0,0,0,0,0,0,0,0,0,0,0,0,0,0,0,0,0,0,0,0,0,0,0,0,0,0,0,0,0,0,0,0,0,0,0,0,0,0,0,0,0,0,0,0,0,0,0,0,0,0,0,0,0,0,0,0,0,0,95,23,Jolteon
6-21,11:02:46,NINTEN,Pikachu,Lass,7,Route 24,2,26:59.55,26:59,0h26m59s,23,0,23,26,256:39,8.097,ThunderPunch,QUICK ATTACK,MEGA PUNCH,HEADBUTT,0,0,0,0,0,0,0,0,10,7512,Jolteon, ,Electric,Electric,18333,Pikachu95,Pikachu,,00:26:51.46,00:26:59.55,256:39:49.55,26,23,0,26,59,55,ThunderPunch,QUICK ATTACK,MEGA PUNCH,HEADBUTT,5,30,20,10,0,0,0,0,62,80,46,44,54,54,65,7668,7578,7696,6189,6189,8260,15,15,15,15,0,0,0,0,0,0,0,51,44,54,54,65,0,0,0,0,0,0,0,0,0,0,0,0,0,0,0,0,0,0,0,0,0,0,0,0,0,0,0,0,0,0,0,0,0,0,0,0,0,0,0,0,0,0,0,0,0,0,0,0,0,0,0,0,0,0,0,0,0,0,0,0,0,0,0,0,0,0,0,0,0,0,0,0,0,0,95,23,Jolteon
6-21,11:02:55,NINTEN,Pikachu,Jr Trainer M,3,Route 24,1,27:08.73,27:08,0h27m8s,23,0,23,26,256:40,5.842,ThunderPunch,QUICK ATTACK,MEGA PUNCH,HEADBUTT,0,0,0,0,0,0,0,0,10,7752,Jolteon, ,Electric,Electric,18618,Pikachu95,Pikachu,,00:27:02.89,00:27:08.73,256:40:25.27,26,23,0,27,8,73,ThunderPunch,QUICK ATTACK,MEGA PUNCH,HEADBUTT,4,30,20,10,0,0,0,0,62,80,46,44,54,54,65,7708,7658,7731,6224,6224,8330,15,15,15,15,0,0,0,0,0,0,0,51,44,54,54,65,0,0,0,0,0,0,0,0,0,0,0,0,0,0,0,0,0,0,0,0,0,0,0,0,0,0,0,0,0,0,0,0,0,0,0,0,0,0,0,0,0,0,0,0,0,0,0,0,0,0,0,0,0,0,0,0,0,0,0,0,0,0,0,0,0,0,0,0,0,0,0,0,0,0,95,23,Jolteon
6-21,11:03:11,NINTEN,Pikachu,Rocket,6,Route 24,2,27:25.30,27:25,0h27m25s,23,0,23,26,256:41,10.125,ThunderPunch,QUICK ATTACK,MEGA PUNCH,HEADBUTT,0,0,0,0,0,0,0,0,11,8112,Jolteon, ,Electric,Electric,18988,Pikachu95,Pikachu,,00:27:15.18,00:27:25.30,256:41:30.25,26,23,0,27,25,30,ThunderPunch,QUICK ATTACK,MEGA PUNCH,HEADBUTT,2,30,20,10,0,0,0,0,62,80,46,44,54,54,65,7783,7763,7810,6304,6304,8440,15,15,15,15,0,0,0,0,0,0,0,51,44,54,54,65,0,0,0,0,0,0,0,0,0,0,0,0,0,0,0,0,0,0,0,0,0,0,0,0,0,0,0,0,0,0,0,0,0,0,0,0,0,0,0,0,0,0,0,0,0,0,0,0,0,0,0,0,0,0,0,0,0,0,0,0,0,0,0,0,0,0,0,0,0,0,0,0,0,0,95,23,Jolteon
6-21,11:03:59,NINTEN,Pikachu,Hiker,2,Route 25,2,28:12.98,28:12,0h28m12s,23,0,23,26,256:44,20.081,ThunderPunch,QUICK ATTACK,MEGA PUNCH,HEADBUTT,0,0,0,0,0,0,0,0,12,8562,Jolteon, ,Electric,Electric,19583,Pikachu95,Pikachu,,00:27:52.90,00:28:12.98,256:44:38.49,26,23,0,28,12,98,ThunderPunch,QUICK ATTACK,MEGA PUNCH,HEADBUTT,14,30,20,8,0,0,0,0,65,80,46,44,54,54,65,7893,7923,7960,6369,6369,8495,15,15,15,15,0,0,0,0,0,0,0,51,44,54,54,65,0,0,0,0,0,0,0,0,0,0,0,0,0,0,0,0,0,0,0,0,0,0,0,0,0,0,0,0,0,0,0,0,0,0,0,0,0,0,0,0,0,0,0,0,0,0,0,0,0,0,0,0,0,0,0,0,0,0,0,0,0,0,0,0,0,0,0,0,0,0,0,0,0,0,95,23,Jolteon
6-21,11:04:17,NINTEN,Pikachu,Lass,9,Route 25,1,28:31.07,28:31,0h28m31s,23,0,23,27,256:45,9.548,ThunderPunch,QUICK ATTACK,MEGA PUNCH,HEADBUTT,0,0,0,0,0,0,0,0,13,9122,Jolteon, ,Electric,Electric,19956,Pikachu95,Pikachu,,00:28:21.53,00:28:31.07,256:45:49.52,27,23,0,28,31,7,ThunderPunch,QUICK ATTACK,MEGA PUNCH,HEADBUTT,12,30,20,8,0,0,0,0,60,83,48,46,56,56,67,8033,7993,8015,6454,6454,8540,15,15,15,15,0,0,0,0,0,0,0,54,46,56,56,67,0,0,0,0,0,0,0,0,0,0,0,0,0,0,0,0,0,0,0,0,0,0,0,0,0,0,0,0,0,0,0,0,0,0,0,0,0,0,0,0,0,0,0,0,0,0,0,0,0,0,0,0,0,0,0,0,0,0,0,0,0,0,0,0,0,0,0,0,0,0,0,0,0,0,95,23,Jolteon
6-21,11:04:40,NINTEN,Pikachu,Jr Trainer M,2,Route 25,2,28:53.63,28:53,0h28m53s,23,0,23,27,256:47,9.557,ThunderPunch,QUICK ATTACK,MEGA PUNCH,HEADBUTT,0,0,0,0,0,0,0,0,13,9362,Jolteon, ,Electric,Electric,20471,Pikachu95,Pikachu,,00:28:44.06,00:28:53.63,256:47:18.37,27,23,0,28,53,63,ThunderPunch,QUICK ATTACK,MEGA PUNCH,HEADBUTT,11,30,20,7,0,0,0,0,60,83,48,46,56,56,67,8093,8115,8088,6549,6549,8690,15,15,15,15,0,0,0,0,0,0,0,54,46,56,56,67,0,0,0,0,0,0,0,0,0,0,0,0,0,0,0,0,0,0,0,0,0,0,0,0,0,0,0,0,0,0,0,0,0,0,0,0,0,0,0,0,0,0,0,0,0,0,0,0,0,0,0,0,0,0,0,0,0,0,0,0,0,0,0,0,0,0,0,0,0,0,0,0,0,0,95,23,Jolteon
6-21,11:05:02,NINTEN,Pikachu,Oddish Lass,10,Route 25,3,29:15.65,29:15,0h29m15s,23,0,23,27,256:48,16.164,ThunderPunch,QUICK ATTACK,MEGA PUNCH,HEADBUTT,0,0,0,0,0,0,0,0,13,9662,Jolteon, ,Electric,Electric,21192,Pikachu95,Pikachu,Oddish Lass,00:28:59.48,00:29:15.65,256:48:45.07,27,23,0,29,15,65,ThunderPunch,QUICK ATTACK,MEGA PUNCH,HEADBUTT,10,30,20,3,0,0,0,0,55,83,48,46,56,56,67,8233,8260,8238,6734,6734,8806,15,15,15,15,0,0,0,0,0,0,0,54,46,56,56,67,0,0,0,0,0,0,0,0,0,0,0,0,0,0,0,0,0,0,0,0,0,0,0,0,0,0,0,0,0,0,0,0,0,0,0,0,0,0,0,0,0,0,0,0,0,0,0,0,0,0,0,0,0,0,0,0,0,0,0,0,0,0,0,0,0,0,0,0,0,0,0,0,0,0,95,23,Jolteon
6-21,11:06:08,NINTEN,Pikachu,Cerulean Rocket,5,Cerulean City,2,30:22.16,30:22,0h30m22s,23,0,23,27,256:53,8.567,ThunderPunch,QUICK ATTACK,MEGA PUNCH,HEADBUTT,0,0,0,0,0,0,0,0,15,9902,Jolteon, ,Electric,Electric,21881,Pikachu95,Pikachu,Rocket,00:30:13.60,00:30:22.16,256:53:01.44,27,23,0,30,22,16,ThunderPunch,QUICK ATTACK,MEGA PUNCH,HEADBUTT,14,30,20,14,0,0,0,0,83,83,48,46,56,56,67,8363,8388,8333,6859,6859,8883,15,15,15,15,0,0,0,0,0,0,0,54,46,56,56,67,0,0,0,0,0,0,0,0,0,0,0,0,0,0,0,0,0,0,0,0,0,0,0,0,0,0,0,0,0,0,0,0,0,0,0,0,0,0,0,0,0,0,0,0,0,0,0,0,0,0,0,0,0,0,0,0,0,0,0,0,0,0,0,0,0,0,0,0,0,0,0,0,0,0,95,23,Jolteon
6-21,11:06:38,NINTEN,Pikachu,Sandy,3,Route 6,3,30:51.91,30:51,0h30m51s,23,0,23,28,256:54,11.42,ThunderPunch,QUICK ATTACK,MEGA PUNCH,HEADBUTT,0,0,0,0,0,0,0,0,17,10412,Jolteon, ,Electric,Electric,22453,Pikachu95,Pikachu,,00:30:40.49,00:30:51.91,256:54:58.36,28,23,0,30,51,91,ThunderPunch,QUICK ATTACK,MEGA PUNCH,HEADBUTT,11,30,20,14,0,0,0,0,86,86,50,47,58,58,70,8483,8538,8443,6960,6960,9065,15,15,15,15,0,0,0,0,0,0,0,56,47,58,58,70,0,0,0,0,0,0,0,0,0,0,0,0,0,0,0,0,0,0,0,0,0,0,0,0,0,0,0,0,0,0,0,0,0,0,0,0,0,0,0,0,0,0,0,0,0,0,0,0,0,0,0,0,0,0,0,0,0,0,0,0,0,0,0,0,0,0,0,0,0,0,0,0,0,0,95,23,Jolteon
6-21,11:06:52,NINTEN,Pikachu,Jr Trainer M,5,Route 6,2,31:06.22,31:06,0h31m6s,23,0,23,28,256:55,10.355,ThunderPunch,QUICK ATTACK,MEGA PUNCH,HEADBUTT,0,0,0,0,0,0,0,0,17,10732,Jolteon, ,Electric,Electric,23142,Pikachu95,Pikachu,,00:30:55.86,00:31:06.22,256:55:54.31,28,23,0,31,6,22,ThunderPunch,QUICK ATTACK,MEGA PUNCH,HEADBUTT,9,30,20,14,0,0,0,0,86,86,50,47,58,58,70,8578,8699,8538,7045,7045,9232,15,15,15,15,0,0,0,0,0,0,0,56,47,58,58,70,0,0,0,0,0,0,0,0,0,0,0,0,0,0,0,0,0,0,0,0,0,0,0,0,0,0,0,0,0,0,0,0,0,0,0,0,0,0,0,0,0,0,0,0,0,0,0,0,0,0,0,0,0,0,0,0,0,0,0,0,0,0,0,0,0,0,0,0,0,0,0,0,0,0,95,23,Jolteon
6-21,11:07:49,NINTEN,Pikachu,Gentleman,2,SS Anne,2,32:02.64,32:02,0h32m2s,23,0,23,28,256:59,7.726,ThunderPunch,QUICK ATTACK,MEGA PUNCH,HEADBUTT,0,0,0,0,0,0,0,0,20,8622,Jolteon, ,Electric,Electric,23625,Pikachu95,Pikachu,,00:31:54.92,00:32:02.64,256:59:37.20,28,23,0,32,2,64,ThunderPunch,QUICK ATTACK,MEGA PUNCH,HEADBUTT,7,30,20,14,0,0,0,0,86,86,50,47,58,58,70,8679,8803,8630,7125,7125,9323,15,15,15,15,0,0,0,0,0,0,0,56,47,58,58,70,0,0,0,0,0,0,0,0,0,0,0,0,0,0,0,0,0,0,0,0,0,0,0,0,0,0,0,0,0,0,0,0,0,0,0,0,0,0,0,0,0,0,0,0,0,0,0,0,0,0,0,0,0,0,0,0,0,0,0,0,0,0,0,0,0,0,0,0,0,0,0,0,0,0,95,23,Jolteon
6-21,11:08:21,NINTEN,Pikachu,Sailor,5,SS Anne,2,32:35.26,32:35,0h32m35s,23,0,23,29,512:01,10.477,ThunderPunch,QUICK ATTACK,MEGA PUNCH,HEADBUTT,0,0,0,0,0,0,0,0,21,9952,Jolteon, ,Electric,Electric,24523,Pikachu95,Pikachu,,00:32:24.78,00:32:35.26,512:01:44.24,29,23,0,32,35,26,ThunderPunch,QUICK ATTACK,MEGA PUNCH,HEADBUTT,5,30,20,14,0,0,0,0,89,89,52,49,60,60,72,8739,8953,8775,7220,7220,9458,15,15,15,15,0,0,0,0,0,0,0,58,49,60,60,72,0,0,0,0,0,0,0,0,0,0,0,0,0,0,0,0,0,0,0,0,0,0,0,0,0,0,0,0,0,0,0,0,0,0,0,0,0,0,0,0,0,0,0,0,0,0,0,0,0,0,0,0,0,0,0,0,0,0,0,0,0,0,0,0,0,0,0,0,0,0,0,0,0,0,95,23,Jolteon
6-21,11:08:39,NINTEN,Pikachu,Youngster,8,SS Anne,1,32:52.44,32:52,0h32m52s,23,0,23,29,512:02,8.014,ThunderPunch,QUICK ATTACK,MEGA PUNCH,HEADBUTT,0,0,0,0,0,0,0,0,22,10522,Jolteon, ,Electric,Electric,25054,Pikachu95,Pikachu,,00:32:44.43,00:32:52.44,512:02:51.32,29,23,0,32,52,44,ThunderPunch,QUICK ATTACK,MEGA PUNCH,HEADBUTT,4,30,20,13,0,0,0,0,80,89,52,49,60,60,72,8800,9025,8832,7275,7275,9523,15,15,15,15,0,0,0,0,0,0,0,58,49,60,60,72,0,0,0,0,0,0,0,0,0,0,0,0,0,0,0,0,0,0,0,0,0,0,0,0,0,0,0,0,0,0,0,0,0,0,0,0,0,0,0,0,0,0,0,0,0,0,0,0,0,0,0,0,0,0,0,0,0,0,0,0,0,0,0,0,0,0,0,0,0,0,0,0,0,0,95,23,Jolteon
6-21,11:09:11,NINTEN,Pikachu,Gentleman,5,SS Anne,2,33:24.47,33:24,0h33m24s,23,0,23,29,512:04,12.754,ThunderPunch,QUICK ATTACK,HEADBUTT,BODY SLAM,0,0,0,0,0,0,0,0,22,10837,Jolteon, ,Electric,Electric,25990,Pikachu95,Pikachu,,00:33:11.71,00:33:24.47,512:04:57.23,29,23,0,33,24,47,ThunderPunch,QUICK ATTACK,HEADBUTT,BODY SLAM,3,30,13,14,0,0,0,0,80,89,52,49,60,60,72,8905,9180,8932,7390,7390,9683,15,15,15,15,0,0,0,0,0,0,0,58,49,60,60,72,0,0,0,0,0,0,0,0,0,0,0,0,0,0,0,0,0,0,0,0,0,0,0,0,0,0,0,0,0,0,0,0,0,0,0,0,0,0,0,0,0,0,0,0,0,0,0,0,0,0,0,0,0,0,0,0,0,0,0,0,0,0,0,0,0,0,0,0,0,0,0,0,0,0,95,23,Jolteon
6-21,11:10:06,NINTEN,Pikachu,Rival3-SS Anne,1,SS Anne,4,34:20.14,34:20,0h34m20s,23,0,23,30,512:08,36.589,ThunderPunch,QUICK ATTACK,THUNDERBOLT,BODY SLAM,0,0,0,0,0,0,0,0,22,12097,Jolteon, ,Electric,Electric,28087,Pikachu95,Pikachu,Rival (SS Anne),00:33:43.55,00:34:20.14,512:08:37.16,30,23,0,34,20,14,ThunderPunch,QUICK ATTACK,THUNDERBOLT,BODY SLAM,12,30,14,10,0,0,0,0,31,91,54,51,62,62,75,9145,9491,9192,7625,7625,9930,15,15,15,15,0,0,0,0,0,0,0,60,51,62,62,75,0,0,0,0,0,0,0,0,0,0,0,0,0,0,0,0,0,0,0,0,0,0,0,0,0,0,0,0,0,0,0,0,0,0,0,0,0,0,0,0,0,0,0,0,0,0,0,0,0,0,0,0,0,0,0,0,0,0,0,0,0,0,0,0,0,0,0,0,0,0,0,0,0,0,95,23,Jolteon
6-21,11:11:22,NINTEN,Pikachu,Surge,1,Vermilion City - Gym,1,35:36.39,35:36,0h35m36s,23,0,23,30,512:13,12.569,ThunderPunch,QUICK ATTACK,THUNDERBOLT,BODY SLAM,0,0,0,0,0,0,0,0,22,13657,Jolteon,Paralyzed,Electric,Electric,28844,Pikachu95,Pikachu,Lt. Surge,00:35:23.82,00:35:36.39,512:13:38.22,30,23,0,35,36,39,ThunderPunch,QUICK ATTACK,THUNDERBOLT,BODY SLAM,12,29,14,8,0,0,0,0,65,91,54,51,62,62,75,9205,9581,9247,7715,7715,10030,15,15,15,15,0,0,0,0,0,0,0,60,51,62,62,18,0,0,0,0,0,0,0,0,0,0,0,0,0,0,0,0,0,0,0,0,0,0,0,0,0,0,0,0,0,0,0,0,0,0,0,0,0,0,0,0,0,0,0,0,0,0,0,0,0,0,0,0,0,0,0,0,0,0,0,0,0,0,0,0,0,0,0,0,0,0,0,0,0,0,95,23,Jolteon
6-21,11:13:27,NINTEN,Pikachu,Wrapping Lass,5,Route 9,4,37:40.99,37:40,0h37m40s,24,0,24,31,512:19,26.501,ThunderPunch,QUICK ATTACK,THUNDERBOLT,BODY SLAM,0,0,0,0,0,0,0,0,24,16528,Jolteon,Poisoned,Electric,Electric,30828,Pikachu95,Pikachu,RTG1 - Wrapping Lass,00:37:14.49,00:37:40.99,512:19:00.50,31,24,0,37,40,99,ThunderPunch,QUICK ATTACK,THUNDERBOLT,BODY SLAM,15,29,14,10,0,0,0,0,41,94,55,52,64,64,77,9433,9821,9507,8010,8010,10231,15,15,15,15,0,0,0,0,0,0,0,61,58,64,64,77,0,0,0,0,0,0,0,0,0,0,0,0,0,0,0,0,0,0,0,0,0,0,0,0,0,0,0,0,0,0,0,0,0,0,0,0,0,0,0,0,0,0,0,0,0,0,0,0,0,0,0,0,0,0,0,0,0,0,0,0,0,0,0,0,0,0,0,0,0,0,0,0,0,0,95,24,Jolteon
6-21,11:13:52,NINTEN,Pikachu,Bug Catcher,14,Route 9,3,38:05.88,38:05,0h38m5s,24,0,24,32,512:20,10.687,ThunderPunch,QUICK ATTACK,THUNDERBOLT,BODY SLAM,0,0,0,0,0,0,0,0,24,16948,Jolteon, ,Electric,Electric,33104,Pikachu95,Pikachu,,00:37:55.19,00:38:05.88,512:20:37.56,32,24,0,38,5,88,ThunderPunch,QUICK ATTACK,THUNDERBOLT,BODY SLAM,12,29,14,10,0,0,0,0,97,97,57,54,66,66,80,9628,10056,9677,8190,8190,10481,15,15,15,15,0,0,0,0,0,0,0,64,60,66,66,80,0,0,0,0,0,0,0,0,0,0,0,0,0,0,0,0,0,0,0,0,0,0,0,0,0,0,0,0,0,0,0,0,0,0,0,0,0,0,0,0,0,0,0,0,0,0,0,0,0,0,0,0,0,0,0,0,0,0,0,0,0,0,0,0,0,0,0,0,0,0,0,0,0,0,95,24,Jolteon
6-21,11:15:01,NINTEN,Pikachu,Slowbone,7,Rock Tunnel - 1,2,39:14.92,39:14,0h39m14s,24,0,24,32,512:25,15.844,ThunderPunch,CUT,THUNDERBOLT,BODY SLAM,0,0,0,0,0,0,0,0,24,17158,Jolteon, ,Electric,Electric,34098,Pikachu95,Pikachu,,00:38:59.07,00:39:14.92,512:25:10.07,32,24,0,39,14,92,ThunderPunch,CUT,THUNDERBOLT,BODY SLAM,11,30,14,8,0,0,0,0,97,97,57,54,66,66,80,9768,10171,9837,8270,8270,10531,15,15,15,15,0,-1,0,0,0,0,0,72,39,66,66,80,0,0,0,0,0,0,0,0,0,0,0,0,0,0,0,0,0,0,0,0,0,0,0,0,0,0,0,0,0,0,0,0,0,0,0,0,0,0,0,0,0,0,0,0,0,0,0,0,0,0,0,0,0,0,0,0,0,0,0,0,0,0,0,0,0,0,0,0,0,0,0,0,0,0,95,24,Jolteon
6-21,11:15:11,NINTEN,Pikachu,Pokemaniac,5,Rock Tunnel,1,39:25.39,39:25,0h39m25s,24,0,24,32,512:25,6.303,THUNDERBOLT,CUT,ThunderPunch,BODY SLAM,0,0,0,0,0,0,0,0,24,18408,Jolteon, ,Electric,Electric,34627,Pikachu95,Pikachu,,00:39:19.09,00:39:25.39,512:25:50.46,32,24,0,39,25,39,THUNDERBOLT,CUT,ThunderPunch,BODY SLAM,13,30,11,8,0,0,0,0,97,97,57,54,66,66,80,9858,10236,9902,8310,8310,10546,15,15,15,15,0,0,0,0,0,0,0,64,60,66,66,80,0,0,0,0,0,0,0,0,0,0,0,0,0,0,0,0,0,0,0,0,0,0,0,0,0,0,0,0,0,0,0,0,0,0,0,0,0,0,0,0,0,0,0,0,0,0,0,0,0,0,0,0,0,0,0,0,0,0,0,0,0,0,0,0,0,0,0,0,0,0,0,0,0,0,95,24,Jolteon
6-21,11:15:34,NINTEN,Pikachu,Status-Condition-Jr-Trainer,10,Rock Tunnel,2,39:47.67,39:47,0h39m47s,24,0,24,33,512:27,18.434,THUNDERBOLT,CUT,ThunderPunch,BODY SLAM,0,0,0,0,0,0,0,0,24,19658,Jolteon,Poisoned,Electric,Electric,36029,Pikachu95,Pikachu,RTG4 - Status Jr Trainer,00:39:29.23,00:39:47.67,512:27:18.23,33,24,0,39,47,67,THUNDERBOLT,CUT,ThunderPunch,BODY SLAM,13,26,11,8,0,0,0,0,92,100,59,56,68,68,82,9988,10363,10035,8475,8475,10646,15,15,15,15,0,0,0,0,0,0,0,66,63,68,68,82,0,0,0,0,0,0,0,0,0,0,0,0,0,0,0,0,0,0,0,0,0,0,0,0,0,0,0,0,0,0,0,0,0,0,0,0,0,0,0,0,0,0,0,0,0,0,0,0,0,0,0,0,0,0,0,0,0,0,0,0,0,0,0,0,0,0,0,0,0,0,0,0,0,0,95,24,Jolteon
6-21,11:16:26,NINTEN,Pikachu,Selfdestructing Hiker,9,Rock Tunnel,3,40:40.25,40:40,0h40m40s,24,0,24,33,512:30,25.834,THUNDERBOLT,CUT,ThunderPunch,BODY SLAM,0,0,0,0,0,0,0,0,24,20138,Jolteon, ,Electric,Electric,37599,Pikachu95,Pikachu,,00:40:14.41,00:40:40.25,512:30:45.59,33,24,0,40,40,25,THUNDERBOLT,CUT,ThunderPunch,BODY SLAM,13,15,11,8,0,0,0,0,28,100,59,56,68,68,82,10123,10618,10350,8580,8580,10721,15,15,15,15,0,0,0,0,0,0,0,66,63,68,68,82,0,0,0,0,0,0,0,0,0,0,0,0,0,0,0,0,0,0,0,0,0,0,0,0,0,0,0,0,0,0,0,0,0,0,0,0,0,0,0,0,0,0,0,0,0,0,0,0,0,0,0,0,0,0,0,0,0,0,0,0,0,0,0,0,0,0,0,0,0,0,0,0,0,0,95,24,Jolteon
6-21,11:16:59,NINTEN,Pikachu,Finisher,18,Rock Tunnel - 1,3,41:12.98,41:12,0h41m12s,24,0,24,34,512:32,11.971,THUNDERBOLT,CUT,ThunderPunch,BODY SLAM,0,0,0,0,0,0,0,0,23,20978,Jolteon, ,Electric,Electric,39439,Pikachu95,Pikachu,RTG6 - Finisher,00:41:01.01,00:41:12.98,512:32:54.53,34,24,0,41,12,98,THUNDERBOLT,CUT,ThunderPunch,BODY SLAM,10,15,11,8,0,0,0,0,103,103,61,57,70,70,85,10287,10816,10530,8746,8746,10969,15,15,15,15,0,0,0,0,0,0,0,68,64,70,70,85,0,0,0,0,0,0,0,0,0,0,0,0,0,0,0,0,0,0,0,0,0,0,0,0,0,0,0,0,0,0,0,0,0,0,0,0,0,0,0,0,0,0,0,0,0,0,0,0,0,0,0,0,0,0,0,0,0,0,0,0,0,0,0,0,0,0,0,0,0,0,0,0,0,0,95,24,Jolteon
6-21,11:17:17,NINTEN,Pikachu,Cue Ball,7,Route 8,2,41:31.39,41:31,0h41m31s,24,0,24,34,512:34,7.616,THUNDERBOLT,CUT,ThunderPunch,BODY SLAM,0,0,0,0,0,0,0,0,24,21438,Jolteon, ,Electric,Electric,40329,Pikachu95,Pikachu,,00:41:23.78,00:41:31.39,512:34:06.57,34,24,0,41,31,39,THUNDERBOLT,CUT,ThunderPunch,BODY SLAM,8,15,11,8,0,0,0,0,98,103,61,57,70,70,85,10387,10927,10620,8866,8866,11104,15,15,15,15,0,0,0,0,0,0,0,68,64,70,70,85,0,0,0,0,0,0,0,0,0,0,0,0,0,0,0,0,0,0,0,0,0,0,0,0,0,0,0,0,0,0,0,0,0,0,0,0,0,0,0,0,0,0,0,0,0,0,0,0,0,0,0,0,0,0,0,0,0,0,0,0,0,0,0,0,0,0,0,0,0,0,0,0,0,0,95,24,Jolteon
6-21,11:18:13,NINTEN,Pikachu,Rocket,7,Celadon City - Game Corner,2,42:27.22,42:27,0h42m27s,24,0,24,34,512:37,7.05,THUNDERBOLT,CUT,ThunderPunch,BODY SLAM,0,0,0,0,0,0,0,0,23,23328,Jolteon, ,Electric,Electric,41741,Pikachu95,Pikachu,,00:42:20.17,00:42:27.22,512:37:47.17,34,24,0,42,27,22,THUNDERBOLT,CUT,ThunderPunch,BODY SLAM,13,30,15,15,0,0,0,0,103,103,61,57,70,70,85,10517,11088,10750,8991,8991,11301,15,15,15,15,0,0,0,0,0,0,0,68,64,70,70,85,0,0,0,0,0,0,0,0,0,0,0,0,0,0,0,0,0,0,0,0,0,0,0,0,0,0,0,0,0,0,0,0,0,0,0,0,0,0,0,0,0,0,0,0,0,0,0,0,0,0,0,0,0,0,0,0,0,0,0,0,0,0,0,0,0,0,0,0,0,0,0,0,0,0,95,24,Jolteon
6-21,11:19:54,NINTEN,Pikachu,Cooltrainer F,1,Celadon City - Gym,3,44:07.78,44:07,0h44m7s,24,0,24,35,512:44,22.187,THUNDERBOLT,CUT,FLY,BODY SLAM,0,0,0,0,0,0,0,0,24,24018,Jolteon, ,Electric,Electric,44373,Pikachu95,Pikachu,,00:43:45.59,00:44:07.78,512:44:24.23,35,24,0,44,7,78,THUNDERBOLT,CUT,FLY,BODY SLAM,13,28,12,15,0,0,0,0,63,106,63,59,72,72,87,10712,11305,10933,9241,9241,11456,15,15,15,15,0,0,0,0,0,0,0,70,66,72,72,87,0,0,0,0,0,0,0,0,0,0,0,0,0,0,0,0,0,0,0,0,0,0,0,0,0,0,0,0,0,0,0,0,0,0,0,0,0,0,0,0,0,0,0,0,0,0,0,0,0,0,0,0,0,0,0,0,0,0,0,0,0,0,0,0,0,0,0,0,0,0,0,0,0,0,95,24,Jolteon
6-21,11:21:18,NINTEN,Pikachu,Gambler,1,Celadon City - Gym,3,45:31.77,45:31,0h45m31s,25,0,25,36,512:48,35.695,THUNDERBOLT,CUT,FLY,BODY SLAM,0,0,0,0,0,0,0,0,24,25033,Jolteon, ,Electric,Electric,46949,Pikachu95,Pikachu,,00:44:56.09,00:45:31.77,512:48:13.15,36,25,0,45,31,77,THUNDERBOLT,CUT,FLY,BODY SLAM,13,28,6,15,0,0,0,0,43,109,65,61,74,74,90,10902,11490,11178,9486,9486,11611,15,15,15,15,0,0,0,0,0,0,0,73,68,74,74,90,0,0,0,0,0,0,0,0,0,0,0,0,0,0,0,0,0,0,0,0,0,0,0,0,0,0,0,0,0,0,0,0,0,0,0,0,0,0,0,0,0,0,0,0,0,0,0,0,0,0,0,0,0,0,0,0,0,0,0,0,0,0,0,0,0,0,0,0,0,0,0,0,0,0,95,25,Jolteon
6-21,11:22:10,NINTEN,Pikachu,Rival4-Pkmn Tower,2,Pokemon Tower - 2F,5,46:24.26,46:24,0h46m24s,25,0,25,37,512:51,31.546,THUNDERBOLT,CUT,FLY,BODY SLAM,0,0,0,0,0,0,0,0,24,27063,Jolteon, ,Electric,Electric,51917,Pikachu95,Pikachu,Rival (Pokemon Tower),00:45:52.71,00:46:24.26,512:51:39.53,37,25,0,46,24,26,THUNDERBOLT,CUT,FLY,BODY SLAM,11,30,15,10,0,0,0,0,15,112,66,63,77,77,92,11157,11815,11478,9872,9872,12046,15,15,15,15,0,0,0,0,0,0,0,74,70,77,77,92,0,0,0,0,0,0,0,0,0,0,0,0,0,0,0,0,0,0,0,0,0,0,0,0,0,0,0,0,0,0,0,0,0,0,0,0,0,0,0,0,0,0,0,0,0,0,0,0,0,0,0,0,0,0,0,0,0,0,0,0,0,0,0,0,0,0,0,0,0,0,0,0,0,0,95,25,Jolteon
6-21,11:22:50,NINTEN,Pikachu,Agatha Jr,10,Pokemon Tower - 4F,2,47:04.34,47:04,0h47m4s,25,0,25,37,512:54,10.464,THUNDERBOLT,CUT,FLY,BODY SLAM,0,0,0,0,0,0,0,0,23,29338,Jolteon, ,Electric,Electric,53099,Pikachu95,Pikachu,,00:46:53.88,00:47:04.34,512:54:18.00,37,25,0,47,4,34,THUNDERBOLT,CUT,FLY,BODY SLAM,7,30,15,10,0,0,0,0,99,112,66,63,77,77,92,11247,11898,11553,10062,10062,12168,15,15,15,15,0,0,0,0,0,0,0,74,70,77,77,92,0,0,0,0,0,0,0,0,0,0,0,0,0,0,0,0,0,0,0,0,0,0,0,0,0,0,0,0,0,0,0,0,0,0,0,0,0,0,0,0,0,0,0,0,0,0,0,0,0,0,0,0,0,0,0,0,0,0,0,0,0,0,0,0,0,0,0,0,0,0,0,0,0,0,95,25,Jolteon
6-21,11:23:41,NINTEN,Pikachu,Channeler,21,Pokemon Tower - 6F,3,47:54.70,47:54,0h47m54s,25,0,25,38,512:57,32.057,THUNDERBOLT,CUT,FLY,BODY SLAM,0,0,0,0,0,0,0,0,23,30178,Jolteon,Burned,Electric,Electric,56413,Pikachu95,Pikachu,,00:47:22.65,00:47:54.70,512:57:37.04,38,25,0,47,54,70,THUNDERBOLT,CUT,FLY,BODY SLAM,8,30,15,15,0,0,0,0,4,114,68,64,79,79,95,11450,12097,11743,10392,10392,12430,15,15,15,15,0,0,0,0,0,0,0,38,72,79,79,95,0,0,0,0,0,0,0,0,0,0,0,0,0,0,0,0,0,0,0,0,0,0,0,0,0,0,0,0,0,0,0,0,0,0,0,0,0,0,0,0,0,0,0,0,0,0,0,0,0,0,0,0,0,0,0,0,0,0,0,0,0,0,0,0,0,0,0,0,0,0,0,0,0,0,95,25,Jolteon
6-21,11:24:39,NINTEN,Pikachu,Channeler,20,Pokemon Tower - 6F,1,48:52.82,48:52,0h48m52s,26,0,26,38,768:00,5.813,THUNDERBOLT,CUT,FLY,BODY SLAM,0,0,0,0,0,0,0,0,21,31168,Jolteon, ,Electric,Electric,57358,Pikachu95,Pikachu,,00:48:47.01,00:48:52.82,768:00:08.01,38,26,0,48,52,82,THUNDERBOLT,CUT,FLY,BODY SLAM,6,30,15,15,0,0,0,0,100,114,68,64,79,79,95,11495,12147,11788,10507,10507,12525,15,15,15,15,0,0,0,0,0,0,0,76,72,79,79,95,0,0,0,0,0,0,0,0,0,0,0,0,0,0,0,0,0,0,0,0,0,0,0,0,0,0,0,0,0,0,0,0,0,0,0,0,0,0,0,0,0,0,0,0,0,0,0,0,0,0,0,0,0,0,0,0,0,0,0,0,0,0,0,0,0,0,0,0,0,0,0,0,0,0,95,26,Jolteon
6-21,11:28:45,NINTEN,Pikachu,Gambler,3,Celadon City - Gym,1,52:58.42,52:58,0h52m58s,27,0,27,38,768:13,9.301,THUNDERBOLT,CUT,FLY,BODY SLAM,0,0,0,0,0,0,0,0,21,2968,Jolteon, ,Electric,Electric,58667,Pikachu95,Pikachu,,00:52:49.12,00:52:58.42,768:13:32.18,38,27,0,52,58,42,THUNDERBOLT,CUT,FLY,BODY SLAM,15,29,14,15,0,0,0,0,74,115,68,64,83,83,95,11575,12252,11853,20847,20847,12595,15,15,15,15,0,0,0,0,0,0,0,76,72,83,83,95,0,0,0,0,0,0,0,0,0,0,0,0,0,0,0,0,0,0,0,0,0,0,0,0,0,0,0,0,0,0,0,0,0,0,0,0,0,0,0,0,0,0,0,0,0,0,0,0,0,0,0,0,0,0,0,0,0,0,0,0,0,0,0,0,0,0,0,0,0,0,0,0,0,0,95,27,Jolteon
6-21,11:29:01,NINTEN,Pikachu,Lass,18,Celadon City - Gym,2,53:14.83,53:14,0h53m14s,27,0,27,39,768:14,12.751,THUNDERBOLT,CUT,FLY,BODY SLAM,0,0,0,0,0,0,0,0,21,5208,Jolteon, ,Electric,Electric,60071,Pikachu95,Pikachu,,00:53:02.08,00:53:14.83,768:14:36.36,39,27,0,53,14,83,THUNDERBOLT,CUT,FLY,BODY SLAM,15,29,11,15,0,0,0,0,77,118,70,66,85,85,97,11695,12387,12013,20987,20987,12665,15,15,15,15,0,0,0,0,0,0,0,78,74,85,85,97,0,0,0,0,0,0,0,0,0,0,0,0,0,0,0,0,0,0,0,0,0,0,0,0,0,0,0,0,0,0,0,0,0,0,0,0,0,0,0,0,0,0,0,0,0,0,0,0,0,0,0,0,0,0,0,0,0,0,0,0,0,0,0,0,0,0,0,0,0,0,0,0,0,0,95,27,Jolteon
6-21,11:29:17,NINTEN,Pikachu,Jr Trainer F,11,Celadon City - Gym,2,53:31.12,53:31,0h53m31s,27,0,27,39,768:15,11.725,THUNDERBOLT,CUT,FLY,BODY SLAM,0,0,0,0,0,0,0,0,21,5643,Jolteon, ,Electric,Electric,61344,Pikachu95,Pikachu,,00:53:19.39,00:53:31.12,768:15:40.19,39,27,0,53,31,12,THUNDERBOLT,CUT,FLY,BODY SLAM,15,28,9,15,0,0,0,0,60,118,70,66,85,85,97,11800,12498,12125,21132,21132,12770,15,15,15,15,0,0,0,0,0,0,0,78,74,85,85,97,0,0,0,0,0,0,0,0,0,0,0,0,0,0,0,0,0,0,0,0,0,0,0,0,0,0,0,0,0,0,0,0,0,0,0,0,0,0,0,0,0,0,0,0,0,0,0,0,0,0,0,0,0,0,0,0,0,0,0,0,0,0,0,0,0,0,0,0,0,0,0,0,0,0,95,27,Jolteon
6-21,11:29:38,NINTEN,Pikachu,Lass,17,Celadon City - Gym,2,53:51.52,53:51,0h53m51s,27,0,27,39,768:17,12.68,THUNDERBOLT,CUT,FLY,BODY SLAM,0,0,0,0,0,0,0,0,20,6223,Jolteon, ,Electric,Electric,63042,Pikachu95,Pikachu,,00:53:38.84,00:53:51.52,768:17:00.16,39,27,0,53,51,52,THUNDERBOLT,CUT,FLY,BODY SLAM,15,27,7,15,0,0,0,0,64,118,70,66,85,85,97,11935,12653,12245,21302,21302,12865,15,15,15,15,0,0,0,0,0,0,0,78,74,85,85,97,0,0,0,0,0,0,0,0,0,0,0,0,0,0,0,0,0,0,0,0,0,0,0,0,0,0,0,0,0,0,0,0,0,0,0,0,0,0,0,0,0,0,0,0,0,0,0,0,0,0,0,0,0,0,0,0,0,0,0,0,0,0,0,0,0,0,0,0,0,0,0,0,0,0,95,27,Jolteon
6-21,11:29:56,NINTEN,Pikachu,Gambler,2,Celadon City - Gym,2,54:09.97,54:09,0h54m9s,27,0,27,40,768:18,12.449,THUNDERBOLT,CUT,FLY,BODY SLAM,0,0,0,0,0,0,0,0,20,6643,Jolteon, ,Electric,Electric,65014,Pikachu95,Pikachu,,00:53:57.52,00:54:09.97,768:18:12.38,40,27,0,54,9,97,THUNDERBOLT,CUT,FLY,BODY SLAM,15,27,4,15,0,0,0,0,52,120,72,68,87,87,100,12060,12770,12423,21482,21482,12985,15,15,15,15,0,0,0,0,0,0,0,81,76,87,87,100,0,0,0,0,0,0,0,0,0,0,0,0,0,0,0,0,0,0,0,0,0,0,0,0,0,0,0,0,0,0,0,0,0,0,0,0,0,0,0,0,0,0,0,0,0,0,0,0,0,0,0,0,0,0,0,0,0,0,0,0,0,0,0,0,0,0,0,0,0,0,0,0,0,0,95,27,Jolteon
6-21,11:30:47,NINTEN,Pikachu,Channeler,9,Pokemon Tower - 4F,2,55:00.61,55:00,0h55m0s,27,0,27,40,768:21,7.053,THUNDERBOLT,CUT,FLY,BODY SLAM,0,0,0,0,0,0,0,0,20,8743,Jolteon, ,Electric,Electric,65927,Pikachu95,Pikachu,,00:54:53.56,00:55:00.61,768:21:31.47,40,27,0,55,0,61,THUNDERBOLT,CUT,FLY,BODY SLAM,13,30,15,15,0,0,0,0,120,120,72,68,87,87,100,12135,12846,12498,21652,21652,13140,15,15,15,15,0,0,0,0,0,0,0,81,76,87,87,100,0,0,0,0,0,0,0,0,0,0,0,0,0,0,0,0,0,0,0,0,0,0,0,0,0,0,0,0,0,0,0,0,0,0,0,0,0,0,0,0,0,0,0,0,0,0,0,0,0,0,0,0,0,0,0,0,0,0,0,0,0,0,0,0,0,0,0,0,0,0,0,0,0,0,95,27,Jolteon
6-21,11:31:01,NINTEN,Pikachu,Channeler,14,Pokemon Tower - 5F,2,55:15.04,55:15,0h55m15s,27,0,27,40,768:22,9.1,THUNDERBOLT,CUT,FLY,BODY SLAM,0,0,0,0,0,0,0,0,20,9553,Jolteon, ,Electric,Electric,67673,Pikachu95,Pikachu,,00:55:05.94,00:55:15.04,768:22:28.03,40,27,0,55,15,4,THUNDERBOLT,CUT,FLY,BODY SLAM,12,30,15,13,0,0,0,0,120,120,72,68,87,87,100,12265,12969,12613,21882,21882,13302,15,15,15,15,0,0,0,0,0,0,0,81,76,87,87,100,0,0,0,0,0,0,0,0,0,0,0,0,0,0,0,0,0,0,0,0,0,0,0,0,0,0,0,0,0,0,0,0,0,0,0,0,0,0,0,0,0,0,0,0,0,0,0,0,0,0,0,0,0,0,0,0,0,0,0,0,0,0,0,0,0,0,0,0,0,0,0,0,0,0,95,27,Jolteon
6-21,11:31:50,NINTEN,Pikachu,Channeler,19,Pokemon Tower - 6F,3,56:03.56,56:03,0h56m3s,27,0,27,41,768:25,44.189,THUNDERBOLT,THUNDER,FLY,BODY SLAM,0,0,0,0,0,0,0,0,20,10393,Jolteon, ,Electric,Electric,69887,Pikachu95,Pikachu,,00:55:19.37,00:56:03.56,768:25:39.58,41,27,0,56,3,56,THUNDERBOLT,THUNDER,FLY,BODY SLAM,6,5,15,13,0,0,0,0,94,123,73,69,89,89,102,12400,13102,12733,22187,22187,13519,15,15,15,15,0,0,0,0,0,0,0,82,77,89,89,102,0,0,0,0,0,0,0,0,0,0,0,0,0,0,0,0,0,0,0,0,0,0,0,0,0,0,0,0,0,0,0,0,0,0,0,0,0,0,0,0,0,0,0,0,0,0,0,0,0,0,0,0,0,0,0,0,0,0,0,0,0,0,0,0,0,0,0,0,0,0,0,0,0,0,95,27,Jolteon
6-21,11:32:30,NINTEN,Pikachu,Rocket,44,Pokemon Tower - 7F,4,56:43.86,56:43,0h56m43s,27,0,27,41,768:28,17.175,THUNDERBOLT,THUNDER,FLY,BODY SLAM,0,0,0,0,0,0,0,0,20,11353,Jolteon, ,Electric,Electric,73315,Pikachu95,Pikachu,,00:56:26.68,00:56:43.86,768:28:18.11,41,27,0,56,43,86,THUNDERBOLT,THUNDER,FLY,BODY SLAM,0,5,15,13,0,0,0,0,65,123,73,69,89,89,102,12662,13402,13042,22452,22452,13789,15,15,15,15,0,0,0,0,0,0,0,82,77,89,89,102,0,0,0,0,0,0,0,0,0,0,0,0,0,0,0,0,0,0,0,0,0,0,0,0,0,0,0,0,0,0,0,0,0,0,0,0,0,0,0,0,0,0,0,0,0,0,0,0,0,0,0,0,0,0,0,0,0,0,0,0,0,0,0,0,0,0,0,0,0,0,0,0,0,0,95,27,Jolteon
6-21,11:34:22,NINTEN,Pikachu,Biker,7,Route 16,4,58:35.70,58:35,0h58m35s,27,0,27,42,768:35,25.806,THUNDERBOLT,THUNDER,FLY,BODY SLAM,0,0,0,0,0,0,0,0,22,12283,Jolteon, ,Electric,Electric,76057,Pikachu95,Pikachu,,00:58:09.89,00:58:35.70,768:35:39.35,42,27,0,58,35,70,THUNDERBOLT,THUNDER,FLY,BODY SLAM,12,5,15,10,0,0,0,0,101,126,75,71,91,91,105,12960,13711,13295,22632,22632,13944,15,15,15,15,0,0,0,0,0,0,0,84,79,91,91,105,0,0,0,0,0,0,0,0,0,0,0,0,0,0,0,0,0,0,0,0,0,0,0,0,0,0,0,0,0,0,0,0,0,0,0,0,0,0,0,0,0,0,0,0,0,0,0,0,0,0,0,0,0,0,0,0,0,0,0,0,0,0,0,0,0,0,0,0,0,0,0,0,0,0,95,27,Jolteon
6-21,11:34:47,NINTEN,Pikachu,Biker,8,Route 17,3,59:01.23,59:01,0h59m1s,27,0,27,42,768:37,19.071,THUNDERBOLT,THUNDER,FLY,BODY SLAM,0,0,0,0,0,0,0,0,22,12843,Jolteon,Poisoned,Electric,Electric,79306,Pikachu95,Pikachu,,00:58:42.15,00:59:01.23,768:37:19.56,42,27,0,59,1,23,THUNDERBOLT,THUNDER,FLY,BODY SLAM,9,4,15,9,0,0,0,0,14,126,75,71,91,91,105,13130,13956,13630,22862,22862,14099,15,15,15,15,0,0,0,0,0,0,0,84,79,91,91,105,0,0,0,0,0,0,0,0,0,0,0,0,0,0,0,0,0,0,0,0,0,0,0,0,0,0,0,0,0,0,0,0,0,0,0,0,0,0,0,0,0,0,0,0,0,0,0,0,0,0,0,0,0,0,0,0,0,0,0,0,0,0,0,0,0,0,0,0,0,0,0,0,0,0,95,27,Jolteon
6-21,11:35:27,NINTEN,Pikachu,Swimmer,5,Route 17,2,59:40.94,59:40,0h59m40s,27,0,27,43,768:39,14.038,THUNDERBOLT,THUNDER,FLY,BODY SLAM,0,0,0,0,0,0,0,0,22,13503,Jolteon, ,Electric,Electric,81189,Pikachu95,Pikachu,,00:59:26.90,00:59:40.94,768:39:55.16,43,27,0,59,40,94,THUNDERBOLT,THUNDER,FLY,BODY SLAM,12,5,14,15,0,0,0,0,97,129,77,73,94,94,107,13305,14126,13773,23007,23007,14204,15,15,15,15,0,0,0,0,0,0,0,86,82,94,94,107,0,0,0,0,0,0,0,0,0,0,0,0,0,0,0,0,0,0,0,0,0,0,0,0,0,0,0,0,0,0,0,0,0,0,0,0,0,0,0,0,0,0,0,0,0,0,0,0,0,0,0,0,0,0,0,0,0,0,0,0,0,0,0,0,0,0,0,0,0,0,0,0,0,0,95,27,Jolteon
6-21,11:35:50,NINTEN,Pikachu,Swimmer,8,Route 17,2,1:00:04.37,1:00:04,1h0m4s,27,0,27,43,768:41,11.695,THUNDERBOLT,THUNDER,FLY,BODY SLAM,0,0,0,0,0,0,0,0,22,14303,Jolteon, ,Electric,Electric,83210,Pikachu95,Pikachu,,00:59:52.68,01:00:04.37,768:41:27.30,43,27,1,0,4,37,THUNDERBOLT,THUNDER,FLY,BODY SLAM,12,5,11,15,0,0,0,0,97,129,77,73,94,94,107,13450,14331,13903,23117,23117,14344,15,15,15,15,0,-1,0,0,0,0,0,96,54,94,94,107,0,0,0,0,0,0,0,0,0,0,0,0,0,0,0,0,0,0,0,0,0,0,0,0,0,0,0,0,0,0,0,0,0,0,0,0,0,0,0,0,0,0,0,0,0,0,0,0,0,0,0,0,0,0,0,0,0,0,0,0,0,0,0,0,0,0,0,0,0,0,0,0,0,0,95,27,Jolteon
6-21,11:36:42,NINTEN,Pikachu,Biker,5,Route 16,2,1:00:55.82,1:00:55,1h0m55s,27,1,28,43,768:44,6.937,THUNDERBOLT,THUNDER,FLY,BODY SLAM,0,0,0,0,0,0,0,0,22,7551,Jolteon, ,Electric,Electric,84755,Pikachu95,Pikachu,,01:00:48.88,01:00:55.82,768:44:48.20,43,27,1,0,55,82,THUNDERBOLT,THUNDER,FLY,BODY SLAM,13,5,15,15,0,0,0,0,129,129,77,73,94,94,107,13595,14491,13993,23202,23202,14444,15,15,15,15,0,0,0,0,0,0,0,86,82,94,94,107,0,0,0,0,0,0,0,0,0,0,0,0,0,0,0,0,0,0,0,0,0,0,0,0,0,0,0,0,0,0,0,0,0,0,0,0,0,0,0,0,0,0,0,0,0,0,0,0,0,0,0,0,0,0,0,0,0,0,0,0,0,0,0,0,0,0,0,0,0,0,0,0,0,1,95,28,Jolteon
6-21,11:39:08,NINTEN,Pikachu,Erika,1,Celadon City - Gym,4,1:03:22.08,1:03:22,1h3m22s,27,1,28,44,768:54,24.652,THUNDERBOLT,SURF,FLY,BODY SLAM,0,0,0,0,0,0,0,0,26,7631,Jolteon, ,Electric,Electric,89634,Pikachu95,Pikachu,Erika,01:02:57.42,01:03:22.08,768:54:27.13,44,27,1,3,22,8,THUNDERBOLT,SURF,FLY,BODY SLAM,15,15,9,15,0,0,0,0,99,132,80,74,96,96,111,13890,17353,14321,23582,23582,17244,15,15,15,15,0,0,0,0,0,0,0,90,83,96,96,111,0,0,0,0,0,0,0,0,0,0,0,0,0,0,0,0,0,0,0,0,0,0,0,0,0,0,0,0,0,0,0,0,0,0,0,0,0,0,0,0,0,0,0,0,0,0,0,0,0,0,0,0,0,0,0,0,0,0,0,0,0,0,0,0,0,0,0,0,0,0,0,0,0,1,95,28,Jolteon
6-21,11:39:51,NINTEN,Pikachu,Rocker,3,Fuchsia City - Gym,4,1:04:05.03,1:04:05,1h4m5s,27,1,28,45,768:57,16.522,THUNDERBOLT,SURF,FLY,BODY SLAM,0,0,0,0,0,0,0,0,27,11096,Jolteon, ,Electric,Electric,94375,Pikachu95,Pikachu,,01:03:48.51,01:04:05.03,768:57:16.24,45,27,1,4,5,3,THUNDERBOLT,SURF,FLY,BODY SLAM,11,14,9,15,0,0,0,0,85,135,82,77,98,98,114,14156,17655,14553,23892,23892,17599,15,15,15,15,0,0,0,0,0,0,0,92,86,98,98,114,0,0,0,0,0,0,0,0,0,0,0,0,0,0,0,0,0,0,0,0,0,0,0,0,0,0,0,0,0,0,0,0,0,0,0,0,0,0,0,0,0,0,0,0,0,0,0,0,0,0,0,0,0,0,0,0,0,0,0,0,0,0,0,0,0,0,0,0,0,0,0,0,0,1,95,28,Jolteon
6-21,11:40:45,NINTEN,Pikachu,Juggler,2,Fuchsia City - Gym,3,1:04:59.19,1:04:59,1h4m59s,27,1,28,46,1024:00,12.957,THUNDERBOLT,SURF,FLY,BODY SLAM,0,0,0,0,0,0,0,0,28,4786,Jolteon, ,Electric,Electric,98034,Pikachu95,Pikachu,,01:04:46.24,01:04:59.19,1024:00:49.22,46,27,1,4,59,19,THUNDERBOLT,SURF,FLY,BODY SLAM,9,13,9,15,0,0,0,0,138,138,84,78,101,101,116,14370,17927,14778,24097,24097,17855,15,15,15,15,0,0,0,0,0,0,0,94,87,101,101,116,0,0,0,0,0,0,0,0,0,0,0,0,0,0,0,0,0,0,0,0,0,0,0,0,0,0,0,0,0,0,0,0,0,0,0,0,0,0,0,0,0,0,0,0,0,0,0,0,0,0,0,0,0,0,0,0,0,0,0,0,0,0,0,0,0,0,0,0,0,0,0,0,0,1,95,28,Jolteon
6-21,11:41:00,NINTEN,Pikachu,Juggler,1,Fuchsia City - Gym,2,1:05:14.30,1:05:14,1h5m14s,27,1,28,46,1024:01,10.426,THUNDERBOLT,SURF,FLY,BODY SLAM,0,0,0,0,0,0,0,0,28,6186,Jolteon, ,Electric,Electric,100425,Pikachu95,Pikachu,,01:05:03.88,01:05:14.30,1024:01:48.29,46,27,1,5,14,30,THUNDERBOLT,SURF,FLY,BODY SLAM,7,12,9,15,0,0,0,0,138,138,84,78,101,101,116,14507,18122,14957,24217,24217,18010,15,15,15,15,0,0,0,0,0,0,0,94,87,101,101,116,0,0,0,0,0,0,0,0,0,0,0,0,0,0,0,0,0,0,0,0,0,0,0,0,0,0,0,0,0,0,0,0,0,0,0,0,0,0,0,0,0,0,0,0,0,0,0,0,0,0,0,0,0,0,0,0,0,0,0,0,0,0,0,0,0,0,0,0,0,0,0,0,0,1,95,28,Jolteon
6-21,11:41:18,NINTEN,Pikachu,Rocker,4,Fuchsia City - Gym,2,1:05:32.07,1:05:32,1h5m32s,27,1,28,46,1024:02,14.239,THUNDERBOLT,SURF,FLY,BODY SLAM,0,0,0,0,0,0,0,0,28,7626,Jolteon, ,Electric,Electric,103292,Pikachu95,Pikachu,,01:05:17.83,01:05:32.07,1024:02:58.10,46,27,1,5,32,7,THUNDERBOLT,SURF,FLY,BODY SLAM,4,12,9,15,0,0,0,0,113,138,84,78,101,101,116,14692,18297,15097,24422,24422,18160,15,15,15,15,0,0,0,0,0,0,0,94,87,101,101,116,0,0,0,0,0,0,0,0,0,0,0,0,0,0,0,0,0,0,0,0,0,0,0,0,0,0,0,0,0,0,0,0,0,0,0,0,0,0,0,0,0,0,0,0,0,0,0,0,0,0,0,0,0,0,0,0,0,0,0,0,0,0,0,0,0,0,0,0,0,0,0,0,0,1,95,28,Jolteon
6-21,11:42:32,NINTEN,Pikachu,Koga,1,Fuchsia City - Gym,4,1:06:45.57,1:06:45,1h6m45s,28,0,28,47,1024:05,25.024,THUNDERBOLT,SURF,FLY,BODY SLAM,0,0,0,0,0,0,0,0,28,8921,Jolteon,Poisoned,Electric,Electric,109314,Pikachu95,Pikachu,Koga,01:06:20.55,01:06:45.57,1024:05:43.10,47,28,1,6,45,57,THUNDERBOLT,SURF,FLY,BODY SLAM,0,10,9,14,0,0,0,0,37,141,86,80,103,103,119,15022,18627,15367,24797,24797,18510,15,15,15,15,0,0,0,0,0,0,0,96,90,103,103,119,0,0,0,0,0,0,0,0,0,0,0,0,0,0,0,0,0,0,0,0,0,0,0,0,0,0,0,0,0,0,0,0,0,0,0,0,0,0,0,0,0,0,0,0,0,0,0,0,0,0,0,0,0,0,0,0,0,0,0,0,0,0,0,0,0,0,0,0,0,0,0,0,0,0,95,28,Jolteon
6-21,11:44:14,NINTEN,Pikachu,Juggler,7,Route 21,4,1:08:27.47,1:08:27,1h8m27s,28,0,28,48,1024:12,13.819,THUNDERBOLT,SURF,FLY,BODY SLAM,0,0,0,0,0,0,0,0,28,13178,Jolteon, ,Electric,Electric,114633,Pikachu95,Pikachu,,01:08:13.65,01:08:27.47,1024:12:26.00,48,28,1,8,27,47,THUNDERBOLT,SURF,FLY,BODY SLAM,11,15,15,15,0,0,0,0,144,144,88,82,105,105,122,15307,18970,15622,25087,25087,18777,15,15,15,15,0,0,0,0,0,0,0,99,92,105,105,137,0,0,0,0,0,0,0,0,0,0,0,0,0,0,0,0,0,0,0,0,0,0,0,0,0,0,0,0,0,0,0,0,0,0,0,0,0,0,0,0,0,0,0,0,0,0,0,0,0,0,0,0,0,0,0,0,0,0,0,0,0,0,0,0,0,0,0,0,0,0,0,0,0,0,95,28,Jolteon
6-21,11:45:44,NINTEN,Pikachu,Bird Keeper,5,Saffron City - Fighting Dojo,3,1:09:58.13,1:09:58,1h9m58s,28,0,28,48,1024:18,9.355,THUNDERBOLT,SURF,FLY,BODY SLAM,0,0,0,0,0,0,0,0,30,14578,Jolteon, ,Electric,Electric,116694,Pikachu95,Pikachu,,01:09:48.78,01:09:58.13,1024:18:21.26,48,28,1,9,58,13,THUNDERBOLT,SURF,FLY,BODY SLAM,12,15,15,15,0,0,0,0,144,144,88,82,105,105,123,15482,19235,15767,25217,25217,21537,15,15,15,15,0,0,0,0,0,0,0,99,92,105,105,138,0,0,0,0,0,0,0,0,0,0,0,0,0,0,0,0,0,0,0,0,0,0,0,0,0,0,0,0,0,0,0,0,0,0,0,0,0,0,0,0,0,0,0,0,0,0,0,0,0,0,0,0,0,0,0,0,0,0,0,0,0,0,0,0,0,0,0,0,0,0,0,0,0,0,95,28,Jolteon
6-21,11:45:55,NINTEN,Pikachu,Bird Keeper,3,Saffron City - Fighting Dojo,2,1:10:08.45,1:10:08,1h10m8s,28,0,28,49,1024:19,7.568,THUNDERBOLT,SURF,FLY,BODY SLAM,0,0,0,0,0,0,0,0,30,15353,Jolteon, ,Electric,Electric,118297,Pikachu95,Pikachu,,01:10:00.88,01:10:08.45,1024:19:01.28,49,28,1,10,8,45,THUNDERBOLT,SURF,FLY,BODY SLAM,10,15,15,15,0,0,0,0,147,147,90,83,107,107,126,15632,19415,15887,25302,25302,21617,15,15,15,15,0,0,0,0,0,0,0,101,93,107,107,141,0,0,0,0,0,0,0,0,0,0,0,0,0,0,0,0,0,0,0,0,0,0,0,0,0,0,0,0,0,0,0,0,0,0,0,0,0,0,0,0,0,0,0,0,0,0,0,0,0,0,0,0,0,0,0,0,0,0,0,0,0,0,0,0,0,0,0,0,0,0,0,0,0,0,95,28,Jolteon
6-21,11:46:02,NINTEN,Pikachu,Bird Keeper,4,Saffron City - Fighting Dojo,1,1:10:15.78,1:10:15,1h10m15s,28,0,28,49,1024:19,4.21,THUNDERBOLT,SURF,FLY,BODY SLAM,0,0,0,0,0,0,0,0,30,16153,Jolteon, ,Electric,Electric,119446,Pikachu95,Pikachu,,01:10:11.57,01:10:15.78,1024:19:29.45,49,28,1,10,15,78,THUNDERBOLT,SURF,FLY,BODY SLAM,9,15,15,15,0,0,0,0,147,147,90,83,107,107,126,15697,19520,15947,25362,25362,21712,15,15,15,15,0,0,0,0,0,0,0,101,93,107,107,141,0,0,0,0,0,0,0,0,0,0,0,0,0,0,0,0,0,0,0,0,0,0,0,0,0,0,0,0,0,0,0,0,0,0,0,0,0,0,0,0,0,0,0,0,0,0,0,0,0,0,0,0,0,0,0,0,0,0,0,0,0,0,0,0,0,0,0,0,0,0,0,0,0,0,95,28,Jolteon
6-21,11:46:14,NINTEN,Pikachu,Bird Keeper,2,Saffron City - Fighting Dojo,3,1:10:27.97,1:10:27,1h10m27s,28,0,28,49,1024:20,9.355,THUNDERBOLT,SURF,FLY,BODY SLAM,0,0,0,0,0,0,0,0,30,17053,Jolteon, ,Electric,Electric,121414,Pikachu95,Pikachu,,01:10:18.62,01:10:27.97,1024:20:17.10,49,28,1,10,27,97,THUNDERBOLT,SURF,FLY,BODY SLAM,6,15,15,15,0,0,0,0,147,147,90,83,107,107,126,15842,19785,16077,25492,25492,21947,15,15,15,15,0,0,0,0,0,0,0,101,93,107,107,141,0,0,0,0,0,0,0,0,0,0,0,0,0,0,0,0,0,0,0,0,0,0,0,0,0,0,0,0,0,0,0,0,0,0,0,0,0,0,0,0,0,0,0,0,0,0,0,0,0,0,0,0,0,0,0,0,0,0,0,0,0,0,0,0,0,0,0,0,0,0,0,0,0,0,95,28,Jolteon
6-21,11:46:26,NINTEN,Pikachu,Bird Keeper,1,Saffron City - Fighting Dojo,2,1:10:39.87,1:10:39,1h10m39s,28,0,28,49,1024:21,8.567,THUNDERBOLT,SURF,FLY,BODY SLAM,0,0,0,0,0,0,0,0,30,17828,Jolteon, ,Electric,Electric,123625,Pikachu95,Pikachu,,01:10:31.31,01:10:39.87,1024:21:03.30,49,28,1,10,39,87,THUNDERBOLT,SURF,FLY,BODY SLAM,3,15,15,15,0,0,0,0,121,147,90,83,107,107,126,15967,19955,16226,25657,25657,22116,15,15,15,15,0,0,0,0,0,0,0,101,93,107,107,141,0,0,0,0,0,0,0,0,0,0,0,0,0,0,0,0,0,0,0,0,0,0,0,0,0,0,0,0,0,0,0,0,0,0,0,0,0,0,0,0,0,0,0,0,0,0,0,0,0,0,0,0,0,0,0,0,0,0,0,0,0,0,0,0,0,0,0,0,0,0,0,0,0,0,95,28,Jolteon
6-21,11:47:01,NINTEN,Pikachu,Rocket,39,Silph Co - 10F,1,1:11:15.15,1:11:15,1h11m15s,28,0,28,49,1024:23,6.363,THUNDERBOLT,SURF,FLY,BODY SLAM,0,0,0,0,0,0,0,0,30,18753,Jolteon, ,Electric,Electric,124969,Pikachu95,Pikachu,,01:11:08.79,01:11:15.15,1024:23:22.05,49,28,1,11,15,15,THUNDERBOLT,SURF,FLY,BODY SLAM,13,15,15,15,0,0,0,0,101,147,90,83,107,107,126,16047,20055,16296,25707,25707,22161,15,15,15,15,0,0,0,0,0,0,0,101,93,107,107,141,0,0,0,0,0,0,0,0,0,0,0,0,0,0,0,0,0,0,0,0,0,0,0,0,0,0,0,0,0,0,0,0,0,0,0,0,0,0,0,0,0,0,0,0,0,0,0,0,0,0,0,0,0,0,0,0,0,0,0,0,0,0,0,0,0,0,0,0,0,0,0,0,0,0,95,28,Jolteon
6-21,11:47:42,NINTEN,Pikachu,Rocket,35,Silph Co - 8F,4,1:11:56.35,1:11:56,1h11m56s,28,0,28,50,1024:26,24.133,THUNDERBOLT,SURF,LIGHT SCREEN,BODY SLAM,0,0,0,0,0,0,0,0,31,20043,Jolteon, ,Electric,Electric,129785,Pikachu95,Pikachu,,01:11:32.22,01:11:56.35,1024:26:04.15,50,28,1,11,56,35,THUNDERBOLT,SURF,LIGHT SCREEN,BODY SLAM,9,15,30,15,0,0,0,0,104,150,92,86,110,110,129,16312,20367,16551,26002,26002,25115,15,15,15,15,0,0,0,0,0,0,0,103,96,110,110,145,0,0,0,0,0,0,0,0,0,0,0,0,0,0,0,0,0,0,0,0,0,0,0,0,0,0,0,0,0,0,0,0,0,0,0,0,0,0,0,0,0,0,0,0,0,0,0,0,0,0,0,0,0,0,0,0,0,0,0,0,0,0,0,0,0,0,0,0,0,0,0,0,0,0,95,28,Jolteon
6-21,11:48:08,NINTEN,Pikachu,Rocket,32,Silph Co - 7F,4,1:12:21.79,1:12:21,1h12m21s,28,0,28,51,1024:27,20.332,THUNDERBOLT,SURF,LIGHT SCREEN,BODY SLAM,0,0,0,0,0,0,0,0,31,21153,Jolteon, ,Electric,Electric,134594,Pikachu95,Pikachu,,01:12:01.46,01:12:21.79,1024:27:44.06,51,28,1,12,21,79,THUNDERBOLT,SURF,LIGHT SCREEN,BODY SLAM,5,12,30,15,0,0,0,0,107,153,94,87,112,112,132,16569,20713,16870,26277,26277,25462,15,15,15,15,0,0,0,0,0,0,0,105,97,112,112,148,0,0,0,0,0,0,0,0,0,0,0,0,0,0,0,0,0,0,0,0,0,0,0,0,0,0,0,0,0,0,0,0,0,0,0,0,0,0,0,0,0,0,0,0,0,0,0,0,0,0,0,0,0,0,0,0,0,0,0,0,0,0,0,0,0,0,0,0,0,0,0,0,0,0,95,28,Jolteon
6-21,11:48:50,NINTEN,Pikachu,Scientist,7,Silph Co - 6F,5,1:13:03.66,1:13:03,1h13m3s,28,0,28,51,1024:30,25.231,THUNDERBOLT,SURF,LIGHT SCREEN,BODY SLAM,0,0,0,0,0,0,0,0,32,22263,Jolteon,Paralyzed,Electric,Electric,140045,Pikachu95,Pikachu,,01:12:38.43,01:13:03.66,1024:30:29.07,51,28,1,13,3,66,THUNDERBOLT,SURF,LIGHT SCREEN,BODY SLAM,4,12,30,8,0,0,0,0,48,153,94,87,112,112,132,16809,20973,17225,26702,26702,25972,15,15,15,15,0,0,0,0,-1,0,0,118,109,112,112,24,0,0,0,0,0,0,0,0,0,0,0,0,0,0,0,0,0,0,0,0,0,0,0,0,0,0,0,0,0,0,0,0,0,0,0,0,0,0,0,0,0,0,0,0,0,0,0,0,0,0,0,0,0,0,0,0,0,0,0,0,0,0,0,0,0,0,0,0,0,0,0,0,0,0,95,28,Jolteon
6-21,11:49:25,NINTEN,Pikachu,Rocket,25,Silph Co - 3F,3,1:13:38.94,1:13:38,1h13m38s,28,0,28,52,1024:32,13.961,THUNDERBOLT,SURF,LIGHT SCREEN,BODY SLAM,0,0,0,0,0,0,0,0,32,24013,Jolteon, ,Electric,Electric,143608,Pikachu95,Pikachu,,01:13:24.98,01:13:38.94,1024:32:47.33,52,28,1,13,38,94,THUNDERBOLT,SURF,LIGHT SCREEN,BODY SLAM,11,15,30,14,0,0,0,0,140,156,96,89,114,114,135,17054,21232,17430,26952,26952,26186,15,15,15,15,0,0,0,0,0,0,0,108,100,114,114,151,0,0,0,0,0,0,0,0,0,0,0,0,0,0,0,0,0,0,0,0,0,0,0,0,0,0,0,0,0,0,0,0,0,0,0,0,0,0,0,0,0,0,0,0,0,0,0,0,0,0,0,0,0,0,0,0,0,0,0,0,0,0,0,0,0,0,0,0,0,0,0,0,0,0,95,28,Jolteon
6-21,11:49:39,NINTEN,Pikachu,Rocket,28,Silph Co - 5F,1,1:13:52.94,1:13:52,1h13m52s,28,0,28,52,1024:33,6.239,THUNDERBOLT,SURF,LIGHT SCREEN,BODY SLAM,0,0,0,0,0,0,0,0,32,25153,Jolteon, ,Electric,Electric,145415,Pikachu95,Pikachu,,01:13:46.70,01:13:52.94,1024:33:42.00,52,28,1,13,52,94,THUNDERBOLT,SURF,LIGHT SCREEN,BODY SLAM,9,15,30,14,0,0,0,0,99,156,96,89,114,114,135,17129,21332,17525,27022,27022,26296,15,15,15,15,0,0,0,0,0,0,0,108,100,114,114,151,0,0,0,0,0,0,0,0,0,0,0,0,0,0,0,0,0,0,0,0,0,0,0,0,0,0,0,0,0,0,0,0,0,0,0,0,0,0,0,0,0,0,0,0,0,0,0,0,0,0,0,0,0,0,0,0,0,0,0,0,0,0,0,0,0,0,0,0,0,0,0,0,0,0,95,28,Jolteon
6-21,11:50:22,NINTEN,Pikachu,Rocket,37,Silph Co - 9F,3,1:14:36.12,1:14:36,1h14m36s,28,0,28,53,1024:36,17.706,THUNDERBOLT,SURF,LIGHT SCREEN,BODY SLAM,0,0,0,0,0,0,0,0,34,26353,Jolteon,Paralyzed,Electric,Electric,149223,Pikachu95,Pikachu,,01:14:18.42,01:14:36.12,1024:36:31.23,53,28,1,14,36,12,THUNDERBOLT,SURF,LIGHT SCREEN,BODY SLAM,4,15,30,14,0,0,0,0,37,159,99,91,116,116,137,17399,24170,17740,27272,27272,26458,15,15,15,15,0,0,0,0,0,0,0,111,102,116,116,38,0,0,0,0,0,0,0,0,0,0,0,0,0,0,0,0,0,0,0,0,0,0,0,0,0,0,0,0,0,0,0,0,0,0,0,0,0,0,0,0,0,0,0,0,0,0,0,0,0,0,0,0,0,0,0,0,0,0,0,0,0,0,0,0,0,0,0,0,0,0,0,0,0,0,95,28,Jolteon
6-21,11:50:46,NINTEN,Pikachu,Hypno Rocket,38,Silph Co - 9F,3,1:14:59.93,1:14:59,1h14m59s,28,0,28,53,1024:38,12.616,THUNDERBOLT,SURF,LIGHT SCREEN,BODY SLAM,0,0,0,0,0,0,0,0,35,27493,Jolteon, ,Electric,Electric,153055,Pikachu95,Pikachu,,01:14:47.32,01:14:59.93,1024:38:04.47,53,28,1,14,59,93,THUNDERBOLT,SURF,LIGHT SCREEN,BODY SLAM,12,14,30,15,0,0,0,0,159,159,99,91,116,116,137,17639,24408,17975,27492,27492,26650,15,15,15,15,0,0,0,0,0,0,0,111,102,116,116,154,0,0,0,0,0,0,0,0,0,0,0,0,0,0,0,0,0,0,0,0,0,0,0,0,0,0,0,0,0,0,0,0,0,0,0,0,0,0,0,0,0,0,0,0,0,0,0,0,0,0,0,0,0,0,0,0,0,0,0,0,0,0,0,0,0,0,0,0,0,0,0,0,0,0,95,28,Jolteon
6-21,11:51:34,NINTEN,Pikachu,Rival5-Silph,5,Silph Co - 7F,5,1:15:47.95,1:15:47,1h15m47s,28,0,28,54,1024:41,34.162,THUNDERBOLT,SURF,LIGHT SCREEN,BODY SLAM,0,0,0,0,0,0,0,0,35,28633,Jolteon, ,Electric,Electric,161824,Pikachu95,Pikachu,Rival (Silph Co.),01:15:13.79,01:15:47.95,1024:41:14.06,54,28,1,15,47,95,THUNDERBOLT,SURF,LIGHT SCREEN,BODY SLAM,11,13,30,8,0,0,0,0,67,162,101,93,118,118,140,18019,24873,18359,27962,27962,27051,15,15,15,15,0,0,-1,-1,0,0,0,127,117,77,77,176,0,0,0,0,0,0,0,0,0,0,0,0,0,0,0,0,0,0,0,0,0,0,0,0,0,0,0,0,0,0,0,0,0,0,0,0,0,0,0,0,0,0,0,0,0,0,0,0,0,0,0,0,0,0,0,0,0,0,0,0,0,0,0,0,0,0,0,0,0,0,0,0,0,0,95,28,Jolteon
6-21,11:52:15,NINTEN,Pikachu,Rocket,45,Silph Co - 11F,5,1:16:29.26,1:16:29,1h16m29s,28,0,28,55,1024:43,23.394,THUNDERBOLT,SURF,LIGHT SCREEN,BODY SLAM,0,0,0,0,0,0,0,0,35,31623,Jolteon, ,Electric,Electric,168226,Pikachu95,Pikachu,,01:16:05.87,01:16:29.26,1024:43:56.38,55,28,1,16,29,26,THUNDERBOLT,SURF,LIGHT SCREEN,BODY SLAM,6,13,30,6,0,0,0,0,84,166,103,95,121,121,143,18361,25278,18733,28327,28327,27391,15,15,15,15,0,0,0,0,0,0,0,115,106,121,121,160,0,0,0,0,0,0,0,0,0,0,0,0,0,0,0,0,0,0,0,0,0,0,0,0,0,0,0,0,0,0,0,0,0,0,0,0,0,0,0,0,0,0,0,0,0,0,0,0,0,0,0,0,0,0,0,0,0,0,0,0,0,0,0,0,0,0,0,0,0,0,0,0,0,0,95,28,Jolteon
6-21,11:53:00,NINTEN,Pikachu,Giovanni-Silph,2,Silph Co - 11F,5,1:17:13.58,1:17:13,1h17m13s,28,0,28,56,1024:46,30.152,THUNDERBOLT,SURF,LIGHT SCREEN,BODY SLAM,0,0,0,0,0,0,0,0,34,32913,Jolteon, ,Electric,Electric,176381,Pikachu95,Pikachu,Giovanni (Silph),01:16:43.42,01:17:13.58,1024:46:51.29,56,28,1,17,13,58,THUNDERBOLT,SURF,LIGHT SCREEN,BODY SLAM,1,12,30,6,0,0,0,0,104,169,105,96,123,123,145,18746,25783,19188,28587,28587,27761,15,15,15,15,0,0,0,0,0,0,0,118,108,123,123,163,0,0,0,0,0,0,0,0,0,0,0,0,0,0,0,0,0,0,0,0,0,0,0,0,0,0,0,0,0,0,0,0,0,0,0,0,0,0,0,0,0,0,0,0,0,0,0,0,0,0,0,0,0,0,0,0,0,0,0,0,0,0,0,0,0,0,0,0,0,0,0,0,0,0,95,28,Jolteon
6-21,11:53:54,NINTEN,Pikachu,Beauty,3,Saffron City - Gym,3,1:18:07.80,1:18:07,1h18m7s,28,0,28,56,1024:50,19.456,THUNDERBOLT,SURF,LIGHT SCREEN,BODY SLAM,0,0,0,0,0,0,0,0,34,37566,Jolteon, ,Electric,Electric,180236,Pikachu95,Pikachu,,01:17:48.34,01:18:07.80,1024:50:24.28,56,28,1,18,7,80,THUNDERBOLT,SURF,LIGHT SCREEN,BODY SLAM,12,15,30,14,0,0,0,0,148,169,105,96,123,123,145,18976,25983,19393,28857,28857,27986,15,15,15,15,0,0,0,0,0,0,0,118,108,123,123,163,0,0,0,0,0,0,0,0,0,0,0,0,0,0,0,0,0,0,0,0,0,0,0,0,0,0,0,0,0,0,0,0,0,0,0,0,0,0,0,0,0,0,0,0,0,0,0,0,0,0,0,0,0,0,0,0,0,0,0,0,0,0,0,0,0,0,0,0,0,0,0,0,0,0,95,28,Jolteon
6-21,11:54:09,NINTEN,Pikachu,Beauty,4,Saffron City - Gym,1,1:18:22.49,1:18:22,1h18m22s,28,0,28,56,1024:51,4.744,THUNDERBOLT,SURF,LIGHT SCREEN,BODY SLAM,0,0,0,0,0,0,0,0,34,37976,Jolteon, ,Electric,Electric,182231,Pikachu95,Pikachu,,01:18:17.75,01:18:22.49,1024:51:21.17,56,28,1,18,22,49,THUNDERBOLT,SURF,LIGHT SCREEN,BODY SLAM,11,15,30,14,0,0,0,0,148,169,105,96,123,123,145,19036,26058,19478,28957,28957,28101,15,15,15,15,0,0,0,0,0,0,0,118,108,123,123,163,0,0,0,0,0,0,0,0,0,0,0,0,0,0,0,0,0,0,0,0,0,0,0,0,0,0,0,0,0,0,0,0,0,0,0,0,0,0,0,0,0,0,0,0,0,0,0,0,0,0,0,0,0,0,0,0,0,0,0,0,0,0,0,0,0,0,0,0,0,0,0,0,0,0,95,28,Jolteon
6-21,11:57:03,NINTEN,Pikachu,Sabrina,1,Saffron City - Gym,5,1:21:16.97,1:21:16,1h21m16s,31,0,31,57,1024:56,40.142,THUNDERBOLT,CUT,LIGHT SCREEN,BODY SLAM,0,0,0,0,0,0,0,0,33,38426,Jolteon, ,Electric,Electric,189680,Pikachu95,Pikachu,Sabrina,01:20:36.82,01:21:16.97,1024:56:54.42,57,31,1,21,16,97,THUNDERBOLT,CUT,LIGHT SCREEN,BODY SLAM,11,24,29,13,0,0,0,0,5,171,107,99,126,126,148,19281,26281,19703,29532,29532,28573,15,15,15,15,0,0,-1,-1,0,0,0,120,111,83,83,166,0,0,0,0,0,0,0,0,0,0,0,0,0,0,0,0,0,0,0,0,0,0,0,0,0,0,0,0,0,0,0,0,0,0,0,0,0,0,0,0,0,0,0,0,0,0,0,0,0,0,0,0,0,0,0,0,0,0,0,0,0,0,0,0,0,0,0,0,0,0,0,0,0,0,95,31,Jolteon
6-21,11:59:45,NINTEN,Pikachu,Brock,1,Pewter City - Gym,2,1:23:59.27,1:23:59,1h23m59s,32,1,33,18,256:04,8.283,THUNDERSHOCK,TAIL WHIP,GROWL,QUICK ATTACK,0,0,0,0,0,0,0,0,5,375,Jolteon, ,Electric,Electric,6721,Pikachu95,Pikachu,Brock,01:23:50.98,01:23:59.27,256:04:55.24,18,32,1,23,59,27,THUNDERSHOCK,TAIL WHIP,GROWL,QUICK ATTACK,30,23,35,19,0,0,0,0,28,58,33,31,38,38,46,5332,5130,5241,3908,3908,5550,15,15,15,15,0,-2,0,0,0,0,0,33,15,38,38,46,0,0,0,0,0,0,0,0,0,0,0,0,0,0,0,0,0,0,0,0,0,0,0,0,0,0,0,0,0,0,0,0,0,0,0,0,0,0,0,0,0,0,0,0,0,0,0,0,0,0,0,0,0,0,0,0,0,0,0,0,0,0,0,0,0,0,0,0,0,0,0,0,0,1,95,33,Jolteon
6-21,12:01:39,NINTEN,Pikachu,Brock,1,Pewter City - Gym,2,18:16.64,18:16,0h18m16s,1,0,1,18,256:04,10.156,THUNDERSHOCK,TAIL WHIP,GROWL,QUICK ATTACK,0,0,0,0,0,0,0,0,5,375,Jolteon, ,Electric,Electric,6721,Pikachu95,Pikachu,Brock,00:18:06.48,00:18:16.64,256:04:55.23,18,1,0,18,16,64,THUNDERSHOCK,TAIL WHIP,GROWL,QUICK ATTACK,30,23,35,19,0,0,0,0,28,58,33,31,38,38,46,5332,5130,5241,3908,3908,5550,15,15,15,15,0,-2,0,0,0,0,0,33,15,38,38,46,0,0,0,0,0,0,0,0,0,0,0,0,0,0,0,0,0,0,0,0,0,0,0,0,0,0,0,0,0,0,0,0,0,0,0,0,0,0,0,0,0,0,0,0,0,0,0,0,0,0,0,0,0,0,0,0,0,0,0,0,0,0,0,0,0,0,0,0,0,0,0,0,0,0,95,1,Jolteon
6-21,12:02:33,NINTEN,Pikachu,Bug Catcher,4,Route 3,3,18:34.16,18:34,0h18m34s,0,0,0,19,256:07,12.497,THUNDERSHOCK,TAIL WHIP,GROWL,QUICK ATTACK,0,0,0,0,0,0,0,0,6,1563,Jolteon, ,Electric,Electric,7307,Pikachu95,Pikachu,,00:18:21.66,00:18:34.16,256:07:00.31,19,0,0,18,34,16,THUNDERSHOCK,TAIL WHIP,GROWL,QUICK ATTACK,27,30,40,30,0,0,0,0,60,60,35,33,40,40,48,5487,5220,5396,4038,4038,5685,15,15,15,15,0,0,0,0,0,0,0,39,33,40,40,48,0,0,0,0,0,0,0,0,0,0,0,0,0,0,0,0,0,0,0,0,0,0,0,0,0,0,0,0,0,0,0,0,0,0,0,0,0,0,0,0,0,0,0,0,0,0,0,0,0,0,0,0,0,0,0,0,0,0,0,0,0,0,0,0,0,0,0,0,0,0,0,0,0,0,95,0,Jolteon
6-21,12:02:43,NINTEN,Pikachu,Youngster Ben,1,Route 3,2,18:44.11,18:44,0h18m44s,0,0,0,19,256:07,6.45,THUNDERSHOCK,TAIL WHIP,GROWL,QUICK ATTACK,0,0,0,0,0,0,0,0,6,1663,Jolteon, ,Electric,Electric,7585,Pikachu95,Pikachu,,00:18:37.66,00:18:44.11,256:07:39.05,19,0,0,18,44,11,THUNDERSHOCK,TAIL WHIP,GROWL,QUICK ATTACK,25,30,40,30,0,0,0,0,60,60,35,33,40,40,48,5552,5336,5475,4103,4103,5812,15,15,15,15,0,0,0,0,0,0,0,39,33,40,40,48,0,0,0,0,0,0,0,0,0,0,0,0,0,0,0,0,0,0,0,0,0,0,0,0,0,0,0,0,0,0,0,0,0,0,0,0,0,0,0,0,0,0,0,0,0,0,0,0,0,0,0,0,0,0,0,0,0,0,0,0,0,0,0,0,0,0,0,0,0,0,0,0,0,0,95,0,Jolteon
6-21,12:02:54,NINTEN,Pikachu,Lass,2,Route 3,2,18:54.42,18:54,0h18m54s,0,0,0,19,256:08,6.344,THUNDERSHOCK,TAIL WHIP,GROWL,QUICK ATTACK,0,0,0,0,0,0,0,0,6,1828,Jolteon, ,Electric,Electric,7833,Pikachu95,Pikachu,,00:18:48.08,00:18:54.42,256:08:19.06,19,0,0,18,54,42,THUNDERSHOCK,TAIL WHIP,GROWL,QUICK ATTACK,23,30,40,30,0,0,0,0,60,60,35,33,40,40,48,5628,5449,5550,4168,4168,5934,15,15,15,15,0,0,0,0,0,0,0,39,33,40,40,48,0,0,0,0,0,0,0,0,0,0,0,0,0,0,0,0,0,0,0,0,0,0,0,0,0,0,0,0,0,0,0,0,0,0,0,0,0,0,0,0,0,0,0,0,0,0,0,0,0,0,0,0,0,0,0,0,0,0,0,0,0,0,0,0,0,0,0,0,0,0,0,0,0,0,95,0,Jolteon
6-21,12:03:15,NINTEN,Pikachu,Bug Catcher,5,Route 3,4,19:15.53,19:15,0h19m15s,0,0,0,20,256:09,18.21,ThunderPunch,TAIL WHIP,GROWL,QUICK ATTACK,0,0,0,0,0,0,0,0,6,1978,Jolteon, ,Electric,Electric,8308,Pikachu95,Pikachu,,00:18:57.32,00:19:15.53,256:09:41.53,20,0,0,19,15,53,ThunderPunch,TAIL WHIP,GROWL,QUICK ATTACK,13,30,40,30,0,0,0,0,63,63,36,34,42,42,50,5808,5559,5720,4258,4258,6094,15,15,15,15,0,0,0,0,0,0,0,40,34,42,42,50,0,0,0,0,0,0,0,0,0,0,0,0,0,0,0,0,0,0,0,0,0,0,0,0,0,0,0,0,0,0,0,0,0,0,0,0,0,0,0,0,0,0,0,0,0,0,0,0,0,0,0,0,0,0,0,0,0,0,0,0,0,0,0,0,0,0,0,0,0,0,0,0,0,0,95,0,Jolteon
6-21,12:03:33,NINTEN,Pikachu,Bug Catcher,6,Route 3,3,19:33.22,19:33,0h19m33s,0,0,0,20,256:10,12.493,ThunderPunch,TAIL WHIP,GROWL,QUICK ATTACK,0,0,0,0,0,0,0,0,6,2068,Jolteon, ,Electric,Electric,8719,Pikachu95,Pikachu,,00:19:20.73,00:19:33.22,256:10:51.08,20,0,0,19,33,22,ThunderPunch,TAIL WHIP,GROWL,QUICK ATTACK,11,30,40,28,0,0,0,0,60,63,36,34,42,42,50,5943,5669,5885,4363,4363,6179,15,15,15,15,0,0,0,0,0,0,0,40,34,42,42,50,0,0,0,0,0,0,0,0,0,0,0,0,0,0,0,0,0,0,0,0,0,0,0,0,0,0,0,0,0,0,0,0,0,0,0,0,0,0,0,0,0,0,0,0,0,0,0,0,0,0,0,0,0,0,0,0,0,0,0,0,0,0,0,0,0,0,0,0,0,0,0,0,0,0,95,0,Jolteon
6-21,12:04:09,NINTEN,Pikachu,Bug Catcher,7,Mt Moon - 1,2,20:09.39,20:09,0h20m9s,0,0,0,20,256:13,7.091,ThunderPunch,TAIL WHIP,GROWL,QUICK ATTACK,0,0,0,0,0,0,0,0,7,2158,Jolteon, ,Electric,Electric,9170,Pikachu95,Pikachu,,00:20:02.30,00:20:09.39,256:13:13.43,20,0,0,20,9,39,ThunderPunch,TAIL WHIP,GROWL,QUICK ATTACK,13,30,40,30,0,0,0,0,63,63,36,34,42,42,50,6048,5784,5955,4428,4428,6304,15,15,15,15,0,0,0,0,0,0,0,40,34,42,42,50,0,0,0,0,0,0,0,0,0,0,0,0,0,0,0,0,0,0,0,0,0,0,0,0,0,0,0,0,0,0,0,0,0,0,0,0,0,0,0,0,0,0,0,0,0,0,0,0,0,0,0,0,0,0,0,0,0,0,0,0,0,0,0,0,0,0,0,0,0,0,0,0,0,0,95,0,Jolteon
6-21,12:04:20,NINTEN,Pikachu,Lass,6,Mt Moon - 1,1,20:20.91,20:20,0h20m20s,0,0,0,21,256:13,5.056,ThunderPunch,TAIL WHIP,GROWL,QUICK ATTACK,0,0,0,0,0,0,0,0,7,2258,Jolteon, ,Electric,Electric,9374,Pikachu95,Pikachu,,00:20:15.85,00:20:20.91,256:13:58.36,21,0,0,20,20,91,ThunderPunch,TAIL WHIP,GROWL,QUICK ATTACK,12,30,40,30,0,0,0,0,66,66,38,36,44,44,53,6118,5829,6003,4488,4488,6339,15,15,15,15,0,0,0,0,0,0,0,42,36,44,44,53,0,0,0,0,0,0,0,0,0,0,0,0,0,0,0,0,0,0,0,0,0,0,0,0,0,0,0,0,0,0,0,0,0,0,0,0,0,0,0,0,0,0,0,0,0,0,0,0,0,0,0,0,0,0,0,0,0,0,0,0,0,0,0,0,0,0,0,0,0,0,0,0,0,0,95,0,Jolteon
6-21,12:04:49,NINTEN,Pikachu,Super Nerd,1,Mt Moon - 1,2,20:49.67,20:49,0h20m49s,0,0,0,21,256:15,12.179,ThunderPunch,TAIL WHIP,GROWL,QUICK ATTACK,0,0,0,0,0,0,0,0,7,2468,Jolteon, ,Electric,Electric,9823,Pikachu95,Pikachu,,00:20:37.49,00:20:49.67,256:15:50.22,21,0,0,20,49,67,ThunderPunch,TAIL WHIP,GROWL,QUICK ATTACK,12,30,40,26,0,0,0,0,64,66,38,36,44,44,53,6183,5894,6123,4638,4638,6484,15,15,15,15,0,-2,0,0,0,0,0,47,18,44,44,53,0,0,0,0,0,0,0,0,0,0,0,0,0,0,0,0,0,0,0,0,0,0,0,0,0,0,0,0,0,0,0,0,0,0,0,0,0,0,0,0,0,0,0,0,0,0,0,0,0,0,0,0,0,0,0,0,0,0,0,0,0,0,0,0,0,0,0,0,0,0,0,0,0,0,95,0,Jolteon
6-21,12:05:05,NINTEN,Pikachu,Bug Catcher,8,Mt Moon - 1,2,21:05.80,21:05,0h21m5s,0,0,0,21,256:16,7.009,ThunderPunch,TAIL WHIP,GROWL,QUICK ATTACK,0,0,0,0,0,0,0,0,8,2743,Jolteon, ,Electric,Electric,10338,Pikachu95,Pikachu,,00:20:58.79,00:21:05.80,256:16:52.40,21,0,0,21,5,80,ThunderPunch,TAIL WHIP,GROWL,QUICK ATTACK,9,30,40,26,0,0,0,0,64,66,38,36,44,44,53,6328,6014,6243,4778,4778,6654,15,15,15,15,0,0,0,0,0,0,0,42,36,44,44,53,0,0,0,0,0,0,0,0,0,0,0,0,0,0,0,0,0,0,0,0,0,0,0,0,0,0,0,0,0,0,0,0,0,0,0,0,0,0,0,0,0,0,0,0,0,0,0,0,0,0,0,0,0,0,0,0,0,0,0,0,0,0,0,0,0,0,0,0,0,0,0,0,0,0,95,0,Jolteon
6-21,12:05:45,NINTEN,Pikachu,Youngster,3,Mt Moon - 1,3,21:45.52,21:45,0h21m45s,0,0,0,22,256:19,17.668,ThunderPunch,TAIL WHIP,GROWL,QUICK ATTACK,0,0,0,0,0,0,0,0,8,2843,Jolteon, ,Electric,Electric,10772,Pikachu95,Pikachu,,00:21:27.86,00:21:45.52,256:19:25.11,22,0,0,21,45,52,ThunderPunch,TAIL WHIP,GROWL,QUICK ATTACK,7,30,40,22,0,0,0,0,54,69,39,38,46,46,55,6448,6190,6398,4873,4873,6821,15,15,15,15,0,0,0,0,0,-1,0,43,38,46,46,55,0,0,0,0,0,0,0,0,0,0,0,0,0,0,0,0,0,0,0,0,0,0,0,0,0,0,0,0,0,0,0,0,0,0,0,0,0,0,0,0,0,0,0,0,0,0,0,0,0,0,0,0,0,0,0,0,0,0,0,0,0,0,0,0,0,0,0,0,0,0,0,0,0,0,95,0,Jolteon
6-21,12:06:21,NINTEN,Pikachu,Fossil Nerd,2,Mt Moon - 3,3,22:22.16,22:22,0h22m22s,0,0,0,22,256:21,15.077,ThunderPunch,TAIL WHIP,GROWL,QUICK ATTACK,0,0,0,0,0,0,0,0,8,2993,Jolteon, ,Electric,Electric,11495,Pikachu95,Pikachu,,00:22:07.09,00:22:22.16,256:21:47.10,22,0,0,22,22,16,ThunderPunch,TAIL WHIP,GROWL,QUICK ATTACK,6,30,40,18,0,0,0,0,52,69,39,38,46,46,55,6593,6335,6568,5063,5063,6991,15,15,15,15,0,-2,0,0,0,0,0,48,19,46,46,55,0,0,0,0,0,0,0,0,0,0,0,0,0,0,0,0,0,0,0,0,0,0,0,0,0,0,0,0,0,0,0,0,0,0,0,0,0,0,0,0,0,0,0,0,0,0,0,0,0,0,0,0,0,0,0,0,0,0,0,0,0,0,0,0,0,0,0,0,0,0,0,0,0,0,95,0,Jolteon
6-21,12:07:49,NINTEN,Pikachu,Rocket,42,Mt Moon - 3,3,23:49.66,23:49,0h23m49s,0,0,0,23,256:27,11.701,ThunderPunch,TAIL WHIP,MEGA PUNCH,QUICK ATTACK,0,0,0,0,0,0,0,0,9,3293,Jolteon,Poisoned,Electric,Electric,12294,Pikachu95,Pikachu,,00:23:37.96,00:23:49.66,256:27:24.17,23,0,0,23,49,66,ThunderPunch,TAIL WHIP,MEGA PUNCH,QUICK ATTACK,2,30,20,18,0,0,0,0,48,72,41,39,48,48,58,6708,6505,6742,5203,5203,7171,15,15,15,15,0,0,0,0,0,0,0,46,39,48,48,58,0,0,0,0,0,0,0,0,0,0,0,0,0,0,0,0,0,0,0,0,0,0,0,0,0,0,0,0,0,0,0,0,0,0,0,0,0,0,0,0,0,0,0,0,0,0,0,0,0,0,0,0,0,0,0,0,0,0,0,0,0,0,0,0,0,0,0,0,0,0,0,0,0,0,95,0,Jolteon
6-21,12:08:18,NINTEN,Pikachu,Fisher,1,Cerulean City - Gym,2,24:18.91,24:18,0h24m18s,0,0,0,23,256:29,6.787,ThunderPunch,TAIL WHIP,MEGA PUNCH,QUICK ATTACK,0,0,0,0,0,0,0,0,9,3743,Jolteon, ,Electric,Electric,12908,Pikachu95,Pikachu,,00:24:12.12,00:24:18.91,256:29:18.42,23,0,0,24,18,91,ThunderPunch,TAIL WHIP,MEGA PUNCH,QUICK ATTACK,13,30,20,30,0,0,0,0,72,72,41,39,48,48,58,6768,6610,6912,5318,5318,7271,15,15,15,15,0,0,0,0,0,0,0,46,39,48,48,58,0,0,0,0,0,0,0,0,0,0,0,0,0,0,0,0,0,0,0,0,0,0,0,0,0,0,0,0,0,0,0,0,0,0,0,0,0,0,0,0,0,0,0,0,0,0,0,0,0,0,0,0,0,0,0,0,0,0,0,0,0,0,0,0,0,0,0,0,0,0,0,0,0,0,95,0,Jolteon
6-21,12:08:29,NINTEN,Pikachu,Pecking Lass,1,Cerulean City - Gym,1,24:30.03,24:30,0h24m30s,0,0,0,23,256:30,7.258,ThunderPunch,TAIL WHIP,MEGA PUNCH,QUICK ATTACK,0,0,0,0,0,0,0,0,9,3823,Jolteon, ,Electric,Electric,13314,Pikachu95,Pikachu,,00:24:22.77,00:24:30.03,256:30:02.04,23,0,0,24,30,3,ThunderPunch,TAIL WHIP,MEGA PUNCH,QUICK ATTACK,12,30,20,30,0,0,0,0,72,72,41,39,48,48,58,6833,6655,6967,5388,5388,7316,15,15,15,15,0,0,0,0,0,0,0,46,39,48,48,58,0,0,0,0,0,0,0,0,0,0,0,0,0,0,0,0,0,0,0,0,0,0,0,0,0,0,0,0,0,0,0,0,0,0,0,0,0,0,0,0,0,0,0,0,0,0,0,0,0,0,0,0,0,0,0,0,0,0,0,0,0,0,0,0,0,0,0,0,0,0,0,0,0,0,95,0,Jolteon
6-21,12:09:11,NINTEN,Pikachu,Misty,1,Cerulean City - Gym,3,25:11.30,25:11,0h25m11s,0,0,0,24,256:32,35.079,ThunderPunch,HEADBUTT,MEGA PUNCH,QUICK ATTACK,0,0,0,0,0,0,0,0,9,4203,Jolteon, ,Electric,Electric,14997,Pikachu95,Pikachu,Misty,00:24:36.22,00:25:11.30,256:32:45.13,24,0,0,25,11,30,ThunderPunch,HEADBUTT,MEGA PUNCH,QUICK ATTACK,8,15,20,30,0,0,0,0,54,75,43,41,50,50,60,6988,6849,7160,5588,5588,7549,15,15,15,15,0,0,0,0,0,0,0,48,41,50,50,60,0,0,0,0,0,0,0,0,0,0,0,0,0,0,0,0,0,0,0,0,0,0,0,0,0,0,0,0,0,0,0,0,0,0,0,0,0,0,0,0,0,0,0,0,0,0,0,0,0,0,0,0,0,0,0,0,0,0,0,0,0,0,0,0,0,0,0,0,0,0,0,0,0,0,95,0,Jolteon
6-21,12:10:01,NINTEN,Pikachu,Blackbelt,3,Cerulean City,4,26:02.06,26:02,0h26m2s,0,0,0,25,256:36,25.043,ThunderPunch,QUICK ATTACK,MEGA PUNCH,HEADBUTT,0,0,0,0,0,0,0,0,10,6282,Jolteon, ,Electric,Electric,16046,Pikachu95,Pikachu,,00:25:37.01,00:26:02.06,256:36:05.12,25,0,0,26,2,6,ThunderPunch,QUICK ATTACK,MEGA PUNCH,HEADBUTT,13,30,20,11,0,0,0,0,59,77,45,42,52,52,63,7178,7105,7325,5784,5784,7786,15,15,15,15,0,0,0,0,0,0,0,50,42,52,52,63,0,0,0,0,0,0,0,0,0,0,0,0,0,0,0,0,0,0,0,0,0,0,0,0,0,0,0,0,0,0,0,0,0,0,0,0,0,0,0,0,0,0,0,0,0,0,0,0,0,0,0,0,0,0,0,0,0,0,0,0,0,0,0,0,0,0,0,0,0,0,0,0,0,0,95,0,Jolteon
6-21,12:10:17,NINTEN,Pikachu,Bug Catcher,9,Route 24,2,26:17.77,26:17,0h26m17s,0,0,0,25,256:37,8.066,ThunderPunch,QUICK ATTACK,MEGA PUNCH,HEADBUTT,0,0,0,0,0,0,0,0,10,6947,Jolteon, ,Electric,Electric,16933,Pikachu95,Pikachu,,00:26:09.70,00:26:17.77,256:37:06.42,25,0,0,26,17,77,ThunderPunch,QUICK ATTACK,MEGA PUNCH,HEADBUTT,11,30,20,11,0,0,0,0,59,77,45,42,52,52,63,7303,7230,7415,5909,5909,7931,15,15,15,15,0,0,0,0,0,0,0,50,42,52,52,63,0,0,0,0,0,0,0,0,0,0,0,0,0,0,0,0,0,0,0,0,0,0,0,0,0,0,0,0,0,0,0,0,0,0,0,0,0,0,0,0,0,0,0,0,0,0,0,0,0,0,0,0,0,0,0,0,0,0,0,0,0,0,0,0,0,0,0,0,0,0,0,0,0,0,95,0,Jolteon
6-21,12:10:30,NINTEN,Pikachu,Lass,8,Route 24,2,26:30.24,26:30,0h26m30s,0,0,0,25,256:37,9.74,ThunderPunch,QUICK ATTACK,MEGA PUNCH,HEADBUTT,0,0,0,0,0,0,0,0,10,7077,Jolteon, ,Electric,Electric,17426,Pikachu95,Pikachu,,00:26:20.51,00:26:30.24,256:37:55.19,25,0,0,26,30,24,ThunderPunch,QUICK ATTACK,MEGA PUNCH,HEADBUTT,10,30,20,10,0,0,0,0,59,77,45,42,52,52,63,7468,7325,7490,6009,6009,7981,15,15,15,15,0,0,0,0,0,0,0,50,42,52,52,63,0,0,0,0,0,0,0,0,0,0,0,0,0,0,0,0,0,0,0,0,0,0,0,0,0,0,0,0,0,0,0,0,0,0,0,0,0,0,0,0,0,0,0,0,0,0,0,0,0,0,0,0,0,0,0,0,0,0,0,0,0,0,0,0,0,0,0,0,0,0,0,0,0,0,95,0,Jolteon
6-21,12:10:47,NINTEN,Pikachu,Youngster,4,Route 24,3,26:47.68,26:47,0h26m47s,0,0,0,26,256:39,14.056,ThunderPunch,QUICK ATTACK,MEGA PUNCH,HEADBUTT,0,0,0,0,0,0,0,0,10,7302,Jolteon, ,Electric,Electric,17945,Pikachu95,Pikachu,,00:26:33.62,00:26:47.68,256:39:03.34,26,0,0,26,47,68,ThunderPunch,QUICK ATTACK,MEGA PUNCH,HEADBUTT,7,30,20,10,0,0,0,0,62,80,46,44,54,54,65,7573,7486,7604,6114,6114,8163,15,15,15,15,0,0,0,0,0,0,0,51,44,54,54,65,0,0,0,0,0,0,0,0,0,0,0,0,0,0,0,0,0,0,0,0,0,0,0,0,0,0,0,0,0,0,0,0,0,0,0,0,0,0,0,0,0,0,0,0,0,0,0,0,0,0,0,0,0,0,0,0,0,0,0,0,0,0,0,0,0,0,0,0,0,0,0,0,0,0,95,0,Jolteon
6-21,12:10:59,NINTEN,Pikachu,Lass,7,Route 24,2,26:59.59,26:59,0h26m59s,0,0,0,26,256:39,8.109,ThunderPunch,QUICK ATTACK,MEGA PUNCH,HEADBUTT,0,0,0,0,0,0,0,0,10,7512,Jolteon, ,Electric,Electric,18333,Pikachu95,Pikachu,,00:26:51.48,00:26:59.59,256:39:49.57,26,0,0,26,59,59,ThunderPunch,QUICK ATTACK,MEGA PUNCH,HEADBUTT,5,30,20,10,0,0,0,0,62,80,46,44,54,54,65,7668,7578,7696,6189,6189,8260,15,15,15,15,0,0,0,0,0,0,0,51,44,54,54,65,0,0,0,0,0,0,0,0,0,0,0,0,0,0,0,0,0,0,0,0,0,0,0,0,0,0,0,0,0,0,0,0,0,0,0,0,0,0,0,0,0,0,0,0,0,0,0,0,0,0,0,0,0,0,0,0,0,0,0,0,0,0,0,0,0,0,0,0,0,0,0,0,0,0,95,0,Jolteon
6-21,12:11:08,NINTEN,Pikachu,Jr Trainer M,3,Route 24,1,27:08.75,27:08,0h27m8s,0,0,0,26,256:40,5.853,ThunderPunch,QUICK ATTACK,MEGA PUNCH,HEADBUTT,0,0,0,0,0,0,0,0,10,7752,Jolteon, ,Electric,Electric,18618,Pikachu95,Pikachu,,00:27:02.90,00:27:08.75,256:40:25.28,26,0,0,27,8,75,ThunderPunch,QUICK ATTACK,MEGA PUNCH,HEADBUTT,4,30,20,10,0,0,0,0,62,80,46,44,54,54,65,7708,7658,7731,6224,6224,8330,15,15,15,15,0,0,0,0,0,0,0,51,44,54,54,65,0,0,0,0,0,0,0,0,0,0,0,0,0,0,0,0,0,0,0,0,0,0,0,0,0,0,0,0,0,0,0,0,0,0,0,0,0,0,0,0,0,0,0,0,0,0,0,0,0,0,0,0,0,0,0,0,0,0,0,0,0,0,0,0,0,0,0,0,0,0,0,0,0,0,95,0,Jolteon
6-21,12:11:25,NINTEN,Pikachu,Rocket,6,Route 24,2,27:25.33,27:25,0h27m25s,0,0,0,26,256:41,10.124,ThunderPunch,QUICK ATTACK,MEGA PUNCH,HEADBUTT,0,0,0,0,0,0,0,0,11,8112,Jolteon, ,Electric,Electric,18988,Pikachu95,Pikachu,,00:27:15.20,00:27:25.33,256:41:30.25,26,0,0,27,25,33,ThunderPunch,QUICK ATTACK,MEGA PUNCH,HEADBUTT,2,30,20,10,0,0,0,0,62,80,46,44,54,54,65,7783,7763,7810,6304,6304,8440,15,15,15,15,0,0,0,0,0,0,0,51,44,54,54,65,0,0,0,0,0,0,0,0,0,0,0,0,0,0,0,0,0,0,0,0,0,0,0,0,0,0,0,0,0,0,0,0,0,0,0,0,0,0,0,0,0,0,0,0,0,0,0,0,0,0,0,0,0,0,0,0,0,0,0,0,0,0,0,0,0,0,0,0,0,0,0,0,0,0,95,0,Jolteon
6-21,12:12:12,NINTEN,Pikachu,Hiker,2,Route 25,2,28:13.01,28:13,0h28m13s,0,0,0,26,256:44,20.1,ThunderPunch,QUICK ATTACK,MEGA PUNCH,HEADBUTT,0,0,0,0,0,0,0,0,12,8562,Jolteon, ,Electric,Electric,19583,Pikachu95,Pikachu,,00:27:52.91,00:28:13.01,256:44:38.51,26,0,0,28,13,1,ThunderPunch,QUICK ATTACK,MEGA PUNCH,HEADBUTT,14,30,20,8,0,0,0,0,65,80,46,44,54,54,65,7893,7923,7960,6369,6369,8495,15,15,15,15,0,0,0,0,0,0,0,51,44,54,54,65,0,0,0,0,0,0,0,0,0,0,0,0,0,0,0,0,0,0,0,0,0,0,0,0,0,0,0,0,0,0,0,0,0,0,0,0,0,0,0,0,0,0,0,0,0,0,0,0,0,0,0,0,0,0,0,0,0,0,0,0,0,0,0,0,0,0,0,0,0,0,0,0,0,0,95,0,Jolteon
6-21,12:12:30,NINTEN,Pikachu,Lass,9,Route 25,1,28:31.11,28:31,0h28m31s,0,0,0,27,256:45,9.562,ThunderPunch,QUICK ATTACK,MEGA PUNCH,HEADBUTT,0,0,0,0,0,0,0,0,13,9122,Jolteon, ,Electric,Electric,19956,Pikachu95,Pikachu,,00:28:21.54,00:28:31.11,256:45:49.54,27,0,0,28,31,11,ThunderPunch,QUICK ATTACK,MEGA PUNCH,HEADBUTT,12,30,20,8,0,0,0,0,60,83,48,46,56,56,67,8033,7993,8015,6454,6454,8540,15,15,15,15,0,0,0,0,0,0,0,54,46,56,56,67,0,0,0,0,0,0,0,0,0,0,0,0,0,0,0,0,0,0,0,0,0,0,0,0,0,0,0,0,0,0,0,0,0,0,0,0,0,0,0,0,0,0,0,0,0,0,0,0,0,0,0,0,0,0,0,0,0,0,0,0,0,0,0,0,0,0,0,0,0,0,0,0,0,0,95,0,Jolteon
6-21,12:12:53,NINTEN,Pikachu,Jr Trainer M,2,Route 25,2,28:53.65,28:53,0h28m53s,0,0,0,27,256:47,9.568,ThunderPunch,QUICK ATTACK,MEGA PUNCH,HEADBUTT,0,0,0,0,0,0,0,0,13,9362,Jolteon, ,Electric,Electric,20471,Pikachu95,Pikachu,,00:28:44.09,00:28:53.65,256:47:18.37,27,0,0,28,53,65,ThunderPunch,QUICK ATTACK,MEGA PUNCH,HEADBUTT,11,30,20,7,0,0,0,0,60,83,48,46,56,56,67,8093,8115,8088,6549,6549,8690,15,15,15,15,0,0,0,0,0,0,0,54,46,56,56,67,0,0,0,0,0,0,0,0,0,0,0,0,0,0,0,0,0,0,0,0,0,0,0,0,0,0,0,0,0,0,0,0,0,0,0,0,0,0,0,0,0,0,0,0,0,0,0,0,0,0,0,0,0,0,0,0,0,0,0,0,0,0,0,0,0,0,0,0,0,0,0,0,0,0,95,0,Jolteon
6-21,12:13:15,NINTEN,Pikachu,Oddish Lass,10,Route 25,3,29:15.66,29:15,0h29m15s,0,0,0,27,256:48,16.149,ThunderPunch,QUICK ATTACK,MEGA PUNCH,HEADBUTT,0,0,0,0,0,0,0,0,13,9662,Jolteon, ,Electric,Electric,21192,Pikachu95,Pikachu,Oddish Lass,00:28:59.52,00:29:15.66,256:48:45.06,27,0,0,29,15,66,ThunderPunch,QUICK ATTACK,MEGA PUNCH,HEADBUTT,10,30,20,3,0,0,0,0,55,83,48,46,56,56,67,8233,8260,8238,6734,6734,8806,15,15,15,15,0,0,0,0,0,0,0,54,46,56,56,67,0,0,0,0,0,0,0,0,0,0,0,0,0,0,0,0,0,0,0,0,0,0,0,0,0,0,0,0,0,0,0,0,0,0,0,0,0,0,0,0,0,0,0,0,0,0,0,0,0,0,0,0,0,0,0,0,0,0,0,0,0,0,0,0,0,0,0,0,0,0,0,0,0,0,95,0,Jolteon
6-21,12:14:22,NINTEN,Pikachu,Cerulean Rocket,5,Cerulean City,2,30:22.17,30:22,0h30m22s,0,0,0,27,256:53,8.549,ThunderPunch,QUICK ATTACK,MEGA PUNCH,HEADBUTT,0,0,0,0,0,0,0,0,15,9902,Jolteon, ,Electric,Electric,21881,Pikachu95,Pikachu,Rocket,00:30:13.62,00:30:22.17,256:53:01.42,27,0,0,30,22,17,ThunderPunch,QUICK ATTACK,MEGA PUNCH,HEADBUTT,14,30,20,14,0,0,0,0,83,83,48,46,56,56,67,8363,8388,8333,6859,6859,8883,15,15,15,15,0,0,0,0,0,0,0,54,46,56,56,67,0,0,0,0,0,0,0,0,0,0,0,0,0,0,0,0,0,0,0,0,0,0,0,0,0,0,0,0,0,0,0,0,0,0,0,0,0,0,0,0,0,0,0,0,0,0,0,0,0,0,0,0,0,0,0,0,0,0,0,0,0,0,0,0,0,0,0,0,0,0,0,0,0,0,95,0,Jolteon
6-21,12:14:51,NINTEN,Pikachu,Sandy,3,Route 6,3,30:51.94,30:51,0h30m51s,0,0,0,28,256:54,11.424,ThunderPunch,QUICK ATTACK,MEGA PUNCH,HEADBUTT,0,0,0,0,0,0,0,0,17,10412,Jolteon, ,Electric,Electric,22453,Pikachu95,Pikachu,,00:30:40.51,00:30:51.94,256:54:58.36,28,0,0,30,51,94,ThunderPunch,QUICK ATTACK,MEGA PUNCH,HEADBUTT,11,30,20,14,0,0,0,0,86,86,50,47,58,58,70,8483,8538,8443,6960,6960,9065,15,15,15,15,0,0,0,0,0,0,0,56,47,58,58,70,0,0,0,0,0,0,0,0,0,0,0,0,0,0,0,0,0,0,0,0,0,0,0,0,0,0,0,0,0,0,0,0,0,0,0,0,0,0,0,0,0,0,0,0,0,0,0,0,0,0,0,0,0,0,0,0,0,0,0,0,0,0,0,0,0,0,0,0,0,0,0,0,0,0,95,0,Jolteon
6-21,12:15:06,NINTEN,Pikachu,Jr Trainer M,5,Route 6,2,31:06.25,31:06,0h31m6s,0,0,0,28,256:55,10.363,ThunderPunch,QUICK ATTACK,MEGA PUNCH,HEADBUTT,0,0,0,0,0,0,0,0,17,10732,Jolteon, ,Electric,Electric,23142,Pikachu95,Pikachu,,00:30:55.89,00:31:06.25,256:55:54.33,28,0,0,31,6,25,ThunderPunch,QUICK ATTACK,MEGA PUNCH,HEADBUTT,9,30,20,14,0,0,0,0,86,86,50,47,58,58,70,8578,8699,8538,7045,7045,9232,15,15,15,15,0,0,0,0,0,0,0,56,47,58,58,70,0,0,0,0,0,0,0,0,0,0,0,0,0,0,0,0,0,0,0,0,0,0,0,0,0,0,0,0,0,0,0,0,0,0,0,0,0,0,0,0,0,0,0,0,0,0,0,0,0,0,0,0,0,0,0,0,0,0,0,0,0,0,0,0,0,0,0,0,0,0,0,0,0,0,95,0,Jolteon
6-21,12:16:02,NINTEN,Pikachu,Gentleman,2,SS Anne,2,32:02.66,32:02,0h32m2s,0,0,0,28,256:59,7.724,ThunderPunch,QUICK ATTACK,MEGA PUNCH,HEADBUTT,0,0,0,0,0,0,0,0,20,8622,Jolteon, ,Electric,Electric,23625,Pikachu95,Pikachu,,00:31:54.94,00:32:02.66,256:59:37.19,28,0,0,32,2,66,ThunderPunch,QUICK ATTACK,MEGA PUNCH,HEADBUTT,7,30,20,14,0,0,0,0,86,86,50,47,58,58,70,8679,8803,8630,7125,7125,9323,15,15,15,15,0,0,0,0,0,0,0,56,47,58,58,70,0,0,0,0,0,0,0,0,0,0,0,0,0,0,0,0,0,0,0,0,0,0,0,0,0,0,0,0,0,0,0,0,0,0,0,0,0,0,0,0,0,0,0,0,0,0,0,0,0,0,0,0,0,0,0,0,0,0,0,0,0,0,0,0,0,0,0,0,0,0,0,0,0,0,95,0,Jolteon
6-21,12:16:35,NINTEN,Pikachu,Sailor,5,SS Anne,2,32:35.29,32:35,0h32m35s,0,0,0,29,512:01,10.488,ThunderPunch,QUICK ATTACK,MEGA PUNCH,HEADBUTT,0,0,0,0,0,0,0,0,21,9952,Jolteon, ,Electric,Electric,24523,Pikachu95,Pikachu,,00:32:24.80,00:32:35.29,512:01:44.25,29,0,0,32,35,29,ThunderPunch,QUICK ATTACK,MEGA PUNCH,HEADBUTT,5,30,20,14,0,0,0,0,89,89,52,49,60,60,72,8739,8953,8775,7220,7220,9458,15,15,15,15,0,0,0,0,0,0,0,58,49,60,60,72,0,0,0,0,0,0,0,0,0,0,0,0,0,0,0,0,0,0,0,0,0,0,0,0,0,0,0,0,0,0,0,0,0,0,0,0,0,0,0,0,0,0,0,0,0,0,0,0,0,0,0,0,0,0,0,0,0,0,0,0,0,0,0,0,0,0,0,0,0,0,0,0,0,0,95,0,Jolteon
6-21,12:16:52,NINTEN,Pikachu,Youngster,8,SS Anne,1,32:52.47,32:52,0h32m52s,0,0,0,29,512:02,8.029,ThunderPunch,QUICK ATTACK,MEGA PUNCH,HEADBUTT,0,0,0,0,0,0,0,0,22,10522,Jolteon, ,Electric,Electric,25054,Pikachu95,Pikachu,,00:32:44.44,00:32:52.47,512:02:51.35,29,0,0,32,52,47,ThunderPunch,QUICK ATTACK,MEGA PUNCH,HEADBUTT,4,30,20,13,0,0,0,0,80,89,52,49,60,60,72,8800,9025,8832,7275,7275,9523,15,15,15,15,0,0,0,0,0,0,0,58,49,60,60,72,0,0,0,0,0,0,0,0,0,0,0,0,0,0,0,0,0,0,0,0,0,0,0,0,0,0,0,0,0,0,0,0,0,0,0,0,0,0,0,0,0,0,0,0,0,0,0,0,0,0,0,0,0,0,0,0,0,0,0,0,0,0,0,0,0,0,0,0,0,0,0,0,0,0,95,0,Jolteon
6-21,12:17:24,NINTEN,Pikachu,Gentleman,5,SS Anne,2,33:24.50,33:24,0h33m24s,0,0,0,29,512:04,12.763,ThunderPunch,QUICK ATTACK,HEADBUTT,BODY SLAM,0,0,0,0,0,0,0,0,22,10837,Jolteon, ,Electric,Electric,25990,Pikachu95,Pikachu,,00:33:11.74,00:33:24.50,512:04:57.25,29,0,0,33,24,50,ThunderPunch,QUICK ATTACK,HEADBUTT,BODY SLAM,3,30,13,14,0,0,0,0,80,89,52,49,60,60,72,8905,9180,8932,7390,7390,9683,15,15,15,15,0,0,0,0,0,0,0,58,49,60,60,72,0,0,0,0,0,0,0,0,0,0,0,0,0,0,0,0,0,0,0,0,0,0,0,0,0,0,0,0,0,0,0,0,0,0,0,0,0,0,0,0,0,0,0,0,0,0,0,0,0,0,0,0,0,0,0,0,0,0,0,0,0,0,0,0,0,0,0,0,0,0,0,0,0,0,95,0,Jolteon
6-21,12:18:19,NINTEN,Pikachu,Rival3-SS Anne,1,SS Anne,4,34:20.16,34:20,0h34m20s,0,0,0,30,512:08,36.594,ThunderPunch,QUICK ATTACK,THUNDERBOLT,BODY SLAM,0,0,0,0,0,0,0,0,22,12097,Jolteon, ,Electric,Electric,28087,Pikachu95,Pikachu,Rival (SS Anne),00:33:43.56,00:34:20.16,512:08:37.16,30,0,0,34,20,16,ThunderPunch,QUICK ATTACK,THUNDERBOLT,BODY SLAM,12,30,14,10,0,0,0,0,31,91,54,51,62,62,75,9145,9491,9192,7625,7625,9930,15,15,15,15,0,0,0,0,0,0,0,60,51,62,62,75,0,0,0,0,0,0,0,0,0,0,0,0,0,0,0,0,0,0,0,0,0,0,0,0,0,0,0,0,0,0,0,0,0,0,0,0,0,0,0,0,0,0,0,0,0,0,0,0,0,0,0,0,0,0,0,0,0,0,0,0,0,0,0,0,0,0,0,0,0,0,0,0,0,0,95,0,Jolteon
6-21,12:19:36,NINTEN,Pikachu,Surge,1,Vermilion City - Gym,1,35:36.42,35:36,0h35m36s,0,0,0,30,512:13,12.575,ThunderPunch,QUICK ATTACK,THUNDERBOLT,BODY SLAM,0,0,0,0,0,0,0,0,22,13657,Jolteon,Paralyzed,Electric,Electric,28844,Pikachu95,Pikachu,Lt. Surge,00:35:23.84,00:35:36.42,512:13:38.22,30,0,0,35,36,42,ThunderPunch,QUICK ATTACK,THUNDERBOLT,BODY SLAM,12,29,14,8,0,0,0,0,65,91,54,51,62,62,75,9205,9581,9247,7715,7715,10030,15,15,15,15,0,0,0,0,0,0,0,60,51,62,62,18,0,0,0,0,0,0,0,0,0,0,0,0,0,0,0,0,0,0,0,0,0,0,0,0,0,0,0,0,0,0,0,0,0,0,0,0,0,0,0,0,0,0,0,0,0,0,0,0,0,0,0,0,0,0,0,0,0,0,0,0,0,0,0,0,0,0,0,0,0,0,0,0,0,0,95,0,Jolteon
6-21,12:21:40,NINTEN,Pikachu,Wrapping Lass,5,Route 9,4,37:41.02,37:41,0h37m41s,1,0,1,31,512:19,26.507,ThunderPunch,QUICK ATTACK,THUNDERBOLT,BODY SLAM,0,0,0,0,0,0,0,0,24,16528,Jolteon,Poisoned,Electric,Electric,30828,Pikachu95,Pikachu,RTG1 - Wrapping Lass,00:37:14.51,00:37:41.02,512:19:00.52,31,1,0,37,41,2,ThunderPunch,QUICK ATTACK,THUNDERBOLT,BODY SLAM,15,29,14,10,0,0,0,0,41,94,55,52,64,64,77,9433,9821,9507,8010,8010,10231,15,15,15,15,0,0,0,0,0,0,0,61,58,64,64,77,0,0,0,0,0,0,0,0,0,0,0,0,0,0,0,0,0,0,0,0,0,0,0,0,0,0,0,0,0,0,0,0,0,0,0,0,0,0,0,0,0,0,0,0,0,0,0,0,0,0,0,0,0,0,0,0,0,0,0,0,0,0,0,0,0,0,0,0,0,0,0,0,0,0,95,1,Jolteon
6-21,12:22:05,NINTEN,Pikachu,Bug Catcher,14,Route 9,3,38:05.90,38:05,0h38m5s,1,0,1,32,512:20,10.702,ThunderPunch,QUICK ATTACK,THUNDERBOLT,BODY SLAM,0,0,0,0,0,0,0,0,24,16948,Jolteon, ,Electric,Electric,33104,Pikachu95,Pikachu,,00:37:55.20,00:38:05.90,512:20:37.56,32,1,0,38,5,90,ThunderPunch,QUICK ATTACK,THUNDERBOLT,BODY SLAM,12,29,14,10,0,0,0,0,97,97,57,54,66,66,80,9628,10056,9677,8190,8190,10481,15,15,15,15,0,0,0,0,0,0,0,64,60,66,66,80,0,0,0,0,0,0,0,0,0,0,0,0,0,0,0,0,0,0,0,0,0,0,0,0,0,0,0,0,0,0,0,0,0,0,0,0,0,0,0,0,0,0,0,0,0,0,0,0,0,0,0,0,0,0,0,0,0,0,0,0,0,0,0,0,0,0,0,0,0,0,0,0,0,0,95,1,Jolteon
6-21,12:23:14,NINTEN,Pikachu,Slowbone,7,Rock Tunnel - 1,2,39:14.94,39:14,0h39m14s,1,0,1,32,512:25,15.851,ThunderPunch,CUT,THUNDERBOLT,BODY SLAM,0,0,0,0,0,0,0,0,24,17158,Jolteon, ,Electric,Electric,34098,Pikachu95,Pikachu,,00:38:59.09,00:39:14.94,512:25:10.07,32,1,0,39,14,94,ThunderPunch,CUT,THUNDERBOLT,BODY SLAM,11,30,14,8,0,0,0,0,97,97,57,54,66,66,80,9768,10171,9837,8270,8270,10531,15,15,15,15,0,-1,0,0,0,0,0,72,39,66,66,80,0,0,0,0,0,0,0,0,0,0,0,0,0,0,0,0,0,0,0,0,0,0,0,0,0,0,0,0,0,0,0,0,0,0,0,0,0,0,0,0,0,0,0,0,0,0,0,0,0,0,0,0,0,0,0,0,0,0,0,0,0,0,0,0,0,0,0,0,0,0,0,0,0,0,95,1,Jolteon
6-21,12:23:25,NINTEN,Pikachu,Pokemaniac,5,Rock Tunnel,1,39:25.42,39:25,0h39m25s,1,0,1,32,512:25,6.311,THUNDERBOLT,CUT,ThunderPunch,BODY SLAM,0,0,0,0,0,0,0,0,24,18408,Jolteon, ,Electric,Electric,34627,Pikachu95,Pikachu,,00:39:19.11,00:39:25.42,512:25:50.48,32,1,0,39,25,42,THUNDERBOLT,CUT,ThunderPunch,BODY SLAM,13,30,11,8,0,0,0,0,97,97,57,54,66,66,80,9858,10236,9902,8310,8310,10546,15,15,15,15,0,0,0,0,0,0,0,64,60,66,66,80,0,0,0,0,0,0,0,0,0,0,0,0,0,0,0,0,0,0,0,0,0,0,0,0,0,0,0,0,0,0,0,0,0,0,0,0,0,0,0,0,0,0,0,0,0,0,0,0,0,0,0,0,0,0,0,0,0,0,0,0,0,0,0,0,0,0,0,0,0,0,0,0,0,0,95,1,Jolteon
6-21,12:23:47,NINTEN,Pikachu,Status-Condition-Jr-Trainer,10,Rock Tunnel,2,39:47.70,39:47,0h39m47s,1,0,1,33,512:27,18.446,THUNDERBOLT,CUT,ThunderPunch,BODY SLAM,0,0,0,0,0,0,0,0,24,19658,Jolteon,Poisoned,Electric,Electric,36029,Pikachu95,Pikachu,RTG4 - Status Jr Trainer,00:39:29.26,00:39:47.70,512:27:18.26,33,1,0,39,47,70,THUNDERBOLT,CUT,ThunderPunch,BODY SLAM,13,26,11,8,0,0,0,0,92,100,59,56,68,68,82,9988,10363,10035,8475,8475,10646,15,15,15,15,0,0,0,0,0,0,0,66,63,68,68,82,0,0,0,0,0,0,0,0,0,0,0,0,0,0,0,0,0,0,0,0,0,0,0,0,0,0,0,0,0,0,0,0,0,0,0,0,0,0,0,0,0,0,0,0,0,0,0,0,0,0,0,0,0,0,0,0,0,0,0,0,0,0,0,0,0,0,0,0,0,0,0,0,0,0,95,1,Jolteon
6-21,12:24:40,NINTEN,Pikachu,Selfdestructing Hiker,9,Rock Tunnel,3,40:40.27,40:40,0h40m40s,1,0,1,33,512:30,25.838,THUNDERBOLT,CUT,ThunderPunch,BODY SLAM,0,0,0,0,0,0,0,0,24,20138,Jolteon, ,Electric,Electric,37599,Pikachu95,Pikachu,,00:40:14.43,00:40:40.27,512:30:45.58,33,1,0,40,40,27,THUNDERBOLT,CUT,ThunderPunch,BODY SLAM,13,15,11,8,0,0,0,0,28,100,59,56,68,68,82,10123,10618,10350,8580,8580,10721,15,15,15,15,0,0,0,0,0,0,0,66,63,68,68,82,0,0,0,0,0,0,0,0,0,0,0,0,0,0,0,0,0,0,0,0,0,0,0,0,0,0,0,0,0,0,0,0,0,0,0,0,0,0,0,0,0,0,0,0,0,0,0,0,0,0,0,0,0,0,0,0,0,0,0,0,0,0,0,0,0,0,0,0,0,0,0,0,0,0,95,1,Jolteon
6-21,12:25:12,NINTEN,Pikachu,Finisher,18,Rock Tunnel - 1,3,41:13.00,41:13,0h41m13s,1,0,1,34,512:32,11.97,THUNDERBOLT,CUT,ThunderPunch,BODY SLAM,0,0,0,0,0,0,0,0,23,20978,Jolteon, ,Electric,Electric,39439,Pikachu95,Pikachu,RTG6 - Finisher,00:41:01.02,00:41:13.00,512:32:54.51,34,1,0,41,13,0,THUNDERBOLT,CUT,ThunderPunch,BODY SLAM,10,15,11,8,0,0,0,0,103,103,61,57,70,70,85,10287,10816,10530,8746,8746,10969,15,15,15,15,0,0,0,0,0,0,0,68,64,70,70,85,0,0,0,0,0,0,0,0,0,0,0,0,0,0,0,0,0,0,0,0,0,0,0,0,0,0,0,0,0,0,0,0,0,0,0,0,0,0,0,0,0,0,0,0,0,0,0,0,0,0,0,0,0,0,0,0,0,0,0,0,0,0,0,0,0,0,0,0,0,0,0,0,0,0,95,1,Jolteon
6-21,12:25:31,NINTEN,Pikachu,Cue Ball,7,Route 8,2,41:31.41,41:31,0h41m31s,1,0,1,34,512:34,7.618,THUNDERBOLT,CUT,ThunderPunch,BODY SLAM,0,0,0,0,0,0,0,0,24,21438,Jolteon, ,Electric,Electric,40329,Pikachu95,Pikachu,,00:41:23.79,00:41:31.41,512:34:06.56,34,1,0,41,31,41,THUNDERBOLT,CUT,ThunderPunch,BODY SLAM,8,15,11,8,0,0,0,0,98,103,61,57,70,70,85,10387,10927,10620,8866,8866,11104,15,15,15,15,0,0,0,0,0,0,0,68,64,70,70,85,0,0,0,0,0,0,0,0,0,0,0,0,0,0,0,0,0,0,0,0,0,0,0,0,0,0,0,0,0,0,0,0,0,0,0,0,0,0,0,0,0,0,0,0,0,0,0,0,0,0,0,0,0,0,0,0,0,0,0,0,0,0,0,0,0,0,0,0,0,0,0,0,0,0,95,1,Jolteon
6-21,12:26:27,NINTEN,Pikachu,Rocket,7,Celadon City - Game Corner,2,42:27.24,42:27,0h42m27s,1,0,1,34,512:37,7.031,THUNDERBOLT,CUT,ThunderPunch,BODY SLAM,0,0,0,0,0,0,0,0,23,23328,Jolteon, ,Electric,Electric,41741,Pikachu95,Pikachu,,00:42:20.21,00:42:27.24,512:37:47.16,34,1,0,42,27,24,THUNDERBOLT,CUT,ThunderPunch,BODY SLAM,13,30,15,15,0,0,0,0,103,103,61,57,70,70,85,10517,11088,10750,8991,8991,11301,15,15,15,15,0,0,0,0,0,0,0,68,64,70,70,85,0,0,0,0,0,0,0,0,0,0,0,0,0,0,0,0,0,0,0,0,0,0,0,0,0,0,0,0,0,0,0,0,0,0,0,0,0,0,0,0,0,0,0,0,0,0,0,0,0,0,0,0,0,0,0,0,0,0,0,0,0,0,0,0,0,0,0,0,0,0,0,0,0,0,95,1,Jolteon
6-21,12:28:07,NINTEN,Pikachu,Cooltrainer F,1,Celadon City - Gym,3,44:07.80,44:07,0h44m7s,1,0,1,35,512:44,22.18,THUNDERBOLT,CUT,FLY,BODY SLAM,0,0,0,0,0,0,0,0,24,24018,Jolteon, ,Electric,Electric,44373,Pikachu95,Pikachu,,00:43:45.62,00:44:07.80,512:44:24.23,35,1,0,44,7,80,THUNDERBOLT,CUT,FLY,BODY SLAM,13,28,12,15,0,0,0,0,63,106,63,59,72,72,87,10712,11305,10933,9241,9241,11456,15,15,15,15,0,0,0,0,0,0,0,70,66,72,72,87,0,0,0,0,0,0,0,0,0,0,0,0,0,0,0,0,0,0,0,0,0,0,0,0,0,0,0,0,0,0,0,0,0,0,0,0,0,0,0,0,0,0,0,0,0,0,0,0,0,0,0,0,0,0,0,0,0,0,0,0,0,0,0,0,0,0,0,0,0,0,0,0,0,0,95,1,Jolteon
6-21,12:29:31,NINTEN,Pikachu,Gambler,1,Celadon City - Gym,3,45:31.80,45:31,0h45m31s,2,0,2,36,512:48,35.688,THUNDERBOLT,CUT,FLY,BODY SLAM,0,0,0,0,0,0,0,0,24,25033,Jolteon, ,Electric,Electric,46949,Pikachu95,Pikachu,,00:44:56.11,00:45:31.80,512:48:13.14,36,2,0,45,31,80,THUNDERBOLT,CUT,FLY,BODY SLAM,13,28,6,15,0,0,0,0,43,109,65,61,74,74,90,10902,11490,11178,9486,9486,11611,15,15,15,15,0,0,0,0,0,0,0,73,68,74,74,90,0,0,0,0,0,0,0,0,0,0,0,0,0,0,0,0,0,0,0,0,0,0,0,0,0,0,0,0,0,0,0,0,0,0,0,0,0,0,0,0,0,0,0,0,0,0,0,0,0,0,0,0,0,0,0,0,0,0,0,0,0,0,0,0,0,0,0,0,0,0,0,0,0,0,95,2,Jolteon
6-21,12:30:24,NINTEN,Pikachu,Rival4-Pkmn Tower,2,Pokemon Tower - 2F,5,46:24.29,46:24,0h46m24s,2,0,2,37,512:51,31.557,THUNDERBOLT,CUT,FLY,BODY SLAM,0,0,0,0,0,0,0,0,24,27063,Jolteon, ,Electric,Electric,51917,Pikachu95,Pikachu,Rival (Pokemon Tower),00:45:52.73,00:46:24.29,512:51:39.54,37,2,0,46,24,29,THUNDERBOLT,CUT,FLY,BODY SLAM,11,30,15,10,0,0,0,0,15,112,66,63,77,77,92,11157,11815,11478,9872,9872,12046,15,15,15,15,0,0,0,0,0,0,0,74,70,77,77,92,0,0,0,0,0,0,0,0,0,0,0,0,0,0,0,0,0,0,0,0,0,0,0,0,0,0,0,0,0,0,0,0,0,0,0,0,0,0,0,0,0,0,0,0,0,0,0,0,0,0,0,0,0,0,0,0,0,0,0,0,0,0,0,0,0,0,0,0,0,0,0,0,0,0,95,2,Jolteon
6-21,12:31:04,NINTEN,Pikachu,Agatha Jr,10,Pokemon Tower - 4F,2,47:04.36,47:04,0h47m4s,2,0,2,37,512:54,10.453,THUNDERBOLT,CUT,FLY,BODY SLAM,0,0,0,0,0,0,0,0,23,29338,Jolteon, ,Electric,Electric,53099,Pikachu95,Pikachu,,00:46:53.91,00:47:04.36,512:54:17.59,37,2,0,47,4,36,THUNDERBOLT,CUT,FLY,BODY SLAM,7,30,15,10,0,0,0,0,99,112,66,63,77,77,92,11247,11898,11553,10062,10062,12168,15,15,15,15,0,0,0,0,0,0,0,74,70,77,77,92,0,0,0,0,0,0,0,0,0,0,0,0,0,0,0,0,0,0,0,0,0,0,0,0,0,0,0,0,0,0,0,0,0,0,0,0,0,0,0,0,0,0,0,0,0,0,0,0,0,0,0,0,0,0,0,0,0,0,0,0,0,0,0,0,0,0,0,0,0,0,0,0,0,0,95,2,Jolteon
6-21,12:31:54,NINTEN,Pikachu,Channeler,21,Pokemon Tower - 6F,3,47:54.73,47:54,0h47m54s,2,0,2,38,512:57,32.063,THUNDERBOLT,CUT,FLY,BODY SLAM,0,0,0,0,0,0,0,0,23,30178,Jolteon,Burned,Electric,Electric,56413,Pikachu95,Pikachu,,00:47:22.67,00:47:54.73,512:57:37.04,38,2,0,47,54,73,THUNDERBOLT,CUT,FLY,BODY SLAM,8,30,15,15,0,0,0,0,4,114,68,64,79,79,95,11450,12097,11743,10392,10392,12430,15,15,15,15,0,0,0,0,0,0,0,38,72,79,79,95,0,0,0,0,0,0,0,0,0,0,0,0,0,0,0,0,0,0,0,0,0,0,0,0,0,0,0,0,0,0,0,0,0,0,0,0,0,0,0,0,0,0,0,0,0,0,0,0,0,0,0,0,0,0,0,0,0,0,0,0,0,0,0,0,0,0,0,0,0,0,0,0,0,0,95,2,Jolteon
6-21,12:32:52,NINTEN,Pikachu,Channeler,20,Pokemon Tower - 6F,1,48:52.84,48:52,0h48m52s,3,0,3,38,768:00,5.807,THUNDERBOLT,CUT,FLY,BODY SLAM,0,0,0,0,0,0,0,0,21,31168,Jolteon, ,Electric,Electric,57358,Pikachu95,Pikachu,,00:48:47.03,00:48:52.84,768:00:08.00,38,3,0,48,52,84,THUNDERBOLT,CUT,FLY,BODY SLAM,6,30,15,15,0,0,0,0,100,114,68,64,79,79,95,11495,12147,11788,10507,10507,12525,15,15,15,15,0,0,0,0,0,0,0,76,72,79,79,95,0,0,0,0,0,0,0,0,0,0,0,0,0,0,0,0,0,0,0,0,0,0,0,0,0,0,0,0,0,0,0,0,0,0,0,0,0,0,0,0,0,0,0,0,0,0,0,0,0,0,0,0,0,0,0,0,0,0,0,0,0,0,0,0,0,0,0,0,0,0,0,0,0,0,95,3,Jolteon
6-21,12:36:58,NINTEN,Pikachu,Gambler,3,Celadon City - Gym,1,52:58.45,52:58,0h52m58s,4,0,4,38,768:13,9.318,THUNDERBOLT,CUT,FLY,BODY SLAM,0,0,0,0,0,0,0,0,21,2968,Jolteon, ,Electric,Electric,58667,Pikachu95,Pikachu,,00:52:49.14,00:52:58.45,768:13:32.19,38,4,0,52,58,45,THUNDERBOLT,CUT,FLY,BODY SLAM,15,29,14,15,0,0,0,0,74,115,68,64,83,83,95,11575,12252,11853,20847,20847,12595,15,15,15,15,0,0,0,0,0,0,0,76,72,83,83,95,0,0,0,0,0,0,0,0,0,0,0,0,0,0,0,0,0,0,0,0,0,0,0,0,0,0,0,0,0,0,0,0,0,0,0,0,0,0,0,0,0,0,0,0,0,0,0,0,0,0,0,0,0,0,0,0,0,0,0,0,0,0,0,0,0,0,0,0,0,0,0,0,0,0,95,4,Jolteon
6-21,12:37:14,NINTEN,Pikachu,Lass,18,Celadon City - Gym,2,53:14.85,53:14,0h53m14s,4,0,4,39,768:14,12.754,THUNDERBOLT,CUT,FLY,BODY SLAM,0,0,0,0,0,0,0,0,21,5208,Jolteon, ,Electric,Electric,60071,Pikachu95,Pikachu,,00:53:02.09,00:53:14.85,768:14:36.33,39,4,0,53,14,85,THUNDERBOLT,CUT,FLY,BODY SLAM,15,29,11,15,0,0,0,0,77,118,70,66,85,85,97,11695,12387,12013,20987,20987,12665,15,15,15,15,0,0,0,0,0,0,0,78,74,85,85,97,0,0,0,0,0,0,0,0,0,0,0,0,0,0,0,0,0,0,0,0,0,0,0,0,0,0,0,0,0,0,0,0,0,0,0,0,0,0,0,0,0,0,0,0,0,0,0,0,0,0,0,0,0,0,0,0,0,0,0,0,0,0,0,0,0,0,0,0,0,0,0,0,0,0,95,4,Jolteon
6-21,12:37:30,NINTEN,Pikachu,Jr Trainer F,11,Celadon City - Gym,2,53:31.14,53:31,0h53m31s,4,0,4,39,768:15,11.718,THUNDERBOLT,CUT,FLY,BODY SLAM,0,0,0,0,0,0,0,0,21,5643,Jolteon, ,Electric,Electric,61344,Pikachu95,Pikachu,,00:53:19.42,00:53:31.14,768:15:40.14,39,4,0,53,31,14,THUNDERBOLT,CUT,FLY,BODY SLAM,15,28,9,15,0,0,0,0,60,118,70,66,85,85,97,11800,12498,12125,21132,21132,12770,15,15,15,15,0,0,0,0,0,0,0,78,74,85,85,97,0,0,0,0,0,0,0,0,0,0,0,0,0,0,0,0,0,0,0,0,0,0,0,0,0,0,0,0,0,0,0,0,0,0,0,0,0,0,0,0,0,0,0,0,0,0,0,0,0,0,0,0,0,0,0,0,0,0,0,0,0,0,0,0,0,0,0,0,0,0,0,0,0,0,95,4,Jolteon
6-21,12:37:51,NINTEN,Pikachu,Lass,17,Celadon City - Gym,2,53:51.54,53:51,0h53m51s,4,0,4,39,768:17,12.682,THUNDERBOLT,CUT,FLY,BODY SLAM,0,0,0,0,0,0,0,0,20,6223,Jolteon, ,Electric,Electric,63042,Pikachu95,Pikachu,,00:53:38.86,00:53:51.54,768:17:00.17,39,4,0,53,51,54,THUNDERBOLT,CUT,FLY,BODY SLAM,15,27,7,15,0,0,0,0,64,118,70,66,85,85,97,11935,12653,12245,21302,21302,12865,15,15,15,15,0,0,0,0,0,0,0,78,74,85,85,97,0,0,0,0,0,0,0,0,0,0,0,0,0,0,0,0,0,0,0,0,0,0,0,0,0,0,0,0,0,0,0,0,0,0,0,0,0,0,0,0,0,0,0,0,0,0,0,0,0,0,0,0,0,0,0,0,0,0,0,0,0,0,0,0,0,0,0,0,0,0,0,0,0,0,95,4,Jolteon
6-21,12:38:09,NINTEN,Pikachu,Gambler,2,Celadon City - Gym,2,54:09.99,54:09,0h54m9s,4,0,4,40,768:18,12.441,THUNDERBOLT,CUT,FLY,BODY SLAM,0,0,0,0,0,0,0,0,20,6643,Jolteon, ,Electric,Electric,65014,Pikachu95,Pikachu,,00:53:57.55,00:54:09.99,768:18:12.38,40,4,0,54,9,99,THUNDERBOLT,CUT,FLY,BODY SLAM,15,27,4,15,0,0,0,0,52,120,72,68,87,87,100,12060,12770,12423,21482,21482,12985,15,15,15,15,0,0,0,0,0,0,0,81,76,87,87,100,0,0,0,0,0,0,0,0,0,0,0,0,0,0,0,0,0,0,0,0,0,0,0,0,0,0,0,0,0,0,0,0,0,0,0,0,0,0,0,0,0,0,0,0,0,0,0,0,0,0,0,0,0,0,0,0,0,0,0,0,0,0,0,0,0,0,0,0,0,0,0,0,0,0,95,4,Jolteon
6-21,12:39:00,NINTEN,Pikachu,Channeler,9,Pokemon Tower - 4F,2,55:00.64,55:00,0h55m0s,4,0,4,40,768:21,7.062,THUNDERBOLT,CUT,FLY,BODY SLAM,0,0,0,0,0,0,0,0,20,8743,Jolteon, ,Electric,Electric,65927,Pikachu95,Pikachu,,00:54:53.58,00:55:00.64,768:21:31.48,40,4,0,55,0,64,THUNDERBOLT,CUT,FLY,BODY SLAM,13,30,15,15,0,0,0,0,120,120,72,68,87,87,100,12135,12846,12498,21652,21652,13140,15,15,15,15,0,0,0,0,0,0,0,81,76,87,87,100,0,0,0,0,0,0,0,0,0,0,0,0,0,0,0,0,0,0,0,0,0,0,0,0,0,0,0,0,0,0,0,0,0,0,0,0,0,0,0,0,0,0,0,0,0,0,0,0,0,0,0,0,0,0,0,0,0,0,0,0,0,0,0,0,0,0,0,0,0,0,0,0,0,0,95,4,Jolteon
6-21,12:39:14,NINTEN,Pikachu,Channeler,14,Pokemon Tower - 5F,2,55:15.07,55:15,0h55m15s,4,0,4,40,768:22,9.095,THUNDERBOLT,CUT,FLY,BODY SLAM,0,0,0,0,0,0,0,0,20,9553,Jolteon, ,Electric,Electric,67673,Pikachu95,Pikachu,,00:55:05.97,00:55:15.07,768:22:28.03,40,4,0,55,15,7,THUNDERBOLT,CUT,FLY,BODY SLAM,12,30,15,13,0,0,0,0,120,120,72,68,87,87,100,12265,12969,12613,21882,21882,13302,15,15,15,15,0,0,0,0,0,0,0,81,76,87,87,100,0,0,0,0,0,0,0,0,0,0,0,0,0,0,0,0,0,0,0,0,0,0,0,0,0,0,0,0,0,0,0,0,0,0,0,0,0,0,0,0,0,0,0,0,0,0,0,0,0,0,0,0,0,0,0,0,0,0,0,0,0,0,0,0,0,0,0,0,0,0,0,0,0,0,95,4,Jolteon
6-21,12:40:03,NINTEN,Pikachu,Channeler,19,Pokemon Tower - 6F,3,56:03.58,56:03,0h56m3s,4,0,4,41,768:25,44.169,THUNDERBOLT,THUNDER,FLY,BODY SLAM,0,0,0,0,0,0,0,0,20,10393,Jolteon, ,Electric,Electric,69887,Pikachu95,Pikachu,,00:55:19.41,00:56:03.58,768:25:39.58,41,4,0,56,3,58,THUNDERBOLT,THUNDER,FLY,BODY SLAM,6,5,15,13,0,0,0,0,94,123,73,69,89,89,102,12400,13102,12733,22187,22187,13519,15,15,15,15,0,0,0,0,0,0,0,82,77,89,89,102,0,0,0,0,0,0,0,0,0,0,0,0,0,0,0,0,0,0,0,0,0,0,0,0,0,0,0,0,0,0,0,0,0,0,0,0,0,0,0,0,0,0,0,0,0,0,0,0,0,0,0,0,0,0,0,0,0,0,0,0,0,0,0,0,0,0,0,0,0,0,0,0,0,0,95,4,Jolteon
6-21,12:40:43,NINTEN,Pikachu,Rocket,44,Pokemon Tower - 7F,4,56:43.88,56:43,0h56m43s,4,0,4,41,768:28,17.172,THUNDERBOLT,THUNDER,FLY,BODY SLAM,0,0,0,0,0,0,0,0,20,11353,Jolteon, ,Electric,Electric,73315,Pikachu95,Pikachu,,00:56:26.71,00:56:43.88,768:28:18.10,41,4,0,56,43,88,THUNDERBOLT,THUNDER,FLY,BODY SLAM,0,5,15,13,0,0,0,0,65,123,73,69,89,89,102,12662,13402,13042,22452,22452,13789,15,15,15,15,0,0,0,0,0,0,0,82,77,89,89,102,0,0,0,0,0,0,0,0,0,0,0,0,0,0,0,0,0,0,0,0,0,0,0,0,0,0,0,0,0,0,0,0,0,0,0,0,0,0,0,0,0,0,0,0,0,0,0,0,0,0,0,0,0,0,0,0,0,0,0,0,0,0,0,0,0,0,0,0,0,0,0,0,0,0,95,4,Jolteon
6-21,12:42:35,NINTEN,Pikachu,Biker,7,Route 16,4,58:35.72,58:35,0h58m35s,4,0,4,42,768:35,25.795,THUNDERBOLT,THUNDER,FLY,BODY SLAM,0,0,0,0,0,0,0,0,22,12283,Jolteon, ,Electric,Electric,76057,Pikachu95,Pikachu,,00:58:09.92,00:58:35.72,768:35:39.34,42,4,0,58,35,72,THUNDERBOLT,THUNDER,FLY,BODY SLAM,12,5,15,10,0,0,0,0,101,126,75,71,91,91,105,12960,13711,13295,22632,22632,13944,15,15,15,15,0,0,0,0,0,0,0,84,79,91,91,105,0,0,0,0,0,0,0,0,0,0,0,0,0,0,0,0,0,0,0,0,0,0,0,0,0,0,0,0,0,0,0,0,0,0,0,0,0,0,0,0,0,0,0,0,0,0,0,0,0,0,0,0,0,0,0,0,0,0,0,0,0,0,0,0,0,0,0,0,0,0,0,0,0,0,95,4,Jolteon
6-21,12:43:01,NINTEN,Pikachu,Biker,8,Route 17,3,59:01.25,59:01,0h59m1s,4,0,4,42,768:37,19.078,THUNDERBOLT,THUNDER,FLY,BODY SLAM,0,0,0,0,0,0,0,0,22,12843,Jolteon,Poisoned,Electric,Electric,79306,Pikachu95,Pikachu,,00:58:42.17,00:59:01.25,768:37:19.57,42,4,0,59,1,25,THUNDERBOLT,THUNDER,FLY,BODY SLAM,9,4,15,9,0,0,0,0,14,126,75,71,91,91,105,13130,13956,13630,22862,22862,14099,15,15,15,15,0,0,0,0,0,0,0,84,79,91,91,105,0,0,0,0,0,0,0,0,0,0,0,0,0,0,0,0,0,0,0,0,0,0,0,0,0,0,0,0,0,0,0,0,0,0,0,0,0,0,0,0,0,0,0,0,0,0,0,0,0,0,0,0,0,0,0,0,0,0,0,0,0,0,0,0,0,0,0,0,0,0,0,0,0,0,95,4,Jolteon
6-21,12:43:40,NINTEN,Pikachu,Swimmer,5,Route 17,2,59:40.95,59:40,0h59m40s,4,0,4,43,768:39,14.028,THUNDERBOLT,THUNDER,FLY,BODY SLAM,0,0,0,0,0,0,0,0,22,13503,Jolteon, ,Electric,Electric,81189,Pikachu95,Pikachu,,00:59:26.92,00:59:40.95,768:39:55.14,43,4,0,59,40,95,THUNDERBOLT,THUNDER,FLY,BODY SLAM,12,5,14,15,0,0,0,0,97,129,77,73,94,94,107,13305,14126,13773,23007,23007,14204,15,15,15,15,0,0,0,0,0,0,0,86,82,94,94,107,0,0,0,0,0,0,0,0,0,0,0,0,0,0,0,0,0,0,0,0,0,0,0,0,0,0,0,0,0,0,0,0,0,0,0,0,0,0,0,0,0,0,0,0,0,0,0,0,0,0,0,0,0,0,0,0,0,0,0,0,0,0,0,0,0,0,0,0,0,0,0,0,0,0,95,4,Jolteon
6-21,12:44:04,NINTEN,Pikachu,Swimmer,8,Route 17,2,1:00:04.40,1:00:04,1h0m4s,4,0,4,43,768:41,11.706,THUNDERBOLT,THUNDER,FLY,BODY SLAM,0,0,0,0,0,0,0,0,22,14303,Jolteon, ,Electric,Electric,83210,Pikachu95,Pikachu,,00:59:52.69,01:00:04.40,768:41:27.31,43,4,1,0,4,40,THUNDERBOLT,THUNDER,FLY,BODY SLAM,12,5,11,15,0,0,0,0,97,129,77,73,94,94,107,13450,14331,13903,23117,23117,14344,15,15,15,15,0,-1,0,0,0,0,0,96,54,94,94,107,0,0,0,0,0,0,0,0,0,0,0,0,0,0,0,0,0,0,0,0,0,0,0,0,0,0,0,0,0,0,0,0,0,0,0,0,0,0,0,0,0,0,0,0,0,0,0,0,0,0,0,0,0,0,0,0,0,0,0,0,0,0,0,0,0,0,0,0,0,0,0,0,0,0,95,4,Jolteon
6-21,12:44:55,NINTEN,Pikachu,Biker,5,Route 16,2,1:00:55.85,1:00:55,1h0m55s,4,1,5,43,768:44,6.927,THUNDERBOLT,THUNDER,FLY,BODY SLAM,0,0,0,0,0,0,0,0,22,7551,Jolteon, ,Electric,Electric,84755,Pikachu95,Pikachu,,01:00:48.92,01:00:55.85,768:44:48.20,43,4,1,0,55,85,THUNDERBOLT,THUNDER,FLY,BODY SLAM,13,5,15,15,0,0,0,0,129,129,77,73,94,94,107,13595,14491,13993,23202,23202,14444,15,15,15,15,0,0,0,0,0,0,0,86,82,94,94,107,0,0,0,0,0,0,0,0,0,0,0,0,0,0,0,0,0,0,0,0,0,0,0,0,0,0,0,0,0,0,0,0,0,0,0,0,0,0,0,0,0,0,0,0,0,0,0,0,0,0,0,0,0,0,0,0,0,0,0,0,0,0,0,0,0,0,0,0,0,0,0,0,0,1,95,5,Jolteon
6-21,12:47:21,NINTEN,Pikachu,Erika,1,Celadon City - Gym,4,1:03:22.10,1:03:22,1h3m22s,4,1,5,44,768:54,24.64,THUNDERBOLT,SURF,FLY,BODY SLAM,0,0,0,0,0,0,0,0,26,7631,Jolteon, ,Electric,Electric,89634,Pikachu95,Pikachu,Erika,01:02:57.46,01:03:22.10,768:54:27.13,44,4,1,3,22,10,THUNDERBOLT,SURF,FLY,BODY SLAM,15,15,9,15,0,0,0,0,99,132,80,74,96,96,111,13890,17353,14321,23582,23582,17244,15,15,15,15,0,0,0,0,0,0,0,90,83,96,96,111,0,0,0,0,0,0,0,0,0,0,0,0,0,0,0,0,0,0,0,0,0,0,0,0,0,0,0,0,0,0,0,0,0,0,0,0,0,0,0,0,0,0,0,0,0,0,0,0,0,0,0,0,0,0,0,0,0,0,0,0,0,0,0,0,0,0,0,0,0,0,0,0,0,1,95,5,Jolteon
6-21,12:48:04,NINTEN,Pikachu,Rocker,3,Fuchsia City - Gym,4,1:04:05.06,1:04:05,1h4m5s,4,1,5,45,768:57,16.527,THUNDERBOLT,SURF,FLY,BODY SLAM,0,0,0,0,0,0,0,0,27,11096,Jolteon, ,Electric,Electric,94375,Pikachu95,Pikachu,,01:03:48.53,01:04:05.06,768:57:16.24,45,4,1,4,5,6,THUNDERBOLT,SURF,FLY,BODY SLAM,11,14,9,15,0,0,0,0,85,135,82,77,98,98,114,14156,17655,14553,23892,23892,17599,15,15,15,15,0,0,0,0,0,0,0,92,86,98,98,114,0,0,0,0,0,0,0,0,0,0,0,0,0,0,0,0,0,0,0,0,0,0,0,0,0,0,0,0,0,0,0,0,0,0,0,0,0,0,0,0,0,0,0,0,0,0,0,0,0,0,0,0,0,0,0,0,0,0,0,0,0,0,0,0,0,0,0,0,0,0,0,0,0,1,95,5,Jolteon
6-21,12:48:59,NINTEN,Pikachu,Juggler,2,Fuchsia City - Gym,3,1:04:59.21,1:04:59,1h4m59s,4,1,5,46,1024:00,12.946,THUNDERBOLT,SURF,FLY,BODY SLAM,0,0,0,0,0,0,0,0,28,4786,Jolteon, ,Electric,Electric,98034,Pikachu95,Pikachu,,01:04:46.26,01:04:59.21,1024:00:49.20,46,4,1,4,59,21,THUNDERBOLT,SURF,FLY,BODY SLAM,9,13,9,15,0,0,0,0,138,138,84,78,101,101,116,14370,17927,14778,24097,24097,17855,15,15,15,15,0,0,0,0,0,0,0,94,87,101,101,116,0,0,0,0,0,0,0,0,0,0,0,0,0,0,0,0,0,0,0,0,0,0,0,0,0,0,0,0,0,0,0,0,0,0,0,0,0,0,0,0,0,0,0,0,0,0,0,0,0,0,0,0,0,0,0,0,0,0,0,0,0,0,0,0,0,0,0,0,0,0,0,0,0,1,95,5,Jolteon
6-21,12:49:14,NINTEN,Pikachu,Juggler,1,Fuchsia City - Gym,2,1:05:14.31,1:05:14,1h5m14s,4,1,5,46,1024:01,10.415,THUNDERBOLT,SURF,FLY,BODY SLAM,0,0,0,0,0,0,0,0,28,6186,Jolteon, ,Electric,Electric,100425,Pikachu95,Pikachu,,01:05:03.89,01:05:14.31,1024:01:48.26,46,4,1,5,14,31,THUNDERBOLT,SURF,FLY,BODY SLAM,7,12,9,15,0,0,0,0,138,138,84,78,101,101,116,14507,18122,14957,24217,24217,18010,15,15,15,15,0,0,0,0,0,0,0,94,87,101,101,116,0,0,0,0,0,0,0,0,0,0,0,0,0,0,0,0,0,0,0,0,0,0,0,0,0,0,0,0,0,0,0,0,0,0,0,0,0,0,0,0,0,0,0,0,0,0,0,0,0,0,0,0,0,0,0,0,0,0,0,0,0,0,0,0,0,0,0,0,0,0,0,0,0,1,95,5,Jolteon
6-21,12:49:31,NINTEN,Pikachu,Rocker,4,Fuchsia City - Gym,2,1:05:32.08,1:05:32,1h5m32s,4,1,5,46,1024:02,14.224,THUNDERBOLT,SURF,FLY,BODY SLAM,0,0,0,0,0,0,0,0,28,7626,Jolteon, ,Electric,Electric,103292,Pikachu95,Pikachu,,01:05:17.85,01:05:32.08,1024:02:58.06,46,4,1,5,32,8,THUNDERBOLT,SURF,FLY,BODY SLAM,4,12,9,15,0,0,0,0,113,138,84,78,101,101,116,14692,18297,15097,24422,24422,18160,15,15,15,15,0,0,0,0,0,0,0,94,87,101,101,116,0,0,0,0,0,0,0,0,0,0,0,0,0,0,0,0,0,0,0,0,0,0,0,0,0,0,0,0,0,0,0,0,0,0,0,0,0,0,0,0,0,0,0,0,0,0,0,0,0,0,0,0,0,0,0,0,0,0,0,0,0,0,0,0,0,0,0,0,0,0,0,0,0,1,95,5,Jolteon
6-21,12:50:45,NINTEN,Pikachu,Koga,1,Fuchsia City - Gym,4,1:06:45.59,1:06:45,1h6m45s,5,1,6,47,1024:05,25.019,THUNDERBOLT,SURF,FLY,BODY SLAM,0,0,0,0,0,0,0,0,28,8921,Jolteon,Poisoned,Electric,Electric,109314,Pikachu95,Pikachu,Koga,01:06:20.57,01:06:45.59,1024:05:43.10,47,5,1,6,45,59,THUNDERBOLT,SURF,FLY,BODY SLAM,0,10,9,14,0,0,0,0,37,141,86,80,103,103,119,15022,18627,15367,24797,24797,18510,15,15,15,15,0,0,0,0,0,0,0,96,90,103,103,119,0,0,0,0,0,0,0,0,0,0,0,0,0,0,0,0,0,0,0,0,0,0,0,0,0,0,0,0,0,0,0,0,0,0,0,0,0,0,0,0,0,0,0,0,0,0,0,0,0,0,0,0,0,0,0,0,0,0,0,0,0,0,0,0,0,0,0,0,0,0,0,0,0,1,95,6,Jolteon
6-21,12:52:27,NINTEN,Pikachu,Juggler,7,Route 21,4,1:08:27.48,1:08:27,1h8m27s,5,1,6,48,1024:12,13.809,THUNDERBOLT,SURF,FLY,BODY SLAM,0,0,0,0,0,0,0,0,28,13178,Jolteon, ,Electric,Electric,114633,Pikachu95,Pikachu,,01:08:13.68,01:08:27.48,1024:12:25.58,48,5,1,8,27,48,THUNDERBOLT,SURF,FLY,BODY SLAM,11,15,15,15,0,0,0,0,144,144,88,82,105,105,122,15307,18970,15622,25087,25087,18777,15,15,15,15,0,0,0,0,0,0,0,99,92,105,105,137,0,0,0,0,0,0,0,0,0,0,0,0,0,0,0,0,0,0,0,0,0,0,0,0,0,0,0,0,0,0,0,0,0,0,0,0,0,0,0,0,0,0,0,0,0,0,0,0,0,0,0,0,0,0,0,0,0,0,0,0,0,0,0,0,0,0,0,0,0,0,0,0,0,1,95,6,Jolteon
6-21,12:53:58,NINTEN,Pikachu,Bird Keeper,5,Saffron City - Fighting Dojo,3,1:09:58.17,1:09:58,1h9m58s,5,1,6,48,1024:18,9.363,THUNDERBOLT,SURF,FLY,BODY SLAM,0,0,0,0,0,0,0,0,30,14578,Jolteon, ,Electric,Electric,116694,Pikachu95,Pikachu,,01:09:48.81,01:09:58.17,1024:18:21.30,48,5,1,9,58,17,THUNDERBOLT,SURF,FLY,BODY SLAM,12,15,15,15,0,0,0,0,144,144,88,82,105,105,123,15482,19235,15767,25217,25217,21537,15,15,15,15,0,0,0,0,0,0,0,99,92,105,105,138,0,0,0,0,0,0,0,0,0,0,0,0,0,0,0,0,0,0,0,0,0,0,0,0,0,0,0,0,0,0,0,0,0,0,0,0,0,0,0,0,0,0,0,0,0,0,0,0,0,0,0,0,0,0,0,0,0,0,0,0,0,0,0,0,0,0,0,0,0,0,0,0,0,1,95,6,Jolteon
6-21,12:54:08,NINTEN,Pikachu,Bird Keeper,3,Saffron City - Fighting Dojo,2,1:10:08.48,1:10:08,1h10m8s,5,1,6,49,1024:19,7.574,THUNDERBOLT,SURF,FLY,BODY SLAM,0,0,0,0,0,0,0,0,30,15353,Jolteon, ,Electric,Electric,118297,Pikachu95,Pikachu,,01:10:00.90,01:10:08.48,1024:19:01.31,49,5,1,10,8,48,THUNDERBOLT,SURF,FLY,BODY SLAM,10,15,15,15,0,0,0,0,147,147,90,83,107,107,126,15632,19415,15887,25302,25302,21617,15,15,15,15,0,0,0,0,0,0,0,101,93,107,107,141,0,0,0,0,0,0,0,0,0,0,0,0,0,0,0,0,0,0,0,0,0,0,0,0,0,0,0,0,0,0,0,0,0,0,0,0,0,0,0,0,0,0,0,0,0,0,0,0,0,0,0,0,0,0,0,0,0,0,0,0,0,0,0,0,0,0,0,0,0,0,0,0,0,1,95,6,Jolteon
6-21,12:54:15,NINTEN,Pikachu,Bird Keeper,4,Saffron City - Fighting Dojo,1,1:10:15.81,1:10:15,1h10m15s,5,1,6,49,1024:19,4.202,THUNDERBOLT,SURF,FLY,BODY SLAM,0,0,0,0,0,0,0,0,30,16153,Jolteon, ,Electric,Electric,119446,Pikachu95,Pikachu,,01:10:11.61,01:10:15.81,1024:19:29.46,49,5,1,10,15,81,THUNDERBOLT,SURF,FLY,BODY SLAM,9,15,15,15,0,0,0,0,147,147,90,83,107,107,126,15697,19520,15947,25362,25362,21712,15,15,15,15,0,0,0,0,0,0,0,101,93,107,107,141,0,0,0,0,0,0,0,0,0,0,0,0,0,0,0,0,0,0,0,0,0,0,0,0,0,0,0,0,0,0,0,0,0,0,0,0,0,0,0,0,0,0,0,0,0,0,0,0,0,0,0,0,0,0,0,0,0,0,0,0,0,0,0,0,0,0,0,0,0,0,0,0,0,1,95,6,Jolteon
6-21,12:54:27,NINTEN,Pikachu,Bird Keeper,2,Saffron City - Fighting Dojo,3,1:10:28.00,1:10:28,1h10m28s,5,1,6,49,1024:20,9.363,THUNDERBOLT,SURF,FLY,BODY SLAM,0,0,0,0,0,0,0,0,30,17053,Jolteon, ,Electric,Electric,121414,Pikachu95,Pikachu,,01:10:18.64,01:10:28.00,1024:20:17.12,49,5,1,10,28,0,THUNDERBOLT,SURF,FLY,BODY SLAM,6,15,15,15,0,0,0,0,147,147,90,83,107,107,126,15842,19785,16077,25492,25492,21947,15,15,15,15,0,0,0,0,0,0,0,101,93,107,107,141,0,0,0,0,0,0,0,0,0,0,0,0,0,0,0,0,0,0,0,0,0,0,0,0,0,0,0,0,0,0,0,0,0,0,0,0,0,0,0,0,0,0,0,0,0,0,0,0,0,0,0,0,0,0,0,0,0,0,0,0,0,0,0,0,0,0,0,0,0,0,0,0,0,1,95,6,Jolteon
6-21,12:54:39,NINTEN,Pikachu,Bird Keeper,1,Saffron City - Fighting Dojo,2,1:10:39.91,1:10:39,1h10m39s,5,1,6,49,1024:21,8.579,THUNDERBOLT,SURF,FLY,BODY SLAM,0,0,0,0,0,0,0,0,30,17828,Jolteon, ,Electric,Electric,123625,Pikachu95,Pikachu,,01:10:31.32,01:10:39.91,1024:21:03.31,49,5,1,10,39,91,THUNDERBOLT,SURF,FLY,BODY SLAM,3,15,15,15,0,0,0,0,121,147,90,83,107,107,126,15967,19955,16226,25657,25657,22116,15,15,15,15,0,0,0,0,0,0,0,101,93,107,107,141,0,0,0,0,0,0,0,0,0,0,0,0,0,0,0,0,0,0,0,0,0,0,0,0,0,0,0,0,0,0,0,0,0,0,0,0,0,0,0,0,0,0,0,0,0,0,0,0,0,0,0,0,0,0,0,0,0,0,0,0,0,0,0,0,0,0,0,0,0,0,0,0,0,1,95,6,Jolteon
6-21,12:55:15,NINTEN,Pikachu,Rocket,39,Silph Co - 10F,1,1:11:15.17,1:11:15,1h11m15s,5,1,6,49,1024:23,6.351,THUNDERBOLT,SURF,FLY,BODY SLAM,0,0,0,0,0,0,0,0,30,18753,Jolteon, ,Electric,Electric,124969,Pikachu95,Pikachu,,01:11:08.82,01:11:15.17,1024:23:22.04,49,5,1,11,15,17,THUNDERBOLT,SURF,FLY,BODY SLAM,13,15,15,15,0,0,0,0,101,147,90,83,107,107,126,16047,20055,16296,25707,25707,22161,15,15,15,15,0,0,0,0,0,0,0,101,93,107,107,141,0,0,0,0,0,0,0,0,0,0,0,0,0,0,0,0,0,0,0,0,0,0,0,0,0,0,0,0,0,0,0,0,0,0,0,0,0,0,0,0,0,0,0,0,0,0,0,0,0,0,0,0,0,0,0,0,0,0,0,0,0,0,0,0,0,0,0,0,0,0,0,0,0,1,95,6,Jolteon
6-21,12:55:56,NINTEN,Pikachu,Rocket,35,Silph Co - 8F,4,1:11:56.37,1:11:56,1h11m56s,5,1,6,50,1024:26,24.123,THUNDERBOLT,SURF,LIGHT SCREEN,BODY SLAM,0,0,0,0,0,0,0,0,31,20043,Jolteon, ,Electric,Electric,129785,Pikachu95,Pikachu,,01:11:32.25,01:11:56.37,1024:26:04.14,50,5,1,11,56,37,THUNDERBOLT,SURF,LIGHT SCREEN,BODY SLAM,9,15,30,15,0,0,0,0,104,150,92,86,110,110,129,16312,20367,16551,26002,26002,25115,15,15,15,15,0,0,0,0,0,0,0,103,96,110,110,145,0,0,0,0,0,0,0,0,0,0,0,0,0,0,0,0,0,0,0,0,0,0,0,0,0,0,0,0,0,0,0,0,0,0,0,0,0,0,0,0,0,0,0,0,0,0,0,0,0,0,0,0,0,0,0,0,0,0,0,0,0,0,0,0,0,0,0,0,0,0,0,0,0,1,95,6,Jolteon
6-21,12:56:21,NINTEN,Pikachu,Rocket,32,Silph Co - 7F,4,1:12:21.82,1:12:21,1h12m21s,5,1,6,51,1024:27,20.335,THUNDERBOLT,SURF,LIGHT SCREEN,BODY SLAM,0,0,0,0,0,0,0,0,31,21153,Jolteon, ,Electric,Electric,134594,Pikachu95,Pikachu,,01:12:01.49,01:12:21.82,1024:27:44.08,51,5,1,12,21,82,THUNDERBOLT,SURF,LIGHT SCREEN,BODY SLAM,5,12,30,15,0,0,0,0,107,153,94,87,112,112,132,16569,20713,16870,26277,26277,25462,15,15,15,15,0,0,0,0,0,0,0,105,97,112,112,148,0,0,0,0,0,0,0,0,0,0,0,0,0,0,0,0,0,0,0,0,0,0,0,0,0,0,0,0,0,0,0,0,0,0,0,0,0,0,0,0,0,0,0,0,0,0,0,0,0,0,0,0,0,0,0,0,0,0,0,0,0,0,0,0,0,0,0,0,0,0,0,0,0,1,95,6,Jolteon
6-21,12:57:03,NINTEN,Pikachu,Scientist,7,Silph Co - 6F,5,1:13:03.68,1:13:03,1h13m3s,5,1,6,51,1024:30,25.229,THUNDERBOLT,SURF,LIGHT SCREEN,BODY SLAM,0,0,0,0,0,0,0,0,32,22263,Jolteon,Paralyzed,Electric,Electric,140045,Pikachu95,Pikachu,,01:12:38.46,01:13:03.68,1024:30:29.07,51,5,1,13,3,68,THUNDERBOLT,SURF,LIGHT SCREEN,BODY SLAM,4,12,30,8,0,0,0,0,48,153,94,87,112,112,132,16809,20973,17225,26702,26702,25972,15,15,15,15,0,0,0,0,-1,0,0,118,109,112,112,24,0,0,0,0,0,0,0,0,0,0,0,0,0,0,0,0,0,0,0,0,0,0,0,0,0,0,0,0,0,0,0,0,0,0,0,0,0,0,0,0,0,0,0,0,0,0,0,0,0,0,0,0,0,0,0,0,0,0,0,0,0,0,0,0,0,0,0,0,0,0,0,0,0,1,95,6,Jolteon
6-21,12:57:38,NINTEN,Pikachu,Rocket,25,Silph Co - 3F,3,1:13:38.96,1:13:38,1h13m38s,5,1,6,52,1024:32,13.965,THUNDERBOLT,SURF,LIGHT SCREEN,BODY SLAM,0,0,0,0,0,0,0,0,32,24013,Jolteon, ,Electric,Electric,143608,Pikachu95,Pikachu,,01:13:25.00,01:13:38.96,1024:32:47.34,52,5,1,13,38,96,THUNDERBOLT,SURF,LIGHT SCREEN,BODY SLAM,11,15,30,14,0,0,0,0,140,156,96,89,114,114,135,17054,21232,17430,26952,26952,26186,15,15,15,15,0,0,0,0,0,0,0,108,100,114,114,151,0,0,0,0,0,0,0,0,0,0,0,0,0,0,0,0,0,0,0,0,0,0,0,0,0,0,0,0,0,0,0,0,0,0,0,0,0,0,0,0,0,0,0,0,0,0,0,0,0,0,0,0,0,0,0,0,0,0,0,0,0,0,0,0,0,0,0,0,0,0,0,0,0,1,95,6,Jolteon
6-21,12:57:52,NINTEN,Pikachu,Rocket,28,Silph Co - 5F,1,1:13:52.96,1:13:52,1h13m52s,5,1,6,52,1024:33,6.24,THUNDERBOLT,SURF,LIGHT SCREEN,BODY SLAM,0,0,0,0,0,0,0,0,32,25153,Jolteon, ,Electric,Electric,145415,Pikachu95,Pikachu,,01:13:46.71,01:13:52.96,1024:33:41.58,52,5,1,13,52,96,THUNDERBOLT,SURF,LIGHT SCREEN,BODY SLAM,9,15,30,14,0,0,0,0,99,156,96,89,114,114,135,17129,21332,17525,27022,27022,26296,15,15,15,15,0,0,0,0,0,0,0,108,100,114,114,151,0,0,0,0,0,0,0,0,0,0,0,0,0,0,0,0,0,0,0,0,0,0,0,0,0,0,0,0,0,0,0,0,0,0,0,0,0,0,0,0,0,0,0,0,0,0,0,0,0,0,0,0,0,0,0,0,0,0,0,0,0,0,0,0,0,0,0,0,0,0,0,0,0,1,95,6,Jolteon
6-21,12:58:35,NINTEN,Pikachu,Rocket,37,Silph Co - 9F,3,1:14:36.13,1:14:36,1h14m36s,5,1,6,53,1024:36,17.697,THUNDERBOLT,SURF,LIGHT SCREEN,BODY SLAM,0,0,0,0,0,0,0,0,34,26353,Jolteon,Paralyzed,Electric,Electric,149223,Pikachu95,Pikachu,,01:14:18.44,01:14:36.13,1024:36:31.21,53,5,1,14,36,13,THUNDERBOLT,SURF,LIGHT SCREEN,BODY SLAM,4,15,30,14,0,0,0,0,37,159,99,91,116,116,137,17399,24170,17740,27272,27272,26458,15,15,15,15,0,0,0,0,0,0,0,111,102,116,116,38,0,0,0,0,0,0,0,0,0,0,0,0,0,0,0,0,0,0,0,0,0,0,0,0,0,0,0,0,0,0,0,0,0,0,0,0,0,0,0,0,0,0,0,0,0,0,0,0,0,0,0,0,0,0,0,0,0,0,0,0,0,0,0,0,0,0,0,0,0,0,0,0,0,1,95,6,Jolteon
6-21,12:58:59,NINTEN,Pikachu,Hypno Rocket,38,Silph Co - 9F,3,1:14:59.95,1:14:59,1h14m59s,5,1,6,53,1024:38,12.612,THUNDERBOLT,SURF,LIGHT SCREEN,BODY SLAM,0,0,0,0,0,0,0,0,35,27493,Jolteon, ,Electric,Electric,153055,Pikachu95,Pikachu,,01:14:47.34,01:14:59.95,1024:38:04.46,53,5,1,14,59,95,THUNDERBOLT,SURF,LIGHT SCREEN,BODY SLAM,12,14,30,15,0,0,0,0,159,159,99,91,116,116,137,17639,24408,17975,27492,27492,26650,15,15,15,15,0,0,0,0,0,0,0,111,102,116,116,154,0,0,0,0,0,0,0,0,0,0,0,0,0,0,0,0,0,0,0,0,0,0,0,0,0,0,0,0,0,0,0,0,0,0,0,0,0,0,0,0,0,0,0,0,0,0,0,0,0,0,0,0,0,0,0,0,0,0,0,0,0,0,0,0,0,0,0,0,0,0,0,0,0,1,95,6,Jolteon
6-21,12:59:47,NINTEN,Pikachu,Rival5-Silph,5,Silph Co - 7F,5,1:15:47.96,1:15:47,1h15m47s,5,1,6,54,1024:41,34.153,THUNDERBOLT,SURF,LIGHT SCREEN,BODY SLAM,0,0,0,0,0,0,0,0,35,28633,Jolteon, ,Electric,Electric,161824,Pikachu95,Pikachu,Rival (Silph Co.),01:15:13.81,01:15:47.96,1024:41:14.05,54,5,1,15,47,96,THUNDERBOLT,SURF,LIGHT SCREEN,BODY SLAM,11,13,30,8,0,0,0,0,67,162,101,93,118,118,140,18019,24873,18359,27962,27962,27051,15,15,15,15,0,0,-1,-1,0,0,0,127,117,77,77,176,0,0,0,0,0,0,0,0,0,0,0,0,0,0,0,0,0,0,0,0,0,0,0,0,0,0,0,0,0,0,0,0,0,0,0,0,0,0,0,0,0,0,0,0,0,0,0,0,0,0,0,0,0,0,0,0,0,0,0,0,0,0,0,0,0,0,0,0,0,0,0,0,0,1,95,6,Jolteon
6-21,13:00:29,NINTEN,Pikachu,Rocket,45,Silph Co - 11F,5,1:16:29.28,1:16:29,1h16m29s,5,1,6,55,1024:43,23.387,THUNDERBOLT,SURF,LIGHT SCREEN,BODY SLAM,0,0,0,0,0,0,0,0,35,31623,Jolteon, ,Electric,Electric,168226,Pikachu95,Pikachu,,01:16:05.89,01:16:29.28,1024:43:56.35,55,5,1,16,29,28,THUNDERBOLT,SURF,LIGHT SCREEN,BODY SLAM,6,13,30,6,0,0,0,0,84,166,103,95,121,121,143,18361,25278,18733,28327,28327,27391,15,15,15,15,0,0,0,0,0,0,0,115,106,121,121,160,0,0,0,0,0,0,0,0,0,0,0,0,0,0,0,0,0,0,0,0,0,0,0,0,0,0,0,0,0,0,0,0,0,0,0,0,0,0,0,0,0,0,0,0,0,0,0,0,0,0,0,0,0,0,0,0,0,0,0,0,0,0,0,0,0,0,0,0,0,0,0,0,0,1,95,6,Jolteon
6-21,13:01:13,NINTEN,Pikachu,Giovanni-Silph,2,Silph Co - 11F,5,1:17:13.60,1:17:13,1h17m13s,5,1,6,56,1024:46,30.15,THUNDERBOLT,SURF,LIGHT SCREEN,BODY SLAM,0,0,0,0,0,0,0,0,34,32913,Jolteon, ,Electric,Electric,176381,Pikachu95,Pikachu,Giovanni (Silph),01:16:43.45,01:17:13.60,1024:46:51.29,56,5,1,17,13,60,THUNDERBOLT,SURF,LIGHT SCREEN,BODY SLAM,1,12,30,6,0,0,0,0,104,169,105,96,123,123,145,18746,25783,19188,28587,28587,27761,15,15,15,15,0,0,0,0,0,0,0,118,108,123,123,163,0,0,0,0,0,0,0,0,0,0,0,0,0,0,0,0,0,0,0,0,0,0,0,0,0,0,0,0,0,0,0,0,0,0,0,0,0,0,0,0,0,0,0,0,0,0,0,0,0,0,0,0,0,0,0,0,0,0,0,0,0,0,0,0,0,0,0,0,0,0,0,0,0,1,95,6,Jolteon
6-21,13:02:07,NINTEN,Pikachu,Beauty,3,Saffron City - Gym,3,1:18:07.81,1:18:07,1h18m7s,5,1,6,56,1024:50,19.451,THUNDERBOLT,SURF,LIGHT SCREEN,BODY SLAM,0,0,0,0,0,0,0,0,34,37566,Jolteon, ,Electric,Electric,180236,Pikachu95,Pikachu,,01:17:48.36,01:18:07.81,1024:50:24.27,56,5,1,18,7,81,THUNDERBOLT,SURF,LIGHT SCREEN,BODY SLAM,12,15,30,14,0,0,0,0,148,169,105,96,123,123,145,18976,25983,19393,28857,28857,27986,15,15,15,15,0,0,0,0,0,0,0,118,108,123,123,163,0,0,0,0,0,0,0,0,0,0,0,0,0,0,0,0,0,0,0,0,0,0,0,0,0,0,0,0,0,0,0,0,0,0,0,0,0,0,0,0,0,0,0,0,0,0,0,0,0,0,0,0,0,0,0,0,0,0,0,0,0,0,0,0,0,0,0,0,0,0,0,0,0,1,95,6,Jolteon
6-21,13:02:22,NINTEN,Pikachu,Beauty,4,Saffron City - Gym,1,1:18:22.51,1:18:22,1h18m22s,5,1,6,56,1024:51,4.75,THUNDERBOLT,SURF,LIGHT SCREEN,BODY SLAM,0,0,0,0,0,0,0,0,34,37976,Jolteon, ,Electric,Electric,182231,Pikachu95,Pikachu,,01:18:17.76,01:18:22.51,1024:51:21.16,56,5,1,18,22,51,THUNDERBOLT,SURF,LIGHT SCREEN,BODY SLAM,11,15,30,14,0,0,0,0,148,169,105,96,123,123,145,19036,26058,19478,28957,28957,28101,15,15,15,15,0,0,0,0,0,0,0,118,108,123,123,163,0,0,0,0,0,0,0,0,0,0,0,0,0,0,0,0,0,0,0,0,0,0,0,0,0,0,0,0,0,0,0,0,0,0,0,0,0,0,0,0,0,0,0,0,0,0,0,0,0,0,0,0,0,0,0,0,0,0,0,0,0,0,0,0,0,0,0,0,0,0,0,0,0,1,95,6,Jolteon
6-21,13:05:16,NINTEN,Pikachu,Sabrina,1,Saffron City - Gym,5,1:21:16.98,1:21:16,1h21m16s,8,1,9,57,1024:56,40.131,THUNDERBOLT,CUT,LIGHT SCREEN,BODY SLAM,0,0,0,0,0,0,0,0,33,38426,Jolteon, ,Electric,Electric,189680,Pikachu95,Pikachu,Sabrina,01:20:36.84,01:21:16.98,1024:56:54.39,57,8,1,21,16,98,THUNDERBOLT,CUT,LIGHT SCREEN,BODY SLAM,11,24,29,13,0,0,0,0,5,171,107,99,126,126,148,19281,26281,19703,29532,29532,28573,15,15,15,15,0,0,-1,-1,0,0,0,120,111,83,83,166,0,0,0,0,0,0,0,0,0,0,0,0,0,0,0,0,0,0,0,0,0,0,0,0,0,0,0,0,0,0,0,0,0,0,0,0,0,0,0,0,0,0,0,0,0,0,0,0,0,0,0,0,0,0,0,0,0,0,0,0,0,0,0,0,0,0,0,0,0,0,0,0,0,1,95,9,Jolteon
6-21,13:07:35,NINTEN,Pikachu,Blaine,1,Cinnabar Island - Gym,5,1:23:35.97,1:23:35,1h23m35s,8,1,9,58,1280:06,59.339,THUNDERBOLT,SURF,LIGHT SCREEN,BODY SLAM,0,0,0,0,0,0,0,0,34,43376,Jolteon, ,Electric,Electric,200315,Pikachu95,Pikachu,Blaine,01:22:36.63,01:23:35.97,1280:06:04.22,58,8,1,23,35,97,THUNDERBOLT,SURF,LIGHT SCREEN,BODY SLAM,14,8,29,15,0,0,0,0,90,175,109,100,128,128,151,19652,26746,20063,29982,29982,29076,15,15,15,15,0,0,0,0,0,0,0,122,112,128,128,169,0,0,0,0,0,0,0,0,0,0,0,0,0,0,0,0,0,0,0,0,0,0,0,0,0,0,0,0,0,0,0,0,0,0,0,0,0,0,0,0,0,0,0,0,0,0,0,0,0,0,0,0,0,0,0,0,0,0,0,0,0,0,0,0,0,0,0,0,0,0,0,0,0,1,95,9,Jolteon
6-21,13:09:26,NINTEN,Pikachu,Blaine,1,Cinnabar Island - Gym,5,1:25:26.39,1:25:26,1h25m26s,9,1,10,58,1280:04,28.082,THUNDERBOLT,SURF,LIGHT SCREEN,BODY SLAM,0,0,0,0,0,0,0,0,34,43376,Jolteon, ,Electric,Electric,200315,Pikachu95,Pikachu,Blaine,01:24:58.31,01:25:26.39,1280:04:22.39,58,9,1,25,26,39,THUNDERBOLT,SURF,LIGHT SCREEN,BODY SLAM,15,7,29,15,0,0,0,0,92,175,109,100,128,128,151,19652,26746,20063,29982,29982,29076,15,15,15,15,0,0,0,0,0,0,0,122,112,128,128,169,0,0,0,0,0,0,0,0,0,0,0,0,0,0,0,0,0,0,0,0,0,0,0,0,0,0,0,0,0,0,0,0,0,0,0,0,0,0,0,0,0,0,0,0,0,0,0,0,0,0,0,0,0,0,0,0,0,0,0,0,0,0,0,0,0,0,0,0,0,0,0,0,0,1,95,10,Jolteon
6-21,13:12:20,NINTEN,Pikachu,Gambler,8,Route 20,2,1:28:21.00,1:28:21,1h28m21s,12,1,13,57,1280:03,7.098,THUNDERBOLT,SURF,LIGHT SCREEN,BODY SLAM,0,0,0,0,0,0,0,0,34,43376,Jolteon, ,Electric,Electric,192322,Pikachu95,Pikachu,,01:28:13.90,01:28:21.00,1280:03:28.59,57,12,1,28,21,0,THUNDERBOLT,SURF,LIGHT SCREEN,BODY SLAM,13,15,30,15,0,0,0,0,171,171,107,99,126,126,148,19426,26438,19833,29662,29662,28731,15,15,15,15,0,0,0,0,0,0,0,120,111,126,126,166,0,0,0,0,0,0,0,0,0,0,0,0,0,0,0,0,0,0,0,0,0,0,0,0,0,0,0,0,0,0,0,0,0,0,0,0,0,0,0,0,0,0,0,0,0,0,0,0,0,0,0,0,0,0,0,0,0,0,0,0,0,0,0,0,0,0,0,0,0,0,0,0,0,1,95,13,Jolteon
6-21,13:12:41,NINTEN,Pikachu,Gambler,7,Route 20,3,1:28:41.99,1:28:41,1h28m41s,12,1,13,58,1280:04,11.162,THUNDERBOLT,SURF,LIGHT SCREEN,BODY SLAM,0,0,0,0,0,0,0,0,34,46246,Jolteon, ,Electric,Electric,197867,Pikachu95,Pikachu,,01:28:30.83,01:28:41.99,1280:04:50.30,58,12,1,28,41,99,THUNDERBOLT,SURF,LIGHT SCREEN,BODY SLAM,9,15,30,15,0,0,0,0,175,175,109,100,128,128,151,19621,26798,20343,29982,29982,29016,15,15,15,15,0,0,0,0,0,0,0,122,112,128,128,169,0,0,0,0,0,0,0,0,0,0,0,0,0,0,0,0,0,0,0,0,0,0,0,0,0,0,0,0,0,0,0,0,0,0,0,0,0,0,0,0,0,0,0,0,0,0,0,0,0,0,0,0,0,0,0,0,0,0,0,0,0,0,0,0,0,0,0,0,0,0,0,0,0,1,95,13,Jolteon
6-21,13:12:52,NINTEN,Pikachu,Jr Trainer F,16,Route 20,2,1:28:53.04,1:28:53,1h28m53s,12,1,13,58,1280:05,7.512,THUNDERBOLT,SURF,LIGHT SCREEN,BODY SLAM,0,0,0,0,0,0,0,0,34,49046,Jolteon, ,Electric,Electric,200851,Pikachu95,Pikachu,,01:28:45.52,01:28:53.04,1280:05:33.24,58,12,1,28,53,4,THUNDERBOLT,SURF,LIGHT SCREEN,BODY SLAM,7,15,30,15,0,0,0,0,175,175,109,100,128,128,151,19781,26982,20473,30142,30142,29152,15,15,15,15,0,0,0,0,0,0,0,122,112,128,128,169,0,0,0,0,0,0,0,0,0,0,0,0,0,0,0,0,0,0,0,0,0,0,0,0,0,0,0,0,0,0,0,0,0,0,0,0,0,0,0,0,0,0,0,0,0,0,0,0,0,0,0,0,0,0,0,0,0,0,0,0,0,0,0,0,0,0,0,0,0,0,0,0,0,1,95,13,Jolteon
6-21,13:13:01,NINTEN,Pikachu,Fisher,10,Route 20,1,1:29:01.93,1:29:01,1h29m1s,12,1,13,58,1280:06,4.614,THUNDERBOLT,SURF,LIGHT SCREEN,BODY SLAM,0,0,0,0,0,0,0,0,34,49866,Jolteon, ,Electric,Electric,202913,Pikachu95,Pikachu,,01:28:57.31,01:29:01.93,1280:06:07.52,58,12,1,29,1,93,THUNDERBOLT,SURF,LIGHT SCREEN,BODY SLAM,6,15,30,15,0,0,0,0,175,175,109,100,128,128,151,19876,27107,20552,30242,30242,29233,15,15,15,15,0,0,0,0,0,0,0,122,112,128,128,169,0,0,0,0,0,0,0,0,0,0,0,0,0,0,0,0,0,0,0,0,0,0,0,0,0,0,0,0,0,0,0,0,0,0,0,0,0,0,0,0,0,0,0,0,0,0,0,0,0,0,0,0,0,0,0,0,0,0,0,0,0,0,0,0,0,0,0,0,0,0,0,0,0,1,95,13,Jolteon
6-21,13:13:16,NINTEN,Pikachu,Tamer,11,Route 20,3,1:29:16.29,1:29:16,1h29m16s,12,1,13,59,1280:07,11.162,THUNDERBOLT,SURF,LIGHT SCREEN,BODY SLAM,0,0,0,0,0,0,0,0,34,50091,Jolteon, ,Electric,Electric,207267,Pikachu95,Pikachu,,01:29:05.12,01:29:16.29,1280:07:03.52,59,12,1,29,16,29,THUNDERBOLT,SURF,LIGHT SCREEN,BODY SLAM,3,15,30,15,0,0,0,0,178,178,111,102,130,130,154,20089,27367,20757,30434,30434,29524,15,15,15,15,0,0,0,0,0,0,0,124,114,130,130,173,0,0,0,0,0,0,0,0,0,0,0,0,0,0,0,0,0,0,0,0,0,0,0,0,0,0,0,0,0,0,0,0,0,0,0,0,0,0,0,0,0,0,0,0,0,0,0,0,0,0,0,0,0,0,0,0,0,0,0,0,0,0,0,0,0,0,0,0,0,0,0,0,0,1,95,13,Jolteon
6-21,13:14:38,NINTEN,Pikachu,Blaine,1,Cinnabar Island - Gym,5,1:30:38.25,1:30:38,1h30m38s,13,0,13,60,1280:11,35.142,THUNDERBOLT,SURF,LIGHT SCREEN,BODY SLAM,0,0,0,0,0,0,0,0,34,51116,Jolteon, ,Electric,Electric,217902,Pikachu95,Pikachu,Blaine,01:30:03.11,01:30:38.25,1280:11:23.44,60,13,1,30,38,25,THUNDERBOLT,SURF,LIGHT SCREEN,BODY SLAM,14,7,29,15,0,0,0,0,9,181,113,104,133,133,156,20460,27832,21117,30884,30884,30027,15,15,15,15,0,0,0,0,0,0,0,127,117,133,133,175,0,0,0,0,0,0,0,0,0,0,0,0,0,0,0,0,0,0,0,0,0,0,0,0,0,0,0,0,0,0,0,0,0,0,0,0,0,0,0,0,0,0,0,0,0,0,0,0,0,0,0,0,0,0,0,0,0,0,0,0,0,0,0,0,0,0,0,0,0,0,0,0,0,0,95,13,Jolteon
6-21,13:16:39,NINTEN,Pikachu,Cooltrainer M,10,Viridian City - Gym,3,1:32:39.25,1:32:39,1h32m39s,14,0,14,60,1280:18,16.778,THUNDERBOLT,SURF,LIGHT SCREEN,BODY SLAM,0,0,0,0,0,0,0,0,35,55563,Jolteon, ,Electric,Electric,223559,Pikachu95,Pikachu,,01:32:22.47,01:32:39.25,1280:18:26.50,60,14,1,32,39,25,THUNDERBOLT,SURF,LIGHT SCREEN,BODY SLAM,15,13,30,12,0,0,0,0,45,181,113,104,133,133,156,20680,28097,21382,31119,31119,30282,15,15,15,15,0,0,0,0,0,0,0,127,117,149,149,175,0,0,0,0,0,0,0,0,0,0,0,0,0,0,0,0,0,0,0,0,0,0,0,0,0,0,0,0,0,0,0,0,0,0,0,0,0,0,0,0,0,0,0,0,0,0,0,0,0,0,0,0,0,0,0,0,0,0,0,0,0,0,0,0,0,0,0,0,0,0,0,0,0,0,95,14,Jolteon
6-21,13:17:08,NINTEN,Pikachu,Bird Keeper,8,Viridian City - Gym,3,1:33:08.44,1:33:08,1h33m8s,14,0,14,61,1280:20,19.177,THUNDERBOLT,SURF,LIGHT SCREEN,BODY SLAM,0,0,0,0,0,0,0,0,34,57348,Jolteon, ,Electric,Electric,228201,Pikachu95,Pikachu,,01:32:49.26,01:33:08.44,1280:20:21.43,61,14,1,33,8,44,THUNDERBOLT,SURF,LIGHT SCREEN,BODY SLAM,13,13,30,9,0,0,0,0,161,184,116,106,135,135,159,20885,28367,21601,31334,31334,30496,15,15,15,15,0,0,0,0,0,0,0,130,119,151,151,178,0,0,0,0,0,0,0,0,0,0,0,0,0,0,0,0,0,0,0,0,0,0,0,0,0,0,0,0,0,0,0,0,0,0,0,0,0,0,0,0,0,0,0,0,0,0,0,0,0,0,0,0,0,0,0,0,0,0,0,0,0,0,0,0,0,0,0,0,0,0,0,0,0,0,95,14,Jolteon
6-21,13:19:08,NINTEN,Pikachu,Cooltrainer M,1,Viridian City - Gym,2,1:35:08.79,1:35:08,1h35m8s,16,0,16,61,1280:23,13.88,THUNDERBOLT,SURF,LIGHT SCREEN,BODY SLAM,0,0,0,0,0,0,0,0,34,58623,Jolteon, ,Electric,Electric,232534,Pikachu95,Pikachu,,01:34:54.91,01:35:08.79,1280:23:33.46,61,16,1,35,8,79,THUNDERBOLT,SURF,LIGHT SCREEN,BODY SLAM,13,9,30,9,0,0,0,0,76,184,116,106,135,135,159,21056,28541,21765,31484,31484,30657,15,15,15,15,0,0,0,0,0,0,0,130,119,151,151,178,0,0,0,0,0,0,0,0,0,0,0,0,0,0,0,0,0,0,0,0,0,0,0,0,0,0,0,0,0,0,0,0,0,0,0,0,0,0,0,0,0,0,0,0,0,0,0,0,0,0,0,0,0,0,0,0,0,0,0,0,0,0,0,0,0,0,0,0,0,0,0,0,0,0,95,16,Jolteon
6-21,13:19:27,NINTEN,Pikachu,Cooltrainer M,9,Viridian City - Gym,2,1:35:27.33,1:35:27,1h35m27s,16,0,16,61,1280:24,8.346,THUNDERBOLT,SURF,LIGHT SCREEN,BODY SLAM,0,0,0,0,0,0,0,0,34,60443,Jolteon, ,Electric,Electric,235792,Pikachu95,Pikachu,,01:35:18.98,01:35:27.33,1280:24:45.55,61,16,1,35,27,33,THUNDERBOLT,SURF,LIGHT SCREEN,BODY SLAM,13,7,30,9,0,0,0,0,184,184,116,106,135,135,159,21191,28721,21985,31619,31619,30767,15,15,15,15,0,0,0,0,0,0,0,130,119,151,151,178,0,0,0,0,0,0,0,0,0,0,0,0,0,0,0,0,0,0,0,0,0,0,0,0,0,0,0,0,0,0,0,0,0,0,0,0,0,0,0,0,0,0,0,0,0,0,0,0,0,0,0,0,0,0,0,0,0,0,0,0,0,0,0,0,0,0,0,0,0,0,0,0,0,0,95,16,Jolteon
6-21,13:19:39,NINTEN,Pikachu,Bird Keeper,6,Viridian City - Gym,2,1:35:39.29,1:35:39,1h35m39s,16,0,16,62,1280:25,8.351,THUNDERBOLT,SURF,LIGHT SCREEN,BODY SLAM,0,0,0,0,0,0,0,0,34,62298,Jolteon, ,Electric,Electric,239479,Pikachu95,Pikachu,,01:35:30.94,01:35:39.29,1280:25:32.31,62,16,1,35,39,29,THUNDERBOLT,SURF,LIGHT SCREEN,BODY SLAM,11,7,30,9,0,0,0,0,187,187,117,108,137,137,162,21361,28906,22150,31739,31739,30882,15,15,15,15,0,0,0,0,0,0,0,131,121,154,154,182,0,0,0,0,0,0,0,0,0,0,0,0,0,0,0,0,0,0,0,0,0,0,0,0,0,0,0,0,0,0,0,0,0,0,0,0,0,0,0,0,0,0,0,0,0,0,0,0,0,0,0,0,0,0,0,0,0,0,0,0,0,0,0,0,0,0,0,0,0,0,0,0,0,0,95,16,Jolteon
6-21,13:24:13,NINTEN,Pikachu,Giovanni,3,Viridian City - Gym,5,1:40:13.49,1:40:13,1h40m13s,18,0,18,63,1280:40,30.801,THUNDERBOLT,SURF,LIGHT SCREEN,BODY SLAM,0,0,0,0,0,0,0,0,34,15899,Jolteon, ,Electric,Electric,256231,Pikachu95,Pikachu,Giovanni,01:39:42.69,01:40:13.49,1280:40:26.46,63,18,1,40,13,49,THUNDERBOLT,SURF,LIGHT SCREEN,BODY SLAM,14,9,30,15,0,0,0,0,39,190,120,110,140,140,165,21944,29635,22738,32304,32304,31668,15,15,15,15,0,0,0,0,0,0,0,135,123,157,157,185,0,0,0,0,0,0,0,0,0,0,0,0,0,0,0,0,0,0,0,0,0,0,0,0,0,0,0,0,0,0,0,0,0,0,0,0,0,0,0,0,0,0,0,0,0,0,0,0,0,0,0,0,0,0,0,0,0,0,0,0,0,0,0,0,0,0,0,0,0,0,0,0,0,0,95,18,Jolteon
6-21,13:25:43,NINTEN,Pikachu,Rival6-Route 22,8,Route 22,6,1:41:43.66,1:41:43,1h41m43s,18,0,18,64,1280:46,63.545,THUNDERBOLT,SURF,LIGHT SCREEN,BODY SLAM,0,0,0,0,0,0,0,0,35,21344,Jolteon, ,Electric,Electric,268861,Pikachu95,Pikachu,Rival (Final),01:40:40.11,01:41:43.66,1280:46:23.40,64,18,1,41,43,66,THUNDERBOLT,SURF,LIGHT SCREEN,BODY SLAM,14,11,30,7,0,0,0,0,10,193,122,112,142,142,167,22392,30115,23193,32904,32904,32204,15,15,15,15,0,0,0,0,0,0,0,137,126,159,159,187,0,0,0,0,0,0,0,0,0,0,0,0,0,0,0,0,0,0,0,0,0,0,0,0,0,0,0,0,0,0,0,0,0,0,0,0,0,0,0,0,0,0,0,0,0,0,0,0,0,0,0,0,0,0,0,0,0,0,0,0,0,0,0,0,0,0,0,0,0,0,0,0,0,0,95,18,Jolteon
6-21,13:30:29,NINTEN,Pikachu,Rival6-Route 22,8,Route 22,6,1:46:29.86,1:46:29,1h46m29s,19,0,19,74,1280:46,32.159,THUNDERBOLT,SURF,LIGHT SCREEN,BODY SLAM,0,0,0,0,0,0,0,0,34,21344,Jolteon, ,Electric,Electric,417854,Pikachu95,Pikachu,Rival (Final),01:45:57.71,01:46:29.86,1280:46:07.02,74,19,1,46,29,86,THUNDERBOLT,SURF,LIGHT SCREEN,BODY SLAM,14,13,30,9,0,0,0,0,185,222,140,128,164,164,192,22392,30115,23193,32904,32904,32204,15,15,15,15,0,0,0,0,0,0,0,157,144,184,184,216,0,0,0,0,0,0,0,0,0,0,0,0,0,0,0,0,0,0,0,0,0,0,0,0,0,0,0,0,0,0,0,0,0,0,0,0,0,0,0,0,0,0,0,0,0,0,0,0,0,0,0,0,0,0,0,0,0,0,0,0,0,0,0,0,0,0,0,0,0,0,0,0,0,0,95,19,Jolteon
6-21,13:36:59,NINTEN,Pikachu,Lorelei,1,Lorelei's Room,5,1:53:00.00,1:53:00,1h53m0s,19,0,19,75,1536:11,62.394,THUNDERBOLT,SURF,LIGHT SCREEN,BODY SLAM,0,0,0,0,0,0,0,0,31,25254,Jolteon, ,Electric,Electric,428605,Pikachu95,Pikachu,Lorelei,01:51:57.61,01:53:00.00,1536:11:51.55,75,19,1,53,0,0,THUNDERBOLT,SURF,LIGHT SCREEN,BODY SLAM,11,15,29,14,0,0,0,0,225,225,142,131,166,166,196,22822,30490,23678,33354,33354,32529,15,15,15,15,0,0,0,0,0,0,0,159,147,186,186,220,0,0,0,0,0,0,0,0,0,0,0,0,0,0,0,0,0,0,0,0,0,0,0,0,0,0,0,0,0,0,0,0,0,0,0,0,0,0,0,0,0,0,0,0,0,0,0,0,0,0,0,0,0,0,0,0,0,0,0,0,0,0,0,0,0,0,0,0,0,0,0,0,0,0,95,19,Jolteon
6-21,13:37:41,NINTEN,Pikachu,Bruno,1,Bruno's Room,5,1:53:41.94,1:53:41,1h53m41s,19,0,19,75,1536:14,33.256,THUNDERBOLT,SURF,LIGHT SCREEN,BODY SLAM,0,0,0,0,0,0,0,0,31,30897,Jolteon, ,Electric,Electric,437925,Pikachu95,Pikachu,Bruno,01:53:08.68,01:53:41.94,1536:14:37.26,75,19,1,53,41,94,THUNDERBOLT,SURF,LIGHT SCREEN,BODY SLAM,6,14,29,14,0,0,0,0,200,225,142,131,166,166,196,23202,30955,24162,33719,33719,32908,15,15,15,15,0,0,0,0,0,0,0,159,147,186,186,220,0,0,0,0,0,0,0,0,0,0,0,0,0,0,0,0,0,0,0,0,0,0,0,0,0,0,0,0,0,0,0,0,0,0,0,0,0,0,0,0,0,0,0,0,0,0,0,0,0,0,0,0,0,0,0,0,0,0,0,0,0,0,0,0,0,0,0,0,0,0,0,0,0,0,95,19,Jolteon
6-21,13:38:42,NINTEN,Pikachu,Agatha,1,Agatha's Room,5,1:54:42.88,1:54:42,1h54m42s,19,0,19,76,1536:18,41.371,THUNDERBOLT,SURF,LIGHT SCREEN,BODY SLAM,0,0,0,0,0,0,0,0,31,36639,Jolteon, ,Electric,Electric,448110,Pikachu95,Pikachu,Agatha,01:54:01.51,01:54:42.88,1536:18:38.10,76,19,1,54,42,88,THUNDERBOLT,SURF,LIGHT SCREEN,BODY SLAM,1,11,29,14,0,0,0,0,68,228,144,133,169,169,198,23519,31340,24531,34199,34199,33363,15,15,15,15,0,0,-1,-1,0,0,0,182,167,124,124,249,0,0,0,0,0,0,0,0,0,0,0,0,0,0,0,0,0,0,0,0,0,0,0,0,0,0,0,0,0,0,0,0,0,0,0,0,0,0,0,0,0,0,0,0,0,0,0,0,0,0,0,0,0,0,0,0,0,0,0,0,0,0,0,0,0,0,0,0,0,0,0,0,0,0,95,19,Jolteon
6-21,13:40:29,NINTEN,Pikachu,Lance,1,Lance's Room,5,1:56:29.81,1:56:29,1h56m29s,19,0,19,77,1536:25,50.775,THUNDERBOLT,SURF,LIGHT SCREEN,MIMIC,0,0,0,0,0,0,0,0,28,42480,Jolteon,Paralyzed,Electric,Electric,461930,Pikachu95,Pikachu,Lance,01:55:39.03,01:56:29.81,1536:25:41.28,77,19,1,56,29,81,THUNDERBOLT,SURF,LIGHT SCREEN,MIMIC,16,21,29,10,2,2,0,0,113,231,146,135,171,171,202,23954,31922,24943,34654,34654,33834,15,15,15,15,0,0,0,0,0,0,0,164,151,192,192,56,0,0,0,0,0,0,0,0,0,0,0,0,0,0,0,0,0,0,0,0,0,0,0,0,0,0,0,0,0,0,0,0,0,0,0,0,0,0,0,0,0,0,0,0,0,0,0,0,0,0,0,0,0,0,0,0,0,0,0,0,0,0,0,0,0,0,0,0,0,0,0,0,0,0,95,19,Jolteon
6-21,13:43:36,NINTEN,Pikachu,Champion,1,Champions Room,6,1:59:36.66,1:59:36,1h59m36s,20,0,20,78,1536:33,61.697,THUNDERBOLT,SURF,FLY,CUT,0,0,0,0,0,0,0,0,28,48618,Jolteon,Paralyzed,Electric,Electric,478292,Pikachu95,Pikachu,Champion,01:58:34.96,01:59:36.66,1536:33:46.39,78,20,1,59,36,66,THUNDERBOLT,SURF,FLY,CUT,20,14,15,28,2,2,0,0,158,235,149,137,174,174,204,24459,32497,25412,35249,35249,34355,15,15,15,15,0,0,0,0,0,0,0,167,154,195,195,57,0,0,0,0,0,0,0,0,0,0,0,0,0,0,0,0,0,0,0,0,0,0,0,0,0,0,0,0,0,0,0,0,0,0,0,0,0,0,0,0,0,0,0,0,0,0,0,0,0,0,0,0,0,0,0,0,0,0,0,0,0,0,0,0,0,0,0,0,0,0,0,0,0,0,95,20,Jolteon
6-21,13:43:58,NINTEN,Pikachu,Champion,1,Hall of Fame,6,1:59:36.66,1:59:36,1h59m36s,20,0,20,78,1536:35,84.167,THUNDERBOLT,SURF,FLY,CUT,0,0,0,0,0,0,0,0,28,55053,Jolteon,Paralyzed,Electric,Electric,478292,Pikachu95,Pikachu,Champion,01:58:34.96,01:59:36.66,1536:35:14.09,78,20,1,59,36,66,THUNDERBOLT,SURF,FLY,CUT,20,14,15,28,2,2,0,0,158,235,149,137,174,174,204,24459,32497,25412,35249,35249,34355,15,15,15,15,0,0,0,0,0,0,0,167,154,195,195,57,0,0,0,0,0,0,0,0,0,0,0,0,0,0,0,0,0,0,0,0,0,0,0,0,0,0,0,0,0,0,0,0,0,0,0,0,0,0,0,0,0,0,0,0,0,0,0,0,0,0,0,0,0,0,0,0,0,0,0,0,0,0,0,0,0,0,0,0,0,0,0,0,0,0,95,20,Jolteon
6-21,13:47:16,NINTEN,Pikachu,Smith,1,Power Plant,6,1:59:36.66,1:59:36,1h59m36s,20,0,20,78,1536:47,32.783,THUNDERBOLT,SURF,FLY,CUT,0,0,0,0,0,0,0,0,27,55053,Jolteon, ,Electric,Electric,492205,Pikachu95,Pikachu,,01:59:36.66,01:59:36.66,1536:47:45.46,78,20,1,59,36,66,THUNDERBOLT,SURF,FLY,CUT,17,18,15,29,2,2,0,0,204,235,149,137,174,174,204,24999,33077,25947,35774,35774,34865,15,15,15,15,0,0,0,0,0,0,0,167,154,195,195,229,0,0,0,0,0,0,0,0,0,0,0,0,0,0,0,0,0,0,0,0,0,0,0,0,0,0,0,0,0,0,0,0,0,0,0,0,0,0,0,0,0,0,0,0,0,0,0,0,0,0,0,0,0,0,0,0,0,0,0,0,0,0,0,0,0,0,0,0,0,0,0,0,0,0,95,20,Jolteon
6-21,13:48:39,NINTEN,Pikachu,Brock,2,Pewter City - Gym,6,1:59:36.66,1:59:36,1h59m36s,20,0,20,79,1536:53,32.36,THUNDERBOLT,SURF,FLY,CUT,0,0,0,0,0,0,0,0,27,60498,Jolteon, ,Electric,Electric,508412,Pikachu95,Pikachu,,01:59:36.66,01:59:36.66,1536:53:13.06,79,20,1,59,36,66,THUNDERBOLT,SURF,FLY,CUT,18,17,15,30,2,2,0,0,238,238,151,139,176,176,207,25527,33713,26692,36364,36364,35460,15,15,15,15,0,0,0,0,0,0,0,169,156,198,198,232,0,0,0,0,0,0,0,0,0,0,0,0,0,0,0,0,0,0,0,0,0,0,0,0,0,0,0,0,0,0,0,0,0,0,0,0,0,0,0,0,0,0,0,0,0,0,0,0,0,0,0,0,0,0,0,0,0,0,0,0,0,0,0,0,0,0,0,0,0,0,0,0,0,0,95,20,Jolteon
6-21,13:49:24,NINTEN,Pikachu,Misty,2,Cerulean City - Gym,6,1:59:36.66,1:59:36,1h59m36s,20,0,20,80,1536:56,28.592,THUNDERBOLT,SURF,FLY,CUT,0,0,0,0,0,0,0,0,27,66933,Jolteon, ,Electric,Electric,524413,Pikachu95,Pikachu,,01:59:36.66,01:59:36.66,1536:56:08.24,80,20,1,59,36,66,THUNDERBOLT,SURF,FLY,CUT,11,17,15,30,2,2,0,0,166,242,153,141,179,179,210,26061,34168,27190,36929,36929,35948,15,15,15,15,0,0,0,0,0,0,0,172,158,201,201,236,0,0,0,0,0,0,0,0,0,0,0,0,0,0,0,0,0,0,0,0,0,0,0,0,0,0,0,0,0,0,0,0,0,0,0,0,0,0,0,0,0,0,0,0,0,0,0,0,0,0,0,0,0,0,0,0,0,0,0,0,0,0,0,0,0,0,0,0,0,0,0,0,0,0,95,20,Jolteon
6-21,13:50:09,NINTEN,Pikachu,Surge,1,Vermilion City - Gym,1,1:59:36.66,1:59:36,1h59m36s,20,0,20,80,1536:59,21.28,THUNDERBOLT,SURF,FLY,CUT,0,0,0,0,0,0,0,0,27,73368,Jolteon, ,Electric,Electric,525170,Pikachu95,Pikachu,Lt. Surge,01:59:36.66,01:59:36.66,1536:59:08.08,80,20,1,59,36,66,THUNDERBOLT,SURF,FLY,CUT,21,20,15,30,2,2,0,0,242,242,153,141,179,179,210,26121,34258,27245,37019,37019,36048,15,15,15,15,0,0,0,0,0,0,0,172,158,201,201,236,0,0,0,0,0,0,0,0,0,0,0,0,0,0,0,0,0,0,0,0,0,0,0,0,0,0,0,0,0,0,0,0,0,0,0,0,0,0,0,0,0,0,0,0,0,0,0,0,0,0,0,0,0,0,0,0,0,0,0,0,0,0,0,0,0,0,0,0,0,0,0,0,0,0,95,20,Jolteon
6-21,13:51:13,NINTEN,Pikachu,,1,Vermilion City,6,1:59:36.66,1:59:36,1h59m36s,20,0,20,81,1792:03,33.938,THUNDERBOLT,SURF,FLY,CUT,0,0,0,0,0,0,0,0,27,76239,Jolteon, ,Electric,Electric,540194,Pikachu95,Pikachu,,01:59:36.66,01:59:36.66,1792:03:19.25,81,20,1,59,36,66,THUNDERBOLT,SURF,FLY,CUT,18,19,13,30,2,2,0,0,244,244,155,143,181,181,213,26558,34746,27755,37564,37564,36512,15,15,15,15,0,0,0,0,0,0,0,174,160,203,203,239,0,0,0,0,0,0,0,0,0,0,0,0,0,0,0,0,0,0,0,0,0,0,0,0,0,0,0,0,0,0,0,0,0,0,0,0,0,0,0,0,0,0,0,0,0,0,0,0,0,0,0,0,0,0,0,0,0,0,0,0,0,0,0,0,0,0,0,0,0,0,0,0,0,0,95,20,Jolteon
6-21,13:53:19,NINTEN,Pikachu,Erika,4,Celadon City - Gym,6,19:08.75,19:08,0h19m8s,21,0,21,82,1792:08,34.941,THUNDERBOLT,SURF,FLY,CUT,0,0,0,0,0,0,0,0,27,82674,Jolteon, ,Electric,Electric,555203,Pikachu95,Pikachu,,00:18:33.80,00:19:08.75,1792:08:31.53,82,21,0,19,8,75,THUNDERBOLT,SURF,FLY,CUT,21,21,10,28,2,2,0,0,115,248,158,146,184,184,216,27028,35258,28268,38169,38169,36857,15,15,15,15,0,0,0,0,0,0,0,177,164,207,207,243,0,0,0,0,0,0,0,0,0,0,0,0,0,0,0,0,0,0,0,0,0,0,0,0,0,0,0,0,0,0,0,0,0,0,0,0,0,0,0,0,0,0,0,0,0,0,0,0,0,0,0,0,0,0,0,0,0,0,0,0,0,0,0,0,0,0,0,0,0,0,0,0,0,0,95,21,Jolteon
6-21,13:55:04,NINTEN,Pikachu,,1,Fuchsia City - Pokecenter,6,20:53.38,20:53,0h20m53s,21,0,21,82,1792:15,63.769,THUNDERBOLT,SURF,FLY,CUT,0,0,0,0,0,0,0,0,27,89109,Jolteon, ,Electric,Electric,570980,Pikachu95,Pikachu,,00:19:49.61,00:20:53.38,1792:15:25.47,82,21,0,20,53,38,THUNDERBOLT,SURF,FLY,CUT,11,21,14,29,2,2,0,0,155,248,158,146,184,184,216,27773,35708,28658,38699,38699,37237,15,15,15,15,0,0,0,0,0,0,0,177,164,207,207,243,0,0,0,0,0,0,0,0,0,0,0,0,0,0,0,0,0,0,0,0,0,0,0,0,0,0,0,0,0,0,0,0,0,0,0,0,0,0,0,0,0,0,0,0,0,0,0,0,0,0,0,0,0,0,0,0,0,0,0,0,0,0,0,0,0,0,0,0,0,0,0,0,0,0,95,21,Jolteon
6-21,13:56:10,NINTEN,Pikachu,Koga,3,Fuchsia City - Gym,6,21:59.20,21:59,0h21m59s,21,0,21,83,1792:19,41.044,THUNDERBOLT,SURF,FLY,CUT,0,0,0,0,0,0,0,0,27,95544,Jolteon, ,Electric,Electric,584633,Pikachu95,Pikachu,,00:21:18.15,00:21:59.20,1792:19:46.07,83,21,0,21,59,20,THUNDERBOLT,SURF,FLY,CUT,14,21,14,30,2,2,0,0,148,251,160,147,186,186,219,28230,36223,29117,39224,39224,37737,15,15,15,15,0,0,0,0,0,0,0,180,165,209,209,246,0,0,0,0,0,0,0,0,0,0,0,0,0,0,0,0,0,0,0,0,0,0,0,0,0,0,0,0,0,0,0,0,0,0,0,0,0,0,0,0,0,0,0,0,0,0,0,0,0,0,0,0,0,0,0,0,0,0,0,0,0,0,0,0,0,0,0,0,0,0,0,0,0,0,95,21,Jolteon
6-21,13:58:47,NINTEN,Pikachu,Sabrina,3,Saffron City - Gym,6,24:36.32,24:36,0h24m36s,22,0,22,84,1792:27,35.44,THUNDERBOLT,SURF,FLY,CUT,0,0,0,0,0,0,0,0,27,101979,Jolteon, ,Electric,Electric,598109,Pikachu95,Pikachu,,00:24:00.88,00:24:36.32,1792:27:07.05,84,22,0,24,36,32,THUNDERBOLT,SURF,FLY,CUT,19,21,15,24,2,2,0,0,140,255,162,150,189,189,221,28630,36581,29502,39879,39879,38249,15,15,15,15,0,0,0,0,0,0,0,182,168,212,212,248,0,0,0,0,0,0,0,0,0,0,0,0,0,0,0,0,0,0,0,0,0,0,0,0,0,0,0,0,0,0,0,0,0,0,0,0,0,0,0,0,0,0,0,0,0,0,0,0,0,0,0,0,0,0,0,0,0,0,0,0,0,0,0,0,0,0,0,0,0,0,0,0,0,0,95,22,Jolteon
6-21,13:59:57,NINTEN,Pikachu,Blaine,2,Cinnabar Island - Gym,6,25:46.26,25:46,0h25m46s,22,0,22,84,1792:31,29.885,THUNDERBOLT,SURF,FLY,CUT,0,0,0,0,0,0,0,0,27,108414,Jolteon, ,Electric,Electric,614051,Pikachu95,Pikachu,,00:25:16.37,00:25:46.26,1792:31:42.37,84,22,0,25,46,26,THUNDERBOLT,SURF,FLY,CUT,20,16,15,30,2,2,0,0,255,255,162,150,189,189,221,29066,37176,29922,40439,40439,38817,15,15,15,15,0,0,0,0,0,0,0,182,168,212,212,248,0,0,0,0,0,0,0,0,0,0,0,0,0,0,0,0,0,0,0,0,0,0,0,0,0,0,0,0,0,0,0,0,0,0,0,0,0,0,0,0,0,0,0,0,0,0,0,0,0,0,0,0,0,0,0,0,0,0,0,0,0,0,0,0,0,0,0,0,0,0,0,0,0,0,95,22,Jolteon
6-21,14:03:56,NINTEN,Pikachu,Rival1-Lab,1,Route 1,6,29:45.62,29:45,0h29m45s,24,0,24,85,1792:38,30.968,THUNDERBOLT,SURF,FLY,REFLECT,0,0,0,0,0,0,0,0,26,114849,Jolteon, ,Electric,Electric,631776,Pikachu95,Pikachu,Rival (Lab),00:29:14.65,00:29:45.62,1792:38:04.55,85,24,0,29,45,62,THUNDERBOLT,SURF,FLY,REFLECT,15,15,13,19,2,2,0,0,163,258,164,152,192,192,225,29619,37727,30420,40929,40929,39300,15,15,15,15,0,0,0,0,0,0,0,184,171,216,216,253,0,0,0,0,0,0,0,0,0,0,0,0,0,0,0,0,0,0,0,0,0,0,0,0,0,0,0,0,0,0,0,0,0,0,0,0,0,0,0,0,0,0,0,0,0,0,0,0,0,0,0,0,0,0,0,0,0,0,0,0,0,0,0,0,0,0,0,0,0,0,0,0,0,0,95,24,Jolteon
6-21,14:06:27,NINTEN,Pikachu,Prof Oak,1,Unknown Dungeon,6,32:16.27,32:16,0h32m16s,24,0,24,86,1792:48,53.894,THUNDERBOLT,SURF,FLY,REFLECT,0,0,0,0,0,0,0,0,26,121779,Jolteon,Paralyzed,Electric,Electric,648499,Pikachu95,Pikachu,,00:31:22.38,00:32:16.27,1792:48:00.44,86,24,0,32,16,27,THUNDERBOLT,SURF,FLY,REFLECT,14,21,13,20,2,2,0,0,59,261,166,153,194,194,227,30029,38192,30835,41544,41544,39985,15,15,15,15,0,0,-1,-1,0,0,0,209,193,144,144,17,0,0,0,0,0,0,0,0,0,0,0,0,0,0,0,0,0,0,0,0,0,0,0,0,0,0,0,0,0,0,0,0,0,0,0,0,0,0,0,0,0,0,0,0,0,0,0,0,0,0,0,0,0,0,0,0,0,0,0,0,0,0,0,0,0,0,0,0,0,0,0,0,0,0,95,24,Jolteon
6-21,14:55:24,NINTEN,Pikachu,Fisher,3,Route 19,3,1:21:13.14,1:21:13,1h21m13s,24,0,24,86,2048:04,11.021,THUNDERBOLT,SURF,FLY,REFLECT,0,0,0,0,0,0,0,0,26,128214,Jolteon, ,Electric,Electric,655255,Pikachu95,Pikachu,,01:21:02.12,01:21:13.14,2048:04:07.27,86,24,1,21,13,14,THUNDERBOLT,SURF,FLY,REFLECT,18,21,15,20,2,2,0,0,261,261,166,153,194,194,227,30330,38534,31170,41973,41973,40383,15,15,15,15,0,0,0,0,0,0,0,186,172,218,218,255,0,0,0,0,0,0,0,0,0,0,0,0,0,0,0,0,0,0,0,0,0,0,0,0,0,0,0,0,0,0,0,0,0,0,0,0,0,0,0,0,0,0,0,0,0,0,0,0,0,0,0,0,0,0,0,0,0,0,0,0,0,0,0,0,0,0,0,0,0,0,0,0,0,0,95,24,Jolteon
6-21,14:57:09,NINTEN,Pikachu,,1,Seafoam Islands,6,1:22:58.69,1:22:58,1h22m58s,24,0,24,87,2048:11,24.718,THUNDERBOLT,SURF,FLY,REFLECT,0,0,0,0,0,0,0,0,27,85714,Jolteon, ,Electric,Electric,667627,Pikachu95,Pikachu,,01:22:33.97,01:22:58.69,2048:11:04.52,87,24,1,22,58,69,THUNDERBOLT,SURF,FLY,REFLECT,12,20,15,20,2,2,0,0,237,264,169,156,197,197,231,30923,39068,31673,42503,42503,40828,15,15,15,15,0,0,0,0,0,0,0,190,175,221,221,259,0,0,0,0,0,0,0,0,0,0,0,0,0,0,0,0,0,0,0,0,0,0,0,0,0,0,0,0,0,0,0,0,0,0,0,0,0,0,0,0,0,0,0,0,0,0,0,0,0,0,0,0,0,0,0,0,0,0,0,0,0,0,0,0,0,0,0,0,0,0,0,0,0,0,95,24,Jolteon
6-21,15:00:47,NINTEN,Pikachu,Lorelei,2,Lorelei's Room,6,1:26:36.24,1:26:36,1h26m36s,26,0,26,88,2048:19,34.311,THUNDERBOLT,SURF,FLY,CUT,0,0,0,0,0,0,0,0,30,61159,Jolteon, ,Electric,Electric,686576,Pikachu95,Pikachu,,01:26:01.93,01:26:36.24,2048:19:29.47,88,26,1,26,36,24,THUNDERBOLT,SURF,FLY,CUT,14,21,15,29,2,2,0,0,102,268,171,159,200,200,234,31558,39633,32383,43233,43233,41313,15,15,15,15,0,0,0,0,0,0,0,192,178,225,225,263,0,0,0,0,0,0,0,0,0,0,0,0,0,0,0,0,0,0,0,0,0,0,0,0,0,0,0,0,0,0,0,0,0,0,0,0,0,0,0,0,0,0,0,0,0,0,0,0,0,0,0,0,0,0,0,0,0,0,0,0,0,0,0,0,0,0,0,0,0,0,0,0,0,0,95,26,Jolteon
6-21,15:01:24,NINTEN,Pikachu,Bruno,2,Bruno's Room,6,1:27:13.66,1:27:13,1h27m13s,26,0,26,88,2048:21,26.75,THUNDERBOLT,SURF,FLY,CUT,0,0,0,0,0,0,0,0,30,68287,Jolteon, ,Electric,Electric,701694,Pikachu95,Pikachu,,01:26:46.92,01:27:13.66,2048:21:57.00,88,26,1,27,13,66,THUNDERBOLT,SURF,FLY,CUT,7,20,15,29,2,2,0,0,183,268,171,159,200,200,234,32113,40263,32911,43663,43663,41641,15,15,15,15,0,0,0,0,0,0,0,192,178,225,225,263,0,0,0,0,0,0,0,0,0,0,0,0,0,0,0,0,0,0,0,0,0,0,0,0,0,0,0,0,0,0,0,0,0,0,0,0,0,0,0,0,0,0,0,0,0,0,0,0,0,0,0,0,0,0,0,0,0,0,0,0,0,0,0,0,0,0,0,0,0,0,0,0,0,0,95,26,Jolteon
6-21,15:02:17,NINTEN,Pikachu,Agatha,2,Agatha's Room,6,1:28:06.39,1:28:06,1h28m6s,26,0,26,89,2048:25,42.033,THUNDERBOLT,SURF,FLY,CUT,0,0,0,0,0,0,0,0,30,75514,Jolteon, ,Electric,Electric,718303,Pikachu95,Pikachu,,01:27:24.36,01:28:06.39,2048:25:25.03,89,26,1,28,6,39,THUNDERBOLT,SURF,FLY,CUT,4,20,13,26,2,2,0,0,8,272,174,160,202,202,237,32530,40730,33282,44288,44288,42217,15,15,15,15,0,0,0,0,0,0,0,195,180,227,227,266,0,0,0,0,0,0,0,0,0,0,0,0,0,0,0,0,0,0,0,0,0,0,0,0,0,0,0,0,0,0,0,0,0,0,0,0,0,0,0,0,0,0,0,0,0,0,0,0,0,0,0,0,0,0,0,0,0,0,0,0,0,0,0,0,0,0,0,0,0,0,0,0,0,0,95,26,Jolteon
6-21,15:04:03,NINTEN,Pikachu,Lance,2,Lance's Room,6,1:29:52.20,1:29:52,1h29m52s,28,0,28,90,2048:28,28.617,THUNDERBOLT,SURF,FLY,CUT,0,0,0,0,0,0,0,0,29,82741,Jolteon, ,Electric,Electric,736030,Pikachu95,Pikachu,,01:29:23.58,01:29:52.20,2048:28:26.24,90,28,1,29,52,20,THUNDERBOLT,SURF,FLY,CUT,9,16,13,26,2,2,0,0,74,275,176,163,205,205,239,33119,41346,33737,44753,44753,42717,15,15,15,15,0,0,0,0,0,0,0,198,183,230,230,268,0,0,0,0,0,0,0,0,0,0,0,0,0,0,0,0,0,0,0,0,0,0,0,0,0,0,0,0,0,0,0,0,0,0,0,0,0,0,0,0,0,0,0,0,0,0,0,0,0,0,0,0,0,0,0,0,0,0,0,0,0,0,0,0,0,0,0,0,0,0,0,0,0,0,95,28,Jolteon
6-21,15:04:53,NINTEN,Pikachu,Rival3,4,Champions Room,6,1:30:42.41,1:30:42,1h30m42s,28,0,28,91,2048:31,34.547,THUNDERBOLT,SURF,FLY,CUT,0,0,0,0,0,0,0,0,29,90166,Jolteon, ,Electric,Electric,755326,Pikachu95,Pikachu,,01:30:07.86,01:30:42.41,2048:31:44.31,91,28,1,30,42,41,THUNDERBOLT,SURF,FLY,CUT,15,20,15,28,2,2,0,0,228,279,178,165,207,207,243,33627,41936,34181,45328,45328,43214,15,15,15,15,0,0,0,0,0,0,0,200,185,232,232,273,0,0,0,0,0,0,0,0,0,0,0,0,0,0,0,0,0,0,0,0,0,0,0,0,0,0,0,0,0,0,0,0,0,0,0,0,0,0,0,0,0,0,0,0,0,0,0,0,0,0,0,0,0,0,0,0,0,0,0,0,0,0,0,0,0,0,0,0,0,0,0,0,0,0,95,28,Jolteon
6-21,15:07:41,NINTEN,Pikachu,Rival1-Lab,1,Route 1,6,1:30:42.41,1:30:42,1h30m42s,29,0,29,91,2048:42,28.195,THUNDERBOLT,SURF,FLY,CUT,0,0,0,0,0,0,0,0,29,97789,Jolteon, ,Electric,Electric,773051,Pikachu95,Pikachu,Rival (Lab),01:30:42.41,01:30:42.41,2048:42:29.56,91,29,1,30,42,41,THUNDERBOLT,SURF,FLY,CUT,16,20,13,30,2,2,0,0,96,279,178,165,207,207,243,34180,42487,34679,45818,45818,43697,15,15,15,15,0,0,0,0,0,0,0,200,185,232,232,273,0,0,0,0,0,0,0,0,0,0,0,0,0,0,0,0,0,0,0,0,0,0,0,0,0,0,0,0,0,0,0,0,0,0,0,0,0,0,0,0,0,0,0,0,0,0,0,0,0,0,0,0,0,0,0,0,0,0,0,0,0,0,0,0,0,0,0,0,0,0,0,0,0,0,95,29,Jolteon
6-21,15:12:08,NINTEN,Pikachu,Rival1a-Route 22,2,Cinnabar Mansion,6,1:30:42.41,1:30:42,1h30m42s,30,0,30,92,2048:58,69.485,THUNDERBOLT,SURF,REST,LIGHT SCREEN,0,0,0,0,0,0,0,0,28,103719,Jolteon, ,Electric,Electric,793226,Pikachu95,Pikachu,Rival (Optional),01:30:42.41,01:30:42.41,2048:58:04.22,92,30,1,30,42,41,THUNDERBOLT,SURF,REST,LIGHT SCREEN,8,20,7,29,2,2,0,0,125,282,180,166,210,210,246,34766,43064,35191,46403,46403,44197,15,15,15,15,0,0,0,0,-1,0,0,227,209,265,265,182,0,0,0,0,0,0,0,0,0,0,0,0,0,0,0,0,0,0,0,0,0,0,0,0,0,0,0,0,0,0,0,0,0,0,0,0,0,0,0,0,0,0,0,0,0,0,0,0,0,0,0,0,0,0,0,0,0,0,0,0,0,0,0,0,0,0,0,0,0,0,0,0,0,0,95,30,Jolteon
