date_string,time_string,player_name,pokemon,trainer_name,trainer_id,location,total_pokemon,real_time_total,real_time_hmmss,real_time_file_label,resets,blackouts,failures,level,game_time,battle_duration,move1,move2,move3,move4,move1pp,move2pp,move3pp,move4pp,move1ppUp,move2ppUp,move3ppUp,move4ppUp,saves,steps,bonks,trainerBattles,wildBattles,battleTurns,playerTurns,enemyTurns,itemsInBag,money,rivalTeam,statusCondition,type1,type2,experience,ROM,Species,Trainer,Start Time,Real Time,Game Time,Level,Resets,RTHours,RTMinutes,RTSeconds,RTMilliseconds,Move 1,Move 2,Move 3,Move 4,Hp,Max HP,Attack,Defense,Sp. Attack,Sp. Defense,Speed,Attack DV,Defense DV,Speed DV,Special DV,StatExp HP,StatExp Attack,StatExp Def,StatExp Sp. Attack,StatExp Sp. Defense,StatExp Speed,Attack Stage,Defense Stage,Sp. Attack Stage,Sp. Defense Stage,Speed Stage,Accuracy Stage,Evasion Stage,Battle Attack,Battle Defense,Battle Sp. Attack,Battle Sp. Defense,Battle Speed,Frame Count,Overworld Frame Count,Battle Frame Count,Menu Frame Count,Intro Frame Count,Save Count,Reload Count,Clock Reset Count,Steps Count,Steps Count Walk,Steps Count Bike,Steps Count Surf,Bonks,Battles,Trainer Battles,Wild Battles,Battles Fled,Failed Runs,Total Damage Dealt,Actual Damage Dealt,Total Damage Taken,Actual Damage Taken,Own Moves Hit,Own Moves Missed,Enemy Moves Hit,Enemy Moves Missed,Own Moves Super Effective,Own Moves Not Very Effective,Enemy Moves Super Effective,Enemy Moves Not Very Effective,Criticals Dealt,OHKOs Dealt,Criticals Taken,OHKOs Taken,Was Confused,Enemy Became Confused,Was Paralyzed,Enemy Was Paralyzed,Was Burned,Enemy Was Burned,Was Frozen,Enemy Was Frozen,Was Poisoned,Enemy Was Poisoned,Was Badly Poisoned,Enemy Was Badly Poisoned,Fell Asleep,Enemy Fell Asleep,Player Turns Confused,Player Turns Confused Hit Self,Player Turns Paralyzed,Player Turns Paralyzed Fully,Enemy Turns Confused,Enemy Turns Confused Hit Self,Enemy Turns Paralyzed,Enemy Turns Paralyzed Fully, Player Turns Asleep, Enemy Turns Asleep,Player HP Healed,Enemy HP Healed,Player Pokemon Fainted,Enemy Pokemon Fainted,Experience Gained,Switchouts,Money Made,Money Spent,Money Lost,Items Picked Up,Items Bought,Items Sold,Balls Thrown,Pokemon Caught In Balls,Moves Learnt,Blackouts,Attempt Number,Failures, Rival's Team
2-26,16:27:22,NINTEN,NidoranM,Rival1-Lab,1,Pallet Town - Oak's Lab,1,45.28,45,0h0m45s,0,0,0,6,0:02,11.557,TACKLE,LEER,,,0,71,6,1,1,6,6,5,0,3000,Jolteon, ,Poison,Poison,232,NidoranM7,NidoranM,Rival (Lab),00:00:33.73,00:00:45.28,00:02:26.24,6,0,0,0,45,28,TACKLE,LEER,,,30,29,0,0,0,0,0,0,4,23,13,11,11,11,12,55,55,50,65,65,55,15,15,15,15,0,-2,0,0,0,0,0,13,5,11,11,12,10720,4783,3973,0,1964,0,0,0,71,71,0,0,6,2,1,1,0,0,24,21,19,19,5,2,4,0,0,0,0,0,0,0,0,0,0,0,0,0,0,0,0,0,0,0,0,0,0,0,0,0,0,0,0,0,0,0,0,0,0,0,0,1,97,0,0,0,0,0,0,0,0,0,0,0,7,0,Jolteon
2-26,16:29:24,NINTEN,NidoranM,Bug Catcher,1,Viridian Forest,2,2:47.83,2:47,0h2m47s,0,0,0,9,0:10,11.89,HORN ATTACK,LEER,TACKLE,,0,553,23,2,7,25,25,18,3,75,Flareon, ,Poison,Poison,491,NidoranM7,NidoranM,,00:02:35.94,00:02:47.83,00:10:29.51,9,0,0,2,47,83,HORN ATTACK,LEER,TACKLE,,20,30,31,0,0,0,0,0,15,30,18,15,15,15,17,295,306,275,235,235,385,15,15,15,15,0,0,0,0,0,0,0,18,15,15,15,17,39727,21032,16512,219,1964,0,0,0,553,553,0,0,23,9,2,7,1,0,151,133,54,54,22,5,16,0,0,0,0,0,1,0,1,0,0,0,0,0,0,0,0,0,0,0,0,0,0,0,0,0,0,0,0,0,0,0,0,0,0,0,0,7,356,0,0,0,0,0,11,0,0,0,1,0,7,0,Flareon
2-26,16:29:45,NINTEN,NidoranM,Bug Catcher,2,Viridian Forest,3,3:08.34,3:08,0h3m8s,0,0,0,10,0:11,16.817,HORN ATTACK,LEER,TACKLE,,0,569,24,3,7,33,33,23,3,145,Flareon, ,Poison,Poison,740,NidoranM7,NidoranM,,00:02:51.53,00:03:08.34,00:11:50.52,10,0,0,3,8,34,HORN ATTACK,LEER,TACKLE,,12,30,31,0,0,0,0,0,15,32,19,16,16,16,18,440,376,420,305,305,490,15,15,15,15,0,0,0,0,0,0,0,19,16,16,16,18,44588,21447,20958,219,1964,0,0,0,569,569,0,0,24,10,3,7,1,0,238,199,56,56,30,5,17,0,0,0,0,0,2,0,1,0,0,0,0,0,0,0,0,0,0,0,0,0,0,0,0,0,0,0,0,0,0,0,0,0,0,0,0,10,605,0,0,0,0,0,11,0,0,0,1,0,7,0,Flareon
2-26,16:30:02,NINTEN,NidoranM,Bug Catcher,15,Viridian Forest,2,3:25.24,3:25,0h3m25s,0,0,0,11,0:12,11.03,HORN ATTACK,LEER,TACKLE,,0,599,24,4,7,38,38,26,3,205,Flareon, ,Poison,Poison,953,NidoranM7,NidoranM,,00:03:14.21,00:03:25.24,00:12:57.37,11,0,0,3,25,24,HORN ATTACK,LEER,TACKLE,,7,30,31,0,0,0,0,0,15,34,21,17,17,17,19,535,426,510,350,350,565,15,15,15,15,0,0,0,0,0,0,0,21,17,17,17,19,48593,22397,24013,219,1964,0,0,0,599,599,0,0,24,11,4,7,1,0,296,252,58,58,35,7,18,0,0,0,0,0,2,0,1,0,0,0,0,0,0,0,0,0,0,0,0,0,0,0,0,0,0,0,0,0,0,0,0,0,0,0,0,12,818,0,0,0,0,1,11,0,0,0,1,0,7,0,Flareon
2-26,16:30:30,NINTEN,NidoranM,Bug Catcher,3,Viridian Forest,1,3:53.49,3:53,0h3m53s,0,0,0,12,0:14,7.482,HORN ATTACK,LEER,TACKLE,DOUBLE KICK,0,660,24,5,9,43,43,30,2,285,Flareon, ,Poison,Poison,1096,NidoranM7,NidoranM,,00:03:46.00,00:03:53.49,00:14:48.59,12,0,0,3,53,49,HORN ATTACK,LEER,TACKLE,DOUBLE KICK,3,30,30,30,0,0,0,0,12,37,22,18,18,18,21,620,501,585,405,405,666,15,15,15,15,0,0,0,0,-1,0,0,22,18,18,18,13,55275,23599,29493,219,1964,0,0,0,660,660,0,0,24,14,5,9,1,0,369,311,64,64,40,8,21,0,0,0,0,0,2,0,1,0,0,0,0,0,0,0,0,0,0,0,0,0,0,0,0,0,0,0,0,0,0,0,0,0,0,0,0,14,961,0,0,0,0,1,11,0,1,1,2,0,7,0,Flareon
2-26,16:31:13,NINTEN,NidoranM,Brock,1,Pewter City - Gym,2,4:36.02,4:36,0h4m36s,0,0,0,13,0:17,20.861,HORN ATTACK,LEER,TACKLE,DOUBLE KICK,0,784,25,6,10,54,54,36,2,385,Flareon, ,Poison,Poison,1597,NidoranM7,NidoranM,Brock,00:04:15.16,00:04:36.02,00:17:36.54,13,0,0,4,36,2,HORN ATTACK,LEER,TACKLE,DOUBLE KICK,25,24,35,26,0,0,0,0,19,39,24,20,19,19,22,745,646,900,490,490,786,15,15,15,15,0,0,0,0,0,0,0,24,20,19,19,22,65350,27239,35928,219,1964,0,0,0,784,784,0,0,25,16,6,10,1,0,454,390,84,84,51,10,25,0,0,0,0,0,3,0,1,0,0,0,0,0,0,0,0,0,0,0,0,0,0,0,0,0,0,0,0,0,0,0,0,0,0,0,0,17,1462,0,0,0,0,1,11,0,1,1,2,0,7,0,Flareon
2-26,16:31:46,NINTEN,NidoranM,Bug Catcher,4,Route 3,3,5:09.76,5:09,0h5m9s,0,0,0,14,0:19,13.868,HORN ATTACK,LEER,TACKLE,DOUBLE KICK,0,895,25,7,10,59,59,40,3,1573,Flareon, ,Poison,Poison,1932,NidoranM7,NidoranM,,00:04:55.89,00:05:09.76,00:19:50.15,14,0,0,5,9,76,HORN ATTACK,LEER,TACKLE,DOUBLE KICK,20,30,35,30,0,0,0,0,36,42,26,21,21,21,24,875,741,1000,550,550,926,15,15,15,15,0,0,0,0,-2,0,0,36,21,21,21,12,73351,30955,40213,219,1964,0,0,0,895,895,0,0,25,17,7,10,1,0,568,479,90,90,56,10,29,0,0,0,0,0,4,0,1,0,0,0,0,0,0,0,0,0,0,0,0,0,0,0,0,0,0,0,0,0,0,0,0,0,0,0,0,20,1797,0,0,0,0,1,11,0,1,1,2,0,7,0,Flareon
2-26,16:32:00,NINTEN,NidoranM,Youngster Ben,1,Route 3,2,5:23.00,5:23,0h5m23s,0,0,0,15,0:20,9.979,HORN ATTACK,LEER,TACKLE,DOUBLE KICK,0,899,25,8,10,62,62,42,3,1673,Flareon, ,Poison,Poison,2210,NidoranM7,NidoranM,,00:05:13.01,00:05:23.00,00:20:42.25,15,0,0,5,23,0,HORN ATTACK,LEER,TACKLE,DOUBLE KICK,18,30,35,29,0,0,0,0,26,44,27,22,22,22,25,940,857,1079,615,615,1053,15,15,15,15,0,0,0,0,0,0,0,30,22,22,22,25,76481,31217,43081,219,1964,0,0,0,899,899,0,0,25,18,8,10,1,0,641,538,102,102,59,11,30,0,0,0,0,0,4,0,2,0,0,0,0,0,0,0,0,0,0,0,0,0,0,0,0,0,0,0,0,0,0,0,0,0,0,0,0,22,2075,0,0,0,0,1,11,0,1,1,2,0,7,0,Flareon
2-26,16:32:17,NINTEN,NidoranM,Bug Catcher,5,Route 3,4,5:40.93,5:40,0h5m40s,0,0,0,16,0:21,15.056,HORN ATTACK,LEER,TACKLE,DOUBLE KICK,0,903,25,9,10,68,68,44,3,1838,Flareon, ,Poison,Poison,2685,NidoranM7,NidoranM,,00:05:25.87,00:05:40.93,00:21:53.09,16,0,0,5,40,93,HORN ATTACK,LEER,TACKLE,DOUBLE KICK,12,30,35,29,0,0,0,0,28,46,29,23,23,23,27,1120,967,1249,705,705,1213,15,15,15,15,0,0,0,0,-1,0,0,32,23,23,23,17,80725,31388,47154,219,1964,0,0,0,903,903,0,0,25,19,9,10,1,0,796,650,102,102,65,11,31,0,0,0,0,0,6,0,2,0,0,0,0,0,0,0,0,0,0,0,0,0,0,0,0,0,0,0,0,0,0,0,0,0,0,0,0,26,2550,0,0,0,0,1,11,0,1,1,2,0,7,0,Flareon
2-26,16:32:34,NINTEN,NidoranM,Lass,2,Route 3,2,5:57.82,5:57,0h5m57s,0,0,0,16,0:22,10.438,HORN ATTACK,LEER,TACKLE,DOUBLE KICK,0,910,27,10,10,72,72,46,3,1928,Flareon, ,Poison,Poison,2933,NidoranM7,NidoranM,,00:05:47.38,00:05:57.82,00:22:59.45,16,0,0,5,57,82,HORN ATTACK,LEER,TACKLE,DOUBLE KICK,9,30,35,28,0,0,0,0,22,46,29,23,23,23,27,1196,1080,1324,770,770,1335,15,15,15,15,0,-1,0,0,0,0,0,36,15,23,23,27,84721,32016,50522,219,1964,0,0,0,910,910,0,0,27,20,10,10,1,0,895,707,108,108,69,11,33,0,0,0,0,0,6,0,2,0,0,0,0,0,0,0,0,0,0,0,0,0,0,0,0,0,0,0,0,0,0,0,0,0,0,0,0,28,2798,0,0,0,0,1,11,0,1,1,2,0,7,0,Flareon
2-26,16:32:52,NINTEN,NidoranM,Bug Catcher,6,Route 3,2,6:15.71,6:15,0h6m15s,0,0,0,17,0:24,13.322,HORN ATTACK,LEER,TACKLE,DOUBLE KICK,0,911,28,11,10,77,77,49,3,2078,Flareon, ,Poison,Poison,3226,NidoranM7,NidoranM,,00:06:02.39,00:06:15.71,00:24:10.14,17,0,0,6,15,71,HORN ATTACK,LEER,TACKLE,DOUBLE KICK,4,30,35,28,0,0,0,0,45,49,30,25,24,24,28,1291,1130,1414,815,815,1410,15,15,15,15,0,0,0,0,-1,0,0,33,25,24,24,18,88950,32176,54174,636,1964,0,0,0,911,911,0,0,28,21,11,10,1,0,988,772,108,108,74,11,34,0,0,0,0,0,6,0,2,0,0,0,0,0,0,0,0,0,0,0,0,0,0,0,0,0,0,0,0,0,0,0,0,0,0,0,0,30,3091,0,0,0,0,1,11,0,1,1,2,0,7,0,Flareon
2-26,16:33:03,NINTEN,NidoranM,Lass,3,Route 3,1,6:26.84,6:26,0h6m26s,0,0,0,17,0:24,5.74,HORN ATTACK,LEER,TACKLE,DOUBLE KICK,0,924,29,12,10,79,79,50,3,2188,Flareon, ,Poison,Poison,3454,NidoranM7,NidoranM,,00:06:21.10,00:06:26.84,00:24:54.03,17,0,0,6,26,84,HORN ATTACK,LEER,TACKLE,DOUBLE KICK,4,30,35,26,0,0,0,0,45,49,30,25,24,24,28,1406,1175,1434,840,840,1430,15,15,15,15,0,0,0,0,0,0,0,33,25,24,24,28,91579,32571,56408,636,1964,0,0,0,924,924,0,0,29,22,12,10,1,0,1065,830,108,108,76,11,34,0,0,0,0,0,6,0,2,0,0,0,0,0,0,0,0,0,0,0,0,0,0,0,0,0,0,0,0,0,0,0,0,0,0,0,0,31,3319,0,0,0,0,1,11,0,1,1,2,0,7,0,Flareon
2-26,16:33:23,NINTEN,NidoranM,Lass,6,Mt Moon - 1,1,6:46.09,6:46,0h6m46s,0,0,0,17,0:26,5.846,HORN ATTACK,LEER,TACKLE,DOUBLE KICK,0,1016,34,13,10,81,81,51,3,2398,Flareon, ,Poison,Poison,3658,NidoranM7,NidoranM,,00:06:40.24,00:06:46.09,00:26:09.54,17,0,0,6,46,9,HORN ATTACK,LEER,TACKLE,DOUBLE KICK,25,30,35,28,0,0,0,0,49,49,30,25,24,24,28,1476,1220,1482,900,900,1465,15,15,15,15,0,0,0,0,0,0,0,33,25,24,24,28,96130,35345,58185,636,1964,0,0,0,1016,1016,0,0,34,23,13,10,1,0,1112,875,108,108,78,11,34,0,0,0,0,0,6,0,2,0,0,0,0,0,0,0,0,0,0,0,0,0,0,0,0,0,0,0,0,0,0,0,0,0,0,0,0,32,3523,0,0,0,0,1,11,0,1,1,2,0,7,0,Flareon
2-26,16:33:38,NINTEN,NidoranM,Super Nerd,1,Mt Moon - 1,2,7:01.69,7:01,0h7m1s,0,0,0,18,0:27,11.1,HORN ATTACK,LEER,TACKLE,DOUBLE KICK,0,1050,35,14,10,85,85,53,3,2608,Flareon, ,Poison,Poison,4107,NidoranM7,NidoranM,,00:06:50.59,00:07:01.69,00:27:11.31,18,0,0,7,1,69,HORN ATTACK,LEER,TACKLE,DOUBLE KICK,25,30,35,24,0,0,0,0,45,51,32,26,26,26,30,1541,1285,1602,1050,1050,1610,15,15,15,15,0,0,0,0,0,0,0,36,26,26,26,30,99827,36032,61195,636,1964,0,0,0,1050,1050,0,0,35,24,14,10,1,0,1175,934,114,114,82,11,36,0,0,0,0,0,6,0,2,0,0,0,0,0,0,0,0,0,0,0,0,0,0,0,0,0,0,0,0,0,0,0,0,0,0,0,0,34,3972,0,0,0,0,1,11,0,1,1,2,0,7,0,Flareon
2-26,16:34:03,NINTEN,NidoranM,Hiker,1,Mt Moon - 1,3,7:26.57,7:26,0h7m26s,0,0,0,19,0:28,13.063,HORN ATTACK,LEER,TACKLE,DOUBLE KICK,0,1142,36,15,10,89,89,54,4,2883,Flareon, ,Poison,Poison,4704,NidoranM7,NidoranM,,00:07:13.51,00:07:26.57,00:28:49.50,19,0,0,7,26,57,HORN ATTACK,LEER,TACKLE,DOUBLE KICK,25,30,35,20,0,0,0,0,43,54,34,27,27,27,31,1656,1490,1962,1140,1140,1720,15,15,15,15,0,0,0,0,0,0,0,38,27,27,27,31,105726,38063,65063,636,1964,0,0,0,1142,1142,0,0,36,25,15,10,1,0,1278,1020,119,119,86,11,37,0,0,0,0,0,6,0,3,0,0,0,0,0,0,0,0,0,0,0,0,0,0,0,0,0,0,0,0,0,0,0,0,0,0,0,0,37,4569,0,0,0,0,2,11,0,1,1,2,0,7,0,Flareon
2-26,16:34:32,NINTEN,NidoranM,Fossil Nerd,2,Mt Moon - 3,3,7:55.50,7:55,0h7m55s,0,0,0,20,0:30,15.246,HORN ATTACK,LEER,TACKLE,DOUBLE KICK,0,1261,37,16,10,96,96,58,4,3233,Flareon, ,Poison,Poison,5491,NidoranM7,NidoranM,,00:07:40.25,00:07:55.50,00:30:44.05,20,0,0,7,55,50,HORN ATTACK,LEER,TACKLE,DOUBLE KICK,18,30,35,20,0,0,0,0,40,56,35,29,28,28,33,1816,1665,2157,1295,1295,1880,15,15,15,15,0,0,0,0,0,0,0,39,29,28,28,33,112581,40543,69438,636,1964,0,0,0,1261,1261,0,0,37,26,16,10,1,0,1418,1129,124,124,93,13,39,0,0,0,0,0,6,0,3,0,0,0,0,0,0,0,0,0,0,0,0,0,0,0,0,0,0,0,0,0,0,0,0,0,0,0,0,40,5356,0,0,0,0,2,11,0,1,1,2,0,7,0,Flareon
2-26,16:34:55,NINTEN,NidoranM,Rocket,42,Mt Moon - 3,3,8:18.83,8:18,0h8m18s,0,0,0,20,0:32,14.145,HORN ATTACK,LEER,TACKLE,DOUBLE KICK,0,1277,41,17,10,102,102,61,5,3533,Flareon, ,Poison,Poison,6226,NidoranM7,NidoranM,,00:08:04.68,00:08:18.83,00:32:16.14,20,0,0,8,18,83,HORN ATTACK,LEER,TACKLE,DOUBLE KICK,13,30,35,19,0,0,0,0,34,56,35,29,28,28,33,1931,1835,2331,1435,1435,2060,15,15,15,15,0,0,0,0,0,0,0,39,29,28,28,33,118110,41937,73573,636,1964,0,0,0,1277,1277,0,0,41,27,17,10,1,0,1564,1239,130,130,99,14,41,0,0,0,0,0,6,0,3,0,0,0,0,0,0,0,0,0,0,0,0,0,0,0,0,0,0,0,0,0,0,0,0,0,0,0,0,43,6091,0,0,0,0,2,11,0,1,1,2,0,7,0,Flareon
2-26,16:35:42,NINTEN,NidoranM,Rival2-Nugget Bridge,3,Cerulean City,4,9:05.34,9:05,0h9m5s,0,0,0,21,0:35,24.827,HORN ATTACK,LEER,TACKLE,DOUBLE KICK,0,1421,44,18,10,114,114,70,5,3953,Flareon, ,Poison,Poison,7264,NidoranM7,NidoranM,Rival (Nugget Bridge),00:08:40.52,00:09:05.34,00:35:19.29,21,0,0,9,5,34,HORN ATTACK,LEER,TACKLE,DOUBLE KICK,7,30,35,13,0,0,0,0,26,58,37,30,29,29,34,2106,2081,2531,1586,1586,2297,15,15,15,15,-4,-1,0,0,0,-1,0,13,19,29,29,34,129105,45865,79957,1319,1964,0,0,0,1421,1421,0,0,44,28,18,10,1,0,1767,1410,162,162,108,17,50,0,0,0,0,0,8,0,3,0,0,0,0,0,0,0,0,0,0,0,0,0,0,0,0,0,0,0,0,0,0,0,0,0,0,0,0,47,7129,0,0,0,0,3,11,0,1,1,2,0,7,0,Flareon
2-26,16:36:50,NINTEN,NidoranM,Bug Catcher,9,Route 24,2,9:37.11,9:37,0h9m37s,0,0,0,22,0:37,9.98,HORN ATTACK,LEER,TACKLE,DOUBLE KICK,0,1522,47,19,10,118,118,72,5,4548,Flareon, ,Poison,Poison,7579,NidoranM7,NidoranM,,00:09:27.12,00:09:37.11,00:37:24.35,22,0,0,9,37,11,HORN ATTACK,LEER,TACKLE,DOUBLE KICK,22,30,34,30,0,0,0,0,61,61,39,31,31,31,36,2191,2146,2596,1626,1626,2392,15,15,15,15,0,0,0,0,0,0,0,43,31,31,31,36,136611,50164,83164,1319,1964,0,0,0,1522,1522,0,0,47,29,19,10,1,0,1877,1485,162,162,112,19,50,0,0,0,0,0,8,0,3,0,0,0,0,0,0,0,0,0,0,0,0,0,0,0,0,0,0,0,0,0,0,0,0,0,0,0,0,49,7444,0,0,0,0,3,11,0,1,1,2,0,7,0,Flareon
2-26,16:37:03,NINTEN,NidoranM,Lass,8,Route 24,2,9:50.41,9:50,0h9m50s,0,0,0,22,0:38,9.039,HORN ATTACK,LEER,TACKLE,DOUBLE KICK,0,1524,49,20,10,121,121,73,5,4688,Flareon, ,Poison,Poison,7921,NidoranM7,NidoranM,,00:09:41.37,00:09:50.41,00:38:16.58,22,0,0,9,50,41,HORN ATTACK,LEER,TACKLE,DOUBLE KICK,19,30,34,30,0,0,0,0,59,61,39,31,31,31,36,2286,2238,2688,1701,1701,2489,15,15,15,15,0,0,0,0,0,0,0,43,31,31,31,36,139754,50303,86168,1319,1964,0,0,0,1524,1524,0,0,49,30,20,10,1,0,1975,1563,164,164,115,19,51,0,0,0,0,0,9,0,3,0,0,0,0,0,0,0,0,0,0,0,0,0,0,0,0,0,0,0,0,0,0,0,0,0,0,0,0,51,7786,0,0,0,0,3,11,0,1,1,2,0,7,0,Flareon
2-26,16:37:22,NINTEN,NidoranM,Youngster,4,Route 24,3,10:09.11,10:09,0h10m9s,0,0,0,22,0:39,15.779,HORN ATTACK,LEER,TACKLE,DOUBLE KICK,0,1528,50,21,10,127,126,77,5,4898,Flareon, ,Poison,Poison,8440,NidoranM7,NidoranM,,00:09:53.32,00:10:09.11,00:39:30.48,22,0,0,10,9,11,HORN ATTACK,LEER,TACKLE,DOUBLE KICK,16,30,33,29,0,0,0,0,33,61,39,31,31,31,36,2391,2399,2802,1806,1806,2671,15,15,15,15,0,0,0,0,0,0,0,43,31,31,31,36,144184,50510,90391,1319,1964,0,0,0,1528,1528,0,0,50,31,21,10,1,0,2155,1672,190,190,120,20,54,0,0,0,0,0,10,0,3,0,0,1,0,0,0,0,0,0,0,0,0,0,0,0,1,1,0,0,0,0,0,0,0,0,0,0,0,54,8305,0,0,0,0,3,11,0,1,1,2,0,7,0,Flareon
2-26,16:37:41,NINTEN,NidoranM,Lass,7,Route 24,2,10:27.71,10:27,0h10m27s,0,0,0,23,0:40,13.706,HORN ATTACK,LEER,TACKLE,DOUBLE KICK,0,1532,52,22,10,132,131,80,5,5108,Flareon, ,Poison,Poison,8828,NidoranM7,NidoranM,,00:10:14.01,00:10:27.71,00:40:44.06,23,0,0,10,27,71,HORN ATTACK,LEER,TACKLE,DOUBLE KICK,12,30,33,28,0,0,0,0,39,63,40,33,32,32,37,2486,2491,2894,1881,1881,2768,15,15,15,15,-1,0,0,0,0,0,0,29,33,32,32,37,148582,50715,94134,1769,1964,0,0,0,1532,1532,0,0,52,32,22,10,1,0,2277,1759,206,206,125,20,57,0,0,0,0,0,11,0,4,0,0,1,0,0,0,0,0,0,0,0,0,0,0,0,1,1,0,0,0,0,0,0,0,0,0,0,0,56,8693,0,0,0,0,3,11,0,1,1,2,0,7,0,Flareon
2-26,16:37:51,NINTEN,NidoranM,Jr Trainer M,3,Route 24,1,10:37.69,10:37,0h10m37s,0,0,0,23,0:41,5.586,HORN ATTACK,LEER,TACKLE,DOUBLE KICK,0,1536,57,23,10,134,133,81,5,5348,Flareon, ,Poison,Poison,9113,NidoranM7,NidoranM,,00:10:32.11,00:10:37.69,00:41:23.20,23,0,0,10,37,69,HORN ATTACK,LEER,TACKLE,DOUBLE KICK,10,30,33,28,0,0,0,0,30,63,40,33,32,32,37,2526,2571,2929,1916,1916,2838,15,15,15,15,0,0,0,0,0,0,0,45,33,32,32,37,150936,50921,96282,1769,1964,0,0,0,1536,1536,0,0,57,33,23,10,1,0,2341,1804,215,215,127,20,58,0,0,0,0,0,11,0,4,0,0,1,0,0,0,0,0,0,0,0,0,0,0,0,1,1,0,0,0,0,0,0,0,0,0,0,0,57,8978,0,0,0,0,3,11,0,1,1,2,0,7,0,Flareon
2-26,16:38:07,NINTEN,NidoranM,Rocket,6,Route 24,2,10:53.94,10:53,0h10m53s,0,0,0,23,0:42,8.322,HORN ATTACK,LEER,TACKLE,DOUBLE KICK,0,1542,57,24,10,137,136,82,6,5708,Flareon, ,Poison,Poison,9483,NidoranM7,NidoranM,,00:10:45.63,00:10:53.94,00:42:27.21,23,0,0,10,53,94,HORN ATTACK,LEER,TACKLE,DOUBLE KICK,7,30,33,28,0,0,0,0,48,63,40,33,32,32,37,2601,2676,3008,1996,1996,2948,15,15,15,15,0,0,0,0,0,0,0,45,33,32,32,37,154777,51922,98759,2132,1964,0,0,0,1542,1542,0,0,57,34,24,10,1,0,2460,1880,217,217,130,20,59,0,0,0,0,0,12,0,5,0,0,1,0,0,0,0,0,0,0,0,0,0,0,0,1,1,0,0,0,0,0,0,0,0,0,0,0,59,9348,0,0,0,0,3,11,0,1,1,2,0,7,0,Flareon
2-26,16:38:25,NINTEN,NidoranM,Hiker,2,Route 25,2,11:11.93,11:11,0h11m11s,0,0,0,23,0:43,8.988,HORN ATTACK,LEER,TACKLE,DOUBLE KICK,0,1584,58,25,10,140,139,83,6,6158,Flareon, ,Poison,Poison,10041,NidoranM7,NidoranM,,00:11:02.94,00:11:11.93,00:43:38.21,23,0,0,11,11,93,HORN ATTACK,LEER,TACKLE,DOUBLE KICK,5,30,33,27,0,0,0,0,34,63,40,33,32,32,37,2711,2836,3158,2061,2061,3003,15,15,15,15,0,0,0,0,0,0,0,45,33,32,32,37,159037,53559,101382,2132,1964,0,0,0,1584,1584,0,0,58,35,25,10,1,0,2566,1967,231,231,133,20,60,0,0,0,0,0,13,0,6,0,0,1,0,0,0,0,0,0,0,0,0,0,0,0,1,1,0,0,0,0,0,0,0,0,0,0,0,61,9906,0,0,0,0,3,11,0,1,1,2,0,7,0,Flareon
2-26,16:38:43,NINTEN,NidoranM,Lass,9,Route 25,2,11:29.89,11:29,0h11m29s,0,0,0,24,0:44,8.516,HORN ATTACK,LEER,TACKLE,DOUBLE KICK,0,1604,61,26,10,143,142,84,7,6683,Flareon, ,Poison,Poison,10422,NidoranM7,NidoranM,,00:11:21.38,00:11:29.89,00:44:49.13,24,0,0,11,29,89,HORN ATTACK,LEER,TACKLE,DOUBLE KICK,2,30,33,27,0,0,0,0,52,66,42,34,34,34,39,2812,2940,3250,2141,2141,3094,15,15,15,15,0,0,0,0,0,0,0,47,34,34,34,39,163289,54909,103887,2529,1964,0,0,0,1604,1604,0,0,61,36,26,10,1,0,2674,2051,236,236,136,20,61,0,0,0,0,0,14,0,6,0,0,1,0,0,0,0,0,0,0,0,0,0,0,0,1,1,0,0,0,0,0,0,0,0,0,0,0,63,10287,0,0,0,0,4,11,0,1,1,2,0,7,0,Flareon
2-26,16:38:58,NINTEN,NidoranM,Jr Trainer M,2,Route 25,2,11:45.11,11:45,0h11m45s,0,0,0,24,0:45,9.151,HORN ATTACK,LEER,TACKLE,DOUBLE KICK,0,1616,63,27,10,146,145,85,7,6908,Flareon, ,Poison,Poison,10779,NidoranM7,NidoranM,,00:11:35.96,00:11:45.11,00:45:49.12,24,0,0,11,45,11,HORN ATTACK,LEER,TACKLE,DOUBLE KICK,1,30,32,26,0,0,0,0,51,66,42,34,34,34,39,2877,3056,3329,2206,2206,3221,15,15,15,15,0,0,0,0,0,0,0,47,34,34,34,39,166888,55501,106894,2529,1964,0,0,0,1616,1616,0,0,63,37,27,10,1,0,2762,2121,237,237,139,20,62,0,0,0,0,0,14,0,6,0,0,1,0,0,0,0,0,0,0,0,0,0,0,0,1,1,0,0,0,0,0,0,0,0,0,0,0,65,10644,0,0,0,0,4,11,0,1,1,2,0,7,0,Flareon
2-26,16:39:18,NINTEN,NidoranM,Oddish Lass,10,Route 25,3,12:05.33,12:05,0h12m5s,0,0,0,24,0:47,13.177,HORN ATTACK,LEER,TACKLE,DOUBLE KICK,0,1631,63,28,10,152,151,88,6,7188,Flareon, ,Poison,Poison,11364,NidoranM7,NidoranM,Oddish Lass,00:11:52.14,00:12:05.33,00:47:08.42,24,0,0,12,5,33,HORN ATTACK,LEER,TACKLE,DOUBLE KICK,5,30,35,30,0,0,0,0,62,66,42,34,34,34,39,3007,3201,3479,2391,2391,3337,15,15,15,15,0,0,0,0,0,0,0,47,34,34,34,39,171658,56012,110507,3175,1964,0,0,0,1631,1631,0,0,63,38,28,10,1,0,2916,2230,241,241,144,22,64,0,0,0,0,0,14,0,7,0,0,1,0,0,0,0,0,0,0,0,0,0,0,0,1,1,0,0,0,0,0,0,0,0,0,0,0,68,11229,0,0,0,0,4,11,0,1,1,2,0,7,0,Flareon
2-26,16:40:04,NINTEN,NidoranM,Cerulean Rocket,5,Cerulean City,2,12:51.00,12:51,0h12m51s,0,0,0,25,0:50,10.662,HORN ATTACK,LEER,TACKLE,DOUBLE KICK,0,1825,73,29,10,156,155,90,8,7383,Flareon, ,Poison,Poison,12053,NidoranM7,NidoranM,Rocket,00:12:40.35,00:12:51.00,00:50:09.18,25,0,0,12,51,0,HORN ATTACK,LEER,TACKLE,DOUBLE KICK,21,30,35,30,0,0,0,0,45,69,44,36,35,35,41,3137,3329,3574,2516,2516,3414,15,15,15,15,0,0,0,0,0,0,0,49,36,35,35,41,182494,63834,113521,3175,1964,0,0,0,1825,1825,0,0,73,39,29,10,1,0,3027,2333,265,265,148,22,66,0,0,0,0,0,14,0,9,0,0,1,0,0,0,0,0,0,0,0,0,0,0,0,1,1,0,0,0,0,0,0,0,0,0,0,0,70,11918,0,0,0,0,5,11,0,1,1,2,0,7,0,Flareon
2-26,16:40:39,NINTEN,NidoranM,Sandy,3,Route 6,3,13:26.40,13:26,0h13m26s,0,0,0,25,0:52,13.399,HORN ATTACK,LEER,TACKLE,DOUBLE KICK,0,1979,80,30,10,163,162,94,10,7893,Flareon, ,Poison,Poison,12614,NidoranM7,NidoranM,,00:13:13.01,00:13:26.40,00:52:28.55,25,0,0,13,26,40,HORN ATTACK,LEER,TACKLE,DOUBLE KICK,14,30,35,30,0,0,0,0,47,69,44,36,35,35,41,3257,3464,3694,2621,2621,3582,15,15,15,15,0,0,0,0,0,-1,0,55,36,35,35,41,190871,67738,117582,3587,1964,0,0,0,1979,1979,0,0,80,40,30,10,1,0,3192,2456,283,283,152,25,70,0,0,0,0,0,14,0,9,0,0,1,0,0,0,0,0,0,0,0,0,0,0,0,1,1,0,0,0,0,0,0,0,0,0,0,0,73,12479,0,0,0,0,6,11,0,1,1,2,0,7,0,Flareon
2-26,16:40:50,NINTEN,NidoranM,Jr Trainer M,5,Route 6,2,13:36.81,13:36,0h13m36s,0,0,0,25,0:53,7.248,HORN ATTACK,LEER,TACKLE,DOUBLE KICK,0,1982,80,31,10,165,164,94,10,8213,Flareon, ,Poison,Poison,13209,NidoranM7,NidoranM,,00:13:29.58,00:13:36.81,00:53:09.54,25,0,0,13,36,81,HORN ATTACK,LEER,TACKLE,DOUBLE KICK,13,30,35,29,0,0,0,0,47,69,44,36,35,35,41,3352,3605,3784,2702,2702,3749,15,15,15,15,0,0,0,0,0,0,0,49,36,35,35,41,193330,67974,119805,3587,1964,0,0,0,1982,1982,0,0,80,41,31,10,1,0,3289,2543,283,283,154,25,70,0,0,0,0,0,14,0,9,0,0,1,0,0,0,0,0,0,0,0,0,0,0,0,1,1,0,0,0,0,0,0,0,0,0,0,0,75,13074,0,0,0,0,6,11,0,1,1,2,0,7,0,Flareon
2-26,16:41:27,NINTEN,NidoranM,Sailor,5,SS Anne,2,14:13.50,14:13,0h14m13s,0,0,0,26,0:55,12.733,HORN ATTACK,LEER,TACKLE,DOUBLE KICK,0,2122,110,32,10,172,168,96,13,1883,Flareon, ,Poison,Poison,14022,NidoranM7,NidoranM,,00:14:00.76,00:14:13.50,00:55:34.19,26,0,0,14,13,50,HORN ATTACK,LEER,TACKLE,DOUBLE KICK,9,30,35,29,0,0,0,0,36,71,46,37,36,36,42,3422,3690,3874,2872,2872,3904,15,15,15,15,0,0,0,0,0,0,0,51,37,36,36,42,201995,73195,123249,3587,1964,0,0,0,2122,2122,0,0,110,42,32,10,1,0,3419,2629,296,296,158,25,72,0,0,0,0,0,14,0,9,0,0,1,0,0,0,0,0,0,0,0,0,0,0,0,1,1,0,0,0,0,0,0,0,0,0,0,0,77,13887,0,0,0,0,8,22,0,1,1,2,0,7,0,Flareon
2-26,16:41:43,NINTEN,NidoranM,Youngster,8,SS Anne,1,14:30.18,14:30,0h14m30s,0,0,0,26,0:56,6.667,LEER,HORN ATTACK,TACKLE,DOUBLE KICK,0,2185,115,33,10,174,170,97,14,2423,Flareon, ,Poison,Poison,14292,NidoranM7,NidoranM,,00:14:23.51,00:14:30.18,00:56:39.54,26,0,0,14,30,18,LEER,HORN ATTACK,TACKLE,DOUBLE KICK,30,7,35,29,0,0,0,0,34,71,46,37,36,36,42,3468,3747,3914,2912,2912,3954,15,15,15,15,0,0,0,0,0,0,0,51,37,36,36,42,205930,74791,125588,3587,1964,0,0,0,2185,2185,0,0,115,43,33,10,1,0,3477,2682,298,298,160,25,73,0,0,0,0,0,14,0,9,0,0,1,0,0,0,0,0,0,0,0,0,0,0,0,1,1,0,0,0,0,0,0,0,0,0,0,0,78,14157,0,0,0,0,9,22,0,1,1,2,0,7,0,Flareon
2-26,16:42:09,NINTEN,NidoranM,Gentleman,5,SS Anne,2,14:55.88,14:55,0h14m55s,0,0,0,26,0:58,9.759,BODY SLAM,HORN ATTACK,TACKLE,DOUBLE KICK,0,2239,120,34,10,178,174,99,13,2738,Flareon, ,Poison,Poison,15176,NidoranM7,NidoranM,,00:14:46.13,00:14:55.88,00:58:20.57,26,0,0,14,55,88,BODY SLAM,HORN ATTACK,TACKLE,DOUBLE KICK,13,5,35,29,0,0,0,0,63,71,46,37,36,36,42,3573,3902,4014,3027,3027,4104,15,15,15,15,0,0,0,0,0,0,0,51,37,36,36,42,211993,76473,128321,5235,1964,0,0,0,2239,2239,0,0,120,44,34,10,1,0,3624,2776,306,306,164,25,74,0,0,0,0,0,14,0,9,0,0,1,0,0,0,0,0,0,0,0,0,0,0,0,1,1,0,0,0,0,0,0,0,0,0,0,0,80,15041,0,0,0,0,10,22,0,1,1,3,0,7,0,Flareon
2-26,16:42:30,NINTEN,NidoranM,Rival3-SS Anne,1,SS Anne,4,15:16.80,15:16,0h15m16s,0,0,0,27,0:59,13.62,BODY SLAM,HORN ATTACK,TACKLE,DOUBLE KICK,0,2267,124,35,10,183,179,100,13,3928,Flareon, ,Poison,Poison,16357,NidoranM7,NidoranM,Rival (SS Anne),00:15:03.18,00:15:16.80,00:59:43.24,27,0,0,15,16,80,BODY SLAM,HORN ATTACK,TACKLE,DOUBLE KICK,9,5,35,28,0,0,0,0,65,73,47,39,38,38,44,3748,4148,4214,3178,3178,4341,15,15,15,15,0,0,0,0,0,-1,0,58,39,38,38,44,216940,77784,131957,5235,1964,0,0,0,2267,2267,0,0,124,45,35,10,1,0,3892,2964,306,306,169,25,75,0,0,0,0,0,16,0,9,0,0,1,0,0,0,0,0,0,0,0,0,0,0,0,1,1,0,0,0,0,0,0,0,0,0,0,0,84,16222,0,0,0,0,11,22,0,1,1,3,0,7,0,Flareon
2-26,16:43:46,NINTEN,NidoranM,Swimmer,1,Cerulean City - Gym,2,16:32.62,16:32,0h16m32s,0,0,0,27,1:04,8.446,BODY SLAM,HORN ATTACK,TACKLE,DOUBLE KICK,0,2545,138,36,10,187,183,102,14,5228,Flareon, ,Poison,Poison,16971,NidoranM7,NidoranM,,00:16:24.17,00:16:32.62,01:04:42.35,27,0,0,16,32,62,BODY SLAM,HORN ATTACK,TACKLE,DOUBLE KICK,11,25,35,30,0,0,0,0,68,73,47,39,38,38,44,3808,4253,4384,3293,3293,4441,15,15,15,15,0,0,0,0,0,0,0,52,39,38,38,44,234891,89431,134842,8654,1964,0,0,0,2545,2545,0,0,138,46,36,10,1,0,4005,3040,311,311,173,25,76,0,0,0,0,0,16,0,9,0,0,1,0,0,0,0,0,0,0,0,0,0,0,0,1,1,0,0,0,0,0,0,0,0,0,0,0,86,16836,0,0,0,0,11,22,0,1,1,5,0,7,0,Flareon
2-26,16:43:56,NINTEN,NidoranM,Pecking Lass,1,Cerulean City - Gym,1,16:42.57,16:42,0h16m42s,0,0,0,28,1:05,6.076,BODY SLAM,HORN ATTACK,TACKLE,DOUBLE KICK,0,2553,139,37,10,189,185,103,14,5308,Flareon, ,Poison,Poison,17422,NidoranM7,NidoranM,,00:16:36.49,00:16:42.57,01:05:21.51,28,0,0,16,42,57,BODY SLAM,HORN ATTACK,TACKLE,DOUBLE KICK,9,25,35,30,0,0,0,0,71,76,49,40,39,39,46,3853,4320,4444,3343,3343,4504,15,15,15,15,0,0,0,0,0,0,0,55,40,39,39,46,237247,89859,136770,8654,1964,0,0,0,2553,2553,0,0,139,47,37,10,1,0,4076,3089,311,311,175,25,77,0,0,0,0,0,16,0,9,0,0,2,0,0,0,0,0,0,0,0,0,0,0,0,2,1,0,0,0,0,0,0,0,0,0,0,0,87,17287,0,0,0,0,11,22,0,1,1,5,0,7,0,Flareon
2-26,16:44:12,NINTEN,NidoranM,Misty,1,Cerulean City - Gym,2,16:59.09,16:59,0h16m59s,0,0,0,28,1:06,8.155,BODY SLAM,HORN ATTACK,TACKLE,DOUBLE KICK,1,2554,140,38,10,192,188,104,14,5688,Flareon, ,Poison,Poison,18761,NidoranM7,NidoranM,Misty,00:16:50.94,00:16:59.09,01:06:27.04,28,0,0,16,59,9,BODY SLAM,HORN ATTACK,TACKLE,DOUBLE KICK,6,25,35,30,0,0,0,0,63,76,49,40,39,39,46,3943,4440,4584,3513,3513,4704,15,15,15,15,0,0,0,0,0,0,0,55,40,39,39,46,241160,90459,139562,9175,1964,1,0,0,2554,2554,0,0,140,48,38,10,1,0,4199,3189,319,319,178,25,78,0,0,0,0,0,18,0,9,0,0,2,0,0,0,0,0,0,0,0,0,0,0,0,2,1,0,0,0,0,0,0,0,0,0,0,0,89,18626,0,0,0,0,11,22,0,1,1,5,0,7,0,Flareon
2-26,16:45:17,NINTEN,NidoranM,Surge,1,Vermilion City - Gym,1,18:03.59,18:03,0h18m3s,1,0,1,29,1:09,9.111,BODY SLAM,HORN ATTACK,TACKLE,DOUBLE KICK,2,2808,156,39,10,195,191,106,15,7767,Flareon,Paralyzed,Poison,Poison,19493,NidoranM7,NidoranM,Lt. Surge,00:17:54.49,00:18:03.59,01:09:47.32,29,1,0,18,3,59,BODY SLAM,HORN ATTACK,TACKLE,DOUBLE KICK,12,25,35,30,0,0,0,0,23,79,51,41,41,41,47,4003,4530,4639,3603,3603,4804,15,15,15,15,-1,0,0,0,0,0,0,37,41,41,41,11,253193,97747,142344,10983,2119,2,1,0,2808,2758,50,0,156,49,39,10,1,0,4276,3265,375,375,181,25,80,0,0,0,0,0,18,0,9,0,0,2,1,1,0,0,0,0,0,0,0,0,0,0,2,1,3,0,0,0,2,1,0,0,0,0,0,90,19358,0,0,0,0,11,22,0,1,1,5,0,7,1,Flareon
2-26,16:46:13,NINTEN,NidoranM,Wrapping Lass,5,Route 9,4,19:00.24,19:00,0h19m0s,1,0,1,29,1:13,11.765,BODY SLAM,HORN ATTACK,THUNDERBOLT,DOUBLE KICK,3,2965,183,40,10,200,196,107,15,10539,Flareon, ,Poison,Poison,20741,NidoranM7,NidoranM,RTG1 - Wrapping Lass,00:18:48.47,00:19:00.24,01:13:30.33,29,1,0,19,0,24,BODY SLAM,HORN ATTACK,THUNDERBOLT,DOUBLE KICK,10,25,15,30,0,0,0,0,77,79,51,41,41,41,47,4193,4780,4819,3893,3893,4944,15,15,15,15,0,0,0,0,0,0,0,57,46,41,41,47,266574,103751,146055,14649,2119,3,1,0,2965,2861,104,0,183,50,40,10,1,0,4569,3456,377,377,186,25,81,0,0,0,0,0,19,0,9,0,0,2,1,1,0,0,0,0,0,0,0,0,0,0,2,1,3,0,0,0,2,1,0,0,0,0,0,94,20606,0,0,0,0,11,22,0,1,1,6,0,7,1,Flareon
2-26,16:46:29,NINTEN,NidoranM,Bug Catcher,14,Route 9,3,19:15.89,19:15,0h19m15s,1,0,1,29,1:14,10.042,BODY SLAM,HORN ATTACK,THUNDERBOLT,DOUBLE KICK,3,3006,188,41,10,204,200,108,15,10899,Flareon, ,Poison,Poison,21510,NidoranM7,NidoranM,,00:19:05.84,00:19:15.89,01:14:32.19,29,1,0,19,15,89,BODY SLAM,HORN ATTACK,THUNDERBOLT,DOUBLE KICK,8,23,15,30,0,0,0,0,72,79,51,41,41,41,47,4338,4900,4934,3973,3973,5084,15,15,15,15,0,0,0,0,0,0,0,57,46,41,41,47,270280,104576,148936,14649,2119,3,1,0,3006,2861,145,0,188,51,41,10,1,0,4750,3613,382,382,190,25,82,0,0,0,0,0,19,0,9,0,0,2,1,1,0,0,0,0,0,0,0,0,0,0,2,1,3,0,0,0,2,1,0,0,0,0,0,97,21375,0,0,0,0,11,22,0,1,1,6,0,7,1,Flareon
2-26,16:47:03,NINTEN,NidoranM,Slowbone,7,Rock Tunnel - 1,2,19:49.89,19:49,0h19m49s,1,0,1,30,1:16,12.484,BODY SLAM,HORN ATTACK,THUNDERBOLT,DOUBLE KICK,4,3135,203,42,10,208,204,110,15,11099,Flareon, ,Poison,Poison,22424,NidoranM7,NidoranM,,00:19:37.41,00:19:49.89,01:16:46.48,30,1,0,19,49,89,BODY SLAM,HORN ATTACK,THUNDERBOLT,DOUBLE KICK,12,25,14,30,0,0,0,0,50,81,53,43,42,42,49,4478,5015,5094,4053,4053,5134,15,15,15,15,0,0,0,0,0,0,0,59,48,42,42,49,278349,107908,152317,16005,2119,4,1,0,3135,2870,265,0,203,52,42,10,1,0,4906,3750,413,413,194,26,83,0,0,0,0,0,19,0,9,0,0,2,2,1,0,0,0,0,0,0,0,0,0,0,2,1,3,0,0,0,4,1,0,0,0,0,0,99,22289,0,0,0,0,11,22,0,1,1,6,0,7,1,Flareon
2-26,16:47:15,NINTEN,NidoranM,Pokemaniac,5,Rock Tunnel,1,20:01.62,20:01,0h20m1s,1,0,1,30,1:17,6.076,BODY SLAM,HORN ATTACK,THUNDERBOLT,DOUBLE KICK,4,3173,204,43,10,210,206,111,15,12249,Flareon, ,Poison,Poison,22953,NidoranM7,NidoranM,,00:19:55.54,00:20:01.62,01:17:32.57,30,1,0,20,1,62,BODY SLAM,HORN ATTACK,THUNDERBOLT,DOUBLE KICK,12,25,12,30,0,0,0,0,24,81,53,43,42,42,49,4568,5080,5159,4093,4093,5149,15,15,15,15,0,0,0,0,0,0,0,59,48,42,42,49,281118,108512,154482,16005,2119,4,1,0,3173,2870,303,0,204,53,43,10,1,0,5042,3834,439,439,196,26,84,0,0,0,0,0,19,0,9,0,0,2,2,1,0,0,0,0,0,0,0,0,0,0,2,1,3,0,0,0,4,1,0,0,0,0,0,100,22818,0,0,0,0,11,22,0,1,1,6,0,7,1,Flareon
2-26,16:47:31,NINTEN,NidoranM,Status-Condition-Jr-Trainer,10,Rock Tunnel,2,20:18.38,20:18,0h20m18s,1,0,1,30,1:18,9.456,BODY SLAM,HORN ATTACK,THUNDERBOLT,DOUBLE KICK,4,3186,206,44,10,214,210,113,15,13499,Flareon, ,Poison,Poison,23621,NidoranM7,NidoranM,RTG4 - Status Jr Trainer,00:20:08.91,00:20:18.38,01:18:38.57,30,1,0,20,18,38,BODY SLAM,HORN ATTACK,THUNDERBOLT,DOUBLE KICK,9,24,12,30,0,0,0,0,69,81,53,43,42,42,49,4658,5179,5263,4233,4233,5224,15,15,15,15,0,0,0,0,0,0,0,59,48,42,42,49,285078,108984,157119,16856,2119,4,1,0,3186,2870,316,0,206,54,44,10,1,0,5201,3944,444,444,200,26,85,0,0,0,0,0,19,0,9,0,0,2,3,1,0,0,0,0,0,0,0,0,0,0,2,1,3,0,0,0,5,1,0,0,0,0,0,102,23486,0,0,0,0,11,22,0,1,1,6,0,7,1,Flareon
2-26,16:48:06,NINTEN,NidoranM,Selfdestructing Hiker,9,Rock Tunnel,3,20:52.93,20:52,0h20m52s,1,0,1,31,1:20,16.763,BODY SLAM,HORN ATTACK,THUNDERBOLT,DOUBLE KICK,5,3298,225,45,10,220,216,116,15,13939,Flareon, ,Poison,Poison,24998,NidoranM7,NidoranM,,00:20:36.18,00:20:52.93,01:20:55.41,31,1,0,20,52,93,BODY SLAM,HORN ATTACK,THUNDERBOLT,DOUBLE KICK,9,24,12,24,0,0,0,0,58,84,55,44,44,44,50,4793,5434,5578,4338,4338,5299,15,15,15,15,0,0,0,0,0,0,0,61,49,44,44,50,293282,111905,161491,17767,2119,5,1,0,3298,2870,428,0,225,55,45,10,1,0,5386,4103,458,458,206,26,87,0,0,0,0,0,19,0,9,0,0,2,3,1,0,0,0,0,0,0,0,0,0,0,2,1,3,0,0,0,5,1,0,0,0,0,0,105,24863,0,0,0,0,11,22,0,1,1,6,0,7,1,Flareon
2-26,16:48:30,NINTEN,NidoranM,Finisher,18,Rock Tunnel - 1,3,21:16.88,21:16,0h21m16s,1,0,1,31,1:22,13.078,BODY SLAM,HORN ATTACK,THUNDERBOLT,DOUBLE KICK,5,3352,236,46,10,224,220,119,14,14674,Flareon,Paralyzed,Poison,Poison,25861,NidoranM7,NidoranM,RTG6 - Finisher,00:21:03.79,00:21:16.88,01:22:30.14,31,1,0,21,16,88,BODY SLAM,HORN ATTACK,THUNDERBOLT,DOUBLE KICK,6,24,12,23,0,0,0,0,49,84,55,44,44,44,50,4918,5574,5708,4488,4488,5475,15,15,15,15,0,0,0,0,0,0,0,61,49,44,44,12,298955,113368,165327,18141,2119,5,1,0,3352,2870,482,0,236,56,46,10,1,0,5622,4253,467,467,210,26,90,0,0,0,0,0,19,0,9,0,0,2,3,2,0,0,0,0,0,0,0,0,0,0,2,1,5,0,0,0,5,1,0,0,0,0,0,108,25726,0,0,0,0,11,22,0,1,1,6,0,7,1,Flareon
2-26,16:48:57,NINTEN,NidoranM,Gambler,7,Route 8,2,21:44.24,21:44,0h21m44s,1,0,1,31,1:24,8.967,BODY SLAM,HORN ATTACK,THUNDERBOLT,DOUBLE KICK,5,3466,249,47,10,228,224,121,15,15074,Flareon, ,Poison,Poison,26653,NidoranM7,NidoranM,,00:21:35.28,00:21:44.24,01:24:18.07,31,1,0,21,44,24,BODY SLAM,HORN ATTACK,THUNDERBOLT,DOUBLE KICK,11,25,15,30,0,0,0,0,78,84,55,44,44,44,50,5011,5685,5793,4603,4603,5600,15,15,15,15,0,0,0,0,0,0,0,61,49,44,44,50,305428,117006,167954,18349,2119,5,1,0,3466,2905,561,0,249,57,47,10,1,0,5813,4373,473,473,214,26,91,0,0,0,0,0,19,0,9,0,0,2,4,2,0,0,0,0,0,0,0,0,0,0,2,1,5,0,0,0,7,2,0,0,0,0,0,110,26518,0,0,0,0,12,22,0,1,1,6,0,7,1,Flareon
2-26,16:49:15,NINTEN,NidoranM,Super Nerd,4,Route 8,3,22:01.51,22:01,0h22m1s,1,0,1,32,1:25,13.668,BODY SLAM,HORN ATTACK,THUNDERBOLT,DOUBLE KICK,5,3478,250,48,10,234,230,124,15,16754,Flareon, ,Poison,Poison,28238,NidoranM7,NidoranM,,00:21:47.84,00:22:01.51,01:25:26.13,32,1,0,22,1,51,BODY SLAM,HORN ATTACK,THUNDERBOLT,DOUBLE KICK,6,24,15,30,0,0,0,0,72,86,57,46,45,45,52,5276,5950,5968,4748,4748,5700,15,15,15,15,0,0,0,0,0,0,0,64,51,45,45,52,309514,117342,171704,18349,2119,5,1,0,3478,2917,561,0,250,58,48,10,1,0,6083,4594,481,481,220,26,92,0,0,0,0,0,20,0,9,0,0,2,5,2,0,0,0,0,0,0,0,0,0,0,2,1,5,0,0,0,8,2,0,0,0,0,0,113,28103,0,0,0,0,12,22,0,1,1,6,0,7,1,Flareon
2-26,16:49:31,NINTEN,NidoranM,Gambler,5,Route 8,3,22:18.40,22:18,0h22m18s,1,0,1,32,1:26,8.64,BODY SLAM,HORN ATTACK,THUNDERBOLT,DOUBLE KICK,5,3518,253,49,10,237,233,124,15,17304,Flareon, ,Poison,Poison,29580,NidoranM7,NidoranM,,00:22:09.76,00:22:18.40,01:26:32.48,32,1,0,22,18,40,BODY SLAM,HORN ATTACK,THUNDERBOLT,DOUBLE KICK,4,24,14,30,0,0,0,0,72,86,57,46,45,45,52,5421,6115,6113,4878,4878,5970,15,15,15,15,0,0,0,0,0,0,0,64,51,45,45,52,313509,118438,174603,18349,2119,5,1,0,3518,2957,561,0,253,59,49,10,1,0,6314,4764,481,481,223,26,92,0,0,0,0,0,21,0,9,0,0,2,5,2,0,0,0,0,0,0,0,0,0,0,2,1,5,0,0,0,8,2,0,0,0,0,0,116,29445,0,0,0,0,12,22,0,1,1,6,0,7,1,Flareon
2-26,16:49:49,NINTEN,NidoranM,Super Nerd,3,Route 8,4,22:35.79,22:35,0h22m35s,1,0,1,33,1:27,13.511,BODY SLAM,HORN ATTACK,THUNDERBOLT,DOUBLE KICK,5,3524,253,50,10,242,238,125,15,18844,Flareon, ,Poison,Poison,31330,NidoranM7,NidoranM,,00:22:22.30,00:22:35.79,01:27:41.26,33,1,0,22,35,79,BODY SLAM,HORN ATTACK,THUNDERBOLT,DOUBLE KICK,1,24,12,30,0,0,0,0,70,89,58,47,46,46,54,5566,6275,6378,5143,5143,6250,15,15,15,15,0,0,0,0,0,0,0,65,52,46,46,54,317627,118847,178312,18349,2119,5,1,0,3524,2963,561,0,253,60,50,10,1,0,6543,4954,486,486,228,26,93,0,0,0,0,0,21,0,9,0,0,2,5,2,0,0,0,0,0,0,0,0,0,0,2,1,5,0,0,0,8,2,0,0,0,0,0,120,31195,0,0,0,0,12,22,0,1,1,6,0,7,1,Flareon
2-26,16:50:56,NINTEN,NidoranM,Rocket,7,Celadon City - Game Corner,2,23:25.13,23:25,0h23m25s,1,0,1,33,1:30,8.462,BODY SLAM,HORN ATTACK,THUNDERBOLT,DOUBLE KICK,5,3729,287,51,10,243,239,126,14,19344,Flareon, ,Poison,Poison,32057,NidoranM7,NidoranM,,00:23:16.67,00:23:25.13,01:30:56.07,33,1,0,23,25,13,BODY SLAM,HORN ATTACK,THUNDERBOLT,DOUBLE KICK,15,24,15,29,0,0,0,0,79,89,58,47,46,46,54,5661,6401,6473,5233,5233,6402,15,15,15,15,0,0,0,0,0,0,0,65,52,46,46,54,329308,127374,181179,18636,2119,5,1,0,3729,3168,561,0,287,61,51,10,1,0,6665,5058,496,496,230,26,94,0,0,0,0,0,21,0,9,0,0,2,5,2,0,0,0,0,0,0,0,0,0,0,2,1,5,0,0,0,8,2,0,0,0,0,0,122,31922,0,0,0,0,15,22,0,1,1,6,0,7,1,Flareon
2-26,16:51:33,NINTEN,NidoranM,Rocket,15,Rocket Hideout 3,2,24:01.88,24:01,0h24m1s,1,0,1,33,1:33,8.677,BODY SLAM,HORN ATTACK,THUNDERBOLT,DOUBLE KICK,5,3907,300,52,10,248,244,127,15,19944,Flareon, ,Poison,Poison,32849,NidoranM7,NidoranM,,00:23:53.20,00:24:01.88,01:33:21.36,33,1,0,24,1,88,BODY SLAM,HORN ATTACK,THUNDERBOLT,DOUBLE KICK,11,24,15,29,0,0,0,0,73,89,58,47,46,46,54,5801,6561,6573,5303,5303,6472,15,15,15,15,0,0,0,0,0,0,0,65,52,46,46,54,338037,133554,183728,18636,2119,5,1,0,3907,3346,561,0,300,62,52,10,1,0,6921,5184,502,502,234,26,95,0,0,0,0,0,22,0,9,0,0,2,6,2,0,0,0,0,0,0,0,0,0,0,2,1,5,0,0,0,9,3,0,0,0,0,0,124,32714,0,0,0,0,18,22,0,1,1,6,0,7,1,Flareon
2-26,16:53:35,NINTEN,NidoranM,Rival4-Pkmn Tower,3,Pokemon Tower - 2F,5,26:04.33,26:04,0h26m4s,1,0,1,34,1:41,21.193,BODY SLAM,HORN ATTACK,THUNDERBOLT,DOUBLE KICK,5,4352,338,53,10,256,252,131,16,3074,Flareon, ,Poison,Poison,35499,NidoranM7,NidoranM,Rival (Pokemon Tower),00:25:43.14,00:26:04.33,01:41:24.49,34,1,0,26,4,33,BODY SLAM,HORN ATTACK,THUNDERBOLT,DOUBLE KICK,11,25,12,29,0,0,0,0,83,91,60,49,48,48,60,6026,6881,6943,5599,5599,16992,15,15,15,15,0,-1,0,0,0,0,0,67,36,48,48,60,367030,152684,189171,23056,2119,5,1,0,4352,3791,561,0,338,63,53,10,1,0,7373,5470,510,510,242,28,97,0,0,0,0,0,22,0,9,0,0,2,7,2,0,0,0,0,0,0,0,0,0,0,2,1,5,0,0,0,10,3,0,0,0,0,0,129,35364,0,0,0,0,23,39,9,1,1,7,0,7,1,Flareon
2-26,16:54:07,NINTEN,NidoranM,Agatha Jr,10,Pokemon Tower - 4F,2,26:35.48,26:35,0h26m35s,1,0,1,35,1:43,11.852,BODY SLAM,HORN ATTACK,THUNDERBOLT,DOUBLE KICK,6,4400,340,54,10,261,257,134,16,4699,Flareon, ,Poison,Poison,36435,NidoranM7,NidoranM,,00:26:23.63,00:26:35.48,01:43:27.43,35,1,0,26,35,48,BODY SLAM,HORN ATTACK,THUNDERBOLT,DOUBLE KICK,11,25,7,29,0,0,0,0,94,94,62,50,50,50,61,6086,6951,7003,5799,5799,17152,15,15,15,15,0,0,0,0,0,0,0,69,56,50,50,61,374404,154840,192763,24682,2119,6,1,0,4400,3839,561,0,340,64,54,10,1,0,7514,5570,510,510,247,29,100,0,0,0,0,0,23,0,9,0,0,4,7,2,0,0,0,0,0,0,0,0,0,0,4,1,5,0,0,0,10,3,0,0,0,0,0,131,36300,0,0,0,0,23,39,9,1,1,7,0,7,1,Flareon
2-26,16:54:32,NINTEN,NidoranM,Channeler,21,Pokemon Tower - 6F,1,27:00.54,27:00,0h27m0s,1,0,1,35,1:45,7.493,BODY SLAM,HORN ATTACK,THUNDERBOLT,DOUBLE KICK,7,4470,353,55,10,264,259,136,16,5389,Flareon, ,Poison,Poison,36922,NidoranM7,NidoranM,,00:26:53.04,00:27:00.54,01:45:06.50,35,1,0,27,0,54,BODY SLAM,HORN ATTACK,THUNDERBOLT,DOUBLE KICK,15,25,13,30,0,0,0,0,77,94,62,50,50,50,61,6116,6986,7033,5899,5899,17232,15,15,15,15,0,0,0,0,0,0,0,69,56,50,50,61,380351,157721,195304,25207,2119,7,1,0,4470,3909,561,0,353,65,55,10,1,0,7567,5622,527,527,249,30,102,0,0,0,0,0,23,0,9,0,0,5,7,2,0,0,0,0,0,0,0,0,0,0,6,2,5,0,0,0,10,3,0,0,0,0,0,132,36787,0,0,0,0,25,39,9,1,1,7,0,7,1,Flareon
2-26,16:54:42,NINTEN,NidoranM,Channeler,20,Pokemon Tower - 6F,1,27:10.87,27:10,0h27m10s,1,0,1,35,1:45,7.153,BODY SLAM,HORN ATTACK,THUNDERBOLT,DOUBLE KICK,7,4481,353,56,10,266,261,138,16,6109,Flareon,Paralyzed,Poison,Poison,37409,NidoranM7,NidoranM,,00:27:03.71,00:27:10.87,01:45:47.37,35,1,0,27,10,87,BODY SLAM,HORN ATTACK,THUNDERBOLT,DOUBLE KICK,15,25,11,30,0,0,0,0,65,94,62,50,50,50,61,6146,7021,7063,5999,5999,17312,15,15,15,15,0,0,0,0,0,0,0,69,56,50,50,15,382798,158068,197404,25207,2119,7,1,0,4481,3920,561,0,353,66,56,10,1,0,7620,5674,539,539,251,30,104,0,0,0,0,0,23,0,10,0,0,5,7,3,0,0,0,0,0,0,0,0,0,0,6,2,6,0,0,0,10,3,0,0,0,0,0,133,37274,0,0,0,0,25,39,9,1,1,7,0,7,1,Flareon
2-26,16:55:14,NINTEN,NidoranM,Rocket,44,Pokemon Tower - 7F,3,27:42.73,27:42,0h27m42s,1,0,1,35,1:47,14.581,BODY SLAM,HORN ATTACK,THUNDERBOLT,DOUBLE KICK,7,4504,354,57,11,272,267,140,15,6829,Flareon, ,Poison,Poison,39658,NidoranM7,NidoranM,,00:27:28.14,00:27:42.73,01:47:53.06,35,1,0,27,42,73,BODY SLAM,HORN ATTACK,THUNDERBOLT,DOUBLE KICK,13,25,8,29,0,0,0,0,58,94,62,50,50,50,61,6311,7241,7287,6189,6189,17542,15,15,15,15,0,0,0,0,0,0,0,69,56,50,50,61,390327,159619,202128,26461,2119,7,1,0,4504,3943,561,0,354,68,57,11,1,0,7863,5885,575,575,257,30,106,0,0,0,0,0,23,0,11,0,0,5,8,3,0,0,0,0,0,0,0,0,0,0,6,2,6,0,0,0,11,4,0,0,0,0,0,136,39523,0,0,0,0,26,39,9,1,1,7,0,7,1,Flareon
2-26,16:56:00,NINTEN,NidoranM,Lass,17,Celadon City - Gym,2,28:28.96,28:28,0h28m28s,1,0,1,36,1:50,15.524,BODY SLAM,HORN ATTACK,THUNDERBOLT,DOUBLE KICK,8,4643,359,58,11,281,270,144,16,7639,Flareon, ,Poison,Poison,40816,NidoranM7,NidoranM,,00:28:13.43,00:28:28.96,01:50:55.42,36,1,0,28,28,96,BODY SLAM,HORN ATTACK,THUNDERBOLT,DOUBLE KICK,13,24,15,30,0,0,0,0,82,97,64,52,51,51,63,6426,7406,7372,6344,6344,17637,15,15,15,15,0,0,0,0,0,0,0,72,58,51,51,63,401283,165216,206319,27629,2119,8,1,0,4643,4082,561,0,359,69,58,11,1,0,8079,6010,590,590,260,31,109,0,0,0,0,0,24,0,11,0,0,5,8,3,0,0,0,0,0,0,0,0,0,0,6,2,6,0,0,0,11,4,4,0,0,0,0,138,40681,0,0,0,0,26,39,9,1,1,7,0,7,1,Flareon
2-26,16:56:17,NINTEN,NidoranM,Beauty,1,Celadon City - Gym,4,28:45.71,28:45,0h28m45s,1,0,1,36,1:52,11.589,BODY SLAM,HORN ATTACK,THUNDERBOLT,DOUBLE KICK,8,4651,361,59,11,285,274,144,16,7984,Flareon, ,Poison,Poison,42274,NidoranM7,NidoranM,,00:28:34.13,00:28:45.71,01:52:01.40,36,1,0,28,45,71,BODY SLAM,HORN ATTACK,THUNDERBOLT,DOUBLE KICK,11,22,15,30,0,0,0,0,82,97,64,52,51,51,63,6616,7656,7552,6634,6634,17777,15,15,15,15,0,0,0,0,0,0,0,72,58,51,51,63,405241,165597,209896,27629,2119,8,1,0,4651,4090,561,0,361,70,59,11,1,0,8319,6226,590,590,264,31,109,0,0,0,0,0,24,0,11,0,0,5,8,3,0,0,0,0,0,0,0,0,0,0,6,2,6,0,0,0,11,4,4,0,0,0,0,142,42139,0,0,0,0,26,39,9,1,1,7,0,7,1,Flareon
2-26,16:56:28,NINTEN,NidoranM,Jr Trainer F,11,Celadon City - Gym,2,28:56.82,28:56,0h28m56s,1,0,1,36,1:52,7.97,BODY SLAM,HORN ATTACK,THUNDERBOLT,DOUBLE KICK,8,4658,362,60,11,288,277,145,16,9454,Flareon, ,Poison,Poison,43326,NidoranM7,NidoranM,,00:28:48.85,00:28:56.82,01:52:45.25,36,1,0,28,56,82,BODY SLAM,HORN ATTACK,THUNDERBOLT,DOUBLE KICK,10,20,15,30,0,0,0,0,82,97,64,52,51,51,63,6721,7767,7664,6779,6779,17882,15,15,15,15,0,0,0,0,0,0,0,72,58,51,51,63,407866,165844,212274,27629,2119,8,1,0,4658,4097,561,0,362,71,60,11,1,0,8450,6351,590,590,267,31,110,0,0,0,0,0,24,0,11,0,0,5,8,3,0,0,0,0,0,0,0,0,0,0,6,2,6,0,0,0,11,4,4,0,0,0,0,144,43191,0,0,0,0,26,39,9,1,1,7,0,7,1,Flareon
2-26,16:56:43,NINTEN,NidoranM,Lass,18,Celadon City - Gym,2,29:12.37,29:12,0h29m12s,1,0,1,37,1:53,10.902,BODY SLAM,HORN ATTACK,THUNDERBOLT,DOUBLE KICK,8,4660,367,61,11,292,281,147,16,9934,Flareon, ,Poison,Poison,44359,NidoranM7,NidoranM,,00:29:01.46,00:29:12.37,01:53:46.41,37,1,0,29,12,37,BODY SLAM,HORN ATTACK,THUNDERBOLT,DOUBLE KICK,9,17,15,30,0,0,0,0,82,99,66,53,53,53,65,6826,7882,7789,6939,6939,17952,15,15,15,15,0,0,0,0,0,0,0,74,59,53,53,65,411542,166168,215356,27899,2119,8,1,0,4660,4099,561,0,367,72,61,11,1,0,8616,6473,592,592,271,31,111,0,0,0,0,0,24,0,11,0,0,5,8,3,0,0,0,0,0,0,0,0,0,0,6,2,6,0,0,0,11,4,4,0,0,0,0,146,44224,0,0,0,0,26,39,9,1,1,7,0,7,1,Flareon
2-26,16:57:03,NINTEN,NidoranM,Cooltrainer F,1,Celadon City - Gym,3,29:32.42,29:32,0h29m32s,1,0,1,37,1:55,12.92,BODY SLAM,HORN ATTACK,THUNDERBOLT,DOUBLE KICK,9,4661,367,62,11,297,286,148,16,10279,Flareon, ,Poison,Poison,46536,NidoranM7,NidoranM,,00:29:19.50,00:29:32.42,01:55:05.45,37,1,0,29,32,42,BODY SLAM,HORN ATTACK,THUNDERBOLT,DOUBLE KICK,6,15,15,30,0,0,0,0,77,99,66,53,53,53,65,7011,8099,7972,7189,7189,18107,15,15,15,15,0,0,0,0,0,0,0,74,59,53,53,65,416286,166474,219253,28440,2119,9,1,0,4661,4100,561,0,367,73,62,11,1,0,8884,6674,597,597,276,31,112,0,0,0,0,0,25,0,11,0,0,5,8,3,0,0,0,0,0,0,0,0,0,0,6,2,6,0,0,0,11,4,4,0,0,0,0,149,46401,0,0,0,0,26,39,9,1,1,7,0,7,1,Flareon
2-26,16:57:19,NINTEN,NidoranM,Beauty,3,Celadon City - Gym,1,29:47.71,29:47,0h29m47s,1,0,1,37,1:56,11.314,BODY SLAM,HORN ATTACK,THUNDERBOLT,DOUBLE KICK,9,4663,367,63,11,306,289,155,16,11119,Flareon, ,Poison,Poison,47082,NidoranM7,NidoranM,,00:29:36.40,00:29:47.71,01:56:06.19,37,1,0,29,47,71,BODY SLAM,HORN ATTACK,THUNDERBOLT,DOUBLE KICK,3,15,15,30,0,0,0,0,77,99,66,53,53,53,65,7071,8139,8052,7249,7249,18147,15,15,15,15,0,0,0,0,0,0,0,74,59,53,53,65,419920,166921,222440,28440,2119,9,1,0,4663,4102,561,0,367,74,63,11,1,0,8960,6745,597,597,279,36,114,0,0,0,0,0,25,0,11,0,0,5,9,3,0,0,0,0,0,0,0,0,0,0,6,2,6,0,0,0,19,5,9,0,0,0,0,150,46947,0,0,0,0,26,39,9,1,1,7,0,7,1,Flareon
2-26,16:57:52,NINTEN,NidoranM,Erika,1,Celadon City - Gym,3,30:21.03,30:21,0h30m21s,1,0,1,38,1:58,22.115,BODY SLAM,HORN ATTACK,THUNDERBOLT,DOUBLE KICK,10,4665,367,64,11,317,297,163,16,12939,Flareon, ,Poison,Poison,50087,NidoranM7,NidoranM,Erika,00:29:58.91,00:30:21.03,01:58:17.55,38,1,0,30,21,3,BODY SLAM,HORN ATTACK,THUNDERBOLT,DOUBLE KICK,5,15,15,30,0,0,0,0,42,102,68,55,54,54,66,7261,8349,8287,7519,7519,18302,15,15,15,15,0,-1,0,0,0,0,0,85,40,54,54,66,427816,167657,228181,29859,2119,10,1,0,4665,4104,561,0,367,75,64,11,1,0,9256,7001,657,657,287,37,121,0,0,0,0,0,26,0,13,0,0,5,9,3,0,0,0,0,0,0,0,0,0,0,6,2,6,0,0,0,19,5,11,0,0,0,0,153,49952,0,0,0,0,26,39,9,1,1,7,0,7,1,Flareon
2-26,16:58:33,NINTEN,NidoranM,Scientist,11,Silph Co - 10F,2,31:02.12,31:02,0h31m2s,1,0,1,38,2:00,9.45,BODY SLAM,HORN ATTACK,THUNDERBOLT,DOUBLE KICK,10,4791,371,65,11,321,301,165,16,16107,Flareon, ,Poison,Poison,51347,NidoranM7,NidoranM,,00:30:52.68,00:31:02.12,02:00:59.31,38,1,0,31,2,12,BODY SLAM,HORN ATTACK,THUNDERBOLT,DOUBLE KICK,14,24,13,30,0,0,0,0,94,102,68,55,54,54,66,7326,8449,8452,7674,7674,18382,15,15,15,15,0,0,0,0,0,0,0,76,61,54,54,66,437512,173500,231359,30534,2119,10,1,0,4791,4230,561,0,371,76,65,11,1,0,9403,7125,665,665,291,38,122,0,0,0,0,0,26,0,13,0,0,5,9,3,0,0,0,0,0,0,0,0,0,0,6,2,6,0,0,0,19,5,11,0,0,0,0,155,51212,0,0,0,0,26,39,9,1,1,7,0,7,1,Flareon
2-26,16:58:46,NINTEN,NidoranM,Rocket,39,Silph Co - 10F,1,31:14.91,31:14,0h31m14s,1,0,1,39,2:01,8.58,BODY SLAM,HORN ATTACK,THUNDERBOLT,DOUBLE KICK,10,4803,371,66,11,324,304,166,16,17557,Flareon, ,Poison,Poison,52379,NidoranM7,NidoranM,,00:31:06.33,00:31:14.91,02:01:50.04,39,1,0,31,14,91,BODY SLAM,HORN ATTACK,THUNDERBOLT,DOUBLE KICK,14,23,11,30,0,0,0,0,62,104,70,56,56,56,68,7406,8549,8522,7724,7724,18427,15,15,15,15,0,0,0,0,0,0,0,78,63,56,56,68,440545,173996,233896,30534,2119,10,1,0,4803,4242,561,0,371,77,66,11,1,0,9511,7226,699,699,294,38,123,0,0,0,0,0,26,0,14,0,0,5,10,3,0,0,0,0,0,0,0,0,0,0,6,2,6,0,0,0,20,6,11,0,0,0,0,156,52244,0,0,0,0,26,39,9,1,1,7,0,7,1,Flareon
2-26,16:59:14,NINTEN,NidoranM,Rocket,35,Silph Co - 8F,4,31:42.49,31:42,0h31m42s,1,0,1,39,2:03,15.249,BODY SLAM,HORN ATTACK,THUNDERBOLT,DOUBLE KICK,10,4856,377,67,11,329,309,168,17,18547,Flareon, ,Poison,Poison,54592,NidoranM7,NidoranM,,00:31:27.24,00:31:42.49,02:03:38.36,39,1,0,31,42,49,BODY SLAM,HORN ATTACK,THUNDERBOLT,DOUBLE KICK,14,23,8,28,0,0,0,0,96,104,70,56,56,56,68,7606,8811,8722,7914,7914,18741,15,15,15,15,0,0,0,0,0,0,0,78,63,56,56,68,447057,175559,238261,31118,2119,10,1,0,4856,4295,561,0,377,78,67,11,1,0,9903,7488,707,707,299,38,125,0,0,0,0,0,26,0,14,0,0,6,10,3,0,0,0,0,0,0,0,0,0,0,7,2,6,0,0,0,20,6,11,0,0,0,0,160,54457,0,0,0,0,28,39,9,1,1,7,0,7,1,Flareon
2-26,16:59:35,NINTEN,NidoranM,Rocket,32,Silph Co - 7F,4,32:03.58,32:03,0h32m3s,1,0,1,40,2:05,16.998,BODY SLAM,HORN ATTACK,THUNDERBOLT,DOUBLE KICK,10,4869,381,68,11,335,315,170,17,19327,Flareon, ,Poison,Poison,57642,NidoranM7,NidoranM,,00:31:46.58,00:32:03.58,02:05:01.41,40,1,0,32,3,58,BODY SLAM,HORN ATTACK,THUNDERBOLT,DOUBLE KICK,13,21,6,27,0,0,0,0,99,107,72,58,57,57,70,7836,9122,9016,8164,8164,19043,15,15,15,15,0,-1,0,0,0,0,0,81,42,57,57,70,452042,176106,242699,31118,2119,10,1,0,4869,4308,561,0,381,79,68,11,1,0,10231,7766,707,707,305,39,126,0,0,0,0,0,26,0,14,0,0,6,11,3,0,0,0,0,0,0,0,0,0,0,7,2,6,0,0,0,21,6,11,0,0,0,0,164,57507,0,0,0,0,28,39,9,1,1,7,0,7,1,Flareon
2-26,16:59:53,NINTEN,NidoranM,Scientist,8,Silph Co - 7F,2,32:22.33,32:22,0h32m22s,1,0,1,40,2:06,11.632,BODY SLAM,HORN ATTACK,THUNDERBOLT,DOUBLE KICK,10,4906,386,69,11,340,320,173,17,20107,Flareon, ,Poison,Poison,59548,NidoranM7,NidoranM,,00:32:10.71,00:32:22.33,02:06:15.41,40,1,0,32,22,33,BODY SLAM,HORN ATTACK,THUNDERBOLT,DOUBLE KICK,11,21,3,27,0,0,0,0,75,107,72,58,57,57,70,8001,9277,9161,8309,8309,19233,15,15,15,15,0,-2,0,0,0,0,0,91,32,57,57,70,456482,177035,246210,31118,2119,10,1,0,4906,4345,561,0,386,80,69,11,1,0,10475,7948,731,731,310,40,128,0,0,0,0,0,27,0,14,0,0,6,13,3,0,0,0,0,0,0,0,0,0,0,7,2,6,0,0,0,22,6,11,0,0,0,0,166,59413,0,0,0,0,28,39,9,1,1,7,0,7,1,Flareon
2-26,17:00:17,NINTEN,NidoranM,Rocket,30,Silph Co - 6F,2,32:46.18,32:46,0h32m46s,1,0,1,40,2:07,9.094,BODY SLAM,HORN ATTACK,THUNDERBOLT,DOUBLE KICK,10,4955,388,70,11,344,324,175,15,21557,Flareon, ,Poison,Poison,61000,NidoranM7,NidoranM,,00:32:37.09,00:32:46.18,02:07:49.39,40,1,0,32,46,18,BODY SLAM,HORN ATTACK,THUNDERBOLT,DOUBLE KICK,7,21,3,27,0,0,0,0,40,107,72,58,59,59,71,8151,9457,9281,10954,10954,21873,15,15,15,15,0,0,0,0,0,0,0,81,65,59,59,71,462120,178628,248759,32614,2119,10,1,0,4955,4394,561,0,388,81,70,11,1,0,10692,8122,766,766,314,40,130,0,0,0,0,0,27,0,15,0,0,6,13,3,0,0,0,0,0,0,0,0,0,0,7,2,6,0,0,0,22,6,11,0,0,0,0,168,60865,0,0,0,0,29,39,9,1,1,7,0,7,1,Flareon
2-26,17:00:41,NINTEN,NidoranM,Scientist,7,Silph Co - 6F,5,33:09.93,33:09,0h33m9s,1,0,1,41,2:09,17.73,BODY SLAM,HORN ATTACK,THUNDERBOLT,DOUBLE KICK,10,4968,388,71,11,351,331,177,15,22427,Flareon, ,Poison,Poison,64107,NidoranM7,NidoranM,,00:32:52.21,00:33:09.93,02:09:23.15,41,1,0,33,9,93,BODY SLAM,HORN ATTACK,THUNDERBOLT,DOUBLE KICK,3,21,0,27,0,0,0,0,82,110,73,59,60,60,73,8346,9712,9686,11344,11344,22158,15,15,15,15,0,0,0,0,0,0,0,82,66,60,60,73,467736,179059,253359,33199,2119,10,1,0,4968,4407,561,0,388,82,71,11,1,0,11084,8414,777,777,321,40,132,0,0,0,0,0,28,0,15,0,0,6,13,3,0,0,0,0,0,0,0,0,0,0,7,2,6,0,0,0,22,6,11,0,0,0,0,173,63972,0,0,0,0,29,39,9,1,1,7,0,7,1,Flareon
2-26,17:01:00,NINTEN,NidoranM,Rocket,31,Silph Co - 6F,3,33:29.37,33:29,0h33m29s,1,0,1,41,2:10,13.844,BODY SLAM,HORN ATTACK,THUNDERBOLT,DOUBLE KICK,10,4992,390,72,11,356,335,179,15,23677,Flareon, ,Poison,Poison,65781,NidoranM7,NidoranM,,00:33:15.53,00:33:29.37,02:10:39.57,41,1,0,33,29,37,BODY SLAM,HORN ATTACK,THUNDERBOLT,DOUBLE KICK,0,20,0,27,0,0,0,0,63,110,73,59,60,60,73,8501,9882,9826,11499,11499,22358,15,15,15,15,0,0,0,0,0,0,0,82,66,60,60,73,472338,179650,257370,33199,2119,10,1,0,4992,4431,561,0,390,83,72,11,1,0,11358,8626,796,796,325,41,134,0,0,0,0,0,29,0,15,0,0,7,13,3,0,0,0,0,0,0,0,0,0,0,9,3,6,0,0,0,22,6,11,0,0,0,0,176,65646,0,0,0,0,29,39,9,1,1,7,0,7,1,Flareon
2-26,17:01:49,NINTEN,NidoranM,Biker,7,Route 16,4,34:17.95,34:17,0h34m17s,1,0,1,42,2:13,18.353,BODY SLAM,HORN ATTACK,THUNDERBOLT,DOUBLE KICK,10,5091,395,73,12,364,343,183,15,24517,Flareon, ,Poison,Poison,67785,NidoranM7,NidoranM,,00:33:59.60,00:34:17.95,02:13:51.29,42,1,0,34,17,95,BODY SLAM,HORN ATTACK,THUNDERBOLT,DOUBLE KICK,15,17,15,30,0,0,0,0,82,112,75,61,62,62,75,8821,10202,10026,11659,11659,22458,15,15,15,15,0,0,0,0,0,0,0,84,68,62,62,75,483830,183595,262966,35150,2119,10,1,0,5091,4513,578,0,395,85,73,12,2,0,11781,8950,826,826,333,41,138,0,0,0,0,0,29,0,15,0,0,7,13,3,0,0,0,0,0,0,0,0,0,0,9,3,6,0,0,0,22,6,11,0,0,0,0,180,67650,0,0,0,0,29,39,9,1,1,7,0,7,1,Flareon
2-26,17:02:10,NINTEN,NidoranM,Biker,8,Route 17,3,34:39.12,34:39,0h34m39s,1,0,1,42,2:15,15.657,BODY SLAM,HORN ATTACK,THUNDERBOLT,DOUBLE KICK,10,5112,395,74,12,371,350,187,15,25037,Flareon, ,Poison,Poison,70545,NidoranM7,NidoranM,,00:34:23.46,00:34:39.12,02:15:14.47,42,1,0,34,39,12,BODY SLAM,HORN ATTACK,THUNDERBOLT,DOUBLE KICK,15,16,9,30,0,0,0,0,60,112,75,61,62,62,75,8991,10447,10361,11889,11889,22613,15,15,15,15,0,0,0,0,0,0,0,84,68,62,62,75,488828,184046,267513,35150,2119,10,1,0,5112,4513,599,0,395,86,74,12,2,0,12065,9170,848,848,340,42,141,0,0,0,0,0,30,0,15,0,0,7,14,3,0,0,0,0,0,0,0,0,0,0,9,3,6,0,0,0,24,6,11,0,0,0,0,183,70410,0,0,0,0,29,39,9,1,1,7,0,7,1,Flareon
2-26,17:02:29,NINTEN,NidoranM,Cue Ball,5,Route 17,2,34:57.80,34:57,0h34m57s,1,0,1,43,2:16,11.772,BODY SLAM,HORN ATTACK,THUNDERBOLT,DOUBLE KICK,10,5119,403,75,12,375,354,189,14,25597,Flareon, ,Poison,Poison,71997,NidoranM7,NidoranM,,00:34:46.03,00:34:57.80,02:16:28.26,43,1,0,34,57,80,BODY SLAM,HORN ATTACK,THUNDERBOLT,DOUBLE KICK,15,15,6,30,0,0,0,0,105,115,78,63,63,63,76,9141,10627,10481,11974,11974,22693,15,15,15,15,0,-1,0,0,0,0,0,87,46,63,63,76,493247,184544,270800,35784,2119,10,1,0,5119,4513,606,0,403,87,75,12,2,0,12282,9344,856,856,344,42,143,0,0,0,0,0,30,0,15,0,0,7,15,3,0,0,0,0,0,0,0,0,0,0,9,3,6,0,0,0,25,6,11,0,0,0,0,185,71862,0,0,0,0,29,39,9,1,1,7,0,7,1,Flareon
2-26,17:02:44,NINTEN,NidoranM,Cue Ball,4,Route 17,2,35:13.23,35:13,0h35m13s,1,0,1,43,2:17,7.741,BODY SLAM,HORN ATTACK,THUNDERBOLT,DOUBLE KICK,10,5135,417,76,12,378,357,190,14,26322,Flareon, ,Poison,Poison,73381,NidoranM7,NidoranM,,00:35:05.49,00:35:13.23,02:17:29.14,43,1,0,35,13,23,BODY SLAM,HORN ATTACK,THUNDERBOLT,DOUBLE KICK,12,15,6,30,0,0,0,0,80,115,78,63,63,63,76,9246,10812,10576,12069,12069,22858,15,15,15,15,0,0,0,0,0,0,0,87,70,63,63,76,496895,185508,273484,35784,2119,10,1,0,5135,4513,622,0,417,88,76,12,2,0,12561,9491,881,881,347,42,144,0,0,0,0,0,31,0,16,0,0,7,15,3,0,0,0,0,0,0,0,0,0,0,9,3,6,0,0,0,25,6,11,0,0,0,0,187,73246,0,0,0,0,30,39,9,1,1,7,0,7,1,Flareon
2-26,17:02:54,NINTEN,NidoranM,Biker,10,Route 17,2,35:23.17,35:23,0h35m23s,1,0,1,43,2:18,6.125,BODY SLAM,HORN ATTACK,THUNDERBOLT,DOUBLE KICK,10,5154,424,77,12,380,359,190,14,27047,Flareon, ,Poison,Poison,74659,NidoranM7,NidoranM,,00:35:17.04,00:35:23.17,02:18:08.20,43,1,0,35,23,17,BODY SLAM,HORN ATTACK,THUNDERBOLT,DOUBLE KICK,10,15,6,30,0,0,0,0,80,115,78,63,63,63,76,9326,10872,10676,12179,12179,23058,15,15,15,15,0,0,0,0,0,0,0,87,70,63,63,76,499241,185902,275436,35784,2119,10,1,0,5154,4513,641,0,424,89,77,12,2,0,12698,9623,881,881,349,42,144,0,0,0,0,0,31,0,16,0,0,7,15,3,0,0,0,0,0,0,0,0,0,0,9,3,6,0,0,0,25,6,11,0,0,0,0,189,74524,0,0,0,0,30,39,9,1,1,7,0,7,1,Flareon
2-26,17:03:05,NINTEN,NidoranM,Cue Ball,6,Route 17,1,35:33.85,35:33,0h35m33s,1,0,1,43,2:18,6.745,BODY SLAM,HORN ATTACK,THUNDERBOLT,DOUBLE KICK,10,5181,426,78,12,383,362,192,14,27627,Flareon, ,Poison,Poison,75691,NidoranM7,NidoranM,,00:35:27.11,00:35:33.85,02:18:50.30,43,1,0,35,33,85,BODY SLAM,HORN ATTACK,THUNDERBOLT,DOUBLE KICK,7,15,6,30,0,0,0,0,80,115,78,63,63,63,76,9406,10972,10746,12229,12229,23103,15,15,15,15,0,-1,0,0,0,0,0,97,46,63,63,76,501771,186334,277534,35784,2119,10,1,0,5181,4513,668,0,426,90,78,12,2,0,12847,9724,881,881,352,43,145,0,0,0,0,0,31,0,16,0,0,7,16,3,0,0,0,0,0,0,0,0,0,0,9,3,6,0,0,0,26,6,11,0,0,0,0,190,75556,0,0,0,0,30,39,9,1,1,7,0,7,1,Flareon
2-26,17:03:26,NINTEN,NidoranM,Cue Ball,8,Route 17,2,35:54.46,35:54,0h35m54s,1,0,1,44,2:20,8.355,BODY SLAM,HORN ATTACK,THUNDERBOLT,DOUBLE KICK,10,5252,426,79,12,386,365,193,13,28452,Flareon, ,Poison,Poison,77522,NidoranM7,NidoranM,,00:35:46.10,00:35:54.46,02:20:11.54,44,1,0,35,54,46,BODY SLAM,HORN ATTACK,THUNDERBOLT,DOUBLE KICK,12,15,6,30,0,0,0,0,83,118,79,64,65,65,78,9551,11177,10876,12339,12339,23243,15,15,15,15,0,-1,0,0,0,0,0,88,47,65,65,78,506655,187964,280006,36566,2119,10,1,0,5252,4513,739,0,426,91,79,12,2,0,13084,9895,881,881,355,43,146,0,0,0,0,0,33,0,16,0,0,7,16,3,0,0,0,0,0,0,0,0,0,0,9,3,6,0,0,0,26,6,11,0,0,0,0,192,77387,0,0,0,0,31,39,9,1,1,7,0,7,1,Flareon
2-26,17:03:53,NINTEN,NidoranM,Biker,12,Route 17,5,36:22.04,36:22,0h36m22s,1,0,1,44,2:22,21.826,BODY SLAM,HORN ATTACK,THUNDERBOLT,DOUBLE KICK,10,5276,427,80,12,396,375,198,13,29177,Flareon, ,Poison,Poison,81202,NidoranM7,NidoranM,,00:36:00.21,00:36:22.04,02:22:00.45,44,1,0,36,22,4,BODY SLAM,HORN ATTACK,THUNDERBOLT,DOUBLE KICK,8,14,1,30,0,0,0,0,63,118,79,64,65,65,78,9801,11552,11401,12689,12689,23468,15,15,15,15,0,0,0,0,0,0,0,88,72,65,65,78,513186,188478,286023,36566,2119,10,1,0,5276,4513,763,0,427,92,80,12,2,0,13533,10214,901,901,365,44,150,0,0,0,0,0,33,0,16,0,0,7,17,3,0,0,0,0,0,0,0,0,0,0,9,3,6,0,0,0,27,6,11,0,0,0,0,197,81067,0,0,0,0,31,39,9,1,1,7,0,7,1,Flareon
2-26,17:04:20,NINTEN,NidoranM,Bird Keeper,10,Route 18,4,36:49.34,36:49,0h36m49s,1,0,1,44,2:23,11.637,BODY SLAM,HORN ATTACK,THUNDERBOLT,DOUBLE KICK,10,5356,435,81,12,400,379,198,12,29677,Flareon, ,Poison,Poison,83069,NidoranM7,NidoranM,,00:36:37.70,00:36:49.34,02:23:48.09,44,1,0,36,49,34,BODY SLAM,HORN ATTACK,THUNDERBOLT,DOUBLE KICK,15,25,11,30,0,0,0,0,118,118,79,64,65,65,78,9986,11822,11556,12843,12843,23778,15,15,15,15,0,0,0,0,0,0,0,88,72,65,65,78,519630,190260,289269,37982,2119,10,1,0,5356,4530,826,0,435,93,81,12,2,0,14349,10467,901,901,369,44,150,0,0,0,0,0,34,0,16,0,0,7,17,3,0,0,0,0,0,0,0,0,0,0,9,3,6,0,0,0,27,6,11,0,0,0,0,201,82934,0,0,0,0,32,39,9,1,1,7,0,7,1,Flareon
2-26,17:05:38,NINTEN,NidoranM,Blackbelt,5,Saffron City - Fighting Dojo,3,38:06.55,38:06,0h38m6s,1,0,1,45,2:28,10.493,BODY SLAM,HORN ATTACK,THUNDERBOLT,DOUBLE KICK,10,5859,459,82,12,404,383,198,14,29827,Flareon, ,Poison,Poison,85130,NidoranM7,NidoranM,,00:37:56.05,00:38:06.55,02:28:52.40,45,1,0,38,6,55,BODY SLAM,HORN ATTACK,THUNDERBOLT,DOUBLE KICK,11,25,15,30,0,0,0,0,121,121,83,66,67,67,81,10161,14647,11701,12973,12973,26538,15,15,15,15,0,0,0,0,0,0,0,93,74,67,67,81,537901,201570,292256,41956,2119,10,1,0,5859,4721,1138,0,459,94,82,12,2,0,14758,10712,901,901,373,44,150,0,0,0,0,0,36,0,16,0,0,7,18,3,0,0,0,0,0,0,0,0,0,0,9,3,6,0,0,0,28,7,11,0,0,0,0,204,84995,0,0,0,0,36,39,9,1,1,8,0,7,1,Flareon
2-26,17:05:52,NINTEN,NidoranM,Blackbelt,3,Saffron City - Fighting Dojo,2,38:20.71,38:20,0h38m20s,1,0,1,45,2:29,9.862,BODY SLAM,HORN ATTACK,THUNDERBOLT,DOUBLE KICK,10,5860,459,83,12,408,387,200,14,30602,Flareon, ,Poison,Poison,86733,NidoranM7,NidoranM,,00:38:10.85,00:38:20.71,02:29:48.27,45,1,0,38,20,71,BODY SLAM,HORN ATTACK,THUNDERBOLT,DOUBLE KICK,8,24,15,30,0,0,0,0,107,121,83,66,67,67,81,10311,14827,11821,13058,13058,26618,15,15,15,15,0,0,0,0,0,0,0,93,74,67,67,81,541248,201728,295445,41956,2119,10,1,0,5860,4722,1138,0,459,95,83,12,2,0,15028,10901,915,915,377,44,151,0,0,0,0,0,37,0,16,0,0,7,19,3,0,0,0,0,0,0,0,0,0,0,9,3,6,0,0,0,29,7,11,0,0,0,0,206,86598,0,0,0,0,36,39,9,1,1,8,0,7,1,Flareon
2-26,17:06:00,NINTEN,NidoranM,Blackbelt,4,Saffron City - Fighting Dojo,1,38:29.42,38:29,0h38m29s,1,0,1,45,2:30,5.726,BODY SLAM,HORN ATTACK,THUNDERBOLT,DOUBLE KICK,10,5861,459,84,12,410,389,201,14,31402,Flareon, ,Poison,Poison,87882,NidoranM7,NidoranM,,00:38:23.70,00:38:29.42,02:30:22.49,45,1,0,38,29,42,BODY SLAM,HORN ATTACK,THUNDERBOLT,DOUBLE KICK,6,24,15,30,0,0,0,0,99,121,83,66,67,67,81,10376,14932,11881,13118,13118,26713,15,15,15,15,0,0,0,0,0,0,0,93,74,67,67,81,543310,201932,297303,41956,2119,10,1,0,5861,4723,1138,0,459,96,84,12,2,0,15131,10999,923,923,379,44,152,0,0,0,0,0,37,0,16,0,0,7,20,3,0,0,0,0,0,0,0,0,0,0,9,3,6,0,0,0,30,7,11,0,0,0,0,207,87747,0,0,0,0,36,39,9,1,1,8,0,7,1,Flareon
2-26,17:06:15,NINTEN,NidoranM,Blackbelt,2,Saffron City - Fighting Dojo,3,38:43.95,38:43,0h38m43s,1,0,1,46,2:31,11.683,BODY SLAM,HORN ATTACK,THUNDERBOLT,DOUBLE KICK,10,5862,459,85,12,414,393,201,14,32302,Flareon, ,Poison,Poison,89850,NidoranM7,NidoranM,,00:38:32.27,00:38:43.95,02:31:20.05,46,1,0,38,43,95,BODY SLAM,HORN ATTACK,THUNDERBOLT,DOUBLE KICK,4,24,13,30,0,0,0,0,101,123,85,68,68,68,83,10521,15197,12011,13248,13248,26948,15,15,15,15,0,0,0,0,0,0,0,95,76,68,68,83,546746,202087,300584,41956,2119,10,1,0,5862,4724,1138,0,459,97,85,12,2,0,15415,11225,923,923,383,44,152,0,0,0,0,0,37,0,16,0,0,7,20,3,0,0,0,0,0,0,0,0,0,0,9,3,6,0,0,0,30,7,11,0,0,0,0,210,89715,0,0,0,0,36,39,9,1,1,8,0,7,1,Flareon
2-26,17:06:33,NINTEN,NidoranM,Blackbelt,1,Saffron City - Fighting Dojo,2,39:01.76,39:01,0h39m1s,1,0,1,46,2:32,12.998,BODY SLAM,HORN ATTACK,THUNDERBOLT,DOUBLE KICK,10,5863,459,86,12,418,397,203,14,33077,Flareon, ,Poison,Poison,92061,NidoranM7,NidoranM,,00:38:48.76,00:39:01.76,02:32:30.20,46,1,0,39,1,76,BODY SLAM,HORN ATTACK,THUNDERBOLT,DOUBLE KICK,0,24,13,30,0,0,0,0,24,123,85,68,68,68,83,10621,15422,12143,13318,13318,27111,15,15,15,15,0,0,0,0,0,0,0,95,76,68,68,83,550961,202369,304517,41956,2119,10,1,0,5863,4725,1138,0,459,98,86,12,2,0,15623,11403,1000,1000,387,44,154,0,0,0,0,0,37,0,17,0,0,7,20,3,0,0,0,0,0,0,0,0,0,0,9,3,6,0,0,0,30,7,11,0,0,0,0,212,91926,0,0,0,0,36,39,9,1,1,8,0,7,1,Flareon
2-26,17:07:07,NINTEN,NidoranM,Rocket,24,Silph Co - 2F,5,39:36.29,39:36,0h39m36s,1,0,1,46,2:34,15.873,BODY SLAM,HORN ATTACK,THUNDERBOLT,DOUBLE KICK,10,5949,478,87,12,423,402,203,14,34002,Flareon, ,Poison,Poison,94461,NidoranM7,NidoranM,,00:39:20.42,00:39:36.29,02:34:46.10,46,1,0,39,36,29,BODY SLAM,HORN ATTACK,THUNDERBOLT,DOUBLE KICK,15,23,13,29,0,0,0,0,123,123,85,68,68,68,83,10871,15718,12378,13563,13563,27463,15,15,15,15,0,0,0,0,0,0,0,95,76,68,68,83,559111,205927,308684,42381,2119,10,1,0,5949,4811,1138,0,478,99,87,12,2,0,16208,11722,1000,1000,392,44,154,0,0,0,0,0,37,0,17,0,0,7,20,3,0,0,0,0,0,0,0,0,0,0,9,3,6,0,0,0,30,7,11,0,0,0,0,217,94326,0,0,0,0,36,39,9,1,1,8,0,7,1,Flareon
2-26,17:07:22,NINTEN,NidoranM,Scientist,3,Silph Co - 2F,3,39:50.81,39:50,0h39m50s,1,0,1,47,2:35,10.976,BODY SLAM,HORN ATTACK,THUNDERBOLT,DOUBLE KICK,10,5967,479,88,12,427,406,204,14,34752,Flareon, ,Poison,Poison,96579,NidoranM7,NidoranM,,00:39:39.83,00:39:50.81,02:35:43.22,47,1,0,39,50,81,BODY SLAM,HORN ATTACK,THUNDERBOLT,DOUBLE KICK,11,23,13,29,0,0,0,0,106,126,87,69,70,70,85,10986,15843,12593,13833,13833,27678,15,15,15,15,0,0,0,0,0,0,0,97,77,70,70,85,562543,206357,311686,42381,2119,10,1,0,5967,4829,1138,0,479,100,88,12,2,0,16499,11912,1020,1020,396,44,155,0,0,0,0,0,38,0,17,0,0,7,20,3,0,0,0,0,0,0,0,0,0,0,9,3,6,0,0,0,30,7,11,0,0,0,0,220,96444,0,0,0,0,36,39,9,1,1,8,0,7,1,Flareon
2-26,17:07:43,NINTEN,NidoranM,Rocket,25,Silph Co - 3F,3,40:11.73,40:11,0h40m11s,1,0,1,47,2:37,13.156,BODY SLAM,HORN ATTACK,THUNDERBOLT,DOUBLE KICK,10,6005,480,89,12,431,410,207,14,36152,Flareon, ,Poison,Poison,98961,NidoranM7,NidoranM,,00:39:58.58,00:40:11.73,02:37:05.35,47,1,0,40,11,73,BODY SLAM,HORN ATTACK,THUNDERBOLT,DOUBLE KICK,9,23,13,27,0,0,0,0,72,126,87,69,70,70,85,11181,16078,12783,14048,14048,27939,15,15,15,15,0,0,0,0,0,0,0,97,77,70,70,85,567476,207416,315560,42381,2119,10,1,0,6005,4867,1138,0,480,101,89,12,2,0,16838,12148,1054,1054,400,45,157,0,0,0,0,0,38,0,18,0,0,7,20,3,0,0,0,0,0,0,0,0,0,0,9,3,6,0,0,0,30,7,11,0,0,0,0,223,98826,0,0,0,0,36,39,9,1,1,8,0,7,1,Flareon
2-26,17:08:07,NINTEN,NidoranM,Scientist,6,Silph Co - 5F,4,40:36.25,40:36,0h40m36s,1,0,1,47,2:38,14.259,BODY SLAM,HORN ATTACK,THUNDERBOLT,DOUBLE KICK,10,6049,483,90,12,437,416,209,14,36992,Flareon, ,Poison,Poison,101950,NidoranM7,NidoranM,,00:40:21.99,00:40:36.25,02:38:42.05,47,1,0,40,36,25,BODY SLAM,HORN ATTACK,THUNDERBOLT,DOUBLE KICK,6,23,10,27,0,0,0,0,66,126,87,69,70,70,85,11361,16328,13163,14408,14408,28149,15,15,15,15,0,0,0,0,0,0,0,97,77,70,70,85,573266,209443,319323,42381,2119,10,1,0,6049,4911,1138,0,483,102,90,12,2,0,17234,12400,1060,1060,406,46,158,0,0,0,0,0,39,0,18,0,0,7,20,3,0,0,0,0,0,0,0,0,0,0,9,3,6,0,0,0,30,7,11,0,0,0,0,227,101815,0,0,0,0,37,39,9,1,1,8,0,7,1,Flareon
2-26,17:08:15,NINTEN,NidoranM,Rocket,28,Silph Co - 5F,1,40:44.15,40:44,0h40m44s,1,0,1,48,2:39,4.818,BODY SLAM,HORN ATTACK,THUNDERBOLT,DOUBLE KICK,10,6060,484,91,12,438,417,209,14,38292,Flareon, ,Poison,Poison,102989,NidoranM7,NidoranM,,00:40:39.33,00:40:44.15,02:39:13.05,48,1,0,40,44,15,BODY SLAM,HORN ATTACK,THUNDERBOLT,DOUBLE KICK,5,23,10,27,0,0,0,0,69,129,89,71,72,72,87,11421,16413,13232,14473,14473,28229,15,15,15,15,0,0,0,0,0,0,0,100,79,72,72,87,575126,209754,320872,42381,2119,10,1,0,6060,4922,1138,0,484,103,91,12,2,0,17325,12487,1060,1060,407,46,158,0,0,0,0,0,40,0,18,0,0,7,20,3,0,0,0,0,0,0,0,0,0,0,9,3,6,0,0,0,30,7,11,0,0,0,0,228,102854,0,0,0,0,37,39,9,1,1,8,0,7,1,Flareon
2-26,17:08:37,NINTEN,NidoranM,Scientist,10,Silph Co - 9F,3,41:05.87,41:05,0h41m5s,1,0,1,48,2:40,12.182,BODY SLAM,HORN ATTACK,THUNDERBOLT,DOUBLE KICK,10,6093,490,92,12,443,422,211,15,39282,Flareon, ,Poison,Poison,105257,NidoranM7,NidoranM,,00:40:53.69,00:41:05.87,02:40:38.16,48,1,0,41,5,87,BODY SLAM,HORN ATTACK,THUNDERBOLT,DOUBLE KICK,2,23,8,27,0,0,0,0,46,129,89,71,72,72,87,11551,16568,13472,14708,14708,28434,15,15,15,15,0,0,0,0,0,0,0,100,79,72,72,87,580237,211130,324607,42381,2119,10,1,0,6093,4955,1138,0,490,104,92,12,2,0,17650,12685,1083,1083,412,46,160,0,0,0,0,0,40,0,18,0,0,7,20,3,0,0,0,0,0,0,0,0,0,0,9,3,6,0,0,0,30,7,11,0,0,0,0,231,105122,0,0,0,0,38,39,9,1,1,8,0,7,1,Flareon
2-26,17:09:11,NINTEN,NidoranM,Rocket,37,Silph Co - 9F,3,41:39.48,41:39,0h41m39s,1,0,1,48,2:42,9.658,BODY SLAM,HORN ATTACK,THUNDERBOLT,DOUBLE KICK,10,6190,499,93,12,446,425,211,15,40682,Flareon, ,Poison,Poison,106937,NidoranM7,NidoranM,,00:41:29.82,00:41:39.48,02:42:50.35,48,1,0,41,39,48,BODY SLAM,HORN ATTACK,THUNDERBOLT,DOUBLE KICK,0,23,7,27,0,0,0,0,129,129,90,71,72,72,87,11761,19336,13617,14873,14873,28536,15,15,15,15,0,0,0,0,0,0,0,101,79,72,72,87,588176,214584,327390,44083,2119,10,1,0,6190,5052,1138,0,499,105,93,12,2,0,17935,12929,1083,1083,415,46,160,0,0,0,0,0,40,0,18,0,0,7,20,3,0,0,0,0,0,0,0,0,0,0,9,3,6,0,0,0,30,7,11,0,0,0,0,234,106802,0,0,0,0,40,39,9,1,1,8,0,7,1,Flareon
2-26,17:09:35,NINTEN,NidoranM,Hypno Rocket,38,Silph Co - 9F,3,42:03.88,42:03,0h42m3s,1,0,1,48,2:44,12.116,BODY SLAM,HORN ATTACK,THUNDERBOLT,DOUBLE KICK,11,6225,505,94,12,450,429,212,16,41522,Flareon, ,Poison,Poison,109565,NidoranM7,NidoranM,,00:41:51.76,00:42:03.88,02:44:26.53,48,1,0,42,3,88,BODY SLAM,HORN ATTACK,THUNDERBOLT,DOUBLE KICK,13,24,14,30,0,0,0,0,87,129,90,71,72,72,87,11981,19537,13802,15153,15153,28735,15,15,15,15,0,0,0,0,0,0,0,101,79,72,72,87,593954,216468,330761,44606,2119,11,1,0,6225,5087,1138,0,505,106,94,12,2,0,18292,13179,1125,1125,419,46,161,0,0,0,0,0,41,0,18,0,0,7,20,3,0,0,0,0,0,0,0,0,0,0,9,3,6,0,0,0,30,7,11,0,0,0,0,237,109430,0,0,0,0,41,39,9,1,1,8,0,7,1,Flareon
2-26,17:09:52,NINTEN,NidoranM,Scientist,4,Silph Co - 3F,2,42:21.34,42:21,0h42m21s,1,0,1,49,2:45,9.867,BODY SLAM,HORN ATTACK,THUNDERBOLT,DOUBLE KICK,11,6274,509,95,12,453,432,214,16,42362,Flareon, ,Poison,Poison,111570,NidoranM7,NidoranM,,00:42:11.47,00:42:21.34,02:45:35.48,49,1,0,42,21,34,BODY SLAM,HORN ATTACK,THUNDERBOLT,DOUBLE KICK,14,25,13,30,0,0,0,0,112,132,92,73,74,74,89,12106,19677,13992,15318,15318,28935,15,15,15,15,0,-2,0,0,0,0,0,103,40,74,74,89,598089,217846,333518,44606,2119,11,1,0,6274,5136,1138,0,509,107,95,12,2,0,18466,13338,1145,1145,422,46,163,0,0,0,0,0,41,0,18,0,0,7,20,3,0,0,0,0,0,0,0,0,0,0,9,3,6,0,0,0,30,7,11,0,0,0,0,239,111435,0,0,0,0,41,39,9,1,1,8,0,7,1,Flareon
2-26,17:11:05,NINTEN,NidoranM,Rival5-Silph,6,Silph Co - 7F,5,43:33.56,43:33,0h43m33s,2,0,2,50,2:48,23.082,BODY SLAM,HORN ATTACK,THUNDERBOLT,DOUBLE KICK,12,6352,529,96,12,464,442,217,16,43812,Flareon, ,Poison,Poison,118477,NidoranM7,NidoranM,Rival (Silph Co.),00:43:10.48,00:43:33.56,02:48:12.16,50,2,0,43,33,56,BODY SLAM,HORN ATTACK,THUNDERBOLT,DOUBLE KICK,6,25,14,30,0,0,0,0,38,135,94,75,75,75,91,12386,20097,14467,15808,15808,29310,15,15,15,15,0,0,0,0,0,0,0,105,84,75,75,91,607482,220406,339752,45049,2276,12,2,0,6352,5214,1138,0,529,108,96,12,2,0,19058,13829,1242,1242,432,46,165,0,0,0,0,0,42,0,19,0,0,7,21,3,0,0,0,0,0,0,0,0,0,0,9,3,6,0,0,0,31,8,11,0,0,0,0,244,118342,0,0,0,0,41,39,9,1,1,8,0,7,2,Flareon
2-26,17:18:59,NINTEN,NidoranM,Rocket,45,Silph Co - 11F,3,44:10.10,44:10,0h44m10s,2,0,2,50,2:50,14.465,BODY SLAM,HORN ATTACK,THUNDERBOLT,DOUBLE KICK,13,6444,546,97,12,469,447,219,16,46412,Flareon, ,Poison,Poison,121059,NidoranM7,NidoranM,,00:43:55.64,00:44:10.10,02:50:36.18,50,2,0,44,10,10,BODY SLAM,HORN ATTACK,THUNDERBOLT,DOUBLE KICK,14,24,13,29,0,0,0,0,107,135,94,75,75,75,91,12551,20317,14691,15998,15998,29540,15,15,15,15,0,0,0,0,0,0,0,105,84,75,75,91,616124,224199,344059,45591,2276,13,2,0,6444,5306,1138,0,546,109,97,12,2,0,19354,14068,1270,1270,437,46,167,0,0,0,0,0,42,0,20,0,0,7,22,3,0,0,0,0,0,0,0,0,0,0,9,3,6,0,0,0,32,8,11,0,0,0,0,247,120924,0,0,0,0,41,39,9,1,1,8,0,7,2,Flareon
2-26,17:19:29,NINTEN,NidoranM,Giovanni-Silph,2,Silph Co - 11F,4,44:39.75,44:39,0h44m39s,2,0,2,51,2:52,22.529,BODY SLAM,HORN ATTACK,THUNDERBOLT,DOUBLE KICK,13,6461,547,98,12,477,455,224,16,47342,Flareon, ,Poison,Poison,125876,NidoranM7,NidoranM,Giovanni (Silph),00:44:17.22,00:44:39.75,02:52:33.30,51,2,0,44,39,75,BODY SLAM,HORN ATTACK,THUNDERBOLT,DOUBLE KICK,9,24,13,26,0,0,0,0,3,137,96,76,77,77,93,12847,20626,14990,16223,16223,29821,15,15,15,15,0,-2,0,0,0,0,0,108,42,77,77,93,623156,225411,349879,45591,2276,13,2,0,6461,5323,1138,0,547,110,98,12,2,0,19893,14505,1376,1376,445,46,172,0,0,0,0,0,43,0,20,0,0,7,22,3,0,0,0,0,0,0,0,0,0,0,9,3,6,0,0,0,32,8,11,0,0,0,0,251,125741,0,0,0,0,41,39,9,1,1,8,0,7,2,Flareon
2-26,17:20:05,NINTEN,NidoranM,Juggler,3,Fuchsia City - Gym,4,45:16.08,45:16,0h45m16s,2,0,2,51,2:54,11.743,BODY SLAM,HORN ATTACK,THUNDERBOLT,DOUBLE KICK,13,6501,550,99,12,481,459,224,16,51401,Flareon, ,Poison,Poison,128867,NidoranM7,NidoranM,,00:45:04.34,00:45:16.08,02:54:56.30,51,2,0,45,16,8,BODY SLAM,HORN ATTACK,THUNDERBOLT,DOUBLE KICK,12,24,15,30,0,0,0,0,137,137,96,76,77,77,93,13067,20805,15155,16613,16613,30052,15,15,15,15,0,0,0,0,0,0,0,108,85,77,77,93,631736,228510,353495,47456,2276,13,2,0,6501,5363,1138,0,550,111,99,12,2,0,20313,14824,1376,1376,449,46,172,0,0,0,0,0,43,0,20,0,0,7,22,3,0,0,0,0,0,0,0,0,0,0,9,3,6,0,0,0,32,8,11,0,0,0,0,255,128732,0,0,0,0,41,39,9,1,1,8,0,7,2,Flareon
2-26,17:20:23,NINTEN,NidoranM,Tamer,2,Fuchsia City - Gym,3,45:33.71,45:33,0h45m33s,2,0,2,51,2:56,13.964,BODY SLAM,HORN ATTACK,THUNDERBOLT,DOUBLE KICK,13,6508,553,100,12,487,465,227,16,52486,Flareon, ,Poison,Poison,132097,NidoranM7,NidoranM,,00:45:19.75,00:45:33.71,02:56:06.08,51,2,0,45,33,71,BODY SLAM,HORN ATTACK,THUNDERBOLT,DOUBLE KICK,8,22,15,30,0,0,0,0,137,137,96,76,77,77,93,13262,21075,15403,16798,16798,30277,15,15,15,15,0,-1,0,0,0,-1,0,136,63,77,77,93,635914,228867,357316,47456,2276,13,2,0,6508,5370,1138,0,553,112,100,12,2,0,20717,15095,1376,1376,455,47,174,0,0,0,0,0,43,0,20,0,0,7,23,3,0,0,0,0,0,0,0,0,0,0,9,3,6,0,0,0,33,8,11,0,0,0,0,258,131962,0,0,0,0,41,39,9,1,1,8,0,7,2,Flareon
2-26,17:20:36,NINTEN,NidoranM,Tamer,1,Fuchsia City - Gym,2,45:46.76,45:46,0h45m46s,2,0,2,52,2:56,8.779,BODY SLAM,HORN ATTACK,THUNDERBOLT,DOUBLE KICK,13,6524,557,101,12,490,468,228,16,53806,Flareon, ,Poison,Poison,134354,NidoranM7,NidoranM,,00:45:37.98,00:45:46.76,02:56:57.38,52,2,0,45,46,76,BODY SLAM,HORN ATTACK,THUNDERBOLT,DOUBLE KICK,5,22,15,30,0,0,0,0,99,140,98,78,78,78,94,13397,21260,15582,16918,16918,30422,15,15,15,15,0,0,0,0,0,0,0,110,87,78,78,94,639004,229388,359885,47456,2276,13,2,0,6524,5386,1138,0,557,113,101,12,2,0,20951,15285,1417,1417,458,47,175,0,0,0,0,0,45,0,21,0,0,7,23,3,0,0,0,0,0,0,0,0,0,0,9,3,6,0,0,0,33,8,11,0,0,0,0,260,134219,0,0,0,0,41,39,9,1,1,8,0,7,2,Flareon
2-26,17:20:56,NINTEN,NidoranM,Juggler,4,Fuchsia City - Gym,2,46:06.71,46:06,0h46m6s,2,0,2,52,2:58,7.556,BODY SLAM,HORN ATTACK,THUNDERBOLT,DOUBLE KICK,14,6527,557,102,12,493,471,229,15,55166,Flareon, ,Poison,Poison,136297,NidoranM7,NidoranM,,00:45:59.16,00:46:06.71,02:58:16.16,52,2,0,46,6,71,BODY SLAM,HORN ATTACK,THUNDERBOLT,DOUBLE KICK,2,22,15,30,0,0,0,0,140,140,98,78,78,78,94,13542,21381,15697,17123,17123,30531,15,15,15,15,0,0,0,0,0,0,0,110,87,78,78,94,643722,229846,362524,49077,2276,14,2,0,6527,5389,1138,0,557,114,102,12,2,0,21181,15482,1417,1417,461,47,175,0,0,0,0,0,45,0,21,0,0,7,23,3,0,0,0,0,0,0,0,0,0,0,9,3,6,0,0,0,33,8,11,0,0,0,0,262,136162,0,0,0,0,41,39,9,1,1,8,0,7,2,Flareon
2-26,17:21:10,NINTEN,NidoranM,Swimmer,2,Route 19,2,46:21.32,46:21,0h46m21s,2,0,2,52,2:59,6.728,BODY SLAM,HORN ATTACK,THUNDERBOLT,DOUBLE KICK,14,6594,565,103,12,495,473,229,15,56356,Flareon, ,Poison,Poison,137594,NidoranM7,NidoranM,,00:46:14.59,00:46:21.32,02:59:13.51,52,2,0,46,21,32,BODY SLAM,HORN ATTACK,THUNDERBOLT,DOUBLE KICK,2,22,13,30,0,0,0,0,140,140,98,78,78,78,94,13612,21486,15832,17268,17268,30641,15,15,15,15,0,0,0,0,0,0,0,110,87,78,78,94,647177,231209,364616,49077,2276,14,2,0,6594,5456,1138,0,565,115,103,12,2,0,21434,15612,1417,1417,463,47,175,0,0,0,0,0,45,0,21,0,0,7,23,3,0,0,0,0,0,0,0,0,0,0,9,3,6,0,0,0,33,8,11,0,0,0,0,264,137459,0,0,0,0,41,39,9,1,1,8,0,7,2,Flareon
2-26,17:21:22,NINTEN,NidoranM,Swimmer,3,Route 19,3,46:33.49,46:33,0h46m33s,2,0,2,52,3:00,9.099,BODY SLAM,HORN ATTACK,THUNDERBOLT,DOUBLE KICK,14,6599,566,104,12,498,476,229,15,56506,Flareon, ,Poison,Poison,139454,NidoranM7,NidoranM,,00:46:24.38,00:46:33.49,03:00:01.45,52,2,0,46,33,49,BODY SLAM,HORN ATTACK,THUNDERBOLT,DOUBLE KICK,2,22,10,30,0,0,0,0,140,140,98,78,78,78,94,13717,21638,16017,17458,17458,30849,15,15,15,15,0,0,0,0,0,0,0,110,87,78,78,94,650051,231435,367264,49077,2276,14,2,0,6599,5461,1138,0,566,116,104,12,2,0,21984,15803,1417,1417,466,47,175,0,0,0,0,0,46,0,21,0,0,7,23,3,0,0,0,0,0,0,0,0,0,0,9,3,6,0,0,0,33,8,11,0,0,0,0,267,139319,0,0,0,0,41,39,9,1,1,8,0,7,2,Flareon
2-26,17:21:41,NINTEN,NidoranM,Juggler,8,Fuchsia City - Gym,2,46:51.98,46:51,0h46m51s,2,0,2,52,3:01,6.382,BODY SLAM,HORN ATTACK,THUNDERBOLT,DOUBLE KICK,14,6666,569,105,12,500,478,229,15,56651,Flareon, ,Poison,Poison,141252,NidoranM7,NidoranM,,00:46:45.60,00:46:51.98,03:01:14.33,52,2,0,46,51,98,BODY SLAM,HORN ATTACK,THUNDERBOLT,DOUBLE KICK,13,25,15,30,0,0,0,0,140,140,98,78,78,78,94,13817,21721,16092,17668,17668,30996,15,15,15,15,0,0,0,0,0,0,0,110,87,78,78,94,654419,233791,369276,49077,2276,14,2,0,6666,5528,1138,0,569,117,105,12,2,0,22210,15969,1417,1417,468,47,175,0,0,0,0,0,46,0,21,0,0,7,23,3,0,0,0,0,0,0,0,0,0,0,9,3,6,0,0,0,33,8,11,0,0,0,0,269,141117,0,0,0,0,41,39,9,1,1,8,0,7,2,Flareon
2-26,17:22:13,NINTEN,NidoranM,Koga,1,Fuchsia City - Gym,4,47:23.85,47:23,0h47m23s,2,0,2,53,3:03,19.411,BODY SLAM,HORN ATTACK,THUNDERBOLT,DOUBLE KICK,15,6723,578,106,12,508,486,232,15,57841,Flareon, ,Poison,Poison,144944,NidoranM7,NidoranM,Koga,00:47:04.44,00:47:23.85,03:03:20.26,53,2,0,47,23,85,BODY SLAM,HORN ATTACK,THUNDERBOLT,DOUBLE KICK,5,25,15,30,0,0,0,0,45,143,100,80,80,80,97,14067,21951,16302,17878,17878,31221,15,15,15,15,0,0,-1,-1,0,0,0,126,101,52,52,97,661972,235692,374387,49618,2276,15,2,0,6723,5585,1138,0,578,118,106,12,2,0,22913,16461,1515,1515,476,47,178,0,0,0,0,0,49,0,21,0,0,7,26,3,0,0,0,0,0,0,0,0,0,0,9,3,6,0,0,0,35,9,11,0,0,0,0,273,144809,0,0,0,0,41,39,9,1,1,8,0,7,2,Flareon
2-26,17:23:13,NINTEN,NidoranM,Fisher,7,Route 21,4,48:23.71,48:23,0h48m23s,2,0,2,53,3:07,11.927,BODY SLAM,HORN ATTACK,THUNDERBOLT,DOUBLE KICK,15,6873,598,107,12,512,490,232,15,62791,Flareon, ,Poison,Poison,148670,NidoranM7,NidoranM,,00:48:11.78,00:48:23.71,03:07:16.25,53,2,0,48,23,71,BODY SLAM,HORN ATTACK,THUNDERBOLT,DOUBLE KICK,15,25,11,30,0,0,0,0,143,143,100,80,80,80,97,14352,22294,16557,18168,18168,31488,15,15,15,15,0,0,0,0,0,0,0,112,90,80,80,109,676131,241392,378116,54348,2276,15,2,0,6873,5706,1138,29,598,119,107,12,2,0,23739,16789,1515,1515,480,47,178,0,0,0,0,0,51,0,21,0,0,7,26,3,0,0,0,0,0,0,0,0,0,0,9,3,6,0,0,0,35,9,11,0,0,0,0,277,148535,0,0,0,0,42,39,9,1,1,9,0,7,2,Flareon
2-26,17:23:27,NINTEN,NidoranM,Swimmer,12,Route 21,2,48:37.98,48:37,0h48m37s,2,0,2,54,3:08,10.647,BODY SLAM,HORN ATTACK,THUNDERBOLT,DOUBLE KICK,15,6886,599,108,12,515,493,234,15,63771,Flareon, ,Poison,Poison,151214,NidoranM7,NidoranM,,00:48:27.34,00:48:37.98,03:08:12.50,54,2,0,48,37,98,BODY SLAM,HORN ATTACK,THUNDERBOLT,DOUBLE KICK,15,24,9,30,0,0,0,0,125,146,102,81,82,82,98,14487,22429,16717,18383,18383,31673,15,15,15,15,0,0,0,0,-1,0,0,114,91,82,82,72,679516,241758,381135,54348,2276,15,2,0,6886,5706,1138,42,599,120,108,12,2,0,23974,16974,1536,1536,483,47,180,0,0,0,0,0,51,0,21,0,0,7,26,3,0,0,0,0,0,0,0,0,0,0,9,3,6,0,0,0,35,9,11,0,0,0,0,279,151079,0,0,0,0,42,39,9,1,1,9,0,7,2,Flareon
2-26,17:23:43,NINTEN,NidoranM,Cue Ball,9,Route 21,3,48:54.26,48:54,0h48m54s,2,0,2,54,3:09,11.133,BODY SLAM,HORN ATTACK,THUNDERBOLT,DOUBLE KICK,15,6889,615,109,12,519,497,235,15,63936,Flareon, ,Poison,Poison,153968,NidoranM7,NidoranM,,00:48:43.13,00:48:54.26,03:09:16.55,54,2,0,48,54,26,BODY SLAM,HORN ATTACK,THUNDERBOLT,DOUBLE KICK,15,20,9,30,0,0,0,0,123,146,102,81,82,82,98,14647,22579,16852,18703,18703,31913,15,15,15,15,0,0,0,0,0,0,0,114,91,82,82,110,683361,242119,384619,54348,2276,15,2,0,6889,5706,1138,45,615,121,109,12,2,0,24300,17209,1538,1538,487,47,181,0,0,0,0,0,51,0,21,0,0,7,26,3,0,0,0,0,0,0,0,0,0,0,9,3,6,0,0,0,35,9,11,0,0,0,0,282,153833,0,0,0,0,42,39,9,1,1,9,0,7,2,Flareon
2-26,17:23:57,NINTEN,NidoranM,Fisher,8,Route 21,2,49:08.48,49:08,0h49m8s,2,0,2,54,3:10,7.181,BODY SLAM,HORN ATTACK,THUNDERBOLT,DOUBLE KICK,15,6929,615,110,12,521,499,235,15,64711,Flareon, ,Poison,Poison,155959,NidoranM7,NidoranM,,00:49:01.30,00:49:08.48,03:10:13.05,54,2,0,49,8,48,BODY SLAM,HORN ATTACK,THUNDERBOLT,DOUBLE KICK,15,20,7,30,0,0,0,0,123,146,102,81,82,82,98,14727,22739,17132,18833,18833,32023,15,15,15,15,0,0,0,0,0,0,0,114,91,82,82,110,686731,243287,386821,54348,2276,15,2,0,6929,5706,1138,85,615,122,110,12,2,0,24855,17349,1538,1538,489,47,181,0,0,0,0,0,53,0,21,0,0,7,26,3,0,0,0,0,0,0,0,0,0,0,9,3,6,0,0,0,35,9,11,0,0,0,0,284,155824,0,0,0,0,42,39,9,1,1,9,0,7,2,Flareon
2-26,17:24:08,NINTEN,NidoranM,Fisher,10,Route 21,2,49:18.84,49:18,0h49m18s,2,0,2,54,3:10,6.964,BODY SLAM,HORN ATTACK,THUNDERBOLT,DOUBLE KICK,15,6935,617,111,12,523,501,235,15,65796,Flareon, ,Poison,Poison,157944,NidoranM7,NidoranM,,00:49:11.88,00:49:18.84,03:10:53.53,54,2,0,49,18,84,BODY SLAM,HORN ATTACK,THUNDERBOLT,DOUBLE KICK,15,20,5,30,0,0,0,0,123,146,102,81,82,82,98,14852,22898,17257,18963,18963,32154,15,15,15,15,0,0,0,0,0,0,0,114,91,82,82,110,689179,243575,388981,54348,2276,15,2,0,6935,5706,1138,91,617,123,111,12,2,0,25134,17527,1538,1538,491,47,181,0,0,0,0,0,53,0,21,0,0,7,26,3,0,0,0,0,0,0,0,0,0,0,9,3,6,0,0,0,35,9,11,0,0,0,0,286,157809,0,0,0,0,42,39,9,1,1,9,0,7,2,Flareon
2-26,17:24:17,NINTEN,NidoranM,Swimmer,13,Route 21,1,49:28.37,49:28,0h49m28s,2,0,2,54,3:11,6.259,BODY SLAM,HORN ATTACK,THUNDERBOLT,DOUBLE KICK,15,6942,619,112,12,526,504,237,15,66951,Flareon, ,Poison,Poison,159585,NidoranM7,NidoranM,,00:49:22.11,00:49:28.37,03:11:31.25,54,2,0,49,28,37,BODY SLAM,HORN ATTACK,THUNDERBOLT,DOUBLE KICK,12,20,5,30,0,0,0,0,123,146,102,81,82,82,98,14912,22973,17342,19063,19063,32269,15,15,15,15,0,0,0,0,0,0,0,114,91,82,82,110,691431,243833,390975,54348,2276,15,2,0,6942,5706,1138,98,619,124,112,12,2,0,25259,17624,1538,1538,494,47,181,0,0,0,0,0,53,0,21,0,0,7,26,3,0,0,0,0,0,0,0,0,0,0,9,3,6,0,0,0,35,9,11,0,0,0,0,287,159450,0,0,0,0,42,39,9,1,1,9,0,7,2,Flareon
2-26,17:24:32,NINTEN,NidoranM,Swimmer,15,Route 21,3,49:42.98,49:42,0h49m42s,2,0,2,55,3:12,10.626,BODY SLAM,HORN ATTACK,THUNDERBOLT,DOUBLE KICK,15,6955,619,113,12,529,507,237,15,67136,Flareon, ,Poison,Poison,162264,NidoranM7,NidoranM,,00:49:32.35,00:49:42.98,03:12:29.03,55,2,0,49,42,98,BODY SLAM,HORN ATTACK,THUNDERBOLT,DOUBLE KICK,12,19,3,30,0,0,0,0,125,148,105,83,84,84,101,15072,23143,17537,19308,19308,32514,15,15,15,15,0,0,0,0,0,0,0,118,93,84,84,113,694889,244290,393976,54348,2276,15,2,0,6955,5706,1138,111,619,125,113,12,2,0,25604,17866,1538,1538,497,47,181,0,0,0,0,0,53,0,21,0,0,7,26,3,0,0,0,0,0,0,0,0,0,0,9,3,6,0,0,0,35,9,11,0,0,0,0,290,162129,0,0,0,0,42,39,9,1,1,9,0,7,2,Flareon
2-26,17:24:45,NINTEN,NidoranM,Swimmer,14,Route 21,2,49:55.83,49:55,0h49m55s,2,0,2,55,3:13,7.288,BODY SLAM,HORN ATTACK,THUNDERBOLT,DOUBLE KICK,15,6971,619,114,12,531,509,237,15,67296,Flareon, ,Poison,Poison,164023,NidoranM7,NidoranM,,00:49:48.55,00:49:55.83,03:13:19.38,55,2,0,49,55,83,BODY SLAM,HORN ATTACK,THUNDERBOLT,DOUBLE KICK,12,18,2,30,0,0,0,0,125,148,105,83,84,84,101,15161,23251,17672,19443,19443,32657,15,15,15,15,0,0,0,0,0,0,0,118,93,84,84,113,697924,244738,396563,54348,2276,15,2,0,6971,5706,1138,127,619,126,114,12,2,0,25938,18021,1538,1538,499,47,181,0,0,0,0,0,54,0,21,0,0,7,26,3,0,0,0,0,0,0,0,0,0,0,9,3,6,0,0,0,35,9,11,0,0,0,0,292,163888,0,0,0,0,42,39,9,1,1,9,0,7,2,Flareon
2-26,17:25:19,NINTEN,NidoranM,Scientist,12,Cinnabar Mansion,3,50:29.68,50:29,0h50m29s,2,0,2,55,3:15,10.573,BODY SLAM,HORN ATTACK,THUNDERBOLT,DOUBLE KICK,15,7170,639,115,12,535,513,238,16,67461,Flareon, ,Poison,Poison,166516,NidoranM7,NidoranM,,00:50:19.10,00:50:29.68,03:15:33.19,55,2,0,50,29,68,BODY SLAM,HORN ATTACK,THUNDERBOLT,DOUBLE KICK,8,18,2,30,0,0,0,0,114,148,105,83,84,84,101,15276,23376,17887,19713,19713,32872,15,15,15,15,0,0,0,0,0,0,0,118,93,84,84,113,705945,249552,399472,54646,2276,15,2,0,7170,5832,1138,200,639,127,115,12,2,0,26296,18240,1549,1549,503,47,182,0,0,0,0,0,55,0,22,0,0,7,27,3,0,0,0,0,0,0,0,0,0,0,9,3,6,0,0,0,36,9,11,0,0,0,0,295,166381,0,0,0,0,43,39,9,1,1,9,0,7,2,Flareon
2-26,17:25:31,NINTEN,NidoranM,Scientist,4,Cinnabar Mansion,2,50:42.17,50:42,0h50m42s,2,0,2,55,3:16,7.729,BODY SLAM,HORN ATTACK,THUNDERBOLT,DOUBLE KICK,15,7177,639,116,12,538,516,239,16,69111,Flareon, ,Poison,Poison,168521,NidoranM7,NidoranM,,00:50:34.44,00:50:42.17,03:16:22.24,55,2,0,50,42,17,BODY SLAM,HORN ATTACK,THUNDERBOLT,DOUBLE KICK,7,18,0,30,0,0,0,0,114,148,105,83,84,84,101,15401,23516,18077,19878,19878,33072,15,15,15,15,0,0,0,0,0,0,0,118,93,84,84,113,708890,250150,401819,54646,2276,15,2,0,7177,5839,1138,200,639,128,116,12,2,0,26511,18399,1549,1549,506,48,182,0,0,0,0,0,55,0,22,0,0,7,27,3,0,0,0,0,0,0,0,0,0,0,9,3,6,0,0,0,36,9,11,0,0,0,0,297,168386,0,0,0,0,43,39,9,1,1,9,0,7,2,Flareon
2-26,17:25:56,NINTEN,NidoranM,Burglar,9,Cinnabar Mansion,2,51:06.95,51:06,0h51m6s,2,0,2,56,3:18,6.951,BODY SLAM,HORN ATTACK,THUNDERBOLT,DOUBLE KICK,15,7237,643,117,12,540,518,239,16,70561,Flareon, ,Poison,Poison,170291,NidoranM7,NidoranM,,00:51:00.01,00:51:06.95,03:18:00.09,56,2,0,51,6,95,BODY SLAM,HORN ATTACK,THUNDERBOLT,DOUBLE KICK,5,18,0,30,0,0,0,0,116,151,106,85,87,87,103,15506,23671,18177,22553,22553,33222,15,15,15,15,0,0,0,0,0,0,0,119,95,87,87,115,714755,252426,403862,56192,2276,15,2,0,7237,5899,1138,200,643,129,117,12,2,0,26794,18568,1549,1549,508,48,182,0,0,0,0,0,56,0,22,0,0,7,27,3,0,0,0,0,0,0,0,0,0,0,9,3,6,0,0,0,36,9,11,0,0,0,0,299,170156,0,0,0,0,45,39,9,1,1,9,0,7,2,Flareon
2-26,17:26:41,NINTEN,NidoranM,Beauty,8,Route 20,2,51:51.93,51:51,0h51m51s,2,0,2,56,3:20,6.739,BODY SLAM,HORN ATTACK,THUNDERBOLT,DOUBLE KICK,15,7387,650,118,12,542,520,239,18,70821,Flareon, ,Poison,Poison,171930,NidoranM7,NidoranM,,00:51:45.19,00:51:51.93,03:20:57.22,56,2,0,51,51,93,BODY SLAM,HORN ATTACK,THUNDERBOLT,DOUBLE KICK,15,25,13,30,0,0,0,0,151,151,106,85,87,87,103,15626,23813,18282,22673,22673,33380,15,15,15,15,0,0,0,0,0,0,0,119,95,87,87,115,725388,258653,406297,58163,2276,15,2,0,7387,6030,1138,219,650,130,118,12,2,0,27127,18733,1549,1549,510,48,182,0,0,0,0,0,56,0,22,0,0,7,27,3,0,0,0,0,0,0,0,0,0,0,9,3,6,0,0,0,36,9,11,0,0,0,0,301,171795,0,0,0,0,48,43,9,1,1,9,0,7,2,Flareon
2-26,17:26:52,NINTEN,NidoranM,Jr Trainer F,16,Route 20,2,52:02.60,52:02,0h52m2s,2,0,2,56,3:21,6.887,BODY SLAM,HORN ATTACK,THUNDERBOLT,DOUBLE KICK,15,7398,650,119,12,544,522,239,18,72991,Flareon, ,Poison,Poison,173794,NidoranM7,NidoranM,,00:51:55.72,00:52:02.60,03:21:39.23,56,2,0,52,2,60,BODY SLAM,HORN ATTACK,THUNDERBOLT,DOUBLE KICK,15,25,11,30,0,0,0,0,151,151,106,85,87,87,103,15751,23972,18407,22803,22803,33511,15,15,15,15,0,0,0,0,0,0,0,119,95,87,87,115,727910,259059,408413,58163,2276,15,2,0,7398,6030,1138,230,650,131,119,12,2,0,27460,18901,1549,1549,512,48,182,0,0,0,0,0,56,0,22,0,0,7,27,3,0,0,0,0,0,0,0,0,0,0,9,3,6,0,0,0,36,9,11,0,0,0,0,303,173659,0,0,0,0,48,43,9,1,1,9,0,7,2,Flareon
2-26,17:27:04,NINTEN,NidoranM,Beauty,7,Route 20,3,52:15.08,52:15,0h52m15s,2,0,2,56,3:22,9.22,BODY SLAM,HORN ATTACK,THUNDERBOLT,DOUBLE KICK,15,7404,651,120,12,547,525,239,18,73611,Flareon, ,Poison,Poison,176343,NidoranM7,NidoranM,,00:52:05.86,00:52:15.08,03:22:28.30,56,2,0,52,15,8,BODY SLAM,HORN ATTACK,THUNDERBOLT,DOUBLE KICK,15,25,8,30,0,0,0,0,151,151,106,85,87,87,103,15861,24197,18787,22978,22978,33661,15,15,15,15,0,0,0,0,0,0,0,119,95,87,87,115,730856,259298,411120,58163,2276,15,2,0,7404,6030,1138,236,651,132,120,12,2,0,28003,19099,1549,1549,515,48,182,0,0,0,0,0,56,0,22,0,0,7,27,3,0,0,0,0,0,0,0,0,0,0,9,3,6,0,0,0,36,9,11,0,0,0,0,306,176208,0,0,0,0,48,43,9,1,1,9,0,7,2,Flareon
2-26,17:27:18,NINTEN,NidoranM,Bird Keeper,11,Route 20,3,52:29.18,52:29,0h52m29s,2,0,2,57,3:23,10.259,BODY SLAM,HORN ATTACK,THUNDERBOLT,DOUBLE KICK,15,7413,652,121,12,550,528,239,18,75711,Flareon, ,Poison,Poison,179151,NidoranM7,NidoranM,,00:52:18.92,00:52:29.18,03:23:24.05,57,2,0,52,29,18,BODY SLAM,HORN ATTACK,THUNDERBOLT,DOUBLE KICK,15,25,5,30,0,0,0,0,154,154,109,87,89,89,105,16054,24437,18972,23150,23150,33932,15,15,15,15,0,0,0,0,0,0,0,122,97,89,89,118,734191,259696,414057,58163,2276,15,2,0,7413,6033,1138,242,652,133,121,12,2,0,28525,19347,1549,1549,518,48,182,0,0,0,0,0,56,0,22,0,0,7,27,3,0,0,0,0,0,0,0,0,0,0,9,3,6,0,0,0,36,9,11,0,0,0,0,309,179016,0,0,0,0,48,43,9,1,1,9,0,7,2,Flareon
2-26,17:27:30,NINTEN,NidoranM,Swimmer,10,Route 20,1,52:41.11,52:41,0h52m41s,2,0,2,57,3:24,3.899,BODY SLAM,HORN ATTACK,THUNDERBOLT,DOUBLE KICK,15,7421,659,122,12,551,529,239,18,76461,Flareon, ,Poison,Poison,179946,NidoranM7,NidoranM,,00:52:37.22,00:52:41.11,03:24:10.58,57,2,0,52,41,11,BODY SLAM,HORN ATTACK,THUNDERBOLT,DOUBLE KICK,14,25,5,30,0,0,0,0,154,154,109,87,89,89,105,16084,24482,19027,23220,23220,34017,15,15,15,15,0,0,0,0,0,0,0,122,97,89,89,118,737004,260011,415826,58892,2276,15,2,0,7421,6033,1138,250,659,134,122,12,2,0,28624,19418,1549,1549,519,48,182,0,0,0,0,0,56,0,22,0,0,7,27,3,0,0,0,0,0,0,0,0,0,0,9,3,6,0,0,0,36,9,11,0,0,0,0,310,179811,0,0,0,0,48,43,9,1,1,9,0,7,2,Flareon
2-26,17:28:00,NINTEN,NidoranM,Burglar,4,Cinnabar Island - Gym,3,53:11.32,53:11,0h53m11s,2,0,2,57,3:26,10.566,BODY SLAM,HORN ATTACK,THUNDERBOLT,DOUBLE KICK,15,7479,665,123,12,555,533,240,18,76636,Flareon, ,Poison,Poison,182506,NidoranM7,NidoranM,,00:53:00.75,00:53:11.32,03:26:09.55,57,2,0,53,11,32,BODY SLAM,HORN ATTACK,THUNDERBOLT,DOUBLE KICK,13,23,15,30,0,0,0,0,154,154,109,87,89,89,105,16250,24669,19187,23435,23435,34242,15,15,15,15,0,-1,0,0,0,0,0,137,64,89,89,132,744141,263605,418810,59451,2276,15,2,0,7479,6074,1138,267,665,135,123,12,2,0,28964,19692,1549,1549,523,48,183,0,0,0,0,0,56,0,22,0,0,7,27,3,0,0,0,0,0,0,0,0,0,0,9,3,6,0,0,0,36,9,11,0,0,0,0,313,182371,0,0,0,0,48,43,9,1,1,9,0,7,2,Flareon
2-26,17:28:15,NINTEN,NidoranM,Super Nerd,9,Cinnabar Island - Gym,3,53:25.69,53:25,0h53m25s,2,0,2,57,3:27,11,BODY SLAM,HORN ATTACK,THUNDERBOLT,DOUBLE KICK,15,7487,666,124,12,559,537,241,18,79876,Flareon, ,Poison,Poison,184850,NidoranM7,NidoranM,,00:53:14.69,00:53:25.69,03:27:06.30,57,2,0,53,25,69,BODY SLAM,HORN ATTACK,THUNDERBOLT,DOUBLE KICK,11,21,15,30,0,0,0,0,145,154,109,87,89,89,105,16399,24827,19342,23665,23665,34472,15,15,15,15,0,0,0,0,0,0,0,122,97,89,89,118,747536,263893,421917,59451,2276,15,2,0,7487,6082,1138,267,666,136,124,12,2,0,29288,19954,1558,1558,527,48,184,0,0,0,0,0,56,0,22,0,0,7,27,3,0,0,0,0,0,0,0,0,0,0,9,3,6,0,0,0,36,9,11,0,0,0,0,316,184715,0,0,0,0,48,43,9,1,1,9,0,7,2,Flareon
2-26,17:28:33,NINTEN,NidoranM,Super Nerd,10,Cinnabar Island - Gym,4,53:43.53,53:43,0h53m43s,2,0,2,57,3:28,11.84,BODY SLAM,HORN ATTACK,THUNDERBOLT,DOUBLE KICK,15,7501,668,125,12,563,541,241,18,80776,Flareon, ,Poison,Poison,187551,NidoranM7,NidoranM,,00:53:31.69,00:53:43.53,03:28:16.45,57,2,0,53,43,53,BODY SLAM,HORN ATTACK,THUNDERBOLT,DOUBLE KICK,9,19,15,30,0,0,0,0,145,154,109,87,89,89,105,16581,25075,19525,23895,23895,34752,15,15,15,15,0,0,0,0,0,0,0,122,97,89,89,118,751751,264796,425229,59451,2276,15,2,0,7501,6096,1138,267,668,137,125,12,2,0,29677,20273,1558,1558,531,48,184,0,0,0,0,0,56,0,22,0,0,7,27,3,0,0,0,0,0,0,0,0,0,0,9,3,6,0,0,0,36,9,11,0,0,0,0,320,187416,0,0,0,0,48,43,9,1,1,9,0,7,2,Flareon
2-26,17:28:48,NINTEN,NidoranM,Super Nerd,11,Cinnabar Island - Gym,1,53:58.62,53:58,0h53m58s,2,0,2,57,3:29,6.5,BODY SLAM,HORN ATTACK,THUNDERBOLT,DOUBLE KICK,15,7527,673,126,12,566,543,242,18,81626,Flareon, ,Poison,Poison,189237,NidoranM7,NidoranM,,00:53:52.12,00:53:58.62,03:29:16.17,57,2,0,53,58,62,BODY SLAM,HORN ATTACK,THUNDERBOLT,DOUBLE KICK,7,19,15,30,0,0,0,0,119,154,109,87,89,89,105,16646,25175,19595,23975,23975,34857,15,15,15,15,0,0,0,0,0,0,0,122,97,89,89,118,755323,266316,427281,59451,2276,15,2,0,7527,6122,1138,267,673,138,126,12,2,0,29806,20383,1584,1584,533,48,185,0,0,0,0,0,56,0,23,0,0,7,27,3,0,0,0,0,0,0,0,0,0,0,9,3,6,0,0,0,36,9,11,0,0,0,0,321,189102,0,0,0,0,48,43,9,1,1,9,0,7,2,Flareon
2-26,17:28:56,NINTEN,NidoranM,Burglar,5,Cinnabar Island - Gym,1,54:06.80,54:06,0h54m6s,2,0,2,58,3:29,4.772,BODY SLAM,HORN ATTACK,THUNDERBOLT,DOUBLE KICK,15,7535,674,127,12,567,544,242,18,82651,Flareon, ,Poison,Poison,190572,NidoranM7,NidoranM,,00:54:02.02,00:54:06.80,03:29:48.27,58,2,0,54,6,80,BODY SLAM,HORN ATTACK,THUNDERBOLT,DOUBLE KICK,6,19,15,30,0,0,0,0,122,157,111,89,91,91,107,16696,25260,19650,24040,24040,34947,15,15,15,15,0,0,0,0,0,0,0,124,100,91,91,120,757253,266620,428907,59451,2276,15,2,0,7535,6130,1138,267,674,139,127,12,2,0,29963,20481,1584,1584,534,48,185,0,0,0,0,0,57,0,23,0,0,7,27,3,0,0,0,0,0,0,0,0,0,0,9,3,6,0,0,0,36,9,11,0,0,0,0,322,190437,0,0,0,0,48,43,9,1,1,9,0,7,2,Flareon
2-26,17:32:42,NINTEN,NidoranM,Blaine,1,Cinnabar Island - Gym,3,57:53.39,57:53,0h57m53s,11,0,11,58,3:32,18.137,BODY SLAM,HORN ATTACK,THUNDERBOLT,DOUBLE KICK,16,7578,694,128,12,577,554,248,17,86341,Flareon, ,Poison,Poison,196922,NidoranM7,NidoranM,Blaine,00:57:35.25,00:57:53.39,03:32:32.13,58,11,0,57,53,39,BODY SLAM,HORN ATTACK,THUNDERBOLT,DOUBLE KICK,5,19,15,30,0,0,0,0,64,157,111,89,91,91,107,16924,25546,19875,24300,24300,35247,15,15,15,15,0,0,0,0,0,0,0,124,100,91,91,120,767084,268900,434064,61690,2431,16,3,0,7578,6173,1138,267,694,140,128,12,2,0,30509,20918,1677,1677,544,50,189,0,0,0,0,0,57,0,23,0,0,7,28,3,0,0,0,0,0,0,0,0,0,0,9,3,6,0,0,0,38,10,11,0,0,0,0,325,196787,0,0,0,0,48,43,9,1,1,9,0,7,11,Flareon
2-26,17:33:21,NINTEN,NidoranM,Psychic,3,Saffron City - Gym,3,58:32.40,58:32,0h58m32s,11,0,11,58,3:35,9.251,BODY SLAM,HORN ATTACK,THUNDERBOLT,DOUBLE KICK,16,7695,701,129,12,580,557,248,18,91687,Flareon, ,Poison,Poison,199479,NidoranM7,NidoranM,,00:58:23.15,00:58:32.40,03:35:05.33,58,11,0,58,32,40,BODY SLAM,HORN ATTACK,THUNDERBOLT,DOUBLE KICK,15,25,12,30,0,0,0,0,157,157,111,89,91,91,107,17199,25751,20115,24460,24460,35307,15,15,15,15,0,0,0,0,0,0,0,124,100,102,102,120,776284,274751,436798,62305,2431,16,3,0,7695,6290,1138,267,701,141,129,12,2,0,31151,21242,1677,1677,547,50,189,0,0,0,0,0,57,0,23,0,0,7,28,3,0,0,0,0,0,0,0,0,0,0,9,3,6,0,0,0,38,10,11,0,0,0,0,328,199344,0,0,0,0,48,43,9,1,1,9,0,7,11,Flareon
2-26,17:33:35,NINTEN,NidoranM,Psychic,2,Saffron City - Gym,2,58:45.78,58:45,0h58m45s,11,0,11,59,3:35,9.433,BODY SLAM,HORN ATTACK,THUNDERBOLT,DOUBLE KICK,16,7701,707,130,12,583,560,249,18,92017,Flareon, ,Poison,Poison,201525,NidoranM7,NidoranM,,00:58:36.36,00:58:45.78,03:35:58.16,59,11,0,58,45,78,BODY SLAM,HORN ATTACK,THUNDERBOLT,DOUBLE KICK,15,22,12,30,0,0,0,0,160,160,113,90,92,92,109,17279,25831,20210,24680,24680,35502,15,15,15,15,0,0,0,0,0,0,0,127,101,103,103,122,779447,275175,439537,62305,2431,16,3,0,7701,6296,1138,267,707,142,130,12,2,0,31368,21394,1677,1677,550,50,189,0,0,0,0,0,57,0,23,0,0,7,28,3,0,0,0,0,0,0,0,0,0,0,9,3,6,0,0,0,38,10,11,0,0,0,0,330,201390,0,0,0,0,48,43,9,1,1,9,0,7,11,Flareon
2-26,17:34:07,NINTEN,NidoranM,Psychic,1,Saffron City - Gym,4,59:17.57,59:17,0h59m17s,11,0,11,59,3:38,12.51,BODY SLAM,HORN ATTACK,THUNDERBOLT,DOUBLE KICK,16,7743,709,131,12,587,564,249,18,92357,Flareon, ,Poison,Poison,205011,NidoranM7,NidoranM,,00:59:05.06,00:59:17.57,03:38:02.30,59,11,0,59,17,57,BODY SLAM,HORN ATTACK,THUNDERBOLT,DOUBLE KICK,14,20,11,30,0,0,0,0,160,160,113,90,92,92,109,17489,26011,20400,25060,25060,35817,15,15,15,15,0,0,0,0,0,0,0,127,101,103,103,122,786901,278825,443341,62305,2431,16,3,0,7743,6338,1138,267,709,143,131,12,2,0,32055,21705,1677,1677,554,50,189,0,0,0,0,0,57,0,23,0,0,7,28,3,0,0,0,0,0,0,0,0,0,0,9,3,6,0,0,0,38,10,11,0,0,0,0,334,204876,0,0,0,0,48,43,9,1,1,9,0,7,11,Flareon
2-26,17:34:21,NINTEN,NidoranM,Psychic,4,Saffron City - Gym,1,59:32.13,59:32,0h59m32s,11,0,11,59,3:38,4.606,BODY SLAM,HORN ATTACK,THUNDERBOLT,DOUBLE KICK,16,7771,716,132,12,588,565,249,18,92667,Flareon, ,Poison,Poison,206346,NidoranM7,NidoranM,,00:59:27.53,00:59:32.13,03:38:59.15,59,11,0,59,32,13,BODY SLAM,HORN ATTACK,THUNDERBOLT,DOUBLE KICK,14,20,10,30,0,0,0,0,160,160,113,90,92,92,109,17584,26086,20510,25140,25140,35847,15,15,15,15,0,0,0,0,0,0,0,127,101,103,103,122,790306,280637,444934,62305,2431,16,3,0,7771,6366,1138,267,716,144,132,12,2,0,32192,21831,1677,1677,555,50,189,0,0,0,0,0,57,0,23,0,0,7,28,3,0,0,0,0,0,0,0,0,0,0,9,3,6,0,0,0,38,10,11,0,0,0,0,335,206211,0,0,0,0,48,43,9,1,1,9,0,7,11,Flareon
2-26,17:35:16,NINTEN,NidoranM,Sabrina,1,Saffron City - Gym,3,1:00:27.19,1:00:27,1h0m27s,13,0,13,59,3:40,11.543,BODY SLAM,HORN ATTACK,THUNDERBOLT,DOUBLE KICK,17,7780,718,133,12,593,570,251,18,93047,Flareon, ,Poison,Poison,210671,NidoranM7,NidoranM,Sabrina,01:00:15.65,01:00:27.19,03:40:12.16,59,13,1,0,27,19,BODY SLAM,HORN ATTACK,THUNDERBOLT,DOUBLE KICK,9,20,10,30,0,0,0,0,160,160,113,90,92,92,109,17704,26191,20600,25500,25500,36162,15,15,15,15,0,0,0,0,0,0,0,127,101,103,103,122,794693,281374,448164,62570,2586,17,4,0,7780,6375,1138,267,718,145,133,12,2,0,32625,22155,1677,1677,560,51,190,0,0,0,0,0,57,0,23,0,0,7,29,3,0,0,0,0,0,0,0,0,0,0,9,3,6,0,0,0,38,10,11,0,0,0,0,338,210536,0,0,0,0,48,43,9,1,1,9,0,7,13,Flareon
2-26,17:35:47,NINTEN,NidoranM,Cooltrainer M,10,Viridian City - Gym,1,1:00:57.64,1:00:57,1h0m57s,13,0,13,60,3:42,7.561,BODY SLAM,HORN ATTACK,THUNDERBOLT,DOUBLE KICK,17,7861,718,134,12,595,572,252,19,97997,Flareon, ,Poison,Poison,211914,NidoranM7,NidoranM,,01:00:50.07,01:00:57.64,03:42:12.13,60,13,1,0,57,64,BODY SLAM,HORN ATTACK,THUNDERBOLT,DOUBLE KICK,15,25,15,28,0,0,0,0,163,163,115,92,95,95,111,17784,26276,20695,25530,25530,36187,15,15,15,15,0,-1,0,0,0,0,0,129,67,106,106,124,801890,285542,450621,63142,2586,17,4,0,7861,6456,1138,267,718,146,134,12,2,0,32755,22283,1677,1677,562,51,191,0,0,0,0,0,57,0,23,0,0,7,29,3,0,0,0,0,0,0,0,0,0,0,9,3,6,0,0,0,38,10,11,0,0,0,0,339,211779,0,0,0,0,48,43,9,1,1,9,0,7,13,Flareon
2-26,17:36:26,NINTEN,NidoranM,Blackbelt,8,Viridian City - Gym,3,1:01:36.90,1:01:36,1h1m36s,13,0,13,68,3:44,10.33,BODY SLAM,HORN ATTACK,THUNDERBOLT,DOUBLE KICK,17,7869,719,135,12,599,576,253,19,99502,Flareon, ,Poison,Poison,317709,NidoranM7,NidoranM,,01:01:26.57,01:01:36.90,03:44:45.46,68,13,1,1,36,90,BODY SLAM,HORN ATTACK,THUNDERBOLT,DOUBLE KICK,13,25,13,28,0,0,0,0,183,183,130,104,107,107,125,18014,26556,20885,25665,25665,36312,15,15,15,15,0,-1,0,0,0,0,0,164,76,135,135,157,811103,285993,453939,68586,2586,17,4,0,7869,6464,1138,267,719,147,135,12,2,0,33267,22618,1677,1677,566,51,192,0,0,0,0,0,57,0,23,0,0,7,29,3,0,0,0,0,0,0,0,0,0,0,9,3,6,0,0,0,38,10,11,0,0,0,0,342,214870,0,0,0,0,48,43,9,1,1,9,0,7,13,Flareon
2-26,17:38:09,NINTEN,NidoranM,Giovanni,3,Viridian City - Gym,5,1:03:19.60,1:03:19,1h3m19s,15,0,15,68,3:48,35.402,BODY SLAM,MIMIC,THUNDERBOLT,DOUBLE KICK,19,7937,749,136,12,617,594,264,18,100452,Flareon, ,Poison,Poison,327930,NidoranM7,NidoranM,Giovanni,01:02:44.19,01:03:19.60,03:48:39.54,68,15,1,3,19,60,BODY SLAM,MIMIC,THUNDERBOLT,DOUBLE KICK,7,3,13,23,0,0,0,0,87,183,130,104,107,107,125,18390,27010,21279,25995,25995,36748,15,15,15,15,0,0,0,0,0,0,6,293,234,239,239,280,825162,288561,462849,70855,2898,19,6,0,7937,6532,1138,267,749,148,136,12,2,0,34472,23378,1773,1773,576,59,194,0,0,0,0,0,57,0,24,0,0,7,30,3,0,0,0,0,0,0,0,0,0,0,9,3,6,0,0,0,39,10,11,0,0,0,0,347,225091,0,0,0,0,48,43,9,1,1,10,0,7,15,Flareon
2-26,17:39:44,NINTEN,NidoranM,Rival6-Route 22,9,Route 22,6,1:04:54.85,1:04:54,1h4m54s,15,0,15,69,3:54,24.688,BODY SLAM,MIMIC,THUNDERBOLT,DOUBLE KICK,20,8375,788,137,13,628,605,269,19,105897,Flareon, ,Poison,Poison,337894,NidoranM7,NidoranM,Rival (Final),01:04:30.16,01:04:54.85,03:54:55.58,69,15,1,4,54,85,BODY SLAM,MIMIC,THUNDERBOLT,DOUBLE KICK,5,10,14,30,0,0,0,0,93,186,132,105,108,108,127,18730,27470,21834,26545,26545,37163,15,15,15,15,0,0,0,0,0,0,0,148,118,121,121,142,847726,300643,470182,74004,2898,20,6,0,8375,6940,1138,297,788,150,137,13,3,0,35412,24095,1866,1866,587,60,196,0,0,0,0,0,57,0,25,0,0,7,30,3,0,0,0,0,0,0,0,0,0,0,9,3,6,0,0,0,39,10,11,0,0,0,0,353,235055,0,0,0,0,49,43,9,1,1,10,0,7,15,Flareon
2-26,17:41:04,NINTEN,NidoranM,Cooltrainer F,5,Victory Road,2,1:06:14.80,1:06:14,1h6m14s,15,0,15,69,4:00,10.081,BODY SLAM,MIMIC,THUNDERBOLT,DOUBLE KICK,21,8696,848,138,13,631,608,270,17,109342,Flareon, ,Poison,Poison,340966,NidoranM7,NidoranM,,01:06:04.73,01:06:14.80,04:00:12.53,69,15,1,6,14,80,BODY SLAM,MIMIC,THUNDERBOLT,DOUBLE KICK,5,10,14,27,0,0,0,0,176,186,132,105,108,108,127,18868,27616,21969,26710,26710,37378,15,15,15,15,0,0,0,0,0,0,0,148,118,121,121,142,866741,312319,473343,78182,2898,21,6,0,8696,7099,1264,333,848,151,138,13,3,0,35680,24338,1876,1876,590,60,197,0,0,0,0,0,57,0,25,0,0,7,30,3,0,0,0,0,0,0,0,0,0,0,9,3,6,0,0,0,39,10,11,0,0,0,0,355,238127,0,0,0,0,50,43,9,1,1,10,0,7,15,Flareon
2-26,17:41:21,NINTEN,NidoranM,Cooltrainer M,5,Victory Road,4,1:06:32.27,1:06:32,1h6m32s,15,0,15,70,4:01,12.992,BODY SLAM,MIMIC,THUNDERBOLT,DOUBLE KICK,21,8711,854,139,13,635,612,270,17,110882,Flareon, ,Poison,Poison,346681,NidoranM7,NidoranM,,01:06:19.27,01:06:32.27,04:01:21.47,70,15,1,6,32,27,BODY SLAM,MIMIC,THUNDERBOLT,DOUBLE KICK,4,10,11,27,0,0,0,0,179,189,134,107,110,110,129,19123,27889,22248,27005,27005,37676,15,15,15,15,0,0,0,0,0,0,0,150,120,123,123,145,870875,312958,476838,78182,2898,21,6,0,8711,7099,1279,333,854,152,139,13,3,0,36381,24786,1876,1876,594,60,197,0,0,0,0,0,59,0,25,0,0,7,30,3,0,0,0,0,0,0,0,0,0,0,9,3,6,0,0,0,39,10,11,0,0,0,0,359,243842,0,0,0,0,50,43,9,1,1,10,0,7,15,Flareon
2-26,17:41:50,NINTEN,NidoranM,Blackbelt,9,Victory Road,3,1:07:00.50,1:07:00,1h7m0s,15,0,15,70,4:03,10.504,BODY SLAM,MIMIC,THUNDERBOLT,DOUBLE KICK,21,8753,866,140,13,639,616,271,17,112352,Flareon, ,Poison,Poison,350179,NidoranM7,NidoranM,,01:06:49.99,01:07:00.50,04:03:13.16,70,15,1,7,0,50,BODY SLAM,MIMIC,THUNDERBOLT,DOUBLE KICK,4,10,7,27,0,0,0,0,179,189,134,107,110,110,129,19353,28169,22438,27140,27140,37801,15,15,15,15,0,0,0,0,0,0,0,150,120,123,123,145,877564,314848,480191,79628,2898,21,6,0,8753,7099,1321,333,866,153,140,13,3,0,36984,25162,1876,1876,598,60,197,0,0,0,0,0,60,0,25,0,0,7,30,3,0,0,0,0,0,0,0,0,0,0,9,3,6,0,0,0,39,10,11,0,0,0,0,362,247340,0,0,0,0,50,43,9,1,1,10,0,7,15,Flareon
2-26,17:42:09,NINTEN,NidoranM,Juggler,2,Victory Road,4,1:07:20.16,1:07:20,1h7m20s,15,0,15,70,4:04,15.428,BODY SLAM,MIMIC,THUNDERBOLT,DOUBLE KICK,21,8770,868,141,13,645,622,273,17,113427,Flareon, ,Poison,Poison,355069,NidoranM7,NidoranM,,01:07:04.73,01:07:20.16,04:04:30.46,70,15,1,7,20,16,BODY SLAM,MIMIC,THUNDERBOLT,DOUBLE KICK,1,10,4,27,0,0,0,0,137,189,134,107,110,110,129,19578,28360,22613,27585,27585,38120,15,15,15,15,0,0,0,0,0,0,0,150,120,123,123,145,882214,315340,484349,79628,2898,21,6,0,8770,7099,1338,333,868,154,141,13,3,0,37886,25575,1918,1918,604,60,198,0,0,0,0,0,61,0,25,0,0,7,30,3,0,0,0,0,0,0,0,0,0,0,9,3,6,0,0,0,39,10,11,0,0,0,0,366,252230,0,0,0,0,50,43,9,1,1,10,0,7,15,Flareon
2-26,17:42:54,NINTEN,NidoranM,Cooltrainer M,3,Victory Road,3,1:08:04.50,1:08:04,1h8m4s,15,0,15,70,4:07,11.688,BODY SLAM,MIMIC,THUNDERBOLT,DOUBLE KICK,21,8920,914,142,13,649,626,274,17,114862,Flareon, ,Poison,Poison,360789,NidoranM7,NidoranM,,01:07:52.80,01:08:04.50,04:07:26.31,70,15,1,8,4,50,BODY SLAM,MIMIC,THUNDERBOLT,DOUBLE KICK,1,10,0,27,0,0,0,0,137,189,134,107,110,110,129,19792,28643,22893,27840,27840,38373,15,15,15,15,0,0,0,0,0,0,0,150,120,123,123,145,892759,320958,487615,81289,2898,21,6,0,8920,7099,1488,333,914,155,142,13,3,0,38704,25937,1918,1918,608,60,198,0,0,0,0,0,62,0,25,0,0,7,30,3,0,0,0,0,0,0,0,0,0,0,9,3,6,0,0,0,39,10,11,0,0,0,0,369,257950,0,0,0,0,50,43,9,1,1,10,0,7,15,Flareon
2-26,17:44:17,NINTEN,NidoranM,Lorelei,1,Lorelei's Room,5,1:09:27.75,1:09:27,1h9m27s,15,0,15,75,4:12,24.007,BODY SLAM,MIMIC,THUNDERBOLT,DOUBLE KICK,22,9075,945,143,14,659,636,277,17,104367,Flareon, ,Poison,Poison,439744,NidoranM7,NidoranM,Lorelei,01:09:03.75,01:09:27.75,04:12:54.14,75,15,1,9,27,75,BODY SLAM,MIMIC,THUNDERBOLT,DOUBLE KICK,14,10,7,30,0,0,0,0,34,202,144,116,119,119,139,20297,29098,23448,28365,28365,38788,15,15,15,15,0,0,0,0,0,0,0,162,130,133,133,156,912422,327848,495623,86054,2898,22,6,0,9075,7136,1606,333,945,157,143,14,3,0,39984,27006,2086,2086,618,60,199,0,0,0,0,0,62,0,26,0,0,7,30,3,0,0,0,0,0,0,0,0,0,0,9,3,6,0,0,0,39,10,11,1,0,0,0,375,269411,0,0,0,0,50,47,9,1,1,10,0,7,15,Flareon
2-26,17:45:01,NINTEN,NidoranM,Bruno,1,Bruno's Room,5,1:10:12.37,1:10:12,1h10m12s,15,0,15,76,4:15,27.914,BODY SLAM,MIMIC,THUNDERBOLT,DOUBLE KICK,23,9086,946,144,14,672,646,283,17,109911,Flareon, ,Poison,Poison,447951,NidoranM7,NidoranM,Bruno,01:09:44.46,01:10:12.37,04:15:50.37,76,15,1,10,12,37,BODY SLAM,MIMIC,THUNDERBOLT,DOUBLE KICK,11,6,5,29,0,0,0,0,115,206,147,117,120,120,141,20557,29543,23980,28560,28560,39146,15,15,15,15,0,0,0,0,0,0,0,165,131,135,135,158,923005,328855,502733,88520,2898,23,6,0,9086,7147,1606,333,946,158,144,14,3,0,40760,27665,2177,2177,628,63,202,0,0,0,0,0,62,0,26,0,0,7,30,3,0,0,0,0,0,0,0,0,0,0,9,3,6,0,0,0,39,10,11,1,0,0,0,380,277618,0,0,0,0,50,47,9,1,1,10,0,7,15,Flareon
2-26,17:46:17,NINTEN,NidoranM,Agatha,1,Agatha's Room,5,1:11:27.51,1:11:27,1h11m27s,15,0,15,76,4:20,42.982,BODY SLAM,MIMIC,THUNDERBOLT,BLIZZARD,24,9097,947,145,14,688,662,290,15,115653,Flareon, ,Poison,Poison,458037,NidoranM7,NidoranM,Agatha,01:10:44.53,01:11:27.51,04:20:46.59,76,15,1,11,27,51,BODY SLAM,MIMIC,THUNDERBOLT,BLIZZARD,15,7,7,3,0,0,0,3,93,206,147,117,120,120,141,20857,29888,24284,29075,29075,39631,15,15,15,15,0,0,0,0,0,0,0,165,131,135,135,158,940787,329826,513743,94321,2898,24,6,0,9097,7158,1606,333,947,159,145,14,3,0,41716,28365,2303,2188,642,65,205,0,0,0,0,0,64,0,26,0,0,7,30,3,0,0,0,0,0,0,0,0,0,0,9,3,6,0,0,0,39,10,11,1,0,0,0,385,287704,0,0,0,0,50,47,9,1,1,11,0,7,15,Flareon
2-26,17:46:58,NINTEN,NidoranM,Lance,1,Lance's Room,5,1:12:08.66,1:12:08,1h12m8s,15,0,15,77,4:23,20.287,BODY SLAM,MIMIC,THUNDERBOLT,BLIZZARD,25,9147,949,146,14,693,667,291,15,121593,Flareon, ,Poison,Poison,469643,NidoranM7,NidoranM,Lance,01:11:48.37,01:12:08.66,04:23:29.38,77,15,1,12,8,66,BODY SLAM,MIMIC,THUNDERBOLT,BLIZZARD,15,10,13,5,0,0,0,3,130,208,148,119,122,122,143,21245,30420,24653,29475,29475,40062,15,15,15,15,0,0,0,0,0,0,0,166,133,137,137,160,950546,331569,518979,97101,2898,25,6,0,9147,7208,1606,333,949,160,146,14,3,0,42974,29207,2381,2266,647,65,206,0,0,0,0,0,65,0,26,0,0,7,30,3,0,0,0,0,0,0,0,0,0,0,9,3,6,0,0,0,39,10,11,1,0,0,0,390,299310,0,0,0,0,50,47,9,1,1,11,0,7,15,Flareon
2-26,17:48:04,NINTEN,NidoranM,Champion,2,Champions Room,6,1:13:15.35,1:13:15,1h13m15s,15,0,15,77,4:27,36.126,DOUBLE-EDGE,REST,THUNDERBOLT,BLIZZARD,26,9155,949,147,14,704,678,296,12,127731,Flareon, ,Poison,Poison,484494,NidoranM7,NidoranM,Champion,01:12:39.23,01:13:15.35,04:27:53.30,77,15,1,13,15,35,DOUBLE-EDGE,REST,THUNDERBOLT,BLIZZARD,10,10,13,4,0,0,0,3,61,208,148,119,122,122,143,21635,30950,25228,30105,30105,40507,15,15,15,15,0,0,0,0,0,0,0,166,133,137,137,160,966378,333199,528480,101802,2898,26,6,0,9155,7216,1606,333,949,161,147,14,3,0,44160,30174,2528,2413,657,67,208,0,0,0,0,0,65,0,26,0,0,7,30,3,0,0,0,0,0,0,0,0,0,0,9,3,6,0,0,0,39,10,11,1,0,0,0,396,314161,0,0,0,0,50,47,9,1,1,13,0,7,15,Flareon
2-26,17:50:43,NINTEN,NidoranM,Prof Oak,2,Pallet Town - Blue's House,5,1:13:15.36,1:13:15,1h13m15s,15,0,15,78,4:38,45.539,DOUBLE-EDGE,REST,THUNDERBOLT,BLIZZARD,27,9190,955,148,14,715,687,302,12,134166,Flareon, ,Poison,Poison,499908,NidoranM7,NidoranM,,01:13:15.36,01:13:15.36,04:38:00.56,78,15,1,13,15,36,DOUBLE-EDGE,REST,THUNDERBOLT,BLIZZARD,13,9,12,5,0,0,0,3,134,212,151,122,124,124,145,22070,31462,25650,30580,30580,40928,15,15,15,15,0,-1,0,0,0,0,0,169,90,139,139,163,1004002,357863,539997,102477,3666,27,7,0,9190,7251,1606,333,955,162,148,14,3,0,45284,31209,2788,2673,665,68,211,0,0,0,0,0,67,0,27,0,0,7,30,3,0,0,0,0,0,0,0,0,0,0,9,3,6,0,0,0,39,10,12,1,0,0,0,401,329575,0,0,0,0,50,47,9,1,1,13,0,7,15,Flareon
